日期,時間,發行量加權股價指數,未含金融保險股指數,未含電子股指數,未含金融電子股指數,水泥類指數,食品類指數,塑膠類指數,紡織纖維類指數,電機機械類指數,電器電纜類指數,化學生技醫療類指數,化學類指數,生技醫療類指數,玻璃陶瓷類指數,造紙類指數,鋼鐵類指數,橡膠類指數,汽車類指數,電子類指數,半導體類指數,電腦及週邊設備類指數,光電類指數,通信網路類指數,電子零組件類指數,電子通路類指數,資訊服務類指數,其他電子類指數,建材營造類指數,航運類指數,觀光餐旅類指數,金融保險類指數,貿易百貨類指數,油電燃氣類指數,綠能環保類指數,數位雲端類指數,運動休閒類指數,居家生活類指數,其他類指數
20260824,09:00:00,45224.29,40541.88,24519.06,16417.58,123.36,1960.23,329.68,492.42,539.95,107.2,175.54,192.21,101.85,136.95,291.86,123.21,199.5,295.76,2872.09,1526.32,437.97,67.04,230.76,908.79,361.33,228.75,271.81,469.75,220.64,103.28,3203.49,243.95,102.6,132.25,40.41,59.38,101.08,283.64
20260824,09:00:05,45240.3,40556.97,24517.68,16414.26,123.3,1959.78,326.4,492.29,540.06,107.22,175.65,192.23,101.94,136.96,291.69,123.62,199.5,295.67,2873.38,1526.02,439.37,67.12,230.71,911.18,361.38,228.69,271.81,469.51,222.62,103.3,3203.96,243.96,102.6,132.25,40.37,59.35,100.43,283.7
20260824,09:00:10,45239.75,40556.32,24507.26,16401.93,123.3,1960.23,325.87,491.83,540.21,107.3,175.66,192.29,101.93,136.13,292.5,123.62,199.64,295.61,2873.63,1525.77,439.36,67.25,230.65,911.38,361.27,228.83,272.58,469.79,222.17,103.31,3204.05,243.21,101.65,133.77,40.41,59.36,100.44,283.51
20260824,09:00:15,45227.05,40539.62,24529.78,16413.36,123.3,1960.23,325.3,491.27,540.75,108.83,175.97,192.86,102.06,136.16,292.56,124.23,199.96,295.64,2872.01,1526.03,438.85,67.35,230.9,906.87,361.26,228.83,272.6,469.93,222.49,103.45,3207.99,243.94,101.18,133.81,40.41,59.37,100.44,283.99
20260824,09:00:20,45214.51,40527.26,24557.69,16445.02,124.39,1953.22,326.03,492.21,542.07,109.45,177.12,191.82,103.21,136.37,292.75,124.44,200.02,296.5,2870.25,1523.25,440.66,67.37,231.74,908.68,362.38,228.85,272.4,470.31,222.7,103.44,3208.11,244.14,101.06,133.93,40.41,59.45,100.44,283.83
20260824,09:00:25,45256.27,40566.94,24565.66,16450.78,124.27,1953.22,326.82,493.31,541.84,109.8,177.04,191.71,103.17,136.58,293.43,124.33,200.05,296.49,2873.31,1525.73,440.9,67.38,231.26,908.35,362.89,228.85,272.42,470.27,222.62,103.44,3209.04,244.14,101.06,133.85,40.41,59.45,100.44,284.15
20260824,09:00:30,45265.8,40573.44,24580.39,16458.44,124.27,1956.05,326.92,493.55,542.68,109.88,177.5,191.99,103.48,136.55,293.55,124.45,200.14,296.47,2873.65,1525.76,440.89,67.45,231.62,908.52,362.89,228.99,272.48,470.25,222.24,103.46,3211.56,244.14,101.06,133.88,40.41,59.47,100.44,284.18
20260824,09:00:35,45264.86,40574.88,24583.2,16469.54,124.27,1951.81,327.03,494.07,542.87,109.91,177.78,192.07,103.69,136.75,294.57,124.47,200.16,297.15,2873.5,1525.88,440.51,67.49,231.63,908.11,362.55,229.23,272.53,470.51,222.47,103.47,3209.43,244.16,101.18,134.04,40.38,59.47,100.44,284.58
20260824,09:00:40,45272.1,40582.16,24593.06,16481.65,124.52,1956.02,327.65,494.11,542.9,109.91,177.84,192.14,103.73,136.75,294.57,124.48,200.12,297.15,2873.79,1525.98,440.23,67.48,231.82,908.58,362.25,229.23,272.61,470.54,222.53,103.66,3209.22,244.16,101.42,134.16,40.38,59.47,100.44,284.94
20260824,09:00:45,45231.99,40538.54,24605.2,16480.43,124.65,1956.25,327.58,493.95,542.48,109.77,177.87,192.13,103.76,136.78,294.57,124.59,200.12,297.17,2870.31,1523.67,440.33,67.45,231.32,907.96,362.61,229.27,272.47,470.48,222.61,103.67,3213.34,243.84,101.31,134.26,40.38,59.45,100.44,285.03
20260824,09:00:50,45244.46,40550.82,24607.2,16483.16,124.78,1956.02,327.66,494.02,541.93,109.85,178.08,192.14,103.92,136.57,294.69,124.73,200.12,297.17,2871.23,1523.86,440.09,67.48,231.68,909.46,362.3,229.27,272.47,470.71,222.52,103.67,3213.23,243.82,101.42,134.26,40.38,59.45,100.44,285.06
20260824,09:00:55,45250.69,40557.49,24613.28,16492.16,124.97,1956.02,327.66,494.09,542.68,110.02,178.31,192.24,104.09,136.57,295.1,124.82,200.14,297.62,2871.55,1523.99,440.32,67.49,231.57,909.59,362.64,229.61,272.47,470.54,222.65,103.67,3212.68,243.82,101.54,134.26,40.38,59.46,100.44,284.71
20260824,09:01:00,45244.77,40551.8,24607.22,16485.43,124.97,1956.02,326.57,494.41,543.67,110.17,178.14,192.26,103.94,136.57,295.13,124.92,200.18,297.56,2871.25,1523.89,440.16,67.49,231.75,909.44,362.92,229.61,272.25,470.45,222.79,103.67,3212.61,243.82,101.15,134.3,40.38,59.49,100.44,284.77
20260824,09:01:05,45256.32,40561.9,24613.34,16488.62,125.49,1951.79,326.65,494.56,543.69,110.2,178.22,192.24,104.01,136.58,295.01,124.86,200.21,297.58,2871.99,1524.18,440.59,67.59,231.39,910.23,362.96,229.66,272.06,470.44,223.09,103.71,3213.66,243.75,101.03,134.29,40.38,59.49,100.44,284.83
20260824,09:01:10,45249.01,40554.14,24617.5,16491.26,125.69,1951.79,326.74,494.53,543.65,110.23,178.25,192.3,104.03,136.79,295.19,124.94,200.14,297.59,2871.3,1524.14,440.17,67.54,231.39,909.22,363.0,229.8,272.07,470.43,223.08,103.71,3214.24,243.75,101.03,134.43,40.38,59.49,100.44,284.83
20260824,09:01:15,45253.79,40559.48,24610.79,16485.84,125.56,1951.79,326.73,494.37,543.77,110.28,178.0,192.27,103.83,136.79,295.19,125.0,200.14,297.61,2871.86,1524.1,440.32,67.48,231.4,910.67,363.01,229.8,272.04,470.42,223.11,103.71,3213.62,243.71,100.44,134.9,40.38,59.51,100.44,284.84
20260824,09:01:20,45256.05,40561.71,24612.42,16487.83,125.36,1951.79,326.73,494.65,543.74,110.26,178.37,192.35,104.11,136.77,295.34,124.95,200.09,297.61,2872.0,1524.29,440.12,67.47,231.28,910.74,363.01,229.57,272.03,470.42,223.14,103.72,3213.59,243.71,100.2,135.09,40.38,59.49,100.45,284.84
20260824,09:01:25,45261.38,40567.29,24612.92,16489.66,125.36,1951.89,327.27,494.43,543.6,110.28,178.48,192.41,104.19,137.4,295.46,124.77,200.03,297.56,2872.4,1524.53,440.05,67.54,231.15,911.0,363.05,229.57,272.03,470.44,223.0,103.71,3213.25,243.71,100.08,134.99,40.38,59.49,100.45,284.89
20260824,09:01:30,45266.4,40572.42,24608.16,16485.0,125.36,1951.86,326.94,494.49,543.58,110.25,178.5,192.42,104.2,137.4,295.81,124.92,199.97,296.66,2872.93,1524.72,440.26,67.54,231.15,911.46,363.06,229.57,272.02,470.45,222.96,103.71,3213.02,243.71,99.96,134.99,40.38,59.5,100.45,284.91
20260824,09:01:35,45294.44,40603.29,24590.09,16476.07,125.1,1951.86,326.16,494.59,543.63,110.25,178.85,192.46,104.47,137.4,295.58,124.65,199.9,296.71,2875.63,1527.21,440.14,67.51,231.36,910.24,362.78,229.76,272.03,470.36,222.57,103.69,3209.8,243.71,99.84,135.19,40.38,59.46,100.44,284.9
20260824,09:01:40,45258.29,40565.24,24583.89,16459.51,124.97,1951.86,324.88,494.0,544.07,110.28,179.01,192.45,104.61,136.77,295.16,124.58,199.88,296.7,2872.96,1525.16,440.25,67.43,231.47,909.74,362.75,229.63,272.36,470.28,222.68,103.71,3212.36,243.71,99.01,134.87,40.38,59.4,100.44,284.59
20260824,09:01:45,45292.61,40598.21,24566.88,16438.34,124.52,1951.47,323.28,492.87,544.16,110.28,179.02,192.39,104.63,136.34,294.9,124.44,199.67,296.64,2876.13,1527.57,440.35,67.45,232.07,909.56,362.71,229.63,272.03,470.12,222.28,103.71,3212.8,243.73,98.78,134.87,40.38,59.39,100.44,284.89
20260824,09:01:50,45256.3,40561.22,24564.72,16430.45,124.4,1951.47,322.55,492.79,544.16,110.27,179.0,192.34,104.62,136.32,295.04,124.31,199.63,296.64,2873.34,1525.35,440.52,67.52,232.07,909.52,362.41,229.63,272.04,470.17,222.2,103.71,3214.26,243.73,98.78,134.67,40.46,59.39,100.44,284.87
20260824,09:01:55,45261.27,40564.98,24566.71,16429.12,124.4,1955.7,322.44,492.42,543.85,110.27,178.76,192.27,104.45,136.32,295.16,124.39,199.65,296.62,2873.67,1525.37,440.55,67.51,232.07,910.21,362.46,229.63,272.04,469.98,222.42,103.71,3215.24,243.73,98.78,134.56,40.46,59.37,100.44,284.85
20260824,09:02:00,45261.79,40561.86,24578.58,16430.64,124.46,1955.7,322.35,492.3,543.92,110.27,178.96,192.25,104.61,136.33,295.16,124.35,199.65,296.62,2873.38,1525.25,440.59,67.5,231.82,910.11,362.81,229.64,272.01,469.9,222.48,103.69,3218.54,243.73,98.78,134.46,40.46,59.37,100.44,284.84
20260824,09:02:05,45260.77,40559.43,24575.8,16422.61,124.33,1957.13,322.01,492.2,543.91,110.27,178.64,192.23,104.35,136.12,294.95,124.35,199.52,296.66,2873.38,1525.22,440.49,67.47,231.83,910.29,362.83,229.64,272.04,469.84,222.35,103.7,3219.85,243.73,98.79,134.39,40.46,59.39,100.44,284.74
20260824,09:02:10,45309.13,40604.49,24585.74,16427.17,124.46,1955.7,322.26,491.92,544.19,110.27,178.64,192.17,104.37,136.12,294.65,124.66,199.49,296.59,2876.9,1528.35,440.28,67.54,232.08,908.89,362.83,229.64,272.03,469.8,222.32,103.69,3221.72,243.8,98.79,134.79,40.46,59.37,100.44,284.61
20260824,09:02:15,45308.63,40605.24,24574.83,16418.74,124.72,1955.7,321.94,491.67,544.17,110.26,178.54,192.19,104.28,136.33,294.65,124.63,199.49,296.61,2877.17,1528.59,440.07,67.53,232.1,909.02,362.82,229.64,272.02,469.83,221.8,103.69,3220.6,243.69,98.78,134.82,40.46,59.32,100.37,284.67
20260824,09:02:20,45300.49,40596.52,24572.67,16413.63,124.72,1955.47,321.85,491.91,544.0,110.26,178.54,192.22,104.27,136.54,294.77,124.63,199.45,296.61,2876.59,1528.23,439.79,67.53,231.86,909.5,362.85,229.4,271.83,469.78,221.34,103.69,3221.31,243.67,98.78,134.93,40.46,59.32,100.37,284.57
20260824,09:02:25,45302.42,40597.98,24574.37,16414.15,124.59,1955.54,322.46,491.54,543.85,110.3,178.55,192.25,104.28,136.32,294.77,124.62,199.41,296.62,2876.69,1528.39,439.74,67.53,232.1,909.12,362.86,229.4,271.83,469.78,221.11,103.69,3221.7,243.67,98.78,134.84,40.46,59.32,100.37,284.58
20260824,09:02:30,45299.87,40595.74,24581.29,16422.92,124.59,1955.77,322.46,491.74,543.93,110.3,178.6,192.14,104.34,136.32,294.89,124.5,199.47,296.62,2876.3,1528.13,439.63,67.51,231.98,909.2,362.83,229.64,271.83,469.75,221.93,103.69,3221.48,244.0,98.78,134.84,40.46,59.32,100.37,284.58
20260824,09:02:35,45245.49,40543.72,24568.6,16411.57,124.59,1955.77,321.3,491.68,543.87,110.32,178.59,191.81,104.4,136.32,294.65,124.37,199.47,296.54,2872.38,1524.98,439.45,67.52,231.91,909.9,362.57,229.64,271.82,469.67,221.87,103.69,3220.6,244.01,98.78,134.84,40.46,59.24,100.37,284.53
20260824,09:02:40,45234.77,40533.44,24564.81,16407.76,124.66,1955.8,321.28,491.31,543.78,110.31,178.54,191.68,104.39,136.32,294.63,124.45,199.47,296.5,2871.64,1524.88,439.23,67.48,231.87,909.0,362.17,229.64,271.71,469.63,221.62,103.69,3220.45,244.01,98.78,134.74,40.46,59.2,100.37,284.53
20260824,09:02:45,45188.3,40490.47,24552.58,16401.44,124.53,1955.8,321.03,491.16,543.39,110.31,178.52,191.65,104.38,136.11,294.51,124.44,199.4,296.46,2868.33,1522.47,439.04,67.51,231.85,908.72,362.51,229.64,271.69,469.58,221.48,103.69,3218.34,244.01,98.78,134.44,40.46,59.25,100.37,284.54
20260824,09:02:50,45188.59,40488.97,24553.41,16396.42,124.4,1956.85,320.65,491.11,543.19,110.33,178.25,191.67,104.16,136.11,294.51,124.48,199.47,296.48,2868.33,1522.5,439.13,67.49,231.7,908.71,362.48,229.64,271.7,469.58,221.6,103.66,3219.96,244.01,98.78,134.41,40.46,59.23,100.37,284.56
20260824,09:02:55,45186.03,40486.47,24551.29,16393.97,124.4,1956.85,320.91,491.11,543.18,110.33,178.13,191.49,104.1,135.89,294.15,124.37,199.39,296.46,2868.19,1522.52,439.11,67.47,231.7,908.78,362.47,229.64,271.37,469.6,221.44,103.71,3219.97,244.01,98.78,134.39,40.46,59.2,100.37,284.55
20260824,09:03:00,45171.54,40472.48,24546.92,16389.39,124.53,1956.79,320.82,490.82,543.28,110.32,177.86,191.27,103.93,135.67,293.98,124.32,199.34,296.45,2867.17,1522.05,439.09,67.45,231.44,908.33,362.5,229.64,271.18,469.37,221.39,103.77,3219.84,244.01,98.78,134.59,40.46,59.16,100.37,284.52
20260824,09:03:05,45174.6,40475.36,24547.08,16389.21,124.53,1956.95,320.35,490.97,542.87,110.82,177.88,191.26,103.94,135.66,293.95,124.3,199.4,296.46,2867.41,1522.21,439.42,67.42,231.73,907.93,361.92,229.63,271.19,469.37,221.73,103.84,3219.94,244.01,98.76,134.5,40.46,59.17,100.37,284.52
20260824,09:03:10,45178.35,40479.8,24542.34,16386.37,124.4,1955.54,320.89,490.92,542.77,110.67,177.77,191.19,103.87,135.87,293.95,124.31,199.54,296.49,2867.84,1522.79,439.47,67.43,231.8,907.89,362.28,229.63,270.47,469.25,221.38,103.79,3219.24,244.01,98.76,134.35,40.46,59.17,100.37,284.42
20260824,09:03:15,45177.79,40479.64,24536.32,16380.73,124.27,1956.84,320.97,490.74,542.75,110.72,177.68,191.07,103.82,135.87,293.95,124.17,199.23,296.47,2867.96,1522.65,439.94,67.43,231.8,907.58,362.04,229.61,270.93,469.18,221.01,103.79,3218.88,244.01,98.76,134.25,40.46,59.17,100.37,284.45
20260824,09:03:20,45173.42,40478.94,24522.68,16376.95,124.21,1954.02,320.96,490.49,542.66,110.64,177.48,191.06,103.66,135.87,293.95,124.16,199.19,296.43,2867.99,1522.83,439.67,67.38,231.54,907.83,362.27,229.61,270.81,469.0,221.23,103.75,3215.65,244.01,98.76,134.24,40.46,59.17,100.31,284.1
20260824,09:03:25,45195.5,40504.86,24505.32,16371.74,124.21,1955.43,320.4,490.39,542.38,110.57,177.46,191.03,103.65,135.87,293.83,124.17,199.14,296.43,2870.21,1524.89,440.05,67.38,231.53,906.59,361.67,229.61,270.71,468.96,221.36,103.65,3211.64,244.05,98.77,133.8,40.45,59.16,100.31,284.14
20260824,09:03:30,45200.9,40508.58,24512.88,16375.28,124.6,1955.33,320.84,490.72,542.66,110.74,177.33,190.94,103.57,135.87,293.83,124.07,199.14,296.41,2870.42,1524.61,440.08,67.36,231.78,907.65,361.95,229.61,270.75,468.9,221.45,103.63,3213.04,244.05,98.76,133.38,40.45,59.17,100.31,284.14
20260824,09:03:35,45197.91,40506.14,24511.78,16375.61,124.6,1955.2,320.76,490.51,542.75,110.66,177.34,190.97,103.57,135.87,294.25,124.24,199.17,296.38,2870.22,1524.36,439.97,67.35,231.65,908.23,362.25,229.61,270.65,468.93,221.49,103.63,3212.61,244.14,98.76,133.18,40.45,59.15,100.31,284.13
20260824,09:03:40,45235.44,40543.28,24511.06,16376.67,124.6,1954.87,321.21,490.51,542.3,110.51,177.62,190.95,103.8,135.66,293.89,124.08,199.22,296.36,2873.18,1527.03,440.09,67.34,231.22,907.34,362.01,229.61,270.7,469.0,221.3,103.58,3212.09,244.14,98.75,133.26,40.45,59.13,100.31,284.14
20260824,09:03:45,45237.54,40546.51,24508.53,16377.71,124.47,1954.87,320.85,490.76,542.42,110.51,177.87,191.03,103.98,135.89,293.89,124.08,199.17,296.37,2873.42,1527.34,439.87,67.33,231.24,907.26,362.24,229.37,270.6,469.01,221.34,103.58,3211.02,244.14,98.75,133.28,40.45,59.13,100.31,284.12
20260824,09:03:50,45207.92,40518.43,24498.52,16368.82,124.34,1954.65,320.67,490.76,542.67,110.51,177.85,190.95,103.98,135.67,293.77,124.08,199.17,296.29,2871.37,1525.03,440.06,67.36,231.49,909.0,361.93,229.37,270.66,469.01,221.38,103.58,3210.31,244.14,97.8,133.28,40.45,59.14,100.31,284.12
20260824,09:03:55,45256.47,40567.03,24497.88,16372.43,124.47,1954.28,321.21,490.8,542.62,110.42,177.87,191.06,103.98,135.87,293.89,124.06,199.12,296.23,2875.2,1527.59,440.03,67.34,231.27,910.31,362.32,229.37,270.72,468.79,221.38,103.58,3209.13,244.0,97.81,133.38,40.41,59.14,100.31,284.1
20260824,09:04:00,45271.24,40580.94,24501.49,16374.95,124.34,1954.28,321.31,491.01,542.76,110.42,178.12,191.24,104.14,135.88,293.77,124.04,199.3,296.23,2876.26,1528.09,440.35,67.35,231.29,910.72,362.35,229.29,270.85,468.77,221.4,103.58,3209.57,244.0,97.57,133.38,40.41,59.14,100.31,284.33
20260824,09:04:05,45286.75,40597.07,24505.57,16383.05,124.47,1954.28,321.22,490.78,542.56,110.47,178.32,191.33,104.28,135.89,293.95,124.13,199.3,296.23,2877.37,1528.26,440.65,67.41,231.32,912.68,362.04,229.29,270.65,468.85,221.87,103.58,3208.65,244.0,97.69,133.57,40.41,59.14,100.31,284.33
20260824,09:04:10,45302.49,40612.09,24510.73,16387.93,124.47,1954.26,321.22,490.7,542.56,110.41,178.14,191.3,104.14,135.9,293.89,124.16,199.15,296.23,2878.46,1528.47,440.88,67.41,231.33,913.83,362.31,229.29,271.02,468.84,222.24,103.59,3208.94,244.0,98.05,133.78,40.41,59.14,100.31,284.36
20260824,09:04:15,45260.69,40573.82,24507.11,16392.01,124.6,1954.07,321.15,490.94,542.64,110.45,178.32,191.27,104.29,135.9,293.89,124.25,199.13,296.25,2875.28,1526.12,440.73,67.46,231.33,913.64,362.34,229.29,270.99,468.92,222.25,103.6,3206.7,244.05,98.16,133.78,40.41,59.12,100.31,284.4
20260824,09:04:20,45253.52,40570.86,24483.22,16378.0,124.41,1954.07,320.79,490.18,542.64,110.49,178.12,191.29,104.13,135.9,293.89,124.13,198.91,295.95,2875.38,1526.33,440.75,67.47,231.3,913.21,362.33,229.29,270.98,468.83,222.09,103.67,3203.04,244.05,97.57,133.78,40.41,59.12,100.31,284.41
20260824,09:04:25,45255.66,40572.63,24480.69,16374.05,124.6,1952.66,320.33,489.98,542.49,110.44,178.06,191.16,104.11,136.11,294.01,124.13,198.93,295.97,2875.61,1526.28,440.76,67.47,231.55,913.66,362.41,229.29,271.01,468.75,222.28,103.66,3203.32,243.03,97.68,133.67,40.41,59.12,100.33,284.38
20260824,09:04:30,45249.97,40565.31,24478.54,16365.61,124.41,1952.82,320.22,489.65,542.26,110.16,178.0,191.01,104.09,136.11,294.01,124.08,198.93,295.94,2875.23,1526.19,440.43,67.47,231.57,913.73,362.43,229.29,270.71,468.73,222.29,103.62,3204.94,243.03,97.2,133.67,40.41,59.12,100.33,284.26
20260824,09:04:35,45289.56,40604.67,24474.52,16363.62,124.54,1954.03,320.14,489.81,542.45,110.14,177.72,190.76,103.92,136.12,294.01,124.08,198.89,295.95,2878.45,1528.63,440.15,67.46,231.54,913.69,362.42,229.29,271.1,468.73,222.08,103.69,3204.22,243.03,97.44,133.67,40.41,59.12,100.33,284.27
20260824,09:04:40,45296.52,40610.8,24476.1,16363.23,124.54,1954.03,320.22,489.67,542.38,110.08,177.71,190.73,103.91,136.12,293.89,124.07,198.92,295.95,2878.95,1528.76,440.23,67.47,231.5,914.25,362.82,229.29,271.16,468.69,222.09,103.67,3204.82,243.03,97.44,133.67,40.41,59.12,100.33,284.21
20260824,09:04:45,45259.62,40575.02,24480.81,16369.23,124.48,1954.03,320.74,489.22,542.38,109.99,177.7,190.71,103.91,136.34,294.01,124.08,198.73,295.95,2875.92,1526.52,440.27,67.47,231.74,914.17,362.86,229.27,270.81,468.69,222.06,103.69,3204.67,243.03,97.8,133.67,40.41,59.17,100.33,284.25
20260824,09:04:50,45269.37,40580.99,24490.11,16368.14,124.48,1953.84,320.66,489.12,542.6,110.03,177.52,190.79,103.75,136.36,294.01,124.07,198.84,295.95,2876.43,1526.56,440.55,67.48,231.74,914.38,362.88,229.27,271.24,468.66,222.22,103.69,3207.87,243.03,97.68,133.67,40.41,59.16,100.33,284.27
20260824,09:04:55,45272.7,40586.12,24483.17,16366.46,124.48,1952.43,320.76,489.53,542.54,110.02,177.54,190.87,103.75,136.57,293.89,124.06,198.77,295.96,2876.88,1526.71,440.66,67.5,231.75,914.65,362.74,229.27,271.41,468.65,222.15,103.67,3206.15,243.03,97.56,133.57,40.41,59.12,100.33,284.27
20260824,09:05:00,45284.81,40596.78,24486.99,16367.06,124.48,1952.39,320.76,489.6,542.46,110.04,177.6,190.87,103.8,136.57,293.89,123.95,198.76,295.98,2877.73,1527.04,441.02,67.54,231.32,915.58,362.8,229.27,271.37,468.69,222.19,103.67,3207.19,242.98,97.56,133.67,40.41,59.12,100.33,284.31
20260824,09:05:05,45293.16,40603.4,24492.13,16367.86,124.48,1952.45,320.74,489.44,542.79,110.05,177.62,190.92,103.81,136.57,293.89,124.07,198.76,296.0,2878.24,1527.02,441.64,67.54,231.67,915.7,363.13,229.27,271.49,468.69,222.18,103.62,3208.57,242.98,97.44,133.67,40.41,59.12,100.33,284.32
20260824,09:05:10,45335.55,40646.55,24491.14,16372.94,124.48,1952.45,320.75,489.44,542.87,110.06,177.59,190.84,103.8,136.57,294.01,124.03,198.76,296.01,2881.6,1529.42,441.98,67.56,231.67,915.95,363.17,229.3,271.43,468.64,222.73,103.62,3206.88,242.98,97.44,133.67,40.41,59.12,100.33,284.32
20260824,09:05:15,45291.77,40603.05,24494.02,16373.43,124.48,1952.45,320.66,489.42,542.72,110.0,177.61,190.89,103.8,136.57,294.01,124.11,198.78,296.01,2878.08,1527.02,441.85,67.54,231.63,915.22,363.17,229.3,271.42,468.65,222.78,103.62,3207.65,242.98,97.56,133.67,40.37,59.12,100.33,284.24
20260824,09:05:20,45253.16,40562.96,24501.93,16374.25,124.35,1952.45,321.3,489.66,542.63,110.06,177.61,190.94,103.79,136.57,294.01,124.06,198.93,296.02,2874.83,1524.32,441.83,67.53,231.88,915.43,363.38,229.3,271.57,468.6,222.56,103.62,3209.9,243.05,97.32,133.78,40.37,59.15,100.33,284.24
20260824,09:05:25,45250.86,40560.91,24501.3,16374.19,124.35,1952.45,321.21,489.41,542.49,109.92,177.62,190.98,103.79,136.56,294.01,124.06,199.03,296.02,2874.67,1524.33,442.0,67.53,231.88,914.74,363.78,229.3,271.58,468.56,222.75,103.56,3209.72,243.05,97.33,133.75,40.37,59.15,100.33,284.19
20260824,09:05:30,45258.05,40565.47,24509.35,16375.25,124.48,1952.45,321.21,489.41,542.48,109.59,177.66,191.04,103.81,136.77,293.89,124.13,198.99,296.02,2875.01,1524.27,442.0,67.53,231.88,915.74,363.84,229.3,271.57,468.61,222.7,103.56,3211.95,243.05,97.45,133.75,40.37,59.17,100.33,284.17
20260824,09:05:35,45250.33,40558.64,24509.05,16377.2,124.48,1954.06,321.21,489.48,542.58,109.76,177.65,191.08,103.8,136.77,294.01,124.14,198.99,296.02,2874.41,1524.02,442.0,67.52,231.88,915.11,363.94,229.3,271.57,468.66,222.76,103.56,3211.32,243.52,97.33,133.75,40.37,59.17,100.33,284.14
20260824,09:05:40,45288.46,40595.13,24509.04,16374.97,124.54,1955.47,320.66,489.56,542.72,109.75,177.63,191.02,103.79,136.56,294.01,124.09,199.4,295.97,2877.4,1526.56,441.72,67.53,231.63,914.87,364.24,229.3,271.57,468.74,222.72,103.55,3211.92,243.45,97.45,133.75,40.37,59.21,100.33,284.14
20260824,09:05:45,45288.02,40594.92,24510.24,16377.08,124.67,1955.55,320.67,489.56,542.68,109.75,177.55,190.97,103.73,136.56,293.89,124.15,199.59,295.97,2877.34,1526.51,441.77,67.47,231.63,914.89,364.25,229.3,271.58,468.77,222.91,103.59,3211.73,243.58,97.45,133.75,40.37,59.22,100.33,284.12
20260824,09:05:50,45286.64,40594.2,24506.87,16375.31,124.67,1953.91,320.75,489.49,542.75,109.75,177.62,190.97,103.79,136.56,293.89,124.16,199.55,296.02,2877.32,1526.49,441.82,67.46,231.63,914.94,364.23,229.3,271.52,468.77,222.68,103.53,3211.16,243.63,97.33,133.75,40.37,59.25,100.33,284.16
20260824,09:05:55,45301.57,40608.5,24511.95,16380.34,124.86,1953.79,321.3,489.49,542.78,109.8,177.61,190.93,103.79,136.56,293.89,124.11,199.53,296.04,2878.35,1526.79,441.92,67.49,231.64,916.2,364.31,229.3,271.57,468.81,222.65,103.51,3211.38,243.56,97.45,133.75,40.37,59.24,100.31,284.21
20260824,09:06:00,45305.4,40612.43,24513.7,16383.02,124.86,1953.79,321.31,489.47,543.37,109.82,177.62,190.96,103.79,136.56,294.01,124.27,199.53,296.13,2878.6,1526.94,441.93,67.53,231.65,916.2,364.05,229.3,271.64,468.8,222.62,103.74,3211.2,243.56,97.32,133.85,40.37,59.24,100.29,284.21
20260824,09:06:05,45314.75,40621.44,24512.24,16380.97,124.86,1953.78,321.22,489.47,543.52,109.81,177.73,191.09,103.86,136.56,294.01,124.18,199.51,296.14,2879.38,1527.4,442.04,67.6,231.68,916.3,364.5,229.3,271.65,468.78,222.77,103.74,3211.3,243.52,96.85,133.85,40.36,59.24,100.29,284.2
20260824,09:06:10,45318.89,40625.24,24516.87,16385.52,124.86,1953.78,321.23,489.59,543.72,109.81,177.73,191.11,103.86,136.55,294.01,124.18,199.55,296.2,2879.58,1527.5,441.94,67.61,231.56,916.61,364.55,229.3,271.66,468.79,222.82,103.74,3211.51,243.52,97.2,133.85,40.36,59.25,100.29,284.24
20260824,09:06:15,45324.41,40633.02,24510.3,16386.0,124.87,1955.19,321.32,489.59,543.03,109.72,177.73,191.11,103.85,136.55,294.01,124.22,199.51,296.2,2880.19,1527.62,441.91,67.63,231.81,917.37,364.85,229.3,271.7,468.81,223.01,103.81,3209.33,243.52,97.2,133.75,40.36,59.26,100.32,284.19
20260824,09:06:20,45330.08,40639.08,24499.62,16375.51,124.87,1955.19,320.32,489.59,542.87,109.7,177.9,190.98,104.02,136.34,293.75,124.13,199.27,296.2,2880.93,1528.18,442.07,67.61,231.68,917.43,364.53,229.3,271.69,468.78,222.96,103.8,3208.84,243.49,96.97,133.75,40.36,59.26,100.32,283.95
20260824,09:06:25,45320.77,40634.22,24488.6,16376.94,124.81,1955.19,320.24,489.07,542.83,109.61,177.88,190.94,104.01,136.55,293.75,124.2,199.27,296.18,2880.51,1527.82,442.24,67.6,231.56,917.45,364.66,229.3,271.7,468.78,222.98,103.8,3205.01,243.52,97.44,133.75,40.36,59.19,100.32,283.64
20260824,09:06:30,45317.98,40632.45,24482.15,16372.69,124.81,1955.19,320.24,489.07,542.54,109.65,177.7,191.02,103.85,136.34,293.75,124.19,199.27,296.17,2880.47,1527.85,442.02,67.6,231.56,917.5,364.65,229.3,271.7,468.75,222.99,103.8,3204.15,243.52,97.32,133.75,40.36,59.16,100.32,283.64
20260824,09:06:35,45283.81,40598.94,24484.05,16374.14,124.81,1953.78,320.25,489.32,542.5,109.66,177.7,191.06,103.84,136.55,293.81,124.19,199.21,296.23,2877.73,1525.6,442.33,67.6,231.56,917.43,364.77,229.3,271.83,468.72,223.16,103.8,3204.35,243.52,97.32,133.75,40.36,59.13,100.32,283.63
20260824,09:06:40,45283.39,40599.11,24483.73,16375.73,124.81,1953.78,320.08,489.57,542.43,109.73,177.68,190.97,103.84,136.77,294.07,124.23,199.21,296.23,2877.71,1525.53,442.28,67.61,231.56,917.44,364.78,229.3,271.97,468.73,223.31,103.8,3203.81,243.52,97.32,133.75,40.36,59.13,100.32,283.94
20260824,09:06:45,45322.45,40637.67,24481.4,16374.7,124.94,1953.78,320.01,489.62,542.5,109.73,177.68,190.98,103.84,137.19,294.07,124.23,199.15,296.18,2880.84,1527.95,442.2,67.65,231.56,917.4,364.78,229.3,272.0,468.7,223.31,103.79,3203.36,243.45,97.2,133.65,40.36,59.11,100.32,283.92
20260824,09:06:50,45318.31,40633.85,24480.21,16374.06,124.81,1955.19,320.25,489.62,542.16,109.73,177.66,190.92,103.83,136.77,294.07,124.22,199.15,296.18,2880.55,1528.06,442.29,67.65,231.55,916.75,364.76,229.3,271.65,468.83,223.17,103.79,3203.17,243.45,97.2,133.75,40.36,59.11,100.41,283.92
20260824,09:06:55,45329.22,40644.71,24477.79,16372.06,124.81,1955.19,320.09,489.42,542.24,109.65,177.46,190.91,103.68,136.79,294.07,124.22,199.19,296.18,2881.47,1528.36,442.74,67.61,231.55,917.21,364.76,229.3,271.97,468.86,223.44,103.79,3202.95,243.45,97.08,133.65,40.36,59.11,100.41,283.92
20260824,09:07:00,45323.03,40638.71,24475.07,16369.01,124.84,1955.19,319.99,489.09,542.18,109.73,177.45,190.87,103.68,137.0,294.07,124.18,199.09,296.18,2881.06,1528.15,442.71,67.58,231.53,916.95,364.78,229.3,271.97,468.77,223.41,103.79,3202.93,243.19,97.08,133.39,40.36,59.09,100.41,283.92
20260824,09:07:05,45271.57,40590.32,24465.22,16363.58,124.84,1955.19,319.99,488.8,542.1,109.56,177.31,190.85,103.57,137.0,294.07,124.18,199.02,296.11,2877.29,1525.91,442.0,67.45,231.76,915.81,364.7,229.3,271.9,468.68,223.26,103.79,3201.33,243.19,96.86,133.72,40.36,59.09,100.41,283.85
20260824,09:07:10,45271.09,40592.7,24455.41,16361.79,124.77,1955.41,319.99,488.55,542.04,109.48,177.29,190.77,103.57,136.57,293.72,124.17,199.0,296.1,2877.53,1525.77,442.3,67.43,231.79,917.05,364.2,229.3,271.54,468.66,223.3,103.79,3198.75,243.19,96.86,133.72,40.36,59.06,100.41,283.85
20260824,09:07:15,45261.3,40587.95,24437.86,16357.61,124.77,1955.41,319.44,488.52,542.14,109.48,177.28,190.76,103.56,136.78,293.72,124.13,199.0,296.08,2877.24,1525.84,442.09,67.43,231.79,916.87,364.19,229.3,271.14,468.55,223.27,103.79,3194.4,243.19,96.86,133.71,40.36,59.09,100.41,283.83
20260824,09:07:20,45257.34,40584.1,24437.43,16357.17,124.65,1955.3,319.45,488.46,542.03,109.48,177.27,190.76,103.55,136.57,293.72,124.09,198.92,295.98,2876.94,1525.91,442.09,67.41,231.54,915.71,364.18,229.3,271.54,468.55,223.4,103.83,3194.39,243.19,96.86,133.81,40.36,59.08,100.41,283.81
20260824,09:07:25,45255.89,40582.44,24433.84,16352.23,124.65,1955.3,318.97,488.45,541.75,109.55,177.27,190.79,103.55,136.57,293.72,124.08,198.98,295.95,2876.93,1525.85,442.17,67.39,231.61,915.71,364.38,229.3,271.54,468.56,223.4,103.83,3194.61,243.19,96.86,133.8,40.36,59.08,100.41,283.5
20260824,09:07:30,45293.09,40618.68,24436.14,16354.82,124.52,1955.3,319.6,488.45,541.56,109.46,177.23,190.75,103.52,136.57,293.72,124.09,198.98,295.96,2879.79,1528.21,441.81,67.36,231.61,915.69,364.37,229.3,271.52,468.55,223.32,103.83,3194.62,243.52,96.86,133.8,40.36,59.08,100.41,283.49
20260824,09:07:35,45250.08,40577.72,24433.78,16355.31,124.46,1955.3,319.6,488.72,541.66,109.46,177.26,190.78,103.55,136.57,292.82,124.13,198.98,295.93,2876.47,1525.57,441.91,67.34,231.61,915.81,364.38,229.3,271.58,468.35,223.29,103.83,3193.75,243.84,96.86,133.8,40.36,59.09,100.41,283.49
20260824,09:07:40,45252.1,40580.18,24433.47,16356.59,124.46,1953.89,319.68,488.72,541.65,109.54,177.23,190.77,103.52,136.57,292.82,124.2,198.98,295.92,2876.64,1525.64,441.91,67.33,231.61,916.09,364.17,229.3,271.54,468.38,223.39,103.83,3193.31,243.84,96.86,133.8,40.36,59.09,100.41,283.49
20260824,09:07:45,45247.25,40575.84,24430.53,16354.52,124.47,1953.89,319.69,488.72,541.54,109.54,177.28,190.81,103.55,136.35,292.7,124.19,198.84,295.87,2876.34,1525.63,441.74,67.37,231.61,915.58,364.16,229.3,271.49,468.35,223.24,103.83,3192.95,243.84,96.85,133.8,40.36,59.09,100.41,283.43
20260824,09:07:50,45247.67,40576.28,24428.22,16351.95,124.6,1953.89,319.51,488.97,541.46,109.54,177.46,190.74,103.71,136.35,292.7,124.21,198.84,295.86,2876.44,1525.74,441.87,67.36,231.58,915.39,364.16,229.3,271.5,468.35,222.88,103.76,3192.93,243.83,96.85,133.81,40.36,59.07,100.41,283.43
20260824,09:07:55,45285.87,40613.59,24426.52,16350.29,124.6,1953.89,319.53,488.97,541.44,109.44,177.44,190.65,103.71,136.57,292.7,124.1,198.84,295.86,2879.49,1528.3,441.56,67.35,231.39,915.24,363.96,229.4,271.5,468.25,222.82,103.76,3192.84,243.83,96.85,133.84,40.36,59.05,100.41,283.43
20260824,09:08:00,45283.43,40611.06,24420.57,16342.92,124.6,1953.89,318.99,488.97,541.25,109.36,177.43,190.6,103.71,136.34,292.82,124.09,198.87,295.86,2879.46,1528.55,441.54,67.31,230.94,914.91,364.19,229.4,271.5,468.26,222.62,103.72,3192.99,243.51,96.85,133.95,40.36,59.05,100.41,283.42
20260824,09:08:05,45244.13,40572.41,24420.97,16342.2,124.6,1953.89,319.43,488.71,541.09,109.36,177.43,190.6,103.71,136.33,292.7,124.09,198.85,295.86,2876.36,1526.08,441.62,67.29,230.92,915.11,364.21,229.4,271.5,468.17,222.3,103.72,3193.31,243.54,96.85,133.92,40.36,59.04,100.44,283.51
20260824,09:08:10,45278.83,40606.56,24416.36,16338.02,124.59,1953.89,318.97,488.71,541.05,109.37,177.42,190.6,103.7,136.12,292.55,124.1,198.89,295.85,2879.21,1528.39,441.4,67.29,230.9,915.11,364.23,229.4,271.42,468.22,222.27,103.7,3193.0,243.5,96.85,133.9,40.36,59.06,100.44,283.51
20260824,09:08:15,45277.92,40603.97,24416.53,16332.51,124.46,1952.47,318.3,488.55,541.26,109.38,177.41,190.59,103.7,136.12,292.55,124.05,198.87,295.87,2879.14,1528.56,441.41,67.32,230.91,914.38,363.88,229.4,271.43,468.12,222.35,103.65,3194.55,243.17,96.85,133.9,40.36,59.06,100.44,283.51
20260824,09:08:20,45279.24,40605.53,24416.92,16333.88,124.46,1952.47,318.28,488.79,541.41,109.39,177.41,190.65,103.69,136.12,292.31,124.01,198.87,295.87,2879.23,1528.6,441.29,67.29,230.89,914.63,364.23,229.4,271.43,468.24,222.47,103.63,3194.3,243.17,96.85,133.9,40.36,59.05,100.44,283.46
20260824,09:08:25,45279.3,40605.65,24419.24,16336.76,124.46,1952.46,318.37,488.41,541.48,109.39,177.41,190.64,103.69,136.33,292.31,123.86,198.87,295.86,2879.17,1528.54,441.33,67.28,230.9,914.63,364.23,229.38,271.44,468.2,222.79,103.59,3194.24,243.17,96.85,133.98,40.36,59.05,100.44,283.46
20260824,09:08:30,45277.04,40602.49,24424.03,16339.04,124.46,1952.46,318.29,488.31,541.49,109.39,177.33,190.61,103.63,136.33,292.31,123.85,198.81,295.87,2878.86,1528.3,441.36,67.28,230.9,914.62,364.22,229.36,271.44,468.25,223.21,103.56,3195.12,243.17,96.85,133.97,40.36,59.05,100.44,283.45
20260824,09:08:35,45225.53,40556.27,24404.29,16329.62,124.59,1951.05,316.94,488.32,541.46,109.39,177.33,190.58,103.64,136.33,292.09,123.97,198.81,295.87,2875.36,1525.8,441.3,67.23,230.9,914.16,363.89,229.35,271.48,468.23,223.32,103.56,3191.51,243.11,96.85,133.99,40.36,59.03,100.42,283.19
20260824,09:08:40,45181.84,40513.9,24406.36,16332.68,124.46,1948.23,317.57,488.25,541.47,109.3,177.36,190.59,103.66,136.33,292.27,123.97,198.77,295.87,2871.88,1523.23,441.03,67.17,231.15,913.98,363.86,229.33,271.47,468.29,223.31,103.63,3191.33,243.11,96.85,133.99,40.31,59.03,100.42,283.2
20260824,09:08:45,45175.91,40508.17,24401.81,16327.62,124.46,1948.23,316.94,488.0,541.42,109.39,177.35,190.58,103.65,136.33,292.39,123.97,198.81,295.87,2871.54,1522.99,441.01,67.14,231.15,913.95,364.2,229.33,271.46,468.35,223.19,103.68,3191.28,243.11,96.85,134.19,40.31,59.03,100.42,283.2
20260824,09:08:50,45172.22,40505.27,24399.88,16327.71,124.46,1948.23,316.92,488.25,541.19,109.38,177.36,190.61,103.65,136.11,292.27,124.02,198.81,295.8,2871.3,1522.93,441.03,67.13,231.15,913.96,364.16,229.35,271.15,468.35,223.19,103.68,3190.65,243.43,96.85,134.19,40.31,59.07,100.42,283.2
20260824,09:08:55,45167.39,40501.57,24400.05,16331.27,124.46,1948.23,317.46,488.25,541.19,109.3,177.38,190.64,103.67,136.11,292.39,124.02,198.75,295.8,2870.92,1522.65,441.03,67.15,231.15,914.03,363.78,229.35,271.09,468.37,223.22,103.63,3189.74,243.4,96.85,134.09,40.31,59.03,100.42,283.18
20260824,09:09:00,45166.56,40499.87,24402.85,16331.51,124.46,1948.23,317.46,488.38,541.08,109.3,177.36,190.6,103.66,136.32,292.93,124.02,198.75,295.8,2870.77,1522.62,440.89,67.14,230.91,914.17,363.77,229.35,271.09,468.37,223.23,103.63,3190.55,243.4,96.85,134.11,40.31,59.05,100.42,283.18
20260824,09:09:05,45155.48,40488.18,24390.93,16314.81,124.33,1948.23,316.12,488.38,540.92,109.3,177.16,190.61,103.49,135.9,292.93,124.01,198.75,295.8,2870.23,1522.28,440.79,67.15,230.9,913.99,363.73,229.37,271.11,468.35,223.47,103.63,3191.36,243.07,96.25,134.11,40.31,59.05,100.42,283.13
20260824,09:09:10,45147.54,40480.9,24381.81,16305.85,124.33,1948.23,314.95,488.51,540.99,109.35,177.15,190.56,103.5,135.91,292.93,124.01,198.75,295.78,2869.86,1522.33,440.74,67.11,230.87,913.22,364.06,229.37,271.01,468.36,223.66,103.69,3190.94,243.07,95.9,134.21,40.31,59.04,100.42,283.08
20260824,09:09:15,45143.83,40477.16,24384.35,16308.36,124.33,1948.23,315.1,488.49,540.81,109.28,177.12,190.43,103.5,135.88,292.93,124.03,198.79,295.78,2869.5,1522.18,440.79,67.11,230.87,912.67,364.02,229.36,271.09,468.34,223.62,103.65,3191.06,243.07,96.25,134.21,40.31,59.04,100.42,283.08
20260824,09:09:20,45135.73,40469.08,24381.71,16304.68,124.33,1948.17,314.47,488.48,541.02,109.28,177.11,190.39,103.5,135.87,292.93,124.05,198.79,295.78,2868.94,1522.18,440.71,67.1,230.69,911.65,364.06,229.36,271.07,468.34,223.62,103.63,3191.23,243.07,96.25,134.3,40.31,59.05,100.42,283.07
20260824,09:09:25,45175.27,40509.82,24374.02,16303.25,124.46,1948.17,314.94,488.04,540.74,109.24,176.92,190.39,103.35,136.08,292.93,124.03,198.79,295.78,2872.26,1524.54,440.77,67.08,230.94,911.99,364.01,229.36,271.07,468.34,223.42,103.63,3189.21,243.07,96.25,134.3,40.31,59.05,100.42,283.1
20260824,09:09:30,45179.53,40513.71,24378.65,16307.69,124.44,1948.17,315.57,488.03,540.56,109.16,176.73,190.4,103.19,136.08,293.05,124.04,198.79,295.76,2872.46,1524.63,441.0,67.07,230.74,912.1,364.01,229.36,271.11,468.33,223.61,103.63,3189.46,243.07,96.37,134.3,40.31,59.05,100.42,283.09
20260824,09:09:35,45177.0,40511.8,24377.3,16308.02,124.44,1948.17,315.82,487.78,540.49,109.21,176.73,190.36,103.2,135.87,293.05,124.04,198.79,295.71,2872.3,1524.59,441.02,67.13,230.49,911.91,364.09,229.36,271.13,468.36,223.63,103.62,3188.94,243.07,96.25,134.3,40.31,59.05,100.42,283.1
20260824,09:09:40,45181.47,40515.82,24381.26,16311.42,124.44,1948.17,315.89,487.78,540.39,109.21,176.73,190.34,103.2,135.86,292.93,124.06,198.79,295.71,2872.54,1524.69,441.01,67.14,230.7,911.99,364.14,229.36,271.13,468.35,223.76,103.63,3189.26,243.07,96.49,134.3,40.31,59.05,100.42,283.09
20260824,09:09:45,45183.99,40518.22,24380.65,16310.57,124.44,1948.17,315.72,487.78,540.34,109.18,176.7,190.3,103.19,136.07,292.93,124.02,198.79,295.69,2872.76,1524.73,441.04,67.15,230.72,912.28,364.07,229.36,271.14,468.35,223.85,103.63,3189.3,243.07,96.48,134.4,40.31,59.05,100.42,283.05
20260824,09:09:50,45179.58,40514.52,24380.88,16312.8,124.44,1946.54,315.89,487.52,540.23,109.19,176.71,190.33,103.19,136.07,293.05,124.08,198.79,295.69,2872.4,1524.6,440.79,67.12,230.72,912.19,364.11,229.36,271.11,468.33,223.95,103.63,3188.76,243.07,96.6,134.4,40.31,59.05,100.42,283.0
20260824,09:09:55,45192.34,40525.28,24385.12,16312.09,124.44,1946.54,315.9,487.53,540.38,109.19,176.7,190.35,103.18,135.86,293.05,124.08,198.79,295.68,2873.29,1524.73,440.72,67.12,230.71,913.95,364.09,229.36,271.12,468.32,223.9,103.55,3190.28,243.07,96.6,134.4,40.31,59.03,100.42,283.0
20260824,09:10:00,45188.39,40522.04,24388.67,16318.22,124.44,1950.77,315.98,487.53,540.41,109.18,176.91,190.33,103.35,135.87,293.05,124.09,198.75,295.68,2872.88,1524.68,440.75,67.13,230.7,913.19,364.08,229.36,271.06,468.31,223.94,103.55,3189.73,243.07,96.73,134.4,40.31,59.03,100.42,283.0
20260824,09:10:05,45195.42,40528.03,24386.2,16312.47,124.44,1950.77,315.52,487.53,540.48,109.17,176.71,190.27,103.2,135.87,293.17,124.11,198.89,295.45,2873.5,1524.77,440.89,67.17,230.67,914.11,364.12,229.36,271.12,468.41,223.95,103.54,3190.52,243.07,96.73,134.2,40.31,59.03,100.42,283.01
20260824,09:10:10,45218.45,40549.01,24398.84,16322.13,124.44,1948.15,316.09,487.86,540.55,109.24,176.91,190.31,103.35,136.08,293.17,124.15,198.89,295.45,2874.96,1524.87,440.97,67.23,230.68,916.75,364.12,229.12,271.31,468.48,224.23,103.49,3191.84,243.06,96.73,134.3,40.31,59.03,100.42,283.06
20260824,09:10:15,45225.6,40557.89,24394.89,16324.03,124.44,1948.15,316.17,488.04,540.59,109.27,176.93,190.39,103.36,135.87,293.17,124.17,198.89,295.45,2875.63,1524.93,440.99,67.26,230.68,918.03,364.14,229.12,271.35,468.48,224.23,103.49,3190.09,243.06,96.85,134.2,40.31,59.05,100.42,283.06
20260824,09:10:20,45229.81,40562.84,24392.88,16324.53,124.44,1948.09,316.16,488.04,540.68,109.27,176.95,190.44,103.36,135.87,293.17,124.18,198.89,295.45,2876.02,1525.19,441.16,67.26,230.93,918.0,364.38,229.12,271.11,468.49,224.34,103.48,3189.33,243.06,96.73,134.19,40.31,59.05,100.42,283.01
20260824,09:10:25,45239.17,40568.93,24408.88,16332.82,124.57,1947.75,316.79,488.04,540.65,109.26,176.97,190.51,103.36,135.87,293.17,124.22,198.74,295.45,2876.31,1525.4,441.24,67.27,230.68,917.73,364.42,229.12,271.47,468.43,224.73,103.35,3192.08,243.06,96.73,134.19,40.31,59.03,100.42,283.03
20260824,09:10:30,45234.06,40566.3,24403.15,16334.08,124.57,1946.19,316.71,488.04,540.74,109.26,176.95,190.5,103.35,135.87,293.29,124.22,198.74,295.45,2876.06,1525.31,441.34,67.27,230.69,917.37,364.12,229.12,271.46,468.48,224.88,103.39,3189.94,243.06,96.85,134.09,40.31,59.05,100.42,283.03
20260824,09:10:35,45234.31,40567.53,24401.5,16335.46,124.57,1944.54,316.8,488.03,540.89,109.26,176.96,190.56,103.35,135.88,293.31,124.22,198.74,295.43,2876.13,1525.17,441.2,67.36,230.69,917.51,364.14,229.12,271.79,468.48,224.96,103.39,3189.06,243.06,96.85,134.09,40.31,59.05,100.42,283.03
20260824,09:10:40,45241.5,40574.46,24407.65,16342.3,124.57,1945.95,317.26,488.12,540.86,109.18,176.97,190.6,103.34,136.09,293.31,124.18,198.71,295.45,2876.52,1525.22,441.39,67.36,230.94,917.87,364.11,229.12,271.79,468.46,225.16,103.39,3189.12,243.06,96.97,134.09,40.35,59.05,100.42,283.05
20260824,09:10:45,45239.78,40572.56,24406.68,16340.44,124.57,1945.95,316.88,488.16,541.08,109.27,176.98,190.65,103.34,136.09,293.43,124.22,198.71,295.43,2876.42,1525.18,441.84,67.34,230.94,917.3,364.17,229.02,271.8,468.48,225.09,103.39,3189.32,243.04,96.85,134.09,40.35,59.05,100.42,283.43
20260824,09:10:50,45200.68,40535.43,24403.23,16339.73,124.57,1945.95,316.79,487.91,541.16,109.19,176.93,190.7,103.29,136.3,293.31,124.24,198.71,295.41,2873.44,1522.95,441.73,67.3,230.94,917.39,363.78,229.02,271.76,468.51,225.14,103.41,3188.44,243.04,96.85,134.09,40.35,59.03,100.42,283.44
20260824,09:10:55,45233.1,40566.61,24401.43,16336.28,124.44,1945.95,316.87,487.96,541.05,109.26,176.64,190.63,103.07,136.3,293.31,124.24,198.67,295.41,2876.04,1525.38,441.96,67.23,230.69,916.59,363.78,229.02,271.45,468.56,225.1,103.41,3188.81,243.04,96.85,134.09,40.35,59.04,100.42,283.39
20260824,09:11:00,45190.21,40525.11,24399.35,16334.84,124.44,1944.54,316.71,487.95,541.06,109.26,176.84,190.6,103.24,136.09,293.31,124.23,198.67,295.44,2872.73,1522.54,442.16,67.28,230.94,916.59,364.04,229.02,271.71,468.56,224.94,103.4,3188.55,243.04,96.85,134.05,40.35,59.04,100.42,283.41
20260824,09:11:05,45184.49,40518.57,24399.33,16331.58,124.44,1944.54,316.8,487.95,541.0,109.11,176.64,190.57,103.08,136.09,293.31,124.26,198.96,295.45,2872.28,1522.65,442.07,67.18,230.94,915.51,363.79,229.02,271.71,468.66,224.93,103.42,3189.43,243.04,96.61,134.05,40.35,59.08,100.42,283.37
20260824,09:11:10,45189.27,40522.06,24401.14,16329.74,124.44,1945.95,316.8,488.03,540.97,109.1,176.54,190.54,103.0,136.09,293.13,124.23,198.99,295.45,2872.6,1522.71,442.11,67.17,230.94,916.06,363.77,229.02,271.71,468.65,224.67,103.42,3190.49,243.06,96.73,134.26,40.35,59.06,100.42,283.37
20260824,09:11:15,45222.33,40554.3,24395.11,16322.93,124.44,1945.95,316.17,488.11,540.97,109.02,176.54,190.56,103.01,135.88,293.13,124.35,199.04,295.44,2875.37,1524.96,442.08,67.15,230.69,915.98,363.71,229.0,271.71,468.63,224.61,103.49,3190.46,243.06,96.49,134.16,40.35,59.06,100.42,283.38
20260824,09:11:20,45210.91,40542.95,24389.92,16316.17,124.44,1945.95,315.99,488.1,540.95,109.02,176.39,190.48,102.9,135.88,293.13,124.35,199.04,295.43,2874.61,1524.67,441.96,67.11,230.66,915.35,363.7,229.0,271.71,468.5,224.45,103.48,3190.67,243.03,96.25,134.15,40.35,59.06,100.42,283.38
20260824,09:11:25,45210.32,40544.45,24384.02,16316.34,124.57,1945.95,316.08,488.02,540.82,108.94,176.3,190.45,102.83,135.87,293.13,124.21,198.89,295.43,2874.73,1524.75,441.81,67.12,230.66,915.51,363.69,229.0,271.71,468.52,224.57,103.48,3188.78,243.03,96.37,134.14,40.35,59.06,100.42,283.33
20260824,09:11:30,45167.89,40503.33,24379.3,16311.66,124.57,1945.95,315.99,487.77,540.77,108.94,176.28,190.38,102.83,135.87,293.13,124.19,198.89,295.43,2871.53,1522.37,441.85,67.11,230.64,915.22,364.0,229.0,271.69,468.49,224.43,103.48,3188.58,243.03,96.15,134.14,40.35,59.06,100.42,283.32
20260824,09:11:35,45209.09,40544.31,24372.54,16306.68,124.44,1945.95,315.99,488.02,540.47,109.02,176.1,190.44,102.68,135.66,293.13,124.2,198.89,295.43,2874.95,1524.79,441.89,67.15,230.64,915.81,363.73,229.0,271.7,468.42,224.24,103.5,3187.82,243.03,96.15,134.14,40.35,59.06,100.42,283.31
20260824,09:11:40,45208.69,40543.84,24373.12,16307.07,124.44,1945.95,315.99,487.76,540.52,109.03,176.38,190.45,102.89,135.87,293.13,124.2,198.89,295.42,2874.9,1524.79,441.98,67.15,230.64,915.73,364.04,229.25,271.56,468.46,224.07,103.48,3187.9,243.03,96.03,134.14,40.35,59.06,100.42,283.25
20260824,09:11:45,45209.24,40543.83,24373.06,16305.17,124.44,1945.95,315.99,487.76,540.37,109.03,176.4,190.51,102.9,135.67,293.01,124.21,198.89,294.75,2874.95,1524.54,442.03,67.17,230.89,916.29,364.06,229.25,271.55,468.43,223.99,103.48,3188.39,243.03,96.15,134.14,40.35,59.06,100.43,283.27
20260824,09:11:50,45217.65,40552.14,24376.37,16309.4,124.44,1944.54,315.99,487.68,540.39,109.07,176.34,190.56,102.85,135.67,293.01,124.22,198.89,294.77,2875.52,1524.77,442.51,67.23,230.89,916.31,364.06,229.25,271.55,468.41,224.55,103.51,3188.28,243.03,96.15,134.14,40.35,59.06,100.43,283.24
20260824,09:11:55,45227.59,40560.79,24384.4,16315.14,124.83,1944.54,316.62,487.61,540.42,109.04,176.45,190.67,102.91,135.88,293.13,124.09,198.84,294.78,2876.08,1525.16,442.78,67.26,230.62,916.36,363.72,229.25,271.57,468.42,224.38,103.48,3189.23,243.03,96.27,134.2,40.35,59.06,100.43,283.22
20260824,09:12:00,45241.95,40574.87,24388.14,16319.77,124.83,1944.6,316.8,487.58,540.56,109.12,176.48,190.8,102.91,135.88,293.13,124.19,198.88,294.78,2877.1,1525.64,442.91,67.28,230.63,917.01,364.35,229.25,271.6,468.24,224.39,103.48,3189.14,243.08,96.5,134.2,40.35,59.06,100.43,283.17
20260824,09:12:05,45241.02,40572.15,24395.08,16321.65,124.98,1946.01,316.96,487.58,540.56,109.2,176.46,190.7,102.91,135.88,293.13,124.19,198.88,294.77,2876.84,1525.55,443.13,67.28,230.61,916.4,364.35,229.25,271.63,468.25,224.39,103.48,3190.8,243.08,96.5,134.11,40.35,59.05,100.43,283.18
20260824,09:12:10,45243.4,40575.07,24393.93,16322.38,124.72,1946.35,317.05,487.33,540.96,109.04,176.47,190.74,102.91,135.88,293.13,124.19,198.88,294.77,2877.05,1525.61,443.12,67.3,230.61,916.69,364.3,229.38,271.64,468.24,224.45,103.48,3190.24,243.03,96.5,133.92,40.35,59.05,100.43,283.18
20260824,09:12:15,45244.05,40574.87,24396.15,16322.1,124.72,1946.43,317.13,487.06,541.07,109.13,176.49,190.82,102.91,135.88,293.13,124.16,198.92,294.77,2877.04,1525.79,443.11,67.3,230.61,916.64,364.31,229.38,271.24,468.24,224.3,103.48,3191.01,243.03,96.62,133.61,40.35,59.06,100.43,283.21
20260824,09:12:20,45254.56,40585.25,24396.75,16323.28,124.66,1946.39,317.04,487.31,541.18,109.13,176.47,190.79,102.9,136.07,293.13,124.17,198.92,294.77,2877.85,1525.66,442.91,67.32,230.61,918.7,364.27,229.38,271.55,468.25,224.54,103.48,3190.88,243.03,96.5,133.61,40.35,59.06,100.43,283.21
20260824,09:12:25,45211.2,40545.88,24390.53,16325.75,124.66,1947.76,317.03,487.34,541.21,109.14,176.65,190.74,103.06,136.07,293.13,124.13,198.92,294.79,2874.62,1523.18,443.02,67.3,230.79,918.41,364.27,229.38,271.57,468.27,224.65,103.48,3188.27,242.99,96.38,133.61,40.35,59.06,100.43,283.2
20260824,09:12:30,45222.69,40556.48,24392.66,16326.23,124.66,1947.76,317.03,487.33,541.37,109.22,176.57,190.72,102.99,136.07,293.13,124.18,198.92,294.78,2875.46,1523.24,443.1,67.34,230.79,920.05,364.27,229.38,271.58,468.27,224.68,103.48,3188.8,242.99,96.5,133.61,40.35,59.06,100.43,282.87
20260824,09:12:35,45228.32,40561.97,24392.63,16326.19,124.66,1947.76,317.04,487.26,541.56,109.14,176.64,190.72,103.06,136.07,293.13,124.18,198.78,294.78,2875.91,1523.27,443.28,67.32,230.79,920.81,364.3,229.38,271.62,468.34,224.67,103.48,3188.8,242.99,96.37,133.61,40.29,59.06,100.43,282.92
20260824,09:12:40,45227.7,40561.27,24394.87,16328.45,124.53,1946.35,317.57,486.99,541.52,109.22,176.65,190.74,103.05,136.07,293.13,124.17,198.78,294.78,2875.79,1523.39,443.23,67.33,230.79,920.17,364.36,229.38,271.64,468.34,224.74,103.48,3188.89,242.92,96.25,133.61,40.29,59.06,100.43,282.9
20260824,09:12:45,45227.37,40561.51,24393.84,16329.18,124.53,1946.35,317.58,486.99,541.52,109.23,176.65,190.78,103.05,136.07,293.13,124.16,198.92,294.78,2875.8,1523.45,443.31,67.34,230.79,919.84,364.33,229.38,271.68,468.26,224.74,103.38,3188.37,242.92,96.37,133.61,40.29,59.06,100.43,282.85
20260824,09:12:50,45230.88,40564.93,24392.82,16327.98,124.53,1946.35,317.66,487.5,541.4,109.23,176.69,190.8,103.07,136.07,293.13,124.17,198.92,294.78,2876.1,1523.4,443.37,67.33,231.04,920.44,364.33,229.38,271.69,468.27,224.58,103.38,3188.38,242.92,96.25,133.61,40.37,59.04,100.43,282.84
20260824,09:12:55,45224.69,40560.34,24390.03,16329.6,124.53,1946.32,317.5,487.56,541.4,109.32,176.7,190.85,103.07,136.08,293.13,124.16,198.96,294.78,2875.69,1523.43,443.35,67.34,230.79,919.67,364.07,229.13,271.67,468.11,224.77,103.38,3187.06,242.92,96.25,133.61,40.37,59.04,100.43,283.13
20260824,09:13:00,45224.02,40561.15,24379.68,16322.57,124.53,1946.32,316.77,487.74,541.51,109.31,176.68,190.83,103.06,136.08,293.13,124.13,198.96,294.78,2875.93,1523.45,443.49,67.32,230.79,920.06,364.07,229.13,271.67,468.09,224.52,103.36,3185.74,242.92,96.37,133.61,40.29,59.04,100.45,283.13
20260824,09:13:05,45219.34,40558.8,24370.51,16319.42,124.65,1946.32,316.69,487.8,541.41,109.23,176.69,190.84,103.07,136.08,293.25,124.11,198.96,294.78,2875.81,1523.36,443.51,67.36,230.79,919.96,364.07,229.13,271.67,468.09,224.28,103.36,3183.73,242.92,96.37,133.61,40.29,59.04,100.45,283.03
20260824,09:13:10,45218.37,40557.42,24368.32,16315.44,124.65,1944.55,316.23,487.41,541.55,109.31,176.6,190.76,103.01,136.29,293.25,124.11,198.96,294.79,2875.8,1523.36,443.36,67.35,230.79,920.11,364.03,229.13,271.67,468.08,224.37,103.37,3184.13,242.92,96.37,133.51,40.29,59.04,100.45,283.03
20260824,09:13:15,45208.6,40547.51,24368.74,16314.61,124.52,1944.55,316.14,487.92,541.59,109.39,176.53,190.77,102.95,136.3,293.25,124.07,198.98,294.79,2875.02,1523.09,443.47,67.34,230.79,919.04,364.01,229.13,271.66,468.09,224.4,103.37,3184.48,242.92,96.37,133.53,40.29,59.04,100.45,283.03
20260824,09:13:20,45202.39,40543.94,24359.95,16312.81,124.51,1944.35,316.22,487.92,541.47,109.31,176.53,190.73,102.96,136.3,293.07,124.07,198.98,294.77,2874.77,1523.01,443.42,67.34,231.04,918.55,364.03,229.13,271.65,468.09,224.35,103.37,3182.22,242.92,96.37,133.48,40.29,59.04,100.45,282.69
20260824,09:13:25,45201.59,40543.6,24356.97,16310.88,124.62,1945.53,316.14,487.85,541.38,109.32,176.51,190.75,102.94,136.3,293.07,123.95,198.98,294.77,2874.79,1522.86,443.53,67.32,231.04,918.98,364.0,229.13,271.65,468.15,224.35,103.37,3181.82,242.92,96.25,133.48,40.29,59.04,100.45,282.69
20260824,09:13:30,45200.52,40542.64,24355.8,16309.79,124.62,1943.9,316.22,487.67,541.45,109.32,176.51,190.74,102.94,136.3,293.07,123.95,198.98,294.8,2874.74,1522.77,443.51,67.31,231.04,919.16,364.02,229.13,271.66,468.21,224.22,103.37,3181.75,242.92,96.25,133.48,40.29,59.04,100.45,282.68
20260824,09:13:35,45201.1,40543.41,24349.74,16303.48,124.49,1945.53,315.5,487.34,541.45,109.41,176.53,190.75,102.95,136.3,293.07,123.94,198.94,294.83,2874.96,1522.94,443.31,67.34,230.79,919.52,363.99,229.13,271.66,468.21,224.2,103.37,3181.57,242.96,96.14,133.48,40.29,59.01,100.45,282.68
20260824,09:13:40,45203.75,40545.04,24353.55,16304.67,124.49,1945.53,315.42,487.28,541.75,109.41,176.52,190.78,102.94,136.3,293.25,123.94,198.94,294.83,2875.06,1523.04,443.2,67.36,230.79,919.53,363.97,229.13,271.64,468.2,224.2,103.37,3182.44,242.96,96.25,133.48,40.29,59.0,100.45,282.68
20260824,09:13:45,45197.67,40538.81,24355.68,16306.14,124.5,1944.12,315.51,487.28,541.75,109.41,176.58,190.73,103.0,136.09,293.25,124.1,198.94,294.83,2874.52,1522.98,443.2,67.34,230.97,918.36,363.97,229.13,271.64,468.19,224.19,103.37,3182.7,242.96,96.25,133.48,40.29,59.0,100.45,282.68
20260824,09:13:50,45197.4,40538.93,24356.63,16308.51,124.5,1944.08,315.49,487.28,541.64,109.4,176.5,190.7,102.94,136.3,293.25,124.1,198.85,294.83,2874.47,1522.82,443.33,67.37,230.97,918.48,363.96,229.16,271.69,468.17,224.57,103.37,3182.35,242.96,96.25,133.48,40.29,59.0,100.45,282.68
20260824,09:13:55,45194.9,40535.54,24352.97,16301.11,124.5,1944.12,314.77,487.28,541.59,109.4,176.5,190.71,102.94,136.09,293.25,123.98,198.85,294.84,2874.38,1522.86,443.08,67.38,230.96,918.35,363.98,229.16,271.7,468.21,224.56,103.37,3183.22,242.96,96.14,133.48,40.29,59.0,100.45,282.68
20260824,09:14:00,45196.22,40534.53,24355.6,16296.42,124.56,1944.12,314.22,487.26,541.46,109.39,176.33,190.78,102.79,136.09,293.25,124.1,198.85,294.82,2874.41,1522.82,443.21,67.36,230.96,918.46,363.98,229.16,271.69,468.19,224.56,103.36,3185.31,242.96,96.25,133.48,40.29,59.0,100.45,282.7
20260824,09:14:05,45190.55,40531.2,24351.83,16299.46,124.56,1943.89,314.78,487.52,541.45,109.39,176.39,190.72,102.85,136.09,293.25,124.05,198.85,294.79,2874.07,1522.49,443.31,67.39,230.96,918.57,363.66,229.16,271.68,468.18,224.69,103.36,3183.31,242.96,95.9,133.48,40.29,59.02,100.45,282.7
20260824,09:14:10,45191.17,40531.68,24345.53,16291.76,124.56,1943.89,314.23,487.27,541.46,109.31,176.1,190.63,102.63,136.09,293.25,124.05,198.85,294.79,2874.29,1522.52,443.32,67.39,231.21,918.77,363.66,229.16,271.68,468.12,224.59,103.36,3183.43,242.96,96.02,133.48,40.29,59.02,100.45,282.7
20260824,09:14:15,45187.68,40528.27,24344.74,16290.85,124.56,1945.3,314.23,487.27,541.46,109.31,176.18,190.6,102.7,136.09,293.25,124.06,198.85,294.79,2874.04,1522.52,443.37,67.39,230.78,918.54,363.66,229.16,271.67,468.08,224.66,103.34,3183.43,242.96,95.66,133.48,40.29,59.02,100.45,282.68
20260824,09:14:20,45186.0,40526.6,24347.01,16293.34,124.56,1943.69,314.23,487.27,541.46,109.31,176.18,190.59,102.7,136.09,293.13,123.97,198.85,294.79,2873.85,1522.53,443.42,67.39,230.77,918.01,363.43,229.16,271.68,468.11,224.74,103.36,3183.47,242.96,96.02,133.48,40.29,59.02,100.45,282.66
20260824,09:14:25,45188.96,40529.08,24347.99,16293.09,124.5,1943.69,314.23,487.27,541.67,109.31,176.17,190.56,102.7,136.09,293.49,123.97,198.85,294.79,2874.05,1522.76,443.57,67.4,231.13,917.29,363.43,229.16,271.69,468.08,224.66,103.36,3183.84,242.96,96.02,133.48,40.29,59.02,100.45,282.66
20260824,09:14:30,45205.36,40544.27,24352.48,16295.62,124.51,1943.69,314.78,487.27,541.66,109.23,176.18,190.59,102.7,136.09,293.49,123.94,198.7,294.81,2875.21,1523.12,443.52,67.46,231.13,918.91,363.43,229.16,271.65,468.07,224.63,103.36,3184.56,242.96,95.9,133.58,40.29,59.01,100.45,282.66
20260824,09:14:35,45207.68,40546.75,24354.87,16299.1,124.51,1943.75,314.94,487.31,541.73,109.23,176.18,190.61,102.7,136.09,293.49,123.94,198.67,294.81,2875.33,1523.12,443.81,67.45,231.13,918.91,363.4,229.16,271.65,468.07,224.76,103.34,3184.36,242.96,96.02,133.58,40.29,59.01,100.45,282.61
20260824,09:14:40,45217.43,40556.01,24360.98,16305.35,124.51,1943.73,315.57,487.31,541.77,109.15,176.19,190.65,102.7,136.09,293.49,123.98,198.67,294.81,2875.93,1523.26,443.73,67.56,231.13,919.65,363.43,229.16,271.75,468.12,224.91,103.34,3184.57,242.96,96.02,133.58,40.29,59.0,100.45,282.62
20260824,09:14:45,45218.1,40556.37,24362.64,16306.28,124.51,1943.69,315.66,487.3,541.87,109.24,176.19,190.65,102.7,136.09,293.49,123.93,198.63,294.81,2875.93,1523.37,443.66,67.57,231.31,919.21,363.39,229.16,271.75,468.12,224.92,103.34,3184.83,242.96,96.02,133.58,40.29,58.98,100.45,282.62
20260824,09:14:50,45214.12,40553.11,24358.97,16304.12,124.51,1943.69,315.66,487.63,541.77,109.24,176.19,190.67,102.7,136.1,293.49,123.98,198.65,294.8,2875.72,1523.22,443.82,67.64,231.31,919.33,363.43,229.16,271.38,468.14,224.76,103.34,3184.28,242.96,95.9,133.58,40.29,58.98,100.45,282.62
20260824,09:14:55,45220.64,40559.46,24359.38,16304.59,124.18,1943.69,315.66,487.63,541.91,109.24,176.2,190.68,102.7,136.1,293.49,123.94,198.65,294.8,2876.22,1523.2,443.87,67.69,231.56,919.85,363.43,229.16,271.69,468.17,224.86,103.34,3184.28,242.96,95.9,133.58,40.29,59.0,100.45,282.62
20260824,09:15:00,45222.21,40561.58,24357.55,16304.46,124.18,1943.69,315.66,487.56,541.95,109.22,176.19,190.68,102.7,136.1,293.49,123.94,198.69,294.82,2876.4,1523.32,443.6,67.69,231.72,919.95,363.73,229.16,271.71,468.19,224.83,103.36,3183.74,242.96,95.91,133.58,40.29,58.99,100.45,282.62
20260824,09:15:05,45219.93,40559.98,24356.93,16305.83,124.18,1943.69,315.66,487.55,541.98,109.21,176.17,190.66,102.68,136.11,293.49,123.94,198.56,294.82,2876.24,1523.04,443.8,67.68,231.74,920.22,363.43,229.16,271.73,468.2,224.99,103.36,3183.17,242.96,95.91,133.6,40.29,58.99,100.45,282.62
20260824,09:15:10,45256.9,40595.78,24355.44,16303.34,124.18,1943.69,315.66,486.79,541.95,109.21,176.14,190.61,102.67,135.9,293.49,123.95,198.56,294.8,2879.18,1525.34,443.77,67.7,231.74,920.14,363.39,229.16,271.74,468.21,224.89,103.37,3183.38,242.96,95.91,133.6,40.29,58.99,100.45,282.63
20260824,09:15:15,45257.6,40596.22,24354.8,16301.81,124.12,1943.69,315.58,486.79,541.87,109.13,176.13,190.61,102.67,135.9,293.35,123.82,198.56,294.87,2879.25,1525.43,443.77,67.7,231.49,920.21,363.41,229.16,271.75,468.25,224.92,103.37,3183.6,242.96,95.91,133.6,40.29,58.99,100.45,282.66
20260824,09:15:20,45252.27,40591.22,24355.99,16303.8,124.25,1943.69,315.58,486.8,541.86,109.29,176.13,190.61,102.67,135.9,293.44,123.82,198.51,294.88,2878.8,1525.35,443.77,67.62,231.49,919.55,363.38,229.16,271.74,468.25,225.13,103.37,3183.43,242.96,95.79,133.58,40.29,59.02,100.45,282.66
20260824,09:15:25,45254.59,40593.1,24356.5,16303.14,124.25,1943.69,315.58,486.8,542.25,109.22,176.07,190.65,102.61,135.9,293.44,123.94,198.48,294.88,2878.97,1525.35,443.94,67.64,231.56,919.69,363.38,229.16,271.74,468.27,224.93,103.37,3183.77,242.96,95.79,133.58,40.29,59.02,100.45,282.67
20260824,09:15:30,45250.96,40591.75,24347.72,16300.38,124.25,1943.69,315.04,487.06,542.45,109.22,176.07,190.61,102.61,135.9,293.44,123.94,198.48,294.87,2878.93,1525.23,444.14,67.65,231.58,919.72,363.4,229.16,271.73,468.23,224.75,103.37,3181.78,243.28,95.91,133.78,40.29,59.02,100.45,282.67
20260824,09:15:35,45260.38,40601.07,24356.3,16310.73,124.25,1947.7,315.58,487.31,542.53,109.4,176.1,190.64,102.63,135.9,293.44,123.82,198.48,294.87,2879.43,1525.28,444.45,67.7,231.65,920.23,363.65,229.16,271.76,468.19,225.03,103.37,3181.65,243.28,96.15,133.78,40.29,59.0,100.45,282.65
20260824,09:15:40,45265.7,40606.53,24350.78,16305.27,124.25,1947.7,315.48,487.39,542.52,109.32,176.1,190.63,102.63,135.9,293.44,123.83,198.48,294.9,2880.0,1525.24,444.57,67.71,231.92,921.19,363.67,229.16,271.82,468.16,224.72,103.37,3181.41,243.28,95.91,133.88,40.29,58.96,100.45,282.7
20260824,09:15:45,45272.4,40612.56,24354.7,16308.12,124.25,1947.7,315.48,487.39,542.69,109.29,176.08,190.55,102.64,136.74,293.44,123.94,198.48,294.9,2880.42,1525.34,444.4,67.72,231.93,921.58,363.98,229.16,272.14,468.15,224.69,103.37,3181.86,243.28,96.03,133.88,40.29,58.96,100.45,282.7
20260824,09:15:50,45281.43,40621.27,24359.26,16313.09,124.25,1947.7,316.03,487.39,542.78,109.29,176.28,190.57,102.79,136.74,293.44,123.78,198.48,294.9,2881.0,1525.48,444.7,67.72,231.91,922.2,363.98,229.16,272.17,468.04,224.77,103.37,3181.93,243.28,95.91,133.88,40.29,58.97,100.45,282.7
20260824,09:15:55,45284.38,40623.89,24359.58,16312.56,124.12,1947.7,316.2,487.4,542.8,109.29,176.28,190.64,102.78,136.74,293.41,123.78,198.48,294.9,2881.22,1525.63,444.81,67.74,231.67,922.32,364.0,229.16,272.17,468.05,224.73,103.41,3182.17,243.28,95.91,133.48,40.29,58.96,100.45,282.73
20260824,09:16:00,45290.01,40628.71,24362.1,16313.24,124.25,1947.7,316.2,487.69,542.64,109.29,176.3,190.72,102.78,136.96,293.41,123.78,198.48,294.9,2881.6,1525.64,444.73,67.76,231.92,923.01,364.01,229.16,272.16,468.07,224.7,103.42,3182.78,243.28,95.91,133.48,40.29,58.97,100.45,282.75
20260824,09:16:05,45291.75,40631.07,24361.7,16315.0,124.18,1947.7,316.2,487.69,542.71,109.36,176.31,190.73,102.78,136.74,293.41,123.79,198.48,294.9,2881.74,1525.8,444.97,67.75,231.67,922.92,364.02,229.16,272.11,468.04,224.81,103.37,3182.17,243.28,96.03,133.48,40.29,58.97,100.45,282.7
20260824,09:16:10,45300.16,40639.4,24365.79,16320.18,124.18,1947.7,316.2,487.69,542.73,109.36,176.27,190.65,102.77,136.74,293.41,123.91,198.51,294.9,2882.29,1525.92,444.92,67.84,231.69,923.64,364.03,229.16,272.15,468.04,225.21,103.37,3182.05,243.28,96.15,133.48,40.29,58.97,100.45,282.7
20260824,09:16:15,45302.93,40641.97,24365.76,16319.72,124.18,1947.7,316.2,487.61,542.73,109.36,176.29,190.7,102.77,136.96,293.41,124.07,198.51,294.91,2882.51,1525.81,444.87,67.94,231.69,924.39,364.04,229.16,272.14,468.02,225.17,103.4,3182.16,242.96,96.03,133.48,40.29,58.97,100.45,282.7
20260824,09:16:20,45304.78,40643.09,24364.97,16316.51,124.18,1947.56,315.65,487.61,542.76,109.36,176.28,190.69,102.77,136.96,293.41,124.03,198.51,294.92,2882.68,1525.84,444.9,67.94,231.69,924.62,364.27,229.16,272.13,467.97,225.16,103.4,3182.79,242.99,96.15,133.48,40.29,58.99,100.48,282.7
20260824,09:16:25,45306.41,40643.83,24369.73,16319.18,124.06,1944.74,316.03,487.61,542.75,109.6,176.28,190.69,102.77,137.2,293.41,124.03,198.51,294.96,2882.67,1525.87,444.92,67.93,231.69,924.48,364.26,229.16,272.18,467.97,225.26,103.38,3183.55,243.01,96.03,133.58,40.29,58.99,100.48,282.7
20260824,09:16:30,45321.69,40658.88,24371.28,16321.46,124.25,1944.74,316.12,487.98,542.89,109.77,176.33,190.81,102.79,137.2,293.29,124.06,198.49,294.93,2883.83,1526.31,444.92,67.94,231.98,925.5,364.56,229.16,272.19,467.95,225.19,103.39,3183.41,243.01,96.03,133.58,40.3,58.97,100.48,282.7
20260824,09:16:35,45320.31,40658.19,24367.27,16319.08,124.25,1947.56,315.49,488.24,543.0,109.77,176.32,190.77,102.79,137.2,293.29,123.93,198.49,294.94,2883.83,1526.31,445.02,67.97,231.71,925.58,364.59,229.16,272.19,467.95,225.31,103.39,3182.81,243.01,96.03,133.62,40.3,58.97,100.48,282.72
20260824,09:16:40,45325.84,40663.14,24368.33,16318.82,124.25,1947.42,315.5,488.24,542.88,109.61,176.25,190.78,102.73,137.2,293.29,123.93,198.53,294.94,2884.24,1526.45,445.0,67.98,231.72,926.09,364.61,229.16,272.19,467.96,225.44,103.39,3183.21,243.01,96.03,133.62,40.3,58.97,100.48,282.72
20260824,09:16:45,45289.07,40627.7,24368.4,16320.23,124.25,1946.01,315.49,488.12,542.94,109.61,176.26,190.78,102.73,137.42,293.29,124.05,198.49,294.9,2881.35,1524.21,445.17,67.98,231.72,926.33,364.59,229.16,271.9,467.96,225.53,103.43,3182.85,243.01,96.03,133.63,40.3,58.97,100.48,282.77
20260824,09:16:50,45285.82,40625.85,24366.11,16321.98,124.12,1946.23,315.49,487.87,543.04,109.53,176.29,190.91,102.73,137.42,293.41,123.94,198.49,294.92,2881.15,1524.03,445.12,67.98,231.72,926.09,364.64,229.16,272.21,467.95,225.69,103.43,3181.66,243.01,96.15,133.66,40.3,58.97,100.48,282.77
20260824,09:16:55,45291.23,40632.05,24364.71,16323.46,124.12,1945.02,315.49,487.87,543.03,109.53,176.28,190.9,102.72,137.42,293.17,123.94,198.53,294.92,2881.62,1524.06,445.39,67.99,231.72,926.8,364.64,229.16,272.21,467.92,225.92,103.39,3180.82,243.08,96.15,133.64,40.3,58.97,100.48,282.77
20260824,09:17:00,45286.91,40628.08,24362.88,16322.16,124.12,1945.02,315.48,487.87,543.02,109.53,176.28,190.86,102.73,137.42,293.29,123.94,198.53,294.95,2881.33,1524.06,445.24,68.01,231.71,926.25,364.64,229.16,272.22,467.96,225.87,103.39,3180.6,243.08,96.03,133.66,40.3,58.97,100.48,282.77
20260824,09:17:05,45279.14,40619.39,24365.73,16321.71,124.12,1945.02,315.4,487.87,543.05,109.44,176.26,190.89,102.71,137.42,293.08,123.94,198.53,294.95,2880.64,1523.85,445.49,68.03,231.89,924.84,364.33,229.16,272.22,467.95,226.02,103.4,3181.61,243.08,95.91,133.66,40.3,58.98,100.48,282.77
20260824,09:17:10,45281.45,40621.96,24363.61,16320.34,124.12,1945.02,315.4,487.6,543.07,109.44,176.26,190.88,102.71,137.43,292.9,123.94,198.53,294.95,2880.88,1523.89,445.7,68.08,231.71,925.12,364.31,229.17,272.22,467.95,225.9,103.4,3181.32,243.08,95.91,133.66,40.3,58.98,100.48,282.77
20260824,09:17:15,45287.09,40627.46,24365.23,16322.2,124.12,1945.02,315.49,487.6,543.37,109.44,176.25,190.85,102.71,137.42,292.9,123.94,198.53,294.94,2881.28,1523.91,445.43,68.12,232.13,925.81,364.33,229.17,272.23,468.01,225.94,103.34,3181.32,243.08,95.91,133.65,40.3,58.98,100.48,282.77
20260824,09:17:20,45287.37,40628.15,24362.24,16320.15,124.25,1945.02,315.48,487.6,543.12,109.44,176.26,190.89,102.71,137.2,292.9,123.94,198.49,294.94,2881.38,1524.06,445.39,68.11,232.13,925.69,364.3,229.17,272.23,467.93,225.83,103.33,3180.95,243.08,95.91,133.65,40.3,58.98,100.48,282.71
20260824,09:17:25,45284.88,40626.3,24362.12,16321.94,124.12,1945.02,315.5,487.53,543.12,109.36,176.34,190.91,102.77,137.42,292.9,123.94,198.46,294.94,2881.19,1524.21,445.58,68.11,232.12,924.6,364.28,229.17,272.22,467.95,225.98,103.33,3180.42,243.07,95.92,133.65,40.3,58.96,100.48,282.71
20260824,09:17:30,45335.58,40674.96,24360.19,16317.24,124.12,1945.02,315.41,487.35,543.04,109.2,176.34,190.91,102.77,137.2,292.64,123.95,198.48,294.94,2885.23,1526.72,445.81,68.15,232.12,926.1,364.36,229.17,272.21,467.95,225.64,103.33,3181.1,243.07,95.92,133.67,40.3,58.98,100.48,282.76
20260824,09:17:35,45336.17,40675.71,24361.06,16318.84,124.18,1944.79,315.5,487.42,543.08,109.37,176.33,190.87,102.77,137.2,292.64,123.94,198.56,294.92,2885.25,1526.87,445.68,68.15,231.89,926.04,364.35,229.17,272.21,467.99,225.57,103.33,3180.93,243.07,96.04,133.67,40.3,58.98,100.48,282.76
20260824,09:17:40,45285.3,40625.92,24361.24,16318.27,124.18,1946.2,315.5,487.29,543.01,109.29,176.5,190.87,102.9,137.2,292.64,123.81,198.56,294.92,2881.25,1524.38,445.57,68.15,231.9,924.42,364.34,229.17,272.17,467.93,225.43,103.33,3181.14,243.07,96.04,133.64,40.3,58.98,100.48,282.76
20260824,09:17:45,45285.74,40627.16,24357.2,16316.36,124.06,1944.68,315.42,487.04,543.05,109.29,176.42,190.84,102.85,137.2,292.64,123.82,198.56,294.93,2881.4,1524.56,445.46,68.17,231.89,924.3,364.34,229.17,272.17,467.89,225.52,103.33,3180.4,243.07,96.04,133.64,40.3,58.94,100.48,282.75
20260824,09:17:50,45283.4,40624.5,24360.02,16318.35,124.18,1944.69,315.49,486.75,542.97,109.21,176.42,190.87,102.85,137.42,292.64,123.82,198.56,294.93,2881.13,1524.35,445.63,68.15,231.9,924.28,364.43,229.17,272.08,467.88,225.57,103.3,3180.74,243.07,96.16,133.65,40.3,58.96,100.48,282.75
20260824,09:17:55,45279.67,40620.82,24359.73,16317.84,124.18,1944.69,316.04,486.75,542.97,109.29,176.22,190.82,102.69,137.42,292.64,123.78,198.53,294.93,2880.85,1524.32,445.37,68.17,231.89,924.27,364.45,229.17,271.81,467.87,225.46,103.3,3180.79,243.07,96.04,133.65,40.3,58.96,100.48,282.7
20260824,09:18:00,45268.45,40615.72,24337.73,16312.05,124.18,1944.69,315.34,486.75,543.06,109.29,176.21,190.72,102.7,137.2,292.64,123.75,198.53,294.91,2880.58,1524.18,445.45,68.15,231.88,923.75,364.42,229.17,272.04,467.88,225.53,103.33,3175.49,243.0,95.92,133.65,40.3,58.96,100.48,282.71
20260824,09:18:05,45264.16,40608.61,24344.85,16310.45,124.18,1944.69,315.15,486.75,542.88,109.22,176.2,190.68,102.7,137.2,292.64,123.76,198.53,294.98,2880.04,1524.26,445.5,68.13,231.95,922.19,364.42,229.19,272.02,467.88,225.51,103.38,3178.15,243.0,95.92,133.78,40.3,58.97,100.48,282.71
20260824,09:18:10,45253.0,40598.13,24335.49,16300.98,124.06,1944.69,314.44,487.26,542.43,109.13,176.21,190.68,102.71,136.99,292.64,123.74,198.46,294.99,2879.43,1523.93,445.38,68.06,231.73,922.05,364.4,229.19,272.12,467.85,225.37,103.38,3177.8,243.0,95.8,133.78,40.3,58.97,100.48,282.71
20260824,09:18:15,45254.25,40599.56,24335.38,16301.59,123.93,1944.69,314.6,487.01,542.36,109.05,176.27,190.64,102.77,136.99,292.64,123.75,198.46,295.0,2879.53,1524.11,445.33,68.08,231.73,921.73,364.69,229.19,272.12,467.6,225.21,103.38,3177.59,242.93,96.04,133.77,40.3,58.98,100.45,282.73
20260824,09:18:20,45244.81,40591.51,24336.97,16307.26,123.93,1944.69,315.13,487.02,542.38,109.05,176.3,190.66,102.79,136.99,292.64,123.75,198.46,294.98,2878.74,1523.94,445.2,67.95,231.73,920.77,364.69,229.19,272.11,467.62,225.34,103.34,3176.55,242.91,96.04,133.77,40.38,58.98,100.45,282.72
20260824,09:18:25,45242.31,40589.07,24335.62,16305.7,123.93,1944.32,315.05,486.76,542.46,109.21,176.3,190.67,102.79,137.2,292.64,123.65,198.46,294.97,2878.58,1523.89,445.32,67.93,231.71,920.63,364.68,229.19,272.02,467.62,225.25,103.34,3176.55,242.91,96.04,133.75,40.38,58.98,100.45,282.72
20260824,09:18:30,45243.7,40590.63,24332.48,16302.75,124.06,1944.24,315.15,486.76,542.34,109.21,176.11,190.7,102.63,137.2,292.64,123.76,198.32,294.96,2878.78,1524.07,445.21,67.92,231.71,920.66,364.68,229.19,272.01,467.58,225.16,103.34,3176.37,242.91,95.92,133.75,40.38,58.97,100.45,282.69
20260824,09:18:35,45242.61,40589.94,24332.88,16304.46,123.93,1945.65,315.24,487.02,542.23,109.2,176.1,190.68,102.63,137.42,292.66,123.63,198.32,294.96,2878.68,1524.03,445.28,67.93,231.71,920.54,364.34,229.19,272.0,467.58,225.23,103.34,3176.03,242.91,96.04,133.75,40.38,58.97,100.45,282.68
20260824,09:18:40,45235.32,40583.02,24330.21,16302.02,124.06,1944.24,315.24,487.01,542.18,109.2,176.07,190.68,102.6,137.21,292.59,123.62,198.32,294.95,2878.18,1523.95,445.08,67.93,231.71,919.87,364.4,229.19,271.94,467.52,225.1,103.46,3175.86,242.91,96.04,133.75,40.38,58.97,100.45,282.63
20260824,09:18:45,45232.73,40580.16,24328.7,16299.14,123.93,1944.28,315.32,486.76,542.05,109.27,175.87,190.67,102.44,137.21,292.59,123.65,198.32,294.95,2878.02,1524.04,444.59,67.94,231.7,919.74,364.31,229.19,271.93,467.54,225.06,103.49,3176.17,242.65,96.04,133.74,40.38,58.97,100.45,282.63
20260824,09:18:50,45228.95,40576.66,24329.6,16300.81,124.06,1944.06,315.24,486.84,542.04,109.21,175.87,190.65,102.44,137.21,292.59,123.89,198.32,294.96,2877.7,1524.09,444.31,67.97,231.71,919.47,364.35,229.44,271.58,467.49,225.04,103.5,3176.0,242.65,96.04,133.73,40.38,58.97,100.45,282.93
20260824,09:18:55,45223.81,40571.08,24332.8,16302.55,123.93,1944.06,315.23,486.76,542.02,109.21,175.87,190.7,102.43,137.63,292.59,123.97,198.32,294.96,2877.21,1523.96,444.36,68.02,231.71,918.59,364.35,229.44,271.58,467.45,225.19,103.5,3176.53,242.65,96.04,133.73,40.38,58.97,100.45,282.91
20260824,09:19:00,45274.51,40620.26,24333.79,16302.92,123.93,1944.06,315.3,486.99,541.97,109.13,175.86,190.71,102.42,137.63,292.47,123.97,198.32,294.96,2881.16,1526.56,444.35,68.0,231.71,919.6,364.35,229.44,271.88,467.42,225.05,103.46,3176.73,242.98,96.15,133.73,40.38,58.98,100.45,282.91
20260824,09:19:05,45274.21,40620.1,24336.03,16305.99,123.93,1944.06,315.77,486.82,541.96,109.13,175.87,190.74,102.42,137.86,292.33,123.97,198.32,294.96,2881.08,1526.58,444.25,67.94,231.71,919.61,364.1,229.44,271.87,467.38,225.01,103.49,3176.6,242.98,96.15,133.73,40.38,58.98,100.45,282.91
20260824,09:19:10,45271.88,40618.07,24335.14,16305.76,124.06,1944.06,315.31,486.82,542.32,109.05,175.88,190.78,102.42,137.86,292.33,123.97,198.32,294.99,2880.92,1526.55,444.34,67.97,231.71,919.22,364.1,229.3,271.86,467.34,225.2,103.49,3176.39,242.98,96.15,133.73,40.34,58.98,100.45,282.91
20260824,09:19:15,45280.8,40624.27,24343.86,16307.46,123.98,1943.97,315.31,486.81,542.5,109.13,176.08,190.74,102.59,138.07,292.33,123.95,198.32,294.98,2881.38,1526.69,444.34,68.02,231.71,919.77,364.07,229.3,271.86,467.34,225.13,103.53,3178.65,242.98,96.15,133.57,40.34,58.98,100.45,282.89
20260824,09:19:20,45281.25,40623.63,24349.9,16310.77,123.98,1943.81,315.95,486.81,542.62,109.13,176.07,190.77,102.58,138.07,292.33,123.79,198.32,294.95,2881.25,1526.64,444.11,68.03,231.72,919.85,364.07,229.3,271.83,467.33,225.1,103.49,3179.64,242.91,96.15,133.57,40.34,58.98,100.45,282.89
20260824,09:19:25,45289.09,40631.41,24347.25,16308.19,123.98,1943.81,315.86,486.56,542.55,109.29,176.07,190.81,102.57,138.07,292.33,123.79,198.32,294.96,2881.93,1526.88,444.22,68.04,231.72,920.6,364.06,229.3,271.83,467.31,224.99,103.49,3179.51,242.91,96.15,133.57,40.34,58.98,100.45,282.59
20260824,09:19:30,45289.14,40631.23,24347.46,16307.69,123.98,1943.14,315.86,486.81,542.59,109.29,176.04,190.74,102.56,138.07,292.33,123.8,198.35,294.94,2881.93,1526.78,444.23,68.07,231.72,920.81,364.38,229.3,271.83,467.28,224.82,103.54,3179.71,242.91,96.27,133.57,40.34,58.98,100.45,282.7
20260824,09:19:35,45287.95,40630.1,24347.1,16307.39,123.98,1943.51,315.94,486.81,542.68,109.3,176.03,190.77,102.55,137.86,292.33,123.84,198.35,294.95,2881.85,1526.83,444.17,68.1,231.97,920.23,364.42,229.3,271.83,467.2,224.72,103.51,3179.68,242.91,96.27,133.57,40.34,58.98,100.45,282.66
20260824,09:19:40,45290.86,40632.93,24345.83,16305.91,123.98,1943.51,315.94,486.81,542.65,109.3,175.96,190.77,102.49,138.07,292.21,123.81,198.35,294.95,2882.11,1526.95,444.36,68.08,231.96,920.35,364.18,229.3,271.85,467.17,224.71,103.51,3179.69,242.58,96.27,133.57,40.34,58.98,100.45,282.68
20260824,09:19:45,45290.48,40632.48,24345.72,16305.46,123.98,1943.51,315.85,486.81,542.79,109.3,175.96,190.78,102.49,138.07,292.21,123.8,198.32,294.95,2882.09,1526.92,444.42,68.06,231.98,920.42,364.16,229.3,271.79,467.21,224.67,103.51,3179.77,242.65,96.27,133.57,40.34,58.98,100.45,282.68
20260824,09:19:50,45287.15,40629.06,24345.51,16304.64,123.98,1943.14,315.85,486.81,542.75,109.22,175.97,190.85,102.48,138.07,292.21,123.8,198.46,294.95,2881.83,1526.95,444.34,68.07,231.73,919.97,364.39,229.3,271.79,467.27,224.68,103.49,3179.93,242.65,96.15,133.57,40.34,59.01,100.45,282.68
20260824,09:19:55,45285.32,40627.05,24345.35,16303.71,123.98,1943.14,315.94,486.78,542.77,109.3,175.94,190.86,102.45,138.07,292.21,123.8,198.46,294.95,2881.69,1526.85,444.17,68.04,231.9,920.0,364.42,229.3,271.8,467.21,224.64,103.49,3180.13,242.65,96.04,133.57,40.34,59.01,100.47,282.65
20260824,09:20:00,45287.73,40629.8,24344.03,16303.54,123.98,1943.03,316.03,486.8,543.02,109.3,175.94,190.86,102.45,138.07,292.21,123.8,198.35,294.95,2881.92,1527.01,444.11,68.0,231.91,920.18,364.42,229.3,271.79,467.18,224.5,103.42,3179.77,242.65,96.04,133.57,40.3,59.01,100.47,282.69
20260824,09:20:05,45243.57,40586.62,24343.81,16302.81,123.98,1942.8,316.03,486.81,543.35,109.27,175.94,190.82,102.46,138.07,292.21,123.8,198.35,294.95,2878.46,1524.44,444.12,67.98,231.91,920.42,363.86,229.3,271.48,467.09,224.57,103.42,3179.9,242.65,95.8,133.49,40.31,59.01,100.47,282.69
20260824,09:20:10,45249.24,40590.66,24347.23,16301.73,124.11,1942.8,316.03,486.81,543.4,109.27,175.91,190.74,102.46,137.87,292.21,123.8,198.35,294.95,2878.81,1524.46,444.16,67.97,232.1,920.53,364.19,229.3,271.79,467.08,224.45,103.42,3181.26,242.65,95.8,133.46,40.31,59.04,100.47,282.67
20260824,09:20:15,45260.82,40601.27,24356.27,16309.92,124.11,1942.8,316.57,486.77,543.41,109.27,175.97,190.77,102.5,137.87,292.21,123.81,198.5,294.95,2879.46,1524.85,444.12,67.97,232.12,920.92,364.16,229.3,271.8,467.08,224.5,103.42,3181.86,242.65,96.15,133.43,40.31,59.04,100.47,282.67
20260824,09:20:20,45262.25,40602.19,24360.23,16312.87,124.11,1942.8,316.58,486.75,543.35,109.26,176.0,190.81,102.52,137.89,292.21,123.81,198.64,294.98,2879.47,1524.87,444.09,67.99,232.3,920.7,364.17,229.3,271.79,467.07,224.78,103.42,3182.29,242.65,96.15,133.43,40.31,59.04,100.47,282.66
20260824,09:20:25,45263.86,40603.76,24363.14,16316.22,123.98,1942.8,316.67,486.79,543.66,109.18,175.99,190.78,102.52,137.89,292.21,123.81,198.6,294.98,2879.51,1524.76,444.13,67.98,232.55,920.86,364.21,229.3,271.81,467.07,225.13,103.42,3182.29,242.65,96.04,133.43,40.31,59.04,100.47,282.66
20260824,09:20:30,45256.21,40596.74,24361.3,16315.57,123.85,1942.8,316.67,486.79,543.75,109.26,175.98,190.8,102.5,137.88,292.57,123.93,198.6,294.98,2878.96,1524.68,444.12,67.96,232.49,920.31,364.22,229.3,271.5,467.08,224.98,103.42,3181.89,242.65,96.04,133.43,40.31,59.01,100.47,282.66
20260824,09:20:35,45258.38,40600.16,24359.62,16317.99,123.85,1942.8,316.67,486.79,543.72,109.26,175.99,190.82,102.5,137.87,292.57,123.81,198.6,294.98,2879.18,1524.76,444.11,67.95,232.49,920.19,364.23,229.3,271.81,467.09,225.32,103.44,3180.71,242.65,96.04,133.43,40.31,59.01,100.47,282.66
20260824,09:20:40,45303.49,40643.27,24364.71,16321.03,123.85,1942.75,316.67,486.51,543.89,109.18,176.0,190.89,102.5,137.67,292.69,123.82,198.6,294.99,2882.58,1527.32,444.2,67.97,232.64,920.13,364.22,229.3,271.82,467.11,225.62,103.44,3181.48,242.65,96.04,133.43,40.31,59.02,100.47,282.68
20260824,09:20:45,45303.23,40642.8,24365.55,16321.28,123.85,1942.75,316.67,486.77,543.78,109.19,176.0,190.89,102.5,137.67,292.57,123.82,198.6,294.99,2882.54,1527.29,444.2,67.95,232.64,920.14,364.3,229.3,271.81,467.1,225.65,103.44,3181.67,242.65,96.04,133.43,40.31,59.02,100.47,282.7
20260824,09:20:50,45293.3,40632.86,24365.58,16320.42,123.85,1942.75,316.67,486.5,543.72,109.19,176.02,190.96,102.5,137.66,292.21,123.82,198.6,294.99,2881.76,1526.9,444.08,67.94,232.64,919.53,364.29,229.2,271.9,467.13,225.81,103.44,3181.92,242.65,95.8,133.43,40.31,59.02,100.47,282.7
20260824,09:20:55,45294.45,40633.29,24364.49,16316.85,123.72,1942.75,316.67,486.42,543.75,109.19,176.04,190.93,102.52,137.66,292.33,123.82,198.6,294.96,2881.88,1527.07,444.23,67.92,232.64,919.2,364.25,229.2,271.89,466.83,225.72,103.44,3182.55,242.61,95.56,133.43,40.31,59.02,100.47,282.7
20260824,09:21:00,45293.88,40633.37,24362.94,16317.2,123.85,1942.75,316.51,486.17,543.75,109.11,176.09,190.99,102.55,137.45,292.33,123.82,198.6,294.96,2881.88,1526.96,444.32,67.89,232.89,919.27,364.26,229.2,271.89,466.86,225.77,103.44,3181.97,242.61,95.56,133.43,40.31,59.01,100.47,283.0
20260824,09:21:05,45291.52,40631.66,24359.67,16315.4,123.85,1942.78,316.59,486.17,543.74,109.03,176.13,190.95,102.6,137.63,292.33,123.81,198.6,294.96,2881.78,1526.79,444.31,67.89,232.6,919.82,364.27,229.18,271.89,466.79,225.59,103.44,3181.43,242.59,95.44,133.42,40.31,59.01,100.47,283.01
20260824,09:21:10,45252.98,40593.91,24358.57,16313.46,123.85,1942.78,316.43,486.17,543.86,109.03,176.13,190.95,102.59,137.43,292.27,123.81,198.6,294.96,2878.79,1524.57,444.36,67.89,232.58,919.56,364.04,229.18,271.89,466.73,225.53,103.44,3181.61,242.59,95.44,133.42,40.31,59.01,100.47,282.99
20260824,09:21:15,45252.19,40593.76,24356.47,16313.15,123.72,1942.78,316.41,486.17,543.78,109.11,176.16,190.93,102.62,137.43,292.09,123.81,198.55,294.96,2878.78,1524.74,444.34,67.86,232.58,919.1,364.06,229.18,271.89,466.73,225.42,103.44,3181.05,242.59,95.56,133.42,40.31,59.01,100.47,283.02
20260824,09:21:20,45249.09,40589.49,24360.23,16313.29,123.85,1942.56,316.33,485.98,543.88,109.03,176.17,190.94,102.62,137.43,291.97,123.81,198.55,294.96,2878.43,1524.45,444.44,67.88,232.58,919.04,364.04,229.18,271.89,466.73,225.58,103.44,3182.18,242.59,95.44,133.42,40.31,59.0,100.47,283.02
20260824,09:21:25,45248.37,40589.42,24359.49,16314.56,123.72,1943.97,316.41,485.91,543.83,109.11,176.26,190.9,102.71,137.63,291.97,123.81,198.51,294.99,2878.4,1524.43,444.37,67.88,232.58,919.03,364.31,229.18,271.89,466.76,225.5,103.4,3181.61,242.58,95.44,133.42,40.31,59.0,100.48,283.03
20260824,09:21:30,45253.58,40594.27,24361.58,16316.22,123.85,1943.74,316.51,485.66,543.88,109.03,176.28,190.91,102.72,137.42,292.09,123.81,198.48,294.99,2878.75,1524.45,444.94,67.9,232.34,919.01,364.29,229.18,272.21,466.76,225.6,103.41,3181.81,242.58,95.45,133.42,40.31,59.01,100.48,283.02
20260824,09:21:35,45255.7,40595.91,24366.69,16320.66,123.85,1943.64,317.05,485.92,543.74,109.36,176.28,190.92,102.72,137.42,291.97,123.92,198.49,294.98,2878.77,1524.44,444.83,67.9,232.34,919.19,364.31,229.18,272.21,466.72,225.53,103.41,3182.2,242.58,95.45,133.42,40.31,58.98,100.48,283.02
20260824,09:21:40,45300.75,40640.25,24364.02,16319.05,123.85,1943.64,317.04,485.74,543.57,109.36,176.27,190.97,102.7,137.63,291.86,123.92,198.52,294.98,2882.39,1526.92,444.82,67.91,232.89,919.63,364.27,228.94,272.21,466.67,225.45,103.41,3181.8,242.51,95.45,133.42,40.31,58.98,100.48,283.01
20260824,09:21:45,45306.61,40646.21,24368.7,16325.28,123.85,1942.23,317.13,485.74,543.82,109.44,176.49,191.01,102.87,138.48,291.86,123.79,198.49,294.97,2882.72,1526.88,444.83,67.9,232.9,920.66,364.28,228.94,272.11,466.64,225.56,103.41,3181.57,242.56,95.57,133.42,40.31,59.03,100.48,283.01
20260824,09:21:50,45303.98,40643.68,24372.77,16330.09,123.91,1942.45,317.67,485.74,543.99,109.36,176.5,191.04,102.87,138.48,291.86,123.76,198.49,294.99,2882.4,1526.87,444.93,67.9,232.9,919.83,364.29,228.94,272.11,466.63,225.6,103.41,3181.54,242.56,95.57,133.52,40.3,59.01,100.48,283.01
20260824,09:21:55,45309.43,40648.98,24368.6,16325.25,123.91,1942.45,317.12,485.74,544.16,109.31,176.51,191.05,102.87,138.48,291.86,123.76,198.49,295.0,2882.94,1526.75,444.94,67.92,232.9,921.44,364.28,228.94,272.11,466.63,225.57,103.41,3181.55,242.56,95.45,133.53,40.3,58.99,100.48,282.98
20260824,09:22:00,45305.89,40645.79,24367.64,16324.99,124.04,1942.33,317.12,485.75,544.19,109.39,176.51,191.08,102.88,138.48,291.86,123.76,198.49,295.0,2882.69,1526.53,444.91,67.88,233.14,921.35,364.6,228.94,272.11,466.58,225.57,103.41,3181.32,242.56,95.33,133.53,40.3,58.99,100.48,282.98
20260824,09:22:05,45300.07,40642.78,24359.51,16324.58,123.91,1942.33,317.12,486.0,544.19,109.39,176.5,191.01,102.88,138.48,291.86,123.75,198.49,295.0,2882.46,1526.55,444.89,67.86,233.15,920.83,364.49,228.94,272.11,466.53,225.57,103.46,3178.89,242.56,95.33,133.53,40.3,58.99,100.48,282.98
20260824,09:22:10,45284.61,40627.45,24358.04,16321.97,123.91,1942.33,317.12,485.77,544.12,109.31,176.49,191.01,102.87,138.27,291.68,123.77,198.49,295.0,2881.28,1526.57,444.79,67.85,232.37,918.82,364.53,228.95,272.1,466.51,225.35,103.46,3179.14,242.56,95.33,133.53,40.37,59.01,100.66,282.96
20260824,09:22:15,45281.87,40623.18,24362.5,16321.78,123.91,1942.33,317.2,485.69,544.33,109.4,176.49,191.01,102.87,138.26,291.68,123.73,198.43,295.0,2880.94,1526.55,444.69,67.83,232.37,918.32,364.49,228.95,272.02,466.36,225.25,103.45,3180.59,242.56,95.33,133.52,40.37,59.01,100.66,282.93
20260824,09:22:20,45288.18,40629.27,24362.81,16321.92,123.91,1942.33,317.2,485.7,544.55,109.4,176.48,191.01,102.86,138.26,291.68,123.71,198.43,295.0,2881.43,1526.8,444.79,67.84,232.38,918.56,364.49,228.95,272.04,466.45,225.36,103.45,3180.64,242.23,95.33,133.41,40.37,58.93,100.66,282.92
20260824,09:22:25,45288.37,40629.3,24364.41,16323.25,123.91,1942.33,317.13,485.66,544.82,109.4,176.48,191.02,102.86,138.26,291.68,123.84,198.43,295.0,2881.4,1526.82,444.77,67.87,232.38,918.42,364.47,228.95,272.03,466.46,225.37,103.45,3180.78,242.2,95.33,133.41,40.37,58.95,100.66,282.92
20260824,09:22:30,45245.33,40589.51,24355.8,16320.52,123.91,1942.33,317.12,485.91,544.74,109.4,176.68,191.03,103.02,138.05,291.68,123.7,198.43,295.01,2878.26,1524.44,444.9,67.87,232.5,918.43,364.49,228.96,271.72,466.45,225.09,103.46,3178.84,242.15,95.33,133.39,40.37,58.96,100.66,282.61
20260824,09:22:35,45249.93,40594.07,24357.78,16323.06,123.91,1942.33,316.95,485.91,545.16,109.32,176.67,190.98,103.02,138.05,291.68,123.7,198.43,295.01,2878.57,1524.48,444.91,67.86,232.38,918.75,364.54,228.96,272.02,466.46,225.37,103.46,3178.76,242.15,95.33,133.39,40.37,58.95,100.66,282.61
20260824,09:22:40,45247.13,40591.3,24358.7,16323.97,123.91,1942.1,316.95,485.91,545.22,109.41,176.73,190.98,103.07,138.05,291.68,123.7,198.41,295.01,2878.32,1524.25,444.86,67.94,232.39,918.77,364.49,228.96,272.03,466.48,225.37,103.46,3178.8,242.16,95.33,133.39,40.37,58.93,100.66,282.64
20260824,09:22:45,45246.62,40590.34,24354.15,16317.19,123.91,1942.1,316.33,485.99,545.29,109.41,176.72,190.94,103.07,138.05,291.68,123.69,198.38,295.0,2878.41,1524.13,445.06,67.94,232.82,918.81,364.19,228.96,272.02,466.45,225.34,103.53,3179.22,242.16,95.1,133.39,40.37,58.91,100.66,282.63
20260824,09:22:50,45243.2,40587.38,24350.6,16314.34,123.78,1941.88,316.33,485.99,545.23,109.33,176.58,190.93,102.96,137.84,291.68,123.69,198.38,294.99,2878.24,1524.08,445.0,67.96,232.56,918.81,364.17,229.21,272.03,466.44,225.31,103.53,3178.89,242.16,95.1,133.39,40.37,58.93,100.66,282.61
20260824,09:22:55,45243.92,40588.29,24350.64,16315.13,123.91,1941.88,316.24,486.24,545.16,109.42,176.68,190.95,103.03,138.05,291.68,123.69,198.34,294.99,2878.29,1524.1,445.03,67.97,232.56,918.79,364.49,229.21,272.03,466.43,225.24,103.52,3178.68,241.83,95.08,133.39,40.37,58.93,100.66,282.92
20260824,09:23:00,45244.57,40589.12,24350.92,16316.07,123.91,1941.88,316.42,486.24,545.14,109.42,176.67,190.93,103.03,138.05,291.68,123.69,198.41,294.97,2878.34,1524.13,445.0,67.99,232.57,918.77,364.49,229.21,272.04,466.41,225.22,103.52,3178.52,241.83,95.08,133.39,40.37,58.94,100.66,282.92
20260824,09:23:05,45242.12,40586.68,24348.76,16313.42,124.04,1940.24,316.33,485.98,544.97,109.34,176.69,191.0,103.03,138.05,291.65,123.68,198.23,294.97,2878.2,1524.04,445.04,67.97,232.57,918.72,364.48,229.21,272.04,466.36,225.27,103.52,3178.56,241.83,94.96,133.38,40.37,58.93,100.66,282.92
20260824,09:23:10,45243.87,40587.67,24348.94,16311.25,123.91,1940.24,316.42,485.98,544.74,109.34,176.69,190.96,103.04,138.05,291.65,123.67,198.2,295.02,2878.34,1524.14,444.95,67.99,232.74,918.64,364.48,229.21,272.04,466.39,225.16,103.52,3179.21,241.88,94.96,133.38,40.37,58.95,100.66,282.61
20260824,09:23:15,45243.35,40587.38,24342.49,16304.53,123.85,1939.94,315.62,485.67,545.07,109.34,176.69,190.98,103.04,138.04,291.65,123.66,198.17,295.0,2878.47,1524.26,445.03,67.95,232.74,918.62,364.48,229.21,272.02,466.33,225.14,103.52,3179.02,241.88,94.84,133.38,40.37,58.95,100.66,282.6
20260824,09:23:20,45241.94,40585.63,24340.88,16301.41,123.85,1939.97,315.6,485.18,544.98,109.41,176.59,190.86,102.98,137.83,291.65,123.66,198.22,295.0,2878.41,1524.07,444.98,67.93,232.74,919.18,364.15,229.21,272.01,466.36,225.13,103.52,3179.36,241.88,94.72,133.38,40.37,58.95,100.66,282.6
20260824,09:23:25,45246.43,40590.01,24338.69,16298.9,123.85,1940.2,315.53,485.18,544.76,109.45,176.55,190.72,102.98,137.83,291.65,123.65,198.22,294.92,2878.82,1524.2,445.58,67.92,232.73,919.12,364.12,229.21,272.04,466.35,224.95,103.52,3179.36,241.88,94.84,133.37,40.37,58.95,100.66,282.6
20260824,09:23:30,45246.42,40590.36,24338.0,16299.35,123.85,1940.2,315.52,485.43,544.97,109.52,176.57,190.8,102.98,137.83,291.51,123.64,198.22,294.92,2878.84,1524.2,445.38,67.92,232.98,919.1,364.12,229.21,272.09,466.31,224.98,103.53,3179.02,241.88,94.72,133.35,40.37,58.95,100.66,282.6
20260824,09:23:35,45244.51,40587.93,24339.99,16299.74,123.72,1939.46,315.51,485.43,544.76,109.59,176.57,190.78,102.98,137.62,291.51,123.64,198.07,294.95,2878.63,1524.19,445.42,67.9,232.98,918.65,364.11,228.96,272.08,466.35,225.1,103.53,3179.54,241.84,94.84,133.35,40.37,58.95,100.66,282.6
20260824,09:23:40,45239.9,40584.37,24338.15,16300.74,123.66,1939.46,315.6,485.18,544.81,109.69,176.57,190.77,102.98,137.63,291.69,123.63,198.09,294.95,2878.32,1524.02,445.37,67.91,232.98,918.47,364.08,229.21,272.08,466.35,225.14,103.53,3178.69,241.84,94.84,133.35,40.37,58.95,100.66,282.59
20260824,09:23:45,45237.67,40582.2,24336.34,16298.66,123.66,1939.88,315.43,485.45,544.88,109.77,176.57,190.76,102.98,137.65,291.57,123.65,198.09,294.95,2878.2,1523.95,445.38,67.9,232.97,918.35,364.4,229.21,272.08,466.32,224.95,103.53,3178.69,241.84,94.84,133.35,40.37,58.95,100.66,282.59
20260824,09:23:50,45235.88,40580.01,24337.16,16298.12,123.66,1939.43,315.43,485.2,544.98,109.69,176.58,190.8,102.98,137.67,291.57,123.64,198.09,294.95,2878.04,1524.04,445.27,67.93,232.55,918.27,363.93,229.21,272.03,466.35,224.92,103.53,3179.09,241.84,94.84,133.35,40.37,58.95,100.66,282.59
20260824,09:23:55,45232.91,40577.71,24332.14,16294.3,123.79,1939.43,314.89,485.2,544.9,109.68,176.57,190.79,102.98,137.46,291.57,123.6,197.99,294.95,2877.94,1523.97,445.26,67.94,232.55,918.2,363.97,229.07,272.08,466.36,224.98,103.49,3178.56,241.84,94.84,133.35,40.37,58.98,100.66,282.57
20260824,09:24:00,45230.55,40575.48,24331.5,16293.81,123.66,1939.43,314.88,485.46,544.82,109.68,176.58,190.81,102.98,137.46,291.45,123.61,197.99,295.02,2877.77,1523.96,445.19,67.98,232.3,918.08,363.93,229.07,272.07,466.36,224.95,103.49,3178.49,241.84,94.84,133.35,40.37,58.98,100.66,282.57
20260824,09:24:05,45230.08,40574.67,24337.08,16299.06,123.79,1939.43,314.88,485.46,544.87,109.68,176.57,190.8,102.98,137.48,291.45,123.73,197.99,294.95,2877.58,1523.97,445.27,68.0,232.55,918.01,363.93,229.07,271.45,466.41,225.46,103.49,3178.81,241.84,94.72,133.35,40.37,59.0,100.66,282.57
20260824,09:24:10,45269.28,40614.11,24333.85,16299.5,123.72,1939.43,314.88,485.46,544.98,109.68,176.57,190.82,102.98,137.48,291.45,123.72,197.99,294.95,2880.75,1526.26,445.15,68.0,232.29,918.44,363.93,229.07,271.76,466.41,225.49,103.49,3177.68,241.84,94.72,133.35,40.37,59.01,100.66,282.57
20260824,09:24:15,45267.44,40611.87,24330.69,16294.38,123.6,1939.43,314.34,485.46,545.12,109.68,176.58,190.83,102.98,137.5,291.45,123.77,197.99,294.95,2880.69,1526.34,445.24,68.01,232.29,917.95,363.93,229.07,271.76,466.35,225.45,103.45,3178.09,241.84,94.6,133.35,40.37,58.99,100.66,282.57
20260824,09:24:20,45269.96,40613.08,24338.96,16299.71,123.6,1939.43,314.88,485.45,545.09,109.68,176.57,190.82,102.98,137.5,291.45,123.77,197.97,294.95,2880.66,1526.3,445.15,68.0,232.54,917.91,364.3,229.07,271.71,466.29,225.42,103.45,3179.22,241.84,94.84,133.35,40.37,58.99,100.66,282.57
20260824,09:24:25,45229.33,40573.94,24338.28,16300.41,123.72,1939.66,314.88,485.58,545.15,109.68,176.57,190.85,102.97,137.5,291.45,123.77,197.97,294.95,2877.49,1523.89,445.05,68.0,232.53,917.94,364.27,229.07,271.71,466.31,225.41,103.45,3178.82,241.84,94.84,133.37,40.37,58.99,100.66,282.52
20260824,09:24:30,45229.07,40573.91,24337.8,16300.6,123.6,1939.66,314.87,485.58,544.68,109.6,176.59,190.82,102.99,137.5,291.27,123.76,197.97,294.95,2877.48,1524.02,445.0,67.98,232.28,917.83,364.27,229.07,271.71,466.33,225.64,103.45,3178.62,241.84,94.84,133.37,40.37,59.01,100.66,282.54
20260824,09:24:35,45226.92,40572.36,24338.98,16303.81,123.6,1939.66,314.87,485.58,544.97,109.51,176.79,190.84,103.15,137.51,291.27,123.75,197.97,294.95,2877.28,1523.95,445.01,67.93,232.26,917.66,364.23,229.07,271.71,466.37,225.67,103.44,3178.11,241.84,94.84,133.37,40.37,59.01,100.66,282.54
20260824,09:24:40,45221.55,40568.73,24328.55,16297.17,123.6,1939.74,314.24,485.45,544.81,109.51,176.74,190.75,103.13,137.51,291.27,123.72,197.97,294.92,2877.15,1523.82,444.86,67.93,232.26,918.04,364.17,229.08,271.61,466.31,225.63,103.44,3176.66,241.84,94.85,133.34,40.37,59.01,100.66,282.53
20260824,09:24:45,45219.39,40566.42,24329.44,16297.49,123.6,1939.74,314.24,485.32,544.66,109.51,176.77,190.77,103.15,137.51,291.27,123.73,197.97,294.88,2876.95,1523.82,444.73,67.88,232.23,917.77,364.15,229.08,271.65,466.32,225.71,103.44,3176.85,241.91,94.85,133.34,40.37,58.98,100.66,282.53
20260824,09:24:50,45216.04,40563.47,24332.95,16302.63,123.72,1939.51,314.69,485.19,544.66,109.51,176.78,190.79,103.16,137.93,291.27,123.72,197.97,294.9,2876.59,1523.74,444.8,67.89,232.05,917.27,364.17,229.08,271.65,466.21,225.74,103.44,3176.55,242.23,94.85,133.34,40.37,59.03,100.66,282.53
20260824,09:24:55,45216.07,40563.91,24332.47,16303.41,123.6,1939.57,314.69,485.19,544.72,109.51,176.75,190.7,103.15,137.92,291.39,123.72,197.97,294.9,2876.61,1523.67,444.91,67.88,232.3,917.3,363.89,229.08,271.61,466.16,225.89,103.42,3176.19,242.23,94.84,133.34,40.37,59.03,100.66,282.53
20260824,09:25:00,45261.71,40608.38,24333.11,16304.15,123.72,1939.79,314.69,485.19,544.72,109.59,176.76,190.72,103.15,137.92,291.27,123.6,197.83,294.9,2880.18,1526.21,444.88,67.9,232.29,917.87,363.93,229.08,271.65,466.18,225.92,103.42,3176.19,242.23,94.97,133.21,40.37,59.03,100.66,282.52
20260824,09:25:05,45260.63,40606.73,24335.74,16305.18,123.72,1939.79,314.78,485.45,544.83,109.58,176.76,190.64,103.16,137.9,291.27,123.59,197.79,294.89,2880.02,1526.11,444.87,67.9,232.3,917.81,363.93,229.08,271.65,466.19,225.94,103.42,3176.73,242.23,94.97,133.21,40.36,59.03,100.38,282.56
20260824,09:25:10,45254.8,40600.6,24332.81,16300.29,123.72,1939.79,314.24,485.45,544.67,109.66,176.79,190.66,103.18,137.9,291.27,123.59,197.79,294.89,2879.64,1525.98,444.85,67.91,232.05,917.55,363.93,229.08,271.63,466.23,225.82,103.46,3177.14,242.23,94.97,133.21,40.36,59.04,100.38,282.56
20260824,09:25:15,45259.92,40605.81,24333.25,16301.54,123.72,1938.38,314.32,485.45,544.84,109.67,176.79,190.65,103.18,137.69,291.27,123.64,197.81,294.89,2880.03,1525.98,444.85,67.89,232.18,918.4,363.92,229.22,271.64,466.17,226.0,103.46,3176.94,242.23,94.85,133.21,40.36,59.04,100.38,282.56
20260824,09:25:20,45297.21,40642.36,24327.41,16295.56,123.72,1938.98,313.7,484.95,544.79,109.67,176.79,190.65,103.19,137.67,291.27,123.6,197.81,294.89,2883.12,1528.39,444.74,67.89,232.19,918.4,363.94,229.22,271.64,466.17,225.82,103.4,3176.74,242.23,94.97,133.21,40.36,59.04,100.38,282.56
20260824,09:25:25,45305.92,40650.69,24329.83,16297.82,123.6,1938.61,313.79,484.95,544.98,109.67,176.82,190.62,103.22,137.67,291.15,123.6,197.81,294.87,2883.74,1528.53,444.76,67.87,232.57,919.36,363.95,229.22,271.43,466.14,225.97,103.4,3176.88,242.23,94.97,133.21,40.36,59.04,100.38,282.56
20260824,09:25:30,45316.01,40661.27,24331.69,16302.46,123.72,1940.02,314.42,484.96,544.98,109.6,176.83,190.66,103.22,137.68,291.15,123.6,197.81,294.87,2884.48,1528.75,445.0,67.91,232.32,919.86,364.28,229.22,271.76,465.98,225.82,103.4,3176.21,242.23,95.09,133.23,40.36,59.04,100.38,282.54
20260824,09:25:35,45327.89,40672.37,24331.1,16300.18,123.79,1940.02,313.96,484.7,544.87,109.6,176.83,190.67,103.22,137.68,291.15,123.56,197.81,294.87,2885.43,1529.14,445.23,67.91,232.33,920.65,364.28,229.24,271.76,466.04,225.99,103.4,3176.64,242.2,95.09,133.23,40.36,59.04,100.38,282.56
20260824,09:25:40,45289.47,40635.16,24330.39,16300.11,123.79,1940.02,313.79,484.96,544.93,109.76,176.83,190.66,103.22,137.69,291.15,123.56,197.81,294.85,2882.43,1526.81,445.26,67.93,232.32,920.66,364.28,229.24,271.76,465.95,225.96,103.4,3176.44,242.2,95.09,133.23,40.36,59.02,100.38,282.86
20260824,09:25:45,45323.97,40669.17,24331.23,16302.41,123.76,1938.61,313.96,484.7,544.98,109.67,176.84,190.67,103.23,137.69,291.15,123.56,197.81,294.85,2885.12,1529.18,444.94,67.95,232.33,920.39,364.31,229.24,271.46,466.03,226.08,103.4,3176.08,242.2,95.1,133.23,40.36,59.02,100.75,282.86
20260824,09:25:50,45326.86,40671.64,24332.31,16302.49,123.76,1938.61,313.96,484.7,544.98,109.66,176.85,190.66,103.24,137.69,291.15,123.56,197.81,294.85,2885.31,1529.35,444.88,67.94,232.33,920.42,364.31,229.24,271.46,466.0,225.97,103.4,3176.39,242.2,95.22,133.23,40.36,59.04,100.75,282.86
20260824,09:25:55,45328.82,40673.58,24336.7,16307.65,123.76,1938.61,314.5,484.73,545.06,109.74,176.89,190.71,103.26,137.69,291.15,123.56,197.81,294.87,2885.35,1529.1,444.76,67.96,232.58,921.13,364.31,229.22,271.47,466.12,225.97,103.4,3176.36,242.2,95.22,133.23,40.36,59.04,100.75,282.86
20260824,09:26:00,45331.54,40676.37,24334.2,16305.24,123.76,1938.61,313.96,484.48,544.97,109.74,176.91,190.74,103.26,137.69,291.15,123.57,197.89,294.87,2885.63,1529.24,444.74,67.95,232.58,921.31,364.31,229.22,271.52,466.08,226.09,103.4,3176.23,242.06,95.33,133.23,40.36,59.04,100.74,282.86
20260824,09:26:05,45331.78,40676.63,24335.56,16306.88,123.76,1940.02,313.95,485.06,544.85,109.75,177.01,190.76,103.35,137.69,291.27,123.57,197.89,294.84,2885.61,1529.29,444.85,67.95,232.32,920.87,364.31,229.22,271.83,466.07,226.06,103.4,3176.21,242.1,95.33,133.23,40.36,59.04,100.74,282.86
20260824,09:26:10,45334.2,40679.21,24336.17,16308.33,123.63,1940.02,314.5,484.81,544.8,109.75,177.01,190.8,103.34,137.69,291.27,123.57,197.89,294.84,2885.78,1529.33,444.75,67.96,232.3,921.23,364.31,229.22,271.84,465.98,226.01,103.39,3176.01,242.1,95.22,133.23,40.36,59.04,100.74,282.81
20260824,09:26:15,45333.05,40677.24,24339.94,16309.84,123.57,1940.02,314.5,484.81,544.97,109.76,177.09,190.76,103.41,137.69,291.27,123.57,197.91,294.84,2885.59,1529.41,444.8,67.91,232.41,920.44,364.31,229.21,271.85,466.03,226.04,103.39,3176.78,242.06,95.22,133.23,40.36,59.04,100.74,282.79
20260824,09:26:20,45333.72,40678.39,24336.69,16307.78,123.56,1938.61,314.5,484.82,544.86,109.68,177.1,190.82,103.41,137.69,291.27,123.57,197.91,294.84,2885.73,1529.5,444.82,67.94,232.41,920.44,364.32,229.21,271.85,466.01,226.05,103.39,3176.32,242.06,95.1,133.23,40.36,59.03,100.74,282.79
20260824,09:26:25,45336.26,40680.36,24338.14,16307.74,123.56,1938.39,314.49,484.82,545.0,109.68,177.14,190.84,103.43,137.9,291.27,123.57,197.87,294.78,2885.89,1529.64,444.75,67.93,232.41,920.55,364.31,229.21,271.8,465.94,225.87,103.39,3176.79,242.06,95.22,133.23,40.36,59.03,100.74,282.79
20260824,09:26:30,45340.79,40682.03,24344.34,16305.67,123.43,1938.39,314.49,485.32,544.93,109.69,177.14,190.84,103.43,137.9,291.27,123.62,197.87,294.78,2886.07,1529.75,444.78,67.93,232.41,920.67,363.99,229.21,271.8,465.94,225.83,103.39,3179.29,242.06,94.98,133.23,40.36,59.03,100.74,282.78
20260824,09:26:35,45345.94,40687.22,24345.86,16307.98,123.56,1938.39,314.5,485.05,544.97,109.69,177.15,190.82,103.44,137.89,291.27,123.45,197.87,294.78,2886.44,1529.96,444.79,67.93,232.47,920.75,363.99,229.21,271.84,466.0,226.05,103.41,3179.13,242.06,95.1,133.23,40.36,59.03,100.83,282.71
20260824,09:26:40,45342.65,40686.13,24337.93,16305.95,123.56,1939.8,314.5,485.05,545.0,109.69,177.15,190.81,103.45,137.68,291.27,123.45,197.87,294.75,2886.4,1529.8,444.98,67.92,232.72,920.73,364.02,229.21,271.84,466.0,225.71,103.41,3177.21,242.06,95.22,133.23,40.36,59.0,100.83,282.73
20260824,09:26:45,45343.7,40689.16,24331.15,16304.88,123.56,1936.98,314.51,485.03,544.85,109.77,177.16,190.82,103.46,137.68,291.39,123.45,197.87,294.75,2886.67,1529.86,444.99,67.93,232.48,921.31,364.29,229.21,271.85,465.85,225.75,103.41,3175.38,242.06,95.22,133.23,40.36,59.0,100.83,282.73
20260824,09:26:50,45346.75,40692.21,24333.33,16307.65,123.43,1936.96,314.5,484.97,544.82,109.69,177.19,190.83,103.47,137.67,291.51,123.57,197.83,294.75,2886.85,1529.94,445.0,67.95,232.73,921.33,363.97,229.21,271.81,465.86,226.03,103.39,3175.31,242.06,95.22,133.23,40.36,59.0,100.83,282.73
20260824,09:26:55,45339.45,40685.35,24331.18,16306.02,123.56,1936.96,314.41,484.64,544.96,109.69,177.13,190.88,103.42,137.67,291.51,123.58,197.83,294.79,2886.33,1529.8,444.97,67.95,232.76,920.56,363.97,229.21,271.81,465.87,225.95,103.38,3175.08,242.06,95.22,133.23,40.36,59.0,100.64,282.73
20260824,09:27:00,45340.83,40686.7,24329.22,16303.8,123.37,1938.2,314.33,484.61,545.13,109.77,177.13,190.86,103.42,137.45,291.51,123.58,197.8,294.72,2886.5,1529.66,444.95,67.95,232.75,921.36,364.31,229.21,271.8,465.87,225.87,103.38,3175.07,242.06,95.09,133.23,40.36,59.0,100.64,282.73
20260824,09:27:05,45334.77,40684.27,24318.48,16303.05,123.49,1936.79,314.33,484.53,544.95,109.68,177.13,190.85,103.42,137.45,291.51,123.58,197.76,294.74,2886.32,1529.63,444.92,67.93,232.51,921.32,364.31,229.21,271.8,465.84,226.01,103.38,3171.92,242.06,94.98,133.23,40.36,59.0,100.64,282.73
20260824,09:27:10,45327.04,40677.97,24312.38,16300.18,123.37,1936.82,314.24,484.59,544.75,109.76,177.14,190.91,103.41,137.45,291.51,123.58,197.76,294.69,2885.88,1529.64,445.03,67.94,232.51,920.51,364.34,229.21,271.49,465.84,225.86,103.39,3170.79,242.06,94.98,133.22,40.36,59.0,100.64,282.73
20260824,09:27:15,45323.84,40674.95,24312.5,16300.61,123.43,1938.31,314.33,484.76,545.06,109.76,177.13,190.88,103.41,137.45,291.51,123.45,197.76,294.7,2885.63,1529.57,445.03,67.93,232.53,920.12,364.34,229.21,271.49,465.77,225.74,103.39,3170.71,242.06,94.98,133.22,40.36,59.0,100.64,282.71
20260824,09:27:20,45322.44,40674.63,24309.7,16300.88,123.43,1938.39,314.25,484.6,545.14,109.84,177.15,190.94,103.42,137.44,291.51,123.45,197.81,294.74,2885.59,1529.56,445.13,67.94,232.63,919.53,364.04,229.21,271.81,465.82,225.75,103.39,3169.76,242.06,94.98,133.22,40.36,59.0,100.64,282.71
20260824,09:27:25,45283.96,40637.13,24310.37,16301.65,123.43,1936.98,314.34,484.6,545.2,109.76,177.15,190.94,103.42,137.44,291.51,123.44,197.81,294.74,2882.55,1527.15,445.03,67.93,232.89,919.56,364.36,229.21,271.81,466.03,225.76,103.36,3169.76,242.13,94.98,133.23,40.36,59.0,100.64,282.76
20260824,09:27:30,45280.79,40633.85,24312.48,16303.44,123.43,1938.39,314.34,484.6,545.2,109.76,177.14,190.89,103.42,137.65,291.51,123.45,197.84,294.74,2882.25,1526.98,445.12,67.93,232.71,919.43,364.36,229.23,271.81,466.0,225.81,103.35,3169.94,242.13,95.1,133.23,40.32,59.0,100.64,282.66
20260824,09:27:35,45277.35,40630.53,24311.35,16302.27,123.43,1938.39,314.25,484.69,545.08,109.76,177.11,190.89,103.4,137.65,291.51,123.45,197.84,294.73,2882.01,1526.73,444.98,67.92,232.81,919.74,364.12,229.23,271.81,465.98,225.81,103.35,3169.9,242.13,95.1,133.23,40.36,59.0,100.64,282.65
20260824,09:27:40,45280.67,40636.39,24302.41,16300.77,123.56,1938.39,314.17,484.69,545.02,109.77,177.12,190.92,103.4,137.44,291.51,123.45,197.87,294.72,2882.51,1526.85,444.99,67.91,232.81,920.53,364.49,229.23,271.8,465.82,225.84,103.35,3167.52,242.13,94.98,133.22,40.36,59.0,100.64,282.65
20260824,09:27:45,45281.12,40635.31,24308.22,16302.38,123.56,1938.39,314.17,484.58,545.02,109.69,177.11,190.86,103.4,137.44,291.51,123.48,197.84,294.72,2882.39,1526.74,444.99,67.9,232.56,920.85,364.15,229.23,271.8,465.85,225.94,103.35,3168.9,242.13,95.1,133.22,40.36,59.0,100.64,282.67
20260824,09:27:50,45280.11,40632.65,24310.61,16299.49,123.43,1938.39,314.25,484.25,545.1,109.69,177.11,190.87,103.4,137.44,291.51,123.48,197.77,294.72,2882.24,1526.61,445.05,67.9,232.44,920.89,364.15,229.23,271.84,465.84,225.63,103.35,3170.42,242.13,95.1,133.22,40.36,59.0,100.64,282.67
20260824,09:27:55,45283.52,40636.15,24311.86,16301.53,123.43,1938.62,314.36,484.17,545.14,109.77,177.11,190.87,103.4,137.44,291.51,123.48,197.81,294.72,2882.48,1526.84,444.96,67.9,232.43,920.87,364.15,229.23,271.84,465.81,225.82,103.35,3170.27,242.13,94.98,133.2,40.36,59.0,100.64,282.73
20260824,09:28:00,45276.2,40628.2,24314.85,16302.22,123.43,1938.62,314.44,484.34,545.14,109.76,177.13,190.87,103.41,137.44,291.41,123.48,197.81,294.72,2881.82,1526.66,444.85,67.91,232.43,920.38,364.1,229.23,271.52,465.8,225.81,103.35,3171.01,242.13,94.98,133.2,40.36,58.98,100.64,282.73
20260824,09:28:05,45279.95,40632.84,24310.63,16300.68,123.43,1938.65,314.27,484.42,545.01,109.76,177.14,190.92,103.41,137.44,291.29,123.56,197.81,294.72,2882.23,1526.87,444.92,67.9,232.68,920.44,363.86,229.23,271.52,465.79,225.65,103.35,3170.11,242.45,95.1,133.19,40.36,58.95,100.46,282.73
20260824,09:28:10,45281.71,40635.1,24309.39,16301.07,123.43,1938.65,314.35,484.42,544.99,109.68,177.13,190.9,103.41,137.45,291.29,123.56,197.81,294.72,2882.4,1526.88,444.92,67.9,232.68,920.46,363.86,229.23,271.82,465.77,225.7,103.35,3169.62,242.13,95.1,133.18,40.36,58.97,100.46,282.74
20260824,09:28:15,45276.85,40628.72,24311.46,16297.92,123.43,1938.65,314.35,484.41,545.01,109.67,176.94,190.89,103.26,137.45,291.29,123.56,197.89,294.72,2881.96,1526.89,444.92,67.9,232.43,919.61,363.86,229.23,271.82,465.77,225.59,103.35,3171.12,242.13,95.1,133.18,40.36,58.97,100.46,282.75
20260824,09:28:20,45278.4,40631.45,24308.35,16298.44,123.56,1938.43,314.35,484.25,544.97,109.67,176.92,190.86,103.25,137.45,291.29,123.56,197.85,294.72,2882.17,1526.91,444.82,67.88,232.68,919.96,363.84,229.23,271.82,465.79,225.66,103.34,3170.0,242.13,95.1,133.18,40.36,58.97,100.46,282.75
20260824,09:28:25,45315.59,40667.15,24307.78,16296.01,123.56,1935.5,314.35,484.25,544.85,109.63,176.93,190.86,103.26,137.23,291.29,123.57,197.85,294.72,2885.11,1529.39,444.89,67.9,232.32,919.51,363.84,229.23,271.82,465.77,225.62,103.36,3170.49,242.13,95.08,133.18,40.36,58.96,100.46,282.75
20260824,09:28:30,45313.76,40667.28,24302.19,16295.94,123.56,1935.5,314.36,484.33,544.82,109.63,176.91,190.87,103.24,137.23,291.29,123.62,197.86,294.73,2885.12,1529.24,444.9,67.91,232.32,919.94,363.87,229.32,271.82,465.71,225.59,103.36,3168.76,242.13,95.08,133.18,40.36,58.96,100.46,282.8
20260824,09:28:35,45312.62,40665.94,24301.39,16294.28,123.57,1935.5,314.28,484.0,544.88,109.71,176.92,190.87,103.24,137.23,291.29,123.62,197.86,294.73,2885.05,1529.11,444.89,67.9,232.32,920.22,363.87,229.32,271.82,465.65,225.47,103.36,3168.96,242.21,95.08,133.18,40.36,58.96,100.46,282.78
20260824,09:28:40,45314.82,40668.08,24301.58,16294.5,123.57,1935.5,314.36,484.1,544.95,109.64,176.92,190.89,103.24,137.23,291.29,123.62,197.89,294.73,2885.22,1529.25,444.9,67.92,232.32,920.19,363.63,229.32,271.82,465.69,225.51,103.36,3168.96,242.21,94.96,133.18,40.36,58.96,100.46,282.73
20260824,09:28:45,45319.07,40670.11,24309.15,16296.14,123.57,1936.91,314.11,484.35,545.21,109.64,176.93,190.88,103.25,137.45,291.29,123.62,197.89,294.73,2885.34,1529.38,444.83,67.92,232.32,920.16,363.6,229.32,271.81,465.65,225.54,103.36,3170.88,242.21,95.09,133.18,40.36,58.96,100.46,282.81
20260824,09:28:50,45277.27,40629.39,24309.28,16296.31,123.57,1937.59,314.1,484.36,545.21,109.64,176.91,190.87,103.24,137.22,291.29,123.62,197.88,294.73,2882.06,1526.89,444.99,67.93,232.32,920.25,363.62,229.32,271.5,465.65,225.54,103.36,3170.87,242.54,95.09,133.18,40.37,58.93,100.46,282.85
20260824,09:28:55,45281.54,40633.99,24307.05,16295.2,123.7,1937.7,314.11,484.44,545.16,109.64,176.89,190.81,103.24,137.22,291.29,123.62,197.73,294.73,2882.46,1527.07,444.96,67.93,232.32,920.62,363.87,229.32,271.5,465.67,225.41,103.36,3170.48,242.54,95.09,133.19,40.37,58.93,100.46,282.85
20260824,09:29:00,45280.7,40633.16,24305.97,16293.95,123.7,1937.87,314.28,484.44,545.11,109.63,176.9,190.85,103.24,137.22,291.29,123.49,197.73,294.73,2882.42,1527.03,444.98,67.9,232.57,920.03,364.16,229.32,271.81,465.67,225.23,103.36,3170.48,242.51,95.09,133.19,40.37,58.93,100.46,282.85
20260824,09:29:05,45273.64,40627.97,24303.81,16297.08,123.7,1937.87,314.35,484.51,545.0,109.63,176.91,190.85,103.24,137.64,291.26,123.61,197.66,294.73,2881.92,1527.05,444.91,67.88,232.32,919.54,364.16,229.32,271.49,465.76,225.4,103.35,3168.96,242.51,95.09,133.11,40.37,58.94,100.46,282.87
20260824,09:29:10,45273.47,40625.87,24307.5,16294.88,123.7,1937.87,314.18,484.51,545.04,109.63,176.9,190.84,103.24,137.44,291.26,123.62,197.66,294.73,2881.81,1527.05,444.89,67.86,232.3,919.36,364.16,229.32,271.49,465.78,225.31,103.35,3170.71,242.51,95.09,133.11,40.37,58.94,100.46,282.86
20260824,09:29:15,45273.43,40625.55,24305.92,16292.13,123.7,1937.87,313.72,484.51,545.55,109.63,176.9,190.81,103.24,137.44,291.26,123.62,197.62,294.73,2881.85,1527.03,444.97,67.87,232.3,919.38,364.18,229.32,271.49,465.78,225.2,103.35,3170.96,242.51,95.09,133.11,40.37,58.94,100.46,282.91
20260824,09:29:20,45273.68,40627.47,24303.93,16295.42,123.7,1936.46,314.27,484.49,545.72,109.63,176.9,190.84,103.24,137.44,291.26,123.62,197.62,294.73,2881.92,1527.05,444.96,67.85,232.3,919.56,364.19,229.32,271.5,465.83,225.25,103.35,3169.44,242.51,94.97,133.08,40.37,58.94,100.46,282.84
20260824,09:29:25,45274.15,40626.24,24309.93,16296.72,123.7,1936.46,314.28,484.28,545.67,109.64,176.86,190.82,103.21,137.43,291.26,123.59,197.77,294.73,2881.79,1526.93,445.06,67.86,232.41,919.38,364.18,229.32,271.5,465.8,225.37,103.35,3170.97,242.51,95.09,133.08,40.37,58.94,100.46,282.84
20260824,09:29:30,45273.37,40625.19,24311.53,16297.57,123.7,1936.46,314.28,484.29,545.66,109.64,176.84,190.83,103.19,137.64,291.26,123.58,197.77,294.77,2881.69,1527.01,445.01,67.84,232.3,919.09,364.18,229.32,271.49,465.9,225.39,103.35,3171.24,242.51,95.09,133.18,40.37,58.94,100.46,282.84
20260824,09:29:35,45276.59,40628.44,24310.65,16296.95,123.7,1936.09,314.36,484.33,545.78,109.57,176.84,190.82,103.19,137.64,291.44,123.58,197.77,294.8,2881.97,1526.89,445.14,67.85,232.3,919.94,364.16,229.32,271.5,465.82,225.24,103.35,3171.13,242.56,95.09,133.18,40.37,58.94,100.46,282.84
20260824,09:29:40,45279.52,40631.17,24311.94,16297.99,123.7,1936.09,314.37,484.41,545.78,109.65,176.84,190.83,103.19,137.43,291.44,123.58,197.77,294.8,2882.16,1527.07,445.04,67.86,232.3,919.95,364.16,229.32,271.5,465.82,225.35,103.31,3171.25,242.56,95.09,133.18,40.37,58.94,100.46,282.84
20260824,09:29:45,45274.71,40626.32,24312.6,16298.19,123.7,1936.09,314.37,484.33,545.87,109.65,176.84,190.83,103.19,137.43,291.44,123.58,197.77,294.8,2881.77,1526.83,444.92,67.85,232.3,919.89,364.08,229.32,271.5,465.84,225.36,103.31,3171.4,242.56,95.09,133.16,40.37,58.93,100.46,282.84
20260824,09:29:50,45278.24,40629.1,24312.95,16296.37,123.71,1936.09,314.37,484.34,545.87,109.57,176.87,190.89,103.2,137.43,291.44,123.54,197.77,294.81,2882.03,1526.95,445.06,67.83,232.55,919.84,364.08,229.32,271.49,465.84,225.21,103.28,3172.0,242.56,95.09,133.16,40.37,58.93,100.46,282.79
20260824,09:29:55,45277.72,40628.59,24313.82,16297.42,123.71,1936.09,314.29,484.42,545.9,109.57,176.85,190.83,103.2,137.43,291.44,123.54,197.77,294.78,2881.97,1527.0,445.03,67.87,232.3,919.72,364.08,229.32,271.5,465.84,225.39,103.28,3171.99,242.56,95.09,133.16,40.37,58.93,100.46,282.79
20260824,09:30:00,45278.48,40629.94,24312.06,16297.39,123.71,1936.09,314.38,484.36,545.77,109.56,176.85,190.82,103.2,137.43,291.44,123.54,197.77,294.79,2882.08,1527.03,445.14,67.87,232.3,919.88,364.08,229.32,271.4,465.84,225.39,103.26,3171.45,242.51,95.09,133.18,40.38,58.91,100.46,282.78
20260824,09:30:05,45279.7,40629.81,24312.29,16293.24,123.77,1935.86,314.21,484.11,545.79,109.55,176.86,190.86,103.2,137.64,291.44,123.42,197.77,294.78,2882.17,1527.03,445.21,67.85,232.42,919.95,364.08,229.32,271.41,465.83,225.32,103.3,3172.65,242.51,94.85,133.18,40.38,58.94,100.46,282.78
20260824,09:30:10,45280.57,40631.32,24310.7,16293.64,123.77,1935.86,314.36,484.34,545.79,109.56,176.87,190.87,103.21,137.64,291.44,123.41,197.77,294.85,2882.28,1526.99,445.17,67.83,232.44,920.41,364.04,229.32,271.4,465.83,225.18,103.3,3172.04,242.51,94.85,133.17,40.38,58.94,100.46,282.83
20260824,09:30:15,45279.48,40630.25,24308.25,16290.82,123.9,1935.86,314.28,484.34,545.78,109.48,176.86,190.8,103.21,137.64,291.44,123.41,197.77,294.86,2882.26,1526.99,445.2,67.84,232.44,920.37,364.03,229.32,271.36,465.8,224.97,103.29,3172.04,242.51,94.85,133.16,40.38,58.94,100.47,282.75
20260824,09:30:20,45265.61,40617.22,24307.86,16291.96,123.9,1935.77,314.27,484.05,545.74,109.4,176.88,190.84,103.22,137.64,291.44,123.54,197.62,294.86,2881.18,1526.63,445.2,67.84,232.44,919.32,364.02,229.3,271.05,465.79,225.09,103.28,3171.61,242.51,94.85,133.16,40.38,58.94,100.47,282.75
20260824,09:30:25,45246.24,40600.61,24291.34,16280.53,123.92,1936.14,313.71,483.7,545.64,109.31,176.86,190.75,103.22,137.43,291.44,123.46,197.48,294.86,2880.12,1526.27,444.77,67.8,232.42,918.32,364.01,229.3,271.17,465.7,224.74,103.3,3169.55,242.51,94.61,133.16,40.38,58.94,100.47,282.72
20260824,09:30:30,45240.97,40594.46,24292.23,16278.17,123.79,1936.12,313.17,483.7,545.82,109.31,176.85,190.74,103.22,137.21,291.44,123.46,197.48,294.86,2879.68,1526.19,444.68,67.8,232.3,918.22,364.03,229.3,270.76,465.66,224.81,103.3,3170.47,242.51,94.73,133.17,40.38,58.94,100.47,282.78
20260824,09:30:35,45248.42,40601.35,24296.81,16282.19,123.79,1935.75,313.71,483.53,545.69,109.31,176.8,190.6,103.21,137.43,291.44,123.46,197.44,294.86,2880.14,1526.42,444.7,67.77,232.55,918.12,364.01,229.3,271.02,465.66,224.87,103.3,3170.81,242.84,94.73,133.17,40.38,58.94,100.47,282.78
20260824,09:30:40,45242.65,40595.48,24296.8,16281.34,123.79,1935.75,313.71,483.78,545.71,109.23,176.8,190.6,103.21,137.43,291.44,123.46,197.48,294.87,2879.69,1526.32,444.75,67.77,232.28,917.53,363.99,229.3,271.02,465.66,224.75,103.33,3171.04,242.84,94.73,133.16,40.38,58.96,100.47,282.78
20260824,09:30:45,45239.88,40592.51,24295.14,16278.55,123.79,1937.53,313.16,483.78,545.86,109.22,176.79,190.64,103.19,137.43,291.44,123.46,197.45,294.85,2879.51,1526.44,444.75,67.76,232.54,916.56,364.01,229.3,271.01,465.7,224.79,103.33,3171.28,242.84,94.73,133.16,40.38,58.94,100.47,282.78
20260824,09:30:50,45244.85,40597.68,24296.75,16281.48,123.79,1937.53,313.62,483.78,545.93,109.21,176.79,190.65,103.19,137.43,291.44,123.46,197.45,294.87,2879.86,1526.33,444.74,67.77,232.29,917.92,364.01,229.3,271.01,465.7,224.82,103.33,3170.98,242.84,94.61,133.16,40.38,58.94,100.47,282.78
20260824,09:30:55,45250.75,40603.01,24298.5,16282.09,123.79,1937.53,313.61,483.78,545.71,109.21,176.79,190.66,103.19,137.43,291.44,123.58,197.42,294.87,2880.27,1526.4,444.85,67.77,232.28,918.52,364.01,229.3,271.04,465.73,224.78,103.33,3171.36,242.84,94.73,133.15,40.38,58.94,100.47,282.78
20260824,09:31:00,45244.97,40596.94,24296.7,16278.55,123.79,1937.53,313.69,483.78,545.49,109.29,176.78,190.62,103.19,137.43,291.44,123.58,197.42,294.86,2879.87,1526.3,444.83,67.75,232.28,917.95,364.01,229.3,271.04,465.74,224.46,103.33,3171.77,242.84,94.73,133.15,40.38,58.96,100.47,282.53
20260824,09:31:05,45243.59,40595.78,24294.67,16276.86,123.79,1936.12,313.44,483.61,545.52,109.32,176.97,190.61,103.35,137.0,291.44,123.5,197.42,294.79,2879.82,1526.26,444.73,67.74,232.4,917.84,364.03,229.29,271.14,465.72,224.48,103.33,3171.59,242.84,94.73,133.15,40.38,58.96,100.37,282.52
20260824,09:31:10,45242.87,40596.38,24285.06,16270.14,123.87,1937.51,312.88,483.61,545.58,109.32,176.96,190.55,103.35,137.21,291.44,123.5,197.42,294.8,2880.03,1526.33,444.94,67.73,232.64,917.77,364.03,229.29,271.09,465.68,224.3,103.33,3170.41,242.84,94.48,133.14,40.38,58.96,100.37,282.52
20260824,09:31:15,45249.54,40602.03,24287.56,16270.16,123.74,1937.53,312.88,483.35,545.47,109.31,176.96,190.56,103.35,137.0,291.44,123.53,197.46,294.77,2880.48,1526.32,445.1,67.72,232.39,918.91,364.07,229.29,271.09,465.68,224.47,103.33,3171.18,242.84,94.48,133.04,40.38,58.96,100.37,282.46
20260824,09:31:20,45256.96,40608.77,24290.74,16272.22,123.87,1937.53,312.96,483.53,545.47,109.31,176.96,190.57,103.35,137.43,291.44,123.49,197.46,294.75,2880.98,1526.55,445.24,67.72,232.64,919.03,364.07,229.29,271.09,465.7,224.43,103.33,3171.62,242.84,94.6,133.06,40.38,58.96,100.37,282.46
20260824,09:31:25,45261.47,40613.66,24292.47,16275.84,123.87,1937.53,313.51,483.78,545.68,109.29,176.97,190.57,103.35,137.21,291.44,123.49,197.46,294.69,2881.28,1526.57,445.21,67.72,232.64,919.73,364.07,229.29,271.09,465.63,224.46,103.3,3171.18,242.84,94.48,133.06,40.38,58.96,100.37,282.42
20260824,09:31:30,45262.66,40615.06,24292.11,16276.23,123.74,1937.05,313.51,483.55,545.6,109.29,176.96,190.55,103.35,137.21,291.44,123.49,197.46,294.68,2881.39,1526.64,445.1,67.73,232.52,919.9,364.06,229.29,271.13,465.75,224.5,103.3,3170.96,242.84,94.6,133.06,40.38,58.96,100.37,282.42
20260824,09:31:35,45261.36,40615.12,24288.01,16275.95,123.87,1937.05,313.51,483.56,545.69,109.2,176.95,190.53,103.35,137.43,291.44,123.49,197.46,294.71,2881.4,1526.64,445.13,67.71,232.52,919.9,364.31,228.95,271.13,465.74,224.42,103.3,3169.75,242.79,94.6,133.06,40.35,58.95,100.37,282.42
20260824,09:31:40,45261.5,40613.78,24293.29,16277.1,123.87,1937.05,313.69,483.53,545.68,109.2,176.95,190.54,103.34,137.21,291.44,123.48,197.44,294.71,2881.26,1526.64,445.12,67.71,232.27,919.87,364.06,228.95,271.12,465.73,224.34,103.3,3171.09,242.79,94.72,133.04,40.35,58.97,100.36,282.43
20260824,09:31:45,45222.22,40575.1,24293.56,16276.05,123.88,1937.05,313.69,483.53,545.79,109.19,176.95,190.51,103.34,137.21,291.44,123.48,197.4,294.7,2878.17,1524.28,445.11,67.72,232.27,919.81,364.06,228.94,271.12,465.73,224.34,103.3,3171.46,242.79,94.6,133.05,40.35,58.92,100.36,282.43
20260824,09:31:50,45216.3,40569.58,24292.58,16275.74,123.88,1935.64,313.7,483.79,545.72,109.19,176.95,190.51,103.34,137.21,291.32,123.48,197.4,294.7,2877.73,1524.11,445.26,67.72,232.27,919.15,364.06,228.94,271.12,465.71,224.37,103.3,3171.24,242.79,94.6,133.05,40.35,58.95,100.36,282.37
20260824,09:31:55,45223.03,40575.1,24294.64,16274.66,123.88,1935.42,313.78,483.79,545.72,109.27,176.98,190.52,103.37,137.21,291.32,123.49,197.39,294.69,2878.2,1524.16,445.27,67.71,232.52,919.82,364.06,228.94,271.17,465.6,224.16,103.3,3172.18,242.79,94.6,133.05,40.35,58.95,100.36,282.37
20260824,09:32:00,45259.99,40611.34,24293.52,16274.11,123.88,1935.65,313.78,483.46,545.71,109.27,176.86,190.55,103.26,137.21,291.32,123.49,197.36,294.69,2881.14,1526.47,445.22,67.71,232.34,919.86,364.05,228.94,271.17,465.63,224.16,103.3,3171.97,242.79,94.72,133.05,40.35,58.95,100.36,282.37
20260824,09:32:05,45260.34,40611.68,24292.57,16273.03,124.01,1935.65,313.78,483.46,545.7,109.27,176.86,190.55,103.27,137.0,291.32,123.5,197.39,294.69,2881.19,1526.71,445.22,67.71,232.09,919.54,364.05,228.94,271.12,465.6,224.12,103.3,3171.97,242.79,94.6,133.07,40.35,58.96,100.36,282.37
20260824,09:32:10,45257.23,40608.61,24292.79,16273.15,123.88,1935.65,313.76,483.46,545.76,109.27,176.86,190.55,103.27,137.0,291.32,123.5,197.39,294.69,2880.94,1526.58,445.21,67.72,232.35,919.45,364.03,228.94,270.86,465.53,224.19,103.28,3172.01,242.79,94.6,133.07,40.35,58.96,100.36,282.37
20260824,09:32:15,45260.29,40612.09,24294.02,16276.23,124.01,1935.65,313.77,483.57,545.72,109.19,176.87,190.57,103.27,137.0,291.32,123.5,197.39,294.69,2881.15,1526.56,445.26,67.71,232.36,919.56,364.03,229.03,271.17,465.63,224.37,103.28,3171.56,242.75,94.72,133.07,40.35,58.96,100.36,282.39
20260824,09:32:20,45255.13,40606.81,24291.61,16272.6,124.01,1935.65,313.77,483.32,545.69,109.19,176.86,190.56,103.27,137.01,291.32,123.53,197.39,294.69,2880.81,1526.34,445.26,67.7,232.36,919.47,363.78,229.03,271.17,465.64,224.19,103.28,3171.79,242.75,94.6,132.77,40.37,58.96,100.36,282.39
20260824,09:32:25,45251.95,40603.71,24290.47,16271.29,124.01,1935.65,313.68,483.21,545.72,109.19,176.86,190.54,103.27,137.01,291.32,123.53,197.39,294.69,2880.59,1526.18,445.27,67.72,232.12,919.63,363.78,229.28,271.18,465.64,224.12,103.28,3171.79,242.75,94.6,132.77,40.37,58.96,100.36,282.4
20260824,09:32:30,45246.95,40598.84,24289.55,16270.23,124.01,1935.65,313.68,483.21,545.69,109.19,176.86,190.54,103.27,136.79,291.32,123.53,197.39,294.69,2880.22,1526.27,445.26,67.68,232.12,918.95,363.78,229.28,270.86,465.64,224.02,103.28,3171.79,242.75,94.6,132.86,40.37,58.96,100.36,282.4
20260824,09:32:35,45205.54,40559.35,24280.08,16262.2,124.01,1935.72,313.04,483.09,545.51,109.19,176.92,190.46,103.33,136.77,291.62,123.55,197.44,294.66,2877.23,1523.75,445.37,67.63,232.1,919.3,363.14,229.28,271.2,465.61,223.97,103.28,3171.01,242.1,94.48,132.79,40.25,58.93,100.36,282.39
20260824,09:32:40,45197.61,40552.42,24277.1,16261.45,123.96,1936.08,313.04,483.46,545.48,109.19,176.89,190.37,103.33,136.55,291.62,123.55,197.44,294.66,2876.69,1523.59,445.37,67.5,232.1,919.25,363.14,229.28,270.81,465.59,224.09,103.28,3170.28,242.15,94.24,132.88,40.25,58.94,100.36,282.39
20260824,09:32:45,45202.03,40556.38,24277.04,16260.21,123.96,1936.08,313.04,483.2,545.42,109.19,176.78,190.38,103.24,136.78,291.62,123.53,197.47,294.64,2877.04,1523.66,445.48,67.5,232.21,919.24,363.14,229.28,271.12,465.59,223.99,103.28,3170.6,242.15,94.35,132.88,40.25,58.97,100.36,282.39
20260824,09:32:50,45206.27,40559.95,24283.13,16265.35,123.96,1935.72,313.59,483.46,545.35,109.19,176.78,190.35,103.24,136.56,291.62,123.52,197.47,294.67,2877.21,1523.78,445.49,67.47,232.21,919.28,363.78,229.28,271.07,465.59,224.15,103.28,3171.11,242.15,94.36,132.84,40.25,58.97,100.36,282.42
20260824,09:32:55,45202.19,40558.94,24273.7,16264.45,123.96,1935.72,313.59,483.46,545.35,109.19,176.81,190.34,103.27,136.56,291.62,123.53,197.49,294.69,2877.15,1523.74,445.36,67.48,232.46,919.13,363.81,229.28,271.09,465.59,224.0,103.3,3168.41,242.15,94.36,132.83,40.25,58.97,100.36,282.43
20260824,09:33:00,45204.22,40558.43,24280.07,16263.44,123.96,1935.74,313.5,483.54,545.33,109.2,176.82,190.36,103.27,136.56,291.62,123.52,197.47,294.68,2877.13,1523.71,445.45,67.49,232.46,919.11,363.48,229.28,271.08,465.6,223.95,103.3,3170.67,242.15,94.36,132.83,40.25,58.97,100.36,282.43
20260824,09:33:05,45242.24,40594.25,24285.28,16265.33,123.83,1935.74,313.59,483.46,545.39,109.2,176.84,190.36,103.29,136.56,291.62,123.53,197.47,294.7,2879.97,1526.13,445.17,67.47,232.1,919.05,363.43,229.28,271.08,465.66,223.96,103.34,3171.78,242.15,94.36,133.13,40.25,58.97,100.36,282.43
20260824,09:33:10,45241.13,40594.78,24281.0,16265.77,123.96,1937.15,313.51,483.46,545.37,109.2,176.84,190.37,103.28,136.55,291.62,123.48,197.51,294.7,2880.0,1526.14,445.17,67.45,232.19,919.07,363.45,229.26,271.06,465.64,224.0,103.34,3170.33,242.06,94.36,133.13,40.29,58.99,100.36,282.43
20260824,09:33:15,45231.1,40585.82,24279.05,16266.26,123.96,1935.74,313.5,483.3,545.4,109.12,176.84,190.39,103.28,136.76,291.62,123.49,197.35,294.7,2879.27,1526.13,445.27,67.48,232.18,917.71,363.45,229.26,270.71,465.57,224.15,103.34,3169.59,242.06,94.36,133.13,40.25,59.01,100.36,282.43
20260824,09:33:20,45234.25,40588.5,24280.47,16266.59,123.96,1935.74,313.5,483.3,545.38,109.2,176.82,190.27,103.29,136.55,291.62,123.47,197.35,294.7,2879.48,1526.07,445.19,67.49,232.18,918.43,363.42,229.26,270.71,465.58,224.15,103.34,3169.94,242.06,94.48,133.12,40.25,59.01,100.36,282.38
20260824,09:33:25,45227.29,40582.64,24277.89,16266.72,123.96,1937.15,313.58,483.3,545.38,109.2,176.82,190.29,103.28,136.76,291.62,123.35,197.33,294.68,2879.0,1525.92,445.27,67.44,232.18,917.85,363.42,229.26,270.67,465.59,224.09,103.33,3169.1,242.06,94.48,133.12,40.25,59.01,100.36,282.38
20260824,09:33:30,45225.64,40581.22,24271.12,16259.56,123.83,1937.15,312.95,483.22,545.42,109.2,176.61,190.27,103.12,136.76,291.62,123.35,197.29,294.68,2879.06,1525.77,445.27,67.44,232.18,918.54,363.18,229.26,270.62,465.59,224.1,103.33,3168.93,242.06,94.48,133.12,40.25,59.01,100.36,282.39
20260824,09:33:35,45227.63,40582.86,24272.3,16259.9,123.96,1935.74,312.95,483.04,545.26,109.2,176.56,190.21,103.1,136.76,291.62,123.47,197.23,294.68,2879.18,1525.77,445.26,67.46,232.3,918.26,363.18,229.26,270.97,465.59,224.18,103.33,3169.2,242.06,94.48,133.12,40.25,59.01,100.36,282.45
20260824,09:33:40,45230.56,40585.08,24272.88,16258.44,123.83,1935.74,312.95,483.3,545.34,109.2,176.56,190.2,103.1,136.76,291.62,123.47,197.27,294.68,2879.4,1525.8,445.21,67.45,232.07,918.95,363.17,229.26,270.97,465.58,224.03,103.3,3169.78,241.99,94.48,133.12,40.25,59.01,100.36,282.45
20260824,09:33:45,45235.21,40590.41,24267.29,16254.69,123.83,1935.54,312.42,482.96,545.34,109.18,176.56,190.21,103.1,136.76,291.86,123.47,197.33,294.68,2879.92,1526.05,445.3,67.47,232.32,919.04,363.09,229.26,270.97,465.59,224.08,103.3,3169.05,241.99,94.48,133.12,40.25,59.01,100.36,282.44
20260824,09:33:50,45235.95,40591.09,24266.91,16254.1,123.83,1935.54,312.42,482.89,545.26,109.18,176.56,190.21,103.1,136.76,291.74,123.47,197.39,294.68,2879.99,1526.07,445.31,67.45,232.25,919.28,362.84,229.26,270.96,465.75,224.02,103.28,3169.09,241.99,94.48,133.12,40.25,59.01,100.36,282.42
20260824,09:33:55,45240.82,40594.43,24266.91,16249.44,123.96,1935.18,312.43,483.26,545.18,109.26,175.97,190.23,102.61,136.76,291.74,123.47,197.39,294.68,2880.37,1526.37,445.31,67.47,232.25,919.25,362.85,229.26,270.95,465.73,224.15,103.28,3170.36,241.99,94.48,133.12,40.25,59.01,100.36,282.42
20260824,09:34:00,45242.87,40596.56,24265.78,16248.55,123.96,1935.18,312.33,483.26,545.15,109.26,175.97,190.23,102.61,136.76,292.46,123.47,197.39,294.68,2880.56,1526.44,445.34,67.48,232.25,919.47,362.65,229.26,270.95,465.8,224.09,103.28,3170.25,241.99,94.48,133.12,40.25,59.01,100.36,282.42
20260824,09:34:05,45245.7,40598.37,24272.08,16252.62,123.83,1935.18,312.97,483.25,545.15,109.26,175.96,190.22,102.6,136.76,292.46,123.47,197.39,294.7,2880.61,1526.54,445.25,67.48,232.25,919.34,362.89,229.26,270.95,465.8,224.17,103.28,3171.11,241.99,94.48,132.91,40.25,58.99,100.36,282.42
20260824,09:34:10,45241.94,40595.04,24272.93,16254.72,123.96,1935.54,313.04,483.26,545.15,109.17,175.96,190.22,102.6,136.76,292.46,123.46,197.25,294.7,2880.29,1526.42,445.28,67.5,232.07,919.04,362.87,229.26,270.94,465.78,224.33,103.28,3170.8,241.99,94.48,132.91,40.25,58.99,100.36,282.41
20260824,09:34:15,45198.48,40552.88,24270.64,16252.71,123.96,1935.54,312.96,483.26,545.15,109.24,175.76,190.23,102.44,136.55,292.46,123.46,197.25,294.7,2876.94,1523.99,445.37,67.5,232.07,918.55,362.86,229.26,270.9,465.84,224.4,103.28,3170.64,241.99,94.48,132.91,40.25,58.99,100.36,282.41
20260824,09:34:20,45199.73,40553.31,24270.96,16250.45,123.96,1935.54,312.58,482.86,545.15,109.25,175.62,190.26,102.32,136.55,292.46,123.46,197.25,294.7,2877.03,1524.0,445.4,67.48,232.18,918.61,362.89,229.26,270.9,465.84,224.64,103.28,3171.35,241.99,94.48,132.91,40.25,59.01,100.36,282.4
20260824,09:34:25,45199.63,40554.06,24268.27,16250.21,123.96,1935.54,312.58,482.86,545.15,109.25,175.6,190.31,102.3,136.76,292.46,123.46,197.25,294.68,2877.1,1524.07,445.4,67.48,232.07,918.63,362.89,229.26,270.95,465.83,224.63,103.27,3170.57,241.99,94.48,132.89,40.23,59.01,100.36,282.4
20260824,09:34:30,45195.35,40549.86,24271.7,16254.05,123.83,1934.99,313.13,482.93,545.22,109.25,175.6,190.31,102.3,136.76,292.58,123.34,197.25,294.68,2876.67,1523.63,445.41,67.47,232.45,918.65,362.64,229.26,270.95,465.84,224.72,103.27,3170.6,241.99,94.47,132.89,40.23,59.01,100.36,282.4
20260824,09:34:35,45236.52,40590.04,24271.59,16254.12,123.96,1934.99,313.13,482.86,545.15,109.17,175.59,190.28,102.3,136.55,292.58,123.34,197.21,294.68,2879.9,1526.2,445.35,67.47,232.44,918.48,362.71,229.26,270.95,465.93,224.77,103.27,3170.55,241.99,94.47,132.88,40.23,59.01,100.36,282.4
20260824,09:34:40,45233.84,40587.56,24271.44,16254.4,123.83,1935.21,313.13,482.86,545.15,109.19,175.53,190.33,102.24,136.55,292.58,123.34,197.21,294.68,2879.7,1526.13,445.46,67.59,232.19,917.98,362.72,229.26,271.05,465.85,224.99,103.27,3170.43,241.99,94.35,132.88,40.23,59.03,100.36,282.45
20260824,09:34:45,45191.8,40546.75,24267.78,16250.72,123.97,1936.84,312.42,483.19,545.15,109.11,175.48,190.25,102.21,136.55,292.58,123.46,197.26,294.66,2876.5,1523.69,445.51,67.57,232.08,917.99,362.72,229.26,271.05,466.08,224.95,103.27,3170.28,241.99,94.35,132.88,40.23,59.03,100.36,282.45
20260824,09:34:50,45192.56,40547.81,24271.23,16255.73,123.84,1936.48,313.05,483.01,545.16,109.09,175.47,190.27,102.2,136.55,292.58,123.47,197.21,294.68,2876.46,1523.75,445.5,67.57,231.9,917.99,362.99,229.26,270.95,466.07,225.07,103.27,3170.0,241.99,94.35,132.88,40.23,59.03,100.36,282.46
20260824,09:34:55,45190.88,40545.71,24272.62,16255.77,123.84,1936.48,313.06,482.86,545.13,109.11,175.48,190.28,102.2,136.55,292.58,123.47,197.21,294.7,2876.29,1523.84,445.48,67.55,231.88,917.38,362.79,229.26,270.95,466.07,225.08,103.27,3170.42,241.99,94.35,132.92,40.23,59.03,100.36,282.46
20260824,09:35:00,45187.89,40543.49,24270.11,16255.22,123.84,1935.06,313.06,483.11,545.21,109.11,175.51,190.31,102.22,136.55,292.46,123.34,197.25,294.7,2876.12,1523.7,445.5,67.59,231.88,917.33,362.79,229.26,270.95,466.07,225.07,103.27,3169.79,241.99,94.36,132.92,40.23,59.02,100.36,282.46
20260824,09:35:05,45189.53,40545.09,24270.13,16255.26,123.9,1935.06,313.14,482.86,545.14,109.1,175.54,190.3,102.25,136.55,292.46,123.34,197.25,294.7,2876.25,1523.72,445.55,67.6,232.0,917.38,362.72,229.26,270.97,466.07,225.01,103.27,3169.79,241.99,94.36,132.91,40.23,59.02,100.36,282.47
20260824,09:35:10,45190.17,40545.47,24272.52,16257.2,124.03,1935.06,313.13,482.86,545.14,109.09,175.61,190.35,102.3,136.55,292.43,123.34,197.28,294.7,2876.24,1523.68,445.6,67.59,232.0,917.45,362.72,229.26,270.97,466.14,225.09,103.26,3170.01,241.99,94.36,132.91,40.23,59.01,100.36,282.47
20260824,09:35:15,45190.75,40546.4,24271.11,16256.77,124.09,1935.06,313.68,482.86,545.12,109.01,175.32,190.28,102.07,136.55,292.43,123.34,197.18,294.67,2876.32,1523.76,445.6,67.6,232.24,917.18,362.72,229.26,270.97,466.24,225.05,103.26,3169.68,241.99,94.24,132.91,40.23,59.05,100.36,282.47
20260824,09:35:20,45190.79,40546.04,24268.74,16252.72,124.09,1935.06,313.13,482.89,545.18,109.01,175.3,190.25,102.07,136.34,292.43,123.34,197.23,294.67,2876.39,1523.68,445.5,67.61,231.99,917.88,362.72,229.26,270.96,466.32,225.01,103.26,3170.04,241.67,94.36,132.91,40.23,59.04,100.36,282.46
20260824,09:35:25,45194.49,40549.7,24272.13,16256.8,124.09,1934.87,313.68,482.97,545.15,109.09,175.31,190.29,102.07,136.55,292.43,123.34,197.18,294.7,2876.59,1523.73,445.65,67.6,232.24,917.83,362.72,229.26,270.96,466.35,225.06,103.26,3169.99,241.67,94.24,132.91,40.23,59.04,100.36,282.46
20260824,09:35:30,45232.87,40587.12,24268.75,16253.0,123.97,1934.87,313.14,483.05,545.14,109.01,175.31,190.33,102.06,136.55,292.43,123.38,197.23,294.69,2879.69,1526.18,445.66,67.59,232.24,917.69,362.72,229.26,270.96,466.34,225.03,103.26,3169.97,241.67,94.36,132.91,40.23,59.04,100.36,282.38
20260824,09:35:35,45229.2,40583.25,24269.4,16252.74,123.97,1934.93,313.13,482.97,545.16,109.09,175.33,190.32,102.07,136.55,292.43,123.38,197.23,294.69,2879.39,1526.06,445.66,67.57,231.99,917.58,362.74,229.26,270.96,466.48,224.95,103.26,3170.24,241.67,94.36,132.88,40.23,59.04,100.36,282.37
20260824,09:35:40,45228.33,40582.2,24272.83,16256.02,123.97,1934.93,313.76,482.98,545.11,109.09,175.4,190.32,102.13,136.55,292.43,123.38,197.18,294.69,2879.22,1526.18,445.67,67.6,231.98,916.72,363.06,229.26,270.96,466.46,224.77,103.26,3170.42,241.67,94.36,132.88,40.18,59.03,100.36,282.42
20260824,09:35:45,45222.08,40576.33,24273.13,16257.11,123.97,1934.93,313.68,482.9,545.19,109.1,175.39,190.3,102.13,136.55,292.43,123.38,197.18,294.69,2878.72,1525.99,445.61,67.57,231.86,916.75,363.07,229.26,270.64,466.43,224.84,103.19,3170.22,241.67,94.47,132.88,40.23,59.03,100.36,282.42
20260824,09:35:50,45219.62,40573.5,24274.79,16257.56,123.97,1934.71,313.77,482.98,545.22,109.1,175.43,190.32,102.15,136.55,292.43,123.38,197.18,294.69,2878.49,1525.87,445.5,67.58,231.86,916.62,363.07,229.26,270.67,466.46,224.96,103.19,3170.62,241.67,94.24,132.88,40.23,59.03,100.36,282.4
20260824,09:35:55,45221.55,40575.33,24276.07,16258.88,123.97,1934.71,313.77,482.98,545.23,109.02,175.44,190.33,102.16,136.54,292.43,123.38,197.18,294.69,2878.6,1526.03,445.29,67.57,231.86,916.65,362.99,229.26,270.67,466.48,224.99,103.17,3170.66,241.67,94.36,132.88,40.27,59.03,100.36,282.4
20260824,09:36:00,45226.22,40580.92,24272.0,16257.65,123.97,1934.45,313.77,483.12,545.13,109.02,175.44,190.33,102.16,136.54,292.55,123.39,197.21,294.68,2879.08,1526.2,445.4,67.57,231.97,916.62,363.23,229.26,270.98,466.48,225.0,103.17,3169.72,241.71,94.24,132.79,40.27,59.03,100.36,282.4
20260824,09:36:05,45230.79,40584.42,24273.77,16256.5,123.97,1934.81,313.77,482.98,545.04,109.02,175.46,190.37,102.17,136.54,292.55,123.34,197.21,294.68,2879.39,1526.34,445.29,67.58,232.22,916.77,363.33,229.26,271.0,466.43,224.92,103.16,3170.58,241.71,94.24,132.79,40.27,59.02,100.36,282.45
20260824,09:36:10,45231.8,40584.77,24276.26,16257.25,123.84,1934.81,313.77,482.98,545.15,109.02,175.45,190.34,102.17,136.54,292.55,123.38,197.21,294.68,2879.4,1526.3,445.4,67.58,232.22,916.85,363.08,229.23,271.0,466.43,224.88,103.16,3171.16,241.71,94.36,132.8,40.27,59.02,100.36,282.45
20260824,09:36:15,45231.96,40584.93,24278.72,16260.07,123.84,1934.39,314.33,483.06,545.14,109.02,175.48,190.44,102.17,136.54,292.67,123.24,197.21,294.68,2879.35,1526.48,445.32,67.56,232.22,916.66,363.1,229.23,270.68,466.35,224.83,103.16,3171.16,241.71,94.36,132.8,40.27,59.03,100.36,282.42
20260824,09:36:20,45233.97,40586.88,24279.41,16260.87,123.97,1934.39,314.33,482.72,545.11,109.02,175.48,190.43,102.17,136.54,292.67,123.36,197.21,294.68,2879.48,1526.45,445.43,67.57,231.86,916.85,363.11,229.23,271.01,466.36,224.83,103.2,3171.16,241.71,94.37,132.8,40.27,59.03,100.36,282.42
20260824,09:36:25,45234.58,40587.39,24278.86,16259.97,123.84,1934.39,314.33,482.98,545.16,109.04,175.47,190.42,102.17,136.54,292.58,123.24,197.21,294.67,2879.55,1526.47,445.57,67.56,231.86,916.87,363.11,229.37,270.96,466.32,224.83,103.2,3171.23,241.71,94.37,132.8,40.27,59.03,100.36,282.42
20260824,09:36:30,45234.98,40588.82,24276.69,16260.93,123.84,1934.39,314.41,482.98,545.16,109.04,175.51,190.46,102.19,136.54,292.7,123.24,197.21,294.67,2879.64,1526.58,445.57,67.57,231.86,916.75,363.08,229.37,270.95,466.33,224.83,103.19,3170.3,241.71,94.37,132.81,40.27,59.0,100.36,282.42
20260824,09:36:35,45232.66,40586.31,24278.05,16261.66,123.83,1934.39,314.33,482.98,545.19,109.04,175.51,190.43,102.19,136.54,292.7,123.24,197.21,294.67,2879.42,1526.34,445.57,67.52,231.88,917.02,363.07,229.37,270.95,466.32,224.87,103.2,3170.52,241.71,94.48,132.81,40.27,59.0,100.36,282.42
20260824,09:36:40,45236.78,40590.76,24278.77,16263.95,123.96,1934.64,314.41,483.11,545.22,109.12,175.51,190.44,102.2,136.75,292.7,123.24,197.21,294.67,2879.72,1526.4,445.72,67.52,231.88,917.41,363.1,229.37,270.95,466.32,224.83,103.2,3170.13,241.71,94.48,132.91,40.35,59.03,100.36,282.42
20260824,09:36:45,45239.73,40593.2,24279.43,16263.26,123.96,1934.64,314.41,482.86,545.22,109.04,175.51,190.44,102.2,136.54,292.58,123.23,197.21,294.67,2879.94,1526.5,445.87,67.54,231.85,917.42,363.11,229.37,270.95,466.32,224.85,103.2,3170.52,241.71,94.48,132.91,40.35,59.03,100.36,282.42
20260824,09:36:50,45242.96,40595.5,24281.38,16262.69,123.83,1936.05,314.41,482.86,545.29,109.12,175.53,190.48,102.2,136.54,292.58,123.22,197.21,294.67,2880.14,1526.51,445.9,67.55,232.08,917.57,363.11,229.37,271.0,466.36,224.71,103.2,3171.28,241.71,94.48,132.91,40.36,59.03,100.36,282.42
20260824,09:36:55,45241.25,40594.53,24277.52,16260.57,123.83,1934.42,314.41,482.6,545.29,109.12,175.54,190.54,102.2,136.54,292.58,123.22,197.21,294.67,2880.11,1526.49,446.04,67.53,232.08,917.44,363.11,229.37,271.01,466.36,224.58,103.2,3170.65,241.66,94.49,133.01,40.24,59.02,100.36,282.42
20260824,09:37:00,45242.79,40596.29,24276.91,16260.71,123.96,1935.83,314.41,482.6,545.31,109.04,175.54,190.53,102.2,136.54,292.58,123.34,197.21,294.67,2880.25,1526.54,446.05,67.55,231.84,917.75,363.35,229.37,271.02,466.36,224.53,103.2,3170.42,241.71,94.37,133.01,40.24,59.02,100.36,282.42
20260824,09:37:05,45243.13,40597.01,24277.23,16262.38,123.83,1936.19,314.41,482.6,545.28,109.02,175.72,190.51,102.35,136.54,292.58,123.34,197.21,294.67,2880.26,1526.53,446.08,67.55,231.84,917.75,363.6,229.37,271.01,466.35,224.44,103.2,3170.07,241.71,94.49,133.01,40.24,59.02,100.36,282.43
20260824,09:37:10,45243.46,40597.33,24278.46,16263.8,123.83,1936.19,314.41,482.6,545.32,109.1,175.72,190.52,102.35,136.53,292.58,123.35,197.21,294.64,2880.26,1526.54,446.12,67.57,231.84,917.56,363.92,229.37,271.01,466.36,224.55,103.2,3170.07,241.71,94.49,133.01,40.24,59.02,100.36,282.43
20260824,09:37:15,45241.83,40595.53,24278.75,16263.41,123.83,1934.78,314.41,482.6,545.3,109.05,175.74,190.48,102.37,136.53,292.58,123.35,197.21,294.64,2880.12,1526.38,446.12,67.57,231.84,917.73,363.92,229.37,271.01,466.37,224.48,103.2,3170.27,241.71,94.6,133.01,40.24,59.0,100.36,282.43
20260824,09:37:20,45240.99,40594.48,24280.53,16264.7,123.83,1934.42,314.49,482.43,545.36,109.05,175.77,190.49,102.39,136.75,292.58,123.36,197.21,294.64,2880.0,1526.28,446.24,67.57,231.83,917.65,363.92,229.37,271.02,466.37,224.5,103.2,3170.47,241.71,94.6,133.01,40.24,59.0,100.36,282.43
20260824,09:37:25,45241.05,40594.51,24278.78,16262.59,123.7,1934.42,314.58,482.68,545.29,108.96,175.78,190.53,102.39,136.75,292.58,123.25,197.21,294.64,2880.06,1526.28,446.19,67.55,231.83,917.86,363.92,229.38,271.01,466.37,224.35,103.2,3170.5,241.66,94.6,133.01,40.24,59.0,100.36,282.43
20260824,09:37:30,45239.3,40595.1,24273.97,16264.74,123.7,1934.78,314.67,482.46,545.32,108.96,175.84,190.51,102.44,136.75,292.58,123.24,197.21,294.64,2880.05,1526.48,446.2,67.53,231.84,917.67,363.92,229.38,270.69,466.31,224.47,103.2,3168.41,241.66,94.59,133.0,40.24,59.0,100.36,282.42
20260824,09:37:35,45245.26,40598.87,24282.71,16267.97,123.7,1935.97,314.67,482.46,545.33,109.04,176.05,190.56,102.61,136.75,292.58,123.24,197.21,294.64,2880.28,1526.37,446.26,67.53,231.95,917.93,363.94,229.38,271.05,466.35,224.48,103.2,3170.26,241.66,94.59,133.0,40.24,58.99,100.36,282.42
20260824,09:37:40,45250.55,40604.65,24279.22,16266.05,123.7,1934.19,314.67,482.71,545.33,108.96,176.05,190.54,102.61,136.75,292.58,123.24,197.21,294.64,2880.79,1526.37,446.26,67.53,232.38,918.73,363.94,229.38,271.06,466.35,224.33,103.21,3169.7,241.66,94.59,133.09,40.24,58.98,100.36,282.42
20260824,09:37:45,45249.86,40603.57,24282.88,16268.93,123.83,1934.19,315.13,482.37,545.28,108.96,175.86,190.58,102.45,136.96,292.4,123.37,197.21,294.64,2880.64,1526.38,446.25,67.55,232.02,918.66,363.7,229.38,271.07,466.35,224.3,103.21,3170.06,241.71,94.71,133.09,40.24,58.98,100.36,282.42
20260824,09:37:50,45252.1,40606.02,24282.65,16269.51,123.83,1934.19,315.22,482.45,545.36,108.73,175.89,190.58,102.47,136.96,292.4,123.37,197.21,294.62,2880.82,1526.48,446.26,67.55,232.02,918.73,363.93,229.38,271.07,466.35,224.33,103.21,3169.83,241.71,94.71,133.09,40.24,58.96,100.36,282.38
20260824,09:37:55,45257.59,40611.36,24283.01,16269.93,123.7,1934.19,315.12,482.7,545.44,108.8,175.88,190.64,102.45,136.96,292.4,123.41,197.21,294.64,2881.24,1526.47,446.43,67.55,231.9,919.66,364.06,229.38,271.08,466.34,224.3,103.21,3169.83,241.63,94.83,133.09,40.24,58.96,100.36,282.38
20260824,09:38:00,45261.5,40615.79,24278.98,16267.36,123.83,1934.19,314.75,482.7,545.48,108.71,175.87,190.61,102.45,136.96,292.4,123.41,197.21,294.64,2881.66,1526.52,446.78,67.55,232.27,919.79,364.07,229.38,271.08,466.32,224.3,103.21,3169.27,241.63,94.83,133.09,40.24,58.96,100.36,282.38
20260824,09:38:05,45263.48,40616.9,24284.85,16271.37,123.83,1934.19,315.22,482.7,545.64,108.71,175.88,190.64,102.45,136.96,292.4,123.4,197.21,294.62,2881.65,1526.44,446.91,67.55,232.1,919.97,363.74,229.37,271.16,466.32,224.3,103.21,3170.01,241.63,94.83,133.13,40.24,58.95,100.36,282.38
20260824,09:38:10,45262.57,40617.49,24281.33,16272.26,123.77,1934.19,315.29,482.7,545.54,108.71,175.84,190.6,102.43,136.75,292.4,123.4,197.21,294.48,2881.68,1526.44,446.93,67.56,232.08,919.98,363.74,229.37,271.2,466.27,224.53,103.21,3168.67,241.63,94.83,133.12,40.24,58.95,100.36,282.38
20260824,09:38:15,45261.23,40616.09,24276.85,16266.78,123.64,1934.19,314.75,482.46,545.54,108.71,175.84,190.65,102.42,136.96,292.4,123.39,197.21,294.48,2881.7,1526.4,447.04,67.57,232.08,920.05,363.74,229.37,271.16,466.13,224.42,103.2,3168.76,241.63,94.83,133.12,40.24,58.95,100.36,282.4
20260824,09:38:20,45265.57,40618.77,24282.4,16267.97,123.64,1934.13,314.75,482.46,545.54,108.71,175.85,190.65,102.42,136.96,292.28,123.39,197.21,294.48,2881.88,1526.43,447.15,67.56,232.08,920.31,363.75,229.37,271.17,466.13,224.44,103.2,3170.17,241.63,94.95,133.12,40.26,58.96,100.36,282.4
20260824,09:38:25,45265.25,40620.53,24277.81,16269.66,123.64,1934.13,314.75,482.69,545.55,108.79,175.88,190.76,102.42,136.96,292.28,123.52,197.21,294.48,2881.99,1526.44,447.17,67.56,232.33,920.23,363.75,229.37,271.19,466.12,224.43,103.2,3168.28,241.7,94.95,133.12,40.26,58.96,100.36,282.4
20260824,09:38:30,45277.32,40629.96,24288.47,16274.09,123.83,1934.11,315.38,482.69,545.47,108.71,175.88,190.76,102.43,136.96,292.28,123.4,197.21,294.48,2882.64,1526.66,447.22,67.55,232.44,920.95,363.75,229.37,271.19,466.11,224.54,103.2,3170.4,241.7,94.95,133.12,40.26,58.93,100.17,282.4
20260824,09:38:35,45279.03,40631.84,24284.33,16270.04,123.7,1934.11,314.83,482.69,545.48,108.71,175.84,190.74,102.4,136.96,292.28,123.4,197.21,294.48,2882.89,1526.69,447.23,67.57,232.44,921.43,363.75,229.37,271.19,466.04,224.53,103.2,3170.21,241.7,95.07,133.12,40.26,58.93,100.17,282.4
20260824,09:38:40,45240.05,40594.68,24283.79,16272.2,123.83,1934.03,314.92,482.69,545.77,108.79,175.85,190.77,102.4,136.95,292.28,123.4,197.21,294.48,2879.84,1524.19,447.23,67.57,232.31,921.99,363.75,229.37,271.2,466.02,224.51,103.21,3169.45,241.7,95.07,133.15,40.26,58.93,100.17,282.4
20260824,09:38:45,45240.86,40594.51,24288.05,16273.88,123.7,1934.03,314.92,482.01,545.67,108.79,176.05,190.78,102.56,136.95,292.28,123.52,197.21,294.48,2879.79,1524.21,447.17,67.57,232.31,921.85,363.75,229.37,271.2,466.02,224.53,103.21,3170.33,241.7,95.07,133.15,40.26,58.93,100.17,282.4
20260824,09:38:50,45239.98,40594.43,24287.61,16275.98,123.7,1934.03,315.46,482.04,545.64,108.71,176.06,190.81,102.56,136.95,292.28,123.4,197.21,294.5,2879.73,1524.11,447.21,67.57,232.31,921.99,363.75,229.37,271.2,465.98,224.53,103.31,3169.62,241.67,94.95,133.15,40.26,58.93,100.17,282.4
20260824,09:38:55,45240.26,40594.71,24287.19,16275.5,123.7,1934.39,315.46,482.04,545.57,108.71,176.04,190.75,102.56,136.95,292.28,123.44,197.21,294.5,2879.76,1524.21,447.22,67.56,232.08,921.98,363.75,229.37,271.2,465.99,224.58,103.28,3169.62,241.67,94.83,133.15,40.26,58.93,100.17,282.4
20260824,09:39:00,45239.43,40594.02,24284.29,16272.58,123.83,1934.16,314.91,482.29,545.65,108.71,176.01,190.74,102.54,136.95,292.25,123.44,197.21,294.49,2879.78,1524.18,447.24,67.58,232.08,922.05,363.75,229.37,271.21,465.99,224.56,103.28,3169.51,241.67,94.95,133.15,40.26,58.93,100.17,282.4
20260824,09:39:05,45240.36,40594.6,24288.71,16276.57,123.83,1933.8,315.54,482.29,545.6,108.71,176.21,190.78,102.69,136.95,292.25,123.44,197.21,294.49,2879.73,1524.14,447.29,67.56,232.08,922.07,363.42,229.37,271.2,465.98,224.4,103.28,3169.8,241.67,94.83,133.15,40.26,58.93,100.17,282.4
20260824,09:39:10,45239.18,40593.7,24290.06,16278.93,123.83,1933.94,315.54,482.29,545.57,108.79,176.21,190.78,102.69,136.95,292.25,123.43,197.21,294.49,2879.6,1524.31,446.97,67.57,232.08,921.53,363.42,229.37,271.24,465.98,224.54,103.28,3169.58,241.67,94.95,133.15,40.25,58.93,100.17,282.39
20260824,09:39:15,45240.15,40594.38,24289.78,16277.77,123.83,1933.94,315.46,482.62,545.57,108.71,176.21,190.79,102.69,136.95,292.25,123.41,197.21,294.49,2879.68,1524.31,446.98,67.57,232.08,921.7,363.41,229.37,271.24,465.95,224.58,103.28,3169.82,241.67,94.83,133.12,40.25,58.93,100.17,282.39
20260824,09:39:20,45239.54,40593.83,24287.9,16275.73,123.83,1933.94,315.45,482.37,545.56,108.71,176.17,190.69,102.68,136.95,292.25,123.42,197.21,294.49,2879.69,1524.39,446.87,67.56,232.08,921.58,363.73,229.37,271.24,465.94,224.55,103.28,3169.78,241.67,94.71,133.14,40.25,58.93,100.17,282.39
20260824,09:39:25,45235.62,40590.22,24285.61,16273.82,123.77,1933.94,314.9,482.37,545.56,108.79,176.24,190.74,102.73,136.95,292.11,123.42,197.21,294.49,2879.44,1524.28,446.85,67.57,232.33,921.5,363.73,229.12,270.93,465.94,224.57,103.28,3169.58,241.67,94.84,133.17,40.25,58.93,100.17,282.39
20260824,09:39:30,45240.2,40594.44,24288.41,16276.21,123.77,1933.94,315.45,482.62,545.59,108.79,176.09,190.88,102.57,136.96,292.11,123.44,197.21,294.49,2879.72,1524.41,446.83,67.57,232.33,921.44,363.73,229.12,271.19,465.9,224.65,103.28,3169.81,241.63,94.72,133.15,40.25,58.93,100.17,282.41
20260824,09:39:35,45238.07,40592.6,24287.23,16275.67,123.77,1933.94,315.45,482.62,545.6,108.79,176.1,190.94,102.57,136.96,292.11,123.44,197.21,294.49,2879.59,1524.39,446.64,67.56,232.33,921.41,363.73,229.13,271.19,465.89,224.54,103.28,3169.59,241.63,94.72,133.15,40.25,58.95,100.27,282.41
20260824,09:39:40,45235.11,40589.13,24284.89,16271.0,123.77,1933.94,314.83,482.38,545.6,108.79,176.17,190.93,102.63,136.74,292.11,123.43,197.21,294.49,2879.42,1524.38,446.64,67.53,232.09,921.32,363.74,229.13,271.2,465.9,224.51,103.26,3170.12,241.63,94.72,133.15,40.25,58.95,100.27,282.4
20260824,09:39:45,45234.08,40588.34,24283.86,16270.52,123.64,1933.94,314.82,482.38,545.55,108.88,176.15,190.92,102.61,136.74,292.11,123.43,197.21,294.49,2879.37,1524.28,446.55,67.54,232.33,921.35,363.74,229.13,271.19,465.88,224.53,103.26,3169.93,241.63,94.72,133.16,40.25,58.95,100.27,282.38
20260824,09:39:50,45229.12,40583.77,24281.56,16268.76,123.64,1933.51,314.91,482.38,545.44,108.88,176.18,190.94,102.63,136.74,292.11,123.42,197.21,294.49,2879.04,1524.06,446.61,67.49,232.33,921.28,363.72,229.16,271.2,465.88,224.39,103.26,3169.69,241.63,94.6,133.16,40.3,58.95,100.27,282.38
20260824,09:39:55,45232.56,40587.13,24282.12,16269.42,123.64,1933.96,314.91,482.38,545.43,108.81,176.18,190.93,102.64,136.53,292.11,123.41,197.17,294.49,2879.3,1524.22,446.61,67.49,232.51,921.23,363.72,229.16,271.21,465.85,224.52,103.26,3169.69,240.98,94.72,133.16,40.3,58.95,100.27,282.38
20260824,09:40:00,45229.41,40583.45,24281.36,16266.53,123.77,1933.96,314.36,482.38,545.56,108.81,176.19,190.94,102.64,136.53,292.11,123.41,197.17,294.49,2879.07,1524.06,446.6,67.5,232.51,921.19,363.72,229.16,271.21,465.85,224.54,103.26,3170.23,240.98,94.72,133.16,40.3,58.95,100.27,282.4
20260824,09:40:05,45229.01,40583.09,24284.27,16269.92,123.77,1933.96,314.82,482.38,545.62,108.87,176.19,190.96,102.64,136.53,292.25,123.45,197.17,294.5,2878.96,1524.03,446.6,67.45,232.51,921.12,363.72,229.16,271.19,465.82,224.52,103.26,3170.22,241.31,94.6,133.15,40.28,58.95,100.27,282.39
20260824,09:40:10,45224.52,40579.53,24277.69,16265.08,123.77,1933.96,314.9,482.38,545.57,108.79,175.76,190.95,102.29,136.53,292.25,123.46,197.17,294.48,2878.79,1524.02,446.58,67.46,232.26,920.95,363.72,229.14,271.19,465.78,224.37,103.26,3169.48,241.31,94.72,133.2,40.28,58.95,100.27,282.39
20260824,09:40:15,45226.43,40581.01,24278.43,16264.66,123.77,1933.96,314.82,482.43,545.68,108.87,175.77,190.97,102.29,136.53,292.25,123.42,197.17,294.48,2878.92,1524.16,446.48,67.46,232.26,920.96,363.72,229.14,271.19,465.73,224.35,103.26,3169.82,241.31,94.72,133.2,40.28,58.95,100.27,282.39
20260824,09:40:20,45223.33,40578.12,24277.86,16264.46,123.83,1933.96,314.74,482.51,545.72,108.79,175.79,190.87,102.33,136.54,292.25,123.54,197.17,294.49,2878.69,1524.19,446.36,67.46,232.27,920.45,363.71,229.15,271.19,465.68,224.36,103.26,3169.7,241.31,94.6,133.29,40.28,58.95,100.26,282.39
20260824,09:40:25,45221.63,40576.51,24273.42,16259.52,123.83,1933.96,314.11,482.42,545.67,108.87,175.7,190.76,102.28,136.54,292.25,123.55,197.13,294.51,2878.68,1524.2,446.34,67.48,232.52,920.26,363.71,229.15,271.11,465.68,224.31,103.26,3169.66,241.31,94.72,133.29,40.28,58.96,100.26,282.39
20260824,09:40:30,45263.53,40617.34,24274.55,16260.82,123.7,1933.96,314.19,482.68,545.74,108.87,175.73,190.73,102.32,136.54,292.25,123.55,197.13,294.51,2881.94,1526.56,446.36,67.47,232.52,920.7,363.71,229.15,271.11,465.68,224.42,103.26,3169.66,241.31,94.6,133.31,40.28,58.96,100.26,282.39
20260824,09:40:35,45263.05,40616.88,24274.96,16261.33,123.83,1934.33,314.19,482.68,545.79,108.89,175.73,190.75,102.31,136.54,292.25,123.54,197.13,294.51,2881.89,1526.65,446.36,67.48,232.63,920.37,363.47,229.15,271.02,465.68,224.34,103.26,3169.65,241.33,94.72,133.32,40.28,58.92,100.26,282.39
20260824,09:40:40,45267.74,40621.0,24280.76,16266.49,123.83,1934.33,314.73,482.68,545.76,108.87,175.75,190.81,102.31,136.75,292.25,123.54,197.13,294.51,2882.1,1526.82,446.45,67.48,232.39,920.49,363.48,229.15,270.98,465.74,224.42,103.26,3170.06,241.33,94.71,133.34,40.28,58.92,100.26,282.39
20260824,09:40:45,45272.36,40625.25,24279.05,16263.67,123.7,1935.74,314.19,482.68,545.76,108.87,175.73,190.87,102.29,136.75,292.25,123.54,197.13,294.51,2882.51,1526.99,446.37,67.51,232.63,920.52,363.72,229.13,271.12,465.73,224.53,103.26,3170.29,241.33,94.72,133.32,40.28,58.92,100.26,282.39
20260824,09:40:50,45277.92,40630.6,24283.11,16268.14,123.83,1934.33,314.82,482.68,545.76,108.87,175.87,190.83,102.4,136.75,292.25,123.54,197.13,294.51,2882.83,1527.09,446.37,67.5,232.63,921.0,363.72,229.13,271.12,465.73,224.28,103.26,3170.34,241.39,94.83,133.32,40.28,58.92,100.26,282.4
20260824,09:40:55,45277.06,40630.3,24281.56,16268.12,123.83,1934.15,314.82,482.68,545.76,108.9,175.86,190.84,102.4,136.75,292.25,123.54,197.13,294.52,2882.81,1527.02,446.43,67.51,232.63,921.13,363.72,229.13,271.09,465.73,224.28,103.26,3169.86,241.39,94.83,133.32,40.28,58.92,100.26,282.4
20260824,09:41:00,45284.47,40637.08,24284.36,16269.86,123.7,1934.15,314.82,482.68,545.81,108.98,176.03,190.93,102.51,136.75,292.01,123.54,197.13,294.52,2883.31,1527.43,446.58,67.51,232.39,921.14,363.7,229.13,271.08,465.73,224.29,103.26,3170.27,241.39,94.83,133.32,40.28,58.92,100.26,282.42
20260824,09:41:05,45290.51,40643.19,24282.5,16268.49,123.7,1935.56,314.82,482.68,546.11,108.98,175.72,190.96,102.25,136.75,292.01,123.54,197.13,294.52,2883.84,1527.81,446.62,67.52,232.28,921.26,363.71,229.13,271.08,465.73,224.31,103.24,3170.06,241.39,94.83,133.32,40.28,58.94,100.26,282.42
20260824,09:41:10,45296.98,40649.0,24284.99,16269.72,123.7,1935.56,314.82,482.68,546.08,108.98,175.73,191.02,102.25,136.75,292.01,123.53,197.13,294.52,2884.28,1528.07,446.72,67.52,232.29,921.33,363.97,229.13,271.09,465.78,224.43,103.24,3170.5,241.39,94.83,133.32,40.28,58.94,100.26,282.42
20260824,09:41:15,45299.51,40651.74,24286.0,16271.8,123.7,1933.98,314.91,482.7,546.15,108.98,175.82,191.07,102.31,136.75,292.01,123.53,197.13,294.52,2884.45,1528.32,446.71,67.52,232.28,920.94,364.31,229.13,271.09,465.79,224.52,103.24,3170.26,241.39,94.83,133.31,40.29,58.94,100.26,282.42
20260824,09:41:20,45304.04,40655.9,24293.94,16280.07,123.7,1935.39,315.53,482.7,546.15,109.06,176.02,191.1,102.47,136.96,292.01,123.52,197.13,294.52,2884.58,1528.35,446.69,67.52,232.53,920.95,364.31,229.13,271.09,465.87,224.56,103.24,3170.49,241.39,94.83,133.31,40.29,58.94,100.25,282.42
20260824,09:41:25,45260.53,40613.73,24291.26,16277.77,123.7,1935.16,315.45,482.69,546.13,109.07,175.94,191.07,102.41,136.96,292.01,123.52,197.19,294.52,2881.24,1525.85,446.69,67.52,232.52,920.79,364.31,229.11,271.04,465.87,224.49,103.2,3170.28,241.39,94.83,133.31,40.28,58.94,100.25,282.42
20260824,09:41:30,45265.16,40618.23,24293.31,16280.07,123.7,1935.16,315.45,482.71,546.13,109.07,175.93,191.04,102.41,136.96,292.25,123.53,197.19,294.52,2881.55,1525.97,446.69,67.46,232.63,921.15,364.31,229.11,271.05,465.9,224.61,103.2,3170.29,241.39,94.95,133.31,40.28,58.94,100.27,282.44
20260824,09:41:35,45261.26,40614.37,24291.41,16277.68,123.83,1935.16,314.82,482.71,546.24,109.16,175.93,191.03,102.41,136.96,292.25,123.53,197.19,294.52,2881.3,1525.84,446.69,67.46,232.52,921.05,364.33,229.11,271.05,465.9,224.74,103.2,3170.35,241.39,94.95,133.29,40.28,58.94,100.27,282.45
20260824,09:41:40,45263.4,40615.37,24298.77,16282.52,123.7,1935.16,315.45,482.71,546.28,109.17,176.13,191.07,102.57,136.96,292.25,123.52,197.19,294.52,2881.26,1525.96,446.61,67.46,232.27,920.56,364.35,229.6,271.32,465.9,224.56,103.2,3171.33,241.39,94.95,133.31,40.28,58.94,100.27,282.45
20260824,09:41:45,45262.67,40613.82,24302.27,16283.73,123.7,1933.75,315.53,482.71,546.18,109.17,176.13,191.07,102.57,136.96,292.25,123.53,197.19,294.52,2881.11,1525.97,446.58,67.46,232.27,920.59,364.35,229.6,271.01,465.86,224.7,103.19,3172.1,241.39,94.95,133.37,40.28,58.94,100.27,282.45
20260824,09:41:50,45262.87,40614.17,24301.32,16283.17,123.83,1933.75,315.45,482.6,546.28,109.16,176.13,191.08,102.57,136.96,292.25,123.54,197.19,294.52,2881.15,1525.91,446.64,67.46,232.52,920.6,364.35,229.6,271.01,465.86,224.66,103.19,3171.95,241.39,94.95,133.35,40.28,58.94,100.18,282.45
20260824,09:41:55,45259.27,40610.72,24299.94,16281.79,123.83,1933.38,315.53,482.6,546.29,109.16,176.14,191.11,102.57,136.96,292.25,123.53,197.19,294.52,2880.9,1525.72,446.8,67.45,232.49,920.49,364.05,229.6,271.01,465.89,224.48,103.19,3171.9,241.39,94.95,133.35,40.28,58.93,100.08,282.45
20260824,09:42:00,45263.57,40614.79,24296.91,16277.89,123.83,1933.38,315.0,482.63,546.28,109.16,176.14,191.11,102.56,136.96,292.25,123.54,197.19,294.52,2881.32,1525.76,446.91,67.44,232.49,920.95,364.05,229.6,271.28,465.89,224.48,103.19,3172.01,241.39,94.95,133.35,40.28,58.93,100.08,282.45
20260824,09:42:05,45306.43,40656.33,24300.12,16280.85,123.83,1933.75,315.47,482.63,546.2,109.0,176.15,191.15,102.57,136.96,292.25,123.54,197.19,294.52,2884.6,1528.3,447.06,67.45,232.49,920.73,364.05,229.6,271.27,465.82,224.49,103.19,3172.21,241.39,94.95,133.35,40.28,58.93,100.08,282.45
20260824,09:42:10,45301.92,40652.62,24297.0,16279.55,123.83,1933.75,315.37,482.55,546.0,109.0,176.18,191.22,102.57,136.96,292.37,123.54,197.19,294.52,2884.33,1528.07,447.16,67.43,232.48,920.75,364.05,229.6,271.27,465.82,224.47,103.14,3171.59,241.39,94.95,133.35,40.28,58.93,100.08,282.45
20260824,09:42:15,45302.43,40653.05,24294.87,16276.85,123.83,1934.92,314.92,482.61,546.1,109.0,176.19,191.27,102.58,136.96,292.37,123.54,197.19,294.52,2884.43,1528.13,447.2,67.44,232.48,920.72,364.04,229.6,271.27,465.78,224.49,103.14,3171.65,241.39,94.95,133.14,40.28,58.93,100.08,282.48
20260824,09:42:20,45306.16,40656.66,24298.51,16280.95,123.83,1934.92,315.46,482.67,546.1,109.0,176.21,191.24,102.59,136.75,292.37,123.54,197.19,294.52,2884.62,1528.24,447.19,67.44,232.5,920.74,364.03,229.6,271.36,465.78,224.51,103.14,3171.68,241.39,94.95,133.14,40.28,58.93,100.08,282.51
20260824,09:42:25,45306.65,40657.33,24298.22,16281.29,123.83,1934.92,315.47,482.67,546.1,109.0,176.23,191.29,102.6,136.75,292.37,123.54,197.19,294.54,2884.67,1528.37,447.22,67.41,232.5,920.42,364.07,229.6,271.39,465.83,224.51,103.14,3171.5,241.39,94.95,133.14,40.28,58.92,100.08,282.51
20260824,09:42:30,45303.51,40653.43,24301.08,16281.73,123.83,1934.92,315.38,482.67,545.97,109.0,176.22,191.28,102.6,136.75,292.49,123.54,197.19,294.54,2884.35,1528.14,447.26,67.41,232.5,920.27,364.17,229.6,271.41,466.04,224.51,103.16,3172.27,241.32,95.07,133.14,40.28,58.92,100.18,282.51
20260824,09:42:35,45307.88,40658.43,24300.55,16283.62,123.83,1933.5,315.47,482.67,546.02,109.0,176.22,191.29,102.6,137.18,292.49,123.55,197.19,294.54,2884.7,1528.24,447.18,67.43,232.49,920.87,364.3,229.6,271.41,466.04,224.63,103.16,3171.59,241.32,95.07,133.14,40.32,58.89,100.18,282.51
20260824,09:42:40,45307.92,40657.87,24303.56,16285.11,123.96,1934.92,315.56,482.74,546.05,109.0,176.24,191.3,102.61,136.97,292.49,123.55,197.19,294.54,2884.62,1528.37,447.32,67.44,232.24,920.3,364.3,229.6,271.44,465.98,224.62,103.16,3172.13,241.32,95.07,133.14,40.33,58.89,100.18,282.51
20260824,09:42:45,45309.66,40659.39,24303.27,16284.16,123.83,1934.92,315.47,482.73,546.13,109.0,176.24,191.3,102.61,136.97,292.49,123.55,197.19,294.54,2884.77,1528.43,447.31,67.45,232.27,920.38,364.39,229.6,271.44,465.98,224.59,103.16,3172.29,241.32,95.07,133.14,40.33,58.89,100.18,282.51
20260824,09:42:50,45315.85,40666.02,24301.83,16284.53,123.96,1934.92,315.48,482.73,546.15,109.0,176.24,191.27,102.61,136.97,292.49,123.55,197.15,294.54,2885.29,1528.53,447.51,67.48,232.55,920.69,364.64,229.6,271.53,465.94,224.58,103.16,3171.74,241.32,95.07,133.14,40.33,58.92,100.18,282.51
20260824,09:42:55,45319.32,40669.39,24302.22,16284.93,123.96,1934.92,315.48,482.73,546.22,109.0,176.24,191.27,102.61,136.97,292.49,123.56,197.15,294.59,2885.55,1528.52,447.56,67.48,232.79,920.99,364.8,229.6,271.54,465.94,224.58,103.11,3171.75,241.32,95.07,133.14,40.33,58.92,100.18,282.51
20260824,09:43:00,45319.96,40669.84,24303.06,16285.3,123.96,1934.92,315.57,482.71,546.08,109.0,176.26,191.27,102.63,136.97,292.49,123.56,197.19,294.59,2885.58,1528.54,447.65,67.47,232.79,920.9,364.88,229.74,271.55,465.94,224.58,103.11,3171.92,241.32,95.07,133.14,40.33,58.92,100.18,282.51
20260824,09:43:05,45319.3,40668.58,24302.29,16282.35,123.83,1934.45,315.58,482.71,546.08,109.0,176.18,191.23,102.57,136.97,292.49,123.56,197.19,294.56,2885.55,1528.57,447.55,67.51,232.8,920.76,364.98,229.74,271.56,465.93,224.44,103.08,3172.48,241.37,95.07,133.14,40.33,58.92,100.08,282.51
20260824,09:43:10,45323.57,40672.3,24304.5,16283.41,123.83,1933.04,315.58,482.83,546.08,109.0,176.17,191.19,102.57,137.18,292.49,123.56,197.19,294.56,2885.83,1528.75,447.76,67.51,232.7,920.74,364.86,229.74,271.56,465.93,224.59,103.08,3172.88,241.37,95.07,133.14,40.33,58.91,99.99,282.51
20260824,09:43:15,45322.44,40671.86,24301.48,16282.19,123.83,1933.04,315.58,482.67,546.12,109.0,176.18,191.25,102.57,137.18,292.49,123.55,197.19,294.56,2885.82,1528.89,447.68,67.54,232.46,920.54,364.86,229.74,271.56,465.93,224.47,103.08,3172.27,241.32,95.07,133.14,40.33,58.91,99.99,282.51
20260824,09:43:20,45362.3,40711.83,24299.92,16284.18,124.02,1933.04,315.58,482.67,546.09,109.01,176.19,191.29,102.57,137.18,292.49,123.64,197.19,294.56,2888.99,1531.24,447.69,67.54,232.87,920.43,365.01,229.74,271.56,465.87,224.51,103.08,3171.24,241.65,95.07,133.14,40.33,58.91,99.99,282.49
20260824,09:43:25,45359.9,40709.57,24297.06,16281.13,123.89,1933.1,315.49,482.67,546.04,109.01,176.16,191.16,102.57,137.39,292.37,123.52,197.19,294.56,2888.88,1531.27,447.69,67.52,232.54,920.4,365.01,229.74,271.55,465.87,224.42,103.08,3171.18,241.65,95.07,133.15,40.33,58.9,99.99,282.47
20260824,09:43:30,45321.49,40672.03,24298.67,16282.59,123.89,1933.1,315.58,482.67,546.05,109.01,176.16,191.16,102.57,137.39,292.37,123.52,197.19,294.56,2885.82,1528.86,447.71,67.52,232.54,920.52,365.01,229.74,271.56,465.86,224.41,103.06,3171.28,241.65,95.19,133.15,40.33,58.9,99.99,282.46
20260824,09:43:35,45355.11,40704.46,24291.55,16273.28,123.89,1933.1,314.87,482.67,545.92,109.01,176.16,191.18,102.57,137.38,292.37,123.52,197.19,294.56,2888.66,1531.14,447.73,67.52,232.43,920.36,365.01,229.74,271.54,465.87,224.27,103.06,3171.58,241.65,95.07,132.95,40.33,58.9,99.99,282.17
20260824,09:43:40,45357.85,40707.65,24288.28,16271.29,123.89,1933.1,314.86,482.67,545.76,109.01,176.16,191.16,102.57,137.38,292.37,123.51,197.19,294.56,2888.97,1531.04,447.73,67.56,232.56,921.21,365.01,229.74,271.54,465.84,224.14,103.06,3171.1,241.65,95.07,132.95,40.33,58.9,99.99,282.14
20260824,09:43:45,45359.26,40709.18,24288.1,16271.6,123.89,1933.1,314.86,482.67,545.76,108.93,176.15,191.22,102.55,137.38,292.37,123.51,197.19,294.56,2889.08,1531.03,447.74,67.56,232.54,921.47,365.2,229.74,271.54,465.79,224.22,103.06,3170.96,241.65,95.07,132.95,40.33,58.9,99.99,282.14
20260824,09:43:50,45356.06,40705.6,24288.07,16270.02,123.96,1932.87,314.78,482.41,545.76,108.93,176.14,191.21,102.55,137.38,292.37,123.51,197.19,294.56,2888.83,1530.94,447.73,67.6,232.54,921.45,365.2,229.74,271.25,465.7,224.17,103.06,3171.38,241.67,95.07,132.95,40.33,58.9,99.99,282.11
20260824,09:43:55,45356.28,40707.08,24286.3,16272.21,123.96,1932.87,314.78,482.66,545.67,108.94,176.34,191.22,102.71,137.38,292.37,123.51,197.19,294.56,2888.9,1530.83,447.73,67.61,232.47,921.48,365.2,229.74,271.65,465.7,224.27,103.06,3170.24,241.67,94.95,132.95,40.33,58.9,99.99,282.11
20260824,09:44:00,45356.08,40706.81,24285.84,16271.44,123.89,1931.46,314.86,482.67,545.67,108.94,176.36,191.18,102.73,137.38,292.37,123.52,197.19,294.56,2888.9,1530.97,447.73,67.62,232.48,920.98,365.16,229.74,271.7,465.88,224.14,103.06,3170.3,241.67,94.95,132.95,40.33,58.9,99.99,282.11
20260824,09:44:05,45355.02,40706.29,24284.41,16271.51,123.89,1931.46,314.86,482.67,545.73,108.94,176.36,191.16,102.73,137.38,292.37,123.52,197.01,294.53,2888.85,1530.92,447.69,67.62,232.72,920.97,365.19,229.74,271.6,465.87,224.29,103.06,3169.83,241.67,94.83,132.92,40.33,58.89,99.99,282.11
20260824,09:44:10,45359.56,40710.29,24284.98,16270.77,123.89,1931.46,314.86,482.67,545.84,108.94,176.55,191.17,102.89,137.38,292.37,123.52,196.97,294.53,2889.19,1530.99,447.66,67.62,232.73,921.59,365.14,229.74,271.59,465.87,224.1,103.06,3170.21,241.34,94.71,132.92,40.33,58.89,99.99,282.11
20260824,09:44:15,45356.3,40706.37,24287.96,16271.68,123.89,1932.87,314.78,482.42,545.83,108.94,176.56,191.18,102.89,137.38,292.37,123.51,196.99,294.53,2888.85,1530.94,447.66,67.61,232.48,921.59,365.14,229.74,271.28,465.87,224.24,103.05,3170.9,241.32,94.71,132.92,40.33,58.89,99.9,282.14
20260824,09:44:20,45357.23,40706.94,24288.85,16271.57,123.89,1932.87,314.78,482.42,545.79,108.94,176.56,191.18,102.89,137.38,292.37,123.51,197.14,294.53,2888.9,1530.96,447.7,67.62,232.48,921.7,365.13,229.74,271.18,465.87,224.23,103.05,3171.21,241.32,94.71,132.92,40.33,58.89,99.9,282.13
20260824,09:44:25,45358.3,40707.6,24291.42,16273.26,124.02,1931.46,314.78,482.93,545.76,108.94,176.75,191.18,103.05,137.38,292.37,123.63,197.18,294.53,2888.92,1530.86,447.58,67.62,232.48,921.84,365.13,229.74,271.45,465.87,224.08,103.05,3171.55,241.32,94.71,132.93,40.32,58.89,99.9,282.13
20260824,09:44:30,45358.36,40707.66,24292.56,16274.58,124.02,1931.46,314.86,482.93,545.82,108.93,176.79,191.18,103.08,137.38,292.37,123.51,197.18,294.53,2888.89,1530.95,447.53,67.62,232.59,921.45,365.09,229.74,271.44,465.87,224.09,103.05,3171.55,241.32,94.83,132.93,40.32,58.87,99.9,282.12
20260824,09:44:35,45359.75,40709.22,24293.39,16276.23,123.89,1931.83,314.86,482.67,545.89,108.85,177.0,191.22,103.24,137.38,292.37,123.52,197.21,294.53,2888.97,1530.91,447.51,67.62,232.59,921.79,365.15,229.74,271.44,465.88,224.07,103.05,3171.36,241.32,94.83,132.93,40.31,58.87,99.9,282.12
20260824,09:44:40,45356.44,40706.3,24293.3,16277.16,124.02,1931.83,314.86,482.67,545.91,108.85,177.06,191.35,103.26,137.38,292.37,123.52,197.21,294.53,2888.72,1530.95,447.19,67.57,232.84,921.24,365.18,229.74,271.45,465.85,224.07,103.04,3171.08,241.32,94.83,132.93,40.31,58.87,99.9,282.1
20260824,09:44:45,45351.15,40700.58,24294.58,16276.7,123.89,1931.46,314.86,482.68,545.98,108.85,177.06,191.37,103.26,137.38,292.37,123.49,197.18,294.53,2888.27,1530.88,447.28,67.57,232.75,920.41,365.16,229.74,271.45,465.81,224.08,103.01,3171.6,241.32,94.84,132.93,40.31,58.87,99.9,282.1
20260824,09:44:50,45350.26,40699.86,24295.26,16278.0,123.9,1931.46,314.86,482.56,545.96,108.85,177.07,191.37,103.27,137.38,292.55,123.49,197.18,294.53,2888.18,1530.83,447.21,67.58,232.73,920.4,365.16,229.74,271.45,465.84,224.2,103.01,3171.46,241.32,94.84,132.93,40.31,58.87,99.9,282.1
20260824,09:44:55,45345.43,40697.67,24287.87,16277.91,123.9,1931.35,314.86,482.56,545.96,108.77,177.08,191.34,103.28,137.38,292.55,123.48,197.18,294.55,2888.0,1530.76,447.21,67.58,232.48,920.45,365.17,229.74,271.45,465.84,224.18,103.01,3169.18,241.32,94.84,132.93,40.31,58.91,99.9,282.1
20260824,09:45:00,45345.26,40695.67,24291.23,16275.66,123.9,1931.71,314.78,482.56,545.96,108.77,177.07,191.33,103.27,137.39,292.55,123.49,197.22,294.55,2887.9,1530.6,447.12,67.57,232.48,920.8,364.95,229.74,271.45,465.88,223.96,103.01,3170.84,241.32,94.84,132.93,40.31,58.93,99.9,282.1
20260824,09:45:05,45347.37,40697.59,24292.62,16276.77,123.84,1931.71,314.87,482.82,545.88,108.76,177.07,191.33,103.27,137.39,292.55,123.49,197.22,294.57,2888.02,1530.81,447.18,67.54,232.48,920.88,364.92,229.74,271.13,465.87,223.93,103.01,3170.97,241.32,94.96,132.93,40.31,58.93,99.9,282.11
20260824,09:45:10,45347.34,40697.25,24287.73,16270.13,123.84,1931.69,314.33,482.43,545.88,108.76,177.07,191.32,103.27,137.4,292.55,123.49,197.22,294.56,2888.16,1530.82,447.15,67.55,232.48,920.78,364.93,229.73,271.44,465.87,223.68,103.01,3171.25,241.32,94.96,133.01,40.31,58.93,99.9,282.11
20260824,09:45:15,45351.03,40700.77,24290.32,16272.86,123.84,1931.8,314.86,482.19,545.88,108.84,177.09,191.38,103.28,137.4,292.55,123.49,197.22,294.55,2888.37,1530.79,447.13,67.54,232.55,921.34,364.93,229.73,271.44,465.88,223.53,103.01,3171.31,241.32,94.96,133.01,40.31,58.93,99.9,282.11
20260824,09:45:20,45342.38,40691.88,24288.58,16269.32,123.84,1931.8,314.23,482.32,545.9,108.85,177.08,191.38,103.27,137.4,292.55,123.49,197.22,294.55,2887.74,1530.68,446.99,67.53,232.55,920.37,364.93,229.73,271.43,465.88,223.72,103.01,3171.73,241.32,94.84,133.01,40.31,58.93,99.9,282.11
20260824,09:45:25,45347.94,40697.68,24285.77,16267.32,123.71,1931.74,314.23,482.44,545.85,108.85,176.86,191.37,103.09,137.4,292.55,123.47,197.22,294.55,2888.26,1530.72,446.99,67.55,232.56,921.44,364.92,229.73,271.43,465.9,223.82,103.01,3171.4,241.32,94.84,133.01,40.31,58.93,99.89,282.12
20260824,09:45:30,45338.47,40688.45,24281.78,16262.73,123.71,1931.37,313.68,482.44,545.85,108.84,176.92,191.31,103.15,137.4,292.55,123.63,197.33,294.55,2887.63,1530.61,447.04,67.52,232.57,920.22,364.9,229.73,271.46,465.95,223.68,103.07,3171.4,241.32,94.72,133.01,40.31,58.93,99.89,282.12
20260824,09:45:35,45335.88,40686.93,24279.55,16263.52,123.71,1931.01,314.22,482.44,545.79,108.84,176.85,191.32,103.09,137.39,292.55,123.47,197.36,294.55,2887.48,1530.58,447.04,67.49,232.43,920.18,364.92,229.73,271.46,465.95,223.66,103.07,3170.48,241.32,94.6,133.01,40.31,58.93,99.89,282.12
20260824,09:45:40,45332.73,40685.11,24276.03,16263.66,123.71,1931.01,314.15,482.69,545.79,108.84,176.85,191.34,103.09,137.39,292.55,123.47,197.36,294.55,2887.33,1530.51,447.02,67.45,232.44,920.18,364.92,229.73,271.41,465.95,223.66,103.07,3169.35,241.0,94.72,133.01,40.31,58.92,99.89,282.12
20260824,09:45:45,45331.67,40684.93,24276.09,16266.58,123.72,1931.01,314.15,482.69,545.79,108.91,176.92,191.34,103.15,137.39,292.55,123.6,197.22,294.56,2887.25,1530.42,446.92,67.45,232.57,920.31,364.92,229.73,271.37,465.96,223.77,103.07,3168.57,241.0,94.72,133.03,40.31,58.92,99.89,282.12
20260824,09:45:50,45336.63,40685.82,24291.33,16270.93,123.72,1931.01,314.77,482.69,545.82,108.84,176.97,191.34,103.19,137.39,292.55,123.61,197.18,294.56,2887.22,1530.45,446.92,67.43,232.57,920.17,364.92,229.73,271.37,465.92,223.7,103.07,3172.15,241.0,94.72,133.01,40.31,58.94,99.89,282.12
20260824,09:45:55,45338.38,40688.41,24288.84,16271.04,123.85,1931.01,314.77,482.66,545.85,108.84,176.98,191.37,103.19,137.39,292.55,123.61,197.19,294.56,2887.42,1530.58,447.03,67.44,232.57,920.14,364.92,229.73,271.37,465.91,223.67,103.07,3171.35,241.0,94.72,133.01,40.31,58.94,99.89,282.12
20260824,09:46:00,45338.17,40688.89,24286.61,16270.74,123.72,1931.37,314.85,482.41,545.82,108.91,176.98,191.38,103.19,137.39,292.55,123.65,197.19,294.58,2887.47,1530.58,447.06,67.43,232.56,920.28,364.78,229.73,271.36,465.96,223.59,103.07,3170.73,241.0,94.72,132.99,40.31,58.92,99.89,282.11
20260824,09:46:05,45334.05,40684.66,24287.55,16271.1,123.72,1931.31,314.85,482.66,545.78,108.83,176.94,191.37,103.16,137.39,292.55,123.65,197.19,294.58,2887.12,1530.49,446.83,67.44,232.38,920.09,364.78,229.59,271.36,465.96,223.64,103.07,3170.93,241.32,94.72,132.98,40.31,58.92,99.87,282.11
20260824,09:46:10,45341.49,40692.11,24285.92,16269.93,123.72,1931.31,314.76,482.66,545.81,108.83,176.93,191.34,103.16,137.39,292.55,123.65,197.19,294.57,2887.75,1530.5,446.9,67.43,232.37,921.56,364.75,229.59,271.32,465.91,223.6,103.07,3170.74,241.32,94.72,132.98,40.31,58.92,99.87,282.11
20260824,09:46:15,45340.74,40689.32,24287.57,16264.94,123.72,1931.31,314.31,482.66,545.77,108.83,176.93,191.32,103.16,137.39,292.55,123.65,197.19,294.58,2887.64,1530.49,446.9,67.43,232.12,921.58,364.76,229.62,271.31,465.91,223.44,103.07,3172.61,241.32,94.72,132.98,40.31,58.92,99.87,282.11
20260824,09:46:20,45344.84,40692.73,24288.84,16264.43,123.72,1931.31,314.22,482.66,545.77,108.83,176.92,191.33,103.15,137.39,292.55,123.65,197.19,294.58,2887.93,1530.62,446.93,67.43,232.37,921.57,364.68,229.62,271.35,465.91,223.48,103.07,3173.14,241.32,94.72,132.98,40.31,58.92,99.86,282.05
20260824,09:46:25,45303.1,40654.6,24286.52,16270.26,123.72,1931.31,314.94,482.66,545.75,108.83,176.92,191.34,103.15,137.39,292.55,123.65,197.19,294.58,2884.72,1528.18,446.95,67.41,232.37,921.48,364.69,229.62,271.34,465.91,223.56,103.07,3170.83,241.3,94.72,132.98,40.31,58.92,99.86,282.05
20260824,09:46:30,45292.32,40644.34,24281.93,16265.79,123.72,1931.31,314.3,482.91,545.78,108.82,176.92,191.35,103.15,137.39,292.55,123.65,197.19,294.57,2884.0,1528.04,446.96,67.41,232.39,920.23,364.47,229.62,271.34,465.89,223.52,103.07,3170.61,241.3,94.72,132.98,40.31,58.93,99.86,282.11
20260824,09:46:35,45291.91,40643.21,24285.82,16267.82,123.72,1930.95,314.93,482.66,545.75,108.82,176.88,191.36,103.11,137.4,292.41,123.64,197.19,294.58,2883.86,1528.03,446.95,67.41,232.25,920.03,364.47,229.62,271.35,465.89,223.35,103.07,3171.28,241.3,94.72,132.98,40.31,58.93,99.86,282.12
20260824,09:46:40,45297.04,40647.71,24289.58,16270.47,123.72,1930.95,314.93,482.66,545.68,108.82,176.88,191.36,103.12,137.4,292.41,123.64,197.19,294.59,2884.16,1528.0,447.18,67.4,232.25,920.63,364.47,229.62,271.34,465.95,223.52,103.07,3171.73,241.37,94.84,132.98,40.36,58.92,99.86,282.12
20260824,09:46:45,45294.76,40645.76,24288.4,16270.01,123.72,1930.95,314.93,482.83,545.68,108.82,176.89,191.35,103.12,137.4,292.41,123.59,197.23,294.59,2884.01,1527.85,447.14,67.41,232.25,920.75,364.53,229.62,271.35,465.9,223.48,103.07,3171.49,241.39,94.84,132.98,40.36,58.92,99.86,282.12
20260824,09:46:50,45295.4,40646.02,24290.72,16271.47,123.72,1930.95,314.93,482.58,545.75,108.82,176.9,191.37,103.12,137.4,292.41,123.59,197.23,294.59,2884.0,1527.85,447.12,67.42,232.25,920.72,364.51,229.62,271.35,465.76,223.66,103.07,3171.82,241.39,94.83,132.98,40.36,58.92,99.86,282.15
20260824,09:46:55,45294.26,40645.52,24288.34,16270.8,123.72,1931.31,314.93,482.6,545.75,108.82,176.9,191.4,103.12,137.4,292.41,123.59,197.23,294.59,2883.97,1527.89,447.05,67.43,232.14,920.74,364.28,229.38,271.34,465.76,223.55,103.07,3171.26,241.39,94.83,132.98,40.36,58.94,99.86,282.15
20260824,09:47:00,45337.69,40687.83,24287.62,16269.91,123.72,1931.31,314.93,482.49,545.65,108.82,176.89,191.41,103.11,137.4,292.41,123.59,197.23,294.59,2887.4,1530.42,447.08,67.42,232.39,920.86,364.28,229.38,271.34,465.78,223.51,102.96,3171.27,241.39,94.83,133.08,40.36,58.94,99.86,282.15
20260824,09:47:05,45331.02,40681.43,24287.03,16269.58,123.72,1931.31,314.94,482.56,545.69,108.82,176.89,191.42,103.11,137.4,292.41,123.63,197.23,294.59,2886.89,1530.2,447.06,67.46,232.39,920.34,364.28,229.38,271.29,465.78,223.5,102.96,3171.18,241.32,94.83,132.88,40.36,58.93,99.86,282.13
20260824,09:47:10,45290.89,40642.14,24286.54,16268.39,123.72,1931.31,314.85,482.72,545.66,108.82,176.88,191.41,103.11,137.4,292.55,123.51,197.23,294.59,2883.76,1527.87,447.08,67.46,232.37,920.07,364.28,229.38,271.29,465.78,223.52,102.96,3171.35,241.32,94.82,132.88,40.36,58.95,99.86,282.1
20260824,09:47:15,45284.42,40638.62,24278.37,16268.31,123.72,1931.54,314.94,482.64,545.61,108.82,176.87,191.36,103.11,137.4,292.55,123.5,197.19,294.59,2883.48,1527.72,446.89,67.46,232.12,920.23,364.23,229.38,271.34,465.78,223.49,102.96,3168.82,241.32,94.82,132.85,40.36,58.95,99.86,282.1
20260824,09:47:20,45282.21,40636.77,24276.98,16267.72,123.73,1931.31,314.93,482.68,545.52,108.82,176.88,191.38,103.11,137.4,292.55,123.47,197.19,294.59,2883.34,1527.68,446.91,67.44,232.12,920.06,364.21,229.38,271.32,465.8,223.49,102.96,3168.54,241.32,94.82,132.85,40.31,58.95,99.86,282.1
20260824,09:47:25,45284.31,40636.27,24286.83,16270.52,123.73,1931.77,314.94,482.76,545.52,108.82,176.88,191.39,103.11,137.4,292.55,123.47,197.19,294.59,2883.23,1527.66,446.7,67.44,232.3,920.29,364.45,229.38,271.01,465.9,223.64,102.98,3170.86,241.32,94.82,132.85,40.31,58.95,99.86,282.38
20260824,09:47:30,45284.73,40637.04,24285.91,16270.68,123.78,1931.77,315.02,482.76,545.47,108.83,176.88,191.38,103.11,137.19,292.55,123.46,197.19,294.59,2883.29,1527.61,446.61,67.46,232.3,920.25,364.45,229.38,271.32,465.87,223.64,102.98,3170.53,241.32,94.82,132.85,40.33,58.94,99.86,282.38
20260824,09:47:35,45284.0,40636.61,24286.62,16272.44,123.72,1931.54,315.57,482.76,545.47,108.91,176.83,191.39,103.07,137.18,292.55,123.46,197.19,294.58,2883.21,1527.66,446.72,67.46,232.3,919.79,364.2,229.38,271.35,465.88,223.47,103.0,3170.27,241.32,94.82,132.85,40.33,58.94,99.86,282.38
20260824,09:47:40,45321.29,40673.03,24285.62,16271.61,123.72,1931.54,315.48,482.76,545.44,108.91,176.82,191.41,103.06,137.17,292.55,123.47,197.19,294.58,2886.17,1529.95,446.81,67.45,232.3,919.67,364.23,229.38,271.35,465.88,223.46,103.0,3170.19,241.32,94.82,132.85,40.33,58.94,99.86,282.38
20260824,09:47:45,45315.38,40667.91,24280.09,16267.36,123.72,1931.54,314.94,482.76,545.45,108.83,176.81,191.36,103.05,137.17,292.43,123.47,197.23,294.58,2885.86,1529.82,446.68,67.43,232.3,919.52,364.24,229.38,271.35,465.88,223.47,103.0,3169.61,241.32,94.82,132.85,40.33,58.94,99.86,282.38
20260824,09:47:50,45274.12,40628.11,24277.26,16265.44,123.72,1932.95,315.02,482.76,545.45,108.83,176.41,191.36,102.73,137.17,292.43,123.46,197.23,294.58,2882.7,1527.28,446.67,67.44,232.29,919.84,364.22,229.38,271.35,465.87,223.6,103.0,3169.25,241.32,94.82,132.85,40.33,58.94,99.86,282.38
20260824,09:47:55,45270.93,40625.02,24277.87,16266.22,123.72,1932.95,315.02,482.76,545.42,108.83,176.41,191.36,102.73,137.17,292.43,123.54,197.23,294.58,2882.43,1527.29,446.47,67.44,232.47,919.22,364.24,229.38,271.36,465.87,223.63,103.0,3169.23,241.32,94.82,132.85,40.33,58.94,99.86,282.38
20260824,09:48:00,45306.79,40659.29,24278.45,16264.66,123.72,1931.54,315.02,482.76,545.43,108.83,176.4,191.41,102.71,137.17,292.43,123.5,197.23,294.58,2885.23,1529.56,446.55,67.43,232.59,918.74,364.28,229.38,271.36,465.88,223.57,103.0,3169.83,241.32,94.82,132.87,40.33,58.94,99.86,282.38
20260824,09:48:05,45316.53,40668.05,24278.46,16262.19,123.72,1931.56,314.93,482.76,545.4,108.83,176.39,191.43,102.71,136.96,292.43,123.5,197.23,294.58,2885.99,1529.73,446.56,67.45,232.77,919.79,364.31,229.38,271.34,465.88,223.6,103.0,3170.51,241.32,94.58,132.87,40.33,58.96,99.86,282.38
20260824,09:48:10,45317.43,40668.95,24282.74,16267.21,123.72,1931.56,315.56,482.5,545.4,108.93,176.38,191.4,102.7,136.96,292.43,123.5,197.26,294.6,2885.95,1529.82,446.46,67.45,232.58,919.68,364.33,229.38,271.34,465.85,223.56,103.0,3170.48,241.32,94.7,132.87,40.33,58.96,99.86,282.38
20260824,09:48:15,45315.15,40667.62,24281.1,16268.28,123.72,1931.56,315.57,482.76,545.38,108.85,176.37,191.39,102.7,136.96,292.43,123.5,197.34,294.61,2885.81,1529.85,446.55,67.45,232.58,919.17,364.33,229.38,271.34,465.85,223.68,103.0,3169.68,241.32,94.7,132.87,40.33,58.94,99.86,282.38
20260824,09:48:20,45311.69,40664.02,24279.82,16266.06,123.72,1931.53,315.49,482.76,545.34,108.85,176.37,191.36,102.7,136.96,292.43,123.5,197.34,294.6,2885.58,1529.74,446.52,67.44,232.58,919.0,364.35,229.38,271.34,465.85,223.54,103.0,3169.88,241.32,94.7,132.87,40.33,58.94,99.86,282.4
20260824,09:48:25,45312.67,40665.29,24280.08,16267.42,123.72,1931.53,315.57,482.84,545.34,108.93,176.37,191.37,102.7,136.96,292.43,123.5,197.34,294.6,2885.65,1529.65,446.52,67.43,232.58,919.46,364.33,229.38,271.34,465.83,223.69,103.0,3169.59,241.32,94.58,132.87,40.32,58.94,99.86,282.4
20260824,09:48:30,45266.04,40619.59,24281.07,16267.67,123.72,1932.94,315.49,482.76,545.22,108.85,176.37,191.4,102.69,136.96,292.43,123.5,197.34,294.6,2881.96,1527.02,446.54,67.42,232.62,918.86,364.33,229.38,271.29,465.84,223.68,102.98,3169.83,241.37,94.7,132.87,40.32,58.94,99.86,282.4
20260824,09:48:35,45266.15,40620.01,24281.38,16269.09,123.72,1932.94,315.48,482.7,545.19,108.85,176.4,191.4,102.71,136.96,292.4,123.51,197.3,294.6,2881.96,1527.16,446.55,67.41,232.87,918.24,364.29,229.38,271.28,465.83,223.83,102.98,3169.54,241.32,94.7,132.87,40.32,58.93,99.86,282.4
20260824,09:48:40,45302.76,40656.55,24278.51,16268.67,123.85,1932.94,315.49,482.57,545.17,108.83,176.37,191.34,102.7,136.96,292.26,123.51,197.3,294.6,2884.91,1529.46,446.52,67.4,232.69,918.36,364.29,229.38,271.28,465.83,223.73,102.98,3168.76,241.32,94.82,132.87,40.28,58.93,99.86,282.39
20260824,09:48:45,45263.4,40619.63,24274.04,16268.33,123.72,1932.94,315.49,482.49,545.1,108.83,176.36,191.3,102.7,136.96,292.26,123.51,197.3,294.59,2881.94,1527.18,446.48,67.4,233.05,918.08,364.28,229.35,271.28,465.79,223.87,102.98,3167.46,241.39,94.7,132.87,40.28,58.93,99.86,282.39
20260824,09:48:50,45254.02,40609.87,24274.28,16266.54,123.84,1932.72,315.49,482.49,545.07,108.83,176.36,191.31,102.7,136.96,292.26,123.51,197.26,294.57,2881.2,1526.97,446.35,67.38,232.69,917.55,364.27,229.35,271.18,465.78,223.61,102.98,3168.02,241.71,94.82,132.87,40.28,58.93,99.86,282.08
20260824,09:48:55,45253.3,40609.19,24270.79,16262.57,123.71,1932.72,315.03,482.49,545.07,108.83,176.36,191.31,102.7,136.53,292.26,123.51,197.23,294.57,2881.24,1527.04,446.4,67.38,232.44,917.63,364.25,229.35,271.17,465.78,223.73,102.98,3168.01,241.71,94.7,132.85,40.28,58.93,99.95,282.16
20260824,09:49:00,45251.92,40607.0,24274.52,16264.03,123.71,1932.78,315.03,482.49,545.02,108.83,176.36,191.3,102.7,136.53,292.26,123.55,197.19,294.57,2881.03,1526.87,446.49,67.39,232.69,917.32,364.27,229.35,271.17,465.79,223.87,102.98,3168.77,241.71,94.7,132.85,40.28,58.93,99.95,282.17
20260824,09:49:05,45252.02,40608.12,24272.71,16265.38,123.71,1932.72,315.03,482.65,544.95,108.83,176.36,191.32,102.7,136.74,292.26,123.67,197.19,294.58,2881.09,1526.9,446.46,67.41,232.69,917.37,364.24,229.35,271.17,465.87,223.88,102.98,3167.84,241.71,94.7,132.87,40.28,58.93,99.95,282.17
20260824,09:49:10,45261.28,40616.73,24277.54,16269.56,123.71,1932.47,315.57,482.65,545.02,108.83,176.36,191.31,102.7,136.96,292.26,123.56,197.19,294.58,2881.68,1527.21,446.41,67.41,232.69,917.89,364.24,229.35,271.16,465.86,223.84,103.01,3168.22,241.71,94.82,132.85,40.28,58.93,99.95,282.17
20260824,09:49:15,45264.21,40619.31,24278.31,16269.54,123.71,1932.26,315.57,482.71,545.19,108.83,176.33,191.31,102.68,136.74,292.26,123.52,197.26,294.58,2881.89,1527.32,446.43,67.4,232.87,917.89,364.24,229.35,271.17,465.8,223.85,103.01,3168.46,241.71,94.82,132.85,40.28,58.96,99.95,282.17
20260824,09:49:20,45264.09,40620.02,24276.67,16270.42,123.71,1930.85,315.57,482.74,545.34,108.83,176.31,191.32,102.66,136.74,292.44,123.64,197.26,294.58,2881.93,1527.23,446.45,67.48,233.05,917.85,364.49,229.35,271.17,465.76,223.88,103.01,3167.72,241.78,94.82,132.85,40.28,58.96,99.95,282.17
20260824,09:49:25,45266.0,40621.06,24278.93,16270.28,123.71,1930.85,315.57,482.74,545.34,108.83,176.3,191.28,102.66,136.74,292.44,123.64,197.28,294.58,2882.01,1527.28,446.44,67.5,232.91,918.01,364.47,229.35,271.17,465.8,223.85,103.05,3168.46,241.83,94.82,132.85,40.28,58.96,99.95,282.19
20260824,09:49:30,45264.67,40619.99,24278.68,16270.72,123.9,1932.26,315.57,482.49,545.34,108.83,176.31,191.38,102.65,136.74,292.44,123.63,197.33,294.61,2881.92,1527.27,446.42,67.54,232.8,917.91,364.3,229.21,271.17,465.86,223.86,103.05,3168.26,241.83,94.7,132.84,40.28,58.96,99.95,282.24
20260824,09:49:35,45267.17,40623.01,24278.23,16272.16,123.9,1932.26,315.57,482.99,545.28,108.83,176.37,191.38,102.7,136.74,292.44,123.51,197.33,294.6,2882.12,1527.59,446.41,67.55,232.8,917.41,364.3,229.21,271.17,465.86,223.87,103.05,3167.73,241.9,94.82,132.84,40.28,58.96,99.95,282.24
20260824,09:49:40,45265.38,40621.27,24278.57,16272.55,123.9,1932.26,315.57,482.41,545.27,108.83,176.36,191.38,102.69,136.74,292.44,123.51,197.33,294.6,2881.97,1527.48,446.39,67.56,232.8,917.37,364.31,229.21,271.17,465.93,223.99,103.02,3167.73,241.85,94.82,132.84,40.28,58.96,99.95,282.24
20260824,09:49:45,45266.06,40620.97,24279.14,16270.0,123.77,1932.26,315.57,482.66,545.22,108.75,176.38,191.39,102.7,136.74,292.44,123.51,197.29,294.6,2882.01,1527.58,446.4,67.56,232.8,917.15,364.36,229.21,271.16,465.91,223.74,103.02,3168.6,241.83,94.82,132.94,40.28,58.96,99.95,282.24
20260824,09:49:50,45260.32,40615.62,24278.47,16270.03,123.77,1930.81,315.57,482.58,545.19,108.83,176.38,191.39,102.7,137.38,292.44,123.52,197.29,294.6,2881.58,1527.46,446.28,67.55,232.62,917.22,364.31,229.21,270.85,465.91,223.71,103.02,3168.38,241.84,94.82,132.94,40.28,58.94,99.97,282.24
20260824,09:49:55,45258.05,40613.41,24280.41,16272.27,123.9,1932.22,315.57,482.64,545.19,108.83,176.42,191.35,102.74,137.38,292.26,123.52,197.29,294.6,2881.35,1527.48,446.28,67.56,232.62,916.62,364.32,229.21,270.84,465.91,223.82,103.02,3168.38,241.84,94.82,132.94,40.28,58.94,99.97,282.19
20260824,09:50:00,45262.32,40617.74,24278.96,16271.18,123.77,1932.22,315.57,482.64,545.21,108.83,176.42,191.35,102.74,137.38,292.26,123.53,197.29,294.6,2881.72,1527.52,446.27,67.56,232.62,916.97,364.31,229.21,271.15,465.85,223.74,103.02,3168.22,241.84,94.82,132.94,40.28,58.94,99.97,282.2
20260824,09:50:05,45257.16,40611.92,24278.02,16267.45,123.77,1932.22,315.04,482.64,545.15,108.82,176.42,191.35,102.74,137.36,292.26,123.52,197.29,294.6,2881.34,1527.21,446.27,67.61,232.62,916.95,364.29,229.21,271.14,465.98,223.76,103.02,3168.94,241.88,94.82,132.94,40.28,58.94,99.97,282.2
20260824,09:50:10,45254.12,40609.14,24277.63,16267.6,123.9,1932.22,315.57,482.64,545.16,108.82,176.21,191.38,102.56,137.36,292.26,123.52,197.29,294.6,2881.12,1527.21,446.34,67.6,232.87,916.53,364.28,229.21,270.83,466.07,223.54,103.02,3168.78,241.84,94.82,132.94,40.28,58.96,99.97,282.2
20260824,09:50:15,45261.06,40615.69,24278.56,16267.96,123.9,1930.81,315.57,482.72,545.13,108.82,176.41,191.46,102.71,137.35,292.23,123.52,197.29,294.6,2881.64,1527.2,446.19,67.62,232.62,917.76,364.05,229.21,271.15,466.05,223.54,103.02,3168.97,241.84,94.7,132.94,40.28,58.96,99.97,282.07
20260824,09:50:20,45261.45,40616.51,24278.65,16269.54,123.9,1930.81,315.57,482.8,545.13,108.85,176.44,191.48,102.73,137.35,292.05,123.56,197.29,294.6,2881.66,1527.24,446.19,67.65,232.98,917.7,364.08,229.21,270.84,466.05,223.54,103.02,3168.57,241.84,94.82,132.94,40.28,58.96,99.97,282.07
20260824,09:50:25,45263.23,40617.75,24279.51,16268.86,123.9,1930.81,315.57,482.56,545.1,108.83,176.42,191.46,102.72,137.35,292.05,123.56,197.29,294.6,2881.78,1527.25,446.14,67.64,232.98,917.65,364.03,229.21,271.15,465.98,223.55,103.02,3169.02,241.84,94.82,132.94,40.28,58.96,99.97,282.07
20260824,09:50:30,45262.82,40617.17,24275.66,16263.85,123.9,1930.81,315.02,482.58,545.1,108.83,176.43,191.48,102.72,137.35,292.05,123.56,197.33,294.6,2881.85,1527.35,446.11,67.64,232.98,917.57,364.03,229.21,271.15,465.99,223.56,103.02,3169.18,241.84,94.7,132.84,40.28,58.96,99.97,282.07
20260824,09:50:35,45259.87,40614.95,24278.92,16269.79,124.03,1930.81,315.57,482.71,545.29,108.83,176.42,191.45,102.72,137.35,292.05,123.56,197.33,294.61,2881.53,1527.19,446.12,67.64,232.62,917.59,364.04,229.21,271.15,465.99,223.56,103.02,3168.59,241.84,94.82,132.84,40.28,58.96,99.97,282.07
20260824,09:50:40,45263.91,40618.99,24278.48,16269.65,123.9,1930.81,315.57,482.96,545.29,108.91,176.42,191.46,102.72,137.35,292.05,123.56,197.33,294.61,2881.86,1527.23,446.27,67.68,232.62,917.97,364.29,229.21,271.15,465.99,223.52,103.02,3168.49,241.84,94.82,132.84,40.28,58.96,99.97,282.08
20260824,09:50:45,45269.54,40624.06,24283.94,16274.5,123.9,1930.75,316.02,482.97,545.34,108.91,176.62,191.45,102.88,137.36,292.05,123.56,197.33,294.61,2882.15,1527.31,446.27,67.71,232.86,918.12,364.31,229.21,271.16,466.06,223.52,103.02,3168.88,241.84,94.82,132.54,40.28,58.96,99.97,282.08
20260824,09:50:50,45278.79,40632.19,24291.24,16279.98,123.84,1930.75,316.65,483.05,545.4,108.92,176.63,191.5,102.88,137.36,292.05,123.56,197.33,294.61,2882.68,1527.66,446.28,67.7,232.8,918.26,364.55,229.21,271.2,466.08,223.55,103.02,3169.67,241.84,94.82,132.64,40.28,58.96,99.97,282.08
20260824,09:50:55,45282.49,40635.8,24287.78,16275.99,123.84,1930.75,316.11,483.18,545.38,108.92,176.62,191.49,102.87,137.36,292.05,123.57,197.33,294.61,2883.06,1527.84,446.18,67.72,233.05,918.38,364.63,229.21,271.25,466.08,223.54,103.02,3169.67,241.84,94.82,132.64,40.28,58.96,99.97,282.1
20260824,09:51:00,45282.73,40636.43,24287.66,16277.19,124.03,1932.16,316.11,483.18,545.39,108.92,176.62,191.49,102.87,137.36,292.05,123.69,197.33,294.61,2883.08,1527.89,446.07,67.7,233.05,918.42,364.63,229.21,271.25,466.08,223.51,103.05,3169.31,241.51,94.82,132.64,40.28,58.96,99.97,282.1
20260824,09:51:05,45279.53,40633.29,24292.03,16282.14,124.03,1932.16,316.65,483.18,545.36,108.92,176.61,191.49,102.87,137.36,292.05,123.7,197.33,294.62,2882.71,1527.58,446.07,67.7,233.05,918.44,364.62,229.21,271.3,466.02,223.64,103.08,3169.33,241.51,94.82,132.64,40.28,58.96,99.97,282.1
20260824,09:51:10,45278.48,40632.13,24293.51,16283.4,124.03,1930.75,316.65,483.18,545.36,108.92,176.81,191.48,103.03,137.36,292.05,123.69,197.33,294.62,2882.59,1527.56,446.06,67.7,232.8,918.48,364.61,229.21,271.29,465.98,223.61,103.08,3169.45,241.51,94.83,132.64,40.28,58.96,99.97,282.09
20260824,09:51:15,45276.99,40630.67,24292.62,16282.35,124.03,1930.75,316.65,483.18,545.36,108.91,176.81,191.48,103.03,137.35,292.05,123.69,197.33,294.62,2882.5,1527.52,446.16,67.69,232.8,918.27,364.61,229.21,271.29,465.98,223.52,103.08,3169.46,241.51,94.82,132.64,40.28,58.96,99.97,282.09
20260824,09:51:20,45314.99,40668.06,24292.39,16283.28,124.02,1931.2,316.73,483.18,545.31,108.99,176.81,191.48,103.03,137.35,292.05,123.65,197.33,294.62,2885.49,1529.91,446.14,67.7,232.62,918.15,364.66,229.35,271.29,466.1,223.55,103.08,3169.13,241.51,94.82,132.63,40.28,58.94,99.97,282.09
20260824,09:51:25,45315.38,40668.76,24291.12,16282.89,124.02,1931.2,316.28,482.93,545.48,109.07,177.02,191.47,103.2,137.35,292.05,123.52,197.18,294.6,2885.55,1529.94,446.14,67.69,232.62,918.27,364.62,229.21,271.29,466.1,223.58,103.08,3168.84,241.51,94.94,132.63,40.28,58.94,99.95,282.09
20260824,09:51:30,45316.55,40669.66,24293.91,16285.29,124.02,1931.2,316.74,482.82,545.41,108.91,177.0,191.47,103.19,137.35,292.05,123.54,197.18,294.6,2885.57,1529.93,446.2,67.69,232.62,918.26,364.7,229.21,271.29,466.1,223.57,103.08,3169.06,241.51,94.94,132.63,40.28,58.94,99.95,282.09
20260824,09:51:35,45320.3,40673.82,24291.59,16284.34,124.02,1931.2,316.66,482.82,545.41,108.91,177.01,191.47,103.2,137.35,292.05,123.65,197.18,294.6,2885.93,1529.98,446.13,67.71,232.62,918.92,364.71,229.21,271.34,466.11,223.5,103.08,3168.6,241.51,94.94,132.43,40.28,58.94,99.95,282.09
20260824,09:51:40,45321.76,40675.22,24293.38,16286.33,123.96,1934.19,316.74,482.84,545.49,108.91,177.01,191.44,103.2,137.35,292.05,123.65,197.18,294.6,2885.99,1530.19,446.09,67.71,232.62,918.46,364.75,229.21,271.34,466.11,223.5,103.08,3168.62,241.51,94.94,132.43,40.28,58.96,99.95,282.09
20260824,09:51:45,45323.81,40677.31,24293.12,16286.31,123.83,1934.19,316.75,482.79,545.49,108.91,177.01,191.44,103.2,137.36,292.05,123.65,197.18,294.6,2886.16,1530.24,446.1,67.72,232.99,918.35,364.79,229.21,271.34,466.11,223.54,103.08,3168.54,241.51,94.94,132.43,40.28,58.94,99.95,282.14
20260824,09:51:50,45319.18,40675.46,24284.13,16284.89,123.83,1934.19,316.29,483.04,545.49,108.99,177.01,191.46,103.2,137.34,292.05,123.65,197.18,294.6,2886.04,1530.2,446.17,67.7,232.74,918.36,364.79,229.21,271.34,466.11,223.68,103.08,3166.12,241.51,94.94,132.43,40.28,58.96,99.95,282.14
20260824,09:51:55,45318.44,40675.24,24283.15,16285.44,123.83,1934.19,316.73,483.04,545.21,108.99,176.98,191.43,103.18,137.34,292.05,123.65,197.18,294.6,2886.01,1530.16,446.2,67.7,232.92,918.23,364.74,229.21,271.35,466.11,223.52,103.08,3165.66,241.51,94.94,132.41,40.28,58.96,99.95,282.16
20260824,09:52:00,45323.92,40677.99,24291.36,16286.22,123.83,1934.19,316.73,483.3,545.21,108.99,176.99,191.44,103.18,137.34,292.05,123.65,197.14,294.6,2886.22,1530.31,446.19,67.7,232.94,918.26,364.76,229.21,271.34,466.14,223.67,103.08,3168.01,241.51,94.82,132.42,40.28,58.96,99.95,282.13
20260824,09:52:05,45321.89,40674.99,24293.64,16285.41,123.83,1933.82,316.73,483.3,545.32,108.99,176.79,191.43,103.02,137.34,292.05,123.66,197.14,294.6,2885.99,1530.33,446.13,67.73,232.94,918.06,364.69,229.24,271.03,466.15,223.68,103.09,3168.95,241.51,94.94,132.42,40.28,58.96,99.95,282.14
20260824,09:52:10,45322.06,40675.6,24290.89,16283.75,123.83,1933.83,316.73,483.3,545.31,108.99,176.79,191.44,103.02,137.13,292.05,123.66,197.29,294.61,2886.08,1530.38,446.17,67.71,232.82,917.83,364.64,229.24,271.35,466.11,223.48,103.06,3168.54,241.83,94.94,132.42,40.28,58.96,99.93,282.12
20260824,09:52:15,45321.06,40674.85,24288.79,16282.06,123.96,1933.83,316.27,484.06,545.27,108.99,176.8,191.42,103.04,137.36,292.05,123.66,197.29,294.68,2886.06,1530.28,446.3,67.71,232.82,917.99,364.64,229.24,271.33,466.04,223.52,103.05,3168.34,241.83,94.94,132.42,40.28,58.96,99.93,282.07
20260824,09:52:20,45320.75,40674.22,24294.1,16287.07,123.83,1933.83,316.82,484.31,545.27,108.99,176.82,191.39,103.06,137.36,292.05,123.66,197.29,294.68,2885.89,1530.33,446.39,67.71,233.0,917.21,364.62,229.24,271.33,466.03,223.7,103.05,3168.64,241.51,94.94,132.32,40.28,58.96,99.93,282.07
20260824,09:52:25,45279.85,40633.99,24294.56,16286.34,123.89,1933.83,316.82,484.06,545.19,108.99,176.82,191.39,103.06,137.36,292.05,123.66,197.33,294.64,2882.67,1527.95,446.4,67.68,233.0,917.34,364.61,229.2,271.01,466.01,223.68,103.01,3168.98,241.51,94.94,132.32,40.28,58.96,99.93,282.07
20260824,09:52:30,45284.02,40638.03,24294.96,16286.76,124.02,1932.42,316.82,484.31,544.96,108.99,176.82,191.37,103.06,137.36,292.05,123.66,197.33,295.09,2882.98,1527.88,446.3,67.66,233.0,918.13,364.63,229.2,271.24,465.93,223.68,103.01,3168.99,241.58,94.94,132.32,40.28,58.96,99.93,282.07
20260824,09:52:35,45280.8,40637.22,24289.1,16287.77,124.02,1933.83,316.82,484.3,545.14,108.99,176.8,191.32,103.06,136.72,292.05,123.67,197.33,295.09,2882.89,1527.83,446.32,67.66,232.82,918.22,364.59,229.2,271.24,465.93,223.76,103.01,3166.89,241.58,94.94,132.32,40.28,58.96,99.93,282.07
20260824,09:52:40,45281.45,40637.89,24286.12,16284.48,124.02,1932.42,316.28,484.22,545.03,109.06,176.8,191.34,103.05,137.35,291.93,123.67,197.33,295.09,2883.03,1527.94,446.32,67.65,232.82,918.22,364.61,229.2,271.24,465.93,223.72,103.01,3166.85,241.58,95.06,132.35,40.28,58.96,99.94,282.09
20260824,09:52:45,45281.47,40636.4,24288.85,16282.57,123.89,1932.42,316.2,484.14,545.03,109.06,176.8,191.33,103.05,137.35,291.93,123.55,197.33,295.08,2882.95,1527.57,446.51,67.64,233.0,918.84,364.59,229.2,271.23,465.93,223.72,103.01,3168.22,241.58,95.06,132.32,40.28,58.96,99.94,282.09
20260824,09:52:50,45284.17,40637.97,24290.05,16280.42,123.89,1932.81,316.11,484.47,544.94,109.06,176.8,191.33,103.06,137.35,291.39,123.51,197.33,295.08,2883.13,1527.8,446.51,67.62,233.0,918.6,364.59,229.2,271.23,465.89,223.6,103.01,3169.18,241.58,95.06,132.33,40.28,58.96,99.94,282.09
20260824,09:52:55,45282.92,40636.91,24289.98,16280.87,123.88,1932.81,316.11,484.39,544.66,109.06,176.8,191.31,103.06,137.35,291.93,123.52,197.33,295.09,2883.04,1527.75,446.44,67.63,233.24,918.74,364.58,229.2,270.92,465.78,223.64,103.01,3169.04,241.61,95.18,132.35,40.28,58.96,99.94,282.09
20260824,09:53:00,45276.3,40630.53,24285.49,16275.92,123.88,1932.81,315.57,484.14,544.77,108.99,176.8,191.3,103.06,137.35,292.07,123.51,197.33,295.08,2882.64,1527.5,446.44,67.64,233.25,918.21,364.56,229.2,271.19,465.83,223.65,103.01,3168.98,241.61,95.06,132.35,40.28,58.96,99.94,282.09
20260824,09:53:05,45276.96,40631.68,24287.69,16280.14,123.94,1934.0,316.03,484.39,544.77,109.06,176.79,191.28,103.06,137.35,292.07,123.5,197.31,295.08,2882.63,1527.47,446.45,67.63,233.25,918.3,364.58,229.2,271.18,465.76,223.59,103.01,3168.52,241.61,95.06,132.45,40.32,58.96,99.94,282.09
20260824,09:53:10,45277.23,40630.7,24287.34,16275.56,123.94,1934.0,315.49,484.06,544.84,109.06,176.79,191.25,103.06,137.14,292.07,123.49,197.19,295.08,2882.66,1527.45,446.46,67.63,233.12,918.51,364.6,229.2,271.23,465.76,223.65,103.01,3169.65,241.29,95.06,132.45,40.28,58.96,99.94,282.14
20260824,09:53:15,45277.75,40630.94,24288.69,16276.24,123.94,1934.0,315.48,483.81,544.85,108.99,176.78,191.24,103.06,137.14,292.07,123.53,197.21,295.09,2882.67,1527.46,446.46,67.63,233.25,918.73,364.64,229.2,270.91,465.74,223.65,103.01,3169.89,241.29,95.18,132.45,40.28,58.96,99.94,282.15
20260824,09:53:20,45269.76,40623.82,24287.29,16276.86,123.94,1934.0,315.48,483.88,544.85,109.06,176.78,191.24,103.06,137.35,292.07,123.53,197.21,295.07,2882.08,1527.43,446.45,67.63,233.0,917.68,364.61,229.34,270.91,465.72,223.61,103.01,3169.29,241.61,95.18,132.45,40.28,58.96,99.94,282.15
20260824,09:53:25,45274.83,40628.98,24287.17,16277.44,124.07,1932.59,315.48,484.14,544.85,108.99,176.78,191.21,103.06,137.35,292.07,123.53,197.21,295.07,2882.48,1527.38,446.45,67.61,233.0,918.41,364.86,229.34,271.21,465.72,223.62,103.01,3169.09,241.54,95.18,132.45,40.28,58.96,99.94,282.41
20260824,09:53:30,45271.12,40625.36,24286.28,16276.42,123.94,1932.59,315.56,484.14,544.78,108.99,176.76,191.16,103.06,137.35,292.05,123.53,197.07,295.06,2882.21,1527.42,446.34,67.6,233.0,917.81,364.51,229.34,271.21,465.71,223.56,103.01,3169.09,241.54,95.18,132.45,40.28,58.96,99.94,282.41
20260824,09:53:35,45271.57,40625.8,24285.65,16275.69,123.94,1932.59,315.47,484.14,544.78,108.91,176.76,191.15,103.06,137.35,292.05,123.52,197.21,295.06,2882.26,1527.44,446.34,67.62,233.25,917.67,364.49,229.34,271.2,465.71,223.56,103.01,3169.09,241.54,95.18,132.45,40.28,58.97,99.94,282.4
20260824,09:53:40,45271.01,40625.5,24284.78,16275.53,123.94,1932.59,315.48,484.14,544.86,108.91,176.75,191.12,103.06,137.14,292.05,123.52,197.21,295.05,2882.24,1527.31,446.35,67.59,233.26,918.03,364.47,229.34,271.21,465.69,223.57,103.01,3168.86,241.51,95.18,132.43,40.28,58.97,99.94,282.39
20260824,09:53:45,45263.8,40618.29,24286.7,16277.09,124.07,1932.59,315.56,484.14,544.82,108.91,176.76,191.13,103.06,137.35,292.05,123.52,197.25,295.05,2881.63,1527.08,446.35,67.61,233.26,917.36,364.44,229.58,271.12,465.69,223.61,103.01,3169.04,241.51,95.18,132.43,40.28,58.97,99.94,282.39
20260824,09:53:50,45260.9,40615.25,24287.08,16276.81,124.07,1932.12,315.56,484.39,544.89,108.91,176.75,191.12,103.06,137.35,292.05,123.52,197.28,295.05,2881.39,1527.08,446.57,67.56,233.01,917.31,364.19,229.58,270.81,465.69,223.59,102.98,3169.23,241.51,95.18,132.33,40.28,58.97,99.94,282.38
20260824,09:53:55,45259.27,40614.32,24284.37,16275.91,124.07,1932.12,315.56,484.14,544.82,108.91,176.74,191.08,103.05,137.35,292.05,123.52,197.26,295.05,2881.33,1527.02,446.6,67.56,233.01,917.3,364.15,229.58,270.84,465.7,223.59,102.98,3168.63,241.53,95.18,132.24,40.28,58.97,99.94,282.38
20260824,09:54:00,45257.26,40612.36,24283.6,16275.03,124.07,1932.12,315.47,484.14,544.87,108.91,176.74,191.07,103.06,137.35,292.05,123.48,197.2,295.05,2881.2,1527.02,446.6,67.55,232.82,917.18,364.15,229.58,270.85,465.69,223.58,102.98,3168.63,241.53,95.18,132.24,40.28,58.97,99.94,282.38
20260824,09:54:05,45260.52,40615.01,24285.68,16275.64,124.07,1932.12,315.57,484.22,544.87,108.91,176.72,191.04,103.05,137.35,292.05,123.48,197.2,295.04,2881.4,1527.05,446.68,67.54,233.07,917.33,364.05,229.58,270.8,465.69,223.58,102.98,3169.11,241.53,95.18,132.24,40.28,58.97,99.94,282.38
20260824,09:54:10,45253.49,40607.94,24285.43,16274.65,123.94,1932.18,315.57,484.25,544.84,108.91,176.72,191.03,103.05,137.35,292.05,123.6,197.2,295.05,2880.85,1526.85,446.49,67.55,232.82,917.02,364.04,229.58,270.83,465.64,223.49,102.98,3169.3,241.53,95.18,132.14,40.28,58.97,99.94,282.37
20260824,09:54:15,45243.74,40601.44,24271.4,16268.52,123.94,1932.18,315.02,484.24,544.39,108.89,176.72,191.04,103.05,137.14,292.05,123.52,197.37,294.6,2880.47,1526.72,446.49,67.54,232.81,916.56,364.04,229.58,270.83,465.62,223.58,102.98,3166.58,241.53,95.29,132.14,40.28,58.97,99.94,282.12
20260824,09:54:20,45240.56,40596.94,24273.68,16266.46,123.94,1932.18,315.02,484.49,544.46,108.89,176.72,191.02,103.05,137.14,292.05,123.52,197.37,294.59,2880.16,1526.55,446.41,67.52,232.81,916.44,364.07,229.58,270.83,465.62,223.4,102.98,3167.86,241.53,95.18,132.14,40.28,58.97,99.94,282.19
20260824,09:54:25,45238.74,40595.36,24272.25,16265.45,123.94,1932.18,315.03,484.49,544.25,108.89,176.7,190.97,103.05,137.14,292.05,123.52,197.37,294.59,2880.06,1526.46,446.28,67.48,232.8,916.7,364.07,229.59,270.83,465.62,223.39,102.98,3167.68,241.53,95.18,132.14,40.28,58.97,99.94,282.17
20260824,09:54:30,45236.32,40593.0,24272.46,16265.69,124.07,1932.18,315.03,484.56,544.32,108.89,176.71,191.0,103.05,137.34,292.05,123.52,197.37,294.59,2879.86,1526.35,446.27,67.47,232.91,916.18,364.05,229.59,271.09,465.6,223.28,102.98,3167.68,241.53,95.18,132.24,40.28,58.97,99.94,282.17
20260824,09:54:35,45233.84,40590.58,24271.16,16264.2,124.07,1932.41,315.03,484.56,544.29,108.79,176.71,191.03,103.04,137.34,292.05,123.52,197.37,294.59,2879.7,1526.33,446.34,67.48,232.68,916.04,364.05,229.59,271.04,465.61,223.15,102.98,3167.68,241.53,95.18,132.24,40.28,58.97,99.94,282.17
20260824,09:54:40,45230.45,40587.11,24271.34,16263.85,124.07,1932.41,315.03,484.56,544.22,108.88,176.71,191.02,103.04,137.34,291.9,123.52,197.37,294.59,2879.43,1526.26,446.09,67.47,232.68,915.82,364.36,229.59,271.05,465.61,223.17,102.98,3167.83,241.21,95.18,132.24,40.28,58.97,99.93,282.17
20260824,09:54:45,45228.64,40585.33,24271.29,16263.74,124.07,1931.0,315.03,484.82,544.36,108.88,176.71,191.04,103.04,137.35,291.78,123.52,197.37,294.59,2879.29,1526.25,446.09,67.48,232.68,915.54,364.36,229.34,271.04,465.61,223.13,102.98,3167.84,241.21,95.18,132.26,40.28,58.99,99.93,282.17
20260824,09:54:50,45223.05,40580.13,24270.05,16263.14,123.94,1931.0,315.03,484.74,544.29,108.86,176.73,191.04,103.06,137.35,291.78,123.52,197.41,294.59,2878.89,1526.1,446.01,67.47,232.8,915.04,364.36,229.34,271.04,465.62,223.12,102.98,3167.62,241.21,95.18,132.26,40.27,58.99,99.93,282.17
20260824,09:54:55,45221.02,40577.75,24270.24,16261.99,123.94,1931.0,315.03,484.48,544.36,108.86,176.72,191.04,103.05,137.14,291.78,123.52,197.37,294.66,2878.72,1526.04,446.0,67.46,232.8,914.88,364.34,229.2,271.04,465.62,223.02,102.98,3167.99,241.17,95.18,132.26,40.27,58.99,99.93,282.17
20260824,09:55:00,45221.04,40577.98,24267.62,16259.68,123.94,1931.0,315.03,484.23,544.23,108.86,176.73,191.04,103.06,137.13,291.78,123.52,197.37,294.59,2878.8,1525.97,445.94,67.44,232.8,915.37,364.34,229.2,271.03,465.62,223.07,102.98,3167.8,241.17,94.94,132.26,40.27,58.99,99.93,282.17
20260824,09:55:05,45173.59,40532.06,24266.95,16259.96,123.94,1931.0,314.95,484.48,544.28,108.86,176.69,191.0,103.03,137.12,291.78,123.56,197.37,294.58,2875.09,1523.54,445.83,67.4,232.62,914.42,364.33,229.2,271.03,465.55,223.06,102.98,3167.52,241.17,95.06,132.25,40.27,58.99,99.93,282.17
20260824,09:55:10,45203.07,40560.37,24262.12,16253.03,123.94,1931.0,314.42,484.48,543.98,108.86,176.69,190.98,103.04,137.12,291.78,123.51,197.37,294.56,2877.54,1525.65,445.81,67.4,232.37,914.41,364.29,229.2,270.69,465.55,222.9,102.98,3167.89,241.17,95.06,132.15,40.27,58.99,99.93,282.18
20260824,09:55:15,45203.26,40560.26,24265.18,16255.56,123.94,1931.0,314.96,484.41,543.85,108.85,176.72,191.04,103.05,137.12,291.78,123.55,197.37,294.55,2877.47,1525.56,445.91,67.41,232.37,914.44,364.29,229.2,270.68,465.57,222.85,102.98,3168.16,241.17,94.94,132.15,40.27,58.99,99.93,282.19
20260824,09:55:20,45194.97,40551.97,24258.48,16247.13,123.94,1931.38,314.24,484.66,543.61,108.85,176.69,190.94,103.05,136.91,291.78,123.55,197.37,294.53,2877.0,1525.37,445.79,67.35,232.45,914.42,364.29,229.2,270.4,465.55,222.49,102.98,3168.35,241.5,95.05,132.15,40.27,58.97,99.93,282.19
20260824,09:55:25,45189.82,40547.64,24256.52,16247.19,123.94,1931.38,314.16,484.54,543.53,108.85,176.67,190.91,103.04,136.89,291.66,123.55,197.33,294.52,2876.65,1525.32,445.71,67.34,232.7,913.69,363.99,229.2,270.39,465.55,222.58,102.99,3167.72,241.5,95.17,132.04,40.27,58.95,99.93,282.16
20260824,09:55:30,45186.25,40543.68,24254.37,16243.08,123.94,1931.38,314.07,484.54,543.49,108.85,176.65,190.84,103.04,136.89,291.66,123.55,197.33,294.52,2876.43,1525.11,445.82,67.34,232.7,913.71,363.97,229.2,270.39,465.58,222.39,102.99,3168.16,241.5,95.05,131.94,40.27,58.95,99.93,282.16
20260824,09:55:35,45139.68,40498.19,24253.46,16241.69,123.81,1930.99,314.06,484.54,543.28,108.85,176.64,190.79,103.04,136.88,291.66,123.59,197.33,294.52,2872.8,1522.59,445.69,67.33,232.57,913.14,363.99,229.2,270.38,465.55,222.37,102.99,3168.26,241.5,95.05,131.94,40.27,58.95,99.93,282.15
20260824,09:55:40,45183.55,40541.19,24253.02,16241.99,123.75,1930.99,314.23,484.54,543.28,108.85,176.65,190.83,103.04,137.09,291.66,123.54,197.33,294.52,2876.26,1525.01,445.69,67.34,232.57,913.48,363.99,229.2,270.69,465.55,222.32,102.99,3168.04,241.5,95.05,131.84,40.27,58.95,99.94,282.15
20260824,09:55:45,45140.06,40498.73,24253.3,16242.07,123.75,1930.62,314.14,484.66,543.26,108.85,176.65,190.83,103.03,137.09,291.66,123.53,197.19,294.52,2872.83,1522.59,445.77,67.32,232.57,913.18,363.96,229.2,270.35,465.55,222.42,102.99,3168.11,241.5,95.05,131.84,40.27,58.95,99.94,282.15
20260824,09:55:50,45139.77,40498.45,24254.02,16242.9,123.88,1934.91,314.23,485.07,543.26,108.77,176.44,190.8,102.88,137.09,291.66,123.53,197.19,294.52,2872.79,1522.55,445.77,67.34,231.96,913.31,363.94,229.2,270.67,465.55,222.16,102.99,3168.11,243.12,95.05,131.84,40.27,58.95,99.94,282.15
20260824,09:55:55,45140.74,40499.65,24252.44,16241.93,123.87,1933.5,314.14,484.81,543.34,108.76,176.43,190.78,102.87,137.09,291.66,123.53,197.19,294.51,2872.91,1522.63,445.85,67.35,232.2,913.43,363.96,229.2,270.35,465.55,222.15,102.99,3167.88,243.44,95.05,131.84,40.27,58.95,99.94,282.16
20260824,09:56:00,45141.94,40500.56,24253.82,16242.66,123.87,1933.5,314.23,485.07,543.23,108.74,176.44,190.81,102.87,137.09,291.66,123.57,197.19,294.52,2872.97,1522.62,445.77,67.35,232.21,913.24,363.95,229.2,270.68,465.53,222.16,102.99,3168.11,243.44,95.05,131.81,40.27,58.94,99.94,282.17
20260824,09:56:05,45147.38,40505.87,24256.51,16245.77,123.87,1933.5,314.24,485.08,543.22,108.74,176.44,190.8,102.87,137.09,291.52,123.58,197.19,294.52,2873.32,1522.87,445.78,67.35,232.21,913.67,364.21,229.2,270.37,465.53,222.45,102.99,3168.11,243.44,95.05,131.91,40.27,58.94,99.94,282.18
20260824,09:56:10,45145.88,40504.48,24253.76,16242.84,123.87,1933.5,314.15,484.82,543.19,108.74,176.43,190.79,102.87,136.88,291.52,123.59,197.19,294.52,2873.28,1522.81,445.89,67.35,231.96,913.83,364.23,229.19,270.37,465.52,222.28,102.99,3168.04,243.44,95.05,131.91,40.27,58.94,99.94,282.18
20260824,09:56:15,45137.91,40496.34,24250.81,16238.21,123.87,1933.5,313.89,485.08,543.13,108.74,176.45,190.85,102.87,136.88,291.52,123.59,197.19,294.52,2872.73,1522.78,445.97,67.29,231.95,912.71,364.21,229.19,270.36,465.52,222.13,102.99,3168.38,243.44,94.82,132.01,40.27,58.94,99.94,282.18
20260824,09:56:20,45141.66,40500.28,24248.98,16237.05,123.89,1933.5,313.89,485.66,543.2,108.73,176.44,190.81,102.87,136.87,291.16,123.59,197.15,294.52,2873.08,1523.0,445.98,67.2,232.2,912.75,364.2,229.19,270.41,465.52,221.97,102.99,3168.12,243.44,94.82,132.01,40.27,58.92,99.94,282.18
20260824,09:56:25,45144.11,40503.5,24245.62,16236.0,123.89,1933.5,313.89,485.25,543.23,108.81,176.43,190.79,102.87,136.65,291.16,123.59,197.15,294.51,2873.36,1522.91,446.07,67.19,232.2,913.62,364.19,229.19,270.4,465.52,221.97,102.98,3167.36,243.12,94.82,132.01,40.27,58.92,99.94,282.18
20260824,09:56:30,45145.7,40504.34,24247.12,16235.35,123.89,1933.36,313.89,485.25,543.23,108.81,176.43,190.79,102.87,136.65,291.16,123.58,197.15,294.51,2873.45,1523.03,446.06,67.17,232.2,913.53,364.26,229.19,270.36,465.52,221.92,102.98,3168.0,243.12,94.82,132.01,40.27,58.92,99.94,282.17
20260824,09:56:35,45144.23,40503.16,24245.8,16234.64,123.89,1933.36,313.88,485.25,543.13,108.73,176.43,190.78,102.87,136.65,291.16,123.58,197.15,294.51,2873.37,1522.98,446.06,67.13,232.31,913.08,364.24,229.19,270.68,465.52,221.92,102.98,3167.78,243.12,94.82,132.01,40.27,58.92,99.94,282.16
20260824,09:56:40,45147.94,40506.12,24247.52,16234.42,123.89,1933.36,313.87,485.25,543.12,108.73,176.43,190.78,102.87,136.87,291.16,123.59,197.15,294.52,2873.61,1523.08,445.97,67.11,232.32,913.45,364.27,229.19,270.68,465.52,221.88,102.98,3168.38,243.12,94.81,132.01,40.27,58.92,99.94,282.15
20260824,09:56:45,45146.88,40505.08,24247.65,16234.57,123.89,1933.36,313.87,485.32,543.09,108.73,176.42,190.77,102.86,136.87,291.16,123.59,197.15,294.51,2873.53,1523.08,445.86,67.14,232.43,913.29,364.25,229.19,270.63,465.52,221.91,102.98,3168.38,243.14,94.81,132.01,40.27,58.92,99.94,282.15
20260824,09:56:50,45139.68,40497.76,24248.19,16234.14,123.89,1933.36,313.95,485.32,543.06,108.73,176.43,190.78,102.87,136.65,291.3,123.58,197.15,294.51,2872.95,1523.05,445.93,67.11,232.18,912.62,364.25,229.19,270.32,465.47,221.83,102.98,3168.66,243.14,94.81,132.01,40.27,58.92,99.94,282.15
20260824,09:56:55,45137.5,40495.89,24248.84,16235.74,123.89,1933.36,313.95,485.3,543.07,108.73,176.43,190.78,102.87,136.65,291.3,123.54,197.16,294.53,2872.76,1523.06,445.81,67.11,231.94,912.52,364.23,229.19,270.27,465.49,222.01,102.97,3168.43,243.14,94.82,132.01,40.27,58.92,99.94,282.15
20260824,09:57:00,45132.68,40490.85,24245.16,16230.37,123.76,1933.36,313.41,485.3,543.13,108.81,176.42,190.78,102.86,136.65,291.3,123.54,197.16,294.54,2872.48,1523.17,445.79,67.1,231.94,912.03,363.99,229.19,269.96,465.49,221.86,102.97,3168.74,243.14,94.82,132.01,40.27,58.92,99.94,282.15
20260824,09:57:05,45129.18,40487.81,24243.5,16229.72,123.95,1933.36,313.41,485.3,542.94,108.73,176.43,190.78,102.87,136.66,291.3,123.54,197.16,294.54,2872.25,1522.79,445.75,67.08,231.94,912.36,363.78,229.33,270.26,465.55,221.81,102.97,3168.4,243.14,94.82,132.01,40.27,58.92,99.94,282.14
20260824,09:57:10,45120.56,40479.76,24240.07,16226.94,123.95,1934.77,313.24,485.06,542.82,108.73,176.37,190.67,102.85,136.45,291.3,123.54,197.16,294.53,2871.67,1522.6,445.52,67.05,232.16,912.11,363.74,229.3,269.92,465.53,221.85,102.97,3168.08,243.14,94.7,132.01,40.27,58.92,99.94,282.15
20260824,09:57:15,45116.2,40476.04,24236.15,16224.18,123.95,1934.77,313.07,485.05,542.63,108.64,176.36,190.64,102.84,136.45,291.3,123.54,197.16,294.52,2871.44,1522.55,445.52,67.01,232.16,911.85,363.74,229.3,269.88,465.56,221.8,102.97,3167.61,243.14,94.7,132.01,40.27,58.92,99.94,282.15
20260824,09:57:20,45108.66,40468.44,24235.62,16222.74,123.95,1934.75,313.16,485.05,542.58,108.72,176.28,190.61,102.78,136.43,291.28,123.54,197.16,294.52,2870.86,1522.49,445.39,66.98,232.15,910.87,363.39,229.3,269.92,465.57,221.67,102.97,3167.83,243.14,94.7,132.02,40.27,58.93,99.92,282.15
20260824,09:57:25,45102.03,40462.88,24228.61,16217.69,123.95,1934.75,313.07,485.05,541.79,108.64,176.08,190.6,102.62,136.22,291.28,123.54,197.08,294.5,2870.53,1522.29,445.4,66.97,232.15,910.83,363.37,229.3,269.86,465.57,221.78,102.97,3167.01,243.07,94.7,132.04,40.27,58.92,99.92,282.14
20260824,09:57:30,45091.88,40452.89,24228.84,16217.6,123.95,1933.34,313.24,484.8,541.79,108.64,176.09,190.56,102.64,136.01,291.28,123.54,196.94,294.5,2869.73,1522.18,445.37,66.95,231.84,909.55,363.14,229.3,269.91,465.57,221.76,102.97,3167.11,243.14,94.7,132.03,40.27,58.92,99.92,282.14
20260824,09:57:35,45094.25,40455.12,24229.49,16218.1,123.95,1934.75,313.16,484.55,541.82,108.71,176.09,190.59,102.64,136.22,291.28,123.54,197.23,294.5,2869.9,1522.29,445.14,66.99,231.72,909.96,363.14,229.3,269.87,465.55,221.75,102.94,3167.17,243.14,94.7,132.03,40.27,58.92,99.92,282.14
20260824,09:57:40,45088.61,40448.96,24231.89,16218.64,123.95,1934.75,313.15,484.55,541.65,108.63,176.09,190.57,102.64,136.22,291.28,123.54,197.23,294.49,2869.39,1522.14,445.12,67.0,231.51,909.51,363.12,229.3,269.78,465.56,221.8,102.94,3167.78,243.14,94.82,132.03,40.27,58.92,99.92,282.14
20260824,09:57:45,45093.06,40452.84,24232.38,16217.66,123.95,1934.75,313.15,484.55,541.58,108.63,176.1,190.58,102.64,136.22,291.28,123.54,197.21,294.49,2869.72,1522.12,445.12,67.03,232.01,909.48,363.09,229.3,270.08,465.56,221.71,102.94,3168.2,243.14,94.82,132.03,40.27,58.92,99.92,282.14
20260824,09:57:50,45092.94,40452.75,24232.11,16217.42,123.95,1934.75,313.24,484.8,541.48,108.66,176.09,190.56,102.64,136.01,291.28,123.54,197.21,294.47,2869.72,1522.18,445.15,67.03,232.01,909.6,363.1,229.29,269.82,465.56,221.75,102.94,3168.18,243.14,94.58,132.03,40.27,58.92,99.92,282.48
20260824,09:57:55,45086.88,40446.63,24231.5,16216.02,123.95,1933.34,313.15,484.55,541.55,108.66,176.09,190.57,102.64,136.01,291.28,123.54,197.21,294.25,2869.26,1522.0,445.26,67.0,231.76,909.24,363.39,229.29,269.77,465.56,221.7,102.91,3168.37,243.14,94.7,132.03,40.27,58.92,99.92,282.46
20260824,09:58:00,45049.94,40410.38,24231.42,16215.08,123.95,1933.32,313.23,484.54,541.55,108.66,176.09,190.55,102.64,136.0,291.16,123.53,197.24,294.21,2866.36,1519.68,445.13,67.02,232.0,909.39,363.38,229.29,269.77,465.56,221.63,102.91,3168.6,243.14,94.7,132.03,40.26,58.92,100.1,282.16
20260824,09:58:05,45048.82,40409.71,24230.18,16215.06,123.89,1933.08,313.13,484.76,541.5,108.63,176.06,190.52,102.62,136.0,291.16,123.53,197.24,294.21,2866.31,1519.5,445.23,66.99,232.0,909.79,363.37,229.29,269.76,465.52,221.78,102.89,3168.22,243.14,94.7,132.03,40.26,58.92,100.1,282.15
20260824,09:58:10,45048.58,40409.11,24230.84,16214.59,123.89,1933.08,313.22,484.76,541.41,108.63,176.06,190.52,102.62,135.79,290.98,123.49,197.24,294.18,2866.27,1519.46,445.21,67.02,231.73,910.02,363.36,229.29,269.77,465.5,221.77,102.89,3168.55,243.14,94.7,132.03,40.26,58.92,100.1,282.16
20260824,09:58:15,45085.25,40444.4,24232.36,16214.86,123.89,1933.08,313.22,484.76,541.39,108.63,176.06,190.53,102.62,136.0,290.98,123.51,197.24,294.18,2869.11,1521.8,445.21,66.99,231.73,909.59,363.3,229.29,269.77,465.5,221.77,102.88,3168.95,243.14,94.69,132.03,40.26,58.92,100.1,282.16
20260824,09:58:20,45083.38,40443.2,24230.5,16214.82,123.89,1933.08,313.14,484.76,541.46,108.63,176.07,190.56,102.62,136.21,290.98,123.51,197.24,294.17,2869.01,1521.88,445.12,66.94,231.73,909.35,363.3,229.29,269.76,465.53,221.81,102.88,3168.38,243.07,94.69,131.93,40.26,58.92,100.1,282.16
20260824,09:58:25,45070.7,40431.26,24226.88,16212.01,123.89,1933.08,313.05,484.88,541.2,108.55,176.0,190.56,102.57,135.99,290.98,123.5,197.24,294.16,2868.12,1521.49,444.97,66.96,231.85,908.47,363.3,229.29,269.76,465.52,221.79,102.91,3168.01,243.07,94.69,131.93,40.26,58.92,100.1,282.16
20260824,09:58:30,45060.52,40422.15,24218.67,16205.28,123.89,1933.08,312.59,485.01,541.1,108.47,175.96,190.42,102.57,135.99,290.98,123.5,197.21,294.13,2867.55,1521.39,444.67,66.84,231.85,908.09,363.02,229.27,269.66,465.51,221.68,102.89,3167.27,243.07,94.57,131.83,40.26,58.92,100.11,282.14
20260824,09:58:35,45054.31,40416.41,24218.98,16206.68,123.89,1933.08,312.67,484.88,541.07,108.47,175.96,190.42,102.57,135.99,290.98,123.5,197.21,294.3,2867.05,1521.21,444.71,66.83,231.84,907.84,363.32,229.27,269.34,465.47,221.64,102.88,3166.99,243.11,94.69,131.83,40.26,58.92,100.11,282.14
20260824,09:58:40,45009.85,40373.68,24218.95,16208.63,123.91,1933.08,313.13,484.88,541.0,108.46,175.96,190.37,102.57,136.0,290.98,123.5,197.21,294.29,2863.56,1518.7,444.48,66.78,231.79,907.27,363.26,229.27,269.63,465.47,221.53,102.88,3166.45,243.07,94.7,131.82,40.26,58.92,100.11,282.13
20260824,09:58:45,45042.37,40405.53,24214.21,16203.7,123.91,1933.08,312.59,485.01,540.94,108.46,175.95,190.34,102.57,135.77,290.98,123.5,197.21,294.29,2866.25,1521.08,444.46,66.81,231.79,906.72,363.28,229.27,269.31,465.49,221.49,102.88,3166.31,243.07,94.7,131.81,40.26,58.92,100.11,282.1
20260824,09:58:50,45040.41,40403.72,24214.73,16204.65,123.91,1933.08,312.67,485.29,540.84,108.46,175.96,190.37,102.57,135.79,290.98,123.5,197.21,294.28,2866.08,1520.85,444.55,66.81,231.67,907.05,363.26,229.27,269.3,465.45,221.49,102.87,3166.22,243.37,94.7,131.81,40.25,58.92,100.11,282.1
20260824,09:58:55,45045.96,40408.95,24216.85,16206.47,123.91,1932.85,313.21,485.29,540.93,108.46,175.75,190.34,102.41,135.79,290.98,123.54,197.21,294.25,2866.45,1521.08,444.57,66.81,231.67,907.23,363.24,229.27,269.31,465.45,221.51,102.87,3166.38,243.05,94.7,131.81,40.24,58.92,100.11,282.1
20260824,09:59:00,45042.93,40405.52,24217.8,16205.97,123.91,1932.81,313.21,485.21,540.9,108.45,175.74,190.36,102.4,135.79,290.98,123.53,197.21,294.29,2866.19,1520.84,444.51,66.8,231.67,907.46,363.23,229.27,269.27,465.42,221.51,102.87,3166.82,243.05,94.69,131.79,40.24,58.92,100.11,282.09
20260824,09:59:05,45045.62,40408.6,24216.19,16205.68,123.91,1932.81,313.21,485.19,540.5,108.45,175.74,190.4,102.39,135.79,290.98,123.55,197.21,294.28,2866.45,1520.89,444.49,66.79,231.42,908.11,363.22,229.26,269.32,465.44,221.5,102.86,3166.39,243.37,94.69,131.79,40.2,58.89,100.11,282.39
20260824,09:59:10,45004.11,40367.74,24217.02,16205.24,123.91,1932.81,313.21,485.19,540.43,108.46,175.7,190.32,102.37,135.79,290.98,123.54,197.21,294.27,2863.16,1518.42,444.46,66.81,231.41,907.89,363.22,229.26,269.33,465.44,221.57,102.86,3166.77,243.37,94.69,131.68,40.21,58.89,100.11,282.39
20260824,09:59:15,45002.27,40365.97,24214.44,16202.37,123.91,1932.81,313.13,485.19,540.31,108.46,175.7,190.32,102.37,136.0,290.98,123.53,197.21,294.26,2863.09,1518.55,444.56,66.8,231.66,906.7,363.22,229.26,269.59,465.37,221.53,102.9,3166.74,243.37,94.57,131.67,40.21,58.91,100.11,282.08
20260824,09:59:20,45038.94,40401.35,24215.14,16201.97,123.78,1932.81,313.06,485.44,540.25,108.46,175.71,190.38,102.37,136.0,290.98,123.51,197.21,294.26,2865.95,1520.93,444.56,66.79,231.46,906.44,363.22,229.26,269.55,465.35,221.49,102.9,3167.07,243.35,94.69,131.65,40.21,58.91,100.11,282.08
20260824,09:59:25,45033.05,40395.74,24212.64,16199.54,123.78,1932.81,313.04,485.05,540.06,108.38,175.65,190.43,102.31,136.0,290.98,123.51,197.21,294.23,2865.56,1520.74,444.53,66.77,231.2,906.3,363.22,229.26,269.59,465.31,221.46,102.88,3166.95,243.35,94.69,131.65,40.21,58.91,100.11,282.09
20260824,09:59:30,44992.46,40356.67,24207.9,16195.7,123.78,1932.81,312.59,485.02,540.1,108.46,175.64,190.42,102.31,136.22,290.98,123.51,197.21,294.23,2862.5,1518.38,444.39,66.84,231.2,906.78,363.12,229.01,269.28,465.26,221.52,102.88,3166.51,243.03,94.69,131.64,40.2,58.91,100.11,281.79
20260824,09:59:35,44993.09,40356.82,24208.27,16194.56,123.78,1933.03,312.59,485.02,540.0,108.44,175.64,190.43,102.3,136.22,290.83,123.46,197.21,294.2,2862.54,1518.25,444.2,66.78,231.45,907.33,363.11,229.26,269.28,465.26,221.63,102.88,3166.93,243.35,94.45,131.64,40.2,58.91,100.11,281.78
20260824,09:59:40,44984.48,40348.31,24207.66,16193.45,123.78,1933.03,312.58,485.27,540.13,108.44,175.65,190.45,102.31,136.0,290.8,123.47,197.21,294.21,2861.88,1518.19,444.09,66.78,231.45,906.1,363.07,229.01,269.28,465.24,221.47,102.88,3167.04,243.35,94.34,131.64,40.2,58.91,100.11,282.09
20260824,09:59:45,44989.44,40353.32,24207.49,16193.86,123.76,1932.81,312.57,485.43,540.21,108.45,175.65,190.42,102.31,135.99,290.8,123.47,197.21,294.2,2862.28,1518.34,444.01,66.78,231.22,906.5,363.06,229.01,269.56,465.22,221.46,102.88,3166.88,243.35,94.45,131.51,40.2,58.88,100.11,282.08
20260824,09:59:50,44981.83,40346.4,24201.68,16188.84,123.76,1932.58,312.02,485.43,540.16,108.45,175.64,190.39,102.31,135.99,290.8,123.47,197.17,294.2,2861.84,1518.36,443.93,66.77,231.21,905.83,363.06,229.01,269.32,465.22,221.5,102.88,3166.43,243.35,94.34,131.5,40.2,58.88,100.11,282.07
20260824,09:59:55,44982.54,40346.89,24206.59,16193.82,123.89,1932.58,312.57,485.43,540.13,108.45,175.64,190.35,102.32,135.99,290.8,123.43,197.17,294.2,2861.76,1518.28,443.77,66.8,231.45,905.79,362.98,229.01,269.32,465.22,221.49,102.88,3166.61,243.35,94.45,131.6,40.2,58.88,100.11,282.0
20260824,10:00:00,44973.51,40338.12,24202.43,16189.12,123.75,1932.58,311.95,485.18,540.03,108.37,175.65,190.38,102.32,135.99,290.8,123.42,197.17,294.2,2861.16,1517.94,443.94,66.75,231.44,905.4,362.63,229.01,269.31,465.06,221.62,102.88,3166.59,243.35,94.46,131.6,40.2,58.89,100.11,282.0
20260824,10:00:05,44962.98,40328.12,24198.36,16185.31,123.87,1934.67,311.94,485.35,540.02,108.23,175.55,190.32,102.25,135.99,290.8,123.57,197.06,294.11,2860.45,1517.64,443.94,66.7,231.19,905.14,362.3,228.87,269.23,465.0,221.33,102.88,3166.35,243.35,94.34,131.61,40.19,58.89,100.1,281.88
20260824,10:00:10,44954.14,40321.73,24186.02,16178.51,123.8,1933.26,311.29,485.17,540.0,108.23,175.52,190.26,102.24,136.0,290.8,123.46,197.04,294.09,2860.1,1517.65,443.93,66.74,231.41,904.44,362.27,228.87,268.91,464.99,221.37,102.88,3164.34,243.32,94.34,131.58,40.19,58.89,100.1,281.82
20260824,10:00:15,44952.91,40321.6,24181.75,16177.22,123.8,1934.22,311.38,485.17,539.93,108.31,175.47,190.18,102.22,135.98,290.8,123.45,197.01,294.08,2860.12,1517.71,443.91,66.74,231.23,904.46,362.24,228.87,268.91,464.96,221.33,102.91,3163.36,242.67,94.34,131.54,40.19,58.89,100.1,281.8
20260824,10:00:20,44959.47,40327.06,24185.84,16178.78,123.8,1934.22,311.38,485.08,539.93,108.23,175.49,190.27,102.22,135.98,290.8,123.45,197.01,294.07,2860.52,1517.76,444.02,66.71,231.47,904.59,362.27,228.87,269.23,464.85,221.52,102.91,3164.21,242.99,94.34,131.53,40.19,58.89,100.1,281.63
20260824,10:00:25,44959.72,40327.62,24183.13,16176.72,123.8,1932.81,311.38,485.08,539.86,108.23,175.49,190.25,102.22,135.98,290.8,123.45,197.03,294.07,2860.62,1517.7,444.16,66.71,231.34,904.94,362.26,228.87,269.24,464.84,221.4,102.91,3163.93,242.99,94.34,131.53,40.19,58.89,100.1,281.62
20260824,10:00:30,44958.33,40326.2,24183.97,16177.49,123.74,1932.81,311.38,485.08,539.22,108.31,175.52,190.23,102.25,135.98,290.68,123.44,197.03,294.06,2860.48,1517.59,444.24,66.71,231.34,905.24,362.46,228.87,268.93,464.84,221.67,102.91,3163.98,242.99,94.34,131.53,40.19,58.89,100.1,281.62
20260824,10:00:35,44962.58,40329.81,24184.91,16176.79,123.74,1932.76,311.38,485.16,538.93,108.31,175.45,190.26,102.18,135.98,290.68,123.44,197.03,294.06,2860.79,1517.73,444.05,66.71,231.4,905.74,362.47,228.87,268.89,464.86,221.66,102.91,3164.46,242.99,94.34,131.53,40.19,58.91,100.1,281.93
20260824,10:00:40,44966.9,40334.85,24186.75,16181.68,123.74,1932.64,311.92,485.41,539.0,108.31,175.44,190.27,102.17,135.98,290.68,123.44,197.03,294.06,2861.08,1517.74,444.12,66.73,231.38,905.93,362.47,228.87,269.19,464.85,221.73,102.91,3163.71,242.99,94.34,131.5,40.19,58.91,100.1,281.93
20260824,10:00:45,44970.42,40336.01,24192.61,16180.84,123.99,1932.64,311.38,485.41,539.03,108.31,175.63,190.26,102.33,135.98,290.68,123.56,197.03,294.04,2861.19,1517.77,444.08,66.74,231.38,906.52,362.49,228.87,268.87,464.68,221.74,102.91,3165.77,242.99,94.34,131.5,40.19,58.89,100.1,281.93
20260824,10:00:50,44975.51,40340.97,24196.77,16185.63,123.86,1934.05,311.92,485.45,539.12,108.31,175.64,190.28,102.33,135.76,290.68,123.56,197.03,294.04,2861.48,1518.11,444.03,66.74,231.5,906.04,362.82,228.87,268.88,464.67,221.82,102.91,3165.77,242.99,94.34,131.5,40.19,58.85,100.1,281.94
20260824,10:00:55,44985.65,40350.56,24199.06,16187.3,123.86,1933.95,311.84,485.45,539.28,108.31,175.63,190.28,102.33,135.76,290.68,123.57,197.03,294.03,2862.21,1518.25,444.18,66.8,231.77,906.4,362.83,229.12,269.2,464.67,222.01,102.91,3166.03,243.01,94.34,131.5,40.19,58.85,100.1,281.91
20260824,10:01:00,44947.02,40313.33,24197.5,16186.87,123.86,1933.95,311.92,485.45,539.27,108.31,175.62,190.26,102.32,135.98,290.68,123.57,197.03,294.03,2859.22,1515.87,444.18,66.8,231.65,906.78,362.63,229.12,269.19,464.66,221.9,102.91,3165.66,243.01,94.34,131.51,40.19,58.85,100.1,281.91
20260824,10:01:05,44945.05,40312.48,24197.78,16190.76,123.86,1932.76,311.91,485.45,539.42,108.38,175.64,190.33,102.32,136.19,290.68,123.57,197.03,294.06,2859.06,1515.81,444.23,66.81,231.15,906.92,362.62,229.12,269.22,464.66,222.18,102.91,3164.69,243.33,94.34,131.51,40.19,58.85,100.1,281.9
20260824,10:01:10,44948.82,40315.09,24200.34,16190.15,123.8,1932.71,311.91,485.45,539.47,108.38,175.64,190.28,102.33,136.2,290.68,123.45,197.02,294.06,2859.28,1516.0,444.2,66.81,231.15,906.87,362.87,229.12,269.21,464.64,222.22,102.91,3165.65,243.33,94.34,131.5,40.14,58.85,100.1,281.9
20260824,10:01:15,44949.02,40316.12,24202.83,16195.81,123.93,1932.71,312.45,485.91,539.39,108.38,175.64,190.28,102.33,136.2,290.68,123.49,197.02,294.05,2859.23,1515.9,444.25,66.81,231.15,907.37,362.84,229.12,268.94,464.79,222.27,102.93,3164.9,243.33,94.34,131.51,40.14,58.85,100.1,281.9
20260824,10:01:20,44948.45,40315.12,24199.73,16190.78,123.8,1932.77,311.91,485.84,539.55,108.32,175.63,190.27,102.33,136.2,290.68,123.49,197.02,294.05,2859.27,1516.0,444.16,66.81,231.16,907.24,362.82,229.12,268.95,464.81,222.22,102.93,3165.29,243.01,94.34,131.51,40.14,58.85,100.1,281.9
20260824,10:01:25,44942.95,40311.01,24196.28,16190.95,123.8,1932.77,311.91,485.84,539.54,108.38,175.65,190.27,102.34,136.2,290.68,123.45,197.02,294.03,2858.94,1515.85,444.16,66.81,231.15,906.87,362.86,229.12,268.95,464.81,222.24,102.93,3164.17,243.01,94.34,131.51,40.14,58.85,100.1,281.9
20260824,10:01:30,44946.34,40313.49,24199.73,16192.19,123.8,1932.77,311.91,486.34,539.69,108.32,175.65,190.32,102.33,136.41,290.68,123.45,197.02,294.04,2859.11,1515.8,444.22,66.82,231.15,906.96,362.84,229.12,269.26,464.89,222.23,102.93,3164.91,243.01,94.34,131.51,40.14,58.85,100.1,281.9
20260824,10:01:35,44985.37,40351.07,24196.17,16186.58,123.8,1932.77,311.37,486.09,539.5,108.4,175.65,190.31,102.33,136.41,290.68,123.45,197.02,294.04,2862.27,1518.28,444.27,66.82,231.15,907.13,363.12,229.12,268.97,464.88,222.2,102.91,3165.32,243.01,94.34,131.31,40.14,58.85,100.1,281.9
20260824,10:01:40,44988.27,40354.25,24194.16,16185.45,123.8,1933.04,311.37,486.34,539.55,108.32,175.65,190.31,102.33,136.41,290.68,123.45,197.02,294.04,2862.55,1518.42,444.43,66.78,231.4,907.07,363.13,229.12,268.95,464.87,222.16,102.91,3165.0,242.94,94.22,131.31,40.14,58.85,100.1,281.9
20260824,10:01:45,44986.58,40352.82,24195.44,16187.63,123.8,1934.45,311.4,486.34,539.41,108.4,175.72,190.31,102.39,136.41,290.68,123.45,197.02,294.04,2862.38,1518.39,444.32,66.77,231.15,907.1,363.13,229.12,268.94,464.85,222.16,102.91,3164.81,242.94,94.34,131.31,40.14,58.85,100.1,281.9
20260824,10:01:50,44987.65,40353.08,24196.52,16186.27,123.8,1934.45,311.4,486.34,539.46,108.32,175.74,190.38,102.39,136.41,290.68,123.49,197.06,294.06,2862.44,1518.32,444.26,66.8,231.15,907.04,363.37,229.12,269.26,464.85,221.96,102.91,3165.51,242.94,94.34,131.33,40.14,58.85,100.1,281.9
20260824,10:01:55,44988.57,40353.74,24198.68,16187.99,123.8,1933.04,311.93,486.34,539.46,108.32,175.74,190.38,102.39,136.41,290.56,123.5,197.06,294.06,2862.45,1518.27,444.25,66.8,231.4,907.01,363.37,229.12,269.26,464.86,221.78,102.91,3165.72,242.94,94.34,131.33,40.14,58.85,100.1,281.9
20260824,10:02:00,44983.84,40348.72,24199.85,16187.95,123.8,1934.45,311.94,486.34,539.76,108.4,175.73,190.36,102.39,136.41,290.56,123.46,197.06,294.05,2862.05,1518.15,444.25,66.82,231.4,906.79,363.34,229.12,268.95,464.86,221.63,102.91,3166.1,242.94,94.34,131.33,40.14,58.85,100.1,281.9
20260824,10:02:05,44980.32,40344.66,24198.85,16184.66,123.8,1934.45,311.4,486.67,539.79,108.4,175.74,190.43,102.39,136.41,290.56,123.46,197.06,294.08,2861.8,1518.09,444.13,66.82,231.15,906.74,363.19,229.12,268.95,464.9,221.62,102.91,3166.68,242.94,94.34,131.33,40.14,58.85,100.1,281.9
20260824,10:02:10,44981.82,40346.76,24200.94,16189.22,123.93,1934.39,311.94,486.46,539.65,108.4,175.75,190.4,102.4,136.41,290.56,123.46,197.06,294.1,2861.86,1518.12,444.11,66.82,231.18,906.78,363.19,229.11,268.95,464.9,221.71,102.91,3166.09,242.94,94.34,131.33,40.14,58.85,100.1,281.9
20260824,10:02:15,44983.48,40348.55,24196.48,16184.65,123.67,1935.8,311.31,486.46,539.62,108.48,175.75,190.42,102.4,136.41,290.56,123.45,197.06,294.1,2862.11,1518.27,444.11,66.81,231.18,906.67,363.18,229.11,269.16,464.9,221.7,102.91,3165.94,242.94,94.34,131.33,40.14,58.85,100.1,281.95
20260824,10:02:20,44983.66,40349.45,24197.28,16188.01,123.67,1935.8,311.94,486.46,539.5,108.48,175.77,190.43,102.4,136.41,290.45,123.57,197.06,294.1,2862.1,1518.23,444.15,66.84,231.18,906.73,363.11,229.11,269.16,464.9,221.55,102.91,3165.28,242.98,94.22,131.53,40.14,58.85,100.1,281.95
20260824,10:02:25,44979.74,40345.51,24194.45,16184.34,123.67,1935.8,311.4,486.42,539.51,108.4,175.77,190.43,102.4,136.41,290.45,123.45,197.03,294.11,2861.87,1518.15,443.94,66.75,231.3,906.75,363.08,229.11,269.11,464.9,221.69,102.91,3165.39,242.94,94.22,131.53,40.14,58.85,100.1,281.95
20260824,10:02:30,44977.33,40345.17,24187.92,16183.55,123.8,1935.8,311.4,486.16,539.44,108.41,175.79,190.45,102.42,136.41,290.45,123.45,197.03,294.08,2861.87,1518.33,443.97,66.74,231.55,906.32,363.32,229.11,268.8,464.89,221.69,102.91,3163.57,243.0,94.11,131.53,40.14,58.85,100.1,281.95
20260824,10:02:35,44984.73,40352.03,24191.17,16186.13,123.93,1935.8,311.94,486.16,539.39,108.41,175.76,190.42,102.4,136.42,290.45,123.43,197.03,294.13,2862.36,1518.42,443.97,66.74,231.55,906.83,363.09,229.11,269.11,464.94,221.55,102.91,3163.88,243.0,94.11,131.53,40.14,58.85,100.1,281.95
20260824,10:02:40,44979.3,40345.73,24193.04,16184.89,123.8,1935.8,311.94,485.4,539.46,108.41,175.7,190.45,102.35,136.42,290.57,123.43,197.03,294.13,2861.88,1518.31,443.98,66.66,231.55,906.61,362.85,229.11,268.8,464.86,221.56,102.91,3164.8,242.68,94.22,131.53,40.14,58.84,100.1,281.94
20260824,10:02:45,44978.09,40344.76,24188.67,16180.58,123.8,1935.88,311.39,485.4,539.42,108.41,175.69,190.42,102.35,136.42,290.57,123.43,197.03,294.13,2861.91,1518.35,443.9,66.65,231.18,906.57,362.85,229.11,269.11,464.86,221.54,102.9,3164.61,242.68,94.22,131.53,40.14,58.84,100.1,281.94
20260824,10:02:50,44974.58,40342.39,24185.96,16180.96,123.8,1935.88,311.39,485.91,539.54,108.41,175.69,190.42,102.35,136.42,290.57,123.43,197.03,294.13,2861.7,1518.36,443.71,66.67,231.18,906.6,363.17,229.11,268.79,464.88,221.58,102.9,3163.66,242.68,94.11,131.53,40.14,58.84,100.1,281.94
20260824,10:02:55,44979.67,40346.85,24186.81,16180.25,123.74,1935.88,311.39,485.91,539.51,108.41,175.68,190.37,102.35,136.42,290.57,123.44,197.06,294.13,2862.08,1518.46,443.78,66.65,231.18,906.73,363.23,229.11,269.11,464.88,221.55,102.9,3164.11,242.63,94.11,131.53,40.14,58.84,100.1,281.94
20260824,10:03:00,44976.2,40343.45,24191.66,16185.79,123.74,1935.88,311.94,485.66,539.64,108.41,175.67,190.32,102.35,136.41,290.57,123.44,197.06,294.13,2861.67,1518.28,443.6,66.66,231.44,906.32,363.21,229.11,269.07,464.92,221.6,102.9,3164.13,242.63,94.22,131.53,40.14,58.84,100.1,281.96
20260824,10:03:05,44973.35,40340.79,24187.52,16181.43,123.74,1935.88,311.39,485.66,539.39,108.33,175.73,190.33,102.4,136.41,290.45,123.44,197.06,294.13,2861.57,1518.23,443.74,66.53,231.19,906.53,363.21,229.11,269.07,464.92,221.59,102.9,3164.01,242.68,94.22,131.53,40.15,58.84,100.1,281.96
20260824,10:03:10,44975.21,40342.95,24186.97,16181.96,123.87,1935.88,311.39,485.62,539.66,108.33,175.7,190.36,102.37,136.41,290.45,123.44,197.1,294.12,2861.73,1518.35,443.5,66.65,231.19,906.57,363.18,229.11,269.07,464.94,221.55,102.9,3163.7,242.68,94.22,131.53,40.15,58.84,100.1,281.96
20260824,10:03:15,44973.9,40341.23,24190.76,16184.81,123.61,1935.88,311.84,485.36,539.66,108.33,175.69,190.28,102.37,136.41,290.45,123.44,197.1,294.12,2861.52,1518.23,443.48,66.66,231.19,906.46,363.18,229.09,269.06,464.93,221.61,102.9,3164.11,242.68,94.22,131.53,40.15,58.84,100.1,282.01
20260824,10:03:20,44969.93,40337.58,24186.23,16180.33,123.67,1935.88,311.21,485.49,539.77,108.33,175.67,190.27,102.36,136.41,290.45,123.44,197.1,294.11,2861.33,1518.08,443.48,66.6,231.44,906.39,363.16,229.09,269.05,464.89,221.53,102.9,3163.91,243.0,94.22,131.5,40.15,58.84,100.1,282.02
20260824,10:03:25,44968.5,40335.01,24192.76,16183.91,123.8,1935.66,311.68,485.78,539.91,108.31,175.57,190.26,102.28,136.19,290.45,123.52,197.07,294.13,2861.04,1517.99,443.32,66.6,231.31,906.27,363.16,229.09,269.04,464.89,221.54,102.9,3164.98,243.0,94.22,131.5,40.15,58.84,100.1,282.02
20260824,10:03:30,44927.63,40295.12,24193.61,16184.67,123.8,1935.66,311.76,485.27,539.91,108.29,175.63,190.23,102.34,136.19,290.45,123.52,197.07,294.13,2857.81,1515.55,443.26,66.6,231.55,905.97,363.11,229.09,269.04,464.89,221.54,102.93,3165.04,243.0,94.22,131.5,40.15,58.84,100.1,282.02
20260824,10:03:35,44925.42,40292.35,24195.11,16184.35,123.67,1937.07,311.76,485.45,539.86,108.21,175.63,190.22,102.34,135.77,290.45,123.52,197.07,294.13,2857.59,1515.73,443.25,66.59,231.55,904.93,363.11,229.1,269.04,464.95,221.56,102.93,3165.6,243.0,94.22,131.5,40.15,58.84,100.1,282.01
20260824,10:03:40,44927.2,40294.64,24193.9,16184.81,123.8,1935.66,311.85,485.7,539.86,108.21,175.82,190.18,102.5,135.77,290.47,123.53,197.07,294.13,2857.76,1515.48,443.33,66.61,231.55,905.98,363.1,229.1,269.04,464.35,221.53,102.89,3165.09,243.0,94.22,131.5,40.15,58.84,100.1,281.69
20260824,10:03:45,44936.13,40302.71,24195.9,16184.99,123.67,1935.6,311.86,485.39,539.89,108.2,175.84,190.23,102.5,135.99,290.47,123.54,197.08,294.13,2858.41,1515.77,443.31,66.63,231.18,906.93,363.16,229.1,269.04,464.37,221.55,102.89,3165.67,243.0,94.22,131.51,40.15,58.84,100.1,281.69
20260824,10:03:50,44974.35,40339.74,24195.01,16183.25,123.67,1935.6,311.77,485.31,539.85,108.2,175.86,190.25,102.51,135.99,290.47,123.54,197.08,294.14,2861.44,1518.05,443.43,66.62,231.18,906.96,363.2,229.1,269.05,464.37,221.44,102.89,3165.86,243.0,94.22,131.51,40.15,58.84,100.1,281.66
20260824,10:03:55,44991.64,40357.06,24192.88,16182.39,123.67,1935.49,311.86,485.39,539.81,108.2,175.85,190.28,102.5,135.99,290.47,123.54,197.08,294.14,2862.85,1518.59,443.68,66.67,231.39,908.08,363.26,229.1,269.06,464.33,221.4,102.89,3165.43,243.0,94.11,131.51,40.15,58.84,100.1,281.66
20260824,10:04:00,44995.09,40360.43,24198.39,16188.78,123.73,1935.49,312.4,485.39,539.92,108.2,175.84,190.24,102.5,135.99,290.47,123.43,197.08,294.14,2862.97,1518.57,443.56,66.66,231.39,908.54,363.48,229.1,269.06,464.33,221.58,102.89,3165.42,243.02,94.22,131.51,40.15,58.84,100.1,281.66
20260824,10:04:05,44993.6,40358.51,24199.3,16188.26,123.73,1935.45,311.86,485.39,540.29,108.2,175.85,190.25,102.51,135.98,290.47,123.43,197.06,294.14,2862.83,1518.62,443.48,66.68,231.39,908.12,363.28,229.1,269.05,464.33,221.73,102.89,3165.84,243.02,94.22,131.51,40.15,58.84,100.1,281.97
20260824,10:04:10,44990.8,40358.25,24194.55,16191.02,123.87,1935.45,311.86,485.39,540.43,108.2,175.84,190.23,102.51,136.19,290.47,123.43,197.06,294.14,2862.74,1518.55,443.54,66.73,231.38,907.99,363.24,229.1,269.06,464.37,221.89,102.89,3163.61,243.02,94.22,131.51,40.15,58.84,100.1,281.97
20260824,10:04:15,44985.86,40354.96,24187.48,16187.98,123.86,1935.9,311.77,485.64,540.29,108.2,175.83,190.26,102.5,136.19,290.47,123.43,197.06,294.14,2862.55,1518.62,443.65,66.66,231.63,907.13,363.23,229.1,269.06,464.43,221.74,102.89,3162.23,243.02,94.22,131.5,40.15,58.83,100.1,281.66
20260824,10:04:20,44987.23,40353.61,24192.0,16184.21,123.73,1935.9,311.32,485.64,540.29,108.31,175.84,190.29,102.5,136.19,290.47,123.3,197.06,294.14,2862.53,1518.56,443.66,66.7,231.63,907.11,363.24,229.1,269.1,464.42,221.78,102.89,3164.66,243.06,94.22,131.5,40.15,58.83,100.1,281.66
20260824,10:04:25,44990.41,40357.07,24194.66,16188.49,123.73,1937.31,311.86,485.64,540.29,108.23,175.83,190.29,102.49,136.19,290.47,123.3,197.1,294.14,2862.71,1518.84,443.58,66.65,231.38,907.11,363.24,229.1,269.06,464.42,221.74,102.91,3164.33,243.06,94.22,131.53,40.15,58.86,100.1,281.66
20260824,10:04:30,44992.36,40359.56,24190.46,16185.64,123.67,1935.67,311.31,485.64,540.34,108.24,175.85,190.29,102.5,136.19,290.47,123.33,197.03,294.14,2862.98,1519.02,443.68,66.64,231.21,907.26,363.25,229.1,269.06,464.42,221.76,102.91,3163.79,243.06,94.34,131.63,40.15,58.87,100.1,281.66
20260824,10:04:35,44994.13,40360.57,24196.31,16189.96,123.67,1935.67,311.86,485.39,540.34,108.24,175.84,190.27,102.5,135.98,290.59,123.34,197.03,294.14,2862.95,1519.05,443.66,66.65,231.21,907.13,363.25,229.1,269.06,464.42,221.85,102.91,3164.45,243.06,94.34,131.66,40.15,58.87,100.1,281.66
20260824,10:04:40,45000.6,40367.08,24190.45,16183.9,123.67,1935.45,311.23,485.64,540.41,108.23,175.84,190.27,102.5,135.98,290.59,123.34,197.03,294.13,2863.62,1518.97,443.98,66.66,231.23,908.19,363.23,229.1,269.39,464.4,221.73,102.91,3164.26,243.06,94.22,131.68,40.15,58.89,100.1,281.66
20260824,10:04:45,45004.65,40369.96,24199.35,16190.57,123.67,1935.45,311.94,485.9,540.45,108.23,175.85,190.28,102.5,135.98,290.59,123.34,197.06,294.14,2863.7,1519.07,443.85,66.67,231.21,908.61,363.23,229.1,269.03,464.38,221.71,102.91,3165.23,243.06,94.34,131.78,40.15,58.89,100.1,281.67
20260824,10:04:50,45007.34,40373.21,24198.5,16191.71,123.67,1935.45,311.86,485.9,540.55,108.23,175.84,190.27,102.5,136.19,290.59,123.34,197.1,294.14,2863.93,1519.14,443.91,66.67,231.21,908.88,363.24,229.1,269.04,464.38,221.82,102.91,3164.65,243.06,94.34,131.78,40.15,58.89,100.1,281.68
20260824,10:04:55,45009.29,40375.11,24201.86,16195.58,123.8,1935.31,312.4,486.15,540.69,108.23,175.86,190.33,102.5,136.19,290.59,123.35,196.91,294.14,2863.99,1519.18,443.8,66.65,231.39,908.9,363.24,229.12,269.04,464.37,221.71,102.91,3164.65,243.06,94.34,131.78,40.15,58.89,100.1,281.66
20260824,10:05:00,45012.66,40378.42,24201.73,16195.51,123.67,1935.68,312.4,486.15,540.77,108.22,175.88,190.35,102.51,136.19,290.59,123.35,196.91,294.14,2864.26,1519.37,443.8,66.65,231.39,908.9,363.54,229.12,269.04,464.37,221.68,102.91,3164.63,243.06,94.34,131.78,40.15,58.89,100.1,281.66
20260824,10:05:05,45010.99,40376.31,24203.35,16195.74,123.8,1935.68,312.48,485.64,540.96,108.21,175.89,190.35,102.52,136.19,290.59,123.35,196.91,294.15,2864.08,1519.37,443.62,66.61,231.39,908.73,363.57,229.12,269.04,464.3,221.66,102.91,3165.08,243.06,94.22,131.88,40.15,58.89,100.1,281.66
20260824,10:05:10,45013.73,40378.29,24205.74,16196.21,123.67,1935.68,312.48,485.63,540.93,108.21,175.88,190.32,102.52,136.19,290.59,123.31,196.91,294.15,2864.23,1519.3,443.66,66.61,231.39,909.21,363.57,229.12,269.09,464.3,221.7,102.91,3165.7,243.06,94.34,131.88,40.15,58.89,100.1,281.66
20260824,10:05:15,45013.64,40378.46,24204.93,16196.13,123.67,1935.45,312.48,485.63,540.93,108.21,175.88,190.3,102.53,136.41,290.59,123.31,196.91,294.15,2864.25,1519.31,443.68,66.63,231.39,909.15,363.6,229.12,269.09,464.3,221.68,102.91,3165.47,243.06,94.34,131.88,40.15,58.89,100.1,281.67
20260824,10:05:20,45051.51,40415.4,24203.25,16194.33,123.67,1935.45,312.48,485.63,540.79,108.21,175.88,190.31,102.53,136.19,290.59,123.31,197.05,294.15,2867.27,1521.6,443.69,66.64,231.39,909.2,363.63,229.12,269.09,464.35,221.54,102.91,3165.43,243.06,94.34,131.88,40.15,58.89,100.1,281.67
20260824,10:05:25,45051.93,40416.13,24203.3,16195.48,123.67,1935.45,312.48,485.38,540.79,108.21,175.88,190.31,102.52,136.19,290.59,123.31,197.04,294.15,2867.3,1521.6,443.64,66.66,231.51,909.26,363.63,229.12,269.05,464.33,221.7,102.91,3165.13,243.06,94.34,131.86,40.15,58.89,100.1,281.67
20260824,10:05:30,45053.58,40418.65,24199.56,16194.21,123.67,1935.45,312.57,485.38,540.61,108.22,175.88,190.31,102.52,136.19,290.59,123.31,197.04,294.15,2867.53,1521.68,443.61,66.66,231.51,909.59,363.69,229.12,269.05,464.35,221.55,102.91,3164.31,243.06,94.34,131.86,40.15,58.89,100.1,281.67
20260824,10:05:35,45060.54,40424.14,24206.28,16197.61,123.67,1935.08,312.49,485.38,540.69,108.22,175.89,190.32,102.52,136.41,290.59,123.3,197.01,294.56,2867.89,1521.68,443.65,66.73,231.53,910.21,363.77,229.12,269.07,464.39,221.81,102.92,3165.48,243.06,94.34,131.86,40.15,58.89,100.1,281.67
20260824,10:05:40,45021.33,40385.67,24207.72,16198.4,123.67,1935.31,312.56,485.46,540.62,108.22,175.87,190.31,102.51,136.41,290.59,123.3,197.05,294.56,2864.77,1519.29,443.65,66.73,231.53,910.15,363.78,229.12,269.07,464.39,221.85,102.92,3165.72,243.06,94.34,131.89,40.15,58.89,100.1,281.68
20260824,10:05:45,45019.0,40382.99,24209.33,16198.87,123.67,1935.37,312.57,485.46,540.77,108.22,175.92,190.32,102.55,136.41,290.59,123.34,197.05,294.56,2864.55,1519.32,443.65,66.73,231.41,909.64,363.78,229.12,269.07,464.51,221.7,102.92,3166.1,243.06,94.34,131.89,40.15,58.91,100.1,281.68
20260824,10:05:50,45021.3,40387.51,24205.0,16201.52,123.67,1934.32,312.57,485.71,540.77,108.3,175.93,190.35,102.55,136.41,290.59,123.34,197.05,294.56,2864.85,1519.33,443.64,66.75,231.84,909.94,363.76,229.12,269.07,464.51,221.87,102.92,3164.02,243.06,94.46,131.89,40.15,58.91,100.1,281.68
20260824,10:05:55,45016.82,40383.36,24203.92,16201.01,123.67,1934.32,312.57,485.71,540.67,108.3,175.93,190.34,102.55,136.41,290.59,123.35,197.08,294.56,2864.52,1519.06,443.61,66.77,231.82,909.99,363.76,229.12,269.07,464.46,221.87,102.92,3163.83,243.06,94.45,131.89,40.15,58.91,100.1,281.68
20260824,10:06:00,45059.26,40424.78,24203.5,16200.72,123.67,1934.32,312.57,485.71,540.64,108.3,175.93,190.37,102.55,136.41,290.59,123.35,197.08,294.56,2867.87,1521.59,443.61,66.78,231.82,910.11,363.78,229.12,269.07,464.46,221.84,102.92,3163.77,243.06,94.45,131.89,40.15,58.91,100.1,281.68
20260824,10:06:05,45054.76,40420.38,24204.04,16201.32,123.67,1935.73,312.57,485.71,540.67,108.13,175.93,190.38,102.55,136.41,290.59,123.31,197.08,294.56,2867.5,1521.49,443.67,66.76,231.58,909.76,363.76,229.12,269.07,464.43,221.81,102.92,3163.78,243.06,94.45,132.2,40.15,58.91,100.1,281.68
20260824,10:06:10,45056.71,40422.17,24205.15,16202.24,123.67,1935.73,312.57,485.79,540.67,108.29,175.93,190.36,102.55,136.64,290.59,123.29,197.08,294.56,2867.62,1521.53,443.67,66.76,231.62,909.88,363.76,229.12,269.08,464.43,221.82,102.92,3163.87,243.06,94.45,132.2,40.15,58.91,100.1,281.71
20260824,10:06:15,45062.71,40426.09,24209.87,16201.21,123.67,1935.73,312.57,485.79,540.64,108.29,175.94,190.39,102.55,136.64,290.59,123.29,197.08,294.57,2867.96,1521.6,443.68,66.8,231.62,909.93,364.0,229.12,269.39,464.43,221.72,102.92,3165.63,243.06,94.45,132.2,40.15,58.91,100.1,281.71
20260824,10:06:20,45023.66,40388.01,24212.2,16203.78,123.67,1938.56,312.57,485.96,540.6,108.29,175.94,190.39,102.56,136.64,290.59,123.29,197.08,294.57,2864.83,1519.12,443.73,66.78,231.61,910.13,363.99,229.12,269.39,465.22,221.7,102.92,3165.66,243.06,94.45,132.2,40.15,58.91,100.1,281.74
20260824,10:06:25,45022.52,40387.09,24211.47,16203.59,123.67,1938.52,312.66,485.96,540.6,108.21,175.95,190.4,102.56,136.64,290.59,123.29,196.94,294.57,2864.76,1519.05,443.74,66.79,231.61,910.15,364.01,229.12,269.38,465.22,221.74,102.92,3165.48,242.73,94.45,132.1,40.15,58.91,100.1,281.74
20260824,10:06:30,45022.7,40387.11,24207.85,16198.89,123.67,1938.52,311.86,486.08,540.57,108.29,175.95,190.41,102.56,136.64,290.95,123.29,196.94,294.58,2864.88,1519.11,443.68,66.77,231.86,910.13,363.99,229.12,269.38,465.22,221.89,102.92,3165.63,242.73,94.34,132.1,40.15,58.91,100.1,281.76
20260824,10:06:35,45061.42,40425.42,24209.7,16202.98,123.67,1938.52,312.4,486.08,540.52,108.29,175.95,190.41,102.56,136.42,290.9,123.29,196.94,294.6,2867.87,1521.54,443.73,66.77,232.04,909.55,364.01,229.12,269.37,465.22,221.88,102.96,3165.09,243.06,94.34,132.1,40.15,58.92,100.1,281.76
20260824,10:06:40,45023.61,40389.06,24206.4,16200.8,123.67,1938.52,312.49,485.83,540.29,108.29,175.86,190.46,102.48,136.42,290.9,123.29,196.94,294.6,2864.99,1519.04,443.94,66.78,232.01,910.22,364.01,229.12,269.36,465.22,221.89,102.96,3164.66,243.06,94.22,132.1,40.15,58.92,100.1,281.76
20260824,10:06:45,45057.82,40421.96,24207.36,16200.45,123.67,1938.52,312.49,485.83,540.29,108.21,175.86,190.44,102.48,136.41,290.9,123.28,196.9,294.6,2867.65,1521.38,443.83,66.74,231.76,909.78,363.65,229.12,269.36,465.23,221.89,102.96,3165.05,243.06,94.22,132.1,40.15,58.92,100.1,281.76
20260824,10:06:50,45007.14,40372.63,24202.94,16195.54,123.67,1938.3,312.41,486.08,540.17,108.21,175.66,190.42,102.32,136.41,290.9,123.28,196.9,294.6,2863.79,1518.82,443.67,66.72,231.58,908.9,363.64,229.12,269.35,465.18,221.69,102.96,3165.01,243.06,94.22,132.1,40.15,58.92,100.1,281.76
20260824,10:06:55,44998.46,40366.95,24190.7,16190.73,123.67,1936.85,311.77,485.78,540.17,108.29,175.66,190.44,102.31,136.41,290.9,123.27,196.84,294.6,2863.45,1518.78,443.67,66.71,231.83,908.0,363.84,229.12,269.35,465.13,221.87,102.95,3162.49,243.06,94.11,132.14,40.15,58.93,100.08,281.74
20260824,10:07:00,44989.62,40359.09,24187.79,16189.92,123.8,1936.58,311.77,485.78,540.16,108.29,175.66,190.44,102.31,136.41,290.9,123.28,196.84,294.6,2862.83,1518.58,443.67,66.71,231.65,907.35,363.84,229.12,269.34,465.04,221.81,102.95,3161.8,243.06,94.1,132.14,40.14,58.9,100.08,281.68
20260824,10:07:05,44982.92,40352.6,24183.33,16184.92,123.67,1936.58,311.61,485.77,539.84,108.21,175.61,190.32,102.3,136.19,291.04,123.28,196.84,294.6,2862.43,1518.37,443.68,66.7,231.39,907.2,363.81,229.12,269.38,465.04,221.66,102.95,3161.76,243.06,94.1,132.14,40.14,58.9,100.08,281.67
20260824,10:07:10,44975.49,40344.54,24186.07,16185.32,123.67,1936.58,311.69,485.77,539.81,108.21,175.6,190.32,102.29,136.19,291.04,123.28,196.84,294.6,2861.77,1518.23,443.32,66.65,231.39,907.04,363.55,229.12,269.02,465.02,221.67,102.95,3162.51,243.06,94.1,132.14,40.14,58.9,100.08,281.67
20260824,10:07:15,44974.53,40346.06,24178.95,16185.35,123.67,1936.58,311.59,485.26,539.81,108.2,175.6,190.33,102.29,136.21,291.04,123.27,196.99,294.6,2861.9,1518.35,443.34,66.65,231.21,907.17,363.25,229.12,269.02,465.01,221.85,102.95,3160.28,243.06,94.1,131.97,40.14,58.9,100.08,281.67
20260824,10:07:20,44969.64,40341.29,24175.08,16180.89,123.67,1936.58,311.06,485.35,539.81,108.2,175.6,190.32,102.29,136.19,291.04,123.39,196.99,294.6,2861.62,1518.23,443.33,66.66,231.21,906.87,363.25,229.12,269.03,465.04,221.7,102.94,3160.28,243.06,94.1,131.97,40.14,58.9,100.08,281.67
20260824,10:07:25,44971.99,40343.4,24173.95,16178.99,123.67,1936.58,311.06,485.35,539.81,108.2,175.6,190.32,102.29,136.19,291.04,123.39,197.01,294.6,2861.83,1518.44,443.37,66.66,231.46,906.48,363.25,229.12,269.03,465.02,221.59,102.94,3160.44,243.06,93.98,132.04,40.14,58.9,100.09,281.67
20260824,10:07:30,44974.34,40345.96,24175.1,16181.19,123.67,1936.58,311.14,485.35,539.81,108.2,175.6,190.31,102.29,136.19,291.04,123.27,197.01,294.59,2861.99,1518.32,443.35,66.66,231.46,907.21,363.29,229.12,269.03,465.03,221.74,102.94,3160.2,243.06,94.09,132.04,40.14,58.9,100.09,281.67
20260824,10:07:35,44971.07,40342.77,24173.77,16179.66,123.67,1936.58,311.06,485.35,539.98,108.2,175.6,190.31,102.3,135.98,291.16,123.27,197.01,294.59,2861.77,1518.27,443.21,66.66,231.46,907.05,362.91,229.12,269.03,465.05,221.71,102.94,3160.2,243.06,93.98,132.04,40.14,58.9,100.09,281.63
20260824,10:07:40,44968.07,40340.11,24172.91,16179.56,123.8,1936.58,311.06,485.19,539.94,108.2,175.6,190.32,102.29,135.96,291.16,123.27,197.01,294.59,2861.55,1518.26,443.19,66.64,231.2,906.84,362.9,229.12,269.04,465.07,221.7,102.92,3159.96,243.04,93.98,132.06,40.14,58.9,100.09,281.61
20260824,10:07:45,44966.15,40338.57,24172.15,16179.77,123.61,1936.58,311.06,485.07,539.94,108.2,175.59,190.32,102.29,135.96,291.16,123.27,197.01,294.56,2861.43,1518.2,443.26,66.65,231.2,906.61,363.2,229.12,269.04,465.07,221.71,102.92,3159.67,243.04,94.09,132.05,40.14,58.9,100.09,281.64
20260824,10:07:50,44965.67,40337.53,24172.94,16178.77,123.61,1936.58,310.97,485.4,539.94,108.2,175.53,190.32,102.24,135.96,291.16,123.23,197.01,294.56,2861.37,1518.25,443.18,66.63,231.44,906.6,363.2,229.1,268.72,465.07,221.73,102.92,3160.18,243.04,94.09,132.05,40.14,58.9,100.09,281.63
20260824,10:07:55,44962.82,40334.79,24167.88,16173.07,123.6,1936.58,310.51,485.4,539.94,108.12,175.53,190.32,102.24,135.96,291.16,123.22,197.01,294.52,2861.28,1518.09,443.3,66.62,231.43,906.81,363.2,229.1,268.72,464.24,221.69,102.92,3160.15,243.04,94.09,132.05,40.14,58.9,100.09,281.62
20260824,10:08:00,44967.61,40340.05,24169.17,16176.52,123.73,1936.58,311.05,485.4,539.94,108.2,175.53,190.32,102.24,135.96,291.04,123.26,196.99,294.52,2861.62,1518.21,443.27,66.62,231.19,907.5,363.2,229.1,268.72,464.21,221.56,102.89,3159.61,243.04,94.1,132.05,40.14,58.9,100.09,281.62
20260824,10:08:05,44965.78,40337.5,24168.58,16173.3,123.6,1936.58,310.43,485.4,539.94,108.12,175.6,190.32,102.3,135.98,291.04,123.23,196.95,294.52,2861.5,1518.09,443.34,66.62,231.43,907.26,363.2,229.1,268.72,464.21,221.64,102.89,3160.31,243.04,94.22,131.95,40.14,58.9,100.11,281.62
20260824,10:08:10,44969.58,40340.62,24173.11,16176.56,123.61,1936.58,310.97,485.24,539.94,108.09,175.53,190.32,102.24,136.19,290.92,123.23,196.95,294.52,2861.67,1518.11,443.32,66.61,231.38,907.3,363.19,229.1,269.02,464.2,221.64,102.89,3160.84,243.04,94.22,131.95,40.14,58.9,100.11,281.62
20260824,10:08:15,44969.85,40341.2,24172.66,16177.09,123.61,1936.58,311.06,485.24,539.94,108.09,175.53,190.32,102.24,135.98,291.04,123.23,196.95,294.52,2861.7,1518.15,443.21,66.61,231.15,907.56,363.21,229.1,269.03,464.2,221.67,102.89,3160.55,243.0,94.22,131.95,40.13,58.9,100.11,281.62
20260824,10:08:20,44962.09,40333.57,24171.07,16175.03,123.63,1936.58,310.96,485.49,539.83,108.09,175.53,190.32,102.24,136.19,291.04,123.23,196.95,294.52,2861.14,1518.02,443.17,66.6,231.15,906.78,363.2,229.1,268.99,464.18,221.52,102.89,3160.61,243.0,94.22,131.95,40.13,58.9,100.11,281.58
20260824,10:08:25,44963.29,40334.74,24172.3,16176.45,123.63,1936.58,311.04,485.49,539.95,108.09,175.53,190.3,102.24,136.19,291.04,123.23,196.95,294.52,2861.2,1518.06,443.23,66.56,231.15,906.78,363.2,229.1,268.99,464.18,221.66,102.89,3160.61,243.0,94.1,131.95,40.13,58.9,100.11,281.58
20260824,10:08:30,44961.34,40333.42,24170.86,16176.75,123.63,1936.58,310.96,485.49,540.09,108.09,175.54,190.39,102.23,136.19,291.04,123.23,196.95,294.52,2861.08,1518.0,443.18,66.55,231.15,906.78,363.2,229.1,268.99,464.16,221.72,102.89,3160.08,243.0,94.1,131.95,40.13,58.92,99.92,281.58
20260824,10:08:35,44962.8,40334.94,24171.21,16177.48,123.69,1936.58,311.03,485.24,540.02,108.09,175.53,190.39,102.22,136.19,291.04,123.22,196.95,294.52,2861.19,1518.1,443.13,66.56,231.13,906.78,363.2,229.1,268.97,464.16,221.72,102.89,3159.99,243.0,94.22,131.85,40.13,58.92,99.91,281.58
20260824,10:08:40,44965.08,40336.98,24171.72,16177.45,123.69,1936.58,311.03,485.24,540.02,108.09,175.53,190.39,102.22,136.19,291.04,123.22,196.95,294.52,2861.35,1518.14,443.1,66.56,231.25,906.97,363.2,229.1,268.98,464.16,221.72,102.88,3160.16,243.0,94.22,131.85,40.13,58.92,99.91,281.58
20260824,10:08:45,44967.59,40339.21,24172.48,16177.63,123.69,1936.58,311.03,485.24,540.02,108.09,175.54,190.37,102.24,136.19,291.04,123.21,196.95,294.52,2861.53,1518.25,443.1,66.59,231.25,906.99,363.2,229.1,268.98,464.2,221.73,102.89,3160.35,243.0,94.22,131.85,40.13,58.92,99.91,281.58
20260824,10:08:50,44965.54,40336.95,24172.74,16177.05,123.69,1936.58,311.03,485.49,539.97,108.08,175.51,190.26,102.23,136.19,291.04,123.21,196.95,294.52,2861.36,1518.16,443.05,66.55,231.51,906.8,363.17,229.1,268.95,464.19,221.72,102.89,3160.59,243.0,94.22,131.82,40.13,58.92,99.81,281.59
20260824,10:08:55,44949.87,40322.33,24160.29,16164.87,123.69,1936.55,309.69,485.23,539.97,108.08,175.5,190.24,102.23,136.19,291.04,123.23,196.93,294.52,2860.48,1518.03,442.8,66.51,231.26,905.68,363.17,229.1,268.95,464.16,221.74,102.89,3160.01,243.0,93.99,131.82,40.13,58.88,99.81,281.59
20260824,10:09:00,44950.91,40323.34,24163.99,16169.13,123.69,1936.55,310.23,485.23,539.94,108.08,175.49,190.22,102.23,136.19,290.86,123.22,196.93,294.52,2860.45,1518.07,442.81,66.47,231.26,905.56,363.17,229.1,268.95,464.17,221.67,102.89,3160.01,243.0,94.1,131.82,40.13,58.88,100.0,281.57
20260824,10:09:05,44941.83,40313.88,24158.8,16161.08,123.69,1936.55,309.14,485.34,540.22,108.08,175.49,190.21,102.23,136.19,290.86,123.21,196.93,294.52,2859.89,1517.82,442.87,66.49,231.14,905.39,363.14,229.1,268.64,464.18,221.66,102.89,3160.57,243.0,93.99,131.82,40.13,58.88,100.0,281.57
20260824,10:09:10,44941.55,40313.61,24161.28,16163.94,123.69,1936.55,309.69,485.34,539.93,108.08,175.49,190.21,102.22,136.19,290.86,123.33,196.93,294.52,2859.8,1517.65,442.85,66.45,231.14,905.4,363.14,229.1,268.95,464.18,221.55,102.89,3160.57,243.0,93.99,131.82,40.13,58.88,100.0,281.59
20260824,10:09:15,44947.11,40319.38,24165.43,16169.93,123.69,1936.55,310.32,485.34,539.93,108.08,175.5,190.21,102.23,135.98,290.86,123.33,196.93,294.52,2860.12,1517.64,442.89,66.45,231.14,906.14,363.15,229.1,268.94,464.19,221.7,102.89,3160.24,243.0,93.99,131.82,40.13,58.9,100.0,281.59
20260824,10:09:20,44950.35,40322.34,24164.76,16168.47,123.69,1936.62,309.79,485.67,540.01,108.08,175.47,190.2,102.21,135.98,290.86,123.35,196.93,294.52,2860.39,1517.81,442.89,66.46,231.39,906.04,363.13,229.1,268.94,464.18,221.93,102.89,3160.42,243.0,93.99,131.81,40.13,58.9,100.0,281.59
20260824,10:09:25,44954.28,40323.37,24176.0,16172.03,123.69,1939.44,310.42,485.67,539.95,108.08,175.47,190.21,102.21,135.98,290.86,123.22,196.93,294.52,2860.39,1517.68,443.0,66.45,231.39,906.3,363.37,229.1,268.94,464.24,221.7,102.88,3162.97,243.0,93.99,132.11,40.13,58.9,100.0,281.57
20260824,10:09:30,44955.95,40327.56,24170.9,16174.74,123.89,1939.44,310.42,485.47,540.02,108.08,175.47,190.2,102.22,135.98,290.86,123.22,196.93,294.54,2860.66,1517.72,442.97,66.45,231.39,906.89,363.06,229.1,268.95,464.24,221.91,102.83,3160.64,243.0,93.99,132.11,40.13,58.91,100.0,281.57
20260824,10:09:35,44955.09,40326.48,24169.39,16172.2,123.76,1938.02,310.42,485.47,539.95,108.08,175.27,190.2,102.06,135.98,290.86,123.23,196.93,294.54,2860.63,1517.68,443.0,66.47,231.39,906.9,363.06,229.1,268.95,464.2,221.84,102.83,3160.86,243.32,94.1,132.11,40.13,58.91,100.0,281.57
20260824,10:09:40,44916.1,40288.55,24172.29,16175.74,124.01,1938.03,310.5,485.3,540.07,108.08,175.3,190.2,102.07,135.98,290.86,123.23,196.93,294.54,2857.49,1515.32,442.86,66.49,231.25,906.93,363.06,229.1,268.95,464.18,221.99,102.83,3160.8,243.0,94.22,132.06,40.13,58.91,100.0,281.57
20260824,10:09:45,44917.35,40289.7,24171.05,16174.09,123.87,1938.03,310.5,485.37,540.07,108.09,175.36,190.2,102.12,135.98,290.86,123.23,196.93,294.54,2857.62,1515.34,442.86,66.49,231.5,906.92,363.36,229.1,268.95,464.23,221.87,102.83,3160.86,243.0,94.1,132.06,40.13,58.91,100.0,281.57
20260824,10:09:50,44920.71,40293.0,24168.73,16171.51,123.86,1938.03,309.96,485.55,540.07,108.09,175.36,190.2,102.12,135.98,290.86,123.23,196.93,294.54,2857.95,1515.43,442.89,66.48,231.5,907.39,363.36,229.1,268.94,464.23,221.96,102.83,3160.84,243.36,94.1,132.06,40.13,58.89,100.0,281.55
20260824,10:09:55,44960.65,40332.55,24168.2,16173.01,123.99,1938.03,309.96,485.29,540.07,108.12,175.29,190.21,102.06,135.98,290.86,123.27,196.91,294.54,2861.1,1517.8,442.95,66.48,231.5,907.5,363.39,229.1,268.94,464.27,222.13,102.87,3160.27,243.36,94.1,132.06,40.13,58.89,100.0,281.55
20260824,10:10:00,44960.62,40332.3,24169.32,16173.56,123.8,1938.03,310.5,485.3,539.93,108.12,175.29,190.24,102.06,135.99,290.86,123.27,196.91,294.57,2861.07,1517.82,443.06,66.48,231.25,907.46,363.41,229.07,268.95,464.27,221.87,102.87,3160.47,243.36,94.09,132.06,40.13,58.89,100.0,281.55
20260824,10:10:05,44920.13,40293.32,24165.12,16170.33,123.93,1938.0,309.88,485.3,539.93,108.11,175.29,190.2,102.07,135.99,290.86,123.28,196.91,294.57,2858.01,1515.48,442.96,66.49,231.25,907.38,363.43,229.07,269.04,464.24,221.99,102.87,3160.03,243.36,94.09,132.06,40.13,58.89,100.0,281.55
20260824,10:10:10,44962.9,40334.8,24165.14,16169.69,123.93,1938.0,309.88,485.24,539.82,108.19,175.29,190.2,102.07,135.99,290.86,123.28,196.91,294.54,2861.36,1518.1,442.95,66.48,231.13,907.41,363.43,229.07,269.04,464.21,221.95,102.87,3160.21,243.36,94.09,132.06,40.13,58.89,100.0,281.55
20260824,10:10:15,44960.91,40331.14,24170.17,16169.73,123.93,1938.0,309.88,485.24,539.63,108.19,175.28,190.19,102.07,135.98,290.86,123.28,196.91,294.54,2861.07,1517.97,443.16,66.5,231.12,906.88,363.41,228.98,269.04,464.17,221.96,102.87,3161.77,243.36,94.21,132.06,40.13,58.87,100.0,281.55
20260824,10:10:20,44959.87,40331.83,24163.88,16168.2,123.8,1938.18,309.88,485.24,539.75,108.19,175.26,190.17,102.05,135.97,290.86,123.28,196.91,294.54,2861.16,1518.04,443.15,66.48,231.24,906.84,363.39,228.98,269.03,464.18,221.91,102.87,3160.22,243.36,94.09,132.06,40.13,58.87,100.0,281.55
20260824,10:10:25,44957.82,40329.59,24165.73,16169.49,123.8,1938.18,309.88,485.5,540.03,108.11,175.29,190.26,102.05,135.97,290.86,123.27,196.91,294.54,2860.95,1518.1,443.17,66.48,231.28,906.1,363.39,228.98,269.04,464.18,221.92,102.87,3160.45,243.36,94.09,132.06,40.13,58.87,100.0,281.56
20260824,10:10:30,44957.57,40329.35,24166.33,16170.22,123.93,1937.96,309.95,485.5,540.03,108.12,175.31,190.34,102.05,135.97,290.86,123.27,196.91,294.54,2860.91,1517.98,443.28,66.49,231.48,906.06,363.4,228.98,269.03,464.23,221.77,102.87,3160.44,243.36,94.21,132.06,40.13,58.87,100.0,281.54
20260824,10:10:35,44959.99,40328.97,24173.72,16169.55,123.8,1937.96,309.87,485.24,540.06,108.1,175.36,190.41,102.08,135.97,290.86,123.27,196.91,294.52,2860.9,1517.99,443.18,66.49,231.48,906.08,363.39,228.98,269.04,464.12,221.92,102.87,3162.93,243.36,94.09,132.06,40.12,58.87,100.0,281.49
20260824,10:10:40,44964.41,40335.37,24171.74,16174.27,123.8,1937.96,310.33,485.28,540.03,108.1,175.36,190.4,102.08,135.97,290.86,123.28,196.9,294.51,2861.3,1518.01,443.2,66.49,231.12,907.27,363.39,228.98,269.04,464.12,222.03,102.87,3161.03,243.36,94.09,132.06,40.12,58.9,100.0,281.54
20260824,10:10:45,44970.75,40341.74,24170.9,16173.94,123.8,1937.96,310.5,485.28,540.0,108.02,175.36,190.37,102.08,135.98,290.86,123.28,197.05,294.5,2861.82,1518.18,443.26,66.47,231.12,907.96,363.39,228.98,269.04,464.12,221.89,102.87,3160.86,243.36,94.09,132.06,40.12,58.9,100.0,281.54
20260824,10:10:50,44969.96,40340.8,24171.47,16174.03,123.8,1937.96,310.5,485.53,539.93,108.02,175.35,190.36,102.08,135.98,290.86,123.29,197.05,294.5,2861.74,1518.14,443.18,66.46,231.12,907.99,363.39,229.07,269.04,464.13,221.89,102.87,3161.01,243.36,94.09,132.06,40.12,58.9,100.0,281.54
20260824,10:10:55,44967.43,40338.41,24172.18,16175.09,123.81,1937.96,310.41,485.53,540.07,108.02,175.37,190.4,102.09,135.98,290.86,123.29,197.05,294.5,2861.53,1517.93,443.24,66.46,231.12,908.04,363.39,229.07,269.05,464.09,222.11,102.87,3160.94,243.36,93.98,132.06,40.12,58.9,100.0,281.54
20260824,10:11:00,44967.35,40338.77,24172.17,16176.57,123.93,1937.96,310.5,485.53,540.05,108.1,175.37,190.39,102.09,135.76,290.86,123.29,197.05,294.5,2861.52,1517.92,443.25,66.47,231.12,908.04,363.39,229.07,269.05,464.09,222.17,102.87,3160.54,243.36,93.99,132.06,40.12,58.9,100.0,281.53
20260824,10:11:05,44966.98,40338.62,24170.03,16174.82,123.93,1937.96,310.04,485.53,540.01,108.1,175.36,190.34,102.09,135.98,290.86,123.3,197.07,294.5,2861.55,1517.95,443.19,66.47,231.12,908.06,363.4,229.05,269.05,464.09,222.32,102.87,3160.35,243.36,93.99,132.06,40.12,58.9,100.0,281.54
20260824,10:11:10,44972.54,40342.95,24181.8,16184.73,123.93,1939.37,310.58,485.53,540.04,108.1,175.36,190.34,102.09,135.76,290.86,123.3,197.07,294.49,2861.66,1517.97,443.25,66.47,231.12,908.26,363.05,229.05,269.06,464.09,222.8,102.87,3161.34,243.36,94.1,132.06,40.12,58.91,100.0,281.54
20260824,10:11:15,44974.57,40345.37,24179.86,16183.96,123.8,1939.37,310.58,485.53,540.04,108.02,175.36,190.34,102.09,135.98,290.86,123.3,197.21,294.49,2861.87,1518.08,443.36,66.48,231.12,908.28,363.05,229.05,269.06,464.09,222.74,102.87,3160.94,243.36,94.1,132.06,40.12,58.91,100.0,281.55
20260824,10:11:20,44975.93,40346.69,24178.5,16182.39,123.8,1937.96,310.58,485.27,540.04,108.18,175.36,190.35,102.09,135.98,290.86,123.29,197.28,294.49,2862.02,1518.08,443.44,66.48,231.37,908.28,363.15,228.81,269.06,464.11,222.6,102.87,3160.94,243.36,94.1,132.06,40.12,58.91,100.01,281.55
20260824,10:11:25,44981.71,40351.89,24185.61,16189.09,123.8,1937.96,311.12,485.53,540.07,108.1,175.38,190.44,102.09,135.98,290.86,123.3,197.28,294.51,2862.27,1518.16,443.36,66.5,231.55,908.52,363.17,228.81,269.07,464.14,222.88,102.87,3161.34,243.36,94.1,132.06,40.12,58.84,100.01,281.55
20260824,10:11:30,44987.19,40357.4,24182.36,16185.94,123.8,1937.96,310.58,485.53,540.17,108.1,175.39,190.44,102.1,136.19,290.86,123.3,197.28,294.51,2862.8,1518.32,443.61,66.54,231.55,908.56,363.19,228.81,269.38,464.24,222.78,102.87,3161.18,243.36,94.22,132.06,40.12,58.84,100.01,281.55
20260824,10:11:35,44989.09,40358.59,24189.31,16191.74,123.8,1939.37,311.21,485.53,540.14,108.18,175.39,190.45,102.1,136.19,290.86,123.38,197.28,294.51,2862.75,1518.22,443.74,66.55,231.42,908.92,363.58,228.81,269.17,464.24,222.77,102.86,3161.78,243.36,94.22,132.06,40.12,58.84,100.01,281.55
20260824,10:11:40,44995.11,40361.68,24199.31,16193.94,123.8,1939.37,311.29,485.53,540.21,108.18,175.46,190.49,102.15,136.19,290.86,123.38,197.28,294.51,2862.95,1518.36,443.8,66.59,231.42,908.83,363.25,228.81,269.21,464.24,222.93,102.86,3164.3,243.36,94.1,132.06,40.12,58.84,100.01,281.55
20260824,10:11:45,44998.78,40365.52,24199.19,16194.69,123.8,1939.37,311.29,485.28,540.22,108.18,175.48,190.52,102.16,136.19,290.86,123.38,196.99,294.51,2863.24,1518.41,444.11,66.58,231.31,909.1,363.26,228.81,269.25,464.23,222.93,102.86,3164.06,243.36,94.22,132.06,40.12,58.86,100.01,281.55
20260824,10:11:50,45000.18,40367.46,24199.01,16196.4,123.93,1938.19,311.29,485.53,540.25,108.21,175.49,190.55,102.16,136.19,290.86,123.38,196.99,294.51,2863.35,1518.48,444.11,66.6,231.31,909.14,363.24,228.81,269.24,464.23,222.97,102.86,3163.54,243.36,94.34,132.06,40.12,58.86,100.01,281.55
20260824,10:11:55,45001.67,40369.12,24200.85,16199.21,123.8,1938.19,311.29,485.53,540.34,108.21,175.69,190.58,102.31,136.19,290.98,123.38,196.99,294.52,2863.42,1518.49,444.11,66.66,231.31,909.15,363.26,228.81,269.24,464.23,222.98,102.84,3163.35,243.36,94.34,132.26,40.12,58.86,100.01,281.55
20260824,10:12:00,45002.14,40369.53,24200.97,16199.22,123.8,1938.42,311.29,485.28,540.34,108.21,175.68,190.55,102.31,136.19,290.98,123.38,196.99,294.52,2863.45,1518.47,444.22,66.64,231.3,909.15,363.59,228.81,269.24,464.27,222.99,102.87,3163.39,243.36,94.34,132.27,40.12,58.86,100.01,281.55
20260824,10:12:05,45004.64,40371.96,24199.34,16197.29,123.8,1938.42,311.29,485.53,540.25,108.21,175.52,190.56,102.18,136.19,290.98,123.34,196.96,294.52,2863.69,1518.45,444.38,66.64,231.55,909.02,363.58,228.81,269.55,464.28,223.1,102.87,3163.4,243.36,94.22,132.3,40.12,58.86,100.01,281.53
20260824,10:12:10,45011.61,40377.93,24203.62,16199.46,123.8,1938.42,311.37,485.53,540.39,108.29,175.54,190.62,102.18,136.19,290.98,123.46,196.93,294.53,2864.12,1518.58,444.67,66.64,231.6,909.29,363.58,228.82,269.56,464.34,223.08,102.87,3164.15,243.36,94.22,132.3,40.12,58.86,100.01,281.53
20260824,10:12:15,45020.46,40384.21,24212.09,16201.39,123.81,1938.39,311.46,485.53,540.42,108.38,175.54,190.62,102.18,136.19,290.98,123.47,196.93,294.53,2864.58,1518.92,444.51,66.64,231.62,909.4,363.89,228.82,269.58,464.4,223.15,102.86,3166.27,243.36,94.22,132.3,40.12,58.86,100.01,281.58
20260824,10:12:20,45017.4,40381.4,24212.62,16202.56,123.81,1938.39,311.46,485.61,540.42,108.38,175.56,190.68,102.19,136.19,290.98,123.35,197.0,294.3,2864.33,1518.77,444.53,66.64,231.37,909.45,363.91,228.82,269.58,464.4,223.26,102.86,3166.12,243.36,94.34,132.3,40.12,58.87,100.01,281.56
20260824,10:12:25,45023.57,40387.16,24217.53,16207.4,123.81,1938.44,311.99,485.61,540.44,108.38,175.6,190.74,102.21,136.19,290.98,123.35,197.0,294.3,2864.68,1518.78,444.53,66.65,231.37,910.23,363.88,228.82,269.58,464.45,223.29,102.86,3166.34,243.36,94.34,132.32,40.12,58.87,100.01,281.57
20260824,10:12:30,45029.55,40392.98,24216.98,16206.71,123.81,1938.39,311.99,485.61,540.55,108.38,175.6,190.73,102.21,136.19,290.98,123.35,197.0,294.3,2865.16,1518.9,444.54,66.65,231.74,911.09,363.58,228.82,269.26,464.42,223.19,102.87,3166.36,243.36,94.34,132.32,40.12,58.87,100.01,281.57
20260824,10:12:35,45027.27,40390.35,24216.69,16205.03,123.81,1938.39,311.74,485.61,540.57,108.38,175.61,190.72,102.21,136.19,290.98,123.35,197.0,294.3,2864.99,1518.83,444.6,66.64,231.74,910.89,363.58,228.82,269.26,464.42,223.19,102.87,3166.72,243.36,94.34,132.32,40.12,58.88,100.01,281.58
20260824,10:12:40,45030.37,40394.03,24215.98,16206.37,123.81,1938.39,311.99,485.61,540.6,108.38,175.59,190.66,102.21,136.19,290.98,123.35,197.0,294.32,2865.25,1518.94,444.74,66.63,231.5,910.85,363.58,228.82,269.57,464.38,223.14,102.87,3166.14,243.36,94.34,132.32,40.12,58.88,100.01,281.58
20260824,10:12:45,45028.08,40392.03,24216.39,16207.66,123.94,1938.62,311.83,485.86,540.6,108.38,175.63,190.69,102.24,136.19,290.98,123.55,197.0,294.31,2865.06,1518.75,444.93,66.63,231.37,910.83,363.91,228.82,269.57,464.38,223.15,102.87,3165.92,243.36,94.34,132.32,40.12,58.88,100.01,281.58
20260824,10:12:50,45029.37,40392.61,24218.59,16207.92,123.94,1938.41,311.83,486.12,540.47,108.46,175.62,190.68,102.24,136.2,290.98,123.55,197.0,294.31,2865.1,1518.76,445.0,66.63,231.37,910.82,363.88,228.82,269.57,464.36,223.19,102.9,3166.53,243.36,94.34,132.32,40.12,58.88,100.01,281.56
20260824,10:12:55,45027.24,40390.56,24218.82,16208.29,123.81,1938.63,311.75,486.46,540.47,108.46,175.63,190.69,102.24,136.2,291.1,123.48,197.0,294.31,2864.93,1518.77,445.0,66.64,231.88,909.93,363.89,228.82,269.57,464.36,223.32,102.9,3166.5,243.36,94.34,132.32,40.12,58.88,100.01,281.56
20260824,10:13:00,45027.1,40390.18,24221.01,16209.97,123.94,1938.63,311.84,486.34,540.47,108.46,175.63,190.69,102.24,136.2,291.1,123.48,197.14,294.31,2864.86,1518.77,445.17,66.65,231.38,909.94,364.13,228.82,269.61,464.38,223.35,102.9,3166.74,243.36,94.34,132.42,40.12,58.88,100.01,281.56
20260824,10:13:05,45030.77,40393.52,24222.53,16210.91,123.81,1938.63,311.84,486.34,540.44,108.54,175.63,190.71,102.24,136.2,291.1,123.49,197.14,294.32,2865.1,1518.77,445.11,66.65,231.38,910.56,364.13,228.82,269.63,464.38,223.46,102.9,3166.95,243.36,94.34,132.42,40.12,58.88,100.01,281.54
20260824,10:13:10,45034.47,40397.14,24220.78,16208.97,123.81,1938.63,311.83,486.34,540.44,108.54,175.64,190.68,102.25,136.2,291.1,123.49,197.14,294.32,2865.44,1518.83,445.36,66.64,231.56,910.77,364.15,228.82,269.63,464.38,223.36,102.9,3166.93,243.36,94.22,132.42,40.12,58.88,100.01,281.54
20260824,10:13:15,45074.64,40435.58,24223.6,16209.88,123.81,1938.63,311.83,486.34,540.44,108.62,175.64,190.68,102.25,136.2,291.1,123.45,197.11,294.32,2868.52,1521.16,445.25,66.67,231.56,910.96,364.15,228.82,269.63,464.44,223.44,102.9,3167.57,243.36,94.22,132.44,40.12,58.88,100.01,281.54
20260824,10:13:20,45079.77,40440.43,24223.96,16209.77,123.81,1938.63,311.91,486.09,540.44,108.7,175.65,190.69,102.25,136.2,291.1,123.49,197.11,294.32,2868.91,1521.23,445.32,66.73,231.56,911.46,364.15,228.82,269.63,464.38,223.24,102.9,3167.71,243.36,94.34,132.44,40.12,58.88,100.01,281.54
20260824,10:13:25,45082.14,40442.82,24222.77,16208.68,123.81,1938.52,311.75,486.36,540.84,108.62,175.64,190.68,102.25,136.2,291.1,123.49,197.11,294.32,2869.13,1521.36,445.44,66.67,231.56,911.58,364.18,228.82,269.63,464.46,223.1,102.9,3167.63,243.36,94.34,132.44,40.12,58.88,100.01,281.55
20260824,10:13:30,45083.43,40444.52,24224.77,16212.46,123.81,1938.52,311.91,486.36,540.84,108.62,175.65,190.7,102.25,136.2,291.1,123.45,197.11,294.32,2869.18,1521.24,445.46,66.7,231.93,911.68,363.93,228.82,269.62,464.43,223.4,102.9,3167.23,243.36,94.34,132.44,40.12,58.88,100.01,281.55
20260824,10:13:35,45083.81,40446.55,24219.04,16211.42,123.81,1938.52,311.83,486.36,540.98,108.63,175.65,190.69,102.25,136.2,290.98,123.45,197.13,294.32,2869.37,1521.39,445.42,66.73,231.93,911.64,363.93,228.82,269.62,464.41,223.4,102.9,3165.72,243.36,94.34,132.44,40.12,58.88,100.01,281.24
20260824,10:13:40,45086.67,40449.48,24218.5,16211.27,123.81,1938.52,311.83,486.36,540.99,108.55,175.66,190.73,102.25,136.2,290.98,123.44,197.14,294.32,2869.61,1521.42,445.42,66.75,232.18,911.86,363.93,228.82,269.61,464.41,223.4,102.9,3165.59,243.36,94.34,132.44,40.12,58.88,100.01,281.24
20260824,10:13:45,45089.18,40451.92,24219.62,16212.56,123.94,1942.75,311.83,486.36,540.99,108.55,175.66,190.74,102.25,136.22,290.86,123.48,197.18,294.32,2869.77,1521.4,445.45,66.75,232.18,912.27,363.98,228.82,269.62,464.44,223.32,102.9,3165.59,243.36,94.34,132.35,40.12,58.87,100.01,281.24
20260824,10:13:50,45096.17,40454.27,24233.09,16213.1,123.94,1942.75,311.84,486.36,541.07,108.56,175.69,190.75,102.28,136.22,290.86,123.45,197.18,294.32,2869.95,1521.55,445.59,66.76,232.06,912.19,363.95,228.82,269.61,464.44,223.32,102.9,3169.66,243.36,94.34,132.35,40.12,58.87,100.01,281.25
20260824,10:13:55,45094.78,40452.9,24233.62,16213.66,123.81,1942.75,311.92,486.1,541.07,108.64,175.66,190.72,102.26,136.22,290.86,123.48,197.18,294.32,2869.82,1521.46,445.42,66.76,232.06,912.34,363.94,228.82,269.62,464.47,223.25,102.9,3169.67,243.36,94.46,132.38,40.12,58.87,100.01,281.25
20260824,10:14:00,45057.4,40418.53,24230.22,16216.65,123.81,1942.77,312.02,486.1,541.25,108.56,175.67,190.74,102.26,136.22,290.86,123.61,197.21,294.32,2866.98,1519.25,445.75,66.76,231.62,912.43,363.95,228.82,269.64,464.47,223.26,102.9,3167.79,243.36,94.46,132.38,40.12,58.87,100.01,281.6
20260824,10:14:05,45100.34,40460.77,24229.72,16217.39,123.81,1941.36,312.03,486.36,541.28,108.65,175.66,190.74,102.25,136.86,290.86,123.57,197.21,294.32,2870.37,1521.74,445.64,66.77,231.75,913.18,363.95,228.82,269.33,464.49,223.26,102.9,3167.44,243.36,94.46,132.38,40.12,58.87,100.01,281.6
20260824,10:14:10,45106.27,40466.22,24234.67,16222.01,123.81,1941.36,312.57,486.43,541.48,108.65,175.67,190.75,102.26,136.65,290.86,123.56,197.36,294.32,2870.7,1521.88,445.7,66.77,232.0,913.26,363.94,228.82,269.32,464.51,223.26,102.9,3167.73,243.36,94.46,132.37,40.12,58.87,100.01,281.6
20260824,10:14:15,45107.6,40467.53,24236.82,16224.52,123.87,1941.36,312.57,486.43,541.48,108.65,175.69,190.72,102.28,136.65,290.86,123.69,197.4,294.32,2870.74,1521.75,445.69,66.78,231.99,913.36,363.96,228.82,269.63,464.51,223.29,102.9,3167.72,243.36,94.58,132.37,40.12,58.87,100.01,281.6
20260824,10:14:20,45109.85,40467.48,24243.18,16224.31,123.87,1941.36,312.57,486.43,541.45,108.65,175.68,190.7,102.28,136.65,290.86,123.57,197.4,294.32,2870.74,1521.84,445.8,66.79,231.62,913.25,363.94,228.82,269.65,464.51,223.37,102.9,3169.77,243.36,94.58,132.37,40.12,58.87,100.01,281.57
20260824,10:14:25,45112.15,40469.12,24242.17,16221.17,124.0,1941.36,312.03,486.43,541.46,108.65,175.69,190.71,102.28,136.65,290.86,123.57,197.42,294.32,2870.95,1521.82,445.74,66.82,232.12,913.35,364.06,228.82,269.65,464.51,223.38,102.9,3170.3,243.34,94.58,132.37,40.12,58.91,100.01,281.57
20260824,10:14:30,45114.95,40471.86,24245.32,16224.8,124.0,1941.36,312.57,486.43,541.51,108.65,175.68,190.72,102.27,136.44,290.86,123.57,197.42,294.32,2871.08,1521.97,445.64,66.79,232.12,913.36,364.08,228.82,269.65,464.55,223.36,102.9,3170.3,243.34,94.58,132.37,40.12,58.91,100.01,281.57
20260824,10:14:35,45113.18,40470.35,24244.65,16224.75,123.87,1941.36,312.57,486.18,541.66,108.72,175.66,190.67,102.27,136.44,290.86,123.57,197.39,294.36,2870.96,1521.99,445.7,66.81,231.62,913.36,364.08,228.82,269.65,464.57,223.35,102.9,3170.11,243.34,94.58,132.38,40.12,58.91,100.01,281.57
20260824,10:14:40,45113.74,40472.87,24235.37,16220.71,123.87,1941.36,312.03,486.18,541.66,108.73,175.64,190.67,102.25,136.44,290.86,123.58,197.39,294.4,2871.26,1521.98,445.89,66.8,231.74,913.37,364.13,228.82,269.97,464.57,223.35,102.9,3168.3,243.34,94.58,132.38,40.12,58.91,100.01,281.6
20260824,10:14:45,45111.65,40470.83,24235.0,16220.28,123.87,1939.95,312.03,486.06,541.66,108.73,175.64,190.66,102.25,136.65,290.86,123.6,197.39,294.4,2871.11,1521.99,445.88,66.82,231.74,913.37,364.13,228.82,269.66,464.67,223.31,102.9,3168.3,243.34,94.58,132.38,40.12,58.91,100.01,281.6
20260824,10:14:50,45113.84,40473.01,24237.06,16222.79,123.87,1940.08,312.57,486.21,541.51,108.73,175.62,190.66,102.24,136.65,290.86,123.72,197.39,294.4,2871.22,1522.03,445.89,66.82,231.74,913.49,364.22,228.82,269.66,464.56,223.08,102.85,3168.27,243.34,94.69,132.38,40.12,58.91,100.0,281.56
20260824,10:14:55,45111.92,40471.55,24235.64,16222.52,123.74,1939.86,312.57,485.97,541.65,108.73,175.63,190.71,102.24,136.65,290.86,123.6,197.39,294.4,2871.11,1521.78,446.04,66.81,231.62,913.98,364.15,228.82,269.67,464.56,223.12,102.85,3167.89,243.36,94.69,132.4,40.12,58.92,100.0,281.56
20260824,10:15:00,45112.24,40471.86,24235.33,16222.17,123.87,1939.86,312.57,486.22,541.65,108.73,175.64,190.73,102.24,136.44,290.86,123.72,197.39,294.4,2871.15,1521.77,446.07,66.8,231.62,914.07,364.13,228.82,269.67,464.56,222.96,102.85,3167.89,243.36,94.69,132.4,40.12,58.92,100.0,281.56
20260824,10:15:05,45109.28,40470.76,24230.65,16222.75,123.81,1939.86,312.48,486.22,541.7,108.73,175.63,190.73,102.24,136.65,290.86,123.6,197.39,294.4,2871.04,1521.82,446.02,66.85,231.62,913.64,364.13,228.82,269.67,464.53,223.1,102.85,3166.27,243.36,94.7,132.5,40.12,58.92,100.0,281.6
20260824,10:15:10,45114.06,40474.09,24229.87,16217.43,123.8,1939.86,311.94,486.22,541.67,108.73,175.65,190.73,102.25,136.65,290.86,123.59,197.39,294.4,2871.44,1521.97,445.85,66.84,231.62,913.89,364.14,228.82,269.99,464.59,222.95,102.85,3167.48,243.36,94.7,132.5,40.12,58.92,100.0,281.6
20260824,10:15:15,45118.92,40477.83,24237.16,16222.45,123.67,1939.86,312.56,486.34,541.84,108.81,175.65,190.74,102.25,136.65,290.86,123.6,197.39,294.4,2871.62,1521.97,445.84,66.82,232.12,913.9,364.14,228.84,269.99,464.57,222.94,102.84,3168.39,243.36,94.7,132.5,40.12,58.92,100.0,281.61
20260824,10:15:20,45114.1,40475.0,24231.02,16221.66,123.67,1939.86,312.49,486.34,541.7,108.73,175.64,190.74,102.23,137.08,290.86,123.6,197.39,294.4,2871.41,1521.98,445.67,66.83,231.74,913.9,364.11,228.84,269.99,464.48,222.93,102.82,3166.69,243.36,94.69,132.6,40.12,58.92,100.0,281.61
20260824,10:15:25,45110.04,40471.48,24229.63,16221.51,123.67,1939.86,312.49,486.34,541.7,108.72,175.65,190.78,102.24,136.86,290.86,123.6,197.43,294.4,2871.13,1521.97,445.67,66.84,231.74,913.24,364.11,228.84,269.98,464.48,222.93,102.85,3166.29,243.36,94.68,132.6,40.12,58.92,100.0,281.61
20260824,10:15:30,45070.83,40433.3,24229.59,16221.57,123.67,1939.86,312.49,486.34,541.8,108.72,175.66,190.78,102.24,136.86,290.86,123.6,197.43,294.4,2868.05,1519.62,445.67,66.86,231.74,913.11,364.17,228.84,270.0,464.49,222.78,102.85,3166.26,243.36,94.8,132.6,40.16,58.92,100.0,281.61
20260824,10:15:35,45067.4,40429.6,24228.83,16219.47,123.67,1939.86,312.41,486.08,541.68,108.8,175.68,190.78,102.26,136.65,290.86,123.6,197.43,294.4,2867.81,1519.51,445.86,66.85,231.74,913.13,364.17,228.84,269.68,464.52,222.76,102.85,3166.6,243.43,94.68,132.6,40.16,58.92,100.0,281.61
20260824,10:15:40,45110.5,40471.65,24228.87,16219.72,123.8,1939.97,312.41,485.97,541.83,108.8,175.68,190.78,102.26,136.65,290.86,123.61,197.43,294.37,2871.19,1521.89,445.81,66.84,232.24,913.01,364.17,229.09,269.99,464.52,222.72,102.85,3166.54,243.38,94.68,132.6,40.16,58.92,100.0,281.62
20260824,10:15:45,45116.85,40471.72,24247.44,16220.58,123.8,1940.2,312.41,485.97,541.8,108.72,175.67,190.79,102.25,136.65,290.86,123.6,197.43,294.37,2871.17,1521.88,445.73,66.85,232.35,912.98,364.17,229.09,269.99,464.56,222.72,102.85,3172.11,243.38,94.8,132.6,40.16,58.94,100.0,281.62
20260824,10:15:50,45116.41,40471.29,24249.33,16222.76,123.8,1940.2,312.49,486.22,541.84,108.72,175.86,190.79,102.41,136.65,290.86,123.59,197.43,294.38,2871.09,1521.88,445.77,66.86,232.12,912.96,363.85,229.09,269.99,464.56,222.72,102.85,3172.11,243.38,94.8,132.6,40.16,58.94,100.0,281.31
20260824,10:15:55,45109.85,40466.03,24245.97,16222.7,123.67,1940.2,312.48,486.3,541.83,108.72,175.84,190.77,102.4,136.65,290.86,123.59,197.43,294.38,2870.66,1521.84,445.82,66.85,231.63,912.49,363.83,229.09,269.99,464.56,222.76,102.85,3171.07,243.38,94.81,132.61,40.16,58.94,100.0,281.31
20260824,10:16:00,45113.52,40469.35,24246.87,16222.87,123.67,1940.2,312.48,486.3,541.82,108.72,175.84,190.77,102.4,136.65,290.86,123.6,197.43,294.38,2870.93,1521.83,445.82,66.88,232.12,912.68,363.84,229.09,269.99,464.57,222.77,102.85,3171.31,243.38,94.81,132.64,40.16,58.94,100.0,281.31
20260824,10:16:05,45110.4,40466.31,24247.34,16223.41,123.67,1940.2,312.47,486.42,542.06,108.72,175.86,190.77,102.41,136.65,290.86,123.6,197.43,294.38,2870.67,1521.9,445.5,66.89,231.87,912.35,364.17,229.09,269.99,464.57,222.74,102.85,3171.31,243.38,94.81,132.62,40.16,58.92,100.0,281.31
20260824,10:16:10,45106.35,40464.34,24240.48,16222.13,123.79,1940.2,312.47,486.42,542.06,108.72,175.66,190.75,102.25,136.65,290.86,123.6,197.43,294.41,2870.54,1521.79,445.5,66.89,231.88,912.36,364.17,229.09,269.99,464.57,222.74,102.85,3169.51,243.38,94.81,132.62,40.16,58.98,100.0,281.31
20260824,10:16:15,45106.44,40464.43,24237.98,16219.26,123.73,1940.2,311.93,486.3,542.06,108.72,175.83,190.75,102.39,136.44,290.86,123.6,197.43,294.41,2870.62,1521.92,445.67,66.89,231.62,912.18,364.19,229.09,269.99,464.57,222.73,102.85,3169.51,243.38,94.81,132.62,40.16,58.97,100.0,281.31
20260824,10:16:20,45105.02,40463.53,24238.23,16221.17,123.73,1940.2,312.47,486.31,542.06,108.72,175.83,190.75,102.39,136.44,290.86,123.59,197.46,294.4,2870.5,1521.81,445.6,66.89,231.62,912.19,364.19,229.09,270.09,464.54,222.74,102.85,3169.07,243.38,94.57,132.62,40.16,58.97,100.0,281.28
20260824,10:16:25,45106.44,40465.17,24234.57,16217.81,123.73,1940.2,311.93,486.06,541.96,108.64,175.83,190.76,102.39,136.44,290.86,123.6,197.46,294.42,2870.71,1521.82,445.6,66.87,231.8,912.55,364.17,229.09,270.09,464.57,222.77,102.85,3168.84,243.38,94.69,132.62,40.16,58.97,100.0,281.28
20260824,10:16:30,45109.46,40468.29,24238.64,16223.1,123.73,1940.2,312.47,486.06,541.93,108.72,175.82,190.74,102.39,136.44,291.06,123.6,197.46,294.43,2870.84,1521.87,445.64,66.87,231.87,912.58,364.19,229.09,270.09,464.53,222.89,102.85,3168.68,243.38,94.69,132.62,40.16,58.98,100.0,281.28
20260824,10:16:35,45111.53,40469.7,24237.32,16219.54,123.73,1940.2,312.47,486.06,541.76,108.72,175.82,190.74,102.39,136.44,291.06,123.6,197.46,294.43,2871.04,1521.96,445.73,66.9,231.87,912.62,364.25,229.09,270.09,464.56,222.59,102.85,3169.23,243.38,94.69,132.62,40.16,58.95,100.0,281.27
20260824,10:16:40,45113.75,40472.29,24236.36,16219.88,123.86,1940.2,312.47,486.06,541.86,108.72,175.83,190.78,102.39,136.45,291.06,123.6,197.44,294.43,2871.24,1522.0,445.75,66.88,231.87,912.97,364.25,229.09,270.1,464.63,222.53,102.84,3168.84,243.38,94.69,132.63,40.16,58.95,100.0,281.27
20260824,10:16:45,45118.1,40476.84,24234.98,16219.31,123.79,1940.2,312.47,486.03,542.01,108.72,175.83,190.79,102.38,136.45,291.06,123.6,197.47,294.43,2871.62,1521.94,446.06,66.89,231.87,913.7,364.25,229.09,270.1,464.66,222.49,102.84,3168.56,243.38,94.69,132.43,40.16,58.95,100.0,281.28
20260824,10:16:50,45125.32,40483.34,24236.26,16219.0,123.79,1940.2,312.48,486.03,541.95,108.73,175.84,190.83,102.38,136.45,291.06,123.6,197.47,294.43,2872.15,1522.02,446.6,66.89,232.24,913.82,364.25,229.09,270.1,464.69,222.48,102.84,3169.05,243.38,94.69,132.33,40.16,58.95,100.0,281.28
20260824,10:16:55,45125.06,40483.5,24235.03,16218.96,123.79,1940.2,312.48,486.04,541.95,108.73,175.82,190.84,102.36,136.45,291.06,123.6,197.62,294.49,2872.16,1522.06,446.6,66.91,231.99,913.92,364.25,229.09,270.1,464.7,222.39,102.84,3168.67,243.38,94.81,132.33,40.16,58.92,100.0,281.28
20260824,10:17:00,45122.36,40480.39,24236.84,16219.45,123.8,1940.2,312.48,486.04,541.95,108.65,175.85,190.84,102.38,136.45,291.06,123.6,197.62,294.49,2871.9,1521.88,446.69,66.9,231.87,913.88,364.25,229.09,270.1,464.7,222.53,102.84,3169.11,243.38,94.69,132.33,40.16,58.92,100.0,281.28
20260824,10:17:05,45124.74,40482.48,24236.2,16217.92,123.79,1940.2,312.39,485.53,541.82,108.65,175.84,190.84,102.38,136.45,291.06,123.6,197.62,294.49,2872.1,1522.03,446.72,66.89,231.89,913.9,364.24,229.09,270.1,464.68,222.56,102.84,3169.32,243.38,94.69,132.33,40.16,58.92,100.0,281.28
20260824,10:17:10,45124.77,40482.28,24236.35,16217.37,123.79,1940.2,312.48,485.77,541.82,108.65,175.84,190.84,102.38,136.45,291.06,123.6,197.62,294.49,2872.1,1522.01,446.69,66.89,231.89,913.96,364.27,229.09,270.1,464.72,222.4,102.84,3169.52,243.38,94.69,132.33,40.16,58.92,100.0,281.28
20260824,10:17:15,45122.97,40480.78,24235.62,16217.35,123.79,1940.2,312.48,485.69,541.82,108.65,175.84,190.84,102.38,136.24,291.06,123.6,197.62,294.49,2871.98,1522.02,446.48,66.89,231.89,913.92,364.32,229.09,270.06,464.69,222.44,102.84,3169.3,243.38,94.69,132.33,40.16,58.93,100.0,281.28
20260824,10:17:20,45123.0,40481.66,24233.75,16218.05,123.79,1940.2,312.39,485.69,541.82,108.67,175.84,190.84,102.38,136.24,291.06,123.6,197.62,294.49,2872.04,1522.02,446.52,66.94,231.89,913.9,364.31,229.09,270.06,464.69,222.58,102.84,3168.52,243.38,94.69,132.33,40.16,58.93,100.0,281.28
20260824,10:17:25,45124.35,40483.4,24232.91,16218.52,123.92,1940.2,312.48,485.77,541.82,108.67,175.84,190.85,102.38,136.23,291.11,123.6,197.62,294.49,2872.16,1522.03,446.52,66.92,232.18,913.95,364.31,229.09,270.07,464.69,222.51,102.84,3168.13,243.38,94.69,132.33,40.16,58.93,100.0,281.26
20260824,10:17:30,45125.45,40484.42,24231.41,16216.6,123.86,1940.2,312.49,485.52,541.82,108.67,175.83,190.82,102.37,136.01,291.11,123.59,197.62,294.49,2872.29,1522.13,446.59,66.94,232.06,913.95,364.31,229.09,270.07,464.73,222.39,102.84,3168.18,243.38,94.69,132.35,40.16,58.93,100.0,281.26
20260824,10:17:35,45126.41,40485.36,24231.53,16216.74,123.73,1940.2,312.49,485.52,541.75,108.67,175.83,190.84,102.37,136.01,291.11,123.57,197.62,294.48,2872.37,1522.13,446.34,66.93,232.06,914.42,364.07,229.09,270.07,464.72,222.39,102.84,3168.18,243.38,94.69,132.35,40.16,58.93,100.0,281.58
20260824,10:17:40,45083.53,40443.95,24229.23,16215.35,123.86,1940.2,312.49,485.52,541.64,108.59,175.83,190.82,102.37,136.23,291.11,123.58,197.62,294.48,2869.06,1519.58,446.29,66.95,232.06,914.46,364.07,229.09,270.06,464.72,222.23,102.84,3167.84,243.38,94.69,132.35,40.16,58.93,100.0,281.58
20260824,10:17:45,45083.69,40444.1,24224.89,16210.35,123.73,1938.79,311.95,485.52,541.64,108.59,175.85,190.87,102.38,136.01,291.23,123.58,197.62,294.48,2869.19,1519.78,446.32,66.95,232.06,914.54,364.07,229.09,269.75,464.72,222.22,102.84,3167.84,243.38,94.69,132.35,40.16,58.93,100.0,281.58
20260824,10:17:50,45085.73,40446.09,24229.31,16215.44,123.73,1940.2,312.49,485.52,541.64,108.67,175.85,190.87,102.38,136.01,291.23,123.61,197.62,294.48,2869.23,1519.83,446.32,66.97,231.88,914.54,364.31,229.09,269.76,464.72,222.24,102.84,3167.84,243.38,94.69,132.32,40.16,58.93,100.0,281.57
20260824,10:17:55,45087.08,40445.57,24233.34,16213.92,123.86,1938.79,312.49,485.52,541.74,108.67,175.85,190.88,102.38,136.01,291.23,123.61,197.64,294.48,2869.23,1519.83,446.32,66.95,231.89,914.56,364.27,229.09,269.76,464.64,222.08,102.84,3169.51,243.38,94.69,132.32,40.14,58.93,100.02,281.57
20260824,10:18:00,45086.71,40444.35,24232.15,16209.7,123.86,1938.79,311.95,485.37,541.74,108.67,175.85,190.88,102.38,136.01,291.23,123.57,197.64,294.48,2869.23,1519.78,446.32,66.95,231.89,914.7,364.39,229.1,269.76,464.73,222.08,102.84,3170.29,243.38,94.69,132.32,40.14,58.93,100.02,281.57
20260824,10:18:05,45076.31,40434.93,24229.25,16208.73,123.73,1938.79,311.95,485.19,541.68,108.67,175.85,190.88,102.38,136.0,291.23,123.59,197.64,294.48,2868.49,1519.55,446.33,66.93,231.89,913.72,364.38,229.1,269.75,464.74,222.06,102.84,3169.64,243.31,94.69,132.33,40.14,58.93,100.02,281.57
20260824,10:18:10,45078.12,40435.46,24232.95,16208.84,123.73,1938.79,311.86,485.19,541.61,108.67,175.85,190.88,102.38,136.21,291.23,123.58,197.64,294.48,2868.53,1519.53,446.49,66.92,231.9,913.69,364.46,229.1,269.75,464.75,222.03,102.84,3170.77,243.32,94.81,132.33,40.14,58.93,100.02,281.57
20260824,10:18:15,45075.41,40432.8,24231.93,16207.65,123.73,1938.67,311.86,485.19,541.68,108.67,175.84,190.88,102.37,136.21,291.23,123.59,197.64,294.48,2868.35,1519.44,446.36,66.92,231.86,913.7,364.46,229.1,269.74,464.75,221.98,102.84,3170.77,243.32,94.81,132.33,40.14,58.93,100.02,281.27
20260824,10:18:20,45075.46,40433.11,24230.51,16206.84,123.73,1938.67,311.86,485.19,541.68,108.67,175.85,190.89,102.37,136.0,291.23,123.58,197.64,294.49,2868.39,1519.43,446.36,66.92,232.11,913.65,364.19,229.35,269.74,464.5,221.97,102.84,3170.55,243.32,94.81,132.33,40.14,58.93,100.03,281.27
20260824,10:18:25,45069.98,40428.62,24224.37,16202.64,123.86,1938.9,311.23,485.19,541.32,108.67,175.84,190.89,102.37,136.0,291.23,123.58,197.64,294.51,2868.13,1519.37,446.34,66.91,232.23,913.16,364.19,229.35,269.74,464.52,222.08,102.84,3169.77,243.32,94.81,132.33,40.14,58.93,100.03,281.27
20260824,10:18:30,45073.16,40431.93,24226.2,16205.45,123.73,1938.9,311.78,485.19,541.52,108.67,175.84,190.89,102.37,136.21,291.23,123.58,197.64,294.54,2868.33,1519.38,446.31,66.91,232.23,913.63,364.18,229.35,269.73,464.54,221.89,102.84,3169.58,243.32,94.81,132.33,40.14,58.93,100.03,281.27
20260824,10:18:35,45071.27,40429.81,24229.0,16207.75,123.73,1938.9,311.78,485.19,541.41,108.67,175.84,190.87,102.37,136.24,291.23,123.62,197.61,294.54,2868.11,1519.52,446.22,66.91,231.86,913.07,364.18,229.35,269.75,464.54,222.07,102.84,3169.83,243.32,94.81,132.33,40.14,58.93,100.03,281.52
20260824,10:18:40,45071.2,40431.78,24224.01,16208.83,123.85,1938.9,311.86,485.19,541.41,108.66,175.83,190.83,102.37,136.24,291.23,123.64,197.61,294.54,2868.24,1519.45,446.24,66.91,231.86,913.54,364.18,229.35,269.79,464.57,222.09,102.84,3167.98,243.35,94.81,132.33,40.14,58.9,100.03,281.52
20260824,10:18:45,45068.79,40429.62,24222.53,16207.77,123.85,1938.9,311.86,485.19,541.25,108.66,175.83,190.82,102.37,136.21,291.23,123.63,197.61,294.51,2868.09,1519.38,446.23,66.91,231.85,913.52,364.03,229.35,269.73,464.59,222.05,102.84,3167.8,243.35,94.81,132.33,40.14,58.9,100.03,281.53
20260824,10:18:50,45068.24,40429.07,24222.23,16207.39,123.85,1938.9,311.86,485.19,541.25,108.59,175.81,190.75,102.38,136.21,291.23,123.63,197.65,294.5,2868.05,1519.33,446.2,66.91,231.85,913.58,364.01,229.35,269.77,464.63,222.04,102.84,3167.82,243.35,94.81,132.33,40.14,58.9,100.03,281.53
20260824,10:18:55,45072.77,40431.63,24226.22,16205.77,123.72,1938.9,311.86,485.2,541.25,108.59,175.78,190.73,102.35,136.21,291.23,123.63,197.65,294.5,2868.3,1519.54,446.12,66.92,231.85,913.59,363.99,229.21,269.77,464.59,222.04,102.84,3169.5,243.4,94.69,132.33,40.14,58.9,100.03,281.53
20260824,10:19:00,45068.31,40428.05,24222.62,16204.15,123.72,1938.9,311.86,484.95,541.25,108.59,175.77,190.77,102.33,136.21,291.23,123.59,197.65,294.5,2868.05,1519.38,446.09,66.9,231.83,913.57,363.99,229.21,269.77,464.59,222.03,102.84,3168.82,243.4,94.69,132.33,40.14,58.9,100.03,281.22
20260824,10:19:05,45069.88,40429.09,24222.57,16202.47,123.72,1939.12,311.86,484.87,541.13,108.58,175.76,190.76,102.33,135.79,291.23,123.59,197.69,294.5,2868.17,1519.49,446.04,66.9,231.85,913.57,364.0,229.21,269.76,464.58,222.03,102.84,3169.26,243.4,94.57,132.43,40.14,58.9,100.03,281.22
20260824,10:19:10,45065.44,40425.19,24220.88,16201.93,123.72,1938.76,311.86,485.2,541.14,108.58,175.76,190.76,102.33,135.79,291.23,123.59,197.65,294.5,2867.87,1519.3,446.37,66.89,232.1,912.95,364.0,229.21,269.72,464.62,221.85,102.84,3168.87,243.4,94.69,132.43,40.14,58.9,100.03,281.22
20260824,10:19:15,45063.81,40423.16,24221.18,16200.84,123.72,1938.76,311.86,485.2,541.06,108.58,175.77,190.77,102.33,135.79,291.23,123.59,197.65,294.5,2867.74,1519.31,446.25,66.92,231.85,912.91,364.0,229.21,269.72,464.62,221.86,102.84,3169.26,243.4,94.57,132.43,40.14,58.9,100.03,281.22
20260824,10:19:20,45064.42,40424.2,24222.81,16204.17,123.72,1939.12,311.86,485.18,541.06,108.67,175.74,190.75,102.32,136.22,291.23,123.64,197.51,294.5,2867.74,1519.18,446.23,66.91,231.83,913.36,364.0,229.21,269.72,464.62,222.01,102.84,3168.87,243.4,94.69,132.42,40.14,58.9,100.03,281.22
20260824,10:19:25,45063.81,40423.48,24222.68,16203.62,123.72,1939.12,311.86,484.93,541.06,108.65,175.74,190.75,102.32,136.22,291.23,123.64,197.51,294.5,2867.69,1519.19,446.17,66.9,231.8,913.32,364.0,229.21,269.72,464.62,221.99,102.84,3168.98,243.4,94.69,132.4,40.14,58.9,100.03,281.22
20260824,10:19:30,45060.05,40419.56,24218.15,16197.55,123.72,1939.12,311.31,484.93,541.06,108.66,175.74,190.73,102.32,136.22,291.23,123.64,197.51,294.5,2867.52,1519.23,446.28,66.9,231.8,912.67,363.99,229.21,269.72,464.62,221.88,102.84,3169.21,243.4,94.57,132.4,40.14,58.9,100.03,281.22
20260824,10:19:35,45059.09,40419.96,24218.93,16202.9,123.85,1938.9,311.77,485.09,541.07,108.66,175.73,190.72,102.32,136.22,291.23,123.64,197.61,294.47,2867.43,1519.17,446.29,66.88,231.8,912.66,363.99,229.21,269.72,464.58,222.04,102.84,3168.0,243.4,94.57,132.4,40.14,58.92,100.03,281.22
20260824,10:19:40,45056.99,40418.31,24218.42,16203.65,123.85,1938.67,311.77,485.34,541.14,108.59,175.73,190.7,102.32,136.22,291.23,123.65,197.61,294.47,2867.28,1519.14,446.15,66.88,231.92,912.46,363.99,229.21,269.71,464.58,222.08,102.84,3167.64,243.4,94.57,132.4,40.14,58.93,100.03,281.24
20260824,10:19:45,45057.04,40418.9,24217.23,16204.07,123.85,1938.73,311.77,485.34,541.14,108.59,175.75,190.72,102.33,136.22,291.23,123.65,197.65,294.47,2867.31,1519.19,446.13,66.88,232.03,912.31,363.96,229.21,269.71,464.58,222.08,102.84,3167.15,243.4,94.57,132.4,40.14,58.94,100.03,281.24
20260824,10:19:50,45049.11,40410.75,24219.61,16205.42,123.85,1938.51,311.86,485.09,541.17,108.59,175.74,190.67,102.34,136.22,291.35,123.65,197.65,294.47,2866.63,1519.18,446.08,66.87,231.85,910.95,363.95,229.21,269.71,464.58,222.08,102.84,3167.53,243.4,94.69,132.4,40.14,58.94,100.03,281.26
20260824,10:19:55,45046.54,40408.87,24217.27,16204.81,123.72,1938.45,311.85,485.1,541.11,108.59,175.74,190.67,102.34,136.01,291.35,123.64,197.65,294.46,2866.49,1519.06,446.04,66.87,231.98,910.93,363.95,229.21,269.71,464.61,222.11,102.84,3166.96,243.4,94.69,132.4,40.14,58.96,100.03,281.26
20260824,10:20:00,45046.32,40408.48,24215.95,16202.69,123.72,1938.45,311.77,485.06,540.89,108.59,175.73,190.62,102.34,136.22,291.35,123.64,197.61,294.48,2866.51,1519.04,446.2,66.86,231.98,910.9,363.89,229.21,269.7,464.58,222.01,102.84,3167.13,243.4,94.69,132.4,40.15,58.96,100.03,281.26
20260824,10:20:05,45085.35,40446.08,24216.95,16202.43,123.72,1938.45,311.77,485.06,540.89,108.49,175.73,190.61,102.34,136.23,291.35,123.63,197.61,294.48,2869.54,1521.39,446.22,66.78,231.98,911.01,363.89,229.21,269.7,464.63,222.0,102.84,3167.51,243.4,94.69,132.4,40.15,58.96,100.03,281.26
20260824,10:20:10,45087.27,40447.26,24219.02,16202.49,123.72,1939.86,311.77,485.31,540.89,108.49,175.76,190.67,102.35,136.23,291.23,123.63,197.61,294.48,2869.64,1521.39,446.3,66.77,231.98,910.77,363.89,229.21,270.02,464.63,221.87,102.84,3168.14,243.4,94.69,132.39,40.15,58.99,100.03,281.26
20260824,10:20:15,45086.05,40445.64,24220.93,16203.22,123.72,1939.86,311.69,485.31,540.89,108.49,175.76,190.65,102.35,136.23,291.23,123.63,197.61,294.49,2869.49,1521.45,446.3,66.71,231.47,910.8,363.89,229.21,270.02,464.63,222.02,102.84,3168.54,243.4,94.69,132.39,40.15,58.99,100.03,281.26
20260824,10:20:20,45084.03,40444.26,24217.91,16201.74,123.72,1939.49,311.6,485.31,540.76,108.49,175.72,190.63,102.33,136.22,291.23,123.63,197.61,294.49,2869.41,1521.5,446.36,66.68,231.48,910.79,363.84,229.21,269.75,464.63,222.03,102.84,3168.0,243.4,94.69,132.39,40.15,58.99,100.03,281.26
20260824,10:20:25,45083.83,40444.16,24214.9,16198.61,123.72,1939.49,311.23,485.31,540.79,108.49,175.71,190.6,102.32,136.22,291.23,123.59,197.61,294.48,2869.48,1521.57,446.42,66.65,231.48,910.77,363.83,229.21,269.71,464.6,222.03,102.84,3167.91,243.4,94.69,132.42,40.15,58.97,100.03,281.26
20260824,10:20:30,45042.95,40404.33,24217.89,16202.06,123.85,1940.08,311.77,485.31,540.79,108.49,175.7,190.58,102.32,136.22,291.23,123.59,197.61,294.48,2866.19,1519.06,446.36,66.62,231.48,910.84,363.81,229.21,269.71,464.55,222.03,102.84,3167.91,243.4,94.57,132.42,40.15,58.97,100.03,281.26
20260824,10:20:35,45043.24,40404.95,24215.97,16200.95,123.72,1940.08,311.69,485.56,540.76,108.49,175.71,190.61,102.32,136.22,291.23,123.59,197.61,294.48,2866.27,1519.1,446.5,66.62,231.48,910.79,363.51,229.21,269.7,464.56,221.86,102.84,3167.61,243.4,94.69,132.43,40.15,59.01,100.03,281.26
20260824,10:20:40,45037.84,40399.25,24217.66,16201.45,123.72,1940.08,311.77,485.56,540.67,108.49,175.71,190.57,102.33,136.22,291.23,123.62,197.61,294.47,2865.79,1518.89,446.26,66.57,231.36,910.77,363.55,229.21,269.7,464.56,221.86,102.84,3168.0,243.44,94.69,132.43,40.15,59.01,100.03,281.26
20260824,10:20:45,45037.0,40400.56,24208.03,16197.5,123.72,1940.08,311.23,485.56,540.67,108.49,175.71,190.6,102.33,136.22,291.23,123.62,197.61,294.47,2866.0,1518.91,446.25,66.56,231.85,910.77,363.54,229.21,269.7,464.56,221.86,102.84,3166.06,243.44,94.69,132.43,40.15,58.99,100.03,281.26
20260824,10:20:50,45040.82,40404.07,24215.11,16204.9,123.85,1940.08,311.77,485.57,540.75,108.49,175.72,190.62,102.33,137.07,291.23,123.62,197.61,294.48,2866.1,1518.99,446.25,66.56,231.85,910.77,363.54,229.21,269.7,464.58,222.02,102.84,3166.26,243.44,94.69,132.43,40.15,58.99,100.03,281.26
20260824,10:20:55,45035.24,40398.88,24213.81,16204.26,123.72,1939.98,311.77,485.57,540.83,108.49,175.73,190.63,102.33,136.85,291.23,123.62,197.61,294.48,2865.7,1518.86,446.14,66.61,231.36,910.61,363.86,229.21,269.71,464.58,222.05,102.84,3166.03,243.12,94.69,132.43,40.15,58.99,100.03,281.26
20260824,10:21:00,45036.43,40400.01,24214.22,16204.64,123.72,1939.98,311.77,485.57,540.86,108.49,175.73,190.63,102.33,136.85,291.37,123.62,197.61,294.48,2865.78,1518.93,446.14,66.61,231.36,910.61,363.84,229.21,269.71,464.59,222.07,102.84,3166.06,243.12,94.69,132.42,40.15,58.99,100.03,281.26
20260824,10:21:05,45033.84,40397.66,24214.81,16205.86,123.85,1939.98,311.76,485.57,540.86,108.49,175.73,190.63,102.33,136.85,291.49,123.62,197.61,294.48,2865.56,1518.85,446.14,66.6,231.37,910.33,363.84,229.21,269.71,464.61,222.01,102.84,3165.91,243.44,94.81,132.42,40.15,58.99,100.03,281.26
20260824,10:21:10,45070.56,40433.44,24209.92,16200.23,123.91,1939.98,311.22,485.06,540.85,108.49,175.73,190.63,102.33,136.85,291.49,123.62,197.61,294.48,2868.58,1521.14,446.25,66.61,231.37,910.32,363.99,228.96,269.71,464.63,221.87,102.85,3165.91,243.44,94.81,132.42,40.15,58.99,100.03,281.26
20260824,10:21:15,45032.44,40396.65,24210.46,16202.05,123.78,1939.98,311.3,485.06,540.85,108.49,175.72,190.61,102.33,136.84,291.49,123.62,197.61,294.5,2865.57,1518.74,446.25,66.62,231.62,910.33,363.99,228.96,269.7,464.57,222.04,102.85,3165.59,243.44,94.81,132.42,40.15,58.99,100.03,281.27
20260824,10:21:20,45034.88,40398.59,24213.52,16204.13,123.78,1939.98,311.85,485.06,540.82,108.49,175.72,190.61,102.33,136.84,291.49,123.62,197.61,294.5,2865.68,1518.75,446.36,66.62,231.73,910.33,363.99,228.96,269.7,464.53,221.86,102.85,3165.98,243.44,94.81,132.42,40.15,58.99,100.03,281.27
20260824,10:21:25,45043.39,40406.3,24216.36,16205.45,123.78,1939.98,311.84,485.06,540.82,108.49,175.72,190.61,102.33,136.84,291.49,123.62,197.61,294.5,2866.27,1519.15,446.33,66.61,231.73,910.53,363.99,229.01,269.71,464.53,222.01,102.85,3166.51,243.44,94.81,132.42,40.15,58.99,100.03,281.27
20260824,10:21:30,45043.58,40407.36,24214.66,16206.43,123.78,1939.98,311.92,485.06,540.82,108.49,175.73,190.62,102.33,137.06,291.49,123.62,197.61,294.5,2866.33,1519.16,446.24,66.62,231.73,910.74,363.99,229.01,269.71,464.53,222.0,102.85,3165.71,243.44,94.81,132.42,40.15,58.99,100.03,281.3
20260824,10:21:35,45043.41,40407.54,24213.37,16206.06,123.78,1939.98,311.93,485.06,540.85,108.51,175.72,190.61,102.33,136.84,291.49,123.58,197.61,294.52,2866.35,1519.21,446.18,66.62,231.73,910.74,363.67,229.01,269.71,464.53,222.0,102.85,3165.41,243.44,94.81,132.42,40.15,58.99,100.03,281.3
20260824,10:21:40,45041.28,40404.65,24213.07,16203.02,123.78,1939.98,311.38,485.57,540.85,108.51,175.72,190.61,102.33,136.84,291.49,123.58,197.61,294.52,2866.19,1519.24,446.19,66.62,231.73,910.27,363.67,229.01,269.71,464.53,222.03,102.86,3166.14,243.44,94.81,132.42,40.15,58.99,100.03,281.3
20260824,10:21:45,45038.9,40402.26,24213.33,16203.08,123.78,1939.98,311.38,485.57,540.85,108.51,175.72,190.61,102.33,136.84,291.49,123.58,197.61,294.52,2866.0,1519.22,446.3,66.62,231.61,909.87,363.67,229.01,269.71,464.52,222.04,102.86,3166.21,243.44,94.81,132.42,40.15,58.99,100.03,281.3
20260824,10:21:50,45047.8,40410.27,24216.37,16204.35,123.78,1939.98,311.38,485.57,540.85,108.51,175.72,190.61,102.33,136.84,291.49,123.58,197.61,294.52,2866.61,1519.23,446.32,66.63,231.6,910.84,363.68,229.01,270.02,464.48,222.06,102.86,3166.81,243.44,94.82,132.42,40.15,59.02,100.04,281.61
20260824,10:21:55,45048.19,40411.09,24218.16,16207.9,123.78,1939.98,311.93,485.57,540.85,108.51,175.71,190.56,102.33,136.84,291.49,123.58,197.61,294.52,2866.59,1519.24,446.41,66.65,231.36,910.86,363.73,229.01,270.02,464.48,222.04,102.86,3166.41,243.44,94.81,132.42,40.15,59.02,100.04,281.61
20260824,10:22:00,45043.43,40406.49,24218.23,16208.09,123.78,1939.98,311.93,485.31,540.85,108.59,175.71,190.56,102.33,136.85,291.49,123.58,197.65,294.52,2866.22,1519.24,446.39,66.64,231.35,910.38,363.98,229.01,269.71,464.48,222.06,102.86,3166.38,243.44,94.81,132.42,40.15,59.02,100.04,281.61
20260824,10:22:05,45043.23,40406.29,24218.57,16208.47,123.78,1939.98,311.93,485.31,540.9,108.59,175.72,190.58,102.33,136.85,291.67,123.59,197.65,294.52,2866.19,1519.23,446.41,66.63,231.35,910.39,363.74,229.01,269.7,464.48,222.06,102.86,3166.38,243.44,94.81,132.42,40.15,59.02,100.04,281.61
20260824,10:22:10,45044.82,40407.82,24219.0,16208.9,123.91,1939.98,311.93,485.31,540.93,108.59,175.72,190.58,102.33,136.64,291.67,123.59,197.69,294.52,2866.31,1519.18,446.41,66.63,231.35,910.8,363.73,229.01,269.7,464.48,222.08,102.86,3166.4,243.44,94.81,132.42,40.15,59.02,100.04,281.61
20260824,10:22:15,45042.11,40405.3,24214.51,16204.14,123.78,1939.98,311.38,485.06,540.95,108.59,175.69,190.58,102.31,136.64,291.67,123.59,197.69,294.52,2866.22,1519.05,446.46,66.64,231.82,910.48,363.96,229.01,269.7,464.48,222.09,102.86,3166.28,243.48,94.81,132.4,40.15,59.02,100.04,281.61
20260824,10:22:20,45045.5,40408.03,24221.64,16210.42,123.72,1939.98,311.93,485.57,540.95,108.59,175.89,190.6,102.47,136.64,291.67,123.59,197.72,294.52,2866.29,1519.13,446.29,66.63,231.82,910.6,363.9,229.01,269.7,464.48,222.05,102.86,3166.81,243.48,94.81,132.4,40.15,59.02,100.04,281.64
20260824,10:22:25,45045.18,40407.94,24220.45,16209.82,123.73,1938.65,311.92,485.56,540.88,108.59,175.89,190.58,102.47,136.64,291.67,123.63,197.72,294.52,2866.29,1519.17,446.36,66.64,231.61,910.61,363.91,229.01,269.69,464.49,222.05,102.86,3166.6,243.48,94.81,132.4,40.15,59.02,100.04,281.64
20260824,10:22:30,45044.34,40406.68,24221.85,16209.93,123.86,1938.65,311.92,485.56,540.88,108.59,175.92,190.59,102.49,136.64,291.67,123.6,197.72,294.54,2866.19,1519.14,446.17,66.62,231.61,910.65,363.91,229.01,269.7,464.49,222.01,102.86,3167.01,243.48,94.81,132.4,40.15,59.02,100.04,281.64
20260824,10:22:35,45044.71,40407.37,24220.68,16209.7,123.73,1938.65,311.92,485.56,540.88,108.59,175.91,190.57,102.49,136.64,291.67,123.59,197.72,294.54,2866.25,1519.15,446.19,66.62,231.61,910.77,363.9,229.01,269.7,464.49,222.04,102.86,3166.7,243.48,94.81,132.4,40.15,59.02,100.04,281.63
20260824,10:22:40,45045.77,40408.52,24220.41,16209.77,123.73,1938.65,311.92,485.56,540.88,108.59,175.92,190.6,102.49,136.66,291.67,123.59,197.72,294.54,2866.34,1519.08,446.17,66.61,231.61,911.22,363.9,229.01,269.7,464.49,222.04,102.86,3166.6,243.48,94.81,132.4,40.15,59.02,100.04,281.63
20260824,10:22:45,45046.31,40409.07,24219.91,16209.27,123.6,1938.65,311.92,485.56,540.88,108.59,175.92,190.6,102.49,136.66,291.67,123.59,197.72,294.54,2866.4,1519.08,446.28,66.62,231.36,911.44,363.9,229.01,269.7,464.49,222.03,102.86,3166.58,243.45,94.81,132.4,40.15,59.02,100.04,281.63
20260824,10:22:50,45044.87,40408.04,24214.5,16204.31,123.6,1938.57,311.29,485.3,540.88,108.59,175.91,190.59,102.49,136.66,291.67,123.59,197.72,294.54,2866.43,1519.16,446.28,66.62,231.11,911.48,363.58,229.01,269.74,464.45,222.03,102.87,3166.24,243.44,94.81,132.4,40.15,59.02,100.04,281.63
20260824,10:22:55,45046.36,40409.24,24218.63,16208.21,123.6,1938.57,311.84,485.3,540.88,108.59,175.92,190.6,102.49,136.66,291.49,123.71,197.72,294.54,2866.44,1519.07,446.28,66.62,231.36,911.55,363.58,229.01,269.74,464.45,222.05,102.87,3166.47,243.44,94.69,132.4,40.15,59.02,100.04,281.63
20260824,10:23:00,45042.19,40404.97,24219.67,16208.73,123.6,1938.57,311.83,485.29,540.83,108.59,175.99,190.6,102.55,136.67,291.49,123.71,197.72,294.54,2866.08,1518.99,446.24,66.61,231.36,911.1,363.58,229.01,269.69,464.39,222.05,102.87,3166.65,243.44,94.69,132.4,40.15,59.02,100.04,281.63
20260824,10:23:05,45042.74,40406.93,24214.19,16207.21,123.72,1939.98,311.83,485.31,540.83,108.59,175.99,190.59,102.55,136.67,291.49,123.59,197.72,294.54,2866.27,1519.04,446.32,66.61,231.61,911.04,363.82,229.01,269.69,464.39,221.98,102.87,3165.35,243.44,94.57,132.4,40.15,59.02,100.04,281.63
20260824,10:23:10,45039.63,40404.47,24215.55,16210.66,123.72,1939.98,311.91,485.31,540.83,108.59,176.0,190.6,102.56,136.67,291.49,123.59,197.72,294.54,2865.99,1519.03,446.3,66.61,230.93,911.02,363.82,229.01,269.7,464.37,221.97,102.87,3164.84,243.44,94.93,132.4,40.15,59.02,100.04,281.63
20260824,10:23:15,45039.62,40404.62,24216.75,16212.56,123.59,1940.04,311.91,485.31,540.98,108.58,175.99,190.58,102.56,136.67,291.49,123.63,197.72,294.54,2865.96,1519.04,446.3,66.62,230.93,910.91,363.82,229.01,269.7,464.36,222.14,102.87,3164.7,243.44,94.93,132.4,40.15,59.02,100.04,281.63
20260824,10:23:20,45040.52,40405.5,24214.25,16209.69,123.59,1940.04,311.92,485.29,540.97,108.58,175.99,190.58,102.56,136.67,291.49,123.64,197.69,294.54,2866.1,1519.12,446.3,66.6,230.93,911.03,363.82,229.01,269.7,464.37,221.83,102.89,3164.7,243.44,94.93,132.4,40.15,59.02,100.04,281.63
20260824,10:23:25,45084.18,40446.54,24219.18,16210.36,123.59,1940.04,311.92,485.29,540.97,108.58,176.01,190.59,102.57,136.67,291.49,123.64,197.69,294.54,2869.39,1521.53,446.27,66.6,231.43,911.04,363.55,229.01,269.71,464.37,221.88,102.89,3166.06,243.44,94.93,132.4,40.15,59.02,100.04,281.63
20260824,10:23:30,45086.33,40448.83,24218.06,16209.72,123.72,1940.04,311.84,485.29,540.97,108.58,176.01,190.59,102.57,136.67,291.49,123.64,197.69,294.54,2869.59,1521.54,446.26,66.58,231.45,911.5,363.55,229.01,269.71,464.37,221.85,102.89,3165.88,243.44,94.93,132.4,40.15,59.02,100.04,281.57
20260824,10:23:35,45082.46,40445.62,24216.96,16210.34,123.78,1940.04,311.84,485.29,540.94,108.58,176.01,190.59,102.57,136.67,291.52,123.64,197.69,294.54,2869.32,1521.55,446.36,66.58,230.96,911.16,363.53,229.01,269.71,464.37,221.81,102.89,3165.37,243.44,95.05,132.4,40.15,59.02,100.04,281.57
20260824,10:23:40,45043.56,40408.35,24215.83,16211.15,123.65,1940.04,311.84,485.37,541.04,108.58,176.0,190.58,102.56,136.67,291.52,123.6,197.69,294.54,2866.29,1519.11,446.36,66.59,231.07,911.38,363.53,229.01,269.71,464.39,221.92,102.89,3164.8,243.44,95.05,132.4,40.15,59.02,100.04,281.58
20260824,10:23:45,45045.89,40410.48,24214.13,16208.7,123.65,1938.85,311.84,485.36,541.15,108.58,175.99,190.57,102.56,136.67,291.52,123.6,197.69,294.51,2866.52,1519.26,446.35,66.57,231.25,911.31,363.51,229.01,269.72,464.4,221.77,102.89,3164.93,243.44,94.93,132.4,40.15,59.04,100.04,281.59
20260824,10:23:50,45050.51,40414.77,24216.83,16211.13,123.78,1938.85,311.84,485.03,541.12,108.58,175.99,190.56,102.56,136.67,291.52,123.6,197.69,294.56,2866.81,1519.28,446.26,66.58,231.13,911.68,363.86,229.01,270.04,464.4,221.92,102.89,3165.11,243.44,95.05,132.4,40.15,59.04,100.04,281.59
20260824,10:23:55,45048.71,40413.62,24213.32,16209.1,123.67,1938.85,311.84,485.03,541.09,108.58,176.0,190.6,102.56,136.67,291.52,123.56,197.69,294.56,2866.77,1519.29,446.26,66.57,231.13,911.6,363.53,229.01,270.04,464.4,221.78,102.89,3164.57,243.44,95.05,132.4,40.15,59.04,100.04,281.58
20260824,10:24:00,45044.75,40410.5,24211.54,16209.52,123.67,1938.85,311.85,485.04,541.09,108.58,176.0,190.58,102.56,136.67,291.52,123.56,197.69,294.59,2866.51,1519.42,446.06,66.6,231.15,911.13,363.53,229.01,269.72,464.34,221.92,102.89,3163.9,243.44,94.93,132.4,40.15,59.04,100.04,281.58
20260824,10:24:05,45045.06,40409.96,24213.88,16209.43,123.67,1938.95,311.86,485.04,541.09,108.58,176.0,190.58,102.56,136.67,291.52,123.56,197.69,294.59,2866.47,1519.3,446.15,66.6,231.15,911.31,363.53,229.01,269.73,464.34,221.9,102.89,3164.65,243.44,94.93,132.4,40.15,59.04,100.04,281.58
20260824,10:24:10,45050.98,40415.74,24212.98,16208.39,123.8,1938.95,311.86,485.29,541.08,108.66,175.92,190.56,102.5,136.67,291.52,123.56,197.69,294.59,2866.96,1519.34,446.15,66.59,231.15,911.95,363.53,229.15,270.05,464.34,221.79,102.89,3164.65,243.44,94.93,132.4,40.15,59.04,100.04,281.58
20260824,10:24:15,45051.35,40415.85,24215.81,16210.84,123.8,1938.95,311.86,485.41,541.08,108.66,175.92,190.59,102.5,136.45,291.52,123.57,197.69,294.59,2866.91,1519.28,446.21,66.59,231.16,911.94,363.54,229.15,270.04,464.31,221.96,102.89,3164.87,243.44,95.05,132.4,40.15,59.04,100.04,281.58
20260824,10:24:20,45047.09,40412.08,24213.6,16209.54,123.8,1938.98,311.86,485.41,540.98,108.66,175.95,190.64,102.51,136.44,291.52,123.57,197.69,294.58,2866.63,1519.29,446.25,66.57,231.15,911.28,363.6,229.15,270.04,464.31,221.94,102.89,3164.53,243.44,94.93,132.4,40.15,59.04,100.04,281.55
20260824,10:24:25,45053.34,40414.29,24225.66,16210.45,123.8,1938.98,311.86,485.15,540.98,108.66,175.95,190.65,102.5,136.44,291.4,123.69,197.69,294.58,2866.79,1519.28,446.09,66.58,231.27,911.71,363.6,229.15,270.03,464.34,221.98,102.89,3168.05,243.44,94.93,132.4,40.15,59.04,100.04,281.56
20260824,10:24:30,45049.22,40412.15,24216.81,16206.54,123.8,1938.99,311.31,485.41,540.99,108.66,175.95,190.66,102.5,136.44,291.25,123.69,197.61,294.56,2866.71,1519.41,446.09,66.59,231.15,911.26,363.6,229.15,270.02,464.32,221.98,102.91,3166.35,243.44,94.93,132.4,40.15,59.04,100.04,281.56
20260824,10:24:35,45049.4,40411.89,24221.45,16210.39,123.74,1938.99,311.93,485.42,540.99,108.66,175.95,190.65,102.5,136.44,291.25,123.65,197.57,294.56,2866.6,1519.32,446.06,66.59,231.15,911.29,363.67,229.15,270.03,464.32,221.97,102.91,3166.76,243.44,94.93,132.4,40.15,59.04,100.04,281.56
20260824,10:24:40,45052.34,40414.47,24217.68,16205.12,123.74,1938.99,311.39,485.3,540.7,108.66,175.94,190.61,102.51,136.44,291.25,123.65,197.57,294.56,2866.93,1519.27,446.14,66.58,231.64,911.71,363.67,229.15,270.02,464.34,221.94,102.91,3167.01,243.44,94.93,132.4,40.15,59.04,100.04,281.56
20260824,10:24:45,45049.95,40411.92,24219.45,16206.41,123.68,1938.99,311.93,485.3,540.7,108.66,175.94,190.61,102.51,136.44,291.25,123.65,197.57,294.56,2866.7,1519.19,446.17,66.59,231.64,911.71,363.99,229.15,269.71,464.28,221.8,102.91,3167.21,243.44,94.81,132.4,40.15,59.04,100.04,281.56
20260824,10:24:50,45044.81,40406.75,24220.1,16206.62,123.68,1938.99,311.94,485.3,540.68,108.66,175.94,190.62,102.51,136.87,291.25,123.68,197.57,294.58,2866.27,1519.19,446.1,66.58,231.15,911.23,364.01,229.15,269.71,464.31,221.81,102.91,3167.36,243.44,94.81,132.4,40.15,59.04,100.04,281.25
20260824,10:24:55,45045.31,40407.02,24222.55,16208.7,123.68,1938.99,311.94,485.05,540.63,108.58,175.94,190.62,102.51,136.87,291.25,123.69,197.57,294.58,2866.25,1519.19,446.05,66.59,231.15,911.22,363.99,229.15,269.71,464.31,221.91,102.91,3167.56,243.44,94.81,132.4,40.15,59.04,100.04,281.86
20260824,10:25:00,45048.93,40410.78,24221.89,16208.75,123.68,1938.99,311.94,484.8,540.56,108.66,175.94,190.62,102.51,136.87,291.25,123.69,197.57,294.58,2866.55,1519.26,446.1,66.59,231.15,911.65,363.91,229.15,269.71,464.31,221.94,102.91,3167.34,243.44,94.81,132.4,40.15,59.04,100.04,281.86
20260824,10:25:05,45052.61,40414.59,24220.89,16208.35,123.68,1939.01,311.94,484.81,540.5,108.66,175.94,190.62,102.51,136.87,291.25,123.69,197.57,294.58,2866.86,1519.5,446.24,66.59,231.15,911.52,363.94,229.15,269.71,464.31,221.92,102.91,3167.13,243.44,94.81,132.4,40.15,59.03,100.04,281.86
20260824,10:25:10,45048.72,40410.8,24222.31,16209.99,123.68,1940.44,311.94,485.32,540.64,108.66,175.94,190.63,102.51,136.87,291.25,123.69,197.57,294.58,2866.52,1519.22,446.25,66.59,231.14,911.52,364.18,229.15,269.72,464.37,221.92,102.91,3167.13,243.44,94.81,132.4,40.15,59.03,100.04,281.86
20260824,10:25:15,45050.79,40412.98,24221.65,16209.75,123.68,1940.44,311.86,485.32,540.75,108.67,175.95,190.64,102.51,136.87,291.25,123.69,197.57,294.58,2866.7,1519.31,446.18,66.58,231.39,911.53,364.18,229.15,269.72,464.36,221.9,102.91,3166.99,243.44,94.81,132.4,40.15,59.03,100.04,281.88
20260824,10:25:20,45049.1,40411.33,24220.96,16208.95,123.68,1940.44,311.94,485.32,540.75,108.67,175.95,190.64,102.51,136.87,291.25,123.69,197.57,294.58,2866.59,1519.19,446.19,66.57,231.51,911.55,364.18,229.15,269.71,464.36,221.75,102.89,3166.99,243.44,94.81,132.4,40.15,59.03,100.04,281.93
20260824,10:25:25,45048.02,40409.91,24221.59,16208.45,123.81,1940.44,311.94,485.31,540.75,108.67,175.95,190.65,102.51,136.66,291.25,123.57,197.57,294.58,2866.48,1519.31,446.11,66.57,231.51,911.09,363.94,229.15,269.7,464.36,221.76,102.89,3167.33,243.44,94.81,132.4,40.15,59.03,100.04,281.93
20260824,10:25:30,45046.45,40408.7,24221.41,16209.31,123.68,1940.74,311.94,485.31,540.75,108.67,175.95,190.6,102.52,136.66,291.25,123.57,197.57,294.58,2866.37,1519.28,446.2,66.58,231.15,911.09,363.94,229.15,269.71,464.36,221.78,102.89,3167.04,243.47,94.93,132.4,40.15,59.03,100.04,281.93
20260824,10:25:35,45047.15,40410.17,24218.51,16208.63,123.68,1940.74,312.03,485.32,540.75,108.59,175.96,190.63,102.52,136.66,291.25,123.59,197.57,294.58,2866.5,1519.35,446.25,66.59,231.15,911.08,364.2,229.15,269.71,464.39,221.72,102.89,3166.32,243.47,94.81,132.4,40.15,59.03,100.04,281.98
20260824,10:25:40,45050.96,40412.71,24223.1,16209.95,123.68,1940.97,311.94,485.23,540.97,108.67,175.96,190.63,102.52,136.66,291.25,123.59,197.57,294.59,2866.67,1519.31,446.2,66.58,231.15,911.28,364.2,229.15,270.02,464.39,221.72,102.89,3167.39,243.47,94.93,132.41,40.15,59.03,100.04,281.94
20260824,10:25:45,45050.89,40412.26,24221.39,16206.71,123.68,1941.42,311.94,485.24,541.02,108.67,175.95,190.57,102.52,136.66,291.4,123.59,197.57,294.37,2866.72,1519.42,446.36,66.59,231.15,911.29,364.2,229.15,269.7,464.39,221.61,102.89,3167.73,243.47,94.69,132.41,40.15,59.03,100.04,281.94
20260824,10:25:50,45050.02,40411.45,24221.57,16207.06,123.68,1941.42,311.94,485.24,541.05,108.67,175.95,190.58,102.52,136.66,291.25,123.59,197.57,294.36,2866.64,1519.37,446.34,66.59,231.15,911.25,364.2,229.15,269.7,464.38,221.65,102.89,3167.7,243.47,94.69,132.41,40.15,59.03,100.04,281.95
20260824,10:25:55,45051.43,40412.57,24223.07,16207.93,123.68,1941.06,311.94,485.24,541.05,108.67,175.95,190.58,102.52,136.66,291.25,123.59,197.57,294.37,2866.71,1519.36,446.12,66.58,231.64,911.26,364.21,229.15,269.7,464.38,221.75,102.89,3167.93,243.47,94.69,132.41,40.15,59.03,100.04,281.95
20260824,10:26:00,45051.11,40412.73,24222.22,16208.55,123.68,1941.06,312.03,485.24,541.05,108.51,175.95,190.58,102.52,136.66,291.25,123.59,197.57,294.37,2866.71,1519.24,446.01,66.58,231.64,911.72,364.2,229.15,269.7,464.38,221.8,102.89,3167.5,243.47,94.69,132.41,40.15,59.03,100.04,281.95
20260824,10:26:05,45089.41,40449.58,24223.78,16208.75,123.68,1941.42,311.94,485.24,541.0,108.67,175.95,190.59,102.52,136.66,291.25,123.71,197.57,294.37,2869.67,1521.73,446.01,66.58,231.64,910.71,364.2,229.15,270.02,464.37,221.76,102.89,3167.93,243.47,94.69,132.41,40.15,59.03,100.04,281.95
20260824,10:26:10,45088.21,40448.41,24228.23,16213.87,123.68,1941.42,312.03,485.31,541.08,108.51,176.54,190.59,103.0,136.67,291.13,123.59,197.57,294.37,2869.46,1521.62,446.23,66.57,231.64,910.69,364.2,229.15,269.75,464.37,221.66,102.89,3167.93,243.47,94.69,132.41,40.15,59.03,100.04,281.95
20260824,10:26:15,45049.73,40409.96,24229.89,16212.58,123.68,1941.42,311.94,484.81,541.08,108.51,176.54,190.59,103.0,136.67,291.13,123.59,197.56,294.37,2866.39,1519.21,446.25,66.57,231.63,910.87,364.2,229.15,269.7,464.37,221.64,102.89,3168.8,243.47,94.69,132.41,40.15,59.03,100.04,281.96
20260824,10:26:20,45050.95,40411.9,24229.62,16214.79,123.81,1941.4,311.95,484.81,541.14,108.59,176.54,190.59,103.0,136.67,291.13,123.59,197.56,294.37,2866.49,1519.3,446.19,66.58,231.63,910.87,364.2,229.15,269.7,464.37,221.77,102.89,3168.11,243.47,94.69,132.41,40.15,59.03,100.04,282.0
20260824,10:26:25,45052.98,40413.75,24229.86,16214.66,123.81,1941.4,311.95,484.81,541.14,108.59,176.54,190.59,103.0,136.67,291.13,123.59,197.56,294.37,2866.64,1519.39,446.07,66.58,231.63,911.1,364.2,229.15,269.7,464.37,221.74,102.89,3168.23,243.47,94.69,132.41,40.15,59.03,100.04,282.05
20260824,10:26:30,45053.25,40414.3,24229.33,16215.01,123.68,1941.4,311.95,484.81,541.14,108.59,176.55,190.62,103.0,136.67,291.13,123.6,197.56,294.38,2866.68,1519.35,446.16,66.59,231.38,911.4,364.21,229.15,269.7,464.37,221.78,102.89,3167.96,243.47,94.69,132.42,40.15,59.05,100.04,282.05
20260824,10:26:35,45053.74,40414.19,24230.11,16213.92,123.68,1941.4,311.95,484.81,541.14,108.58,176.55,190.63,103.0,136.67,291.28,123.59,197.56,294.38,2866.7,1519.31,446.1,66.59,231.38,911.63,364.21,229.15,269.7,464.37,221.66,102.89,3168.5,243.47,94.69,132.42,40.15,59.05,100.04,282.05
20260824,10:26:40,45056.87,40417.17,24233.21,16217.25,123.68,1941.4,311.95,485.05,541.03,108.58,176.56,190.64,103.0,136.67,291.28,123.6,197.66,294.38,2866.86,1519.41,446.18,66.58,231.38,911.63,364.22,229.15,269.7,464.37,221.89,102.89,3168.57,243.47,94.81,132.44,40.15,59.05,100.04,282.06
20260824,10:26:45,45058.05,40418.34,24233.0,16217.08,123.68,1941.34,311.95,485.05,541.03,108.58,176.56,190.63,103.01,136.88,291.28,123.6,197.66,294.38,2866.96,1519.42,446.12,66.58,231.38,911.64,364.22,229.15,269.88,464.21,221.87,102.89,3168.55,243.47,94.81,132.44,40.15,59.05,100.04,282.06
20260824,10:26:50,45056.73,40417.05,24233.94,16218.17,123.68,1941.34,312.5,485.09,540.95,108.58,176.56,190.64,103.01,136.88,291.28,123.6,197.62,294.38,2866.83,1519.42,446.16,66.59,231.14,911.51,364.22,229.15,269.88,464.16,221.61,102.86,3168.55,243.47,94.81,132.44,40.15,59.05,100.04,282.06
20260824,10:26:55,45056.55,40416.78,24233.98,16217.88,123.81,1941.34,312.42,485.1,540.83,108.58,176.56,190.64,103.0,136.67,291.28,123.6,197.62,294.38,2866.81,1519.33,445.99,66.58,231.13,911.95,364.22,229.15,269.88,464.16,221.66,102.86,3168.64,243.47,94.81,132.44,40.15,59.07,100.04,282.06
20260824,10:27:00,45094.12,40453.61,24233.82,16218.41,123.81,1941.34,312.42,485.13,540.73,108.58,176.54,190.57,103.0,136.67,291.28,123.6,197.62,294.38,2869.77,1521.56,445.73,66.58,231.63,911.93,364.22,229.15,269.88,464.16,221.77,102.86,3168.44,243.47,94.81,132.44,40.15,59.07,100.04,282.04
20260824,10:27:05,45053.18,40413.97,24228.66,16213.32,123.81,1941.34,311.87,485.01,540.81,108.57,176.55,190.58,103.01,136.67,291.28,123.6,197.62,294.38,2866.69,1519.17,445.74,66.58,231.63,911.97,364.22,229.15,269.89,464.16,221.61,102.86,3168.21,243.47,94.81,132.44,40.15,59.07,100.04,282.11
20260824,10:27:10,45051.52,40412.57,24227.86,16213.14,123.68,1941.34,311.87,485.27,540.73,108.57,176.55,190.57,103.01,136.67,291.28,123.61,197.62,294.38,2866.59,1519.12,445.92,66.6,231.16,912.07,363.97,229.15,269.89,464.16,221.62,102.86,3168.01,243.49,94.81,132.45,40.15,59.07,100.04,282.11
20260824,10:27:15,45061.02,40421.26,24229.13,16212.71,123.68,1941.34,311.87,485.19,540.73,108.57,176.57,190.55,103.03,136.67,291.28,123.61,197.62,294.38,2867.3,1519.39,445.88,66.6,231.53,912.24,363.98,229.15,270.21,464.16,221.58,102.86,3168.52,243.49,94.81,132.45,40.15,59.05,100.04,282.11
20260824,10:27:20,45058.11,40418.64,24230.25,16214.72,123.81,1941.34,311.96,485.19,540.73,108.49,176.57,190.57,103.03,136.67,291.28,123.61,197.65,294.37,2867.04,1519.41,445.87,66.6,231.52,911.61,363.98,229.15,270.21,464.16,221.73,102.86,3168.33,243.49,94.81,132.45,40.15,59.02,100.04,282.1
20260824,10:27:25,45094.51,40454.1,24228.73,16212.97,123.81,1941.34,311.87,485.19,540.73,108.49,176.58,190.59,103.03,136.67,291.28,123.61,197.65,294.37,2869.94,1521.81,445.87,66.61,231.52,911.43,364.23,229.15,269.88,464.25,221.58,102.86,3168.33,243.49,94.81,132.45,40.15,59.02,100.04,282.1
20260824,10:27:30,45094.34,40453.94,24233.34,16218.28,123.68,1941.34,312.42,485.19,540.73,108.49,176.57,190.59,103.03,136.67,291.28,123.65,197.61,294.37,2869.8,1521.81,445.79,66.62,231.28,911.4,364.23,229.15,269.88,464.31,221.73,102.86,3168.33,243.49,94.81,132.46,40.15,59.02,100.04,282.1
20260824,10:27:35,45088.11,40447.88,24233.5,16218.5,123.68,1942.75,312.42,485.19,540.73,108.49,176.58,190.63,103.03,136.67,291.28,123.65,197.65,294.37,2869.3,1521.48,445.61,66.69,231.16,911.42,364.23,229.15,269.88,464.31,221.71,102.86,3168.32,243.49,94.8,132.45,40.15,59.0,100.04,282.1
20260824,10:27:40,45092.9,40452.62,24231.42,16216.31,123.68,1941.34,312.5,485.19,540.74,108.49,176.59,190.62,103.03,136.67,291.28,123.65,197.65,294.37,2869.74,1521.63,445.97,66.72,231.16,911.56,364.24,229.15,269.88,464.3,221.56,102.86,3168.26,243.49,94.8,132.45,40.15,59.0,100.04,281.8
20260824,10:27:45,45098.79,40458.36,24232.12,16217.12,123.68,1941.34,312.5,485.2,540.74,108.49,176.59,190.61,103.03,136.67,291.28,123.61,197.65,294.37,2870.18,1521.78,445.95,66.73,231.36,911.55,364.24,229.15,270.19,464.3,221.67,102.86,3168.26,243.49,94.8,132.45,40.15,59.0,100.04,281.8
20260824,10:27:50,45097.43,40458.51,24226.93,16216.11,123.68,1941.34,312.5,485.2,540.73,108.49,176.58,190.61,103.02,136.67,291.28,123.61,197.68,294.37,2870.22,1521.93,445.93,66.69,231.11,911.54,363.91,229.15,270.2,464.32,221.57,102.86,3166.91,243.49,94.8,132.45,40.15,59.0,100.04,281.8
20260824,10:27:55,45098.0,40457.4,24231.98,16216.36,123.68,1942.75,312.5,485.24,540.73,108.49,176.58,190.61,103.02,136.67,291.4,123.64,197.68,294.37,2870.12,1521.81,445.98,66.69,231.12,911.6,364.22,229.15,270.2,464.32,221.53,102.86,3168.43,243.49,94.8,132.45,40.15,58.97,100.04,281.8
20260824,10:28:00,45101.79,40459.0,24238.17,16216.47,123.68,1942.75,312.5,485.24,540.86,108.5,176.39,190.61,102.87,136.67,291.4,123.64,197.64,294.37,2870.25,1521.81,445.99,66.71,231.36,911.6,364.22,229.15,270.2,464.3,221.66,102.86,3170.33,243.82,94.8,132.45,40.15,58.97,100.04,281.8
20260824,10:28:05,45055.98,40414.3,24236.54,16214.37,123.68,1941.34,312.49,485.24,540.84,108.5,176.39,190.6,102.87,136.67,291.4,123.64,197.62,294.37,2866.7,1519.22,445.99,66.7,231.3,911.63,364.22,229.15,269.88,464.26,221.63,102.86,3170.39,243.82,94.68,132.45,40.15,58.97,100.04,281.81
20260824,10:28:10,45094.45,40452.0,24237.95,16216.73,123.68,1941.34,312.58,485.24,540.84,108.5,176.4,190.66,102.87,136.67,291.4,123.64,197.62,294.38,2869.68,1521.63,445.98,66.71,231.06,911.5,364.22,229.15,269.88,464.26,221.7,102.86,3170.19,243.82,94.8,132.45,40.15,58.97,100.04,281.76
20260824,10:28:15,45060.55,40418.57,24241.38,16219.36,123.68,1941.34,313.12,485.24,540.84,108.49,176.39,190.62,102.87,136.67,291.4,123.64,197.62,294.38,2866.92,1519.4,445.95,66.68,231.06,911.51,364.22,229.15,270.2,464.26,221.54,102.86,3170.55,243.82,94.8,132.55,40.15,58.97,100.04,281.76
20260824,10:28:20,45055.16,40413.2,24241.88,16219.51,123.68,1941.34,313.12,485.24,540.84,108.49,176.41,190.67,102.87,136.67,291.4,123.64,197.6,294.38,2866.48,1519.27,445.85,66.7,231.06,911.35,364.29,229.15,269.88,464.24,221.53,102.86,3170.66,243.82,94.8,132.55,40.15,58.97,100.04,281.82
20260824,10:28:25,45015.62,40374.8,24241.04,16218.96,123.68,1939.93,313.12,485.24,540.84,108.57,176.41,190.67,102.87,136.67,291.4,123.64,197.6,294.38,2863.4,1516.85,445.85,66.71,231.06,911.46,364.3,229.15,269.88,464.28,221.5,102.86,3170.55,243.82,94.8,132.55,40.15,58.97,100.04,281.84
20260824,10:28:30,45096.38,40453.33,24243.42,16221.18,123.68,1939.93,313.12,485.24,540.84,108.49,176.4,190.67,102.87,136.67,291.4,123.65,197.6,294.38,2869.68,1521.67,445.81,66.71,231.06,911.53,364.34,229.15,269.88,464.29,221.75,102.86,3170.69,243.82,94.8,132.56,40.15,58.97,100.04,281.84
20260824,10:28:35,45098.08,40454.8,24240.52,16217.2,123.68,1938.52,313.1,485.25,540.81,108.49,176.4,190.66,102.87,136.67,291.4,123.65,197.65,294.4,2869.89,1521.8,445.81,66.71,231.19,911.54,364.34,229.15,269.88,464.29,221.4,102.86,3170.86,243.82,94.8,132.56,40.15,58.97,100.04,281.84
20260824,10:28:40,45057.13,40415.26,24239.37,16217.1,123.68,1938.52,313.19,485.25,540.95,108.49,176.39,190.63,102.87,136.67,291.4,123.65,197.65,294.4,2866.71,1519.38,445.81,66.71,231.19,911.42,364.32,229.15,269.88,464.29,221.29,102.86,3170.53,243.82,94.8,132.56,40.15,58.97,100.04,281.84
20260824,10:28:45,45096.72,40454.12,24238.69,16217.28,123.68,1938.58,313.1,485.25,540.93,108.49,176.58,190.63,103.02,136.67,291.4,123.64,197.65,294.38,2869.84,1521.79,445.88,66.7,231.19,911.4,364.32,229.15,269.88,464.29,221.15,102.86,3170.27,243.82,94.8,132.56,40.15,58.99,100.04,281.84
20260824,10:28:50,45096.01,40452.92,24236.48,16213.03,123.68,1938.58,312.56,485.25,540.85,108.57,176.59,190.67,103.02,136.67,291.4,123.64,197.65,294.38,2869.84,1521.79,446.04,66.69,230.94,911.4,364.57,229.15,269.88,464.29,221.11,102.86,3170.73,243.82,94.8,132.56,40.15,58.99,100.04,281.84
20260824,10:28:55,45019.0,40377.54,24241.58,16217.74,123.68,1938.58,313.19,485.25,540.85,108.57,176.6,190.67,103.03,136.67,291.4,123.64,197.69,294.38,2863.65,1516.98,446.03,66.7,230.94,911.58,364.57,229.15,269.87,464.29,221.1,102.86,3171.05,243.82,94.8,132.56,40.15,59.0,100.04,281.85
20260824,10:29:00,45056.38,40413.95,24241.1,16217.15,123.68,1938.58,313.11,485.05,540.85,108.55,176.59,190.65,103.03,136.67,291.4,123.68,197.65,294.38,2866.6,1519.25,445.98,66.7,230.94,911.61,364.57,229.15,269.87,464.35,221.1,102.86,3171.06,243.82,94.8,132.56,40.15,59.0,100.04,281.84
20260824,10:29:05,45059.33,40416.82,24241.06,16217.1,123.68,1938.58,313.11,485.05,540.85,108.55,176.6,190.66,103.04,136.67,291.25,123.64,197.65,294.38,2866.83,1519.26,446.26,66.68,231.19,911.66,364.57,229.15,269.87,464.35,221.11,102.86,3171.06,243.82,94.8,132.56,40.15,59.0,100.04,281.84
20260824,10:29:10,45056.53,40414.49,24236.7,16213.43,123.68,1938.58,312.65,485.04,540.93,108.55,176.6,190.63,103.04,136.67,291.4,123.65,197.65,294.38,2866.73,1519.26,446.34,66.68,230.94,911.56,364.57,229.15,269.87,464.35,221.06,102.86,3170.7,243.82,94.8,132.56,40.15,59.0,100.04,281.84
20260824,10:29:15,45058.49,40416.43,24237.36,16214.27,123.81,1938.58,312.73,484.79,540.78,108.55,176.67,190.63,103.09,136.67,291.4,123.64,197.61,294.38,2866.87,1519.38,446.22,66.7,231.19,911.37,364.58,229.15,269.87,464.35,221.05,102.88,3170.67,243.82,94.8,132.56,40.15,59.0,100.04,281.82
20260824,10:29:20,45057.83,40415.29,24238.34,16213.74,123.68,1938.58,312.73,484.79,540.78,108.55,176.67,190.63,103.09,136.67,291.4,123.64,197.61,294.38,2866.79,1519.24,446.23,66.7,230.94,911.84,364.59,229.15,269.87,464.34,221.05,102.88,3171.12,243.75,94.8,132.53,40.15,59.0,100.04,281.82
20260824,10:29:25,45058.43,40415.85,24242.04,16217.92,123.68,1938.58,313.27,484.79,540.71,108.55,176.67,190.62,103.09,136.66,291.4,123.64,197.61,294.38,2866.74,1519.15,446.29,66.69,230.94,911.93,364.59,229.15,269.87,464.34,221.1,102.88,3171.14,243.75,94.81,132.53,40.15,59.0,100.04,281.82
20260824,10:29:30,45058.39,40415.86,24238.79,16214.33,123.68,1937.39,312.73,484.79,540.68,108.55,176.67,190.61,103.1,136.66,291.4,123.64,197.54,294.39,2866.82,1519.09,446.41,66.71,230.94,912.17,364.59,229.15,269.87,464.34,221.2,102.88,3171.1,243.75,94.81,132.53,40.15,59.0,100.04,281.82
20260824,10:29:35,45100.17,40456.39,24240.72,16215.93,123.68,1937.39,313.36,484.54,540.68,108.55,176.47,190.64,102.93,136.66,291.4,123.64,197.54,294.39,2870.05,1521.61,446.39,66.68,230.94,912.14,364.59,229.15,269.87,464.36,221.07,102.88,3171.27,243.75,94.81,132.74,40.15,59.0,100.04,281.82
20260824,10:29:40,45103.38,40458.54,24243.89,16216.32,123.68,1937.39,313.36,484.79,540.68,108.55,176.47,190.63,102.93,136.66,291.4,123.64,197.54,294.39,2870.21,1521.66,446.39,66.69,231.19,912.09,364.83,229.15,269.87,464.38,221.08,102.88,3172.16,243.75,94.81,132.75,40.17,59.0,100.04,281.82
20260824,10:29:45,45098.43,40454.02,24243.43,16216.8,123.68,1937.39,313.36,484.79,540.68,108.55,176.47,190.63,102.93,136.65,291.25,123.64,197.54,294.39,2869.84,1521.66,446.4,66.69,230.94,911.42,364.83,229.15,269.87,464.38,221.14,102.88,3171.88,243.75,94.81,132.75,40.17,59.0,100.04,281.82
20260824,10:29:50,45099.99,40455.5,24243.72,16217.01,123.68,1937.39,313.28,484.79,540.79,108.47,176.47,190.64,102.93,136.65,291.25,123.64,197.54,294.39,2869.95,1521.44,446.42,66.69,230.94,912.34,364.81,229.15,269.87,464.38,221.2,102.88,3171.92,243.75,94.81,132.75,40.17,59.0,100.04,281.82
20260824,10:29:55,45102.3,40459.54,24238.5,16217.01,123.68,1937.19,313.28,484.79,540.86,108.47,176.47,190.65,102.93,136.65,291.25,123.64,197.54,294.39,2870.28,1521.65,446.53,66.68,230.94,912.34,364.79,229.15,269.88,464.38,221.18,102.88,3170.29,243.75,94.81,132.75,40.17,59.0,100.04,281.83
20260824,10:30:00,45103.64,40458.52,24246.75,16218.7,123.68,1937.19,313.36,484.79,540.78,108.47,176.48,190.66,102.93,136.65,291.25,123.64,197.54,294.39,2870.16,1521.55,446.54,66.64,231.06,912.34,364.79,229.15,269.89,464.4,221.21,102.88,3172.4,243.82,94.81,132.75,40.17,59.0,100.04,282.14
20260824,10:30:05,45111.46,40465.89,24249.72,16221.27,123.81,1937.19,313.36,484.79,540.78,108.47,176.5,190.68,102.94,136.65,291.25,123.64,197.5,294.39,2870.69,1521.63,446.39,66.64,231.31,913.27,364.92,229.15,269.89,464.4,221.43,102.88,3172.63,243.82,94.81,132.75,40.17,59.0,100.04,282.13
20260824,10:30:10,45108.11,40460.56,24254.95,16220.38,123.68,1937.41,313.36,484.79,540.71,108.63,176.5,190.68,102.94,136.65,291.25,123.65,197.5,294.39,2870.28,1521.55,446.45,66.65,230.94,912.81,364.61,229.15,269.89,464.34,221.35,102.88,3174.51,243.82,94.81,132.75,40.17,59.0,100.04,282.13
20260824,10:30:15,45110.89,40463.48,24256.73,16223.17,123.81,1937.41,313.9,484.79,540.7,108.63,176.5,190.72,102.94,136.65,291.25,123.64,197.5,294.41,2870.45,1521.55,446.37,66.65,230.91,913.28,364.75,229.15,269.9,464.34,221.18,102.88,3174.31,243.82,94.81,132.75,40.17,59.0,100.04,282.13
20260824,10:30:20,45108.86,40461.51,24258.39,16225.07,123.81,1937.41,313.91,484.79,540.73,108.63,176.51,190.72,102.95,136.65,291.25,123.65,197.5,294.41,2870.24,1521.56,446.37,66.65,230.91,912.76,364.75,229.18,269.9,464.37,221.36,102.88,3174.31,243.82,94.8,132.75,40.17,59.0,100.04,282.13
20260824,10:30:25,45073.81,40427.86,24257.16,16225.33,123.81,1937.41,313.91,484.79,540.84,108.63,176.52,190.72,102.96,136.65,291.25,123.65,197.5,294.39,2867.52,1519.3,446.43,66.67,231.03,913.06,364.75,229.18,269.91,464.31,221.35,102.88,3173.86,243.82,94.8,132.75,40.17,59.0,100.04,282.13
20260824,10:30:30,45113.12,40465.63,24257.99,16224.51,123.68,1937.46,313.91,484.79,540.81,108.64,176.52,190.71,102.96,136.65,291.11,123.65,197.5,294.39,2870.59,1521.6,446.57,66.67,231.03,913.12,364.73,229.16,269.91,464.31,221.32,102.88,3174.34,243.82,94.8,132.75,40.17,59.0,100.04,282.13
20260824,10:30:35,45108.39,40461.48,24256.7,16224.56,123.68,1937.46,313.91,484.78,540.81,108.66,176.52,190.73,102.96,136.65,291.11,123.64,197.5,294.39,2870.25,1521.52,446.46,66.65,231.03,912.74,364.74,229.16,269.9,464.31,221.32,102.9,3173.92,243.82,94.8,132.74,40.17,59.0,100.04,282.13
20260824,10:30:40,45109.27,40462.27,24257.26,16224.99,123.68,1937.37,313.9,484.53,540.98,108.66,176.53,190.76,102.96,136.65,291.11,123.64,197.5,294.39,2870.31,1521.57,446.45,66.65,231.03,912.7,364.74,229.16,269.9,464.37,221.32,102.9,3173.98,243.78,94.8,132.76,40.17,59.0,100.04,282.13
20260824,10:30:45,45112.84,40465.42,24260.16,16227.21,123.81,1937.49,313.99,484.53,540.98,108.66,176.55,190.75,102.97,136.65,290.99,123.76,197.5,294.4,2870.51,1521.68,446.45,66.65,230.92,912.57,364.74,229.16,270.21,464.37,221.35,102.9,3174.28,243.78,94.8,132.76,40.17,58.99,100.04,282.15
20260824,10:30:50,45116.01,40467.69,24262.25,16226.89,123.68,1937.49,313.99,484.65,540.93,108.66,176.55,190.75,102.97,136.65,290.75,123.64,197.53,294.41,2870.7,1521.72,446.47,66.66,231.28,912.53,364.74,229.16,270.21,464.37,221.43,102.9,3175.02,243.78,94.8,132.76,40.17,58.99,100.04,282.2
20260824,10:30:55,45115.85,40468.05,24261.96,16228.29,123.81,1937.49,313.98,484.65,540.93,108.67,176.55,190.76,102.97,136.65,290.75,123.65,197.53,294.41,2870.69,1521.77,446.41,66.64,231.16,912.55,364.74,229.16,270.21,464.4,221.53,102.9,3174.55,243.78,94.8,132.75,40.17,58.99,100.04,282.21
20260824,10:31:00,45113.09,40465.54,24260.49,16227.21,123.81,1937.26,313.91,484.35,540.93,108.59,176.55,190.74,102.97,136.65,290.89,123.65,197.6,294.41,2870.52,1521.62,446.35,66.65,231.28,912.54,364.68,229.16,270.21,464.35,221.43,102.9,3174.39,243.78,94.92,132.75,40.17,58.99,100.04,282.23
20260824,10:31:05,45112.79,40465.08,24266.6,16233.64,123.81,1937.26,314.62,484.35,541.04,108.59,176.51,190.69,102.95,136.65,290.89,123.67,197.6,294.41,2870.32,1521.69,446.39,66.65,231.04,912.44,364.68,229.16,269.9,464.35,221.44,102.9,3174.55,243.78,95.04,132.77,40.17,58.99,100.04,282.23
20260824,10:31:10,45113.7,40465.97,24266.93,16234.04,123.81,1937.26,314.62,484.86,541.04,108.59,176.5,190.71,102.95,136.65,290.89,123.67,197.6,294.4,2870.39,1521.62,446.26,66.65,231.28,912.73,364.67,229.16,269.9,464.35,221.43,102.9,3174.54,243.78,95.04,132.77,40.17,58.99,100.04,282.23
20260824,10:31:15,45116.33,40468.53,24269.94,16237.51,123.81,1937.26,314.62,484.86,541.04,108.67,176.8,190.75,103.18,136.65,290.89,123.67,197.6,294.41,2870.51,1521.55,446.24,66.66,231.28,912.83,364.68,229.16,270.22,464.35,221.43,102.9,3174.54,243.78,95.04,132.77,40.17,58.99,100.04,282.23
20260824,10:31:20,45114.6,40466.77,24270.28,16237.63,123.81,1937.04,314.62,484.86,541.04,108.67,176.82,190.73,103.2,136.65,290.89,123.68,197.6,294.41,2870.36,1521.54,446.07,66.66,231.29,913.1,364.69,229.16,269.91,464.34,221.43,102.9,3174.62,243.78,95.04,132.77,40.17,58.99,100.04,282.23
20260824,10:31:25,45113.74,40465.99,24265.0,16231.77,123.81,1937.04,314.08,484.86,541.12,108.67,176.82,190.73,103.2,136.65,291.04,123.69,197.6,294.41,2870.44,1521.57,446.15,66.67,231.29,913.11,364.44,229.16,269.92,464.34,221.28,102.9,3174.56,243.78,95.04,132.77,40.17,58.99,100.04,281.93
20260824,10:31:30,45117.56,40469.53,24268.0,16234.6,123.68,1937.04,314.08,484.86,540.97,108.67,177.03,190.76,103.36,136.65,291.04,123.68,197.6,294.4,2870.66,1521.65,446.21,66.67,231.29,913.29,364.51,229.16,269.92,464.34,221.43,102.9,3174.73,243.78,95.04,132.79,40.17,58.99,100.04,281.93
20260824,10:31:35,45122.63,40476.2,24264.9,16236.81,123.68,1937.04,314.62,484.88,540.96,108.68,177.03,190.75,103.36,136.65,291.04,123.69,197.6,294.4,2871.14,1521.66,446.2,66.65,231.29,914.03,364.57,229.16,270.24,464.39,221.23,102.9,3173.16,243.78,95.04,132.79,40.17,58.98,100.04,281.93
20260824,10:31:40,45119.09,40472.91,24264.72,16237.17,123.68,1937.04,314.62,484.81,541.0,108.68,177.03,190.77,103.36,136.65,291.04,123.69,197.6,294.4,2870.87,1521.65,446.2,66.66,231.54,913.57,364.57,229.16,269.92,464.34,221.28,102.9,3173.0,243.78,95.04,132.79,40.17,58.98,100.04,281.93
20260824,10:31:45,45118.44,40472.13,24266.1,16238.24,123.68,1937.04,314.62,484.56,540.98,108.68,177.03,190.75,103.36,136.65,291.04,123.69,197.6,294.4,2870.78,1521.65,446.09,66.67,231.04,913.51,364.57,229.16,270.23,464.34,221.43,102.85,3173.15,243.82,95.04,132.8,40.17,58.98,100.04,281.89
20260824,10:31:50,45122.78,40473.83,24274.96,16239.96,123.68,1937.4,314.54,484.56,541.12,108.69,177.03,190.75,103.36,136.65,291.04,123.71,197.6,294.4,2870.88,1521.66,446.18,66.66,231.29,913.55,364.6,229.16,270.13,464.4,221.6,102.85,3175.44,243.82,95.04,132.8,40.17,58.98,100.04,281.85
20260824,10:31:55,45123.88,40474.9,24272.23,16236.82,123.68,1937.77,313.99,484.56,541.15,108.79,177.04,190.77,103.36,136.65,291.04,123.71,197.6,294.4,2871.04,1521.83,446.09,66.66,231.29,913.48,364.57,229.14,270.14,464.4,221.63,102.85,3175.44,243.82,95.04,132.8,40.17,58.97,100.06,281.86
20260824,10:32:00,45117.21,40469.14,24269.67,16236.37,123.68,1937.77,314.07,484.56,541.1,108.71,177.04,190.75,103.37,136.65,291.04,123.71,197.6,294.4,2870.59,1521.6,446.1,66.67,231.41,913.37,364.57,229.14,269.82,464.4,221.55,102.85,3174.77,243.82,95.04,132.82,40.17,58.97,100.06,281.86
20260824,10:32:05,45120.22,40471.49,24273.92,16239.29,123.69,1937.77,314.62,484.3,541.1,108.71,176.84,190.77,103.2,136.65,291.01,123.71,197.6,294.43,2870.71,1521.58,446.08,66.66,231.41,913.37,364.59,229.14,270.14,464.4,221.69,102.85,3175.3,243.82,95.04,132.82,40.17,58.97,100.06,281.86
20260824,10:32:10,45121.25,40472.23,24274.61,16239.21,123.76,1937.61,314.62,484.56,541.1,108.71,176.84,190.77,103.2,137.29,291.01,123.73,197.6,294.44,2870.77,1521.62,446.07,66.68,231.41,913.33,364.59,229.14,270.17,464.38,221.54,102.85,3175.54,243.82,95.04,132.8,40.17,58.97,100.06,281.86
20260824,10:32:15,45119.02,40470.44,24273.72,16239.48,123.76,1937.84,314.62,484.56,541.1,108.72,176.76,190.75,103.14,136.86,290.95,123.76,197.6,294.44,2870.62,1521.5,446.07,66.7,231.39,913.69,364.6,229.14,269.86,464.37,221.68,102.85,3175.19,243.82,95.04,132.8,40.17,58.97,100.06,281.86
20260824,10:32:20,45118.21,40469.89,24273.58,16240.11,123.69,1937.84,314.62,484.56,541.13,108.81,176.77,190.76,103.15,136.86,290.95,123.8,197.62,294.46,2870.56,1521.44,446.04,66.71,231.39,913.81,364.6,229.14,269.82,464.37,221.66,102.85,3174.98,243.82,95.04,132.9,40.17,58.97,100.06,281.86
20260824,10:32:25,45114.25,40466.33,24270.02,16237.01,123.88,1937.84,313.98,484.68,541.13,108.8,176.82,190.77,103.19,136.86,290.95,123.81,197.62,294.46,2870.34,1521.49,446.04,66.69,231.39,913.21,364.62,229.14,269.82,464.37,221.69,102.85,3174.7,243.82,95.04,132.9,40.17,58.98,100.06,281.87
20260824,10:32:30,45116.79,40469.54,24275.52,16245.82,123.76,1937.84,315.25,484.68,541.13,108.8,176.82,190.77,103.19,136.86,290.77,123.82,197.62,294.46,2870.39,1521.48,445.97,66.7,231.64,913.17,364.61,229.14,269.82,464.37,221.69,102.85,3174.03,243.82,95.04,132.88,40.17,58.97,100.06,281.87
20260824,10:32:35,45121.27,40473.39,24280.93,16250.28,123.76,1937.84,315.35,484.56,541.05,108.81,176.84,190.77,103.2,136.86,290.77,123.82,197.62,294.46,2870.59,1521.48,446.01,66.71,231.64,913.2,364.54,229.14,270.13,464.37,221.99,102.85,3174.51,243.82,95.05,133.18,40.17,58.97,100.06,281.87
20260824,10:32:40,45120.99,40473.26,24283.73,16254.02,123.76,1937.84,315.89,484.82,541.05,108.87,176.84,190.77,103.2,136.86,290.77,123.82,197.62,294.44,2870.49,1521.52,446.08,66.7,231.64,913.2,364.52,229.14,269.82,464.37,221.93,102.85,3174.37,243.82,95.05,133.18,40.17,58.97,100.06,281.87
20260824,10:32:45,45118.31,40470.27,24281.17,16249.8,123.76,1937.84,315.27,484.89,541.05,108.87,176.85,190.79,103.2,136.86,290.77,123.82,197.66,294.44,2870.35,1521.54,445.92,66.69,231.39,913.18,364.48,229.14,269.83,464.29,221.96,102.85,3174.72,243.82,95.05,133.22,40.17,58.95,100.06,281.87
20260824,10:32:50,45120.08,40472.37,24284.76,16255.19,123.76,1937.84,315.82,484.64,541.05,108.89,177.04,190.77,103.36,137.08,290.77,123.82,197.66,294.44,2870.39,1521.62,445.92,66.71,231.39,913.02,364.46,229.14,269.83,464.29,221.91,102.85,3174.38,243.82,95.05,133.12,40.17,58.95,100.07,281.87
20260824,10:32:55,45122.02,40474.26,24283.61,16253.86,123.76,1937.5,315.73,484.64,541.01,108.89,177.04,190.77,103.36,137.08,290.83,123.78,197.74,294.44,2870.58,1521.62,446.14,66.73,231.39,913.2,364.46,229.14,269.82,464.29,221.8,102.85,3174.38,243.82,95.16,133.12,40.17,58.95,100.07,281.82
20260824,10:33:00,45120.16,40472.8,24282.26,16253.47,123.76,1937.5,315.82,484.64,541.17,108.9,176.84,190.77,103.2,137.08,290.83,123.78,197.71,294.44,2870.47,1521.58,446.08,66.79,231.39,913.03,364.48,229.14,269.82,464.26,221.82,102.85,3174.06,243.49,95.16,133.12,40.17,58.95,100.07,282.12
20260824,10:33:05,45121.11,40473.13,24282.83,16252.15,123.76,1937.5,315.82,484.64,541.17,108.93,176.84,190.77,103.2,137.08,290.83,123.78,197.71,294.46,2870.53,1521.65,446.06,66.77,231.39,912.97,364.48,229.14,269.82,464.29,221.82,102.85,3174.6,243.49,95.05,133.12,40.17,58.9,100.07,282.12
20260824,10:33:10,45123.54,40475.86,24282.24,16252.69,123.76,1937.5,315.9,484.96,541.17,108.93,176.84,190.77,103.2,137.08,290.83,123.77,197.71,294.48,2870.73,1521.65,446.08,66.81,231.39,912.99,364.48,229.14,270.12,464.31,221.77,102.85,3174.26,243.49,95.05,133.13,40.17,58.9,100.07,282.11
20260824,10:33:15,45125.14,40477.51,24283.24,16254.13,123.76,1937.5,315.89,484.96,541.17,109.01,176.84,190.77,103.2,137.08,290.83,123.77,197.71,294.48,2870.83,1521.66,445.97,66.83,231.64,913.05,364.48,229.14,270.12,464.31,221.8,102.85,3174.19,243.49,95.16,133.13,40.17,58.9,100.07,282.11
20260824,10:33:20,45125.52,40478.62,24280.46,16253.42,123.76,1937.5,315.89,484.96,541.15,109.01,176.87,190.89,103.2,136.86,290.89,123.78,197.85,294.48,2870.94,1521.67,446.02,66.82,231.64,913.24,364.54,229.14,270.12,464.31,221.8,102.85,3173.51,243.49,95.16,133.13,40.17,58.9,100.07,281.8
20260824,10:33:25,45118.96,40472.17,24276.92,16249.16,123.69,1937.86,315.27,484.96,541.12,109.08,176.87,190.89,103.2,136.86,290.89,123.79,197.82,294.48,2870.52,1521.49,445.91,66.84,231.27,913.2,364.54,229.14,270.13,464.31,221.81,102.85,3173.56,243.49,95.16,133.13,40.17,58.92,100.07,281.8
20260824,10:33:30,45121.73,40474.09,24283.09,16253.63,123.69,1937.86,315.73,484.96,541.12,109.08,176.87,190.89,103.2,136.86,290.89,123.79,197.86,294.48,2870.57,1521.49,445.9,66.81,231.27,913.38,364.55,229.14,270.13,464.28,221.92,102.82,3174.28,243.49,95.16,133.13,40.17,58.92,100.07,281.8
20260824,10:33:35,45123.4,40475.68,24286.25,16257.15,123.69,1937.66,316.27,484.48,541.1,109.08,176.86,190.87,103.2,136.86,290.94,123.8,197.86,294.48,2870.61,1521.5,445.96,66.8,231.27,913.4,364.55,229.14,270.12,464.31,221.91,102.82,3174.31,243.49,95.16,133.23,40.17,58.92,100.07,281.8
20260824,10:33:40,45121.78,40474.85,24284.55,16257.68,123.69,1937.66,316.36,484.48,541.12,109.08,176.87,190.9,103.2,136.86,290.94,123.8,197.86,294.52,2870.53,1521.44,445.97,66.81,231.27,913.38,364.55,229.14,270.13,464.31,221.83,102.85,3173.63,243.49,95.16,133.33,40.17,58.92,100.07,281.8
20260824,10:33:45,45122.25,40475.14,24281.04,16253.12,123.69,1937.66,315.81,484.48,541.17,109.09,176.87,190.9,103.2,136.85,290.94,123.8,197.86,294.52,2870.67,1521.48,446.09,66.85,231.27,913.37,364.56,229.38,270.13,464.29,221.8,102.85,3173.77,243.49,95.16,133.23,40.17,58.92,100.07,281.77
20260824,10:33:50,45121.08,40474.16,24284.1,16257.15,123.69,1937.66,316.36,484.48,541.09,109.17,176.88,190.94,103.2,136.85,290.94,123.8,197.83,294.52,2870.49,1521.5,446.06,66.84,231.27,912.92,364.63,229.38,270.13,464.29,221.8,102.85,3173.63,243.49,95.16,133.23,40.17,58.91,100.07,281.77
20260824,10:33:55,45121.33,40474.43,24285.02,16258.3,123.69,1940.49,316.36,484.48,541.07,109.18,176.88,190.94,103.2,136.85,290.94,123.8,197.83,294.52,2870.48,1521.59,446.04,66.84,231.27,913.05,364.57,229.38,269.83,464.29,221.81,102.86,3173.61,243.49,95.16,133.23,40.17,58.91,100.07,281.77
20260824,10:34:00,45118.75,40471.34,24281.96,16252.87,123.69,1937.66,315.82,484.48,541.12,109.11,176.88,190.94,103.2,136.85,290.94,123.79,197.83,294.52,2870.37,1521.6,446.05,66.84,231.52,912.5,364.58,229.38,269.83,464.3,221.77,102.86,3174.13,243.49,95.16,133.23,40.17,58.91,100.07,281.79
20260824,10:34:05,45117.23,40470.08,24281.14,16252.62,123.82,1937.66,315.82,484.48,541.12,109.1,176.86,190.93,103.19,136.85,290.82,123.8,197.83,294.52,2870.27,1521.63,446.01,66.86,231.27,912.43,364.34,229.38,269.84,464.3,221.77,102.86,3173.94,243.49,95.05,133.44,40.17,58.92,100.07,281.77
20260824,10:34:10,45118.6,40471.2,24282.97,16254.03,123.69,1937.66,316.36,485.12,540.98,109.1,176.85,190.89,103.19,136.85,290.64,123.79,197.83,294.49,2870.33,1521.72,446.02,66.84,231.27,912.3,364.34,229.38,269.84,464.26,221.62,102.86,3174.13,243.49,94.93,133.54,40.17,58.92,100.07,281.76
20260824,10:34:15,45120.9,40473.85,24283.42,16255.92,123.69,1937.66,316.35,485.12,540.98,109.11,176.86,190.93,103.19,136.85,290.64,123.79,197.83,294.49,2870.5,1521.73,445.89,66.86,231.28,912.77,364.35,229.38,269.84,464.26,221.82,102.86,3173.76,243.49,94.93,133.53,40.17,58.92,100.07,281.76
20260824,10:34:20,45124.08,40476.97,24277.13,16248.75,123.69,1937.3,315.72,484.87,540.9,109.11,176.87,190.94,103.19,136.85,290.4,123.79,197.83,294.49,2870.92,1521.73,445.89,66.85,231.4,913.68,364.35,229.19,269.84,464.25,221.63,102.86,3173.74,243.49,94.93,133.53,40.17,58.92,100.07,281.76
20260824,10:34:25,45126.17,40479.42,24278.29,16251.44,123.76,1937.3,315.72,484.98,540.9,109.19,176.86,190.91,103.19,136.85,290.64,123.8,197.83,294.48,2871.05,1521.7,445.89,66.84,231.28,914.21,364.34,229.19,269.84,464.25,221.65,102.86,3173.37,243.49,95.16,133.54,40.17,58.92,100.07,281.76
20260824,10:34:30,45128.7,40481.89,24277.78,16250.89,123.76,1937.3,315.89,484.98,540.9,109.2,176.86,190.89,103.2,136.85,290.52,123.8,197.83,294.48,2871.26,1521.82,445.89,66.85,231.29,914.32,364.34,229.19,269.84,464.25,221.53,102.86,3173.36,243.49,95.05,133.64,40.17,58.93,100.07,281.76
20260824,10:34:35,45131.91,40484.58,24278.7,16250.51,123.76,1937.3,315.89,484.98,540.87,109.12,176.86,190.89,103.2,136.85,290.52,123.8,197.83,294.48,2871.49,1521.8,445.84,66.86,231.29,914.56,364.34,229.19,270.15,464.25,221.57,102.86,3173.75,243.17,95.05,133.65,40.17,58.93,100.07,281.76
20260824,10:34:40,45132.06,40487.25,24271.55,16250.74,123.76,1937.3,315.89,484.87,540.87,109.19,176.85,190.87,103.19,136.85,290.64,123.81,197.83,294.48,2871.7,1521.92,445.92,66.86,231.29,914.53,364.34,229.19,270.19,464.25,221.59,102.86,3171.46,243.17,95.05,133.65,40.17,58.93,100.07,281.76
20260824,10:34:45,45130.34,40485.8,24271.06,16250.91,123.76,1937.3,315.89,484.87,540.86,109.21,176.85,190.88,103.19,136.85,290.64,123.81,197.83,294.48,2871.58,1521.9,445.84,66.87,231.11,914.54,364.34,229.19,270.19,464.25,221.6,102.86,3171.26,243.17,95.05,133.65,40.17,58.93,100.07,281.76
20260824,10:34:50,45125.9,40481.46,24274.7,16255.06,123.63,1937.3,316.43,484.87,540.89,109.13,176.84,190.91,103.17,136.85,290.52,123.81,197.83,294.48,2871.13,1521.92,445.9,66.87,231.11,913.75,364.34,229.19,269.88,464.23,221.61,102.86,3171.27,243.17,95.05,133.65,40.17,58.93,100.07,282.07
20260824,10:34:55,45129.43,40484.9,24271.18,16251.01,123.63,1937.3,315.89,484.87,540.84,109.13,176.84,190.91,103.17,136.85,290.47,123.81,197.83,294.48,2871.5,1522.05,445.9,66.87,231.12,914.17,364.82,229.19,269.89,464.23,221.62,102.86,3171.27,243.17,95.04,133.62,40.17,58.96,100.07,282.05
20260824,10:35:00,45129.89,40485.09,24271.6,16250.64,123.63,1937.3,315.89,484.61,540.84,109.13,176.83,190.89,103.17,136.85,290.47,123.81,197.83,294.48,2871.53,1522.08,445.96,66.87,231.12,914.04,364.82,229.19,269.89,464.23,221.62,102.86,3171.5,243.17,95.04,133.59,40.17,58.96,100.07,282.06
20260824,10:35:05,45131.84,40487.03,24271.93,16251.12,123.76,1937.3,315.89,484.61,540.86,109.13,176.83,190.88,103.17,136.85,290.47,123.81,197.83,294.48,2871.67,1522.09,446.28,66.87,231.3,913.46,364.82,229.19,270.2,464.18,221.63,102.86,3171.47,243.21,95.04,133.6,40.17,58.96,100.07,282.06
20260824,10:35:10,45136.02,40490.72,24276.48,16255.1,123.63,1937.3,316.43,484.61,540.86,109.22,176.84,190.89,103.17,136.85,290.47,123.81,197.86,294.48,2871.87,1522.09,446.35,66.87,231.3,913.88,364.82,229.23,270.21,464.18,221.63,102.86,3171.81,243.21,95.04,133.62,40.17,58.96,100.07,282.06
20260824,10:35:15,45138.59,40492.88,24277.99,16255.68,123.63,1937.3,316.43,484.61,541.09,109.22,176.85,190.94,103.17,136.85,290.47,123.81,197.86,294.48,2872.03,1522.15,446.43,66.88,231.42,913.87,364.83,229.23,270.21,464.18,221.6,102.86,3172.13,243.21,95.04,133.6,40.17,58.96,100.07,282.06
20260824,10:35:20,45140.79,40495.45,24281.88,16261.57,123.63,1937.3,316.98,484.65,541.17,109.21,176.86,190.95,103.18,136.85,290.47,123.82,197.86,294.48,2872.1,1522.16,446.48,66.88,231.42,913.92,364.83,229.23,270.2,464.18,221.77,102.86,3171.74,243.17,95.04,133.6,40.17,58.96,100.07,282.04
20260824,10:35:25,45137.89,40492.59,24281.12,16260.61,123.63,1937.3,316.9,484.65,541.17,109.29,176.93,190.95,103.24,136.85,290.47,123.81,197.83,294.48,2871.89,1521.96,446.5,66.9,231.41,914.01,364.83,229.32,270.2,464.18,221.62,102.84,3171.76,243.17,95.04,133.6,40.17,58.97,100.07,282.05
20260824,10:35:30,45136.75,40491.27,24282.55,16261.54,123.63,1937.3,316.9,484.65,541.47,109.3,176.95,190.95,103.26,136.85,290.47,123.86,197.83,294.48,2871.76,1522.02,446.62,66.94,231.59,913.6,364.83,229.32,269.85,464.18,221.59,102.84,3171.96,243.17,95.04,133.5,40.17,58.97,100.07,282.05
20260824,10:35:35,45137.61,40492.33,24282.05,16261.69,123.76,1937.3,316.97,484.65,541.47,109.23,176.95,190.93,103.26,136.85,290.29,123.85,197.83,294.48,2871.85,1522.01,446.62,66.92,231.84,913.6,364.58,229.32,269.9,464.08,221.59,102.84,3171.76,243.17,95.04,133.4,40.17,58.97,100.07,282.04
20260824,10:35:40,45136.53,40491.64,24275.8,16255.73,123.63,1937.3,316.43,484.48,541.32,109.23,176.94,190.92,103.25,136.85,290.29,123.85,197.83,294.46,2871.93,1522.02,446.71,66.93,231.95,913.58,364.56,229.32,269.9,464.11,221.59,102.84,3171.43,243.17,95.04,133.41,40.17,58.97,100.07,281.73
20260824,10:35:45,45135.27,40489.93,24274.58,16252.73,123.63,1937.3,315.89,484.48,541.32,109.32,176.94,190.92,103.25,136.64,290.29,123.85,197.83,294.46,2871.87,1521.99,446.7,66.93,231.71,913.75,364.56,229.32,269.9,464.11,221.6,102.84,3171.86,243.21,95.15,133.41,40.17,58.97,100.07,281.73
20260824,10:35:50,45131.97,40486.95,24270.44,16248.73,123.63,1937.3,315.34,484.48,541.18,109.32,176.93,190.9,103.25,136.85,290.29,123.81,197.83,294.46,2871.72,1521.97,446.59,66.94,231.71,913.56,364.57,229.32,269.9,464.09,221.55,102.84,3171.65,243.21,95.27,133.41,40.17,58.97,100.07,281.73
20260824,10:35:55,45134.84,40489.53,24275.15,16253.42,123.63,1937.3,315.88,484.48,541.28,109.32,176.94,190.9,103.26,136.85,290.29,123.82,197.87,294.46,2871.82,1522.01,446.59,66.93,231.59,913.78,364.57,229.32,269.9,464.09,221.58,102.84,3171.85,243.17,95.27,133.41,40.17,58.97,100.07,281.73
20260824,10:36:00,45135.66,40489.96,24272.92,16249.6,123.78,1937.3,315.33,484.4,541.27,109.31,176.94,190.9,103.25,136.64,290.29,123.83,197.87,294.46,2871.95,1522.17,446.74,66.89,231.48,913.62,364.59,229.32,269.9,464.05,221.61,102.84,3172.19,243.17,95.27,133.41,40.17,58.97,100.07,281.73
20260824,10:36:05,45138.65,40492.87,24272.38,16248.99,123.65,1937.3,315.33,484.4,541.27,109.34,176.96,190.86,103.28,136.64,290.29,123.83,197.87,294.46,2872.19,1522.2,446.56,66.9,231.6,913.65,364.59,229.32,270.31,464.09,221.55,102.84,3172.19,243.17,95.27,133.41,40.17,58.97,100.07,281.73
20260824,10:36:10,45138.39,40493.0,24276.07,16254.51,123.65,1937.4,315.88,484.4,541.27,109.34,176.96,190.88,103.28,136.64,290.29,123.82,197.87,294.46,2872.07,1522.08,446.57,66.89,231.71,913.63,364.59,229.32,270.3,464.11,221.7,102.84,3171.84,243.17,95.27,133.41,40.17,58.97,100.07,281.71
20260824,10:36:15,45097.5,40452.19,24277.63,16253.08,123.65,1937.4,315.88,484.4,541.27,109.34,176.97,190.88,103.28,136.64,290.29,123.81,197.87,294.46,2868.82,1519.67,446.56,66.89,231.69,913.75,364.59,229.32,269.99,464.08,221.57,102.84,3172.72,243.17,95.27,133.41,40.17,58.97,100.07,281.68
20260824,10:36:20,45097.05,40451.97,24277.44,16253.6,123.65,1937.4,315.88,484.4,541.27,109.32,176.96,190.86,103.28,136.64,290.2,123.81,197.9,294.41,2868.79,1519.66,446.56,66.91,231.69,913.28,364.59,229.32,270.3,464.08,221.65,102.84,3172.52,243.17,95.27,133.41,40.17,58.97,100.07,281.68
20260824,10:36:25,45094.06,40449.07,24273.55,16249.17,123.78,1937.4,315.33,484.4,541.29,109.26,176.96,190.88,103.28,136.64,290.2,123.81,197.9,294.41,2868.66,1519.59,446.67,66.91,231.52,913.24,364.59,229.08,270.3,464.08,221.57,102.84,3172.51,243.17,95.27,133.41,40.17,58.97,100.07,281.68
20260824,10:36:30,45137.56,40491.46,24276.93,16253.06,123.65,1937.4,315.88,484.4,541.24,109.27,176.96,190.87,103.28,136.85,290.2,123.81,197.9,294.41,2871.98,1522.06,446.72,66.9,231.52,913.56,364.58,229.08,270.26,464.08,221.69,102.84,3172.51,243.17,95.15,133.41,40.17,58.97,100.07,281.68
20260824,10:36:35,45131.62,40485.67,24277.74,16253.99,123.65,1937.4,315.88,484.63,541.24,109.27,176.96,190.87,103.28,136.85,290.2,123.81,197.9,294.44,2871.49,1522.06,446.54,66.91,231.4,913.09,364.58,229.08,269.94,464.08,221.76,102.84,3172.51,243.17,95.15,133.41,40.17,58.97,100.07,281.68
20260824,10:36:40,45135.43,40489.4,24275.57,16251.53,123.65,1937.4,315.88,484.63,541.24,109.28,176.96,190.88,103.28,136.85,290.2,123.81,197.88,294.44,2871.85,1522.21,446.61,66.92,231.52,913.17,364.92,229.08,269.98,464.05,221.61,102.84,3172.5,243.17,95.03,133.41,40.17,58.97,100.07,281.68
20260824,10:36:45,45136.83,40490.68,24277.51,16253.48,123.78,1937.4,315.87,484.38,541.28,109.31,176.96,190.88,103.28,136.85,290.2,123.81,197.95,294.43,2871.91,1522.19,446.47,66.92,231.52,913.17,364.92,229.08,270.25,464.04,221.58,102.84,3172.57,243.17,95.27,133.41,40.17,58.97,100.07,281.68
20260824,10:36:50,45134.96,40489.24,24277.58,16254.85,123.59,1937.4,315.87,484.61,541.28,109.3,176.95,190.87,103.28,136.64,290.2,123.85,197.95,294.43,2871.76,1522.16,446.49,66.92,231.52,912.85,364.92,229.08,270.3,464.04,221.87,102.84,3172.22,243.17,95.15,133.41,40.17,58.97,100.07,281.68
20260824,10:36:55,45126.88,40481.13,24278.3,16254.9,123.59,1937.38,315.87,484.61,541.14,109.3,176.95,190.87,103.28,136.64,290.08,123.85,197.95,294.43,2871.11,1521.93,446.55,66.92,231.52,912.0,364.92,229.08,270.24,464.03,221.83,102.84,3172.43,243.17,95.27,133.41,40.17,58.97,100.07,281.68
20260824,10:37:00,45126.52,40481.02,24278.29,16255.68,123.72,1937.38,315.87,484.87,541.14,109.39,176.96,190.88,103.28,136.85,290.08,123.81,197.95,294.43,2871.08,1522.05,446.54,66.9,231.52,912.02,364.92,229.08,269.93,464.02,221.81,102.84,3172.22,243.17,95.27,133.41,40.17,58.97,100.07,281.68
20260824,10:37:05,45123.87,40477.4,24279.91,16254.07,123.72,1937.46,315.87,484.87,541.14,109.31,176.96,190.87,103.28,136.85,290.08,123.85,197.95,294.43,2870.83,1521.91,446.53,66.89,231.39,912.02,364.67,229.08,269.94,464.03,221.73,102.87,3173.16,243.17,95.15,133.41,40.17,58.97,100.07,281.68
20260824,10:37:10,45124.38,40477.68,24276.56,16249.5,123.65,1937.46,315.33,484.87,541.14,109.32,176.96,190.83,103.29,136.85,290.08,123.85,197.95,294.43,2870.96,1521.89,446.64,66.89,231.76,911.98,364.35,229.08,269.94,464.05,221.68,102.87,3173.36,243.17,95.15,133.42,40.17,58.97,100.07,281.68
20260824,10:37:15,45085.69,40440.98,24280.79,16257.68,123.71,1937.09,316.41,484.87,541.14,109.31,176.96,190.83,103.29,136.85,289.9,123.8,197.95,294.43,2867.8,1519.48,446.66,66.9,231.76,911.86,364.67,229.08,269.94,464.05,221.74,102.86,3172.46,243.17,95.15,133.42,40.17,58.97,100.07,281.68
20260824,10:37:20,45084.26,40439.55,24281.46,16258.36,123.65,1937.09,316.58,484.69,541.14,109.31,176.96,190.83,103.29,136.85,289.9,123.8,197.95,294.43,2867.67,1519.49,446.63,66.89,231.76,911.16,364.67,229.08,270.26,464.1,221.71,102.86,3172.48,243.17,95.15,133.42,40.17,58.97,100.07,281.69
20260824,10:37:25,45083.63,40439.1,24280.43,16257.7,123.65,1937.09,316.49,484.69,541.09,109.31,176.97,190.85,103.29,136.86,289.9,123.8,197.95,294.42,2867.65,1519.41,446.58,66.88,231.51,911.65,364.67,229.08,270.25,464.14,221.71,102.86,3172.34,243.17,95.15,133.42,40.17,58.97,100.07,281.69
20260824,10:37:30,45085.24,40440.98,24280.21,16258.51,123.65,1936.87,316.59,484.69,541.23,109.31,176.96,190.83,103.29,136.86,289.9,123.8,197.95,294.42,2867.78,1519.54,446.5,66.89,231.51,911.62,364.67,229.08,270.24,464.12,221.71,102.86,3172.05,243.17,95.15,133.42,40.17,58.97,100.07,281.64
20260824,10:37:35,45081.37,40436.17,24283.59,16258.9,123.65,1939.69,316.5,484.69,541.23,109.32,176.96,190.83,103.29,136.86,289.9,123.8,197.95,294.42,2867.39,1519.43,446.5,66.88,231.39,911.16,364.68,229.08,270.24,464.12,221.7,102.86,3173.0,243.17,95.15,133.42,40.17,58.97,100.07,281.64
20260824,10:37:40,45085.98,40440.04,24282.99,16256.16,123.65,1936.87,316.5,484.69,541.2,109.31,176.96,190.83,103.29,136.86,289.9,123.8,197.95,294.4,2867.76,1519.41,446.5,66.87,231.39,912.12,364.8,229.08,270.24,464.12,221.55,102.86,3173.56,243.17,95.15,133.42,40.17,58.96,100.07,281.64
20260824,10:37:45,45089.27,40443.51,24283.16,16257.21,123.78,1936.87,316.58,484.69,541.2,109.33,176.96,190.82,103.29,136.86,289.9,123.8,197.95,294.4,2868.02,1519.56,446.55,66.88,231.39,912.12,364.86,229.08,270.28,464.12,221.56,102.87,3173.33,243.17,95.15,133.42,40.17,58.96,100.07,281.64
20260824,10:37:50,45089.24,40442.79,24281.22,16252.65,123.65,1936.87,316.05,484.69,541.2,109.32,176.95,190.8,103.29,136.86,290.14,123.82,197.95,294.4,2868.07,1519.47,446.56,66.86,231.39,912.54,364.94,229.08,270.28,464.12,221.52,102.87,3173.96,243.17,95.15,133.42,40.17,58.96,100.07,281.64
20260824,10:37:55,45091.45,40445.32,24283.21,16256.23,123.65,1936.85,316.6,484.69,541.2,109.32,176.95,190.8,103.29,136.86,290.14,123.82,197.95,294.4,2868.19,1519.5,446.5,66.88,231.64,912.53,364.94,229.08,270.28,464.12,221.53,102.87,3173.61,243.17,95.15,133.22,40.17,58.96,100.07,281.64
20260824,10:38:00,45091.86,40445.06,24285.61,16256.77,123.65,1936.85,316.69,484.44,541.2,109.35,176.95,190.8,103.29,136.86,290.14,123.82,197.95,294.4,2868.15,1519.47,446.57,66.88,231.64,912.47,364.94,229.08,270.28,464.16,221.54,102.87,3174.21,243.17,95.15,133.22,40.17,58.96,100.07,281.64
20260824,10:38:05,45089.02,40442.29,24282.15,16252.78,123.65,1936.85,316.14,484.44,541.2,109.33,176.96,190.79,103.29,136.86,290.14,123.82,197.95,294.41,2868.03,1519.47,446.5,66.88,231.39,912.51,364.94,229.08,270.23,464.17,221.52,102.88,3174.21,243.19,95.15,133.22,40.17,58.96,100.07,281.64
20260824,10:38:10,45091.1,40444.55,24281.76,16253.15,123.65,1936.85,316.22,484.44,541.2,109.33,176.96,190.79,103.29,136.86,290.14,123.82,197.95,294.41,2868.2,1519.59,446.59,66.87,231.39,912.5,364.94,229.08,270.23,464.2,221.51,102.88,3173.99,243.19,95.15,133.22,40.17,58.93,100.07,281.64
20260824,10:38:15,45088.97,40442.48,24281.77,16253.15,123.65,1937.04,315.98,484.44,541.24,109.26,176.95,190.79,103.29,136.86,290.26,123.86,197.95,294.41,2868.03,1519.46,446.58,66.87,231.4,912.49,364.94,229.08,270.23,464.2,221.66,102.88,3173.99,243.19,95.15,133.22,40.17,58.95,100.07,281.64
20260824,10:38:20,45088.42,40441.84,24281.12,16252.08,123.65,1937.04,316.06,484.44,541.24,109.26,176.94,190.77,103.29,136.86,290.26,123.82,197.95,294.41,2868.01,1519.46,446.52,66.87,231.4,912.5,364.94,229.08,270.23,464.18,221.51,102.88,3174.08,243.19,95.15,133.22,40.17,58.95,100.07,281.66
20260824,10:38:25,45090.81,40444.62,24280.77,16253.16,123.65,1937.04,316.14,484.44,541.29,109.33,176.94,190.77,103.29,136.86,290.26,123.82,197.95,294.41,2868.21,1519.57,446.69,66.87,231.4,912.47,364.94,229.08,270.23,464.16,221.52,102.88,3173.68,243.19,95.15,133.22,40.17,58.95,100.07,281.71
20260824,10:38:30,45090.97,40445.02,24280.57,16253.77,123.71,1937.04,316.14,484.7,541.36,109.34,176.96,190.85,103.29,136.86,290.26,123.82,197.95,294.41,2868.22,1519.59,446.64,66.88,231.4,912.45,364.94,229.08,270.23,464.16,221.49,102.88,3173.45,243.19,95.15,133.22,40.17,58.95,100.07,281.71
20260824,10:38:35,45088.62,40440.13,24288.28,16253.94,123.71,1937.04,316.14,484.7,541.36,109.34,176.96,190.85,103.29,136.86,290.26,123.82,197.95,294.41,2867.83,1519.47,446.59,66.88,231.4,911.99,364.62,229.08,270.23,464.11,221.52,102.88,3175.81,243.19,95.15,133.22,40.17,58.95,100.07,281.72
20260824,10:38:40,45090.5,40440.92,24296.57,16259.96,123.71,1941.21,316.14,484.68,541.36,109.32,177.15,190.83,103.44,136.86,290.26,123.82,197.95,294.4,2867.74,1519.43,446.58,66.89,231.4,911.99,364.62,229.08,270.19,464.12,221.66,102.88,3176.77,243.19,95.27,133.22,40.17,58.95,100.07,281.72
20260824,10:38:45,45096.67,40447.14,24299.52,16264.05,123.71,1941.21,316.69,484.68,541.36,109.32,177.15,190.83,103.44,136.86,290.26,123.83,197.95,294.4,2868.15,1519.53,446.59,66.88,231.64,912.41,364.55,229.08,270.2,464.12,221.68,102.88,3176.58,243.19,95.27,133.22,40.17,58.93,100.07,281.72
20260824,10:38:50,45092.43,40442.59,24295.56,16258.1,123.71,1941.21,316.15,484.93,541.28,109.33,176.96,190.84,103.29,136.86,290.26,123.83,197.95,294.4,2867.92,1519.43,446.59,66.88,231.39,912.41,364.55,229.08,270.2,464.12,221.68,102.88,3176.96,243.19,95.27,133.22,40.17,58.93,100.07,281.72
20260824,10:38:55,45091.12,40441.31,24296.0,16258.62,123.71,1941.21,316.07,484.93,541.36,109.33,177.15,190.8,103.45,136.86,290.26,123.83,197.95,294.4,2867.81,1519.33,446.74,66.88,231.39,912.3,364.54,229.08,270.19,464.1,221.67,102.88,3176.96,243.19,95.15,133.22,40.17,58.93,100.07,281.72
20260824,10:39:00,45090.27,40441.26,24294.25,16259.21,123.84,1941.21,316.06,484.93,541.36,109.33,177.15,190.81,103.45,136.86,290.26,123.86,197.95,294.4,2867.79,1519.29,446.68,66.87,231.51,912.3,364.54,229.08,270.24,464.1,221.66,102.88,3176.25,243.19,95.15,133.22,40.17,58.93,100.07,281.72
20260824,10:39:05,45092.26,40442.15,24296.9,16258.73,123.84,1941.21,316.06,484.93,541.05,109.41,177.15,190.81,103.45,137.07,290.26,123.86,197.95,294.4,2867.87,1519.29,446.81,66.87,231.51,912.34,364.61,229.08,270.24,464.1,221.64,102.88,3177.21,243.19,95.15,133.22,40.17,58.96,100.07,281.72
20260824,10:39:10,45091.64,40441.22,24297.84,16258.74,123.84,1941.21,316.07,484.93,541.04,109.41,177.15,190.81,103.44,137.07,290.26,123.86,197.95,294.4,2867.8,1519.45,446.81,66.87,231.39,911.83,364.61,229.32,270.2,464.1,221.64,102.89,3177.5,243.19,95.15,133.22,40.17,58.96,100.07,281.72
20260824,10:39:15,45130.82,40479.18,24299.27,16259.66,123.71,1941.21,316.07,484.93,541.19,109.6,177.15,190.81,103.44,137.07,290.26,123.86,197.99,294.4,2870.83,1521.81,446.7,66.87,231.39,911.84,364.94,229.32,270.2,464.1,221.65,102.89,3177.69,243.19,95.15,133.3,40.17,58.96,100.07,281.72
20260824,10:39:20,45131.29,40480.2,24298.03,16260.06,123.84,1941.21,316.07,484.91,541.19,109.71,177.15,190.81,103.44,136.86,290.26,123.85,197.99,294.4,2870.91,1521.8,446.94,66.87,231.51,912.05,364.96,229.32,269.88,464.1,221.64,102.89,3177.19,243.19,95.15,133.33,40.17,58.96,100.07,281.72
20260824,10:39:25,45130.2,40478.73,24300.55,16261.64,123.84,1941.21,316.07,484.91,541.08,109.63,177.15,190.82,103.44,136.86,290.26,123.82,197.85,294.4,2870.75,1521.68,446.95,66.87,231.51,912.06,364.91,229.32,269.89,464.12,221.91,102.89,3177.56,243.19,95.15,133.33,40.17,58.96,100.07,281.72
20260824,10:39:30,45133.89,40482.33,24304.88,16266.62,123.65,1941.11,316.62,484.91,541.08,109.99,177.15,190.82,103.44,136.86,290.26,123.9,197.85,294.4,2870.92,1521.69,446.98,66.86,231.76,912.09,365.16,229.32,269.93,464.12,221.91,102.89,3177.56,243.19,95.15,133.33,40.17,58.96,100.07,281.73
20260824,10:39:35,45136.19,40484.58,24304.92,16266.7,123.78,1941.11,316.62,484.83,541.08,110.05,177.15,190.83,103.44,136.87,290.26,123.88,197.85,294.4,2871.1,1521.68,447.04,66.86,231.76,912.09,365.18,229.32,270.24,464.09,221.91,102.88,3177.55,243.19,95.15,133.23,40.17,58.96,100.07,281.73
20260824,10:39:40,45137.13,40485.5,24301.54,16262.82,123.78,1941.11,316.07,484.83,541.08,110.04,177.16,190.85,103.44,136.87,290.26,123.84,197.85,294.4,2871.27,1521.8,447.12,66.87,231.76,912.08,364.94,229.32,270.24,464.14,221.91,102.88,3177.55,243.19,95.16,133.23,40.17,58.98,100.07,281.73
20260824,10:39:45,45134.2,40482.88,24301.14,16263.14,123.78,1941.11,316.07,484.93,541.08,110.05,177.15,190.81,103.45,136.87,290.26,123.84,197.85,294.4,2871.05,1521.84,447.13,66.87,231.39,912.15,364.94,229.08,269.93,464.18,221.92,102.88,3177.33,243.19,95.16,133.21,40.21,58.98,100.07,281.75
20260824,10:39:50,45134.38,40483.13,24301.47,16263.76,123.65,1941.11,316.15,484.93,541.08,110.2,177.15,190.81,103.44,136.87,290.26,123.84,197.99,294.4,2871.05,1521.85,447.13,66.86,231.39,912.18,364.91,229.08,269.89,464.18,221.9,102.88,3177.27,243.19,95.16,133.21,40.21,58.98,100.07,281.75
20260824,10:39:55,45135.48,40483.61,24303.42,16264.05,123.65,1941.11,316.15,484.68,541.08,110.14,177.15,190.81,103.45,136.87,290.26,123.84,197.99,294.37,2871.09,1521.86,447.11,66.86,231.52,912.19,364.91,229.08,269.88,464.2,221.98,102.88,3177.8,243.19,95.16,133.21,40.21,58.98,100.07,281.75
20260824,10:40:00,45134.61,40483.14,24299.51,16260.8,123.65,1941.11,316.15,484.8,541.08,110.13,177.09,190.81,103.4,136.66,290.26,123.87,197.99,294.34,2871.13,1521.87,447.15,66.87,231.51,912.19,364.91,229.06,269.88,464.18,221.72,102.88,3177.46,243.19,95.16,133.21,40.21,58.98,100.07,281.75
20260824,10:40:05,45131.2,40480.07,24299.28,16261.39,123.65,1941.11,316.07,484.8,541.05,110.17,177.09,190.81,103.4,136.66,290.26,123.87,197.99,294.34,2870.86,1521.71,446.98,66.87,231.51,912.22,364.91,229.06,269.88,464.17,221.83,102.88,3177.23,243.19,95.16,133.21,40.21,58.98,100.07,281.8
20260824,10:40:10,45139.81,40486.37,24308.03,16264.45,123.65,1941.24,316.15,484.8,541.05,110.17,177.09,190.8,103.4,136.66,290.26,123.99,197.99,294.34,2871.3,1521.88,447.05,66.86,231.52,912.2,364.93,229.06,270.23,464.18,221.82,102.88,3179.13,243.19,95.28,133.41,40.21,58.98,100.07,281.85
20260824,10:40:15,45138.85,40484.79,24306.12,16260.13,123.65,1941.24,315.52,484.8,541.05,110.09,177.08,190.77,103.4,136.66,290.26,123.98,197.96,294.34,2871.28,1521.88,447.05,66.85,231.44,912.21,365.17,229.06,270.24,464.18,221.8,102.88,3179.71,243.19,95.28,133.41,40.21,58.98,100.07,282.15
20260824,10:40:20,45142.75,40488.44,24310.41,16264.53,123.65,1941.24,316.15,484.8,541.05,110.07,177.08,190.75,103.4,136.66,290.26,123.82,197.96,294.34,2871.46,1522.07,447.06,66.85,231.44,912.09,364.93,229.06,270.24,464.18,221.92,102.88,3179.85,243.19,95.28,133.41,40.21,58.98,100.07,282.1
20260824,10:40:25,45143.04,40488.88,24309.28,16263.79,123.71,1941.24,316.15,484.75,541.05,110.07,177.07,190.75,103.4,136.66,290.26,123.82,197.96,294.32,2871.52,1522.09,447.14,66.85,231.44,912.1,364.86,229.06,270.24,464.18,221.83,102.88,3179.7,243.19,95.28,133.41,40.21,58.98,100.07,282.11
20260824,10:40:30,45139.77,40486.31,24308.3,16264.71,123.7,1941.24,316.15,484.75,541.05,110.08,177.15,190.76,103.46,136.66,290.26,123.82,197.96,294.32,2871.29,1522.08,447.15,66.85,231.26,911.54,364.86,229.06,270.38,464.21,221.84,102.88,3179.14,243.19,95.28,133.4,40.21,58.98,100.07,282.11
20260824,10:40:35,45143.28,40488.94,24310.18,16264.2,123.7,1940.99,316.15,484.8,541.05,110.0,177.15,190.76,103.46,136.87,290.08,123.82,197.96,294.32,2871.51,1522.07,447.01,66.86,231.49,912.02,364.89,229.06,270.38,464.21,221.81,102.88,3179.87,243.19,95.28,133.4,40.21,58.96,100.07,282.1
20260824,10:40:40,45139.17,40485.74,24311.51,16268.43,123.7,1940.99,316.68,484.92,541.05,110.0,177.17,190.85,103.46,136.87,290.08,123.82,197.96,294.32,2871.15,1522.07,447.11,66.86,231.49,911.53,364.89,229.06,270.03,464.19,221.81,102.88,3179.14,243.19,95.28,133.4,40.21,58.96,100.07,282.1
20260824,10:40:45,45140.32,40486.01,24313.98,16268.42,123.7,1940.99,316.68,484.92,541.05,110.0,177.17,190.83,103.46,136.87,290.08,123.82,197.96,294.32,2871.17,1522.07,447.1,66.87,231.26,911.4,364.89,229.06,270.33,464.19,221.81,102.88,3179.91,243.19,95.28,133.4,40.21,58.96,100.05,282.1
20260824,10:40:50,45140.19,40486.31,24313.84,16269.73,123.83,1940.87,316.68,484.92,541.05,109.92,177.18,190.85,103.46,136.87,290.08,123.82,197.96,294.32,2871.17,1522.08,447.11,66.84,231.26,911.39,364.95,229.06,270.33,464.19,221.82,102.88,3179.51,243.19,95.4,133.39,40.21,58.98,100.05,282.1
20260824,10:40:55,45140.31,40486.68,24312.95,16269.56,123.7,1940.87,316.68,484.92,541.05,109.93,177.18,190.86,103.46,137.08,290.08,123.82,197.96,294.32,2871.2,1522.07,447.22,66.85,231.26,911.34,364.93,229.06,270.34,464.19,221.82,102.88,3179.28,243.19,95.4,133.39,40.21,58.96,100.05,282.1
20260824,10:41:00,45140.81,40486.95,24310.83,16266.4,123.83,1940.64,316.15,484.92,541.13,109.86,177.18,190.86,103.46,137.08,290.08,123.82,197.96,294.32,2871.3,1521.95,447.24,66.85,231.26,911.91,364.93,229.06,270.35,464.19,221.85,102.88,3179.48,243.19,95.4,133.39,40.25,58.95,100.05,282.1
20260824,10:41:05,45148.89,40495.17,24313.56,16270.69,123.83,1940.64,316.69,485.17,541.13,109.86,177.18,190.86,103.46,137.09,290.08,123.82,197.96,294.32,2871.86,1522.21,447.15,66.84,231.51,911.93,364.93,229.05,270.66,464.19,221.82,102.88,3179.16,242.87,95.52,133.42,40.25,58.95,99.96,282.1
20260824,10:41:10,45147.63,40493.76,24314.07,16270.64,123.83,1940.64,316.69,484.92,541.13,109.86,177.18,190.86,103.46,137.31,290.08,123.81,197.96,294.32,2871.75,1522.32,447.14,66.86,231.26,911.91,364.99,229.05,270.35,464.19,221.82,102.88,3179.34,242.87,95.64,133.39,40.25,58.95,99.96,281.79
20260824,10:41:15,45150.9,40496.92,24314.58,16271.14,123.96,1940.64,316.69,484.92,541.13,109.86,177.18,190.85,103.46,137.31,290.08,123.81,197.96,294.32,2871.99,1522.23,447.17,66.85,231.26,912.72,364.99,229.29,270.35,464.19,221.82,102.88,3179.36,242.87,95.64,133.39,40.25,58.98,99.96,281.79
20260824,10:41:20,45155.15,40501.05,24312.96,16269.26,123.96,1940.64,316.15,484.92,541.16,109.86,177.18,190.82,103.47,137.31,290.08,123.8,197.96,294.36,2872.37,1522.37,447.2,66.84,231.26,912.73,364.99,229.29,270.7,464.23,221.83,102.88,3179.36,242.87,95.75,133.39,40.25,58.97,99.96,282.1
20260824,10:41:25,45110.49,40460.05,24308.92,16273.02,123.84,1940.64,316.69,484.92,541.2,109.86,177.18,190.83,103.47,137.31,290.08,123.8,197.98,294.36,2868.97,1519.95,447.14,66.83,231.26,912.59,364.99,229.29,270.4,464.19,221.82,102.89,3177.08,242.87,95.75,133.4,40.25,58.97,99.96,282.1
20260824,10:41:30,45108.31,40457.54,24309.26,16272.15,123.83,1941.01,316.23,484.92,541.28,109.86,177.37,190.82,103.63,137.31,289.96,123.8,197.98,294.36,2868.79,1519.87,447.21,66.83,231.26,912.33,364.99,229.29,270.42,464.19,221.93,102.9,3177.42,242.87,95.64,133.4,40.25,58.97,99.96,282.1
20260824,10:41:35,45116.8,40465.82,24310.66,16273.75,123.96,1941.01,316.77,484.93,541.23,109.86,177.18,190.82,103.47,137.31,289.96,123.82,197.98,294.36,2869.42,1520.12,447.18,66.83,231.26,913.07,364.99,229.29,270.41,464.19,221.93,102.9,3177.43,242.87,95.64,133.22,40.25,58.97,99.96,282.09
20260824,10:41:40,45115.15,40461.75,24313.61,16268.91,123.96,1941.01,316.14,484.93,541.09,109.86,177.18,190.84,103.46,137.31,289.96,123.83,197.98,294.38,2869.21,1519.95,447.18,66.83,231.26,913.07,365.01,229.29,270.41,464.2,221.94,102.91,3179.66,242.87,95.75,133.22,40.25,58.97,99.96,281.79
20260824,10:41:45,45114.3,40463.61,24308.92,16272.5,123.77,1941.01,316.77,484.85,541.09,109.86,177.26,190.84,103.53,137.31,289.96,123.81,197.98,294.38,2869.27,1519.9,447.27,66.83,231.26,913.29,364.99,229.29,270.41,464.18,222.02,102.91,3177.22,242.87,95.53,133.22,40.25,58.97,99.96,281.79
20260824,10:41:50,45118.6,40468.45,24307.51,16273.05,123.9,1941.01,316.77,484.86,541.23,109.78,177.25,190.83,103.53,137.31,289.96,123.81,197.98,294.38,2869.65,1520.02,447.15,66.84,231.51,913.31,364.99,229.29,270.72,464.18,222.01,102.91,3176.63,242.87,95.53,133.21,40.25,58.97,99.96,281.8
20260824,10:41:55,45152.62,40502.11,24305.67,16272.67,123.77,1940.95,316.77,484.86,541.23,109.77,177.25,190.83,103.52,137.31,289.96,123.81,197.98,294.38,2872.37,1522.26,447.18,66.84,231.63,913.19,364.99,229.29,270.37,464.21,222.01,102.91,3176.16,242.87,95.53,133.21,40.25,58.97,99.96,281.8
20260824,10:42:00,45154.07,40501.36,24314.2,16275.24,123.77,1940.95,317.14,484.73,541.25,109.77,177.26,190.85,103.52,137.52,289.96,123.81,197.98,294.38,2872.25,1522.1,447.16,66.86,231.38,913.19,364.99,229.29,270.69,464.21,221.97,102.91,3178.13,242.87,95.53,133.21,40.25,58.97,99.96,281.79
20260824,10:42:05,45161.19,40508.28,24312.02,16272.67,123.77,1940.95,316.69,484.73,541.39,109.77,177.27,190.89,103.52,137.52,289.96,123.81,197.98,294.38,2872.87,1522.57,447.19,66.86,231.38,913.16,364.96,229.29,270.69,464.55,221.83,102.91,3178.14,242.87,95.65,133.21,40.25,58.97,99.96,281.79
20260824,10:42:10,45164.8,40511.81,24317.45,16278.98,123.77,1940.95,317.23,484.74,541.39,109.78,177.26,190.87,103.52,137.52,289.96,123.81,197.98,294.38,2873.0,1522.62,447.26,66.88,231.38,913.24,364.96,229.29,270.69,464.55,221.97,102.91,3178.13,242.87,95.76,133.21,40.25,58.97,99.96,281.79
20260824,10:42:15,45165.65,40512.64,24315.78,16277.06,123.84,1940.95,317.23,484.72,541.28,109.86,177.26,190.87,103.52,137.51,289.96,123.81,197.98,294.38,2873.11,1522.61,447.37,66.87,231.37,913.45,364.98,229.29,270.68,464.55,221.85,102.91,3178.13,242.87,95.65,133.21,40.25,58.97,99.96,281.84
20260824,10:42:20,45163.66,40510.33,24315.83,16275.86,123.84,1940.95,317.23,484.72,541.28,109.86,177.26,190.87,103.52,137.51,289.82,123.8,197.98,294.38,2872.96,1522.55,447.28,66.86,231.25,913.47,364.98,229.29,270.68,464.55,221.71,102.91,3178.47,242.87,95.66,133.21,40.25,59.0,99.96,281.82
20260824,10:42:25,45166.0,40512.17,24314.5,16272.85,123.83,1940.95,316.68,484.72,541.34,109.85,177.26,190.87,103.52,137.53,289.82,123.8,197.98,294.38,2873.18,1522.68,447.36,66.84,231.37,913.45,364.98,229.29,270.68,464.55,221.9,102.91,3178.87,242.87,95.54,133.21,40.25,59.0,99.96,281.82
20260824,10:42:30,45169.21,40515.16,24318.04,16276.46,123.96,1941.18,316.76,484.72,541.34,109.92,177.26,190.87,103.52,137.53,289.82,123.8,197.98,294.38,2873.33,1522.82,447.26,66.84,231.38,913.47,364.98,229.29,270.68,464.51,222.05,102.91,3179.0,242.87,95.66,133.22,40.25,59.0,99.96,281.82
20260824,10:42:35,45167.29,40513.07,24318.31,16276.06,123.96,1940.81,316.78,484.84,541.34,109.85,177.28,190.92,103.53,137.53,289.82,123.81,197.98,294.38,2873.17,1522.68,447.27,66.84,231.38,913.5,364.74,229.29,270.73,464.51,222.0,102.91,3179.19,242.87,95.66,133.22,40.25,59.0,99.96,281.82
20260824,10:42:40,45127.08,40474.27,24317.78,16276.7,123.95,1940.81,316.78,484.84,541.34,109.92,177.28,190.92,103.53,137.53,289.82,123.81,197.98,294.38,2870.03,1520.19,447.48,66.84,231.38,913.49,364.74,229.29,270.72,464.51,221.94,102.91,3178.85,242.87,95.79,133.22,40.25,59.0,99.96,281.82
20260824,10:42:45,45126.43,40473.64,24317.46,16276.34,123.82,1940.81,316.78,484.82,541.34,109.91,177.27,190.9,103.53,137.53,289.82,123.81,197.98,294.38,2869.99,1520.18,447.49,66.84,231.38,913.5,364.74,229.29,270.67,464.51,221.96,102.91,3178.85,242.87,95.79,133.23,40.25,58.97,99.96,281.82
20260824,10:42:50,45127.54,40474.52,24319.52,16278.07,123.95,1941.25,316.78,484.82,541.34,109.92,177.27,190.89,103.53,137.33,289.82,123.81,197.98,294.38,2870.02,1520.09,447.46,66.84,231.25,913.93,364.74,229.29,270.7,464.54,222.11,102.91,3179.02,242.87,95.79,133.23,40.25,58.97,99.96,281.82
20260824,10:42:55,45126.19,40473.64,24318.44,16278.28,123.95,1941.25,316.86,484.71,541.34,109.92,177.27,190.95,103.52,137.33,289.82,123.8,197.98,294.38,2869.94,1520.12,447.6,66.86,231.25,913.48,364.74,229.29,270.7,464.54,222.11,102.92,3178.63,242.87,95.79,133.23,40.17,58.97,99.96,281.82
20260824,10:43:00,45128.9,40476.28,24318.39,16278.2,123.95,1941.03,316.86,484.96,541.48,109.85,177.28,190.97,103.52,137.33,289.82,123.76,197.98,294.38,2870.15,1520.2,447.71,66.86,231.25,913.61,364.73,229.29,270.7,464.54,222.08,102.92,3178.63,242.87,95.79,133.23,40.17,58.97,99.96,281.84
20260824,10:43:05,45129.05,40476.39,24316.76,16276.22,123.82,1939.62,316.86,485.08,541.54,109.86,177.3,191.05,103.52,137.34,289.82,123.76,197.98,294.38,2870.21,1520.24,447.61,66.87,231.38,913.61,364.73,229.29,270.7,464.52,222.02,102.92,3178.66,242.87,95.67,133.23,40.17,58.97,99.96,281.81
20260824,10:43:10,45128.2,40475.34,24317.1,16275.87,123.95,1939.62,316.78,484.82,541.54,109.85,177.32,191.12,103.52,137.34,289.82,123.76,198.01,294.38,2870.14,1520.17,447.63,66.86,231.38,913.61,364.98,229.29,270.7,464.52,222.02,102.92,3178.86,242.87,95.66,133.23,40.17,58.97,99.96,281.81
20260824,10:43:15,45130.18,40477.49,24317.26,16276.79,123.95,1939.62,316.78,484.82,541.61,109.92,177.32,191.11,103.52,137.34,289.82,123.76,198.01,294.38,2870.29,1520.25,447.65,66.86,231.49,913.64,364.98,229.29,270.66,464.56,222.05,102.92,3178.66,242.87,95.66,133.21,40.17,59.0,99.96,281.81
20260824,10:43:20,45131.01,40478.71,24316.14,16276.88,123.95,1939.98,316.78,484.82,541.53,109.92,177.32,191.12,103.52,137.34,289.82,123.77,198.01,294.38,2870.38,1520.36,447.55,66.87,231.49,913.63,364.98,229.05,270.66,464.56,222.06,102.92,3178.29,243.52,95.54,133.21,40.17,59.0,99.96,281.81
20260824,10:43:25,45129.11,40476.61,24316.29,16276.2,123.76,1939.98,316.69,484.83,541.45,109.92,177.32,191.14,103.52,137.34,289.82,123.77,198.01,294.39,2870.23,1520.29,447.63,66.87,231.26,913.55,364.98,229.04,270.71,464.54,222.03,102.92,3178.52,243.52,95.66,133.21,40.17,59.0,99.96,281.81
20260824,10:43:30,45129.63,40476.91,24317.67,16277.08,123.76,1939.98,316.78,485.08,541.45,110.0,177.32,191.13,103.52,137.34,289.82,123.77,198.01,294.39,2870.23,1520.19,447.7,66.88,231.49,913.55,364.98,229.04,270.71,464.48,222.02,102.92,3178.71,243.52,95.66,133.21,40.17,59.0,99.96,281.81
20260824,10:43:35,45130.16,40477.21,24317.81,16276.53,123.76,1940.08,316.86,485.08,541.52,109.92,177.33,191.15,103.52,137.34,289.82,123.77,198.01,294.39,2870.27,1520.13,447.72,66.88,231.67,913.7,364.98,229.04,270.67,464.47,221.9,102.92,3178.91,243.52,95.66,133.23,40.17,59.0,99.96,281.77
20260824,10:43:40,45131.2,40478.43,24319.07,16278.7,123.76,1940.08,316.77,485.08,541.4,110.0,177.56,191.32,103.68,137.37,289.82,123.77,198.01,294.43,2870.32,1520.13,447.72,66.87,231.67,913.83,364.99,229.04,270.67,464.51,221.89,102.94,3178.71,243.52,95.67,133.23,40.17,59.01,99.96,281.77
20260824,10:43:45,45133.64,40481.27,24315.35,16275.96,123.76,1940.08,316.23,485.08,541.4,110.0,177.56,191.31,103.68,137.37,289.82,123.77,198.01,294.43,2870.61,1520.29,447.72,66.87,231.85,913.82,364.98,229.04,270.71,464.43,222.03,102.94,3178.29,243.52,95.67,133.23,40.17,59.01,99.96,281.8
20260824,10:43:50,45131.08,40478.64,24315.12,16275.23,123.76,1940.08,316.15,485.08,541.4,110.0,177.56,191.31,103.68,137.37,289.82,123.77,198.04,294.45,2870.42,1520.17,447.74,66.86,231.85,913.81,364.66,229.04,270.71,464.39,222.03,102.94,3178.42,243.52,95.67,133.23,40.17,59.0,99.96,281.8
20260824,10:43:55,45134.33,40481.89,24315.09,16275.47,123.89,1940.08,316.23,485.08,541.37,110.01,177.56,191.3,103.68,137.37,289.82,123.77,198.01,294.45,2870.67,1520.29,447.72,66.86,231.62,914.24,364.66,229.04,270.71,464.44,221.98,102.94,3178.34,243.52,95.67,133.22,40.15,58.98,99.96,281.8
20260824,10:44:00,45135.66,40483.62,24314.15,16275.83,123.76,1940.08,316.32,485.08,541.43,110.01,177.56,191.31,103.68,137.37,289.82,123.77,198.01,294.45,2870.8,1520.28,447.72,66.86,231.62,914.97,364.66,229.04,270.4,464.42,221.97,102.94,3177.95,243.52,95.67,133.22,40.15,58.98,99.96,281.8
20260824,10:44:05,45172.15,40519.3,24312.78,16274.68,123.76,1940.08,316.32,485.08,541.43,110.01,177.35,191.27,103.51,137.37,289.82,123.89,198.01,294.48,2873.71,1522.56,447.72,66.88,231.62,914.8,364.66,229.04,270.4,464.47,221.97,102.94,3177.84,243.52,95.67,133.25,40.15,59.0,99.96,281.8
20260824,10:44:10,45134.49,40482.35,24312.63,16273.66,123.76,1940.08,316.32,484.58,541.43,109.99,177.36,191.29,103.51,137.58,289.82,123.76,198.03,294.48,2870.75,1520.26,447.73,66.88,231.73,915.01,364.66,229.04,270.22,464.47,221.98,102.94,3178.07,243.52,95.67,133.22,40.15,59.0,99.96,281.8
20260824,10:44:15,45137.67,40485.81,24311.44,16273.5,123.76,1939.72,316.24,484.58,541.43,109.99,177.34,191.25,103.51,137.58,289.82,123.76,198.03,294.49,2871.04,1520.25,447.62,66.88,232.01,915.01,364.66,229.04,270.67,464.41,222.01,102.94,3177.74,243.52,95.68,133.22,40.15,59.05,99.96,281.79
20260824,10:44:20,45135.5,40483.95,24310.02,16272.73,123.76,1939.64,316.24,484.62,541.43,109.99,177.33,191.21,103.51,137.37,289.82,123.76,198.03,294.49,2870.9,1520.23,447.62,66.86,231.58,915.02,364.68,229.04,270.76,464.4,221.97,102.94,3177.51,243.52,95.68,133.22,40.15,59.06,99.96,281.76
20260824,10:44:25,45131.37,40479.77,24310.43,16272.67,123.83,1939.64,316.24,484.64,541.43,110.0,177.28,191.18,103.48,137.37,289.82,123.76,198.03,294.49,2870.57,1520.14,447.61,66.88,231.58,914.56,364.68,229.04,270.72,464.42,222.0,102.94,3177.65,243.52,95.68,133.23,40.15,59.06,99.96,281.76
20260824,10:44:30,45135.09,40483.12,24315.59,16277.7,123.89,1941.11,316.78,484.89,541.43,109.99,177.3,191.2,103.49,137.37,289.82,123.76,198.03,294.49,2870.72,1520.26,447.62,66.88,231.47,914.65,364.68,229.04,270.72,464.42,221.99,102.94,3177.9,243.52,95.68,133.2,40.15,59.06,99.96,281.76
20260824,10:44:35,45133.26,40481.54,24315.63,16278.39,123.89,1941.11,316.78,484.89,541.43,110.07,177.33,191.29,103.5,137.37,289.82,123.76,198.03,294.49,2870.57,1520.23,447.55,66.86,231.47,914.52,364.74,229.04,270.71,464.42,221.99,102.94,3177.72,243.52,95.68,133.22,40.15,59.06,99.96,281.77
20260824,10:44:40,45130.27,40478.49,24310.63,16272.19,123.89,1941.11,316.16,484.89,541.43,110.07,177.34,191.3,103.5,137.37,289.82,123.76,198.03,294.49,2870.48,1520.26,447.57,66.86,231.48,914.53,364.74,229.04,270.4,464.42,221.89,102.94,3177.84,243.52,95.56,133.22,40.15,59.07,99.96,281.77
20260824,10:44:45,45130.7,40478.58,24311.85,16272.51,123.76,1941.11,316.24,484.89,541.4,110.07,177.35,191.31,103.5,137.37,289.82,123.85,198.03,294.49,2870.48,1520.06,447.54,66.86,231.73,914.56,364.68,229.04,270.71,464.38,221.86,102.94,3178.14,243.52,95.56,133.22,40.15,59.07,99.96,281.77
20260824,10:44:50,45133.2,40481.46,24313.68,16276.08,123.76,1941.11,316.78,484.86,541.29,110.07,177.34,191.27,103.5,137.37,289.94,123.84,198.03,294.51,2870.62,1520.17,447.52,66.86,231.73,914.56,364.92,229.04,270.72,464.38,221.86,102.94,3177.74,243.52,95.56,133.22,40.15,59.07,99.96,281.78
20260824,10:44:55,45131.76,40479.12,24315.63,16275.2,123.76,1939.7,316.77,484.86,541.29,110.07,177.33,191.24,103.5,137.58,289.94,123.84,198.03,294.51,2870.46,1520.03,447.53,66.88,231.74,914.53,364.92,229.04,270.72,464.38,221.84,102.94,3178.58,243.52,95.56,133.12,40.15,59.07,99.96,281.78
20260824,10:45:00,45134.13,40481.96,24309.59,16270.04,123.76,1939.7,316.06,484.87,541.29,110.09,177.34,191.26,103.5,137.58,289.94,123.84,198.03,294.49,2870.81,1520.23,447.62,66.85,231.74,914.72,364.9,229.04,270.72,464.42,221.84,102.94,3178.1,243.52,95.56,133.12,40.15,59.06,99.96,281.77
20260824,10:45:05,45172.61,40519.46,24307.46,16267.59,123.76,1939.62,316.06,484.87,541.26,110.1,177.32,191.2,103.5,137.58,289.94,123.85,198.03,294.49,2873.89,1522.6,447.67,66.87,231.86,914.54,364.9,229.04,270.72,464.47,221.71,102.94,3178.1,243.52,95.44,133.13,40.15,59.06,99.96,281.77
20260824,10:45:10,45175.33,40522.14,24312.21,16273.16,123.76,1939.98,316.77,484.88,541.4,110.02,177.32,191.21,103.5,137.58,289.94,123.85,198.03,294.49,2873.97,1522.65,447.66,66.85,231.74,914.72,364.9,229.04,270.72,464.47,221.7,102.94,3178.07,243.52,95.44,133.13,40.15,59.06,99.96,281.77
20260824,10:45:15,45173.53,40520.24,24307.77,16267.57,123.76,1939.98,316.15,484.88,541.26,110.02,177.31,191.19,103.5,137.37,289.94,123.85,198.03,294.49,2873.95,1522.61,447.68,66.87,231.74,914.76,364.9,229.04,270.72,464.47,221.67,102.94,3178.2,243.52,95.44,133.13,40.15,59.07,99.96,281.77
20260824,10:45:20,45179.19,40524.92,24316.13,16274.38,123.89,1942.8,316.69,484.88,541.26,110.03,177.31,191.19,103.5,137.37,289.94,123.85,198.03,294.49,2874.17,1522.74,447.66,66.87,231.74,914.89,364.9,229.04,270.72,464.45,221.83,102.94,3178.96,243.52,95.44,133.13,40.15,59.07,99.96,281.72
20260824,10:45:25,45176.25,40523.1,24312.03,16273.16,123.89,1939.98,316.69,484.88,541.26,110.03,177.33,191.23,103.5,137.37,289.94,123.72,198.03,294.49,2874.05,1522.6,447.58,66.86,232.04,914.8,364.9,229.04,270.76,464.45,221.94,102.94,3178.01,243.19,95.44,133.13,40.15,59.07,99.96,281.72
20260824,10:45:30,45174.45,40521.94,24308.14,16270.67,123.89,1939.98,316.14,484.95,541.42,110.03,177.32,191.2,103.5,137.37,289.94,123.72,198.03,294.49,2874.02,1522.63,447.57,66.87,231.67,914.96,364.9,229.04,270.76,464.43,221.95,102.94,3177.47,243.19,95.56,133.13,40.15,59.07,99.96,281.72
20260824,10:45:35,45175.69,40522.82,24311.76,16273.72,123.89,1939.98,316.69,484.95,541.45,110.04,177.32,191.2,103.5,137.36,289.94,123.68,198.03,294.49,2874.01,1522.68,447.56,66.87,231.68,914.8,364.9,229.04,270.76,464.43,221.95,102.94,3177.78,243.19,95.44,133.13,40.15,59.1,99.96,281.72
20260824,10:45:40,45177.67,40524.72,24311.77,16273.66,123.89,1939.73,316.69,484.88,541.56,110.04,177.31,191.17,103.5,137.36,289.94,123.68,198.03,294.49,2874.17,1522.69,447.71,66.87,231.68,914.92,364.9,229.04,270.81,464.42,221.92,102.94,3177.8,243.19,95.44,133.13,40.15,59.11,99.96,281.72
20260824,10:45:45,45183.5,40528.93,24315.11,16272.59,123.89,1939.73,316.69,484.88,541.56,109.96,177.31,191.15,103.5,137.36,289.94,123.68,198.03,294.49,2874.53,1522.71,447.82,66.86,231.95,915.3,364.92,229.04,270.86,464.42,221.86,102.94,3179.13,243.19,95.44,133.13,40.15,59.09,99.96,281.72
20260824,10:45:50,45181.57,40527.5,24313.48,16272.22,123.76,1939.73,316.69,484.88,541.56,109.96,177.31,191.15,103.5,137.36,289.94,123.68,198.03,294.49,2874.43,1522.69,447.83,66.86,232.13,915.0,364.92,229.04,270.81,464.42,221.86,102.94,3178.72,243.19,95.44,133.13,40.15,59.09,99.96,281.72
20260824,10:45:55,45181.72,40528.53,24310.57,16271.79,123.76,1939.73,316.69,484.62,541.55,109.96,177.31,191.16,103.5,137.36,289.94,123.68,198.0,294.48,2874.52,1522.72,447.74,66.88,231.95,915.29,364.92,229.04,270.86,464.42,221.85,102.94,3177.93,243.19,95.44,133.13,40.15,59.09,99.96,281.71
20260824,10:46:00,45179.63,40526.72,24309.89,16271.82,123.76,1939.73,316.69,484.62,541.52,109.95,177.32,191.17,103.5,137.36,289.94,123.68,198.0,294.48,2874.37,1522.72,447.66,66.87,231.7,915.27,364.92,229.04,270.86,464.42,221.85,102.94,3177.71,243.24,95.44,133.13,40.15,59.09,99.96,281.71
20260824,10:46:05,45177.71,40524.64,24310.42,16271.7,123.76,1939.73,316.69,484.62,541.55,109.87,177.32,191.17,103.5,137.36,289.94,123.67,198.0,294.48,2874.21,1522.59,447.66,66.91,231.7,915.21,364.98,229.04,270.86,464.44,221.85,102.94,3177.91,243.24,95.44,133.13,40.15,59.09,99.96,281.72
20260824,10:46:10,45175.77,40523.05,24305.37,16266.88,123.89,1940.32,316.06,484.7,541.55,109.98,177.12,191.18,103.35,137.36,289.94,123.67,198.0,294.49,2874.2,1522.67,447.74,66.92,231.7,914.89,364.98,229.04,270.82,464.41,221.85,102.91,3177.64,243.24,95.56,133.13,40.15,59.09,99.96,281.72
20260824,10:46:15,45179.53,40526.45,24309.62,16270.92,123.89,1940.32,316.6,484.71,541.62,109.9,177.11,191.15,103.35,137.36,289.94,123.67,198.0,294.49,2874.37,1522.69,447.69,66.91,231.96,915.07,365.01,229.04,270.82,464.42,221.86,102.91,3177.87,243.24,95.56,133.12,40.15,59.09,99.96,281.72
20260824,10:46:20,45139.16,40487.37,24306.26,16267.91,123.89,1940.32,316.22,484.46,541.62,109.98,177.11,191.19,103.33,137.15,289.94,123.67,198.0,294.5,2871.3,1520.31,447.73,66.9,231.96,915.08,365.01,229.04,270.82,464.42,221.87,102.91,3177.64,243.24,95.56,133.12,40.15,59.09,99.96,281.72
20260824,10:46:25,45143.16,40490.8,24311.47,16272.33,123.89,1940.32,316.77,484.46,541.62,109.97,177.1,191.17,103.33,137.15,289.94,123.67,198.0,294.73,2871.47,1520.31,447.74,66.91,231.74,915.68,364.69,229.04,270.82,464.43,221.87,102.91,3178.07,243.24,95.56,133.12,40.15,59.09,99.96,281.72
20260824,10:46:30,45143.36,40491.18,24310.48,16271.82,123.89,1940.32,316.77,484.45,541.62,109.97,177.1,191.15,103.34,137.15,289.94,123.67,198.0,294.73,2871.51,1520.32,447.76,66.94,231.74,915.67,364.69,229.04,270.81,464.47,221.81,102.9,3177.89,243.24,95.56,133.12,40.15,59.09,99.96,281.72
20260824,10:46:35,45145.46,40493.47,24309.41,16271.41,123.89,1940.32,316.77,484.45,541.62,109.97,177.1,191.13,103.34,137.15,289.94,123.67,198.0,294.73,2871.7,1520.41,447.52,66.93,231.99,915.88,365.01,229.04,270.79,464.47,221.87,102.9,3177.67,243.24,95.44,133.13,40.15,59.09,99.96,281.72
20260824,10:46:40,45182.17,40528.81,24311.91,16272.84,123.89,1940.32,316.77,484.45,541.62,109.95,177.03,191.15,103.28,138.0,289.94,123.67,198.0,294.73,2874.52,1522.8,447.53,66.94,231.86,915.3,364.98,229.04,270.79,464.47,221.87,102.9,3178.06,243.24,95.56,133.13,40.15,59.09,99.96,281.72
20260824,10:46:45,45181.29,40527.96,24312.42,16273.43,123.89,1940.32,316.78,484.45,541.62,109.95,177.03,191.15,103.28,138.0,289.94,123.67,198.0,294.73,2874.43,1522.8,447.53,66.94,232.04,915.28,365.05,229.04,270.52,464.51,221.86,102.9,3178.06,243.24,95.56,133.33,40.15,59.09,99.96,281.72
20260824,10:46:50,45182.92,40530.02,24311.44,16273.92,123.95,1940.32,316.69,484.44,541.61,109.95,177.11,191.15,103.34,138.0,289.94,123.67,198.0,294.73,2874.59,1522.81,447.53,66.92,232.04,915.25,365.05,229.04,270.84,464.51,221.89,102.88,3177.63,243.24,95.56,133.33,40.15,59.09,99.96,281.72
20260824,10:46:55,45177.3,40524.37,24311.95,16273.9,123.95,1940.32,316.69,484.44,541.61,109.95,177.11,191.15,103.34,138.0,289.94,123.67,198.0,294.73,2874.13,1522.55,447.51,66.88,232.06,915.44,365.05,229.04,270.53,464.51,222.0,102.88,3177.79,243.24,95.43,133.33,40.13,59.09,99.96,281.72
20260824,10:47:00,45177.82,40524.88,24307.72,16269.03,123.95,1940.32,316.23,484.44,541.63,109.97,177.11,191.15,103.34,137.79,289.94,123.66,198.18,294.74,2874.29,1522.67,447.54,66.87,231.88,915.2,365.05,229.04,270.85,464.53,221.89,102.89,3177.79,242.91,95.43,133.33,40.13,59.09,99.96,281.72
20260824,10:47:05,45133.3,40482.01,24307.9,16270.95,123.95,1939.98,316.77,484.44,541.63,109.95,177.08,191.15,103.32,137.79,289.94,123.66,198.18,294.74,2870.79,1520.11,447.61,66.87,231.94,914.65,365.05,229.04,270.85,464.54,221.74,102.89,3177.32,242.91,95.43,133.33,40.13,59.08,99.96,281.71
20260824,10:47:10,45129.05,40480.46,24302.01,16272.87,124.08,1939.98,316.68,484.44,541.63,109.95,177.05,191.11,103.31,137.79,289.94,123.66,198.18,294.76,2870.62,1519.91,447.61,66.88,232.05,914.78,364.72,229.04,270.85,464.49,222.0,102.89,3174.96,242.91,95.43,133.33,40.13,59.08,99.96,281.71
20260824,10:47:15,45166.23,40516.92,24300.84,16272.26,123.95,1940.35,316.6,484.44,541.63,109.95,177.07,191.11,103.32,137.79,289.94,123.66,198.18,294.77,2873.57,1522.23,447.61,66.88,232.05,914.65,364.73,229.04,270.85,464.51,222.0,102.88,3174.76,242.91,95.43,133.33,40.13,59.08,99.96,281.72
20260824,10:47:20,45162.11,40513.71,24295.35,16268.67,123.95,1940.35,316.07,484.37,541.63,109.95,177.08,191.14,103.32,137.79,289.94,123.66,198.18,294.77,2873.4,1522.28,447.6,66.88,232.11,914.48,364.66,229.04,270.53,464.55,222.01,102.88,3174.02,242.91,95.43,133.33,40.13,59.09,99.98,281.72
20260824,10:47:25,45164.64,40513.69,24301.12,16267.0,123.83,1940.35,316.07,484.37,541.63,109.95,177.07,191.12,103.32,137.79,289.94,123.7,198.15,294.77,2873.44,1522.29,447.59,66.88,232.11,914.54,364.66,229.04,270.54,464.57,221.85,102.88,3176.28,242.91,95.43,133.33,40.13,59.09,99.98,281.72
20260824,10:47:30,45165.56,40514.01,24302.4,16266.5,123.83,1940.13,316.07,484.48,541.6,109.95,177.07,191.09,103.32,137.79,289.94,123.7,198.15,294.77,2873.48,1522.33,447.59,66.87,232.11,914.51,364.66,229.04,270.55,464.56,221.83,102.88,3176.81,242.91,95.43,133.33,40.13,59.09,99.98,281.69
20260824,10:47:35,45164.35,40512.61,24303.23,16266.74,123.83,1940.13,315.99,484.48,541.6,109.94,177.07,191.09,103.32,138.0,289.94,123.7,198.15,294.77,2873.36,1522.2,447.59,66.88,232.1,914.64,364.42,229.04,270.55,464.52,221.9,102.88,3177.01,242.87,95.43,133.34,40.13,59.08,99.98,281.69
20260824,10:47:40,45161.84,40510.64,24301.3,16266.11,123.95,1940.13,315.99,484.48,541.6,109.87,177.08,191.12,103.32,137.79,289.94,123.83,198.15,294.76,2873.21,1522.21,447.59,66.85,231.74,914.64,364.42,229.04,270.55,464.52,221.86,102.88,3176.58,242.87,95.31,133.34,40.13,59.08,99.98,281.69
20260824,10:47:45,45161.84,40511.44,24302.49,16270.14,123.83,1940.13,316.61,484.48,541.6,109.86,177.07,191.09,103.32,137.79,289.94,123.83,198.15,294.76,2873.18,1522.18,447.65,66.86,231.75,914.51,364.74,229.04,270.56,464.46,221.85,102.88,3175.85,242.87,95.31,133.34,40.13,59.09,99.98,281.7
20260824,10:47:50,45158.18,40508.63,24300.08,16269.93,123.95,1940.13,316.61,484.48,541.6,109.86,177.06,191.04,103.32,137.58,289.94,123.82,198.15,294.76,2872.96,1522.11,447.53,66.86,231.76,914.36,364.68,229.04,270.55,464.5,221.82,102.88,3175.16,242.87,95.31,133.34,40.13,59.09,99.98,281.7
20260824,10:47:55,45155.91,40506.43,24297.24,16266.66,123.76,1940.13,316.07,484.48,541.45,109.85,177.06,191.07,103.32,137.79,289.94,123.82,198.15,294.77,2872.86,1522.0,447.61,66.86,231.76,914.36,364.68,229.04,270.55,464.56,221.88,102.9,3175.16,242.87,95.43,133.34,40.13,59.07,99.98,281.7
20260824,10:48:00,45156.82,40506.94,24299.72,16268.26,123.76,1940.13,316.07,484.48,541.75,109.87,177.05,191.08,103.31,137.58,289.94,123.69,198.15,294.77,2872.86,1522.0,447.51,66.85,231.76,914.16,364.68,229.04,270.82,464.56,221.97,102.9,3175.5,242.87,95.43,133.34,40.13,59.07,99.98,282.01
20260824,10:48:05,45114.91,40469.01,24291.3,16268.31,123.89,1940.13,316.07,484.48,541.73,109.87,177.04,191.02,103.31,137.58,289.94,123.69,198.01,294.79,2869.81,1519.65,447.38,66.87,231.77,914.17,364.68,229.04,270.86,464.56,221.98,102.9,3172.86,242.87,95.43,133.34,40.13,59.07,99.98,282.01
20260824,10:48:10,45114.67,40468.33,24292.32,16268.01,123.89,1940.13,316.07,484.48,541.8,109.87,177.07,191.09,103.32,137.58,289.82,123.69,198.01,294.75,2869.76,1519.56,447.26,66.85,232.31,914.01,364.68,229.04,270.86,464.62,221.97,102.9,3173.26,242.8,95.43,133.34,40.13,59.09,99.98,281.7
20260824,10:48:15,45112.51,40466.48,24287.79,16263.66,123.89,1940.06,315.53,484.48,541.78,109.87,177.07,191.09,103.32,137.37,289.82,123.69,198.01,294.75,2869.71,1519.64,447.2,66.85,232.05,913.96,364.68,229.04,270.86,464.62,221.98,102.9,3173.02,242.8,95.43,133.34,40.13,59.09,99.98,281.7
20260824,10:48:20,45113.51,40467.83,24290.63,16268.19,123.89,1940.06,316.06,484.51,541.78,109.95,177.07,191.09,103.32,137.37,289.82,123.69,198.01,294.75,2869.72,1519.61,447.2,66.84,232.17,913.97,364.68,229.04,270.86,464.61,222.01,102.9,3172.68,242.8,95.43,133.34,40.13,59.09,99.98,281.7
20260824,10:48:25,45112.44,40466.8,24290.58,16268.13,123.89,1940.06,316.06,484.51,541.76,109.87,177.08,191.14,103.32,137.58,289.82,123.69,198.02,294.72,2869.63,1519.52,447.18,66.85,232.17,914.12,364.67,229.04,270.82,464.61,222.0,102.9,3172.68,242.8,95.43,133.34,40.13,59.09,99.98,281.7
20260824,10:48:30,45109.34,40463.78,24290.53,16268.09,123.89,1939.67,316.06,484.51,541.76,109.87,177.08,191.14,103.32,137.58,289.82,123.69,198.02,294.74,2869.39,1519.28,447.18,66.85,232.15,914.25,364.66,229.04,270.85,464.57,222.02,102.9,3172.67,242.8,95.43,133.34,40.13,59.09,99.98,281.7
20260824,10:48:35,45103.42,40458.01,24286.62,16263.59,123.89,1939.67,315.43,484.51,541.76,109.87,177.08,191.14,103.32,137.58,289.82,123.68,198.02,294.8,2869.03,1519.03,447.28,66.85,232.16,914.12,364.66,229.04,270.8,464.57,222.02,102.93,3172.67,242.8,95.43,133.34,40.13,59.09,99.98,281.68
20260824,10:48:40,45104.93,40459.32,24290.77,16267.86,123.89,1939.67,316.06,484.51,541.79,109.87,177.08,191.13,103.32,137.58,289.82,123.65,198.02,294.8,2869.04,1519.12,447.26,66.85,231.75,914.24,364.66,229.04,270.8,464.58,222.0,102.93,3172.81,242.8,95.43,133.34,40.13,59.09,99.98,281.68
20260824,10:48:45,45105.6,40460.17,24286.38,16263.42,123.76,1939.67,315.52,484.51,541.79,109.87,177.08,191.14,103.32,137.58,289.82,123.65,198.02,294.8,2869.21,1519.24,447.23,66.86,231.75,914.23,364.66,229.04,270.85,464.47,222.01,102.9,3172.64,242.8,95.43,133.34,40.13,59.09,99.98,281.68
20260824,10:48:50,45099.91,40454.62,24284.68,16261.47,123.76,1939.67,315.52,484.51,541.72,109.87,177.01,191.17,103.26,137.58,289.82,123.65,198.02,294.8,2868.81,1519.14,447.24,66.84,231.75,914.12,364.66,229.04,270.45,464.47,221.9,102.9,3172.64,242.87,95.43,133.34,40.13,59.09,99.98,281.68
20260824,10:48:55,45101.42,40456.4,24283.48,16261.12,123.76,1939.67,315.52,484.39,541.72,109.88,176.98,191.17,103.23,137.58,289.82,123.65,198.02,294.8,2868.96,1519.09,447.25,66.84,231.87,914.1,364.66,229.04,270.77,464.52,221.89,102.9,3172.37,242.87,95.43,133.34,40.13,59.09,99.98,281.68
20260824,10:49:00,45144.76,40497.91,24285.59,16261.12,123.76,1939.67,315.52,484.39,541.72,109.95,176.98,191.17,103.23,137.58,289.82,123.65,198.02,294.82,2872.31,1521.64,447.25,66.85,231.87,914.2,364.66,229.04,270.77,464.52,221.87,102.9,3173.02,242.87,95.43,133.34,40.13,59.09,99.98,281.68
20260824,10:49:05,45101.62,40455.8,24285.68,16260.98,123.89,1939.67,315.52,484.39,541.64,109.87,176.98,191.17,103.23,137.58,289.82,123.65,198.02,294.82,2868.92,1519.07,447.24,66.84,231.87,914.09,364.66,229.04,270.77,464.52,221.86,102.9,3173.09,242.87,95.43,133.34,40.13,59.09,99.98,281.68
20260824,10:49:10,45142.64,40495.35,24285.49,16259.35,123.89,1939.67,315.44,484.52,541.64,109.86,176.98,191.17,103.23,137.58,289.82,123.64,198.02,294.84,2872.15,1521.52,447.24,66.84,232.04,914.21,364.66,229.04,270.63,464.52,221.75,102.9,3173.47,242.87,95.43,133.34,40.13,59.09,99.98,281.68
20260824,10:49:15,45137.37,40490.63,24281.58,16256.25,123.76,1939.67,314.9,484.52,541.64,109.86,176.98,191.17,103.23,137.59,289.82,123.64,198.06,294.84,2871.84,1521.49,447.2,66.83,232.05,914.12,364.66,229.04,270.27,464.52,221.77,102.9,3173.09,242.87,95.43,133.34,40.18,59.09,99.98,281.99
20260824,10:49:20,45137.79,40490.79,24281.61,16255.44,123.89,1939.67,314.9,484.52,541.72,109.86,176.98,191.17,103.23,137.59,289.82,123.64,198.06,294.85,2871.87,1521.47,447.31,66.83,232.06,914.11,364.64,229.04,270.27,464.55,221.71,102.9,3173.32,242.8,95.43,133.34,40.18,59.09,99.98,281.7
20260824,10:49:25,45139.35,40492.53,24282.01,16256.63,123.76,1939.67,314.98,484.52,541.42,109.88,176.96,191.16,103.22,137.59,289.82,123.75,198.06,294.85,2871.98,1521.51,447.31,66.83,232.06,914.13,364.64,229.04,270.36,464.55,221.85,102.9,3173.12,242.8,95.43,133.34,40.18,59.09,99.98,281.7
20260824,10:49:30,45138.58,40491.55,24283.24,16257.31,123.76,1939.67,314.89,484.52,541.42,109.89,176.97,191.22,103.22,137.59,289.82,123.76,198.06,294.85,2871.89,1521.44,447.33,66.83,232.06,914.13,364.57,229.04,270.35,464.49,221.98,102.88,3173.32,242.8,95.43,133.34,40.18,59.09,99.98,281.7
20260824,10:49:35,45140.78,40493.7,24283.86,16258.03,124.02,1939.7,314.89,484.52,541.41,109.88,176.98,191.25,103.22,137.59,289.82,123.76,198.06,294.85,2872.04,1521.53,447.34,66.82,232.18,914.12,364.57,229.04,270.35,464.51,221.97,102.88,3173.32,242.8,95.43,133.34,40.18,59.09,99.98,281.7
20260824,10:49:40,45103.16,40457.38,24281.29,16256.21,124.02,1939.7,314.89,484.52,541.42,109.88,176.98,191.22,103.22,137.59,289.82,123.64,198.06,294.85,2869.16,1519.09,447.4,66.82,232.43,914.12,364.57,229.04,270.67,464.51,221.97,102.88,3173.01,242.8,95.31,133.34,40.18,59.09,99.98,281.7
20260824,10:49:45,45099.67,40454.25,24278.0,16253.31,123.76,1939.7,314.97,484.52,541.34,109.88,176.78,191.19,103.06,137.59,289.82,123.64,198.06,294.85,2868.98,1519.07,447.27,66.84,232.18,914.11,364.56,229.04,270.63,464.25,221.97,102.88,3172.77,242.8,95.31,133.34,40.18,59.09,99.98,281.74
20260824,10:49:50,45100.97,40455.46,24279.28,16254.58,123.89,1939.7,314.97,484.52,541.34,109.88,176.78,191.2,103.06,137.58,289.82,123.64,198.06,294.83,2869.05,1519.07,447.26,66.82,232.18,914.19,364.63,229.04,270.72,464.25,221.97,102.88,3172.83,242.8,95.43,133.35,40.18,59.09,99.98,281.75
20260824,10:49:55,45098.6,40453.27,24279.57,16255.33,123.89,1939.7,314.97,484.52,541.13,109.88,176.91,191.3,103.15,137.58,289.82,123.64,198.06,294.83,2868.85,1519.01,447.25,66.83,231.94,914.17,364.64,229.04,270.67,464.3,221.96,102.88,3172.71,242.8,95.43,133.35,40.18,59.09,99.99,281.75
20260824,10:50:00,45094.59,40449.46,24275.62,16251.12,123.89,1939.7,314.97,484.52,541.13,109.8,176.91,191.28,103.15,137.58,289.82,123.64,198.06,294.83,2868.65,1518.86,447.24,66.84,231.94,914.15,364.64,229.04,270.68,464.3,221.66,102.88,3172.62,242.8,95.31,133.35,40.18,59.09,99.99,281.7
20260824,10:50:05,45102.0,40456.34,24281.42,16256.65,123.76,1939.7,315.52,484.86,541.21,109.79,176.9,191.25,103.15,137.58,289.82,123.64,198.06,294.83,2869.07,1519.26,447.24,66.83,231.94,914.36,364.64,229.04,270.33,464.3,221.81,102.88,3172.93,242.8,95.31,133.34,40.18,59.09,99.99,281.69
20260824,10:50:10,45103.99,40458.77,24283.65,16260.84,123.76,1939.7,316.06,484.86,541.19,109.79,176.92,191.34,103.15,137.58,289.82,123.64,198.06,294.83,2869.16,1519.33,447.23,66.83,231.95,914.37,364.64,229.04,270.33,464.3,221.81,102.88,3172.49,242.8,95.31,133.34,40.18,59.09,99.99,281.69
20260824,10:50:15,45102.57,40457.34,24284.02,16261.13,123.76,1939.7,316.06,484.86,541.13,109.79,176.93,191.37,103.15,137.58,289.82,123.64,198.06,294.83,2869.04,1519.25,447.15,66.84,231.96,914.38,364.64,229.04,270.34,464.3,221.86,102.88,3172.53,242.8,95.31,133.34,40.18,59.07,99.99,281.7
20260824,10:50:20,45103.65,40458.59,24283.61,16261.33,123.76,1939.7,316.06,484.86,541.17,109.79,176.93,191.39,103.15,137.58,289.82,123.64,198.06,294.83,2869.14,1519.31,447.13,66.84,232.21,913.83,364.61,229.04,270.65,464.35,221.84,102.88,3172.35,242.8,95.31,133.34,40.18,59.09,99.99,281.7
20260824,10:50:25,45100.04,40455.24,24280.94,16258.82,123.76,1939.7,315.52,484.86,541.29,109.79,176.96,191.43,103.17,137.58,289.82,123.68,198.06,294.83,2868.93,1519.23,447.23,66.83,232.21,913.82,364.86,229.04,270.38,464.35,221.89,102.88,3172.2,242.8,95.31,133.34,40.18,59.09,99.99,281.7
20260824,10:50:30,45144.49,40497.81,24285.64,16261.73,123.89,1939.7,316.06,484.86,541.29,109.81,176.97,191.44,103.17,137.58,289.82,123.68,198.06,294.83,2872.29,1521.63,447.19,66.83,232.44,913.82,364.86,229.03,270.68,464.39,221.73,102.88,3172.87,242.8,95.31,133.34,40.18,59.09,99.99,281.71
20260824,10:50:35,45141.36,40495.22,24285.78,16263.45,123.89,1939.7,316.06,484.78,541.32,109.78,176.97,191.46,103.17,137.37,289.82,123.8,198.06,294.83,2872.04,1521.63,447.21,66.83,232.19,913.81,364.86,229.03,270.38,464.39,221.84,102.88,3172.45,242.8,95.31,133.34,40.18,59.1,99.99,281.71
20260824,10:50:40,45143.27,40497.46,24283.82,16262.44,123.89,1939.7,316.06,484.78,541.32,109.78,176.97,191.44,103.17,137.37,289.82,123.64,198.06,294.79,2872.24,1521.68,447.19,66.84,232.19,913.82,364.61,229.03,270.69,464.39,221.85,102.88,3172.11,242.89,95.31,133.34,40.18,59.1,99.99,281.69
20260824,10:50:45,45142.04,40495.68,24282.67,16259.17,123.76,1939.7,315.52,485.01,541.37,109.8,176.97,191.44,103.17,137.37,289.82,123.76,198.06,294.79,2872.18,1521.68,447.19,66.83,232.19,913.7,364.61,229.03,270.66,464.39,221.84,102.88,3172.64,242.8,95.31,133.34,40.18,59.1,99.99,281.71
20260824,10:50:50,45141.58,40495.24,24282.4,16258.9,123.89,1939.7,315.44,485.01,541.36,109.77,176.96,191.42,103.17,137.37,289.82,123.76,198.06,294.82,2872.15,1521.75,447.08,66.83,231.96,913.73,364.62,229.03,270.66,464.39,221.85,102.88,3172.63,242.8,95.31,133.34,40.18,59.1,99.99,281.7
20260824,10:50:55,45141.37,40493.91,24286.4,16259.76,123.95,1940.06,315.43,485.27,541.31,109.77,176.96,191.41,103.17,137.36,289.82,123.76,198.06,294.82,2872.02,1521.66,446.99,66.84,231.96,913.77,364.64,229.03,270.66,464.41,221.89,102.88,3173.65,242.8,95.32,133.34,40.18,59.1,99.99,281.7
20260824,10:51:00,45141.31,40495.63,24281.22,16259.75,123.95,1939.84,315.35,485.15,541.31,109.77,176.97,191.42,103.17,137.36,289.82,123.76,198.06,294.82,2872.16,1521.67,447.1,66.86,231.96,913.92,364.64,229.27,270.66,464.41,221.88,102.88,3172.03,242.85,95.32,133.54,40.18,59.12,99.99,281.7
20260824,10:51:05,45103.92,40457.63,24290.11,16264.7,123.95,1939.84,316.06,485.27,541.31,109.77,176.98,191.45,103.17,137.36,289.82,123.76,198.02,294.84,2868.98,1519.22,447.14,66.85,231.96,913.89,364.64,229.27,270.66,464.41,221.87,102.88,3173.46,242.85,95.32,133.54,40.18,59.07,99.99,281.7
20260824,10:51:10,45104.47,40458.97,24286.43,16263.16,123.95,1939.84,316.06,485.27,541.31,109.77,176.97,191.44,103.17,137.36,289.82,123.76,198.02,294.84,2869.12,1519.41,447.12,66.85,231.94,913.67,364.64,229.27,270.66,464.41,221.72,102.88,3172.73,242.85,95.32,133.55,40.18,59.07,99.99,281.7
20260824,10:51:15,45103.15,40457.69,24286.76,16263.54,123.95,1940.06,315.97,485.01,541.23,109.79,176.96,191.41,103.17,137.36,289.82,123.76,198.02,294.84,2869.01,1519.31,447.12,66.82,232.08,913.67,364.64,229.27,270.66,464.47,221.86,102.88,3172.73,242.85,95.32,133.55,40.18,59.07,99.99,281.7
20260824,10:51:20,45105.8,40460.01,24287.42,16263.45,123.95,1939.7,315.98,485.01,541.23,109.8,176.95,191.38,103.17,137.36,289.82,123.8,198.02,294.81,2869.2,1519.43,447.12,66.83,231.96,913.82,364.64,229.27,270.66,464.47,221.87,102.88,3172.96,242.8,95.3,133.55,40.18,59.07,99.99,281.7
20260824,10:51:25,45103.44,40457.72,24287.94,16264.09,123.89,1939.7,315.98,485.09,541.23,109.8,176.96,191.39,103.17,137.36,289.82,123.76,198.02,294.81,2869.0,1519.29,447.36,66.82,231.96,913.96,364.64,229.27,270.35,464.47,221.88,102.88,3172.95,242.8,95.42,133.54,40.18,59.07,99.99,281.7
20260824,10:51:30,45141.39,40494.41,24284.04,16258.63,123.89,1939.7,315.43,485.09,541.23,109.8,176.95,191.35,103.17,137.36,289.82,123.79,198.02,294.84,2872.09,1521.69,447.36,66.82,231.96,913.84,364.64,229.03,270.4,464.51,221.69,102.88,3173.21,242.8,95.42,133.54,40.18,59.07,99.99,281.7
20260824,10:51:35,45142.69,40495.95,24282.75,16258.07,123.89,1939.7,315.43,485.09,541.16,109.88,176.96,191.39,103.17,137.36,289.82,123.76,198.02,294.84,2872.22,1521.69,447.46,66.82,232.2,913.96,364.31,229.03,270.35,464.47,221.65,102.88,3172.96,242.8,95.42,133.54,40.18,59.07,99.99,281.7
20260824,10:51:40,45143.16,40496.87,24281.63,16258.33,123.89,1939.7,315.43,484.98,541.06,109.8,177.01,191.61,103.17,137.36,289.82,123.77,198.02,294.84,2872.29,1521.64,447.46,66.83,232.31,913.79,364.31,229.03,270.65,464.47,221.65,102.88,3172.55,242.8,95.42,133.64,40.18,59.07,99.99,281.7
20260824,10:51:45,45104.08,40459.01,24281.3,16258.66,123.95,1939.7,315.43,484.98,541.06,109.8,177.01,191.6,103.17,137.36,289.82,123.77,198.02,294.86,2869.23,1519.21,447.37,66.82,232.31,914.1,364.32,229.03,270.66,464.51,221.65,102.86,3172.35,242.8,95.42,133.65,40.18,59.07,99.99,281.71
20260824,10:51:50,45108.73,40463.29,24285.47,16262.61,123.95,1939.7,315.98,484.98,540.92,109.8,177.01,191.59,103.17,137.36,289.82,123.81,198.02,294.86,2869.48,1519.4,447.46,66.82,232.06,914.2,364.65,229.03,270.66,464.51,221.67,102.86,3172.58,242.8,95.42,133.65,40.18,59.07,99.99,281.71
20260824,10:51:55,45104.73,40459.55,24281.13,16258.14,123.95,1939.7,315.43,484.98,540.92,109.8,177.0,191.61,103.15,137.36,289.82,123.81,198.02,294.86,2869.29,1519.29,447.46,66.81,231.95,914.2,364.65,229.03,270.65,464.51,221.63,102.86,3172.44,242.8,95.42,133.65,40.18,59.07,99.99,281.71
20260824,10:52:00,45101.78,40456.67,24281.56,16258.64,123.95,1939.7,315.43,484.98,540.92,109.78,177.02,191.69,103.15,137.36,289.82,123.81,198.06,294.86,2869.05,1519.2,447.36,66.82,231.95,913.98,364.65,229.03,270.65,464.51,221.66,102.86,3172.44,242.8,95.42,133.65,40.18,59.07,99.99,281.71
20260824,10:52:05,45101.88,40456.61,24280.88,16257.33,123.95,1939.7,315.43,485.21,540.92,109.79,177.02,191.7,103.15,137.36,289.82,123.77,198.1,294.88,2869.07,1519.3,447.33,66.81,232.21,913.97,364.73,229.03,270.3,464.51,221.51,102.86,3172.58,242.8,95.42,133.65,40.18,59.07,99.99,281.71
20260824,10:52:10,45097.94,40454.87,24275.03,16257.61,123.95,1939.7,315.43,485.21,540.92,109.79,177.03,191.74,103.15,137.36,289.82,123.77,198.1,294.88,2868.92,1519.26,447.23,66.82,232.21,913.86,364.73,229.03,270.29,464.52,221.52,102.86,3170.68,242.8,95.42,133.66,40.18,59.08,99.99,281.71
20260824,10:52:15,45098.14,40455.65,24273.02,16257.27,123.95,1939.7,315.43,485.21,540.92,109.72,177.02,191.69,103.15,137.36,289.82,123.77,198.1,294.88,2869.0,1519.16,447.22,66.82,232.2,914.36,364.73,229.03,270.29,464.52,221.52,102.86,3170.14,242.8,95.42,133.66,40.18,59.08,99.99,281.71
20260824,10:52:20,45138.31,40494.46,24273.13,16256.28,123.83,1939.7,315.43,485.21,540.9,109.72,177.02,191.72,103.15,137.36,289.82,123.77,198.1,294.88,2872.15,1521.57,447.1,66.82,231.99,914.36,364.48,229.03,270.61,464.53,221.46,102.86,3170.45,242.8,95.42,133.66,40.18,59.08,99.99,281.71
20260824,10:52:25,45101.36,40456.36,24280.99,16258.31,123.95,1939.7,315.43,485.21,540.9,109.78,177.02,191.7,103.15,137.36,289.82,123.77,198.07,294.88,2869.03,1519.16,447.11,66.82,231.99,914.36,364.48,229.03,270.6,464.53,221.64,102.86,3172.35,242.8,95.42,133.66,40.18,59.05,99.99,281.72
20260824,10:52:30,45102.07,40457.13,24279.63,16257.0,123.95,1941.11,315.51,485.21,540.87,109.78,176.93,191.66,103.09,137.15,289.82,123.65,198.03,294.88,2869.12,1519.27,447.06,66.81,231.99,914.32,364.48,229.03,270.6,464.53,221.64,102.86,3172.28,242.8,95.42,133.56,40.18,59.05,99.99,281.72
20260824,10:52:35,45095.22,40450.24,24282.73,16259.86,123.83,1941.11,315.97,485.13,540.87,109.78,176.94,191.69,103.09,137.15,289.82,123.65,198.02,294.88,2868.5,1519.07,446.97,66.81,231.74,914.19,364.55,229.03,270.28,464.53,221.64,102.86,3172.47,242.8,95.43,133.49,40.18,59.05,99.99,281.72
20260824,10:52:40,45090.79,40445.96,24277.94,16254.47,123.83,1941.11,315.43,485.13,540.9,109.78,176.94,191.69,103.09,137.15,289.7,123.64,198.02,294.88,2868.28,1518.9,446.96,66.82,231.74,913.8,364.54,229.03,270.59,464.53,221.49,102.86,3172.44,242.8,95.43,133.49,40.18,59.05,99.99,281.72
20260824,10:52:45,45091.71,40447.01,24276.47,16253.3,123.83,1941.11,315.42,485.13,540.9,109.78,176.94,191.69,103.09,137.15,289.7,123.64,198.02,294.88,2868.4,1518.95,446.97,66.83,231.86,913.79,364.54,229.03,270.58,464.53,221.37,102.86,3172.3,242.8,95.43,133.48,40.18,59.05,99.99,281.72
20260824,10:52:50,45088.78,40444.38,24274.92,16252.26,123.83,1939.7,315.42,485.13,540.9,109.7,176.92,191.63,103.09,137.15,289.7,123.64,198.02,294.88,2868.21,1518.87,446.95,66.82,232.1,913.79,364.78,229.03,270.26,464.53,221.36,102.86,3172.1,242.8,95.43,133.48,40.18,59.05,99.99,281.72
20260824,10:52:55,45089.1,40444.68,24278.59,16256.44,123.83,1939.7,315.88,485.26,540.88,109.7,176.92,191.62,103.09,137.15,289.7,123.76,198.02,294.88,2868.13,1518.84,447.02,66.82,231.98,913.72,364.78,229.03,270.26,464.53,221.37,102.86,3172.11,242.77,95.43,133.48,40.18,59.05,99.99,281.72
20260824,10:53:00,45089.73,40444.59,24276.86,16252.11,123.83,1939.7,315.42,485.25,540.88,109.7,176.91,191.61,103.08,137.15,289.7,123.64,198.02,294.88,2868.23,1518.86,447.0,66.81,231.99,913.56,364.71,229.03,270.56,464.53,221.35,102.86,3172.74,242.77,95.43,133.58,40.18,59.03,99.99,281.72
20260824,10:53:05,45125.57,40479.96,24275.56,16252.11,123.7,1940.06,315.42,485.14,540.73,109.7,176.93,191.71,103.08,137.15,289.7,123.64,198.02,294.88,2871.08,1521.2,447.02,66.81,231.99,913.5,364.71,229.03,270.25,464.53,221.49,102.86,3172.34,242.77,95.31,133.59,40.18,59.05,99.99,281.73
20260824,10:53:10,45133.3,40487.53,24279.95,16257.29,123.7,1940.0,315.96,485.14,540.73,109.7,176.93,191.71,103.08,137.15,289.64,123.64,198.02,294.88,2871.56,1521.36,447.01,66.82,231.73,913.95,364.69,229.03,270.56,464.53,221.53,102.86,3172.3,242.77,95.43,133.59,40.18,59.05,99.99,281.73
20260824,10:53:15,45131.27,40485.3,24280.68,16257.27,123.7,1940.0,315.96,485.16,540.7,109.78,176.93,191.7,103.08,137.15,289.64,123.64,198.02,294.88,2871.39,1521.26,447.1,66.81,231.85,914.08,364.67,229.03,270.25,464.53,221.48,102.86,3172.53,242.77,95.43,133.59,40.18,59.05,100.18,281.73
20260824,10:53:20,45130.13,40483.91,24278.85,16254.22,123.83,1940.0,315.42,485.16,540.7,109.78,176.94,191.75,103.08,137.15,289.64,123.64,198.02,294.9,2871.35,1521.26,447.03,66.81,231.85,914.1,364.42,229.03,270.25,464.57,221.51,102.86,3172.79,242.77,95.43,133.59,40.18,59.05,100.18,281.73
20260824,10:53:25,45093.72,40448.1,24279.3,16253.63,123.7,1940.0,315.42,485.16,540.7,109.7,176.96,191.74,103.1,136.94,289.64,123.64,198.02,294.9,2868.48,1518.95,447.04,66.81,232.12,914.13,364.42,229.03,270.25,464.57,221.51,102.86,3173.09,242.77,95.43,133.61,40.18,59.05,100.18,281.74
20260824,10:53:30,45093.29,40448.11,24276.93,16252.33,123.7,1940.0,315.42,485.16,540.7,109.78,176.96,191.73,103.1,136.94,289.64,123.64,198.02,294.92,2868.51,1518.84,447.05,66.82,232.11,914.13,364.42,229.03,270.56,464.57,221.34,102.86,3172.7,242.77,95.43,133.61,40.18,59.05,100.18,281.76
20260824,10:53:35,45092.31,40447.03,24277.23,16252.27,123.83,1940.0,315.33,485.16,540.7,109.78,176.96,191.73,103.1,137.15,289.64,123.64,198.02,294.92,2868.42,1518.84,447.04,66.81,231.87,914.17,364.42,229.03,270.56,464.55,221.33,102.86,3172.81,242.85,95.43,133.59,40.18,59.05,100.18,281.76
20260824,10:53:40,45089.25,40444.34,24276.52,16252.45,123.83,1940.0,315.42,485.16,540.7,109.78,176.97,191.74,103.1,137.15,289.64,123.68,197.98,294.92,2868.2,1518.8,447.03,66.81,231.87,914.17,364.42,229.03,270.25,464.55,221.34,102.86,3172.54,242.92,95.31,133.59,40.18,59.05,100.18,281.76
20260824,10:53:45,45131.08,40485.11,24277.36,16253.42,123.7,1940.0,315.5,485.16,540.7,109.78,176.97,191.75,103.1,136.94,289.64,123.68,197.98,294.92,2871.46,1521.28,447.03,66.81,231.99,914.18,364.41,229.03,270.25,464.55,221.46,102.86,3172.54,242.85,95.31,133.59,40.18,59.05,100.18,281.76
20260824,10:53:50,45092.83,40447.68,24276.9,16252.37,123.64,1940.0,315.5,485.16,540.87,109.77,176.96,191.73,103.1,136.94,289.64,123.67,197.98,294.92,2868.47,1518.99,447.03,66.81,231.99,914.14,364.41,229.03,270.25,464.55,221.3,102.86,3172.69,242.85,95.31,133.59,40.18,59.07,100.18,281.76
20260824,10:53:55,45091.95,40446.82,24278.05,16253.69,123.64,1940.0,315.5,485.16,540.87,109.69,176.99,191.78,103.11,136.94,289.64,123.79,197.98,294.92,2868.37,1518.88,447.12,66.82,231.99,914.11,364.41,229.03,270.25,464.45,221.34,102.86,3172.69,242.85,95.31,133.7,40.18,59.07,100.18,281.76
20260824,10:54:00,45129.93,40484.28,24278.03,16255.19,123.76,1940.0,315.5,485.23,540.94,109.78,177.0,191.82,103.11,136.94,289.64,123.79,197.98,294.92,2871.35,1521.29,447.01,66.81,231.75,914.13,364.41,229.03,270.25,464.45,221.41,102.86,3172.27,242.77,95.31,133.68,40.18,59.07,100.18,281.76
20260824,10:54:05,45132.2,40486.41,24277.22,16253.99,123.64,1939.77,315.44,485.23,540.94,109.7,177.0,191.84,103.11,136.94,289.64,123.79,197.98,294.92,2871.55,1521.27,447.02,66.81,231.75,914.3,364.08,229.03,270.56,464.45,221.4,102.86,3172.35,242.77,95.31,133.68,40.18,59.07,100.18,281.76
20260824,10:54:10,45133.75,40487.76,24278.72,16255.18,123.64,1939.41,315.52,485.35,540.97,109.7,177.01,191.85,103.11,136.94,289.64,123.79,197.98,294.94,2871.63,1521.34,447.03,66.81,232.23,913.76,364.65,229.03,270.56,464.45,221.44,102.88,3172.49,242.77,95.31,133.68,40.18,59.07,100.18,281.76
20260824,10:54:15,45130.33,40484.59,24280.85,16258.15,123.7,1939.61,316.07,485.35,540.94,109.77,177.0,191.8,103.11,136.93,289.64,123.79,197.98,294.94,2871.31,1521.28,447.02,66.82,231.98,913.77,364.65,229.03,270.25,464.45,221.34,102.88,3172.35,242.77,95.31,133.67,40.18,59.04,100.18,281.76
20260824,10:54:20,45132.97,40487.57,24280.55,16259.16,123.7,1939.61,316.07,485.35,541.05,109.78,176.99,191.79,103.11,137.14,289.64,123.79,198.03,294.94,2871.52,1521.53,446.92,66.82,231.86,913.78,364.4,229.03,270.25,464.45,221.29,102.88,3171.98,242.7,95.31,133.67,40.18,59.04,100.18,282.06
20260824,10:54:25,45135.04,40488.95,24283.56,16260.52,123.83,1939.61,316.07,485.35,540.97,109.69,176.99,191.76,103.11,137.14,289.64,123.76,198.03,294.94,2871.6,1521.55,446.91,66.84,231.86,913.88,364.48,229.03,270.25,464.47,221.49,102.88,3172.55,242.7,95.3,133.67,40.18,59.04,100.18,282.04
20260824,10:54:30,45134.1,40487.83,24284.23,16260.58,123.83,1939.61,316.07,485.35,540.97,109.69,176.99,191.77,103.11,137.14,289.64,123.75,198.03,294.94,2871.51,1521.48,446.91,66.84,231.74,913.91,364.72,229.04,270.25,464.47,221.48,102.88,3172.74,242.79,95.3,133.67,40.18,59.04,100.18,282.04
20260824,10:54:35,45132.07,40485.85,24277.65,16253.01,123.83,1941.02,315.53,485.35,540.97,109.77,176.77,191.68,102.95,137.14,289.64,123.63,198.03,294.94,2871.53,1521.5,447.02,66.84,231.75,913.77,364.71,229.04,270.26,464.47,221.34,102.88,3172.74,242.79,95.3,133.7,40.18,59.04,100.18,282.04
20260824,10:54:40,45131.03,40485.8,24273.74,16251.75,123.7,1939.61,315.45,485.35,540.98,109.77,176.76,191.67,102.95,137.14,289.64,123.67,198.03,294.94,2871.56,1521.48,447.03,66.84,231.75,913.93,364.43,229.04,270.26,464.47,221.35,102.88,3171.87,242.79,95.3,133.7,40.18,59.04,100.18,282.04
20260824,10:54:45,45133.31,40486.9,24276.73,16251.45,123.7,1939.61,315.53,485.35,540.98,109.77,176.77,191.66,102.96,137.14,289.67,123.66,198.03,294.94,2871.65,1521.54,447.04,66.84,231.75,913.93,364.78,229.04,270.26,464.52,221.35,102.88,3172.88,242.79,95.18,133.7,40.18,59.04,100.18,282.04
20260824,10:54:50,45131.47,40485.11,24276.9,16251.64,123.57,1939.61,315.53,485.47,541.01,109.77,176.76,191.63,102.96,137.14,289.67,123.66,198.03,294.94,2871.51,1521.45,447.01,66.84,231.78,913.93,364.13,229.04,270.26,464.52,221.38,102.87,3172.88,242.79,95.18,133.7,40.18,59.05,100.18,282.04
20260824,10:54:55,45093.43,40447.84,24278.35,16252.63,123.57,1939.61,315.53,485.47,541.01,109.77,176.76,191.59,102.96,137.14,289.67,123.66,198.03,294.94,2868.48,1519.22,446.9,66.83,231.6,913.94,364.13,229.04,270.25,464.5,221.4,102.87,3173.07,242.79,95.3,133.68,40.18,59.05,100.18,282.04
20260824,10:55:00,45098.44,40453.9,24274.96,16252.68,123.7,1939.61,315.43,485.47,541.01,109.77,176.75,191.58,102.96,137.14,289.67,123.66,198.03,294.94,2868.97,1519.29,446.89,66.84,231.6,914.42,364.45,229.04,270.56,464.52,221.55,102.87,3171.99,242.74,95.18,133.68,40.18,59.05,100.18,282.04
20260824,10:55:05,45099.25,40454.08,24278.52,16254.74,123.57,1939.97,315.52,485.47,541.01,109.76,176.74,191.55,102.96,137.14,289.67,123.66,198.03,294.94,2868.93,1519.22,446.84,66.84,231.6,915.0,364.46,229.04,270.25,464.52,221.63,102.87,3172.55,242.74,95.3,133.68,40.18,59.05,100.18,282.04
20260824,10:55:10,45105.19,40459.85,24278.49,16254.63,123.57,1939.97,315.44,485.46,541.01,109.76,176.75,191.58,102.96,137.14,289.67,123.66,198.03,294.93,2869.4,1519.22,447.05,66.84,232.03,915.11,364.46,229.04,270.56,464.54,221.67,102.87,3172.57,242.74,95.3,133.69,40.18,59.05,100.18,282.04
20260824,10:55:15,45101.4,40456.15,24278.34,16254.44,123.57,1939.97,315.44,485.35,541.01,109.76,176.75,191.57,102.96,137.14,289.67,123.66,198.03,294.93,2869.1,1519.22,446.96,66.84,231.78,915.12,364.47,229.04,270.24,464.54,221.67,102.87,3172.57,242.74,95.3,133.69,40.18,59.05,100.18,282.03
20260824,10:55:20,45101.06,40455.83,24277.66,16253.7,123.7,1939.97,315.44,485.35,541.01,109.76,176.76,191.57,102.97,137.14,289.67,123.66,198.03,294.93,2869.1,1519.24,446.85,66.84,231.78,915.16,364.47,229.04,270.24,464.54,221.54,102.87,3172.56,242.74,95.3,133.69,40.18,59.05,100.18,282.03
20260824,10:55:25,45141.14,40495.18,24276.29,16253.1,123.7,1939.97,315.35,485.42,541.01,109.76,176.76,191.58,102.97,137.14,289.67,123.66,198.03,294.93,2872.28,1521.67,446.85,66.84,231.9,915.15,364.41,229.04,270.24,464.57,221.68,102.87,3172.3,242.74,95.18,133.59,40.18,59.04,100.18,282.01
20260824,10:55:30,45139.24,40493.56,24275.87,16253.38,123.7,1939.97,315.27,485.43,541.01,109.84,176.77,191.58,102.98,137.14,290.03,123.65,198.03,294.93,2872.14,1521.66,446.94,66.83,231.9,914.77,364.41,229.04,270.24,464.57,221.72,102.87,3172.09,242.74,95.18,133.59,40.18,59.04,100.18,282.01
20260824,10:55:35,45099.5,40454.62,24275.56,16252.31,123.7,1939.61,315.26,485.43,541.01,109.92,176.77,191.6,102.98,137.14,290.03,123.65,198.03,294.9,2869.03,1519.26,446.94,66.82,231.92,914.77,364.41,229.04,270.24,464.59,221.6,102.88,3172.28,242.74,95.18,133.59,40.18,59.04,100.18,282.03
20260824,10:55:40,45096.86,40452.05,24276.4,16253.28,123.57,1939.61,315.35,485.43,540.94,109.84,176.76,191.56,102.98,137.36,290.03,123.65,198.03,294.9,2868.8,1519.09,446.85,66.84,231.92,914.75,364.41,229.29,270.29,464.56,221.71,102.88,3172.28,242.74,95.18,133.59,40.18,59.04,100.18,282.03
20260824,10:55:45,45098.95,40454.24,24272.84,16249.71,123.57,1939.61,314.81,485.58,540.94,109.92,176.76,191.58,102.97,137.35,290.03,123.65,198.03,294.9,2869.06,1519.23,446.85,66.82,231.89,914.61,364.41,229.29,270.6,464.52,221.72,102.88,3172.14,242.74,95.18,133.59,40.18,59.04,100.18,282.03
20260824,10:55:50,45100.03,40455.69,24274.65,16253.11,123.57,1939.61,315.27,485.76,541.01,109.84,176.76,191.58,102.97,137.35,290.03,123.65,198.03,294.9,2869.1,1519.22,446.87,66.82,231.89,914.69,364.39,229.29,270.6,464.52,221.7,102.88,3171.78,242.74,95.18,133.59,40.18,59.04,100.18,282.03
20260824,10:55:55,45098.0,40453.49,24274.91,16252.67,123.57,1939.61,315.27,485.76,541.0,109.82,176.76,191.58,102.97,137.35,290.03,123.67,198.03,294.9,2868.93,1519.09,446.9,66.83,231.78,914.73,364.45,229.29,270.6,464.54,221.74,102.88,3171.98,242.74,95.18,133.58,40.18,59.04,100.18,281.72
20260824,10:56:00,45096.63,40452.38,24270.93,16248.86,123.57,1939.61,314.73,485.76,541.02,109.83,176.77,191.61,102.97,137.35,290.03,123.67,198.03,294.9,2868.94,1519.23,446.87,66.84,231.85,914.73,364.45,229.29,270.24,464.54,221.74,102.88,3171.77,242.74,95.18,133.58,40.18,59.04,100.18,281.72
20260824,10:56:05,45094.77,40451.39,24270.46,16251.05,123.57,1939.61,314.73,486.02,541.03,109.84,176.97,191.62,103.13,137.35,290.03,123.67,198.03,294.9,2868.8,1519.12,446.87,66.85,231.85,914.72,364.45,229.29,270.25,464.55,221.71,102.88,3171.03,242.74,95.18,133.58,40.18,59.04,100.18,281.72
20260824,10:56:10,45095.93,40451.89,24268.61,16246.82,123.51,1939.61,314.19,486.02,541.05,109.84,176.95,191.62,103.11,137.35,290.03,123.67,198.03,294.9,2868.94,1519.23,446.87,66.85,231.85,914.71,364.45,229.29,270.26,464.62,221.71,102.88,3171.6,242.74,95.18,133.58,40.18,59.02,100.18,281.72
20260824,10:56:15,45092.8,40448.34,24270.86,16247.72,123.51,1939.61,314.19,486.03,541.05,109.92,176.96,191.67,103.11,137.35,290.03,123.79,198.03,294.9,2868.64,1519.06,446.88,66.85,231.6,914.7,364.45,229.29,270.27,464.62,221.67,102.88,3172.06,242.67,95.18,133.58,40.18,59.04,100.18,281.72
20260824,10:56:20,45092.51,40447.23,24276.71,16251.68,123.64,1939.61,314.64,486.03,541.05,109.92,176.96,191.66,103.11,137.14,290.03,123.79,198.03,294.9,2868.45,1518.89,446.85,66.85,231.72,914.7,364.45,229.29,270.27,464.61,221.73,102.88,3172.81,242.74,95.18,133.58,40.18,59.04,100.18,281.72
20260824,10:56:25,45128.14,40482.8,24270.16,16247.01,123.57,1939.61,314.1,486.03,540.99,109.84,176.95,191.61,103.12,137.14,290.03,123.79,198.03,294.9,2871.43,1521.46,446.74,66.85,231.72,913.97,364.45,229.29,270.27,464.61,221.73,102.88,3172.03,242.74,95.18,133.58,40.18,59.04,100.18,281.72
20260824,10:56:30,45085.79,40441.54,24270.27,16247.15,123.57,1939.61,314.27,486.03,540.99,109.84,176.96,191.66,103.12,137.14,290.03,123.78,198.03,294.9,2868.1,1519.06,446.76,66.83,231.72,913.51,364.43,229.29,270.27,464.6,221.61,102.88,3172.03,242.74,95.18,133.58,40.18,59.04,100.18,281.72
20260824,10:56:35,45087.87,40443.57,24269.84,16246.65,123.57,1939.61,314.27,486.03,540.92,109.84,176.95,191.64,103.11,137.14,290.03,123.78,198.06,294.9,2868.28,1519.16,446.75,66.83,231.72,913.62,364.43,229.29,270.27,464.6,221.58,102.88,3172.03,242.74,95.18,133.58,40.18,59.04,100.18,281.74
20260824,10:56:40,45088.0,40442.76,24275.95,16250.56,123.57,1939.61,314.81,486.03,540.92,109.84,176.95,191.63,103.11,137.14,290.03,123.78,198.06,294.9,2868.12,1519.08,446.86,66.83,231.6,913.51,364.19,229.29,270.28,464.6,221.57,102.95,3172.88,242.74,95.18,133.58,40.18,59.04,100.18,281.74
20260824,10:56:45,45089.65,40444.58,24273.32,16248.25,123.57,1939.61,314.27,486.03,540.92,109.92,176.95,191.61,103.11,137.14,290.03,123.78,198.06,294.9,2868.32,1519.12,446.85,66.84,231.85,913.63,364.19,229.29,270.28,464.6,221.72,102.95,3172.68,242.74,95.18,133.58,40.18,59.04,100.18,281.74
20260824,10:56:50,45090.2,40445.37,24272.57,16248.23,123.57,1939.38,314.27,486.03,540.92,109.91,176.95,191.61,103.11,137.14,289.75,123.79,198.06,294.9,2868.39,1518.97,446.86,66.83,231.73,914.33,364.21,229.29,270.28,464.6,221.72,102.95,3172.45,242.74,95.18,133.65,40.18,59.04,100.18,281.74
20260824,10:56:55,45091.66,40447.04,24274.87,16251.69,123.57,1939.38,314.81,486.03,540.99,109.92,176.87,191.62,103.05,137.14,289.63,123.79,198.06,294.9,2868.44,1519.0,446.85,66.84,231.74,914.31,364.19,229.29,270.32,464.65,221.71,102.95,3172.23,242.74,95.18,133.68,40.18,59.04,100.18,281.74
20260824,10:57:00,45085.26,40440.8,24273.79,16250.45,123.57,1939.38,314.73,486.03,540.94,109.84,176.86,191.57,103.05,137.14,289.63,123.79,198.06,294.9,2867.96,1518.94,446.85,66.84,231.72,913.39,364.19,229.29,270.33,464.65,221.59,102.95,3172.23,242.74,95.3,133.69,40.18,59.04,100.18,281.74
20260824,10:57:05,45085.93,40441.25,24271.54,16247.19,123.57,1939.38,314.27,486.03,540.94,109.83,176.86,191.58,103.05,137.14,289.63,123.79,198.06,294.9,2868.08,1519.05,446.85,66.85,231.72,913.35,364.19,229.53,270.29,464.65,221.61,102.95,3172.42,242.74,95.3,133.69,40.18,59.04,100.18,281.74
20260824,10:57:10,45086.35,40441.85,24273.98,16250.62,123.57,1939.38,314.73,485.95,540.89,109.75,176.88,191.65,103.05,137.14,289.63,123.78,198.06,294.9,2868.04,1519.04,446.76,66.85,231.85,913.25,364.19,229.53,270.29,464.65,221.69,102.95,3172.25,242.67,95.3,133.59,40.18,59.04,100.18,281.74
20260824,10:57:15,45085.62,40440.57,24272.21,16246.68,123.57,1939.38,314.19,485.95,540.88,109.75,176.87,191.62,103.05,137.14,289.63,123.78,198.06,294.9,2868.04,1518.99,446.76,66.85,231.97,913.25,364.43,229.53,270.29,464.65,221.7,102.95,3172.76,242.67,95.3,133.59,40.18,59.04,100.18,281.74
20260824,10:57:20,45084.7,40439.67,24271.09,16245.39,123.57,1939.38,314.19,485.95,540.88,109.83,176.87,191.62,103.05,137.14,289.63,123.78,198.06,294.9,2867.99,1518.96,446.76,66.85,231.96,913.25,364.43,229.29,270.29,464.65,221.64,102.95,3172.76,242.67,95.18,133.59,40.18,59.05,100.18,281.74
20260824,10:57:25,45086.26,40440.93,24271.7,16245.24,123.57,1939.38,314.19,485.95,540.88,109.83,176.87,191.59,103.05,137.14,289.63,123.77,198.06,294.9,2868.1,1519.05,446.77,66.85,231.96,913.25,364.19,229.29,270.29,464.65,221.64,102.95,3172.99,242.67,95.18,133.59,40.18,59.05,100.18,281.74
20260824,10:57:30,45086.23,40441.16,24274.75,16249.6,123.57,1939.38,314.73,485.95,540.88,109.83,176.88,191.63,103.05,137.14,289.63,123.77,198.06,294.88,2868.01,1519.03,446.89,66.84,231.72,913.25,364.21,229.29,270.28,464.65,221.68,102.95,3172.76,242.67,95.18,133.59,40.18,59.05,100.18,281.74
20260824,10:57:35,45085.64,40440.8,24270.57,16245.53,123.7,1939.38,314.18,486.02,540.88,109.83,176.89,191.67,103.05,137.14,289.63,123.77,198.03,294.88,2868.08,1519.02,446.96,66.83,231.72,913.36,364.43,229.29,270.28,464.65,221.51,102.95,3172.56,242.67,95.3,133.59,40.18,59.05,100.18,281.74
20260824,10:57:40,45086.72,40441.61,24274.35,16249.04,123.51,1941.16,314.64,485.95,540.6,109.67,176.96,191.67,103.11,137.14,289.63,123.77,198.03,294.88,2868.06,1519.03,446.97,66.83,231.6,913.36,364.43,229.29,270.28,464.65,221.54,102.95,3172.79,242.67,95.3,133.58,40.22,59.07,100.18,281.79
20260824,10:57:45,45083.83,40438.95,24272.49,16247.41,123.57,1941.16,314.18,485.95,540.58,109.68,176.96,191.67,103.11,137.14,289.63,123.77,198.03,294.88,2867.89,1518.92,446.88,66.84,231.6,913.36,364.44,229.29,270.29,464.65,221.7,102.95,3172.65,242.67,95.3,133.58,40.22,59.07,100.18,281.81
20260824,10:57:50,45090.18,40444.37,24278.16,16251.37,123.7,1941.16,314.73,485.95,540.61,109.68,176.96,191.67,103.11,137.14,289.63,123.77,198.03,294.88,2868.23,1518.97,446.93,66.84,231.71,913.83,364.68,229.29,270.29,464.69,221.65,102.95,3173.35,242.67,95.18,133.58,40.22,59.07,100.18,282.11
20260824,10:57:55,45091.61,40445.98,24279.26,16253.38,123.7,1941.16,314.81,486.06,540.61,109.68,176.97,191.71,103.11,137.14,289.63,123.77,198.05,294.88,2868.31,1519.18,446.95,66.84,231.72,913.36,364.68,229.29,270.29,464.69,221.8,102.95,3173.15,242.67,95.18,133.48,40.22,59.07,100.18,282.13
20260824,10:58:00,45135.24,40489.11,24276.14,16251.86,123.57,1939.75,314.73,486.06,540.61,109.68,176.96,191.69,103.1,137.14,289.63,123.77,197.9,294.88,2871.82,1521.58,446.95,66.83,231.97,914.08,364.68,229.29,270.29,464.67,221.84,102.95,3172.58,242.67,95.18,133.48,40.22,59.07,100.18,282.13
20260824,10:58:05,45137.02,40489.59,24280.14,16252.28,123.7,1941.16,314.73,486.06,540.67,109.68,176.95,191.68,103.1,137.14,289.63,123.73,197.9,294.88,2871.85,1521.58,446.86,66.84,232.08,914.11,364.61,229.29,270.3,464.67,221.8,102.95,3173.72,242.67,95.18,133.48,40.22,59.07,100.18,282.13
20260824,10:58:10,45137.95,40492.54,24273.55,16251.52,123.7,1941.16,314.64,486.06,540.61,109.6,176.95,191.68,103.1,137.14,289.63,123.73,197.9,294.88,2872.11,1521.58,446.97,66.84,232.01,914.25,364.61,229.29,270.61,464.66,221.79,102.95,3171.87,243.0,95.18,133.48,40.22,59.07,100.09,282.13
20260824,10:58:15,45139.31,40492.36,24278.54,16252.24,123.7,1941.16,314.81,486.14,540.76,109.68,176.95,191.67,103.1,137.14,289.63,123.75,197.9,294.88,2872.08,1521.57,447.02,66.84,231.9,914.26,364.68,229.29,270.61,464.66,221.62,102.95,3173.23,243.0,95.18,133.48,40.22,59.09,100.09,282.13
20260824,10:58:20,45137.88,40490.43,24280.22,16252.37,123.57,1941.16,314.81,486.14,540.61,109.68,176.95,191.67,103.1,137.12,289.63,123.75,197.9,294.88,2871.92,1521.48,446.88,66.83,231.9,914.31,364.68,229.29,270.61,464.66,221.75,102.95,3173.72,243.0,95.18,133.48,40.22,59.08,100.09,282.08
20260824,10:58:25,45133.54,40486.15,24276.34,16247.72,123.7,1939.38,314.27,486.02,540.56,109.6,176.95,191.65,103.1,137.12,289.63,123.75,197.9,294.88,2871.68,1521.42,446.91,66.84,231.9,914.3,364.69,229.29,270.3,464.66,221.77,102.95,3173.77,243.0,95.18,133.49,40.22,59.08,100.09,282.06
20260824,10:58:30,45097.46,40450.84,24277.81,16248.89,123.7,1939.42,314.81,485.94,540.56,109.6,176.94,191.62,103.1,137.12,289.63,123.75,198.05,294.88,2868.81,1519.02,447.03,66.84,231.9,914.74,364.69,229.29,270.3,464.66,221.48,102.95,3173.91,243.0,95.18,133.49,40.22,59.08,100.09,282.06
20260824,10:58:35,45098.31,40451.39,24280.32,16250.86,123.7,1939.42,314.81,485.69,540.57,109.61,176.93,191.6,103.1,137.12,289.63,123.75,197.9,294.87,2868.81,1519.02,446.93,66.83,231.92,914.84,364.69,229.29,270.3,464.65,221.63,102.95,3174.16,243.0,95.3,133.49,40.22,59.08,100.09,282.06
20260824,10:58:40,45098.01,40451.77,24278.22,16250.66,123.57,1939.42,314.81,485.69,540.65,109.6,176.93,191.57,103.1,137.12,289.63,123.75,197.9,294.87,2868.84,1519.06,446.93,66.84,231.92,914.77,364.69,229.29,270.3,464.65,221.64,102.95,3173.56,243.0,95.3,133.49,40.22,59.08,100.09,282.06
20260824,10:58:45,45099.03,40452.74,24275.33,16247.3,123.56,1939.42,314.26,485.69,540.63,109.76,176.91,191.53,103.1,137.12,289.77,123.75,197.9,294.85,2869.0,1519.03,446.9,66.84,232.05,914.77,364.69,229.29,270.62,464.64,221.68,102.95,3173.57,243.0,95.3,133.49,40.22,59.08,100.08,282.06
20260824,10:58:50,45135.39,40488.39,24272.83,16245.16,123.56,1939.42,314.26,485.69,540.78,109.6,176.91,191.52,103.1,137.12,289.77,123.69,197.92,294.85,2871.93,1521.54,446.87,66.84,231.73,914.3,364.66,229.29,270.62,464.64,221.49,102.95,3173.37,243.0,95.3,133.48,40.22,59.08,100.08,282.06
20260824,10:58:55,45138.0,40487.69,24281.46,16244.21,123.56,1939.42,314.18,485.68,540.61,109.68,176.91,191.52,103.1,137.12,289.77,123.73,197.92,294.85,2871.89,1521.54,446.88,66.84,231.98,914.4,364.66,229.29,270.3,464.64,221.49,102.95,3176.32,242.97,95.3,133.49,40.22,59.06,100.08,282.06
20260824,10:59:00,45142.72,40492.13,24286.58,16249.58,123.56,1939.42,314.73,485.68,541.05,109.68,176.91,191.52,103.1,137.12,289.77,123.73,197.92,294.85,2872.12,1521.56,446.88,66.84,231.99,914.42,364.66,229.29,270.65,464.64,221.49,102.95,3176.46,242.97,95.3,133.46,40.22,59.06,100.08,282.06
20260824,10:59:05,45139.95,40489.49,24286.32,16249.48,123.69,1939.42,314.73,485.68,541.13,109.68,176.91,191.52,103.1,137.12,289.77,123.73,197.94,294.85,2871.91,1521.56,446.89,66.84,231.99,914.37,364.64,229.29,270.29,464.64,221.52,102.95,3176.41,242.97,95.18,133.46,40.22,59.06,100.08,282.01
20260824,10:59:10,45138.85,40488.19,24285.94,16248.29,123.69,1939.42,314.73,485.68,541.13,109.68,176.91,191.53,103.1,137.12,289.77,123.73,197.94,294.85,2871.83,1521.57,446.89,66.84,231.75,914.37,364.64,229.29,270.3,464.65,221.47,102.95,3176.61,242.97,95.18,133.46,40.22,59.08,100.08,281.68
20260824,10:59:15,45143.72,40492.97,24286.07,16248.55,123.69,1939.42,314.81,485.68,540.99,109.68,176.9,191.53,103.09,137.12,289.77,123.73,197.94,294.83,2872.21,1521.65,446.89,66.84,231.88,914.44,364.64,229.29,270.65,464.64,221.53,102.95,3176.58,242.91,95.18,133.45,40.22,59.08,100.08,281.68
20260824,10:59:20,45146.42,40495.64,24287.06,16249.81,123.56,1939.46,314.81,485.68,540.99,109.76,176.9,191.51,103.09,137.12,289.77,123.73,197.94,294.83,2872.4,1521.77,446.91,66.84,231.89,914.49,364.64,229.29,270.65,464.64,221.68,102.95,3176.55,242.91,95.18,133.45,40.22,59.08,100.08,281.68
20260824,10:59:25,45144.0,40493.09,24286.17,16248.13,123.56,1939.46,314.8,485.68,540.99,110.03,176.9,191.51,103.1,137.12,289.77,123.57,197.95,294.81,2872.23,1521.73,447.03,66.81,231.89,914.54,364.64,229.29,270.34,464.64,221.53,102.95,3176.73,242.91,95.18,133.45,40.22,59.08,100.08,281.68
20260824,10:59:30,45143.07,40494.43,24280.59,16249.24,123.5,1939.66,314.8,485.68,541.05,110.11,176.9,191.51,103.1,137.12,289.77,123.69,197.96,294.81,2872.31,1521.73,447.07,66.81,231.64,914.53,364.51,229.29,270.66,464.64,221.49,102.95,3174.69,242.91,95.18,133.56,40.22,59.1,100.08,281.65
20260824,10:59:35,45144.77,40496.09,24279.46,16247.94,123.5,1939.66,314.73,485.68,541.09,110.12,176.84,191.5,103.05,137.12,289.77,123.69,197.96,294.81,2872.48,1521.79,447.04,66.81,231.89,914.53,364.51,229.29,270.66,464.57,221.47,102.95,3174.69,242.91,95.18,133.56,40.22,59.1,100.08,281.69
20260824,10:59:40,45144.64,40494.89,24283.12,16248.57,123.56,1939.72,314.73,485.66,541.09,110.04,176.84,191.5,103.05,137.12,289.77,123.69,197.96,294.81,2872.37,1521.79,447.13,66.85,231.76,914.49,364.51,229.29,270.45,464.65,221.52,102.95,3175.66,242.91,95.18,133.56,40.22,59.1,100.08,281.7
20260824,10:59:45,45145.22,40495.45,24284.59,16250.26,123.69,1939.72,314.73,485.74,541.09,110.04,176.83,191.49,103.05,137.12,289.77,123.69,198.1,294.81,2872.37,1521.68,447.04,66.85,231.76,914.51,364.6,229.29,270.77,464.67,221.63,102.95,3175.66,242.91,95.18,133.56,40.22,59.1,100.08,281.7
20260824,10:59:50,45145.81,40496.25,24281.37,16247.29,123.56,1939.72,314.27,485.67,541.12,110.05,176.84,191.51,103.05,137.12,289.77,123.73,198.1,294.82,2872.51,1521.8,447.03,66.91,231.64,914.48,364.62,229.29,270.77,464.67,221.69,102.95,3175.46,242.84,95.18,133.56,40.22,59.1,100.08,281.69
20260824,10:59:55,45145.9,40496.03,24285.17,16250.61,123.68,1939.72,314.72,485.67,541.08,110.04,176.84,191.51,103.05,137.12,289.77,123.74,198.1,294.82,2872.41,1521.81,446.95,66.91,231.89,914.48,364.62,229.29,270.46,464.75,221.65,102.95,3175.75,242.84,95.18,133.56,40.22,59.1,100.08,281.69
20260824,11:00:00,45148.8,40498.74,24285.19,16250.27,123.68,1939.72,314.81,485.67,541.23,110.05,176.83,191.49,103.05,137.12,289.71,123.74,198.1,294.82,2872.64,1521.84,446.98,66.9,232.23,914.57,364.64,229.29,270.47,464.75,221.5,102.95,3175.84,242.84,95.18,133.56,40.22,59.1,100.08,281.69
20260824,11:00:05,45150.97,40501.36,24284.46,16251.11,123.68,1942.54,314.81,485.67,541.23,110.04,176.85,191.52,103.05,137.12,289.71,123.74,198.1,294.82,2872.83,1521.79,447.09,66.92,232.23,914.75,364.34,229.29,270.73,464.7,221.49,102.95,3175.39,242.84,95.18,133.56,40.22,59.1,100.08,281.64
20260824,11:00:10,45156.3,40506.17,24286.26,16251.92,123.62,1942.43,314.81,485.67,541.23,110.05,176.84,191.51,103.05,137.12,289.71,123.72,198.1,294.82,2873.2,1522.04,447.2,66.93,231.98,915.32,364.34,229.29,270.43,464.7,221.63,102.95,3175.73,242.84,95.18,133.55,40.22,59.07,100.08,281.64
20260824,11:00:15,45154.73,40504.41,24286.48,16251.36,123.75,1942.43,314.81,485.92,541.23,110.05,176.84,191.51,103.05,137.12,289.6,123.72,198.1,294.82,2873.07,1522.11,447.2,66.9,231.8,915.05,364.1,229.29,270.43,464.7,221.51,102.95,3175.95,242.84,95.18,133.57,40.22,59.07,100.08,281.64
20260824,11:00:20,45156.37,40506.31,24285.04,16250.76,123.75,1942.43,314.81,485.67,540.92,110.05,176.85,191.52,103.05,137.12,289.6,123.72,198.15,294.82,2873.24,1522.19,447.23,66.9,231.8,915.15,364.1,229.29,270.43,464.8,221.55,102.95,3175.66,242.84,95.18,133.57,40.22,59.07,100.08,281.64
20260824,11:00:25,45157.36,40507.28,24284.77,16250.45,123.75,1942.43,314.81,485.68,540.92,110.05,176.84,191.52,103.05,137.12,289.6,123.72,198.15,294.86,2873.32,1522.2,447.23,66.91,232.04,915.15,364.1,229.29,270.43,464.8,221.48,102.95,3175.66,242.97,95.18,133.57,40.21,59.07,100.08,281.67
20260824,11:00:30,45157.53,40507.65,24284.35,16250.66,123.75,1942.43,314.81,485.68,540.92,110.05,176.85,191.56,103.05,137.12,289.6,123.72,198.15,294.86,2873.35,1522.17,447.3,66.93,232.03,915.16,364.1,229.29,270.43,464.83,221.49,102.95,3175.47,242.97,95.18,133.57,40.21,59.07,100.08,281.67
20260824,11:00:35,45199.98,40548.26,24286.91,16251.1,123.76,1942.54,314.81,485.79,540.92,110.05,176.85,191.57,103.05,137.12,289.6,123.72,198.11,294.86,2876.61,1524.59,447.3,66.94,232.28,915.14,364.42,229.29,270.43,464.83,221.52,102.95,3176.16,242.97,95.18,133.57,40.21,59.07,100.08,281.67
20260824,11:00:40,45163.32,40509.57,24295.24,16250.72,123.63,1942.54,314.81,486.05,540.89,110.05,176.86,191.58,103.05,137.12,289.6,123.72,198.15,294.89,2873.5,1522.2,447.3,66.93,232.28,915.16,364.42,229.29,270.43,464.83,221.48,102.95,3178.86,242.97,95.18,133.57,40.21,59.07,100.08,281.67
20260824,11:00:45,45166.02,40512.91,24293.31,16250.9,123.63,1942.54,314.81,486.05,540.89,110.05,176.85,191.54,103.05,137.12,289.6,123.72,198.19,294.89,2873.76,1522.26,447.29,66.93,232.28,915.21,364.42,229.29,270.75,464.83,221.49,102.95,3178.21,242.97,95.18,133.57,40.21,59.07,100.08,281.72
20260824,11:00:50,45166.12,40512.84,24295.88,16253.25,123.63,1942.54,314.81,486.05,540.89,110.05,176.85,191.54,103.05,137.12,289.6,123.72,198.19,294.89,2873.7,1522.32,447.28,66.95,231.8,915.3,364.41,229.29,270.75,464.86,221.6,102.95,3178.37,242.99,95.3,133.57,40.21,59.1,100.08,281.72
20260824,11:00:55,45163.59,40510.87,24294.91,16253.8,123.63,1942.54,314.89,486.05,540.89,110.05,176.84,191.52,103.05,137.12,289.6,123.72,198.19,294.89,2873.53,1522.32,447.28,66.94,231.8,915.29,364.43,229.29,270.44,464.91,221.6,102.95,3177.92,242.95,95.3,133.58,40.21,59.1,100.08,281.69
20260824,11:01:00,45161.56,40510.89,24288.86,16253.57,123.63,1942.54,314.81,486.05,540.9,110.04,176.85,191.51,103.05,137.12,289.6,123.72,198.19,294.93,2873.54,1522.33,447.25,66.95,231.8,915.28,364.45,229.29,270.44,465.01,221.6,102.95,3176.1,242.95,95.3,133.58,40.21,59.1,100.08,281.69
20260824,11:01:05,45163.97,40510.69,24295.58,16252.75,123.63,1942.54,314.82,486.05,540.9,110.06,176.84,191.47,103.05,137.12,289.6,123.6,198.19,294.93,2873.54,1522.21,447.34,66.96,231.8,915.16,364.45,229.29,270.75,465.03,221.61,102.95,3178.42,242.95,95.3,133.58,40.21,59.1,100.08,281.67
20260824,11:01:10,45163.79,40510.37,24295.61,16252.3,123.76,1942.54,314.82,486.05,540.91,110.06,176.77,191.5,102.99,137.12,289.45,123.59,198.15,294.93,2873.53,1522.2,447.36,66.96,231.78,915.16,364.43,229.29,270.75,465.03,221.61,102.95,3178.55,242.95,95.3,133.57,40.2,59.1,100.08,281.67
20260824,11:01:15,45165.8,40512.12,24296.3,16252.39,123.76,1941.13,314.81,486.05,540.83,109.98,176.78,191.53,102.99,137.13,289.45,123.59,198.15,294.93,2873.66,1522.31,447.34,66.96,231.78,915.17,364.43,229.29,270.75,465.03,221.62,102.95,3178.74,242.95,95.42,133.57,40.2,59.1,100.08,281.69
20260824,11:01:20,45159.62,40508.81,24288.26,16252.22,123.63,1941.36,314.81,486.05,540.83,109.98,176.79,191.52,103.0,137.13,289.6,123.59,198.15,294.93,2873.4,1522.19,447.25,66.96,231.9,915.16,364.47,229.29,270.53,465.03,221.62,102.95,3176.27,242.95,95.42,133.57,40.2,59.1,100.08,281.68
20260824,11:01:25,45159.85,40509.1,24288.28,16252.46,123.76,1941.36,314.81,486.05,540.83,110.06,176.79,191.52,103.0,137.13,289.6,123.59,198.15,294.92,2873.42,1522.18,447.24,66.95,232.02,915.17,364.47,229.29,270.53,465.02,221.59,102.95,3176.21,242.95,95.42,133.57,40.2,59.1,100.08,281.68
20260824,11:01:30,45159.32,40508.86,24288.51,16253.66,123.76,1941.36,314.89,485.93,540.92,110.06,176.78,191.51,103.0,137.13,289.6,123.59,198.15,294.92,2873.37,1522.25,447.24,66.94,231.78,915.06,364.47,229.29,270.53,465.02,221.62,102.95,3175.96,242.95,95.44,133.57,40.2,59.1,100.08,281.67
20260824,11:01:35,45158.88,40508.31,24287.94,16252.62,123.76,1941.72,314.9,486.05,540.93,110.05,176.78,191.49,103.0,137.13,289.6,123.59,198.15,294.92,2873.35,1522.15,447.25,66.96,231.78,914.89,364.47,229.32,270.84,465.02,221.48,102.95,3176.07,242.95,95.44,133.57,40.2,59.1,100.08,281.67
20260824,11:01:40,45155.59,40505.33,24287.92,16253.31,123.76,1941.72,314.9,485.93,540.99,110.05,176.76,191.48,102.99,137.13,289.6,123.59,198.15,294.92,2873.09,1522.07,447.25,66.96,231.78,914.53,364.47,229.32,270.84,465.02,221.58,102.95,3175.87,242.95,95.44,133.54,40.2,59.1,100.08,281.67
20260824,11:01:45,45192.23,40541.03,24286.92,16252.16,123.76,1941.72,314.9,485.93,540.99,110.05,176.76,191.51,102.98,137.13,289.6,123.59,198.15,294.92,2876.0,1524.38,447.2,66.95,231.78,914.39,364.45,229.32,270.84,464.99,221.46,102.95,3175.87,242.94,95.44,133.54,40.2,59.1,100.08,281.67
20260824,11:01:50,45189.5,40538.51,24285.68,16251.22,123.76,1941.72,314.9,485.68,540.99,109.97,176.76,191.53,102.98,137.13,289.6,123.59,198.15,294.92,2875.82,1524.34,447.18,66.95,231.78,914.11,364.45,229.32,270.83,464.95,221.43,102.95,3175.74,242.94,95.44,133.56,40.16,59.1,100.08,281.67
20260824,11:01:55,45194.61,40543.8,24283.6,16249.87,123.76,1941.72,314.19,485.68,540.99,109.97,176.78,191.55,102.99,137.13,289.6,123.72,198.19,294.92,2876.28,1524.6,447.18,66.95,231.9,914.29,364.45,229.32,270.83,464.95,221.73,102.95,3175.46,242.94,95.44,133.56,40.16,59.1,100.08,281.66
20260824,11:02:00,45152.53,40502.35,24286.61,16251.82,123.63,1941.72,314.81,485.68,540.98,110.06,176.78,191.56,102.99,137.13,289.6,123.72,198.19,294.92,2872.89,1522.07,447.13,66.95,231.9,914.1,364.45,229.32,270.83,464.95,221.46,102.95,3175.87,242.94,95.44,133.57,40.16,59.1,100.08,281.68
20260824,11:02:05,45153.13,40502.93,24286.13,16251.27,123.63,1941.75,314.82,485.66,540.96,109.98,176.78,191.55,102.99,137.13,289.6,123.72,198.19,294.92,2872.95,1522.04,447.21,66.95,231.9,914.24,364.45,229.32,270.83,464.95,221.45,102.95,3175.87,242.9,95.44,133.57,40.16,59.1,100.08,281.68
20260824,11:02:10,45155.15,40504.9,24287.0,16252.27,123.76,1941.75,314.9,485.66,540.96,109.97,176.77,191.54,102.99,137.13,289.6,123.72,198.19,294.92,2873.09,1522.15,447.18,66.96,231.9,914.24,364.45,229.32,270.83,464.95,221.45,102.95,3175.87,242.9,95.44,133.59,40.16,59.1,100.08,281.68
20260824,11:02:15,45153.86,40505.52,24281.8,16252.56,123.76,1941.75,314.9,485.66,540.96,109.97,176.78,191.56,102.99,137.13,289.6,123.72,198.19,294.92,2873.13,1522.03,447.17,66.96,231.9,914.71,364.45,229.32,270.83,464.99,221.45,102.95,3174.16,242.9,95.44,133.62,40.16,59.1,100.08,281.68
20260824,11:02:20,45157.23,40506.45,24288.42,16252.3,123.63,1941.75,314.9,485.66,540.99,110.05,176.78,191.56,102.99,137.13,289.6,123.72,198.19,294.92,2873.21,1522.07,447.16,66.96,232.01,914.7,364.45,229.32,270.82,465.0,221.43,102.95,3176.3,242.9,95.44,133.62,40.16,59.1,100.08,281.68
20260824,11:02:25,45155.95,40505.74,24288.16,16253.79,123.63,1941.75,314.89,485.66,540.99,110.04,176.78,191.56,102.99,137.13,289.6,123.72,198.19,294.91,2873.12,1522.07,447.18,66.93,231.81,914.7,364.46,229.32,270.83,465.0,221.59,102.95,3175.82,242.9,95.44,133.62,40.16,59.1,100.08,281.68
20260824,11:02:30,45158.64,40507.91,24290.32,16254.78,123.63,1941.75,314.89,485.66,540.99,109.97,176.78,191.56,102.99,137.13,289.6,123.72,198.19,294.91,2873.27,1522.14,447.18,66.94,231.93,914.69,364.47,229.32,270.83,464.97,221.71,102.95,3176.22,242.9,95.44,133.62,40.2,59.09,100.08,281.68
20260824,11:02:35,45158.41,40508.6,24288.01,16255.18,123.76,1941.81,314.9,485.67,540.99,109.97,176.78,191.56,102.99,137.13,289.6,123.72,198.19,294.91,2873.31,1522.22,447.18,66.93,231.93,914.58,364.48,229.32,270.83,464.93,221.71,102.95,3175.39,242.9,95.44,133.63,40.2,59.09,100.08,281.68
20260824,11:02:40,45156.47,40506.94,24285.82,16253.41,123.76,1941.45,314.81,485.67,540.99,109.97,176.78,191.56,102.99,137.13,289.6,123.72,198.19,294.91,2873.22,1522.13,447.25,66.92,231.94,914.58,364.48,229.32,270.83,464.96,221.59,102.95,3175.19,242.9,95.44,133.63,40.24,59.09,100.08,281.68
20260824,11:02:45,45160.33,40510.42,24286.25,16252.98,123.76,1941.45,314.9,485.67,540.96,109.97,176.78,191.55,102.99,137.13,289.6,123.72,198.19,294.91,2873.51,1522.35,447.25,66.93,231.94,914.58,364.47,229.32,270.83,464.96,221.59,102.95,3175.44,242.9,95.32,133.63,40.24,59.09,100.08,281.68
20260824,11:02:50,45154.12,40504.37,24281.28,16247.25,123.76,1941.45,314.35,485.67,540.92,109.97,176.76,191.5,102.99,137.13,289.6,123.72,198.19,294.91,2873.16,1522.23,447.06,66.93,231.94,914.7,364.47,229.32,270.53,464.93,221.44,102.95,3175.44,242.91,95.32,133.63,40.24,59.09,100.08,281.68
20260824,11:02:55,45155.51,40505.71,24282.15,16248.21,123.76,1941.45,314.34,485.67,540.92,109.97,176.76,191.47,102.99,137.13,289.6,123.72,198.04,294.91,2873.25,1522.18,447.01,66.92,231.94,914.7,364.47,229.34,270.84,464.94,221.59,102.95,3175.45,242.91,95.32,133.63,40.24,59.09,100.08,281.63
20260824,11:03:00,45197.45,40546.59,24284.89,16251.42,123.63,1941.45,314.89,485.82,540.92,109.97,176.75,191.46,102.99,137.13,289.6,123.72,198.04,294.91,2876.47,1524.59,447.0,66.92,232.19,914.7,364.47,229.34,270.85,464.94,221.44,102.94,3175.44,242.86,95.44,133.63,40.24,59.09,100.08,281.63
20260824,11:03:05,45155.39,40506.0,24283.18,16250.74,123.76,1941.45,314.89,485.82,541.0,109.89,176.76,191.48,102.99,137.13,289.6,123.72,198.04,294.91,2873.21,1522.24,447.01,66.92,232.17,914.24,364.47,229.34,270.85,464.94,221.43,102.94,3175.09,242.86,95.32,133.63,40.24,59.07,100.08,281.63
20260824,11:03:10,45152.73,40503.4,24282.89,16250.42,123.76,1941.45,314.89,485.82,541.04,109.89,176.76,191.48,102.99,137.13,289.6,123.6,198.04,294.91,2873.01,1522.28,447.01,66.93,231.93,914.25,364.46,229.34,270.54,464.94,221.47,102.94,3175.09,242.86,95.32,133.63,40.24,59.07,100.08,281.63
20260824,11:03:15,45194.37,40544.07,24280.75,16248.28,123.76,1941.45,314.35,485.82,541.04,109.89,176.76,191.49,102.99,137.13,289.6,123.56,198.04,294.91,2876.34,1524.69,447.11,66.93,231.93,914.22,364.46,229.34,270.85,464.94,221.58,102.94,3175.0,242.86,95.44,133.63,40.24,59.07,100.08,281.62
20260824,11:03:20,45195.96,40545.28,24283.33,16250.08,123.76,1941.45,314.89,485.82,541.04,109.89,176.56,191.48,102.83,137.13,289.6,123.56,198.19,294.91,2876.39,1524.69,447.1,66.92,232.11,914.2,364.46,229.34,270.85,464.94,221.58,102.95,3175.31,242.86,95.32,133.61,40.24,59.07,100.08,281.93
20260824,11:03:25,45195.85,40545.21,24284.04,16251.06,123.76,1941.49,314.88,485.82,541.04,109.89,176.55,191.46,102.83,137.13,289.6,123.56,198.19,294.91,2876.36,1524.8,447.12,66.94,231.99,914.23,364.46,229.34,270.54,464.94,221.69,102.95,3175.27,242.86,95.32,133.61,40.24,59.07,100.08,281.93
20260824,11:03:30,45194.85,40543.45,24283.29,16247.55,123.7,1941.49,314.34,485.82,541.04,109.89,176.55,191.46,102.83,137.13,289.6,123.56,198.19,294.91,2876.31,1524.75,447.13,66.96,232.11,914.23,364.45,229.34,270.45,464.97,221.73,102.95,3175.99,242.87,95.32,133.61,40.24,59.1,100.08,281.93
20260824,11:03:35,45195.02,40544.5,24284.34,16251.74,123.7,1941.49,314.88,485.82,541.04,109.97,176.56,191.47,102.83,137.13,289.6,123.56,198.19,294.91,2876.29,1524.76,447.13,66.93,232.11,914.22,364.46,229.34,270.45,464.97,221.73,102.95,3175.18,242.87,95.32,133.61,40.23,59.1,100.08,281.93
20260824,11:03:40,45197.27,40546.69,24283.48,16250.73,123.57,1941.49,314.88,485.82,541.05,109.89,176.56,191.49,102.83,137.13,289.6,123.56,198.19,294.88,2876.49,1524.83,447.22,66.92,232.35,914.2,364.47,229.34,270.45,464.97,221.58,102.95,3175.18,242.94,95.44,133.61,40.23,59.1,100.08,281.93
20260824,11:03:45,45153.59,40504.23,24283.02,16250.53,123.57,1941.49,314.88,485.82,540.98,109.89,176.56,191.49,102.83,137.13,289.6,123.56,198.22,294.88,2873.07,1522.27,447.22,66.93,232.18,914.08,364.47,229.34,270.45,464.97,221.58,102.95,3175.09,242.93,95.44,133.61,40.23,59.1,100.08,281.93
20260824,11:03:50,45155.42,40505.4,24285.38,16251.18,123.7,1941.49,314.88,485.82,541.05,109.89,176.56,191.48,102.83,137.13,289.6,123.56,198.22,294.88,2873.15,1522.4,447.24,66.92,231.93,914.09,364.47,229.34,270.46,464.97,221.58,102.95,3175.66,242.93,95.44,133.62,40.23,59.11,100.08,281.93
20260824,11:03:55,45156.35,40506.83,24282.85,16250.04,123.7,1941.49,314.89,485.82,541.06,109.89,176.56,191.48,102.83,137.13,289.6,123.56,198.22,294.88,2873.29,1522.23,447.24,66.92,231.93,914.56,364.47,229.34,270.76,465.08,221.43,102.95,3175.17,242.93,95.44,133.62,40.23,59.11,100.08,281.93
20260824,11:04:00,45157.15,40508.37,24279.35,16248.54,123.57,1941.49,314.8,485.82,540.92,109.89,176.56,191.48,102.83,137.13,289.6,123.56,198.22,294.88,2873.45,1522.36,447.24,66.92,231.93,914.55,364.45,229.34,270.76,465.07,221.43,102.95,3174.49,242.93,95.44,133.62,40.23,59.11,100.08,281.93
20260824,11:04:05,45159.86,40510.87,24281.22,16250.21,123.57,1941.49,314.89,485.82,540.92,109.89,176.55,191.48,102.82,137.13,289.74,123.68,198.22,294.88,2873.62,1522.42,447.24,66.9,231.93,914.76,364.45,229.34,270.76,465.07,221.54,102.95,3174.62,242.98,95.44,133.61,40.23,59.11,100.08,281.62
20260824,11:04:10,45159.09,40509.96,24278.03,16246.02,123.57,1941.49,314.35,485.82,540.92,109.96,176.55,191.45,102.82,137.13,289.74,123.68,198.22,294.88,2873.64,1522.44,447.24,66.9,231.92,914.78,364.51,229.34,270.75,464.95,221.52,102.95,3174.76,242.97,95.44,133.63,40.23,59.11,100.08,281.62
20260824,11:04:15,45159.7,40510.81,24277.13,16245.83,123.57,1941.49,314.35,485.82,540.95,109.88,176.54,191.45,102.82,137.13,289.74,123.68,198.22,294.88,2873.72,1522.5,447.27,66.9,231.92,914.73,364.51,229.34,270.76,464.95,221.52,102.95,3174.53,242.97,95.44,133.63,40.23,59.11,100.08,281.62
20260824,11:04:20,45161.93,40512.28,24282.72,16249.95,123.57,1941.49,314.9,485.82,540.95,109.95,176.54,191.45,102.82,137.13,289.74,123.68,198.22,294.88,2873.74,1522.48,447.16,66.9,232.11,914.79,364.49,229.34,270.76,464.96,221.51,102.95,3175.16,242.97,95.44,133.63,40.23,59.11,100.08,281.62
20260824,11:04:25,45160.73,40511.27,24284.1,16252.05,123.7,1941.4,314.9,486.08,540.96,109.95,176.54,191.46,102.82,137.13,289.74,123.68,198.22,294.88,2873.6,1522.48,447.27,66.9,232.11,914.78,364.49,229.34,270.44,464.94,221.67,102.95,3175.02,242.97,95.44,133.63,40.23,59.11,100.08,281.62
20260824,11:04:30,45158.09,40508.7,24282.13,16249.79,123.7,1941.4,314.9,486.07,540.96,109.95,176.55,191.49,102.82,137.13,289.77,123.68,198.22,294.9,2873.45,1522.36,447.27,66.91,232.11,914.77,364.49,229.34,270.44,464.94,221.41,102.95,3175.02,242.97,95.44,133.65,40.23,59.11,100.08,281.62
20260824,11:04:35,45162.38,40513.47,24279.88,16249.16,123.7,1941.4,314.9,486.07,541.03,109.95,176.56,191.51,102.82,137.13,289.77,123.56,198.22,294.87,2873.85,1522.47,447.26,66.91,232.34,914.77,364.48,229.34,270.75,464.92,221.4,102.95,3174.48,242.97,95.44,133.65,40.23,59.11,100.08,281.62
20260824,11:04:40,45162.09,40512.16,24283.62,16250.04,123.7,1941.4,314.9,486.07,541.03,110.03,176.56,191.47,102.83,137.13,289.77,123.55,198.22,294.87,2873.72,1522.55,447.26,66.91,232.34,914.63,364.48,229.34,270.43,464.92,221.47,102.95,3175.42,242.97,95.44,133.65,40.23,59.11,100.08,281.62
20260824,11:04:45,45162.44,40513.07,24282.68,16250.85,123.7,1941.4,314.98,486.07,541.03,110.03,176.56,191.47,102.83,137.13,289.77,123.55,198.22,294.9,2873.78,1522.54,447.26,66.91,231.91,914.77,364.48,229.34,270.75,464.89,221.49,102.95,3174.9,242.97,95.44,133.66,40.23,59.11,100.08,281.62
20260824,11:04:50,45161.57,40512.25,24281.35,16249.41,123.7,1941.4,314.98,486.07,541.04,110.04,176.55,191.47,102.82,137.13,289.77,123.55,198.22,294.9,2873.75,1522.49,447.35,66.91,231.91,914.74,364.55,229.34,270.75,464.88,221.35,102.95,3174.88,242.99,95.44,133.66,40.23,59.11,100.08,281.62
20260824,11:04:55,45161.94,40513.19,24280.79,16250.73,123.7,1941.4,314.98,486.07,541.04,110.04,176.54,191.45,102.82,137.13,289.77,123.55,198.22,294.88,2873.79,1522.57,447.27,66.92,231.92,914.71,364.31,229.34,270.75,464.88,221.5,102.95,3174.34,242.99,95.44,133.66,40.23,59.11,100.08,281.62
20260824,11:05:00,45202.68,40552.22,24283.4,16251.46,123.7,1941.4,314.98,486.07,541.18,110.05,176.55,191.46,102.82,137.13,289.89,123.55,198.22,294.88,2876.92,1524.97,447.27,66.94,231.93,914.69,364.31,229.34,270.75,464.88,221.51,102.95,3174.96,242.99,95.44,133.66,40.23,59.11,100.08,281.63
20260824,11:05:05,45205.54,40552.44,24290.88,16251.49,123.57,1942.0,314.89,486.07,541.48,110.03,176.55,191.46,102.82,137.13,289.89,123.55,198.22,294.88,2876.94,1524.98,447.24,66.92,231.81,914.86,364.31,229.34,270.74,464.93,221.51,102.95,3177.29,242.99,95.44,133.66,40.23,59.08,100.08,281.63
20260824,11:05:10,45199.48,40547.78,24287.61,16251.92,123.76,1942.0,314.89,486.07,541.39,110.11,176.55,191.46,102.82,137.13,289.89,123.55,198.22,294.89,2876.55,1524.97,447.25,66.92,231.93,914.28,364.31,229.34,270.43,464.89,221.51,102.95,3176.15,242.94,95.44,133.67,40.23,59.08,100.08,281.65
20260824,11:05:15,45201.29,40549.19,24288.97,16252.28,123.76,1941.94,314.88,486.07,541.39,110.03,176.54,191.44,102.82,137.13,289.89,123.55,198.18,294.89,2876.65,1524.85,447.25,66.93,231.93,914.86,364.33,229.34,270.43,464.89,221.59,102.95,3176.48,242.94,95.44,133.67,40.23,59.08,100.08,281.66
20260824,11:05:20,45203.67,40551.51,24289.21,16252.55,123.63,1941.94,314.88,486.07,541.39,110.03,176.53,191.42,102.82,137.13,289.89,123.67,198.18,294.89,2876.83,1524.96,447.34,66.94,232.18,914.23,364.01,229.34,270.78,464.89,221.59,102.95,3176.48,242.94,95.44,133.66,40.23,59.08,100.08,281.66
20260824,11:05:25,45200.56,40550.36,24283.46,16252.25,123.76,1941.94,314.88,486.09,541.39,110.03,176.54,191.43,102.82,137.13,289.89,123.55,198.18,294.89,2876.75,1524.92,447.29,66.94,231.95,914.36,364.33,229.34,270.79,464.89,221.58,102.95,3174.77,243.03,95.44,133.66,40.23,59.08,100.08,281.66
20260824,11:05:30,45156.86,40507.54,24284.14,16252.22,123.76,1941.57,314.88,486.09,541.39,110.03,176.54,191.44,102.82,137.13,289.89,123.55,198.21,294.89,2873.3,1522.49,447.26,66.94,231.95,914.22,364.57,229.34,270.33,464.9,221.58,102.95,3174.99,243.03,95.44,133.67,40.23,59.08,100.08,281.67
20260824,11:05:35,45159.04,40509.43,24282.84,16249.96,123.7,1941.57,314.88,486.09,541.39,110.03,176.55,191.44,102.83,137.13,289.89,123.55,198.21,294.89,2873.51,1522.58,447.27,66.94,231.83,914.15,364.57,229.34,270.64,464.86,221.35,102.96,3175.19,243.03,95.44,133.67,40.23,59.09,100.08,281.67
20260824,11:05:40,45119.12,40470.56,24282.4,16249.55,123.76,1941.57,314.88,486.09,541.38,110.03,176.56,191.49,102.83,137.13,289.89,123.55,198.21,294.9,2870.38,1520.17,447.27,66.94,231.83,914.16,364.57,229.34,270.64,464.86,221.35,102.96,3175.17,242.62,95.44,133.67,40.23,59.09,100.08,281.64
20260824,11:05:45,45117.46,40469.68,24280.55,16249.87,123.76,1941.61,314.88,486.09,541.39,110.11,176.57,191.51,102.83,137.13,289.89,123.55,198.21,294.89,2870.3,1520.11,447.29,66.93,231.83,914.16,364.57,229.34,270.64,464.86,221.35,102.96,3174.5,242.62,95.44,133.68,40.23,59.09,100.08,281.64
20260824,11:05:50,45115.19,40467.58,24279.47,16249.02,123.7,1941.55,314.88,486.29,541.24,110.09,176.57,191.52,102.83,137.13,289.89,123.55,198.21,294.89,2870.16,1520.08,447.17,66.93,231.95,914.33,364.33,229.34,270.33,464.85,221.32,102.96,3174.4,242.62,95.44,133.66,40.23,59.09,100.08,281.64
20260824,11:05:55,45117.58,40469.91,24279.59,16249.15,123.7,1941.55,314.88,486.29,541.25,110.09,176.57,191.52,102.83,137.13,289.89,123.56,198.21,294.89,2870.34,1520.08,447.18,66.93,231.94,914.76,364.33,229.34,270.32,464.85,221.32,102.96,3174.4,242.62,95.44,133.66,40.23,59.09,100.08,281.64
20260824,11:06:00,45117.92,40470.2,24280.14,16249.66,123.57,1941.55,314.89,486.29,541.17,110.02,176.57,191.5,102.83,137.13,289.89,123.56,198.21,294.89,2870.35,1520.08,447.17,66.93,231.95,914.75,364.58,229.34,270.32,464.85,221.47,102.96,3174.43,242.62,95.44,133.64,40.23,59.09,100.08,281.64
20260824,11:06:05,45113.21,40465.67,24280.33,16250.04,123.7,1941.55,314.89,486.29,541.17,110.11,176.58,191.5,102.84,136.92,289.89,123.56,198.18,294.89,2869.98,1519.8,447.18,66.94,231.95,914.29,364.57,229.34,270.64,464.86,221.45,102.96,3174.39,242.62,95.44,133.64,40.23,59.09,100.08,281.64
20260824,11:06:10,45114.04,40466.7,24278.6,16248.8,123.57,1941.92,314.89,486.29,541.17,110.03,176.57,191.48,102.84,136.92,289.89,123.6,198.21,294.89,2870.09,1520.03,447.15,66.94,231.84,914.02,364.57,229.34,270.64,464.85,221.35,102.96,3174.19,242.62,95.44,133.64,40.23,59.09,100.08,281.63
20260824,11:06:15,45114.16,40464.87,24285.31,16250.03,123.57,1941.93,314.89,486.29,541.17,110.03,176.57,191.47,102.84,136.92,289.89,123.72,198.21,294.89,2869.91,1520.01,447.13,66.93,231.96,914.0,364.57,229.34,270.32,464.84,221.4,102.96,3175.95,242.62,95.44,133.64,40.23,59.09,100.08,281.63
20260824,11:06:20,45112.16,40462.93,24281.97,16246.19,123.7,1941.93,314.35,486.29,541.17,110.03,176.56,191.46,102.83,136.92,289.89,123.71,198.21,294.89,2869.85,1519.95,447.16,66.93,231.95,913.99,364.57,229.34,270.32,464.9,221.38,102.96,3175.95,242.62,95.44,133.64,40.23,59.09,100.08,281.63
20260824,11:06:25,45112.56,40463.15,24283.5,16247.38,123.7,1941.93,314.35,486.29,541.19,110.03,176.56,191.46,102.83,136.92,289.89,123.72,198.21,294.89,2869.84,1519.97,447.08,66.91,231.95,914.05,364.57,229.34,270.32,464.9,221.5,102.96,3176.1,242.62,95.44,133.64,40.23,59.09,100.08,281.63
20260824,11:06:30,45111.48,40462.1,24283.68,16247.59,123.7,1941.93,314.44,486.22,541.19,109.95,176.56,191.46,102.83,136.92,289.89,123.71,198.21,294.89,2869.75,1519.96,447.09,66.91,231.95,913.88,364.57,229.34,270.32,464.9,221.5,102.96,3176.1,242.62,95.44,133.61,40.23,59.09,100.08,281.63
20260824,11:06:35,45110.29,40460.83,24285.87,16249.75,123.57,1941.93,314.89,486.22,540.98,109.96,176.55,191.46,102.83,136.92,289.89,123.71,198.21,294.89,2869.59,1519.84,447.09,66.9,231.95,913.89,364.57,229.34,270.31,464.9,221.49,102.96,3176.2,242.62,95.44,133.61,40.23,59.09,100.08,281.63
20260824,11:06:40,45108.8,40461.47,24278.11,16247.83,123.57,1941.49,314.89,486.33,540.96,109.96,176.55,191.46,102.82,136.92,289.89,123.67,198.21,294.89,2869.69,1519.96,447.05,66.92,231.83,913.9,364.25,229.34,270.31,464.91,221.34,102.96,3174.29,242.62,95.44,133.62,40.23,59.09,100.08,281.63
20260824,11:06:45,45106.89,40459.88,24278.44,16249.1,123.57,1941.49,314.89,486.33,541.1,109.96,176.54,191.43,102.82,136.92,289.89,123.71,198.21,294.89,2869.53,1519.91,447.05,66.92,231.65,913.88,364.0,229.34,270.31,464.91,221.41,102.96,3174.05,242.58,95.44,133.62,40.23,59.09,100.08,281.65
20260824,11:06:50,45104.58,40457.78,24274.1,16244.62,123.57,1941.49,314.34,486.22,541.13,109.95,176.53,191.38,102.82,136.92,289.89,123.71,198.21,294.89,2869.47,1519.7,447.13,66.92,231.65,913.89,364.0,229.34,270.63,464.84,221.41,102.96,3173.91,242.58,95.42,133.63,40.23,59.09,100.08,281.65
20260824,11:06:55,45106.37,40458.86,24276.32,16244.98,123.57,1941.12,314.34,486.22,541.26,109.95,176.53,191.39,102.82,136.92,289.89,123.71,198.21,294.88,2869.55,1519.82,446.98,66.92,231.9,913.87,364.0,229.34,270.44,464.84,221.42,102.96,3174.51,242.58,95.42,133.63,40.23,59.09,100.08,281.65
20260824,11:07:00,45099.39,40452.28,24274.01,16243.05,123.57,1941.12,314.34,486.22,541.4,109.87,176.53,191.39,102.82,136.92,289.89,123.55,198.21,294.89,2869.07,1519.83,446.89,66.92,231.89,913.13,364.32,229.34,270.14,464.84,221.29,102.96,3174.31,242.58,95.42,133.63,40.23,59.09,100.08,281.64
20260824,11:07:05,45095.82,40448.59,24273.95,16242.26,123.7,1941.12,314.42,486.22,541.25,109.87,176.53,191.39,102.82,136.92,289.89,123.43,198.17,294.89,2868.79,1519.77,446.8,66.92,231.46,913.15,364.32,229.34,270.14,464.84,221.29,102.96,3174.5,242.58,95.42,133.53,40.23,59.09,100.08,281.59
20260824,11:07:10,45096.94,40449.53,24274.45,16242.32,123.57,1941.12,314.42,486.22,541.39,109.87,176.53,191.39,102.82,136.92,289.89,123.43,198.17,294.89,2868.86,1519.71,446.8,66.92,231.46,913.12,364.32,229.34,270.44,464.84,221.29,102.96,3174.65,242.58,95.42,133.53,40.23,59.09,100.08,281.59
20260824,11:07:15,45095.19,40448.47,24270.4,16239.84,123.57,1941.12,314.34,486.22,541.34,109.87,176.53,191.4,102.82,136.92,289.89,123.43,198.17,294.89,2868.84,1519.76,446.8,66.89,231.58,912.86,364.32,229.34,270.44,464.84,221.11,102.96,3174.05,242.58,95.42,133.53,40.23,59.09,100.08,281.59
20260824,11:07:20,45092.59,40445.65,24271.93,16240.63,123.63,1941.12,314.42,486.22,541.39,109.79,176.53,191.4,102.82,136.92,289.89,123.43,198.17,294.89,2868.59,1519.74,446.67,66.9,231.58,912.85,364.32,229.34,270.13,464.85,221.11,102.96,3174.32,242.58,95.42,133.53,40.23,59.09,100.08,281.59
20260824,11:07:25,45091.99,40445.7,24271.32,16242.07,123.63,1941.12,314.42,486.22,541.39,109.79,176.54,191.41,102.83,136.92,289.89,123.43,198.17,294.89,2868.56,1519.73,446.69,66.9,231.58,912.79,364.34,229.34,270.13,464.85,221.25,102.96,3173.74,242.58,95.42,133.53,40.23,59.09,100.08,281.59
20260824,11:07:30,45092.12,40445.59,24271.87,16241.89,123.63,1941.12,314.42,486.22,541.39,109.79,176.53,191.38,102.83,136.92,289.89,123.39,198.17,294.89,2868.56,1519.73,446.69,66.88,231.58,912.82,364.32,229.34,270.13,464.86,221.27,102.96,3173.96,242.58,95.42,133.53,40.23,59.09,100.08,281.59
20260824,11:07:35,45134.64,40487.02,24275.66,16246.25,123.63,1941.12,314.97,486.22,541.51,109.79,176.53,191.37,102.83,136.92,289.89,123.39,198.17,294.89,2871.79,1522.26,446.68,66.89,231.58,912.7,364.32,229.34,270.13,464.84,221.28,102.96,3173.96,242.58,95.42,133.53,40.23,59.09,100.08,281.59
20260824,11:07:40,45130.87,40483.35,24273.9,16244.23,123.63,1941.12,314.97,486.22,541.32,109.79,176.53,191.36,102.83,136.92,289.89,123.39,198.17,294.89,2871.54,1522.09,446.69,66.89,231.46,912.72,364.3,229.34,270.13,464.85,221.13,102.94,3173.96,242.58,95.42,133.54,40.23,59.09,100.08,281.59
20260824,11:07:45,45129.72,40482.38,24269.7,16239.91,123.63,1941.12,314.43,486.14,541.4,109.87,176.33,191.37,102.67,137.13,289.75,123.39,197.99,294.85,2871.57,1522.11,446.68,66.89,231.46,912.71,364.54,229.34,270.13,464.85,221.28,102.94,3173.82,242.58,95.42,133.54,40.23,59.09,100.08,281.59
20260824,11:07:50,45133.59,40485.53,24276.9,16246.11,123.76,1941.12,314.98,486.11,541.39,109.78,176.52,191.34,102.83,137.13,289.75,123.39,197.99,294.85,2871.67,1521.95,446.69,66.89,231.46,913.45,364.3,229.34,270.13,464.86,221.28,102.94,3174.38,242.57,95.42,133.54,40.23,59.09,100.08,281.59
20260824,11:07:55,45132.91,40485.1,24275.74,16245.58,123.7,1941.12,314.98,485.35,541.42,109.78,176.55,191.36,102.85,137.13,289.39,123.39,198.03,294.85,2871.65,1521.95,446.69,66.89,231.46,913.39,364.3,229.34,270.13,464.88,221.28,102.94,3174.17,242.57,95.42,133.53,40.23,59.09,100.08,281.64
20260824,11:08:00,45131.11,40482.69,24272.63,16239.81,123.57,1941.12,314.44,485.35,541.39,109.78,176.55,191.36,102.85,137.13,289.39,123.4,198.03,294.85,2871.6,1521.93,446.66,66.89,231.46,913.39,364.3,229.34,270.13,464.88,221.13,102.94,3174.76,242.57,95.42,133.53,40.23,59.09,100.08,281.64
20260824,11:08:05,45131.41,40484.24,24268.31,16239.04,123.7,1941.12,314.45,485.35,541.32,109.78,176.54,191.31,102.85,137.13,289.39,123.44,198.17,294.83,2871.74,1522.04,446.65,66.88,231.46,913.4,364.3,229.34,270.13,464.88,221.0,102.94,3173.62,242.57,95.42,133.54,40.23,59.09,100.08,281.64
20260824,11:08:10,45134.79,40484.86,24279.81,16243.29,123.7,1941.12,314.99,485.61,541.32,109.78,176.56,191.4,102.85,137.13,289.39,123.44,198.17,294.83,2871.69,1522.04,446.48,66.87,231.58,913.37,364.3,229.34,270.13,464.88,221.0,102.94,3176.06,242.5,95.42,133.53,40.23,59.09,100.08,281.64
20260824,11:08:15,45135.24,40484.84,24276.94,16238.5,123.57,1939.71,314.45,485.6,541.32,109.78,176.57,191.44,102.84,137.13,289.39,123.45,198.17,294.83,2871.8,1522.01,446.28,66.87,231.28,913.81,364.3,229.36,270.44,464.88,221.0,102.94,3176.46,242.5,95.42,133.53,40.23,59.09,100.08,281.64
20260824,11:08:20,45131.18,40483.06,24275.56,16244.18,123.76,1939.71,314.99,485.6,541.32,109.78,176.57,191.43,102.84,137.13,289.39,123.45,198.13,294.83,2871.52,1521.87,446.47,66.85,231.28,913.81,364.33,229.36,270.13,464.91,221.11,102.94,3174.49,242.5,95.42,133.54,40.23,59.09,100.08,281.65
20260824,11:08:25,45129.03,40481.07,24270.09,16238.21,123.7,1939.71,314.45,485.6,541.1,109.78,176.56,191.42,102.84,137.13,289.39,123.45,198.13,294.83,2871.5,1521.76,446.39,66.86,231.25,913.81,364.33,229.36,270.44,464.91,220.98,102.94,3174.4,242.5,95.43,133.54,40.23,59.09,100.08,281.68
20260824,11:08:30,45129.03,40481.14,24269.44,16237.7,123.7,1939.71,314.45,485.6,540.99,109.77,176.57,191.44,102.84,137.13,289.39,123.45,198.13,294.83,2871.52,1521.79,446.33,66.86,231.5,913.94,364.33,229.36,270.17,464.91,221.07,102.94,3174.33,242.5,95.31,133.54,40.23,59.09,100.08,281.68
20260824,11:08:35,45089.64,40443.0,24271.49,16240.87,123.7,1939.71,314.9,485.6,540.99,109.77,176.56,191.46,102.83,137.12,289.39,123.45,198.13,294.82,2868.37,1519.31,446.33,66.85,231.25,913.99,364.33,229.36,270.44,464.91,221.06,102.94,3174.11,242.5,95.31,133.54,40.23,59.09,100.08,281.68
20260824,11:08:40,45089.94,40443.37,24271.42,16241.04,123.57,1939.71,314.99,485.68,540.99,109.69,176.57,191.47,102.83,137.12,289.39,123.45,198.13,294.82,2868.4,1519.31,446.33,66.83,231.37,913.98,364.33,229.36,270.44,464.93,221.06,102.94,3174.05,242.5,95.31,133.54,40.23,59.09,100.08,281.68
20260824,11:08:45,45087.35,40440.84,24266.89,16235.83,123.57,1939.71,314.45,485.55,540.99,109.69,176.36,191.44,102.67,137.12,289.39,123.45,198.13,294.85,2868.32,1519.44,446.31,66.82,231.25,913.95,364.33,229.36,270.13,464.97,221.06,102.94,3174.05,242.5,95.43,133.54,40.23,59.09,100.08,281.68
20260824,11:08:50,45086.49,40440.0,24266.81,16235.73,123.57,1939.71,314.45,485.47,540.96,109.69,176.36,191.45,102.67,137.12,289.39,123.44,198.14,294.84,2868.25,1519.42,446.2,66.82,231.26,913.95,364.33,229.36,270.12,464.97,221.07,102.94,3174.05,242.5,95.43,133.54,40.23,59.09,100.08,281.68
20260824,11:08:55,45086.5,40440.38,24266.16,16236.24,123.57,1939.71,314.37,485.47,540.99,109.69,176.36,191.44,102.67,137.12,289.39,123.47,198.14,294.84,2868.27,1519.41,446.18,66.82,231.37,913.93,364.33,229.36,270.16,464.97,221.16,102.94,3173.71,242.5,95.43,133.54,40.23,59.09,100.08,281.68
20260824,11:09:00,45079.05,40433.34,24265.03,16235.65,123.57,1939.71,314.37,485.47,540.99,109.69,176.36,191.44,102.67,137.12,289.39,123.47,198.14,294.84,2867.72,1519.31,446.11,66.78,231.43,913.07,364.18,229.36,270.12,464.97,221.11,102.94,3173.51,242.44,95.43,133.53,40.23,59.09,100.08,281.68
20260824,11:09:05,45077.83,40431.34,24267.18,16235.42,123.7,1939.71,314.35,485.47,540.99,109.69,176.36,191.45,102.67,137.12,289.39,123.47,198.14,294.84,2867.56,1519.19,446.03,66.78,231.55,913.07,364.17,229.36,270.12,464.98,221.05,102.94,3174.25,242.44,95.43,133.56,40.23,59.08,100.08,281.68
20260824,11:09:10,45078.72,40432.64,24269.27,16239.27,123.7,1939.71,314.89,485.47,540.99,109.69,176.35,191.41,102.67,137.12,289.39,123.47,198.14,294.84,2867.58,1519.28,446.04,66.77,231.65,912.74,364.17,229.36,270.12,464.99,221.05,102.94,3173.85,242.44,95.43,133.56,40.23,59.08,100.08,281.68
20260824,11:09:15,45078.54,40432.07,24268.01,16236.5,123.7,1939.71,314.43,485.46,540.99,109.69,176.35,191.4,102.68,137.12,289.39,123.47,198.14,294.85,2867.6,1519.23,446.15,66.77,231.9,912.61,364.17,229.36,270.1,464.99,221.1,102.94,3174.22,242.47,95.43,133.56,40.23,59.08,100.08,281.68
20260824,11:09:20,45079.47,40432.91,24270.85,16239.55,123.7,1939.71,314.35,485.46,541.0,109.69,176.74,191.4,102.99,136.91,289.39,123.43,198.14,294.85,2867.59,1519.34,446.04,66.77,231.67,912.59,364.17,229.36,270.1,465.01,221.07,102.94,3174.27,242.61,95.43,133.56,40.23,59.08,100.08,281.69
20260824,11:09:25,45116.23,40469.23,24269.76,16239.96,123.76,1939.71,314.34,485.43,541.0,109.69,176.75,191.4,102.99,136.91,289.39,123.44,198.14,294.85,2870.51,1521.59,446.15,66.77,231.54,912.6,364.17,229.11,270.1,465.01,221.09,102.94,3173.82,242.61,95.43,133.57,40.23,59.08,100.08,281.69
20260824,11:09:30,45118.11,40470.7,24274.12,16243.79,123.76,1939.71,314.89,485.43,540.98,109.7,176.74,191.39,102.99,136.91,289.39,123.44,198.11,294.86,2870.53,1521.45,446.17,66.75,231.79,912.59,364.17,229.11,270.32,465.01,221.08,102.94,3174.14,242.61,95.43,133.57,40.23,59.08,100.08,281.69
20260824,11:09:35,45119.06,40471.57,24275.05,16244.66,123.76,1939.79,314.89,485.55,540.95,109.7,176.74,191.39,102.99,136.9,289.39,123.56,198.11,294.86,2870.58,1521.62,446.15,66.77,231.78,912.58,364.15,229.11,270.01,465.01,221.08,102.94,3174.2,242.61,95.43,133.57,40.23,59.08,100.08,281.69
20260824,11:09:40,45116.23,40467.94,24276.83,16243.78,123.63,1939.79,314.9,485.55,540.95,109.7,176.74,191.37,103.0,136.9,289.39,123.56,198.07,294.86,2870.31,1521.41,446.15,66.77,231.78,912.59,364.07,229.11,270.01,464.98,221.07,102.94,3174.99,242.38,95.43,133.57,40.23,59.08,100.08,281.69
20260824,11:09:45,45111.11,40463.23,24275.33,16242.98,123.63,1939.79,314.9,485.29,540.85,109.7,176.74,191.36,103.0,136.9,289.39,123.56,198.07,294.86,2869.95,1521.33,446.27,66.77,231.78,911.86,364.07,229.11,270.01,464.92,221.07,102.94,3174.74,242.38,95.43,133.57,40.23,59.08,100.08,281.68
20260824,11:09:50,45106.46,40458.48,24268.55,16234.45,123.76,1941.2,313.73,485.29,540.86,109.7,176.74,191.36,103.0,136.9,289.39,123.56,198.07,294.86,2869.77,1521.14,446.17,66.77,231.67,911.84,364.05,229.11,270.32,464.9,221.07,102.94,3174.94,242.38,95.31,133.57,40.23,59.08,100.08,281.7
20260824,11:09:55,45107.37,40459.59,24268.94,16235.65,123.76,1941.2,313.64,485.29,540.83,109.71,176.74,191.37,103.0,136.9,289.39,123.56,198.22,294.86,2869.83,1521.33,446.29,66.74,231.67,911.77,364.04,229.11,270.0,464.94,221.11,102.94,3174.74,242.38,95.43,133.67,40.23,59.08,100.08,281.7
20260824,11:10:00,45108.18,40460.47,24269.83,16236.95,123.63,1941.3,313.74,485.29,540.83,109.71,176.73,191.33,103.0,136.9,289.39,123.56,198.22,294.86,2869.87,1521.26,446.17,66.74,231.67,911.77,364.06,229.11,270.32,464.94,221.06,102.94,3174.66,242.38,95.43,134.17,40.23,59.08,100.08,281.7
20260824,11:10:05,45106.71,40458.79,24270.18,16236.54,123.76,1941.3,313.65,485.29,540.83,109.69,176.73,191.31,103.0,136.9,289.39,123.56,198.22,294.86,2869.75,1521.21,446.2,66.74,231.42,911.8,364.06,229.11,270.32,464.9,221.05,102.94,3174.88,242.38,95.43,134.17,40.23,59.1,100.08,281.71
20260824,11:10:10,45109.66,40461.98,24269.77,16237.13,123.63,1941.2,313.73,485.29,540.83,109.7,176.74,191.34,103.0,136.9,289.39,123.56,198.22,294.86,2869.99,1521.41,446.18,66.74,231.42,911.8,364.04,229.1,270.32,464.9,221.07,102.94,3174.59,242.38,95.43,134.15,40.23,59.1,100.08,281.76
20260824,11:10:15,45107.62,40459.62,24270.81,16237.08,123.63,1941.2,313.72,485.29,540.83,109.7,176.73,191.34,103.0,136.9,289.39,123.55,198.22,294.86,2869.8,1521.41,446.17,66.73,231.42,911.79,364.03,229.1,270.0,464.91,221.1,102.93,3174.93,242.38,95.43,134.05,40.23,59.1,100.08,281.78
20260824,11:10:20,45107.59,40459.58,24270.53,16236.75,123.63,1941.2,313.72,485.29,540.92,109.7,176.71,191.34,102.98,136.9,289.39,123.55,198.22,294.86,2869.81,1521.41,446.08,66.73,231.53,911.8,364.03,229.1,270.01,464.9,221.06,102.93,3174.93,242.38,95.43,134.05,40.25,59.1,100.08,281.78
20260824,11:10:25,45108.06,40460.19,24270.37,16237.05,123.76,1941.2,313.72,485.29,540.95,109.7,176.71,191.34,102.98,136.9,289.39,123.55,198.22,294.86,2869.85,1521.5,446.09,66.72,231.53,911.61,364.03,229.1,270.01,464.9,221.06,102.93,3174.8,242.38,95.43,134.05,40.25,59.07,100.08,281.78
20260824,11:10:30,45107.96,40459.87,24270.81,16236.82,123.76,1941.2,313.72,485.18,540.95,109.7,176.72,191.34,102.98,136.9,289.39,123.55,198.22,294.86,2869.83,1521.48,446.09,66.76,231.53,911.58,364.03,229.1,270.01,464.9,221.05,102.93,3175.0,242.38,95.43,134.05,40.25,59.07,100.08,281.78
20260824,11:10:35,45108.36,40460.07,24269.97,16235.21,123.76,1941.2,313.64,485.18,540.85,109.73,176.71,191.33,102.98,136.9,289.39,123.55,198.22,294.86,2869.88,1521.52,446.09,66.77,231.53,911.55,364.03,229.1,270.01,464.9,221.09,102.93,3175.18,242.38,95.31,134.05,40.25,59.07,100.08,281.73
20260824,11:10:40,45065.47,40421.06,24261.22,16234.47,123.63,1941.2,313.63,485.18,540.85,109.73,176.72,191.33,102.98,136.9,289.39,123.55,198.22,294.86,2866.76,1519.12,446.09,66.76,231.53,911.54,364.03,229.1,270.01,464.9,221.05,102.93,3172.65,242.38,95.31,134.05,40.25,59.07,100.08,281.73
20260824,11:10:45,45068.41,40421.4,24267.79,16233.57,123.63,1941.2,313.63,485.18,540.85,109.73,176.72,191.37,102.98,136.91,289.39,123.54,198.22,294.86,2866.81,1519.18,446.09,66.75,231.53,911.5,364.03,229.1,270.01,464.9,221.05,102.91,3174.94,242.38,95.19,134.02,40.25,59.09,100.08,281.73
20260824,11:10:50,45068.14,40423.23,24265.52,16237.96,123.63,1941.2,314.18,485.14,540.88,109.74,176.72,191.37,102.98,136.91,289.39,123.54,198.22,294.86,2866.85,1519.14,446.08,66.76,231.78,911.5,363.96,229.1,270.01,464.9,221.09,102.91,3173.04,242.38,95.19,134.02,40.25,59.09,100.08,281.73
20260824,11:10:55,45065.21,40420.38,24263.75,16235.93,123.63,1941.2,314.18,485.14,540.87,109.74,176.72,191.35,102.98,136.7,289.39,123.58,198.22,294.83,2866.67,1519.0,446.08,66.75,231.78,911.5,363.96,229.1,270.01,464.9,220.9,102.91,3173.04,242.38,95.19,134.01,40.25,59.09,100.08,281.73
20260824,11:11:00,45106.21,40460.08,24264.12,16235.53,123.76,1941.2,314.09,485.14,540.87,109.73,176.52,191.35,102.82,136.7,289.39,123.58,198.22,294.83,2869.88,1521.53,446.06,66.76,231.78,911.36,363.96,229.1,270.01,464.9,221.01,102.91,3173.26,242.38,95.31,134.01,40.25,59.09,100.08,281.73
20260824,11:11:05,45106.83,40458.98,24269.52,16236.04,123.76,1941.2,314.18,485.14,540.86,109.73,176.51,191.32,102.82,136.7,289.39,123.58,198.18,294.83,2869.78,1521.44,446.06,66.75,231.53,911.63,363.96,229.1,270.0,464.9,220.91,102.91,3174.81,242.38,95.43,134.01,40.25,59.09,100.08,281.73
20260824,11:11:10,45112.67,40464.08,24270.49,16235.19,123.63,1941.2,314.26,485.15,541.16,109.74,176.5,191.3,102.82,136.7,289.39,123.46,198.18,294.82,2870.21,1521.53,446.07,66.75,231.53,912.36,363.96,229.1,270.0,464.9,220.9,102.91,3175.34,242.38,95.31,134.01,40.25,59.09,100.08,281.67
20260824,11:11:15,45110.88,40463.59,24265.5,16233.64,123.76,1941.2,314.26,485.12,541.17,109.73,176.5,191.3,102.82,136.7,289.39,123.42,198.18,294.82,2870.2,1521.53,446.05,66.74,231.53,912.42,363.63,229.1,270.01,464.84,220.74,102.91,3174.21,242.38,95.31,134.01,40.25,59.09,100.08,281.69
20260824,11:11:20,45111.36,40463.48,24262.87,16228.64,123.63,1941.2,313.64,485.12,541.2,109.75,176.49,191.29,102.81,136.7,289.39,123.42,198.04,294.82,2870.32,1521.54,446.06,66.74,231.53,912.3,363.38,229.1,270.32,464.84,220.74,102.9,3174.74,242.38,95.31,134.01,40.25,59.09,100.08,281.69
20260824,11:11:25,45110.62,40462.75,24262.44,16228.15,123.63,1941.2,313.64,485.12,541.2,109.75,176.49,191.29,102.81,136.7,289.39,123.42,198.07,294.82,2870.27,1521.63,446.06,66.74,231.41,912.4,363.38,229.1,270.01,464.82,220.7,102.9,3174.74,242.38,95.31,134.01,40.25,59.09,100.08,281.67
20260824,11:11:30,45108.84,40461.4,24261.51,16228.34,123.63,1941.2,313.64,484.99,541.2,109.76,176.5,191.27,102.82,136.7,289.39,123.42,198.07,294.82,2870.16,1521.56,446.05,66.74,231.41,912.38,363.38,229.1,269.99,464.84,220.85,102.93,3174.4,242.38,95.19,133.91,40.25,59.07,100.08,281.69
20260824,11:11:35,45110.8,40463.29,24262.15,16229.03,123.63,1941.2,313.64,484.99,541.2,109.76,176.5,191.26,102.82,136.7,289.39,123.42,198.07,294.82,2870.29,1521.68,446.05,66.74,231.4,912.35,363.38,229.1,269.99,464.85,220.83,102.93,3174.41,242.38,95.31,133.91,40.25,59.07,100.08,281.68
20260824,11:11:40,45106.87,40459.9,24256.93,16224.49,123.63,1941.2,313.09,484.99,541.11,109.76,176.49,191.21,102.82,136.7,289.39,123.42,198.04,294.82,2870.13,1521.57,445.78,66.71,231.65,912.36,363.7,229.1,269.99,464.85,220.82,102.93,3174.01,242.38,95.31,133.9,40.25,59.07,100.08,281.68
20260824,11:11:45,45108.32,40461.06,24261.89,16229.35,123.63,1942.61,313.64,485.24,541.21,109.76,176.48,191.2,102.82,136.7,289.39,123.42,198.04,294.82,2870.1,1521.69,445.77,66.7,231.4,912.21,363.7,229.1,269.99,464.85,220.79,102.93,3174.24,242.38,95.31,133.9,40.25,59.07,100.08,281.68
20260824,11:11:50,45106.96,40458.92,24260.86,16225.42,123.63,1942.61,313.09,485.24,541.21,109.76,176.49,191.2,102.83,136.7,289.39,123.42,198.04,294.82,2870.03,1521.63,445.77,66.71,231.4,912.19,363.71,229.1,269.99,464.91,220.8,102.93,3174.99,242.38,95.31,133.9,40.25,59.07,100.08,281.63
20260824,11:11:55,45104.69,40456.85,24259.06,16223.86,123.63,1942.61,313.09,485.24,541.21,109.76,176.49,191.2,102.83,136.7,289.39,123.42,198.04,294.82,2869.9,1521.56,445.77,66.72,231.4,912.08,363.71,229.1,269.98,464.87,220.65,102.93,3174.85,242.38,95.31,133.9,40.25,59.07,100.08,281.63
20260824,11:12:00,45105.26,40457.87,24256.0,16221.87,123.76,1941.2,313.0,485.24,541.18,109.74,176.49,191.19,102.83,136.9,289.39,123.41,198.04,294.82,2870.03,1521.56,445.78,66.72,231.62,912.19,363.71,229.1,269.98,464.86,220.65,102.93,3174.43,242.38,95.19,133.8,40.25,59.07,100.08,281.63
20260824,11:12:05,45107.06,40459.47,24259.26,16225.1,123.63,1941.2,313.62,484.98,541.08,109.74,176.48,191.18,102.83,136.9,289.39,123.41,198.04,294.82,2870.08,1521.44,445.8,66.72,231.49,912.39,363.38,229.1,270.3,464.86,220.63,102.94,3174.57,242.38,95.19,133.8,40.25,59.07,100.08,281.58
20260824,11:12:10,45101.86,40455.02,24257.84,16225.56,123.63,1941.2,313.62,484.98,541.08,109.67,176.48,191.16,102.83,136.9,289.39,123.41,198.0,294.82,2869.71,1521.28,445.8,66.73,231.49,912.38,363.38,229.1,269.98,464.86,220.63,102.94,3174.01,242.38,95.31,133.8,40.25,59.04,100.08,281.58
20260824,11:12:15,45106.18,40458.99,24255.98,16222.6,123.5,1941.2,313.17,484.98,541.08,109.65,176.41,191.16,102.77,136.9,289.39,123.45,198.04,294.78,2870.1,1521.55,445.9,66.73,231.49,912.39,363.38,229.1,269.98,464.86,220.78,102.94,3174.23,242.38,95.31,133.8,40.25,59.04,100.08,281.58
20260824,11:12:20,45105.26,40457.94,24258.53,16225.02,123.5,1941.2,313.71,484.98,541.0,109.65,176.41,191.18,102.77,136.9,289.39,123.44,198.04,294.78,2869.96,1521.45,445.9,66.73,231.49,912.36,363.38,229.1,269.98,464.85,220.63,102.94,3174.37,242.45,95.31,133.8,40.25,59.04,100.08,281.58
20260824,11:12:25,45108.82,40461.4,24259.85,16226.54,123.63,1941.2,313.71,484.98,540.97,109.73,176.41,191.18,102.77,136.9,289.39,123.44,198.04,294.78,2870.2,1521.61,445.79,66.74,231.74,912.33,363.32,229.1,269.97,464.85,220.75,102.94,3174.37,242.45,95.31,133.78,40.25,59.04,100.08,281.58
20260824,11:12:30,45103.86,40457.16,24256.15,16224.25,123.63,1941.2,313.71,485.1,540.97,109.73,176.41,191.18,102.77,136.9,289.39,123.44,198.04,294.77,2869.91,1521.36,446.01,66.74,231.74,912.21,363.32,229.1,269.97,464.85,220.61,102.93,3173.83,242.45,95.19,133.78,40.21,59.04,100.08,281.58
20260824,11:12:35,45062.68,40417.39,24249.97,16218.33,123.5,1941.2,313.01,484.98,540.98,109.73,176.41,191.17,102.77,136.9,289.39,123.44,198.04,294.77,2866.85,1519.03,445.96,66.73,231.74,912.2,363.31,229.1,269.97,464.86,220.58,102.93,3173.51,242.45,95.19,133.78,40.21,59.04,100.08,281.57
20260824,11:12:40,45064.77,40418.68,24253.29,16219.65,123.63,1941.2,313.01,484.99,540.98,109.73,176.4,191.13,102.77,136.9,289.39,123.4,198.04,294.77,2866.92,1519.16,445.97,66.74,231.49,912.15,363.3,229.1,269.97,464.84,220.73,102.97,3174.19,242.45,95.19,133.78,40.21,59.04,100.08,281.53
20260824,11:12:45,45065.85,40419.96,24255.71,16223.18,123.63,1941.2,313.55,484.99,540.97,109.73,176.4,191.14,102.77,136.9,289.39,123.44,198.04,294.76,2866.94,1519.19,445.86,66.74,231.56,912.15,363.31,229.1,269.97,464.84,220.6,102.97,3173.99,242.45,95.28,133.78,40.21,59.02,100.08,281.55
20260824,11:12:50,45062.93,40417.27,24251.2,16218.55,123.5,1941.2,313.01,484.98,540.93,109.73,176.4,191.13,102.77,136.9,289.39,123.44,198.04,294.76,2866.84,1519.18,445.8,66.74,231.56,911.99,363.32,229.1,269.98,464.79,220.6,102.97,3173.83,242.45,95.28,133.77,40.21,59.02,100.08,281.55
20260824,11:12:55,45064.46,40418.35,24252.21,16218.3,123.5,1941.2,313.01,484.98,540.93,109.73,176.4,191.13,102.77,136.9,289.39,123.43,198.04,294.76,2866.93,1519.18,445.81,66.73,231.56,912.11,364.1,229.1,269.98,464.7,220.6,102.97,3174.22,242.45,95.28,133.77,40.21,59.02,100.08,281.55
20260824,11:13:00,45061.77,40415.88,24254.38,16221.32,123.63,1941.2,313.47,484.98,540.93,109.73,176.4,191.13,102.77,136.9,289.39,123.43,198.04,294.74,2866.66,1519.05,445.81,66.72,231.31,912.09,364.1,229.1,269.98,464.75,220.62,102.97,3174.08,242.45,95.16,133.77,40.21,59.02,100.08,281.55
20260824,11:13:05,45060.85,40414.87,24254.92,16221.54,123.5,1941.2,313.47,484.9,540.92,109.73,176.4,191.17,102.77,136.9,289.39,123.42,198.04,294.74,2866.57,1518.99,445.82,66.72,231.31,912.23,363.78,229.1,269.89,464.75,220.58,103.02,3174.19,242.45,95.28,133.77,40.21,59.02,100.08,281.55
20260824,11:13:10,45062.71,40417.06,24253.34,16221.01,123.63,1941.2,313.47,484.89,540.92,109.73,176.41,191.17,102.77,136.9,289.39,123.42,198.04,294.74,2866.76,1519.0,445.83,66.7,231.31,912.69,363.78,229.1,269.89,464.75,220.58,103.02,3173.83,242.45,95.16,133.77,40.21,59.02,100.08,281.56
20260824,11:13:15,45061.29,40416.59,24246.75,16216.45,123.5,1941.2,312.93,484.89,540.92,109.73,176.4,191.18,102.76,136.9,289.39,123.42,198.04,294.74,2866.83,1519.0,445.82,66.68,231.56,912.69,363.78,229.1,269.89,464.74,220.58,102.99,3173.01,242.45,95.16,133.77,40.21,59.01,100.08,281.56
20260824,11:13:20,45059.72,40414.24,24249.34,16216.72,123.63,1941.2,312.93,484.97,540.89,109.73,176.39,191.14,102.76,136.9,289.39,123.42,198.05,294.74,2866.63,1518.89,445.93,66.68,231.32,912.69,363.76,229.1,269.87,464.74,220.58,102.99,3173.75,242.45,95.16,133.77,40.21,59.01,100.08,281.56
20260824,11:13:25,45061.19,40415.43,24250.59,16217.35,123.63,1941.2,313.01,484.97,540.89,109.65,176.4,191.18,102.76,136.9,289.39,123.42,198.05,294.74,2866.72,1518.98,446.01,66.67,231.32,912.5,363.82,229.1,269.87,464.74,220.58,102.99,3173.97,242.45,95.16,133.77,40.21,59.01,100.08,281.61
20260824,11:13:30,45057.88,40413.28,24247.34,16217.17,123.63,1941.17,313.01,484.89,540.9,109.65,176.4,191.19,102.76,136.9,289.39,123.42,198.05,294.74,2866.55,1519.04,446.01,66.62,231.45,911.92,363.82,229.1,269.87,464.68,220.58,102.99,3173.0,242.45,95.16,133.76,40.21,59.01,100.08,281.63
20260824,11:13:35,45059.95,40414.51,24248.72,16216.14,123.5,1941.17,313.01,484.89,540.94,109.65,176.4,191.19,102.76,136.9,289.39,123.42,197.91,294.74,2866.67,1519.0,446.01,66.63,231.56,912.14,364.14,229.1,269.87,464.68,220.61,102.99,3173.71,242.48,95.04,133.76,40.21,59.01,100.08,281.62
20260824,11:13:40,45058.56,40413.22,24248.7,16216.31,123.5,1941.17,313.01,484.89,540.94,109.65,176.4,191.19,102.76,136.9,289.39,123.46,197.91,294.74,2866.56,1519.0,446.0,66.62,231.31,912.13,364.14,229.1,269.87,464.68,220.6,102.99,3173.66,242.48,95.04,133.76,40.21,59.01,100.08,281.63
20260824,11:13:45,45058.69,40413.18,24249.15,16216.31,123.5,1941.17,313.01,484.89,540.94,109.65,176.4,191.2,102.76,136.9,289.39,123.47,197.91,294.74,2866.56,1518.99,446.0,66.63,231.31,912.17,364.14,229.1,269.87,464.68,220.59,102.99,3173.8,242.48,95.04,133.77,40.21,59.01,100.08,281.63
20260824,11:13:50,45061.35,40415.71,24250.15,16217.24,123.5,1939.76,313.01,484.89,540.94,109.65,176.41,191.21,102.76,136.9,289.39,123.48,197.91,294.74,2866.74,1519.17,446.02,66.63,231.31,912.02,364.14,229.1,269.87,464.67,220.74,102.99,3173.86,242.48,95.04,133.77,40.21,59.01,100.08,281.63
20260824,11:13:55,45058.98,40413.46,24248.71,16215.8,123.5,1939.76,313.01,484.89,540.94,109.64,176.4,191.2,102.76,136.9,289.39,123.48,197.91,294.78,2866.59,1519.05,446.02,66.64,231.31,912.02,364.14,229.1,269.87,464.67,220.59,102.99,3173.8,242.48,95.04,133.77,40.21,59.0,100.08,281.63
20260824,11:14:00,45058.23,40412.97,24252.74,16221.22,123.63,1939.76,313.55,484.89,540.97,109.64,176.4,191.18,102.76,136.9,289.39,123.48,197.91,294.78,2866.42,1518.87,446.0,66.62,231.31,912.1,364.14,229.1,269.97,464.67,220.71,102.99,3173.59,242.48,95.04,133.77,40.21,59.0,100.08,281.58
20260824,11:14:05,45056.85,40412.37,24249.8,16220.35,123.63,1939.76,313.47,484.89,540.66,109.65,176.4,191.17,102.76,136.9,289.39,123.48,197.91,294.78,2866.4,1518.81,445.98,66.62,231.44,912.11,364.14,229.1,269.97,464.65,220.7,102.99,3172.91,242.48,95.16,133.77,40.21,59.0,100.08,281.57
20260824,11:14:10,45055.9,40411.53,24245.16,16215.29,123.61,1939.76,312.93,484.89,540.67,109.65,176.4,191.18,102.76,136.9,289.39,123.48,197.91,294.78,2866.45,1518.86,445.97,66.6,231.62,911.99,364.14,229.1,269.97,464.63,220.58,102.99,3172.83,242.49,95.16,133.77,40.2,59.0,100.08,281.57
20260824,11:14:15,45093.87,40448.65,24245.67,16216.28,123.48,1939.76,312.84,484.89,540.67,109.65,176.6,191.2,102.92,136.9,289.39,123.47,197.91,294.78,2869.42,1521.4,446.04,66.6,231.62,911.12,364.14,229.1,269.96,464.63,220.58,102.99,3172.72,242.49,95.16,133.67,40.2,59.0,100.08,281.61
20260824,11:14:20,45091.92,40446.75,24245.8,16216.43,123.48,1941.17,312.84,484.89,540.67,109.73,176.59,191.18,102.92,136.9,289.39,123.47,197.91,294.77,2869.26,1521.4,445.97,66.61,231.35,911.08,364.16,229.1,269.96,464.63,220.55,102.99,3172.72,242.49,95.16,133.67,40.2,59.0,100.08,281.54
20260824,11:14:25,45093.22,40448.11,24246.04,16217.02,123.48,1941.17,312.93,484.89,540.67,109.73,176.59,191.14,102.92,136.9,289.39,123.47,197.91,294.77,2869.36,1521.42,446.08,66.61,231.35,911.12,364.16,229.1,269.96,464.61,220.55,102.99,3172.64,242.49,95.16,133.66,40.2,59.01,100.09,281.54
20260824,11:14:30,45095.05,40449.8,24246.16,16216.87,123.48,1940.95,312.93,485.14,540.6,109.73,176.59,191.14,102.92,136.91,289.39,123.47,197.91,294.77,2869.5,1521.52,445.99,66.61,231.46,911.13,364.15,229.1,269.96,464.61,220.55,102.99,3172.72,242.49,95.16,133.66,40.2,59.02,100.09,281.49
20260824,11:14:35,45096.84,40451.3,24246.36,16216.26,123.48,1940.95,313.01,485.14,540.67,109.57,176.59,191.14,102.92,136.91,289.39,123.43,197.91,294.79,2869.63,1521.52,445.97,66.61,231.35,911.71,364.15,229.1,269.87,464.61,220.46,102.99,3172.94,242.42,95.16,133.66,40.2,59.05,100.09,281.49
20260824,11:14:40,45096.17,40452.93,24242.41,16219.36,123.48,1940.95,313.47,484.89,540.67,109.57,176.59,191.14,102.92,136.91,289.39,123.43,197.87,294.79,2869.69,1521.5,445.96,66.62,231.35,911.87,364.15,229.1,269.87,464.62,220.43,102.99,3170.87,242.42,95.16,133.76,40.2,59.05,100.09,281.47
20260824,11:14:45,45093.72,40450.77,24238.32,16215.4,123.48,1939.53,312.93,484.88,540.69,109.65,176.59,191.14,102.93,136.91,289.39,123.44,197.87,294.79,2869.61,1521.61,445.96,66.62,231.35,911.36,364.15,229.1,269.87,464.58,220.46,102.99,3170.67,242.42,95.16,133.76,40.2,59.05,100.09,281.47
20260824,11:14:50,45098.86,40455.19,24245.36,16221.54,123.61,1939.53,313.55,484.88,540.69,109.64,176.59,191.14,102.93,136.91,289.39,123.44,197.87,294.8,2869.82,1521.61,445.96,66.64,231.59,911.21,364.15,229.1,270.18,464.58,220.49,102.99,3171.2,242.42,95.28,133.76,40.2,59.05,100.09,281.47
20260824,11:14:55,45098.52,40455.51,24244.43,16222.68,123.48,1939.53,313.47,485.14,540.66,109.64,176.59,191.14,102.93,136.91,289.39,123.44,197.87,294.8,2869.82,1521.61,445.97,66.63,231.59,911.21,364.15,229.1,270.18,464.58,220.6,102.99,3170.6,242.42,95.28,133.76,40.2,59.05,100.09,281.78
20260824,11:15:00,45094.56,40452.25,24238.69,16218.03,123.48,1939.53,312.93,485.14,540.66,109.64,176.6,191.15,102.93,136.91,289.39,123.44,197.87,294.79,2869.67,1521.57,445.97,66.62,231.34,911.21,364.15,229.1,270.18,464.58,220.63,102.99,3170.07,242.42,95.28,133.76,40.2,59.04,100.09,281.47
20260824,11:15:05,45093.51,40450.26,24239.96,16216.27,123.48,1939.53,312.93,485.14,540.66,109.62,176.6,191.15,102.93,136.91,289.39,123.44,197.87,294.79,2869.55,1521.61,445.97,66.6,231.34,911.23,364.15,229.1,269.87,464.58,220.48,102.99,3170.94,242.28,95.28,133.73,40.2,59.04,100.09,281.47
20260824,11:15:10,45094.58,40449.2,24245.19,16215.27,123.48,1939.53,312.93,485.14,540.58,109.63,176.59,191.12,102.93,136.91,289.39,123.44,197.87,294.79,2869.49,1521.49,445.97,66.6,231.34,911.47,364.15,229.1,269.86,464.58,220.5,102.99,3172.84,242.28,95.16,133.73,40.2,59.04,100.09,281.47
20260824,11:15:15,45095.98,40453.34,24242.71,16221.7,123.48,1939.56,313.47,485.14,540.32,109.65,176.78,191.1,103.08,136.91,289.39,123.44,197.83,294.76,2869.67,1521.5,445.97,66.6,231.34,911.47,364.15,229.1,270.18,464.58,220.62,102.99,3170.33,242.42,95.16,133.73,40.2,59.04,100.09,281.47
20260824,11:15:20,45098.86,40453.46,24250.35,16221.51,123.48,1939.52,313.47,485.14,540.32,109.65,176.78,191.1,103.08,136.9,289.39,123.45,197.87,294.74,2869.68,1521.47,446.05,66.6,231.46,911.4,364.13,229.1,270.18,464.6,220.62,102.99,3172.77,242.28,95.16,133.73,40.2,59.04,100.09,281.47
20260824,11:15:25,45096.82,40451.95,24246.33,16218.47,123.48,1942.34,312.93,485.26,540.32,109.63,176.78,191.1,103.08,136.9,289.39,123.57,197.87,294.74,2869.63,1521.55,445.96,66.67,231.46,911.43,364.13,229.08,269.86,464.6,220.51,102.99,3172.34,242.28,95.16,133.73,40.2,59.04,100.09,281.47
20260824,11:15:30,45097.1,40452.07,24250.17,16222.36,123.55,1942.34,313.47,485.26,540.32,109.63,176.77,191.08,103.08,136.9,289.39,123.57,197.87,294.74,2869.55,1521.48,446.02,66.66,231.46,911.4,364.13,229.08,269.86,464.6,220.49,102.99,3172.48,242.28,95.16,133.73,40.2,59.04,100.09,281.47
20260824,11:15:35,45100.7,40454.89,24250.87,16220.89,123.42,1940.93,313.47,485.26,540.32,109.63,176.76,191.08,103.07,136.9,289.39,123.45,197.87,294.76,2869.81,1521.48,446.04,66.65,231.71,911.77,364.13,229.08,269.86,464.6,220.51,102.99,3173.1,242.28,95.16,133.75,40.2,59.04,100.09,281.47
20260824,11:15:40,45100.59,40455.15,24249.45,16220.47,123.42,1940.93,313.47,485.26,540.32,109.63,176.77,191.08,103.08,136.9,289.39,123.45,197.87,294.76,2869.84,1521.48,446.04,66.67,231.34,911.78,363.94,229.08,270.18,464.6,220.46,102.99,3172.76,242.28,95.16,133.75,40.2,59.04,100.09,281.46
20260824,11:15:45,45099.58,40454.02,24247.99,16218.32,123.42,1939.52,313.47,485.15,540.39,109.71,176.77,191.08,103.08,136.69,289.39,123.46,197.87,294.74,2869.8,1521.46,445.99,66.67,231.34,911.79,363.94,229.08,270.17,464.55,220.32,102.99,3172.9,242.21,95.16,133.74,40.2,59.04,100.09,281.46
20260824,11:15:50,45099.78,40454.21,24248.63,16219.05,123.42,1940.93,313.48,485.15,540.39,109.63,176.78,191.11,103.08,136.67,289.39,123.46,197.87,294.76,2869.8,1521.39,445.96,66.66,231.57,911.84,364.02,229.08,270.16,464.55,220.34,102.99,3172.9,242.14,95.16,133.74,40.2,59.04,100.09,281.51
20260824,11:15:55,45100.01,40454.44,24248.99,16219.46,123.55,1940.93,313.47,485.15,540.39,109.63,176.78,191.11,103.08,136.67,289.51,123.46,197.87,294.76,2869.81,1521.4,445.97,66.67,231.57,911.84,363.96,229.08,270.16,464.55,220.34,102.99,3172.9,242.14,95.16,133.74,40.2,59.04,100.09,281.51
20260824,11:16:00,45097.7,40452.2,24247.81,16218.11,123.55,1940.93,313.46,484.89,540.39,109.62,176.77,191.11,103.07,136.67,289.51,123.46,197.87,294.76,2869.66,1521.45,445.98,66.66,231.46,911.84,363.96,229.08,269.85,464.55,220.24,102.99,3172.9,242.14,95.16,133.74,40.2,59.04,100.08,281.51
20260824,11:16:05,45100.23,40455.25,24245.33,16217.22,123.42,1939.48,313.46,484.89,540.39,109.62,176.78,191.09,103.09,136.67,289.51,123.46,197.87,294.74,2869.93,1521.61,445.98,66.67,231.46,911.95,363.94,229.32,269.86,464.49,220.24,102.99,3172.36,242.21,95.16,133.74,40.2,59.04,100.08,281.51
20260824,11:16:10,45101.2,40455.85,24246.58,16217.53,123.42,1939.48,313.48,484.89,540.38,109.62,176.79,191.11,103.09,136.67,289.51,123.45,197.87,294.74,2869.97,1521.79,445.98,66.68,231.46,911.49,363.94,229.32,269.85,464.49,220.27,102.99,3172.67,242.21,95.16,133.74,40.2,59.04,100.08,281.51
20260824,11:16:15,45102.97,40457.58,24247.43,16218.51,123.48,1939.48,313.48,484.89,540.24,109.62,176.79,191.11,103.09,136.67,289.51,123.46,197.87,294.74,2870.08,1521.78,446.03,66.68,231.46,911.36,363.69,229.32,270.16,464.49,220.38,102.99,3172.67,242.21,95.16,133.75,40.2,59.04,100.08,281.56
20260824,11:16:20,45101.41,40455.93,24248.07,16218.8,123.48,1939.48,313.48,484.89,540.27,109.62,176.79,191.11,103.09,136.67,289.39,123.45,197.87,294.74,2869.94,1521.8,446.02,66.69,231.47,911.35,363.71,229.32,269.85,464.49,220.41,102.99,3172.79,242.21,95.16,133.75,40.2,59.04,100.08,281.54
20260824,11:16:25,45100.96,40456.08,24244.94,16217.17,123.48,1939.48,313.47,484.89,540.27,109.62,176.79,191.11,103.09,136.67,289.39,123.45,197.87,294.74,2870.0,1521.8,446.02,66.69,231.72,911.25,363.69,229.32,269.85,464.49,220.23,102.99,3172.25,242.28,95.16,133.75,40.2,59.04,100.08,281.57
20260824,11:16:30,45101.37,40456.26,24246.2,16217.91,123.61,1939.48,313.47,484.89,540.27,109.62,176.79,191.11,103.09,136.67,289.39,123.45,197.87,294.74,2869.99,1521.79,446.1,66.69,231.71,911.22,363.69,229.32,269.83,464.49,220.26,102.99,3172.45,242.28,95.16,133.76,40.2,59.04,100.08,281.58
20260824,11:16:35,45099.74,40455.04,24245.92,16218.83,123.48,1939.38,313.54,484.89,540.34,109.62,176.79,191.09,103.09,136.67,289.27,123.45,197.87,294.74,2869.87,1521.8,446.01,66.68,231.46,911.25,363.69,229.32,269.83,464.44,220.23,102.99,3172.11,242.28,95.28,133.76,40.2,59.04,100.08,281.57
20260824,11:16:40,45099.16,40454.58,24245.88,16219.1,123.48,1939.38,313.54,484.81,540.35,109.62,176.83,191.25,103.09,136.67,289.27,123.45,197.83,294.73,2869.83,1521.8,446.0,66.68,231.34,911.26,363.69,229.31,269.83,464.44,220.23,102.99,3172.02,242.28,95.28,133.76,40.2,59.04,100.08,281.57
20260824,11:16:45,45095.47,40451.57,24243.62,16218.47,123.48,1939.38,313.53,484.81,540.27,109.62,176.82,191.23,103.09,136.67,289.27,123.45,197.87,294.73,2869.6,1521.58,445.98,66.68,231.46,911.32,363.69,229.31,269.83,464.44,220.2,102.99,3171.49,242.28,95.28,133.76,40.2,59.04,100.08,281.57
20260824,11:16:50,45097.42,40452.96,24245.29,16218.7,123.42,1939.48,313.54,485.07,540.27,109.62,176.83,191.24,103.09,136.67,289.27,123.45,197.87,294.73,2869.71,1521.59,445.98,66.68,231.7,911.31,363.69,229.31,269.83,464.44,220.2,102.99,3171.95,242.28,95.28,133.76,40.2,59.04,100.08,281.57
20260824,11:16:55,45097.09,40452.81,24245.08,16219.02,123.55,1939.48,313.54,485.06,540.28,109.62,176.83,191.25,103.09,136.67,289.27,123.45,197.87,294.73,2869.69,1521.59,445.98,66.69,231.7,911.27,363.69,229.07,269.83,464.45,220.18,102.99,3171.79,242.28,95.28,133.76,40.2,59.04,100.08,281.57
20260824,11:17:00,45096.6,40451.74,24247.47,16219.8,123.42,1939.48,313.54,485.05,540.28,109.62,176.82,191.23,103.09,136.67,289.27,123.45,197.87,294.73,2869.58,1521.58,445.98,66.68,231.45,911.28,363.68,229.07,269.83,464.45,220.33,102.99,3172.33,242.28,95.28,133.77,40.2,59.02,100.08,281.57
20260824,11:17:05,45093.12,40449.54,24242.95,16218.58,123.42,1939.48,313.54,485.05,540.34,109.62,176.83,191.25,103.09,136.68,289.27,123.45,197.87,294.73,2869.43,1521.46,445.88,66.68,231.57,911.29,363.67,229.07,269.83,464.44,220.17,102.99,3171.25,242.28,95.28,133.77,40.2,59.02,100.08,281.57
20260824,11:17:10,45093.74,40449.78,24243.86,16218.4,123.42,1939.48,313.54,485.05,540.34,109.62,176.83,191.26,103.09,136.68,289.27,123.45,197.87,294.73,2869.46,1521.51,445.88,66.69,231.46,911.29,363.67,229.07,269.83,464.5,220.14,102.99,3171.58,242.28,95.28,133.77,40.2,59.02,100.08,281.57
20260824,11:17:15,45091.58,40447.86,24245.0,16220.32,123.42,1940.89,313.54,485.05,540.34,109.62,176.83,191.26,103.09,136.68,289.45,123.45,197.87,294.7,2869.26,1521.34,445.87,66.68,231.59,911.27,363.67,229.07,269.83,464.5,220.29,102.99,3171.42,242.28,95.28,133.77,40.2,59.02,100.08,281.55
20260824,11:17:20,45092.68,40448.88,24244.43,16219.51,123.42,1940.89,313.63,485.05,540.34,109.62,176.83,191.24,103.09,136.68,289.57,123.43,197.87,294.7,2869.36,1521.47,445.87,66.71,231.34,911.27,363.61,229.07,269.83,464.5,220.17,102.99,3171.46,242.28,95.28,133.77,40.2,59.02,100.08,281.49
20260824,11:17:25,45093.58,40452.45,24237.39,16220.43,123.42,1940.89,313.62,485.05,540.32,109.62,176.83,191.24,103.09,136.68,289.57,123.42,197.83,294.7,2869.62,1521.64,445.96,66.71,231.34,911.26,363.61,229.07,269.83,464.5,220.14,102.99,3169.01,242.28,95.4,133.97,40.2,59.02,100.08,281.47
20260824,11:17:30,45091.93,40450.25,24239.21,16220.52,123.42,1940.89,313.62,485.05,540.32,109.62,176.81,191.16,103.1,136.68,289.57,123.41,197.83,294.7,2869.45,1521.52,445.96,66.7,231.34,911.24,363.61,229.07,269.83,464.5,220.14,102.97,3169.56,242.21,95.4,134.17,40.2,59.01,100.08,281.46
20260824,11:17:35,45052.85,40411.74,24240.6,16220.69,123.42,1940.89,313.54,485.06,540.34,109.62,176.81,191.16,103.1,136.66,289.57,123.41,197.83,294.7,2866.34,1519.12,445.86,66.69,231.46,911.25,363.67,229.07,269.83,464.5,220.12,102.97,3169.94,242.21,95.4,134.17,40.2,59.01,100.08,281.76
20260824,11:17:40,45052.19,40411.39,24239.97,16220.94,123.48,1940.89,313.54,485.06,540.34,109.64,176.81,191.16,103.1,136.66,289.57,123.42,197.83,294.7,2866.3,1519.12,445.86,66.71,231.44,911.18,363.67,229.07,269.82,464.5,220.11,102.97,3169.68,242.21,95.4,134.17,40.2,59.01,100.08,281.76
20260824,11:17:45,45049.07,40409.09,24233.9,16216.43,123.48,1940.89,312.99,485.06,540.34,109.64,176.81,191.16,103.1,136.66,289.57,123.42,197.85,294.7,2866.23,1519.16,445.85,66.68,231.32,911.04,363.67,229.07,269.82,464.44,220.06,102.97,3169.01,242.21,95.4,134.17,40.2,59.01,100.08,281.78
20260824,11:17:50,45050.17,40409.79,24239.41,16221.55,123.48,1940.89,313.53,485.06,540.33,109.64,176.81,191.16,103.1,136.66,289.57,123.42,197.85,294.71,2866.16,1519.1,445.9,66.69,231.32,911.02,363.67,229.07,269.82,464.5,220.17,102.97,3169.33,242.21,95.4,134.17,40.2,59.02,100.08,281.78
20260824,11:17:55,45049.92,40409.76,24237.63,16220.19,123.48,1940.89,313.61,484.29,540.33,109.64,176.82,191.16,103.1,136.66,289.57,123.42,197.85,294.71,2866.19,1519.15,445.9,66.69,231.31,910.91,363.7,229.07,269.82,464.5,220.04,102.97,3169.15,242.21,95.4,134.17,40.2,59.02,100.08,281.78
20260824,11:18:00,45045.15,40405.54,24236.09,16219.88,123.48,1940.89,313.61,484.29,540.26,109.64,176.81,191.1,103.11,136.66,289.57,123.42,197.85,294.71,2865.86,1518.92,445.9,66.68,231.31,910.88,363.7,229.07,269.82,464.5,220.04,102.97,3168.75,242.21,95.4,134.17,40.2,59.02,100.08,281.78
20260824,11:18:05,45046.82,40407.18,24235.97,16219.75,123.42,1940.89,313.61,484.29,540.15,109.64,176.8,191.09,103.11,136.66,289.57,123.42,197.85,294.71,2865.99,1518.93,445.9,66.69,231.56,910.91,363.7,229.07,269.82,464.45,220.1,102.97,3168.75,242.21,95.4,134.17,40.2,59.02,100.08,281.78
20260824,11:18:10,45046.91,40407.06,24235.04,16218.0,123.42,1940.89,313.61,484.29,540.15,109.64,176.8,191.09,103.1,136.66,289.57,123.42,197.85,294.71,2866.03,1518.94,445.89,66.69,231.67,910.89,363.7,229.07,269.82,464.45,219.92,102.97,3168.94,242.21,95.4,134.17,40.2,59.02,100.08,281.78
20260824,11:18:15,45088.45,40447.81,24235.3,16219.22,123.42,1940.89,313.61,484.29,540.15,109.55,176.8,191.09,103.1,136.66,289.57,123.42,197.85,294.71,2869.28,1521.28,445.89,66.69,231.79,910.89,363.7,229.07,270.13,464.45,220.07,102.97,3168.68,242.21,95.4,134.17,40.2,59.02,100.08,281.78
20260824,11:18:20,45041.13,40401.73,24236.32,16220.48,123.42,1940.89,313.61,484.41,540.25,109.63,176.84,191.1,103.14,136.88,289.71,123.42,197.7,294.71,2865.54,1518.66,445.89,66.7,231.3,910.87,363.7,229.07,269.82,464.45,220.06,102.97,3168.66,242.21,95.4,134.17,40.2,59.02,100.08,281.78
20260824,11:18:25,45042.21,40403.03,24234.41,16219.1,123.42,1940.89,313.61,484.29,540.14,109.63,176.85,191.1,103.14,136.88,289.83,123.42,197.7,294.71,2865.67,1518.78,445.9,66.66,231.3,910.9,363.7,229.07,269.82,464.44,220.05,102.97,3168.44,242.21,95.28,134.17,40.2,59.02,100.08,281.8
20260824,11:18:30,45039.4,40400.5,24235.11,16220.63,123.42,1940.89,313.61,484.29,540.07,109.63,176.85,191.1,103.14,136.88,289.83,123.42,197.99,294.71,2865.43,1518.6,445.89,66.65,231.3,910.91,363.7,229.07,269.82,464.44,220.21,102.97,3168.24,242.21,95.28,134.17,40.2,59.02,100.08,281.8
20260824,11:18:35,45040.33,40401.2,24232.97,16217.46,123.42,1940.89,313.52,484.29,540.0,109.61,176.85,191.1,103.14,136.66,289.83,123.42,198.01,294.71,2865.57,1518.7,445.89,66.64,231.3,910.94,363.7,229.07,269.82,464.44,220.0,102.97,3168.43,242.21,95.28,134.17,40.2,59.02,100.08,281.8
20260824,11:18:40,45040.64,40401.53,24233.31,16217.97,123.42,1940.89,313.61,484.29,540.0,109.53,176.84,191.05,103.14,136.66,289.83,123.42,198.01,294.71,2865.58,1518.7,445.89,66.65,231.3,910.95,363.7,229.07,269.81,464.46,220.02,102.97,3168.4,242.21,95.28,134.17,40.2,59.02,100.08,281.8
20260824,11:18:45,45040.26,40401.46,24232.5,16218.02,123.55,1940.89,313.61,484.29,540.0,109.53,176.83,191.05,103.14,136.66,289.83,123.42,198.01,294.71,2865.57,1518.7,445.87,66.66,231.3,910.94,363.7,229.07,269.82,464.46,219.99,102.97,3168.14,242.21,95.28,134.17,40.2,59.02,100.08,281.8
20260824,11:18:50,45044.95,40405.92,24233.97,16219.35,123.42,1940.89,313.61,484.29,540.07,109.53,176.83,191.04,103.14,136.66,289.83,123.38,198.01,294.71,2865.9,1518.87,445.92,66.66,231.55,910.94,363.68,229.07,269.82,464.46,220.17,102.97,3168.23,242.21,95.28,134.16,40.2,59.02,100.08,281.85
20260824,11:18:55,45042.89,40403.66,24234.39,16218.99,123.42,1940.89,313.61,484.29,540.04,109.53,176.83,191.05,103.14,136.66,289.83,123.38,198.01,294.71,2865.73,1518.81,445.77,66.66,231.55,910.9,363.36,229.07,269.82,464.46,220.13,102.97,3168.46,242.21,95.28,134.16,40.2,59.02,100.08,281.85
20260824,11:19:00,45039.73,40400.96,24233.48,16219.2,123.42,1940.89,313.61,484.29,540.07,109.53,176.83,191.05,103.14,136.66,289.83,123.38,198.01,294.72,2865.5,1518.73,445.69,66.66,231.3,910.9,363.68,229.07,269.82,464.46,220.13,102.97,3168.12,242.28,95.28,134.16,40.2,59.02,100.08,281.85
20260824,11:19:05,45039.93,40400.91,24234.43,16219.49,123.42,1940.89,313.61,484.28,540.04,109.53,176.81,191.05,103.12,136.66,289.83,123.38,198.01,294.72,2865.49,1518.71,445.68,66.66,231.3,910.95,363.68,229.07,269.82,464.46,220.21,102.97,3168.34,242.28,95.28,134.16,40.2,59.02,100.08,281.85
20260824,11:19:10,45042.01,40403.53,24233.23,16220.08,123.42,1940.89,313.62,484.21,540.0,109.53,176.81,191.05,103.12,136.66,289.83,123.5,198.01,294.72,2865.69,1518.86,445.68,66.67,231.3,910.92,363.7,229.05,269.81,464.44,220.2,102.97,3167.81,242.28,95.28,134.16,40.2,59.02,100.08,281.85
20260824,11:19:15,45039.93,40400.91,24234.44,16219.5,123.42,1940.94,313.62,484.21,539.95,109.53,176.8,191.04,103.12,136.66,289.83,123.5,198.01,294.72,2865.49,1518.74,445.65,66.64,231.31,910.9,363.68,229.05,269.81,464.4,220.16,102.97,3168.34,242.28,95.28,134.16,40.2,59.02,100.08,281.85
20260824,11:19:20,45082.17,40441.53,24236.04,16219.52,123.42,1940.94,313.62,484.2,539.95,109.53,176.82,191.03,103.13,136.66,289.83,123.5,198.01,294.72,2868.77,1521.25,445.65,66.64,231.31,910.92,363.68,229.05,269.82,464.4,220.15,102.97,3168.83,242.28,95.28,134.16,40.2,59.02,100.08,281.85
20260824,11:19:25,45041.03,40400.78,24237.38,16218.84,123.36,1940.85,313.62,484.2,539.95,109.53,176.82,191.03,103.13,136.66,289.83,123.54,198.01,294.74,2865.5,1518.73,445.66,66.64,231.31,910.93,363.68,229.05,269.82,464.39,220.07,102.97,3169.44,242.28,95.28,134.16,40.2,59.02,100.08,281.85
20260824,11:19:30,45038.38,40398.94,24236.5,16220.32,123.36,1940.85,313.62,484.2,540.03,109.53,176.82,191.03,103.13,136.66,289.83,123.54,198.01,294.71,2865.31,1518.59,445.68,66.62,231.31,910.93,363.68,229.05,269.82,464.39,220.21,102.97,3168.76,242.28,95.28,134.16,40.2,59.02,100.08,281.82
20260824,11:19:35,45078.29,40437.44,24234.36,16216.55,123.36,1940.85,313.08,484.2,540.11,109.53,176.8,191.03,103.12,136.66,289.83,123.42,198.01,294.71,2868.51,1521.1,445.59,66.61,231.31,910.92,363.68,229.05,269.81,464.39,220.32,102.97,3169.11,242.28,95.28,134.13,40.2,59.02,100.08,281.82
20260824,11:19:40,45070.84,40429.92,24232.68,16213.75,123.36,1940.85,313.08,484.2,540.11,109.53,176.8,191.03,103.12,136.66,289.83,123.42,198.01,294.71,2867.97,1520.99,445.53,66.61,231.31,910.44,363.67,229.05,269.5,464.39,220.06,102.97,3169.35,242.28,95.28,134.13,40.2,59.02,100.08,281.72
20260824,11:19:45,45074.12,40433.44,24232.74,16214.91,123.36,1940.85,313.08,484.2,540.12,109.53,176.8,191.02,103.12,136.66,289.83,123.54,198.05,294.71,2868.23,1521.05,445.54,66.61,231.31,910.9,363.35,229.05,269.5,464.31,220.11,102.97,3169.06,242.28,95.28,134.13,40.2,59.02,100.08,281.72
20260824,11:19:50,45068.75,40429.01,24230.1,16214.56,123.36,1940.85,313.08,484.08,540.12,109.6,176.8,191.04,103.12,136.66,289.83,123.54,198.05,294.71,2867.88,1520.78,445.56,66.6,231.31,910.86,363.67,229.05,269.49,464.29,220.06,102.97,3168.33,242.28,95.28,134.13,40.2,59.02,100.08,281.72
20260824,11:19:55,45061.71,40420.28,24231.29,16209.66,123.23,1940.85,312.53,484.08,539.96,109.6,176.8,191.04,103.12,136.66,289.83,123.54,198.05,294.71,2867.29,1520.64,445.34,66.58,231.28,910.57,363.67,229.05,269.18,464.29,220.06,102.97,3170.03,242.28,95.28,134.13,40.2,59.02,100.08,281.73
20260824,11:20:00,45059.04,40417.92,24230.8,16209.9,123.23,1941.22,312.53,484.45,539.96,109.52,176.8,191.04,103.12,136.66,289.83,123.54,198.05,294.71,2867.1,1520.68,445.34,66.58,231.28,910.02,363.67,229.05,269.18,464.31,220.06,102.97,3169.81,242.28,95.28,134.1,40.2,59.02,100.08,281.73
20260824,11:20:05,45059.29,40417.99,24231.55,16210.17,123.23,1941.22,312.53,484.53,539.96,109.52,176.8,191.04,103.12,136.66,289.83,123.54,198.05,294.71,2867.09,1520.68,445.33,66.6,231.4,910.01,363.67,229.05,269.08,464.31,220.09,102.97,3169.97,242.21,95.28,134.1,40.2,59.02,100.08,281.74
20260824,11:20:10,45059.29,40419.34,24229.17,16211.98,123.23,1941.22,312.53,484.42,539.95,109.52,176.98,191.04,103.26,136.66,289.71,123.54,198.05,294.71,2867.16,1520.74,445.31,66.6,231.4,910.01,363.66,229.05,269.08,464.31,220.09,102.97,3168.74,242.21,95.28,134.12,40.2,59.02,100.08,281.74
20260824,11:20:15,45063.22,40422.01,24234.68,16214.44,123.36,1941.22,313.08,484.55,539.93,109.6,176.8,191.01,103.12,136.66,289.71,123.49,198.05,294.71,2867.32,1520.88,445.31,66.58,231.4,909.97,363.65,229.05,269.08,464.31,220.1,102.97,3169.79,242.18,95.28,134.12,40.2,59.02,100.08,281.77
20260824,11:20:20,45061.98,40419.53,24237.96,16213.95,123.23,1941.22,313.08,484.55,539.93,109.6,176.8,191.01,103.12,136.66,289.71,123.49,198.03,294.71,2867.13,1520.79,445.41,66.58,231.4,909.7,363.64,229.05,269.09,464.26,220.09,102.97,3170.95,242.18,95.28,134.12,40.2,59.02,100.08,281.77
20260824,11:20:25,45064.53,40422.23,24236.66,16213.18,123.23,1941.22,313.08,484.55,539.93,109.6,176.8,191.01,103.12,136.66,289.71,123.37,197.89,294.71,2867.36,1520.79,445.41,66.6,231.28,910.28,363.92,229.05,269.09,464.3,220.09,102.97,3170.75,242.24,95.28,134.12,40.2,59.02,100.08,281.77
20260824,11:20:30,45064.51,40422.36,24232.71,16209.15,123.23,1941.22,312.53,484.56,539.93,109.6,176.8,191.0,103.12,136.66,289.71,123.37,197.89,294.71,2867.47,1520.78,445.42,66.61,231.28,910.58,363.67,229.05,269.09,464.3,220.09,102.97,3170.61,242.24,95.28,134.11,40.2,59.02,100.08,281.77
20260824,11:20:35,45021.28,40381.39,24232.13,16212.32,123.23,1941.22,313.08,484.56,539.93,109.52,176.79,190.97,103.12,136.68,289.71,123.36,197.89,294.7,2864.09,1518.17,445.5,66.59,231.28,910.54,363.67,229.05,269.09,464.28,220.06,102.97,3169.57,242.24,95.28,134.11,40.2,59.0,100.09,281.77
20260824,11:20:40,45048.68,40410.97,24218.77,16206.6,123.23,1941.22,312.44,484.3,539.93,109.45,176.8,191.0,103.12,136.68,289.71,123.36,197.89,294.7,2866.61,1520.31,445.45,66.59,231.28,909.6,363.69,229.05,269.4,464.28,220.06,102.91,3166.95,242.24,95.28,133.92,40.2,59.0,100.09,281.75
20260824,11:20:45,45012.33,40374.7,24224.76,16210.63,123.23,1941.22,312.99,484.26,539.93,109.45,176.77,191.0,103.1,136.68,289.71,123.36,197.89,294.7,2863.59,1517.97,445.36,66.57,231.28,909.99,363.94,229.02,269.18,464.29,220.08,102.91,3167.73,242.24,95.28,133.92,40.2,59.0,100.09,281.82
20260824,11:20:50,45017.49,40380.13,24225.2,16212.48,123.36,1941.22,312.99,484.22,539.92,109.43,176.79,191.05,103.1,136.67,289.71,123.36,197.89,294.7,2863.99,1518.09,445.37,66.59,231.4,910.03,363.88,229.02,269.49,464.29,220.25,102.91,3167.36,242.24,95.28,133.91,40.2,59.0,100.09,281.79
20260824,11:20:55,45051.99,40413.6,24223.42,16209.95,123.23,1941.22,312.99,484.22,539.91,109.42,176.79,191.05,103.1,136.67,289.71,123.32,197.74,294.7,2866.75,1520.35,445.37,66.57,231.28,910.14,363.88,229.02,269.18,464.28,220.07,102.91,3167.49,242.24,95.28,133.91,40.2,59.0,100.09,281.79
20260824,11:21:00,45055.35,40417.08,24223.27,16210.48,123.36,1941.22,312.99,484.34,539.91,109.42,176.79,191.05,103.1,136.67,289.71,123.32,197.74,294.7,2867.01,1520.56,445.37,66.6,231.28,910.13,363.63,229.02,269.18,464.28,220.08,102.91,3167.3,242.24,95.28,133.91,40.2,59.0,100.09,281.79
20260824,11:21:05,45054.74,40414.34,24226.47,16206.97,123.36,1940.85,312.44,484.34,539.92,109.42,176.78,191.05,103.1,136.67,289.71,123.33,197.74,294.7,2866.88,1520.43,445.45,66.6,231.28,910.11,363.63,229.02,269.18,464.28,220.15,102.92,3169.25,242.18,95.28,133.91,40.2,59.0,100.09,281.78
20260824,11:21:10,45057.39,40417.31,24227.64,16209.62,123.23,1940.85,312.99,484.34,539.78,109.42,176.78,191.04,103.09,136.67,289.71,123.37,197.74,294.7,2867.05,1520.57,445.36,66.6,231.22,910.24,363.61,229.16,269.18,464.28,220.08,102.91,3168.9,242.18,95.28,133.91,40.2,59.0,100.09,281.78
20260824,11:21:15,45051.78,40413.57,24219.66,16206.22,123.23,1940.85,312.44,484.45,539.78,109.42,176.76,190.99,103.09,136.67,289.71,123.37,197.78,294.7,2866.83,1520.33,445.54,66.6,231.22,910.27,363.61,229.16,269.18,464.26,220.14,102.91,3167.33,242.18,95.28,133.91,40.2,59.0,100.09,281.8
20260824,11:21:20,45053.98,40415.16,24225.1,16210.62,123.42,1940.85,312.44,484.45,539.78,109.42,176.95,190.97,103.25,136.46,289.71,123.33,197.78,294.7,2866.86,1520.43,445.45,66.58,231.22,910.26,363.61,229.16,269.09,464.25,220.39,102.91,3167.83,242.18,95.28,133.91,40.2,59.0,100.09,281.8
20260824,11:21:25,45008.82,40371.57,24225.31,16212.25,123.42,1940.85,312.99,484.45,539.75,109.42,176.76,190.97,103.09,136.46,289.71,123.31,197.78,294.73,2863.3,1518.03,445.35,66.58,231.11,909.51,363.28,229.15,269.09,464.24,220.38,102.91,3167.46,242.18,95.28,133.91,40.2,59.0,100.09,281.77
20260824,11:21:30,45008.65,40371.77,24227.03,16215.47,123.29,1940.85,312.9,484.41,539.75,109.42,177.15,190.99,103.41,136.46,289.71,123.32,197.78,294.73,2863.24,1518.01,445.35,66.58,231.11,909.37,363.6,229.15,269.09,464.24,220.38,102.91,3167.12,242.18,95.28,133.91,40.2,59.0,100.09,281.77
20260824,11:21:35,45007.28,40369.69,24226.56,16212.39,123.29,1940.63,312.53,484.29,539.75,109.5,177.15,190.99,103.41,136.46,289.71,123.32,197.78,294.71,2863.15,1518.0,445.36,66.58,231.11,909.17,363.6,229.15,269.08,464.24,220.38,102.91,3167.81,242.18,95.28,133.81,40.2,59.0,100.09,281.77
20260824,11:21:40,45006.53,40368.74,24227.56,16212.82,123.29,1940.99,312.53,484.29,539.75,109.5,177.16,191.01,103.41,136.46,289.71,123.32,197.75,294.71,2863.06,1518.07,445.38,66.58,231.11,908.76,363.6,229.15,269.07,464.17,220.42,102.91,3168.01,242.13,95.28,133.82,40.2,59.0,100.09,281.78
20260824,11:21:45,45050.03,40411.93,24228.74,16216.9,123.29,1941.07,313.07,484.29,539.75,109.5,177.16,191.01,103.41,136.46,289.71,123.31,197.75,294.71,2866.44,1520.46,445.67,66.58,231.11,908.72,363.66,229.15,269.38,464.21,220.42,102.91,3167.27,242.13,95.28,133.83,40.2,59.0,100.09,281.78
20260824,11:21:50,45011.19,40374.68,24227.21,16217.11,123.42,1941.07,313.08,484.55,539.67,109.42,177.16,191.01,103.41,136.46,289.71,123.31,197.78,294.71,2863.44,1518.26,445.67,66.58,231.11,908.75,363.66,229.15,269.07,464.23,220.41,102.91,3166.73,242.13,95.28,133.83,40.2,59.0,100.09,281.78
20260824,11:21:55,45008.55,40371.67,24228.34,16216.96,123.29,1941.07,313.08,484.54,539.67,109.42,177.16,191.0,103.41,136.46,289.59,123.43,197.78,294.71,2863.2,1518.07,445.66,66.59,231.11,908.75,363.64,229.15,269.07,464.23,220.37,102.91,3167.13,242.13,95.28,133.8,40.2,59.0,100.09,281.78
20260824,11:22:00,45011.9,40374.78,24228.59,16216.72,123.29,1941.07,313.17,484.54,539.67,109.5,177.14,191.0,103.4,136.46,289.59,123.43,197.78,294.71,2863.45,1518.28,445.66,66.58,231.11,908.74,363.64,229.15,269.08,464.22,220.32,102.91,3167.27,242.13,95.28,133.65,40.2,59.0,100.09,281.78
20260824,11:22:05,45012.36,40372.33,24233.13,16212.23,123.29,1941.07,312.54,484.28,539.69,109.5,177.16,191.0,103.41,136.46,289.59,123.47,197.78,294.71,2863.37,1518.21,445.64,66.56,231.47,908.47,363.64,229.15,269.08,464.22,220.32,102.91,3169.91,242.13,95.28,133.65,40.2,59.0,100.09,281.78
20260824,11:22:10,45014.3,40376.6,24229.47,16215.97,123.29,1941.07,313.08,484.4,539.69,109.5,177.15,191.0,103.41,136.46,289.59,123.43,197.78,294.71,2863.62,1518.26,445.69,66.56,231.47,908.47,363.64,229.15,269.39,464.22,220.31,102.91,3167.75,242.13,95.28,133.65,40.2,59.0,100.09,281.78
20260824,11:22:15,45012.6,40374.78,24229.79,16215.81,123.29,1941.07,313.08,484.4,539.69,109.49,177.13,190.99,103.39,136.45,289.59,123.43,197.78,294.7,2863.48,1518.21,445.68,66.58,231.23,908.48,363.64,229.15,269.39,464.22,220.32,102.91,3167.89,242.2,95.28,133.65,40.2,59.0,100.09,281.78
20260824,11:22:20,45011.06,40373.06,24231.36,16216.89,123.29,1941.07,313.08,484.4,539.68,109.49,177.13,190.99,103.39,136.45,289.59,123.43,197.78,294.7,2863.31,1518.21,445.68,66.58,231.22,908.5,363.62,229.15,269.07,464.22,220.43,102.91,3168.09,242.2,95.28,133.65,40.2,59.0,100.09,281.77
20260824,11:22:25,45009.85,40371.88,24231.31,16216.83,123.29,1941.07,313.08,484.4,539.68,109.49,177.14,191.04,103.39,136.45,289.59,123.4,197.71,294.7,2863.22,1518.14,445.69,66.57,231.22,908.51,363.62,229.15,269.07,464.22,220.44,102.91,3168.09,242.2,95.28,133.65,40.2,59.0,100.09,281.77
20260824,11:22:30,45050.95,40409.86,24236.64,16216.03,123.29,1940.62,313.08,484.4,539.54,109.5,177.14,191.02,103.39,136.45,289.59,123.4,197.71,294.7,2866.3,1520.54,445.71,66.58,231.1,908.47,363.62,229.15,269.07,464.22,220.44,102.91,3169.97,242.2,95.28,133.65,40.2,59.0,100.09,281.72
20260824,11:22:35,45055.47,40413.88,24236.58,16214.69,123.29,1940.62,313.08,484.28,539.54,109.5,177.13,190.98,103.39,136.45,289.59,123.4,197.71,294.7,2866.65,1520.62,445.72,66.57,231.33,908.88,363.64,229.15,269.07,464.21,220.4,102.91,3170.32,242.2,95.28,133.65,40.2,59.02,100.09,281.44
20260824,11:22:40,45057.62,40414.86,24240.32,16215.27,123.29,1940.62,313.17,484.28,539.54,109.5,177.13,191.0,103.39,136.46,289.59,123.4,197.71,294.7,2866.72,1520.63,445.71,66.58,231.34,909.0,363.64,229.15,269.07,464.21,220.38,102.91,3171.33,242.2,95.28,133.65,40.2,59.02,100.09,281.44
20260824,11:22:45,45057.33,40415.16,24238.81,16215.49,123.42,1940.62,313.08,484.28,539.54,109.42,177.13,191.0,103.39,136.46,289.59,123.44,197.71,294.7,2866.74,1520.63,445.72,66.57,231.16,908.82,363.64,229.15,269.39,464.2,220.43,102.91,3170.79,242.2,95.28,133.65,40.2,59.02,100.09,281.44
20260824,11:22:50,45060.39,40418.0,24240.72,16217.17,123.42,1940.62,313.08,484.28,539.54,109.42,177.32,191.0,103.55,136.46,289.59,123.4,197.73,294.7,2866.93,1520.65,445.72,66.58,231.4,908.96,363.64,229.15,269.38,464.2,220.42,102.91,3170.93,242.2,95.28,133.65,40.2,59.02,100.09,281.44
20260824,11:22:55,45056.46,40414.11,24238.2,16214.07,123.23,1940.62,312.54,484.54,539.55,109.42,177.32,190.98,103.55,136.46,289.59,123.4,197.73,294.7,2866.69,1520.49,445.71,66.58,231.13,909.56,363.64,229.15,269.06,464.2,220.44,102.91,3170.99,242.2,95.4,133.65,40.2,59.02,100.09,281.44
20260824,11:23:00,45054.7,40415.15,24229.61,16213.43,123.23,1940.62,312.54,484.51,539.55,109.42,177.33,191.0,103.55,136.46,289.59,123.44,197.73,294.7,2866.79,1520.53,445.71,66.58,231.16,909.68,363.32,229.14,269.06,464.2,220.32,102.91,3168.48,242.2,95.4,133.65,40.2,59.02,100.09,281.49
20260824,11:23:05,45055.59,40413.94,24236.82,16214.78,123.23,1940.54,312.46,484.51,539.48,109.42,177.33,191.0,103.55,136.46,289.59,123.44,197.73,294.7,2866.66,1520.5,445.72,66.58,230.93,909.68,363.32,229.14,269.06,464.15,220.57,102.91,3170.37,242.2,95.4,133.63,40.2,59.02,100.09,281.49
20260824,11:23:10,45058.01,40416.53,24239.22,16218.31,123.23,1938.9,313.08,484.33,539.48,109.42,177.33,191.0,103.55,136.46,289.59,123.44,197.73,294.7,2866.78,1520.5,445.69,66.57,231.05,909.86,363.64,229.14,269.06,464.1,220.57,102.91,3170.16,242.2,95.4,133.63,40.2,59.02,100.09,281.49
20260824,11:23:15,45057.79,40415.52,24240.88,16217.57,123.23,1938.9,313.08,484.33,539.48,109.42,177.31,190.99,103.54,136.46,289.59,123.4,197.73,294.7,2866.72,1520.48,445.71,66.56,231.05,909.74,363.64,229.14,269.06,464.1,220.53,102.91,3170.88,242.2,95.4,133.63,40.2,59.02,100.09,281.49
20260824,11:23:20,45057.51,40415.41,24239.99,16217.08,123.36,1938.9,313.08,484.33,539.55,109.43,177.31,190.99,103.54,136.46,289.59,123.4,197.73,294.68,2866.72,1520.48,445.68,66.56,231.05,909.75,363.88,229.14,269.05,464.1,220.42,102.91,3170.73,242.2,95.4,133.63,40.2,59.02,100.09,281.49
20260824,11:23:25,45056.5,40414.39,24241.0,16218.11,123.36,1940.31,313.08,484.33,539.55,109.42,177.32,191.02,103.54,136.46,289.59,123.28,197.73,294.68,2866.61,1520.41,445.66,66.58,231.04,909.33,363.88,229.14,269.37,464.08,220.56,102.91,3170.77,242.2,95.4,133.63,40.2,59.02,100.09,281.44
20260824,11:23:30,45053.93,40413.19,24235.54,16216.21,123.36,1940.31,313.17,484.33,539.52,109.42,177.32,191.02,103.54,136.46,289.71,123.28,197.73,294.68,2866.56,1520.48,445.67,66.59,231.04,909.35,363.88,229.14,269.05,464.01,220.41,102.91,3169.58,242.2,95.28,133.63,40.24,59.01,100.09,281.44
20260824,11:23:35,45057.29,40415.44,24238.63,16216.33,123.23,1940.53,313.08,484.33,539.48,109.5,177.32,191.03,103.54,136.46,289.71,123.4,197.73,294.69,2866.74,1520.54,445.7,66.57,230.9,909.35,363.63,229.14,269.37,463.98,220.44,102.91,3170.51,242.13,95.28,133.63,40.24,59.01,100.09,281.44
20260824,11:23:40,45058.86,40417.4,24237.75,16216.75,123.23,1940.53,313.08,484.33,539.48,109.5,177.33,191.01,103.55,136.46,289.71,123.32,197.73,294.69,2866.89,1520.69,445.67,66.56,231.15,909.48,363.63,229.14,269.05,463.98,220.51,102.91,3170.12,242.2,95.28,133.63,40.24,59.01,100.09,281.43
20260824,11:23:45,45057.5,40416.33,24236.71,16216.41,123.36,1940.53,313.08,484.33,539.48,109.49,177.36,191.1,103.55,136.46,289.83,123.32,197.73,294.69,2866.81,1520.68,445.67,66.56,231.27,908.7,363.63,229.14,269.46,464.0,220.4,102.91,3169.89,242.2,95.28,133.62,40.24,59.01,100.09,281.43
20260824,11:23:50,45056.75,40416.19,24233.68,16214.91,123.23,1940.53,313.08,484.33,539.48,109.49,177.36,191.13,103.55,136.46,289.83,123.32,197.73,294.69,2866.84,1520.81,445.56,66.56,231.02,908.7,363.63,229.14,269.46,464.03,220.27,102.91,3169.35,242.2,95.28,133.62,40.24,59.01,100.09,281.43
20260824,11:23:55,45055.24,40413.83,24237.32,16216.12,123.23,1940.53,313.08,484.33,539.48,109.49,177.37,191.13,103.56,136.46,289.83,123.32,197.69,294.69,2866.62,1520.7,445.56,66.59,231.2,908.71,363.63,229.14,269.15,464.05,220.39,102.91,3170.16,242.2,95.28,133.62,40.24,59.01,100.09,281.43
20260824,11:24:00,45057.88,40416.69,24237.09,16216.81,123.36,1940.53,313.08,484.33,539.52,109.41,177.37,191.14,103.56,136.46,289.83,123.32,197.76,294.69,2866.83,1520.87,445.54,66.59,231.19,908.76,363.31,229.14,269.15,464.05,220.42,102.91,3169.9,242.2,95.28,133.62,40.24,59.01,100.09,281.43
20260824,11:24:05,45060.52,40419.25,24235.63,16215.1,123.36,1940.53,313.08,484.33,539.46,109.41,177.37,191.12,103.56,136.46,289.83,123.32,197.76,294.69,2867.08,1520.87,445.57,66.59,231.08,909.38,363.55,229.14,269.15,464.05,220.27,102.91,3169.91,242.2,95.28,133.61,40.24,59.01,100.09,281.43
20260824,11:24:10,45059.47,40418.58,24233.85,16214.24,123.23,1940.53,313.0,484.33,539.43,109.49,177.37,191.12,103.56,136.46,289.83,123.32,197.76,294.69,2867.04,1520.83,445.57,66.59,231.08,909.4,363.55,229.14,269.15,464.03,220.28,102.91,3169.59,242.2,95.28,133.61,40.24,59.01,100.09,281.43
20260824,11:24:15,45020.18,40379.25,24238.23,16215.76,123.23,1940.53,313.01,484.33,539.5,109.49,177.37,191.12,103.56,136.46,289.83,123.32,197.76,294.69,2863.84,1518.32,445.58,66.6,231.19,909.39,363.55,229.14,269.15,464.04,220.39,102.91,3170.54,242.2,95.28,133.61,40.24,59.01,100.09,281.48
20260824,11:24:20,45023.19,40382.61,24237.82,16216.75,123.23,1941.94,313.09,484.33,539.5,109.41,177.37,191.11,103.56,136.46,289.83,123.32,197.76,294.69,2864.09,1518.45,445.69,66.61,231.2,909.4,363.88,229.14,269.15,464.04,220.39,102.91,3170.14,242.2,95.28,133.61,40.24,59.01,100.08,281.5
20260824,11:24:25,45022.4,40381.83,24237.5,16216.32,123.36,1940.53,313.01,484.32,539.5,109.41,177.39,191.09,103.58,136.46,289.83,123.32,197.76,294.69,2864.03,1518.34,445.68,66.6,231.44,909.43,363.88,229.14,269.15,464.04,220.4,102.91,3170.16,242.2,95.28,133.61,40.24,59.01,100.08,281.52
20260824,11:24:30,45020.62,40380.65,24235.96,16216.4,123.23,1940.53,313.01,484.32,539.64,109.41,177.39,191.09,103.58,136.46,289.83,123.32,197.76,294.69,2863.94,1518.4,445.7,66.59,231.45,909.01,363.88,229.14,269.15,464.04,220.4,102.91,3169.66,242.2,95.28,133.61,40.24,59.01,100.08,281.54
20260824,11:24:35,45025.78,40385.07,24237.44,16216.08,123.23,1940.53,313.02,484.32,539.5,109.41,177.39,191.1,103.58,136.46,289.83,123.32,197.76,294.69,2864.3,1518.4,445.72,66.62,231.2,910.02,363.63,229.14,269.16,464.02,220.41,102.91,3170.2,242.2,95.28,133.61,40.24,59.01,100.08,281.54
20260824,11:24:40,45025.5,40384.61,24239.14,16217.41,123.23,1940.53,313.1,484.32,539.5,109.41,177.39,191.1,103.58,136.46,289.83,123.32,197.76,294.69,2864.23,1518.43,445.61,66.61,231.08,910.02,363.63,229.14,269.16,464.02,220.41,102.91,3170.37,242.2,95.28,133.61,40.24,59.01,100.08,281.79
20260824,11:24:45,45027.08,40386.14,24238.97,16217.18,123.23,1940.53,313.1,484.32,539.64,109.41,177.38,191.06,103.58,136.46,289.83,123.36,197.76,294.69,2864.36,1518.54,445.6,66.61,231.08,910.0,363.63,229.14,269.16,463.99,220.44,102.91,3170.39,242.2,95.16,133.61,40.24,59.01,100.08,281.74
20260824,11:24:50,45025.52,40385.32,24235.29,16215.27,123.23,1940.53,313.1,484.32,539.64,109.41,177.36,191.06,103.56,136.46,289.83,123.32,197.76,294.68,2864.34,1518.55,445.5,66.61,231.08,910.01,363.63,229.14,269.16,464.0,220.29,102.87,3169.75,242.2,95.16,133.61,40.24,59.01,100.08,281.74
20260824,11:24:55,45022.63,40382.35,24236.66,16216.32,123.23,1940.47,313.1,484.32,539.67,109.49,177.36,191.06,103.56,136.45,289.71,123.32,197.76,294.68,2864.07,1518.33,445.52,66.62,231.08,910.05,363.63,229.0,269.16,464.0,220.28,102.87,3169.9,242.2,95.28,133.61,40.24,59.01,100.08,281.74
20260824,11:25:00,45021.55,40381.19,24235.65,16214.84,123.23,1940.47,313.02,484.21,539.67,109.47,177.35,191.03,103.56,136.45,289.71,123.32,197.76,294.68,2864.02,1518.34,445.51,66.6,231.08,909.92,363.63,229.0,269.16,464.0,220.3,102.87,3169.98,242.24,95.28,133.61,40.24,59.02,100.08,281.44
20260824,11:25:05,45058.11,40417.79,24232.45,16214.4,123.23,1939.06,312.94,484.21,539.67,109.47,177.43,191.05,103.62,136.45,289.71,123.32,197.76,294.68,2866.98,1520.62,445.5,66.62,231.08,909.89,363.63,229.0,269.16,463.94,220.3,102.87,3169.1,242.24,95.28,133.61,40.24,59.02,100.08,281.43
20260824,11:25:10,45063.92,40422.52,24236.55,16215.98,123.36,1939.06,312.94,484.21,539.67,109.47,177.44,190.99,103.64,136.45,289.71,123.32,197.76,294.68,2867.32,1520.83,445.5,66.62,231.06,910.04,363.88,229.0,269.16,463.96,220.41,102.87,3169.96,242.24,95.28,133.61,40.24,59.02,100.08,281.41
20260824,11:25:15,45063.65,40422.5,24236.49,16216.76,123.23,1939.06,313.03,484.32,539.67,109.47,177.44,191.01,103.64,136.45,289.71,123.32,197.76,294.68,2867.3,1520.77,445.51,66.61,231.31,909.95,363.85,229.0,269.16,463.94,220.45,102.87,3169.72,242.24,95.28,133.61,40.24,59.02,100.08,281.42
20260824,11:25:20,45064.64,40423.06,24238.29,16217.47,123.3,1939.06,313.03,484.32,539.67,109.4,177.43,190.99,103.64,136.45,289.71,123.32,197.76,294.67,2867.33,1520.83,445.49,66.61,231.31,909.85,363.85,229.0,269.16,463.94,220.54,102.87,3170.09,242.2,95.28,133.61,40.24,59.02,100.08,281.42
20260824,11:25:25,45025.64,40385.49,24235.43,16215.62,123.17,1939.06,313.03,484.25,539.71,109.4,177.24,191.0,103.48,136.45,289.71,123.32,197.73,294.67,2864.34,1518.4,445.5,66.62,231.31,909.98,363.61,229.0,269.37,463.93,220.67,102.87,3169.7,241.88,95.28,133.61,40.24,59.02,100.08,281.42
20260824,11:25:30,45025.42,40385.42,24234.56,16215.09,123.17,1939.06,313.11,484.25,539.64,109.4,177.24,191.0,103.48,136.45,289.71,123.36,197.71,294.67,2864.35,1518.42,445.49,66.61,231.32,909.99,363.61,229.0,269.37,463.93,220.55,102.87,3169.58,241.88,95.28,133.61,40.24,59.02,100.08,281.42
20260824,11:25:35,45024.53,40384.12,24235.22,16214.41,123.17,1940.47,313.11,484.25,539.64,109.39,177.24,191.0,103.48,136.45,289.71,123.36,197.71,294.67,2864.26,1518.42,445.49,66.61,231.07,909.97,363.85,229.0,269.37,463.93,220.43,102.87,3169.97,241.81,95.28,133.61,40.24,59.02,100.08,281.42
20260824,11:25:40,45025.0,40384.85,24234.59,16214.6,123.17,1940.47,313.11,484.25,539.64,109.42,177.23,190.99,103.48,136.45,289.71,123.36,197.71,294.67,2864.32,1518.41,445.44,66.61,231.31,909.95,363.85,229.0,269.37,463.93,220.44,102.87,3169.72,241.81,95.28,133.61,40.24,59.02,100.1,281.42
20260824,11:25:45,45021.51,40381.63,24235.7,16216.47,123.3,1940.47,313.11,484.25,539.64,109.5,177.22,190.94,103.48,136.45,289.71,123.37,197.71,294.67,2864.01,1518.41,445.47,66.61,231.07,909.81,363.85,229.0,269.06,463.93,220.58,102.87,3169.56,241.84,95.28,133.61,40.24,59.02,100.1,281.42
20260824,11:25:50,45018.32,40378.67,24234.63,16215.76,123.17,1940.47,313.03,484.25,539.64,109.43,177.29,190.92,103.53,136.45,289.71,123.37,197.75,294.67,2863.79,1518.42,445.42,66.61,231.07,909.34,363.85,229.0,269.06,463.97,220.54,102.87,3169.41,241.83,95.28,133.61,40.24,59.02,100.1,281.42
20260824,11:25:55,44975.2,40338.65,24227.94,16214.75,123.17,1940.83,313.11,484.23,539.64,109.43,177.29,190.95,103.53,136.45,289.83,123.27,197.75,294.67,2860.59,1515.96,445.45,66.63,231.06,909.24,363.84,229.0,269.06,463.97,220.53,102.87,3167.6,241.83,95.16,133.61,40.24,59.02,100.1,281.4
20260824,11:26:00,44974.07,40338.21,24225.44,16214.08,123.17,1940.83,313.11,484.23,539.86,109.43,177.3,190.98,103.53,136.45,289.83,123.27,197.75,294.67,2860.57,1515.96,445.45,66.63,231.06,909.2,363.79,229.0,269.06,463.94,220.37,102.87,3167.0,241.83,95.16,133.61,40.24,59.02,100.1,281.4
20260824,11:26:05,44973.73,40338.4,24221.04,16210.75,123.17,1940.83,312.56,484.23,539.56,109.43,177.29,190.97,103.53,136.45,289.83,123.27,197.75,294.67,2860.67,1515.96,445.47,66.61,231.31,909.23,363.79,229.0,269.06,463.94,220.53,102.87,3166.53,241.92,95.16,133.61,40.24,59.02,100.1,281.4
20260824,11:26:10,45017.98,40381.42,24221.47,16210.94,123.17,1940.83,312.56,484.23,539.56,109.43,177.3,190.98,103.53,136.24,289.83,123.28,197.75,294.67,2864.13,1518.37,445.47,66.61,231.31,910.02,363.79,229.0,269.06,463.94,220.58,102.87,3166.61,241.92,95.16,133.61,40.24,59.02,100.1,281.4
20260824,11:26:15,45013.25,40376.24,24225.64,16213.84,123.17,1940.83,313.11,484.31,539.56,109.43,177.16,190.95,103.43,136.24,289.83,123.28,197.75,294.67,2863.64,1518.07,445.44,66.6,231.06,910.04,363.79,229.0,269.06,463.94,220.5,102.87,3167.13,241.85,95.28,133.61,40.24,59.02,100.1,281.45
20260824,11:26:20,45014.61,40378.05,24224.0,16213.54,123.17,1940.83,313.11,484.31,539.39,109.43,177.17,190.94,103.43,136.24,289.83,123.28,197.75,294.66,2863.79,1518.15,445.44,66.61,231.17,910.05,363.79,229.0,269.06,463.94,220.53,102.87,3166.7,241.85,95.28,133.61,40.24,59.02,100.1,281.45
20260824,11:26:25,45013.97,40377.78,24222.13,16212.57,123.17,1939.42,313.11,484.31,539.39,109.43,177.24,190.93,103.49,136.24,289.83,123.28,197.75,294.66,2863.8,1518.21,445.45,66.61,231.17,909.92,363.47,229.0,269.06,463.92,220.52,102.87,3166.37,241.81,95.16,133.61,40.24,59.02,100.1,281.45
20260824,11:26:30,45015.39,40379.39,24221.18,16212.23,123.17,1939.42,313.11,484.31,539.28,109.43,177.23,190.92,103.49,136.24,289.83,123.28,197.75,294.66,2863.93,1518.33,445.45,66.59,231.17,909.92,363.47,229.0,269.06,463.92,220.52,102.87,3166.17,241.81,95.17,133.61,40.24,59.01,100.1,281.45
20260824,11:26:35,45015.53,40379.4,24222.15,16212.94,123.17,1939.42,313.03,484.31,539.25,109.43,177.22,190.91,103.48,136.24,289.83,123.34,197.75,294.66,2863.92,1518.31,445.47,66.59,231.17,909.93,363.22,229.0,269.06,463.95,220.53,102.87,3166.28,241.81,95.29,133.61,40.24,59.01,100.1,281.45
20260824,11:26:40,45013.33,40377.0,24222.06,16211.99,123.17,1939.42,313.03,484.31,539.25,109.51,177.23,190.91,103.49,136.45,289.83,123.34,197.72,294.64,2863.75,1518.19,445.39,66.59,231.17,909.98,363.22,229.0,269.06,463.95,220.49,102.87,3166.51,241.81,95.17,133.61,40.24,59.01,100.11,281.4
20260824,11:26:45,45011.36,40374.91,24222.95,16212.42,123.3,1939.06,313.03,484.31,539.25,109.43,177.24,190.93,103.49,136.45,289.83,123.34,197.72,294.64,2863.57,1518.14,445.32,66.6,231.05,909.91,363.22,229.0,269.05,463.95,220.53,102.87,3166.67,241.81,95.17,133.61,40.24,59.01,100.11,281.4
20260824,11:26:50,45012.78,40376.3,24222.31,16211.69,123.17,1940.47,313.11,484.31,539.25,109.43,177.24,190.93,103.49,136.45,289.83,123.34,197.72,294.58,2863.7,1518.15,445.34,66.6,231.3,909.95,363.2,229.0,269.05,463.93,220.37,102.86,3166.67,241.81,95.17,133.61,40.24,59.01,100.11,281.45
20260824,11:26:55,45011.44,40375.05,24221.96,16211.51,123.3,1940.47,313.1,484.06,539.25,109.43,177.23,190.91,103.49,136.45,289.83,123.34,197.72,294.58,2863.6,1518.11,445.37,66.62,231.05,909.96,363.2,229.0,269.05,463.98,220.36,102.86,3166.61,241.74,95.16,133.61,40.24,59.01,100.11,281.45
20260824,11:27:00,45011.34,40375.36,24220.94,16211.67,123.17,1940.47,313.1,484.26,539.25,109.43,177.24,190.93,103.49,136.45,289.83,123.34,197.72,294.58,2863.62,1518.14,445.36,66.61,231.05,909.95,363.2,229.0,269.05,463.98,220.4,102.86,3166.25,241.74,95.16,133.58,40.24,59.01,100.11,281.45
20260824,11:27:05,45012.78,40376.34,24222.95,16212.6,123.17,1940.47,313.1,484.38,539.25,109.43,177.31,190.93,103.55,136.45,289.83,123.34,197.72,294.58,2863.68,1518.19,445.38,66.59,231.05,909.96,363.2,229.0,269.05,463.97,220.4,102.86,3166.62,241.74,95.16,133.58,40.24,59.02,100.11,281.45
20260824,11:27:10,45014.67,40379.03,24220.17,16212.22,123.17,1940.47,313.1,484.32,539.25,109.43,177.3,190.91,103.55,136.45,289.83,123.34,197.75,294.58,2863.91,1518.3,445.28,66.59,231.05,909.84,363.2,229.0,269.37,463.96,220.37,102.86,3165.86,241.74,95.16,133.58,40.24,59.02,100.11,281.45
20260824,11:27:15,45018.11,40379.29,24229.78,16212.93,123.17,1940.47,313.1,484.07,539.26,109.43,177.3,190.91,103.55,136.45,289.83,123.46,197.75,294.57,2863.91,1518.36,445.36,66.61,231.05,909.6,363.13,229.0,269.37,463.96,220.41,102.86,3168.67,241.74,95.16,133.58,40.24,59.02,100.11,281.4
20260824,11:27:20,45016.47,40377.28,24230.47,16212.36,123.17,1940.47,313.1,484.03,539.33,109.43,177.3,190.91,103.55,136.45,289.83,123.34,197.75,294.57,2863.76,1518.33,445.37,66.6,231.05,909.43,363.13,229.0,269.27,463.96,220.41,102.86,3169.04,241.74,95.16,133.58,40.24,59.02,100.11,281.4
20260824,11:27:25,45018.42,40379.15,24231.86,16213.85,123.17,1940.47,313.1,484.07,539.31,109.43,177.3,190.91,103.55,136.45,289.83,123.34,197.75,294.58,2863.88,1518.38,445.39,66.6,231.05,909.47,363.13,229.0,269.31,463.95,220.56,102.86,3169.07,241.74,95.16,133.58,40.24,59.02,100.11,281.45
20260824,11:27:30,45016.58,40377.74,24231.37,16214.56,123.17,1940.47,313.1,484.06,539.31,109.43,177.3,190.91,103.55,136.45,289.83,123.3,197.75,294.58,2863.75,1518.33,445.37,66.6,231.03,909.13,363.13,229.0,269.5,463.95,220.56,102.86,3168.72,241.74,95.29,133.58,40.24,59.02,100.11,281.43
20260824,11:27:35,45017.76,40378.49,24232.54,16214.58,123.17,1940.47,313.1,484.06,539.3,109.51,177.31,190.91,103.55,136.45,289.83,123.29,197.71,294.58,2863.81,1518.39,445.46,66.6,231.03,909.39,363.13,229.0,269.19,463.95,220.55,102.85,3169.08,241.74,95.28,133.58,40.24,59.02,100.11,281.43
20260824,11:27:40,45019.55,40380.68,24230.13,16213.28,123.17,1940.47,313.1,484.07,539.14,109.51,177.31,190.91,103.55,136.45,289.95,123.29,197.71,294.58,2864.01,1518.39,445.48,66.58,231.28,909.29,363.14,229.0,269.5,463.95,220.56,102.85,3168.68,241.74,95.16,133.59,40.25,59.02,100.11,281.43
20260824,11:27:45,45020.79,40382.46,24228.07,16212.84,123.3,1940.47,313.1,484.07,539.22,109.51,177.31,190.92,103.55,136.45,289.95,123.34,197.71,294.58,2864.17,1518.27,445.59,66.59,231.28,909.88,363.12,229.0,269.5,463.95,220.41,102.85,3168.16,241.74,95.16,133.59,40.25,59.02,100.11,281.44
20260824,11:27:50,45016.08,40377.5,24229.55,16213.31,123.17,1940.47,313.1,484.07,539.14,109.51,177.31,190.92,103.55,136.45,289.95,123.32,197.71,294.58,2863.76,1518.23,445.58,66.59,231.27,909.46,363.06,229.0,269.19,463.95,220.55,102.85,3168.49,241.74,95.16,133.59,40.25,59.0,100.11,281.44
20260824,11:27:55,45015.61,40376.01,24230.3,16210.72,123.17,1940.47,313.1,483.95,539.14,109.43,177.24,190.91,103.49,136.45,289.95,123.28,197.71,294.58,2863.7,1518.28,445.56,66.59,231.03,909.4,363.06,229.0,269.19,463.93,220.49,102.85,3169.43,241.74,95.16,133.39,40.25,59.0,100.11,281.44
20260824,11:28:00,45018.89,40379.97,24227.89,16210.47,123.17,1940.47,313.1,483.95,539.14,109.43,177.22,190.88,103.49,136.45,289.95,123.28,197.71,294.58,2864.02,1518.47,445.56,66.56,231.3,909.4,363.06,229.0,269.19,463.89,220.5,102.85,3168.75,241.74,95.16,133.38,40.25,58.98,100.11,281.44
20260824,11:28:05,45019.48,40380.45,24229.95,16212.53,123.17,1940.55,313.1,483.95,539.29,109.43,177.22,190.86,103.49,136.45,289.95,123.28,197.71,294.58,2864.01,1518.37,445.56,66.53,231.3,909.74,363.06,229.0,269.19,463.89,220.67,102.84,3168.83,241.74,95.16,133.38,40.25,58.98,100.11,281.44
20260824,11:28:10,45019.5,40380.89,24227.56,16211.23,123.17,1940.55,313.1,483.7,539.29,109.43,177.22,190.86,103.49,136.45,289.83,123.28,197.71,294.58,2864.08,1518.36,445.58,66.54,231.3,909.89,363.06,229.0,269.19,463.89,220.56,102.84,3168.44,241.74,95.16,133.39,40.25,59.0,100.08,281.44
20260824,11:28:15,45021.09,40383.26,24225.99,16212.13,123.17,1940.55,313.1,483.68,539.26,109.43,177.22,190.86,103.49,136.45,289.95,123.29,197.71,294.57,2864.25,1518.43,445.57,66.53,231.05,909.91,363.06,229.0,269.51,463.89,220.56,102.84,3167.7,241.74,95.28,133.39,40.25,59.0,100.09,281.44
20260824,11:28:20,45018.65,40380.29,24227.75,16212.19,123.3,1940.55,313.02,483.93,539.19,109.43,177.25,190.86,103.51,136.45,289.95,123.29,197.71,294.57,2864.01,1518.37,445.59,66.54,231.05,909.93,363.06,229.0,269.18,463.89,220.55,102.84,3168.24,241.74,95.28,133.39,40.25,59.0,100.09,281.44
20260824,11:28:25,45017.68,40379.33,24222.88,16206.55,123.3,1940.55,312.48,483.93,539.13,109.43,177.25,190.86,103.51,136.45,289.83,123.29,197.71,294.57,2864.07,1518.37,445.48,66.55,231.3,909.93,363.06,229.0,269.18,463.88,220.41,102.84,3168.25,241.74,95.28,133.39,40.25,59.0,100.09,281.42
20260824,11:28:30,45021.34,40383.49,24226.11,16212.23,123.17,1940.55,313.02,483.93,539.39,109.43,177.26,190.92,103.51,136.24,289.83,123.29,197.71,294.57,2864.26,1518.37,445.48,66.56,231.3,909.96,363.08,229.0,269.49,463.87,220.56,102.84,3167.71,241.74,95.28,133.39,40.25,59.0,100.09,281.42
20260824,11:28:35,45020.46,40382.69,24226.18,16212.49,123.17,1940.55,313.02,483.93,539.35,109.51,177.25,190.88,103.51,136.45,289.83,123.29,197.71,294.57,2864.19,1518.38,445.49,66.55,231.05,910.02,363.09,229.0,269.49,463.87,220.56,102.84,3167.66,241.74,95.28,133.39,40.25,59.0,100.09,281.42
20260824,11:28:40,45018.22,40381.3,24223.8,16212.44,123.17,1940.55,313.02,483.93,539.35,109.51,177.25,190.86,103.51,136.45,289.83,123.29,197.71,294.57,2864.08,1518.37,445.48,66.53,231.05,910.22,363.09,229.0,269.18,463.87,220.56,102.84,3166.93,241.74,95.28,133.39,40.25,59.0,100.09,281.42
20260824,11:28:45,45018.92,40381.58,24226.01,16213.61,123.3,1940.55,313.02,483.93,539.35,109.51,177.25,190.86,103.51,136.45,289.81,123.28,197.71,294.57,2864.08,1518.37,445.39,66.53,231.05,910.3,363.07,229.0,269.18,463.81,220.66,102.84,3167.31,241.74,95.28,133.39,40.25,59.0,100.09,281.42
20260824,11:28:50,45021.26,40383.23,24227.59,16213.32,123.17,1940.92,313.02,483.93,539.35,109.51,177.25,190.86,103.51,136.45,289.81,123.27,197.71,294.57,2864.22,1518.48,445.39,66.52,231.05,910.29,363.07,229.0,269.18,463.81,220.66,102.84,3167.88,241.74,95.28,133.39,40.25,59.0,100.09,281.42
20260824,11:28:55,45019.04,40380.84,24227.83,16212.85,123.17,1940.92,313.1,483.94,539.35,109.51,177.25,190.88,103.51,136.45,289.81,123.31,197.71,294.57,2864.04,1518.3,445.52,66.53,231.05,910.27,363.08,229.0,269.18,463.81,220.51,102.84,3168.08,241.74,95.28,133.39,40.25,59.0,100.09,281.42
20260824,11:29:00,45017.87,40380.29,24224.66,16211.17,123.17,1940.93,313.1,483.96,539.31,109.51,176.98,190.88,103.3,136.45,289.81,123.31,197.71,294.6,2864.03,1518.3,445.5,66.54,231.04,910.28,363.07,229.0,269.19,463.77,220.66,102.84,3167.55,241.74,95.28,133.39,40.21,59.0,100.09,281.43
20260824,11:29:05,45023.1,40382.93,24231.57,16210.88,123.3,1940.87,313.1,483.96,539.31,109.51,176.98,190.88,103.3,136.45,289.81,123.32,197.71,294.6,2864.25,1518.29,445.43,66.54,231.29,910.27,363.07,229.0,269.5,463.77,220.66,102.79,3169.78,241.74,95.28,133.19,40.21,59.0,100.09,281.42
20260824,11:29:10,45018.88,40379.34,24228.72,16209.36,123.17,1940.87,313.1,483.96,539.32,109.43,176.98,190.88,103.3,136.45,289.81,123.36,197.71,294.59,2864.0,1518.3,445.43,66.53,231.04,910.27,363.07,229.0,269.19,463.72,220.55,102.79,3169.31,241.74,95.28,133.19,40.21,59.0,100.09,281.42
20260824,11:29:15,45020.54,40381.45,24230.18,16212.71,123.17,1940.87,313.1,483.95,539.32,109.43,177.39,190.95,103.61,136.45,289.81,123.36,197.71,294.59,2864.09,1518.32,445.41,66.52,231.29,910.27,363.07,229.0,269.19,463.71,220.55,102.79,3168.86,241.74,95.16,133.19,40.21,59.0,100.08,281.41
20260824,11:29:20,45020.44,40383.46,24223.72,16212.31,123.17,1940.87,313.01,483.95,539.32,109.43,177.38,190.92,103.61,136.45,289.81,123.36,197.71,294.59,2864.26,1518.42,445.41,66.51,231.4,910.27,363.06,229.0,269.19,463.72,220.6,102.79,3166.94,241.74,95.16,133.19,40.21,59.0,100.08,281.36
20260824,11:29:25,45015.89,40379.02,24221.34,16209.56,123.17,1942.28,313.1,483.95,539.32,109.51,176.98,190.92,103.29,136.45,289.81,123.36,197.73,294.59,2863.97,1518.3,445.39,66.51,231.29,910.08,363.06,229.0,269.19,463.7,220.6,102.79,3166.95,241.74,95.16,133.19,40.21,59.0,100.08,281.41
20260824,11:29:30,45016.13,40379.53,24220.59,16209.61,123.17,1942.5,313.09,484.08,539.32,109.51,176.98,190.92,103.29,136.44,289.81,123.36,197.69,294.59,2864.01,1518.36,445.47,66.52,231.04,910.09,363.06,229.0,269.19,463.7,220.6,102.79,3166.7,241.74,95.16,133.19,40.21,59.0,100.08,281.4
20260824,11:29:35,45014.92,40379.38,24217.51,16209.52,123.17,1942.14,313.09,484.08,539.3,109.51,176.98,190.91,103.29,136.44,289.81,123.36,197.69,294.62,2864.0,1518.37,445.5,66.48,231.04,910.09,363.13,229.0,269.18,463.75,220.6,102.79,3165.76,241.74,95.16,133.19,40.21,59.0,100.08,281.4
20260824,11:29:40,45011.66,40375.62,24219.18,16209.47,123.17,1942.14,313.09,484.07,539.3,109.59,176.98,190.91,103.29,136.44,289.81,123.36,197.69,294.62,2863.7,1518.39,445.38,66.46,231.16,909.36,363.13,229.0,269.18,463.76,220.56,102.79,3166.3,241.74,95.16,133.19,40.21,59.0,100.08,281.4
20260824,11:29:45,45015.66,40379.08,24223.0,16212.41,123.3,1942.14,313.09,484.07,539.37,109.59,177.17,190.9,103.45,136.44,289.81,123.36,197.69,294.62,2863.9,1518.5,445.4,66.46,231.27,909.36,363.4,229.0,269.18,463.76,220.59,102.79,3166.69,241.74,95.16,133.19,40.21,59.0,100.08,281.4
20260824,11:29:50,45012.03,40375.76,24222.29,16212.33,123.17,1942.14,313.09,484.07,539.37,109.67,177.17,190.9,103.45,136.44,289.81,123.36,197.69,294.62,2863.64,1518.49,445.4,66.46,231.28,908.8,363.4,229.0,269.18,463.76,220.6,102.79,3166.49,241.74,95.16,133.19,40.21,59.0,100.08,281.4
20260824,11:29:55,45009.15,40373.16,24221.67,16212.28,123.17,1943.55,313.09,484.07,539.29,109.67,177.17,190.9,103.44,136.44,289.81,123.36,197.69,294.62,2863.43,1518.36,445.48,66.47,231.04,908.79,363.41,229.0,269.18,463.77,220.59,102.79,3166.31,241.74,95.16,133.19,40.21,59.0,100.08,281.3
20260824,11:30:00,45008.06,40372.86,24218.87,16211.64,123.3,1940.73,313.09,484.07,539.29,109.67,177.17,190.92,103.44,136.44,289.63,123.37,197.69,294.62,2863.42,1518.41,445.48,66.46,231.04,908.67,363.17,229.0,269.17,463.77,220.6,102.79,3165.61,241.74,95.16,133.19,40.21,59.0,100.08,281.3
20260824,11:30:05,45011.34,40376.55,24217.1,16211.25,123.3,1940.73,313.09,484.06,539.25,109.65,177.17,190.9,103.44,136.23,289.63,123.37,197.69,294.64,2863.73,1518.46,445.44,66.46,231.29,908.67,363.17,229.0,269.48,463.83,220.59,102.79,3165.16,241.81,95.16,133.19,40.21,58.97,100.08,281.35
20260824,11:30:10,45012.46,40374.37,24228.18,16213.02,123.17,1940.73,313.09,484.06,539.25,109.65,177.36,190.9,103.6,136.23,289.45,123.37,197.69,294.64,2863.51,1518.46,445.53,66.46,231.05,908.27,363.16,229.0,269.49,463.83,220.61,102.79,3168.14,241.81,95.16,133.19,40.21,58.97,100.08,281.35
20260824,11:30:15,45009.14,40372.05,24229.59,16217.73,123.17,1940.73,313.63,484.06,539.32,109.65,177.34,190.87,103.58,136.23,289.09,123.37,197.69,294.64,2863.21,1518.19,445.53,66.46,231.05,908.39,363.08,229.0,269.49,463.83,220.61,102.79,3167.31,241.81,95.28,133.19,40.21,58.97,100.08,281.35
20260824,11:30:20,45010.3,40371.89,24233.54,16217.96,123.17,1940.73,313.63,484.06,539.35,109.57,177.34,190.87,103.59,136.22,289.09,123.37,197.69,294.64,2863.19,1518.26,445.45,66.46,231.29,908.39,363.32,229.0,269.18,463.83,220.65,102.79,3168.48,241.81,95.29,133.19,40.21,58.97,100.08,281.3
20260824,11:30:25,45008.63,40370.94,24231.39,16217.75,123.17,1940.69,313.63,484.06,539.27,109.64,177.35,190.87,103.59,136.22,289.09,123.36,197.69,294.64,2863.12,1518.28,445.59,66.46,231.04,908.34,363.32,229.0,269.08,463.85,220.62,102.79,3167.86,241.81,95.29,133.2,40.21,58.97,100.08,281.32
20260824,11:30:30,45007.48,40369.23,24232.0,16216.48,123.17,1940.69,313.63,484.06,539.13,109.64,177.15,190.89,103.43,136.22,289.09,123.36,197.67,294.64,2863.01,1518.23,445.48,66.45,231.04,908.37,363.32,229.0,269.08,463.85,220.76,102.79,3168.4,241.81,95.29,133.2,40.21,58.97,100.08,281.32
20260824,11:30:35,45010.02,40371.43,24233.69,16217.5,123.17,1940.69,313.62,484.06,539.13,109.64,177.16,190.9,103.43,136.22,289.09,123.38,197.67,294.64,2863.17,1518.38,445.48,66.45,231.04,908.32,363.08,229.0,269.08,463.85,220.84,102.79,3168.65,241.81,95.29,133.2,40.21,59.0,100.08,281.32
20260824,11:30:40,45012.4,40373.89,24235.88,16220.5,123.3,1940.69,313.62,484.06,539.17,109.64,177.35,190.9,103.59,136.22,289.09,123.38,197.67,294.64,2863.29,1518.26,445.49,66.45,231.29,908.34,363.08,229.0,269.39,463.85,220.87,102.79,3168.52,241.81,95.29,133.2,40.21,59.0,100.08,281.32
20260824,11:30:45,45014.33,40376.58,24233.59,16220.57,123.3,1940.69,313.62,484.06,539.14,109.64,177.35,190.9,103.59,136.22,289.09,123.37,197.67,294.64,2863.51,1518.38,445.61,66.45,231.29,908.36,363.1,229.14,269.39,463.85,220.9,102.82,3167.78,241.81,95.29,133.2,40.21,59.0,100.08,281.3
20260824,11:30:50,45012.3,40373.21,24237.18,16220.04,123.17,1940.69,313.62,484.06,539.03,109.64,177.36,190.92,103.59,136.22,289.09,123.37,197.67,294.64,2863.25,1518.39,445.61,66.45,231.04,908.35,363.1,229.14,269.08,463.85,220.92,102.82,3169.05,241.81,95.29,133.18,40.21,59.0,100.08,281.3
20260824,11:30:55,45009.09,40373.04,24228.68,16220.2,123.23,1940.69,313.62,484.06,539.03,109.64,177.36,190.92,103.59,136.22,289.09,123.37,197.67,294.62,2863.23,1518.37,445.6,66.45,231.04,908.37,363.1,229.14,269.08,463.85,220.93,102.82,3166.35,241.81,95.29,133.18,40.21,59.0,100.08,281.3
20260824,11:31:00,44968.97,40333.74,24229.31,16220.2,123.23,1940.69,313.62,484.07,539.03,109.64,177.36,190.92,103.59,136.22,289.09,123.37,197.67,294.62,2860.06,1515.93,445.57,66.47,231.04,908.37,363.1,229.14,269.08,463.85,220.89,102.82,3166.55,241.81,95.29,133.28,40.21,59.0,100.08,281.3
20260824,11:31:05,45010.71,40374.41,24229.52,16220.45,123.23,1940.61,313.62,484.07,539.17,109.64,177.36,190.91,103.59,136.22,289.09,123.33,197.67,294.62,2863.34,1518.19,445.56,66.49,231.04,909.12,363.1,229.14,269.08,463.85,220.9,102.82,3166.55,241.81,95.29,133.3,40.21,59.0,100.08,281.3
20260824,11:31:10,45010.59,40374.17,24229.83,16220.36,123.23,1940.97,313.62,484.06,539.17,109.57,177.35,190.9,103.59,136.22,289.09,123.33,197.63,294.64,2863.32,1518.19,445.56,66.49,231.05,909.07,363.11,229.14,269.08,463.85,220.89,102.82,3166.67,241.81,95.29,133.3,40.21,59.0,100.08,281.3
20260824,11:31:15,45014.16,40377.83,24229.52,16220.64,123.23,1940.97,313.62,484.06,539.17,109.57,177.37,190.93,103.6,136.22,289.09,123.33,197.63,294.64,2863.61,1518.22,445.56,66.49,231.3,909.07,362.97,229.14,269.39,463.85,220.9,102.82,3166.5,241.81,95.29,133.3,40.21,59.0,100.08,281.3
20260824,11:31:20,45014.37,40378.44,24229.53,16221.99,123.23,1940.97,313.62,484.09,539.17,109.57,177.37,190.92,103.6,136.22,289.09,123.33,197.63,294.61,2863.62,1518.22,445.56,66.5,231.3,909.1,362.95,229.14,269.39,464.31,220.95,102.82,3166.13,241.88,95.29,133.3,40.21,59.0,100.08,281.3
20260824,11:31:25,45017.64,40379.08,24233.39,16217.91,123.23,1940.97,313.08,484.09,539.17,109.64,177.37,190.92,103.6,136.22,289.09,123.33,197.63,294.61,2863.77,1518.33,445.56,66.5,231.3,909.11,362.95,228.96,269.39,464.31,220.91,102.82,3168.45,241.88,95.29,133.3,40.21,59.0,100.08,281.3
20260824,11:31:30,45016.47,40378.59,24232.46,16219.02,123.23,1940.97,313.08,484.09,539.17,109.64,177.37,190.94,103.6,136.22,289.09,123.33,197.63,294.61,2863.71,1518.35,445.56,66.5,231.05,909.11,362.95,228.96,269.39,464.27,221.06,102.82,3167.85,241.88,95.29,133.3,40.21,59.0,100.08,281.2
20260824,11:31:35,45007.82,40370.76,24229.42,16217.53,123.23,1940.61,313.08,484.09,539.08,109.57,177.31,190.95,103.54,136.22,289.09,123.33,197.63,294.6,2863.11,1518.07,445.56,66.5,231.05,909.11,362.95,228.96,268.99,464.27,221.06,102.82,3167.31,241.88,95.29,133.29,40.21,59.0,100.08,281.2
20260824,11:31:40,45010.35,40373.23,24227.44,16215.25,123.36,1940.61,313.08,484.34,538.97,109.57,177.3,190.91,103.54,136.22,289.09,123.34,197.59,294.62,2863.36,1518.19,445.53,66.52,231.29,909.11,362.97,228.96,268.99,464.27,220.9,102.82,3167.31,241.88,95.17,133.29,40.21,59.0,100.08,281.2
20260824,11:31:45,45012.45,40374.84,24228.74,16215.3,123.36,1940.94,313.08,484.34,538.97,109.57,177.29,190.89,103.54,136.22,289.09,123.34,197.59,294.62,2863.49,1518.29,445.52,66.52,231.29,909.09,362.97,228.96,268.99,464.26,220.9,102.82,3167.7,241.88,95.17,133.29,40.21,59.0,100.08,281.2
20260824,11:31:50,45009.01,40372.17,24225.63,16213.99,123.23,1940.94,313.08,484.26,538.97,109.57,177.28,190.87,103.54,136.22,288.98,123.34,197.59,294.62,2863.31,1518.23,445.51,66.5,231.04,909.11,362.99,228.96,268.99,464.26,220.82,102.82,3167.09,241.88,95.17,133.29,40.21,59.0,100.08,281.2
20260824,11:31:55,45011.64,40374.93,24226.2,16215.33,123.23,1940.94,313.08,484.26,538.94,109.55,177.28,190.84,103.54,136.22,288.92,123.34,197.67,294.62,2863.5,1518.22,445.52,66.5,231.04,909.58,362.99,228.96,268.99,464.28,220.96,102.82,3166.9,241.88,95.17,133.29,40.21,59.0,100.08,281.25
20260824,11:32:00,45012.18,40375.3,24222.85,16210.95,123.23,1940.94,312.46,484.23,538.94,109.55,177.27,190.8,103.54,136.22,288.92,123.34,197.64,294.62,2863.64,1518.33,445.52,66.49,231.04,909.58,362.99,228.96,268.98,464.31,221.0,102.83,3167.04,241.81,95.17,133.29,40.21,59.0,100.08,281.25
20260824,11:32:05,45012.14,40375.04,24226.25,16214.1,123.23,1942.35,313.0,484.24,538.94,109.55,177.07,190.78,103.38,136.22,288.92,123.34,197.64,294.62,2863.54,1518.33,445.52,66.48,230.86,909.58,362.67,228.96,268.98,464.31,221.09,102.83,3167.25,241.81,95.17,133.29,40.21,59.0,100.08,281.24
20260824,11:32:10,45013.05,40375.92,24223.36,16210.77,123.23,1942.39,312.46,484.12,539.25,109.47,177.07,190.78,103.38,136.21,288.92,123.34,197.64,294.63,2863.69,1518.22,445.52,66.49,230.86,910.23,362.98,228.96,268.99,464.31,221.09,102.83,3167.25,241.81,95.17,133.29,40.21,59.0,100.08,281.24
20260824,11:32:15,45013.99,40376.1,24225.11,16210.33,123.23,1942.39,312.46,484.12,539.25,109.47,177.07,190.78,103.38,136.21,288.92,123.33,197.64,294.63,2863.72,1518.2,445.51,66.49,230.98,910.22,362.98,228.82,268.99,464.31,221.05,102.83,3167.92,241.77,95.17,133.29,40.21,59.0,100.08,281.24
20260824,11:32:20,45015.23,40376.29,24231.09,16213.8,123.23,1942.39,313.0,484.12,539.25,109.47,177.06,190.77,103.38,136.21,289.28,123.33,197.64,294.65,2863.65,1518.2,445.48,66.48,230.86,910.22,362.98,228.96,268.99,464.29,220.97,102.84,3168.84,241.77,95.17,133.29,40.21,59.0,100.08,281.24
20260824,11:32:25,45013.62,40375.82,24224.68,16210.08,123.23,1942.03,312.47,484.12,539.25,109.47,177.07,190.8,103.38,136.21,289.28,123.37,197.6,294.65,2863.7,1518.2,445.47,66.5,231.11,910.11,362.96,228.96,268.99,464.28,220.97,102.84,3167.85,241.77,95.17,133.29,40.21,59.0,100.08,281.24
20260824,11:32:30,45013.86,40378.36,24220.84,16213.41,123.23,1942.03,313.0,484.12,539.25,109.47,177.07,190.81,103.38,136.21,289.28,123.34,197.6,294.65,2863.82,1518.21,445.47,66.48,230.86,910.23,362.99,228.96,269.3,464.28,220.94,102.84,3165.75,241.77,95.17,133.29,40.21,59.0,100.08,281.25
20260824,11:32:35,45014.06,40376.89,24225.6,16213.32,123.23,1942.03,313.0,484.12,539.28,109.47,177.07,190.81,103.38,136.21,289.28,123.34,197.63,294.65,2863.71,1518.2,445.36,66.47,230.86,910.12,362.99,228.96,269.3,464.27,220.93,102.84,3167.26,241.77,95.17,133.29,40.21,59.0,99.98,281.25
20260824,11:32:40,45012.9,40375.33,24227.16,16213.63,123.17,1942.39,313.0,484.24,539.28,109.47,177.08,190.85,103.38,136.21,289.28,123.37,197.63,294.65,2863.57,1518.12,445.36,66.48,230.86,910.03,362.99,228.96,269.3,464.27,220.91,102.85,3167.66,241.77,95.17,133.29,40.21,59.0,99.98,281.27
20260824,11:32:45,45011.49,40373.78,24228.49,16214.6,123.17,1942.39,313.0,484.24,539.17,109.47,177.08,190.85,103.38,136.21,289.33,123.37,197.63,294.65,2863.43,1518.13,445.44,66.48,230.86,909.97,362.97,228.96,268.99,464.27,220.94,102.85,3167.81,241.77,95.29,133.29,40.21,59.0,99.98,281.27
20260824,11:32:50,45010.51,40372.17,24228.89,16212.85,123.17,1942.35,313.0,484.24,539.17,109.4,177.08,190.85,103.38,136.21,289.33,123.37,197.63,294.63,2863.34,1518.14,445.35,66.48,230.68,909.98,362.99,228.96,268.99,464.25,220.79,102.85,3168.41,241.77,95.29,133.29,40.21,59.0,99.98,281.27
20260824,11:32:55,45008.45,40370.85,24228.25,16214.4,123.17,1942.35,313.0,484.28,539.17,109.4,177.27,190.82,103.54,136.21,289.33,123.33,197.63,294.63,2863.19,1518.14,445.35,66.48,230.68,909.24,362.99,228.96,269.3,464.26,220.79,102.85,3167.79,241.77,95.29,133.19,40.21,59.0,99.98,281.28
20260824,11:33:00,45011.09,40373.66,24228.32,16215.29,123.17,1942.35,313.0,484.28,539.25,109.4,177.27,190.82,103.54,136.21,289.33,123.33,197.59,294.61,2863.4,1518.38,445.34,66.48,230.83,909.27,362.99,228.96,268.99,464.26,220.92,102.85,3167.57,241.77,95.29,133.19,40.21,59.0,99.7,281.28
20260824,11:33:05,45005.74,40368.44,24227.55,16214.39,123.17,1942.35,313.0,484.16,539.25,109.4,177.28,190.83,103.55,136.21,289.33,123.33,197.59,294.61,2863.0,1518.07,445.34,66.48,230.83,909.26,362.99,228.96,269.01,464.25,220.92,102.85,3167.57,241.77,95.17,133.19,40.21,59.0,99.8,281.28
20260824,11:33:10,45005.93,40369.07,24226.1,16214.21,123.17,1942.29,313.0,484.16,539.25,109.4,177.3,190.89,103.55,136.21,289.33,123.33,197.59,294.61,2863.06,1518.11,445.36,66.46,230.83,909.26,362.99,228.96,269.01,464.25,220.88,102.85,3167.17,241.77,95.17,133.19,40.21,59.0,99.8,281.28
20260824,11:33:15,45011.4,40373.53,24227.93,16213.39,123.17,1942.29,313.0,484.24,538.94,109.4,177.29,190.86,103.55,136.21,289.33,123.33,197.59,294.61,2863.43,1518.15,445.36,66.46,231.08,909.4,362.99,228.96,269.32,464.25,220.9,102.85,3167.96,241.77,95.17,133.19,40.21,59.0,99.8,281.28
20260824,11:33:20,45009.24,40371.09,24228.87,16213.37,123.17,1942.07,313.0,484.32,538.97,109.4,177.29,190.86,103.54,136.21,289.33,123.33,197.59,294.61,2863.24,1518.01,445.35,66.45,231.08,909.4,362.99,228.96,269.32,464.25,220.9,102.85,3168.26,241.77,95.17,133.19,40.21,59.0,99.8,281.28
20260824,11:33:25,45008.99,40371.45,24225.58,16211.59,123.17,1942.07,313.0,484.32,538.86,109.4,177.28,190.85,103.54,136.21,289.33,123.2,197.59,294.61,2863.31,1518.14,445.33,66.48,230.83,909.39,362.99,228.96,269.32,464.28,220.89,102.85,3167.72,241.77,95.17,132.98,40.21,59.0,99.8,281.28
20260824,11:33:30,45005.51,40368.72,24223.73,16211.68,123.17,1942.07,313.0,484.32,538.86,109.47,177.29,190.87,103.54,136.21,289.33,123.2,197.62,294.61,2863.09,1518.14,445.41,66.47,230.83,908.8,362.99,228.96,269.32,464.28,220.87,102.85,3167.12,241.77,95.17,132.98,40.21,59.0,99.8,281.28
20260824,11:33:35,45005.44,40367.24,24227.66,16211.49,123.17,1942.07,313.0,484.32,538.86,109.47,177.28,190.83,103.54,136.21,289.33,123.2,197.62,294.61,2862.97,1518.21,445.42,66.47,230.82,908.69,362.99,228.96,269.01,464.22,220.86,102.85,3168.4,241.77,95.17,132.97,40.25,59.0,99.8,281.28
20260824,11:33:40,45010.2,40372.3,24226.1,16211.09,123.3,1942.07,313.0,484.32,538.86,109.39,177.28,190.83,103.54,136.21,289.33,123.2,197.62,294.61,2863.39,1518.22,445.54,66.47,230.82,909.12,362.99,228.96,269.33,464.24,220.8,102.85,3168.02,241.77,95.17,132.96,40.25,59.0,99.8,281.28
20260824,11:33:45,45007.72,40369.45,24224.65,16207.99,123.17,1942.04,312.46,484.32,538.86,109.38,177.27,190.81,103.54,136.21,289.33,123.2,197.62,294.61,2863.24,1518.25,445.45,66.46,230.82,909.14,362.99,228.96,269.03,464.25,220.94,102.85,3168.41,241.77,95.17,132.96,40.25,59.0,99.8,281.28
20260824,11:33:50,45007.49,40369.28,24228.44,16212.51,123.17,1941.68,313.0,484.29,538.86,109.38,177.28,190.83,103.55,136.21,289.33,123.2,197.62,294.61,2863.11,1518.15,445.45,66.48,230.82,909.14,362.99,228.96,269.04,464.25,220.96,102.85,3168.37,242.09,95.17,132.96,40.25,59.0,99.8,281.28
20260824,11:33:55,45005.58,40368.26,24225.6,16212.05,123.17,1941.68,313.0,484.18,538.86,109.38,177.28,190.83,103.55,136.21,289.33,123.2,197.62,294.6,2863.04,1518.09,445.44,66.49,230.82,909.14,362.99,228.96,269.03,464.25,220.91,102.85,3167.6,242.09,95.17,132.96,40.25,59.01,99.8,281.28
20260824,11:34:00,45002.91,40365.67,24223.38,16209.58,123.17,1941.68,313.0,484.21,538.86,109.38,177.08,190.82,103.38,136.21,289.33,123.2,197.62,294.6,2862.89,1518.13,445.44,66.49,230.82,908.67,362.99,228.96,269.03,464.25,220.88,102.85,3167.58,242.09,95.17,132.96,40.25,59.01,99.8,281.28
20260824,11:34:05,45007.47,40369.48,24225.45,16209.79,123.17,1941.68,313.0,484.21,538.9,109.38,177.07,190.82,103.38,136.21,289.33,123.24,197.62,294.6,2863.19,1518.12,445.51,66.48,231.07,909.13,362.99,228.96,269.03,464.22,220.88,102.85,3168.17,242.09,95.17,132.96,40.25,59.01,99.8,281.28
20260824,11:34:10,45005.86,40368.72,24219.6,16205.78,123.17,1941.68,312.45,484.21,538.9,109.38,177.07,190.82,103.38,136.2,289.33,123.24,197.62,294.6,2863.23,1518.21,445.4,66.48,230.82,909.32,362.75,228.96,269.03,464.22,220.88,102.85,3167.43,242.09,95.17,132.95,40.25,59.01,99.8,281.28
20260824,11:34:15,45006.31,40368.94,24220.87,16206.52,123.17,1942.16,312.46,484.32,538.9,109.38,177.07,190.82,103.38,136.2,289.33,123.25,197.62,294.6,2863.23,1518.18,445.42,66.52,230.83,909.36,362.75,228.96,269.0,464.24,220.92,102.85,3167.62,242.09,95.17,132.95,40.25,59.01,99.8,281.28
20260824,11:34:20,45006.79,40368.97,24223.12,16207.63,123.17,1942.16,312.46,484.32,538.9,109.38,177.07,190.82,103.38,136.2,289.33,123.37,197.62,294.6,2863.21,1518.16,445.43,66.51,230.83,909.36,362.77,228.96,269.0,464.24,220.95,102.85,3168.02,242.09,95.17,132.95,40.25,59.01,99.8,281.28
20260824,11:34:25,45007.02,40369.84,24221.51,16207.95,123.17,1942.16,312.46,484.32,538.9,109.38,177.07,190.82,103.38,136.2,289.33,123.37,197.62,294.6,2863.27,1518.17,445.45,66.57,230.83,909.35,362.77,228.95,269.0,464.24,220.95,102.85,3167.44,242.09,95.17,133.05,40.25,59.01,99.8,281.28
20260824,11:34:30,45007.46,40370.46,24224.38,16211.89,123.17,1942.16,313.09,484.32,538.9,109.38,177.07,190.82,103.38,136.2,289.33,123.37,197.62,294.6,2863.22,1518.17,445.47,66.51,230.82,909.35,362.77,228.95,269.0,464.26,220.87,102.85,3167.26,242.09,95.17,133.05,40.25,59.01,99.8,281.28
20260824,11:34:35,45007.23,40369.8,24222.27,16208.01,123.17,1942.16,312.46,484.32,538.9,109.37,177.07,190.82,103.38,136.2,289.33,123.37,197.62,294.6,2863.26,1518.21,445.42,66.52,230.82,909.38,362.51,228.95,269.0,464.26,220.86,102.85,3167.66,242.09,95.29,133.05,40.25,59.01,99.8,281.23
20260824,11:34:40,45010.21,40372.71,24222.79,16208.6,123.17,1942.16,312.46,484.17,538.9,109.37,177.07,190.82,103.38,136.2,289.33,123.37,197.62,294.63,2863.48,1518.33,445.47,66.52,230.94,909.38,362.51,228.95,269.0,464.26,220.92,102.85,3167.66,242.09,95.29,133.05,40.29,59.01,99.8,281.24
20260824,11:34:45,45011.32,40373.53,24226.62,16212.17,123.17,1940.74,313.0,484.17,538.9,109.45,177.07,190.82,103.38,136.2,289.33,123.37,197.62,294.63,2863.46,1518.32,445.43,66.51,230.94,909.41,362.51,228.95,269.0,464.26,220.92,102.85,3167.89,242.09,95.29,133.05,40.29,59.01,99.8,281.24
20260824,11:34:50,45012.37,40374.1,24227.78,16211.98,123.17,1940.74,313.0,484.16,538.9,109.46,177.08,190.86,103.38,136.2,289.33,123.37,197.62,294.63,2863.51,1518.3,445.39,66.53,231.19,909.39,362.51,228.95,269.0,464.26,220.9,102.85,3168.3,242.09,95.28,133.04,40.29,59.01,99.8,281.23
20260824,11:34:55,45010.41,40372.45,24227.78,16212.85,123.17,1940.74,313.0,484.16,538.75,109.46,177.08,190.86,103.38,136.2,289.33,123.37,197.62,294.63,2863.36,1518.18,445.39,66.53,231.19,909.38,362.51,228.95,269.0,464.28,221.01,102.85,3168.07,242.13,95.28,133.04,40.29,59.01,99.8,281.28
20260824,11:35:00,45009.54,40372.2,24226.32,16213.17,123.17,1940.79,313.0,484.41,538.75,109.46,177.07,190.84,103.37,136.2,289.33,123.37,197.62,294.64,2863.33,1518.18,445.35,66.53,231.19,909.35,362.51,228.95,269.0,464.27,221.05,102.85,3167.52,242.07,95.28,133.04,40.29,59.01,99.8,281.28
20260824,11:35:05,45010.09,40372.68,24223.64,16209.89,123.17,1940.79,312.46,484.41,538.67,109.38,177.07,190.84,103.37,136.2,289.33,123.37,197.59,294.63,2863.45,1518.18,445.37,66.53,231.07,909.55,362.83,228.95,269.09,464.29,221.16,102.85,3167.57,242.13,95.28,133.04,40.29,59.01,99.8,281.28
20260824,11:35:10,45009.26,40371.72,24227.26,16213.53,123.17,1940.79,313.0,484.15,538.67,109.38,177.07,190.84,103.37,136.2,289.33,123.37,197.63,294.63,2863.28,1518.17,445.37,66.53,230.82,909.4,362.83,228.95,269.1,464.29,221.15,102.85,3167.72,242.13,95.28,133.06,40.29,59.01,99.8,281.28
20260824,11:35:15,45011.45,40374.66,24222.58,16210.86,123.17,1942.57,312.46,484.4,538.67,109.46,177.06,190.82,103.37,136.2,289.33,123.37,197.63,294.63,2863.59,1518.18,445.37,66.52,230.82,909.72,362.83,228.95,269.41,464.29,221.15,102.84,3166.98,242.13,95.28,133.06,40.29,59.03,99.8,281.28
20260824,11:35:20,45013.41,40375.92,24227.38,16214.21,123.17,1941.16,313.09,484.14,538.67,109.47,177.06,190.82,103.37,136.2,289.33,123.37,197.63,294.63,2863.61,1518.33,445.36,66.52,230.82,909.72,362.83,228.95,269.09,464.29,221.11,102.84,3167.57,242.13,95.28,133.06,40.29,59.01,99.8,281.28
20260824,11:35:25,45012.73,40375.01,24224.94,16210.57,123.17,1941.16,312.55,484.14,538.67,109.47,177.06,190.8,103.37,136.2,289.33,123.37,197.63,294.63,2863.62,1518.22,445.36,66.52,230.82,909.68,362.82,228.95,269.4,464.3,221.15,102.84,3167.8,242.13,95.28,133.06,40.29,59.01,99.78,281.28
20260824,11:35:30,45016.14,40377.96,24228.84,16213.8,123.17,1941.16,313.1,484.22,538.67,109.48,177.05,190.8,103.37,136.2,289.33,123.37,197.63,294.63,2863.78,1518.34,445.45,66.52,230.82,909.64,362.82,228.95,269.38,464.29,221.15,102.84,3168.14,242.13,95.28,133.06,40.29,59.02,99.77,280.98
20260824,11:35:35,45014.39,40376.5,24224.67,16209.85,123.3,1941.16,312.64,484.22,538.67,109.47,177.05,190.8,103.37,136.41,289.33,123.38,197.63,294.63,2863.76,1518.33,445.37,66.52,230.82,909.68,362.82,228.95,269.38,464.24,221.03,102.84,3167.91,242.13,95.28,133.06,40.29,59.02,99.77,280.98
20260824,11:35:40,45013.97,40376.04,24227.01,16212.38,123.3,1941.16,313.01,484.22,538.67,109.41,177.06,190.8,103.37,136.41,289.33,123.38,197.63,294.63,2863.66,1518.3,445.39,66.53,231.07,909.68,362.82,228.95,269.07,464.24,221.03,102.84,3167.95,242.13,95.28,133.06,40.29,59.03,99.77,280.96
20260824,11:35:45,45013.47,40375.72,24225.26,16210.92,123.3,1941.16,313.01,484.37,538.61,109.41,177.06,190.83,103.37,136.41,289.33,123.37,197.63,294.61,2863.67,1518.28,445.39,66.52,231.19,909.67,362.82,228.95,269.07,464.24,220.88,102.82,3167.8,242.13,95.28,133.07,40.29,59.03,99.77,280.96
20260824,11:35:50,45011.16,40372.89,24227.37,16211.39,123.17,1942.57,313.01,484.74,538.61,109.41,177.07,190.83,103.38,136.41,289.33,123.37,197.63,294.61,2863.43,1518.16,445.38,66.54,230.94,909.67,362.82,228.95,269.08,464.18,220.85,102.82,3168.33,242.15,95.29,133.1,40.29,59.03,99.77,280.96
20260824,11:35:55,45011.04,40373.77,24225.46,16212.54,123.17,1942.57,313.01,484.76,538.61,109.41,177.07,190.85,103.38,136.41,289.33,123.37,197.63,294.61,2863.47,1518.17,445.47,66.53,230.94,909.67,362.79,228.95,269.08,464.19,220.96,102.82,3167.43,242.15,95.29,133.1,40.29,59.03,99.77,280.96
20260824,11:36:00,45010.98,40373.71,24225.04,16212.05,123.17,1942.57,313.01,484.76,538.61,109.42,177.07,190.85,103.38,136.41,289.33,123.37,197.63,294.38,2863.48,1518.2,445.38,66.54,230.94,909.67,362.79,228.95,269.09,464.21,220.96,102.82,3167.43,242.15,95.29,133.1,40.29,59.03,99.77,280.95
20260824,11:36:05,45017.37,40379.12,24228.04,16212.77,123.17,1942.57,313.1,484.76,538.61,109.42,177.08,190.87,103.38,136.41,289.33,123.37,197.63,294.38,2863.9,1518.33,445.52,66.53,231.06,909.67,362.46,228.95,269.4,464.21,220.96,102.82,3168.17,242.15,95.29,133.1,40.29,59.03,99.77,280.95
20260824,11:36:10,45017.07,40379.11,24227.12,16212.64,123.17,1942.57,313.1,484.76,538.61,109.41,177.07,190.83,103.37,136.41,289.33,123.37,197.63,294.38,2863.9,1518.32,445.53,66.54,231.06,909.67,362.47,228.95,269.4,464.19,220.97,102.82,3167.92,242.15,95.29,133.1,40.29,59.03,99.77,280.95
20260824,11:36:15,45016.36,40378.37,24226.14,16211.37,123.17,1941.16,313.01,484.76,538.61,109.41,177.06,190.83,103.36,136.41,289.33,123.37,197.63,294.38,2863.87,1518.33,445.51,66.54,230.94,909.67,362.74,228.95,269.4,464.19,220.97,102.82,3167.96,242.15,95.29,133.1,40.29,59.03,99.77,280.95
20260824,11:36:20,45017.13,40378.24,24229.06,16211.77,123.17,1941.16,313.1,484.64,538.61,109.41,177.05,190.81,103.36,136.41,289.33,123.38,197.62,294.38,2863.85,1518.33,445.61,66.54,231.19,909.68,362.75,229.19,269.09,464.19,220.97,102.82,3168.76,242.15,95.29,133.1,40.29,59.03,99.77,280.95
20260824,11:36:25,45018.87,40379.71,24229.09,16211.06,123.17,1941.16,313.01,484.89,538.61,109.42,177.05,190.82,103.36,136.41,289.33,123.26,197.62,294.38,2863.99,1518.34,445.42,66.54,231.3,909.68,362.76,229.19,269.4,464.19,221.01,102.82,3168.96,242.15,95.29,133.1,40.29,59.03,99.77,280.95
20260824,11:36:30,45014.44,40375.81,24228.96,16212.33,123.17,1941.16,313.1,484.89,538.61,109.43,177.05,190.82,103.36,136.41,289.33,123.26,197.62,294.38,2863.64,1518.35,445.44,66.53,231.05,909.46,362.77,229.19,269.09,464.2,221.07,102.82,3168.58,242.15,95.29,133.1,40.29,59.03,99.78,280.95
20260824,11:36:35,45013.51,40375.48,24227.82,16212.89,123.3,1941.16,313.09,484.91,538.86,109.43,177.05,190.81,103.37,136.41,289.33,123.26,197.62,294.38,2863.6,1518.32,445.44,66.53,231.05,909.45,362.74,229.19,269.09,464.2,221.1,102.82,3168.06,242.15,95.17,133.1,40.29,59.03,99.78,280.95
20260824,11:36:40,45015.98,40377.7,24228.9,16213.56,123.17,1941.16,313.09,484.91,538.86,109.43,177.05,190.81,103.37,136.41,289.33,123.26,197.62,294.38,2863.77,1518.45,445.42,66.53,231.05,909.45,362.74,229.19,269.09,464.21,221.21,102.82,3168.22,242.15,95.17,133.1,40.29,59.03,99.78,280.95
20260824,11:36:45,45015.62,40377.55,24229.66,16215.11,123.17,1941.16,313.09,484.91,539.0,109.43,177.07,190.81,103.38,136.41,289.33,123.26,197.62,294.38,2863.72,1518.41,445.32,66.53,231.18,909.44,362.79,229.19,269.09,464.22,221.21,102.82,3168.04,242.08,95.29,133.1,40.29,59.03,99.78,280.95
20260824,11:36:50,45018.32,40379.7,24231.14,16215.18,123.17,1941.16,313.09,484.89,539.0,109.43,177.07,190.81,103.38,136.42,289.33,123.26,197.62,294.38,2863.89,1518.41,445.32,66.52,231.18,909.46,362.79,229.19,269.4,464.22,221.22,102.82,3168.48,242.08,95.29,133.1,40.29,59.03,99.78,280.95
20260824,11:36:55,45018.98,40379.51,24232.96,16214.45,123.17,1941.16,313.01,484.64,539.02,109.51,177.07,190.81,103.38,136.42,289.33,123.38,197.62,294.39,2863.89,1518.41,445.3,66.52,231.2,909.47,362.79,229.19,269.4,464.22,221.12,102.82,3169.25,242.08,95.29,133.1,40.29,59.03,99.78,280.96
20260824,11:37:00,45019.05,40380.04,24232.83,16215.88,123.17,1941.16,313.01,484.64,539.09,109.51,177.07,190.81,103.38,136.42,289.33,123.38,197.62,294.36,2863.9,1518.42,445.28,66.53,231.2,909.46,362.79,229.19,269.4,464.24,221.25,102.82,3168.82,242.08,95.29,133.1,40.29,59.03,99.78,280.96
20260824,11:37:05,45018.88,40379.43,24232.82,16214.38,123.17,1941.16,313.01,484.64,539.05,109.51,177.07,190.81,103.38,136.41,289.33,123.38,197.62,294.36,2863.89,1518.4,445.28,66.55,231.21,909.46,362.79,229.19,269.4,464.24,221.2,102.82,3169.23,242.08,95.17,133.1,40.29,59.03,99.78,280.97
20260824,11:37:10,45015.49,40379.59,24222.78,16214.44,123.17,1941.16,313.01,484.54,539.1,109.53,177.07,190.81,103.38,136.41,289.33,123.38,197.62,294.36,2863.9,1518.44,445.25,66.52,231.21,909.45,362.79,229.2,269.4,464.24,221.21,102.82,3166.07,242.08,95.17,133.1,40.29,59.03,99.78,280.97
20260824,11:37:15,45013.69,40378.79,24220.16,16214.59,123.17,1941.16,313.01,484.47,539.07,109.45,177.06,190.79,103.38,136.41,289.33,123.38,197.62,294.33,2863.83,1518.32,445.25,66.53,231.45,909.41,362.79,229.2,269.4,464.24,221.19,102.86,3165.21,242.05,95.28,133.1,40.29,59.03,99.78,280.97
20260824,11:37:20,45003.73,40368.83,24217.99,16211.25,123.17,1941.16,312.47,484.47,539.07,109.51,177.08,190.85,103.38,136.41,289.33,123.36,197.57,294.36,2863.11,1518.0,445.24,66.52,231.2,909.36,362.77,229.2,269.08,464.25,221.15,102.86,3165.44,242.05,95.28,133.3,40.29,59.03,99.78,280.99
20260824,11:37:25,45004.54,40370.06,24216.94,16211.52,123.3,1941.16,312.47,484.47,539.07,109.45,177.08,190.85,103.38,136.41,289.33,123.36,197.57,294.36,2863.2,1518.11,445.24,66.53,231.02,909.36,362.77,229.2,269.08,464.24,221.16,102.86,3165.04,242.05,95.28,133.3,40.29,59.03,99.78,280.99
20260824,11:37:30,45007.51,40373.1,24220.07,16215.61,123.17,1941.16,313.01,484.47,539.1,109.43,177.08,190.85,103.38,136.2,289.33,123.4,197.57,294.39,2863.35,1518.26,445.24,66.53,231.02,909.25,362.83,229.2,269.08,464.24,221.2,102.86,3164.91,242.05,95.28,133.3,40.29,59.03,99.78,280.99
20260824,11:37:35,45044.91,40409.04,24218.28,16211.87,123.29,1941.16,312.47,484.47,539.1,109.45,177.07,190.85,103.38,136.41,289.33,123.41,197.55,294.42,2866.33,1520.57,445.25,66.55,231.02,909.19,362.81,229.2,269.08,464.24,221.15,102.86,3165.36,242.05,95.28,133.3,40.29,59.03,99.78,280.99
20260824,11:37:40,45044.12,40408.37,24217.24,16211.02,123.16,1941.16,312.47,484.47,539.1,109.42,177.08,190.82,103.39,136.2,289.33,123.41,197.55,294.42,2866.3,1520.56,445.25,66.53,231.02,909.17,362.81,229.2,269.08,464.27,221.13,102.86,3165.27,242.05,95.28,133.3,40.3,59.03,99.78,280.98
20260824,11:37:45,45043.82,40407.85,24218.21,16211.36,123.16,1941.16,312.47,484.47,539.1,109.42,177.07,190.79,103.39,136.2,289.45,123.42,197.55,294.42,2866.25,1520.53,445.24,66.52,231.02,909.17,362.81,229.2,269.08,464.27,221.16,102.86,3165.48,242.05,95.28,133.3,40.3,59.03,99.78,280.98
20260824,11:37:50,45049.63,40412.97,24223.1,16215.15,123.16,1941.16,313.01,484.47,539.1,109.42,177.07,190.79,103.39,136.2,289.45,123.42,197.55,294.42,2866.57,1520.64,445.26,66.52,231.02,909.17,362.81,229.2,269.39,464.29,221.13,102.86,3165.98,242.09,95.28,133.3,40.3,59.03,99.78,280.98
20260824,11:37:55,45050.89,40414.09,24224.18,16216.07,123.16,1942.52,313.01,484.46,539.14,109.42,177.07,190.79,103.39,136.2,289.45,123.37,197.55,294.42,2866.64,1520.73,445.22,66.52,231.02,909.11,362.81,229.2,269.39,464.29,221.17,102.86,3166.07,242.09,95.28,133.3,40.3,59.05,99.78,280.98
20260824,11:38:00,45050.43,40411.84,24228.01,16214.42,123.16,1941.11,313.01,484.46,539.15,109.43,177.07,190.79,103.39,136.2,289.45,123.37,197.55,294.42,2866.5,1520.72,445.22,66.54,231.02,909.16,362.81,229.2,269.08,464.29,221.06,102.86,3167.71,242.07,95.28,133.3,40.3,59.05,99.78,280.98
20260824,11:38:05,45052.27,40413.22,24229.98,16215.32,123.16,1941.11,313.01,484.46,539.14,109.43,177.07,190.79,103.39,136.2,289.45,123.37,197.59,294.42,2866.59,1520.72,445.23,66.54,231.02,909.35,362.81,229.2,269.08,464.3,221.15,102.86,3168.08,242.02,95.28,133.3,40.3,59.05,99.78,280.98
20260824,11:38:10,45052.01,40413.65,24227.04,16214.22,123.16,1941.11,313.01,484.46,539.14,109.42,177.07,190.79,103.39,136.2,289.45,123.37,197.59,294.44,2866.65,1520.73,445.23,66.54,231.04,909.48,362.81,229.2,269.07,464.3,221.04,102.86,3167.46,242.02,95.28,133.3,40.3,59.05,99.78,280.98
20260824,11:38:15,45050.33,40412.17,24227.28,16215.04,123.16,1941.11,313.01,484.47,539.07,109.42,177.07,190.79,103.39,136.2,289.45,123.37,197.59,294.44,2866.51,1520.64,445.18,66.54,231.04,909.48,362.81,229.2,269.07,464.27,221.15,102.86,3167.32,242.02,95.28,133.3,40.3,59.05,99.78,280.98
20260824,11:38:20,45048.98,40411.08,24226.27,16214.61,123.16,1941.11,313.01,484.49,539.07,109.42,177.08,190.8,103.39,136.2,289.45,123.38,197.59,294.44,2866.43,1520.67,445.13,66.52,231.02,909.3,362.75,229.2,269.07,464.27,221.11,102.86,3167.11,242.02,95.28,133.3,40.3,59.03,99.78,280.98
20260824,11:38:25,45050.25,40412.67,24225.71,16215.13,123.16,1941.11,313.01,484.49,539.07,109.42,177.08,190.8,103.39,136.2,289.45,123.38,197.59,294.44,2866.55,1520.73,445.2,66.53,231.02,909.32,362.75,229.2,269.07,464.27,221.17,102.86,3166.8,242.02,95.28,133.3,40.3,59.03,99.78,280.98
20260824,11:38:30,45048.77,40410.9,24227.11,16215.65,123.15,1941.11,313.01,484.49,539.07,109.42,177.08,190.8,103.39,136.21,289.45,123.38,197.59,294.44,2866.39,1520.61,445.2,66.54,231.02,909.3,362.75,229.2,269.07,464.27,221.22,102.86,3167.1,242.02,95.28,133.3,40.3,59.03,99.78,280.98
20260824,11:38:35,45050.22,40412.88,24225.8,16216.07,123.28,1941.11,313.01,484.49,539.01,109.41,177.08,190.8,103.39,136.21,289.45,123.42,197.59,294.42,2866.54,1520.72,445.21,66.55,231.02,909.27,362.73,229.2,269.07,464.26,221.22,102.86,3166.57,242.09,95.28,133.3,40.3,59.03,99.78,280.98
20260824,11:38:40,45048.27,40412.42,24220.49,16214.77,123.15,1941.11,313.01,484.49,539.01,109.41,177.08,190.81,103.39,136.21,289.45,123.42,197.59,294.42,2866.54,1520.72,445.22,66.54,231.02,909.28,362.7,229.2,269.07,464.26,221.14,102.86,3165.27,241.96,95.28,133.3,40.3,59.03,99.78,280.98
20260824,11:38:45,45049.12,40413.5,24218.92,16213.8,123.15,1941.11,312.93,484.61,539.01,109.41,177.08,190.81,103.39,136.21,289.45,123.42,197.59,294.4,2866.64,1520.77,445.31,66.55,231.02,909.28,362.69,229.2,269.07,464.26,221.09,102.86,3165.04,241.96,95.28,133.3,40.3,59.03,99.78,280.98
20260824,11:38:50,45051.24,40415.6,24219.31,16214.37,123.15,1941.11,313.01,484.61,539.01,109.41,177.08,190.8,103.39,136.21,289.45,123.42,197.59,294.4,2866.8,1520.79,445.32,66.59,231.27,909.28,362.7,229.2,269.07,464.26,221.09,102.86,3165.01,241.96,95.28,133.3,40.3,59.03,99.78,280.98
20260824,11:38:55,45051.51,40415.86,24218.98,16213.99,123.15,1941.11,313.01,484.49,539.01,109.41,177.08,190.82,103.39,136.21,289.27,123.38,197.59,294.4,2866.83,1520.75,445.33,66.59,231.28,909.43,362.7,229.2,269.07,464.26,221.1,102.86,3165.01,241.96,95.28,133.3,40.3,59.03,99.78,280.98
20260824,11:39:00,45054.85,40419.11,24219.34,16214.37,123.15,1941.11,313.01,484.49,539.01,109.41,177.08,190.82,103.39,136.21,289.27,123.38,197.59,294.42,2867.08,1520.81,445.33,66.58,231.28,909.46,362.74,229.22,269.39,464.26,221.13,102.86,3165.02,241.96,95.28,133.3,40.3,59.03,99.78,280.98
20260824,11:39:05,45051.5,40414.57,24223.88,16215.33,123.15,1941.11,313.01,484.49,539.01,109.41,177.06,190.78,103.38,136.21,289.27,123.38,197.59,294.42,2866.69,1520.78,445.33,66.58,231.02,909.28,362.72,229.22,269.07,464.29,221.25,102.86,3166.17,241.96,95.28,133.3,40.3,59.03,99.78,281.0
20260824,11:39:10,45051.28,40414.36,24223.91,16215.37,123.13,1941.11,313.01,484.49,539.03,109.4,177.06,190.78,103.38,136.21,289.27,123.38,197.59,294.42,2866.68,1520.78,445.33,66.58,231.02,909.28,362.4,229.22,269.07,464.29,221.25,102.86,3166.17,241.96,95.28,133.3,40.3,59.03,99.78,281.0
20260824,11:39:15,45052.36,40415.66,24223.43,16215.67,123.13,1941.11,313.01,484.49,539.09,109.4,177.06,190.78,103.38,136.21,289.27,123.38,197.59,294.42,2866.77,1520.86,445.33,66.57,231.02,909.28,362.39,229.22,269.08,464.28,221.26,102.86,3165.94,241.96,95.28,133.29,40.3,59.04,99.78,281.0
20260824,11:39:20,45054.79,40415.51,24230.27,16215.09,123.26,1941.11,313.01,484.46,539.09,109.4,177.06,190.78,103.38,136.0,289.27,123.26,197.59,294.42,2866.78,1520.88,445.26,66.58,231.02,909.25,362.4,229.22,269.08,464.28,221.26,102.86,3168.24,242.09,95.28,133.29,40.27,59.04,99.78,281.0
20260824,11:39:25,45055.03,40416.17,24229.49,16215.61,123.26,1941.11,313.1,484.46,539.09,109.4,177.06,190.78,103.38,136.0,289.27,123.26,197.59,294.42,2866.82,1520.86,445.27,66.58,231.14,909.25,362.7,229.22,269.08,464.26,221.24,102.86,3167.85,242.09,95.28,133.29,40.27,59.04,99.78,281.04
20260824,11:39:30,45055.91,40416.25,24231.9,16215.82,123.26,1941.11,313.1,484.46,539.1,109.4,177.06,190.76,103.38,136.0,289.27,123.26,197.59,294.45,2866.82,1520.88,445.28,66.57,231.14,909.25,362.38,229.22,269.08,464.25,221.25,102.86,3168.55,242.09,95.28,133.29,40.27,59.04,99.78,281.04
20260824,11:39:35,45055.79,40416.9,24229.92,16216.1,123.26,1941.11,313.1,484.46,539.1,109.41,177.07,190.79,103.38,136.0,289.27,123.26,197.59,294.45,2866.86,1520.89,445.29,66.58,231.14,909.25,362.7,229.22,269.08,464.25,221.27,102.86,3167.85,242.09,95.28,133.29,40.27,59.04,99.78,281.04
20260824,11:39:40,45054.7,40416.14,24226.91,16213.65,123.13,1941.11,313.01,484.46,539.1,109.4,177.07,190.81,103.38,136.0,289.27,123.26,197.59,294.45,2866.86,1520.88,445.27,66.57,231.27,909.24,362.46,229.22,269.08,464.25,221.12,102.86,3167.58,242.09,95.28,133.29,40.27,59.04,99.78,281.04
20260824,11:39:45,45052.65,40416.01,24221.66,16213.84,123.13,1941.11,313.0,484.46,539.1,109.4,177.07,190.82,103.38,136.0,289.27,123.26,197.56,294.45,2866.85,1520.83,445.31,66.57,231.02,909.16,362.46,229.22,269.4,464.28,221.15,102.86,3165.88,242.02,95.28,133.29,40.27,59.04,99.78,281.04
20260824,11:39:50,45052.83,40415.76,24223.29,16214.28,123.13,1941.11,313.08,484.46,539.05,109.4,177.07,190.82,103.38,136.0,289.27,123.26,197.56,294.45,2866.82,1520.82,445.3,66.57,231.02,909.16,362.13,229.22,269.39,464.28,221.16,102.86,3166.28,242.02,95.28,133.29,40.27,59.04,99.78,281.04
20260824,11:39:55,45014.34,40378.52,24223.86,16215.83,123.13,1941.11,313.08,484.2,539.05,109.42,177.26,190.8,103.54,136.0,289.27,123.26,197.56,294.45,2863.78,1518.42,445.29,66.57,231.02,909.38,362.12,229.22,269.39,464.28,221.13,102.86,3166.03,242.02,95.28,133.29,40.27,59.04,99.78,281.04
20260824,11:40:00,45013.32,40377.05,24223.76,16214.12,123.13,1941.11,313.0,484.2,539.08,109.42,177.07,190.79,103.38,136.0,289.27,123.4,197.56,294.45,2863.7,1518.41,445.28,66.57,231.02,909.24,362.11,229.22,269.39,464.28,221.13,102.86,3166.46,242.02,95.28,133.29,40.27,59.04,99.78,281.04
20260824,11:40:05,45010.82,40375.73,24219.82,16213.33,123.13,1941.11,313.0,484.12,539.08,109.42,177.07,190.8,103.38,136.0,289.27,123.4,197.56,294.45,2863.61,1518.34,445.28,66.58,231.02,909.18,362.35,229.22,269.39,463.91,221.12,102.86,3165.45,242.02,95.28,133.29,40.27,59.04,99.78,281.05
20260824,11:40:10,45054.09,40415.71,24222.89,16209.54,123.13,1941.11,312.46,484.12,539.08,109.42,177.08,190.86,103.38,136.0,289.27,123.4,197.56,294.45,2866.93,1520.87,445.29,66.58,231.02,909.18,362.69,229.22,269.39,463.91,221.12,102.86,3167.44,242.02,95.28,133.28,40.27,59.04,99.78,281.05
20260824,11:40:15,45057.69,40418.72,24227.58,16213.32,123.13,1941.11,312.91,484.08,539.21,109.42,177.08,190.86,103.38,136.0,289.27,123.4,197.56,294.45,2867.08,1520.99,445.3,66.58,231.02,909.18,362.63,229.27,269.39,463.9,221.13,102.86,3167.88,242.02,95.28,133.28,40.27,59.04,99.78,281.05
20260824,11:40:20,45056.82,40418.3,24228.23,16215.44,123.13,1941.11,312.91,484.19,539.21,109.42,177.08,190.86,103.38,136.0,289.27,123.42,197.56,294.45,2866.99,1520.97,445.19,66.58,231.01,909.2,362.31,229.27,269.39,463.9,221.29,102.86,3167.5,242.02,95.29,133.38,40.27,59.04,99.78,281.05
20260824,11:40:25,45012.16,40374.11,24231.18,16216.61,123.26,1941.19,313.0,484.19,539.21,109.42,177.08,190.85,103.38,136.21,289.27,123.41,197.56,294.45,2863.4,1518.4,445.19,66.58,231.01,909.01,362.32,229.27,269.07,463.9,221.28,102.86,3168.11,242.02,95.29,133.38,40.27,59.04,99.78,281.03
20260824,11:40:30,45012.68,40375.02,24229.21,16215.7,123.26,1941.19,312.91,484.08,539.21,109.43,177.08,190.85,103.38,136.21,289.27,123.41,197.56,294.45,2863.5,1518.39,445.29,66.59,231.01,909.12,362.32,229.27,269.07,463.9,221.25,102.86,3167.74,242.02,95.29,133.38,40.27,59.07,99.78,281.03
20260824,11:40:35,45013.26,40376.25,24227.64,16216.12,123.26,1941.17,313.0,484.08,539.28,109.41,177.08,190.85,103.38,136.21,289.27,123.41,197.56,294.45,2863.59,1518.51,445.3,66.59,231.01,908.99,362.32,229.27,269.07,463.9,221.19,102.86,3167.14,242.02,95.29,133.41,40.27,59.07,99.78,281.03
20260824,11:40:40,45014.53,40376.49,24229.71,16215.14,123.26,1941.17,313.01,484.08,539.28,109.41,177.07,190.84,103.38,136.21,289.27,123.41,197.56,294.45,2863.63,1518.43,445.32,66.57,231.01,909.34,362.32,229.27,269.07,463.83,221.19,102.86,3168.05,242.06,95.17,133.41,40.27,59.07,99.78,281.03
20260824,11:40:45,45018.69,40380.57,24229.24,16214.72,123.13,1941.17,313.01,484.09,539.28,109.41,177.07,190.82,103.38,136.21,289.27,123.41,197.56,294.45,2863.97,1518.54,445.32,66.6,231.01,909.3,362.64,229.27,269.38,463.83,221.19,102.86,3168.01,242.06,95.17,133.41,40.27,59.07,99.78,281.03
20260824,11:40:50,45017.84,40380.11,24228.66,16215.28,123.13,1941.17,313.01,484.09,539.25,109.42,177.07,190.83,103.38,136.21,289.27,123.41,197.56,294.45,2863.92,1518.54,445.37,66.6,231.01,909.18,362.31,229.27,269.39,463.83,221.26,102.86,3167.68,242.06,95.17,133.41,40.27,59.07,99.78,281.03
20260824,11:40:55,45015.84,40377.2,24231.5,16215.32,123.26,1941.22,313.01,484.2,539.11,109.42,177.09,190.84,103.39,136.21,289.27,123.41,197.56,294.45,2863.68,1518.55,445.37,66.6,231.01,909.0,362.31,229.27,269.07,463.83,221.24,102.86,3168.56,242.06,95.17,133.41,40.27,59.07,99.78,281.03
20260824,11:41:00,45016.5,40377.59,24232.43,16215.54,123.26,1941.22,313.01,484.2,539.11,109.42,177.09,190.84,103.39,136.21,289.27,123.41,197.56,294.45,2863.71,1518.54,445.39,66.6,231.03,909.05,362.31,229.27,269.07,463.83,221.27,102.82,3168.79,242.06,95.17,133.41,40.27,59.07,99.78,281.03
20260824,11:41:05,45016.41,40377.25,24233.0,16215.36,123.26,1941.22,313.01,484.2,539.11,109.42,177.08,190.83,103.38,136.21,289.27,123.41,197.56,294.48,2863.69,1518.54,445.37,66.6,231.03,909.05,362.07,229.27,269.07,463.83,221.26,102.82,3169.01,242.06,95.17,133.41,40.27,59.07,99.78,281.03
20260824,11:41:10,45012.7,40376.85,24223.87,16215.61,123.13,1942.63,313.01,484.2,539.1,109.42,177.08,190.84,103.38,136.21,289.27,123.41,197.56,294.48,2863.65,1518.49,445.38,66.62,231.03,909.05,362.31,229.27,269.07,463.86,221.25,102.82,3166.1,242.06,95.17,133.41,40.27,59.07,99.78,281.04
20260824,11:41:15,45015.64,40379.28,24226.35,16217.01,123.13,1942.63,313.1,484.2,539.41,109.42,177.08,190.82,103.38,136.21,289.27,123.41,197.56,294.48,2863.81,1518.59,445.46,66.62,231.02,909.05,362.31,229.27,269.07,463.86,221.23,102.82,3166.49,242.06,95.17,133.41,40.27,59.07,99.78,281.04
20260824,11:41:20,45015.69,40377.24,24232.6,16217.18,123.13,1941.22,313.1,484.2,539.55,109.5,177.08,190.82,103.39,136.21,289.27,123.41,197.56,294.48,2863.64,1518.42,445.46,66.62,231.03,909.17,362.31,229.27,269.07,463.86,221.23,102.82,3168.39,242.06,95.17,133.41,40.27,59.07,99.78,281.04
20260824,11:41:25,45018.62,40380.53,24232.23,16218.25,123.13,1942.63,313.1,484.2,539.55,109.5,177.08,190.82,103.39,136.21,289.27,123.41,197.56,294.48,2863.88,1518.58,445.34,66.62,231.21,909.17,362.34,229.27,269.08,463.86,221.28,102.82,3167.99,242.06,95.17,133.41,40.27,59.07,99.78,281.04
20260824,11:41:30,45058.07,40418.97,24232.49,16218.55,123.26,1942.63,313.1,484.2,539.55,109.42,177.08,190.82,103.39,136.21,289.27,123.41,197.56,294.48,2866.97,1520.99,445.38,66.63,231.03,909.2,362.34,229.27,269.08,463.86,221.28,102.82,3167.99,242.06,95.17,133.41,40.27,59.07,99.78,281.09
20260824,11:41:35,45016.59,40378.56,24230.74,16216.54,123.26,1942.63,313.1,484.2,539.55,109.42,177.09,190.81,103.39,136.21,289.27,123.41,197.56,294.48,2863.76,1518.52,445.35,66.64,231.02,909.2,362.34,229.27,269.08,463.86,221.09,102.82,3167.99,242.06,95.17,133.37,40.27,59.07,99.78,281.04
20260824,11:41:40,45013.98,40375.52,24229.07,16212.96,123.26,1942.63,312.55,484.2,539.55,109.42,177.08,190.79,103.39,136.21,289.27,123.41,197.56,294.48,2863.6,1518.41,445.31,66.64,231.03,909.2,362.09,229.27,269.1,463.86,221.13,102.82,3168.44,242.06,95.17,133.37,40.27,59.07,99.78,281.09
20260824,11:41:45,45017.1,40378.78,24233.0,16218.23,123.26,1942.63,313.1,484.28,539.55,109.42,177.06,190.79,103.38,136.21,289.27,123.41,197.59,294.48,2863.74,1518.52,445.33,66.64,231.02,909.19,362.1,229.27,269.1,463.86,221.27,102.82,3168.24,242.06,95.17,133.37,40.27,59.07,99.78,281.09
20260824,11:41:50,45015.12,40376.26,24234.7,16218.22,123.26,1941.22,313.1,484.28,539.55,109.42,177.06,190.77,103.38,136.21,289.42,123.41,197.59,294.56,2863.54,1518.39,445.33,66.6,231.02,909.18,362.1,229.27,269.1,463.86,221.31,102.82,3168.77,242.06,95.17,133.37,40.27,59.07,99.78,281.09
20260824,11:41:55,45015.76,40377.07,24232.47,16216.27,123.26,1941.33,313.1,484.28,539.55,109.42,177.06,190.77,103.38,136.21,289.42,123.41,197.59,294.56,2863.65,1518.32,445.32,66.61,231.02,909.65,362.1,229.27,269.1,463.86,221.09,102.82,3168.6,242.06,95.17,133.37,40.27,59.07,99.78,281.09
20260824,11:42:00,45015.47,40376.65,24237.51,16221.59,123.26,1941.33,313.65,484.2,539.55,109.42,177.05,190.76,103.38,136.21,289.42,123.41,197.59,294.56,2863.49,1518.32,445.32,66.61,231.14,909.15,362.11,229.27,269.1,463.86,221.24,102.82,3168.73,242.06,95.17,133.37,40.27,59.07,99.78,281.09
20260824,11:42:05,45016.73,40377.88,24237.37,16221.43,123.26,1941.33,313.65,484.19,539.58,109.42,177.04,190.76,103.37,136.0,289.42,123.41,197.55,294.56,2863.59,1518.44,445.33,66.61,231.02,909.14,362.1,229.27,269.09,463.86,221.2,102.82,3168.73,242.13,95.17,133.37,40.27,59.13,99.78,281.09
20260824,11:42:10,45014.65,40377.26,24234.65,16223.02,123.26,1942.74,313.73,484.19,539.58,109.43,177.05,190.77,103.37,136.21,289.42,123.41,197.55,294.58,2863.5,1518.3,445.22,66.6,231.02,909.48,362.1,229.27,269.09,463.86,221.2,102.84,3167.45,242.13,95.17,133.37,40.27,59.13,99.78,281.09
20260824,11:42:15,45013.08,40375.44,24234.99,16222.46,123.26,1942.74,313.73,484.19,539.48,109.43,177.06,190.77,103.38,136.21,289.42,123.42,197.55,294.52,2863.37,1518.35,445.22,66.59,231.02,909.02,362.1,229.27,269.09,463.84,221.09,102.84,3167.71,242.13,95.29,133.37,40.27,59.13,99.78,281.09
20260824,11:42:20,45015.36,40377.67,24234.49,16221.89,123.26,1940.96,313.73,484.19,539.48,109.43,177.06,190.79,103.38,136.21,289.42,123.42,197.55,294.54,2863.56,1518.3,445.22,66.61,231.15,909.49,362.1,229.27,269.09,463.85,221.09,102.84,3167.71,242.13,95.29,133.37,40.27,59.13,99.78,281.09
20260824,11:42:25,45015.55,40377.15,24234.89,16220.01,123.26,1940.96,313.65,484.02,539.17,109.43,177.06,190.8,103.38,136.21,289.42,123.42,197.55,294.54,2863.57,1518.32,445.22,66.59,231.15,909.48,362.11,229.27,269.09,463.85,221.09,102.84,3168.34,242.06,95.29,133.37,40.27,59.13,99.78,281.09
20260824,11:42:30,45016.58,40378.82,24229.7,16216.24,123.39,1940.96,313.1,484.02,539.17,109.42,177.06,190.77,103.38,136.21,289.42,123.42,197.55,294.54,2863.79,1518.5,445.3,66.59,231.13,909.4,362.11,229.27,269.1,463.86,221.09,102.84,3167.75,242.06,95.29,133.37,40.27,59.11,99.78,281.09
20260824,11:42:35,45016.48,40379.06,24229.43,16217.08,123.39,1941.03,313.18,483.95,539.17,109.42,177.06,190.78,103.38,136.21,289.42,123.42,197.55,294.54,2863.79,1518.52,445.31,66.6,231.01,909.41,362.11,229.27,269.09,463.86,221.12,102.84,3167.43,242.06,95.29,133.37,40.27,59.11,99.78,281.09
20260824,11:42:40,45019.73,40381.64,24235.73,16222.36,123.39,1941.03,313.72,483.95,539.17,109.43,177.06,190.79,103.38,136.21,289.42,123.42,197.55,294.54,2863.87,1518.61,445.22,66.6,231.01,909.44,362.11,229.27,269.09,463.86,221.26,102.84,3167.97,242.06,95.29,133.37,40.27,59.11,99.78,281.09
20260824,11:42:45,44979.42,40342.2,24235.62,16221.69,123.26,1941.03,313.72,483.96,539.17,109.42,177.06,190.79,103.38,136.21,289.42,123.42,197.55,294.54,2860.71,1516.18,445.33,66.59,230.85,909.44,362.11,229.27,269.09,463.86,221.23,102.84,3168.11,242.06,95.29,133.37,40.27,59.11,99.78,281.09
20260824,11:42:50,45024.08,40385.5,24236.77,16222.3,123.39,1941.03,313.73,483.96,539.17,109.42,177.06,190.8,103.38,136.21,289.42,123.42,197.55,294.53,2864.18,1518.66,445.35,66.6,231.33,909.58,362.11,229.27,269.09,463.91,221.23,102.84,3168.31,242.06,95.29,133.37,40.27,59.12,99.78,281.09
20260824,11:42:55,45019.31,40382.08,24232.26,16221.21,123.39,1941.03,313.73,483.96,539.16,109.42,177.06,190.8,103.38,136.21,289.42,123.42,197.55,294.53,2863.94,1518.6,445.4,66.6,231.31,909.13,362.11,229.27,269.1,463.91,221.12,102.84,3167.19,242.06,95.29,133.37,40.27,59.12,99.79,281.09
20260824,11:43:00,45019.43,40382.79,24230.44,16221.09,123.39,1941.03,313.73,483.96,539.13,109.42,177.06,190.79,103.38,136.21,289.42,123.41,197.55,294.53,2863.99,1518.56,445.4,66.6,231.31,909.35,362.43,229.27,269.09,463.93,221.12,102.84,3166.66,242.06,95.29,133.37,40.27,59.12,99.79,281.09
20260824,11:43:05,45017.13,40379.54,24232.36,16219.94,123.26,1941.03,313.65,483.96,539.13,109.42,177.06,190.77,103.38,136.21,289.42,123.42,197.55,294.53,2863.76,1518.55,445.39,66.61,230.83,909.36,362.45,229.27,269.0,463.93,221.1,102.84,3167.57,242.06,95.29,133.37,40.27,59.11,99.79,281.09
20260824,11:43:10,45016.29,40378.35,24233.86,16220.41,123.26,1941.03,313.65,484.11,539.13,109.42,177.06,190.79,103.37,136.21,289.42,123.43,197.55,294.53,2863.65,1518.43,445.39,66.61,230.95,909.36,362.45,229.27,269.0,463.95,221.13,102.84,3167.91,242.06,95.29,133.37,40.27,59.11,99.79,281.09
20260824,11:43:15,45016.67,40378.67,24233.74,16220.1,123.26,1941.03,313.65,484.11,538.99,109.42,177.05,190.78,103.37,136.21,289.42,123.43,197.55,294.52,2863.69,1518.5,445.3,66.61,230.95,909.37,362.12,229.27,269.0,463.96,221.14,102.84,3167.96,242.02,95.29,133.37,40.27,59.11,99.79,281.14
20260824,11:43:20,45017.15,40379.12,24233.51,16219.79,123.26,1941.09,313.65,484.11,538.99,109.42,177.05,190.76,103.37,136.21,289.42,123.43,197.55,294.52,2863.73,1518.5,445.37,66.61,230.95,909.4,362.11,229.27,269.0,464.05,221.09,102.84,3167.97,242.02,95.29,133.37,40.27,59.11,99.79,281.14
20260824,11:43:25,45013.58,40375.91,24232.66,16219.71,123.26,1941.09,313.65,484.11,539.0,109.42,177.05,190.78,103.37,136.0,289.42,123.43,197.55,294.52,2863.47,1518.39,445.17,66.59,230.95,909.36,362.11,229.27,269.0,464.05,221.12,102.84,3167.73,242.02,95.29,133.37,40.27,59.11,99.79,281.09
20260824,11:43:30,45012.93,40375.28,24231.45,16218.32,123.39,1941.09,313.65,484.11,538.7,109.42,177.05,190.76,103.37,136.0,289.42,123.31,197.55,294.52,2863.46,1518.39,445.22,66.61,230.95,909.26,362.11,229.27,269.0,464.05,221.13,102.84,3167.73,242.02,95.29,133.37,40.27,59.11,99.79,281.09
20260824,11:43:35,45013.69,40376.1,24231.24,16218.32,123.39,1941.09,313.65,484.11,538.69,109.42,177.05,190.78,103.37,136.0,289.42,123.3,197.55,294.53,2863.52,1518.5,445.22,66.61,230.95,909.08,362.11,229.27,269.0,464.05,221.12,102.84,3167.66,242.02,95.29,133.37,40.27,59.11,99.79,281.09
20260824,11:43:40,45016.14,40377.8,24234.04,16219.26,123.39,1941.09,313.64,484.11,538.69,109.42,177.05,190.78,103.37,136.0,289.42,123.34,197.55,294.53,2863.64,1518.52,445.24,66.59,231.08,909.2,362.11,229.27,269.0,464.05,221.2,102.84,3168.28,242.05,95.29,133.37,40.27,59.11,99.79,281.1
20260824,11:43:45,45015.28,40376.72,24234.33,16218.8,123.26,1941.09,313.64,484.11,538.77,109.43,177.05,190.81,103.37,136.0,289.42,123.46,197.65,294.53,2863.56,1518.57,445.25,66.58,230.83,909.06,362.23,229.27,269.0,464.06,221.05,102.84,3168.5,242.05,95.29,133.37,40.27,59.12,99.79,281.1
20260824,11:43:50,45014.93,40376.76,24233.19,16218.77,123.26,1941.06,313.64,484.12,538.77,109.43,177.06,190.82,103.37,136.0,289.42,123.47,197.65,294.53,2863.57,1518.59,445.36,66.59,230.83,908.88,362.23,229.27,269.0,464.0,221.05,102.84,3168.15,242.05,95.29,133.37,40.27,59.12,99.79,281.1
20260824,11:43:55,45013.31,40375.27,24233.52,16219.41,123.26,1942.47,313.64,484.12,538.77,109.43,177.07,190.81,103.38,136.0,289.42,123.46,197.65,294.53,2863.43,1518.46,445.35,66.59,230.83,908.98,362.23,229.27,269.0,464.0,221.05,102.84,3168.08,242.05,95.29,133.37,40.27,59.12,99.79,281.1
20260824,11:44:00,45012.61,40374.36,24233.78,16218.97,123.26,1942.47,313.64,484.12,538.74,109.43,177.05,190.75,103.38,136.0,289.42,123.46,197.65,294.53,2863.37,1518.41,445.34,66.59,230.83,908.99,362.23,229.27,269.0,464.03,221.04,102.84,3168.28,242.05,95.29,133.27,40.27,59.14,99.79,281.1
20260824,11:44:05,45013.41,40376.38,24230.76,16219.68,123.26,1942.47,313.72,484.12,538.79,109.43,177.06,190.74,103.39,136.0,289.42,123.46,197.65,294.53,2863.51,1518.51,445.34,66.59,230.83,909.04,362.22,229.27,269.0,464.05,221.04,102.84,3167.15,242.05,95.29,133.27,40.27,59.12,99.79,281.1
20260824,11:44:10,45012.33,40375.33,24230.41,16219.27,123.26,1941.06,313.72,484.12,538.75,109.43,177.07,190.77,103.39,136.0,289.42,123.47,197.65,294.53,2863.44,1518.42,445.37,66.59,230.83,909.04,362.55,229.27,269.01,464.05,221.06,102.84,3167.15,242.05,95.29,133.27,40.27,59.12,99.79,281.1
20260824,11:44:15,45012.83,40375.64,24230.91,16219.25,123.26,1941.06,313.72,484.12,538.75,109.43,177.07,190.77,103.39,136.0,289.42,123.47,197.65,294.53,2863.46,1518.4,445.37,66.59,231.01,909.01,362.55,229.27,269.01,464.05,221.06,102.84,3167.31,242.05,95.29,133.31,40.27,59.1,99.79,281.1
20260824,11:44:20,45012.38,40375.16,24230.66,16218.79,123.26,1941.06,313.72,484.12,538.75,109.43,177.08,190.81,103.39,136.0,289.42,123.34,197.65,294.53,2863.44,1518.4,445.39,66.57,231.0,908.97,362.55,229.27,269.01,464.09,221.06,102.84,3167.35,242.05,95.29,133.31,40.27,59.12,99.79,281.1
20260824,11:44:25,45011.58,40376.27,24224.45,16218.0,123.33,1941.09,313.72,484.12,538.75,109.43,177.08,190.81,103.39,136.0,289.42,123.36,197.65,294.53,2863.54,1518.41,445.38,66.57,231.25,908.97,362.55,229.27,269.01,464.09,220.95,102.84,3165.63,242.05,95.29,133.31,40.27,59.12,99.79,281.1
20260824,11:44:30,45012.98,40377.16,24226.81,16219.12,123.45,1941.09,313.72,484.13,538.75,109.43,177.07,190.78,103.39,136.0,289.42,123.48,197.65,294.53,2863.59,1518.46,445.38,66.58,231.25,908.95,362.22,229.27,269.01,464.05,220.95,102.86,3166.06,242.05,95.29,133.31,40.27,59.13,99.79,281.1
20260824,11:44:35,45015.8,40378.04,24230.58,16217.2,123.45,1941.09,313.72,484.13,538.75,109.43,177.07,190.78,103.39,136.0,289.42,123.44,197.65,294.53,2863.71,1518.56,445.38,66.56,231.37,908.85,362.23,229.27,269.01,464.05,220.78,102.86,3167.76,242.05,95.29,133.31,40.27,59.13,99.79,281.1
20260824,11:44:40,45013.97,40376.92,24228.36,16216.89,123.45,1941.09,313.72,484.13,538.82,109.43,177.09,190.83,103.39,136.0,289.42,123.32,197.65,294.53,2863.62,1518.56,445.38,66.58,231.12,908.84,362.23,229.27,269.01,464.05,220.77,102.86,3167.15,242.05,95.29,133.31,40.27,59.14,99.79,281.1
20260824,11:44:45,45008.22,40371.03,24225.55,16212.68,123.26,1941.09,313.18,484.13,538.82,109.43,177.12,190.83,103.42,136.0,289.42,123.36,197.65,294.53,2863.25,1518.3,445.4,66.57,231.0,908.81,362.56,229.27,269.01,464.06,220.78,102.86,3167.42,241.79,95.29,133.31,40.27,59.14,99.79,281.1
20260824,11:44:50,45008.1,40371.17,24224.78,16212.64,123.26,1942.5,313.1,484.13,538.82,109.43,177.13,190.84,103.42,136.0,289.42,123.36,197.63,294.53,2863.26,1518.3,445.37,66.56,231.0,908.88,362.56,229.27,269.01,464.06,220.78,102.86,3167.18,241.79,95.29,133.3,40.27,59.14,99.79,281.1
20260824,11:44:55,45004.75,40367.61,24223.35,16210.01,123.26,1941.99,313.1,484.05,538.84,109.43,176.93,190.84,103.26,136.0,289.42,123.32,197.63,294.53,2863.04,1518.19,445.23,66.56,231.0,908.87,362.23,229.27,269.01,464.06,220.78,102.86,3167.45,241.79,95.29,133.3,40.27,59.14,99.79,281.12
20260824,11:45:00,45009.19,40371.94,24227.91,16215.25,123.26,1941.99,313.64,484.05,538.84,109.43,176.95,190.91,103.26,136.0,289.42,123.32,197.63,294.53,2863.26,1518.39,445.19,66.55,231.0,908.87,362.23,229.27,269.01,464.06,220.89,102.86,3167.45,241.79,95.29,133.3,40.27,59.14,99.79,281.12
20260824,11:45:05,45003.33,40366.07,24223.22,16209.34,123.26,1940.56,313.18,484.05,538.84,109.42,176.94,190.87,103.26,136.0,289.42,123.32,197.67,294.53,2862.93,1518.26,445.08,66.57,231.0,908.57,362.23,229.27,269.01,464.05,220.7,102.86,3167.59,241.79,95.29,133.3,40.27,59.14,99.79,281.12
20260824,11:45:10,45002.17,40365.16,24222.74,16209.53,123.39,1940.56,313.19,484.05,538.84,109.43,176.94,190.87,103.26,136.0,289.42,123.32,197.67,294.53,2862.85,1518.23,445.09,66.54,230.94,908.56,362.23,229.27,269.01,463.99,220.7,102.92,3167.39,241.79,95.29,133.2,40.27,59.14,99.77,281.12
20260824,11:45:15,45004.95,40368.24,24221.85,16209.74,123.39,1940.56,313.19,484.05,538.84,109.43,176.94,190.87,103.26,136.0,289.42,123.36,197.71,294.53,2863.1,1518.38,445.08,66.54,231.07,908.59,362.23,229.27,269.01,463.99,220.69,102.92,3167.06,241.79,95.29,133.2,40.28,59.14,99.77,281.12
20260824,11:45:20,45003.48,40366.48,24222.64,16209.53,123.39,1940.56,313.19,484.05,538.84,109.43,176.94,190.87,103.26,136.0,289.42,123.47,197.71,294.53,2862.96,1518.3,445.09,66.54,230.94,908.58,362.56,229.27,268.99,463.98,220.69,102.92,3167.36,241.79,95.17,133.2,40.28,59.14,99.77,281.11
20260824,11:45:25,45003.67,40366.66,24222.61,16209.5,123.39,1940.56,313.19,484.05,538.84,109.43,176.94,190.88,103.26,136.0,289.42,123.47,197.67,294.53,2862.97,1518.27,445.16,66.55,230.94,908.58,362.57,229.27,268.99,463.98,220.69,102.92,3167.36,241.79,95.17,133.2,40.28,59.14,99.77,281.11
20260824,11:45:30,45005.74,40369.14,24224.36,16213.08,123.39,1940.56,313.74,484.05,538.89,109.43,176.94,190.88,103.26,136.0,289.42,123.47,197.67,294.56,2863.09,1518.39,445.17,66.55,230.94,908.55,362.24,229.27,268.99,463.98,220.57,102.92,3166.94,242.12,95.17,133.2,40.28,59.14,99.77,281.11
20260824,11:45:35,45010.13,40373.02,24226.75,16214.47,123.39,1940.56,313.74,484.05,538.87,109.44,177.14,190.88,103.42,136.0,289.42,123.47,197.67,294.56,2863.37,1518.39,445.13,66.54,231.19,908.54,362.25,229.27,269.4,463.98,220.54,102.92,3167.3,242.12,95.17,133.2,40.28,59.09,99.77,281.11
20260824,11:45:40,45010.31,40373.53,24226.33,16215.15,123.39,1941.97,313.74,484.13,538.87,109.44,177.14,190.89,103.42,136.01,289.42,123.47,197.67,294.56,2863.39,1518.5,445.17,66.54,230.94,908.43,362.25,229.27,269.4,463.98,220.54,102.92,3166.99,242.12,95.17,133.2,40.28,59.09,99.77,281.11
20260824,11:45:45,45007.56,40370.11,24227.5,16213.96,123.26,1941.97,313.65,484.13,538.87,109.44,177.14,190.89,103.42,136.01,289.42,123.43,197.67,294.54,2863.14,1518.46,445.23,66.54,230.82,908.42,362.25,229.27,269.09,464.0,220.52,102.92,3167.68,242.12,95.17,133.2,40.28,59.11,99.77,281.11
20260824,11:45:50,45008.55,40371.07,24227.67,16214.16,123.26,1941.97,313.65,484.13,538.87,109.36,177.14,190.9,103.42,136.01,289.42,123.43,197.73,294.54,2863.22,1518.48,445.23,66.55,230.82,908.44,362.58,229.27,269.09,464.0,220.55,102.97,3167.68,242.12,95.17,133.2,40.28,59.11,99.77,281.11
20260824,11:45:55,45006.98,40369.35,24228.82,16214.84,123.26,1942.02,313.74,484.12,538.87,109.36,177.15,190.94,103.42,136.01,289.42,123.43,197.73,294.51,2863.06,1518.39,445.16,66.55,230.82,908.44,362.58,229.27,269.09,464.0,220.56,102.97,3167.85,242.12,95.17,133.2,40.28,59.11,99.77,281.11
20260824,11:46:00,45007.72,40369.63,24230.56,16215.38,123.26,1943.43,313.74,484.12,538.87,109.36,177.15,190.94,103.42,136.01,289.42,123.43,197.73,294.51,2863.07,1518.37,445.22,66.57,230.82,908.47,362.26,229.27,269.09,463.99,220.58,102.97,3168.25,242.05,95.17,133.2,40.28,59.11,99.77,281.11
20260824,11:46:05,45010.14,40372.19,24227.99,16213.11,123.26,1942.02,313.74,484.12,538.8,109.44,176.95,190.96,103.26,136.01,289.42,123.43,197.73,294.51,2863.33,1518.51,445.14,66.57,231.19,908.43,362.25,229.27,269.09,464.03,220.61,102.97,3168.06,242.05,95.17,133.2,40.28,59.11,99.77,281.11
20260824,11:46:10,45003.87,40366.49,24226.68,16212.97,123.26,1942.02,313.74,484.12,538.8,109.44,176.95,190.97,103.25,136.01,289.42,123.43,197.73,294.51,2862.88,1518.39,445.15,66.58,231.19,907.7,362.25,229.27,269.09,464.03,220.6,102.97,3167.69,242.05,95.16,133.2,40.28,59.11,99.77,281.11
20260824,11:46:15,45002.28,40364.54,24226.54,16211.47,123.39,1942.02,313.19,484.12,538.8,109.53,176.96,190.99,103.25,136.01,289.42,123.43,197.73,294.51,2862.76,1518.32,445.16,66.56,231.19,907.23,362.26,229.27,269.4,464.03,220.79,102.97,3168.05,242.05,95.16,133.2,40.28,59.11,99.77,281.11
20260824,11:46:20,45000.69,40362.52,24229.32,16213.1,123.39,1943.43,313.19,484.12,538.87,109.45,176.94,190.99,103.24,136.22,289.42,123.43,197.73,294.51,2862.55,1518.43,445.16,66.56,230.83,907.15,362.26,229.27,269.09,464.02,220.8,102.97,3168.48,242.05,95.28,133.2,40.28,59.11,99.77,281.11
20260824,11:46:25,45000.7,40363.31,24225.47,16211.28,123.39,1942.02,313.11,484.12,538.87,109.44,176.94,190.99,103.24,136.22,289.42,123.43,197.7,294.51,2862.66,1518.32,445.23,66.56,230.83,907.62,362.58,229.27,269.09,464.02,220.73,102.97,3167.77,242.05,95.28,133.2,40.28,59.11,99.77,281.13
20260824,11:46:30,44998.03,40360.94,24225.14,16211.65,123.39,1942.02,313.19,484.11,538.87,109.44,176.93,190.96,103.23,136.22,289.42,123.43,197.7,294.51,2862.46,1518.19,445.23,66.55,230.83,907.6,362.26,229.27,269.08,464.02,220.72,102.97,3167.57,242.05,95.28,133.2,40.28,59.11,99.77,281.13
20260824,11:46:35,45001.76,40363.9,24229.88,16214.84,123.39,1942.02,313.73,484.13,538.87,109.44,176.93,190.99,103.23,136.22,289.42,123.31,197.7,294.51,2862.62,1518.19,445.21,66.55,231.31,907.6,362.26,229.27,269.07,464.02,220.71,102.97,3168.18,242.05,95.28,133.2,40.28,59.11,99.77,281.13
20260824,11:46:40,44996.0,40358.97,24226.33,16213.04,123.39,1942.02,313.64,484.13,538.86,109.44,176.94,190.99,103.24,136.22,289.42,123.31,197.7,294.48,2862.27,1518.13,445.21,66.55,231.06,907.16,362.26,229.27,269.07,464.02,220.6,102.97,3167.56,242.05,95.28,133.18,40.28,59.11,99.77,281.13
20260824,11:46:45,45002.09,40364.41,24228.24,16213.59,123.33,1942.02,313.74,484.13,538.86,109.43,176.94,190.99,103.24,136.22,289.42,123.31,197.7,294.48,2862.69,1518.27,445.21,66.56,231.31,907.11,362.25,229.27,269.38,464.04,220.6,102.97,3168.01,242.05,95.28,133.18,40.28,59.11,99.77,281.13
20260824,11:46:50,45000.5,40362.66,24229.28,16214.15,123.33,1942.02,313.74,484.13,538.86,109.43,176.96,191.03,103.25,136.01,289.42,123.31,197.7,294.48,2862.54,1518.26,445.22,66.55,231.08,907.02,362.26,229.27,269.38,464.04,220.7,102.97,3168.18,242.05,95.28,133.08,40.28,59.11,99.77,281.13
20260824,11:46:55,45000.33,40363.37,24224.99,16212.13,123.33,1941.79,313.66,484.13,538.89,109.43,176.96,191.03,103.25,136.01,289.42,123.31,197.7,294.48,2862.65,1518.38,445.1,66.55,231.08,907.01,362.26,229.27,269.38,464.04,220.55,102.97,3167.39,242.05,95.28,133.08,40.28,59.11,99.77,281.13
20260824,11:47:00,44996.35,40359.49,24225.01,16212.16,123.33,1941.79,313.66,484.13,538.89,109.43,176.96,191.03,103.24,136.01,289.42,123.31,197.7,294.48,2862.33,1518.25,445.2,66.55,230.94,907.02,362.58,229.27,269.07,464.02,220.55,102.97,3167.39,242.05,95.28,133.08,40.28,59.12,99.77,281.13
20260824,11:47:05,44997.59,40360.72,24223.79,16210.84,123.45,1941.57,313.66,484.13,538.81,109.43,176.95,191.02,103.24,136.01,289.42,123.23,197.7,294.48,2862.46,1518.37,445.21,66.54,230.94,907.01,362.26,229.27,269.07,464.05,220.55,102.97,3167.37,242.11,95.16,133.08,40.28,59.12,99.77,281.13
20260824,11:47:10,44998.29,40361.42,24224.95,16212.17,123.39,1941.57,313.66,484.13,538.82,109.43,176.95,191.0,103.25,136.01,289.42,123.23,197.7,294.48,2862.49,1518.38,445.21,66.54,230.94,907.0,362.58,229.27,269.07,464.05,220.71,102.97,3167.37,242.11,95.16,133.08,40.28,59.12,99.77,281.13
20260824,11:47:15,44996.62,40359.56,24225.54,16212.08,123.39,1941.57,313.66,484.1,538.82,109.43,176.96,191.03,103.25,136.01,289.54,123.23,197.7,294.48,2862.34,1518.12,445.23,66.54,230.94,907.02,362.58,229.27,269.38,464.03,220.69,102.97,3167.57,242.11,95.16,133.08,40.28,59.12,99.77,281.13
20260824,11:47:20,44991.44,40354.66,24223.92,16210.74,123.39,1941.57,313.66,484.17,538.82,109.43,176.96,191.01,103.25,136.01,289.54,123.23,197.7,294.48,2861.98,1517.97,445.21,66.54,230.83,907.14,362.57,229.27,269.08,464.03,220.55,102.97,3167.43,242.11,95.16,133.08,40.28,59.12,99.77,281.13
20260824,11:47:25,44992.7,40355.89,24223.56,16210.32,123.39,1941.57,313.66,484.17,538.68,109.43,176.96,191.03,103.25,136.01,289.54,123.23,197.74,294.48,2862.09,1517.94,445.19,66.55,230.83,907.09,362.57,229.27,269.39,464.03,220.55,102.97,3167.43,242.11,95.16,133.08,40.28,59.12,99.77,281.1
20260824,11:47:30,44989.83,40353.09,24224.17,16211.03,123.39,1941.69,313.66,484.17,538.68,109.43,176.97,191.05,103.25,136.01,289.54,123.24,197.74,294.48,2861.84,1517.91,445.19,66.55,230.83,907.07,362.25,229.27,269.07,464.14,220.59,102.99,3167.43,242.11,95.16,133.08,40.28,59.12,99.77,281.1
20260824,11:47:35,44993.25,40356.6,24223.11,16210.37,123.39,1941.69,313.66,484.17,538.68,109.43,176.96,191.0,103.25,136.01,289.54,123.24,197.71,294.45,2862.14,1517.99,445.19,66.55,230.84,907.07,362.57,229.27,269.38,464.14,220.54,102.99,3167.28,242.11,95.16,133.08,40.28,59.12,99.77,281.1
20260824,11:47:40,44994.38,40357.25,24224.86,16210.88,123.39,1943.1,313.66,484.17,538.68,109.43,176.95,191.0,103.25,136.01,289.42,123.23,197.74,294.45,2862.18,1517.99,445.29,66.56,230.84,907.07,362.57,229.27,269.38,464.14,220.54,102.99,3167.69,242.11,95.16,133.08,40.28,59.12,99.77,281.1
20260824,11:47:45,44993.58,40356.47,24225.3,16211.39,123.39,1943.1,313.74,484.17,538.68,109.43,176.95,190.98,103.25,136.01,289.42,123.23,197.74,294.43,2862.11,1517.89,445.19,66.57,231.21,906.95,362.57,229.27,269.38,464.14,220.54,102.99,3167.69,242.11,95.16,133.09,40.28,59.12,99.77,281.1
20260824,11:47:50,44990.32,40353.33,24225.81,16212.1,123.39,1943.1,313.74,484.17,538.68,109.43,176.95,190.98,103.25,136.01,289.42,123.27,197.74,294.44,2861.84,1517.89,444.97,66.55,231.21,906.96,362.57,229.27,269.06,464.15,220.59,102.99,3167.65,242.11,95.16,133.09,40.28,59.12,99.77,281.1
20260824,11:47:55,44988.45,40351.5,24220.66,16206.17,123.39,1941.87,313.1,484.17,538.54,109.43,176.95,190.98,103.25,136.01,289.42,123.27,197.74,294.44,2861.83,1517.89,444.97,66.55,231.2,906.97,362.57,229.27,269.06,464.13,220.56,102.99,3167.65,242.11,95.16,133.09,40.28,59.12,99.77,281.1
20260824,11:48:00,44992.13,40355.09,24221.08,16206.66,123.39,1941.87,313.1,484.2,538.54,109.43,176.95,191.0,103.25,136.01,289.42,123.27,197.74,294.44,2862.11,1518.08,444.98,66.54,230.84,906.97,362.58,229.27,269.38,464.14,220.61,102.99,3167.65,242.11,95.16,133.09,40.28,59.11,99.77,281.1
20260824,11:48:05,44991.66,40354.03,24226.48,16210.87,123.39,1941.87,313.65,484.2,538.53,109.43,176.95,191.0,103.25,136.01,289.42,123.27,197.74,294.44,2861.92,1517.98,444.84,66.54,230.84,906.97,362.58,229.27,269.38,464.11,220.65,102.99,3168.2,242.11,95.16,133.09,40.26,59.11,99.77,281.1
20260824,11:48:10,44993.18,40355.93,24223.25,16208.55,123.45,1941.87,313.1,484.46,538.53,109.43,176.96,191.03,103.25,136.01,289.42,123.39,197.76,294.44,2862.13,1518.1,444.84,66.57,230.95,906.96,362.58,229.27,269.37,464.11,220.68,102.99,3167.82,242.11,95.16,133.09,40.26,59.11,99.77,281.1
20260824,11:48:15,44995.07,40357.56,24223.61,16208.22,123.45,1942.09,313.1,484.59,538.53,109.42,176.96,191.03,103.25,136.01,289.42,123.39,197.76,294.4,2862.27,1518.09,444.86,66.56,230.95,907.31,362.58,229.27,269.37,464.11,220.65,102.99,3168.02,242.11,95.16,133.11,40.26,59.08,99.77,281.12
20260824,11:48:20,44991.97,40355.12,24225.71,16212.6,123.45,1942.09,313.65,484.59,538.53,109.42,176.97,191.04,103.25,136.01,289.42,123.39,197.76,294.39,2861.97,1518.04,444.83,66.52,230.96,906.85,362.55,229.27,269.37,464.21,220.66,102.99,3167.48,242.11,95.16,133.11,40.26,59.09,99.77,281.12
20260824,11:48:25,44993.23,40356.55,24224.38,16211.76,123.33,1941.41,313.65,484.59,538.53,109.42,176.97,191.04,103.25,136.01,289.42,123.39,197.76,294.39,2862.11,1518.05,444.83,66.52,231.09,907.43,362.55,229.27,269.06,464.21,220.63,102.99,3167.3,242.11,95.16,133.11,40.26,59.09,99.77,281.12
20260824,11:48:30,44991.42,40354.63,24220.76,16207.08,123.33,1941.41,313.1,484.59,538.53,109.42,176.98,191.04,103.26,136.01,289.42,123.26,197.76,294.39,2862.06,1518.09,444.77,66.53,231.09,906.84,362.55,229.27,269.38,464.21,220.64,102.99,3167.44,242.11,95.16,133.1,40.26,59.09,99.77,281.12
20260824,11:48:35,44991.92,40354.01,24224.44,16207.58,123.33,1941.41,313.1,484.59,538.6,109.42,177.01,191.04,103.28,136.01,289.54,123.26,197.76,294.41,2862.0,1518.05,444.78,66.53,231.09,906.81,362.55,229.27,269.38,464.21,220.63,102.99,3168.45,242.11,95.16,133.1,40.26,59.09,99.77,281.12
20260824,11:48:40,44988.7,40351.89,24222.31,16208.54,123.33,1942.82,313.1,484.46,538.53,109.42,176.99,191.0,103.28,136.01,289.54,123.26,197.76,294.41,2861.81,1518.11,444.73,66.55,230.85,906.79,362.55,229.27,269.07,464.25,220.63,102.99,3167.53,242.11,95.28,133.1,40.26,59.09,99.77,281.07
20260824,11:48:45,44991.21,40353.96,24226.85,16212.54,123.33,1942.82,313.65,484.46,538.53,109.42,177.0,191.02,103.28,136.01,289.42,123.26,197.76,294.41,2861.88,1518.1,444.73,66.55,230.84,906.99,362.55,229.27,269.05,464.21,220.65,102.95,3167.86,242.11,95.28,133.1,40.26,59.09,99.77,281.07
20260824,11:48:50,44992.07,40355.03,24226.86,16213.31,123.33,1941.41,313.65,484.38,538.6,109.42,176.99,191.02,103.27,136.22,289.42,123.38,197.83,294.41,2861.95,1518.12,444.76,66.55,230.96,906.96,362.54,229.27,269.06,464.21,220.64,102.95,3167.65,242.11,95.28,133.1,40.26,59.09,99.77,281.12
20260824,11:48:55,44993.47,40353.93,24233.77,16213.0,123.33,1941.41,313.65,484.38,538.56,109.42,176.99,191.02,103.27,136.22,289.42,123.38,197.83,294.41,2861.86,1518.13,444.73,66.55,230.84,906.91,362.55,229.27,269.05,464.21,220.62,102.95,3169.9,242.11,95.28,133.1,40.26,59.09,99.77,281.12
20260824,11:49:00,44994.54,40354.54,24235.1,16213.09,123.26,1941.41,313.65,484.38,538.56,109.5,176.98,190.99,103.27,136.22,289.42,123.38,197.83,294.42,2861.91,1518.06,444.69,66.54,230.84,906.88,362.54,229.27,269.36,464.21,220.62,103.04,3170.29,242.11,95.28,133.1,40.26,59.09,99.77,281.12
20260824,11:49:05,44997.15,40357.09,24234.75,16212.7,123.26,1942.8,313.65,484.31,538.56,109.42,176.98,190.98,103.27,136.01,289.42,123.38,197.83,294.42,2862.13,1518.08,444.81,66.54,230.83,907.21,362.53,229.27,269.36,464.19,220.59,103.04,3170.28,242.11,95.28,133.1,40.26,59.09,99.77,281.12
20260824,11:49:10,44993.89,40354.71,24232.7,16212.99,123.26,1942.8,313.65,484.32,538.56,109.42,176.99,191.0,103.27,136.01,289.42,123.38,197.83,294.42,2861.93,1517.94,444.83,66.54,230.83,907.19,362.27,229.27,269.36,464.19,220.61,103.04,3169.57,242.11,95.28,133.1,40.26,59.09,99.77,281.12
20260824,11:49:15,44992.56,40353.61,24231.84,16212.64,123.26,1942.8,313.65,484.31,538.56,109.42,176.99,191.0,103.27,136.01,289.42,123.38,197.83,294.41,2861.85,1517.99,444.71,66.56,231.08,907.16,361.95,229.27,269.05,464.17,220.58,103.04,3169.39,242.11,95.28,133.1,40.26,59.09,99.77,281.12
20260824,11:49:20,44994.66,40354.81,24233.29,16211.5,123.26,1941.39,313.65,484.31,538.56,109.42,176.99,191.01,103.27,136.01,289.42,123.26,197.86,294.41,2861.97,1518.08,444.89,66.58,230.83,907.16,361.95,229.27,269.05,464.21,220.57,103.04,3170.16,242.04,95.28,133.11,40.26,59.12,99.77,281.12
20260824,11:49:25,44994.96,40356.17,24230.75,16212.13,123.26,1941.75,313.65,484.31,538.56,109.42,176.99,191.01,103.27,136.01,289.42,123.26,197.88,294.41,2862.07,1518.13,444.82,66.6,230.95,907.18,362.03,229.27,269.05,464.2,220.62,103.04,3169.19,242.04,95.28,133.11,40.26,59.12,99.79,281.12
20260824,11:49:30,44994.13,40355.36,24231.08,16212.52,123.39,1941.75,313.64,484.31,538.63,109.42,176.99,191.02,103.27,136.01,289.42,123.26,197.88,294.41,2861.99,1518.13,444.83,66.58,230.83,907.13,362.03,229.3,269.05,464.16,220.62,103.04,3169.19,242.02,95.28,133.09,40.26,59.12,99.79,281.12
20260824,11:49:35,44993.1,40353.51,24233.76,16212.77,123.39,1941.75,313.64,484.31,538.63,109.41,176.99,191.02,103.27,136.22,289.42,123.26,197.88,294.41,2861.84,1517.97,444.83,66.59,230.94,907.13,362.03,229.3,269.05,464.16,220.62,103.04,3169.95,242.02,95.28,133.09,40.26,59.12,99.79,281.12
20260824,11:49:40,44987.45,40348.02,24233.54,16212.6,123.39,1941.75,313.64,484.31,538.63,109.41,176.99,191.02,103.27,136.22,289.42,123.26,197.88,294.41,2861.4,1517.91,444.82,66.59,231.06,906.23,361.9,229.3,269.05,464.16,220.62,103.04,3169.94,242.02,95.28,133.09,40.26,59.12,99.79,281.07
20260824,11:49:45,44989.01,40349.49,24233.42,16212.27,123.33,1941.75,313.64,484.31,538.63,109.41,176.99,191.01,103.27,136.21,289.42,123.26,197.88,294.44,2861.52,1517.97,444.81,66.59,231.2,906.23,361.9,229.3,269.05,464.2,220.59,103.04,3169.99,242.02,95.28,133.09,40.26,59.12,99.79,281.07
20260824,11:49:50,44991.41,40351.63,24233.74,16212.01,123.33,1941.75,313.65,484.31,538.63,109.41,176.99,191.02,103.27,136.21,289.42,123.22,197.88,294.44,2861.7,1517.97,444.69,66.58,231.2,906.66,361.9,229.3,269.14,464.2,220.59,103.04,3170.16,241.97,95.28,133.08,40.26,59.12,99.79,281.07
20260824,11:49:55,44991.18,40351.65,24233.28,16212.28,123.33,1941.75,313.65,484.31,538.57,109.41,176.99,191.03,103.27,136.21,289.42,123.34,197.88,294.43,2861.7,1517.98,444.71,66.6,231.21,906.67,361.96,229.3,269.05,464.2,220.59,103.04,3169.94,241.97,95.28,132.98,40.26,59.12,99.79,281.07
20260824,11:50:00,44988.4,40350.1,24230.01,16212.39,123.33,1941.75,313.65,484.06,538.57,109.41,176.98,190.97,103.27,136.22,289.42,123.34,197.88,294.43,2861.57,1517.98,444.71,66.6,230.85,906.66,361.96,229.3,269.05,464.19,220.6,103.04,3168.89,242.3,95.28,132.98,40.26,59.11,99.79,281.07
20260824,11:50:05,44988.67,40351.2,24227.57,16212.37,123.33,1941.75,313.65,484.06,538.57,109.4,176.98,190.99,103.27,136.22,289.42,123.34,197.88,294.43,2861.66,1517.99,444.72,66.6,231.09,906.64,361.96,229.3,269.05,464.19,220.59,103.04,3168.13,242.3,95.28,132.98,40.27,59.12,99.79,281.09
20260824,11:50:10,44985.2,40347.68,24227.94,16212.33,123.33,1941.75,313.65,484.06,538.57,109.4,176.98,190.97,103.27,136.22,289.42,123.34,197.88,294.43,2861.38,1517.8,444.72,66.6,231.09,906.53,361.96,229.3,269.05,464.16,220.59,103.04,3168.26,242.3,95.28,132.98,40.27,59.12,99.79,281.09
20260824,11:50:15,44989.32,40351.63,24228.97,16213.31,123.33,1941.75,313.74,484.14,538.57,109.4,176.98,190.96,103.27,136.22,289.42,123.34,197.92,294.44,2861.67,1517.98,444.83,66.6,231.09,906.55,361.96,229.3,269.05,464.18,220.61,103.04,3168.31,242.3,95.28,132.98,40.27,59.12,99.79,281.09
20260824,11:50:20,44988.79,40351.12,24230.35,16214.9,123.45,1941.75,313.74,484.14,538.57,109.4,176.98,190.96,103.27,136.22,289.42,123.34,197.92,294.44,2861.59,1517.98,444.83,66.59,230.86,906.6,361.97,229.3,269.05,464.18,220.59,103.04,3168.31,242.62,95.28,132.98,40.27,59.12,99.79,281.39
20260824,11:50:25,44987.03,40349.81,24228.91,16214.63,123.33,1941.75,313.74,484.14,538.61,109.4,176.98,190.96,103.27,136.22,289.42,123.34,197.92,294.44,2861.49,1517.85,444.82,66.6,230.86,906.76,361.97,229.3,269.05,464.17,220.59,103.04,3167.94,242.62,95.28,132.98,40.27,59.12,99.79,281.39
20260824,11:50:30,44987.23,40349.59,24230.59,16215.18,123.33,1941.75,313.74,484.23,538.61,109.4,176.97,190.94,103.27,136.22,289.42,123.34,197.92,294.44,2861.46,1517.82,444.82,66.6,230.84,906.75,362.21,229.3,269.06,464.17,220.65,103.04,3168.31,242.62,95.28,132.98,40.27,59.12,99.79,281.39
20260824,11:50:35,44988.11,40351.16,24227.12,16213.56,123.33,1941.75,313.65,484.23,538.61,109.4,176.97,190.95,103.27,136.22,289.39,123.22,197.92,294.44,2861.63,1517.92,444.9,66.58,230.84,906.78,362.21,229.29,269.05,464.17,220.63,103.04,3167.67,242.62,95.28,132.97,40.27,59.1,99.79,281.39
20260824,11:50:40,44985.93,40349.02,24226.87,16213.23,123.33,1941.75,313.74,484.23,538.61,109.4,176.97,190.95,103.27,136.22,289.51,123.21,197.92,294.22,2861.46,1517.81,444.89,66.57,230.84,906.79,362.21,229.27,269.05,464.14,220.59,103.04,3167.68,242.62,95.28,132.97,40.27,59.1,99.79,281.39
20260824,11:50:45,44986.82,40350.15,24228.53,16215.98,123.33,1941.75,313.74,484.23,538.6,109.4,176.98,190.98,103.27,136.22,289.51,123.21,197.92,294.21,2861.49,1517.82,444.9,66.58,230.84,906.81,361.97,229.27,269.05,464.14,220.89,103.04,3167.45,242.55,95.28,132.97,40.27,59.1,99.79,281.39
20260824,11:50:50,44991.79,40354.76,24229.53,16216.38,123.33,1941.75,313.74,484.23,538.6,109.4,176.98,190.98,103.27,136.22,289.51,123.21,197.92,294.21,2861.85,1517.84,444.78,66.57,231.09,907.52,361.97,229.27,269.05,464.14,220.92,103.04,3167.65,242.55,95.28,132.97,40.27,59.1,99.79,281.39
20260824,11:50:55,44990.42,40353.38,24227.19,16213.54,123.33,1941.75,313.66,484.23,538.61,109.4,176.99,190.98,103.28,136.22,289.51,123.21,197.92,293.99,2861.81,1517.81,444.75,66.57,231.09,907.55,361.97,229.27,269.05,464.17,220.77,103.04,3167.7,242.3,95.28,132.98,40.27,59.1,99.79,281.39
20260824,11:51:00,44990.96,40353.51,24229.18,16214.48,123.33,1941.75,313.66,484.32,538.61,109.4,176.99,190.98,103.28,136.22,289.51,123.34,197.92,294.0,2861.79,1517.73,444.77,66.56,230.83,907.51,362.54,229.27,269.36,464.17,220.77,103.04,3168.06,242.3,95.28,132.98,40.27,59.1,99.79,281.39
20260824,11:51:05,44994.48,40357.12,24229.08,16215.0,123.33,1941.75,313.74,484.32,538.61,109.39,176.99,190.98,103.28,136.23,289.51,123.33,197.88,294.0,2862.07,1517.89,444.78,66.57,231.08,907.51,361.97,229.27,269.36,464.17,220.78,103.04,3167.89,242.23,95.28,132.98,40.27,59.1,99.79,281.39
20260824,11:51:10,44991.28,40353.8,24229.49,16214.79,123.33,1941.75,313.66,484.32,538.61,109.39,176.99,190.98,103.28,136.23,289.51,123.33,197.88,294.0,2861.81,1517.86,444.78,66.56,231.08,907.4,361.95,229.27,269.05,464.24,220.78,103.04,3168.08,242.23,95.28,132.98,40.27,59.1,99.79,281.47
20260824,11:51:15,44989.01,40352.58,24226.27,16214.39,123.33,1942.12,313.66,484.32,538.61,109.39,176.99,190.98,103.28,136.23,289.51,123.33,197.88,294.0,2861.72,1517.86,444.78,66.56,231.2,907.05,362.21,229.27,269.05,464.24,220.82,103.04,3167.17,242.23,95.28,132.98,40.27,59.1,99.79,281.16
20260824,11:51:20,44985.38,40348.52,24227.74,16214.34,123.33,1942.12,313.66,484.32,538.61,109.39,177.0,190.98,103.28,136.23,289.51,123.33,197.88,294.03,2861.4,1517.86,444.75,66.56,231.2,906.33,362.2,229.27,269.04,464.2,220.82,103.04,3167.65,242.23,95.27,132.99,40.27,59.1,99.79,281.16
20260824,11:51:25,44983.12,40346.32,24226.76,16213.21,123.2,1942.01,313.66,484.32,538.61,109.4,176.99,190.98,103.28,136.23,289.51,123.33,197.88,294.03,2861.25,1517.77,444.63,66.57,231.2,906.34,362.2,229.51,269.04,464.2,220.75,103.04,3167.65,242.23,95.27,132.99,40.27,59.1,99.79,281.16
20260824,11:51:30,44984.45,40348.27,24224.38,16212.66,123.2,1942.01,313.65,484.58,538.51,109.4,176.98,190.97,103.28,136.44,289.51,123.21,197.88,294.03,2861.42,1517.91,444.66,66.56,231.19,906.35,361.96,229.51,269.04,464.2,220.75,103.04,3167.05,242.23,95.29,132.99,40.27,59.1,99.79,281.16
20260824,11:51:35,44983.58,40346.77,24225.93,16212.29,123.2,1942.01,313.56,484.45,538.45,109.4,176.98,190.97,103.28,136.44,289.51,123.21,197.88,294.03,2861.3,1517.88,444.68,66.55,230.94,906.37,362.2,229.51,269.04,464.19,220.76,103.04,3167.64,242.55,95.29,132.99,40.27,59.1,99.79,281.16
20260824,11:51:40,44984.53,40347.92,24225.61,16212.64,123.2,1942.01,313.65,484.44,538.41,109.4,176.97,190.92,103.28,136.44,289.51,123.21,197.88,294.03,2861.39,1517.83,444.67,66.54,230.93,906.36,362.15,229.51,269.36,464.19,220.76,103.04,3167.44,242.55,95.29,132.99,40.27,59.1,99.79,281.16
20260824,11:51:45,44986.82,40350.12,24225.66,16212.61,123.2,1942.01,313.65,484.44,538.41,109.4,176.97,190.92,103.28,136.44,289.51,123.21,197.88,294.03,2861.57,1517.99,444.67,66.54,230.93,906.33,361.91,229.51,269.36,464.19,220.75,103.04,3167.47,242.55,95.29,132.99,40.27,59.1,99.79,281.17
20260824,11:51:50,44988.45,40349.19,24234.42,16214.24,123.2,1942.01,313.65,484.44,538.4,109.4,176.97,190.92,103.28,136.44,289.51,123.33,197.86,294.03,2861.45,1517.91,444.67,66.54,230.93,906.3,361.93,229.51,269.36,464.19,220.75,103.04,3169.76,242.55,95.29,132.98,40.27,59.1,99.79,281.48
20260824,11:51:55,44991.25,40352.34,24234.23,16215.47,123.33,1942.01,313.65,484.43,538.32,109.4,176.97,190.92,103.28,136.44,289.51,123.33,197.86,294.03,2861.68,1517.93,444.67,66.55,230.93,906.73,361.93,229.51,269.36,464.23,220.86,103.04,3169.37,242.6,95.29,132.98,40.27,59.1,99.79,281.48
20260824,11:52:00,44985.92,40348.99,24228.28,16214.77,123.26,1942.01,313.65,484.43,538.21,109.4,176.96,190.9,103.28,136.44,289.51,123.33,197.86,294.03,2861.42,1517.89,444.6,66.55,230.93,906.73,361.93,229.51,269.05,464.23,220.86,103.04,3167.7,242.6,95.29,132.98,40.27,59.1,99.79,281.45
20260824,11:52:05,44985.11,40347.66,24229.93,16214.86,123.33,1942.01,313.65,484.43,538.22,109.4,176.96,190.89,103.28,136.44,289.51,123.33,197.86,294.03,2861.31,1517.91,444.48,66.55,230.81,906.58,362.49,229.51,269.05,464.23,220.85,103.04,3168.19,242.6,95.29,132.98,40.27,59.1,99.79,281.45
20260824,11:52:10,44985.07,40347.72,24222.32,16206.43,123.33,1942.01,312.56,484.43,538.22,109.4,176.96,190.87,103.28,136.23,289.51,123.32,197.86,294.03,2861.52,1517.91,444.48,66.55,230.8,906.69,362.25,229.51,269.37,464.23,220.84,103.04,3168.1,242.6,95.29,132.98,40.27,59.1,99.79,281.45
20260824,11:52:15,44981.62,40346.67,24219.87,16211.36,123.33,1941.64,313.1,484.69,538.26,109.4,176.96,190.88,103.28,136.23,289.51,123.32,197.86,294.03,2861.32,1517.84,444.51,66.56,230.8,906.81,361.93,229.51,269.05,464.23,220.91,103.04,3166.0,242.6,95.29,132.98,40.27,59.1,99.79,281.43
20260824,11:52:20,44984.1,40349.1,24219.94,16211.46,123.33,1941.64,313.18,484.44,538.26,109.4,176.97,190.88,103.29,136.23,289.51,123.32,197.86,294.03,2861.51,1517.83,444.5,66.56,230.81,906.89,362.17,229.51,269.36,464.23,220.87,103.04,3165.99,242.6,95.29,132.98,40.27,59.1,99.79,281.43
20260824,11:52:25,44981.35,40347.36,24215.87,16209.95,123.21,1942.01,313.18,484.44,538.19,109.39,176.98,190.88,103.29,136.23,289.51,123.32,197.86,294.03,2861.41,1517.72,444.5,66.56,231.06,906.75,362.17,229.51,269.36,464.23,220.76,103.04,3165.13,242.6,95.29,132.98,40.27,59.1,99.79,281.43
20260824,11:52:30,44980.08,40345.79,24211.57,16203.9,123.21,1942.23,312.56,484.44,538.08,109.39,176.91,190.9,103.23,136.23,289.51,123.33,197.86,294.02,2861.43,1517.84,444.48,66.57,231.06,906.86,361.94,229.51,269.05,464.23,220.79,103.06,3165.43,242.6,95.29,132.98,40.27,59.1,99.79,281.13
20260824,11:52:35,44982.61,40347.82,24217.23,16208.93,123.21,1942.23,313.1,484.44,538.08,109.39,176.98,190.9,103.29,136.44,289.51,123.33,197.86,294.02,2861.47,1517.84,444.48,66.57,231.06,906.95,361.94,229.51,269.05,464.26,220.79,103.06,3165.83,242.6,95.29,132.98,40.27,59.1,99.79,281.13
20260824,11:52:40,44983.12,40348.1,24214.93,16205.56,123.22,1942.23,312.56,484.45,538.11,109.39,176.98,190.9,103.29,136.44,289.51,123.36,197.86,294.02,2861.57,1517.97,444.48,66.58,230.81,906.96,362.26,229.51,269.05,464.26,220.81,103.04,3166.03,242.6,95.29,132.98,40.27,59.1,99.79,281.13
20260824,11:52:45,44983.82,40348.7,24214.8,16205.16,123.22,1942.23,312.56,484.45,538.22,109.39,176.99,190.92,103.29,136.44,289.51,123.24,197.86,294.02,2861.63,1517.97,444.6,66.59,230.83,906.96,362.26,229.51,269.05,464.25,220.81,103.04,3166.1,242.6,95.29,132.98,40.27,59.1,99.79,281.13
20260824,11:52:50,44985.84,40349.87,24218.27,16206.45,123.34,1942.46,312.56,484.45,538.22,109.39,176.99,190.92,103.29,136.44,289.51,123.24,197.86,294.05,2861.69,1518.02,444.58,66.58,230.83,906.96,362.26,229.51,269.05,464.27,220.79,103.04,3166.83,242.6,95.41,132.97,40.27,59.1,99.79,281.13
20260824,11:52:55,44985.3,40350.15,24219.02,16210.02,123.22,1942.46,313.1,484.45,538.22,109.38,176.98,190.9,103.29,136.44,289.51,123.24,197.86,294.05,2861.63,1518.01,444.58,66.59,230.79,906.88,362.24,229.51,269.05,464.25,220.8,103.04,3166.1,242.6,95.41,132.97,40.27,59.1,99.79,281.13
20260824,11:53:00,44980.6,40345.11,24218.15,16207.45,123.22,1942.46,312.55,484.45,538.22,109.38,177.18,190.9,103.45,136.44,289.51,123.36,197.86,294.02,2861.29,1517.84,444.47,66.59,230.9,906.29,361.66,229.51,269.36,464.25,220.64,103.04,3166.52,242.6,95.41,132.97,40.27,59.12,99.79,281.13
20260824,11:53:05,44976.94,40342.23,24216.34,16207.71,123.22,1942.46,312.55,484.45,538.22,109.38,177.18,190.9,103.45,136.44,289.33,123.36,197.86,294.02,2861.05,1517.84,444.45,66.57,230.9,906.18,361.65,229.53,269.05,464.25,220.78,103.04,3165.89,242.6,95.29,132.97,40.27,59.12,99.79,281.13
20260824,11:53:10,44978.61,40341.77,24222.21,16207.44,123.22,1942.46,312.55,484.45,538.22,109.38,177.18,190.9,103.45,136.44,289.33,123.36,197.86,294.02,2861.02,1517.78,444.56,66.57,230.78,906.19,362.29,229.53,269.05,464.25,220.75,103.04,3167.79,242.6,95.29,132.97,40.27,59.12,99.79,281.13
20260824,11:53:15,44984.85,40347.88,24223.82,16209.42,123.34,1943.87,312.62,484.45,538.22,109.38,177.18,190.9,103.45,136.43,289.33,123.24,197.86,294.02,2861.46,1517.89,444.59,66.57,231.03,906.25,362.29,229.53,269.36,464.29,220.89,103.04,3167.76,242.58,95.29,132.96,40.27,59.12,99.79,281.13
20260824,11:53:20,44983.61,40345.86,24222.78,16205.53,123.34,1942.39,312.62,484.45,538.22,109.38,176.98,190.9,103.29,136.43,289.33,123.24,197.86,294.02,2861.39,1517.89,444.58,66.59,231.03,906.12,361.97,229.53,269.36,464.28,220.77,103.04,3168.49,242.58,95.29,132.96,40.27,59.12,99.79,281.12
20260824,11:53:25,45020.78,40382.49,24225.9,16210.45,123.22,1942.39,313.17,484.45,538.19,109.38,176.98,190.89,103.29,136.43,289.33,123.25,197.86,294.02,2864.23,1520.14,444.56,66.6,230.85,906.09,361.97,229.53,269.36,464.27,220.92,103.06,3168.13,242.58,95.29,132.96,40.27,59.12,99.79,281.12
20260824,11:53:30,45020.89,40382.59,24224.68,16209.06,123.22,1942.39,313.17,484.45,538.22,109.38,176.98,190.89,103.29,136.43,289.33,123.23,197.86,294.01,2864.27,1520.22,444.41,66.63,230.85,906.02,361.96,229.53,269.37,464.27,220.77,103.06,3168.13,242.58,95.29,132.96,40.27,59.12,99.79,281.12
20260824,11:53:35,45018.97,40381.61,24221.68,16208.6,123.22,1942.39,313.17,484.45,538.22,109.38,176.97,190.88,103.28,136.43,289.33,123.23,197.86,294.01,2864.2,1520.22,444.41,66.62,230.72,906.02,361.96,229.53,269.36,464.28,220.75,103.06,3167.32,242.51,95.29,132.96,40.27,59.12,99.79,281.12
20260824,11:53:40,45017.39,40379.48,24223.86,16209.09,123.22,1942.09,313.17,484.45,538.2,109.37,176.97,190.88,103.28,136.43,289.33,123.36,197.86,293.99,2864.02,1520.11,444.42,66.62,230.6,906.02,361.96,229.53,269.36,464.26,220.75,103.06,3167.86,242.51,95.29,132.96,40.27,59.12,99.79,281.12
20260824,11:53:45,45021.87,40383.37,24224.59,16208.33,123.22,1942.05,313.1,484.45,538.12,109.37,176.96,190.86,103.28,136.43,289.33,123.36,197.86,293.99,2864.35,1520.29,444.39,66.63,230.73,906.49,362.28,229.54,269.05,464.26,220.75,103.06,3168.3,242.58,95.29,132.96,40.27,59.12,99.79,281.12
20260824,11:53:50,45019.85,40381.8,24225.3,16210.48,123.34,1942.05,313.1,484.45,538.12,109.37,176.96,190.84,103.28,136.43,289.21,123.36,197.86,293.99,2864.17,1520.16,444.42,66.65,230.73,906.5,362.28,229.54,268.96,464.32,220.73,103.06,3167.93,242.58,95.41,132.98,40.27,59.12,99.79,281.43
20260824,11:53:55,44981.77,40344.9,24224.55,16210.31,123.34,1942.05,313.1,484.45,538.11,109.37,176.95,190.81,103.28,136.43,289.21,123.35,197.86,293.99,2861.2,1517.84,444.41,66.68,230.57,906.43,362.28,229.54,269.17,464.32,220.74,103.06,3167.74,242.58,95.41,132.98,40.27,59.11,99.79,281.42
20260824,11:54:00,44978.14,40341.39,24220.43,16205.66,123.22,1942.05,312.63,484.45,538.03,109.37,176.93,190.75,103.28,136.42,289.21,123.24,197.86,293.99,2861.03,1517.73,444.41,66.66,230.59,906.42,362.28,229.3,269.17,464.32,220.77,103.06,3167.72,242.58,95.41,132.98,40.27,59.1,99.79,281.42
20260824,11:54:05,44977.11,40339.74,24221.67,16204.93,123.22,1942.05,312.55,484.45,538.04,109.29,176.94,190.76,103.28,136.42,289.21,123.24,197.86,293.97,2860.91,1517.59,444.27,66.65,230.82,906.52,362.24,229.3,269.17,464.36,220.77,103.06,3168.31,242.58,95.41,133.0,40.27,59.1,99.79,281.42
20260824,11:54:10,45009.78,40371.63,24221.08,16204.44,123.22,1942.05,312.55,484.42,537.99,109.29,176.94,190.76,103.29,136.21,289.03,123.24,197.86,293.97,2863.5,1519.99,444.18,66.66,230.82,905.71,362.48,229.3,268.85,464.34,220.77,103.06,3168.26,242.58,95.41,133.0,40.27,59.1,99.79,281.42
20260824,11:54:15,45011.48,40373.67,24219.46,16203.87,123.22,1942.05,312.56,484.42,538.05,109.29,176.86,190.73,103.23,136.21,289.03,123.24,197.89,293.97,2863.67,1520.1,444.16,66.65,230.57,905.7,362.24,229.3,269.15,464.34,220.77,103.06,3167.9,242.58,95.41,133.0,40.27,59.1,99.79,281.42
20260824,11:54:20,45011.49,40374.05,24222.69,16208.82,123.34,1942.05,313.1,484.42,538.01,109.29,176.86,190.72,103.23,136.21,289.03,123.37,197.89,293.97,2863.59,1520.0,444.28,66.65,230.57,905.69,362.24,229.3,269.16,464.34,220.77,103.06,3167.57,242.58,95.41,133.0,40.27,59.1,99.79,281.42
20260824,11:54:25,45010.27,40372.91,24219.26,16205.06,123.28,1942.05,312.64,484.42,537.95,109.29,176.86,190.72,103.23,136.21,289.03,123.37,197.89,293.97,2863.58,1520.04,444.22,66.62,230.57,905.72,361.92,229.3,269.16,464.29,220.78,103.06,3167.52,242.58,95.41,133.0,40.27,59.1,99.79,281.42
20260824,11:54:30,45014.12,40375.83,24225.37,16209.28,123.34,1942.05,313.18,484.42,537.98,109.29,176.87,190.77,103.23,136.21,289.03,123.38,197.94,293.97,2863.72,1520.1,444.22,66.63,230.69,905.71,361.92,229.3,269.16,464.28,220.78,103.06,3168.28,242.58,95.41,133.0,40.27,59.09,99.79,281.37
20260824,11:54:35,45011.95,40374.4,24222.98,16208.82,123.34,1942.05,313.18,484.42,537.96,109.29,176.87,190.77,103.23,136.21,289.03,123.38,197.94,293.98,2863.61,1520.08,444.2,66.63,230.57,905.66,361.86,229.3,269.17,464.28,220.77,103.06,3167.66,242.58,95.41,132.9,40.27,59.09,99.79,281.36
20260824,11:54:40,45010.96,40373.12,24223.89,16208.83,123.34,1942.05,313.18,484.42,537.96,109.29,176.86,190.75,103.23,136.21,289.03,123.38,197.94,293.98,2863.51,1520.11,444.22,66.65,230.57,905.66,361.86,229.3,268.86,464.28,220.77,103.08,3167.94,242.58,95.41,132.9,40.27,59.09,99.79,281.36
20260824,11:54:45,45011.5,40373.21,24225.2,16208.85,123.22,1942.03,313.18,484.41,537.98,109.28,176.87,190.76,103.23,136.42,289.03,123.38,197.94,293.98,2863.52,1520.07,444.22,66.66,230.57,905.76,361.86,229.3,268.85,464.28,220.78,103.08,3168.35,242.58,95.41,132.9,40.27,59.09,99.79,281.36
20260824,11:54:50,44971.29,40334.34,24224.21,16208.76,123.22,1942.03,313.18,484.41,537.98,109.28,176.87,190.76,103.23,136.42,289.03,123.38,197.9,293.98,2860.39,1517.67,444.1,66.66,230.82,905.66,361.88,229.3,268.85,464.28,220.77,103.08,3168.06,242.58,95.41,132.9,40.27,59.1,99.79,281.35
20260824,11:54:55,44971.21,40334.52,24223.82,16209.16,123.22,1942.04,313.18,484.41,537.96,109.28,176.87,190.76,103.23,136.42,289.03,123.38,197.9,293.98,2860.39,1517.73,444.1,66.66,230.69,905.53,362.2,229.3,268.85,464.28,220.82,103.11,3167.83,242.58,95.41,132.9,40.27,59.1,99.79,281.35
20260824,11:55:00,44970.35,40333.93,24222.08,16208.0,123.22,1941.82,313.1,484.41,537.96,109.28,176.85,190.76,103.22,136.42,289.03,123.38,197.9,293.98,2860.37,1517.59,444.1,66.67,230.69,905.53,362.14,229.3,269.16,464.28,220.78,103.11,3167.6,242.58,95.41,132.9,40.27,59.1,99.79,281.35
20260824,11:55:05,44973.83,40336.96,24223.51,16208.44,123.22,1941.82,313.1,484.41,537.96,109.28,176.86,190.73,103.23,136.42,289.03,123.38,197.9,293.98,2860.61,1517.68,444.25,66.67,230.68,905.65,362.13,229.3,269.16,464.3,220.82,103.11,3167.93,242.58,95.41,132.9,40.27,59.1,99.79,281.35
20260824,11:55:10,44972.82,40336.48,24222.63,16209.15,123.22,1941.82,313.1,484.42,537.96,109.29,176.86,190.73,103.22,136.42,289.03,123.38,197.9,293.98,2860.55,1517.68,444.16,66.67,230.69,905.59,362.14,229.3,269.16,464.3,220.88,103.11,3167.46,242.58,95.41,132.9,40.27,59.11,99.79,281.35
20260824,11:55:15,44971.19,40334.87,24224.45,16211.15,123.34,1941.82,313.18,484.42,537.93,109.29,176.85,190.71,103.22,136.42,289.03,123.38,197.9,293.98,2860.37,1517.72,444.12,66.67,230.57,905.59,362.14,229.3,268.85,464.3,221.0,103.11,3167.49,242.58,95.41,132.92,40.27,59.11,99.79,281.37
20260824,11:55:20,44971.28,40334.55,24225.32,16210.76,123.34,1941.82,313.1,484.42,537.96,109.29,176.85,190.7,103.22,136.42,289.03,123.38,197.9,293.98,2860.36,1517.7,444.1,66.67,230.69,905.52,362.32,229.3,268.85,464.35,221.0,103.11,3167.86,242.58,95.41,132.92,40.27,59.11,99.79,281.37
20260824,11:55:25,44968.16,40331.04,24226.67,16210.77,123.22,1941.82,313.18,484.42,537.96,109.29,176.86,190.75,103.22,136.42,288.85,123.38,197.9,293.98,2860.07,1517.51,444.1,66.66,230.69,905.51,361.84,229.3,268.85,464.35,221.0,103.11,3168.29,242.58,95.41,132.9,40.27,59.08,99.79,281.37
20260824,11:55:30,44967.67,40330.84,24225.96,16210.86,123.22,1941.82,313.19,484.42,538.03,109.29,176.87,190.78,103.22,136.21,288.85,123.38,197.9,293.98,2860.05,1517.59,444.09,66.66,230.93,905.05,361.84,229.3,268.84,464.35,221.0,103.11,3168.04,242.58,95.41,132.9,40.27,59.08,99.79,281.37
20260824,11:55:35,44964.72,40327.68,24226.87,16210.98,123.34,1941.82,313.19,484.42,538.03,109.3,176.86,190.76,103.22,136.21,288.85,123.38,197.9,293.98,2859.8,1517.46,444.09,66.66,230.68,905.04,361.82,229.3,268.85,464.35,220.99,103.11,3168.29,242.58,95.41,132.87,40.27,59.08,99.79,281.37
20260824,11:55:40,44968.04,40331.32,24225.63,16210.91,123.34,1941.82,313.19,484.42,538.06,109.3,176.85,190.7,103.22,136.21,288.85,123.38,197.9,293.98,2860.09,1517.58,444.21,66.66,230.93,905.04,361.84,229.3,268.85,464.35,221.0,103.11,3167.92,242.58,95.41,132.87,40.27,59.09,99.79,281.34
20260824,11:55:45,44971.07,40334.27,24223.85,16208.85,123.28,1941.82,313.19,484.42,538.06,109.3,176.84,190.65,103.22,136.21,288.85,123.38,197.9,293.98,2860.38,1517.59,444.1,66.66,230.93,905.78,361.84,229.3,268.85,464.36,220.91,103.11,3167.92,242.58,95.41,132.83,40.27,59.1,99.79,281.03
20260824,11:55:50,44968.19,40331.22,24225.0,16209.33,123.28,1941.82,313.19,484.42,538.06,109.29,176.86,190.73,103.23,136.21,288.85,123.38,197.9,293.99,2860.12,1517.59,444.21,66.65,230.81,905.23,361.52,229.3,268.85,464.36,220.95,103.11,3168.15,242.58,95.41,132.83,40.27,59.07,99.79,281.03
20260824,11:55:55,44973.38,40336.07,24226.67,16210.56,123.28,1941.82,313.19,484.42,538.06,109.29,176.86,190.75,103.23,136.21,288.85,123.37,197.9,293.99,2860.48,1517.7,444.21,66.66,230.81,905.69,361.84,229.3,268.85,464.36,221.09,103.11,3168.34,242.58,95.41,132.83,40.27,59.06,99.79,281.03
20260824,11:56:00,45012.93,40374.82,24225.72,16210.22,123.41,1941.82,313.02,484.42,538.13,109.29,176.86,190.75,103.23,136.21,288.85,123.37,197.9,293.99,2863.61,1520.1,444.32,66.66,230.93,905.14,361.52,229.3,269.16,464.36,221.12,103.11,3168.14,242.58,95.41,132.83,40.28,59.06,99.79,281.03
20260824,11:56:05,45012.42,40374.48,24225.21,16210.15,123.41,1941.82,313.11,484.34,538.13,109.29,176.86,190.72,103.23,136.21,288.73,123.37,197.9,293.99,2863.59,1520.11,444.21,66.66,230.93,905.14,361.8,229.3,269.16,464.36,221.12,103.11,3168.0,242.25,95.41,132.83,40.28,59.07,99.79,281.03
20260824,11:56:10,45012.54,40374.61,24225.03,16209.95,123.42,1941.82,313.11,484.26,538.13,109.29,176.84,190.66,103.23,136.21,288.73,123.37,197.94,293.99,2863.6,1520.11,444.22,66.66,230.93,905.16,361.8,229.3,269.16,464.34,221.12,103.11,3168.0,242.25,95.41,132.83,40.28,59.07,99.79,281.03
20260824,11:56:15,45013.03,40374.79,24227.76,16212.12,123.42,1941.82,313.11,484.29,538.03,109.3,177.04,190.66,103.39,136.21,288.73,123.37,197.97,293.99,2863.57,1520.1,444.32,66.66,230.68,905.16,362.07,229.3,269.16,464.35,221.12,103.11,3168.26,242.25,95.41,132.83,40.28,59.1,99.79,281.03
20260824,11:56:20,45010.07,40372.08,24226.33,16211.02,123.42,1941.82,313.19,484.29,537.96,109.3,176.85,190.7,103.23,136.21,288.73,123.37,197.94,293.99,2863.37,1520.12,444.32,66.66,230.57,905.16,362.07,229.54,268.84,464.35,221.09,103.11,3168.11,242.25,95.41,132.83,40.28,59.1,99.79,281.33
20260824,11:56:25,45009.87,40372.3,24225.94,16212.02,123.42,1941.82,313.19,484.29,538.21,109.3,176.85,190.69,103.23,136.21,288.73,123.37,197.94,293.99,2863.37,1520.06,444.27,66.66,230.82,905.17,362.06,229.53,268.84,464.33,221.11,103.11,3167.72,242.25,95.41,132.83,40.28,59.1,99.79,281.33
20260824,11:56:30,45008.45,40371.12,24224.53,16211.04,123.42,1940.41,313.19,484.3,538.21,109.3,176.83,190.73,103.2,136.21,288.73,123.37,197.94,293.99,2863.3,1520.03,444.27,66.66,230.82,905.13,361.82,229.53,268.84,464.32,221.11,103.11,3167.54,242.18,95.41,132.83,40.28,59.1,99.79,281.3
20260824,11:56:35,45007.11,40369.84,24224.68,16211.29,123.55,1940.41,313.19,484.3,538.21,109.3,176.82,190.71,103.2,136.21,288.73,123.38,197.94,293.99,2863.19,1520.02,444.27,66.66,230.57,905.12,361.82,229.53,268.84,464.32,221.11,103.11,3167.52,242.18,95.4,132.83,40.28,59.1,99.79,281.3
20260824,11:56:40,45007.46,40370.16,24224.34,16210.86,123.42,1940.26,313.19,484.3,538.28,109.3,176.82,190.71,103.2,136.21,288.73,123.38,197.94,293.99,2863.22,1520.03,444.29,66.65,230.57,905.19,361.82,229.28,268.84,464.23,221.1,103.11,3167.53,242.18,95.4,132.83,40.28,59.1,99.79,281.3
20260824,11:56:45,45007.68,40370.27,24224.19,16210.32,123.55,1940.26,313.1,484.3,538.26,109.22,176.81,190.71,103.19,136.21,288.9,123.38,197.94,293.99,2863.24,1520.02,444.4,66.65,230.57,905.15,361.82,229.28,268.84,464.23,221.11,103.11,3167.63,242.18,95.4,132.83,40.28,59.1,99.79,281.3
20260824,11:56:50,45007.16,40369.49,24225.12,16210.47,123.42,1940.26,313.1,484.3,538.26,109.3,176.82,190.73,103.19,136.21,288.9,123.38,197.94,293.98,2863.18,1519.99,444.35,66.65,230.57,905.15,361.82,229.28,268.83,464.23,221.14,103.11,3167.88,242.18,95.4,132.83,40.28,59.1,99.79,281.3
20260824,11:56:55,45004.78,40366.93,24226.14,16210.83,123.55,1940.26,313.1,484.17,538.31,109.3,176.83,190.73,103.2,136.21,288.9,123.38,197.94,293.98,2862.96,1519.87,444.23,66.65,230.57,905.13,361.82,229.28,268.83,464.23,221.12,103.11,3168.1,242.18,95.4,132.83,40.28,59.1,99.79,281.3
20260824,11:57:00,45005.48,40366.94,24227.97,16210.71,123.42,1940.26,313.09,484.17,538.31,109.3,176.83,190.73,103.2,136.21,288.9,123.37,197.94,293.97,2862.97,1519.89,444.23,66.64,230.58,905.1,361.82,229.28,268.83,464.26,221.15,103.11,3168.71,242.18,95.4,132.83,40.28,59.1,99.79,281.3
20260824,11:57:05,45005.24,40366.93,24226.28,16209.51,123.42,1940.26,313.17,484.17,538.2,109.3,176.84,190.72,103.21,136.21,288.9,123.38,197.94,293.97,2863.0,1519.87,444.21,66.64,230.69,905.13,361.82,229.28,268.83,464.32,220.98,103.11,3168.5,242.18,95.4,132.83,40.28,59.1,99.79,281.3
20260824,11:57:10,45007.15,40368.58,24227.49,16210.19,123.42,1940.2,313.26,484.25,538.1,109.3,176.84,190.72,103.21,136.21,288.9,123.38,197.94,293.97,2863.11,1519.87,444.09,66.63,230.69,905.14,361.82,229.28,269.15,464.32,221.01,103.11,3168.7,242.18,95.4,132.84,40.28,59.1,99.79,281.31
20260824,11:57:15,45005.35,40367.3,24225.16,16209.09,123.55,1940.2,313.17,484.25,538.17,109.3,176.84,190.72,103.21,136.21,288.9,123.26,197.94,293.97,2863.04,1519.76,444.2,66.66,230.69,905.16,361.82,229.28,269.15,464.31,220.98,103.12,3168.27,242.18,95.4,132.84,40.28,59.1,99.79,281.31
20260824,11:57:20,45006.73,40368.26,24224.13,16206.6,123.42,1940.2,312.63,484.25,538.21,109.3,176.84,190.73,103.21,136.21,288.9,123.26,197.9,293.97,2863.17,1519.9,444.2,66.64,230.81,904.96,361.82,229.28,269.15,464.3,221.16,103.12,3168.62,242.18,95.4,132.84,40.28,59.1,99.79,281.31
20260824,11:57:25,45004.57,40366.56,24222.64,16206.26,123.42,1940.2,312.63,484.25,538.19,109.3,176.83,190.7,103.21,136.21,288.9,123.26,197.9,293.97,2863.04,1519.77,444.24,66.65,230.83,904.95,362.06,229.28,269.15,464.24,221.15,103.12,3168.25,242.18,95.4,132.84,40.28,59.1,99.79,281.31
20260824,11:57:30,45004.74,40366.09,24223.61,16205.24,123.42,1940.2,312.63,484.25,538.25,109.3,176.84,190.72,103.21,136.21,288.9,123.26,197.9,293.97,2863.03,1519.77,444.22,66.66,230.83,904.97,361.82,229.28,269.15,464.24,221.01,103.12,3168.83,242.18,95.4,132.84,40.28,59.1,99.79,281.36
20260824,11:57:35,45006.53,40366.12,24231.79,16208.91,123.42,1940.2,313.09,484.25,538.32,109.3,176.84,190.72,103.21,136.21,288.9,123.26,197.9,293.97,2862.94,1519.77,444.22,66.66,230.58,904.97,361.82,229.28,269.15,464.27,221.01,103.11,3170.39,242.18,95.4,132.84,40.28,59.1,99.79,281.36
20260824,11:57:40,45008.56,40368.31,24231.76,16209.62,123.42,1943.02,313.09,484.25,538.32,109.29,176.83,190.74,103.2,136.21,288.9,123.22,197.9,293.97,2863.1,1519.91,444.2,66.65,230.58,905.0,361.82,229.28,269.13,464.27,221.02,103.11,3170.19,242.18,95.4,132.84,40.28,59.07,99.79,281.36
20260824,11:57:45,45006.3,40366.48,24230.24,16209.08,123.43,1941.61,313.09,484.25,538.32,109.29,176.83,190.74,103.2,136.21,288.9,123.22,197.9,293.97,2862.97,1519.89,444.2,66.66,230.7,905.01,361.82,229.28,268.82,464.27,221.02,103.11,3169.86,242.18,95.4,132.84,40.28,59.07,99.79,281.36
20260824,11:57:50,45003.38,40363.52,24230.5,16209.01,123.43,1941.61,313.09,484.25,538.32,109.29,176.84,190.71,103.21,136.21,288.9,123.22,197.9,293.97,2862.73,1519.7,444.2,66.66,230.7,905.01,361.82,229.28,268.83,464.27,221.02,103.11,3169.96,242.18,95.4,132.84,40.28,59.07,99.69,281.36
20260824,11:57:55,45007.7,40367.94,24230.35,16209.55,123.43,1941.61,313.09,484.25,538.32,109.3,176.84,190.71,103.21,136.21,288.9,123.21,197.9,293.97,2863.08,1519.88,444.18,66.65,230.58,905.02,361.82,229.53,269.14,464.27,221.06,103.11,3169.76,242.18,95.4,132.84,40.28,59.07,99.79,281.36
20260824,11:58:00,45003.83,40363.59,24232.82,16210.43,123.43,1941.61,313.17,484.25,538.36,109.29,176.82,190.71,103.2,136.21,288.9,123.21,197.94,293.97,2862.7,1519.7,444.22,66.65,230.58,905.03,361.82,229.53,268.83,464.27,221.09,103.1,3170.3,242.18,95.4,132.84,40.28,59.07,99.79,281.37
20260824,11:58:05,45005.82,40365.04,24234.13,16210.32,123.42,1941.61,313.17,484.25,538.36,109.29,176.82,190.71,103.2,136.21,288.9,123.21,197.94,293.97,2862.82,1519.8,444.25,66.64,230.58,905.0,361.88,229.53,268.83,464.27,221.09,103.1,3170.73,242.18,95.4,132.84,40.28,59.07,99.79,281.37
20260824,11:58:10,45008.03,40367.45,24233.61,16210.58,123.42,1941.61,313.17,484.25,538.44,109.29,176.81,190.71,103.19,136.21,288.9,123.21,197.94,293.97,2863.01,1519.72,444.28,66.64,230.83,905.42,361.88,229.53,268.83,464.31,221.09,103.1,3170.5,242.18,95.4,132.84,40.28,59.07,99.79,281.37
20260824,11:58:15,45008.81,40368.78,24231.25,16209.8,123.55,1941.83,313.17,484.25,538.38,109.29,176.81,190.71,103.19,136.21,288.9,123.21,197.94,293.97,2863.14,1519.71,444.42,66.64,230.58,905.43,361.87,229.53,269.14,464.31,220.98,103.1,3169.98,242.18,95.4,132.84,40.28,59.07,99.79,281.37
20260824,11:58:20,45007.48,40367.38,24231.64,16209.84,123.42,1941.83,313.17,484.25,538.38,109.29,176.81,190.7,103.19,136.2,288.9,123.33,197.98,293.97,2863.02,1519.78,444.52,66.64,230.58,905.13,361.87,229.53,268.93,464.31,220.94,103.1,3170.09,242.18,95.4,132.84,40.28,59.07,99.8,281.37
20260824,11:58:25,45005.73,40365.95,24231.18,16210.26,123.55,1941.82,313.17,484.25,538.31,109.29,176.8,190.66,103.19,136.2,288.9,123.33,197.98,293.97,2862.9,1519.78,444.4,66.64,230.58,905.01,361.57,229.53,268.93,464.34,220.98,103.1,3169.83,242.18,95.4,132.84,40.28,59.07,99.8,281.37
20260824,11:58:30,45008.02,40368.18,24230.38,16209.35,123.55,1941.82,313.0,484.16,538.31,109.29,176.81,190.69,103.19,136.2,289.26,123.33,197.98,293.97,2863.1,1519.78,444.39,66.64,230.58,905.46,361.57,229.53,268.93,464.39,220.98,103.1,3169.83,242.18,95.4,132.84,40.29,59.07,99.8,281.37
20260824,11:58:35,45002.42,40364.6,24226.31,16210.92,123.55,1941.82,313.17,484.16,538.42,109.27,176.81,190.72,103.19,136.2,289.26,123.33,197.98,293.97,2862.77,1519.66,444.39,66.64,230.58,905.0,362.16,229.53,268.93,464.39,220.98,103.11,3168.13,242.18,95.4,132.84,40.29,59.07,99.8,281.37
20260824,11:58:40,45004.3,40366.99,24224.84,16211.12,123.55,1941.82,313.18,484.16,538.42,109.27,176.81,190.69,103.19,136.2,289.26,123.33,197.98,293.97,2862.96,1519.65,444.39,66.63,230.7,905.0,361.91,229.53,269.24,464.4,221.1,103.11,3167.62,242.18,95.28,132.84,40.29,59.07,99.8,281.37
20260824,11:58:45,45006.12,40368.18,24224.41,16208.64,123.42,1941.82,313.18,484.16,538.42,109.27,176.82,190.73,103.19,136.2,289.26,123.21,197.98,293.98,2863.12,1519.78,444.38,66.63,230.7,904.99,361.91,229.53,269.24,464.4,220.95,103.14,3168.15,242.18,95.28,132.84,40.29,59.07,99.8,281.37
20260824,11:58:50,45004.65,40367.05,24223.7,16208.87,123.42,1941.82,313.18,484.16,538.42,109.27,176.81,190.71,103.19,136.2,289.26,123.21,197.98,293.95,2863.02,1519.79,444.39,66.64,230.83,904.99,361.91,229.53,268.93,464.4,220.99,103.14,3167.87,242.18,95.28,132.84,40.29,59.07,99.8,281.37
20260824,11:58:55,45003.83,40366.08,24224.34,16209.02,123.55,1941.82,313.18,484.16,538.31,109.29,176.81,190.75,103.18,136.2,289.26,123.21,197.98,293.95,2862.94,1519.79,444.4,66.64,230.58,905.0,361.91,229.53,268.93,464.43,220.99,103.15,3168.03,242.18,95.28,132.84,40.29,59.07,99.8,281.37
20260824,11:59:00,45003.61,40365.86,24223.87,16208.48,123.42,1941.82,313.18,484.16,538.31,109.21,176.81,190.75,103.18,136.2,289.26,123.21,197.98,293.95,2862.93,1519.79,444.4,66.62,230.6,905.0,361.92,229.53,268.93,464.43,220.99,103.15,3168.03,242.18,95.28,132.84,40.29,59.07,99.8,281.39
20260824,11:59:05,45003.9,40366.3,24224.89,16210.18,123.42,1941.82,313.18,484.11,538.31,109.29,176.8,190.73,103.18,136.2,289.26,123.21,197.98,293.95,2862.93,1519.77,444.41,66.64,230.6,905.01,361.98,229.53,268.93,464.4,221.13,103.15,3167.89,242.18,95.28,132.87,40.29,59.1,99.8,281.39
20260824,11:59:10,45004.04,40366.58,24224.38,16210.08,123.42,1941.82,313.18,484.22,538.31,109.29,176.8,190.71,103.18,136.21,289.26,123.22,197.98,293.96,2862.95,1519.7,444.39,66.64,230.84,905.07,361.98,229.53,268.93,464.41,221.1,103.15,3167.76,242.18,95.28,132.87,40.29,59.1,99.8,281.39
20260824,11:59:15,45002.83,40365.16,24225.18,16210.15,123.55,1941.82,313.1,484.22,538.31,109.29,176.8,190.71,103.18,136.21,289.26,123.21,197.98,293.96,2862.84,1519.67,444.39,66.62,230.7,905.07,361.96,229.53,268.93,464.41,221.13,103.15,3167.99,242.18,95.28,132.87,40.29,59.1,99.8,281.39
20260824,11:59:20,45003.92,40366.0,24224.35,16208.49,123.36,1941.79,313.1,484.22,538.31,109.29,176.81,190.74,103.18,136.21,289.26,123.2,197.98,293.96,2862.95,1519.79,444.38,66.62,230.59,905.07,361.96,229.53,268.93,464.41,221.01,103.15,3168.18,242.18,95.28,132.87,40.29,59.1,99.8,281.39
20260824,11:59:25,45006.74,40368.3,24227.31,16210.38,123.49,1941.79,313.1,484.22,538.3,109.21,176.81,190.76,103.18,136.21,289.26,123.19,197.98,293.96,2863.08,1519.87,444.48,66.62,230.59,905.03,361.96,229.53,268.93,464.43,221.1,103.15,3168.59,242.18,95.4,132.87,40.29,59.1,99.8,281.39
20260824,11:59:30,45005.01,40366.97,24226.67,16210.86,123.49,1942.04,313.1,484.24,538.3,109.21,176.82,190.78,103.18,136.19,289.26,123.19,197.98,293.97,2862.97,1519.78,444.52,66.62,230.59,905.0,361.96,229.53,268.92,464.41,221.13,103.15,3168.26,242.18,95.4,132.87,40.29,59.1,99.8,281.39
20260824,11:59:35,45006.58,40368.35,24226.65,16210.31,123.49,1942.06,313.1,484.24,538.15,109.21,176.82,190.78,103.18,136.21,289.26,123.19,197.98,293.96,2863.09,1519.81,444.54,66.64,230.84,904.98,361.63,229.53,268.92,464.41,221.12,103.15,3168.4,242.18,95.4,132.87,40.29,59.1,99.8,281.39
20260824,11:59:40,45007.91,40369.42,24228.65,16211.88,123.49,1942.06,313.18,484.25,538.27,109.37,176.83,190.78,103.19,136.21,289.26,123.19,197.98,293.97,2863.14,1519.8,444.65,66.63,230.96,904.98,361.63,229.53,268.88,464.41,221.12,103.15,3168.6,242.18,95.4,132.87,40.29,59.1,99.8,281.39
20260824,11:59:45,45010.11,40371.57,24228.95,16212.22,123.49,1942.04,313.17,484.23,538.27,109.37,176.83,190.78,103.19,136.21,289.26,123.32,197.98,293.97,2863.3,1519.81,444.66,66.61,230.96,905.35,361.63,229.53,268.88,464.41,221.08,103.15,3168.6,242.18,95.4,132.87,40.29,59.1,99.8,281.39
20260824,11:59:50,45010.73,40372.16,24228.25,16211.37,123.49,1942.14,313.18,484.23,538.27,109.29,176.83,190.79,103.19,136.21,289.26,123.19,197.98,293.97,2863.37,1519.88,444.55,66.64,230.96,905.35,361.65,229.53,268.88,464.38,221.08,103.15,3168.62,242.18,95.4,132.87,40.29,59.12,99.8,281.39
20260824,11:59:55,45006.86,40368.81,24226.65,16210.97,123.49,1942.14,313.09,484.23,538.27,109.29,176.83,190.79,103.19,136.21,289.26,123.19,197.98,293.97,2863.11,1519.68,444.66,66.64,230.96,905.36,361.65,229.53,268.79,464.38,221.12,103.14,3168.22,242.14,95.4,132.87,40.29,59.12,99.8,281.39
20260824,12:00:00,45007.47,40369.71,24226.05,16211.29,123.42,1942.14,313.17,484.23,538.24,109.37,176.83,190.79,103.19,136.21,289.26,123.19,197.98,293.97,2863.18,1519.84,444.59,66.65,230.59,905.39,361.65,229.53,268.79,464.37,221.09,103.14,3167.95,242.14,95.4,132.89,40.29,59.12,99.8,281.39
20260824,12:00:05,45008.13,40369.98,24227.95,16212.22,123.55,1943.55,313.17,484.23,538.24,109.28,176.82,190.77,103.19,136.21,289.26,123.19,197.98,293.97,2863.18,1519.86,444.92,66.64,230.59,905.07,361.33,229.53,268.79,464.41,221.12,103.14,3168.29,242.14,95.4,132.87,40.29,59.12,99.8,281.39
20260824,12:00:10,45008.11,40370.22,24226.99,16211.97,123.55,1943.55,313.17,484.23,538.24,109.28,176.83,190.78,103.19,136.21,289.26,123.21,197.98,293.96,2863.2,1519.83,444.92,66.65,230.71,905.08,361.35,229.53,268.79,464.4,221.09,103.14,3168.06,242.14,95.4,132.87,40.29,59.12,99.8,281.39
20260824,12:00:15,45010.86,40372.89,24228.47,16213.67,123.55,1943.55,313.17,484.22,538.13,109.28,176.84,190.84,103.19,136.21,289.26,123.21,197.98,293.96,2863.38,1519.85,444.93,66.65,230.89,905.28,361.35,229.53,268.79,464.4,221.09,103.14,3168.06,242.14,95.63,132.87,40.29,59.12,99.8,281.39
20260824,12:00:20,44971.93,40334.4,24229.54,16213.01,123.42,1943.55,313.11,484.21,538.18,109.28,176.85,190.86,103.19,136.21,289.26,123.21,197.98,293.96,2860.29,1517.42,444.91,66.65,230.91,905.41,361.35,229.53,268.8,464.39,221.09,103.14,3168.57,242.14,95.63,132.87,40.29,59.12,99.8,281.39
20260824,12:00:25,44976.06,40338.09,24229.81,16212.23,123.55,1943.51,313.1,484.21,538.21,109.36,176.85,190.86,103.19,136.21,289.26,123.21,197.98,293.96,2860.61,1517.47,444.87,66.66,231.16,905.41,361.35,229.53,269.12,464.4,220.94,103.14,3168.87,242.14,95.63,132.87,40.29,59.12,99.8,281.39
20260824,12:00:30,44976.13,40337.5,24227.56,16207.42,123.55,1942.1,312.56,484.21,538.21,109.36,176.84,190.82,103.19,136.21,289.26,123.21,197.98,293.96,2860.67,1517.43,444.77,66.66,231.16,905.79,361.35,229.53,269.12,464.4,220.91,103.14,3169.47,242.14,95.63,132.87,40.29,59.12,99.8,281.42
20260824,12:00:35,44978.96,40340.52,24231.77,16213.12,123.55,1942.1,313.1,484.21,538.28,109.36,176.84,190.82,103.19,136.21,289.26,123.32,197.98,293.98,2860.78,1517.43,444.73,66.66,230.91,906.26,361.67,229.53,269.12,464.4,220.91,103.14,3169.24,242.46,95.63,132.87,40.28,59.12,99.8,281.47
20260824,12:00:40,44976.43,40338.48,24231.32,16214.04,123.61,1942.1,313.1,483.96,538.26,109.28,176.84,190.82,103.19,136.21,289.26,123.33,197.98,293.98,2860.59,1517.29,444.73,66.66,230.91,906.26,361.67,229.28,269.12,464.4,221.05,103.14,3168.85,242.46,95.63,132.87,40.28,59.12,99.8,281.47
20260824,12:00:45,44975.14,40337.25,24231.16,16213.95,123.61,1942.1,313.18,483.96,538.26,109.28,176.84,190.82,103.19,136.22,289.26,123.21,197.98,294.02,2860.5,1517.42,444.62,66.66,230.91,906.15,361.67,229.28,268.81,464.4,221.05,103.15,3168.82,242.46,95.63,132.87,40.28,59.12,99.8,281.47
20260824,12:00:50,44974.5,40336.15,24231.33,16212.55,123.61,1942.47,313.19,483.96,538.26,109.28,176.84,190.83,103.19,136.22,289.26,123.19,197.98,294.02,2860.44,1517.37,444.63,66.68,230.91,906.12,361.67,229.28,268.81,464.4,220.89,103.15,3169.25,242.46,95.63,132.87,40.28,59.12,99.8,281.47
20260824,12:00:55,44971.78,40333.35,24231.84,16212.63,123.61,1942.47,313.19,483.96,538.26,109.28,176.84,190.82,103.19,136.22,289.26,123.19,197.98,294.02,2860.21,1517.24,444.55,66.68,230.79,906.15,361.67,229.28,268.82,464.43,220.89,103.15,3169.4,242.46,95.63,132.87,40.28,59.12,99.8,281.47
20260824,12:01:00,45016.09,40376.45,24233.04,16213.76,123.61,1942.47,313.19,483.96,538.26,109.28,176.84,190.82,103.19,136.22,289.26,123.19,197.94,294.02,2863.66,1519.8,444.67,66.66,230.79,906.34,361.67,229.28,268.82,464.42,221.03,103.15,3169.46,242.48,95.63,132.87,40.28,59.12,99.8,281.42
20260824,12:01:05,45013.23,40373.66,24232.86,16213.55,123.61,1942.1,313.19,483.96,538.22,109.28,176.85,190.86,103.19,136.22,289.26,123.21,197.94,294.02,2863.44,1519.85,444.46,66.67,230.79,905.9,361.66,229.28,268.82,464.42,221.01,103.15,3169.46,242.48,95.63,132.87,40.28,59.12,99.8,281.42
20260824,12:01:10,45010.92,40371.96,24231.01,16213.26,123.61,1942.1,313.19,483.93,538.22,109.28,176.83,190.8,103.19,136.22,289.26,123.21,197.94,294.02,2863.31,1519.73,444.45,66.67,230.88,905.9,361.66,229.28,268.81,464.42,221.02,103.15,3168.96,242.48,95.63,132.87,40.28,59.1,99.8,281.42
20260824,12:01:15,45011.84,40373.35,24229.53,16213.19,123.48,1942.1,313.19,484.01,538.23,109.28,176.84,190.84,103.19,136.22,289.26,123.21,197.94,294.02,2863.42,1519.73,444.46,66.68,231.13,905.89,361.66,229.28,268.82,464.42,221.03,103.15,3168.52,242.48,95.63,132.87,40.28,59.1,99.8,281.42
20260824,12:01:20,45010.92,40372.46,24230.44,16214.3,123.61,1942.1,313.11,484.01,538.21,109.28,176.85,190.88,103.19,136.22,289.26,123.33,197.94,294.02,2863.33,1519.66,444.45,66.68,231.13,905.89,361.6,229.28,268.82,464.41,221.08,103.15,3168.5,242.48,95.63,132.87,40.28,59.09,99.8,281.42
20260824,12:01:25,45011.19,40371.87,24233.0,16214.37,123.61,1942.1,313.11,484.01,538.23,109.28,176.86,190.88,103.19,136.22,289.38,123.33,197.94,294.02,2863.28,1519.66,444.45,66.69,230.95,905.91,361.6,229.28,268.82,464.37,221.08,103.15,3169.28,242.48,95.63,132.87,40.28,59.09,99.8,281.42
20260824,12:01:30,45011.33,40372.03,24232.63,16214.02,123.61,1942.1,313.11,484.01,538.23,109.27,176.86,190.88,103.19,136.22,289.38,123.34,197.94,294.02,2863.3,1519.71,444.38,66.69,230.95,905.88,361.6,229.28,268.82,464.37,221.04,103.15,3169.26,242.48,95.63,132.84,40.28,59.1,99.8,281.42
20260824,12:01:35,45013.05,40373.28,24233.73,16213.85,123.61,1942.1,313.11,483.93,538.23,109.27,176.86,190.88,103.19,136.22,289.38,123.33,197.94,294.02,2863.4,1519.84,444.38,66.68,230.83,905.88,361.59,229.28,268.81,464.37,221.04,103.15,3169.65,242.48,95.63,132.84,40.28,59.1,99.8,281.42
20260824,12:01:40,45009.32,40371.07,24229.82,16214.12,123.48,1941.64,313.11,483.93,538.31,109.27,176.86,190.88,103.19,136.43,289.38,123.33,197.94,294.02,2863.22,1519.68,444.47,66.66,230.95,905.78,361.6,229.28,268.81,464.37,221.08,103.15,3168.36,242.48,95.63,132.86,40.28,59.1,99.8,281.39
20260824,12:01:45,44973.03,40334.97,24226.42,16207.71,123.49,1941.64,312.57,483.93,538.18,109.27,176.86,190.88,103.19,136.43,289.38,123.21,197.94,294.02,2860.46,1517.39,444.57,66.66,230.95,905.78,361.6,229.28,269.13,464.35,221.07,103.1,3169.03,242.48,95.51,132.84,40.28,59.1,99.8,281.39
20260824,12:01:50,44972.0,40333.94,24231.39,16213.38,123.49,1941.64,313.2,483.94,538.18,109.27,176.86,190.88,103.19,136.43,289.38,123.2,197.94,294.02,2860.24,1517.28,444.57,66.67,230.71,905.81,361.6,229.28,269.12,464.34,221.08,103.1,3169.05,242.48,95.63,132.84,40.28,59.1,99.8,281.39
20260824,12:01:55,44971.12,40333.04,24230.14,16211.8,123.49,1941.64,313.2,483.94,538.17,109.27,176.86,190.88,103.19,136.43,289.38,123.2,197.94,294.02,2860.21,1517.41,444.59,66.65,230.71,905.74,361.6,229.28,268.81,464.34,221.07,103.1,3169.09,242.15,95.51,132.84,40.28,59.1,99.8,281.38
20260824,12:02:00,44966.73,40327.68,24234.15,16212.78,123.36,1941.64,313.28,483.94,538.17,109.27,176.85,190.85,103.19,136.43,289.38,123.21,197.94,294.02,2859.75,1517.3,444.56,66.66,230.71,905.0,361.6,229.28,268.81,464.34,221.07,103.1,3170.07,242.15,95.63,132.84,40.28,59.08,99.8,281.38
20260824,12:02:05,44969.09,40330.36,24232.91,16212.64,123.36,1941.64,313.2,483.94,538.17,109.35,176.86,190.88,103.19,136.43,289.38,123.2,197.98,294.02,2859.97,1517.46,444.57,66.67,230.71,904.99,361.6,229.53,268.81,464.34,221.19,103.1,3169.73,242.15,95.51,132.84,40.28,59.08,99.8,281.38
20260824,12:02:10,44966.08,40327.77,24228.63,16208.84,123.49,1941.64,312.65,483.94,538.2,109.27,176.87,190.92,103.19,136.43,289.38,123.21,197.98,294.02,2859.86,1517.47,444.55,66.67,230.59,904.84,361.6,229.53,268.81,464.34,221.23,103.1,3169.42,242.15,95.51,132.64,40.28,59.08,99.8,281.38
20260824,12:02:15,44970.24,40332.05,24229.02,16210.05,123.49,1941.64,312.65,483.94,538.2,109.27,176.87,190.92,103.19,136.43,289.38,123.21,197.98,294.02,2860.17,1517.69,444.5,66.66,230.71,904.84,361.6,229.53,268.81,464.39,221.23,103.1,3169.21,242.15,95.63,132.64,40.28,59.1,99.8,281.38
20260824,12:02:20,44972.36,40333.52,24229.81,16208.99,123.49,1941.64,312.57,483.94,538.05,109.27,176.87,190.92,103.2,136.43,289.38,123.21,197.98,294.02,2860.32,1517.68,444.52,66.66,230.7,904.81,361.6,229.53,269.12,464.4,221.23,103.1,3169.75,242.15,95.63,132.64,40.28,59.1,99.8,281.38
20260824,12:02:25,44970.6,40332.03,24229.27,16209.1,123.55,1941.64,312.65,483.94,538.11,109.27,176.87,190.92,103.2,136.43,289.38,123.21,197.98,294.02,2860.19,1517.58,444.52,66.66,230.72,904.81,361.6,229.53,269.12,464.46,221.23,103.1,3169.55,242.15,95.51,132.64,40.28,59.1,99.8,281.38
20260824,12:02:30,44966.46,40328.0,24231.7,16211.91,123.55,1941.64,313.19,483.94,538.05,109.27,176.87,190.92,103.2,136.43,289.26,123.21,197.98,294.02,2859.8,1517.28,444.52,66.67,230.72,904.77,361.6,229.53,269.13,464.47,221.13,103.1,3169.55,242.15,95.51,132.64,40.28,59.1,99.8,281.38
20260824,12:02:35,44960.55,40322.64,24229.73,16210.99,123.42,1941.64,313.19,483.94,538.05,109.27,176.86,190.89,103.2,136.43,289.26,123.21,197.98,294.02,2859.39,1516.97,444.49,66.67,230.72,904.8,361.58,229.53,269.13,464.42,221.11,103.1,3169.18,242.2,95.51,132.6,40.28,59.1,99.8,281.33
20260824,12:02:40,44956.39,40319.17,24224.68,16207.11,123.42,1942.1,312.65,483.94,538.05,109.27,176.86,190.85,103.2,136.43,289.26,123.21,197.98,294.01,2859.2,1516.96,444.63,66.67,230.6,904.76,361.58,229.53,268.81,464.42,221.11,103.12,3168.66,242.2,95.51,132.6,40.28,59.1,99.8,281.33
20260824,12:02:45,44962.75,40324.52,24230.64,16211.15,123.42,1942.14,313.19,483.82,538.05,109.27,176.86,190.85,103.2,136.43,289.26,123.2,197.94,294.23,2859.54,1517.23,444.59,66.66,230.6,904.79,361.58,229.53,268.8,464.42,221.08,103.12,3169.42,242.2,95.51,132.6,40.28,59.1,99.8,281.33
20260824,12:02:50,44962.8,40324.16,24233.72,16213.3,123.42,1942.14,313.19,483.82,538.11,109.27,176.86,190.85,103.2,136.22,289.26,123.2,197.94,294.23,2859.46,1517.2,444.48,66.66,230.61,904.8,361.58,229.53,268.8,464.42,221.22,103.12,3169.8,242.2,95.51,132.6,40.28,59.1,99.8,281.64
20260824,12:02:55,44966.77,40328.19,24234.55,16214.83,123.42,1942.14,313.28,483.82,538.11,109.27,176.86,190.86,103.2,136.22,289.26,123.2,198.13,294.23,2859.75,1517.2,444.42,66.65,230.61,905.54,361.58,229.53,268.82,464.42,221.28,103.12,3169.64,242.2,95.51,132.6,40.28,59.11,99.8,281.63
20260824,12:03:00,44965.96,40327.9,24232.59,16214.24,123.42,1942.14,313.28,483.57,538.11,109.27,176.87,190.9,103.2,136.22,289.26,123.2,198.13,294.23,2859.74,1517.18,444.42,66.66,230.61,905.54,361.6,229.53,268.81,464.43,221.23,103.11,3169.19,242.2,95.51,132.53,40.28,59.14,99.8,281.66
20260824,12:03:05,44968.21,40329.32,24230.89,16209.7,123.48,1943.55,312.65,483.57,538.0,109.19,176.86,190.87,103.2,136.22,289.26,123.2,198.13,294.23,2859.96,1517.2,444.42,66.66,230.72,905.53,361.6,229.53,269.12,464.43,221.23,103.11,3169.89,242.2,95.51,132.53,40.28,59.14,99.8,281.66
20260824,12:03:10,44965.79,40327.0,24231.15,16210.11,123.61,1943.55,312.65,483.69,538.0,109.19,176.86,190.87,103.2,136.22,289.26,123.2,198.13,294.23,2859.76,1517.32,444.45,66.66,230.61,904.8,361.45,229.53,269.13,464.39,221.23,103.11,3169.86,242.2,95.51,132.53,40.28,59.14,99.8,281.66
20260824,12:03:15,45010.78,40370.63,24235.37,16214.27,123.61,1943.55,313.19,483.69,538.0,109.19,176.86,190.87,103.2,136.22,289.38,123.2,198.13,294.23,2863.18,1519.79,444.44,66.66,230.61,905.29,361.45,229.53,269.12,464.46,221.23,103.11,3170.05,242.2,95.51,132.53,40.28,59.14,99.8,281.66
20260824,12:03:20,45002.86,40363.07,24234.07,16213.31,123.48,1943.55,313.19,483.69,538.0,109.19,176.88,190.87,103.21,136.22,289.38,123.21,198.13,294.23,2862.59,1519.62,444.44,66.65,230.61,904.85,361.45,229.53,268.81,464.46,221.12,103.11,3169.91,242.2,95.51,132.59,40.28,59.14,99.8,281.66
20260824,12:03:25,45006.42,40364.93,24236.25,16210.44,123.48,1943.55,312.65,483.69,538.0,109.19,176.88,190.87,103.21,136.21,289.38,123.21,198.13,294.23,2862.81,1519.79,444.45,66.65,230.61,904.84,361.45,229.53,268.81,464.45,221.23,103.1,3171.37,242.2,95.51,132.61,40.28,59.14,99.8,281.66
20260824,12:03:30,44967.15,40326.94,24236.33,16211.46,123.48,1943.55,312.65,483.69,538.0,109.19,176.88,190.88,103.21,136.21,289.56,123.21,198.13,294.23,2859.73,1517.32,444.44,66.64,230.86,904.52,361.45,229.53,269.12,464.44,221.22,103.1,3171.11,242.2,95.63,132.59,40.28,59.16,99.8,281.66
20260824,12:03:35,45008.12,40366.78,24240.17,16215.61,123.48,1943.55,313.19,483.69,537.64,109.19,176.88,190.88,103.21,136.21,289.56,123.34,198.13,294.46,2862.84,1519.69,444.44,66.65,230.86,904.62,361.39,229.28,269.12,464.45,221.22,103.1,3171.19,242.2,95.63,132.59,40.28,59.16,99.8,281.66
20260824,12:03:40,45008.85,40367.26,24236.94,16211.11,123.48,1943.55,312.57,483.69,537.66,109.19,176.88,190.88,103.21,136.2,289.56,123.34,198.13,294.46,2862.98,1519.8,444.44,66.65,230.86,904.62,361.39,229.28,269.12,464.39,221.22,103.1,3171.4,242.2,95.63,132.59,40.28,59.16,99.8,281.68
20260824,12:03:45,45005.21,40363.99,24239.53,16214.99,123.48,1943.55,313.12,483.7,537.66,109.19,176.89,190.91,103.21,136.2,289.56,123.34,198.13,294.46,2862.63,1519.65,444.44,66.66,230.86,904.62,361.4,229.28,268.81,464.42,221.19,103.1,3171.15,242.2,95.63,132.6,40.28,59.16,99.8,281.68
20260824,12:03:50,45005.88,40363.97,24241.84,16215.4,123.61,1943.55,313.12,483.7,537.64,109.19,176.9,190.95,103.21,136.2,289.56,123.34,198.13,294.46,2862.62,1519.64,444.5,66.66,230.61,904.74,361.39,229.28,268.82,464.42,221.19,103.1,3171.76,242.2,95.63,132.6,40.28,59.16,99.8,281.69
20260824,12:03:55,45006.39,40364.16,24243.38,16216.17,123.61,1943.55,313.2,483.7,537.71,109.19,176.9,190.97,103.21,136.2,289.56,123.34,198.13,294.46,2862.61,1519.59,444.65,66.67,230.61,904.73,361.39,229.28,268.82,464.42,221.19,103.1,3172.04,242.2,95.63,132.6,40.28,59.16,99.8,281.69
20260824,12:04:00,45009.04,40366.99,24241.97,16215.36,123.48,1943.55,313.12,483.7,537.71,109.19,176.9,190.97,103.21,136.2,289.56,123.34,198.13,294.46,2862.86,1519.65,444.65,66.66,230.61,904.75,361.39,229.28,269.13,464.42,221.2,103.1,3171.82,242.2,95.63,132.6,40.28,59.16,99.8,281.69
20260824,12:04:05,45009.66,40367.01,24240.7,16211.92,123.48,1943.55,312.58,483.7,537.71,109.27,176.9,190.97,103.21,136.2,289.56,123.31,198.13,294.46,2862.94,1519.69,444.62,66.65,230.75,904.75,361.39,229.28,269.13,464.42,221.25,103.1,3172.35,242.2,95.63,132.61,40.28,59.15,99.8,281.69
20260824,12:04:10,45004.18,40362.26,24239.38,16212.4,123.49,1943.55,312.58,483.7,537.71,109.27,176.9,190.97,103.21,136.2,289.56,123.31,198.1,294.46,2862.55,1519.6,444.63,66.65,230.75,904.49,361.39,229.28,268.82,464.42,221.28,103.1,3171.81,242.2,95.63,132.61,40.28,59.17,99.8,281.69
20260824,12:04:15,45006.96,40365.24,24243.26,16217.78,123.49,1943.55,313.12,483.7,537.71,109.27,176.9,190.97,103.21,136.2,289.56,123.31,198.1,294.49,2862.66,1519.73,444.64,66.65,230.63,904.48,361.21,229.28,268.82,464.42,221.43,103.1,3171.56,242.2,95.63,132.61,40.28,59.15,99.8,281.69
20260824,12:04:20,45006.84,40364.84,24243.99,16217.68,123.36,1943.55,313.12,483.7,537.74,109.19,176.91,190.97,103.21,136.41,289.56,123.31,198.1,294.49,2862.63,1519.67,444.75,66.65,230.63,904.48,361.21,229.28,268.82,464.44,221.44,103.1,3171.82,242.2,95.63,132.61,40.28,59.15,99.8,281.69
20260824,12:04:25,45010.52,40367.81,24246.08,16218.01,123.36,1943.55,313.12,483.95,537.76,109.19,176.91,190.97,103.21,136.41,289.56,123.31,198.1,294.49,2862.86,1519.64,444.74,66.65,230.88,904.9,361.22,229.28,268.82,464.44,221.44,103.1,3172.38,242.2,95.63,132.61,40.28,59.15,99.8,281.69
20260824,12:04:30,45010.17,40367.44,24246.74,16218.65,123.36,1943.55,313.12,483.95,537.9,109.19,176.9,190.95,103.21,136.41,289.42,123.31,198.1,294.49,2862.82,1519.74,444.74,66.65,230.63,904.71,361.22,229.28,268.82,464.44,221.47,103.1,3172.41,242.2,95.63,132.61,40.28,59.15,99.8,281.69
20260824,12:04:35,45006.43,40364.49,24245.2,16219.23,123.36,1943.55,313.12,483.94,538.13,109.19,176.89,190.93,103.21,136.41,289.42,123.34,198.1,294.48,2862.57,1519.7,444.74,66.65,230.63,904.25,361.22,229.28,268.82,464.5,221.43,103.1,3171.77,242.2,95.63,132.61,40.28,59.15,99.8,281.71
20260824,12:04:40,45008.23,40365.8,24245.49,16218.09,123.36,1943.55,313.21,483.94,538.16,109.27,176.91,190.98,103.21,136.41,289.42,123.34,198.1,294.48,2862.7,1519.7,444.74,66.65,230.63,904.54,361.22,229.28,268.82,464.5,221.3,103.1,3172.18,242.2,95.51,132.6,40.28,59.15,99.8,281.71
20260824,12:04:45,45008.11,40365.41,24246.03,16217.76,123.36,1943.55,313.21,483.69,538.2,109.19,176.9,190.98,103.21,136.2,289.42,123.34,198.1,294.5,2862.67,1519.71,444.61,66.65,230.63,904.59,361.22,229.28,268.81,464.5,221.34,103.1,3172.44,242.2,95.51,132.58,40.28,59.15,99.8,281.71
20260824,12:04:50,45006.05,40364.06,24243.2,16216.71,123.35,1943.55,313.12,483.69,538.2,109.19,176.91,190.99,103.21,136.2,289.42,123.34,198.1,294.5,2862.59,1519.67,444.61,66.65,230.63,904.55,361.22,229.28,268.81,464.5,221.29,103.1,3171.83,242.2,95.51,132.58,40.28,59.15,99.8,281.7
20260824,12:04:55,44969.92,40328.85,24243.83,16217.44,123.35,1943.55,313.12,483.69,538.21,109.21,176.91,190.99,103.21,136.2,289.42,123.34,198.1,294.5,2859.74,1517.37,444.61,66.65,230.63,904.44,361.22,229.28,269.13,464.57,221.35,103.1,3171.83,242.2,95.51,132.58,40.28,59.15,99.8,281.7
20260824,12:05:00,44967.4,40326.58,24242.71,16216.75,123.35,1943.55,313.21,483.69,538.21,109.21,176.91,190.99,103.21,136.21,289.42,123.34,197.98,294.5,2859.57,1517.25,444.61,66.65,230.63,904.43,361.22,229.28,269.13,464.62,221.21,103.1,3171.67,242.2,95.51,132.58,40.28,59.15,99.8,281.7
20260824,12:05:05,45005.29,40363.56,24244.11,16218.56,123.48,1943.55,313.21,483.7,538.25,109.21,176.91,190.99,103.21,136.21,289.42,123.34,197.98,294.51,2862.51,1519.59,444.62,66.65,230.63,904.57,361.22,229.28,268.81,464.59,221.37,103.1,3171.62,242.2,95.51,132.58,40.28,59.13,99.8,281.7
20260824,12:05:10,45008.5,40365.86,24247.47,16219.7,123.48,1943.55,313.21,483.7,538.25,109.19,176.91,190.99,103.21,136.21,289.42,123.34,197.98,294.51,2862.66,1519.61,444.62,66.65,230.99,904.57,361.22,229.28,268.81,464.68,221.37,103.1,3172.36,242.2,95.63,132.58,40.28,59.13,99.8,281.7
20260824,12:05:15,45011.62,40369.56,24244.53,16218.48,123.48,1943.55,313.21,483.7,538.21,109.19,176.89,190.93,103.21,136.21,289.42,123.3,197.98,294.51,2862.99,1519.79,444.6,66.65,230.87,904.56,360.9,229.28,269.12,464.62,221.31,103.1,3171.77,242.2,95.63,132.58,40.28,59.13,99.8,281.7
20260824,12:05:20,45009.24,40367.22,24244.75,16218.68,123.35,1943.55,313.21,483.7,538.23,109.19,176.9,190.93,103.22,136.21,289.42,123.3,197.98,294.51,2862.8,1519.62,444.6,66.65,230.87,904.56,361.22,229.28,269.13,464.62,221.36,103.1,3171.78,242.2,95.63,132.58,40.28,59.13,99.8,281.7
20260824,12:05:25,44970.47,40329.28,24246.55,16220.25,123.35,1943.55,313.3,483.7,538.54,109.19,176.89,190.93,103.21,136.21,289.42,123.34,197.98,294.51,2859.7,1517.3,444.62,66.66,230.62,904.56,361.22,229.28,269.13,464.61,221.33,103.1,3171.92,242.2,95.63,132.59,40.28,59.13,99.8,281.7
20260824,12:05:30,44969.19,40327.5,24247.81,16219.86,123.35,1943.55,313.3,483.95,538.54,109.19,176.89,190.93,103.21,136.21,289.42,123.34,197.98,294.51,2859.57,1517.35,444.62,66.64,230.62,904.52,361.22,229.28,268.81,464.61,221.36,103.1,3172.42,242.2,95.51,132.59,40.28,59.13,99.8,281.69
20260824,12:05:35,44967.46,40327.34,24244.08,16220.69,123.35,1943.63,313.3,483.82,538.54,109.21,176.88,190.91,103.21,136.21,289.42,123.34,197.98,294.51,2859.54,1517.31,444.63,66.65,230.62,904.52,361.23,229.28,268.82,464.61,221.48,103.08,3171.03,242.14,95.51,132.59,40.28,59.13,99.8,281.69
20260824,12:05:40,44972.01,40331.06,24246.3,16220.86,123.48,1943.63,313.3,483.82,538.54,109.22,176.88,190.9,103.21,136.21,289.42,123.34,197.98,294.51,2859.83,1517.42,444.63,66.65,230.63,904.5,361.17,229.28,269.13,464.61,221.36,103.08,3171.68,242.14,95.63,132.59,40.28,59.13,99.8,281.69
20260824,12:05:45,44973.13,40332.0,24244.67,16218.46,123.48,1943.63,313.21,483.82,538.54,109.22,176.88,190.88,103.21,136.21,289.42,123.34,197.96,294.51,2859.97,1517.36,444.67,66.65,230.63,904.96,361.17,229.28,269.13,464.61,221.18,103.08,3171.82,242.14,95.63,132.59,40.28,59.13,99.8,281.7
20260824,12:05:50,45010.94,40369.23,24244.16,16219.19,123.48,1943.63,313.3,483.82,538.54,109.22,176.88,190.88,103.21,136.21,289.42,123.34,197.96,294.51,2862.95,1519.82,444.66,66.65,230.62,904.47,361.17,229.28,269.13,464.61,221.18,103.08,3171.46,242.27,95.63,132.56,40.28,59.13,99.8,281.7
20260824,12:05:55,45008.11,40366.71,24243.02,16218.66,123.48,1943.63,313.23,483.9,538.54,109.2,176.87,190.85,103.21,136.21,289.42,123.34,197.96,294.51,2862.76,1519.77,444.66,66.63,230.74,904.49,361.41,229.28,268.81,464.61,221.18,103.08,3171.25,242.27,95.63,132.56,40.28,59.13,99.8,281.7
20260824,12:06:00,45009.2,40367.92,24240.14,16215.87,123.48,1943.41,312.67,483.9,538.54,109.2,176.87,190.85,103.21,136.21,289.42,123.34,197.96,294.54,2862.92,1519.77,444.75,66.63,230.74,904.95,361.17,229.28,268.72,464.63,221.32,103.08,3171.11,242.27,95.63,132.52,40.28,59.13,99.8,281.7
20260824,12:06:05,45012.56,40370.54,24241.94,16215.74,123.48,1943.41,312.66,483.9,538.54,109.2,176.87,190.85,103.21,136.21,289.42,123.34,197.96,294.54,2863.14,1519.83,444.86,66.62,230.98,904.95,361.17,229.28,268.72,464.63,221.32,103.08,3171.7,242.27,95.63,132.52,40.28,59.13,99.71,281.7
20260824,12:06:10,45010.87,40368.89,24242.25,16216.1,123.48,1943.41,312.66,483.9,538.61,109.2,176.88,190.87,103.21,136.22,289.42,123.34,197.96,294.54,2863.0,1519.83,444.87,66.6,230.73,904.93,360.84,229.28,268.71,464.63,221.32,103.08,3171.7,242.27,95.63,132.52,40.28,59.13,99.71,281.73
20260824,12:06:15,45012.66,40370.4,24242.56,16215.65,123.48,1943.41,312.66,483.9,538.61,109.2,176.84,190.87,103.19,136.22,289.42,123.34,198.04,294.54,2863.13,1519.87,444.88,66.63,230.72,904.98,361.17,229.28,268.72,464.57,221.32,103.08,3171.92,242.27,95.63,132.52,40.28,59.13,99.71,281.72
20260824,12:06:20,45008.28,40366.6,24244.8,16219.8,123.54,1943.41,313.21,484.1,538.61,109.2,176.84,190.85,103.19,136.22,289.42,123.34,198.04,294.54,2862.72,1519.72,444.87,66.62,230.73,904.52,361.17,229.28,268.72,464.57,221.35,103.09,3171.5,241.95,95.63,132.52,40.28,59.13,99.71,281.72
20260824,12:06:25,45008.89,40366.51,24246.59,16219.55,123.54,1943.41,313.2,484.03,538.61,109.2,176.85,190.87,103.19,136.22,289.24,123.34,198.04,294.54,2862.72,1519.71,444.87,66.62,230.79,904.51,361.17,229.28,268.7,464.57,221.34,103.09,3172.12,241.95,95.63,132.52,40.28,59.13,99.71,281.72
20260824,12:06:30,44970.16,40328.25,24247.89,16219.32,123.54,1943.41,313.13,484.03,538.55,109.2,176.85,190.91,103.19,136.22,289.24,123.34,198.06,294.54,2859.64,1517.29,444.87,66.63,230.91,904.53,361.17,229.28,268.7,464.57,221.38,103.09,3172.59,241.95,95.63,132.52,40.28,59.13,99.71,281.74
20260824,12:06:35,44968.96,40329.61,24241.55,16220.46,123.54,1943.41,313.21,484.03,538.47,109.2,176.85,190.89,103.19,136.22,289.18,123.34,198.06,294.54,2859.72,1517.35,444.87,66.64,230.91,904.53,361.17,229.28,268.7,464.61,221.43,103.09,3170.3,242.27,95.63,132.51,40.28,59.13,99.61,281.74
20260824,12:06:40,44966.57,40328.34,24234.73,16216.17,123.54,1943.41,312.66,484.03,538.47,109.2,176.85,190.9,103.19,136.22,289.18,123.34,198.06,294.54,2859.73,1517.28,444.78,66.63,230.91,904.46,361.17,229.28,269.01,464.61,221.39,103.09,3169.33,242.27,95.63,132.51,40.28,59.13,99.61,281.74
20260824,12:06:45,44963.44,40324.74,24238.29,16218.42,123.54,1943.41,313.21,484.03,538.56,109.2,176.84,190.85,103.19,136.22,289.18,123.34,198.09,294.54,2859.38,1517.19,444.78,66.64,230.73,904.46,361.17,229.28,268.7,464.61,221.28,103.09,3169.84,242.26,95.52,132.53,40.28,59.13,99.61,281.74
20260824,12:06:50,44965.57,40326.06,24240.01,16217.88,123.54,1943.41,313.21,483.77,538.56,109.2,176.83,190.81,103.19,136.22,289.18,123.34,198.09,294.53,2859.5,1517.22,444.78,66.63,230.96,904.46,361.17,229.28,268.7,464.62,221.27,103.09,3170.52,242.26,95.52,132.53,40.29,59.11,99.61,281.74
20260824,12:06:55,44972.11,40332.43,24241.25,16219.3,123.54,1943.41,313.21,483.77,538.56,109.2,176.84,190.86,103.19,136.2,289.18,123.34,198.09,294.53,2859.98,1517.38,444.77,66.64,230.84,904.57,361.16,229.28,269.2,464.62,221.41,103.09,3170.52,242.26,95.52,132.53,40.29,59.11,99.61,281.74
20260824,12:07:00,44968.05,40328.38,24242.55,16220.47,123.41,1943.41,313.21,483.66,538.56,109.2,176.85,190.86,103.19,136.2,289.18,123.34,198.17,294.53,2859.62,1517.22,444.77,66.64,230.84,904.57,361.41,229.28,268.89,464.62,221.55,103.09,3170.61,242.26,95.52,132.53,40.29,59.13,99.61,281.74
20260824,12:07:05,44970.04,40330.73,24241.71,16220.89,123.54,1943.41,313.21,483.66,538.61,109.22,176.84,190.86,103.19,136.2,289.18,123.34,198.31,294.53,2859.8,1517.36,444.77,66.65,230.84,904.54,361.47,229.28,268.89,464.68,221.53,103.09,3170.23,242.19,95.52,132.53,40.29,59.13,99.61,281.74
20260824,12:07:10,44966.01,40327.75,24239.45,16221.46,123.41,1943.41,313.21,483.66,538.61,109.22,176.84,190.85,103.19,136.2,289.18,123.34,198.35,294.53,2859.55,1517.27,444.77,66.64,230.6,904.45,361.47,229.28,268.89,464.68,221.53,103.09,3169.38,242.19,95.64,132.53,40.29,59.13,99.61,281.74
20260824,12:07:15,44966.08,40327.81,24237.42,16219.12,123.35,1943.41,313.13,483.7,538.61,109.3,176.84,190.85,103.19,136.2,289.18,123.34,198.35,294.53,2859.61,1517.28,444.76,66.64,230.6,904.57,361.47,229.28,268.89,464.68,221.53,103.09,3169.38,242.19,95.52,132.53,40.29,59.12,99.61,281.43
20260824,12:07:20,44967.14,40327.52,24238.48,16215.91,123.35,1943.41,312.67,483.7,538.64,109.3,176.84,190.85,103.19,136.2,289.18,123.22,198.35,294.53,2859.67,1517.35,444.67,66.64,230.6,904.57,361.47,229.28,268.89,464.68,221.52,103.09,3170.58,242.19,95.64,132.53,40.29,59.12,99.61,281.42
20260824,12:07:25,45009.35,40368.73,24241.59,16219.73,123.35,1943.41,313.22,483.87,538.64,109.3,176.83,190.85,103.18,136.2,289.18,123.19,198.31,294.53,2862.89,1519.74,444.65,66.64,230.6,904.53,361.15,229.28,269.21,464.68,221.52,103.09,3170.51,242.19,95.52,132.53,40.29,59.12,99.61,281.72
20260824,12:07:30,45013.01,40369.8,24250.19,16221.29,123.48,1943.41,313.3,483.87,538.69,109.3,176.83,190.85,103.18,136.2,289.18,123.19,198.35,294.52,2862.94,1519.76,444.65,66.63,230.61,904.6,361.15,229.28,269.21,464.69,221.56,103.09,3172.78,242.19,95.52,132.53,40.29,59.12,99.61,281.74
20260824,12:07:35,44973.07,40330.65,24247.47,16217.37,123.48,1943.41,312.75,483.9,538.69,109.3,176.84,190.88,103.18,136.2,289.18,123.19,198.35,294.52,2859.88,1517.56,444.63,66.63,230.61,904.54,361.13,229.28,268.9,464.69,221.56,103.09,3172.99,242.19,95.52,132.53,40.29,59.12,99.61,281.72
20260824,12:07:40,44971.6,40330.05,24245.25,16217.59,123.36,1943.41,312.75,483.9,538.69,109.3,176.85,190.9,103.18,136.2,289.18,123.19,198.35,294.52,2859.83,1517.44,444.63,66.64,230.86,904.54,361.13,229.28,268.91,464.75,221.6,103.09,3172.24,242.19,95.52,132.53,40.29,59.12,99.61,281.72
20260824,12:07:45,44972.98,40330.76,24250.05,16221.02,123.35,1943.41,313.21,483.9,538.72,109.3,176.84,190.89,103.18,136.41,289.18,123.2,198.35,294.52,2859.8,1517.44,444.55,66.64,230.86,904.54,361.31,229.28,268.91,464.75,221.59,103.09,3172.8,242.19,95.52,132.53,40.25,59.12,99.61,281.72
20260824,12:07:50,44971.45,40329.3,24249.19,16220.12,123.35,1943.45,313.21,484.02,538.72,109.3,176.85,190.9,103.18,136.41,289.18,123.21,198.35,294.52,2859.71,1517.44,444.55,66.63,230.61,904.53,361.31,229.28,268.91,464.77,221.46,103.09,3172.78,242.19,95.52,132.53,40.25,59.12,99.61,281.74
20260824,12:07:55,44975.24,40332.77,24252.42,16223.07,123.48,1943.45,313.3,484.08,538.72,109.22,177.04,190.9,103.34,136.41,289.18,123.21,198.35,294.52,2859.92,1517.36,444.64,66.63,230.63,905.17,361.31,229.28,268.91,464.77,221.46,103.09,3172.99,242.19,95.52,132.54,40.25,59.12,99.61,281.72
20260824,12:08:00,44974.45,40332.29,24248.76,16219.85,123.35,1943.45,312.75,484.08,538.72,109.22,177.04,190.91,103.34,136.41,289.18,123.21,198.35,294.52,2859.96,1517.52,444.66,66.63,230.63,904.74,361.63,229.28,268.89,464.79,221.58,103.09,3172.72,242.19,95.51,132.54,40.29,59.1,99.61,281.73
20260824,12:08:05,44977.04,40334.1,24254.57,16224.13,123.48,1943.45,313.21,484.08,538.72,109.2,177.04,190.91,103.34,136.62,289.18,123.21,198.28,294.52,2860.0,1517.45,444.57,66.63,230.63,904.75,361.63,229.28,269.2,464.79,221.61,103.09,3173.37,242.19,95.51,132.54,40.29,59.1,99.61,281.75
20260824,12:08:10,45014.68,40371.5,24252.6,16224.27,123.48,1943.45,313.3,484.08,538.72,109.2,177.03,190.86,103.34,136.62,289.18,123.21,198.28,294.53,2863.01,1519.82,444.53,66.63,230.62,904.66,361.39,229.28,269.2,464.79,221.58,103.09,3172.72,242.19,95.51,132.54,40.29,59.1,99.62,281.75
20260824,12:08:15,45015.38,40371.55,24253.86,16223.62,123.48,1943.45,313.3,484.08,538.75,109.2,176.83,190.84,103.18,136.62,289.18,123.21,198.28,294.53,2863.03,1519.94,444.61,66.64,230.62,904.64,361.39,229.28,268.89,464.89,221.61,103.09,3173.29,242.19,95.63,132.54,40.29,59.1,99.62,281.75
20260824,12:08:20,45015.5,40371.44,24251.03,16219.62,123.35,1943.45,312.75,484.08,538.85,109.28,176.83,190.84,103.18,136.62,289.18,123.17,198.28,294.53,2863.12,1519.94,444.61,66.64,230.62,904.84,361.54,229.28,268.89,464.89,221.6,103.09,3173.49,242.19,95.63,132.54,40.29,59.11,99.62,281.74
20260824,12:08:25,45016.14,40372.73,24252.37,16223.39,123.35,1943.45,313.21,484.08,538.82,109.28,176.91,190.87,103.24,136.62,289.18,123.17,198.28,294.53,2863.13,1519.93,444.52,66.65,230.87,904.96,361.78,229.28,268.69,464.89,221.57,103.09,3172.89,242.19,95.63,132.54,40.29,59.11,99.62,281.74
20260824,12:08:30,45014.93,40370.22,24255.95,16223.03,123.35,1943.45,313.21,484.08,538.83,109.28,176.9,190.87,103.23,136.62,289.18,123.2,198.28,294.53,2862.94,1519.87,444.53,66.64,230.62,904.93,361.78,229.28,268.69,464.89,221.6,103.09,3174.1,242.19,95.51,132.54,40.33,59.11,99.62,281.74
20260824,12:08:35,45016.03,40371.73,24254.22,16222.53,123.37,1943.45,313.21,484.08,538.83,109.28,176.9,190.85,103.23,136.62,289.18,123.2,198.28,294.53,2863.07,1519.98,444.51,66.64,230.62,904.91,361.78,229.52,268.69,464.83,221.55,103.09,3173.7,242.19,95.51,132.55,40.33,59.11,99.62,281.74
20260824,12:08:40,45017.95,40374.07,24252.8,16222.48,123.37,1943.45,313.21,484.08,538.76,109.28,176.9,190.85,103.23,136.62,289.18,123.16,198.28,294.5,2863.26,1519.93,444.52,66.65,230.74,905.37,361.76,229.52,268.69,464.8,221.51,103.09,3173.27,242.19,95.63,132.55,40.33,59.11,99.62,281.73
20260824,12:08:45,45017.65,40373.16,24254.44,16222.28,123.37,1943.45,313.22,484.08,538.76,109.28,176.9,190.88,103.23,136.41,289.32,123.17,198.26,294.5,2863.19,1519.9,444.51,66.63,230.74,905.39,361.51,229.52,268.69,464.79,221.51,103.09,3173.84,242.19,95.63,132.55,40.33,59.11,99.62,281.73
20260824,12:08:50,45013.9,40372.21,24246.18,16221.83,123.37,1943.45,313.22,484.08,538.76,109.22,176.91,190.88,103.24,136.41,289.32,123.17,198.26,294.46,2863.12,1519.93,444.6,66.62,230.93,904.89,361.54,229.52,268.69,464.85,221.47,103.09,3171.38,242.19,95.63,132.55,40.33,59.11,99.62,281.73
20260824,12:08:55,45013.32,40371.18,24242.17,16215.66,123.37,1943.45,312.59,483.83,538.83,109.3,176.91,190.87,103.24,136.41,289.32,123.17,198.26,294.46,2863.19,1519.99,444.52,66.63,230.93,904.89,361.78,229.52,268.69,464.89,221.38,103.09,3171.8,242.19,95.51,132.55,40.33,59.11,99.62,281.73
20260824,12:09:00,45012.34,40370.48,24245.28,16220.09,123.37,1943.45,313.22,483.83,538.75,109.3,176.92,190.92,103.24,136.41,289.32,123.17,198.24,294.46,2863.03,1519.93,444.39,66.64,230.81,904.92,361.78,229.52,268.68,464.89,221.38,103.09,3171.57,242.19,95.51,132.55,40.33,59.11,99.62,281.73
20260824,12:09:05,45014.94,40370.76,24251.95,16220.23,123.5,1943.45,313.13,483.75,538.75,109.3,176.92,190.94,103.24,136.41,289.32,123.29,198.24,294.46,2863.05,1519.92,444.39,66.63,230.93,904.92,361.78,229.52,268.69,464.85,221.35,103.09,3173.61,242.19,95.51,132.55,40.33,59.11,99.62,281.73
20260824,12:09:10,45017.91,40374.23,24250.44,16220.43,123.5,1943.45,313.22,483.64,538.75,109.22,176.92,190.92,103.24,136.41,289.2,123.29,198.24,294.46,2863.32,1519.99,444.5,66.62,231.18,904.93,361.54,229.52,268.78,464.85,221.35,103.09,3173.09,242.19,95.51,132.55,40.33,59.11,99.62,281.73
20260824,12:09:15,45016.73,40372.83,24250.63,16219.79,123.5,1943.45,313.22,483.64,538.75,109.22,176.92,190.92,103.24,136.41,289.2,123.17,198.24,294.46,2863.22,1519.98,444.5,66.62,230.93,904.95,361.54,229.52,268.79,464.84,221.36,103.09,3173.32,242.26,95.51,132.55,40.33,59.1,99.62,281.73
20260824,12:09:20,45014.3,40370.02,24251.44,16219.24,123.37,1943.45,313.13,483.64,538.75,109.22,176.92,190.92,103.24,136.41,289.2,123.21,198.24,294.46,2863.01,1519.83,444.49,66.62,230.93,904.95,361.54,229.52,268.79,464.84,221.4,103.09,3173.72,242.26,95.51,132.49,40.33,59.1,99.62,281.73
20260824,12:09:25,45013.41,40369.18,24248.58,16216.04,123.37,1943.45,312.59,483.64,538.75,109.22,176.93,190.94,103.24,136.41,289.2,123.21,198.24,294.46,2863.02,1519.84,444.59,66.62,230.75,904.95,361.78,229.52,268.79,464.84,221.47,103.09,3173.7,242.26,95.51,132.49,40.33,59.1,99.62,281.73
20260824,12:09:30,44970.87,40330.25,24245.56,16221.04,123.37,1943.45,313.13,483.64,538.7,109.22,176.93,190.94,103.24,136.41,289.2,123.21,198.24,294.46,2859.76,1517.32,444.71,66.62,230.63,904.95,361.78,229.52,268.79,464.84,221.5,103.09,3171.4,242.26,95.63,132.49,40.33,59.1,99.62,281.73
20260824,12:09:35,44970.16,40329.27,24247.19,16221.91,123.37,1943.51,313.22,483.64,538.7,109.22,176.94,190.97,103.24,136.62,289.2,123.21,198.24,294.46,2859.66,1517.22,444.62,66.62,230.81,904.96,361.78,229.52,268.78,464.84,221.47,103.09,3171.67,242.26,95.63,132.49,40.33,59.1,99.62,281.78
20260824,12:09:40,44973.97,40333.08,24246.78,16221.77,123.37,1943.51,313.22,483.71,538.7,109.22,176.94,190.97,103.24,136.62,289.2,123.21,198.2,294.46,2859.97,1517.41,444.63,66.62,231.0,904.95,361.78,229.52,268.78,464.84,221.45,103.09,3171.58,242.26,95.63,132.49,40.33,59.1,99.62,281.78
20260824,12:09:45,44974.97,40334.2,24243.44,16218.41,123.37,1943.51,312.75,483.71,538.59,109.22,176.94,190.95,103.24,136.62,289.2,123.21,198.2,294.46,2860.14,1517.38,444.63,66.63,231.0,904.98,361.78,229.52,269.1,464.9,221.47,103.09,3171.45,242.26,95.63,132.5,40.32,59.1,99.62,281.77
20260824,12:09:50,44973.89,40332.67,24245.81,16219.56,123.37,1943.51,312.75,483.71,538.65,109.22,176.94,190.96,103.24,136.62,289.2,123.21,198.2,294.46,2859.99,1517.28,444.63,66.63,230.98,904.98,361.72,229.52,269.1,464.9,221.58,103.09,3171.87,242.26,95.63,132.5,40.32,59.1,99.62,281.77
20260824,12:09:55,44972.66,40332.17,24247.85,16224.22,123.37,1943.51,313.3,483.71,538.65,109.22,176.94,190.96,103.24,136.62,289.2,123.21,198.2,294.46,2859.84,1517.4,444.59,66.63,230.8,904.84,361.72,229.53,268.79,464.9,221.64,103.09,3171.25,242.26,95.63,132.5,40.32,59.1,99.62,281.79
20260824,12:10:00,44969.3,40328.67,24246.59,16222.03,123.37,1943.51,313.29,483.7,538.58,109.22,176.94,190.97,103.24,136.41,289.2,123.21,198.2,294.46,2859.61,1517.27,444.58,66.66,230.91,904.96,361.72,229.53,268.48,464.9,221.49,103.09,3171.45,242.26,95.63,132.47,40.32,59.1,99.52,281.79
20260824,12:10:05,44970.94,40330.05,24246.83,16221.59,123.37,1943.51,313.29,483.7,538.51,109.22,176.95,190.98,103.24,136.41,289.2,123.21,198.2,294.47,2859.73,1517.39,444.57,66.66,230.8,904.99,361.72,229.53,268.47,464.9,221.49,103.09,3171.65,242.26,95.63,132.47,40.32,59.07,99.52,281.79
20260824,12:10:10,44975.36,40333.44,24245.51,16216.99,123.43,1943.51,312.67,483.7,538.51,109.22,176.93,190.94,103.24,136.41,289.2,123.21,198.2,294.47,2860.12,1517.41,444.66,66.66,230.91,905.64,361.72,229.53,268.47,464.87,221.47,103.09,3172.48,242.26,95.63,132.52,40.32,59.07,99.52,281.79
20260824,12:10:15,44974.33,40332.51,24243.97,16215.47,123.43,1943.51,312.67,483.7,538.5,109.22,176.94,190.97,103.24,136.41,289.2,123.17,198.2,294.47,2860.08,1517.4,444.64,66.65,230.91,905.63,361.72,229.53,268.47,464.87,221.32,103.09,3172.41,242.26,95.63,132.54,40.32,59.07,99.52,281.79
20260824,12:10:20,44975.51,40333.81,24247.3,16219.8,123.3,1943.51,313.29,483.7,538.64,109.22,176.94,190.96,103.24,136.41,289.2,123.17,198.2,294.47,2860.08,1517.41,444.64,66.65,230.91,905.66,361.48,229.53,268.46,464.81,221.3,103.09,3172.28,242.26,95.63,132.54,40.32,59.07,99.52,281.79
20260824,12:10:25,44976.79,40333.82,24248.55,16217.1,123.3,1943.51,312.75,483.64,538.67,109.22,176.94,190.95,103.24,136.41,289.2,123.21,198.23,294.47,2860.14,1517.34,444.73,66.65,231.16,905.71,361.48,229.53,268.46,464.81,221.31,103.09,3173.4,242.26,95.75,132.54,40.32,59.07,99.52,281.79
20260824,12:10:30,44975.3,40331.7,24252.76,16219.71,123.3,1943.51,313.29,483.64,538.67,109.22,176.94,190.95,103.24,136.41,289.2,123.21,198.23,294.47,2859.91,1517.35,444.74,66.65,230.91,905.33,361.48,229.53,268.47,464.81,221.27,103.09,3174.01,242.26,95.63,132.54,40.32,59.08,99.52,281.77
20260824,12:10:35,44974.66,40331.17,24251.85,16218.98,123.3,1943.51,313.21,483.72,538.67,109.22,176.94,190.95,103.25,136.41,289.2,123.2,198.23,294.47,2859.89,1517.3,444.74,66.64,230.78,905.11,361.7,229.53,268.78,464.77,221.25,103.09,3173.92,242.26,95.63,132.54,40.32,59.08,99.52,281.77
20260824,12:10:40,44976.63,40333.44,24250.8,16218.92,123.3,1943.51,313.21,483.71,538.72,109.22,176.93,190.95,103.24,136.41,289.23,123.21,198.23,294.47,2860.07,1517.41,444.64,66.62,231.03,905.11,361.7,229.53,268.78,464.77,221.24,103.09,3173.61,242.26,95.63,132.54,40.32,59.07,99.52,281.77
20260824,12:10:45,45017.28,40373.62,24250.76,16220.78,123.3,1943.51,313.29,483.97,538.72,109.22,176.93,190.95,103.24,136.41,289.09,123.21,198.23,294.47,2863.26,1519.97,444.64,66.63,230.78,905.07,361.46,229.53,268.78,464.77,221.25,103.09,3173.09,242.26,95.75,132.54,40.32,59.07,99.52,281.77
20260824,12:10:50,44977.58,40334.66,24251.54,16220.78,123.3,1943.51,313.29,483.83,538.69,109.22,176.93,190.95,103.24,136.43,289.21,123.21,198.23,294.47,2860.12,1517.46,444.68,66.64,231.03,905.07,361.46,229.53,268.78,464.77,221.27,103.09,3173.33,242.26,95.75,132.54,40.32,59.07,99.52,281.77
20260824,12:10:55,44978.81,40335.71,24252.29,16221.13,123.3,1943.51,313.29,483.91,538.69,109.22,176.92,190.92,103.24,136.43,289.21,123.21,198.23,294.47,2860.2,1517.52,444.68,66.64,231.03,905.07,361.46,229.53,268.78,464.77,221.3,103.09,3173.48,242.26,95.75,132.54,40.32,59.07,99.52,281.77
20260824,12:11:00,44977.29,40334.44,24251.92,16221.4,123.43,1943.51,313.29,484.16,538.69,109.22,176.94,190.98,103.24,136.43,289.09,123.21,198.23,294.47,2860.09,1517.51,444.58,66.63,231.03,904.96,361.46,229.53,268.78,464.77,221.26,103.09,3173.28,242.26,95.75,132.54,40.32,59.07,99.52,281.72
20260824,12:11:05,44977.24,40333.54,24251.8,16218.41,123.43,1944.92,312.66,484.16,538.69,109.22,176.93,190.95,103.24,136.43,289.21,123.22,198.23,294.47,2860.09,1517.5,444.58,66.62,230.92,905.09,361.46,229.53,268.8,464.77,221.38,103.09,3174.06,242.26,95.75,132.52,40.32,59.07,99.52,281.72
20260824,12:11:10,44979.21,40335.52,24256.5,16224.03,123.43,1944.92,313.29,484.16,538.91,109.22,176.93,190.95,103.24,136.43,289.09,123.22,198.23,294.47,2860.12,1517.49,444.66,66.62,230.8,905.23,361.14,229.53,268.79,464.77,221.41,103.13,3174.0,242.26,95.75,132.52,40.32,59.07,99.52,281.72
20260824,12:11:15,44976.75,40332.62,24256.72,16222.58,123.3,1943.51,313.29,484.16,538.91,109.22,176.92,190.9,103.24,136.43,289.09,123.22,198.23,294.47,2859.92,1517.49,444.61,66.62,230.78,905.23,361.14,229.53,268.48,464.77,221.38,103.13,3174.46,242.26,95.75,132.51,40.32,59.07,99.52,281.72
20260824,12:11:20,44977.6,40333.44,24257.62,16223.63,123.43,1943.41,313.37,484.02,538.91,109.22,176.93,190.94,103.24,136.43,289.09,123.22,198.23,294.47,2859.96,1517.39,444.6,66.64,230.9,905.1,361.14,229.53,268.8,464.77,221.39,103.13,3174.46,242.26,95.75,132.51,40.32,59.08,99.52,281.72
20260824,12:11:25,44975.82,40331.71,24254.83,16220.43,123.37,1943.41,313.37,484.02,538.91,109.22,176.86,190.93,103.18,136.43,289.09,123.18,198.23,294.47,2859.89,1517.5,444.49,66.64,230.9,905.1,361.46,229.53,268.48,464.81,221.28,103.13,3174.46,242.26,95.63,132.51,40.32,59.08,99.52,281.72
20260824,12:11:30,44975.91,40331.48,24255.03,16219.59,123.24,1943.41,313.37,484.02,538.91,109.22,176.86,190.93,103.18,136.43,289.09,123.18,198.23,294.47,2859.9,1517.51,444.49,66.64,230.92,905.06,361.46,229.53,268.48,464.78,221.23,103.13,3174.75,242.25,95.63,132.51,40.32,59.08,99.52,281.72
20260824,12:11:35,44974.54,40330.36,24254.29,16219.45,123.24,1943.53,313.37,484.02,538.69,109.22,176.87,190.94,103.19,136.43,289.09,123.3,198.23,294.47,2859.81,1517.49,444.49,66.63,230.8,905.03,361.46,229.53,268.48,464.8,221.21,103.13,3174.55,242.14,95.63,132.49,40.32,59.08,99.52,281.72
20260824,12:11:40,44976.03,40332.71,24253.55,16221.59,123.24,1943.53,313.37,484.02,538.67,109.22,176.87,190.92,103.19,136.43,289.09,123.3,198.23,294.46,2859.95,1517.51,444.57,66.61,231.05,905.03,361.46,229.53,268.49,464.77,221.36,103.15,3173.74,242.14,95.75,132.49,40.32,59.07,99.52,281.72
20260824,12:11:45,44972.5,40329.83,24252.11,16221.83,123.24,1943.53,313.37,484.02,538.67,109.22,176.86,190.88,103.19,136.43,289.09,123.3,198.2,294.46,2859.71,1517.4,444.59,66.61,230.8,905.01,361.44,229.53,268.48,464.76,221.39,103.15,3173.23,242.14,95.75,132.51,40.32,59.07,99.52,281.72
20260824,12:11:50,44973.39,40329.86,24252.2,16219.13,123.24,1943.53,313.37,484.02,538.67,109.22,176.86,190.89,103.19,136.43,289.09,123.29,198.2,294.46,2859.78,1517.45,444.59,66.62,230.8,905.01,361.46,229.52,268.48,464.76,221.11,103.15,3173.99,242.14,95.75,132.51,40.32,59.07,99.52,281.72
20260824,12:11:55,44972.21,40328.71,24252.74,16219.74,123.24,1943.53,313.29,484.02,538.67,109.22,176.86,190.88,103.19,136.43,289.09,123.29,198.2,294.46,2859.67,1517.44,444.59,66.61,230.8,904.81,361.43,229.52,268.48,464.77,221.25,103.11,3173.99,242.14,95.75,132.51,40.32,59.07,99.52,281.72
20260824,12:12:00,44973.38,40329.88,24254.07,16221.38,123.37,1943.53,313.37,484.02,538.67,109.22,176.85,190.86,103.19,136.43,289.09,123.33,198.2,294.46,2859.72,1517.44,444.7,66.61,230.8,904.81,361.43,229.52,268.48,464.77,221.29,103.14,3173.97,242.14,95.75,132.51,40.32,59.07,99.52,281.72
20260824,12:12:05,44973.01,40329.89,24251.99,16220.21,123.37,1943.58,313.37,484.04,538.67,109.22,176.86,190.89,103.19,136.43,289.09,123.33,198.2,294.46,2859.75,1517.38,444.57,66.61,231.05,904.99,361.43,229.52,268.48,464.83,221.14,103.14,3173.63,242.14,95.75,132.52,40.32,59.07,99.52,281.7
20260824,12:12:10,44972.61,40329.65,24251.54,16220.22,123.37,1943.53,313.37,484.04,538.67,109.21,176.86,190.89,103.19,136.43,289.09,123.34,198.2,294.46,2859.73,1517.37,444.55,66.61,231.05,905.02,361.11,229.52,268.48,464.83,221.14,103.14,3173.49,242.14,95.75,132.52,40.32,59.08,99.52,281.7
20260824,12:12:15,44971.87,40329.38,24252.28,16222.56,123.37,1943.56,313.37,484.04,538.63,109.21,176.85,190.87,103.19,136.43,289.09,123.34,198.2,294.46,2859.66,1517.33,444.52,66.61,231.05,905.01,361.11,229.52,268.48,464.83,221.4,103.14,3173.08,242.14,95.75,132.52,40.32,59.08,99.52,281.7
20260824,12:12:20,44973.61,40330.6,24254.15,16223.15,123.24,1943.56,313.37,484.04,538.63,109.21,176.85,190.87,103.19,136.43,289.09,123.34,198.2,294.46,2859.74,1517.37,444.52,66.61,231.17,904.96,361.11,229.52,268.48,464.83,221.4,103.14,3173.51,242.14,95.87,132.52,40.32,59.08,99.52,281.7
20260824,12:12:25,44972.73,40329.75,24255.19,16224.35,123.24,1943.56,313.37,483.97,538.63,109.21,176.85,190.88,103.19,136.43,289.09,123.34,198.2,294.46,2859.64,1517.39,444.47,66.59,230.92,904.99,361.11,229.52,268.48,464.86,221.43,103.14,3173.51,242.14,95.99,132.52,40.32,59.08,99.52,281.7
20260824,12:12:30,44972.61,40329.13,24256.7,16224.39,123.24,1943.56,313.29,483.97,538.85,109.21,176.85,190.88,103.19,136.43,289.09,123.34,198.2,294.46,2859.59,1517.32,444.47,66.61,230.92,905.0,361.43,229.52,268.47,464.86,221.43,103.14,3173.97,242.14,95.99,132.52,40.32,59.07,99.52,281.7
20260824,12:12:35,44972.0,40328.94,24256.28,16225.29,123.24,1943.56,313.37,483.97,538.85,109.21,176.85,190.86,103.19,136.43,289.21,123.34,198.2,294.46,2859.55,1517.31,444.46,66.59,230.92,904.98,361.43,229.52,268.47,464.91,221.44,103.14,3173.59,242.14,95.99,132.51,40.32,59.07,99.52,281.72
20260824,12:12:40,44972.41,40329.55,24255.19,16224.75,123.24,1943.56,313.37,484.04,538.85,109.21,176.85,190.87,103.19,136.43,289.21,123.34,198.2,294.46,2859.62,1517.37,444.46,66.57,230.92,904.99,361.43,229.52,268.47,464.9,221.38,103.14,3173.4,242.14,95.99,132.51,40.32,59.07,99.52,281.72
20260824,12:12:45,44971.61,40328.85,24254.44,16224.14,123.24,1943.56,313.37,484.04,538.65,109.21,176.87,190.9,103.2,136.44,289.21,123.34,198.2,294.47,2859.58,1517.37,444.46,66.58,230.8,904.99,361.43,229.52,268.47,464.85,221.36,103.14,3173.33,242.14,95.99,132.54,40.32,59.07,99.52,281.72
20260824,12:12:50,44969.68,40327.23,24249.82,16219.68,123.24,1943.56,312.84,484.04,538.65,109.21,176.87,190.91,103.2,136.44,289.21,123.3,198.2,294.47,2859.55,1517.38,444.46,66.56,230.8,904.98,361.11,229.52,268.47,464.85,221.33,103.14,3173.1,242.14,95.99,132.52,40.32,59.07,99.52,281.77
20260824,12:12:55,44969.58,40327.07,24252.07,16222.07,123.24,1943.56,313.39,484.04,538.6,109.22,176.86,190.88,103.2,136.44,289.21,123.3,198.2,294.47,2859.48,1517.32,444.46,66.56,230.8,904.98,361.35,229.52,268.47,464.85,221.18,103.14,3173.15,242.14,95.99,132.52,40.32,59.07,99.52,281.77
20260824,12:13:00,44970.07,40328.72,24250.59,16224.32,123.37,1943.56,313.39,484.04,538.6,109.22,176.87,190.91,103.2,136.44,289.21,123.33,198.2,294.47,2859.56,1517.31,444.46,66.55,230.8,904.79,361.35,229.52,268.79,464.85,221.34,103.14,3172.08,242.14,95.99,132.52,40.32,59.07,99.52,281.77
20260824,12:13:05,44972.86,40329.77,24255.77,16224.66,123.37,1943.56,313.39,484.01,538.6,109.22,176.87,190.91,103.2,136.44,289.21,123.33,198.2,294.47,2859.64,1517.38,444.51,66.55,230.92,904.61,361.43,229.52,268.79,464.85,221.38,103.14,3173.61,242.14,95.99,132.52,40.32,59.07,99.52,281.77
20260824,12:13:10,44967.95,40325.44,24252.95,16222.93,123.37,1943.56,313.39,484.01,538.74,109.22,176.86,190.9,103.2,136.44,289.21,123.21,198.2,294.47,2859.33,1517.23,444.62,66.54,230.92,904.64,361.43,229.52,268.47,464.85,221.23,103.16,3173.19,242.14,95.99,132.52,40.32,59.08,99.52,281.77
20260824,12:13:15,44970.47,40327.73,24249.52,16218.46,123.24,1943.56,312.84,484.01,538.68,109.22,176.86,190.9,103.2,136.44,289.21,123.21,198.16,294.47,2859.62,1517.27,444.62,66.56,231.05,904.64,361.67,229.52,268.78,464.85,221.23,103.16,3173.33,242.21,95.99,132.52,40.32,59.08,99.52,281.77
20260824,12:13:20,44971.34,40328.58,24254.45,16224.14,123.3,1943.56,313.38,484.01,538.68,109.22,176.86,190.9,103.2,136.44,289.21,123.21,198.14,294.47,2859.55,1517.23,444.68,66.52,231.05,904.64,361.37,229.52,268.78,464.85,221.4,103.16,3173.33,242.21,95.99,132.52,40.32,59.08,99.52,281.77
20260824,12:13:25,44967.35,40324.83,24249.48,16218.87,123.3,1943.56,312.84,484.01,538.33,109.22,176.85,190.87,103.19,136.44,289.21,123.21,198.18,294.47,2859.38,1517.25,444.68,66.54,230.92,904.68,361.18,229.52,268.47,464.85,221.4,103.16,3173.21,242.21,95.99,132.51,40.32,59.08,99.51,281.77
20260824,12:13:30,44970.06,40327.56,24252.34,16222.46,123.3,1943.56,313.38,484.01,538.33,109.22,176.86,190.88,103.2,136.44,289.21,123.21,198.18,294.45,2859.51,1517.22,444.68,66.54,231.17,904.87,361.19,229.52,268.47,464.85,221.36,103.11,3173.13,242.21,95.99,132.51,40.32,59.08,99.51,281.77
20260824,12:13:35,44971.17,40330.58,24246.81,16222.59,123.24,1943.56,313.38,484.01,538.44,109.22,176.87,190.93,103.19,136.44,289.21,123.21,198.18,294.45,2859.75,1517.38,444.68,66.56,231.14,904.9,361.19,229.52,268.48,464.86,221.36,103.11,3171.37,242.21,95.99,132.51,40.32,59.05,99.51,281.77
20260824,12:13:40,44974.32,40331.96,24251.74,16222.59,123.24,1943.56,313.38,484.01,538.43,109.22,176.87,190.91,103.19,136.44,289.21,123.21,198.18,294.45,2859.86,1517.25,444.67,66.55,231.14,905.55,361.59,229.52,268.48,464.86,221.37,103.11,3172.91,242.21,95.99,132.51,40.32,59.05,99.51,281.77
20260824,12:13:45,44971.34,40329.23,24252.07,16223.58,123.3,1943.56,313.37,484.01,538.37,109.22,176.94,190.93,103.25,136.44,289.21,123.21,198.18,294.45,2859.62,1517.16,444.67,66.55,230.77,905.55,361.6,229.52,268.48,464.83,221.41,103.12,3172.74,242.21,95.99,132.51,40.32,59.04,99.51,281.77
20260824,12:13:50,44971.22,40329.11,24250.83,16222.11,123.24,1943.93,313.38,484.27,538.46,109.22,176.86,190.93,103.19,136.44,289.21,123.21,198.18,294.45,2859.64,1517.13,444.66,66.56,230.77,905.67,361.85,229.52,268.47,464.83,221.42,103.12,3172.75,242.17,95.99,132.51,40.32,59.04,99.51,281.36
20260824,12:13:55,44971.93,40329.64,24248.3,16218.67,123.24,1943.56,312.83,484.27,538.5,109.22,176.86,190.94,103.19,136.44,289.21,123.21,198.18,294.45,2859.77,1517.23,444.66,66.56,230.77,905.67,361.85,229.52,268.47,464.83,221.38,103.12,3172.89,242.17,95.99,132.5,40.32,59.04,99.51,281.66
20260824,12:14:00,44970.34,40328.37,24246.53,16217.58,123.25,1943.56,312.83,484.27,538.5,109.22,176.85,190.89,103.18,136.44,289.21,123.2,198.18,294.45,2859.69,1517.18,444.67,66.55,230.77,905.66,361.85,229.52,268.46,464.82,221.38,103.12,3172.64,242.17,95.99,132.5,40.32,59.04,99.51,281.36
20260824,12:14:05,44971.38,40328.58,24251.01,16220.03,123.25,1943.56,313.38,484.27,538.5,109.22,176.85,190.88,103.18,136.44,289.21,123.2,198.18,294.45,2859.65,1517.19,444.56,66.55,230.89,905.53,361.85,229.52,268.46,464.83,221.23,103.12,3173.37,242.17,95.99,132.46,40.32,59.04,99.51,281.36
20260824,12:14:10,44974.58,40331.92,24250.76,16220.48,123.25,1943.56,313.38,484.19,538.5,109.22,176.84,190.85,103.18,136.44,289.21,123.21,198.18,294.45,2859.91,1517.43,444.56,66.55,230.89,905.45,361.62,229.52,268.46,464.83,221.23,103.12,3173.17,242.17,96.11,132.36,40.32,59.04,99.51,281.34
20260824,12:14:15,44975.96,40333.02,24250.88,16219.81,123.25,1943.56,313.29,484.19,538.49,109.22,176.83,190.83,103.19,136.44,289.21,123.21,198.18,294.45,2860.02,1517.51,444.45,66.55,230.89,905.58,361.62,229.52,268.46,464.83,221.23,103.12,3173.39,242.17,96.11,132.36,40.32,59.05,99.51,281.34
20260824,12:14:20,44975.25,40332.33,24252.83,16222.05,123.31,1943.56,313.38,484.19,538.49,109.22,176.83,190.83,103.19,136.44,289.21,123.24,198.25,294.45,2859.91,1517.49,444.47,66.55,230.77,905.46,361.62,229.52,268.47,464.83,221.25,103.12,3173.39,242.17,96.1,132.36,40.32,59.05,99.5,281.7
20260824,12:14:25,44977.94,40334.57,24253.26,16221.28,123.25,1943.56,313.38,484.19,538.4,109.24,176.91,190.83,103.24,136.43,289.21,123.24,198.25,294.47,2860.1,1517.54,444.57,66.55,231.02,905.45,361.62,229.52,268.47,464.83,221.23,103.12,3173.74,242.17,95.98,132.36,40.32,59.05,99.5,281.7
20260824,12:14:30,44978.26,40334.89,24253.18,16221.19,123.25,1943.56,313.38,484.19,538.34,109.24,176.91,190.86,103.24,136.43,289.21,123.2,198.25,294.47,2860.13,1517.55,444.59,66.54,231.02,905.46,361.62,229.52,268.46,464.83,221.25,103.12,3173.74,242.17,95.98,132.37,40.32,59.05,99.5,281.73
20260824,12:14:35,44980.62,40336.75,24255.34,16222.2,123.25,1943.56,313.38,484.19,538.34,109.24,176.91,190.85,103.24,136.43,289.21,123.2,198.25,294.47,2860.26,1517.6,444.68,66.54,231.02,905.55,361.6,229.52,268.46,464.82,221.25,103.12,3174.14,242.18,96.1,132.37,40.32,59.05,99.5,281.75
20260824,12:14:40,45020.56,40375.89,24255.4,16223.0,123.38,1943.56,313.38,484.56,538.34,109.24,176.9,190.83,103.24,136.43,289.21,123.21,198.29,294.47,2863.39,1520.0,444.59,66.54,231.02,905.55,361.6,229.52,268.56,464.84,221.25,103.11,3173.94,242.17,96.1,132.37,40.32,59.05,99.5,281.75
20260824,12:14:45,45016.97,40372.8,24250.19,16218.4,123.25,1943.56,312.84,484.45,538.33,109.22,176.9,190.83,103.24,136.43,289.21,123.21,198.25,294.47,2863.25,1520.0,444.58,66.54,230.77,905.45,361.6,229.52,268.56,464.86,221.24,103.11,3173.56,242.17,96.1,132.37,40.32,59.05,99.5,281.75
20260824,12:14:50,45020.11,40375.56,24254.69,16222.59,123.25,1943.56,313.38,484.45,538.27,109.3,176.89,190.81,103.24,136.65,289.21,123.21,198.25,294.47,2863.38,1519.99,444.68,66.54,231.02,905.44,361.6,229.52,268.56,464.86,221.24,103.11,3173.83,242.17,96.1,132.37,40.32,59.05,99.5,281.75
20260824,12:14:55,45019.51,40373.23,24261.28,16224.32,123.38,1943.56,313.38,484.37,538.28,109.3,176.9,190.81,103.24,136.66,289.21,123.37,198.25,294.47,2863.15,1519.73,444.7,66.54,231.13,905.58,361.64,229.52,268.55,464.86,221.28,103.11,3175.42,242.17,96.1,132.38,40.32,59.05,99.5,281.75
20260824,12:15:00,45022.7,40376.21,24261.16,16223.77,123.38,1943.56,313.38,484.37,538.28,109.3,176.91,190.86,103.24,136.66,289.21,123.25,198.25,294.47,2863.4,1519.82,444.69,66.59,231.14,905.59,361.64,229.52,268.73,464.86,221.39,103.11,3175.53,242.17,95.98,132.38,40.32,59.05,99.5,281.75
20260824,12:15:05,45026.73,40380.57,24260.62,16224.59,123.44,1943.7,313.38,484.37,538.28,109.22,176.91,190.86,103.24,136.66,289.21,123.38,198.25,294.47,2863.73,1519.85,444.79,66.58,230.89,906.02,361.64,229.52,269.05,464.81,221.38,103.11,3175.14,242.22,95.98,132.38,40.32,59.05,99.5,281.77
20260824,12:15:10,45025.18,40378.84,24261.11,16224.4,123.31,1943.7,313.38,484.38,538.3,109.23,176.91,190.86,103.24,136.66,289.21,123.38,198.25,294.49,2863.6,1519.84,444.86,66.58,230.89,906.05,361.65,229.52,268.74,464.78,221.38,103.11,3175.34,242.22,95.98,132.38,40.32,59.05,99.5,281.77
20260824,12:15:15,45023.49,40377.14,24261.53,16224.72,123.31,1943.7,313.38,484.38,538.3,109.24,176.91,190.86,103.24,136.66,289.21,123.38,198.25,294.5,2863.45,1519.9,444.79,66.58,230.89,905.6,361.64,229.52,268.75,464.78,221.32,103.1,3175.39,242.22,96.1,132.38,40.32,59.05,99.5,281.77
20260824,12:15:20,45027.33,40380.16,24262.4,16223.3,123.31,1943.7,313.38,484.38,538.31,109.24,176.91,190.86,103.24,136.66,289.21,123.38,198.25,294.5,2863.73,1519.9,444.77,66.58,231.14,905.64,361.62,229.52,269.06,464.75,221.18,103.1,3176.04,242.17,96.1,132.38,40.32,59.05,99.5,281.77
20260824,12:15:25,45025.99,40379.61,24262.01,16225.39,123.31,1943.7,313.47,484.38,538.31,109.24,176.89,190.81,103.24,136.44,289.21,123.38,198.25,294.5,2863.64,1519.93,444.78,66.58,230.89,905.68,361.62,229.27,268.95,464.75,221.18,103.1,3175.36,242.17,96.33,132.38,40.32,59.04,99.5,281.77
20260824,12:15:30,45030.72,40384.04,24262.54,16225.38,123.31,1943.7,313.47,484.37,538.28,109.24,176.89,190.81,103.24,136.44,289.21,123.39,198.25,294.5,2863.99,1520.16,444.67,66.59,231.14,905.7,361.62,229.27,268.95,464.75,221.18,103.1,3175.52,242.17,96.33,132.38,40.32,59.04,99.5,281.77
20260824,12:15:35,45031.28,40385.43,24264.95,16231.01,123.31,1943.7,314.01,484.37,538.28,109.24,176.9,190.82,103.24,136.44,289.21,123.39,198.25,294.5,2863.97,1520.16,444.65,66.6,231.14,905.68,361.3,229.27,268.95,464.79,221.35,103.1,3174.75,242.17,96.33,132.38,40.32,59.04,99.5,281.76
20260824,12:15:40,44988.62,40343.64,24265.84,16231.29,123.44,1943.7,314.01,484.37,538.28,109.24,176.89,190.83,103.23,136.44,289.21,123.39,198.25,294.5,2860.59,1517.56,444.64,66.6,231.14,905.68,361.3,229.27,268.95,464.79,221.35,103.1,3174.95,242.17,96.33,132.38,40.32,59.04,99.5,281.77
20260824,12:15:45,44987.72,40343.37,24263.72,16230.85,123.44,1943.33,314.01,484.37,538.28,109.24,176.88,190.82,103.23,136.43,289.35,123.35,198.25,294.5,2860.58,1517.76,444.64,66.61,230.89,905.67,361.29,229.27,268.64,464.79,221.35,103.1,3174.41,242.17,96.34,132.38,40.32,59.04,99.5,281.73
20260824,12:15:50,44987.14,40342.8,24264.34,16231.56,123.44,1943.33,314.01,484.37,538.31,109.24,177.07,190.79,103.39,136.43,289.35,123.35,198.25,294.5,2860.52,1517.74,444.64,66.61,230.77,905.67,361.35,229.27,268.64,464.79,221.2,103.1,3174.41,242.17,96.34,132.38,40.32,59.04,99.5,281.73
20260824,12:15:55,45027.17,40381.2,24266.74,16232.27,123.44,1943.33,314.01,484.38,538.48,109.24,177.07,190.78,103.39,136.43,289.35,123.35,198.25,294.51,2863.6,1519.99,444.5,66.6,230.89,905.67,361.67,229.27,268.95,464.81,221.31,103.1,3174.96,242.17,96.22,132.38,40.32,59.04,99.5,281.73
20260824,12:16:00,45029.61,40383.62,24265.77,16231.31,123.44,1943.33,314.01,484.38,538.48,109.24,177.08,190.83,103.39,136.43,289.35,123.35,198.25,294.51,2863.82,1520.15,444.5,66.61,230.89,905.66,361.67,229.27,268.95,464.81,221.2,103.1,3174.92,242.17,96.22,132.38,40.32,59.04,99.5,281.73
20260824,12:16:05,44993.49,40348.18,24268.57,16233.71,123.44,1943.33,314.09,484.38,538.48,109.24,177.08,190.82,103.39,136.43,289.35,123.35,198.25,294.51,2860.9,1517.84,444.7,66.6,230.89,905.67,361.74,229.27,268.94,464.83,221.38,103.1,3175.15,242.18,96.22,132.39,40.32,59.04,99.51,281.72
20260824,12:16:10,44993.94,40348.67,24268.09,16233.35,123.44,1943.33,314.09,484.38,538.51,109.24,177.12,190.99,103.39,136.43,289.35,123.26,198.25,294.51,2860.95,1517.85,444.71,66.6,230.89,905.76,361.74,229.27,268.94,464.85,221.34,103.1,3175.1,242.18,96.22,132.39,40.32,59.04,99.51,281.72
20260824,12:16:15,44990.86,40346.32,24264.68,16231.61,123.25,1943.33,314.09,484.38,538.51,109.24,177.07,191.02,103.34,136.43,289.35,123.26,198.25,294.51,2860.8,1517.73,444.71,66.6,230.89,905.77,361.74,229.27,268.94,464.85,221.33,103.1,3174.5,241.85,96.22,132.39,40.32,59.04,99.51,281.72
20260824,12:16:20,44993.0,40348.03,24265.3,16231.08,123.25,1943.33,314.01,484.13,538.51,109.24,177.07,191.02,103.34,136.43,289.35,123.26,198.25,294.51,2860.95,1517.84,444.72,66.6,230.89,905.78,361.68,229.27,268.94,464.84,221.35,103.1,3174.84,241.85,96.22,132.39,40.32,59.06,99.51,281.72
20260824,12:16:25,44990.76,40346.09,24264.95,16231.46,123.25,1943.33,314.01,484.13,538.64,109.24,177.07,191.02,103.34,136.43,289.35,123.26,198.25,294.51,2860.79,1517.66,444.72,66.62,231.03,905.77,361.68,229.27,268.94,464.84,221.35,103.1,3174.63,241.85,96.22,132.39,40.32,59.06,99.51,281.72
20260824,12:16:30,44989.65,40345.16,24263.38,16230.17,123.31,1943.33,314.09,484.13,538.64,109.24,177.04,190.9,103.34,136.43,289.35,123.26,198.25,294.51,2860.74,1517.8,444.61,66.62,231.03,905.77,361.68,229.27,268.63,464.84,221.17,103.1,3174.48,241.85,96.22,132.39,40.32,59.06,99.51,281.72
20260824,12:16:35,44989.14,40344.86,24263.33,16230.77,123.44,1943.33,314.1,484.13,538.58,109.24,177.04,190.92,103.34,136.43,289.35,123.26,198.25,294.51,2860.71,1517.73,444.61,66.62,231.14,905.78,361.67,229.27,268.63,464.84,221.2,103.1,3174.31,241.85,96.22,132.39,40.32,59.06,99.51,281.72
20260824,12:16:40,44990.99,40346.66,24264.4,16232.0,123.44,1943.33,314.1,484.25,538.63,109.24,177.03,190.89,103.34,136.65,289.35,123.39,198.29,294.51,2860.82,1517.73,444.6,66.62,231.02,905.78,361.67,229.27,268.94,464.84,221.2,103.1,3174.31,241.85,96.22,132.37,40.32,59.06,99.51,281.72
20260824,12:16:45,44989.68,40345.38,24266.43,16234.34,123.44,1943.33,314.01,484.23,538.49,109.24,177.25,190.96,103.49,136.65,289.35,123.38,198.25,294.54,2860.66,1517.78,444.68,66.61,230.78,905.78,361.67,229.27,268.63,464.85,221.32,103.1,3174.31,241.85,96.22,132.37,40.32,59.06,99.51,281.72
20260824,12:16:50,44991.51,40346.74,24267.46,16234.09,123.44,1943.33,314.1,484.23,538.49,109.24,177.24,190.99,103.48,136.65,289.35,123.38,198.25,294.54,2860.78,1517.73,444.9,66.63,230.9,905.88,361.67,229.27,268.63,464.85,221.32,103.1,3174.7,241.85,96.11,132.39,40.32,59.06,99.51,281.72
20260824,12:16:55,44992.76,40348.39,24264.68,16232.32,123.31,1943.33,314.1,484.12,538.43,109.24,177.27,190.99,103.5,136.43,289.35,123.25,198.25,294.54,2860.95,1517.84,444.9,66.61,231.02,905.84,361.67,229.27,268.63,464.85,221.2,103.1,3174.31,241.89,96.22,132.39,40.32,59.06,99.51,281.72
20260824,12:17:00,44989.68,40345.23,24261.66,16228.33,123.31,1943.33,313.55,484.12,538.43,109.24,177.27,190.99,103.5,136.42,289.35,123.26,198.25,294.56,2860.79,1517.8,444.85,66.61,231.03,905.66,361.67,229.27,268.64,464.85,221.19,103.1,3174.45,241.89,96.22,132.39,40.32,59.05,99.51,281.72
20260824,12:17:05,44992.4,40348.04,24264.93,16232.61,123.31,1943.33,314.1,484.19,538.52,109.24,177.27,190.99,103.5,136.42,289.35,123.26,198.25,294.56,2860.92,1517.8,444.88,66.61,231.03,905.88,361.67,229.27,268.64,464.79,221.2,103.1,3174.31,241.89,96.22,132.39,40.32,59.05,99.51,281.72
20260824,12:17:10,44994.41,40349.41,24267.64,16233.76,123.31,1943.33,314.1,484.19,538.52,109.24,177.27,190.99,103.5,136.42,289.35,123.22,198.25,294.56,2861.0,1517.8,444.88,66.62,230.78,905.89,361.67,229.27,268.95,464.79,221.34,103.1,3174.84,241.89,96.22,132.39,40.32,59.05,99.51,281.72
20260824,12:17:15,45035.41,40388.99,24269.78,16235.01,123.44,1944.75,314.09,484.27,538.46,109.25,177.27,191.0,103.5,136.42,289.35,123.26,198.25,294.56,2864.16,1520.16,444.84,66.62,231.02,906.36,361.67,229.27,268.64,464.79,221.36,103.1,3175.17,241.89,96.22,132.39,40.32,59.05,99.51,281.72
20260824,12:17:20,45039.73,40393.52,24267.96,16233.99,123.31,1943.33,314.09,484.27,538.46,109.25,177.27,191.01,103.5,136.42,289.35,123.26,198.25,294.54,2864.55,1520.31,444.84,66.63,231.02,906.76,361.67,229.27,268.64,464.79,221.36,103.1,3174.88,241.89,96.22,132.39,40.32,59.05,99.51,281.71
20260824,12:17:25,45036.69,40390.25,24266.8,16231.62,123.31,1943.4,313.99,484.35,538.36,109.25,177.27,191.02,103.5,136.42,289.35,123.26,198.25,294.54,2864.34,1520.17,444.8,66.62,230.91,906.9,361.67,229.27,268.64,464.79,221.21,103.08,3175.16,241.89,96.22,132.39,40.32,59.06,99.51,281.71
20260824,12:17:30,44995.74,40351.54,24264.02,16232.39,123.31,1943.33,313.99,484.35,538.36,109.25,177.28,191.06,103.5,136.42,289.35,123.38,198.25,294.54,2861.2,1517.76,444.8,66.63,230.79,906.94,361.67,229.27,268.64,464.77,221.21,103.08,3174.08,241.89,96.22,132.39,40.32,59.06,99.51,281.69
20260824,12:17:35,44998.42,40353.56,24264.74,16231.26,123.31,1943.37,313.99,484.35,538.33,109.25,177.28,191.03,103.5,136.43,289.35,123.37,198.25,294.54,2861.4,1517.74,444.91,66.63,230.79,906.95,361.67,229.27,268.96,464.77,221.17,103.08,3174.62,241.89,96.11,132.79,40.32,59.06,99.51,281.38
20260824,12:17:40,44999.36,40354.48,24265.36,16231.97,123.44,1943.37,314.0,484.35,538.33,109.33,177.28,191.03,103.5,136.43,289.35,123.37,198.25,294.54,2861.45,1517.75,444.92,66.62,230.9,906.95,361.67,229.27,268.96,464.77,221.17,103.08,3174.62,241.89,96.11,132.82,40.32,59.06,99.51,281.38
20260824,12:17:45,44999.53,40354.45,24265.94,16231.99,123.43,1943.37,314.0,484.37,538.33,109.31,177.28,191.05,103.5,136.43,289.35,123.37,198.25,294.54,2861.45,1517.75,444.94,66.62,230.9,906.96,361.37,229.27,268.96,464.76,221.15,103.13,3174.79,241.89,96.11,132.82,40.32,59.08,99.51,281.38
20260824,12:17:50,45042.76,40396.79,24265.78,16232.54,123.43,1943.37,314.0,484.37,538.47,109.31,177.28,191.05,103.5,136.43,289.35,123.38,198.25,294.54,2864.85,1520.17,444.82,66.62,230.92,907.69,361.37,229.27,268.95,464.76,221.16,103.13,3174.59,241.89,96.11,132.82,40.32,59.08,99.51,281.38
20260824,12:17:55,45041.01,40395.19,24265.24,16232.27,123.3,1943.42,314.0,484.37,538.47,109.31,177.29,191.07,103.5,136.43,289.35,123.38,198.25,294.54,2864.73,1520.22,444.81,66.64,230.92,907.22,361.37,229.27,268.95,464.75,221.16,103.13,3174.5,241.89,96.11,132.84,40.32,59.08,99.51,281.38
20260824,12:18:00,45034.65,40389.24,24263.98,16231.65,123.43,1943.42,314.0,484.37,538.42,109.31,177.28,191.05,103.5,136.43,289.35,123.26,198.25,294.54,2864.26,1520.16,444.79,66.62,230.8,906.48,361.39,229.27,268.96,464.75,221.16,103.13,3174.27,241.89,96.11,132.84,40.32,59.08,99.51,281.37
20260824,12:18:05,45043.77,40397.51,24267.03,16233.09,123.43,1943.42,314.0,484.62,538.28,109.31,177.28,191.05,103.5,136.43,289.35,123.26,198.25,294.54,2864.89,1520.2,444.79,66.59,231.03,907.68,361.4,229.27,268.96,464.75,221.34,103.13,3174.83,241.89,96.11,132.84,40.32,59.08,99.51,281.37
20260824,12:18:10,45046.37,40399.83,24268.02,16233.49,123.43,1943.42,314.0,484.62,538.28,109.31,177.28,191.05,103.5,136.43,289.35,123.26,198.25,294.54,2865.07,1520.26,444.96,66.58,231.03,907.69,361.72,229.27,268.96,464.75,221.37,103.13,3175.03,241.89,96.11,132.84,40.32,59.08,99.51,281.39
20260824,12:18:15,45045.19,40398.92,24266.91,16233.02,123.3,1943.42,314.0,484.62,538.35,109.31,177.28,191.05,103.5,136.43,289.35,123.26,198.25,294.54,2865.01,1520.29,444.83,66.58,231.03,907.65,361.4,229.27,268.96,464.76,221.33,103.13,3174.82,241.89,96.11,132.84,40.32,59.08,99.51,281.39
20260824,12:18:20,45039.61,40394.12,24261.61,16229.04,123.43,1943.42,313.45,484.62,538.35,109.23,177.28,191.06,103.5,136.43,289.35,123.26,198.25,294.54,2864.72,1520.25,444.94,66.58,230.78,907.18,361.4,229.27,268.96,464.76,221.23,103.13,3174.24,241.89,96.11,132.84,40.32,59.08,99.51,281.7
20260824,12:18:25,45040.28,40395.02,24260.58,16228.71,123.43,1943.42,313.45,484.37,538.35,109.23,177.28,191.04,103.5,136.43,289.35,123.26,198.25,294.54,2864.8,1520.28,444.94,66.59,230.91,907.15,361.4,229.27,268.96,464.76,221.23,103.13,3174.01,241.89,96.11,132.84,40.32,59.08,99.51,281.7
20260824,12:18:30,45043.59,40397.56,24266.62,16233.39,123.43,1943.42,314.0,484.37,538.35,109.23,177.28,191.04,103.5,136.43,289.35,123.26,198.25,294.54,2864.89,1520.38,444.94,66.6,230.79,907.15,361.4,229.27,268.96,464.59,221.23,103.13,3174.62,241.89,96.22,132.84,40.32,59.08,99.51,281.69
20260824,12:18:35,45046.3,40400.8,24265.04,16233.57,123.3,1943.78,314.0,484.37,538.38,109.31,177.28,191.04,103.5,136.43,289.35,123.26,198.29,294.54,2865.15,1520.41,445.14,66.58,230.79,907.11,361.4,229.27,269.28,464.59,221.18,103.12,3174.08,242.22,96.22,132.84,40.32,59.08,99.51,281.69
20260824,12:18:40,45044.23,40398.38,24266.58,16233.96,123.37,1943.78,314.0,484.45,538.38,109.31,177.28,191.03,103.5,136.43,289.35,123.26,198.25,294.56,2864.94,1520.44,444.94,66.59,230.81,907.1,361.4,229.27,268.96,464.55,221.2,103.12,3174.46,242.22,96.22,132.84,40.32,59.08,99.51,281.69
20260824,12:18:45,45041.69,40395.95,24264.69,16231.92,123.37,1943.78,314.0,484.45,538.38,109.31,177.28,191.03,103.5,136.43,289.35,123.22,198.25,294.6,2864.79,1520.33,444.85,66.59,230.83,907.1,361.72,229.27,268.97,464.55,221.22,103.12,3174.42,242.22,95.99,132.84,40.32,59.06,99.51,281.69
20260824,12:18:50,45046.37,40400.41,24266.32,16233.51,123.37,1943.78,314.0,484.45,538.38,109.24,177.28,191.04,103.5,136.43,289.35,123.34,198.25,294.6,2865.12,1520.44,444.94,66.59,231.2,907.1,361.72,229.27,268.97,464.54,221.33,103.12,3174.5,242.22,95.99,132.82,40.32,59.06,99.51,281.69
20260824,12:18:55,45042.54,40397.02,24263.39,16231.27,123.24,1943.57,314.0,484.45,538.39,109.24,177.28,191.06,103.5,136.43,289.35,123.22,198.25,294.6,2864.9,1520.38,444.85,66.6,230.95,907.09,361.72,229.27,268.97,464.54,221.22,103.12,3174.19,242.22,95.99,132.82,40.32,59.06,99.51,281.69
20260824,12:19:00,45036.89,40392.11,24263.14,16232.97,123.37,1943.57,314.0,484.45,538.39,109.24,177.28,191.03,103.5,136.43,289.35,123.22,198.25,294.6,2864.46,1520.25,444.85,66.58,231.07,906.36,361.72,229.52,268.97,464.54,221.37,103.12,3173.65,242.22,95.99,132.82,40.32,59.06,99.51,281.69
20260824,12:19:05,45036.39,40390.96,24264.59,16232.43,123.37,1943.57,314.0,484.45,538.39,109.23,177.28,191.03,103.5,136.43,289.35,123.21,198.25,294.6,2864.38,1520.27,444.83,66.58,230.83,906.35,361.65,229.52,268.97,464.54,221.31,103.12,3174.25,242.22,95.99,132.82,40.32,59.06,99.51,281.69
20260824,12:19:10,45039.78,40394.47,24263.75,16232.18,123.24,1943.2,314.0,484.45,538.39,109.25,177.28,191.06,103.5,136.42,289.35,123.21,198.25,294.6,2864.67,1520.46,444.84,66.58,230.95,906.35,361.65,229.52,268.97,464.54,221.32,103.12,3174.06,242.22,95.99,132.82,40.32,59.07,99.51,281.69
20260824,12:19:15,45038.87,40392.54,24262.93,16227.71,123.24,1944.61,314.0,484.37,538.08,109.25,177.09,191.09,103.34,136.42,289.35,123.2,198.25,294.59,2864.62,1520.42,444.84,66.58,230.95,906.33,361.65,229.52,268.97,464.54,221.14,103.1,3175.01,242.22,95.99,132.82,40.32,59.07,99.51,281.69
20260824,12:19:20,44994.41,40349.0,24264.51,16228.78,123.24,1944.61,314.0,484.37,538.16,109.25,177.09,191.11,103.34,136.42,289.35,123.32,198.25,294.59,2861.09,1517.75,444.84,66.58,230.95,906.2,361.65,229.52,268.97,464.54,221.14,103.1,3175.21,242.22,95.99,132.82,40.32,59.07,99.51,281.69
20260824,12:19:25,44993.55,40349.15,24260.66,16227.69,123.24,1943.28,313.92,484.37,538.19,109.25,177.08,191.07,103.34,136.42,289.35,123.32,198.25,294.58,2861.13,1517.78,444.84,66.57,230.95,906.19,361.65,229.52,268.97,464.52,221.25,103.1,3174.31,242.22,95.99,132.81,40.32,59.07,99.51,281.39
20260824,12:19:30,44995.29,40350.64,24261.98,16228.51,123.37,1943.28,314.0,484.37,538.19,109.25,177.06,191.07,103.32,136.42,289.35,123.32,198.25,294.58,2861.23,1517.78,444.95,66.57,231.13,906.17,361.58,229.5,268.97,464.52,221.24,103.1,3174.5,242.22,95.99,132.81,40.32,59.07,99.6,281.39
20260824,12:19:35,44996.94,40351.96,24262.35,16227.97,123.24,1943.28,313.92,484.49,538.19,109.25,177.08,191.13,103.32,136.42,289.35,123.32,198.25,294.58,2861.35,1517.84,445.06,66.57,231.12,906.18,361.65,229.5,268.97,464.52,221.23,103.1,3174.76,242.22,95.99,132.81,40.32,59.07,99.6,281.44
20260824,12:19:40,44995.96,40350.99,24260.96,16226.31,123.24,1943.28,313.92,484.49,538.19,109.24,177.07,191.1,103.32,136.42,289.35,123.32,198.25,294.58,2861.31,1517.74,445.06,66.58,231.23,906.26,361.65,229.5,268.97,464.52,221.08,103.1,3174.78,242.22,95.99,132.78,40.32,59.07,99.6,281.44
20260824,12:19:45,44994.61,40349.95,24259.19,16225.19,123.24,1943.28,313.92,484.49,538.19,109.24,177.04,191.09,103.3,136.42,289.35,123.2,198.25,294.58,2861.25,1517.78,444.84,66.57,231.22,906.26,361.65,229.5,268.96,464.52,221.08,103.1,3174.53,242.22,95.99,132.78,40.32,59.07,99.6,281.44
20260824,12:19:50,44992.26,40347.2,24262.74,16227.75,123.37,1943.31,313.92,484.37,538.18,109.24,177.05,191.12,103.3,136.42,289.35,123.2,198.25,294.58,2860.97,1517.61,444.85,66.55,231.11,906.27,361.62,229.5,268.96,464.52,221.22,103.1,3174.94,242.24,95.99,132.78,40.32,59.07,99.6,281.74
20260824,12:19:55,44996.34,40350.99,24262.57,16226.96,123.24,1944.72,313.92,484.37,538.18,109.22,177.06,191.12,103.3,136.42,289.35,123.2,198.25,294.58,2861.29,1517.72,444.87,66.55,231.11,906.26,361.62,229.52,269.27,464.52,221.11,103.1,3175.11,242.27,95.99,132.78,40.32,59.07,99.6,281.75
20260824,12:20:00,44995.64,40350.36,24264.88,16229.77,123.43,1943.31,313.92,484.37,538.18,109.22,177.24,191.07,103.46,136.42,289.35,123.2,198.25,294.58,2861.17,1517.65,444.85,66.54,231.11,906.22,361.62,229.52,269.27,464.52,221.2,103.1,3175.06,242.27,95.99,132.78,40.32,59.07,99.6,281.75
20260824,12:20:05,45034.15,40388.04,24264.44,16229.79,123.43,1943.31,313.92,484.37,538.18,109.22,177.24,191.07,103.46,136.42,289.35,123.2,198.25,294.58,2864.21,1520.08,444.85,66.55,230.81,906.23,361.62,229.52,269.27,464.52,221.2,103.1,3174.92,242.27,95.99,132.78,40.32,59.07,99.6,281.75
20260824,12:20:10,45030.85,40384.61,24263.94,16228.47,123.3,1943.31,313.92,484.37,538.17,109.22,177.25,191.08,103.47,136.42,289.35,123.2,198.25,294.58,2863.96,1519.9,444.84,66.55,230.81,906.19,361.62,229.52,269.27,464.52,221.08,103.1,3175.12,242.27,95.99,132.8,40.32,59.07,99.6,281.76
20260824,12:20:15,45030.91,40385.03,24260.25,16225.43,123.3,1943.31,313.84,484.37,538.17,109.22,177.25,191.08,103.47,136.42,289.35,123.2,198.25,294.58,2864.07,1519.97,444.86,66.55,230.81,906.19,361.62,229.52,269.28,464.52,220.83,103.1,3174.8,242.27,95.99,132.8,40.32,59.07,99.6,281.76
20260824,12:20:20,45031.22,40386.42,24258.5,16227.09,123.3,1943.31,313.92,484.37,538.17,109.22,177.24,191.08,103.46,136.42,289.35,123.2,198.25,294.58,2864.14,1519.99,444.85,66.56,230.93,906.19,361.62,229.52,269.28,464.52,220.96,103.1,3173.8,242.27,95.99,132.8,40.32,59.05,99.6,281.76
20260824,12:20:25,45029.3,40384.46,24258.73,16227.04,123.3,1943.31,313.92,484.45,538.17,109.22,177.24,191.07,103.46,136.42,289.35,123.2,198.25,294.58,2863.99,1519.93,444.85,66.56,231.18,906.18,361.62,229.52,268.97,464.52,220.94,103.1,3173.88,242.27,95.99,132.82,40.32,59.05,99.6,281.76
20260824,12:20:30,45031.42,40385.47,24261.73,16226.96,123.24,1943.31,313.92,484.45,538.23,109.22,177.23,191.06,103.46,136.42,289.35,123.2,198.25,294.58,2864.07,1520.0,444.85,66.56,231.18,906.18,361.62,229.52,268.97,464.53,220.94,103.1,3174.84,242.27,95.99,132.8,40.32,59.05,99.6,281.76
20260824,12:20:35,44994.76,40349.9,24260.72,16226.31,123.37,1943.31,313.84,484.56,538.09,109.22,177.23,191.06,103.46,136.43,289.35,123.2,198.25,294.58,2861.22,1517.67,444.83,66.54,231.18,906.22,361.62,229.52,269.28,464.53,220.93,103.1,3174.7,242.27,95.99,132.8,40.32,59.05,99.6,281.76
20260824,12:20:40,45035.82,40389.59,24261.65,16226.33,123.37,1943.23,313.84,484.56,538.09,109.22,177.23,191.06,103.46,136.43,289.35,123.2,198.21,294.58,2864.42,1520.16,444.83,66.56,231.07,906.21,361.62,229.52,269.28,464.53,220.94,103.1,3174.99,242.27,95.99,132.8,40.32,59.05,99.6,281.76
20260824,12:20:45,45038.29,40392.07,24262.22,16227.21,123.37,1943.23,313.84,484.31,538.09,109.22,177.23,191.05,103.46,136.43,289.35,123.32,198.24,294.56,2864.6,1520.16,444.83,66.55,231.07,906.65,361.62,229.52,269.28,464.53,220.98,103.1,3174.93,242.27,95.99,132.8,40.32,59.05,99.6,281.76
20260824,12:20:50,45036.19,40390.09,24262.79,16228.11,123.37,1943.23,313.84,484.31,538.11,109.22,177.25,191.05,103.48,136.43,289.35,123.32,198.28,294.56,2864.41,1520.19,444.8,66.55,231.07,906.19,361.62,229.52,269.28,464.53,220.95,103.1,3174.86,242.27,96.11,132.8,40.32,59.05,99.6,281.76
20260824,12:20:55,45033.89,40388.6,24260.04,16227.43,123.24,1943.23,313.84,484.33,538.04,109.22,177.24,191.05,103.47,136.43,289.35,123.32,198.24,294.56,2864.31,1520.18,444.79,66.55,230.82,906.19,361.62,229.52,269.28,464.53,221.06,103.1,3174.19,242.27,95.99,132.8,40.32,59.05,99.6,281.76
20260824,12:21:00,45033.79,40387.94,24261.89,16227.66,123.24,1943.23,313.84,484.33,538.03,109.22,177.24,191.05,103.47,136.43,289.35,123.32,198.2,294.56,2864.25,1520.11,444.9,66.54,230.81,906.16,361.62,229.53,269.28,464.57,221.06,103.1,3174.7,242.27,95.99,132.82,40.32,59.08,99.6,281.76
20260824,12:21:05,44992.5,40347.7,24261.77,16227.52,123.18,1943.23,313.84,484.33,538.17,109.22,177.24,191.05,103.47,136.43,289.35,123.23,198.23,294.56,2861.01,1517.71,444.9,66.53,230.93,906.17,361.64,229.53,268.97,464.57,221.06,103.1,3174.7,242.27,95.99,132.8,40.32,59.08,99.6,281.81
20260824,12:21:10,44993.6,40349.14,24263.1,16230.31,123.31,1943.2,314.38,484.32,538.17,109.21,177.24,191.04,103.47,136.43,289.35,123.23,198.23,294.56,2861.06,1517.79,444.87,66.54,230.81,906.17,361.64,229.53,268.97,464.53,220.91,103.1,3174.36,242.27,95.99,132.8,40.32,59.08,99.6,281.81
20260824,12:21:15,44995.61,40351.35,24261.83,16229.66,123.18,1943.2,314.38,484.32,538.17,109.21,177.24,191.05,103.47,136.43,289.35,123.23,198.23,294.56,2861.26,1517.81,444.91,66.55,231.06,906.3,361.64,229.53,268.97,464.53,220.88,103.1,3174.14,242.27,95.99,132.8,40.32,59.08,99.6,281.81
20260824,12:21:20,45036.7,40390.58,24264.52,16230.05,123.31,1943.2,314.38,484.32,538.17,109.22,177.24,191.05,103.47,136.43,289.35,123.23,198.23,294.56,2864.41,1520.16,444.89,66.55,230.81,906.77,361.64,229.53,268.97,464.53,220.88,103.1,3174.87,242.27,95.99,132.8,40.32,59.08,99.6,281.81
20260824,12:21:25,44995.14,40351.1,24261.11,16229.54,123.18,1943.2,314.38,484.32,538.17,109.22,177.25,191.07,103.47,136.43,289.47,123.36,198.23,294.56,2861.24,1517.71,444.89,66.56,230.82,906.8,361.64,229.53,268.97,464.53,220.76,103.1,3173.95,242.27,95.99,132.8,40.32,59.08,99.6,281.81
20260824,12:21:30,44996.3,40351.64,24263.03,16229.76,123.18,1943.2,314.38,484.32,538.17,109.22,177.25,191.07,103.47,136.43,289.47,123.33,198.23,294.56,2861.28,1517.74,444.89,66.55,230.82,906.8,361.64,229.53,268.97,464.49,220.8,103.1,3174.49,242.27,95.99,132.8,40.32,59.1,99.6,281.81
20260824,12:21:35,44992.84,40347.87,24265.65,16231.49,123.18,1943.2,314.38,484.32,538.17,109.22,177.26,191.07,103.48,136.43,289.44,123.33,198.23,294.56,2860.93,1517.62,444.91,66.55,230.82,906.33,361.64,229.53,268.97,464.49,220.96,103.1,3174.84,242.27,95.99,132.8,40.32,59.1,99.6,281.81
20260824,12:21:40,44995.96,40350.66,24266.39,16231.46,123.2,1943.2,314.46,484.32,538.17,109.22,177.27,191.09,103.48,136.43,289.44,123.21,198.23,294.56,2861.16,1517.81,444.92,66.55,230.82,906.28,361.64,229.53,268.97,464.48,220.97,103.1,3175.07,242.27,95.99,132.79,40.32,59.1,99.6,281.81
20260824,12:21:45,44993.03,40347.65,24265.56,16229.99,123.2,1943.2,314.46,484.32,538.17,109.22,177.26,191.06,103.48,136.43,289.44,123.21,198.23,294.56,2860.95,1517.7,444.92,66.55,230.82,906.16,361.32,229.53,268.96,464.48,220.82,103.1,3175.22,242.27,95.99,132.79,40.32,59.1,99.6,281.81
20260824,12:21:50,44996.25,40351.32,24263.95,16229.92,123.32,1943.2,314.38,484.41,538.17,109.22,177.26,191.07,103.48,136.43,289.44,123.21,198.23,294.56,2861.25,1517.82,444.92,66.55,231.2,906.17,361.32,229.53,268.96,464.5,220.82,103.1,3174.73,242.27,95.99,132.79,40.32,59.1,99.6,281.81
20260824,12:21:55,44994.51,40350.05,24259.31,16226.02,123.2,1943.2,313.91,484.41,538.17,109.22,177.25,191.03,103.48,136.43,289.44,123.21,198.23,294.57,2861.24,1517.8,444.93,66.57,231.2,906.17,361.32,229.53,268.96,464.5,220.82,103.1,3174.34,242.27,95.99,132.79,40.32,59.1,99.6,281.81
20260824,12:22:00,44993.33,40349.13,24265.13,16233.48,123.2,1943.2,314.45,484.54,538.17,109.22,177.25,191.03,103.48,136.43,289.44,123.34,198.24,294.57,2860.98,1517.7,444.85,66.57,230.95,906.18,361.3,229.53,268.96,464.5,220.98,103.1,3174.13,242.27,96.11,132.83,40.32,59.1,99.6,281.81
20260824,12:22:05,44994.48,40349.82,24262.43,16228.94,123.32,1943.2,313.91,484.54,538.21,109.22,177.25,191.03,103.48,136.43,289.44,123.34,198.24,294.57,2861.15,1517.8,444.84,66.56,231.2,906.08,361.3,229.53,268.96,464.5,220.97,103.1,3174.52,242.27,95.99,132.83,40.32,59.1,99.6,281.79
20260824,12:22:10,44994.01,40349.64,24261.39,16228.66,123.32,1943.2,313.9,484.74,538.21,109.22,177.22,191.04,103.45,136.43,289.44,123.34,198.24,294.57,2861.14,1517.78,444.84,66.55,231.2,906.08,361.63,229.53,268.96,464.49,220.97,103.08,3174.27,242.27,95.99,132.8,40.32,59.1,99.6,281.79
20260824,12:22:15,44992.28,40349.01,24255.86,16225.84,123.2,1943.2,313.9,484.74,538.21,109.22,177.22,191.05,103.45,136.43,289.44,123.23,198.24,294.57,2861.16,1517.79,444.84,66.55,231.08,906.2,361.63,229.53,268.96,464.43,220.81,103.08,3173.31,242.27,95.99,132.8,40.32,59.1,99.6,281.74
20260824,12:22:20,45032.81,40388.22,24260.36,16230.05,123.2,1943.2,314.45,484.74,538.21,109.22,177.21,191.02,103.45,136.43,289.44,123.23,198.24,294.57,2864.22,1520.19,444.86,66.55,230.83,906.2,361.87,229.53,268.96,464.43,220.85,103.08,3173.57,242.27,95.99,132.8,40.32,59.1,99.6,281.74
20260824,12:22:25,45030.96,40386.81,24259.66,16230.56,123.2,1943.2,314.45,484.66,538.21,109.22,177.2,190.99,103.45,136.43,289.44,123.23,198.24,294.57,2864.09,1520.1,444.86,66.55,230.83,906.19,361.88,229.53,268.96,464.39,220.93,103.08,3173.22,242.27,95.99,132.8,40.32,59.1,99.6,281.74
20260824,12:22:30,44990.29,40346.57,24262.35,16231.6,123.2,1943.2,314.45,484.91,538.21,109.22,177.21,191.02,103.45,136.43,289.44,123.35,198.24,294.57,2860.82,1517.59,444.86,66.55,230.82,906.2,361.65,229.53,268.98,464.39,220.92,103.08,3173.78,242.27,95.99,132.8,40.32,59.1,99.6,281.74
20260824,12:22:35,44990.37,40346.49,24261.8,16230.45,123.32,1943.2,314.45,484.91,537.88,109.22,177.21,191.02,103.45,136.43,289.44,123.35,198.24,294.53,2860.84,1517.6,444.87,66.55,230.81,906.21,361.65,229.54,268.98,464.39,220.89,103.08,3173.92,242.24,95.99,132.79,40.32,59.1,99.6,281.74
20260824,12:22:40,44991.84,40347.61,24263.79,16231.7,123.32,1943.2,314.45,484.91,537.88,109.22,177.21,191.02,103.45,136.43,289.44,123.32,198.24,294.53,2860.9,1517.65,444.87,66.55,230.81,906.2,361.65,229.54,268.98,464.39,221.05,103.08,3174.2,242.24,95.99,132.79,40.32,59.1,99.6,281.74
20260824,12:22:45,44993.73,40349.23,24263.21,16230.3,123.32,1943.2,314.45,484.91,537.88,109.22,177.21,191.02,103.45,136.43,289.44,123.31,198.24,294.53,2861.07,1517.77,444.85,66.54,230.81,906.19,361.65,229.54,269.02,464.39,220.91,103.08,3174.4,242.24,95.99,132.8,40.32,59.1,99.6,281.74
20260824,12:22:50,44994.17,40349.68,24261.37,16228.25,123.32,1943.2,314.45,484.84,537.86,109.22,177.2,190.99,103.45,136.43,289.44,123.27,198.24,294.53,2861.15,1517.76,444.83,66.54,231.06,906.22,361.65,229.3,269.03,464.39,220.75,103.08,3174.38,242.24,95.98,132.8,40.32,59.1,99.6,281.74
20260824,12:22:55,44993.98,40350.37,24259.12,16228.59,123.2,1943.2,314.45,484.84,537.86,109.22,177.19,190.97,103.45,136.43,289.44,123.27,198.24,294.53,2861.2,1517.8,444.83,66.53,231.06,906.23,361.65,229.54,269.03,464.39,220.87,103.08,3173.58,242.03,95.98,132.8,40.32,59.1,99.6,281.74
20260824,12:23:00,44990.48,40347.04,24258.73,16228.41,123.2,1943.2,314.45,484.84,537.72,109.22,177.16,190.97,103.42,136.43,289.32,123.32,198.2,294.53,2860.94,1517.68,444.83,66.53,230.81,906.22,361.65,229.54,269.03,464.39,220.88,103.08,3173.51,242.03,95.98,132.8,40.32,59.15,99.6,281.74
20260824,12:23:05,44992.91,40349.37,24255.43,16224.46,123.2,1943.2,313.9,484.84,537.72,109.22,177.16,190.97,103.42,136.43,289.44,123.32,198.2,294.53,2861.22,1517.8,444.78,66.54,231.17,906.22,361.68,229.54,269.03,464.41,220.87,103.08,3173.55,242.03,95.98,132.8,40.32,59.15,99.6,281.74
20260824,12:23:10,45030.69,40386.02,24256.18,16224.81,123.32,1943.2,313.9,484.76,537.71,109.3,177.16,190.97,103.42,136.43,289.44,123.28,198.2,294.53,2864.17,1520.22,444.78,66.54,231.17,905.78,361.73,229.54,269.02,464.43,220.88,103.08,3173.69,242.03,95.98,132.8,40.32,59.15,99.6,281.74
20260824,12:23:15,45027.45,40382.23,24257.19,16223.87,123.2,1943.2,313.91,484.76,537.66,109.32,177.16,190.98,103.42,136.43,289.44,123.16,198.2,294.53,2863.88,1520.01,444.83,66.55,231.06,905.74,361.73,229.54,269.03,464.43,220.91,103.05,3174.26,242.03,95.98,132.8,40.32,59.15,99.6,281.75
20260824,12:23:20,45029.69,40384.6,24256.95,16224.19,123.2,1943.2,313.91,484.74,538.0,109.32,177.15,190.96,103.42,136.43,289.44,123.16,198.2,294.53,2864.07,1520.19,444.84,66.55,230.92,905.74,361.73,229.54,269.02,464.47,220.9,103.05,3174.1,242.1,95.86,132.8,40.36,59.15,99.6,281.74
20260824,12:23:25,45028.11,40383.49,24258.06,16226.92,123.2,1943.2,314.45,484.74,538.05,109.32,177.15,190.96,103.42,136.43,289.44,123.16,198.2,294.53,2863.91,1520.05,444.85,66.55,230.92,905.77,361.72,229.54,269.04,464.46,220.75,103.05,3173.71,242.12,95.86,132.8,40.36,59.15,99.6,281.74
20260824,12:23:30,45029.68,40384.43,24259.43,16226.52,123.2,1943.2,314.45,484.74,538.05,109.32,177.16,190.97,103.42,136.43,289.44,123.15,198.2,294.53,2864.0,1520.12,444.85,66.55,230.92,905.76,361.74,229.54,269.04,464.46,220.71,103.05,3174.24,242.12,95.86,132.8,40.36,59.15,99.6,281.74
20260824,12:23:35,45026.07,40381.29,24256.23,16224.1,123.2,1943.2,314.45,484.74,538.05,109.32,176.97,191.01,103.26,136.43,289.44,123.19,198.2,294.53,2863.8,1519.99,444.83,66.53,230.92,905.76,361.74,229.54,269.03,464.42,220.71,103.05,3173.9,241.8,95.86,132.8,40.36,59.15,99.6,281.74
20260824,12:23:40,45031.25,40386.41,24252.17,16219.68,123.2,1943.2,313.91,484.74,538.05,109.24,176.97,191.01,103.26,136.42,289.44,123.19,198.2,294.53,2864.32,1520.17,444.91,66.56,231.04,905.8,361.72,229.54,269.35,464.42,220.7,103.05,3173.83,241.8,95.86,132.8,40.36,59.15,99.6,281.69
20260824,12:23:45,45030.38,40385.56,24255.95,16223.98,123.2,1943.2,314.45,484.73,538.05,109.24,176.98,191.03,103.26,136.42,289.44,123.19,198.2,294.53,2864.15,1520.06,444.82,66.56,231.04,905.85,361.73,229.54,269.35,464.42,220.83,103.05,3173.84,241.8,95.74,132.8,40.36,59.15,99.6,281.7
20260824,12:23:50,45027.61,40385.19,24249.17,16224.0,123.32,1943.18,314.45,484.73,538.01,109.24,176.98,191.04,103.26,136.42,289.44,123.31,198.2,294.53,2864.12,1520.09,444.8,66.56,230.81,905.89,361.73,229.54,269.36,464.44,220.71,103.05,3171.72,241.8,95.74,132.8,40.36,59.15,99.6,281.72
20260824,12:23:55,45027.17,40385.17,24247.46,16223.42,123.2,1943.18,314.45,484.73,538.01,109.24,176.98,191.04,103.26,136.42,289.44,123.31,198.16,294.53,2864.13,1520.05,444.8,66.56,230.99,905.88,361.71,229.54,269.36,464.36,220.71,103.05,3171.34,241.8,95.74,132.8,40.36,59.15,99.6,281.72
20260824,12:24:00,45029.97,40387.84,24249.48,16225.52,123.32,1943.18,314.45,484.73,538.05,109.24,176.99,191.03,103.27,136.42,289.44,123.31,198.16,294.53,2864.29,1520.15,444.8,66.55,231.1,905.9,361.71,229.54,269.35,464.32,220.87,103.05,3171.41,241.8,95.74,132.8,40.36,59.15,99.6,281.72
20260824,12:24:05,45027.44,40382.76,24256.97,16225.38,123.32,1943.18,314.45,484.73,538.02,109.24,176.99,191.04,103.27,136.42,289.44,123.31,198.2,294.53,2863.89,1519.99,444.82,66.56,231.1,905.83,361.38,229.54,269.03,464.31,220.85,103.05,3173.78,241.8,95.74,132.8,40.37,59.15,99.6,281.72
20260824,12:24:10,44985.87,40342.23,24249.01,16216.14,123.32,1943.18,313.37,484.73,538.05,109.24,176.99,191.04,103.27,136.42,289.44,123.31,198.2,294.54,2860.85,1517.65,444.82,66.56,231.1,905.81,361.38,229.54,269.03,464.31,220.71,103.05,3173.81,241.8,95.74,132.8,40.37,59.15,99.6,281.72
20260824,12:24:15,44995.45,40351.32,24256.51,16223.96,123.2,1943.18,313.91,484.73,538.05,109.24,177.39,191.04,103.59,136.42,289.44,123.31,198.2,294.54,2861.39,1517.81,444.82,66.54,231.12,906.54,361.89,229.54,269.03,464.25,220.72,103.05,3174.03,241.8,95.74,132.8,40.37,59.15,99.6,281.72
20260824,12:24:20,44994.13,40350.19,24256.11,16224.02,123.32,1943.18,313.83,484.73,538.19,109.24,177.39,191.04,103.59,136.42,289.44,123.31,198.2,294.54,2861.3,1517.77,444.82,66.56,231.0,906.54,361.89,229.52,269.03,464.25,220.68,103.05,3173.88,241.8,95.74,132.8,40.37,59.15,99.6,281.77
20260824,12:24:25,44992.63,40348.62,24252.95,16220.06,123.32,1943.18,313.29,484.73,538.19,109.24,177.38,191.07,103.58,136.42,289.44,123.31,198.2,294.54,2861.27,1517.67,444.93,66.55,231.23,906.46,361.89,229.52,269.02,464.29,220.68,103.05,3173.97,241.8,95.74,132.8,40.37,59.15,99.6,281.77
20260824,12:24:30,44991.51,40347.97,24255.85,16224.85,123.32,1943.18,313.83,484.73,538.21,109.25,177.38,191.06,103.58,136.42,289.44,123.31,198.2,294.54,2861.1,1517.57,444.92,66.55,230.98,906.59,361.89,229.52,269.02,464.27,220.77,103.05,3173.58,241.8,95.74,132.8,40.37,59.15,99.6,281.77
20260824,12:24:35,44991.88,40347.74,24256.68,16223.83,123.32,1943.18,313.9,484.65,538.14,109.25,177.38,191.06,103.58,136.42,289.44,123.31,198.2,294.54,2861.1,1517.59,444.9,66.55,230.98,906.57,361.89,229.52,269.02,464.27,220.63,103.05,3174.11,241.8,95.74,132.8,40.37,59.15,99.6,281.77
20260824,12:24:40,44989.6,40345.68,24252.12,16219.1,123.39,1943.18,313.36,484.65,538.17,109.25,177.39,191.07,103.58,136.42,289.44,123.31,198.2,294.53,2861.05,1517.58,444.9,66.54,230.98,906.56,361.88,229.52,268.98,464.26,220.51,103.04,3173.97,241.8,95.74,132.8,40.37,59.16,99.6,281.77
20260824,12:24:45,44990.75,40347.46,24253.06,16222.41,123.39,1943.18,313.9,484.73,538.17,109.25,177.4,191.12,103.58,136.42,289.44,123.26,198.2,294.54,2861.12,1517.63,444.91,66.54,230.98,906.54,361.88,229.52,268.98,464.26,220.51,103.04,3173.37,241.8,95.74,132.6,40.37,59.16,99.6,281.77
20260824,12:24:50,44991.0,40347.55,24253.6,16222.51,123.39,1943.18,313.9,484.73,538.17,109.25,177.4,191.13,103.58,136.42,289.44,123.26,198.2,294.54,2861.12,1517.64,444.91,66.54,230.98,906.53,361.88,229.52,268.97,464.31,220.51,103.02,3173.51,241.8,95.74,132.6,40.37,59.16,99.6,281.77
20260824,12:24:55,44989.89,40346.62,24254.54,16224.11,123.26,1943.18,313.9,484.73,538.11,109.25,177.46,191.13,103.63,136.42,289.44,123.3,198.2,294.54,2861.01,1517.58,444.93,66.54,230.99,906.4,362.14,229.52,268.97,464.3,220.54,103.02,3173.37,241.8,95.86,132.6,40.37,59.16,99.6,281.77
20260824,12:25:00,44991.85,40349.12,24253.11,16224.44,123.26,1943.18,313.9,484.73,538.0,109.25,177.46,191.12,103.63,136.2,289.44,123.3,198.2,294.54,2861.2,1517.58,444.95,66.55,230.99,906.4,362.14,229.52,269.29,464.3,220.65,103.02,3172.83,241.8,95.86,132.6,40.37,59.16,99.61,281.75
20260824,12:25:05,44991.92,40348.17,24251.13,16218.72,123.26,1943.18,313.36,484.73,537.95,109.24,177.45,191.09,103.63,136.2,289.44,123.31,198.2,294.54,2861.26,1517.65,444.91,66.54,231.0,906.4,362.14,229.52,269.29,464.3,220.49,103.02,3173.77,241.8,95.86,132.6,40.37,59.16,99.61,281.75
20260824,12:25:10,45034.04,40388.71,24256.0,16222.67,123.39,1941.77,313.9,484.73,538.0,109.24,177.45,191.07,103.63,136.2,289.44,123.31,198.16,294.53,2864.43,1520.14,444.94,66.55,231.0,906.34,362.14,229.52,269.19,464.3,220.53,103.02,3174.21,241.73,95.86,132.6,40.37,59.17,99.61,281.7
20260824,12:25:15,45035.47,40390.55,24251.19,16218.63,123.26,1941.83,313.36,484.73,538.08,109.24,177.46,191.11,103.63,136.2,289.44,123.31,198.16,294.53,2864.68,1520.13,445.07,66.54,231.25,907.01,362.14,229.52,268.87,464.3,220.52,103.02,3173.81,241.73,95.86,132.6,40.37,59.17,99.61,281.7
20260824,12:25:20,45034.56,40387.34,24257.21,16217.79,123.39,1941.83,313.36,484.73,538.08,109.24,177.46,191.1,103.63,136.2,289.44,123.32,198.16,294.53,2864.44,1520.05,444.98,66.54,231.0,906.99,362.15,229.52,268.87,464.3,220.49,103.02,3175.92,241.73,95.74,132.6,40.37,59.17,99.61,281.7
20260824,12:25:25,45034.57,40387.36,24260.18,16221.22,123.39,1941.83,313.82,484.73,538.08,109.24,177.46,191.1,103.63,136.2,289.44,123.32,198.16,294.53,2864.36,1520.03,444.99,66.54,230.82,907.0,362.16,229.52,268.87,464.31,220.5,103.02,3175.92,241.73,95.74,132.6,40.37,59.17,99.6,281.7
20260824,12:25:30,45033.21,40386.47,24257.69,16219.8,123.26,1941.83,313.82,484.73,538.08,109.24,177.44,191.07,103.63,136.2,289.44,123.2,198.16,294.53,2864.32,1520.03,444.9,66.54,230.82,907.0,362.16,229.52,268.87,464.31,220.5,103.03,3175.52,241.66,95.74,132.6,40.37,59.17,99.6,281.7
20260824,12:25:35,44994.76,40348.82,24259.69,16221.53,123.26,1941.83,313.9,484.73,538.08,109.24,177.47,191.07,103.65,136.2,289.44,123.2,198.16,294.53,2861.25,1517.67,444.89,66.53,230.82,907.01,362.14,229.52,268.87,464.3,220.5,103.03,3175.68,241.66,95.86,132.6,40.37,59.15,99.6,281.7
20260824,12:25:40,44993.0,40347.27,24258.97,16221.21,123.26,1941.83,313.9,484.73,538.09,109.24,177.48,191.09,103.65,136.42,289.44,123.2,198.16,294.51,2861.13,1517.59,444.89,66.52,230.8,907.01,362.14,229.52,268.87,464.3,220.54,103.03,3175.54,241.66,95.74,132.6,40.37,59.15,99.6,281.68
20260824,12:25:45,44993.6,40347.84,24259.02,16221.22,123.39,1941.83,313.9,484.73,538.09,109.24,177.48,191.11,103.65,136.42,289.44,123.18,198.16,294.51,2861.18,1517.62,444.76,66.52,230.92,907.05,362.14,229.52,268.87,464.3,220.5,103.03,3175.55,241.66,95.74,132.6,40.37,59.15,99.6,281.68
20260824,12:25:50,44992.9,40347.15,24259.4,16221.66,123.39,1941.83,313.9,484.73,538.09,109.24,177.48,191.09,103.65,136.42,289.44,123.2,198.16,294.51,2861.11,1517.61,444.78,66.55,230.92,906.88,362.14,229.52,268.87,464.29,220.55,103.03,3175.55,241.66,95.74,132.6,40.37,59.15,99.6,281.68
20260824,12:25:55,44991.51,40345.21,24260.29,16220.72,123.26,1941.83,313.9,484.72,538.09,109.24,177.48,191.09,103.65,136.42,289.44,123.18,198.16,294.51,2860.98,1517.52,444.84,66.52,230.8,906.87,362.14,229.52,268.91,464.29,220.4,103.03,3176.08,241.66,95.86,132.6,40.37,59.15,99.6,281.68
20260824,12:26:00,44990.4,40345.12,24256.04,16219.16,123.2,1941.83,313.9,484.72,538.07,109.24,177.28,191.08,103.49,136.42,289.44,123.31,198.16,294.58,2861.01,1517.53,444.83,66.54,230.8,906.89,362.14,229.52,268.91,464.26,220.4,103.03,3175.18,241.66,95.86,132.57,40.37,59.15,99.6,281.68
20260824,12:26:05,44994.07,40347.96,24258.21,16219.16,123.2,1941.83,313.91,484.72,538.07,109.24,177.28,191.08,103.49,136.42,289.44,123.31,198.16,294.58,2861.23,1517.62,444.84,66.55,231.05,906.89,362.14,229.52,268.92,464.26,220.38,103.03,3175.86,241.66,95.86,132.57,40.37,59.17,99.6,281.68
20260824,12:26:10,45031.7,40384.18,24259.19,16218.83,123.2,1941.83,313.83,484.72,538.13,109.24,177.28,191.07,103.5,136.42,289.44,123.31,198.16,294.58,2864.16,1520.0,444.85,66.54,230.8,906.76,362.14,229.52,268.92,464.26,220.38,103.03,3176.26,241.66,95.86,132.57,40.37,59.17,99.6,281.68
20260824,12:26:15,45035.19,40387.69,24258.99,16218.91,123.2,1941.83,313.83,484.6,538.19,109.23,177.29,191.08,103.5,136.42,289.44,123.31,198.16,294.58,2864.44,1520.08,444.85,66.54,230.8,906.76,362.14,229.52,269.22,464.3,220.37,103.03,3176.17,241.66,95.86,132.57,40.37,59.17,99.6,281.68
20260824,12:26:20,44987.33,40341.45,24254.0,16214.53,123.2,1941.83,313.28,484.6,538.23,109.23,177.3,191.13,103.5,136.42,289.44,123.31,198.16,294.58,2860.82,1517.44,444.81,66.54,230.91,906.27,362.16,229.52,269.22,464.26,220.32,103.03,3175.8,241.66,95.86,132.57,40.37,59.17,99.6,281.65
20260824,12:26:25,44989.78,40343.63,24258.23,16218.68,123.2,1942.05,313.83,484.6,538.17,109.23,177.3,191.14,103.5,136.42,289.44,123.31,198.16,294.58,2860.9,1517.46,444.8,66.54,230.8,906.27,361.92,229.52,269.41,464.26,220.33,103.03,3176.0,241.73,95.86,132.57,40.37,59.17,99.6,281.65
20260824,12:26:30,44989.74,40344.46,24255.66,16218.65,123.2,1942.05,313.83,484.6,538.17,109.23,177.3,191.13,103.5,136.42,289.44,123.31,198.16,294.58,2860.97,1517.49,444.93,66.52,230.8,906.26,361.85,229.52,269.41,464.26,220.33,103.03,3175.2,241.73,95.86,132.6,40.32,59.17,99.6,281.68
20260824,12:26:35,44987.0,40343.22,24252.08,16219.31,123.32,1942.05,313.83,484.6,538.17,109.23,177.34,191.16,103.52,136.42,289.44,123.3,198.16,294.58,2860.85,1517.47,444.92,66.51,231.03,906.27,361.85,229.48,269.1,464.26,220.34,103.03,3173.9,241.66,95.86,132.6,40.32,59.17,99.6,281.67
20260824,12:26:40,44987.67,40344.06,24251.59,16219.35,123.32,1942.05,313.83,484.6,538.17,109.23,177.34,191.16,103.52,136.42,289.44,123.3,198.19,294.56,2860.92,1517.41,444.92,66.51,231.28,906.39,361.85,229.48,269.1,464.26,220.33,103.03,3173.74,241.66,95.87,132.6,40.32,59.17,99.6,281.67
20260824,12:26:45,44989.7,40343.91,24257.74,16219.33,123.32,1942.05,313.91,484.61,538.17,109.23,177.33,191.15,103.52,136.42,289.44,123.3,198.19,294.58,2860.9,1517.51,444.76,66.51,231.03,906.43,361.85,229.24,269.1,464.3,220.35,103.03,3175.66,241.66,95.87,132.6,40.32,59.17,99.6,281.37
20260824,12:26:50,44991.27,40345.44,24257.34,16218.88,123.2,1942.05,313.91,484.61,538.17,109.23,177.33,191.15,103.52,136.43,289.44,123.3,198.19,294.58,2861.04,1517.46,444.55,66.51,231.28,906.48,362.1,229.24,269.4,464.3,220.34,103.03,3175.66,241.66,95.87,132.6,40.32,59.17,99.6,281.37
20260824,12:26:55,44990.99,40345.17,24257.37,16218.91,123.2,1942.05,313.91,484.61,538.15,109.23,177.34,191.17,103.52,136.43,289.44,123.31,198.19,294.58,2861.02,1517.46,444.55,66.51,231.28,906.42,362.1,229.24,269.4,464.31,220.34,103.03,3175.66,241.66,95.87,132.6,40.32,59.17,99.6,281.37
20260824,12:27:00,44986.18,40341.23,24255.3,16219.05,123.2,1942.05,313.83,484.61,538.15,109.23,177.33,191.12,103.52,136.43,289.44,123.31,198.19,294.58,2860.7,1517.36,444.55,66.51,230.8,906.42,362.1,229.24,269.4,464.3,220.34,103.03,3174.98,241.66,95.87,132.6,40.32,59.16,99.6,281.68
20260824,12:27:05,44986.97,40341.86,24257.65,16221.24,123.2,1942.07,313.83,484.6,538.21,109.23,177.52,191.14,103.68,136.43,289.44,123.31,198.19,294.58,2860.69,1517.35,444.55,66.53,230.8,906.39,362.1,229.48,269.39,464.3,220.33,103.03,3175.12,241.66,95.87,132.6,40.32,59.16,99.6,281.68
20260824,12:27:10,45023.56,40377.07,24258.68,16220.98,123.2,1942.07,313.83,484.6,538.2,109.15,177.52,191.14,103.68,136.42,289.44,123.31,198.19,294.58,2863.54,1519.55,444.55,66.53,230.8,906.37,362.1,229.48,269.4,464.3,220.33,103.03,3175.51,241.66,95.87,132.6,40.32,59.15,99.6,281.68
20260824,12:27:15,45016.8,40370.83,24256.79,16219.96,123.2,1940.66,313.84,484.33,538.19,109.15,177.52,191.14,103.68,136.2,289.44,123.31,198.19,294.58,2863.06,1519.32,444.55,66.52,230.8,906.36,362.18,229.48,269.09,464.31,220.33,103.03,3175.2,241.66,95.87,132.6,40.32,59.16,99.6,281.68
20260824,12:27:20,45018.03,40373.52,24252.13,16219.62,123.32,1940.66,313.84,484.08,538.1,109.15,177.53,191.16,103.68,136.2,289.44,123.31,198.19,294.58,2863.28,1519.49,444.55,66.52,230.8,906.37,362.18,229.48,269.09,464.31,220.32,103.03,3173.84,241.66,95.87,132.6,40.32,59.16,99.6,281.68
20260824,12:27:25,44976.92,40333.16,24252.2,16218.65,123.32,1939.25,313.84,484.08,538.21,109.15,177.53,191.13,103.68,136.19,289.44,123.19,198.19,294.58,2860.05,1517.01,444.6,66.52,230.8,906.31,362.15,229.48,269.08,464.36,220.31,103.04,3174.12,241.66,95.87,132.6,40.32,59.16,99.6,281.68
20260824,12:27:30,44974.88,40330.96,24254.99,16221.18,123.2,1939.25,313.92,484.08,538.3,109.15,177.53,191.13,103.68,136.19,289.44,123.3,198.05,294.58,2859.82,1516.84,444.55,66.51,230.8,906.31,362.18,229.48,269.08,464.36,220.45,103.04,3174.31,241.73,95.87,132.6,40.32,59.16,99.61,281.67
20260824,12:27:35,44969.76,40328.84,24244.83,16219.06,123.2,1940.16,313.92,484.08,538.32,109.07,177.45,191.13,103.62,136.19,289.44,123.3,198.19,294.56,2859.7,1516.78,444.44,66.51,230.8,906.26,362.43,229.48,269.09,464.35,220.28,103.04,3171.71,241.73,95.87,132.6,40.32,59.16,99.61,281.67
20260824,12:27:40,44970.04,40328.55,24242.43,16214.41,123.2,1940.1,313.38,484.08,538.21,109.07,177.44,191.06,103.63,136.19,289.44,123.3,198.19,294.56,2859.78,1516.8,444.43,66.53,231.05,906.25,362.19,229.48,269.08,464.35,220.27,103.04,3172.22,241.73,95.87,132.6,40.32,59.16,99.61,281.66
20260824,12:27:45,44973.21,40329.46,24253.01,16219.28,123.39,1940.1,313.92,484.08,538.35,109.07,177.43,191.02,103.63,136.19,289.44,123.3,198.19,294.56,2859.74,1516.76,444.44,66.53,231.06,906.25,362.19,229.48,269.08,464.35,220.27,103.04,3174.2,241.73,95.87,132.6,40.32,59.16,99.61,281.66
20260824,12:27:50,44975.27,40331.46,24252.44,16218.63,123.26,1940.1,313.92,484.08,538.28,109.07,177.42,190.98,103.63,136.19,289.44,123.3,198.19,294.56,2859.92,1516.91,444.42,66.52,231.06,906.25,362.19,229.48,269.08,464.34,220.28,103.04,3174.2,241.73,95.87,132.6,40.32,59.16,99.61,281.65
20260824,12:27:55,44971.45,40327.98,24249.88,16216.5,123.26,1940.1,313.92,483.82,538.26,109.07,177.29,190.96,103.53,136.19,289.44,123.18,198.23,294.56,2859.69,1516.79,444.46,66.53,230.81,906.23,362.18,229.48,269.08,464.4,220.42,103.04,3173.98,241.73,95.75,132.6,40.32,59.16,99.61,281.61
20260824,12:28:00,44972.13,40329.65,24247.91,16217.58,123.39,1940.1,313.92,483.8,538.28,109.07,177.29,190.96,103.53,136.19,289.44,123.28,198.23,294.56,2859.8,1516.73,444.46,66.53,230.8,906.67,362.18,229.48,269.08,464.34,220.42,103.08,3173.07,241.73,95.75,132.6,40.32,59.16,99.61,281.63
20260824,12:28:05,44969.06,40326.49,24248.26,16217.45,123.39,1941.51,313.92,483.82,538.28,109.07,177.28,190.95,103.53,136.19,289.44,123.16,198.32,294.56,2859.55,1516.72,444.45,66.53,230.74,906.17,362.18,229.48,269.08,464.34,220.43,103.06,3173.21,241.73,95.75,132.6,40.32,59.16,99.61,281.63
20260824,12:28:10,44965.83,40323.09,24242.89,16210.41,123.26,1940.83,313.38,483.82,538.28,109.07,177.28,190.94,103.53,136.19,289.44,123.16,198.32,294.56,2859.44,1516.65,444.44,66.52,230.75,906.17,362.18,229.48,269.08,464.34,220.16,103.06,3173.45,241.73,95.87,132.6,40.32,59.16,99.61,281.33
20260824,12:28:15,44964.28,40321.58,24243.52,16211.13,123.26,1940.83,313.3,483.82,538.28,109.07,177.29,190.95,103.53,136.19,289.44,123.16,198.32,294.58,2859.3,1516.65,444.42,66.52,230.75,905.86,362.19,229.48,269.08,464.34,220.3,103.06,3173.45,241.66,95.87,132.6,40.32,59.16,99.61,281.31
20260824,12:28:20,44965.3,40322.36,24245.29,16212.45,123.26,1940.83,313.84,483.93,538.08,109.07,177.22,190.95,103.47,136.19,289.44,123.11,198.32,294.58,2859.33,1516.7,444.41,66.52,230.75,905.85,362.19,229.48,269.03,464.34,220.19,103.06,3173.64,241.66,95.87,132.6,40.32,59.16,99.61,281.31
20260824,12:28:25,44964.87,40321.55,24243.06,16208.59,123.2,1940.83,313.38,483.96,538.08,109.07,177.22,190.95,103.47,136.19,289.44,123.11,198.32,294.58,2859.36,1516.65,444.41,66.53,231.0,905.82,362.17,229.48,269.03,464.37,220.14,103.06,3174.0,241.66,95.87,132.6,40.32,59.16,99.61,281.31
20260824,12:28:30,44963.46,40320.79,24240.27,16207.42,123.26,1939.42,313.3,483.96,538.08,109.07,177.22,190.95,103.47,136.19,289.44,123.11,198.28,294.58,2859.33,1516.63,444.46,66.51,231.0,905.82,362.17,229.48,269.03,464.41,220.12,103.06,3173.44,241.66,95.87,132.6,40.32,59.16,99.61,281.31
20260824,12:28:35,44954.38,40312.12,24236.49,16203.65,123.26,1939.42,312.75,483.96,537.93,109.14,177.22,190.95,103.47,136.19,289.44,123.15,198.28,294.58,2858.72,1516.51,444.46,66.51,230.63,905.05,362.17,229.48,269.03,464.42,220.14,103.06,3173.28,241.66,95.87,132.6,40.32,59.16,99.61,281.31
20260824,12:28:40,44956.0,40313.95,24237.07,16205.17,123.39,1940.83,312.84,483.96,537.93,109.14,177.22,190.94,103.48,136.19,289.44,123.15,198.28,294.58,2858.83,1516.6,444.36,66.51,230.75,905.05,362.17,229.48,269.03,464.32,220.15,103.06,3173.05,241.66,95.87,132.6,40.32,59.16,99.61,281.31
20260824,12:28:45,44957.33,40315.14,24237.28,16205.06,123.39,1940.83,312.76,483.96,537.93,109.14,177.22,190.93,103.48,136.19,289.44,123.15,198.28,294.58,2858.93,1516.72,444.36,66.5,230.75,904.94,362.15,229.48,269.03,464.32,220.12,103.06,3173.15,241.66,95.87,132.57,40.32,59.16,99.6,281.61
20260824,12:28:50,44954.42,40312.1,24235.86,16202.73,123.26,1940.83,312.76,483.7,537.93,109.12,177.2,190.9,103.47,136.19,289.62,123.15,198.32,294.58,2858.74,1516.55,444.38,66.48,230.75,905.03,362.15,229.48,269.03,464.32,219.96,103.06,3173.34,241.66,95.87,132.57,40.32,59.16,99.6,281.61
20260824,12:28:55,44953.3,40311.89,24233.44,16202.9,123.2,1940.83,312.84,483.68,537.93,109.12,177.2,190.88,103.47,136.19,289.62,123.15,198.17,294.58,2858.72,1516.55,444.36,66.46,230.75,905.02,362.15,229.48,269.03,464.32,219.96,103.06,3172.53,241.66,95.87,132.57,40.32,59.16,99.6,281.61
20260824,12:29:00,44951.86,40310.68,24231.97,16201.86,123.2,1939.42,312.76,483.56,537.93,109.12,177.2,190.9,103.47,136.19,289.62,123.15,198.17,294.57,2858.65,1516.51,444.4,66.46,230.75,904.92,362.14,229.48,269.04,464.32,220.07,103.06,3172.36,241.66,95.87,132.57,40.32,59.16,99.6,281.31
20260824,12:29:05,44953.16,40311.45,24236.76,16205.74,123.2,1939.4,313.3,483.56,537.88,109.12,177.2,190.92,103.46,135.98,289.62,123.27,198.17,294.57,2858.62,1516.51,444.44,66.46,230.63,904.91,362.14,229.48,269.04,464.32,220.03,103.06,3172.8,241.66,95.87,132.57,40.32,59.16,99.6,281.31
20260824,12:29:10,44955.7,40313.92,24238.01,16207.13,123.2,1939.4,313.3,483.56,537.88,109.2,177.21,190.92,103.47,135.98,289.62,123.27,198.13,294.56,2858.78,1516.57,444.43,66.46,230.75,905.01,362.22,229.48,269.04,464.32,220.15,103.06,3172.81,241.66,95.87,132.57,40.32,59.16,99.6,281.33
20260824,12:29:15,44952.06,40310.37,24232.03,16200.25,123.2,1939.4,312.75,483.56,537.95,109.22,177.21,190.92,103.47,135.98,289.62,123.15,198.13,294.56,2858.66,1516.53,444.41,66.46,230.74,904.9,362.22,229.48,269.04,464.3,219.91,103.06,3172.81,241.66,95.87,132.57,40.32,59.16,99.6,281.33
20260824,12:29:20,44992.68,40349.9,24233.11,16201.34,123.32,1940.83,312.75,483.56,537.95,109.22,177.21,190.94,103.47,135.98,289.62,123.15,198.13,294.56,2861.82,1518.88,444.62,66.47,230.74,904.9,362.22,229.48,269.04,464.32,219.92,103.06,3172.85,241.66,95.87,132.57,40.32,59.16,99.6,281.33
20260824,12:29:25,44989.28,40346.66,24232.14,16200.46,123.2,1939.42,312.75,483.56,537.95,109.22,177.21,190.94,103.47,135.98,289.62,123.15,198.13,294.56,2861.58,1518.71,444.62,66.46,230.74,904.88,362.21,229.48,269.04,464.31,219.93,103.06,3172.79,241.66,95.87,132.57,40.32,59.16,99.6,281.33
20260824,12:29:30,44992.15,40349.69,24233.83,16203.15,123.2,1938.96,312.83,483.31,537.95,109.22,177.2,190.94,103.46,135.98,289.62,123.15,198.09,294.56,2861.76,1518.81,444.64,66.47,230.86,904.85,362.21,229.48,269.04,464.31,220.21,103.06,3172.59,241.66,95.87,132.57,40.32,59.16,99.6,281.33
20260824,12:29:35,44993.27,40351.18,24233.47,16204.09,123.2,1938.96,313.29,483.31,537.9,109.22,177.2,190.93,103.46,136.19,289.62,123.15,198.09,294.57,2861.86,1518.77,444.55,66.46,230.75,905.01,362.21,229.48,269.35,464.31,219.95,103.06,3172.22,241.66,95.87,132.57,40.32,59.16,99.6,281.33
20260824,12:29:40,44991.11,40348.36,24234.45,16202.82,123.32,1938.96,313.29,483.31,537.9,109.22,177.19,190.91,103.46,136.19,289.62,123.15,198.09,294.57,2861.66,1518.79,444.53,66.46,230.75,904.91,362.21,229.48,269.03,464.31,219.87,103.06,3172.87,241.66,95.75,132.57,40.32,59.16,99.6,281.33
20260824,12:29:45,44991.67,40348.77,24235.91,16204.05,123.32,1938.96,313.29,483.56,537.6,109.22,177.2,190.94,103.46,136.19,289.62,123.15,198.09,294.57,2861.66,1518.79,444.53,66.48,230.75,904.91,362.21,229.48,269.03,464.33,220.07,103.06,3172.99,241.66,95.75,132.57,40.32,59.16,99.6,281.33
20260824,12:29:50,44990.99,40348.54,24234.39,16203.74,123.2,1938.96,313.37,483.56,537.6,109.22,177.21,190.96,103.46,136.19,289.62,123.15,198.09,294.55,2861.65,1518.71,444.54,66.48,230.75,905.12,362.21,229.48,269.02,464.33,219.91,103.06,3172.6,241.66,95.87,132.57,40.32,59.16,99.6,281.33
20260824,12:29:55,44990.69,40348.57,24229.89,16199.65,123.2,1940.37,312.75,483.56,537.57,109.22,177.21,190.96,103.46,136.19,289.62,123.15,198.09,294.55,2861.75,1518.83,444.53,66.47,230.75,905.03,362.21,229.48,269.02,464.33,219.91,103.06,3172.31,241.66,95.87,132.57,40.32,59.16,99.6,281.33
20260824,12:30:00,44993.33,40351.38,24230.2,16200.8,123.2,1940.37,312.75,483.56,537.71,109.2,177.2,190.93,103.46,136.19,289.62,123.11,198.06,294.55,2861.95,1518.93,444.53,66.49,230.75,905.14,362.21,229.48,269.02,464.38,219.92,103.06,3172.09,241.66,95.87,132.57,40.32,59.16,99.6,281.64
20260824,12:30:05,44994.25,40352.64,24230.08,16201.9,123.2,1941.76,312.67,483.56,537.64,109.29,177.4,190.96,103.62,136.19,289.65,123.12,198.06,294.55,2862.03,1519.0,444.55,66.49,230.75,905.09,362.21,229.48,269.02,464.38,219.9,103.06,3171.76,241.66,95.87,132.57,40.32,59.16,99.6,281.33
20260824,12:30:10,45001.84,40357.49,24242.02,16207.08,123.18,1941.86,313.3,483.56,537.49,109.29,177.4,190.93,103.62,136.19,289.65,123.25,198.2,294.57,2862.29,1518.81,444.68,66.5,230.52,905.95,362.22,229.48,269.33,464.38,219.9,103.06,3174.08,241.66,95.87,132.57,40.32,59.16,99.6,281.33
20260824,12:30:15,45001.6,40357.47,24238.78,16204.08,123.18,1941.86,312.76,483.49,537.49,109.27,177.46,190.9,103.68,136.19,289.65,123.25,198.2,294.57,2862.36,1519.0,444.67,66.51,230.63,905.82,362.22,229.48,269.02,464.38,219.95,103.06,3173.88,241.66,95.87,132.57,40.32,59.16,99.6,281.29
20260824,12:30:20,45005.24,40361.46,24237.53,16204.13,123.18,1941.86,312.76,483.49,537.52,109.27,177.47,190.91,103.68,136.19,289.65,123.26,198.2,294.58,2862.68,1519.06,444.69,66.5,230.75,906.31,362.23,229.48,269.01,464.36,219.94,103.06,3173.48,241.66,95.87,132.57,40.32,59.16,99.6,281.29
20260824,12:30:25,45003.17,40359.81,24235.86,16203.44,123.18,1940.81,312.76,483.49,537.58,109.27,177.46,190.89,103.68,136.19,289.65,123.26,198.2,294.58,2862.57,1519.02,444.67,66.48,230.63,906.31,362.23,229.48,269.0,464.36,219.91,103.06,3173.14,241.66,95.87,132.53,40.32,59.16,99.6,281.28
20260824,12:30:30,45003.47,40360.51,24236.59,16205.63,123.31,1940.45,312.84,483.49,537.63,109.27,177.46,190.87,103.68,136.19,289.65,123.27,198.2,294.58,2862.57,1518.94,444.86,66.51,230.62,906.32,362.16,229.48,269.0,464.31,220.1,103.06,3172.78,241.66,95.87,132.51,40.32,59.16,99.6,281.13
20260824,12:30:35,45003.46,40360.71,24238.02,16208.02,123.31,1940.45,313.31,483.49,537.68,109.29,177.46,190.88,103.68,136.19,289.65,123.27,198.2,294.56,2862.53,1518.98,444.76,66.5,230.63,906.24,362.16,229.48,269.01,464.33,219.95,103.06,3172.58,241.66,95.87,132.51,40.32,59.16,99.6,281.17
20260824,12:30:40,45006.26,40363.29,24238.58,16208.15,123.31,1940.45,313.3,483.49,537.71,109.29,177.46,190.88,103.68,136.19,289.65,123.27,198.28,294.56,2862.74,1519.11,444.79,66.5,230.65,906.3,361.84,229.48,269.01,464.33,219.94,103.06,3172.71,241.66,95.87,132.56,40.32,59.16,99.6,281.15
20260824,12:30:45,45000.3,40357.7,24235.2,16204.97,123.31,1940.4,312.84,483.69,537.71,109.29,177.44,190.88,103.66,136.19,289.65,123.31,198.28,294.56,2862.36,1519.01,444.83,66.5,230.77,905.57,362.08,229.48,269.0,464.33,219.95,103.06,3172.52,241.66,95.75,132.56,40.32,59.16,99.6,281.46
20260824,12:30:50,44960.03,40319.08,24233.86,16205.5,123.12,1941.81,312.84,483.69,537.76,109.29,177.45,190.93,103.66,136.19,289.65,123.19,198.28,294.56,2859.24,1516.72,444.8,66.5,230.77,905.23,362.08,229.62,269.0,464.32,219.95,103.06,3171.96,241.66,95.87,132.53,40.32,59.16,99.6,281.51
20260824,12:30:55,44963.4,40321.99,24236.19,16206.92,123.12,1941.81,313.31,483.69,537.87,109.29,177.44,190.93,103.65,136.19,289.65,123.15,198.28,294.59,2859.44,1516.69,444.74,66.48,230.95,905.75,361.84,229.62,269.0,464.32,219.83,103.06,3172.3,241.66,95.87,132.52,40.32,59.16,99.6,281.2
20260824,12:31:00,44959.32,40318.22,24236.96,16208.51,123.25,1941.81,313.39,483.69,537.9,109.22,177.44,190.95,103.65,136.19,289.65,123.15,198.28,294.58,2859.09,1516.53,444.84,66.48,230.96,905.29,362.16,229.62,269.0,464.31,219.91,103.06,3172.11,241.66,95.87,132.52,40.32,59.16,99.6,281.2
20260824,12:31:05,44959.9,40319.01,24236.73,16208.99,123.25,1943.22,313.39,483.69,538.09,109.22,177.38,190.99,103.6,136.19,289.65,123.15,198.28,294.58,2859.15,1516.62,444.8,66.48,230.96,905.17,362.16,229.62,269.0,464.32,219.9,103.06,3171.91,241.66,95.87,132.52,40.32,59.16,99.6,281.2
20260824,12:31:10,44999.87,40357.95,24236.42,16208.63,123.12,1943.29,313.39,483.69,538.09,109.22,177.38,190.99,103.6,136.19,289.65,123.15,198.28,294.58,2862.29,1519.03,444.78,66.5,230.96,905.22,362.16,229.62,269.0,464.34,219.9,103.06,3171.91,241.66,95.87,132.52,40.32,59.15,99.6,281.2
20260824,12:31:15,45000.52,40358.52,24232.76,16204.21,123.12,1941.82,312.77,483.69,538.09,109.22,177.38,190.99,103.6,136.19,289.65,123.27,198.28,294.55,2862.45,1519.11,444.76,66.51,231.09,905.2,362.16,229.62,269.0,464.34,219.91,103.06,3171.96,241.66,95.87,132.52,40.32,59.15,99.6,281.15
20260824,12:31:20,44920.51,40280.36,24237.64,16209.13,123.12,1941.82,313.39,483.69,538.09,109.22,177.39,191.02,103.6,136.19,289.65,123.27,198.28,294.55,2856.03,1514.14,444.76,66.49,231.09,905.32,362.12,229.62,269.0,464.34,219.93,103.08,3172.15,241.66,95.87,132.52,40.32,59.15,99.6,281.15
20260824,12:31:25,44960.14,40319.16,24236.69,16208.67,123.25,1941.82,313.39,483.69,537.98,109.22,177.39,191.01,103.6,136.19,289.65,123.25,198.28,294.55,2859.17,1516.56,444.76,66.49,231.09,905.32,362.12,229.62,269.01,464.35,219.9,103.08,3171.98,241.66,95.87,132.52,40.32,59.15,99.6,281.15
20260824,12:31:30,44960.44,40319.66,24236.13,16208.7,123.12,1941.82,313.39,483.69,538.06,109.22,177.38,190.98,103.6,136.19,289.65,123.25,198.28,294.55,2859.21,1516.65,444.79,66.48,230.84,905.33,362.12,229.62,269.01,464.34,219.91,103.08,3171.8,241.66,95.87,132.52,40.32,59.15,99.6,281.2
20260824,12:31:35,44959.29,40318.93,24235.57,16209.4,123.12,1941.82,313.39,483.94,538.03,109.22,177.55,190.97,103.73,136.19,289.65,123.25,198.28,294.54,2859.13,1516.56,444.67,66.5,230.95,905.45,361.87,229.62,269.02,464.34,219.89,103.08,3171.43,241.66,95.75,132.52,40.32,59.15,99.6,281.17
20260824,12:31:40,44958.23,40318.23,24234.12,16208.86,123.25,1941.82,313.39,483.94,537.76,109.22,177.56,190.97,103.74,136.19,289.65,123.25,198.28,294.54,2859.09,1516.58,444.67,66.48,230.95,905.32,361.87,229.62,269.01,464.33,219.89,103.08,3171.13,241.66,95.75,132.53,40.32,59.13,99.6,281.17
20260824,12:31:45,44955.66,40314.64,24235.8,16207.15,123.25,1941.82,313.23,483.94,537.69,109.22,177.56,190.97,103.74,136.19,289.65,123.29,198.28,294.54,2858.84,1516.47,444.62,66.48,230.84,905.24,361.87,229.62,269.01,464.33,219.84,103.08,3172.12,241.66,95.75,132.53,40.32,59.13,99.6,281.17
20260824,12:31:50,44959.0,40317.51,24237.81,16208.13,123.12,1941.82,313.31,483.86,537.75,109.21,177.57,191.01,103.75,135.98,289.65,123.29,198.28,294.52,2859.05,1516.61,444.64,66.49,230.84,905.27,361.87,229.62,269.01,464.38,219.85,103.05,3172.48,241.66,95.75,132.53,40.32,59.13,99.6,281.43
20260824,12:31:55,44956.32,40315.7,24236.02,16208.78,123.12,1941.82,313.4,483.61,537.76,109.22,177.56,190.96,103.75,136.19,289.65,123.27,198.28,294.54,2858.88,1516.43,444.69,66.47,230.84,905.39,361.96,229.62,269.01,464.35,219.85,103.05,3171.74,241.66,95.75,132.53,40.32,59.13,99.59,281.49
20260824,12:32:00,44954.92,40314.75,24234.78,16208.72,123.12,1941.82,313.4,483.61,537.76,109.22,177.56,190.95,103.75,136.19,289.65,123.26,198.28,294.54,2858.81,1516.42,444.57,66.46,230.84,905.39,361.96,229.48,269.01,464.35,219.85,103.05,3171.37,241.66,95.75,132.54,40.32,59.13,99.59,281.5
20260824,12:32:05,44955.73,40315.31,24235.12,16208.37,123.12,1941.82,313.32,483.61,537.76,109.22,177.57,190.95,103.76,136.19,289.65,123.26,198.31,294.54,2858.86,1516.43,444.58,66.47,230.96,905.36,361.94,229.48,269.01,464.35,219.85,103.05,3171.57,241.66,95.75,132.56,40.32,59.13,99.59,281.5
20260824,12:32:10,44956.3,40316.84,24231.3,16207.22,123.12,1941.82,313.23,483.61,537.73,109.14,177.57,190.96,103.76,136.19,289.53,123.26,198.31,294.54,2859.01,1516.63,444.59,66.46,230.95,905.15,361.87,229.48,269.0,464.35,219.85,103.05,3170.69,241.66,95.75,132.56,40.32,59.13,99.59,281.45
20260824,12:32:15,44951.38,40312.04,24225.59,16200.64,123.12,1941.82,312.69,483.61,537.59,109.14,177.38,190.96,103.6,136.19,289.53,123.26,198.31,294.54,2858.79,1516.52,444.59,66.47,230.83,904.98,362.11,229.48,269.0,464.35,219.84,103.05,3170.7,241.66,95.75,132.56,40.32,59.13,99.59,281.45
20260824,12:32:20,44951.84,40312.57,24226.9,16202.42,123.12,1941.82,312.77,483.61,537.59,109.14,177.36,190.96,103.58,136.19,289.53,123.26,198.31,294.54,2858.79,1516.52,444.57,66.47,230.83,905.02,362.11,229.48,269.0,464.35,219.99,103.05,3170.62,241.66,95.75,132.56,40.32,59.12,99.59,281.46
20260824,12:32:25,44953.62,40313.86,24227.48,16201.58,123.25,1941.82,312.6,483.61,537.89,109.22,177.36,190.96,103.58,136.19,289.53,123.3,198.31,294.52,2858.91,1516.58,444.67,66.46,230.83,905.02,362.11,229.48,269.01,464.36,219.84,103.05,3171.03,241.66,95.75,132.56,40.32,59.12,99.59,281.46
20260824,12:32:30,44918.18,40279.32,24231.95,16206.74,123.12,1942.18,313.32,483.61,537.89,109.22,177.36,190.96,103.58,136.2,289.53,123.3,198.31,294.53,2856.0,1514.29,444.67,66.46,230.83,905.18,362.11,229.48,269.01,464.36,219.84,103.05,3171.03,241.66,95.75,132.55,40.32,59.12,99.59,281.51
20260824,12:32:35,44915.91,40277.35,24228.98,16204.12,123.12,1942.18,312.77,483.68,537.89,109.22,177.33,190.96,103.56,136.2,289.65,123.3,198.28,294.47,2855.91,1514.19,444.58,66.45,230.83,905.39,362.12,229.48,269.01,464.32,220.13,103.05,3170.81,241.66,95.63,132.55,40.32,59.12,99.59,281.51
20260824,12:32:40,44914.52,40276.76,24225.95,16203.19,123.25,1942.18,312.77,483.67,537.89,109.22,177.32,190.93,103.56,136.2,289.65,123.3,198.28,294.47,2855.88,1514.19,444.57,66.46,230.77,905.39,361.88,229.48,269.01,464.32,220.02,103.05,3170.11,241.66,95.63,132.55,40.32,59.12,99.59,281.46
20260824,12:32:45,44920.71,40282.05,24231.09,16206.61,123.12,1943.6,313.32,483.67,538.03,109.22,177.33,190.96,103.56,136.0,289.65,123.14,198.28,294.47,2856.22,1514.23,444.62,66.48,230.65,906.11,361.88,229.48,269.01,464.3,220.03,103.05,3170.79,241.66,95.63,132.55,40.32,59.12,99.59,281.46
20260824,12:32:50,44924.2,40284.77,24231.7,16205.04,123.12,1942.18,313.32,483.67,538.03,109.22,177.33,190.95,103.56,136.0,289.65,123.18,198.28,294.45,2856.48,1514.24,444.7,66.49,230.65,906.57,362.12,229.48,268.96,464.3,219.9,103.05,3171.41,241.66,95.63,132.55,40.32,59.12,99.59,281.46
20260824,12:32:55,44964.09,40323.48,24232.64,16205.6,123.12,1942.18,313.4,483.67,538.03,109.22,177.33,190.97,103.56,136.0,289.65,123.18,198.28,294.45,2859.59,1516.62,444.73,66.5,230.65,906.58,362.12,229.48,268.97,464.3,219.89,103.05,3171.55,241.66,95.63,132.55,40.32,59.12,99.59,281.46
20260824,12:33:00,44924.23,40285.09,24230.32,16204.45,123.12,1942.18,313.4,483.67,537.89,109.21,177.35,190.96,103.57,136.0,289.65,123.18,198.28,294.45,2856.52,1514.32,444.62,66.47,230.65,906.54,362.12,229.48,268.97,464.32,219.89,103.06,3171.14,241.66,95.63,132.55,40.32,59.12,99.59,281.15
20260824,12:33:05,44920.68,40281.41,24231.44,16205.0,123.12,1942.18,313.31,483.67,537.86,109.22,177.46,190.92,103.67,136.0,289.65,123.18,198.28,294.43,2856.21,1514.31,444.62,66.49,230.66,905.81,362.12,229.48,268.97,464.32,219.89,103.06,3171.34,241.66,95.63,132.55,40.32,59.12,99.59,281.18
20260824,12:33:10,44918.57,40280.25,24230.77,16207.21,123.12,1942.18,313.22,483.67,537.79,109.22,177.46,190.92,103.67,136.0,289.65,123.18,198.28,294.43,2856.07,1514.33,444.62,66.48,230.77,905.33,362.13,229.47,268.97,464.49,219.89,103.06,3170.53,241.66,95.87,132.55,40.32,59.12,99.59,281.48
20260824,12:33:15,44955.17,40314.7,24231.1,16203.52,123.12,1942.18,312.68,483.67,537.79,109.22,177.47,190.94,103.67,136.0,289.65,123.18,198.28,294.43,2858.93,1516.53,444.67,66.46,230.78,905.34,362.12,229.47,268.96,464.49,220.04,103.06,3171.64,241.66,95.75,132.52,40.32,59.12,99.59,281.45
20260824,12:33:20,44914.47,40275.47,24233.98,16208.28,123.12,1941.82,313.22,483.67,537.79,109.21,177.48,190.94,103.68,136.0,289.65,123.18,198.28,294.41,2855.65,1513.88,444.67,66.48,230.65,905.8,362.12,229.47,268.96,464.5,220.02,103.06,3171.24,241.73,95.87,132.52,40.32,59.12,99.59,281.45
20260824,12:33:25,44911.83,40273.94,24231.47,16208.87,123.25,1942.02,313.31,483.67,537.79,109.13,177.48,190.94,103.68,136.0,289.65,123.18,198.24,294.43,2855.52,1513.97,444.66,66.43,230.65,905.3,362.11,229.47,268.96,464.4,220.02,103.06,3170.3,241.73,95.87,132.5,40.32,59.12,99.59,281.45
20260824,12:33:30,44912.19,40273.7,24232.2,16207.74,123.12,1942.02,313.21,483.67,537.79,109.13,177.48,190.94,103.68,136.0,289.65,123.18,198.28,294.43,2855.52,1513.84,444.65,66.44,230.61,905.28,362.1,229.47,269.32,464.38,220.01,103.06,3170.83,241.73,95.87,132.5,40.32,59.12,99.59,281.45
20260824,12:33:35,44917.1,40278.31,24232.05,16206.97,123.12,1942.02,313.21,483.67,537.79,109.21,177.45,190.93,103.66,136.0,289.65,123.18,198.28,294.43,2855.92,1514.15,444.66,66.44,230.61,905.28,361.86,229.47,269.32,464.38,219.98,103.07,3171.0,241.73,95.87,132.5,40.32,59.08,99.59,281.43
20260824,12:33:40,44912.42,40273.91,24230.49,16205.73,123.25,1942.02,312.75,483.67,537.79,109.2,177.46,190.96,103.66,136.0,289.63,123.3,198.28,294.43,2855.59,1514.0,444.64,66.44,230.61,905.4,361.86,229.47,269.02,464.34,219.98,103.07,3170.84,241.73,95.99,132.5,40.32,59.08,99.59,281.43
20260824,12:33:45,44915.89,40276.66,24235.32,16209.18,123.25,1942.02,313.21,483.67,537.86,109.2,177.44,190.91,103.66,136.0,289.63,123.29,198.28,294.43,2855.73,1513.99,444.75,66.44,230.85,905.4,361.87,229.47,269.02,464.37,219.98,103.07,3171.42,241.73,95.99,132.5,40.32,59.08,99.59,281.43
20260824,12:33:50,44915.94,40276.75,24236.02,16210.12,123.12,1942.02,313.21,483.67,538.08,109.2,177.44,190.92,103.66,136.0,289.75,123.3,198.28,294.44,2855.71,1513.99,444.75,66.43,230.85,905.4,361.87,229.47,269.02,464.37,219.97,103.07,3171.38,242.05,95.99,132.5,40.32,59.08,99.59,281.43
20260824,12:33:55,44912.11,40273.19,24232.79,16206.95,123.12,1942.38,312.66,483.67,538.08,109.2,177.44,190.89,103.66,136.0,289.77,123.3,198.28,294.43,2855.5,1513.87,444.77,66.45,230.6,905.42,361.87,229.47,269.02,464.36,220.09,103.07,3171.23,242.05,95.99,132.4,40.32,59.08,99.59,281.43
20260824,12:34:00,44909.65,40271.63,24230.47,16207.1,123.12,1942.38,312.66,483.67,538.08,109.21,177.43,190.88,103.66,136.0,289.77,123.31,198.28,294.43,2855.37,1513.83,444.75,66.43,230.6,905.29,361.87,229.47,269.02,464.36,220.1,103.07,3170.46,242.05,95.99,132.4,40.32,59.08,99.59,281.43
20260824,12:34:05,44959.89,40319.74,24237.14,16211.94,123.12,1942.38,313.29,483.92,538.08,109.21,177.43,190.88,103.66,136.0,289.74,123.3,198.28,294.43,2859.13,1516.45,444.75,66.42,230.97,905.84,361.87,229.47,269.02,464.36,220.09,103.07,3171.24,242.05,95.99,132.41,40.32,59.08,99.59,281.47
20260824,12:34:10,44957.12,40317.42,24231.55,16206.76,123.25,1942.38,312.66,483.67,538.16,109.21,177.43,190.88,103.66,136.0,289.74,123.3,198.28,294.43,2859.07,1516.38,444.74,66.43,230.97,905.88,361.84,229.47,269.02,464.33,220.0,103.09,3170.89,241.98,95.99,132.41,40.32,59.08,99.59,281.47
20260824,12:34:15,44919.21,40280.02,24232.9,16206.79,123.25,1942.38,312.66,483.67,538.16,109.15,177.43,190.87,103.66,136.0,289.74,123.3,198.28,294.43,2856.06,1514.09,444.64,66.42,230.97,905.93,361.84,229.47,269.02,464.33,220.04,103.09,3171.31,241.98,95.99,132.41,40.32,59.08,99.59,281.42
20260824,12:34:20,44921.99,40282.53,24239.25,16213.44,123.25,1942.38,313.21,483.67,538.16,109.15,177.63,190.9,103.82,136.0,289.74,123.3,198.28,294.43,2856.1,1514.19,444.62,66.42,230.85,905.89,361.84,229.47,268.97,464.36,220.05,103.09,3171.49,241.98,95.99,132.41,40.32,59.1,99.59,281.47
20260824,12:34:25,44921.2,40281.76,24238.88,16213.02,123.25,1942.45,313.21,483.67,538.19,109.15,177.62,190.86,103.82,136.0,289.74,123.31,198.28,294.43,2856.05,1514.13,444.62,66.44,230.84,905.9,362.16,229.47,268.97,464.25,220.01,103.09,3171.49,241.98,95.99,132.41,40.32,59.1,99.59,281.5
20260824,12:34:30,44916.08,40277.39,24236.85,16212.78,123.12,1942.45,313.21,483.59,538.19,109.15,177.6,190.78,103.82,136.0,289.74,123.31,198.28,294.43,2855.7,1513.89,444.61,66.42,230.59,906.06,362.16,229.61,268.97,464.27,220.05,103.09,3170.92,241.98,95.99,132.41,40.32,59.11,99.59,281.5
20260824,12:34:35,44917.2,40277.79,24237.93,16211.68,123.25,1942.47,313.21,483.59,538.19,109.16,177.61,190.84,103.82,136.0,289.74,123.3,198.28,294.43,2855.76,1513.97,444.62,66.42,230.59,905.92,362.41,229.61,268.98,464.27,219.87,103.09,3171.56,241.98,95.99,132.41,40.32,59.13,99.59,281.5
20260824,12:34:40,44959.05,40318.94,24236.71,16211.52,123.25,1942.47,313.21,483.59,538.17,109.16,177.61,190.84,103.82,136.0,289.74,123.3,198.28,294.43,2859.08,1516.54,444.62,66.43,230.59,905.91,362.18,229.61,268.98,464.31,219.85,103.09,3171.21,241.98,95.99,132.41,40.32,59.13,99.59,281.5
20260824,12:34:45,44959.98,40319.84,24237.39,16212.31,123.25,1942.1,313.29,483.59,538.16,109.16,177.64,190.84,103.84,136.0,289.74,123.3,198.28,294.43,2859.13,1516.59,444.58,66.42,230.59,905.89,362.43,229.61,268.97,464.31,219.85,103.09,3171.21,241.98,95.99,132.41,40.32,59.13,99.59,281.5
20260824,12:34:50,44961.21,40321.14,24236.86,16212.02,123.12,1942.1,313.29,483.59,538.16,109.16,177.65,190.82,103.85,136.0,289.74,123.3,198.28,294.43,2859.25,1516.53,444.58,66.43,230.59,906.35,362.18,229.61,268.97,464.31,219.85,103.09,3171.13,241.98,95.99,132.41,40.32,59.13,99.59,281.5
20260824,12:34:55,44958.76,40318.57,24238.08,16212.81,123.12,1942.1,313.38,483.59,538.16,109.24,177.65,190.82,103.85,136.0,289.74,123.3,198.28,294.43,2859.02,1516.53,444.58,66.42,230.84,905.64,362.18,229.61,268.97,464.27,219.85,103.09,3171.29,241.98,95.99,132.41,40.32,59.13,99.59,281.5
20260824,12:35:00,44958.27,40317.71,24238.45,16211.94,123.12,1942.1,313.37,483.59,538.16,109.24,177.65,190.82,103.85,136.0,289.74,123.18,198.28,294.43,2858.97,1516.59,444.59,66.43,230.59,905.54,362.18,229.61,268.97,464.26,219.85,103.09,3171.64,241.98,95.99,132.41,40.32,59.13,99.59,281.5
20260824,12:35:05,44961.63,40320.81,24240.04,16213.18,123.18,1942.1,313.38,483.59,538.16,109.22,177.73,190.82,103.91,136.0,289.74,123.17,198.28,294.43,2859.19,1516.62,444.61,66.43,230.59,905.53,362.18,229.61,269.29,464.26,219.88,103.09,3171.81,241.98,95.99,132.41,40.32,59.13,99.59,281.5
20260824,12:35:10,44957.97,40317.62,24238.44,16212.59,123.18,1942.1,313.38,483.59,538.15,109.22,177.71,190.78,103.9,136.0,289.74,123.17,198.28,294.43,2858.95,1516.58,444.56,66.44,230.58,905.53,362.18,229.61,268.98,464.26,219.84,103.09,3171.47,241.98,95.99,132.43,40.32,59.12,99.59,281.5
20260824,12:35:15,44959.09,40318.25,24241.83,16214.95,123.31,1943.51,313.38,483.67,538.15,109.22,177.72,190.84,103.9,136.0,289.6,123.16,198.28,294.43,2858.94,1516.38,444.45,66.42,230.58,906.26,362.11,229.61,268.99,464.26,219.88,103.09,3171.88,241.98,96.11,132.43,40.32,59.12,99.59,281.5
20260824,12:35:20,44961.66,40320.59,24241.7,16214.28,123.31,1943.74,313.38,483.67,538.18,109.22,177.72,190.84,103.9,136.0,289.6,123.16,198.28,294.43,2859.15,1516.52,444.45,66.4,230.7,906.25,362.11,229.61,268.99,464.18,219.92,103.06,3172.02,241.98,95.99,132.41,40.32,59.12,99.59,281.49
20260824,12:35:25,44951.72,40311.13,24240.99,16214.21,123.37,1943.7,313.38,483.67,538.18,109.24,177.72,190.82,103.9,136.0,289.48,123.16,198.28,294.43,2858.39,1516.35,444.45,66.4,230.6,905.05,362.12,229.61,268.99,464.17,219.91,103.06,3171.82,241.92,95.99,132.41,40.32,59.12,99.59,281.5
20260824,12:35:30,44952.14,40311.53,24239.79,16212.83,123.24,1942.29,313.29,483.67,538.18,109.24,177.73,190.86,103.9,136.0,289.48,123.16,198.28,294.43,2858.45,1516.41,444.45,66.41,230.58,905.06,362.1,229.61,268.99,464.26,219.91,103.06,3171.82,241.92,95.99,132.41,40.37,59.12,99.59,281.45
20260824,12:35:35,44951.84,40311.66,24239.23,16213.57,123.37,1942.29,313.29,483.67,538.18,109.24,177.73,190.87,103.9,136.0,289.48,123.15,198.28,294.47,2858.44,1516.4,444.45,66.41,230.58,905.08,362.12,229.61,268.97,464.4,219.91,103.06,3171.45,241.92,95.99,132.41,40.37,59.12,99.59,281.45
20260824,12:35:40,44955.49,40315.6,24237.98,16213.43,123.18,1942.31,313.38,483.67,538.18,109.24,177.72,190.84,103.9,136.0,289.48,123.15,198.28,294.47,2858.76,1516.47,444.43,66.41,230.58,905.59,362.36,229.61,268.98,464.39,219.89,103.06,3171.09,241.92,95.99,132.43,40.37,59.12,99.59,281.45
20260824,12:35:45,44958.88,40319.08,24238.92,16215.1,123.18,1942.31,313.29,483.92,538.18,109.24,177.91,190.79,104.07,136.0,289.48,123.16,198.28,294.44,2859.01,1516.4,444.54,66.39,230.58,906.32,362.12,229.61,268.98,464.4,219.89,103.06,3170.94,241.92,95.99,132.43,40.37,59.12,99.59,281.45
20260824,12:35:50,44959.82,40319.64,24239.62,16214.69,123.18,1942.37,313.3,483.92,538.1,109.16,177.91,190.78,104.07,136.0,289.48,123.15,198.28,294.44,2859.06,1516.42,444.56,66.4,230.58,906.33,362.12,229.61,268.98,464.35,219.93,103.06,3171.26,241.92,95.99,132.43,40.37,59.1,99.59,281.41
20260824,12:35:55,44962.45,40322.2,24239.03,16214.01,123.18,1942.37,313.29,483.93,538.02,109.16,177.9,190.75,104.07,136.0,289.6,123.15,198.28,294.44,2859.28,1516.56,444.54,66.39,230.7,906.33,362.36,229.61,268.98,464.35,219.89,103.06,3171.26,241.98,95.98,132.43,40.37,59.1,99.59,281.41
20260824,12:36:00,44958.74,40319.25,24238.85,16216.04,123.18,1942.37,313.37,483.67,537.99,109.16,177.89,190.7,104.07,136.0,289.6,123.28,198.28,294.44,2859.0,1516.24,444.55,66.4,230.58,906.31,362.36,229.61,269.29,464.35,220.01,103.06,3170.66,241.98,95.98,132.43,40.37,59.1,99.59,281.41
20260824,12:36:05,44959.38,40319.64,24240.43,16217.06,123.18,1942.31,313.37,483.67,537.99,109.16,177.89,190.73,104.06,136.0,289.6,123.25,198.24,294.44,2859.0,1516.2,444.55,66.42,230.7,906.32,362.36,229.61,269.29,464.35,220.04,103.07,3170.87,241.98,96.1,132.43,40.37,59.1,99.59,281.41
20260824,12:36:10,44959.64,40319.06,24240.31,16214.14,123.18,1942.33,312.83,483.67,537.99,109.16,177.89,190.73,104.06,135.99,289.6,123.3,198.24,294.44,2859.03,1516.25,444.56,66.41,230.7,906.21,362.09,229.61,269.34,464.33,220.15,103.07,3171.63,241.98,96.1,132.43,40.37,59.07,99.59,281.41
20260824,12:36:15,44918.09,40279.54,24238.22,16214.97,123.18,1942.3,313.37,483.67,537.92,109.16,177.89,190.75,104.06,135.99,289.6,123.17,198.24,294.44,2855.82,1513.87,444.56,66.42,230.81,906.22,362.07,229.61,269.02,464.32,220.04,103.08,3170.75,241.92,95.98,132.44,40.37,59.07,99.59,281.41
20260824,12:36:20,44920.54,40281.12,24237.4,16211.31,123.18,1942.3,312.83,483.67,537.95,109.12,177.91,190.78,104.07,135.99,289.6,123.18,198.24,294.44,2856.04,1514.0,444.58,66.41,230.81,906.32,362.1,229.61,269.02,464.31,220.04,103.05,3171.49,241.92,95.98,132.43,40.37,59.1,99.59,281.41
20260824,12:36:25,44957.49,40317.18,24236.78,16210.8,123.18,1942.3,312.83,483.67,537.92,109.12,177.84,190.78,104.01,135.99,289.6,123.18,198.24,294.45,2858.96,1516.3,444.62,66.4,230.7,906.22,362.27,229.61,269.02,464.31,220.06,103.05,3171.43,241.92,95.98,132.43,40.37,59.1,99.6,281.46
20260824,12:36:30,44958.48,40317.48,24241.41,16213.92,123.18,1942.3,313.21,483.67,537.78,109.12,177.84,190.78,104.01,135.99,289.6,123.13,198.24,294.45,2858.9,1516.29,444.62,66.41,230.58,906.22,362.27,229.61,269.02,464.31,220.17,103.05,3172.03,241.92,95.99,132.43,40.37,59.1,99.6,281.46
20260824,12:36:35,44956.25,40316.28,24236.72,16211.75,123.31,1942.3,313.3,483.67,537.78,109.1,177.63,190.76,103.85,135.99,289.6,123.13,198.24,294.45,2858.86,1516.22,444.61,66.41,230.58,906.34,362.27,229.61,269.02,464.11,220.2,103.05,3171.16,241.92,95.87,132.43,40.37,59.1,99.6,281.46
20260824,12:36:40,44916.48,40277.41,24232.66,16206.67,123.18,1942.3,312.67,483.67,537.78,109.1,177.63,190.73,103.85,135.99,289.6,123.13,198.24,294.45,2855.85,1513.87,444.61,66.41,230.69,906.33,362.27,229.61,269.02,464.11,220.2,103.05,3171.27,241.92,95.87,132.43,40.37,59.1,99.6,281.46
20260824,12:36:45,44912.84,40274.02,24236.45,16211.58,123.18,1942.33,313.21,483.67,537.78,109.1,177.64,190.74,103.85,135.99,289.6,123.25,198.24,294.45,2855.46,1513.66,444.45,66.4,230.69,906.28,362.03,229.61,269.02,464.11,220.2,103.05,3171.12,241.92,95.87,132.43,40.37,59.1,99.6,281.46
20260824,12:36:50,44950.25,40309.96,24238.35,16212.04,123.18,1942.33,313.3,483.54,537.77,109.1,177.64,190.74,103.86,136.0,289.6,123.25,198.24,294.46,2858.34,1516.12,444.47,66.4,230.69,905.55,362.03,229.61,269.02,464.17,220.19,103.05,3171.59,241.99,95.87,132.43,40.36,59.1,99.6,281.4
20260824,12:36:55,44950.14,40309.87,24238.35,16212.1,123.18,1942.33,313.3,483.54,537.77,109.1,177.65,190.8,103.86,136.0,289.6,123.25,198.24,294.46,2858.33,1516.13,444.42,66.41,230.69,905.54,362.03,229.61,269.02,464.16,220.19,103.05,3171.57,241.99,95.87,132.43,40.36,59.1,99.6,281.38
20260824,12:37:00,44949.97,40309.92,24236.31,16210.5,123.18,1942.33,313.29,483.54,537.8,109.1,177.64,190.76,103.85,136.0,289.6,123.26,198.24,294.46,2858.38,1516.25,444.41,66.4,230.57,905.52,362.03,229.61,268.92,464.11,220.04,103.05,3171.37,241.99,95.87,132.43,40.36,59.1,99.6,281.38
20260824,12:37:05,44955.82,40316.0,24236.37,16211.83,123.18,1942.33,313.2,483.54,537.8,109.1,177.65,190.79,103.85,136.21,289.6,123.24,198.24,294.46,2858.84,1516.37,444.75,66.4,230.93,905.55,362.03,229.61,268.92,464.16,220.19,103.06,3171.03,241.99,95.87,132.43,40.36,59.1,99.6,281.46
20260824,12:37:10,44958.82,40317.9,24240.21,16212.8,123.18,1942.33,313.2,483.54,537.87,109.1,177.83,190.76,104.01,136.21,289.6,123.24,198.24,294.46,2858.97,1516.43,444.82,66.4,231.05,905.53,362.03,229.61,268.92,464.16,220.21,103.06,3171.96,241.62,95.75,132.43,40.36,59.1,99.6,281.46
20260824,12:37:15,44958.49,40317.79,24238.23,16211.22,123.18,1943.72,313.37,483.47,538.04,109.1,177.65,190.8,103.85,136.21,289.6,123.11,198.24,294.46,2858.99,1516.38,444.98,66.39,231.3,905.2,362.03,229.61,269.03,464.16,220.03,103.06,3171.77,241.62,95.87,132.43,40.36,59.09,99.62,281.39
20260824,12:37:20,44959.97,40320.23,24236.87,16213.01,123.18,1943.72,313.37,483.47,538.04,109.1,177.65,190.8,103.85,136.2,289.6,123.12,198.24,294.5,2859.15,1516.44,444.98,66.39,231.05,905.6,362.03,229.61,269.04,464.17,220.21,103.06,3170.86,241.62,95.87,132.43,40.36,59.09,99.62,281.39
20260824,12:37:25,44959.36,40319.08,24239.71,16214.44,123.18,1942.31,313.28,483.47,537.97,109.1,177.86,190.76,104.03,136.2,289.6,123.24,198.24,294.5,2859.02,1516.24,445.13,66.4,231.05,905.76,362.1,229.61,269.03,464.14,220.18,103.06,3171.36,241.62,95.87,132.43,40.36,59.09,99.62,281.44
20260824,12:37:30,44956.97,40316.75,24239.43,16214.11,123.18,1942.31,313.28,483.44,537.97,109.1,177.86,190.78,104.03,136.2,289.6,123.28,198.21,294.5,2858.84,1516.23,445.13,66.39,231.05,905.33,362.34,229.61,269.03,464.13,220.14,103.06,3171.36,241.62,95.87,132.43,40.36,59.09,99.62,281.39
20260824,12:37:35,44961.49,40321.16,24241.07,16216.0,123.18,1942.31,313.37,483.44,537.97,109.1,178.06,190.78,104.19,136.2,289.6,123.28,198.21,294.5,2859.15,1516.28,445.12,66.38,230.93,906.06,362.2,229.61,269.02,464.13,220.15,103.06,3171.36,241.62,95.75,132.43,40.36,59.09,99.62,281.39
20260824,12:37:40,44968.15,40327.01,24239.78,16212.39,123.18,1942.09,312.74,483.44,537.97,109.12,178.06,190.76,104.19,136.2,289.42,123.28,198.21,294.5,2859.71,1516.31,445.18,66.4,231.04,907.06,362.45,229.61,269.02,464.11,220.17,103.06,3171.94,241.62,95.87,132.43,40.36,59.08,99.62,281.39
20260824,12:37:45,44970.6,40329.24,24244.1,16216.84,123.18,1942.09,313.28,483.44,537.97,109.12,178.07,190.79,104.19,136.2,289.42,123.32,198.21,294.5,2859.78,1516.31,445.19,66.39,231.05,907.22,362.45,229.61,269.02,464.09,220.18,103.06,3172.08,241.62,95.87,132.43,40.36,59.08,99.62,281.41
20260824,12:37:50,44967.36,40326.07,24242.41,16214.82,123.18,1942.09,313.2,483.44,537.97,109.12,178.07,190.8,104.2,136.2,289.42,123.32,198.08,294.5,2859.57,1516.17,445.19,66.4,230.93,907.29,362.2,229.61,269.02,464.04,220.13,103.06,3172.1,241.66,95.75,132.44,40.36,59.08,99.62,281.41
20260824,12:37:55,44969.93,40329.21,24236.02,16209.62,123.18,1942.09,312.66,483.44,537.97,109.12,178.07,190.8,104.2,136.2,289.42,123.32,198.08,294.5,2859.95,1516.45,445.19,66.39,230.93,907.33,362.2,229.61,269.02,464.05,220.0,103.06,3171.52,241.66,95.75,132.44,40.36,59.09,99.62,281.4
20260824,12:38:00,44976.09,40335.15,24240.21,16214.23,123.18,1942.09,313.28,483.44,537.98,109.12,178.07,190.78,104.2,136.2,289.42,123.32,198.08,294.5,2860.32,1516.65,445.23,66.44,231.06,907.34,362.2,229.61,269.02,464.05,220.01,103.06,3171.57,241.66,95.75,132.43,40.36,59.09,99.62,281.4
20260824,12:38:05,44980.02,40338.84,24239.02,16212.4,123.18,1942.09,312.73,483.44,538.05,109.12,178.07,190.78,104.2,136.2,289.42,123.32,198.12,294.5,2860.66,1516.69,445.46,66.46,230.94,907.85,362.2,229.61,269.02,464.05,220.0,103.06,3171.7,241.66,95.99,132.43,40.36,59.09,99.62,281.45
20260824,12:38:10,44987.75,40346.38,24241.89,16215.72,123.18,1941.86,313.28,483.44,538.07,109.12,178.1,190.88,104.2,136.2,289.42,123.32,198.08,294.5,2861.19,1517.04,445.48,66.46,230.94,907.98,362.25,229.61,269.03,464.04,220.0,103.06,3171.7,241.71,95.86,132.43,40.41,59.09,99.62,281.43
20260824,12:38:15,44984.78,40343.57,24241.93,16216.05,123.18,1941.66,313.2,483.44,538.13,109.12,178.29,190.86,104.36,136.21,289.42,123.21,198.08,294.5,2860.96,1517.08,445.48,66.46,230.94,907.3,362.25,229.61,269.04,464.07,219.96,103.06,3171.62,241.68,95.86,132.43,40.41,59.09,99.62,281.38
20260824,12:38:20,44993.91,40352.05,24243.75,16216.74,123.18,1941.66,313.29,483.44,538.13,109.2,178.29,190.86,104.36,136.0,289.42,123.2,198.23,294.5,2861.62,1517.12,445.48,66.47,231.19,908.11,362.25,229.61,269.35,464.07,219.96,103.06,3172.0,241.68,95.86,132.42,40.41,59.09,99.62,281.38
20260824,12:38:25,44991.62,40349.84,24244.09,16217.22,123.18,1941.66,313.2,483.44,538.43,109.19,178.29,190.86,104.36,136.0,289.6,123.21,198.23,294.5,2861.43,1517.05,445.49,66.49,230.94,908.09,362.23,229.61,269.35,464.07,219.96,103.07,3171.97,241.68,95.86,132.42,40.41,59.09,99.62,281.38
20260824,12:38:30,44989.65,40348.3,24249.32,16224.53,123.18,1941.67,313.74,483.52,538.43,109.19,178.49,190.87,104.52,136.0,289.6,123.17,198.23,294.5,2861.13,1516.94,445.47,66.47,230.94,908.11,362.5,229.61,269.04,464.06,220.11,103.07,3171.63,241.68,95.86,132.42,40.41,59.09,99.62,281.38
20260824,12:38:35,44992.95,40351.19,24249.78,16223.94,123.18,1941.67,313.74,483.52,538.29,109.19,178.49,190.87,104.52,136.0,289.6,123.17,198.08,294.5,2861.38,1517.15,445.49,66.48,230.94,908.02,362.49,229.61,269.04,464.0,220.11,103.07,3171.93,241.68,95.86,132.42,40.41,59.09,99.62,281.43
20260824,12:38:40,44996.55,40354.52,24251.0,16224.75,123.18,1941.67,313.82,483.52,538.32,109.19,178.49,190.87,104.52,136.0,289.6,123.17,198.08,294.5,2861.63,1517.24,445.47,66.47,230.94,907.96,362.49,229.61,269.35,464.0,220.12,103.07,3172.09,241.68,95.86,132.42,40.41,59.09,99.62,281.43
20260824,12:38:45,44991.83,40350.12,24248.75,16222.85,123.18,1941.67,313.82,483.52,538.32,109.19,178.3,190.89,104.36,136.0,289.6,123.17,198.08,294.5,2861.32,1517.15,445.36,66.49,230.95,907.99,362.49,229.61,269.04,464.0,220.12,103.11,3171.9,241.68,95.86,132.42,40.41,59.09,99.62,281.48
20260824,12:38:50,44993.16,40352.02,24247.5,16223.4,123.18,1941.67,313.82,483.52,538.32,109.19,178.3,190.89,104.36,135.99,289.6,123.16,198.08,294.5,2861.46,1517.27,445.33,66.48,230.94,908.0,362.55,229.62,269.04,463.99,220.16,103.11,3171.36,241.71,95.86,132.42,40.41,59.11,99.62,281.48
20260824,12:38:55,44993.28,40352.19,24248.35,16224.57,123.18,1941.67,313.74,483.44,538.32,109.19,178.31,190.93,104.36,135.99,289.6,123.28,198.08,294.5,2861.45,1517.21,445.23,66.49,231.19,907.99,362.55,229.66,269.05,463.99,220.17,103.11,3171.31,242.36,95.86,132.42,40.41,59.11,99.62,281.43
20260824,12:39:00,44989.58,40348.83,24246.78,16223.59,123.18,1941.67,313.75,483.41,538.32,109.19,178.31,190.95,104.36,135.99,289.6,123.29,198.08,294.5,2861.2,1517.2,445.27,66.48,231.19,907.43,362.3,229.66,269.05,463.99,220.05,103.11,3171.09,242.36,95.86,132.42,40.41,59.11,99.62,281.43
20260824,12:39:05,44990.0,40348.86,24248.62,16224.43,123.18,1941.65,313.74,483.41,538.24,109.19,178.31,190.95,104.36,136.2,289.6,123.28,198.08,294.48,2861.18,1517.12,445.35,66.49,231.19,907.56,362.3,229.66,269.05,463.89,220.06,103.11,3171.43,242.36,95.97,132.42,40.41,59.11,99.62,281.45
20260824,12:39:10,44989.85,40348.71,24248.82,16224.66,123.18,1943.06,313.83,483.41,538.05,109.19,178.31,190.93,104.36,136.2,289.48,123.29,198.08,294.48,2861.16,1517.23,445.37,66.48,230.94,907.4,362.3,229.66,269.05,463.89,220.02,103.09,3171.43,242.36,95.97,132.42,40.41,59.11,99.62,281.5
20260824,12:39:15,44984.62,40343.96,24243.68,16219.89,123.18,1941.65,313.19,483.41,538.05,109.19,178.31,190.93,104.36,136.2,289.48,123.28,198.08,294.48,2860.89,1517.13,445.4,66.49,230.94,906.64,362.29,229.66,269.36,463.89,220.06,103.09,3171.12,242.33,95.97,132.42,40.41,59.11,99.62,281.55
20260824,12:39:20,44984.49,40344.09,24246.73,16224.26,123.18,1941.65,313.83,483.41,538.06,109.11,178.31,190.93,104.36,136.21,289.45,123.28,198.08,294.48,2860.8,1517.19,445.36,66.49,230.94,906.65,362.29,229.66,269.05,463.88,220.09,103.09,3170.89,242.33,95.97,132.42,40.41,59.11,99.62,281.45
20260824,12:39:25,44983.43,40343.0,24244.03,16220.98,123.31,1941.65,313.83,483.41,538.06,109.11,178.31,190.95,104.36,136.21,289.27,123.16,198.08,294.48,2860.79,1517.2,445.37,66.48,230.94,906.62,362.29,229.66,269.05,463.88,219.9,103.09,3170.94,242.33,95.86,132.42,40.41,59.11,99.62,281.45
20260824,12:39:30,44945.57,40306.12,24238.88,16215.08,123.31,1941.65,313.28,483.54,538.06,109.11,178.12,190.95,104.2,136.21,289.27,123.17,198.08,294.48,2857.96,1514.8,445.39,66.49,230.94,907.24,362.29,229.66,269.05,463.88,219.89,103.09,3170.93,242.33,95.86,132.42,40.41,59.11,99.62,281.45
20260824,12:39:35,44943.66,40304.48,24238.06,16214.86,123.18,1941.65,313.28,483.54,538.06,109.11,178.12,190.96,104.2,136.21,289.27,123.17,198.04,294.46,2857.83,1514.69,445.45,66.48,230.95,907.22,362.27,229.66,269.06,463.92,219.89,103.09,3170.73,242.33,95.86,132.42,40.41,59.11,99.62,281.5
20260824,12:39:40,44984.84,40344.15,24242.79,16218.77,123.24,1941.65,313.73,483.46,538.01,109.11,178.12,190.93,104.2,136.21,289.27,123.29,198.04,294.46,2860.94,1517.08,445.47,66.49,230.95,907.18,362.27,229.66,269.06,463.96,219.9,103.09,3171.15,242.33,95.86,132.42,40.41,59.08,99.62,281.52
20260824,12:39:45,44984.49,40344.07,24242.44,16219.24,123.24,1941.65,313.82,483.46,538.01,109.11,178.12,190.93,104.2,136.21,289.27,123.29,198.04,294.46,2860.92,1517.02,445.41,66.49,231.06,907.27,362.27,229.66,269.06,463.96,219.9,103.09,3170.91,242.33,95.86,132.42,40.41,59.08,99.61,281.47
20260824,12:39:50,44984.31,40344.22,24241.81,16219.61,123.24,1941.65,313.82,483.46,538.0,109.11,178.12,190.95,104.2,136.21,289.27,123.31,198.04,294.46,2860.92,1517.23,445.4,66.48,231.31,906.46,362.27,229.66,269.06,463.94,219.92,103.09,3170.61,242.33,95.86,132.45,40.41,59.08,99.61,281.47
20260824,12:39:55,44982.09,40341.46,24239.19,16214.62,123.24,1941.65,313.28,483.49,538.0,109.11,178.12,190.99,104.19,136.21,289.27,123.19,198.04,294.46,2860.82,1517.2,445.34,66.49,231.19,906.46,362.27,229.52,269.06,463.94,219.88,103.09,3171.15,242.33,95.86,132.41,40.41,59.1,99.61,281.47
20260824,12:40:00,44981.14,40341.14,24241.23,16218.99,123.24,1941.65,313.82,483.49,538.0,109.19,178.12,191.0,104.19,136.21,289.27,123.19,198.04,294.46,2860.69,1517.19,445.21,66.48,230.95,906.58,362.19,229.52,269.06,463.94,219.89,103.09,3170.6,242.33,95.86,132.41,40.41,59.11,99.61,281.47
20260824,12:40:05,44986.26,40345.74,24244.04,16220.94,123.24,1941.65,313.73,483.49,538.0,109.2,178.32,191.0,104.35,136.21,289.27,123.19,198.04,294.48,2861.01,1517.34,445.42,66.48,231.07,906.55,362.19,229.52,269.06,463.94,219.93,103.09,3170.95,242.33,95.86,132.42,40.41,59.11,99.61,281.47
20260824,12:40:10,44984.04,40343.79,24243.9,16221.48,123.24,1941.65,313.81,483.56,538.03,109.19,178.31,191.0,104.34,136.21,289.27,123.19,198.04,294.48,2860.84,1517.3,445.23,66.48,230.95,906.58,362.27,229.52,269.06,463.98,219.93,103.09,3170.76,242.26,95.86,132.42,40.41,59.11,99.61,281.47
20260824,12:40:15,44985.39,40344.86,24241.71,16218.14,123.24,1941.65,313.27,483.56,537.95,109.19,178.32,191.04,104.34,136.21,289.13,123.31,198.04,294.48,2861.01,1517.3,445.18,66.47,230.95,907.04,362.27,229.52,269.06,463.95,219.95,103.1,3170.98,242.26,95.86,132.42,40.41,59.11,99.61,281.46
20260824,12:40:20,44986.43,40345.96,24240.43,16216.96,123.24,1941.65,313.19,483.56,538.03,109.18,178.33,191.08,104.35,136.21,289.13,123.19,198.33,294.48,2861.13,1517.39,445.18,66.47,230.95,907.04,362.29,229.52,269.06,463.95,219.88,103.1,3170.9,242.26,95.86,132.42,40.41,59.11,99.61,281.46
20260824,12:40:25,44985.68,40344.67,24241.61,16216.45,123.24,1941.65,313.27,483.56,538.03,109.18,178.34,191.08,104.35,136.21,289.13,123.18,198.33,294.48,2861.03,1517.32,445.18,66.47,231.07,906.93,362.29,229.52,269.06,463.95,219.86,103.1,3171.41,242.26,95.86,132.39,40.41,59.11,99.61,281.17
20260824,12:40:30,44983.89,40344.05,24238.06,16216.12,123.18,1941.65,313.27,483.56,538.03,109.18,178.33,191.04,104.35,136.21,289.13,123.18,198.33,294.48,2860.99,1517.25,445.27,66.47,231.06,906.94,362.36,229.52,269.05,463.94,219.86,103.11,3170.39,242.26,95.86,132.39,40.41,59.11,99.61,281.15
20260824,12:40:35,44989.94,40348.89,24240.79,16215.69,123.18,1941.65,313.27,483.56,538.03,109.1,178.34,191.06,104.35,136.21,289.13,123.19,198.33,294.45,2861.39,1517.32,445.27,66.47,231.06,907.66,362.36,229.52,269.05,463.98,219.84,103.11,3171.36,242.26,95.86,132.39,40.41,59.09,99.61,281.15
20260824,12:40:40,44987.57,40347.0,24239.88,16216.08,123.37,1941.65,313.27,483.56,538.03,109.1,178.34,191.06,104.35,135.99,289.13,123.19,198.3,294.45,2861.23,1517.24,445.29,66.48,231.06,907.51,362.33,229.52,269.04,463.98,219.84,103.11,3170.97,242.26,95.86,132.39,40.41,59.11,99.62,281.15
20260824,12:40:45,44989.38,40348.95,24240.62,16217.54,123.37,1941.65,313.27,483.56,538.03,109.1,178.53,191.06,104.51,135.99,289.13,123.19,198.27,294.45,2861.35,1517.36,445.3,66.47,230.94,907.55,362.33,229.52,269.04,463.98,219.69,103.11,3170.8,242.26,95.86,132.39,40.41,59.1,99.62,281.46
20260824,12:40:50,44988.3,40346.96,24243.54,16217.78,123.24,1943.06,313.27,483.56,538.03,109.1,178.53,191.06,104.51,135.99,289.13,123.2,198.27,294.4,2861.19,1517.24,445.31,66.46,230.94,907.53,362.36,229.52,269.04,463.98,219.7,103.11,3171.65,242.26,95.86,132.39,40.41,59.1,99.62,281.46
20260824,12:40:55,44983.94,40343.11,24238.62,16213.44,123.24,1942.96,312.73,483.56,538.03,109.1,178.53,191.04,104.51,135.99,289.13,123.31,198.27,294.42,2860.98,1517.28,445.21,66.46,230.95,907.01,362.36,229.52,269.04,463.98,219.59,103.11,3171.29,242.26,95.86,132.39,40.41,59.1,99.62,281.46
20260824,12:41:00,44943.9,40304.81,24238.41,16215.58,123.24,1942.96,313.36,483.56,538.17,109.1,178.33,191.04,104.35,135.99,289.13,123.19,198.27,294.42,2857.84,1514.87,445.11,66.46,231.07,907.01,362.33,229.52,269.04,463.98,219.59,103.11,3170.64,242.26,95.86,132.39,40.41,59.1,99.62,281.46
20260824,12:41:05,44944.88,40305.32,24239.87,16215.81,123.24,1941.55,313.27,483.56,538.25,109.1,178.32,191.0,104.35,135.99,289.13,123.19,198.27,294.41,2857.88,1514.9,445.1,66.45,231.07,907.04,362.33,229.52,269.04,463.99,219.73,103.11,3171.04,242.26,95.86,132.37,40.41,59.07,99.62,281.51
20260824,12:41:10,44981.72,40341.49,24239.35,16216.12,123.24,1941.75,313.27,483.64,538.25,109.1,178.32,191.0,104.35,135.99,289.13,123.21,198.27,294.41,2860.79,1517.19,444.97,66.46,231.07,907.0,362.31,229.52,269.04,463.99,219.75,103.11,3170.79,242.26,95.86,132.37,40.41,59.07,99.62,281.46
20260824,12:41:15,44982.12,40341.39,24242.63,16218.25,123.18,1941.75,313.36,483.64,538.55,109.1,178.32,191.0,104.35,135.99,288.89,123.21,198.21,294.41,2860.73,1517.2,444.96,66.44,230.96,906.97,362.31,229.52,269.03,463.99,219.74,103.11,3171.24,242.26,95.97,132.37,40.41,59.07,99.62,281.46
20260824,12:41:20,44982.9,40342.6,24240.94,16217.78,123.31,1941.75,313.28,483.65,538.55,109.11,178.32,191.01,104.35,135.99,288.86,123.21,198.21,294.41,2860.84,1517.2,444.96,66.44,231.25,906.97,362.31,229.52,269.03,463.99,219.73,103.11,3170.84,242.26,95.97,132.37,40.37,59.07,99.62,281.46
20260824,12:41:25,44984.79,40344.98,24238.74,16217.06,123.31,1941.75,313.19,483.65,538.53,109.11,178.32,191.0,104.35,135.99,288.86,123.21,198.21,294.41,2861.05,1517.32,445.13,66.44,231.2,906.97,362.39,229.52,269.03,463.99,219.72,103.11,3170.35,242.26,95.98,132.36,40.37,59.07,99.62,281.46
20260824,12:41:30,44982.31,40342.56,24237.32,16215.43,123.31,1941.75,313.28,483.65,538.51,109.11,178.32,190.99,104.35,135.99,288.86,123.21,198.21,294.41,2860.89,1517.21,445.2,66.43,231.07,906.97,362.39,229.52,269.03,463.99,219.51,103.11,3170.35,242.26,95.98,132.36,40.37,59.07,99.62,281.44
20260824,12:41:35,44980.29,40342.31,24232.07,16215.14,123.31,1941.75,313.28,483.65,538.31,109.11,178.33,191.03,104.35,135.99,288.86,123.21,198.21,294.41,2860.88,1517.17,445.1,66.45,231.26,906.97,362.39,229.52,269.03,464.0,219.53,103.11,3168.78,242.26,95.98,132.36,40.37,59.07,99.62,281.44
20260824,12:41:40,44986.5,40346.4,24241.6,16219.53,123.37,1941.75,313.82,483.65,538.31,109.11,178.33,191.03,104.35,135.99,288.86,123.21,198.21,294.38,2861.1,1517.07,445.09,66.45,231.25,907.44,362.39,229.52,269.34,464.0,219.56,103.11,3170.57,242.26,95.98,132.36,40.37,59.07,99.62,281.45
20260824,12:41:45,44985.98,40347.05,24236.8,16217.89,123.24,1941.75,313.82,483.65,538.31,109.11,178.34,191.07,104.35,135.99,288.86,123.21,198.21,294.38,2861.19,1517.23,445.09,66.45,230.95,907.42,362.39,229.52,269.34,464.01,219.42,103.11,3169.51,242.26,95.98,132.36,40.37,59.07,99.62,281.46
20260824,12:41:50,44983.65,40344.53,24238.22,16218.68,123.18,1941.75,313.82,483.65,538.31,109.11,178.35,191.07,104.36,135.99,288.86,123.21,198.21,294.38,2860.97,1517.18,445.1,66.46,230.95,907.42,362.32,229.52,269.03,463.96,219.51,103.11,3169.74,242.26,95.98,132.36,40.37,59.07,99.62,281.46
20260824,12:41:55,44983.07,40344.74,24234.96,16217.56,123.18,1941.75,313.82,483.65,538.31,109.1,178.35,191.06,104.36,135.99,288.74,123.21,198.22,294.38,2861.01,1517.12,445.09,66.46,230.95,907.75,362.32,229.52,269.03,463.94,219.42,103.11,3169.03,242.17,95.98,132.36,40.37,59.07,99.62,281.47
20260824,12:42:00,44984.93,40344.69,24236.25,16212.77,123.18,1941.75,313.28,483.65,538.32,109.1,178.35,191.06,104.36,135.99,288.74,123.21,198.22,294.38,2861.13,1517.11,445.2,66.45,231.07,907.69,362.32,229.52,269.12,463.95,219.4,103.11,3170.73,242.24,95.86,132.36,40.37,59.07,99.62,281.52
20260824,12:42:05,44982.86,40342.56,24236.48,16212.68,123.31,1941.75,313.28,483.65,538.36,109.09,178.33,191.03,104.35,135.99,288.74,123.21,198.22,294.38,2860.96,1517.03,445.12,66.47,231.13,907.69,362.32,229.52,269.01,463.95,219.37,103.11,3170.83,242.24,95.86,132.36,40.37,59.07,99.62,281.47
20260824,12:42:10,44984.19,40343.09,24238.36,16212.26,123.18,1941.75,313.28,483.65,538.4,109.1,178.32,190.99,104.35,135.99,288.74,123.21,198.22,294.38,2861.01,1517.19,445.08,66.47,230.88,907.58,362.32,229.52,269.01,463.91,219.38,103.11,3171.53,242.24,95.86,132.36,40.37,59.07,99.62,281.46
20260824,12:42:15,44983.49,40342.99,24237.13,16212.81,123.18,1941.75,313.28,483.65,538.4,109.1,178.38,190.96,104.41,135.99,288.74,123.21,198.24,294.38,2860.99,1517.19,445.07,66.46,230.88,907.6,361.99,229.52,269.01,463.85,219.38,103.11,3170.99,242.24,95.86,132.34,40.37,59.07,99.62,281.46
20260824,12:42:20,44981.49,40341.31,24239.74,16216.72,123.12,1941.74,313.82,483.9,538.4,109.1,178.39,190.96,104.42,135.99,288.74,123.21,197.95,294.38,2860.76,1517.07,444.96,66.46,230.77,907.59,361.99,229.52,269.05,463.86,219.38,103.11,3170.75,242.24,95.86,132.34,40.37,59.07,99.62,281.47
20260824,12:42:25,44979.76,40340.84,24235.85,16216.29,123.12,1941.74,313.74,483.9,538.4,109.17,178.4,190.98,104.42,135.99,288.74,123.21,197.95,294.38,2860.73,1517.03,445.05,66.46,230.77,907.57,362.34,229.52,269.01,463.86,219.38,103.11,3169.65,242.24,95.86,132.34,40.37,59.07,99.62,281.47
20260824,12:42:30,44976.19,40336.93,24237.17,16216.35,123.12,1941.74,313.82,483.9,538.4,109.17,178.39,190.96,104.42,135.99,288.74,123.21,197.95,294.38,2860.41,1517.03,445.06,66.46,230.71,906.83,362.34,229.52,269.03,463.83,219.37,103.11,3170.05,241.92,95.86,132.37,40.37,59.07,99.62,281.47
20260824,12:42:35,44975.18,40335.95,24233.58,16212.24,123.12,1941.74,313.28,483.88,538.4,109.17,178.39,190.96,104.42,135.99,288.74,123.2,197.95,294.38,2860.43,1516.92,445.06,66.46,230.71,906.84,362.34,229.52,269.34,463.83,219.37,103.11,3170.04,241.92,95.86,132.36,40.37,59.07,99.62,281.47
20260824,12:42:40,44978.65,40338.71,24236.23,16213.22,123.12,1943.15,313.36,483.88,538.4,109.18,178.39,190.98,104.42,135.99,288.74,123.2,197.95,294.38,2860.63,1517.1,444.97,66.45,230.71,906.84,362.33,229.52,269.34,463.79,219.35,103.11,3170.61,241.92,95.86,132.36,40.37,59.07,99.62,281.47
20260824,12:42:45,44975.86,40336.4,24235.55,16213.81,123.12,1941.74,313.36,483.88,538.4,109.17,178.4,191.0,104.42,135.99,288.74,123.2,197.93,294.38,2860.43,1516.93,445.05,66.45,230.71,906.82,362.34,229.52,269.34,463.79,219.48,103.11,3170.23,241.92,95.86,132.34,40.37,59.07,99.62,281.47
20260824,12:42:50,44974.44,40335.47,24233.9,16213.44,123.12,1941.74,313.36,483.88,538.4,109.17,178.41,191.02,104.42,135.99,288.74,123.21,197.93,294.38,2860.37,1516.93,444.94,66.44,230.71,906.82,362.1,229.52,269.34,463.79,219.42,103.11,3169.82,241.92,95.86,132.34,40.37,59.07,99.62,281.47
20260824,12:42:55,44975.4,40336.37,24238.67,16218.8,123.12,1941.96,313.9,483.89,538.4,109.17,178.39,190.96,104.42,135.99,288.74,123.22,197.93,294.38,2860.31,1517.0,444.94,66.45,230.71,906.47,362.1,229.52,269.34,463.79,219.57,103.11,3169.85,241.92,95.86,132.34,40.37,59.07,99.62,281.47
20260824,12:43:00,44978.26,40339.21,24233.14,16212.62,123.12,1941.72,313.36,483.89,538.4,109.17,178.39,190.96,104.42,135.99,288.74,123.22,197.95,294.38,2860.69,1517.04,444.95,66.45,230.71,907.23,362.1,229.52,269.32,463.79,219.35,103.11,3169.8,241.92,95.86,132.34,40.37,59.07,99.62,281.47
20260824,12:43:05,44974.69,40336.0,24235.54,16216.25,123.12,1941.72,313.9,483.89,538.4,109.09,178.38,190.96,104.41,135.99,288.74,123.22,197.95,294.35,2860.34,1516.91,444.97,66.45,230.71,907.11,362.43,229.52,269.03,463.79,219.36,103.11,3169.57,241.92,95.86,132.34,40.37,59.07,99.62,281.46
20260824,12:43:10,44975.78,40336.85,24232.36,16211.91,123.12,1941.72,313.36,483.82,538.26,109.09,178.38,190.96,104.41,135.99,288.74,123.22,197.99,294.37,2860.51,1517.04,444.96,66.46,230.71,907.11,362.43,229.52,269.03,463.85,219.36,103.11,3169.75,241.92,95.86,132.34,40.37,59.07,99.62,281.45
20260824,12:43:15,44974.92,40335.15,24235.7,16212.85,123.12,1941.72,313.36,483.82,538.26,109.09,178.4,191.05,104.4,135.99,288.74,123.22,197.99,294.37,2860.35,1516.93,444.95,66.45,230.71,907.12,362.43,229.52,269.03,463.79,219.36,103.11,3170.54,241.92,95.97,132.34,40.37,59.07,99.62,281.45
20260824,12:43:20,44974.34,40335.12,24231.2,16209.47,123.12,1941.72,313.36,483.82,538.22,109.09,178.19,191.01,104.25,135.99,288.74,123.22,197.99,294.37,2860.43,1516.91,444.94,66.44,230.59,907.11,362.43,229.52,269.34,463.83,219.36,103.11,3170.05,241.92,95.86,132.34,40.37,59.07,99.62,281.4
20260824,12:43:25,44976.43,40337.63,24229.69,16209.31,123.12,1941.72,313.36,483.82,538.27,109.09,178.18,190.97,104.25,135.99,288.92,123.34,198.01,294.37,2860.64,1517.06,445.03,66.45,230.59,907.05,362.08,229.52,269.34,463.81,219.35,103.11,3169.62,241.85,95.86,132.34,40.37,59.07,99.62,281.09
20260824,12:43:30,44975.5,40338.82,24223.7,16209.43,123.12,1941.72,313.28,483.82,538.27,109.09,178.19,191.0,104.25,135.99,289.06,123.34,198.01,294.37,2860.73,1517.09,445.03,66.44,230.71,907.05,362.08,229.52,269.38,463.81,219.34,103.11,3167.72,241.85,95.86,132.57,40.37,59.07,99.62,281.09
20260824,12:43:35,44976.0,40336.98,24232.37,16211.62,122.99,1941.72,313.9,483.82,538.25,109.09,178.18,190.95,104.25,135.99,289.06,123.22,198.01,294.37,2860.53,1517.1,444.96,66.44,230.59,907.08,362.41,229.52,269.07,463.79,219.22,103.11,3169.83,241.92,95.86,132.57,40.37,59.08,99.62,281.09
20260824,12:43:40,44938.43,40300.37,24232.3,16211.54,122.99,1941.72,313.9,483.82,538.25,109.09,178.18,190.95,104.25,135.99,289.06,123.21,198.01,294.37,2857.58,1514.69,445.0,66.44,230.59,907.06,362.43,229.52,269.38,463.79,219.22,103.11,3169.83,241.92,95.86,132.57,40.37,59.08,99.62,281.09
20260824,12:43:45,44938.42,40300.63,24227.32,16206.74,122.99,1941.72,313.27,483.56,538.24,109.09,178.17,190.94,104.25,135.99,289.06,123.21,198.01,294.31,2857.72,1514.8,444.96,66.44,230.59,907.52,362.1,229.52,269.07,463.79,219.26,103.11,3169.58,241.92,95.86,132.57,40.37,59.08,99.62,281.07
20260824,12:43:50,44942.33,40304.45,24231.62,16211.68,122.99,1941.72,313.9,483.56,538.24,109.1,178.17,190.94,104.25,135.99,289.06,123.2,198.01,294.3,2857.91,1514.81,444.96,66.45,230.59,907.52,362.1,229.52,269.39,463.79,219.21,103.11,3169.58,241.92,95.86,132.57,40.37,59.08,99.62,281.38
20260824,12:43:55,44982.12,40343.22,24232.89,16213.15,122.99,1940.31,313.9,483.56,538.24,109.1,178.36,190.93,104.4,135.99,289.06,123.2,198.01,294.3,2861.0,1517.11,444.98,66.45,230.84,907.52,362.04,229.52,269.39,463.79,219.21,103.11,3169.58,241.92,95.86,132.57,40.37,59.08,99.62,281.38
20260824,12:44:00,44941.75,40303.81,24233.44,16213.57,122.99,1940.31,313.9,483.64,538.38,109.1,178.36,190.91,104.4,135.99,289.06,123.2,198.01,294.3,2857.81,1514.7,444.97,66.45,230.95,907.63,362.38,229.52,269.07,463.77,219.19,103.11,3169.64,241.92,95.86,132.59,40.37,59.08,99.62,281.38
20260824,12:44:05,44943.1,40304.14,24235.69,16212.81,122.99,1940.31,313.9,483.64,538.38,109.1,178.36,190.93,104.4,135.99,288.94,123.2,198.01,294.33,2857.86,1514.81,444.97,66.45,230.71,907.62,362.36,229.52,269.08,463.75,219.1,103.11,3170.55,241.92,95.86,132.59,40.37,59.08,99.62,281.43
20260824,12:44:10,44980.98,40341.22,24235.5,16213.21,122.99,1940.31,313.82,483.62,538.38,109.1,178.36,190.94,104.4,135.99,288.94,123.2,198.01,294.32,2860.84,1517.11,444.97,66.45,230.71,907.63,362.36,229.52,269.08,463.73,219.21,103.11,3170.38,241.92,95.86,132.59,40.37,59.08,99.62,281.43
20260824,12:44:15,44982.1,40341.46,24239.13,16214.5,122.99,1941.73,313.82,483.62,538.38,109.1,178.36,190.94,104.4,135.99,288.94,123.2,198.01,294.35,2860.82,1517.11,444.95,66.45,230.71,907.61,362.36,229.52,269.08,463.73,219.37,103.11,3171.16,241.92,95.86,132.59,40.37,59.07,99.62,281.12
20260824,12:44:20,44982.66,40342.01,24234.65,16209.36,122.99,1941.73,313.19,483.62,538.38,109.1,178.37,190.96,104.4,135.99,288.94,123.19,197.97,294.35,2860.99,1517.23,444.95,66.46,230.71,907.63,362.36,229.52,269.08,463.77,219.22,103.11,3171.16,241.92,95.86,132.62,40.37,59.08,99.62,281.38
20260824,12:44:25,44980.33,40339.55,24235.83,16210.09,122.99,1940.38,313.27,483.88,538.28,109.1,178.37,190.97,104.4,135.99,288.76,123.31,197.97,294.35,2860.77,1517.11,444.84,66.46,230.69,907.61,362.37,229.52,269.08,463.77,219.22,103.11,3171.33,241.92,95.86,132.62,40.37,59.08,99.62,281.38
20260824,12:44:30,44979.0,40339.47,24236.13,16214.51,122.99,1940.38,313.82,483.88,538.28,109.18,178.37,190.98,104.4,135.99,288.76,123.31,197.97,294.35,2860.66,1517.23,444.83,66.45,230.69,907.05,362.39,229.52,269.04,463.85,219.22,103.11,3170.22,241.92,95.86,132.62,40.37,59.08,99.61,281.38
20260824,12:44:35,44980.32,40340.55,24235.92,16213.59,122.99,1940.38,313.82,483.88,538.28,109.1,178.37,190.98,104.4,135.99,288.94,123.19,197.97,294.35,2860.77,1517.2,444.7,66.45,230.7,907.53,362.39,229.52,269.04,463.84,219.23,103.11,3170.41,241.92,95.86,132.62,40.37,59.08,99.61,281.38
20260824,12:44:40,44979.22,40339.74,24234.82,16213.2,122.99,1940.38,313.82,483.88,538.06,109.1,178.39,191.03,104.4,135.99,288.94,123.23,197.97,294.35,2860.72,1517.17,444.69,66.45,230.7,907.52,362.39,229.52,269.04,463.84,219.23,103.1,3170.17,241.92,95.86,132.6,40.37,59.08,99.61,281.38
20260824,12:44:45,44980.98,40341.1,24237.17,16214.69,122.99,1940.38,313.82,483.88,537.76,109.09,178.39,191.06,104.4,135.99,288.94,123.23,197.97,294.35,2860.79,1517.17,444.71,66.45,230.94,907.06,362.39,229.52,269.35,463.84,219.48,103.09,3170.5,241.92,95.86,132.6,40.37,59.08,99.61,281.38
20260824,12:44:50,44976.6,40336.53,24238.35,16215.05,122.99,1940.38,313.81,483.88,537.87,109.09,178.4,191.05,104.41,135.99,288.94,123.23,197.97,294.35,2860.41,1517.23,444.82,66.45,230.93,906.32,362.05,229.66,269.04,463.84,219.48,103.09,3170.77,241.92,95.86,132.61,40.37,59.08,99.61,281.38
20260824,12:44:55,44979.09,40338.96,24234.65,16210.81,122.99,1940.38,313.27,483.87,537.85,109.09,178.4,191.06,104.41,135.99,288.94,123.19,197.97,294.35,2860.71,1517.32,444.84,66.44,230.56,907.06,362.05,229.66,269.04,463.82,219.48,103.09,3170.77,241.92,95.86,132.58,40.37,59.08,99.61,281.44
20260824,12:45:00,44976.16,40338.99,24227.89,16212.66,122.99,1940.38,313.27,483.87,537.85,109.09,178.34,191.1,104.35,136.21,288.94,123.19,197.97,294.41,2860.67,1517.19,444.83,66.47,230.86,907.06,362.06,229.66,269.04,463.83,219.6,103.09,3168.15,241.92,95.97,132.58,40.37,59.08,99.61,281.43
20260824,12:45:05,44983.41,40343.74,24233.95,16211.89,122.99,1940.38,313.28,483.87,537.85,109.09,178.33,191.05,104.35,136.21,288.94,123.19,197.97,294.42,2861.07,1517.31,444.84,66.46,230.86,907.19,362.41,229.66,269.36,463.83,219.52,103.09,3170.25,241.92,95.97,132.58,40.37,59.08,99.61,281.43
20260824,12:45:10,44979.36,40339.12,24235.15,16211.02,122.99,1940.38,313.28,483.87,537.85,109.18,178.32,191.03,104.35,136.21,288.94,123.19,197.99,294.4,2860.72,1517.2,444.88,66.46,230.86,907.11,362.07,229.66,269.04,463.98,219.4,103.09,3170.86,241.92,95.97,132.58,40.37,59.08,99.61,281.38
20260824,12:45:15,44984.06,40343.92,24235.47,16212.14,122.99,1940.37,313.29,483.87,537.88,109.18,178.35,191.14,104.35,136.21,288.94,123.19,197.99,294.4,2861.08,1517.2,444.88,66.46,230.86,907.55,362.08,229.66,269.35,464.0,219.43,103.09,3170.66,241.9,95.97,132.61,40.37,59.08,99.61,281.43
20260824,12:45:20,44981.99,40341.9,24235.68,16212.37,122.99,1940.37,313.28,483.87,537.9,109.1,178.36,191.18,104.35,136.21,288.97,123.19,197.99,294.4,2860.91,1517.2,444.88,66.46,230.86,907.56,362.07,229.66,269.03,464.0,219.5,103.09,3170.66,241.9,95.97,132.61,40.37,59.08,99.52,281.38
20260824,12:45:25,44981.84,40341.64,24236.2,16212.57,122.99,1940.37,313.28,483.87,537.9,109.1,178.36,191.15,104.35,136.21,288.97,123.19,197.99,294.4,2860.88,1517.15,444.88,66.47,230.87,907.57,362.46,229.66,269.04,464.0,219.54,103.06,3170.77,241.9,95.97,132.61,40.37,59.08,99.52,281.37
20260824,12:45:30,44978.86,40340.54,24230.81,16212.42,122.99,1940.37,313.28,483.74,537.9,109.1,178.36,191.15,104.35,136.21,288.83,123.19,197.99,294.4,2860.8,1517.1,444.87,66.48,230.75,907.61,362.47,229.66,269.03,464.0,219.54,103.06,3169.13,241.9,95.97,132.61,40.37,59.08,99.52,281.37
20260824,12:45:35,44982.59,40343.67,24232.54,16212.73,122.99,1940.15,313.28,483.75,537.9,109.1,178.36,191.15,104.35,136.21,288.83,123.23,197.99,294.4,2861.04,1517.27,444.95,66.48,230.75,907.61,362.47,229.66,269.03,464.0,219.54,103.06,3169.58,241.9,95.97,132.61,40.37,59.08,99.52,281.42
20260824,12:45:40,44981.89,40342.33,24234.85,16213.15,122.99,1940.21,313.28,483.75,537.9,109.1,178.36,191.16,104.35,136.21,288.83,123.23,197.99,294.4,2860.93,1517.18,444.95,66.47,230.75,907.61,362.46,229.66,269.03,464.0,219.58,103.06,3170.19,241.9,95.97,132.61,40.37,59.08,99.52,281.42
20260824,12:45:45,44985.44,40345.72,24235.74,16213.96,122.99,1940.21,313.28,483.75,538.12,109.1,178.36,191.17,104.35,136.21,288.83,123.23,197.99,294.4,2861.18,1517.11,444.84,66.47,230.75,908.13,362.46,229.9,269.34,464.0,219.58,103.06,3170.25,241.9,95.97,132.61,40.37,59.08,99.52,281.42
20260824,12:45:50,44986.52,40346.61,24235.29,16212.91,122.99,1940.21,313.19,483.75,538.04,109.1,178.36,191.17,104.35,136.21,288.83,123.23,197.99,294.37,2861.28,1517.29,444.84,66.46,230.75,908.23,362.45,229.9,269.03,464.0,219.59,103.06,3170.39,241.9,95.97,132.61,40.37,59.08,99.52,281.37
20260824,12:45:55,44984.52,40344.66,24236.1,16213.83,123.12,1940.21,313.28,483.75,537.96,109.1,178.36,191.16,104.35,136.64,288.83,123.23,197.84,294.38,2861.1,1517.16,444.92,66.48,230.75,908.1,362.46,229.9,269.03,464.0,219.56,103.06,3170.4,241.9,95.97,132.61,40.37,59.08,99.52,281.37
20260824,12:46:00,44982.77,40344.43,24231.49,16213.45,123.12,1940.43,313.28,483.75,537.88,109.1,178.35,191.13,104.35,136.64,288.83,123.23,197.84,294.38,2861.09,1517.15,444.93,66.48,230.75,908.07,362.46,229.9,269.03,463.93,219.57,103.06,3169.06,241.9,95.97,132.61,40.37,59.08,99.52,281.37
20260824,12:46:05,44982.07,40342.95,24233.64,16213.27,122.99,1940.43,313.28,483.67,537.88,109.1,178.36,191.14,104.35,136.64,288.83,123.23,197.84,294.4,2860.97,1517.15,445.01,66.47,230.73,907.34,362.46,229.9,269.35,463.93,219.59,103.06,3169.78,241.9,95.97,132.61,40.37,59.08,99.52,281.37
20260824,12:46:10,44983.66,40344.93,24232.31,16213.2,122.99,1940.43,313.28,483.67,537.88,109.1,178.35,191.14,104.35,136.64,288.83,123.23,197.84,294.4,2861.13,1517.28,445.02,66.47,230.73,907.33,362.4,229.66,269.35,463.93,219.59,103.06,3169.38,241.9,95.97,132.61,40.37,59.08,99.52,281.37
20260824,12:46:15,44985.43,40346.4,24231.42,16211.33,122.99,1940.43,313.28,483.67,537.85,109.1,178.36,191.16,104.35,136.64,288.65,123.23,197.84,294.41,2861.3,1517.3,444.95,66.45,230.73,908.15,362.4,229.66,269.04,463.95,219.41,103.06,3169.62,241.83,95.97,132.61,40.37,59.08,99.52,281.37
20260824,12:46:20,44984.15,40344.9,24230.27,16209.14,122.99,1940.39,313.27,483.75,537.88,109.1,178.16,191.14,104.19,136.64,288.65,123.35,197.84,294.38,2861.23,1517.15,444.93,66.45,231.1,908.15,362.39,229.66,269.04,463.93,219.41,103.06,3169.85,241.83,95.86,132.71,40.37,59.05,99.52,281.37
20260824,12:46:25,44981.9,40344.71,24224.61,16209.34,122.99,1940.39,313.36,483.74,537.88,109.1,178.15,191.13,104.19,136.42,288.65,123.35,197.84,294.38,2861.21,1517.21,444.92,66.45,230.86,908.16,362.39,229.66,269.04,463.93,219.41,103.06,3168.03,241.83,95.86,132.7,40.37,59.05,99.52,281.37
20260824,12:46:30,44983.09,40346.06,24224.0,16209.26,122.99,1940.39,313.28,483.61,537.88,109.1,178.15,191.11,104.19,136.21,288.65,123.35,197.84,294.38,2861.32,1517.2,444.93,66.45,230.74,908.14,362.4,229.66,269.35,463.93,219.41,103.06,3167.86,241.83,95.97,132.7,40.37,59.05,99.52,281.37
20260824,12:46:35,44980.88,40341.89,24225.73,16204.5,122.99,1940.39,312.73,483.72,537.89,109.1,178.14,191.11,104.19,136.21,288.65,123.34,197.84,294.38,2861.1,1517.19,444.94,66.44,230.74,908.04,362.4,229.66,269.04,463.93,219.42,103.06,3169.69,241.83,95.86,132.7,40.37,59.05,99.52,281.37
20260824,12:46:40,44983.74,40345.52,24228.08,16210.02,122.99,1940.39,313.36,483.72,537.86,109.1,178.14,191.09,104.19,136.21,288.83,123.34,197.81,294.38,2861.26,1517.32,444.94,66.46,230.74,907.61,362.39,229.66,269.35,463.97,219.41,103.06,3168.93,241.83,95.97,132.7,40.37,59.08,99.52,281.37
20260824,12:46:45,44983.35,40344.53,24224.38,16203.71,122.99,1940.39,312.82,483.47,537.85,109.1,178.14,191.09,104.19,136.21,288.83,123.18,197.81,294.38,2861.33,1517.32,444.94,66.46,230.85,907.69,362.41,229.66,269.34,463.97,219.41,103.06,3169.48,241.76,95.86,132.7,40.37,59.08,99.52,281.37
20260824,12:46:50,44984.26,40344.93,24229.76,16208.29,122.99,1940.39,313.36,483.48,537.85,109.1,178.14,191.08,104.19,136.21,288.83,123.18,197.81,294.41,2861.25,1517.2,444.94,66.45,230.97,908.14,362.65,229.66,269.02,463.95,219.37,103.06,3169.92,241.76,95.97,132.7,40.37,59.08,99.52,281.37
20260824,12:46:55,44984.54,40345.42,24228.38,16207.44,122.99,1940.35,313.29,483.48,537.91,109.09,178.14,191.1,104.19,136.21,288.97,123.17,197.81,294.41,2861.31,1517.2,445.24,66.43,230.86,907.68,362.65,229.66,269.38,463.95,219.42,103.06,3169.72,241.76,95.86,132.7,40.37,59.08,99.52,281.37
20260824,12:47:00,44985.88,40346.74,24228.24,16207.32,122.99,1940.35,313.29,483.48,537.98,109.09,178.16,191.1,104.2,136.21,288.79,123.18,197.84,294.4,2861.42,1517.26,445.25,66.45,230.86,907.68,362.65,229.66,269.38,463.95,219.35,103.06,3169.71,241.76,95.86,132.7,40.37,59.08,99.52,281.42
20260824,12:47:05,44989.22,40350.02,24229.64,16209.03,122.99,1940.35,313.37,483.48,537.97,109.1,178.16,191.1,104.2,136.21,288.79,123.18,197.84,294.42,2861.64,1517.3,445.27,66.44,230.74,908.17,362.66,229.66,269.39,463.95,219.47,103.05,3169.68,241.76,95.86,132.72,40.37,59.08,99.52,281.37
20260824,12:47:10,44988.29,40349.2,24230.62,16210.46,122.99,1940.35,313.37,483.68,537.98,109.1,178.16,191.1,104.2,136.21,288.91,123.18,197.84,294.44,2861.54,1517.2,445.29,66.44,230.86,908.16,362.59,229.66,269.39,463.95,219.5,103.06,3169.6,241.76,95.97,132.72,40.37,59.05,99.52,281.37
20260824,12:47:15,44948.02,40309.22,24233.82,16211.62,122.99,1940.35,313.37,483.69,538.33,109.1,178.15,191.08,104.2,136.21,288.91,123.18,197.88,294.44,2858.29,1514.86,445.18,66.43,230.86,908.16,362.59,229.66,269.08,463.95,219.48,103.06,3170.28,241.76,95.97,132.72,40.37,59.05,99.52,281.42
20260824,12:47:20,44946.31,40308.47,24228.79,16208.91,122.99,1940.35,313.2,483.69,538.34,109.1,178.15,191.08,104.2,136.21,288.91,123.18,197.88,294.43,2858.3,1514.87,445.21,66.44,230.86,908.16,362.27,229.66,269.08,463.94,219.32,103.06,3169.45,241.83,95.97,132.72,40.37,59.05,99.52,281.42
20260824,12:47:25,44945.81,40307.65,24227.05,16205.8,122.99,1940.35,312.75,483.69,538.34,109.1,178.15,191.07,104.2,136.21,289.09,123.22,197.88,294.43,2858.31,1514.94,445.11,66.43,230.74,908.13,362.59,229.66,269.08,463.94,219.32,103.05,3169.75,241.83,95.97,132.72,40.37,59.05,99.52,281.37
20260824,12:47:30,44941.61,40305.78,24219.97,16205.1,122.99,1940.35,312.75,483.69,538.34,109.1,178.15,191.07,104.2,136.21,289.09,123.18,197.88,294.43,2858.17,1514.8,445.08,66.43,230.74,908.25,362.59,229.66,269.08,463.94,219.36,103.05,3167.73,241.83,95.86,132.72,40.37,59.08,99.52,281.37
20260824,12:47:35,44948.38,40313.21,24218.65,16206.36,122.99,1940.35,312.82,483.69,538.34,109.1,178.15,191.07,104.2,136.21,289.09,123.18,197.88,294.43,2858.74,1514.97,445.2,66.43,230.74,908.99,362.6,229.52,269.08,463.94,219.35,103.05,3166.98,241.83,95.95,132.72,40.37,59.08,99.52,281.37
20260824,12:47:40,44991.52,40352.0,24231.25,16210.02,122.99,1941.76,313.37,483.32,538.34,109.09,178.14,191.07,104.2,136.21,289.09,123.18,197.88,294.41,2861.78,1517.31,445.17,66.43,230.74,909.0,362.6,229.52,269.08,463.94,219.32,103.05,3169.92,241.83,95.95,132.72,40.37,59.08,99.52,281.37
20260824,12:47:45,44989.39,40349.93,24226.8,16204.89,122.99,1941.76,312.74,483.32,538.26,109.11,178.14,191.07,104.2,136.21,289.09,123.18,197.88,294.41,2861.74,1517.32,445.22,66.43,230.56,908.98,362.6,229.52,269.08,463.94,219.31,103.05,3169.92,241.83,95.95,132.63,40.37,59.08,99.52,281.37
20260824,12:47:50,44988.99,40350.36,24228.08,16209.11,122.99,1941.76,313.28,483.32,538.27,109.11,178.15,191.07,104.2,136.21,289.09,123.18,197.88,294.39,2861.67,1517.37,445.32,66.43,230.76,908.4,362.6,229.52,269.07,463.91,219.34,103.05,3169.17,241.83,95.95,132.63,40.37,59.08,99.51,281.37
20260824,12:47:55,44992.66,40353.49,24229.9,16209.72,122.99,1941.98,313.37,483.32,538.27,109.03,178.15,191.07,104.2,136.21,288.97,123.18,197.88,294.39,2861.91,1517.42,445.27,66.43,230.65,908.95,362.6,229.52,269.07,463.97,219.35,103.02,3169.58,241.83,95.95,132.63,40.37,59.08,99.51,281.37
20260824,12:48:00,44994.91,40355.93,24230.02,16210.68,122.99,1941.98,313.37,483.37,538.27,109.11,178.14,191.07,104.2,136.21,288.97,123.18,197.88,294.39,2862.08,1517.42,445.26,66.41,230.83,908.95,362.6,229.52,269.3,463.97,219.42,103.02,3169.36,241.83,95.95,132.63,40.37,59.09,99.51,281.36
20260824,12:48:05,44992.1,40356.1,24222.15,16211.34,122.99,1941.98,313.37,483.37,538.26,109.11,178.15,191.08,104.2,136.42,288.97,123.18,197.88,294.39,2862.08,1517.36,445.27,66.43,230.71,909.19,362.57,229.52,269.3,463.93,219.46,102.99,3166.72,241.83,95.95,132.63,40.37,59.09,99.51,281.38
20260824,12:48:10,44991.06,40354.46,24222.08,16209.19,122.99,1942.08,313.28,483.37,538.26,109.11,178.15,191.08,104.2,136.42,288.83,123.18,197.88,294.39,2862.0,1517.3,445.29,66.43,230.71,909.15,362.57,229.52,269.31,463.93,219.3,102.99,3167.28,241.83,95.95,132.63,40.37,59.09,99.51,281.38
20260824,12:48:15,44993.11,40356.46,24222.23,16209.36,122.99,1942.08,313.28,483.37,538.3,109.11,178.16,191.09,104.2,136.42,288.83,123.18,197.88,294.39,2862.16,1517.4,445.19,66.43,230.71,909.21,362.57,229.52,269.4,463.93,219.31,103.02,3167.28,241.83,95.96,132.63,40.37,59.07,99.51,281.38
20260824,12:48:20,44992.27,40355.05,24224.69,16210.2,122.99,1943.49,313.28,483.37,538.3,109.11,178.14,191.12,104.18,136.42,288.83,123.17,197.92,294.39,2862.02,1517.42,445.27,66.42,230.71,909.16,362.57,229.52,269.09,463.93,219.34,103.02,3167.82,241.93,95.96,132.63,40.37,59.06,99.51,281.38
20260824,12:48:25,44995.85,40359.07,24222.75,16209.75,122.99,1942.08,313.28,483.36,538.3,109.11,178.13,191.09,104.18,136.42,288.83,123.21,197.92,294.39,2862.36,1517.54,445.27,66.43,230.72,909.18,362.57,229.52,269.4,463.93,219.31,103.02,3167.34,241.95,95.96,132.63,40.33,59.06,99.51,281.51
20260824,12:48:30,44988.07,40351.64,24221.92,16209.3,122.99,1942.08,313.28,483.36,538.26,109.11,178.13,191.07,104.18,136.21,288.83,123.17,197.92,294.39,2861.77,1517.38,445.18,66.43,230.74,908.73,362.57,229.52,269.08,463.91,219.36,103.02,3167.2,241.95,95.96,132.63,40.33,59.06,99.51,281.46
20260824,12:48:35,44990.84,40354.19,24222.78,16209.8,122.99,1943.49,313.28,483.36,538.26,109.11,178.13,191.07,104.18,136.21,288.83,123.17,197.92,294.39,2861.96,1517.54,445.16,66.45,230.75,908.7,362.64,229.52,269.08,463.94,219.35,103.02,3167.33,241.95,95.96,132.63,40.33,59.06,99.51,281.46
20260824,12:48:40,44990.18,40351.49,24226.92,16207.68,122.99,1943.43,312.82,483.36,538.26,109.11,178.13,191.06,104.19,136.21,288.83,123.16,197.92,294.39,2861.8,1517.43,445.07,66.46,230.87,908.6,362.64,229.52,269.09,463.93,219.47,103.02,3169.2,241.95,95.97,132.63,40.33,59.06,99.51,281.51
20260824,12:48:45,44993.71,40355.64,24222.42,16204.85,122.99,1943.43,312.82,483.36,538.26,109.12,177.94,191.06,104.03,136.21,288.83,123.18,197.92,294.39,2862.2,1517.39,445.05,66.46,231.12,909.07,362.64,229.52,269.4,463.93,219.45,103.0,3168.56,241.63,95.97,132.63,40.33,59.06,99.51,281.46
20260824,12:48:50,44993.15,40354.81,24223.92,16205.65,122.99,1943.49,312.82,483.36,538.26,109.12,177.95,191.06,104.04,136.21,288.83,123.18,197.92,294.44,2862.11,1517.43,444.98,66.45,230.87,909.05,362.64,229.52,269.41,463.93,219.5,103.0,3168.81,241.63,95.96,132.63,40.33,59.06,99.51,281.51
20260824,12:48:55,44991.88,40353.75,24227.66,16210.56,122.99,1943.49,313.36,483.36,538.26,109.12,177.95,191.09,104.04,136.21,288.83,123.18,197.92,294.44,2861.91,1517.42,445.24,66.46,230.87,908.31,362.64,229.52,269.4,463.74,219.61,102.99,3168.65,241.63,95.96,132.63,40.33,59.06,99.51,281.56
20260824,12:49:00,44989.89,40351.88,24228.02,16211.19,122.99,1943.49,313.36,483.36,538.26,109.03,178.15,191.11,104.2,136.21,288.83,123.18,197.92,294.44,2861.74,1517.33,445.15,66.46,230.87,908.28,362.64,229.52,269.4,463.74,219.49,102.99,3168.59,241.63,95.96,132.63,40.33,59.06,99.51,281.51
20260824,12:49:05,44949.56,40313.2,24226.23,16211.21,122.99,1943.49,313.36,483.36,538.26,109.03,178.15,191.1,104.2,136.21,288.83,123.18,197.95,294.42,2858.62,1514.87,445.23,66.48,230.87,908.36,362.64,229.52,269.4,463.74,219.49,102.99,3168.03,241.63,95.96,132.63,40.33,59.06,99.51,281.51
20260824,12:49:10,44988.8,40349.02,24233.56,16211.56,122.99,1943.49,313.36,483.36,538.26,109.03,178.15,191.1,104.19,136.21,288.83,123.18,197.95,294.42,2861.5,1517.28,445.12,66.47,230.87,908.27,362.64,229.52,269.09,463.79,219.52,102.99,3170.22,241.63,95.96,132.63,40.33,59.06,99.51,281.53
20260824,12:49:15,44991.54,40351.4,24234.51,16211.67,122.99,1943.49,313.36,483.36,538.26,109.03,178.14,191.08,104.19,136.21,288.83,123.18,197.95,294.41,2861.69,1517.3,445.22,66.46,230.87,908.32,362.64,229.52,269.31,463.79,219.53,102.99,3170.49,241.63,95.96,132.63,40.33,59.06,99.51,281.53
20260824,12:49:20,44949.52,40310.37,24234.62,16211.52,122.99,1943.39,313.36,483.36,538.26,109.03,178.15,191.09,104.19,136.21,288.83,123.18,197.92,294.41,2858.39,1514.9,445.13,66.46,230.87,908.32,362.94,229.52,268.99,463.81,219.52,102.99,3170.56,241.63,95.96,132.63,40.33,59.06,99.51,281.55
20260824,12:49:25,44989.41,40350.49,24232.19,16212.91,123.05,1943.39,313.36,483.36,538.3,109.03,178.19,191.11,104.23,136.21,288.83,123.22,197.92,294.43,2861.59,1517.36,445.15,66.45,230.87,908.32,362.94,229.52,269.0,463.81,219.55,102.99,3169.43,241.59,95.96,132.62,40.33,59.06,99.51,281.55
20260824,12:49:30,44988.94,40349.29,24233.95,16212.45,123.05,1943.32,313.36,483.36,538.3,109.03,178.19,191.1,104.23,136.21,288.83,123.18,197.92,294.43,2861.5,1517.28,445.2,66.45,230.87,908.37,362.61,229.27,269.0,463.87,219.52,102.99,3170.1,241.59,95.96,132.62,40.33,59.06,99.51,281.55
20260824,12:49:35,44989.45,40350.9,24227.49,16208.72,123.05,1943.32,312.82,483.36,538.3,109.11,178.2,191.13,104.23,136.21,288.83,123.18,197.92,294.4,2861.72,1517.3,445.21,66.47,230.87,908.36,362.61,229.52,269.31,463.86,219.64,102.98,3169.09,241.53,95.96,132.62,40.33,59.06,99.51,281.2
20260824,12:49:40,44988.4,40348.59,24230.51,16207.88,123.05,1943.32,312.82,483.61,538.3,109.03,178.01,191.15,104.07,136.21,288.83,123.18,197.92,294.4,2861.56,1517.37,445.15,66.46,230.75,908.34,362.61,229.52,269.01,463.86,219.67,103.0,3170.27,241.53,95.96,132.62,40.33,59.06,99.51,281.51
20260824,12:49:45,44989.88,40350.39,24234.09,16213.24,123.05,1943.32,313.37,483.61,538.3,109.11,178.21,191.16,104.23,136.21,288.95,123.18,197.92,294.4,2861.57,1517.34,445.15,66.46,230.75,908.09,362.61,229.52,269.31,463.86,219.55,103.0,3169.93,241.53,95.96,132.62,40.33,59.06,99.51,281.51
20260824,12:49:50,44985.56,40346.17,24230.58,16209.13,123.05,1943.32,312.82,483.6,538.37,109.11,178.2,191.12,104.23,136.21,288.95,123.18,197.96,294.4,2861.33,1517.4,445.23,66.47,230.75,907.64,362.61,229.52,269.0,463.86,219.52,103.0,3169.95,241.53,95.96,132.62,40.33,59.06,99.51,281.51
20260824,12:49:55,44987.16,40346.93,24234.11,16210.54,123.18,1943.32,312.82,483.6,538.37,109.13,178.23,191.12,104.26,136.21,288.95,123.3,197.96,294.4,2861.36,1517.36,445.04,66.47,230.75,907.62,362.59,229.52,269.32,463.85,219.52,103.0,3170.67,241.53,95.96,132.58,40.33,59.09,99.51,281.45
20260824,12:50:00,44985.81,40346.09,24232.25,16210.0,123.18,1943.32,312.82,483.6,538.45,109.13,178.23,191.12,104.26,136.21,288.95,123.18,197.96,294.4,2861.3,1517.44,445.14,66.46,230.75,907.44,362.58,229.52,269.1,463.85,219.52,103.0,3170.24,241.53,95.96,132.58,40.33,59.09,99.51,281.45
20260824,12:50:05,44982.51,40346.17,24222.14,16209.39,122.92,1943.32,312.82,483.6,538.45,109.13,178.24,191.14,104.26,136.21,289.07,123.18,197.96,294.4,2861.33,1517.4,445.01,66.45,231.11,907.44,362.58,229.52,269.09,463.85,219.53,102.99,3167.24,241.53,95.96,132.58,40.33,59.09,99.51,281.44
20260824,12:50:10,44986.19,40349.41,24226.91,16213.72,122.92,1943.32,313.36,483.6,538.45,109.13,178.25,191.17,104.26,136.21,289.21,123.18,197.96,294.4,2861.48,1517.57,445.11,66.45,230.87,907.4,362.58,229.52,269.1,463.87,219.54,102.99,3167.56,241.53,95.96,132.58,40.33,59.09,99.51,281.49
20260824,12:50:15,44991.46,40354.28,24225.16,16210.84,122.86,1943.32,312.81,483.6,538.45,109.13,178.27,191.21,104.27,136.21,289.21,123.18,197.96,294.4,2861.94,1517.46,445.12,66.45,231.11,908.61,362.6,229.52,269.09,463.85,219.64,102.99,3167.79,241.59,95.96,132.58,40.33,59.09,99.51,281.49
20260824,12:50:20,44994.83,40355.89,24232.95,16214.18,122.92,1943.32,313.36,483.6,538.45,109.13,178.27,191.25,104.26,136.42,289.21,123.22,197.96,294.4,2861.99,1517.46,445.11,66.45,231.11,908.72,362.6,229.52,269.1,463.85,219.49,102.99,3169.32,241.59,95.96,132.58,40.33,59.09,99.51,281.49
20260824,12:50:25,44986.88,40349.74,24223.01,16208.09,122.92,1943.32,312.73,483.6,538.45,109.13,178.26,191.21,104.26,136.21,289.21,123.22,197.96,294.38,2861.64,1517.43,445.11,66.46,230.86,908.18,362.6,229.5,269.1,463.85,219.49,102.99,3167.87,241.53,95.85,132.58,40.33,59.09,99.51,281.49
20260824,12:50:30,44987.79,40350.48,24224.9,16209.75,122.99,1943.32,312.74,483.61,538.48,109.13,178.26,191.21,104.26,136.21,289.21,123.22,198.0,294.36,2861.66,1517.41,445.02,66.46,230.86,907.98,362.6,229.5,269.41,463.83,219.64,102.99,3168.01,241.53,95.85,132.58,40.33,59.09,99.51,281.49
20260824,12:50:35,44987.92,40350.84,24224.36,16209.95,122.99,1943.32,312.82,483.35,538.45,109.13,178.27,191.23,104.26,136.21,289.21,123.22,198.0,294.36,2861.69,1517.48,445.0,66.45,230.86,907.88,362.6,229.5,269.41,463.83,219.52,102.99,3167.79,241.53,95.96,132.58,40.33,59.09,99.51,281.49
20260824,12:50:40,44991.06,40353.53,24229.65,16214.81,123.11,1943.32,313.36,483.35,538.41,109.12,178.26,191.19,104.26,136.21,289.03,123.22,198.0,294.34,2861.79,1517.4,445.0,66.45,230.86,908.36,362.6,229.5,269.41,463.83,219.63,102.99,3168.12,241.53,95.96,132.58,40.33,59.09,99.51,281.44
20260824,12:50:45,44993.11,40355.43,24229.98,16214.86,123.05,1943.32,313.36,483.61,538.41,109.12,178.26,191.19,104.27,136.2,289.03,123.22,198.0,294.34,2861.94,1517.49,444.98,66.46,230.75,908.52,362.6,229.5,269.41,463.83,219.62,102.99,3168.21,241.53,95.96,132.58,40.33,59.09,99.51,281.44
20260824,12:50:50,44995.03,40357.04,24231.12,16215.26,123.05,1943.32,313.44,483.61,538.38,109.12,178.26,191.19,104.27,136.2,289.21,123.22,197.96,294.34,2862.06,1517.57,445.02,66.46,230.75,908.54,362.58,229.5,269.41,463.83,219.61,102.99,3168.45,241.53,95.96,132.58,40.33,59.09,99.51,281.44
20260824,12:50:55,44993.28,40356.19,24225.49,16211.64,123.05,1943.32,312.9,483.35,538.38,109.12,178.28,191.18,104.28,136.2,289.21,123.22,197.96,294.34,2862.08,1517.63,445.03,66.45,230.75,908.82,362.58,229.5,269.09,463.82,219.66,102.99,3167.68,241.53,95.96,132.58,40.33,59.09,99.51,281.44
20260824,12:51:00,44995.82,40357.95,24228.86,16213.13,123.05,1943.32,312.9,483.35,538.38,109.21,178.28,191.18,104.29,136.21,289.21,123.23,197.95,294.34,2862.18,1517.56,445.08,66.45,230.75,908.83,362.59,229.5,269.41,463.82,219.77,102.99,3168.33,241.53,95.96,132.58,40.34,59.09,99.51,281.44
20260824,12:51:05,44997.59,40360.45,24230.08,16217.16,123.05,1943.09,313.44,483.35,538.38,109.13,178.28,191.17,104.29,136.42,289.21,123.23,197.95,294.34,2862.29,1517.65,445.07,66.45,230.75,908.79,362.59,229.5,269.41,463.78,219.79,102.99,3167.61,241.53,95.96,132.58,40.34,59.09,99.51,281.44
20260824,12:51:10,44996.81,40359.9,24229.54,16217.19,123.05,1943.09,313.45,483.35,538.38,109.13,178.28,191.17,104.29,136.42,289.21,123.23,197.95,294.39,2862.24,1517.6,445.0,66.45,230.87,908.81,362.59,229.5,269.41,463.78,219.77,102.98,3167.44,241.53,95.96,132.58,40.34,59.09,99.51,281.45
20260824,12:51:15,44996.9,40359.35,24229.57,16215.11,122.99,1943.09,313.44,483.35,538.38,109.13,178.29,191.2,104.29,136.42,289.21,123.23,197.95,294.34,2862.25,1517.59,445.0,66.48,230.87,908.81,362.53,229.5,269.41,463.78,219.59,102.98,3168.01,241.53,95.96,132.58,40.34,59.08,99.51,281.45
20260824,12:51:20,44996.87,40359.32,24227.68,16212.94,122.99,1943.09,313.44,483.35,538.4,109.13,178.08,191.19,104.12,136.21,289.21,123.23,197.92,294.34,2862.3,1517.76,444.98,66.48,230.87,908.83,362.53,229.25,269.1,463.78,219.61,102.98,3168.01,241.53,95.96,132.6,40.34,59.09,99.51,281.45
20260824,12:51:25,44997.64,40360.98,24225.13,16213.03,122.86,1941.68,313.36,483.35,538.4,109.12,178.1,191.19,104.13,136.21,289.21,123.23,197.92,294.34,2862.43,1517.67,444.99,66.47,231.11,908.83,362.53,229.25,269.41,463.76,219.77,102.98,3167.19,241.53,95.96,132.6,40.34,59.09,99.51,281.45
20260824,12:51:30,44992.91,40355.31,24227.73,16212.49,122.86,1941.68,313.36,483.35,538.4,109.12,178.1,191.19,104.13,136.21,289.45,123.25,197.92,294.34,2861.99,1517.72,445.0,66.48,231.11,907.59,362.53,229.5,269.41,463.76,219.67,102.98,3168.15,241.6,95.96,132.6,40.34,59.09,99.51,281.5
20260824,12:51:35,44992.98,40355.22,24227.83,16212.1,122.86,1941.62,313.36,483.35,538.4,109.12,178.29,191.19,104.29,136.21,289.45,123.25,197.92,294.34,2861.99,1517.69,445.07,66.45,231.11,907.63,362.54,229.5,269.42,463.76,219.52,102.98,3168.28,241.6,95.85,132.6,40.34,59.09,99.51,281.45
20260824,12:51:40,44994.97,40356.69,24229.03,16211.86,122.86,1941.62,313.36,483.35,538.4,109.12,178.29,191.2,104.29,136.21,289.45,123.21,197.92,294.34,2862.11,1517.68,445.0,66.48,230.86,908.18,362.59,229.5,269.43,463.76,219.52,102.98,3168.72,241.6,95.85,132.6,40.34,59.09,99.51,281.45
20260824,12:51:45,45032.46,40393.64,24227.57,16211.6,122.86,1941.62,313.36,483.35,538.4,109.12,178.29,191.2,104.29,136.21,289.45,123.21,197.92,294.34,2865.1,1520.1,444.99,66.45,230.86,907.9,362.59,229.5,269.42,463.76,219.49,102.98,3168.34,241.6,95.85,132.62,40.34,59.09,99.51,281.45
20260824,12:51:50,45029.96,40391.0,24226.9,16210.16,122.86,1941.62,312.9,483.35,538.4,109.12,178.29,191.2,104.29,136.21,289.45,123.33,197.92,294.34,2864.92,1519.95,444.98,66.48,230.86,907.9,362.58,229.5,269.42,463.76,219.61,102.98,3168.52,241.6,95.85,132.62,40.34,59.09,99.51,281.45
20260824,12:51:55,44984.95,40346.95,24227.28,16209.94,122.86,1941.62,312.89,483.35,538.37,109.13,178.29,191.17,104.29,136.21,289.45,123.33,197.92,294.34,2861.37,1517.5,445.0,66.47,230.86,907.44,362.57,229.5,269.11,463.79,219.6,102.98,3168.7,241.6,95.85,132.6,40.34,59.1,99.51,281.45
20260824,12:52:00,44988.2,40349.74,24227.48,16208.92,122.86,1941.47,312.81,483.35,538.37,109.13,178.28,191.16,104.29,136.21,289.45,123.33,197.92,294.34,2861.62,1517.54,445.03,66.47,230.86,907.48,362.57,229.5,269.42,463.77,219.57,102.98,3169.04,241.64,95.85,132.6,40.34,59.09,99.51,281.45
20260824,12:52:05,45025.45,40386.61,24231.58,16215.57,122.86,1941.47,313.35,483.35,538.37,109.13,178.21,191.16,104.24,136.21,289.45,123.33,197.92,294.34,2864.44,1519.75,445.03,66.47,230.73,907.48,362.57,229.5,269.42,463.77,219.73,102.98,3168.51,242.29,95.97,132.6,40.34,59.09,99.51,281.43
20260824,12:52:10,44988.68,40350.83,24230.8,16214.84,122.86,1941.47,313.36,483.35,538.46,109.13,178.21,191.16,104.24,136.21,289.45,123.33,197.92,294.34,2861.57,1517.52,445.11,66.46,230.73,907.47,362.57,229.5,269.42,463.77,219.61,102.98,3168.47,242.29,95.97,132.6,40.34,59.09,99.51,281.43
20260824,12:52:15,44988.08,40350.62,24229.41,16214.46,122.86,1941.47,313.36,483.35,538.46,109.13,178.21,191.15,104.24,136.21,289.45,123.33,197.92,294.34,2861.56,1517.67,445.07,66.46,230.73,907.43,362.57,229.5,269.11,463.77,219.58,102.97,3168.14,242.29,95.97,132.6,40.34,59.09,99.51,281.43
20260824,12:52:20,44986.9,40349.57,24228.99,16214.36,122.86,1940.05,313.36,483.35,538.52,109.13,178.21,191.15,104.24,136.21,289.45,123.33,197.92,294.34,2861.48,1517.49,445.07,66.45,230.73,907.39,362.57,229.5,269.42,463.77,219.6,102.97,3168.04,242.29,95.97,132.6,40.34,59.09,99.51,281.44
20260824,12:52:25,45028.29,40389.59,24226.56,16210.49,122.86,1940.12,312.89,483.35,538.53,109.13,178.21,191.15,104.24,136.21,289.45,123.21,197.92,294.34,2864.8,1520.02,445.12,66.44,230.73,907.45,362.57,229.5,269.42,463.77,219.65,102.97,3168.32,242.29,95.97,132.59,40.34,59.07,99.51,281.44
20260824,12:52:30,45034.63,40396.36,24229.6,16216.0,122.86,1940.12,313.44,483.35,538.6,109.13,178.21,191.14,104.24,136.21,289.45,123.2,197.92,294.34,2865.21,1520.08,445.12,66.44,230.85,908.13,362.57,229.5,269.42,463.77,219.8,102.97,3167.78,242.29,95.97,132.59,40.34,59.07,99.51,281.41
20260824,12:52:35,45034.06,40393.38,24235.18,16214.26,122.99,1940.12,313.44,483.37,538.58,109.13,178.2,191.13,104.23,136.21,289.31,123.2,197.92,294.33,2865.01,1520.09,444.99,66.45,230.86,908.13,362.58,229.5,269.11,463.77,219.61,102.97,3169.99,242.24,95.97,132.61,40.34,59.07,99.51,281.41
20260824,12:52:40,45036.3,40395.98,24233.83,16214.16,122.86,1940.12,313.52,483.37,538.58,109.13,178.2,191.13,104.23,136.21,289.19,123.32,197.92,294.33,2865.23,1520.04,444.99,66.45,231.1,908.16,362.59,229.5,269.42,463.76,219.51,102.97,3169.6,242.24,95.97,132.61,40.34,59.07,99.51,281.41
20260824,12:52:45,44994.36,40354.33,24235.31,16213.21,122.86,1940.12,313.52,483.37,538.48,109.13,178.21,191.2,104.23,136.21,289.19,123.32,197.92,294.41,2861.89,1517.52,445.06,66.45,230.86,908.18,362.57,229.5,269.42,463.73,219.5,102.97,3170.32,242.24,95.85,132.61,40.34,59.07,99.51,281.41
20260824,12:52:50,44992.58,40352.6,24233.29,16210.89,122.99,1940.12,313.44,483.37,538.48,109.13,178.01,191.2,104.06,136.21,289.19,123.32,197.92,294.41,2861.81,1517.65,444.94,66.45,230.74,908.21,362.57,229.5,269.11,463.74,219.51,102.98,3170.32,242.24,95.85,132.55,40.34,59.09,99.51,281.41
20260824,12:52:55,45035.0,40393.65,24234.39,16211.2,122.86,1940.05,313.44,483.37,538.48,109.13,178.02,191.21,104.06,136.21,289.19,123.32,197.92,294.41,2865.11,1520.06,444.86,66.45,230.86,908.19,362.57,229.5,269.42,463.74,219.58,102.98,3170.58,242.24,95.85,132.55,40.34,59.09,99.51,281.41
20260824,12:53:00,45037.11,40398.39,24228.3,16213.21,122.86,1940.05,313.52,483.34,538.48,109.13,178.02,191.21,104.06,136.21,289.19,123.34,197.92,294.43,2865.44,1520.02,444.88,66.45,230.87,909.05,362.57,229.5,269.43,463.73,219.61,102.98,3168.13,242.24,95.97,132.55,40.34,59.09,99.51,281.43
20260824,12:53:05,44995.8,40358.28,24226.84,16211.97,122.86,1940.05,313.44,483.34,538.48,109.13,178.03,191.21,104.07,136.42,289.19,123.34,197.92,294.4,2862.24,1517.64,444.9,66.46,230.99,909.05,362.55,229.5,269.12,463.75,219.49,102.98,3168.01,242.24,95.97,132.55,40.34,59.09,99.51,281.48
20260824,12:53:10,44995.3,40356.32,24231.28,16212.17,122.86,1940.05,313.53,483.34,538.48,109.13,178.03,191.21,104.07,136.21,289.19,123.22,197.91,294.4,2862.08,1517.45,445.09,66.44,230.99,909.1,362.55,229.5,269.11,463.75,219.64,102.98,3169.34,242.29,95.85,132.55,40.34,59.09,99.51,281.5
20260824,12:53:15,44990.51,40353.09,24226.91,16211.94,122.86,1940.05,313.53,483.34,538.49,109.13,178.03,191.21,104.07,136.21,289.19,123.22,197.91,294.38,2861.82,1517.45,445.1,66.44,230.98,908.48,362.58,229.5,269.11,463.73,219.64,102.97,3168.04,242.29,95.85,132.55,40.34,59.08,99.51,281.5
20260824,12:53:20,44991.58,40353.98,24226.98,16211.52,122.86,1940.05,313.53,483.34,538.38,109.13,178.02,191.17,104.07,136.21,289.19,123.22,197.91,294.37,2861.9,1517.47,445.02,66.42,230.89,908.49,362.55,229.5,269.37,463.76,219.64,102.97,3168.18,242.29,95.85,132.55,40.34,59.08,99.51,281.5
20260824,12:53:25,44992.97,40354.21,24230.09,16211.35,122.86,1940.05,313.53,483.34,538.38,109.13,178.02,191.17,104.08,136.42,289.19,123.22,197.91,294.37,2861.93,1517.35,445.02,66.42,230.78,908.99,362.58,229.5,269.38,463.74,219.6,102.97,3169.19,242.29,95.85,132.52,40.34,59.08,99.51,281.5
20260824,12:53:30,44997.67,40358.09,24228.23,16206.85,122.86,1940.05,312.99,483.59,538.2,109.13,178.03,191.17,104.08,136.42,289.19,123.18,197.91,294.37,2862.35,1517.62,445.04,66.42,230.9,909.01,362.58,229.5,269.38,463.72,219.6,102.97,3169.83,242.29,95.85,132.52,40.34,59.08,99.51,281.5
20260824,12:53:35,45039.8,40399.19,24231.29,16210.54,122.86,1940.05,313.53,483.34,538.2,109.13,178.03,191.17,104.08,136.42,289.19,123.22,197.91,294.37,2865.57,1520.23,445.17,66.44,230.78,908.97,362.58,229.5,269.07,463.74,219.57,102.97,3169.79,242.29,95.85,132.52,40.34,59.08,99.51,281.5
20260824,12:53:40,45041.32,40400.25,24234.32,16212.6,122.86,1940.05,313.53,483.34,538.29,109.13,178.02,191.16,104.08,136.42,289.19,123.22,197.91,294.37,2865.61,1520.23,445.07,66.44,230.9,909.06,362.58,229.5,269.07,463.73,219.75,102.97,3170.18,242.25,95.85,132.52,40.34,59.08,99.51,281.55
20260824,12:53:45,44998.98,40359.05,24231.75,16209.83,122.86,1940.05,313.53,483.35,538.29,109.13,178.01,191.15,104.07,136.42,289.19,123.22,197.91,294.34,2862.35,1517.72,445.09,66.43,230.89,909.08,362.58,229.5,269.07,463.73,219.49,102.97,3170.13,242.25,95.85,132.52,40.34,59.08,99.51,281.5
20260824,12:53:50,44999.3,40359.13,24230.09,16207.18,122.86,1940.05,312.99,483.35,538.29,109.15,178.03,191.22,104.07,136.42,289.19,123.22,197.91,294.34,2862.42,1517.76,445.09,66.43,230.9,909.08,362.6,229.5,269.08,463.73,219.49,102.97,3170.33,242.25,95.97,132.52,40.34,59.08,99.51,281.55
20260824,12:53:55,45001.39,40361.33,24234.51,16212.78,122.99,1942.88,313.53,483.35,538.29,109.15,178.06,191.22,104.1,136.42,289.19,123.22,197.91,294.34,2862.47,1517.82,445.09,66.43,230.91,908.6,362.6,229.5,269.39,463.71,219.48,102.97,3170.19,242.25,95.97,132.53,40.34,59.08,99.51,281.5
20260824,12:54:00,44993.64,40355.81,24227.94,16212.03,122.86,1942.88,313.53,483.34,538.21,109.15,178.06,191.22,104.1,136.21,289.19,123.22,197.91,294.34,2862.04,1517.52,445.05,66.43,230.91,908.55,362.6,229.5,269.39,463.72,219.61,102.97,3168.34,242.25,95.85,132.53,40.34,59.08,99.51,281.48
20260824,12:54:05,45036.28,40397.61,24227.79,16212.7,122.86,1944.25,313.53,483.34,538.21,109.15,178.07,191.24,104.1,136.21,289.19,123.22,197.91,294.34,2865.39,1519.99,445.19,66.42,231.14,908.57,362.6,229.5,269.38,463.72,219.6,102.97,3168.11,242.25,95.85,132.53,40.34,59.08,99.51,281.53
20260824,12:54:10,45036.22,40394.77,24235.75,16212.55,122.86,1944.25,313.45,483.34,538.18,109.15,178.07,191.24,104.1,136.21,289.19,123.22,197.91,294.34,2865.17,1520.17,445.22,66.43,231.15,907.84,362.65,229.5,269.07,463.72,219.57,102.97,3170.64,242.25,95.97,132.53,40.34,59.08,99.51,281.48
20260824,12:54:15,45031.85,40391.61,24230.15,16209.77,122.86,1944.25,312.99,483.67,538.18,109.15,178.07,191.26,104.1,136.21,289.19,123.22,198.05,294.32,2864.98,1520.08,445.11,66.43,231.03,907.86,362.65,229.5,269.07,463.72,219.57,102.97,3169.64,242.25,95.97,132.55,40.34,59.08,99.51,281.48
20260824,12:54:20,45034.11,40395.44,24225.22,16209.57,122.99,1944.25,312.91,483.67,538.18,109.15,178.07,191.21,104.11,136.21,289.19,123.22,198.05,294.33,2865.29,1520.05,445.11,66.43,230.78,908.56,362.33,229.5,269.38,463.68,219.57,102.97,3168.16,242.25,95.97,132.58,40.34,59.08,99.51,281.48
20260824,12:54:25,44989.77,40349.95,24236.68,16215.08,122.86,1944.25,313.53,483.67,538.18,109.15,178.07,191.21,104.11,136.21,289.19,123.18,198.05,294.33,2861.49,1517.56,444.96,66.43,230.79,907.74,362.65,229.5,269.08,463.74,219.71,102.97,3170.24,242.25,95.97,132.58,40.34,59.08,99.51,281.53
20260824,12:54:30,45029.82,40388.82,24236.0,16213.77,122.86,1942.84,313.53,483.67,538.26,109.15,178.08,191.23,104.11,136.21,289.19,123.18,198.05,294.33,2864.66,1520.0,444.9,66.44,230.89,907.68,362.65,229.5,269.08,463.74,219.61,102.97,3170.38,242.25,95.97,132.58,40.34,59.09,99.51,281.47
20260824,12:54:35,45030.03,40390.45,24231.58,16213.49,122.86,1943.06,313.53,483.67,538.28,109.15,178.08,191.26,104.11,136.21,289.19,123.22,198.05,294.33,2864.8,1519.99,444.92,66.43,230.77,908.12,362.65,229.5,269.07,463.74,219.56,102.97,3169.08,242.25,95.97,132.58,40.34,59.09,99.51,281.39
20260824,12:54:40,45027.28,40388.29,24230.11,16213.53,122.86,1944.47,313.53,483.67,538.28,109.13,178.07,191.2,104.11,136.21,289.19,123.22,198.05,294.3,2864.62,1519.86,444.83,66.45,230.84,908.13,362.67,229.5,269.07,463.71,219.53,102.97,3168.61,242.21,95.97,132.58,40.34,59.09,99.51,281.44
20260824,12:54:45,45023.91,40385.42,24227.65,16212.09,122.86,1943.06,313.53,483.67,538.2,109.13,178.08,191.21,104.11,136.21,289.19,123.22,198.05,294.3,2864.42,1519.8,444.92,66.45,230.96,907.66,362.7,229.5,269.07,463.71,219.57,102.97,3168.23,242.21,95.85,132.58,40.34,59.08,99.51,281.41
20260824,12:54:50,45024.98,40384.76,24229.84,16208.91,122.86,1944.47,312.98,483.55,538.2,109.13,178.01,191.25,104.05,136.21,289.19,123.22,198.05,294.3,2864.45,1519.86,444.81,66.45,230.96,907.66,362.69,229.36,269.06,463.71,219.68,102.97,3169.78,242.21,95.85,132.58,40.34,59.08,99.51,281.41
20260824,12:54:55,45029.31,40389.47,24232.9,16214.06,122.99,1944.47,313.53,483.55,538.22,109.13,178.01,191.25,104.05,136.21,289.19,123.22,198.05,294.3,2864.7,1520.04,444.92,66.44,230.96,907.62,362.71,229.36,269.06,463.73,219.72,102.97,3169.34,242.25,95.85,132.58,40.34,59.08,99.51,281.51
20260824,12:55:00,45021.7,40383.48,24227.48,16212.57,122.86,1943.06,313.45,483.55,538.22,109.12,178.02,191.28,104.05,136.21,289.07,123.22,198.05,294.3,2864.26,1519.84,444.82,66.44,230.59,907.6,362.63,229.36,269.06,463.73,219.74,102.97,3168.05,242.25,95.85,132.58,40.34,59.08,99.51,281.47
20260824,12:55:05,45020.55,40383.61,24224.51,16213.38,122.92,1943.12,313.45,483.55,538.22,109.12,178.09,191.24,104.11,136.21,289.07,123.18,198.05,294.3,2864.25,1519.81,444.82,66.44,230.71,907.6,362.39,229.36,269.07,463.79,219.75,102.97,3166.9,242.25,95.85,132.58,40.34,59.08,99.51,281.47
20260824,12:55:10,45025.28,40385.72,24231.11,16212.58,122.92,1943.12,313.45,483.55,538.29,109.11,178.09,191.26,104.11,136.21,289.07,123.19,198.05,294.3,2864.44,1519.93,444.87,66.45,230.71,907.61,362.37,229.36,269.08,463.78,219.61,102.97,3169.18,242.19,95.85,132.58,40.34,59.09,99.51,281.51
20260824,12:55:15,45022.81,40383.65,24227.76,16209.86,123.05,1944.57,312.98,483.55,538.29,109.13,178.09,191.26,104.11,136.21,289.07,123.19,198.05,294.31,2864.33,1519.83,444.88,66.44,230.71,907.65,362.61,229.36,269.08,463.78,219.58,102.97,3168.87,242.25,95.85,132.58,40.34,59.09,99.51,281.47
20260824,12:55:20,44949.89,40312.06,24232.27,16213.24,122.86,1944.57,313.53,483.8,538.15,109.13,178.09,191.26,104.11,136.21,289.07,123.2,198.05,294.32,2858.48,1515.03,444.95,66.44,230.97,908.29,362.37,229.36,269.08,463.78,219.58,102.97,3169.36,242.25,95.85,132.58,40.34,59.09,99.51,281.47
20260824,12:55:25,44983.45,40347.44,24224.08,16212.82,122.85,1944.67,313.53,483.55,538.15,109.13,178.09,191.24,104.11,136.21,289.07,123.2,198.05,294.32,2861.35,1517.42,444.86,66.42,230.96,907.79,362.61,229.36,269.08,463.62,219.59,102.97,3166.92,242.25,95.85,132.6,40.34,59.1,99.51,281.46
20260824,12:55:30,44984.66,40348.25,24222.56,16209.81,122.91,1943.26,312.99,483.8,538.2,109.13,178.09,191.24,104.12,136.22,289.07,123.2,198.05,294.32,2861.48,1517.42,444.9,66.42,230.84,907.79,362.6,229.36,269.39,463.62,219.61,102.97,3167.26,242.58,95.85,132.6,40.34,59.12,99.51,281.46
20260824,12:55:35,44987.11,40351.11,24224.62,16213.75,122.91,1943.26,313.53,483.8,538.16,109.13,178.09,191.24,104.12,136.22,289.07,123.23,198.05,294.32,2861.62,1517.53,444.89,66.41,230.85,907.78,362.6,229.36,269.39,463.62,219.61,102.97,3166.83,242.58,95.85,132.57,40.34,59.12,99.51,281.46
20260824,12:55:40,44984.41,40348.55,24222.14,16211.15,122.91,1944.67,312.91,483.8,538.09,109.12,178.09,191.23,104.12,136.22,289.07,123.3,198.05,294.32,2861.47,1517.36,444.88,66.41,230.73,908.49,362.61,229.36,269.07,463.63,219.64,102.97,3166.76,242.58,95.96,132.57,40.34,59.12,99.51,281.46
20260824,12:55:45,44986.6,40350.9,24224.06,16214.09,122.91,1946.08,313.45,483.8,538.08,109.12,178.1,191.28,104.11,136.22,289.07,123.17,198.02,294.34,2861.59,1517.43,444.97,66.41,230.73,908.45,362.61,229.36,269.08,463.63,219.65,102.97,3166.57,242.58,95.84,132.57,40.34,59.12,99.51,281.46
20260824,12:55:50,44985.73,40347.86,24225.74,16208.71,122.91,1946.11,312.82,483.8,538.12,109.12,178.1,191.28,104.11,136.22,289.07,123.17,198.02,294.34,2861.48,1517.37,444.88,66.4,230.73,908.49,362.61,229.36,269.08,463.56,219.57,102.97,3168.55,242.58,95.84,132.57,40.34,59.12,99.51,281.46
20260824,12:55:55,44989.82,40353.16,24225.56,16212.88,122.91,1943.28,313.36,483.8,538.12,109.12,178.09,191.24,104.11,136.22,289.07,123.17,198.02,294.34,2861.81,1517.47,444.88,66.4,230.84,908.47,362.61,229.36,269.38,463.53,219.72,102.97,3167.37,242.58,95.84,132.57,40.34,59.12,99.51,281.5
20260824,12:56:00,44989.62,40354.19,24224.0,16215.17,123.04,1943.28,313.52,483.8,538.2,109.12,178.09,191.24,104.11,136.22,289.07,123.17,198.02,294.36,2861.83,1517.4,444.9,66.41,231.09,908.47,362.61,229.36,269.38,463.61,219.65,102.97,3166.25,242.58,95.96,132.57,40.34,59.12,99.51,281.5
20260824,12:56:05,44986.92,40351.16,24226.13,16216.32,123.04,1944.7,313.52,483.8,538.19,109.12,178.1,191.28,104.11,136.22,289.07,123.17,198.02,294.36,2861.56,1517.28,444.88,66.41,230.86,908.45,362.59,229.36,269.38,463.58,219.72,102.97,3166.61,242.58,95.96,132.54,40.34,59.12,99.51,281.5
20260824,12:56:10,44990.12,40352.56,24230.04,16215.03,123.04,1944.7,313.52,483.8,538.19,109.12,178.1,191.27,104.11,136.22,289.07,123.17,198.02,294.36,2861.7,1517.47,444.86,66.41,231.09,908.41,362.59,229.36,269.06,463.57,219.57,102.97,3168.18,242.58,95.97,132.54,40.34,59.12,99.51,281.55
20260824,12:56:15,44986.99,40352.5,24221.45,16215.17,122.91,1946.33,313.52,483.8,538.13,109.12,178.02,191.27,104.06,136.22,289.07,123.17,198.02,294.36,2861.7,1517.34,444.91,66.4,230.98,908.84,362.59,229.36,269.06,463.53,219.68,102.97,3165.46,242.58,95.97,132.54,40.34,59.12,99.51,281.5
20260824,12:56:20,44984.76,40347.46,24230.25,16215.72,122.91,1944.92,313.52,484.31,538.01,109.12,178.02,191.25,104.06,136.22,289.07,123.29,198.02,294.36,2861.28,1517.24,444.93,66.39,230.61,908.48,362.59,229.36,269.07,463.54,219.68,102.97,3168.06,242.51,95.97,132.54,40.34,59.12,99.51,281.6
20260824,12:56:25,44982.91,40347.51,24223.76,16214.44,122.91,1944.92,313.43,483.98,537.88,109.12,178.02,191.25,104.06,136.22,289.07,123.33,198.02,294.36,2861.31,1517.24,444.92,66.4,230.71,908.48,362.59,229.36,269.07,463.54,219.68,102.97,3166.38,242.51,95.97,132.54,40.34,59.12,99.51,281.55
20260824,12:56:30,44983.95,40348.53,24221.3,16211.63,122.91,1944.92,312.97,483.98,537.88,109.12,178.03,191.27,104.06,136.22,289.07,123.33,198.02,294.36,2861.46,1517.36,444.91,66.4,230.71,908.48,362.59,229.36,269.06,463.57,219.72,102.97,3166.37,242.51,95.97,132.54,40.34,59.12,99.51,281.55
20260824,12:56:35,44977.45,40343.09,24221.38,16214.72,122.91,1944.92,313.52,483.98,537.88,109.11,178.08,191.23,104.11,135.99,289.07,123.33,198.02,294.36,2860.95,1517.29,444.8,66.37,230.59,907.75,362.59,229.36,269.06,463.55,219.68,102.97,3165.56,242.55,95.97,132.55,40.34,59.12,99.51,281.27
20260824,12:56:40,44974.65,40340.02,24218.73,16210.52,122.91,1944.92,312.97,483.98,537.88,109.11,178.08,191.23,104.11,135.99,289.07,123.33,198.02,294.36,2860.8,1517.22,444.8,66.39,230.96,907.26,362.59,229.36,269.06,463.53,219.66,102.97,3165.87,242.55,95.97,132.55,40.34,59.12,99.51,281.27
20260824,12:56:45,44973.0,40338.0,24221.51,16212.33,122.91,1944.92,313.44,484.22,537.88,109.11,178.08,191.21,104.11,136.21,289.07,123.21,198.02,294.36,2860.6,1517.21,444.68,66.39,230.71,907.15,362.59,229.36,269.06,463.5,219.53,102.97,3166.25,242.55,95.97,132.55,40.34,59.12,99.51,281.27
20260824,12:56:50,44976.96,40342.02,24222.15,16213.6,122.91,1944.92,313.44,484.22,537.88,109.11,178.08,191.21,104.11,136.21,289.07,123.21,198.02,294.36,2860.89,1517.44,444.72,66.38,230.71,907.12,362.59,229.11,269.06,463.56,219.57,102.97,3166.1,242.51,95.97,132.55,40.34,59.12,99.51,281.58
20260824,12:56:55,44981.29,40344.14,24223.83,16208.53,123.04,1944.92,312.89,484.22,537.83,109.11,178.08,191.22,104.11,136.21,289.07,123.2,198.02,294.36,2861.18,1517.37,444.7,66.37,230.96,907.45,362.59,229.11,269.38,463.56,219.45,102.97,3168.01,242.48,95.97,132.55,40.34,59.12,99.51,281.58
20260824,12:57:00,44983.97,40346.85,24225.47,16210.73,123.04,1944.92,312.89,484.14,537.83,109.11,178.06,191.2,104.1,136.21,289.07,123.32,198.02,294.36,2861.35,1517.49,444.75,66.37,230.82,907.57,362.59,229.11,269.37,463.56,219.63,102.97,3167.92,242.48,95.97,132.55,40.34,59.12,99.51,281.56
20260824,12:57:05,44983.52,40346.25,24224.63,16209.23,122.91,1944.92,312.89,483.97,537.9,109.11,178.06,191.21,104.1,136.21,289.07,123.33,198.02,294.37,2861.34,1517.34,444.76,66.38,230.59,908.17,362.57,229.25,269.37,463.58,219.59,102.97,3168.06,242.48,95.97,132.55,40.34,59.11,99.51,281.25
20260824,12:57:10,44978.16,40344.79,24215.88,16211.74,122.91,1944.92,313.43,483.97,537.9,109.11,177.99,191.21,104.04,136.21,289.07,123.33,198.02,294.37,2861.16,1517.32,444.75,66.38,230.59,908.2,362.57,229.25,269.06,463.57,219.43,102.97,3164.65,242.48,95.97,132.54,40.34,59.11,99.51,281.56
20260824,12:57:15,44980.33,40346.3,24220.06,16214.54,122.91,1946.33,313.51,483.97,537.9,109.13,178.01,191.24,104.05,136.21,289.07,123.33,198.02,294.37,2861.21,1517.31,444.81,66.38,230.71,908.21,362.57,229.25,269.06,463.55,219.59,102.98,3165.19,242.48,95.96,132.54,40.34,59.11,99.51,281.56
20260824,12:57:20,44983.25,40348.79,24218.43,16211.46,122.91,1946.33,312.96,483.97,537.9,109.13,178.01,191.24,104.05,136.21,289.07,123.33,198.02,294.37,2861.49,1517.41,445.11,66.37,230.71,908.24,362.5,229.25,269.06,463.55,219.58,102.98,3165.52,242.48,96.07,132.54,40.34,59.11,99.51,281.56
20260824,12:57:25,44980.44,40346.06,24217.2,16210.09,122.91,1944.92,312.96,483.97,537.89,109.13,178.01,191.25,104.05,136.21,289.07,123.33,198.02,294.37,2861.3,1517.33,445.01,66.37,230.71,907.77,362.5,229.25,269.37,463.53,219.51,102.98,3165.51,242.48,96.07,132.54,40.34,59.11,99.51,281.56
20260824,12:57:30,44980.63,40344.3,24222.95,16210.2,122.91,1944.92,312.96,484.04,537.89,109.13,178.01,191.24,104.05,136.21,289.07,123.33,198.02,294.38,2861.16,1517.15,445.01,66.4,230.82,908.24,362.5,229.25,269.06,463.54,219.51,102.98,3167.28,242.48,96.07,132.54,40.34,59.11,99.51,281.56
20260824,12:57:35,44982.79,40346.19,24226.94,16214.07,122.91,1944.92,313.51,484.04,537.89,109.13,178.01,191.22,104.05,136.21,289.07,123.33,198.02,294.36,2861.21,1517.14,445.0,66.38,230.59,908.23,362.54,229.25,269.37,463.54,219.51,102.98,3167.47,242.48,96.07,132.54,40.34,59.11,99.51,281.56
20260824,12:57:40,44982.9,40346.33,24226.59,16213.78,122.91,1944.92,313.51,484.04,537.89,109.05,178.0,191.17,104.06,136.21,289.07,123.33,198.02,294.36,2861.23,1517.28,445.0,66.38,230.59,908.26,362.54,229.25,269.06,463.56,219.5,102.99,3167.44,242.48,96.07,132.54,40.34,59.11,99.51,281.56
20260824,12:57:45,44974.73,40343.0,24209.55,16209.69,123.04,1946.33,312.96,484.04,537.89,109.05,177.99,191.16,104.06,136.21,289.07,123.32,198.02,294.34,2861.06,1517.1,445.05,66.37,230.71,908.26,362.54,229.25,269.05,463.57,219.39,102.99,3163.23,242.48,96.07,132.54,40.34,59.13,99.51,281.56
20260824,12:57:50,44976.15,40345.41,24205.36,16208.29,122.91,1946.33,312.96,484.17,537.67,109.21,177.99,191.16,104.06,136.21,289.07,123.2,198.02,294.34,2861.29,1517.22,445.05,66.36,230.96,908.23,362.54,229.25,269.05,463.57,219.38,102.99,3162.3,242.48,96.07,132.54,40.34,59.11,99.52,281.61
20260824,12:57:55,44973.59,40341.95,24211.33,16211.9,122.91,1944.92,313.51,484.16,537.67,109.21,177.99,191.14,104.06,136.21,289.07,123.16,198.02,294.36,2860.92,1517.01,445.04,66.38,230.71,908.2,362.56,229.25,269.05,463.6,219.53,102.99,3163.19,242.48,95.96,132.56,40.34,59.11,99.52,281.56
20260824,12:58:00,44975.08,40341.52,24214.15,16208.85,122.91,1944.92,312.96,484.03,537.69,109.21,177.99,191.14,104.05,136.21,289.07,123.28,198.05,294.37,2860.96,1517.02,445.04,66.39,230.82,908.16,362.54,229.25,269.05,463.6,219.53,102.99,3164.89,242.48,95.96,132.56,40.34,59.11,99.52,281.61
20260824,12:58:05,44975.22,40344.45,24208.08,16211.23,122.91,1944.92,313.51,484.03,537.69,109.13,177.98,191.16,104.04,136.21,289.07,123.16,198.05,294.37,2861.14,1517.11,445.05,66.38,230.81,907.9,362.54,229.25,269.37,463.58,219.5,102.99,3162.35,242.48,95.96,132.54,40.34,59.11,99.52,281.59
20260824,12:58:10,44977.18,40345.55,24206.04,16206.18,122.79,1944.92,312.96,484.03,537.76,109.13,177.99,191.17,104.05,136.21,289.07,123.16,198.05,294.37,2861.35,1517.21,445.08,66.39,230.88,908.02,362.54,229.25,269.37,463.56,219.39,102.99,3163.08,242.51,95.96,132.54,40.34,59.11,99.52,281.54
20260824,12:58:15,44978.96,40347.72,24208.35,16210.29,122.79,1946.33,313.51,484.03,537.76,109.13,177.97,191.09,104.05,136.21,289.07,123.16,198.05,294.35,2861.43,1517.12,445.14,66.39,231.12,908.17,362.54,229.25,269.36,463.61,219.34,102.98,3162.69,242.51,95.96,132.52,40.34,59.11,99.52,281.63
20260824,12:58:20,44978.07,40347.66,24207.56,16212.09,122.79,1946.33,313.51,484.03,537.71,109.13,177.97,191.09,104.05,136.21,289.07,123.16,198.01,294.32,2861.38,1517.16,445.14,66.37,230.87,908.17,362.56,229.25,269.36,463.61,219.56,102.98,3161.96,242.51,95.96,132.54,40.34,59.11,99.52,281.63
20260824,12:58:25,44977.66,40346.21,24209.5,16210.81,122.79,1944.92,313.51,484.03,537.61,109.13,177.97,191.09,104.05,136.21,289.07,123.16,198.01,294.32,2861.29,1517.15,445.25,66.39,230.87,907.86,362.56,229.25,269.37,463.63,219.53,102.98,3162.91,242.51,95.96,132.54,40.34,59.11,99.52,281.58
20260824,12:58:30,44972.79,40342.13,24204.94,16207.76,122.85,1944.84,312.97,484.03,537.61,109.05,177.97,191.07,104.05,135.99,289.07,123.16,198.01,294.37,2861.04,1517.01,445.01,66.38,231.0,907.85,362.56,229.25,269.37,463.63,219.64,102.98,3162.31,242.51,95.96,132.54,40.34,59.11,99.61,281.58
20260824,12:58:35,44977.55,40344.93,24213.73,16211.77,122.85,1944.84,313.43,484.03,537.61,109.05,177.97,191.07,104.05,135.99,289.19,123.16,198.01,294.37,2861.17,1517.24,445.15,66.37,230.89,907.85,362.56,229.25,269.06,463.67,219.63,102.98,3163.97,242.51,96.07,132.54,40.34,59.11,99.43,281.55
20260824,12:58:40,44975.19,40342.28,24211.77,16208.31,122.85,1944.84,312.97,484.03,537.54,109.05,177.95,191.07,104.04,135.99,289.19,123.2,198.01,294.36,2861.04,1517.06,445.12,66.35,230.77,907.83,362.5,229.25,269.37,463.67,219.62,102.98,3164.29,242.58,96.07,132.52,40.34,59.11,99.43,281.6
20260824,12:58:45,44974.56,40342.42,24212.13,16211.26,122.98,1946.25,313.51,484.03,537.39,109.13,177.95,191.06,104.04,135.99,289.19,123.29,198.01,294.36,2860.98,1516.99,445.1,66.36,230.89,907.81,362.55,229.25,269.37,463.67,219.38,102.99,3163.61,242.58,96.07,132.52,40.34,59.11,99.43,281.6
20260824,12:58:50,44973.2,40341.01,24210.39,16208.96,122.98,1944.84,313.51,484.03,537.13,109.05,177.95,191.07,104.04,135.99,289.19,123.16,198.01,294.37,2860.92,1516.93,445.06,66.36,230.89,908.3,362.55,229.25,269.05,463.67,219.4,102.99,3163.69,242.55,96.07,132.52,40.34,59.11,99.41,281.6
20260824,12:58:55,44970.12,40337.69,24212.56,16210.4,122.79,1944.84,313.51,484.11,537.22,109.05,177.96,191.08,104.04,136.21,289.19,123.16,198.01,294.35,2860.62,1516.97,445.05,66.36,230.89,907.08,362.56,229.25,269.37,463.67,219.54,102.99,3163.98,242.51,96.07,132.54,40.34,59.11,99.41,281.6
20260824,12:59:00,44968.31,40335.49,24213.6,16210.13,122.85,1944.84,313.51,484.11,537.2,109.05,177.95,191.04,104.04,135.99,289.19,123.16,198.01,294.33,2860.45,1516.93,445.05,66.36,231.0,907.07,362.56,229.25,269.07,463.67,219.55,102.99,3164.37,242.56,96.07,132.54,40.34,59.11,99.41,281.55
20260824,12:59:05,44968.4,40336.22,24208.49,16206.4,122.79,1944.84,312.89,484.03,537.2,109.13,177.93,191.0,104.04,135.99,289.19,123.16,197.94,294.35,2860.6,1516.92,445.05,66.36,231.0,907.05,362.55,229.25,269.38,463.67,219.64,102.99,3163.79,242.56,96.07,132.54,40.34,59.11,99.41,281.6
20260824,12:59:10,44966.75,40336.29,24205.89,16209.04,122.79,1944.77,313.51,484.29,536.93,109.05,177.94,191.0,104.04,135.99,289.19,123.16,197.94,294.35,2860.54,1517.05,445.03,66.37,230.89,907.04,362.54,229.25,269.07,463.67,219.53,102.99,3162.26,242.56,96.07,132.54,40.34,59.11,99.41,281.61
20260824,12:59:15,44963.2,40333.25,24201.07,16204.87,122.79,1944.77,312.97,484.29,537.0,109.05,177.94,191.0,104.04,135.99,289.19,123.17,197.94,294.33,2860.39,1516.93,445.04,66.36,230.77,907.17,362.54,229.25,269.06,463.68,219.49,102.99,3161.89,242.58,96.07,132.54,40.34,59.11,99.41,281.56
20260824,12:59:20,44961.43,40331.95,24199.7,16204.73,122.79,1944.77,312.98,484.0,537.08,109.04,177.93,191.01,104.03,135.99,289.19,123.16,197.97,294.33,2860.29,1516.95,444.77,66.34,230.89,907.08,362.54,229.25,269.05,463.69,219.49,102.99,3161.5,242.58,96.07,132.54,40.34,59.11,99.41,281.56
20260824,12:59:25,44963.47,40333.72,24204.08,16209.06,122.79,1944.77,313.43,484.0,537.11,109.05,177.93,191.01,104.04,135.99,289.19,123.12,197.97,294.33,2860.33,1516.95,444.77,66.36,231.0,907.06,362.54,229.25,269.05,463.69,219.49,102.99,3161.69,242.58,96.19,132.54,40.33,59.11,99.41,281.61
20260824,12:59:30,44962.13,40332.22,24201.37,16205.27,122.79,1944.99,312.97,483.99,537.11,109.13,177.94,191.03,104.04,135.99,289.19,123.18,197.97,294.33,2860.3,1516.95,444.78,66.34,231.0,907.0,362.56,229.25,269.04,463.66,219.4,102.99,3161.87,242.58,96.19,132.54,40.33,59.11,99.42,281.54
20260824,12:59:35,44965.08,40334.93,24206.69,16210.83,122.79,1944.99,313.51,483.99,537.06,109.05,178.13,191.03,104.2,135.99,289.19,123.18,197.97,294.33,2860.38,1516.95,444.78,66.36,231.25,906.93,362.88,229.25,269.04,463.64,219.5,102.99,3162.03,242.58,96.07,132.54,40.33,59.11,99.42,281.53
20260824,12:59:40,44969.56,40337.34,24212.97,16211.51,122.79,1946.4,313.51,484.24,537.06,109.05,178.13,191.03,104.2,135.99,289.19,123.18,198.1,294.33,2860.56,1516.99,444.75,66.34,231.14,907.39,362.88,229.25,269.04,463.6,219.5,103.04,3163.8,242.51,96.07,132.54,40.33,59.11,99.42,281.47
20260824,12:59:45,44967.76,40334.96,24207.42,16203.05,122.79,1944.99,312.89,484.24,537.06,109.05,177.93,191.0,104.04,135.99,289.34,123.17,198.1,294.36,2860.57,1516.94,444.76,66.35,231.02,907.61,362.88,229.25,269.04,463.6,219.46,103.04,3164.37,242.51,96.07,132.54,40.33,59.11,99.42,281.16
20260824,12:59:50,44960.46,40330.77,24199.27,16203.45,122.79,1946.4,312.97,484.24,537.06,109.05,177.93,190.98,104.04,135.99,289.34,123.18,198.1,294.36,2860.23,1516.9,444.76,66.36,231.02,906.91,362.89,229.25,269.04,463.64,219.35,103.04,3161.71,242.58,96.07,132.54,40.33,59.11,99.42,281.21
20260824,12:59:55,44959.11,40329.78,24199.06,16204.3,122.66,1946.41,312.97,484.24,537.13,109.05,177.93,190.98,104.04,135.99,289.34,123.15,198.1,294.32,2860.13,1516.86,444.78,66.32,230.71,906.75,362.89,229.25,269.36,463.6,219.5,103.04,3161.41,242.51,96.07,132.54,40.33,59.11,99.42,281.21
20260824,13:00:00,44962.71,40333.64,24203.15,16210.21,122.66,1945.0,313.51,484.24,537.13,109.05,177.85,190.98,103.98,135.99,289.34,123.31,198.1,294.32,2860.3,1517.03,444.78,66.31,230.71,906.64,362.89,229.22,269.37,463.61,219.63,103.04,3161.09,242.51,96.07,132.54,40.33,59.11,99.42,281.53
20260824,13:00:05,44966.97,40336.44,24205.23,16208.06,122.66,1946.78,312.97,484.24,537.16,109.05,177.93,190.99,104.04,136.21,289.52,123.31,198.1,294.32,2860.57,1517.16,444.74,66.32,230.7,906.9,362.89,229.22,269.37,463.61,219.51,103.04,3162.32,242.55,96.19,132.54,40.31,59.11,99.42,281.53
20260824,13:00:10,44967.42,40336.46,24214.02,16216.78,122.79,1946.78,313.51,484.24,537.15,109.03,178.32,191.01,104.35,136.21,289.52,123.31,198.14,294.32,2860.37,1517.05,444.74,66.32,230.7,906.78,362.87,229.22,269.37,463.6,219.53,103.04,3162.7,242.62,96.19,132.54,40.31,59.11,99.42,281.5
20260824,13:00:15,44966.28,40335.38,24212.61,16215.25,122.79,1946.41,313.51,484.24,537.01,109.03,178.33,191.04,104.35,136.21,289.52,123.19,198.1,294.32,2860.31,1516.92,444.86,66.32,230.94,906.79,362.3,229.22,269.37,463.6,219.5,103.04,3162.67,242.62,96.19,132.54,40.31,59.12,99.42,281.53
20260824,13:00:20,44961.53,40331.89,24204.63,16209.87,122.66,1945.0,312.97,484.24,537.0,109.11,178.33,191.05,104.35,135.99,289.52,123.19,198.1,294.32,2860.16,1516.93,444.85,66.32,230.95,906.76,362.63,229.22,269.05,463.52,219.49,103.04,3161.64,242.62,96.19,132.53,40.31,59.12,99.41,281.48
20260824,13:00:25,44962.39,40332.5,24204.92,16209.46,122.66,1946.41,312.96,484.24,536.86,109.11,178.26,191.05,104.3,135.99,289.4,123.19,198.1,294.34,2860.22,1516.77,445.03,66.32,231.06,906.75,362.3,229.22,269.37,463.52,219.62,103.04,3161.84,242.62,96.07,132.53,40.31,59.12,99.41,281.48
20260824,13:00:30,44969.01,40338.75,24205.02,16208.89,122.78,1945.0,312.97,484.24,536.93,109.11,178.26,191.04,104.3,135.99,289.4,123.19,198.1,294.34,2860.74,1516.94,445.02,66.32,231.23,907.25,362.56,229.22,269.37,463.51,219.57,103.04,3162.03,242.58,96.07,132.53,40.31,59.12,99.41,281.48
20260824,13:00:35,44962.84,40331.62,24212.94,16214.28,122.78,1946.41,313.52,484.23,536.93,109.11,178.33,191.04,104.35,135.99,289.4,123.2,198.14,294.31,2860.04,1516.81,445.02,66.34,230.86,906.71,362.56,229.22,269.05,463.51,219.59,103.05,3163.04,242.54,96.06,132.53,40.31,59.12,99.41,281.48
20260824,13:00:40,44962.82,40332.79,24206.6,16210.94,122.78,1946.41,312.97,484.21,536.86,109.11,178.33,191.06,104.35,135.99,289.4,123.2,198.1,294.36,2860.21,1516.87,445.06,66.32,231.23,906.54,362.87,229.22,269.05,463.57,219.65,103.05,3161.97,242.54,96.06,132.56,40.31,59.12,99.41,281.48
20260824,13:00:45,44963.42,40333.83,24205.26,16210.93,122.78,1946.41,312.89,484.21,536.86,109.11,178.52,191.06,104.51,135.99,289.4,123.2,198.1,294.36,2860.29,1516.77,445.11,66.32,231.23,906.63,362.87,229.22,269.35,463.55,219.5,103.05,3161.55,242.54,96.06,132.56,40.31,59.12,99.41,281.48
20260824,13:00:50,44968.35,40336.58,24213.81,16213.9,122.66,1945.0,313.43,483.95,536.83,109.1,178.52,191.06,104.51,136.21,289.4,123.16,198.1,294.37,2860.44,1516.91,445.12,66.32,231.23,906.52,362.81,229.22,269.35,463.66,219.48,103.02,3163.42,242.54,96.07,132.53,40.31,59.12,99.6,281.48
20260824,13:00:55,44960.36,40329.83,24208.6,16211.37,122.79,1946.41,312.89,483.95,536.86,109.1,178.52,191.06,104.51,135.99,289.52,123.28,198.1,294.37,2859.96,1516.81,444.96,66.33,230.87,906.57,362.81,229.22,269.05,463.66,219.46,103.02,3162.48,242.54,96.07,132.53,40.31,59.12,99.6,281.48
20260824,13:01:00,44965.97,40335.65,24206.41,16210.02,122.66,1945.0,312.98,483.95,536.86,109.1,178.52,191.06,104.51,135.99,289.52,123.28,198.14,294.37,2860.46,1516.83,445.06,66.32,231.12,907.05,362.49,229.22,269.34,463.66,219.34,103.02,3162.16,242.54,96.07,132.53,40.31,59.12,99.6,281.48
20260824,13:01:05,44971.31,40338.83,24212.38,16210.13,122.66,1946.34,312.89,483.95,536.86,109.1,178.52,191.06,104.51,135.99,289.52,123.28,198.14,294.37,2860.72,1516.9,444.96,66.33,231.12,907.5,362.48,229.22,269.35,463.7,219.35,103.02,3163.99,242.54,96.07,132.53,40.31,59.12,99.6,281.48
20260824,13:01:10,44968.54,40336.72,24210.28,16209.68,122.66,1944.93,312.8,484.03,536.72,109.1,178.53,191.07,104.51,135.99,289.52,123.28,198.14,294.35,2860.56,1516.92,444.96,66.32,231.12,907.49,362.48,229.22,269.03,463.64,219.48,103.02,3163.46,242.54,96.07,132.56,40.31,59.12,99.6,281.48
20260824,13:01:15,44964.81,40334.92,24208.8,16214.12,122.66,1945.16,313.35,483.95,536.72,109.11,178.52,191.06,104.5,135.99,289.52,123.32,198.14,294.35,2860.31,1516.86,444.96,66.33,230.87,906.85,362.81,229.22,269.34,463.66,219.49,103.02,3161.79,242.58,96.07,132.56,40.31,59.12,99.6,281.48
20260824,13:01:20,44925.04,40296.0,24208.96,16213.72,122.66,1945.16,313.44,483.95,536.65,109.11,178.51,191.04,104.5,135.99,289.52,123.28,198.14,294.33,2857.18,1514.44,444.98,66.34,230.88,907.22,362.8,229.22,269.03,463.66,219.49,103.02,3161.95,242.25,96.19,132.53,40.31,59.12,99.6,281.21
20260824,13:01:25,44928.82,40299.84,24209.28,16214.64,122.66,1945.16,313.43,483.95,536.71,109.11,178.5,191.0,104.5,135.99,289.4,123.28,198.14,294.31,2857.47,1514.44,444.99,66.34,231.13,907.25,362.8,229.22,269.35,463.69,219.61,103.02,3161.8,242.25,96.19,132.53,40.31,59.12,99.6,281.16
20260824,13:01:30,44924.1,40295.26,24207.71,16212.9,122.66,1946.57,312.89,483.89,536.71,109.11,178.7,191.01,104.66,135.99,289.4,123.2,198.14,294.32,2857.14,1514.48,444.97,66.32,231.24,906.78,362.49,229.21,269.03,463.69,219.61,103.02,3161.78,242.25,96.19,132.53,40.31,59.12,99.6,281.18
20260824,13:01:35,44969.42,40337.68,24218.23,16219.15,122.66,1946.57,313.43,483.89,536.71,109.11,178.7,191.0,104.66,135.99,289.4,123.32,198.14,294.32,2860.41,1516.98,444.96,66.31,230.88,907.31,362.48,229.21,268.93,463.77,219.65,103.02,3163.37,242.25,96.19,132.53,40.31,59.12,99.6,281.53
20260824,13:01:40,44965.26,40335.11,24208.5,16212.94,122.66,1945.24,313.43,483.76,536.64,109.11,178.5,191.02,104.5,135.99,289.52,123.2,198.14,294.32,2860.35,1516.96,444.99,66.31,230.88,906.83,362.23,229.21,269.24,463.77,219.5,103.02,3162.02,242.3,96.07,132.53,40.31,59.12,99.6,281.48
20260824,13:01:45,44965.33,40335.16,24208.1,16212.44,122.67,1945.24,312.88,483.83,536.64,109.1,178.7,191.02,104.65,135.99,289.5,123.2,198.1,294.33,2860.37,1517.02,445.02,66.33,230.88,906.63,362.21,229.21,269.23,463.77,219.64,103.02,3162.03,242.3,96.07,132.53,40.31,59.12,99.6,281.48
20260824,13:01:50,44966.46,40335.71,24211.86,16214.89,122.67,1945.24,313.43,483.81,536.64,109.1,178.7,191.04,104.65,135.99,289.5,123.2,198.1,294.33,2860.35,1517.08,445.08,66.33,230.89,906.63,362.23,229.25,269.02,463.78,219.38,103.02,3162.54,242.3,96.19,132.53,40.31,59.12,99.6,281.5
20260824,13:01:55,44961.23,40331.34,24202.28,16206.31,122.67,1945.24,312.8,483.81,536.64,109.1,178.5,191.04,104.49,135.99,289.5,123.2,198.1,294.31,2860.2,1516.96,445.07,66.34,230.88,906.62,362.55,229.25,269.02,463.78,219.38,102.99,3161.88,242.3,96.07,132.53,40.31,59.12,99.6,281.19
20260824,13:02:00,44964.5,40334.74,24201.34,16205.95,122.67,1946.65,312.8,483.85,536.33,109.09,178.49,191.01,104.49,135.99,289.38,123.2,198.1,294.34,2860.49,1517.0,445.05,66.32,231.0,906.7,362.54,229.25,269.34,463.77,219.5,102.99,3161.68,242.3,95.94,132.53,40.31,59.12,99.6,281.19
20260824,13:02:05,44962.18,40332.02,24202.36,16205.57,122.67,1945.24,312.89,483.81,536.4,109.09,178.49,190.99,104.49,135.99,289.38,123.2,198.1,294.34,2860.28,1516.95,445.0,66.32,230.88,906.49,362.52,229.25,269.34,463.77,219.46,102.99,3162.1,242.25,95.95,132.53,40.31,59.09,99.6,281.19
20260824,13:02:10,44967.24,40336.54,24206.57,16209.05,122.67,1945.24,312.89,483.81,536.4,109.09,178.69,190.99,104.65,135.99,289.38,123.2,198.14,294.34,2860.56,1516.95,445.01,66.32,230.88,907.17,362.53,229.25,269.34,463.77,219.49,102.99,3162.47,242.25,96.07,132.53,40.31,59.1,99.6,281.19
20260824,13:02:15,44962.43,40331.97,24205.83,16208.59,122.67,1945.24,312.97,483.81,536.4,109.09,178.7,191.01,104.66,135.99,289.38,123.2,198.14,294.33,2860.2,1516.98,444.99,66.33,231.13,906.43,362.51,229.25,269.02,463.77,219.37,102.99,3162.36,242.25,96.07,132.55,40.31,59.1,99.6,281.19
20260824,13:02:20,44961.84,40331.46,24204.94,16207.77,122.8,1945.24,312.89,483.74,536.33,109.03,178.7,191.01,104.66,135.99,289.38,123.2,198.14,294.33,2860.18,1516.98,445.01,66.32,231.13,906.37,362.51,229.25,269.02,463.77,219.36,102.99,3162.31,242.25,96.07,132.55,40.31,59.1,99.6,281.19
20260824,13:02:25,44962.89,40332.3,24204.23,16206.34,122.73,1946.65,312.89,483.74,536.33,109.04,178.71,191.02,104.66,135.78,289.38,123.16,198.14,294.38,2860.28,1516.96,444.99,66.3,231.13,906.35,362.51,229.25,269.32,463.73,219.31,102.99,3162.48,242.21,95.95,132.55,40.31,59.1,99.6,281.18
20260824,13:02:30,44918.04,40289.04,24203.39,16206.86,122.73,1945.24,312.97,483.74,536.28,109.04,178.72,191.05,104.66,135.78,289.38,123.2,198.14,294.33,2856.78,1514.55,444.98,66.3,231.13,905.88,362.51,229.25,269.01,463.79,219.26,102.99,3162.07,242.14,95.95,132.55,40.31,59.1,99.6,281.53
20260824,13:02:35,44919.93,40290.53,24204.27,16206.7,122.73,1946.65,312.89,483.74,536.24,109.03,178.72,191.06,104.66,135.78,289.38,123.18,198.14,294.33,2856.91,1514.59,445.01,66.28,230.88,905.86,362.59,229.25,269.32,463.8,219.27,102.99,3162.39,242.14,95.95,132.55,40.31,59.1,99.6,281.5
20260824,13:02:40,44954.45,40324.73,24199.03,16202.53,122.73,1946.61,312.8,483.48,536.13,109.03,178.51,191.05,104.5,135.78,289.38,123.19,197.91,294.33,2859.76,1516.79,445.04,66.3,230.88,905.84,362.5,229.25,269.31,463.8,219.24,102.99,3161.89,242.14,95.95,132.55,40.31,59.1,99.6,281.43
20260824,13:02:45,44951.41,40322.57,24198.8,16204.97,122.73,1946.61,312.8,483.48,536.13,109.03,178.7,191.03,104.66,135.78,289.38,123.19,197.91,294.31,2859.53,1516.72,444.91,66.3,230.76,905.73,362.51,229.25,269.32,463.8,219.27,102.99,3161.15,242.14,95.95,132.55,40.31,59.1,99.6,281.49
20260824,13:02:50,44952.08,40323.43,24197.66,16204.37,122.73,1945.2,312.88,483.39,536.13,109.01,178.7,191.01,104.66,135.78,289.38,123.15,197.91,294.29,2859.61,1516.92,444.93,66.28,230.56,905.73,362.52,229.25,269.14,463.81,219.26,102.99,3160.96,242.14,95.95,132.55,40.31,59.1,99.6,281.49
20260824,13:02:55,44947.06,40317.36,24201.35,16204.67,122.73,1945.2,312.79,483.39,536.13,109.01,178.7,191.01,104.66,135.78,289.38,123.31,197.91,294.29,2859.12,1516.69,444.95,66.28,230.56,905.71,362.2,229.25,268.81,463.75,219.27,102.98,3162.03,242.14,95.95,132.55,40.31,59.1,99.59,281.46
20260824,13:03:00,44944.88,40316.41,24193.73,16199.84,122.86,1945.2,312.24,483.41,536.14,109.09,178.68,190.95,104.66,135.99,289.38,123.2,197.95,294.29,2859.16,1516.7,444.94,66.3,230.68,905.61,362.39,229.25,268.81,463.75,219.18,102.98,3160.96,242.14,95.95,132.55,40.31,59.1,99.59,281.46
20260824,13:03:05,44942.37,40316.1,24191.37,16204.22,122.73,1945.2,312.87,483.41,536.15,109.09,178.69,190.96,104.66,135.99,289.38,123.19,197.95,294.29,2859.03,1516.61,444.92,66.29,230.68,905.53,362.15,229.25,268.91,463.75,219.19,102.98,3159.03,242.14,95.95,132.55,40.31,59.1,99.59,281.45
20260824,13:03:10,44943.7,40317.53,24191.5,16204.83,122.73,1946.61,312.78,483.49,536.15,109.09,178.68,190.95,104.66,135.78,289.2,123.16,197.95,294.29,2859.13,1516.76,444.75,66.3,230.68,905.47,362.65,229.25,268.86,463.75,219.34,102.98,3158.91,242.14,95.94,132.54,40.31,59.1,99.59,281.43
20260824,13:03:15,44935.98,40310.0,24189.71,16202.77,122.73,1945.2,312.69,483.45,536.08,109.09,178.68,190.95,104.65,135.99,289.05,123.02,197.95,294.29,2858.57,1516.63,444.71,66.29,230.68,904.73,362.62,229.25,268.75,463.76,219.35,102.98,3158.91,242.14,95.94,132.54,40.31,59.11,99.59,281.43
20260824,13:03:20,44942.88,40316.5,24191.77,16204.39,122.73,1945.2,312.86,483.57,536.08,109.01,178.67,190.92,104.65,135.78,289.05,123.18,197.95,294.26,2859.06,1516.67,444.81,66.29,230.92,905.11,362.16,229.25,269.05,463.77,219.34,102.98,3159.11,242.14,95.94,132.54,40.31,59.11,99.59,281.43
20260824,13:03:25,44942.78,40316.49,24190.88,16203.66,122.73,1946.61,312.78,483.45,536.08,109.01,178.67,190.91,104.65,135.78,289.05,123.18,197.87,294.26,2859.07,1516.63,444.7,66.28,230.8,905.59,361.83,229.25,269.03,463.77,219.38,102.98,3159.03,242.14,95.94,132.54,40.31,59.1,99.59,281.12
20260824,13:03:30,44938.84,40313.28,24189.0,16203.61,122.73,1945.2,312.86,483.42,536.04,109.01,178.67,190.9,104.66,135.78,289.05,123.18,197.87,294.26,2858.81,1516.72,444.69,66.27,230.83,905.08,362.14,229.25,268.72,463.83,219.4,102.98,3158.46,242.14,95.94,132.54,40.31,59.1,99.5,281.12
20260824,13:03:35,44937.54,40311.66,24190.43,16204.08,122.73,1945.2,312.86,483.42,536.31,109.01,178.66,190.9,104.65,135.78,289.05,123.06,198.01,294.26,2858.67,1516.58,444.76,66.28,230.83,905.06,362.23,229.25,268.72,463.79,219.36,102.98,3158.78,242.14,95.94,132.51,40.31,59.09,99.5,281.43
20260824,13:03:40,44902.3,40274.8,24198.23,16204.59,122.73,1945.2,312.86,483.44,536.25,109.03,178.68,190.99,104.65,135.99,289.05,123.06,198.01,294.25,2855.69,1514.13,444.77,66.27,230.95,905.04,362.23,229.25,269.03,463.79,219.35,102.98,3161.08,242.17,95.94,132.51,40.31,59.1,99.5,281.48
20260824,13:03:45,44937.07,40308.51,24193.89,16199.01,122.67,1945.2,312.15,483.44,536.11,109.01,178.68,190.95,104.65,135.78,289.05,123.14,198.05,294.25,2858.54,1516.57,444.81,66.28,230.95,904.26,362.26,229.25,269.02,463.79,219.37,102.98,3161.24,242.17,95.94,132.51,40.31,59.1,99.5,281.43
20260824,13:03:50,44937.42,40308.26,24195.75,16199.19,122.67,1945.2,312.15,483.44,536.07,109.01,178.69,190.99,104.66,135.78,289.05,123.14,198.05,294.27,2858.52,1516.5,444.76,66.25,230.94,904.93,362.25,229.25,268.7,463.79,219.37,102.98,3161.77,242.17,95.94,132.52,40.31,59.1,99.5,281.48
20260824,13:03:55,44937.21,40309.78,24190.55,16198.97,122.73,1945.09,312.15,483.44,536.15,109.02,178.67,190.92,104.65,135.78,289.05,123.02,198.05,294.27,2858.64,1516.53,444.71,66.26,230.69,905.4,362.23,229.5,268.67,463.83,219.39,102.98,3160.2,242.15,95.94,132.49,40.31,59.12,99.49,281.53
20260824,13:04:00,44931.74,40305.82,24185.0,16197.19,122.73,1944.87,312.24,483.45,536.22,109.01,178.59,190.9,104.59,135.78,289.05,123.02,198.05,294.26,2858.37,1516.59,444.64,66.25,230.58,904.67,362.25,229.5,268.77,463.82,219.23,102.98,3158.95,242.15,95.94,132.49,40.31,59.12,99.49,281.48
20260824,13:04:05,44929.66,40301.46,24191.06,16196.36,122.73,1944.87,312.32,483.45,536.18,108.93,178.58,190.89,104.59,135.78,289.05,123.02,198.05,294.26,2858.04,1516.38,444.66,66.24,230.82,904.28,362.24,229.5,268.77,463.75,219.24,102.98,3161.07,242.15,95.94,132.49,40.31,59.12,99.49,281.17
20260824,13:04:10,44928.04,40299.34,24190.77,16194.19,122.73,1944.87,312.15,483.45,535.92,108.93,178.57,190.85,104.59,135.78,289.05,123.02,198.05,294.22,2857.92,1516.25,444.54,66.24,230.82,904.16,362.24,229.5,269.08,463.75,219.25,102.97,3161.57,242.15,95.94,132.49,40.31,59.1,99.49,281.17
20260824,13:04:15,44923.56,40297.16,24185.93,16195.97,122.73,1944.87,312.15,483.43,535.92,108.93,178.58,190.87,104.59,135.77,289.05,123.02,198.05,294.22,2857.7,1516.24,444.61,66.23,230.69,904.13,362.21,229.5,268.76,463.84,219.41,102.98,3159.57,242.15,95.94,132.49,40.31,59.12,99.49,281.16
20260824,13:04:20,44921.39,40294.26,24184.09,16191.17,122.73,1944.79,312.07,483.44,535.92,108.93,178.39,190.86,104.44,135.77,289.03,123.02,198.05,294.22,2857.58,1516.19,444.54,66.22,230.69,904.12,362.19,229.5,268.76,463.82,219.22,102.98,3160.3,242.15,95.94,132.49,40.31,59.09,99.49,281.16
20260824,13:04:25,44918.48,40291.56,24182.93,16190.34,122.72,1944.79,312.06,483.44,535.81,108.93,178.38,190.85,104.44,135.55,289.03,123.02,198.05,294.25,2857.38,1516.08,444.52,66.22,230.69,904.0,362.17,229.49,268.77,463.82,219.22,102.98,3160.17,242.15,95.94,132.51,40.31,59.09,99.49,281.11
20260824,13:04:30,44923.05,40296.59,24182.9,16192.22,122.72,1944.79,312.06,483.44,535.81,108.92,178.37,190.83,104.43,135.77,289.03,123.02,198.05,294.25,2857.74,1516.43,444.49,66.22,230.67,903.83,362.17,229.49,268.77,463.78,219.23,102.98,3159.64,242.15,95.94,132.5,40.31,59.09,99.49,281.71
20260824,13:04:35,44911.9,40289.55,24172.23,16192.74,122.72,1946.2,312.06,483.36,535.84,108.91,178.36,190.78,104.43,135.77,289.03,123.0,198.01,294.25,2857.16,1516.03,444.37,66.21,230.67,903.83,362.1,229.47,268.76,463.74,219.35,102.98,3156.17,242.15,95.94,132.5,40.31,59.09,99.49,281.4
20260824,13:04:40,44872.05,40249.9,24173.47,16191.43,122.72,1944.79,312.07,483.36,535.71,108.82,178.36,190.82,104.42,135.77,289.03,123.0,198.01,294.25,2854.0,1513.59,444.35,66.21,230.67,903.86,362.1,229.47,268.77,463.72,219.36,102.98,3156.91,242.15,95.94,132.48,40.31,59.09,99.49,281.4
20260824,13:04:45,44912.97,40289.44,24173.81,16190.69,122.72,1944.73,312.15,483.36,535.7,108.83,178.35,190.8,104.42,135.77,289.03,123.04,198.01,294.24,2857.2,1516.1,444.35,66.23,230.49,903.86,362.1,229.47,268.77,463.7,219.22,102.98,3157.22,242.15,95.94,132.48,40.31,59.08,99.49,281.4
20260824,13:04:50,44909.39,40286.27,24172.16,16189.84,122.72,1944.73,312.06,483.54,535.7,108.83,178.34,190.77,104.42,135.55,289.03,123.04,198.01,294.24,2856.97,1515.99,444.37,66.23,230.73,903.37,362.35,229.47,268.76,463.7,219.21,102.98,3156.94,242.22,95.94,132.48,40.31,59.06,99.49,281.4
20260824,13:04:55,44910.1,40286.36,24174.2,16190.2,122.72,1944.73,312.06,483.55,535.8,108.82,178.34,190.78,104.42,135.55,289.03,123.04,198.01,294.24,2856.97,1516.1,444.39,66.23,230.47,903.28,362.1,229.47,268.77,463.66,219.22,102.98,3157.48,242.22,95.94,132.48,40.31,59.06,99.49,281.4
20260824,13:05:00,44872.95,40250.55,24172.61,16189.65,122.72,1944.39,311.98,483.55,535.85,108.82,178.38,190.91,104.42,135.55,288.85,123.17,198.01,294.29,2854.09,1513.73,444.52,66.22,230.35,903.77,361.78,229.47,268.78,463.64,219.21,102.98,3157.13,242.22,95.83,132.48,40.31,59.06,99.49,281.4
20260824,13:05:05,44870.66,40247.9,24175.8,16191.93,122.72,1944.61,312.06,483.3,535.85,108.81,178.39,190.9,104.43,135.77,288.73,123.17,198.01,294.27,2853.83,1513.68,444.08,66.22,230.58,903.8,361.78,229.47,268.57,463.63,219.32,102.98,3157.51,242.22,95.94,132.35,40.31,59.06,99.49,281.4
20260824,13:05:10,44911.19,40287.35,24175.77,16191.78,122.72,1944.61,312.07,483.3,535.84,108.81,178.39,190.92,104.42,135.55,288.73,122.99,198.01,294.27,2857.01,1516.11,444.11,66.22,230.58,903.8,362.1,229.47,268.58,463.59,219.47,102.98,3157.54,242.15,95.94,132.36,40.31,59.06,99.49,281.4
20260824,13:05:15,44871.19,40248.96,24173.36,16190.95,122.72,1944.84,312.07,483.29,535.84,108.83,178.38,190.89,104.42,135.55,288.73,122.99,198.01,294.27,2853.94,1513.76,444.01,66.22,230.47,904.03,362.1,229.47,268.5,463.59,219.35,102.98,3157.01,242.15,95.94,132.39,40.31,59.06,99.49,281.46
20260824,13:05:20,44868.8,40246.42,24172.63,16189.43,122.72,1944.84,312.15,483.37,535.84,108.8,178.34,190.81,104.41,135.55,288.73,122.99,198.01,294.25,2853.77,1513.65,443.89,66.22,230.47,904.1,362.07,229.47,268.5,463.6,219.21,102.98,3157.19,242.15,95.94,132.39,40.31,59.04,99.49,281.41
20260824,13:05:25,44875.16,40250.11,24178.74,16188.04,122.72,1944.84,312.07,483.37,535.84,108.8,178.35,190.83,104.41,135.55,288.58,122.98,198.0,294.25,2854.1,1513.75,443.89,66.21,230.47,904.58,362.06,229.47,268.51,463.6,219.24,102.98,3159.48,242.15,95.94,132.39,40.31,59.03,99.49,281.04
20260824,13:05:30,44874.03,40249.52,24175.88,16186.46,122.72,1944.84,312.07,483.37,535.84,108.8,178.32,190.76,104.4,135.55,288.73,122.99,197.86,294.25,2854.09,1513.75,443.88,66.2,230.47,904.6,362.07,229.47,268.51,463.58,219.2,102.98,3159.01,242.15,95.83,132.39,40.31,59.03,99.49,281.09
20260824,13:05:35,44911.05,40288.65,24169.27,16189.09,122.66,1944.84,312.07,483.37,535.81,108.8,178.39,190.74,104.46,135.55,288.58,122.99,197.86,294.25,2857.18,1516.1,444.11,66.2,230.35,904.58,361.72,229.47,268.51,463.58,219.36,102.98,3156.24,242.15,95.94,132.39,40.31,59.03,99.49,281.04
20260824,13:05:40,44914.93,40291.58,24172.85,16190.37,122.66,1944.84,312.15,483.37,535.81,108.82,178.39,190.73,104.47,135.55,288.58,123.03,197.86,294.27,2857.38,1516.28,444.11,66.22,230.29,904.51,362.04,229.47,268.51,463.73,219.26,102.98,3157.01,242.18,95.94,132.32,40.31,59.03,99.49,281.4
20260824,13:05:45,44867.86,40246.56,24172.41,16192.71,122.66,1944.84,312.15,483.37,535.81,108.83,178.39,190.74,104.47,135.55,288.6,123.15,197.71,294.25,2853.7,1513.69,444.0,66.2,230.29,903.8,362.02,229.47,268.6,463.7,219.55,102.97,3156.24,242.18,95.83,132.32,40.31,59.03,99.49,281.4
20260824,13:05:50,44906.05,40281.43,24176.08,16189.06,122.66,1944.84,312.15,483.37,535.81,108.84,178.33,190.77,104.41,135.55,288.42,123.15,197.71,294.25,2856.6,1515.93,444.0,66.19,230.29,903.77,362.03,229.47,268.6,463.71,219.25,102.97,3158.37,242.18,95.83,132.32,40.31,59.03,99.49,281.37
20260824,13:05:55,44869.72,40245.58,24177.22,16188.86,122.66,1944.84,312.15,483.29,535.81,108.84,178.32,190.72,104.41,135.55,288.42,123.15,197.71,294.25,2853.71,1513.66,444.11,66.19,230.29,903.71,361.97,229.47,268.69,463.69,219.26,102.97,3158.78,242.18,95.83,132.32,40.31,59.03,99.49,281.37
20260824,13:06:00,44906.89,40282.55,24179.3,16193.77,122.72,1944.84,312.7,483.43,535.81,108.84,178.33,190.75,104.41,135.77,288.42,123.03,197.71,294.25,2856.57,1515.95,444.14,66.18,230.53,903.21,361.97,229.47,268.69,463.57,219.37,102.97,3158.1,242.18,95.83,132.32,40.31,59.03,99.49,281.42
20260824,13:06:05,44867.44,40243.8,24175.38,16188.22,122.72,1944.84,312.15,483.43,535.82,108.83,178.3,190.67,104.41,135.77,288.42,123.03,197.71,294.25,2853.58,1513.54,444.23,66.19,230.53,903.45,361.97,229.23,268.68,463.52,219.26,102.97,3158.38,242.18,95.83,132.32,40.31,59.03,99.49,281.37
20260824,13:06:10,44871.26,40247.01,24175.89,16187.1,122.66,1944.38,312.07,483.43,535.86,108.83,178.28,190.71,104.38,135.55,288.42,123.03,197.71,294.25,2853.87,1513.57,444.11,66.16,230.71,904.05,361.88,229.13,268.68,463.52,219.29,102.97,3158.84,242.18,95.83,132.32,40.31,59.03,99.49,281.37
20260824,13:06:15,44866.64,40242.75,24175.14,16187.05,122.65,1944.38,312.07,483.66,535.86,108.83,178.27,190.68,104.38,135.55,288.42,123.01,197.65,294.21,2853.53,1513.53,444.1,66.16,230.47,903.76,361.63,229.13,268.59,463.54,219.29,102.97,3158.62,242.18,95.83,132.32,40.31,59.03,99.49,281.37
20260824,13:06:20,44866.81,40243.58,24173.05,16186.89,122.65,1944.38,312.07,483.66,535.91,108.81,178.29,190.76,104.38,135.54,288.42,123.0,197.65,294.21,2853.6,1513.54,444.09,66.15,230.65,903.72,361.96,229.13,268.6,463.53,219.24,103.04,3158.02,242.18,95.83,132.32,40.31,59.03,99.48,281.35
20260824,13:06:25,44875.47,40251.53,24175.99,16188.61,122.65,1944.38,312.07,483.65,536.01,108.81,178.29,190.75,104.38,135.54,288.42,123.0,197.62,294.21,2854.2,1513.73,444.1,66.15,230.76,904.32,361.98,229.13,268.68,463.54,219.36,103.04,3158.47,242.51,95.83,132.27,40.31,59.03,99.48,281.35
20260824,13:06:30,44915.62,40290.65,24177.66,16190.53,122.65,1944.38,312.07,483.57,536.01,108.81,178.32,190.75,104.41,135.54,288.42,123.0,197.62,294.22,2857.31,1516.13,443.98,66.14,230.64,904.55,362.0,229.13,268.68,463.58,219.42,103.04,3158.47,242.51,95.94,132.28,40.31,59.03,99.48,281.35
20260824,13:06:35,44873.39,40249.47,24177.6,16190.39,122.71,1944.38,312.15,483.57,535.94,108.83,178.32,190.75,104.41,135.54,288.42,123.0,197.62,294.22,2853.99,1513.68,444.1,66.16,230.52,903.79,361.64,228.99,269.04,463.64,219.42,103.04,3158.49,242.54,95.83,132.28,40.31,59.03,99.48,281.38
20260824,13:06:40,44869.04,40246.65,24174.04,16191.01,122.71,1945.79,312.07,483.72,535.94,108.83,178.31,190.75,104.4,135.76,288.42,123.0,197.62,294.22,2853.75,1513.79,444.1,66.16,230.52,903.28,361.66,228.99,268.72,463.62,219.46,103.04,3157.2,242.54,95.83,132.28,40.31,59.03,99.48,281.38
20260824,13:06:45,44868.98,40244.94,24177.69,16189.69,122.71,1945.79,312.08,483.6,536.01,108.83,178.31,190.77,104.4,135.76,288.42,123.01,197.7,294.22,2853.64,1513.68,444.1,66.14,230.64,903.28,361.68,228.99,268.72,463.62,219.28,103.04,3158.7,242.54,95.83,132.24,40.31,59.03,99.48,281.43
20260824,13:06:50,44874.31,40249.02,24183.35,16192.45,122.77,1947.2,312.16,483.47,536.09,108.83,178.38,190.73,104.45,135.76,288.42,123.11,197.7,294.22,2853.9,1513.83,444.18,66.14,230.28,903.23,362.0,228.99,269.03,463.62,219.28,102.98,3159.72,242.54,95.83,132.24,40.31,59.03,99.49,281.45
20260824,13:06:55,44869.64,40247.52,24172.55,16190.26,122.76,1945.79,312.08,483.46,535.83,108.83,178.38,190.73,104.45,135.54,288.42,123.11,197.7,294.22,2853.84,1513.71,444.19,66.15,230.39,903.26,361.93,228.99,269.07,463.67,219.28,102.98,3156.94,242.54,95.83,132.24,40.31,59.03,99.49,281.45
20260824,13:07:00,44870.28,40245.84,24178.72,16189.66,122.76,1945.79,312.07,483.36,535.81,108.83,178.37,190.72,104.45,135.54,288.42,123.07,197.7,294.22,2853.72,1513.74,444.19,66.15,230.39,903.21,361.29,228.99,268.88,463.65,219.29,102.98,3159.03,242.54,95.83,132.24,40.31,59.03,99.49,281.4
20260824,13:07:05,44906.99,40283.05,24177.15,16192.66,122.76,1947.27,312.08,483.2,535.97,108.83,178.29,190.71,104.39,135.54,288.42,123.07,197.74,294.24,2856.64,1516.08,444.13,66.14,230.39,903.22,361.3,228.99,268.76,463.65,219.56,102.98,3157.73,242.61,95.83,132.27,40.31,59.03,99.49,281.4
20260824,13:07:10,44867.98,40243.23,24182.35,16192.58,122.89,1947.27,312.15,482.95,535.97,108.83,178.3,190.72,104.39,135.54,288.42,122.99,197.74,294.22,2853.43,1513.62,444.12,66.14,230.29,903.26,361.29,228.99,268.77,463.65,219.44,102.98,3159.38,242.61,95.95,132.27,40.31,59.03,99.49,281.4
20260824,13:07:15,44870.66,40246.27,24181.66,16193.2,122.76,1947.27,312.16,483.03,535.92,108.83,178.37,190.72,104.45,135.54,288.92,122.99,197.74,294.15,2853.66,1513.59,444.03,66.14,230.41,903.79,361.94,228.99,268.77,463.68,219.5,102.99,3158.99,242.29,95.95,132.27,40.31,59.03,99.49,281.45
20260824,13:07:20,44871.66,40247.2,24181.51,16192.9,122.76,1945.86,312.16,483.04,535.92,108.83,178.37,190.72,104.45,135.54,288.92,122.99,197.65,294.15,2853.75,1513.49,444.03,66.12,230.52,904.27,361.62,228.99,268.77,463.68,219.51,102.99,3159.03,242.61,95.95,132.17,40.31,59.03,99.49,281.45
20260824,13:07:25,44912.33,40285.87,24185.91,16194.74,122.76,1947.27,312.25,483.37,535.92,108.83,178.3,190.73,104.39,135.54,288.92,122.99,197.65,294.13,2856.82,1515.99,444.05,66.12,230.52,903.81,361.91,229.13,268.77,463.7,219.61,102.99,3159.9,242.61,95.95,132.17,40.31,59.03,99.49,281.5
20260824,13:07:30,44909.3,40283.58,24185.62,16196.66,122.76,1947.27,312.25,483.34,535.95,108.83,178.36,190.7,104.45,135.54,288.92,122.99,197.65,294.13,2856.59,1515.81,444.07,66.11,230.52,903.79,361.93,229.13,268.77,463.75,219.8,102.99,3159.29,242.25,95.95,132.17,40.31,59.01,99.49,281.5
20260824,13:07:35,44870.39,40247.73,24180.89,16198.12,122.76,1945.86,312.69,483.36,535.95,108.83,178.36,190.7,104.45,135.54,288.92,122.99,197.65,294.12,2853.66,1513.53,444.02,66.11,230.77,903.7,361.9,229.13,268.77,463.81,219.65,102.99,3157.41,242.32,95.95,132.17,40.31,59.01,99.49,281.48
20260824,13:07:40,44870.26,40244.91,24184.04,16192.73,122.77,1947.04,312.07,483.22,535.85,108.83,178.36,190.69,104.45,135.76,288.92,122.99,197.65,294.13,2853.57,1513.54,444.06,66.09,230.66,903.65,361.25,229.13,268.77,463.73,219.53,102.99,3159.86,242.32,95.96,132.17,40.31,59.03,99.49,281.43
20260824,13:07:45,44872.13,40246.32,24185.48,16193.0,122.64,1945.63,312.15,483.22,535.81,108.82,178.36,190.69,104.45,135.54,288.92,123.11,197.62,294.03,2853.67,1513.59,444.15,66.09,230.66,903.64,361.25,229.13,268.77,463.73,219.71,102.99,3160.24,242.32,95.84,132.17,40.31,59.01,99.49,281.43
20260824,13:07:50,44873.52,40248.98,24182.1,16193.46,122.76,1947.04,312.15,483.27,535.88,108.83,178.37,190.72,104.45,135.54,288.92,122.96,197.62,294.04,2853.88,1513.46,444.12,66.08,230.41,904.4,361.25,229.13,269.08,463.75,219.71,102.99,3159.06,242.32,95.84,132.17,40.31,59.01,99.49,281.43
20260824,13:07:55,44875.27,40249.59,24185.83,16194.11,122.76,1947.04,312.07,483.27,536.22,108.83,178.37,190.72,104.45,135.54,288.92,122.96,197.62,294.0,2853.91,1513.55,444.12,66.08,230.52,904.45,361.58,229.13,268.77,463.81,219.72,102.99,3160.05,242.32,95.84,132.17,40.31,59.01,99.49,281.43
20260824,13:08:00,44913.96,40288.08,24182.85,16193.32,122.76,1947.04,312.07,483.27,536.22,108.83,178.38,190.74,104.46,135.55,288.92,122.96,197.64,294.0,2857.03,1515.99,444.06,66.08,230.41,904.49,361.58,229.13,268.77,463.81,219.59,102.99,3159.33,242.32,95.85,132.19,40.31,59.03,99.48,281.44
20260824,13:08:05,44876.09,40252.24,24179.8,16193.37,122.76,1945.63,312.07,483.52,536.3,108.83,178.38,190.74,104.46,135.55,288.92,122.96,197.62,294.0,2854.14,1513.61,444.08,66.12,230.41,904.59,361.6,229.13,268.99,463.93,219.59,102.99,3158.36,242.34,95.85,132.2,40.31,59.03,99.39,281.44
20260824,13:08:10,44873.72,40249.14,24182.46,16193.8,122.64,1945.63,312.16,483.37,536.36,108.91,178.31,190.74,104.4,135.54,288.92,122.96,197.62,294.0,2853.88,1513.64,444.12,66.08,230.29,904.41,361.6,229.13,268.68,463.93,219.59,102.99,3159.08,242.73,95.85,132.19,40.31,59.03,99.39,281.43
20260824,13:08:15,44873.07,40248.68,24182.12,16193.94,122.64,1947.04,312.08,483.45,536.29,108.91,178.3,190.68,104.4,135.54,288.92,122.96,197.62,293.99,2853.84,1513.64,444.01,66.09,230.29,904.43,361.61,229.13,268.68,463.85,219.71,103.02,3158.93,242.41,95.85,132.19,40.31,59.03,99.39,281.43
20260824,13:08:20,44910.89,40285.3,24182.79,16193.96,122.64,1947.04,312.09,483.45,536.26,108.91,178.37,190.68,104.46,135.54,288.92,123.0,197.62,293.97,2856.79,1516.06,444.13,66.09,230.41,903.8,361.26,229.13,268.69,463.81,219.54,103.02,3159.14,242.41,95.97,132.14,40.31,59.03,99.39,281.43
20260824,13:08:25,44872.09,40248.16,24180.37,16193.39,122.63,1947.04,312.0,483.45,536.33,108.9,178.36,190.67,104.46,135.54,288.92,122.96,197.62,293.97,2853.81,1513.66,444.34,66.11,230.41,903.81,361.58,229.13,268.69,463.84,219.54,103.02,3158.54,242.39,95.97,132.18,40.31,59.03,99.39,281.43
20260824,13:08:30,44876.63,40251.52,24187.9,16198.5,122.63,1947.15,312.54,483.45,536.3,108.82,178.36,190.67,104.46,135.54,288.92,122.96,197.62,293.97,2853.96,1513.71,444.36,66.15,230.39,903.94,361.58,229.13,268.69,463.84,219.68,103.02,3159.5,242.39,95.97,132.2,40.31,59.03,99.39,281.44
20260824,13:08:35,44919.51,40293.09,24184.94,16194.37,122.51,1945.73,312.08,483.58,536.16,108.9,178.37,190.71,104.46,135.54,288.74,123.0,197.62,293.97,2857.41,1516.14,444.38,66.15,230.39,904.58,361.64,229.13,268.68,463.84,219.68,103.02,3159.7,242.39,95.97,132.2,40.31,59.03,99.39,281.44
20260824,13:08:40,44882.75,40257.96,24183.38,16194.89,122.63,1945.73,312.08,483.58,536.08,108.9,178.37,190.71,104.46,135.54,288.74,123.0,197.62,293.97,2854.57,1513.81,444.36,66.16,230.64,904.85,361.64,229.13,268.64,463.88,219.73,103.02,3159.07,242.39,95.96,132.2,40.31,59.04,99.29,281.44
20260824,13:08:45,44921.71,40295.49,24184.28,16194.49,122.63,1947.15,312.08,483.58,536.16,108.9,178.38,190.73,104.46,135.54,288.74,122.96,197.65,293.97,2857.6,1516.14,444.36,66.15,230.64,904.9,361.64,229.13,268.64,464.06,219.58,103.02,3159.46,242.39,95.96,132.22,40.31,59.02,99.29,281.49
20260824,13:08:50,44921.07,40295.12,24182.72,16193.52,122.62,1945.73,312.07,483.58,536.16,108.9,178.37,190.69,104.46,135.54,288.74,122.96,197.65,293.97,2857.59,1516.23,444.3,66.16,230.39,904.87,361.64,229.13,268.64,463.89,219.6,103.02,3159.24,242.39,95.96,132.22,40.31,59.02,99.29,281.46
20260824,13:08:55,44884.23,40258.81,24184.85,16194.61,122.62,1947.15,312.07,483.46,536.15,108.91,178.38,190.74,104.46,135.76,288.74,122.92,197.65,294.01,2854.64,1513.86,444.39,66.16,230.5,904.91,361.89,229.23,268.66,463.93,219.65,103.02,3159.61,242.39,95.96,132.22,40.31,59.02,99.29,281.41
20260824,13:09:00,44880.94,40256.12,24183.74,16195.06,122.75,1947.15,312.15,483.46,536.15,108.91,178.39,190.76,104.46,135.54,288.74,122.91,197.94,294.01,2854.41,1513.84,444.39,66.16,230.75,904.26,361.55,229.23,268.66,463.87,219.6,103.02,3159.14,242.39,95.96,132.22,40.31,59.02,99.29,281.41
20260824,13:09:05,44920.41,40296.67,24177.68,16195.1,122.62,1945.73,312.15,483.46,536.14,108.91,178.31,190.75,104.4,135.54,288.74,122.92,197.94,294.01,2857.68,1516.28,444.37,66.17,230.64,904.14,361.87,229.23,268.97,463.87,219.77,103.02,3157.24,242.39,95.96,132.22,40.31,59.04,99.29,281.43
20260824,13:09:10,44879.48,40257.26,24177.96,16197.0,122.63,1947.15,312.15,483.44,536.14,108.91,178.37,190.73,104.45,135.54,288.74,123.04,197.94,294.01,2854.46,1514.01,444.37,66.15,230.39,904.16,361.89,229.23,268.65,463.87,219.76,103.02,3156.81,242.39,95.96,132.2,40.31,59.04,99.29,281.43
20260824,13:09:15,44885.06,40260.27,24185.77,16197.87,122.63,1947.15,312.15,483.69,536.25,108.9,178.38,190.74,104.46,135.54,288.6,123.04,197.94,294.01,2854.68,1513.95,444.38,66.16,230.39,904.85,361.9,229.23,268.65,463.87,219.74,103.02,3159.01,242.76,95.96,132.2,40.31,59.03,99.29,281.43
20260824,13:09:20,44880.49,40255.67,24184.37,16195.74,122.63,1945.73,312.15,483.69,536.34,108.9,178.37,190.71,104.46,135.54,288.6,122.93,197.94,294.01,2854.36,1513.93,444.38,66.16,230.39,904.14,361.89,229.23,268.65,463.89,219.71,103.02,3159.15,242.76,95.84,132.17,40.35,59.03,99.29,281.43
20260824,13:09:25,44919.32,40293.52,24183.49,16194.77,122.5,1947.15,312.15,483.69,536.34,108.9,178.37,190.72,104.45,135.55,288.6,122.93,197.94,294.01,2857.43,1516.28,444.36,66.16,230.5,904.13,361.89,229.23,268.65,463.89,219.59,103.02,3159.14,242.76,95.84,132.17,40.35,59.03,99.29,281.45
20260824,13:09:30,44919.82,40294.15,24185.23,16197.25,122.75,1947.15,312.07,483.69,536.33,108.9,178.36,190.7,104.45,135.55,288.6,122.94,197.94,294.01,2857.43,1516.28,444.37,66.14,230.5,904.11,361.96,229.23,268.66,463.89,219.74,103.02,3159.01,242.76,95.96,132.17,40.35,59.05,99.29,281.45
20260824,13:09:35,44926.81,40298.81,24194.26,16200.45,122.63,1945.73,312.78,483.69,536.29,108.9,178.36,190.69,104.45,135.76,288.6,122.94,197.97,294.01,2857.72,1516.41,444.37,66.18,230.51,904.25,361.96,229.23,268.75,463.89,219.72,103.02,3160.96,242.71,95.84,132.18,40.35,59.05,99.29,281.44
20260824,13:09:40,44882.39,40256.93,24187.65,16197.54,122.63,1947.15,312.25,483.69,536.32,108.9,178.3,190.76,104.39,135.76,288.6,123.06,197.97,294.01,2854.42,1513.84,444.33,66.19,230.21,904.65,361.64,229.23,268.75,463.93,219.7,103.02,3159.68,242.71,95.84,132.18,40.35,59.05,99.29,281.49
20260824,13:09:45,44880.25,40255.29,24185.19,16196.19,122.75,1947.15,312.17,483.69,536.33,108.9,178.31,190.77,104.39,135.76,288.6,123.06,198.03,294.01,2854.32,1513.82,444.32,66.17,230.1,904.68,361.96,229.23,268.65,463.88,219.56,103.02,3159.28,242.71,95.84,132.18,40.35,59.07,99.29,281.49
20260824,13:09:50,44882.3,40255.4,24189.8,16195.21,122.63,1945.73,312.16,483.69,536.33,108.9,178.37,190.77,104.44,135.55,288.6,123.06,198.03,294.01,2854.35,1513.81,444.31,66.16,230.1,904.81,361.96,229.23,268.66,463.93,219.59,103.02,3160.99,242.39,95.84,132.08,40.35,59.07,99.29,281.49
20260824,13:09:55,44924.76,40296.81,24190.31,16195.89,122.63,1947.15,312.16,483.68,536.22,108.9,178.31,190.79,104.39,135.56,288.6,123.05,198.03,294.01,2857.67,1516.22,444.33,66.17,230.22,904.74,361.96,229.23,268.98,463.93,219.7,103.02,3160.96,242.39,95.84,132.04,40.35,59.06,99.29,281.63
20260824,13:10:00,44922.39,40294.9,24188.53,16195.17,122.63,1947.15,312.16,483.68,536.25,108.9,178.17,190.79,104.28,135.77,288.6,122.93,198.03,294.01,2857.54,1516.22,444.23,66.17,230.22,904.51,361.96,229.21,268.98,463.93,219.74,103.02,3160.6,242.71,95.84,132.09,40.35,59.06,99.29,281.63
20260824,13:10:05,44895.81,40268.42,24196.28,16202.15,122.56,1945.73,312.73,483.68,536.22,108.9,178.35,190.78,104.43,135.76,288.6,122.97,198.03,294.12,2855.23,1514.08,444.21,66.2,230.4,905.41,361.96,229.21,268.98,463.93,219.78,103.02,3161.13,242.71,95.96,132.06,40.35,59.06,99.29,281.63
20260824,13:10:10,44886.53,40261.89,24189.27,16202.5,122.56,1945.73,312.81,483.42,536.25,108.9,178.34,190.75,104.42,135.76,288.72,122.98,198.03,294.13,2854.7,1513.68,444.21,66.19,230.4,905.41,362.08,229.21,268.97,464.02,219.75,103.02,3158.84,242.71,95.96,132.06,40.35,59.06,99.29,281.64
20260824,13:10:15,44880.82,40255.72,24190.2,16201.53,122.75,1945.73,312.89,483.34,536.25,108.9,178.34,190.74,104.42,135.76,288.72,122.94,198.03,294.13,2854.23,1513.68,444.21,66.19,230.4,904.68,362.07,229.21,268.66,464.02,219.61,103.02,3159.4,242.71,95.96,132.07,40.35,59.05,99.29,281.51
20260824,13:10:20,44880.87,40253.89,24196.46,16202.46,122.63,1947.15,312.88,483.42,536.34,108.98,178.35,190.72,104.43,135.76,288.72,122.94,198.03,294.09,2854.06,1513.73,444.21,66.19,230.4,904.17,361.77,229.21,268.66,464.02,219.64,103.02,3161.1,242.71,95.96,132.07,40.35,59.04,99.29,281.51
20260824,13:10:25,44917.99,40290.28,24190.7,16196.59,122.63,1947.15,312.34,483.42,536.33,108.89,178.34,190.73,104.43,135.76,288.72,122.93,198.03,294.1,2857.13,1516.15,444.21,66.18,230.51,903.93,361.77,229.21,268.65,464.04,219.62,103.02,3160.89,242.39,95.84,132.07,40.35,59.07,99.11,281.56
20260824,13:10:30,44918.46,40289.95,24190.88,16194.14,122.63,1945.73,312.25,483.42,536.33,108.88,178.27,190.73,104.37,135.76,288.72,122.93,198.03,294.11,2857.16,1516.14,444.33,66.19,230.59,903.84,361.76,229.21,268.66,464.05,219.59,103.02,3161.62,242.39,95.84,132.04,40.35,59.07,99.11,281.51
20260824,13:10:35,44922.76,40293.51,24195.83,16197.73,122.75,1945.73,312.25,483.67,536.33,108.88,178.28,190.75,104.37,135.76,288.72,122.93,198.03,294.11,2857.36,1516.09,444.13,66.19,230.59,904.54,361.76,229.21,268.75,464.05,219.9,103.02,3162.19,242.39,95.84,132.04,40.31,59.07,99.11,281.54
20260824,13:10:40,44917.71,40291.01,24187.31,16196.03,122.63,1945.73,312.33,483.67,536.33,108.95,178.28,190.78,104.37,135.55,288.72,122.93,198.03,294.11,2857.2,1516.07,443.94,66.19,230.83,903.78,362.07,229.21,269.06,464.0,219.74,103.02,3159.99,242.39,95.84,132.04,40.31,59.05,99.11,281.48
20260824,13:10:45,44881.42,40256.0,24189.47,16199.67,122.75,1945.73,312.79,483.42,536.26,108.95,178.28,190.76,104.37,135.76,288.72,122.93,198.03,294.15,2854.29,1513.82,444.05,66.19,230.67,903.82,362.07,229.21,269.05,463.93,219.77,103.02,3159.68,242.39,95.84,132.04,40.31,59.05,99.01,281.49
20260824,13:10:50,44921.21,40292.94,24195.14,16200.1,122.63,1945.78,312.87,483.42,536.26,108.95,178.36,190.78,104.43,135.76,288.72,122.97,198.03,294.12,2857.26,1516.29,444.04,66.19,230.41,903.53,362.09,229.21,269.04,463.93,219.63,103.02,3161.33,242.71,95.84,132.01,40.31,59.06,99.01,281.54
20260824,13:10:55,44919.04,40292.06,24191.7,16200.24,122.63,1945.78,312.87,483.42,536.26,108.95,178.36,190.78,104.43,135.76,288.72,122.98,198.03,294.12,2857.18,1516.31,444.06,66.2,230.53,903.53,362.09,229.21,268.73,463.92,219.66,103.01,3160.22,242.71,95.84,132.01,40.31,59.06,99.01,281.48
20260824,13:11:00,44877.0,40251.13,24193.29,16202.18,122.75,1945.78,312.87,483.42,536.26,108.95,178.36,190.78,104.43,135.76,288.72,122.98,198.06,294.12,2853.84,1513.84,444.11,66.19,230.67,903.07,362.12,229.21,268.73,464.08,219.77,103.01,3160.19,242.71,95.84,132.03,40.31,59.06,99.01,281.5
20260824,13:11:05,44914.28,40287.51,24189.8,16198.38,122.63,1945.85,312.16,483.18,536.21,108.95,178.36,190.78,104.43,135.76,288.72,122.98,198.06,294.11,2856.86,1516.04,444.06,66.19,230.67,903.09,362.31,229.21,269.04,464.08,219.9,103.01,3160.13,242.71,95.96,132.03,40.31,59.06,99.01,281.51
20260824,13:11:10,44875.57,40249.96,24187.8,16196.6,122.75,1945.85,312.16,483.44,536.29,108.95,178.14,190.7,104.27,135.76,288.72,122.98,198.03,294.12,2853.88,1513.98,444.06,66.19,230.42,902.99,362.29,229.21,268.73,464.08,219.78,103.01,3159.99,242.76,95.96,132.24,40.31,59.06,99.01,281.56
20260824,13:11:15,44869.35,40243.28,24190.37,16197.51,122.63,1945.62,312.25,483.36,536.26,108.95,178.16,190.77,104.27,135.55,288.72,122.99,198.06,294.12,2853.32,1513.65,443.97,66.2,230.28,902.96,362.37,229.21,268.63,464.07,219.91,103.01,3160.54,242.76,95.96,132.24,40.31,59.06,98.83,281.55
20260824,13:11:20,44872.29,40246.52,24191.58,16200.17,122.63,1945.62,312.79,483.36,536.12,108.88,178.09,190.77,104.21,135.76,288.72,122.98,198.06,294.12,2853.52,1513.68,444.09,66.19,230.28,902.83,362.33,229.21,268.96,464.07,219.92,103.01,3160.2,242.76,95.96,132.24,40.31,59.06,98.83,281.51
20260824,13:11:25,44869.21,40243.47,24187.08,16194.82,122.63,1944.21,312.24,483.11,536.08,108.9,178.08,190.74,104.21,135.76,288.72,122.98,198.06,294.12,2853.4,1513.59,444.02,66.18,230.4,902.76,362.65,229.21,268.95,464.07,219.86,103.01,3160.24,242.76,95.97,132.24,40.31,59.06,98.83,281.54
20260824,13:11:30,44867.57,40241.93,24187.47,16195.47,122.63,1944.21,312.24,483.09,536.15,108.9,178.07,190.75,104.21,135.76,288.72,122.98,198.06,294.15,2853.26,1513.56,444.16,66.2,230.4,902.75,362.65,229.35,268.63,464.07,219.9,103.01,3160.19,242.76,95.97,132.24,40.31,59.06,98.74,281.59
20260824,13:11:35,44871.6,40246.25,24185.8,16194.88,122.75,1944.21,312.24,483.09,536.15,108.98,178.07,190.74,104.21,135.97,288.9,122.98,198.03,294.16,2853.62,1513.76,444.23,66.18,230.58,902.8,362.65,229.35,268.64,464.07,219.89,103.01,3159.83,242.43,95.85,132.25,40.31,59.06,98.74,281.59
20260824,13:11:40,44872.43,40246.63,24184.64,16192.08,122.75,1944.21,312.24,483.08,536.23,108.98,177.91,190.74,104.07,135.76,288.78,122.94,198.03,294.16,2853.72,1513.65,444.19,66.17,230.83,902.83,362.28,229.35,268.96,464.07,219.86,103.04,3160.23,242.38,95.85,132.25,40.31,59.06,98.74,281.5
20260824,13:11:45,44917.69,40288.21,24192.15,16192.31,122.63,1944.29,312.24,483.08,536.23,108.98,177.91,190.74,104.07,135.76,288.78,122.93,198.03,294.16,2857.07,1516.08,444.06,66.17,230.83,903.42,362.28,229.35,268.96,464.0,219.89,103.04,3162.51,242.7,95.85,132.24,40.31,59.06,98.74,281.48
20260824,13:11:50,44914.56,40286.2,24188.72,16191.83,122.63,1944.29,312.15,483.08,536.23,108.98,177.91,190.73,104.07,135.76,288.78,122.94,198.03,294.16,2856.92,1516.17,444.1,66.16,230.7,903.29,362.28,229.35,268.64,464.08,219.9,103.04,3161.57,242.7,95.83,132.24,40.31,59.06,98.74,281.53
20260824,13:11:55,44916.28,40290.15,24181.4,16191.03,122.63,1944.29,312.15,483.17,536.37,108.98,177.91,190.73,104.07,135.76,288.78,122.94,198.03,294.16,2857.25,1516.32,444.2,66.17,230.46,903.71,362.3,229.35,268.65,464.09,219.75,103.04,3159.5,242.7,95.83,132.24,40.32,59.06,98.74,281.52
20260824,13:12:00,44910.64,40284.31,24185.74,16194.83,122.63,1944.29,312.7,483.18,536.36,108.98,177.9,190.74,104.07,135.76,288.92,122.94,198.03,294.16,2856.69,1516.15,444.21,66.13,230.58,902.85,362.3,229.35,268.65,464.09,219.71,103.05,3159.82,242.7,95.84,132.24,40.32,59.06,98.74,281.52
20260824,13:12:05,44870.49,40245.91,24182.66,16193.72,122.63,1944.19,312.24,483.41,536.22,108.98,177.92,190.79,104.08,135.76,289.06,122.98,198.03,294.19,2853.62,1513.78,444.19,66.14,230.58,902.91,362.3,229.35,268.64,464.12,219.9,103.02,3159.16,242.7,95.84,132.24,40.32,59.06,98.74,281.59
20260824,13:12:10,44870.58,40245.99,24188.51,16200.45,122.63,1944.19,312.78,483.49,536.29,108.98,178.12,190.81,104.23,135.76,289.06,123.1,198.03,294.18,2853.47,1513.6,444.28,66.14,230.83,902.78,362.21,229.35,268.64,464.06,219.86,103.02,3159.16,242.7,95.84,132.24,40.32,59.06,98.74,281.59
20260824,13:12:15,44867.61,40241.72,24189.68,16197.19,122.63,1944.19,312.16,483.49,536.4,108.9,178.19,190.82,104.29,135.76,289.06,123.1,198.03,294.18,2853.2,1513.46,444.28,66.14,230.58,902.81,362.21,229.35,268.64,464.07,219.88,103.01,3160.41,242.7,95.84,132.24,40.32,59.06,98.83,281.6
20260824,13:12:20,44871.46,40246.48,24185.31,16195.51,122.63,1942.78,312.16,483.74,536.4,108.9,178.2,190.86,104.29,135.76,289.06,123.1,198.06,294.18,2853.63,1513.66,444.28,66.13,230.58,903.24,361.9,229.35,268.64,464.06,219.72,103.01,3159.5,242.7,95.84,132.24,40.32,59.06,98.83,281.6
20260824,13:12:25,44916.12,40287.54,24195.16,16198.61,122.75,1942.88,312.24,483.74,536.37,108.9,178.17,190.86,104.26,135.77,289.06,123.06,198.06,294.16,2856.86,1516.1,444.29,66.13,230.48,903.37,361.89,229.21,268.73,464.06,219.92,103.01,3161.74,242.75,95.96,132.21,40.32,59.08,98.83,281.54
20260824,13:12:30,44915.52,40286.78,24194.77,16197.6,122.75,1942.88,312.33,483.41,536.37,108.9,178.18,190.85,104.27,135.77,289.06,123.06,198.06,294.18,2856.82,1515.97,444.2,66.14,230.6,903.27,361.9,229.21,269.05,464.0,219.76,103.01,3161.89,242.75,95.96,132.22,40.32,59.07,98.83,281.59
20260824,13:12:35,44869.07,40241.26,24195.55,16197.62,122.75,1944.29,312.33,483.41,536.25,108.9,178.11,190.83,104.22,135.77,289.06,123.06,198.09,294.2,2853.15,1513.46,444.21,66.16,230.6,902.84,362.21,229.21,268.54,464.0,219.92,103.01,3162.13,242.75,95.84,132.21,40.32,59.07,98.83,281.61
20260824,13:12:40,44873.89,40246.19,24198.05,16201.28,122.63,1947.09,312.78,483.41,536.25,108.9,178.18,190.83,104.27,135.77,289.06,123.1,198.09,294.2,2853.46,1513.64,444.23,66.15,230.85,902.82,362.21,229.21,268.53,464.0,219.76,103.01,3161.92,242.75,95.84,132.21,40.32,59.07,98.83,281.64
20260824,13:12:45,44914.92,40285.34,24196.72,16196.97,122.75,1947.06,312.24,483.41,536.04,108.98,178.19,190.85,104.28,135.77,289.06,123.1,197.94,294.2,2856.72,1516.16,444.21,66.15,230.84,902.77,362.48,229.12,268.53,463.97,219.76,103.01,3162.68,242.7,95.84,132.21,40.32,59.07,98.83,281.64
20260824,13:12:50,44868.63,40241.32,24192.84,16196.14,122.75,1944.24,312.24,483.41,535.89,108.98,178.19,190.87,104.28,135.56,289.06,122.97,197.94,294.19,2853.19,1513.48,444.32,66.14,230.6,902.76,362.37,229.12,268.54,463.97,219.91,103.01,3161.69,242.38,95.96,132.21,40.32,59.07,98.83,281.64
20260824,13:12:55,44871.41,40243.62,24194.53,16196.69,122.56,1944.24,312.78,483.41,535.87,108.98,178.12,190.89,104.22,135.78,289.06,122.97,197.94,294.19,2853.37,1513.48,444.31,66.12,230.48,902.91,362.67,229.12,268.85,464.0,219.75,103.03,3162.06,242.38,95.84,132.21,40.32,59.07,98.83,281.64
20260824,13:13:00,44873.14,40245.34,24190.93,16192.68,122.56,1944.6,312.16,483.66,535.87,109.06,178.11,190.83,104.22,135.78,289.06,122.97,197.91,294.2,2853.6,1513.7,444.32,66.13,230.48,902.83,362.06,229.12,268.85,463.92,219.78,103.03,3162.03,242.38,95.84,132.21,40.32,59.07,98.83,281.64
20260824,13:13:05,44871.92,40243.74,24193.4,16194.14,122.75,1944.6,312.16,483.64,535.87,108.96,178.11,190.84,104.22,135.78,289.06,122.97,197.91,294.19,2853.44,1513.67,444.31,66.12,230.58,902.86,362.06,229.12,268.54,463.92,219.91,103.03,3162.4,242.38,95.84,132.21,40.32,59.07,98.83,281.64
20260824,13:13:10,44910.81,40284.02,24185.73,16193.29,122.63,1944.6,312.16,483.41,535.87,108.96,178.12,190.87,104.22,135.57,289.06,122.97,197.91,294.19,2856.7,1516.13,444.42,66.12,230.59,902.85,362.62,229.12,268.54,463.91,219.9,103.04,3160.24,242.38,95.84,132.21,40.32,59.07,98.83,281.64
20260824,13:13:15,44873.6,40246.34,24191.71,16195.42,122.63,1944.6,312.79,483.41,535.84,108.97,178.12,190.85,104.22,135.56,289.06,122.97,197.91,294.19,2853.62,1513.63,444.45,66.12,230.59,902.81,362.62,229.12,268.85,463.91,219.65,103.03,3161.53,242.38,95.84,132.21,40.32,59.07,98.83,281.64
20260824,13:13:20,44870.82,40245.48,24185.4,16194.36,122.63,1944.24,312.25,483.41,535.88,109.05,178.11,190.84,104.22,135.56,288.94,123.09,197.91,294.22,2853.57,1513.58,444.5,66.11,230.59,902.83,362.47,229.12,268.85,463.89,219.88,103.03,3159.84,242.38,95.83,132.21,40.32,59.07,98.83,281.62
20260824,13:13:25,44877.06,40248.67,24196.98,16198.01,122.63,1944.18,312.79,483.41,535.88,109.05,178.12,190.88,104.22,135.56,288.94,122.97,197.91,294.22,2853.74,1513.86,444.29,66.12,230.49,902.85,362.23,229.12,268.72,463.88,219.93,103.03,3162.47,242.38,95.83,132.21,40.32,59.07,98.83,281.63
20260824,13:13:30,44872.98,40244.75,24193.3,16193.96,122.63,1944.24,312.24,483.41,535.81,109.04,178.31,190.88,104.37,135.56,288.94,122.97,197.91,294.22,2853.52,1513.58,444.51,66.12,230.61,902.86,362.23,229.12,268.72,463.88,219.74,103.03,3162.42,242.38,95.83,132.18,40.32,59.07,98.83,281.62
20260824,13:13:35,44875.78,40247.9,24189.99,16191.59,122.63,1942.83,312.15,483.41,535.9,109.04,178.31,190.87,104.37,135.56,288.94,122.96,197.91,294.22,2853.83,1513.65,444.66,66.12,230.86,902.88,362.22,229.12,268.84,463.88,219.6,103.03,3162.03,242.38,95.83,132.17,40.32,59.07,98.83,281.62
20260824,13:13:40,44912.78,40283.85,24191.45,16192.92,122.75,1942.85,312.23,483.41,535.83,109.04,178.3,190.85,104.37,135.56,288.94,122.92,197.91,294.22,2856.7,1516.04,444.76,66.1,230.61,902.87,362.22,229.12,268.53,463.88,219.73,103.03,3162.13,242.24,95.83,132.17,40.32,59.05,98.83,281.62
20260824,13:13:45,44872.42,40244.95,24189.83,16192.48,122.75,1941.44,312.23,483.34,535.75,109.04,178.3,190.84,104.37,135.56,288.94,122.97,197.91,294.22,2853.58,1513.59,444.72,66.09,230.63,903.0,362.23,229.13,268.53,463.88,219.74,103.03,3161.74,242.31,95.83,132.17,40.32,59.05,98.83,281.62
20260824,13:13:50,44913.09,40284.11,24191.53,16192.85,122.63,1942.85,312.23,483.35,535.83,109.06,178.3,190.83,104.37,135.57,288.94,122.93,197.91,294.22,2856.72,1516.14,444.61,66.11,230.45,902.88,362.22,229.13,268.54,463.87,219.76,103.03,3162.17,242.31,95.83,132.17,40.32,59.05,98.83,281.62
20260824,13:13:55,44870.05,40242.12,24192.49,16193.79,122.75,1942.84,312.23,483.35,535.75,108.98,178.29,190.81,104.37,135.57,288.94,123.09,197.91,294.24,2853.32,1513.62,444.3,66.11,230.42,902.9,362.22,229.13,268.54,463.9,219.75,103.03,3162.21,242.31,95.83,132.17,40.32,59.05,98.83,281.62
20260824,13:14:00,44871.19,40243.04,24192.06,16192.65,122.75,1942.84,312.23,483.09,536.03,108.98,178.29,190.82,104.37,135.57,289.06,123.04,197.91,294.26,2853.42,1513.65,444.3,66.09,230.3,903.07,362.18,229.13,268.63,463.85,219.59,103.03,3162.39,242.31,95.83,132.17,40.32,59.05,98.83,281.62
20260824,13:14:05,44875.54,40250.02,24185.0,16193.71,122.75,1941.44,312.24,483.09,536.03,108.99,178.37,190.83,104.43,135.57,289.06,122.91,197.91,294.26,2853.95,1513.75,444.27,66.1,230.67,903.31,362.21,229.13,268.95,463.9,219.74,103.03,3159.9,242.31,95.83,132.17,40.32,59.05,98.83,281.62
20260824,13:14:10,44918.06,40289.53,24192.08,16195.41,122.63,1940.06,312.78,483.09,536.17,108.99,178.3,190.84,104.37,135.57,288.92,122.91,197.91,294.26,2857.1,1516.08,444.49,66.1,230.67,903.34,362.21,229.13,268.94,463.89,219.74,103.03,3161.65,242.31,95.71,132.17,40.32,59.05,98.83,281.62
20260824,13:14:15,44877.35,40252.11,24185.36,16195.21,122.63,1940.06,312.79,483.09,536.03,108.99,178.36,190.82,104.43,135.57,288.92,122.91,197.91,294.26,2854.09,1513.77,444.5,66.1,230.65,903.36,362.18,229.13,268.92,463.93,219.74,103.05,3159.6,241.99,95.71,132.17,40.32,59.05,98.83,281.62
20260824,13:14:20,44874.76,40249.39,24184.0,16193.0,122.75,1942.88,312.32,483.35,536.03,108.99,178.29,190.81,104.37,135.57,288.92,122.91,197.89,294.24,2853.92,1513.77,444.43,66.12,230.65,903.32,361.88,229.13,268.71,463.93,219.75,103.05,3159.78,241.99,95.72,132.17,40.32,59.07,98.83,281.61
20260824,13:14:25,44880.38,40254.28,24191.8,16200.02,122.56,1942.92,313.24,483.21,535.96,108.98,178.29,190.81,104.37,135.78,288.92,122.91,197.89,294.22,2854.15,1514.03,444.64,66.12,230.67,902.85,361.88,229.13,268.7,463.93,219.75,103.05,3160.31,242.02,95.83,132.17,40.32,59.07,98.83,281.62
20260824,13:14:30,44881.93,40255.95,24190.7,16199.3,122.69,1942.91,313.32,483.26,536.03,108.98,178.3,190.82,104.38,135.78,289.04,122.91,197.89,294.24,2854.3,1514.21,444.53,66.11,230.4,902.96,362.21,229.09,268.69,463.9,219.62,103.05,3160.16,241.95,95.83,132.16,40.32,59.07,98.83,281.37
20260824,13:14:35,44922.39,40293.36,24196.67,16199.41,122.56,1941.56,313.42,483.23,535.89,108.98,178.29,190.8,104.37,135.57,289.04,123.03,197.89,294.22,2857.31,1516.58,444.51,66.12,230.4,902.84,362.18,229.09,268.69,463.85,219.62,103.04,3162.0,241.95,95.83,132.15,40.32,59.07,98.83,281.62
20260824,13:14:40,44889.08,40260.96,24196.65,16199.57,122.69,1941.56,313.24,483.23,536.06,108.98,178.29,190.81,104.37,135.57,289.04,122.9,197.89,294.22,2854.7,1514.18,444.44,66.12,230.65,903.9,361.86,229.09,268.71,463.85,219.75,103.04,3161.95,241.95,95.83,132.15,40.32,59.07,98.83,281.62
20260824,13:14:45,44886.61,40259.17,24190.19,16194.18,122.56,1940.15,312.78,483.44,535.99,109.06,178.26,190.81,104.35,135.78,289.04,122.91,197.89,294.2,2854.68,1514.2,444.42,66.11,230.78,903.73,361.78,229.09,268.71,463.85,219.6,103.04,3161.39,241.95,95.85,132.17,40.32,59.07,98.83,281.63
20260824,13:14:50,44888.77,40260.58,24196.82,16199.48,122.56,1942.82,313.33,483.18,536.07,109.06,178.25,190.75,104.35,135.57,288.92,122.91,197.89,294.2,2854.67,1514.34,444.46,66.12,230.53,903.45,361.77,229.09,268.71,463.85,219.76,103.06,3162.02,241.95,95.73,132.17,40.32,59.09,98.83,281.63
20260824,13:14:55,44884.0,40256.63,24196.65,16201.66,122.69,1942.82,313.33,483.51,536.07,109.07,178.24,190.73,104.34,135.57,289.06,123.07,197.89,294.2,2854.3,1514.24,444.45,66.11,230.42,903.04,361.52,229.09,268.71,463.85,219.8,103.06,3161.38,241.95,95.73,132.17,40.32,59.09,98.83,281.62
20260824,13:15:00,44881.8,40256.58,24189.9,16200.9,122.56,1942.93,313.33,483.44,536.03,109.07,178.23,190.72,104.34,135.56,289.06,123.07,197.89,294.2,2854.31,1514.24,444.47,66.12,230.42,902.94,362.12,229.09,268.72,463.81,219.77,103.06,3159.48,241.95,95.73,132.17,40.32,59.1,98.83,281.68
20260824,13:15:05,44842.68,40218.11,24191.63,16201.71,122.69,1942.85,313.57,483.32,536.11,108.99,178.25,190.76,104.34,135.56,289.06,123.03,197.89,294.41,2851.19,1511.83,444.48,66.12,230.42,903.01,361.8,229.09,268.7,463.77,219.61,103.05,3159.8,241.88,95.73,132.17,40.32,59.1,98.83,281.69
20260824,13:15:10,44844.56,40220.1,24189.98,16200.32,122.56,1941.78,313.57,483.32,535.9,108.98,178.25,190.75,104.34,135.56,289.06,122.94,197.89,294.41,2851.38,1511.83,444.48,66.14,230.42,903.06,361.56,229.09,269.01,463.79,219.61,103.06,3159.66,242.28,95.73,132.17,40.32,59.1,98.83,281.71
20260824,13:15:15,44842.58,40218.61,24190.5,16202.4,122.69,1941.78,313.66,483.58,535.9,108.98,178.24,190.74,104.34,135.77,289.06,122.94,197.92,294.41,2851.21,1511.82,444.44,66.12,230.42,902.81,361.56,229.09,269.01,463.76,219.78,103.06,3159.26,242.28,95.61,132.17,40.32,59.09,98.83,281.69
20260824,13:15:20,44838.83,40214.62,24191.69,16202.65,122.69,1942.01,313.66,483.58,535.84,108.98,178.25,190.76,104.35,135.56,289.06,122.94,197.92,294.41,2850.89,1511.82,444.46,66.13,230.42,902.37,361.56,229.09,268.69,463.89,219.8,103.06,3159.56,242.28,95.72,132.17,40.32,59.1,98.83,281.39
20260824,13:15:25,44839.65,40215.81,24189.17,16201.04,122.56,1941.95,313.66,483.66,535.84,108.98,178.31,190.73,104.4,135.56,289.18,122.95,197.92,294.41,2851.02,1511.68,444.44,66.15,230.4,902.66,361.89,229.09,269.01,463.83,219.7,103.06,3159.21,242.28,95.6,132.17,40.32,59.1,98.83,281.39
20260824,13:15:30,44841.13,40217.0,24191.37,16202.72,122.5,1941.95,313.67,483.66,535.89,108.98,178.3,190.69,104.4,135.56,289.06,123.06,197.92,294.44,2851.08,1511.7,444.46,66.14,230.42,903.11,361.64,229.29,268.7,463.82,219.81,103.06,3159.44,242.28,95.6,132.17,40.32,59.1,98.83,281.38
20260824,13:15:35,44844.97,40219.13,24195.17,16201.73,122.63,1941.95,313.59,483.58,535.86,108.98,178.3,190.69,104.4,135.56,289.06,123.06,197.92,294.44,2851.27,1511.78,444.45,66.15,230.67,903.03,362.21,229.29,268.72,463.82,219.65,103.06,3160.9,242.28,95.6,132.18,40.32,59.1,98.83,281.73
20260824,13:15:40,44841.45,40215.61,24194.1,16200.19,122.5,1941.95,313.59,483.77,535.69,108.98,178.23,190.68,104.34,135.57,289.06,123.06,197.78,294.47,2851.03,1511.51,444.47,66.16,230.67,902.9,361.88,229.28,269.03,463.72,219.69,103.06,3160.98,242.28,95.6,132.17,40.32,59.1,98.83,281.64
20260824,13:15:45,44840.37,40214.39,24195.89,16201.71,122.63,1941.95,313.67,483.58,535.77,108.98,178.23,190.71,104.34,135.56,289.06,123.07,197.78,294.47,2850.89,1511.6,444.49,66.15,230.42,902.88,361.88,229.28,268.72,463.71,219.74,103.06,3161.13,242.28,95.6,132.17,40.32,59.1,98.83,281.64
20260824,13:15:50,44832.93,40209.24,24183.88,16194.89,122.63,1941.95,313.05,483.58,535.43,108.98,178.31,190.71,104.4,135.56,289.06,123.06,197.78,294.49,2850.64,1511.47,444.48,66.17,230.66,902.5,361.77,229.28,268.72,463.69,219.62,103.06,3159.23,242.28,95.6,132.17,40.32,59.1,98.83,281.34
20260824,13:15:55,44831.23,40207.66,24188.02,16199.9,122.63,1941.95,313.5,483.58,535.45,108.98,178.32,190.77,104.4,135.56,289.06,123.06,197.74,294.49,2850.39,1511.43,444.38,66.13,230.48,902.29,362.1,229.28,268.73,463.69,219.78,103.06,3159.16,242.28,95.6,132.17,40.32,59.1,98.83,281.34
20260824,13:16:00,44877.04,40251.89,24187.16,16197.56,122.5,1941.95,313.04,483.58,535.51,108.98,178.32,190.76,104.4,135.56,289.06,123.06,197.7,294.5,2854.01,1513.8,444.31,66.15,230.47,903.62,362.1,229.28,268.73,463.69,219.91,103.06,3159.52,242.28,95.6,132.17,40.32,59.1,98.83,281.34
20260824,13:16:05,44835.99,40211.39,24187.85,16196.7,122.63,1942.17,312.95,483.58,535.54,109.06,178.32,190.76,104.4,135.56,289.06,123.06,197.7,294.5,2850.77,1511.48,444.27,66.14,230.12,903.12,361.75,229.28,269.04,463.69,219.73,103.06,3159.98,242.3,95.6,132.17,40.32,59.1,98.83,281.57
20260824,13:16:10,44835.09,40210.16,24187.47,16195.05,122.63,1942.17,312.87,483.58,535.62,108.98,178.33,190.79,104.41,135.56,289.21,123.07,197.7,294.48,2850.71,1511.45,444.36,66.14,230.48,903.01,362.06,229.28,268.72,463.75,219.58,103.03,3160.3,242.3,95.6,132.17,40.32,59.1,98.92,281.57
20260824,13:16:15,44834.03,40210.36,24184.97,16196.3,122.75,1942.17,312.88,483.58,535.59,108.98,178.31,190.71,104.41,135.56,289.21,122.95,197.74,294.48,2850.7,1511.6,444.29,66.14,230.48,902.24,361.73,229.28,269.03,463.74,219.78,103.03,3159.18,242.3,95.6,132.17,40.32,59.1,98.92,281.57
20260824,13:16:20,44830.58,40206.87,24185.49,16196.45,122.63,1942.35,312.96,483.58,535.55,108.98,178.3,190.7,104.4,135.56,289.21,122.95,197.72,294.5,2850.41,1511.48,444.26,66.13,230.48,902.36,362.06,229.28,268.72,463.73,219.79,103.02,3159.31,242.3,95.6,132.17,40.32,59.1,98.91,281.58
20260824,13:16:25,44863.65,40238.96,24186.17,16196.82,122.75,1942.35,312.96,483.57,535.44,108.98,178.31,190.7,104.4,135.56,289.33,123.07,197.72,294.5,2852.99,1513.82,444.27,66.14,230.22,901.45,362.06,229.28,268.71,463.76,219.74,103.02,3159.42,242.23,95.6,132.17,40.32,59.1,98.91,281.58
20260824,13:16:30,44903.15,40278.07,24181.88,16193.95,122.63,1942.42,313.04,483.31,535.3,108.98,178.23,190.69,104.35,135.56,289.33,123.07,197.72,294.42,2856.21,1516.25,444.31,66.11,230.47,901.42,362.07,229.28,268.71,463.71,219.6,103.02,3158.85,242.23,95.6,132.19,40.3,59.11,98.91,281.58
20260824,13:16:35,44911.92,40283.62,24190.17,16193.47,122.75,1942.07,312.97,483.64,535.32,108.98,178.22,190.65,104.34,135.56,289.33,123.06,197.72,294.41,2856.67,1516.35,444.3,66.14,230.47,902.15,362.07,229.28,268.72,463.71,219.6,103.02,3161.58,242.23,95.6,132.2,40.3,59.1,98.91,281.47
20260824,13:16:40,44913.78,40286.08,24189.47,16194.84,122.63,1942.07,312.96,483.71,535.35,108.98,178.21,190.64,104.34,135.56,289.33,122.95,197.72,294.4,2856.83,1516.17,444.35,66.1,230.47,902.7,362.07,229.28,269.03,463.71,219.84,103.02,3160.99,242.23,95.6,132.22,40.3,59.1,98.91,281.47
20260824,13:16:45,44906.6,40278.91,24185.48,16189.65,122.63,1942.07,312.96,483.38,535.1,108.97,178.02,190.65,104.18,135.56,289.33,123.03,197.72,294.42,2856.38,1516.24,444.34,66.12,230.45,901.37,362.4,229.56,269.03,463.71,219.58,103.01,3161.15,242.23,95.6,132.22,40.3,59.1,98.91,281.47
20260824,13:16:50,44906.66,40278.51,24187.67,16190.64,122.63,1942.07,312.95,483.38,535.1,108.98,178.02,190.62,104.19,135.56,289.33,123.02,197.72,294.43,2856.32,1516.11,444.23,66.11,230.45,902.21,362.07,229.56,268.71,463.77,219.58,103.02,3161.56,242.23,95.72,132.23,40.3,59.1,98.91,281.45
20260824,13:16:55,44900.16,40275.17,24179.52,16191.27,122.63,1944.89,312.95,483.45,535.1,108.98,178.0,190.59,104.18,135.56,289.33,122.95,197.72,294.43,2856.04,1516.08,444.36,66.13,230.45,901.54,361.58,229.56,268.71,463.77,219.59,103.02,3158.85,242.23,95.72,132.25,40.3,59.1,98.91,281.45
20260824,13:17:00,44900.54,40274.85,24180.97,16190.65,122.56,1944.89,312.87,483.45,535.11,108.98,178.0,190.63,104.17,135.56,289.33,122.94,197.75,294.43,2856.03,1516.12,444.18,66.13,230.46,901.57,361.58,229.56,268.71,463.68,219.62,103.02,3159.47,242.23,95.72,132.25,40.3,59.1,98.91,281.45
20260824,13:17:05,44902.91,40276.94,24182.46,16191.62,122.56,1945.75,312.87,483.71,535.14,108.98,178.0,190.62,104.17,135.56,289.33,122.94,197.69,294.43,2856.17,1516.06,444.29,66.13,230.19,902.21,361.58,229.56,268.71,463.68,219.76,103.02,3159.67,242.23,95.6,132.27,40.3,59.1,98.91,281.45
20260824,13:17:10,44900.66,40274.9,24187.45,16197.87,122.56,1945.75,313.51,483.71,535.12,108.99,178.01,190.62,104.18,135.56,289.33,122.93,197.69,294.41,2855.86,1515.98,444.27,66.1,230.32,901.63,361.91,229.56,268.71,463.68,219.82,103.05,3159.53,242.23,95.72,132.27,40.3,59.1,98.91,281.45
20260824,13:17:15,44866.68,40239.18,24196.06,16199.05,122.63,1945.97,313.5,483.65,535.09,108.99,178.21,190.62,104.34,135.55,289.33,122.93,197.69,294.34,2852.95,1513.58,444.13,66.1,230.44,901.76,361.91,229.56,269.02,463.69,219.81,103.03,3161.9,242.27,95.6,132.27,40.3,59.12,98.91,281.45
20260824,13:17:20,44864.38,40237.74,24188.7,16193.27,122.63,1945.97,312.88,483.57,535.13,109.07,178.21,190.62,104.34,135.55,289.33,122.93,197.72,294.34,2852.98,1513.6,444.13,66.09,230.44,901.76,361.89,229.56,269.02,463.71,219.64,103.03,3161.17,242.27,95.6,132.27,40.3,59.12,98.91,281.45
20260824,13:17:25,44900.44,40272.07,24190.85,16193.01,122.65,1945.52,312.88,483.57,534.98,109.07,178.21,190.67,104.33,135.55,289.33,123.07,197.87,294.34,2855.75,1516.0,444.27,66.11,230.19,901.4,361.89,229.56,268.71,463.7,219.62,103.03,3161.92,242.27,95.6,132.26,40.3,59.08,98.91,281.42
20260824,13:17:30,44861.14,40234.49,24189.63,16194.01,122.65,1944.34,312.88,483.57,535.59,109.07,178.2,190.63,104.33,135.55,289.33,123.06,197.89,294.34,2852.7,1513.63,444.11,66.1,230.45,901.42,361.89,229.56,268.7,463.69,219.61,103.04,3161.26,242.23,95.6,132.17,40.3,59.08,98.91,281.42
20260824,13:17:35,44862.36,40235.01,24192.57,16195.15,122.77,1944.34,312.96,483.5,535.63,109.07,178.2,190.64,104.33,135.34,289.33,123.06,197.89,294.58,2852.71,1513.72,444.04,66.1,230.45,901.42,361.89,229.56,268.57,463.7,219.58,103.04,3161.87,242.23,95.6,132.17,40.3,59.07,99.0,281.43
20260824,13:17:40,44860.33,40235.22,24187.1,16196.17,122.77,1944.34,312.96,483.57,535.62,109.07,178.2,190.65,104.33,135.55,289.33,123.02,197.89,294.58,2852.7,1513.75,444.12,66.1,230.33,901.39,361.59,229.56,268.56,463.7,219.6,103.04,3159.88,242.23,95.72,132.17,40.3,59.05,99.0,281.43
20260824,13:17:45,44861.7,40234.28,24193.22,16195.59,122.64,1944.34,312.96,483.5,535.62,109.06,178.0,190.65,104.17,135.55,289.33,123.03,197.89,294.58,2852.64,1513.72,443.94,66.07,230.57,901.37,361.57,229.56,268.56,463.71,219.79,103.04,3161.95,242.23,95.72,132.17,40.3,59.07,99.0,281.43
20260824,13:17:50,44858.73,40231.73,24189.75,16192.77,122.64,1944.34,312.96,483.5,535.64,109.06,177.99,190.65,104.16,135.55,289.33,122.91,197.91,294.57,2852.5,1513.57,444.05,66.1,230.45,901.42,361.89,229.56,268.53,463.71,219.59,103.04,3161.64,242.23,95.72,132.18,40.3,59.05,99.0,281.43
20260824,13:17:55,44860.17,40232.98,24189.45,16191.91,122.64,1944.34,312.87,483.34,535.64,109.06,177.99,190.64,104.16,135.34,289.21,122.91,197.93,294.57,2852.62,1513.73,444.03,66.08,230.46,901.29,361.89,229.56,268.53,463.65,219.64,103.04,3161.78,242.3,95.72,132.18,40.3,59.05,99.0,281.38
20260824,13:18:00,44859.92,40232.53,24191.78,16193.91,122.77,1945.69,312.87,483.34,535.78,109.07,178.07,190.65,104.22,135.34,289.21,123.02,197.93,294.57,2852.54,1513.71,444.1,66.08,230.43,901.11,361.89,229.56,268.53,463.65,219.63,103.04,3161.96,242.3,95.6,132.18,40.3,59.05,99.0,281.4
20260824,13:18:05,44863.58,40236.28,24191.29,16193.99,122.52,1945.69,312.87,483.42,535.74,109.06,177.99,190.64,104.16,135.34,289.21,123.02,197.93,294.58,2852.84,1513.85,444.09,66.1,230.43,901.31,362.16,229.56,268.53,463.66,219.75,103.04,3161.79,242.62,95.6,132.18,40.3,59.05,99.0,281.4
20260824,13:18:10,44859.66,40234.21,24187.84,16195.83,122.64,1944.27,312.96,483.5,535.72,109.06,177.99,190.63,104.16,135.34,289.33,123.02,197.93,294.57,2852.63,1513.65,444.19,66.08,230.43,901.27,361.84,229.56,268.63,463.73,219.78,103.04,3160.21,242.62,95.72,132.18,40.3,59.05,99.0,281.4
20260824,13:18:15,44856.66,40231.19,24185.02,16192.26,122.64,1944.05,312.89,483.56,535.85,108.98,177.98,190.63,104.16,135.34,289.33,122.89,197.93,294.57,2852.47,1513.55,444.09,66.05,230.45,901.32,362.13,229.56,268.63,463.75,219.63,103.01,3160.3,242.62,95.6,132.19,40.3,59.05,99.0,281.4
20260824,13:18:20,44860.99,40233.2,24192.98,16194.05,122.77,1945.83,312.97,483.56,535.92,108.98,177.97,190.6,104.16,135.34,289.33,122.89,197.93,294.57,2852.59,1513.63,444.04,66.06,230.45,901.41,361.94,229.42,268.63,463.75,219.63,103.02,3162.3,242.62,95.6,132.2,40.3,59.05,99.0,281.4
20260824,13:18:25,44861.03,40233.85,24188.98,16191.47,122.65,1944.42,312.89,483.56,535.92,108.98,177.98,190.62,104.16,135.34,289.33,122.89,197.93,294.53,2852.71,1513.77,444.07,66.06,230.19,901.49,361.69,229.42,268.63,463.75,219.51,103.02,3161.75,242.62,95.6,132.2,40.3,59.05,99.0,281.41
20260824,13:18:30,44864.68,40236.31,24190.85,16189.97,122.64,1944.42,312.88,483.56,535.79,108.98,177.98,190.63,104.16,135.34,289.33,122.89,197.93,294.52,2852.94,1513.64,443.98,66.07,230.16,902.06,361.71,229.42,269.0,463.79,219.44,103.02,3162.74,242.3,95.6,132.2,40.3,59.05,99.0,281.46
20260824,13:18:35,44862.76,40235.82,24189.35,16192.84,122.77,1945.83,312.88,483.6,535.79,108.98,177.98,190.61,104.16,135.34,289.18,122.92,197.93,294.59,2852.83,1513.67,443.99,66.06,230.18,902.11,361.69,229.42,268.68,463.78,219.62,103.03,3161.49,242.3,95.6,132.2,40.3,59.05,99.01,281.45
20260824,13:18:40,44865.7,40237.35,24190.6,16189.82,122.77,1943.01,312.88,483.52,535.74,108.98,177.97,190.6,104.16,135.55,289.18,122.92,197.93,294.55,2853.03,1513.74,444.04,66.07,230.17,902.24,362.02,229.42,268.69,463.8,219.43,103.03,3162.7,242.3,95.6,132.23,40.3,59.05,99.01,281.4
20260824,13:18:45,44861.7,40233.69,24191.63,16191.78,122.64,1942.96,312.88,483.53,535.77,109.06,177.96,190.56,104.16,135.55,289.18,123.04,197.96,294.53,2852.68,1513.67,443.97,66.07,230.05,901.5,361.69,229.42,268.98,463.77,219.58,103.03,3162.49,242.3,95.6,132.24,40.3,59.05,99.01,281.4
20260824,13:18:50,44895.36,40268.68,24187.8,16194.74,122.64,1943.18,313.5,483.53,535.81,109.06,177.95,190.53,104.15,135.34,289.33,123.04,197.96,294.53,2855.43,1515.9,444.01,66.07,230.17,901.42,362.0,229.42,268.62,463.76,219.43,103.03,3160.49,242.3,95.6,132.26,40.3,59.03,99.02,281.4
20260824,13:18:55,44892.97,40264.11,24188.71,16188.27,122.77,1941.77,312.95,483.53,535.67,109.06,177.96,190.54,104.16,135.34,289.33,122.96,197.96,294.53,2855.22,1515.86,444.1,66.06,230.17,901.23,361.99,229.42,268.43,463.76,219.38,103.03,3162.53,242.3,95.6,132.26,40.3,59.04,99.02,281.1
20260824,13:19:00,44893.98,40265.25,24190.98,16191.41,122.77,1943.4,312.88,483.5,535.67,109.06,178.16,190.57,104.32,135.33,289.33,123.08,197.96,294.53,2855.24,1515.79,444.1,66.05,230.42,901.32,361.6,229.42,268.43,463.76,219.41,103.03,3162.39,242.3,95.61,132.15,40.3,59.04,99.02,281.1
20260824,13:19:05,44892.76,40266.54,24184.29,16192.02,122.64,1944.81,312.88,483.5,535.79,109.06,178.18,190.57,104.33,135.33,289.33,123.04,197.96,294.57,2855.33,1515.89,444.21,66.04,230.15,901.08,361.86,229.42,268.62,463.79,219.39,103.03,3160.13,242.34,95.61,132.16,40.3,59.04,99.02,281.1
20260824,13:19:10,44894.61,40266.47,24186.16,16187.88,122.52,1944.81,312.88,483.58,535.81,109.05,177.99,190.61,104.17,135.33,289.33,122.91,197.96,294.56,2855.42,1515.82,444.19,66.04,230.27,901.09,361.56,229.42,268.94,463.75,219.4,103.03,3161.84,242.3,95.61,132.16,40.3,59.04,99.02,280.8
20260824,13:19:15,44893.13,40265.99,24183.54,16188.08,122.52,1944.81,312.96,483.58,535.8,109.05,177.97,190.61,104.15,135.33,289.33,122.91,197.96,294.54,2855.38,1515.82,444.21,66.06,230.52,901.09,361.81,229.42,268.62,463.79,219.41,103.03,3160.97,242.26,95.61,132.16,40.3,59.02,99.02,280.8
20260824,13:19:20,44851.82,40226.45,24181.43,16188.06,122.77,1944.75,312.96,483.58,535.91,109.05,177.97,190.62,104.15,135.33,289.33,122.9,197.96,294.54,2852.19,1513.41,444.21,66.05,230.41,901.02,362.13,229.18,268.62,463.79,219.31,103.03,3160.32,242.19,95.61,132.16,40.3,59.02,99.02,280.8
20260824,13:19:25,44852.01,40224.32,24189.17,16189.25,122.64,1943.28,312.95,483.58,536.01,108.97,177.99,190.66,104.16,135.33,289.33,123.02,197.96,294.49,2851.99,1513.42,444.14,66.03,230.16,900.88,362.13,229.18,268.6,463.82,219.3,103.03,3162.41,242.19,95.6,132.13,40.3,59.08,99.02,281.1
20260824,13:19:30,44886.74,40258.27,24187.0,16187.1,122.64,1943.28,312.87,483.39,535.94,108.97,177.98,190.59,104.16,135.33,289.51,122.9,197.93,294.49,2854.78,1515.8,444.03,66.04,230.17,900.24,362.13,229.18,268.6,463.79,219.3,103.03,3162.32,242.19,95.6,132.14,40.3,59.05,99.02,281.1
20260824,13:19:35,44845.36,40219.69,24184.18,16189.69,122.77,1945.05,312.95,483.4,535.91,108.89,177.97,190.55,104.16,135.54,289.51,123.03,197.78,294.49,2851.61,1513.39,443.9,66.01,230.17,900.28,362.14,229.18,268.65,463.85,219.3,103.06,3160.73,242.24,95.6,132.16,40.3,59.07,99.02,281.1
20260824,13:19:40,44846.29,40220.26,24181.49,16185.46,122.52,1944.94,312.4,483.39,535.93,108.89,177.98,190.56,104.17,135.54,289.62,123.06,197.83,294.53,2851.75,1513.39,443.89,66.03,230.17,900.23,361.81,229.32,268.96,463.86,219.31,103.06,3161.04,242.19,95.6,132.17,40.3,59.07,99.02,281.1
20260824,13:19:45,44848.29,40220.34,24190.27,16189.32,122.77,1944.94,312.94,483.39,535.93,108.89,177.97,190.53,104.17,135.54,289.62,122.94,197.83,294.53,2851.67,1513.43,444.04,66.0,230.17,900.22,361.56,229.56,268.65,463.87,219.29,103.06,3162.73,242.52,95.6,132.07,40.3,59.09,99.02,281.04
20260824,13:19:50,44849.43,40221.45,24188.22,16186.95,122.64,1943.53,312.85,483.39,535.81,108.89,177.97,190.54,104.17,135.33,289.62,122.94,197.83,294.53,2851.82,1513.49,444.16,66.02,230.17,900.24,361.56,229.56,268.65,463.98,219.28,103.06,3162.74,242.19,95.6,132.08,40.3,59.09,99.02,281.09
20260824,13:19:55,44845.75,40218.07,24188.58,16188.02,122.64,1944.94,312.85,483.14,535.64,108.9,177.97,190.51,104.17,135.32,289.62,123.06,197.83,294.53,2851.52,1513.34,444.01,65.98,230.17,900.19,361.89,229.56,268.65,463.98,219.45,103.03,3162.56,242.19,95.48,132.18,40.3,59.05,99.02,281.09
20260824,13:20:00,44888.52,40261.69,24181.13,16185.97,122.64,1944.74,312.94,483.14,535.64,108.9,177.94,190.53,104.15,135.32,289.51,122.94,197.83,294.55,2855.08,1515.93,444.08,66.0,230.05,900.26,361.89,229.56,268.96,463.98,219.28,103.03,3160.79,242.19,95.48,132.18,40.3,59.05,99.02,281.11
20260824,13:20:05,44849.32,40223.73,24181.05,16186.69,122.77,1944.38,313.01,483.14,535.11,108.99,178.03,190.54,104.22,135.53,289.51,123.06,197.83,294.56,2852.0,1513.38,444.1,65.98,230.17,901.1,361.75,229.32,268.67,463.9,219.29,103.01,3160.57,242.19,95.47,132.08,40.3,59.03,99.02,281.1
20260824,13:20:10,44856.99,40229.3,24186.77,16186.86,122.77,1944.44,313.11,483.39,535.21,108.97,178.03,190.51,104.22,135.32,289.51,122.94,197.86,294.56,2852.45,1513.45,444.11,65.97,230.04,901.73,361.35,229.32,268.99,463.93,219.29,103.01,3162.31,242.19,95.47,132.07,40.3,59.03,99.01,281.11
20260824,13:20:15,44854.36,40226.74,24186.62,16186.71,122.64,1944.44,313.02,483.39,535.46,108.9,178.01,190.51,104.2,135.31,289.51,122.98,197.86,294.54,2852.25,1513.4,444.12,65.99,230.05,901.74,361.34,229.18,268.67,463.98,219.31,103.01,3162.3,242.19,95.47,132.08,40.3,59.03,99.01,281.11
20260824,13:20:20,44858.82,40233.49,24178.99,16185.98,122.77,1943.05,313.11,483.47,535.36,108.9,178.0,190.48,104.2,135.31,289.51,122.86,197.86,294.54,2852.81,1513.48,444.13,65.98,230.29,902.23,361.35,229.42,268.97,463.93,219.3,103.01,3160.12,242.26,95.47,132.08,40.3,59.03,99.01,281.11
20260824,13:20:25,44861.51,40233.14,24189.51,16188.17,122.77,1944.56,313.21,483.46,535.52,108.98,177.93,190.5,104.14,135.32,289.51,122.98,197.79,294.54,2852.73,1513.48,444.11,65.98,230.44,902.32,361.35,229.42,268.66,463.82,219.33,103.01,3162.81,242.26,95.47,132.06,40.3,59.03,99.01,281.12
20260824,13:20:30,44859.55,40231.84,24189.12,16189.73,122.77,1944.56,313.12,483.54,535.56,108.98,177.91,190.46,104.14,135.31,289.51,123.02,197.8,294.54,2852.59,1513.48,444.19,65.98,230.44,901.83,361.76,229.42,268.66,463.89,219.47,103.01,3162.26,242.59,95.47,132.05,40.3,59.03,99.01,281.12
20260824,13:20:35,44861.55,40233.44,24189.49,16189.01,122.77,1944.69,313.12,483.54,535.61,108.9,177.95,190.52,104.15,135.54,289.51,122.94,197.76,294.53,2852.73,1513.57,444.31,65.96,230.45,901.82,361.78,229.42,268.65,463.89,219.27,103.03,3162.58,242.59,95.59,132.05,40.3,59.02,99.01,281.2
20260824,13:20:40,44858.66,40230.79,24188.83,16188.8,122.52,1945.87,313.04,483.41,535.61,108.9,177.95,190.51,104.15,135.53,289.51,122.94,197.76,294.76,2852.52,1513.48,444.17,65.96,230.81,901.08,361.48,229.42,268.96,463.8,219.29,103.03,3162.42,242.7,95.59,132.06,40.3,59.02,99.01,281.2
20260824,13:20:45,44852.08,40224.29,24186.87,16186.23,122.64,1944.46,312.95,483.41,535.64,108.83,177.96,190.57,104.15,135.53,289.51,122.82,197.76,294.76,2852.06,1513.27,444.18,65.96,230.7,901.11,361.5,229.42,268.65,463.91,219.28,103.03,3162.51,242.66,95.47,132.06,40.3,59.02,99.01,281.17
20260824,13:20:50,44855.38,40228.5,24186.77,16189.46,122.77,1947.51,313.04,483.33,535.56,108.91,177.95,190.51,104.15,135.95,289.39,122.82,197.76,294.76,2852.32,1513.4,444.2,65.99,230.7,901.26,361.5,229.42,268.66,463.86,219.33,103.03,3161.6,242.66,95.47,132.16,40.3,59.02,99.01,281.22
20260824,13:20:55,44859.29,40233.37,24181.76,16187.22,122.65,1947.51,313.04,483.33,535.55,108.83,177.88,190.54,104.1,135.95,289.51,122.83,197.68,294.76,2852.77,1513.47,444.26,65.98,230.69,902.03,361.48,229.42,268.67,463.86,219.26,103.03,3160.65,242.66,95.47,132.0,40.3,59.02,99.01,281.26
20260824,13:21:00,44819.36,40194.04,24185.82,16190.52,122.77,1947.51,313.04,483.34,535.68,108.82,177.88,190.56,104.09,135.95,289.51,122.99,197.68,294.75,2849.52,1511.03,444.19,65.96,230.69,902.04,361.5,229.42,268.58,463.88,219.29,103.07,3161.02,242.66,95.59,132.03,40.3,59.03,99.01,281.26
20260824,13:21:05,44853.93,40227.99,24184.69,16190.09,122.64,1947.51,312.95,483.27,535.73,108.9,177.97,190.6,104.15,135.53,289.51,122.99,197.68,294.76,2852.27,1513.46,444.1,65.98,230.45,901.34,361.82,229.42,268.58,463.74,219.3,103.07,3160.78,242.66,95.59,132.05,40.3,59.03,99.01,281.26
20260824,13:21:10,44853.87,40228.06,24185.44,16191.4,122.64,1947.51,312.95,483.34,535.71,108.9,177.96,190.58,104.15,135.53,289.51,122.87,197.68,294.74,2852.24,1513.38,444.09,65.98,230.69,901.35,361.53,229.42,268.58,463.77,219.34,103.07,3160.66,242.59,95.83,132.05,40.3,59.03,99.01,281.27
20260824,13:21:15,44812.82,40187.59,24186.99,16191.59,122.64,1947.51,312.94,483.34,535.71,108.91,177.95,190.56,104.15,135.53,289.51,122.87,197.68,294.73,2848.97,1510.71,444.22,66.0,230.88,901.44,361.76,229.42,268.59,463.83,219.38,103.07,3161.09,242.59,95.83,132.05,40.3,59.01,99.01,281.27
20260824,13:21:20,44812.33,40187.43,24184.07,16189.28,122.64,1947.5,312.86,483.34,535.66,108.9,177.95,190.58,104.15,135.53,289.51,122.86,197.68,294.73,2849.02,1510.75,444.21,66.0,230.98,901.34,361.76,229.42,268.58,463.8,219.33,103.04,3160.81,242.59,95.71,132.08,40.3,59.01,99.01,281.25
20260824,13:21:25,44813.62,40188.5,24186.06,16190.97,122.64,1948.91,312.86,483.34,535.62,108.92,177.96,190.61,104.14,135.53,289.51,122.98,197.68,294.76,2849.06,1510.85,444.23,66.0,230.62,901.32,361.73,229.41,268.67,463.73,219.34,103.04,3160.97,242.26,95.83,132.08,40.26,59.0,99.01,281.25
20260824,13:21:30,44855.89,40227.2,24191.77,16189.18,122.77,1947.5,312.95,483.09,535.7,108.92,177.88,190.59,104.08,135.53,289.51,122.87,197.65,294.76,2852.22,1513.34,444.16,66.0,230.62,901.3,361.48,229.41,268.66,463.73,219.38,103.04,3163.24,242.26,95.71,132.07,40.26,59.02,99.01,281.25
20260824,13:21:35,44858.84,40230.36,24189.86,16187.96,122.77,1947.5,312.95,483.09,535.47,108.82,177.89,190.58,104.1,135.54,289.51,122.86,197.65,294.76,2852.51,1513.34,444.21,65.98,230.62,901.93,361.47,229.41,268.67,463.76,219.34,103.04,3162.98,242.26,95.71,132.07,40.26,59.0,99.01,281.25
20260824,13:21:40,44853.87,40225.39,24192.02,16190.0,122.64,1947.5,312.95,483.09,535.54,108.98,177.95,190.51,104.16,135.53,289.51,122.87,197.65,294.72,2852.06,1513.19,444.32,65.95,230.87,901.1,361.15,229.41,268.66,463.78,219.34,103.04,3163.09,242.26,95.84,132.07,40.26,58.98,99.2,281.25
20260824,13:21:45,44854.4,40228.45,24186.73,16192.43,122.77,1948.91,312.95,483.12,535.68,108.98,177.95,190.52,104.16,135.74,289.56,122.85,197.65,294.76,2852.25,1513.31,444.32,65.97,230.62,901.32,361.47,229.41,268.66,463.87,219.36,103.04,3160.79,242.26,95.84,132.02,40.26,58.98,99.48,281.27
20260824,13:21:50,44815.85,40190.12,24188.39,16191.79,122.77,1947.86,312.86,483.33,535.6,108.99,177.96,190.56,104.15,135.74,289.56,122.91,197.65,294.76,2849.17,1510.93,444.39,65.98,230.62,901.27,361.45,229.19,268.67,463.79,219.37,103.04,3161.48,242.26,95.84,132.02,40.25,59.0,99.48,281.25
20260824,13:21:55,44814.02,40189.43,24183.81,16190.19,122.64,1947.86,312.86,483.33,535.45,108.99,177.89,190.55,104.1,135.74,289.56,123.04,197.61,294.74,2849.16,1511.01,444.34,65.97,230.5,901.15,361.42,229.19,268.67,463.79,219.3,103.04,3160.48,242.26,95.84,132.02,40.25,59.0,99.48,281.26
20260824,13:22:00,44853.09,40227.93,24182.18,16189.73,122.77,1947.86,312.95,483.58,535.47,109.0,177.89,190.55,104.1,135.53,289.56,122.91,197.61,294.76,2852.27,1513.41,444.28,65.97,230.62,901.1,361.42,229.43,268.68,463.82,219.31,103.04,3160.1,242.26,95.72,132.03,40.25,59.0,99.48,281.25
20260824,13:22:05,44816.1,40188.92,24191.47,16190.51,122.64,1947.86,312.95,483.25,535.41,109.0,177.89,190.56,104.1,135.74,289.56,122.91,197.61,294.76,2849.11,1510.98,444.29,65.98,230.62,901.06,361.41,229.43,268.68,463.8,219.36,103.04,3162.79,242.28,95.84,132.02,40.25,59.0,99.48,281.24
20260824,13:22:10,44852.25,40226.41,24183.85,16189.31,122.64,1947.5,313.03,483.24,535.52,109.0,177.9,190.57,104.1,135.53,289.56,122.91,197.61,294.76,2852.16,1513.38,444.26,65.96,230.62,900.99,361.38,229.43,268.68,463.86,219.31,103.04,3160.73,241.95,95.72,132.02,40.25,59.0,99.48,281.24
20260824,13:22:15,44852.33,40226.12,24186.24,16190.82,122.64,1947.35,313.03,483.32,535.51,108.9,177.9,190.58,104.1,135.53,289.56,123.02,197.5,294.76,2852.1,1513.31,444.36,65.97,230.62,900.95,361.09,229.43,268.7,463.83,219.31,103.07,3161.07,241.95,95.84,132.02,40.25,59.0,99.49,281.34
20260824,13:22:20,44855.54,40227.57,24191.74,16191.54,122.64,1947.35,312.95,483.77,535.51,108.9,177.89,190.55,104.1,135.74,289.56,123.01,197.53,294.76,2852.2,1513.33,444.42,65.95,230.62,900.96,361.08,229.43,268.79,463.85,219.31,103.07,3162.59,242.28,95.84,132.03,40.25,59.0,99.49,281.34
20260824,13:22:25,44855.01,40227.31,24190.16,16190.58,122.77,1947.7,312.95,483.4,535.61,108.98,177.89,190.53,104.1,135.74,289.56,122.89,197.64,294.74,2852.2,1513.32,444.4,65.97,230.5,901.51,361.09,229.43,268.47,463.88,219.31,103.07,3162.36,242.28,95.72,132.03,40.25,59.0,99.49,281.33
20260824,13:22:30,44810.76,40186.59,24182.56,16189.86,122.64,1947.92,312.95,483.39,535.54,108.98,177.9,190.6,104.1,135.74,289.56,122.89,197.56,294.74,2848.94,1510.91,444.39,65.95,230.6,900.78,361.09,229.19,268.78,463.88,219.31,103.07,3160.18,242.02,95.72,132.03,40.25,59.03,99.49,281.33
20260824,13:22:35,44807.55,40183.58,24179.18,16186.37,122.91,1947.92,312.4,483.32,535.54,108.97,177.89,190.59,104.09,135.74,289.42,122.85,197.56,294.79,2848.78,1510.84,444.32,65.96,230.41,901.22,361.09,229.19,268.46,463.95,219.34,103.07,3160.07,242.02,95.72,132.03,40.25,58.99,99.49,281.33
20260824,13:22:40,44804.46,40180.7,24181.3,16189.23,122.9,1947.92,312.95,483.45,535.54,108.89,177.89,190.6,104.09,135.54,289.42,122.97,197.52,294.79,2848.48,1510.9,444.34,65.96,230.42,900.32,361.07,229.17,268.47,463.85,219.3,103.06,3159.96,242.09,95.6,132.02,40.26,58.99,99.49,281.33
20260824,13:22:45,44806.09,40182.04,24182.31,16189.57,122.9,1947.92,312.95,483.45,535.54,108.91,177.89,190.58,104.09,135.54,289.42,122.89,197.52,294.56,2848.58,1510.8,444.21,65.95,230.18,901.2,361.11,229.17,268.46,463.89,219.44,103.06,3160.18,242.09,95.6,132.02,40.26,58.99,99.49,281.33
20260824,13:22:50,44808.63,40184.06,24181.82,16187.49,122.78,1947.99,312.95,483.56,535.64,108.91,177.89,190.59,104.09,135.54,289.3,122.85,197.52,294.56,2848.79,1510.83,444.29,65.97,230.18,901.2,361.09,229.17,268.7,463.83,219.14,103.06,3160.59,242.09,95.72,132.01,40.26,58.99,99.49,281.37
20260824,13:22:55,44808.94,40182.24,24185.59,16184.71,122.91,1947.99,312.33,483.56,535.61,108.92,177.96,190.59,104.15,135.54,289.42,122.86,197.56,294.6,2848.71,1510.84,444.28,65.96,230.17,901.39,361.43,229.17,268.38,463.92,219.14,103.06,3162.52,242.09,95.72,132.01,40.26,59.02,99.49,281.43
20260824,13:23:00,44807.25,40182.85,24180.54,16186.46,122.91,1947.97,312.41,483.56,535.61,108.92,177.97,190.59,104.16,135.54,289.3,122.86,197.56,294.6,2848.72,1510.85,444.4,65.96,230.18,901.37,361.46,229.17,268.27,463.95,219.27,103.06,3160.47,242.0,95.72,131.94,40.26,59.02,99.49,281.45
20260824,13:23:05,44843.47,40218.67,24179.35,16186.87,122.84,1947.97,312.24,483.67,535.7,108.92,177.98,190.6,104.16,135.75,289.3,122.85,197.69,294.64,2851.59,1513.19,444.39,65.98,230.18,900.62,361.11,229.16,268.59,463.87,219.33,103.06,3159.99,242.0,95.72,132.05,40.26,59.04,99.49,281.45
20260824,13:23:10,44842.32,40216.99,24185.29,16191.83,122.84,1947.6,312.78,483.51,535.7,108.92,177.97,190.59,104.15,135.75,289.3,122.96,197.73,294.64,2851.34,1513.19,444.36,65.96,230.19,900.43,361.47,229.16,268.25,463.76,219.3,103.06,3160.5,242.07,95.84,132.07,40.26,59.04,99.49,281.47
20260824,13:23:15,44802.1,40177.74,24182.46,16188.36,122.84,1947.6,312.24,483.76,535.54,108.91,177.95,190.54,104.15,135.95,289.42,122.9,197.73,294.64,2848.26,1510.81,444.14,65.96,230.29,900.57,361.53,229.16,268.27,463.83,219.34,103.06,3160.55,242.07,95.84,132.17,40.26,59.04,99.49,281.52
20260824,13:23:20,44808.58,40184.21,24183.02,16189.53,122.84,1947.6,312.32,483.43,535.47,108.91,178.06,190.51,104.25,135.95,289.42,122.86,197.69,294.61,2848.75,1510.82,444.31,65.98,230.43,900.84,361.52,229.16,268.68,463.83,219.34,103.06,3160.41,242.33,95.84,132.17,40.26,59.04,99.48,281.5
20260824,13:23:25,44805.48,40181.22,24184.69,16191.56,122.97,1947.09,312.32,483.63,535.37,108.89,178.06,190.5,104.25,136.16,289.42,122.91,197.84,294.61,2848.46,1510.83,444.26,66.0,230.18,900.78,361.52,229.65,268.36,463.88,219.48,103.06,3160.38,242.33,95.84,132.17,40.26,59.04,99.48,281.43
20260824,13:23:30,44807.9,40184.98,24178.45,16189.06,122.97,1947.07,312.32,483.63,535.06,108.9,178.07,190.53,104.25,136.16,289.42,122.87,197.82,294.61,2848.82,1510.85,444.41,65.94,230.18,901.46,361.75,229.65,268.35,463.84,219.34,103.06,3159.11,242.33,95.84,132.15,40.26,59.06,99.48,281.43
20260824,13:23:35,44846.99,40223.08,24181.29,16192.37,122.84,1947.07,312.86,483.3,535.16,108.9,178.08,190.53,104.26,136.16,289.42,122.88,197.82,294.61,2851.82,1513.41,444.44,65.95,230.27,900.6,361.52,229.65,268.36,463.85,219.42,103.06,3159.1,242.33,95.72,132.15,40.26,59.04,99.48,281.43
20260824,13:23:40,44846.33,40222.3,24177.32,16187.37,122.97,1947.07,312.23,483.3,535.24,108.9,178.14,190.51,104.31,135.94,289.42,122.98,197.82,294.61,2851.87,1513.37,444.47,65.94,230.16,900.61,361.19,229.56,268.67,463.88,219.29,103.06,3159.22,242.07,95.72,132.17,40.26,59.02,99.48,281.3
20260824,13:23:45,44850.9,40223.91,24187.32,16189.37,122.97,1948.85,312.32,483.55,535.21,108.9,178.15,190.51,104.31,135.94,289.42,122.89,197.85,294.53,2851.96,1513.3,444.48,65.94,230.17,901.4,361.17,229.54,268.36,463.86,219.39,103.05,3161.8,242.07,95.72,132.17,40.26,59.04,99.48,281.31
20260824,13:23:50,44806.69,40179.97,24190.4,16190.01,122.97,1949.47,312.24,483.55,535.21,108.9,178.15,190.52,104.32,135.94,289.45,122.89,197.92,294.6,2848.4,1510.74,444.35,65.93,230.17,900.61,361.18,229.54,268.66,463.88,219.42,103.06,3162.59,242.07,95.72,132.17,40.26,59.06,99.48,281.35
20260824,13:23:55,44806.98,40184.05,24183.31,16194.55,123.03,1949.47,312.87,483.64,535.25,108.98,178.15,190.49,104.32,135.96,289.45,122.88,197.82,294.57,2848.62,1510.8,444.48,65.94,230.42,900.56,361.18,229.54,268.68,463.95,219.41,103.06,3159.14,242.11,95.72,132.07,40.26,59.04,99.48,281.32
20260824,13:24:00,44809.01,40185.23,24183.47,16192.06,122.97,1949.47,312.33,483.56,535.2,108.89,178.15,190.47,104.33,135.96,289.63,123.0,197.82,294.57,2848.77,1510.84,444.46,65.93,230.16,901.44,361.17,229.54,268.37,463.94,219.53,103.08,3159.87,242.11,95.72,132.07,40.26,59.04,99.48,281.37
20260824,13:24:05,44857.08,40231.24,24179.92,16185.2,122.91,1943.71,312.32,483.13,535.15,109.0,178.08,190.51,104.27,135.94,289.63,123.0,197.85,294.55,2852.65,1513.42,444.55,65.94,230.34,901.85,361.44,229.53,268.78,463.96,219.35,103.05,3160.62,242.43,95.6,132.08,40.29,59.05,99.48,280.99
20260824,13:24:10,44803.08,40178.55,24184.27,16189.96,123.03,1947.9,312.24,483.13,535.34,109.0,178.09,190.54,104.27,135.94,289.63,122.86,197.68,294.52,2848.28,1510.96,444.49,65.9,230.16,899.95,361.33,229.53,268.35,463.95,219.43,103.05,3160.69,242.44,95.72,132.18,40.29,59.03,99.47,281.63
20260824,13:24:15,44799.34,40174.6,24181.9,16186.21,123.05,1947.69,312.31,483.56,535.29,109.0,177.89,190.55,104.1,135.94,289.51,122.85,197.64,294.52,2848.06,1510.69,444.54,65.92,230.15,900.09,361.65,229.53,268.38,463.98,219.3,103.05,3160.97,242.37,95.6,132.19,40.29,59.03,99.46,281.64
20260824,13:24:20,44808.41,40181.94,24183.35,16182.88,122.73,1943.22,312.24,483.56,535.21,108.97,177.89,190.56,104.1,135.94,289.69,122.85,197.64,294.57,2848.73,1510.78,444.52,65.92,230.54,900.79,361.26,229.53,268.65,463.94,219.35,103.06,3162.32,242.04,95.72,132.17,40.29,59.03,99.47,281.35
20260824,13:24:25,44763.48,40139.06,24178.02,16179.74,122.75,1943.22,312.16,483.73,535.11,108.96,177.88,190.51,104.1,135.73,289.69,122.99,197.64,294.56,2845.35,1508.34,444.49,65.89,230.43,900.79,361.58,229.67,268.35,463.86,219.28,103.06,3161.51,242.32,95.6,132.07,40.29,59.09,99.01,281.05
20260824,13:24:30,44808.48,40181.72,24185.19,16184.02,122.81,1943.22,312.33,483.94,535.16,109.04,177.9,190.58,104.1,135.73,289.81,122.85,197.64,294.54,2848.68,1510.97,444.1,65.88,230.41,901.08,361.49,229.56,268.33,463.96,219.54,103.06,3162.59,242.43,95.59,132.06,40.29,59.11,99.01,281.05
20260824,13:24:35,44769.35,40145.99,24183.43,16190.04,122.75,1943.3,312.79,483.82,535.46,108.89,177.86,190.5,104.08,135.73,289.81,123.05,197.73,294.62,2845.66,1508.44,444.45,65.91,230.39,900.88,361.22,229.56,268.68,464.03,219.44,103.05,3160.4,242.39,95.71,132.04,40.38,59.04,98.92,281.6
20260824,13:24:40,44805.45,40181.21,24178.26,16184.24,122.81,1943.23,312.24,483.74,535.49,108.97,177.88,190.49,104.11,135.73,289.81,122.93,197.77,294.64,2848.64,1510.98,444.17,65.88,230.39,900.5,361.19,229.31,268.68,464.03,219.27,103.05,3160.36,242.46,95.71,132.04,40.38,59.0,98.92,281.64
20260824,13:24:45,44810.07,40185.5,24180.21,16185.75,122.94,1943.3,312.16,484.17,535.34,108.97,177.89,190.54,104.1,135.74,289.81,123.05,197.86,294.72,2848.95,1510.85,444.18,65.9,230.38,901.58,361.18,229.31,268.68,464.06,219.32,103.05,3160.56,242.39,95.71,132.0,40.38,59.01,98.92,281.72
20260824,13:24:50,44812.21,40185.17,24190.21,16189.19,122.81,1943.3,312.87,483.77,535.44,108.97,177.9,190.58,104.1,135.73,289.81,122.94,197.91,294.7,2848.84,1510.9,444.2,65.91,230.56,900.9,361.52,229.31,268.69,464.27,219.21,103.04,3162.75,242.4,95.71,131.98,40.38,59.01,98.92,281.75
20260824,13:24:55,44761.88,40137.91,24183.55,16187.48,122.81,1944.71,312.24,483.77,535.47,108.97,177.93,190.64,104.11,135.73,289.93,122.91,197.93,294.64,2845.07,1508.39,444.12,65.91,230.56,899.97,361.53,229.3,268.55,464.22,219.45,103.05,3161.13,242.46,95.71,131.99,40.38,58.99,98.92,281.7
20260824,13:25:00,44770.07,40145.93,24186.94,16191.54,122.94,1944.94,312.69,483.52,535.62,108.98,177.9,190.52,104.11,135.73,289.81,122.95,197.93,294.73,2845.62,1508.48,444.52,65.89,230.55,900.62,361.53,229.3,268.54,464.17,219.49,103.1,3161.09,242.51,95.59,132.06,40.38,59.0,98.89,281.75
20260824,13:25:05,44770.07,40145.94,24186.94,16191.54,122.94,1944.94,312.69,483.52,535.62,108.98,177.9,190.52,104.11,135.73,289.81,122.95,197.93,294.73,2845.62,1508.48,444.52,65.89,230.55,900.62,361.53,229.3,268.54,464.17,219.49,103.1,3161.09,242.51,95.59,132.06,40.38,59.0,98.89,281.75
20260824,13:25:10,44770.07,40145.94,24186.94,16191.54,122.94,1944.94,312.69,483.52,535.62,108.98,177.9,190.52,104.11,135.73,289.81,122.95,197.93,294.73,2845.62,1508.48,444.52,65.89,230.55,900.62,361.53,229.3,268.54,464.17,219.49,103.1,3161.09,242.51,95.59,132.06,40.38,59.0,98.89,281.75
20260824,13:25:15,44770.07,40145.94,24186.94,16191.54,122.94,1944.94,312.69,483.52,535.62,108.98,177.9,190.52,104.11,135.73,289.81,122.95,197.93,294.73,2845.62,1508.48,444.52,65.89,230.55,900.62,361.53,229.3,268.54,464.17,219.49,103.1,3161.09,242.51,95.59,132.06,40.38,59.0,98.89,281.75
20260824,13:25:20,44770.07,40145.94,24186.94,16191.54,122.94,1944.94,312.69,483.52,535.62,108.98,177.9,190.52,104.11,135.73,289.81,122.95,197.93,294.73,2845.62,1508.48,444.52,65.89,230.55,900.62,361.53,229.3,268.54,464.17,219.49,103.1,3161.09,242.51,95.59,132.06,40.38,59.0,98.89,281.75
20260824,13:25:25,44770.07,40145.94,24186.94,16191.54,122.94,1944.94,312.69,483.52,535.62,108.98,177.9,190.52,104.11,135.73,289.81,122.95,197.93,294.73,2845.62,1508.48,444.52,65.89,230.55,900.62,361.53,229.3,268.54,464.17,219.49,103.1,3161.09,242.51,95.59,132.06,40.38,59.0,98.89,281.75
20260824,13:25:30,44770.07,40145.94,24186.94,16191.54,122.94,1944.94,312.69,483.52,535.62,108.98,177.9,190.52,104.11,135.73,289.81,122.95,197.93,294.73,2845.62,1508.48,444.52,65.89,230.55,900.62,361.53,229.3,268.54,464.17,219.49,103.1,3161.09,242.51,95.59,132.06,40.38,59.0,98.89,281.75
20260824,13:25:35,44770.07,40145.94,24186.94,16191.54,122.94,1944.94,312.69,483.52,535.62,108.98,177.9,190.52,104.11,135.73,289.81,122.95,197.93,294.73,2845.62,1508.48,444.52,65.89,230.55,900.62,361.53,229.3,268.54,464.17,219.49,103.1,3161.09,242.51,95.59,132.06,40.38,59.0,98.89,281.75
20260824,13:25:40,44770.07,40145.94,24186.94,16191.54,122.94,1944.94,312.69,483.52,535.62,108.98,177.9,190.52,104.11,135.73,289.81,122.95,197.93,294.73,2845.62,1508.48,444.52,65.89,230.55,900.62,361.53,229.3,268.54,464.17,219.49,103.1,3161.09,242.51,95.59,132.06,40.38,59.0,98.89,281.75
20260824,13:25:45,44770.07,40145.94,24186.94,16191.54,122.94,1944.94,312.69,483.52,535.62,108.98,177.9,190.52,104.11,135.73,289.81,122.95,197.93,294.73,2845.62,1508.48,444.52,65.89,230.55,900.62,361.53,229.3,268.54,464.17,219.49,103.1,3161.09,242.51,95.59,132.06,40.38,59.0,98.89,281.75
20260824,13:25:50,44770.07,40145.94,24186.94,16191.54,122.94,1944.94,312.69,483.52,535.62,108.98,177.9,190.52,104.11,135.73,289.81,122.95,197.93,294.73,2845.62,1508.48,444.52,65.89,230.55,900.62,361.53,229.3,268.54,464.17,219.49,103.1,3161.09,242.51,95.59,132.06,40.38,59.0,98.89,281.75
20260824,13:25:55,44770.07,40145.94,24186.94,16191.54,122.94,1944.94,312.69,483.52,535.62,108.98,177.9,190.52,104.11,135.73,289.81,122.95,197.93,294.73,2845.62,1508.48,444.52,65.89,230.55,900.62,361.53,229.3,268.54,464.17,219.49,103.1,3161.09,242.51,95.59,132.06,40.38,59.0,98.89,281.75
20260824,13:26:00,44770.07,40145.94,24186.94,16191.54,122.94,1944.94,312.69,483.52,535.62,108.98,177.9,190.52,104.11,135.73,289.81,122.95,197.93,294.73,2845.62,1508.48,444.52,65.89,230.55,900.62,361.53,229.3,268.54,464.17,219.49,103.1,3161.09,242.51,95.59,132.06,40.38,59.0,98.89,281.75
20260824,13:26:05,44770.07,40145.94,24186.94,16191.54,122.94,1944.94,312.69,483.52,535.62,108.98,177.9,190.52,104.11,135.73,289.81,122.95,197.93,294.73,2845.62,1508.48,444.52,65.89,230.55,900.62,361.53,229.3,268.54,464.17,219.49,103.1,3161.09,242.51,95.59,132.06,40.38,59.0,98.89,281.75
20260824,13:26:10,44770.07,40145.94,24186.94,16191.54,122.94,1944.94,312.69,483.52,535.62,108.98,177.9,190.52,104.11,135.73,289.81,122.95,197.93,294.73,2845.62,1508.48,444.52,65.89,230.55,900.62,361.53,229.3,268.54,464.17,219.49,103.1,3161.09,242.51,95.59,132.06,40.38,59.0,98.89,281.75
20260824,13:26:15,44770.07,40145.94,24186.94,16191.54,122.94,1944.94,312.69,483.52,535.62,108.98,177.9,190.52,104.11,135.73,289.81,122.95,197.93,294.73,2845.62,1508.48,444.52,65.89,230.55,900.62,361.53,229.3,268.54,464.17,219.49,103.1,3161.09,242.51,95.59,132.06,40.38,59.0,98.89,281.75
20260824,13:26:20,44770.07,40145.94,24186.94,16191.54,122.94,1944.94,312.69,483.52,535.62,108.98,177.9,190.52,104.11,135.73,289.81,122.95,197.93,294.73,2845.62,1508.48,444.52,65.89,230.55,900.62,361.53,229.3,268.54,464.17,219.49,103.1,3161.09,242.51,95.59,132.06,40.38,59.0,98.89,281.75
20260824,13:26:25,44770.07,40145.94,24186.94,16191.54,122.94,1944.94,312.69,483.52,535.62,108.98,177.9,190.52,104.11,135.73,289.81,122.95,197.93,294.73,2845.62,1508.48,444.52,65.89,230.55,900.62,361.53,229.3,268.54,464.17,219.49,103.1,3161.09,242.51,95.59,132.06,40.38,59.0,98.89,281.75
20260824,13:26:30,44770.07,40145.94,24186.94,16191.54,122.94,1944.94,312.69,483.52,535.62,108.98,177.9,190.52,104.11,135.73,289.81,122.95,197.93,294.73,2845.62,1508.48,444.52,65.89,230.55,900.62,361.53,229.3,268.54,464.17,219.49,103.1,3161.09,242.51,95.59,132.06,40.38,59.0,98.89,281.75
20260824,13:26:35,44770.07,40145.94,24186.94,16191.54,122.94,1944.94,312.69,483.52,535.62,108.98,177.9,190.52,104.11,135.73,289.81,122.95,197.93,294.73,2845.62,1508.48,444.52,65.89,230.55,900.62,361.53,229.3,268.54,464.17,219.49,103.1,3161.09,242.51,95.59,132.06,40.38,59.0,98.89,281.75
20260824,13:26:40,44770.07,40145.94,24186.94,16191.54,122.94,1944.94,312.69,483.52,535.62,108.98,177.9,190.52,104.11,135.73,289.81,122.95,197.93,294.73,2845.62,1508.48,444.52,65.89,230.55,900.62,361.53,229.3,268.54,464.17,219.49,103.1,3161.09,242.51,95.59,132.06,40.38,59.0,98.89,281.75
20260824,13:26:45,44770.07,40145.94,24186.94,16191.54,122.94,1944.94,312.69,483.52,535.62,108.98,177.9,190.52,104.11,135.73,289.81,122.95,197.93,294.73,2845.62,1508.48,444.52,65.89,230.55,900.62,361.53,229.3,268.54,464.17,219.49,103.1,3161.09,242.51,95.59,132.06,40.38,59.0,98.89,281.75
20260824,13:26:50,44770.07,40145.94,24186.94,16191.54,122.94,1944.94,312.69,483.52,535.62,108.98,177.9,190.52,104.11,135.73,289.81,122.95,197.93,294.73,2845.62,1508.48,444.52,65.89,230.55,900.62,361.53,229.3,268.54,464.17,219.49,103.1,3161.09,242.51,95.59,132.06,40.38,59.0,98.89,281.75
20260824,13:26:55,44770.07,40145.94,24186.94,16191.54,122.94,1944.94,312.69,483.52,535.62,108.98,177.9,190.52,104.11,135.73,289.81,122.95,197.93,294.73,2845.62,1508.48,444.52,65.89,230.55,900.62,361.53,229.3,268.54,464.17,219.49,103.1,3161.09,242.51,95.59,132.06,40.38,59.0,98.89,281.75
20260824,13:27:00,44770.07,40145.94,24186.94,16191.54,122.94,1944.94,312.69,483.52,535.62,108.98,177.9,190.52,104.11,135.73,289.81,122.95,197.93,294.73,2845.62,1508.48,444.52,65.89,230.55,900.62,361.53,229.3,268.54,464.17,219.49,103.1,3161.09,242.51,95.59,132.06,40.38,59.0,98.89,281.75
20260824,13:27:05,44770.07,40145.94,24186.94,16191.54,122.94,1944.94,312.69,483.52,535.62,108.98,177.9,190.52,104.11,135.73,289.81,122.95,197.93,294.73,2845.62,1508.48,444.52,65.89,230.55,900.62,361.53,229.3,268.54,464.17,219.49,103.1,3161.09,242.51,95.59,132.06,40.38,59.0,98.89,281.75
20260824,13:27:10,44770.07,40145.94,24186.94,16191.54,122.94,1944.94,312.69,483.52,535.62,108.98,177.9,190.52,104.11,135.73,289.81,122.95,197.93,294.73,2845.62,1508.48,444.52,65.89,230.55,900.62,361.53,229.3,268.54,464.17,219.49,103.1,3161.09,242.51,95.59,132.06,40.38,59.0,98.89,281.75
20260824,13:27:15,44770.07,40145.94,24186.94,16191.54,122.94,1944.94,312.69,483.52,535.62,108.98,177.9,190.52,104.11,135.73,289.81,122.95,197.93,294.73,2845.62,1508.48,444.52,65.89,230.55,900.62,361.53,229.3,268.54,464.17,219.49,103.1,3161.09,242.51,95.59,132.06,40.38,59.0,98.89,281.75
20260824,13:27:20,44770.07,40145.94,24186.94,16191.54,122.94,1944.94,312.69,483.52,535.62,108.98,177.9,190.52,104.11,135.73,289.81,122.95,197.93,294.73,2845.62,1508.48,444.52,65.89,230.55,900.62,361.53,229.3,268.54,464.17,219.49,103.1,3161.09,242.51,95.59,132.06,40.38,59.0,98.89,281.75
20260824,13:27:25,44770.07,40145.94,24186.94,16191.54,122.94,1944.94,312.69,483.52,535.62,108.98,177.9,190.52,104.11,135.73,289.81,122.95,197.93,294.73,2845.62,1508.48,444.52,65.89,230.55,900.62,361.53,229.3,268.54,464.17,219.49,103.1,3161.09,242.51,95.59,132.06,40.38,59.0,98.89,281.75
20260824,13:27:30,44770.07,40145.94,24186.94,16191.54,122.94,1944.94,312.69,483.52,535.62,108.98,177.9,190.52,104.11,135.73,289.81,122.95,197.93,294.73,2845.62,1508.48,444.52,65.89,230.55,900.62,361.53,229.3,268.54,464.17,219.49,103.1,3161.09,242.51,95.59,132.06,40.38,59.0,98.89,281.75
20260824,13:27:35,44770.07,40145.94,24186.94,16191.54,122.94,1944.94,312.69,483.52,535.62,108.98,177.9,190.52,104.11,135.73,289.81,122.95,197.93,294.73,2845.62,1508.48,444.52,65.89,230.55,900.62,361.53,229.3,268.54,464.17,219.49,103.1,3161.09,242.51,95.59,132.06,40.38,59.0,98.89,281.75
20260824,13:27:40,44770.07,40145.94,24186.94,16191.54,122.94,1944.94,312.69,483.52,535.62,108.98,177.9,190.52,104.11,135.73,289.81,122.95,197.93,294.73,2845.62,1508.48,444.52,65.89,230.55,900.62,361.53,229.3,268.54,464.17,219.49,103.1,3161.09,242.51,95.59,132.06,40.38,59.0,98.89,281.75
20260824,13:27:45,44770.07,40145.94,24186.94,16191.54,122.94,1944.94,312.69,483.52,535.62,108.98,177.9,190.52,104.11,135.73,289.81,122.95,197.93,294.73,2845.62,1508.48,444.52,65.89,230.55,900.62,361.53,229.3,268.54,464.17,219.49,103.1,3161.09,242.51,95.59,132.06,40.38,59.0,98.89,281.75
20260824,13:27:50,44770.07,40145.94,24186.94,16191.54,122.94,1944.94,312.69,483.52,535.62,108.98,177.9,190.52,104.11,135.73,289.81,122.95,197.93,294.73,2845.62,1508.48,444.52,65.89,230.55,900.62,361.53,229.3,268.54,464.17,219.49,103.1,3161.09,242.51,95.59,132.06,40.38,59.0,98.89,281.75
20260824,13:27:55,44770.07,40145.94,24186.94,16191.54,122.94,1944.94,312.69,483.52,535.62,108.98,177.9,190.52,104.11,135.73,289.81,122.95,197.93,294.73,2845.62,1508.48,444.52,65.89,230.55,900.62,361.53,229.3,268.54,464.17,219.49,103.1,3161.09,242.51,95.59,132.06,40.38,59.0,98.89,281.75
20260824,13:28:00,44770.07,40145.94,24186.94,16191.54,122.94,1944.94,312.69,483.52,535.62,108.98,177.9,190.52,104.11,135.73,289.81,122.95,197.93,294.73,2845.62,1508.48,444.52,65.89,230.55,900.62,361.53,229.3,268.54,464.17,219.49,103.1,3161.09,242.51,95.59,132.06,40.38,59.0,98.89,281.75
20260824,13:28:05,44770.07,40145.94,24186.94,16191.54,122.94,1944.94,312.69,483.52,535.62,108.98,177.9,190.52,104.11,135.73,289.81,122.95,197.93,294.73,2845.62,1508.48,444.52,65.89,230.55,900.62,361.53,229.3,268.54,464.17,219.49,103.1,3161.09,242.51,95.59,132.06,40.38,59.0,98.89,281.75
20260824,13:28:10,44770.07,40145.94,24186.94,16191.54,122.94,1944.94,312.69,483.52,535.62,108.98,177.9,190.52,104.11,135.73,289.81,122.95,197.93,294.73,2845.62,1508.48,444.52,65.89,230.55,900.62,361.53,229.3,268.54,464.17,219.49,103.1,3161.09,242.51,95.59,132.06,40.38,59.0,98.89,281.75
20260824,13:28:15,44770.07,40145.94,24186.94,16191.54,122.94,1944.94,312.69,483.52,535.62,108.98,177.9,190.52,104.11,135.73,289.81,122.95,197.93,294.73,2845.62,1508.48,444.52,65.89,230.55,900.62,361.53,229.3,268.54,464.17,219.49,103.1,3161.09,242.51,95.59,132.06,40.38,59.0,98.89,281.75
20260824,13:28:20,44770.07,40145.94,24186.94,16191.54,122.94,1944.94,312.69,483.52,535.62,108.98,177.9,190.52,104.11,135.73,289.81,122.95,197.93,294.73,2845.62,1508.48,444.52,65.89,230.55,900.62,361.53,229.3,268.54,464.17,219.49,103.1,3161.09,242.51,95.59,132.06,40.38,59.0,98.89,281.75
20260824,13:28:25,44770.07,40145.94,24186.94,16191.54,122.94,1944.94,312.69,483.52,535.62,108.98,177.9,190.52,104.11,135.73,289.81,122.95,197.93,294.73,2845.62,1508.48,444.52,65.89,230.55,900.62,361.53,229.3,268.54,464.17,219.49,103.1,3161.09,242.51,95.59,132.06,40.38,59.0,98.89,281.75
20260824,13:28:30,44770.07,40145.94,24186.94,16191.54,122.94,1944.94,312.69,483.52,535.62,108.98,177.9,190.52,104.11,135.73,289.81,122.95,197.93,294.73,2845.62,1508.48,444.52,65.89,230.55,900.62,361.53,229.3,268.54,464.17,219.49,103.1,3161.09,242.51,95.59,132.06,40.38,59.0,98.89,281.75
20260824,13:28:35,44770.07,40145.94,24186.94,16191.54,122.94,1944.94,312.69,483.52,535.62,108.98,177.9,190.52,104.11,135.73,289.81,122.95,197.93,294.73,2845.62,1508.48,444.52,65.89,230.55,900.62,361.53,229.3,268.54,464.17,219.49,103.1,3161.09,242.51,95.59,132.06,40.38,59.0,98.89,281.75
20260824,13:28:40,44770.07,40145.94,24186.94,16191.54,122.94,1944.94,312.69,483.52,535.62,108.98,177.9,190.52,104.11,135.73,289.81,122.95,197.93,294.73,2845.62,1508.48,444.52,65.89,230.55,900.62,361.53,229.3,268.54,464.17,219.49,103.1,3161.09,242.51,95.59,132.06,40.38,59.0,98.89,281.75
20260824,13:28:45,44770.07,40145.94,24186.94,16191.54,122.94,1944.94,312.69,483.52,535.62,108.98,177.9,190.52,104.11,135.73,289.81,122.95,197.93,294.73,2845.62,1508.48,444.52,65.89,230.55,900.62,361.53,229.3,268.54,464.17,219.49,103.1,3161.09,242.51,95.59,132.06,40.38,59.0,98.89,281.75
20260824,13:28:50,44770.07,40145.94,24186.94,16191.54,122.94,1944.94,312.69,483.52,535.62,108.98,177.9,190.52,104.11,135.73,289.81,122.95,197.93,294.73,2845.62,1508.48,444.52,65.89,230.55,900.62,361.53,229.3,268.54,464.17,219.49,103.1,3161.09,242.51,95.59,132.06,40.38,59.0,98.89,281.75
20260824,13:28:55,44770.07,40145.94,24186.94,16191.54,122.94,1944.94,312.69,483.52,535.62,108.98,177.9,190.52,104.11,135.73,289.81,122.95,197.93,294.73,2845.62,1508.48,444.52,65.89,230.55,900.62,361.53,229.3,268.54,464.17,219.49,103.1,3161.09,242.51,95.59,132.06,40.38,59.0,98.89,281.75
20260824,13:29:00,44770.07,40145.94,24186.94,16191.54,122.94,1944.94,312.69,483.52,535.62,108.98,177.9,190.52,104.11,135.73,289.81,122.95,197.93,294.73,2845.62,1508.48,444.52,65.89,230.55,900.62,361.53,229.3,268.54,464.17,219.49,103.1,3161.09,242.51,95.59,132.06,40.38,59.0,98.89,281.75
20260824,13:29:05,44770.07,40145.94,24186.94,16191.54,122.94,1944.94,312.69,483.52,535.62,108.98,177.9,190.52,104.11,135.73,289.81,122.95,197.93,294.73,2845.62,1508.48,444.52,65.89,230.55,900.62,361.53,229.3,268.54,464.17,219.49,103.1,3161.09,242.51,95.59,132.06,40.38,59.0,98.89,281.75
20260824,13:29:10,44770.07,40145.94,24186.94,16191.54,122.94,1944.94,312.69,483.52,535.62,108.98,177.9,190.52,104.11,135.73,289.81,122.95,197.93,294.73,2845.62,1508.48,444.52,65.89,230.55,900.62,361.53,229.3,268.54,464.17,219.49,103.1,3161.09,242.51,95.59,132.06,40.38,59.0,98.89,281.75
20260824,13:29:15,44770.07,40145.94,24186.94,16191.54,122.94,1944.94,312.69,483.52,535.62,108.98,177.9,190.52,104.11,135.73,289.81,122.95,197.93,294.73,2845.62,1508.48,444.52,65.89,230.55,900.62,361.53,229.3,268.54,464.17,219.49,103.1,3161.09,242.51,95.59,132.06,40.38,59.0,98.89,281.75
20260824,13:29:20,44770.07,40145.94,24186.94,16191.54,122.94,1944.94,312.69,483.52,535.62,108.98,177.9,190.52,104.11,135.73,289.81,122.95,197.93,294.73,2845.62,1508.48,444.52,65.89,230.55,900.62,361.53,229.3,268.54,464.17,219.49,103.1,3161.09,242.51,95.59,132.06,40.38,59.0,98.89,281.75
20260824,13:29:25,44770.07,40145.94,24186.94,16191.54,122.94,1944.94,312.69,483.52,535.62,108.98,177.9,190.52,104.11,135.73,289.81,122.95,197.93,294.73,2845.62,1508.48,444.52,65.89,230.55,900.62,361.53,229.3,268.54,464.17,219.49,103.1,3161.09,242.51,95.59,132.06,40.38,59.0,98.89,281.75
20260824,13:29:30,44770.07,40145.94,24186.94,16191.54,122.94,1944.94,312.69,483.52,535.62,108.98,177.9,190.52,104.11,135.73,289.81,122.95,197.93,294.73,2845.62,1508.48,444.52,65.89,230.55,900.62,361.53,229.3,268.54,464.17,219.49,103.1,3161.09,242.51,95.59,132.06,40.38,59.0,98.89,281.75
20260824,13:29:35,44770.07,40145.94,24186.94,16191.54,122.94,1944.94,312.69,483.52,535.62,108.98,177.9,190.52,104.11,135.73,289.81,122.95,197.93,294.73,2845.62,1508.48,444.52,65.89,230.55,900.62,361.53,229.3,268.54,464.17,219.49,103.1,3161.09,242.51,95.59,132.06,40.38,59.0,98.89,281.75
20260824,13:29:40,44770.07,40145.94,24186.94,16191.54,122.94,1944.94,312.69,483.52,535.62,108.98,177.9,190.52,104.11,135.73,289.81,122.95,197.93,294.73,2845.62,1508.48,444.52,65.89,230.55,900.62,361.53,229.3,268.54,464.17,219.49,103.1,3161.09,242.51,95.59,132.06,40.38,59.0,98.89,281.75
20260824,13:29:45,44770.07,40145.94,24186.94,16191.54,122.94,1944.94,312.69,483.52,535.62,108.98,177.9,190.52,104.11,135.73,289.81,122.95,197.93,294.73,2845.62,1508.48,444.52,65.89,230.55,900.62,361.53,229.3,268.54,464.17,219.49,103.1,3161.09,242.51,95.59,132.06,40.38,59.0,98.89,281.75
20260824,13:29:50,44770.07,40145.94,24186.94,16191.54,122.94,1944.94,312.69,483.52,535.62,108.98,177.9,190.52,104.11,135.73,289.81,122.95,197.93,294.73,2845.62,1508.48,444.52,65.89,230.55,900.62,361.53,229.3,268.54,464.17,219.49,103.1,3161.09,242.51,95.59,132.06,40.38,59.0,98.89,281.75
20260824,13:29:55,44770.07,40145.94,24186.94,16191.54,122.94,1944.94,312.69,483.52,535.62,108.98,177.9,190.52,104.11,135.73,289.81,122.95,197.93,294.73,2845.62,1508.48,444.52,65.89,230.55,900.62,361.53,229.3,268.54,464.17,219.49,103.1,3161.09,242.51,95.59,132.06,40.38,59.0,98.89,281.75
20260824,13:30:00,44762.32,40139.32,24178.86,16185.36,122.72,1948.18,311.7,483.73,534.78,108.72,177.7,190.43,103.97,135.28,289.91,122.95,198.22,295.03,2845.23,1508.35,444.32,65.82,230.9,900.84,360.59,229.43,268.12,464.04,219.93,103.16,3160.25,242.62,95.51,132.18,40.28,59.08,98.83,282.2
