日期,時間,發行量加權股價指數,未含金融保險股指數,未含電子股指數,未含金融電子股指數,水泥類指數,食品類指數,塑膠類指數,紡織纖維類指數,電機機械類指數,電器電纜類指數,化學生技醫療類指數,化學類指數,生技醫療類指數,玻璃陶瓷類指數,造紙類指數,鋼鐵類指數,橡膠類指數,汽車類指數,電子類指數,半導體類指數,電腦及週邊設備類指數,光電類指數,通信網路類指數,電子零組件類指數,電子通路類指數,資訊服務類指數,其他電子類指數,建材營造類指數,航運類指數,觀光餐旅類指數,金融保險類指數,貿易百貨類指數,油電燃氣類指數,綠能環保類指數,數位雲端類指數,運動休閒類指數,居家生活類指數,其他類指數
20261005,09:00:00,48475.74,43371.71,25925.41,16903.48,124.88,1855.18,421.99,463.53,546.66,110.19,164.49,201.68,90.92,141.69,269.63,122.52,190.65,291.44,3088.44,1639.74,462.64,78.91,238.94,996.75,383.07,237.32,284.93,440.01,211.06,101.47,3510.91,232.04,131.39,132.4,39.33,55.46,97.72,274.14
20261005,09:00:05,48574.95,43461.71,26078.85,17057.71,125.0,1859.58,441.11,463.89,548.48,110.32,164.6,201.93,90.96,141.75,269.78,122.55,191.51,291.46,3091.98,1640.14,463.27,80.41,238.97,1000.11,383.97,237.37,285.07,440.22,211.2,101.48,3516.96,232.1,131.21,132.45,39.33,55.5,98.7,274.53
20261005,09:00:10,48709.57,43583.05,26118.38,17070.28,124.74,1860.01,441.42,463.73,549.84,110.67,164.86,202.88,90.97,141.73,269.65,122.61,191.08,291.59,3101.46,1645.06,463.56,80.67,239.29,1003.34,384.85,237.62,287.3,440.42,211.42,101.45,3525.9,232.2,130.85,132.41,39.33,55.51,98.59,275.64
20261005,09:00:15,49244.14,44101.85,26123.62,17069.5,124.75,1862.43,440.25,464.78,549.73,110.85,165.43,203.76,91.25,141.73,269.41,122.81,191.34,291.7,3143.29,1672.29,469.78,80.74,243.71,1008.32,385.72,237.62,287.08,440.67,211.42,101.49,3527.75,232.12,130.37,132.69,39.32,55.56,98.61,275.56
20261005,09:00:20,49295.03,44143.71,26170.42,17097.46,125.01,1860.34,441.7,464.62,551.42,110.69,165.81,204.92,91.31,143.68,269.29,122.7,191.34,293.25,3145.99,1669.94,471.51,80.72,244.22,1018.38,385.74,237.79,288.04,440.37,211.48,101.5,3534.79,232.01,130.6,132.99,39.33,55.55,98.61,275.55
20261005,09:00:25,49365.14,44215.16,26163.59,17100.16,125.14,1859.54,442.84,464.52,551.2,110.64,165.82,204.96,91.31,144.1,269.29,122.66,191.34,293.18,3151.68,1673.18,472.21,81.12,244.71,1019.79,386.09,237.81,288.17,440.23,211.25,101.5,3531.92,231.99,130.39,132.99,39.33,55.55,98.61,275.32
20261005,09:00:30,49357.56,44209.21,26158.5,17099.08,125.08,1859.53,442.9,464.37,550.75,110.13,165.81,204.94,91.3,144.13,269.35,122.76,191.34,293.23,3151.23,1673.07,471.6,81.19,244.68,1019.42,385.54,237.75,288.38,440.16,211.08,101.5,3530.62,231.95,130.86,132.93,39.34,55.52,98.58,275.13
20261005,09:00:35,49318.83,44170.42,26159.13,17096.29,124.95,1858.11,442.97,464.38,550.59,110.2,165.69,204.94,91.21,143.92,269.35,122.78,191.3,293.24,3148.17,1670.48,471.74,81.31,244.41,1019.58,385.51,237.57,288.7,440.21,211.19,101.5,3531.58,231.82,130.75,132.85,39.34,55.49,98.58,275.08
20261005,09:00:40,49360.96,44213.01,26155.5,17097.26,125.08,1857.55,442.96,464.45,550.55,110.39,165.62,204.88,91.16,143.5,269.35,122.9,191.24,293.21,3151.58,1673.16,471.91,81.61,244.39,1018.3,385.45,237.48,289.04,440.03,211.2,101.5,3530.18,232.15,130.86,132.84,39.32,55.47,98.58,275.13
20261005,09:00:45,49361.48,44212.6,26157.05,17096.0,124.95,1856.9,442.96,464.52,550.51,110.23,165.63,204.93,91.17,143.5,269.35,122.78,191.28,293.28,3151.57,1672.97,472.73,81.62,244.17,1018.09,385.46,237.5,289.11,440.03,211.18,101.5,3531.01,232.15,130.86,132.99,39.32,55.47,98.58,275.12
20261005,09:00:50,49358.77,44211.8,26150.44,17094.55,124.89,1856.74,442.77,464.56,550.49,110.3,165.57,204.84,91.13,143.47,269.23,122.74,191.28,293.27,3151.54,1672.91,472.79,81.65,244.28,1017.99,385.76,237.47,289.08,440.02,211.15,101.5,3529.33,232.15,131.1,132.94,39.32,55.46,98.58,275.04
20261005,09:00:55,49436.19,44286.78,26148.47,17090.77,125.02,1854.64,442.85,464.71,550.4,110.36,165.58,204.84,91.14,143.21,269.23,122.73,191.28,293.29,3157.68,1677.97,472.53,81.54,243.89,1017.64,385.59,237.41,289.23,439.85,211.16,101.5,3529.74,232.15,130.74,132.89,39.31,55.44,98.58,274.96
20261005,09:01:00,49441.55,44291.68,26145.94,17086.78,125.02,1854.42,442.75,464.63,550.61,110.32,165.47,204.65,91.09,143.21,269.11,122.72,191.07,293.28,3158.17,1678.07,472.38,81.38,244.07,1018.62,385.53,237.41,289.36,439.92,211.15,101.5,3530.04,232.15,130.51,132.89,39.31,55.44,98.58,274.86
20261005,09:01:05,49432.37,44284.87,26132.47,17078.41,125.02,1854.19,442.55,464.24,550.63,110.24,165.39,204.45,91.07,143.19,269.11,122.83,190.96,293.18,3157.82,1678.13,472.19,81.45,244.23,1017.88,385.37,237.39,289.13,439.75,211.01,101.5,3528.1,232.15,130.15,132.98,39.31,55.42,98.02,274.74
20261005,09:01:10,49465.19,44317.74,26130.55,17079.21,125.02,1855.67,442.45,464.48,550.44,110.31,165.4,204.49,91.07,143.22,269.11,122.83,190.96,293.11,3160.45,1680.33,471.44,81.52,244.33,1017.93,385.23,237.32,289.13,439.73,210.89,101.45,3527.28,232.15,130.49,132.96,39.31,55.38,98.02,274.73
20261005,09:01:15,49416.24,44267.57,26135.66,17076.81,124.63,1857.09,442.71,464.08,550.23,110.28,165.38,204.46,91.06,143.22,269.11,122.69,190.82,293.07,3156.46,1677.94,471.13,81.44,243.96,1017.08,385.19,237.26,288.81,439.47,210.93,101.45,3529.53,232.15,130.37,132.82,39.32,55.39,98.02,274.82
20261005,09:01:20,49409.52,44261.14,26133.2,17074.35,124.63,1854.25,442.66,464.63,550.25,110.28,165.37,204.44,91.05,143.69,269.11,122.8,191.03,293.09,3156.01,1677.95,470.71,81.48,243.74,1016.63,385.2,237.26,288.7,439.48,210.89,101.45,3529.43,232.19,130.02,132.83,39.32,55.37,98.03,274.81
20261005,09:01:25,49462.49,44311.14,26143.72,17081.07,124.89,1855.67,442.91,464.45,550.28,110.27,165.35,204.5,91.02,144.32,269.11,122.77,190.98,293.31,3159.87,1680.68,471.24,81.47,243.67,1016.82,385.41,237.24,288.78,439.42,211.1,101.45,3530.89,232.19,130.14,132.87,39.29,55.36,98.03,274.82
20261005,09:01:30,49454.25,44304.6,26137.89,17079.36,124.89,1854.25,442.82,464.44,550.37,110.27,165.18,204.45,90.9,144.53,269.11,122.72,191.03,293.3,3159.39,1680.42,471.13,81.41,243.77,1016.52,385.16,237.18,288.88,439.23,211.12,101.45,3529.54,232.19,130.38,132.84,39.16,55.36,98.03,274.75
20261005,09:01:35,49448.17,44298.15,26138.31,17078.05,124.9,1857.19,442.48,464.78,550.75,110.26,165.1,204.16,90.89,144.32,269.11,122.73,191.0,293.28,3158.9,1679.93,470.76,81.36,243.57,1016.98,385.62,237.03,289.25,439.17,210.97,101.47,3530.02,232.43,130.49,132.84,39.2,55.35,98.03,274.66
20261005,09:01:40,49441.21,44290.11,26140.42,17076.3,125.03,1854.15,442.63,464.83,550.99,110.26,165.13,204.2,90.91,144.54,269.11,122.57,190.95,293.25,3158.29,1679.66,470.15,81.32,243.35,1017.27,385.76,236.89,289.25,439.05,210.96,101.47,3531.16,232.43,130.25,132.81,39.2,55.34,98.03,274.66
20261005,09:01:45,49495.89,44340.96,26154.15,17083.97,125.09,1855.9,442.64,465.1,550.94,110.27,165.39,204.44,91.07,144.97,269.11,122.68,190.81,293.25,3162.21,1682.27,470.58,81.31,243.4,1017.78,386.03,236.9,289.41,438.81,211.05,101.47,3533.36,232.43,130.49,132.84,39.19,55.35,98.02,274.79
20261005,09:01:50,49456.83,44301.76,26158.0,17084.55,124.96,1855.9,442.63,465.28,551.1,110.28,165.43,204.63,91.06,144.73,269.11,122.58,190.78,293.27,3159.03,1679.95,470.31,81.29,243.41,1017.57,386.47,236.91,289.48,438.92,211.17,101.47,3534.41,232.54,130.37,132.85,39.18,55.37,98.01,274.8
20261005,09:01:55,49515.77,44359.19,26156.44,17082.78,124.96,1856.12,442.62,465.51,551.09,110.28,165.43,204.57,91.08,144.71,268.57,122.6,190.7,293.26,3163.7,1682.56,470.48,81.14,243.26,1020.9,386.75,236.9,289.39,438.93,211.1,101.47,3534.4,232.54,130.26,132.82,39.18,55.35,98.01,274.81
20261005,09:02:00,49530.99,44374.66,26159.02,17087.88,124.96,1857.54,442.7,465.64,551.03,110.28,165.6,204.51,91.22,144.92,268.69,122.59,190.66,293.17,3164.83,1682.47,470.38,81.1,243.44,1023.61,386.8,236.91,289.53,438.96,211.13,101.47,3533.82,232.54,130.49,132.84,39.17,55.37,98.01,274.78
20261005,09:02:05,49552.27,44395.53,26160.42,17089.95,124.96,1857.54,442.69,465.74,551.47,110.29,165.6,204.56,91.21,144.94,268.69,122.61,190.8,293.16,3166.46,1682.92,470.98,81.21,243.65,1024.95,386.73,236.89,289.65,438.98,211.13,101.47,3533.7,232.54,130.49,132.91,39.17,55.37,98.01,274.75
20261005,09:02:10,49556.91,44401.27,26157.22,17090.35,125.02,1857.53,442.78,465.94,551.29,110.29,165.59,204.53,91.21,144.94,269.23,122.67,190.8,293.07,3166.91,1682.88,471.05,81.38,244.04,1025.27,387.23,236.89,289.71,439.31,211.22,101.47,3532.59,232.54,130.26,132.91,39.17,55.37,98.01,274.75
20261005,09:02:15,49591.5,44434.65,26150.63,17081.71,124.83,1854.59,442.44,465.62,551.44,110.39,165.68,204.81,91.23,144.52,268.87,122.68,190.8,293.07,3169.81,1682.47,471.04,81.43,244.12,1032.73,387.23,236.91,290.03,439.26,211.16,101.47,3532.88,232.54,129.69,132.92,39.17,55.35,98.01,274.79
20261005,09:02:20,49588.17,44430.24,26154.44,17082.17,124.83,1854.59,442.53,465.74,551.5,110.31,165.7,204.85,91.24,144.95,268.87,122.65,190.8,293.06,3169.44,1682.63,470.57,81.53,243.82,1032.47,387.7,237.16,289.56,439.32,211.03,101.43,3533.95,232.54,129.69,132.92,39.17,55.38,98.01,274.87
20261005,09:02:25,49601.3,44444.14,26146.28,17076.48,124.83,1854.59,441.42,465.37,552.42,110.32,165.66,204.78,91.22,144.95,268.87,122.67,190.79,293.09,3170.7,1682.42,470.3,81.48,243.7,1036.5,387.71,237.19,289.59,439.29,211.13,101.43,3532.94,232.54,129.57,132.9,39.17,55.39,98.01,274.86
20261005,09:02:30,49598.43,44441.22,26146.85,17076.77,124.83,1854.59,441.42,465.29,552.42,110.35,165.69,204.89,91.22,144.95,268.87,122.67,190.86,293.11,3170.46,1682.46,470.3,81.51,244.15,1036.11,387.19,237.16,289.07,439.28,211.14,101.43,3533.04,232.54,129.57,132.76,39.17,55.38,98.01,274.94
20261005,09:02:35,49595.93,44440.45,26140.81,17075.36,124.57,1854.52,441.34,465.4,552.59,110.32,165.58,204.79,91.15,144.74,268.87,122.68,190.86,293.11,3170.43,1682.27,470.51,81.55,244.08,1036.43,387.42,237.25,289.02,439.28,211.15,101.43,3531.54,232.54,129.69,132.7,39.16,55.38,98.01,274.93
20261005,09:02:40,49586.37,44436.54,26123.43,17073.47,124.57,1854.52,441.42,465.2,552.39,110.32,165.6,204.77,91.17,144.75,268.99,122.68,190.9,293.09,3170.16,1682.31,470.52,81.37,244.11,1035.97,387.52,237.27,289.01,439.27,211.21,101.43,3526.62,232.54,129.44,132.68,39.17,55.33,98.01,274.93
20261005,09:02:45,49550.58,44401.41,26129.57,17079.67,124.69,1854.75,442.52,465.12,552.5,110.31,165.56,204.75,91.14,144.75,268.84,122.67,190.9,293.11,3167.18,1679.59,470.34,81.33,243.59,1037.39,387.43,237.26,289.47,439.19,211.12,101.43,3526.85,232.54,129.32,132.68,39.16,55.33,98.01,274.92
20261005,09:02:50,49591.93,44442.98,26118.34,17071.06,124.56,1854.8,442.5,465.11,552.44,110.39,165.53,204.67,91.14,144.95,268.84,122.66,190.86,292.45,3170.74,1682.18,470.31,81.39,243.57,1037.73,387.09,237.25,289.56,439.16,210.37,101.43,3525.68,232.54,129.44,132.69,39.16,55.33,98.01,274.86
20261005,09:02:55,49542.58,44395.23,26123.09,17077.63,124.56,1857.41,443.04,465.09,552.44,110.47,165.5,204.62,91.12,145.15,268.72,122.72,190.86,292.62,3166.73,1679.37,470.32,81.37,243.71,1036.9,387.03,237.45,289.46,439.1,210.36,101.43,3525.38,232.54,129.55,132.7,39.17,55.32,98.01,274.86
20261005,09:03:00,49582.93,44434.74,26120.53,17075.32,124.56,1856.22,442.96,465.09,552.5,110.62,165.49,204.55,91.13,145.15,268.72,122.76,190.86,292.61,3169.97,1681.71,470.18,81.42,243.55,1037.32,387.03,237.47,289.67,439.1,210.24,101.43,3525.21,232.54,129.44,132.7,39.17,55.33,98.01,274.87
20261005,09:03:05,49556.92,44410.63,26123.97,17083.4,124.43,1856.44,443.67,465.09,552.64,110.64,165.5,204.64,91.12,145.15,268.72,122.77,190.9,292.6,3167.83,1679.15,470.19,81.53,243.74,1039.78,386.95,237.4,289.63,439.22,210.38,101.43,3524.09,232.54,129.68,132.61,39.17,55.32,98.01,274.63
20261005,09:03:10,49589.99,44444.06,26119.48,17082.3,124.56,1856.28,443.59,465.21,552.6,110.46,165.56,204.6,91.17,145.15,268.72,122.75,190.72,292.61,3170.56,1681.82,469.53,81.41,243.61,1039.39,386.84,237.39,289.38,439.16,210.48,101.4,3522.98,232.54,129.55,132.7,39.17,55.34,98.01,274.37
20261005,09:03:15,49547.3,44403.65,26104.95,17069.53,124.82,1856.28,441.88,465.55,552.59,110.45,165.52,204.54,91.16,145.58,268.72,122.71,190.67,292.59,3167.61,1679.56,469.52,81.4,243.47,1039.5,386.81,237.39,289.4,439.14,210.48,101.4,3521.91,232.54,129.43,132.71,39.17,55.33,98.01,274.29
20261005,09:03:20,49543.03,44399.87,26099.42,17064.48,124.82,1856.1,441.42,465.55,552.62,110.6,165.53,204.5,91.17,145.57,268.72,122.72,190.71,292.6,3167.42,1679.61,469.57,81.45,243.36,1038.92,387.04,237.39,289.32,439.17,210.41,101.4,3521.56,232.47,129.2,132.71,39.17,55.33,98.01,274.38
20261005,09:03:25,49543.55,44399.65,26094.99,17056.95,124.82,1856.32,440.88,466.04,552.74,110.6,165.53,204.53,91.17,145.57,268.72,122.72,190.71,292.68,3167.59,1679.89,469.31,81.45,243.35,1039.14,386.74,237.34,289.03,439.22,210.22,101.4,3522.22,232.47,128.72,132.71,39.17,55.34,98.01,274.61
20261005,09:03:30,49536.75,44393.78,26093.56,17057.83,124.82,1856.09,440.8,466.04,552.7,110.64,165.53,204.52,91.16,145.33,268.72,122.72,190.85,292.66,3167.09,1679.66,469.33,81.48,243.26,1038.67,386.74,237.33,289.05,439.28,210.25,101.4,3521.53,232.15,129.07,132.69,39.17,55.34,98.01,274.34
20261005,09:03:35,49535.58,44392.49,26092.46,17056.03,124.82,1856.09,440.8,465.94,552.88,110.64,165.54,204.57,91.16,145.35,268.72,122.58,190.85,292.66,3167.03,1679.83,469.03,81.62,243.02,1038.23,386.72,237.23,289.07,439.28,210.31,101.43,3521.68,232.15,128.84,132.67,39.17,55.34,98.01,274.27
20261005,09:03:40,49588.53,44443.7,26094.59,17057.24,124.82,1856.09,440.88,465.94,552.88,110.64,165.59,204.67,91.18,145.31,268.72,122.7,190.82,292.65,3171.13,1682.87,468.95,81.64,243.02,1038.65,386.84,237.23,289.06,439.29,210.28,101.43,3522.01,232.15,128.83,132.67,39.17,55.34,98.01,274.19
20261005,09:03:45,49583.34,44440.46,26083.07,17050.04,124.69,1856.32,439.79,465.94,552.87,110.64,165.59,204.66,91.18,145.31,268.84,122.7,190.82,292.69,3171.04,1682.67,469.06,81.6,242.9,1038.75,387.11,237.22,289.33,439.27,210.27,101.43,3520.37,232.15,128.94,132.79,39.17,55.33,98.01,274.18
20261005,09:03:50,49586.27,44441.88,26090.51,17053.8,124.69,1856.32,439.71,465.87,552.75,110.61,165.59,204.66,91.19,145.31,268.84,122.71,190.82,292.7,3171.07,1682.86,468.91,81.63,242.88,1038.37,386.75,237.23,289.33,439.25,210.47,101.43,3521.67,232.15,129.18,133.08,39.17,55.33,98.01,274.21
20261005,09:03:55,49539.1,44395.61,26087.4,17049.16,124.69,1854.9,439.24,465.54,552.65,110.69,165.54,204.48,91.18,145.31,268.84,122.71,190.85,292.67,3167.45,1680.27,469.02,81.62,242.86,1038.26,386.46,237.26,288.92,439.25,210.57,101.43,3521.96,232.15,129.07,133.07,39.17,55.32,98.01,274.34
20261005,09:04:00,49541.83,44397.34,26089.7,17048.71,124.82,1856.51,439.07,465.34,552.67,110.63,165.51,204.44,91.17,145.54,268.84,122.71,190.82,292.65,3167.6,1680.11,469.15,81.59,242.97,1038.94,386.41,237.15,288.92,439.23,210.55,101.41,3522.8,232.15,129.07,133.08,39.17,55.32,98.01,274.43
20261005,09:04:05,49542.59,44394.87,26093.0,17041.76,124.82,1854.92,438.52,465.34,552.48,110.63,165.31,204.4,91.01,145.52,268.84,122.7,190.93,292.88,3167.57,1680.21,468.7,81.55,243.19,1038.92,386.7,237.15,288.88,439.2,210.55,101.41,3525.72,232.15,129.07,133.17,39.17,55.32,98.01,274.37
20261005,09:04:10,49541.13,44389.35,26104.25,17040.98,124.82,1854.92,438.53,465.34,552.3,110.63,165.35,204.42,91.04,145.52,268.84,122.7,190.75,292.93,3167.14,1679.93,468.78,81.59,243.01,1038.76,386.96,237.15,288.85,439.18,210.59,101.41,3529.45,232.15,128.95,133.16,39.17,55.32,98.01,274.37
20261005,09:04:15,49547.06,44395.92,26097.77,17036.18,124.63,1854.92,437.98,465.34,552.5,110.63,165.31,204.4,91.01,145.09,268.96,122.73,190.75,292.9,3167.79,1680.02,468.68,81.57,243.0,1039.87,386.83,237.15,289.09,439.18,210.56,101.41,3528.73,232.15,128.95,133.17,39.17,55.33,98.01,274.4
20261005,09:04:20,49549.05,44397.76,26093.38,17030.82,124.5,1854.7,437.43,465.42,552.39,110.63,165.26,204.38,90.97,145.08,268.96,122.72,190.77,292.91,3168.06,1680.46,468.88,81.63,242.82,1039.12,386.83,237.13,289.02,439.15,210.54,101.41,3528.81,232.15,129.07,133.08,39.17,55.32,98.01,274.29
20261005,09:04:25,49508.66,44362.29,26082.28,17031.02,124.69,1856.12,437.32,465.42,552.3,110.71,165.25,204.22,91.01,145.08,268.96,122.74,190.91,292.71,3165.2,1678.18,468.73,81.65,242.79,1039.5,386.69,237.12,289.02,439.16,210.63,101.41,3525.29,232.15,129.06,132.88,39.17,55.33,98.01,274.28
20261005,09:04:30,49543.14,44394.66,26077.88,17021.86,124.69,1856.12,436.61,465.5,552.3,110.63,165.25,204.21,91.01,144.87,268.82,122.74,190.91,292.72,3168.03,1680.67,468.56,81.64,242.8,1039.27,386.67,237.12,288.61,439.14,210.2,101.41,3526.4,232.15,129.06,132.86,39.17,55.32,97.92,274.56
20261005,09:04:35,49539.6,44392.44,26076.15,17023.98,124.63,1856.12,436.46,465.49,552.02,110.63,165.27,204.26,91.01,144.66,268.82,122.76,190.91,292.71,3167.8,1680.58,468.56,81.65,242.62,1039.32,386.58,237.11,288.49,439.1,210.66,101.41,3525.28,232.15,129.06,132.86,39.17,55.35,97.9,274.53
20261005,09:04:40,49540.73,44391.53,26077.25,17018.51,124.63,1854.93,435.92,465.33,552.01,110.64,165.24,204.16,91.01,144.66,268.82,122.8,190.91,292.57,3167.86,1680.75,468.45,81.61,242.86,1038.43,386.37,237.1,288.87,439.1,210.47,101.41,3527.11,232.18,129.18,132.87,39.25,55.35,97.9,274.55
20261005,09:04:45,49555.75,44401.09,26088.84,17014.87,124.69,1856.35,435.21,465.33,552.05,110.64,165.25,204.3,90.98,144.66,268.82,122.81,190.91,292.57,3168.71,1680.95,468.59,81.61,242.89,1039.51,386.67,237.07,288.97,439.09,210.48,101.41,3531.73,232.18,129.19,132.87,39.25,55.35,97.9,274.66
20261005,09:04:50,49564.38,44410.16,26088.34,17016.51,124.82,1857.77,435.37,465.84,552.08,110.48,165.24,204.24,90.99,144.45,268.82,122.71,190.95,292.59,3169.41,1681.2,468.71,81.58,242.92,1040.28,386.69,237.07,288.97,439.06,210.52,101.41,3531.13,232.18,129.19,132.87,39.25,55.35,97.9,274.64
20261005,09:04:55,49574.58,44417.85,26096.17,17017.98,124.69,1857.77,435.29,465.84,552.21,110.61,165.29,204.39,91.0,144.66,268.82,122.83,190.95,292.59,3169.99,1681.28,469.09,81.64,242.92,1040.8,386.77,237.06,289.05,439.03,210.54,101.42,3533.17,232.18,129.08,132.89,39.25,55.35,97.9,274.89
20261005,09:05:00,49575.2,44418.14,26096.15,17016.94,124.69,1857.77,435.36,465.84,552.21,110.61,165.29,204.34,91.01,144.65,268.64,122.82,190.95,293.01,3170.04,1681.27,469.01,81.63,242.74,1041.08,387.59,237.05,289.05,439.02,210.5,101.42,3533.45,232.18,128.84,132.79,39.25,55.35,97.9,274.91
20261005,09:05:05,49563.31,44409.25,26076.9,17003.8,124.63,1857.77,433.48,465.84,552.23,110.61,165.3,204.4,91.0,144.43,268.64,122.8,190.81,292.79,3169.64,1681.04,468.93,81.55,242.81,1041.03,387.56,237.06,289.05,438.98,210.51,101.42,3531.0,232.18,129.08,132.78,39.25,55.35,97.9,274.88
20261005,09:05:10,49566.05,44411.75,26071.81,16997.37,124.75,1857.77,432.94,466.07,552.12,110.55,165.32,204.29,91.04,144.44,268.64,122.81,190.81,292.77,3170.0,1681.32,468.79,81.57,242.6,1041.18,387.68,237.08,289.13,439.06,210.51,101.42,3531.16,232.18,128.73,132.76,39.25,55.35,97.9,274.89
20261005,09:05:15,49560.38,44403.92,26077.25,16995.91,124.69,1857.7,432.38,466.19,552.09,110.63,165.33,204.26,91.06,144.46,268.64,122.82,190.65,292.57,3169.4,1681.02,468.73,81.63,242.58,1040.64,387.8,237.12,289.11,439.05,210.52,101.42,3533.26,232.18,129.08,132.76,39.25,55.35,97.89,274.93
20261005,09:05:20,49573.16,44412.89,26086.63,16995.06,124.69,1859.07,432.3,466.3,551.86,110.63,165.34,204.33,91.05,144.22,268.64,122.81,190.69,292.59,3170.14,1681.21,468.9,81.61,242.99,1040.93,387.84,236.9,289.41,439.06,210.5,101.42,3536.42,232.18,129.08,132.76,39.25,55.36,97.89,274.93
20261005,09:05:25,49570.28,44410.03,26086.65,16994.89,124.69,1859.07,432.3,466.23,551.86,110.55,165.33,204.33,91.04,144.22,268.64,122.81,190.69,292.6,3169.92,1681.38,468.96,81.58,242.7,1040.63,387.53,236.88,289.06,439.02,210.5,101.42,3536.47,232.18,129.08,132.84,39.24,55.36,97.89,274.96
20261005,09:05:30,49570.98,44410.61,26093.16,17002.02,124.56,1857.88,433.37,466.09,551.93,110.56,165.34,204.35,91.05,144.02,268.64,122.82,190.55,292.56,3169.79,1681.29,468.98,81.57,242.72,1040.21,387.59,236.86,289.36,439.02,210.59,101.42,3536.57,232.18,129.08,132.86,39.24,55.36,97.89,274.81
20261005,09:05:35,49522.13,44367.43,26075.11,16996.06,124.69,1857.88,432.67,466.09,551.91,110.56,165.29,204.22,91.04,144.02,268.64,122.68,190.55,292.56,3166.46,1678.9,469.09,81.58,242.54,1040.05,387.66,236.85,289.04,439.0,210.6,101.42,3532.54,232.18,129.11,132.85,39.24,55.36,97.89,274.81
20261005,09:05:40,49554.85,44400.03,26073.28,16996.36,124.69,1857.88,432.3,466.09,551.98,110.63,165.34,204.33,91.05,144.0,268.82,122.8,190.69,292.56,3169.08,1681.3,469.15,81.6,242.25,1038.9,388.06,236.85,289.13,439.0,210.6,101.42,3531.89,232.21,129.23,132.85,39.24,55.36,97.89,274.83
20261005,09:05:45,49523.62,44369.58,26074.18,16997.34,124.69,1857.88,432.29,466.09,551.9,110.79,165.36,204.32,91.07,144.0,268.82,122.82,190.65,292.54,3166.6,1679.04,469.08,81.72,242.24,1039.73,387.95,236.85,289.21,439.01,210.51,101.42,3531.91,232.21,129.35,132.86,39.24,55.36,97.89,274.99
20261005,09:05:50,49521.37,44367.06,26070.59,16992.09,124.69,1857.88,432.21,466.09,551.9,110.72,165.33,204.21,91.07,143.79,268.82,122.8,190.65,292.54,3166.52,1679.04,469.11,81.66,242.27,1039.58,388.05,236.87,289.21,439.09,210.26,101.42,3532.21,232.21,129.11,132.96,39.24,55.36,97.89,275.01
20261005,09:05:55,49552.86,44398.03,26063.97,16985.46,124.82,1857.88,431.06,466.09,552.02,110.8,165.31,204.25,91.05,143.57,268.82,122.8,190.65,292.54,3169.18,1681.0,469.29,81.67,242.1,1039.38,388.06,236.86,289.53,439.12,210.22,101.42,3531.94,232.22,129.23,132.95,39.24,55.36,97.89,275.23
20261005,09:06:00,49547.66,44390.28,26069.11,16982.36,124.95,1855.05,430.89,466.22,551.92,110.8,165.31,204.21,91.05,143.56,268.82,122.84,190.62,292.53,3168.63,1681.1,469.26,81.55,241.96,1038.93,388.34,236.87,288.88,439.07,210.23,101.42,3534.39,232.22,129.11,132.95,39.24,55.36,97.89,275.2
20261005,09:06:05,49518.91,44360.14,26079.24,16986.87,124.95,1855.05,430.88,466.29,551.96,110.8,165.38,204.3,91.09,143.79,268.82,122.84,190.47,292.54,3166.09,1678.72,469.02,81.67,241.98,1039.23,388.36,236.86,289.67,439.05,210.46,101.43,3536.33,232.22,129.23,132.96,39.24,55.36,97.89,275.25
20261005,09:06:10,49572.68,44412.48,26074.17,16980.91,124.68,1855.28,430.43,466.29,551.92,110.8,165.39,204.32,91.1,143.58,268.68,122.81,190.47,292.43,3170.45,1681.42,468.91,81.69,242.18,1041.24,387.96,236.87,289.67,439.11,210.44,101.43,3536.37,232.22,129.22,132.96,39.24,55.36,97.89,274.97
20261005,09:06:15,49568.12,44409.71,26070.42,16982.17,124.94,1853.64,430.34,466.49,552.07,110.88,165.38,204.26,91.1,143.57,268.68,122.81,190.47,292.43,3170.2,1681.61,468.89,81.75,242.03,1039.98,388.14,236.91,289.75,439.11,210.44,101.44,3534.85,232.22,129.23,132.96,39.24,55.35,97.9,275.3
20261005,09:06:20,49532.78,44373.47,26076.02,16982.55,124.94,1853.7,430.35,466.72,552.16,110.88,165.41,204.25,91.13,143.56,268.82,122.82,190.51,292.5,3167.27,1679.44,468.95,81.79,242.02,1039.83,388.19,236.91,289.54,439.11,210.37,101.44,3536.5,232.22,129.23,132.91,39.24,55.35,97.9,275.24
20261005,09:06:25,49585.95,44430.38,26058.59,16979.61,124.94,1853.7,430.27,466.6,551.98,110.89,165.42,204.19,91.15,143.56,268.82,122.82,190.54,292.5,3171.92,1682.02,468.96,81.82,242.36,1041.9,388.14,236.91,290.07,438.96,210.3,101.44,3531.85,232.22,129.11,132.93,39.24,55.35,97.9,275.28
20261005,09:06:30,49541.36,44387.37,26058.8,16981.3,124.81,1856.54,430.36,466.6,552.08,110.81,165.41,204.19,91.14,143.56,268.82,122.68,190.51,292.51,3168.42,1679.57,468.99,81.88,242.36,1040.91,388.07,236.9,290.14,438.94,210.3,101.44,3531.46,232.22,129.23,133.07,39.24,55.36,97.9,275.19
20261005,09:06:35,49569.39,44415.43,26052.71,16976.8,124.94,1855.0,430.19,466.8,551.93,110.84,165.45,204.26,91.15,143.57,268.82,122.79,190.36,292.51,3170.79,1681.98,468.69,81.9,242.36,1039.89,388.07,236.76,289.74,438.99,210.3,101.44,3530.78,232.22,128.87,133.06,39.24,55.36,97.88,274.86
20261005,09:06:40,49531.24,44381.16,26047.94,16981.05,124.81,1855.0,430.35,466.72,551.96,110.68,165.44,204.23,91.15,143.57,268.82,122.8,190.36,292.48,3167.92,1679.59,468.69,81.89,242.38,1039.89,388.1,236.77,290.17,438.98,210.19,101.44,3528.13,232.22,129.47,133.06,39.24,55.38,97.88,274.9
20261005,09:06:45,49533.67,44383.39,26047.98,16980.6,124.81,1855.0,430.35,466.64,551.84,110.83,165.44,204.24,91.15,143.58,268.82,122.75,190.37,292.46,3168.11,1679.76,468.63,81.93,242.23,1040.32,387.87,236.78,289.91,438.94,210.18,101.44,3528.26,232.22,129.35,133.06,39.24,55.38,97.88,275.24
20261005,09:06:50,49533.35,44383.02,26052.16,16985.24,124.81,1853.81,430.37,466.66,551.91,110.83,165.43,204.19,91.15,143.59,268.82,122.9,190.37,292.5,3167.97,1679.8,468.62,81.95,242.24,1040.01,387.53,236.76,289.82,438.93,210.41,101.44,3528.31,232.22,129.59,133.07,39.24,55.38,97.88,275.16
20261005,09:06:55,49534.96,44384.44,26050.45,16982.76,124.81,1853.81,430.28,466.67,551.86,110.83,165.44,204.29,91.14,143.59,268.82,122.89,190.37,292.5,3168.15,1679.81,468.67,82.04,242.23,1040.02,387.51,236.77,289.92,438.94,210.41,101.44,3528.45,232.22,129.47,133.05,39.26,55.39,97.88,274.87
20261005,09:07:00,49573.03,44421.83,26053.0,16986.73,124.81,1855.22,430.45,466.68,551.72,110.83,165.44,204.35,91.13,143.6,268.82,122.9,190.33,292.5,3171.06,1682.11,468.72,82.03,242.41,1039.86,387.76,236.76,289.76,438.93,210.56,101.44,3528.17,232.22,129.58,133.14,39.26,55.39,97.88,274.87
20261005,09:07:05,49538.11,44388.49,26049.31,16984.77,124.81,1855.0,430.31,466.52,551.89,110.82,165.43,204.22,91.15,144.03,268.82,122.89,190.33,292.53,3168.42,1680.04,468.73,82.16,242.42,1039.62,387.64,236.76,289.85,438.96,210.29,101.44,3527.55,232.15,129.69,133.14,39.26,55.39,97.79,274.94
20261005,09:07:10,49573.1,44423.62,26045.55,16983.89,124.75,1853.35,430.39,466.27,552.1,110.82,165.38,204.12,91.13,143.82,268.82,122.74,190.33,292.53,3171.28,1682.55,468.73,82.16,242.81,1038.78,387.34,236.86,289.54,438.94,210.27,101.44,3526.61,232.15,129.7,133.43,39.26,55.37,97.79,274.95
20261005,09:07:15,49537.27,44388.97,26043.98,16982.98,124.62,1853.58,430.31,466.27,552.11,110.82,165.39,204.13,91.13,143.82,268.82,122.73,190.33,292.53,3168.51,1680.15,468.59,82.21,242.87,1039.48,387.22,236.87,289.63,438.94,210.39,101.44,3526.37,232.15,129.59,133.43,39.26,55.32,97.79,274.99
20261005,09:07:20,49574.72,44425.79,26042.72,16982.61,124.62,1853.58,430.3,466.27,552.11,110.82,165.39,204.09,91.14,144.02,268.82,122.85,190.33,292.53,3171.48,1682.88,468.6,82.2,242.66,1038.55,387.2,236.86,289.46,438.9,210.27,101.44,3526.08,232.15,129.58,133.43,39.26,55.32,97.79,274.93
20261005,09:07:25,49536.79,44389.41,26041.07,16982.69,124.62,1853.58,430.3,466.27,552.06,110.82,165.39,204.06,91.15,144.02,268.82,122.86,190.33,292.53,3168.55,1680.55,468.51,82.14,242.62,1038.57,387.23,236.87,289.79,438.82,210.12,101.44,3525.54,232.15,129.69,133.4,39.26,55.32,97.79,275.28
20261005,09:07:30,49536.06,44388.67,26043.4,16985.25,124.75,1853.94,430.63,466.32,552.01,110.9,165.41,204.14,91.15,144.02,268.82,122.74,190.37,292.49,3168.43,1680.43,468.53,82.05,242.37,1038.9,387.23,236.87,289.88,438.82,210.09,101.44,3525.57,232.15,129.69,133.5,39.26,55.32,97.79,275.29
20261005,09:07:35,49582.93,44432.8,26051.41,16989.3,124.75,1853.94,430.81,466.73,552.08,110.91,165.37,204.17,91.11,144.02,268.82,122.76,190.41,292.51,3171.89,1683.1,468.63,81.99,242.37,1039.06,387.23,236.87,289.75,438.81,210.1,101.44,3526.97,232.15,129.94,133.5,39.26,55.34,97.79,275.35
20261005,09:07:40,49588.96,44438.1,26056.94,16993.76,124.75,1853.94,430.89,466.54,552.13,110.91,165.36,204.15,91.1,144.23,268.82,122.88,190.45,292.48,3172.21,1683.18,468.76,82.07,242.37,1039.08,387.24,236.87,289.91,438.81,210.1,101.44,3527.49,232.15,130.3,133.46,39.26,55.34,97.79,275.44
20261005,09:07:45,49585.85,44436.83,26054.76,16997.13,124.88,1855.09,431.06,466.54,552.13,110.99,165.35,204.14,91.1,144.22,268.82,122.9,190.63,292.48,3172.02,1683.08,468.58,82.05,242.44,1039.23,387.4,236.85,289.8,438.81,210.06,101.44,3525.89,232.15,130.53,133.44,39.26,55.36,97.79,275.16
20261005,09:07:50,49544.62,44396.79,26052.22,16994.65,124.88,1855.09,430.73,466.7,552.22,110.99,165.36,204.17,91.1,144.22,268.82,122.89,190.63,292.48,3168.85,1680.53,468.8,82.1,242.18,1039.34,387.42,236.85,289.92,438.82,210.1,101.44,3525.77,232.15,130.42,133.44,39.26,55.37,97.79,275.16
20261005,09:07:55,49537.47,44389.67,26051.74,16993.58,124.88,1855.04,430.91,466.41,552.37,111.06,165.36,204.12,91.11,144.22,268.82,122.89,190.63,292.45,3168.31,1680.6,468.93,82.06,242.6,1037.82,386.98,236.85,289.65,438.79,210.08,101.44,3525.91,232.15,130.06,133.43,39.26,55.37,97.79,275.25
20261005,09:08:00,49580.32,44432.25,26045.39,16989.05,124.75,1855.24,430.75,466.34,552.37,111.06,165.34,204.15,91.09,144.0,268.82,122.89,190.63,292.45,3171.85,1682.98,468.88,82.18,242.4,1038.71,387.38,236.85,289.73,438.81,210.13,101.44,3525.16,232.15,129.71,133.43,39.26,55.37,97.79,275.23
20261005,09:08:05,49549.13,44400.15,26051.14,16989.94,124.88,1855.24,430.57,466.92,552.77,111.06,165.36,204.19,91.1,143.79,268.64,122.89,190.67,292.54,3169.24,1680.69,468.98,82.25,242.78,1038.97,387.12,236.85,289.78,438.84,210.12,101.44,3526.71,232.15,129.59,133.43,39.26,55.37,97.79,275.53
20261005,09:08:10,49555.93,44406.56,26048.74,16986.49,124.75,1855.24,430.24,466.85,552.86,110.82,165.32,204.14,91.07,144.0,268.64,122.86,190.63,292.56,3169.84,1680.64,469.1,82.24,243.08,1040.06,387.14,236.85,289.87,438.84,210.13,101.44,3526.9,232.15,129.59,133.43,39.26,55.37,97.79,275.53
20261005,09:08:15,49564.22,44414.0,26052.34,16988.49,124.88,1855.24,430.41,466.93,552.7,110.9,165.32,204.14,91.07,143.99,268.64,122.86,190.59,292.53,3170.39,1680.62,469.06,82.26,243.12,1041.22,387.12,236.87,289.99,438.82,210.13,101.44,3527.48,232.15,129.71,133.43,39.26,55.37,97.79,275.5
20261005,09:08:20,49568.37,44418.35,26050.97,16987.94,124.75,1855.21,430.42,466.93,552.65,110.8,165.32,204.16,91.07,143.99,268.64,122.86,190.59,292.53,3170.75,1680.58,469.21,82.36,243.01,1041.98,387.09,236.84,289.98,438.82,210.14,101.5,3527.2,232.15,129.71,133.43,39.26,55.37,97.79,275.48
20261005,09:08:25,49570.18,44420.15,26049.75,16986.67,124.75,1855.21,430.17,466.94,552.64,110.9,165.35,204.17,91.09,143.99,268.79,122.86,190.59,292.48,3170.93,1680.79,469.26,82.47,243.0,1041.53,386.98,236.84,289.96,438.83,210.14,101.5,3527.17,232.15,129.7,133.43,39.25,55.39,97.79,275.46
20261005,09:08:30,49613.86,44462.48,26049.34,16985.38,124.75,1856.4,430.25,466.94,552.57,110.89,165.34,204.14,91.1,143.99,268.79,122.73,190.59,292.48,3174.37,1683.22,469.41,82.52,242.98,1041.84,387.11,236.85,290.08,438.89,210.13,101.5,3527.39,232.15,129.58,133.35,39.24,55.39,97.79,275.45
20261005,09:08:35,49576.99,44427.56,26042.58,16981.0,124.75,1856.57,429.71,467.09,552.24,110.89,165.34,204.1,91.1,143.99,268.61,122.84,190.59,292.49,3171.66,1680.71,469.66,82.54,243.16,1042.3,387.02,236.82,290.38,438.97,210.17,101.5,3526.47,232.15,129.46,133.44,39.24,55.37,97.79,275.48
20261005,09:08:40,49578.35,44427.21,26049.15,16982.95,124.81,1855.15,430.16,466.95,552.28,110.92,165.37,204.16,91.11,143.78,268.61,122.73,190.55,292.5,3171.59,1680.64,469.67,82.63,243.16,1042.32,387.21,236.82,290.23,439.0,210.18,101.5,3527.99,231.83,129.46,133.44,39.24,55.36,97.79,275.5
20261005,09:08:45,49619.55,44467.2,26057.33,16991.85,124.81,1855.15,431.23,466.82,552.27,110.92,165.36,204.16,91.11,143.77,268.61,122.85,190.7,292.49,3174.6,1682.75,469.75,82.74,243.15,1042.89,387.22,236.82,290.06,439.08,210.11,101.5,3528.13,231.83,129.58,133.44,39.24,55.34,97.79,275.58
20261005,09:08:50,49581.65,44429.15,26065.81,16997.85,124.94,1855.15,432.31,466.81,552.26,110.84,165.36,204.07,91.12,143.77,268.61,122.86,190.7,292.52,3171.39,1680.13,469.61,82.78,243.15,1043.18,387.21,236.82,290.25,439.07,210.11,101.5,3529.15,231.83,129.34,133.44,39.24,55.34,97.79,275.5
20261005,09:08:55,49602.86,44451.5,26059.86,16996.63,124.94,1855.15,432.32,466.56,552.33,110.92,165.37,204.05,91.13,143.99,268.61,122.74,190.7,292.52,3173.22,1682.24,469.66,82.8,242.76,1041.06,387.18,236.82,290.43,439.15,210.01,101.5,3527.62,231.83,129.34,133.34,39.24,55.34,97.79,275.53
20261005,09:09:00,49611.7,44457.71,26069.75,16999.98,124.94,1855.15,432.41,466.56,552.36,110.84,165.58,204.1,91.3,143.99,268.61,122.86,190.7,292.52,3173.64,1682.24,469.67,82.9,242.76,1042.01,387.19,236.82,290.32,439.13,210.0,101.5,3529.81,231.83,129.34,133.35,39.23,55.33,97.79,275.49
20261005,09:09:05,49568.43,44418.86,26057.51,16996.95,124.94,1855.37,432.32,466.55,552.34,110.84,165.39,204.08,91.14,144.0,268.61,122.86,190.66,292.51,3170.58,1679.84,469.5,82.94,242.78,1042.24,387.17,236.82,290.3,439.17,209.97,101.5,3526.8,231.83,129.34,133.26,39.23,55.37,97.79,275.48
20261005,09:09:10,49605.73,44454.86,26060.92,16999.76,124.88,1855.37,432.86,466.49,552.31,110.84,165.36,204.01,91.14,144.2,268.61,122.86,190.66,292.51,3173.41,1681.84,469.59,82.93,242.78,1042.75,387.17,236.81,290.28,439.21,209.89,101.5,3527.1,231.83,129.34,133.25,39.23,55.38,97.79,275.45
20261005,09:09:15,49602.53,44450.73,26064.0,16999.89,124.88,1855.37,432.95,466.67,552.34,110.83,165.36,203.98,91.14,144.2,268.61,122.92,190.66,292.49,3173.08,1681.83,469.6,82.86,242.75,1042.19,387.17,236.81,290.24,439.16,209.76,101.5,3528.03,231.83,129.34,133.34,39.23,55.36,97.79,275.49
20261005,09:09:20,49644.28,44491.0,26078.18,17014.83,124.75,1854.04,435.04,466.59,552.33,110.83,165.34,203.99,91.13,144.0,268.61,122.92,190.66,292.48,3175.96,1684.1,469.03,82.87,242.93,1042.38,386.84,236.81,290.34,439.12,209.79,101.5,3528.4,231.83,129.46,133.34,39.22,55.36,97.79,275.5
20261005,09:09:25,49604.56,44450.12,26089.68,17020.77,124.75,1854.04,435.68,466.67,552.45,110.83,165.34,203.99,91.13,144.2,268.61,122.94,190.52,292.46,3172.52,1681.42,469.11,82.89,242.93,1042.77,386.81,236.81,290.03,439.16,209.85,101.5,3530.38,231.83,129.46,133.33,39.22,55.36,97.79,275.5
20261005,09:09:30,49602.28,44450.36,26080.28,17018.21,124.75,1854.04,435.32,466.59,552.42,110.83,165.33,203.97,91.13,144.2,268.61,122.96,190.52,292.45,3172.61,1681.56,469.21,82.88,242.93,1041.93,386.7,236.81,290.43,439.16,209.88,101.5,3528.14,231.83,129.46,133.33,39.23,55.36,97.79,275.47
20261005,09:09:35,49642.37,44489.63,26082.83,17021.84,124.89,1855.65,435.47,466.59,552.4,110.83,165.51,204.0,91.26,144.21,268.58,122.82,190.52,292.47,3175.68,1683.82,469.26,82.84,242.89,1042.47,386.45,236.81,290.34,439.16,210.03,101.52,3527.95,231.84,129.46,133.33,39.22,55.35,97.79,275.17
20261005,09:09:40,49608.8,44456.06,26085.27,17021.78,124.89,1855.65,435.48,466.75,552.41,110.83,165.5,203.96,91.26,144.21,268.58,122.83,190.52,292.47,3172.98,1681.48,469.12,82.86,242.88,1043.65,386.45,236.83,290.14,439.14,210.03,101.52,3528.73,231.84,129.34,133.26,39.24,55.35,97.79,275.43
20261005,09:09:45,49602.0,44449.39,26088.06,17024.84,124.96,1854.23,436.18,466.62,552.32,110.83,165.49,203.97,91.25,144.0,268.58,122.81,190.49,292.48,3172.37,1681.41,469.05,82.69,243.24,1042.5,386.45,236.83,290.13,439.18,210.03,101.52,3528.78,231.84,129.34,133.27,39.24,55.35,97.8,275.18
20261005,09:09:50,49601.65,44451.21,26082.85,17026.08,124.96,1854.23,436.18,466.54,552.47,110.83,165.5,203.95,91.26,144.0,268.58,122.93,190.49,292.48,3172.48,1681.25,469.1,82.65,243.24,1043.16,386.45,236.8,290.23,439.19,210.03,101.49,3526.81,231.84,129.34,133.27,39.23,55.35,97.8,275.13
20261005,09:09:55,49632.18,44480.8,26081.42,17023.92,124.96,1854.23,435.64,466.61,552.4,110.84,165.49,203.91,91.26,144.0,268.58,123.05,190.49,292.45,3174.92,1683.56,469.06,82.7,243.2,1041.69,386.71,236.8,290.32,439.17,210.08,101.49,3526.95,231.84,129.34,133.27,39.23,55.35,97.8,275.43
20261005,09:10:00,49589.8,44438.93,26083.1,17023.9,124.83,1853.86,435.73,466.66,552.45,110.84,165.5,203.94,91.26,144.0,268.58,123.09,190.45,292.45,3171.55,1680.99,468.96,82.66,243.39,1041.57,386.73,236.95,290.33,439.19,210.04,101.49,3527.48,231.84,129.46,133.17,39.23,55.35,97.8,275.15
20261005,09:10:05,49592.93,44441.72,26083.76,17023.78,124.83,1853.86,435.73,466.66,552.68,110.85,165.5,203.94,91.26,143.79,268.58,123.06,190.45,292.47,3171.77,1680.9,469.32,82.52,242.95,1042.27,386.45,236.67,290.66,439.22,210.03,101.49,3527.72,231.84,129.45,133.07,39.22,55.35,97.8,275.14
20261005,09:10:10,49587.87,44436.34,26082.26,17020.56,124.83,1854.34,435.11,466.58,552.97,110.85,165.48,203.91,91.25,143.57,268.58,123.07,190.49,292.46,3171.42,1680.69,469.23,82.57,242.95,1042.24,386.3,236.81,290.54,439.35,210.07,101.49,3528.12,231.82,129.45,133.07,39.22,55.37,97.8,275.12
20261005,09:10:15,49592.21,44435.78,26100.92,17025.99,125.03,1855.51,435.74,466.4,553.2,110.8,165.47,203.88,91.25,143.79,268.46,122.92,190.55,292.45,3171.24,1680.67,469.31,82.57,242.9,1041.84,385.97,236.81,290.59,439.31,210.04,101.49,3532.48,231.82,129.45,133.17,39.22,55.37,97.81,275.16
20261005,09:10:20,49596.81,44437.55,26104.15,17020.61,125.03,1855.51,435.02,466.14,553.14,110.81,165.46,203.86,91.25,144.0,268.48,123.05,190.55,292.43,3171.52,1680.76,469.43,82.56,243.06,1042.47,385.97,236.82,290.21,439.29,209.93,101.49,3534.95,231.82,129.53,133.17,39.22,55.37,97.81,275.09
20261005,09:10:25,49588.86,44429.64,26109.93,17026.7,124.97,1853.63,435.73,466.39,554.03,110.73,165.44,203.78,91.25,143.79,268.48,123.05,190.55,292.45,3170.73,1680.65,469.46,82.56,243.05,1040.95,385.97,236.81,290.19,439.26,209.94,101.49,3535.1,231.5,129.41,133.17,39.22,55.37,97.81,275.37
20261005,09:10:30,49589.65,44430.78,26108.44,17026.24,124.83,1853.63,435.64,466.5,554.23,110.81,165.43,203.78,91.24,143.79,268.48,123.05,190.55,292.58,3170.83,1680.65,469.36,82.51,242.87,1041.67,385.46,236.82,290.15,439.25,209.88,101.49,3534.76,231.5,129.41,133.17,39.21,55.35,97.81,275.41
20261005,09:10:35,49587.59,44429.43,26107.41,17027.26,124.9,1852.21,435.64,466.5,554.18,110.81,165.45,203.83,91.24,143.78,268.48,123.03,190.55,292.56,3170.7,1680.75,469.93,82.48,243.05,1040.59,385.49,236.83,289.95,439.23,210.04,101.49,3534.17,231.5,129.41,133.17,39.24,55.35,97.81,275.41
20261005,09:10:40,49630.98,44471.94,26104.42,17024.6,124.9,1852.21,435.27,466.5,554.21,110.8,165.45,203.85,91.24,143.79,268.48,123.02,190.59,292.56,3174.19,1683.25,469.63,82.42,243.06,1041.61,385.47,236.83,289.96,439.18,210.01,101.49,3533.95,231.5,129.41,133.17,39.33,55.35,97.81,275.43
20261005,09:10:45,49587.94,44430.14,26099.91,17019.86,125.03,1853.63,434.64,466.29,554.05,110.73,165.45,203.86,91.24,143.78,268.48,123.02,190.55,292.53,3170.94,1680.79,469.82,82.4,243.26,1041.09,385.79,236.83,289.94,439.17,210.01,101.49,3533.83,231.5,129.41,133.17,39.32,55.36,97.81,275.43
20261005,09:10:50,49582.55,44427.19,26092.27,17018.78,125.03,1853.63,434.65,466.29,553.99,110.81,165.44,203.81,91.24,143.57,268.6,123.01,190.55,292.53,3170.72,1680.95,469.9,82.37,242.9,1040.32,385.81,236.84,289.98,439.15,210.02,101.49,3531.73,231.53,129.29,133.21,39.31,55.36,97.81,275.43
20261005,09:10:55,49586.16,44428.14,26106.54,17026.59,125.03,1853.67,435.3,466.21,553.93,110.72,165.62,203.75,91.4,143.57,268.6,123.01,190.55,292.53,3170.61,1680.82,469.71,82.36,242.64,1040.91,385.81,236.85,289.98,439.16,210.17,101.49,3534.07,231.53,129.29,133.2,39.31,55.36,97.81,275.5
20261005,09:11:00,49622.42,44463.39,26110.33,17030.7,125.03,1853.67,435.76,466.3,553.92,110.72,165.61,203.71,91.4,143.57,268.96,123.02,190.55,292.51,3173.35,1683.22,469.58,82.4,243.0,1039.89,385.85,236.86,289.89,439.15,210.14,101.49,3534.14,231.53,129.4,133.2,39.32,55.36,97.81,275.53
20261005,09:11:05,49594.11,44435.81,26119.58,17041.35,125.03,1853.67,437.55,466.3,554.05,110.73,165.41,203.7,91.24,143.78,268.96,123.0,190.51,292.48,3170.88,1680.81,469.58,82.54,243.23,1040.96,386.05,236.86,289.85,439.14,210.14,101.49,3534.14,231.53,129.35,133.2,39.3,55.36,97.8,275.44
20261005,09:11:10,49597.9,44439.5,26120.04,17041.87,125.03,1853.3,437.55,466.06,554.01,110.71,165.42,203.74,91.24,143.77,268.96,123.0,190.49,292.48,3171.16,1681.11,469.43,82.52,243.17,1041.01,386.05,236.86,289.82,439.09,210.16,101.49,3534.14,231.53,129.48,133.2,39.31,55.36,97.8,275.36
20261005,09:11:15,49604.82,44446.54,26119.4,17042.15,125.03,1852.11,437.72,466.31,554.03,110.7,165.42,203.81,91.23,143.58,269.08,123.08,190.49,292.44,3171.72,1681.19,469.56,82.54,243.42,1041.25,386.14,236.86,290.14,439.11,210.15,101.47,3533.87,231.53,129.48,133.17,39.3,55.36,97.8,275.07
20261005,09:11:20,49600.0,44442.18,26118.45,17042.15,124.9,1852.0,437.63,466.26,554.02,110.7,165.41,203.81,91.22,144.0,269.08,123.07,190.45,292.45,3171.37,1681.06,469.67,82.54,243.42,1041.09,386.45,236.86,289.82,439.16,210.17,101.47,3533.57,231.93,129.48,133.06,39.3,55.39,97.8,275.06
20261005,09:11:25,49601.62,44442.92,26118.18,17039.06,124.9,1852.0,437.17,466.25,554.4,110.7,165.43,203.87,91.23,144.0,269.08,123.06,190.45,292.43,3171.5,1681.19,469.55,82.62,243.43,1041.21,386.45,236.84,289.64,439.16,210.07,101.47,3534.32,231.93,129.48,133.07,39.3,55.37,97.8,275.04
20261005,09:11:30,49603.2,44443.48,26121.53,17039.62,124.9,1853.22,437.17,466.25,554.39,110.78,165.45,203.81,91.25,144.0,269.08,123.04,190.41,292.43,3171.54,1681.16,469.45,82.69,243.44,1041.34,386.45,236.85,289.64,439.12,210.07,101.47,3535.22,231.93,129.47,133.08,39.3,55.39,97.8,275.01
20261005,09:11:35,49599.12,44439.72,26118.92,17037.33,125.02,1852.97,437.17,466.39,554.33,110.78,165.43,203.82,91.24,144.0,269.02,123.04,190.41,292.43,3171.29,1681.04,469.71,82.63,243.19,1041.22,386.22,236.85,289.65,439.03,209.76,101.47,3535.03,231.93,129.6,133.07,39.3,55.37,97.8,274.99
20261005,09:11:40,49603.91,44442.96,26129.4,17044.61,125.02,1854.55,437.72,466.25,554.18,110.78,165.42,203.8,91.23,144.0,269.02,123.04,190.41,292.43,3171.37,1681.01,469.99,82.6,243.22,1041.19,386.45,236.85,289.65,439.05,210.07,101.47,3536.32,231.86,129.6,133.07,39.3,55.43,97.8,275.07
20261005,09:11:45,49606.21,44447.57,26119.97,17041.7,125.02,1854.55,437.25,466.25,554.17,110.78,165.43,203.82,91.23,144.21,269.02,123.06,190.41,292.42,3171.81,1681.11,470.08,82.63,243.4,1041.59,386.45,236.86,289.68,438.86,210.08,101.47,3534.17,231.86,129.6,133.11,39.3,55.41,97.81,275.13
20261005,09:11:50,49609.18,44449.85,26131.0,17052.33,125.02,1854.55,438.88,466.17,554.2,110.78,165.45,203.77,91.26,144.21,269.02,123.04,190.41,292.42,3171.74,1681.14,470.21,82.58,243.25,1041.43,386.15,236.8,289.7,438.92,210.02,101.47,3534.73,231.86,129.48,133.1,39.3,55.41,97.8,275.16
20261005,09:11:55,49604.62,44446.68,26128.88,17054.16,125.02,1853.13,439.36,466.17,554.2,110.78,165.44,203.73,91.26,144.21,269.02,122.92,190.41,292.42,3171.44,1681.11,470.12,82.62,243.23,1040.85,386.16,236.8,289.71,438.81,210.06,101.47,3533.57,231.86,129.35,133.1,39.29,55.39,97.8,275.48
20261005,09:12:00,49609.92,44452.72,26127.25,17055.21,125.03,1853.29,438.9,466.26,554.39,110.85,165.44,203.71,91.26,144.22,269.04,123.04,190.45,292.44,3171.91,1681.15,470.41,82.64,243.22,1041.45,386.55,236.8,289.69,438.92,210.07,101.5,3532.77,231.86,129.59,133.1,39.29,55.4,97.8,275.51
20261005,09:12:05,49612.44,44452.73,26135.87,17056.96,125.03,1853.52,439.44,466.34,554.51,110.85,165.45,203.79,91.26,144.21,269.04,122.93,190.45,292.42,3171.86,1681.09,470.44,82.7,243.22,1041.51,386.28,236.8,289.62,438.93,210.06,101.5,3534.99,231.86,129.47,133.11,39.29,55.38,97.8,275.18
20261005,09:12:10,49615.98,44456.38,26139.83,17062.15,125.03,1853.52,439.9,466.34,554.54,110.77,165.47,203.83,91.26,144.64,269.04,122.93,190.45,292.44,3172.03,1681.21,470.39,82.79,243.22,1041.48,386.34,236.79,289.58,438.98,210.07,101.5,3534.82,231.89,129.59,133.11,39.29,55.38,97.8,275.16
20261005,09:12:15,49616.26,44456.45,26149.64,17072.78,125.03,1853.42,441.07,466.34,554.67,110.85,165.5,203.84,91.28,144.85,269.04,122.9,190.48,292.43,3171.78,1681.12,470.53,82.79,243.21,1040.92,386.38,236.8,289.66,438.98,210.07,101.5,3535.0,231.89,129.71,133.11,39.29,55.38,97.81,275.19
20261005,09:12:20,49618.78,44458.72,26150.9,17073.59,125.03,1853.42,441.16,466.34,554.87,110.77,165.47,203.75,91.28,144.85,269.04,122.9,190.48,292.39,3171.95,1681.36,469.87,82.84,243.22,1040.78,386.42,236.78,289.95,438.98,210.07,101.5,3535.17,231.89,129.71,133.11,39.29,55.4,97.81,275.19
20261005,09:12:25,49611.45,44454.04,26143.59,17073.44,125.03,1853.42,441.24,466.3,554.76,110.77,165.49,203.75,91.3,144.63,269.04,122.9,190.48,292.38,3171.57,1681.22,469.94,82.82,243.22,1040.68,386.74,236.81,289.61,438.91,210.07,101.47,3532.92,231.89,129.71,133.11,39.29,55.4,97.81,275.16
20261005,09:12:30,49613.25,44455.96,26143.67,17074.06,125.03,1853.42,441.24,466.3,554.71,110.78,165.5,203.79,91.3,144.64,269.04,122.9,190.48,292.37,3171.71,1681.45,469.96,82.81,243.0,1040.54,386.77,236.81,289.57,438.93,210.07,101.47,3532.78,231.89,129.83,133.11,39.29,55.36,97.81,275.15
20261005,09:12:35,49617.53,44459.6,26145.43,17074.34,124.97,1854.84,441.16,466.3,554.71,110.78,165.49,203.76,91.3,144.64,269.04,122.99,190.48,292.36,3172.0,1681.59,470.04,82.84,243.0,1040.58,386.76,236.8,289.62,438.95,210.07,101.47,3533.26,231.89,129.83,133.16,39.29,55.36,97.81,275.1
20261005,09:12:40,49623.0,44462.78,26152.53,17075.34,124.99,1856.26,441.16,466.31,554.64,110.78,165.53,203.87,91.3,144.64,269.04,123.0,190.48,292.36,3172.23,1681.71,470.02,82.88,243.17,1040.49,386.76,236.8,289.68,438.94,210.07,101.47,3535.21,231.89,129.83,133.16,39.29,55.36,97.81,275.18
20261005,09:12:45,49583.77,44424.98,26153.53,17077.88,124.99,1856.26,441.25,466.31,554.62,110.78,165.53,203.88,91.3,144.64,269.04,122.99,190.52,292.39,3169.12,1679.39,470.01,82.81,242.99,1040.54,386.79,236.8,289.69,438.94,210.06,101.47,3534.82,231.89,129.95,133.15,39.29,55.36,97.81,275.5
20261005,09:12:50,49582.51,44423.37,26153.47,17076.53,124.99,1856.04,441.17,466.31,554.57,110.78,165.51,203.82,91.3,144.85,269.04,122.95,190.52,292.39,3169.03,1679.57,470.02,82.78,242.81,1039.96,386.78,236.8,289.69,438.94,210.04,101.47,3535.18,231.89,129.95,133.15,39.29,55.36,97.81,275.45
20261005,09:12:55,49614.89,44455.52,26152.62,17077.56,124.99,1856.26,441.34,466.31,554.62,110.78,165.5,203.8,91.3,144.64,269.04,122.93,190.52,292.38,3171.59,1681.79,470.17,82.81,242.82,1039.05,386.78,236.8,289.66,438.94,210.04,101.47,3534.63,231.89,129.95,133.14,39.29,55.37,97.81,275.49
20261005,09:13:00,49623.12,44462.62,26154.58,17076.73,124.99,1856.26,441.34,466.31,554.52,110.79,165.46,203.8,91.26,144.64,269.04,122.94,190.52,292.37,3172.19,1681.84,470.23,82.81,242.81,1039.91,386.78,236.8,289.93,438.94,210.09,101.47,3535.47,232.22,129.95,133.14,39.29,55.36,97.81,275.14
20261005,09:13:05,49614.71,44454.2,26156.08,17077.71,124.99,1856.26,441.34,465.97,554.57,110.79,165.45,203.76,91.26,144.65,269.04,122.94,190.52,292.35,3171.48,1681.7,470.22,82.83,243.05,1038.84,386.59,236.8,289.66,438.95,210.08,101.47,3535.67,232.22,129.95,133.15,39.3,55.4,97.81,275.48
20261005,09:13:10,49612.74,44454.38,26149.86,17077.56,124.99,1853.54,441.34,466.05,554.56,110.8,165.45,203.8,91.25,144.65,269.04,122.92,190.52,292.32,3171.5,1681.48,470.02,82.75,242.81,1039.69,386.61,236.81,289.95,438.95,210.08,101.47,3533.77,232.22,130.07,133.15,39.3,55.41,97.81,275.47
20261005,09:13:15,49611.79,44453.23,26151.1,17078.27,124.99,1853.54,441.43,466.28,554.56,110.8,165.45,203.79,91.25,144.66,268.92,122.92,190.52,292.32,3171.39,1681.59,469.99,82.72,242.81,1039.55,386.95,236.81,289.64,438.94,210.12,101.47,3533.96,232.22,130.07,133.16,39.3,55.39,97.82,275.36
20261005,09:13:20,49608.76,44447.81,26157.44,17077.3,124.99,1853.54,441.34,466.54,554.43,110.8,165.47,203.75,91.28,144.88,268.92,123.04,190.63,292.33,3170.98,1681.6,469.5,82.7,242.8,1039.24,386.93,236.81,289.54,438.9,210.06,101.47,3536.21,232.15,129.95,133.16,39.3,55.39,97.82,275.37
20261005,09:13:25,49605.02,44443.38,26160.57,17078.26,124.99,1854.96,441.43,466.59,554.41,110.8,165.47,203.75,91.28,144.66,268.92,123.04,190.63,292.33,3170.6,1681.36,469.49,82.69,242.78,1039.11,387.0,236.81,289.54,438.89,209.97,101.47,3536.92,232.15,130.07,133.16,39.31,55.39,97.82,275.38
20261005,09:13:30,49611.0,44447.87,26163.07,17076.67,124.98,1854.85,441.43,466.59,554.48,110.8,165.48,203.78,91.28,144.66,268.92,122.94,190.63,292.35,3171.0,1681.5,469.65,82.73,242.78,1039.0,387.03,236.66,289.84,439.0,209.87,101.47,3538.14,232.15,129.95,133.29,39.31,55.39,97.82,275.41
20261005,09:13:35,49611.02,44448.01,26164.22,17078.39,124.98,1854.62,441.43,466.55,554.38,110.8,165.5,203.86,91.28,144.66,268.92,123.04,190.63,292.34,3170.97,1681.39,469.87,82.7,242.8,1039.31,387.09,236.94,289.64,438.99,209.89,101.46,3538.03,232.15,130.07,133.29,39.31,55.39,97.82,275.44
20261005,09:13:40,49616.32,44452.19,26166.67,17077.91,125.24,1853.2,441.43,466.55,554.38,110.81,165.47,203.84,91.26,144.66,268.92,123.04,190.64,292.38,3171.32,1681.64,469.81,82.63,242.96,1039.44,387.09,236.92,289.63,439.01,209.89,101.46,3538.93,231.83,130.07,133.28,39.31,55.39,97.82,275.47
20261005,09:13:45,49615.66,44451.58,26166.36,17077.66,125.24,1853.2,441.43,466.55,554.45,110.81,165.48,203.84,91.27,144.66,268.92,122.93,190.64,292.39,3171.27,1681.66,469.84,82.66,242.96,1039.19,387.06,236.92,289.61,439.02,209.89,101.46,3538.9,231.83,130.07,133.3,39.31,55.39,97.82,275.46
20261005,09:13:50,49615.81,44451.85,26166.56,17078.31,125.24,1853.42,441.43,466.55,554.42,110.79,165.46,203.75,91.27,144.67,268.92,123.06,190.64,292.38,3171.28,1682.05,469.79,82.63,242.96,1038.13,387.07,236.92,289.62,439.1,209.87,101.46,3538.78,231.83,130.18,133.1,39.31,55.39,97.82,275.44
20261005,09:13:55,49611.9,44446.48,26173.34,17080.87,125.24,1853.42,441.53,466.55,554.44,110.81,165.51,203.79,91.31,144.67,268.92,123.05,190.64,292.39,3170.78,1681.73,469.61,82.6,242.97,1038.11,387.07,236.94,289.67,439.16,209.89,101.46,3540.21,231.83,130.3,133.06,39.31,55.39,97.82,275.44
20261005,09:14:00,49611.66,44444.69,26178.87,17082.04,125.24,1853.65,441.53,466.55,554.38,110.81,165.54,203.82,91.32,144.68,268.92,123.07,190.64,292.43,3170.61,1681.88,469.54,82.59,242.94,1037.79,387.07,236.93,289.33,439.16,209.88,101.46,3541.62,231.83,130.41,133.05,39.31,55.39,97.82,275.42
20261005,09:14:05,49607.91,44441.33,26179.43,17083.64,125.24,1856.38,441.53,466.56,553.74,110.88,165.54,203.81,91.32,144.68,268.78,123.07,190.64,292.38,3170.3,1681.78,469.27,82.48,242.76,1038.04,387.04,236.93,289.32,439.18,209.95,101.46,3541.36,231.83,130.65,133.05,39.3,55.39,97.82,275.41
20261005,09:14:10,49583.22,44417.65,26175.67,17080.57,125.24,1853.5,441.53,466.63,553.8,110.87,165.53,203.83,91.31,144.47,268.78,122.97,190.64,292.38,3168.47,1679.83,469.5,82.68,242.74,1038.69,386.97,236.94,289.62,439.18,209.87,101.46,3541.02,231.83,130.65,133.06,39.3,55.37,97.82,275.37
20261005,09:14:15,49629.27,44462.48,26178.15,17083.31,125.24,1854.92,441.54,466.56,553.76,110.95,165.51,203.8,91.3,144.68,268.78,123.07,190.69,292.37,3172.02,1682.29,469.51,82.68,242.97,1039.35,386.95,236.95,289.61,439.16,210.0,101.46,3541.05,231.83,130.65,133.08,39.3,55.37,97.82,275.36
20261005,09:14:20,49620.6,44455.45,26173.96,17083.25,125.24,1854.92,441.54,466.58,553.84,110.87,165.51,203.79,91.3,144.67,268.78,123.07,190.65,292.37,3171.45,1682.17,469.57,82.7,242.94,1038.7,386.98,236.94,289.32,439.17,209.96,101.46,3539.75,232.15,130.65,133.06,39.3,55.36,97.82,275.34
20261005,09:14:25,49586.54,44421.41,26178.83,17086.01,125.24,1854.92,441.62,466.66,554.14,110.94,165.51,203.72,91.32,144.45,268.78,123.07,190.65,292.37,3168.64,1679.99,469.63,82.7,242.95,1038.25,386.88,236.94,289.66,439.17,209.99,101.46,3540.53,232.15,130.77,133.06,39.3,55.36,97.82,275.33
20261005,09:14:30,49628.17,44462.13,26185.86,17094.6,125.24,1854.92,442.72,466.65,554.12,110.95,165.53,203.64,91.35,144.45,268.78,123.07,190.65,292.37,3171.72,1682.32,469.73,82.67,242.95,1038.69,386.88,236.94,289.36,439.08,209.96,101.46,3540.39,232.15,130.89,133.06,39.31,55.36,97.82,275.32
20261005,09:14:35,49619.0,44452.97,26188.2,17096.55,125.24,1854.86,442.88,466.65,554.19,110.95,165.56,203.63,91.37,144.46,268.96,123.05,190.65,292.37,3170.93,1682.07,469.71,82.7,242.75,1037.72,386.87,236.95,289.38,439.08,209.99,101.46,3540.59,232.15,130.89,133.06,39.31,55.36,97.82,275.3
20261005,09:14:40,49588.21,44422.6,26190.44,17097.86,125.3,1855.06,442.91,466.82,554.08,110.95,165.6,203.64,91.4,144.25,268.96,123.08,190.76,292.39,3168.45,1680.06,469.79,82.69,242.59,1038.44,386.87,236.95,289.11,439.16,209.99,101.46,3540.94,232.39,130.89,133.06,39.31,55.36,97.82,275.28
20261005,09:14:45,49575.28,44410.09,26188.67,17096.14,125.3,1854.84,442.46,466.83,554.32,110.95,165.61,203.64,91.42,144.47,268.96,123.08,190.91,292.39,3167.48,1679.78,469.66,82.61,242.61,1037.34,386.61,236.94,289.11,439.17,209.98,101.46,3540.85,232.39,131.01,133.06,39.31,55.38,97.82,275.03
20261005,09:14:50,49585.61,44417.35,26200.72,17100.61,125.43,1854.84,443.0,466.82,554.52,110.93,165.57,203.55,91.41,144.47,268.96,123.1,190.91,292.34,3167.96,1679.69,469.8,82.61,242.6,1038.62,386.58,236.95,289.1,439.15,209.99,101.46,3543.4,232.39,131.01,133.06,39.31,55.38,97.82,275.0
20261005,09:14:55,49629.5,44459.7,26199.19,17097.47,125.43,1854.84,442.45,466.82,554.48,111.2,165.61,203.62,91.42,144.26,268.96,123.09,190.91,292.36,3171.45,1682.24,469.7,82.6,242.6,1038.7,386.52,236.93,289.45,439.15,209.99,101.46,3543.78,232.39,131.01,133.06,39.31,55.38,97.82,275.06
20261005,09:15:00,49634.54,44464.42,26219.62,17120.34,125.43,1854.84,444.88,466.84,554.43,111.11,165.65,203.68,91.44,144.47,268.96,123.11,190.91,292.58,3171.28,1682.43,469.95,82.6,242.61,1037.49,386.55,236.95,289.45,439.16,210.01,101.46,3543.95,232.39,131.48,133.06,39.31,55.38,97.82,275.1
20261005,09:15:05,49600.41,44430.69,26220.49,17119.75,125.43,1854.84,444.87,466.72,554.47,111.19,165.63,203.7,91.42,144.47,268.96,123.11,190.91,292.56,3168.58,1679.84,470.28,82.64,242.61,1038.64,386.5,236.94,289.42,439.15,209.96,101.46,3544.38,232.39,131.48,133.08,39.3,55.38,97.82,275.09
20261005,09:15:10,49643.87,44471.23,26222.97,17116.58,125.43,1855.06,444.33,466.72,554.58,111.19,165.63,203.65,91.43,144.28,268.96,123.12,190.83,292.54,3171.92,1682.34,470.42,82.63,242.61,1038.46,386.46,236.95,289.66,439.25,210.02,101.46,3546.02,232.39,131.48,133.08,39.3,55.38,97.82,275.07
20261005,09:15:15,49638.97,44466.62,26224.63,17119.0,125.43,1855.06,444.96,466.49,554.45,111.19,165.65,203.75,91.43,144.06,268.96,123.0,190.87,292.55,3171.49,1682.05,470.61,82.52,242.6,1038.42,386.41,236.96,289.6,439.25,210.14,101.47,3545.88,232.39,131.24,133.08,39.3,55.38,97.83,275.05
20261005,09:15:20,49645.23,44472.94,26234.78,17131.42,125.43,1855.06,445.96,466.49,554.66,111.11,165.84,203.77,91.58,144.25,268.96,123.01,190.87,292.56,3171.7,1682.12,470.52,82.55,242.56,1038.8,386.4,236.95,289.59,439.29,210.28,101.47,3545.68,232.39,131.36,133.08,39.3,55.38,97.83,275.02
20261005,09:15:25,49608.62,44436.89,26234.35,17129.64,125.43,1856.26,445.96,466.57,554.38,111.19,165.64,203.73,91.42,144.25,269.2,122.99,190.87,292.56,3168.84,1679.74,470.75,82.53,242.63,1039.2,386.14,236.95,289.5,439.3,210.32,101.48,3546.03,232.39,131.36,133.08,39.3,55.39,97.83,275.01
20261005,09:15:30,49609.02,44437.85,26236.39,17133.91,125.43,1855.91,446.51,466.57,554.4,111.12,165.64,203.68,91.43,144.25,269.2,122.99,190.9,292.58,3168.81,1679.73,470.92,82.51,242.45,1039.16,386.39,236.95,289.49,439.3,210.33,101.48,3545.5,232.39,131.36,133.18,39.3,55.39,97.83,275.02
20261005,09:15:35,49646.72,44474.51,26237.08,17134.48,125.43,1855.91,446.5,466.31,554.76,111.2,165.62,203.61,91.43,144.04,269.08,122.99,190.9,292.52,3171.75,1682.16,470.73,82.5,242.2,1039.13,386.16,236.95,289.51,439.34,210.32,101.48,3545.56,232.39,131.36,133.28,39.3,55.39,97.81,275.02
20261005,09:15:40,49645.49,44473.51,26233.01,17130.43,125.28,1855.91,446.03,466.4,554.75,111.14,165.63,203.63,91.43,144.25,269.08,123.12,190.9,292.55,3171.77,1682.2,470.66,82.49,242.2,1039.1,386.39,236.94,289.51,439.28,210.18,101.48,3545.39,232.39,131.36,133.27,39.3,55.39,97.81,275.02
20261005,09:15:45,49600.82,44430.21,26224.98,17121.94,125.28,1856.03,444.94,466.32,554.75,111.14,165.63,203.7,91.42,144.04,269.08,123.0,190.9,292.55,3168.49,1679.81,470.64,82.39,242.2,1038.87,386.38,236.94,289.5,439.31,210.23,101.48,3545.19,232.39,131.37,133.27,39.28,55.4,97.81,275.01
20261005,09:15:50,49593.8,44423.83,26220.26,17118.04,125.28,1856.03,444.59,466.31,554.67,111.14,165.6,203.61,91.42,144.04,269.08,123.0,190.9,292.54,3168.06,1679.6,470.53,82.27,242.2,1038.9,386.03,236.94,289.51,439.94,210.24,101.48,3544.77,232.39,131.02,133.27,39.28,55.4,97.81,275.3
20261005,09:15:55,49594.52,44424.96,26220.01,17119.2,125.28,1856.15,444.67,466.39,554.55,111.14,165.59,203.56,91.42,144.04,269.08,123.1,190.87,292.5,3168.13,1679.59,470.39,82.32,242.44,1038.89,386.01,236.92,289.53,439.93,210.21,101.48,3544.38,232.39,131.14,133.27,39.28,55.4,97.81,275.22
20261005,09:16:00,49590.13,44421.26,26217.13,17117.83,125.28,1856.37,444.66,466.31,554.49,111.14,165.6,203.61,91.42,144.04,269.08,123.1,190.87,292.5,3167.86,1679.59,470.57,82.35,242.43,1038.51,386.03,236.93,289.16,439.96,210.19,101.48,3543.85,232.39,131.14,133.25,39.28,55.39,97.81,274.89
20261005,09:16:05,49582.83,44413.82,26222.93,17123.42,125.3,1856.37,445.0,466.31,554.49,111.15,165.6,203.61,91.42,143.83,269.08,122.98,190.87,292.52,3167.13,1679.33,470.55,82.5,242.01,1037.48,386.07,236.9,289.34,439.98,210.22,101.45,3544.15,232.39,131.49,133.27,39.28,55.38,97.81,275.18
20261005,09:16:10,49629.3,44458.82,26224.83,17124.68,125.3,1856.14,445.16,466.44,554.3,110.99,165.61,203.61,91.42,144.04,269.08,123.09,190.89,292.47,3170.73,1681.92,470.9,82.45,241.98,1037.9,386.08,236.67,289.27,440.0,210.24,101.45,3544.4,232.39,131.49,133.26,39.28,55.38,97.81,275.2
20261005,09:16:15,49583.54,44416.37,26217.99,17123.96,125.3,1856.14,445.04,466.44,554.25,110.91,165.6,203.61,91.42,144.04,269.08,123.09,190.89,292.49,3167.32,1679.49,470.87,82.55,241.97,1037.16,386.07,236.66,289.26,439.95,210.29,101.45,3542.46,232.39,131.49,133.36,39.29,55.36,97.81,275.18
20261005,09:16:20,49587.18,44419.97,26221.36,17128.0,125.3,1855.85,445.06,466.43,554.22,110.91,165.61,203.6,91.43,143.84,269.08,123.08,190.89,292.52,3167.51,1679.51,470.71,82.56,241.94,1038.31,386.08,236.66,288.81,440.05,210.23,101.45,3542.41,232.39,132.08,133.33,39.29,55.36,97.81,275.2
20261005,09:16:25,49587.86,44420.47,26211.67,17116.32,125.43,1855.85,443.88,466.43,554.42,110.91,165.61,203.58,91.43,143.84,269.08,123.09,190.89,292.54,3167.84,1679.49,470.66,82.5,241.97,1039.27,385.98,236.66,288.82,440.04,210.28,101.45,3542.56,232.41,131.49,133.33,39.29,55.36,97.81,275.24
20261005,09:16:30,49588.32,44421.51,26217.26,17124.72,125.43,1855.85,444.43,466.43,554.46,110.83,165.58,203.58,91.4,143.82,269.08,123.08,190.86,292.54,3167.72,1679.61,470.47,82.39,241.96,1039.0,386.03,236.67,288.81,440.1,210.28,101.45,3542.02,232.41,132.08,133.35,39.29,55.36,97.81,275.23
20261005,09:16:35,49585.52,44419.12,26211.19,17118.86,125.43,1856.08,443.42,466.4,554.46,110.83,165.75,203.59,91.54,144.04,269.08,123.08,190.86,292.52,3167.67,1679.61,470.68,82.37,241.78,1038.84,386.04,236.66,288.82,440.1,210.27,101.45,3541.71,232.08,132.07,133.35,39.29,55.36,97.81,275.27
20261005,09:16:40,49580.09,44413.82,26214.85,17123.06,125.3,1856.08,443.97,466.4,554.54,110.91,165.78,203.59,91.57,144.04,269.08,123.08,190.86,292.52,3167.14,1679.24,470.64,82.35,241.78,1038.95,386.03,236.64,288.73,440.09,210.26,101.45,3541.72,232.08,132.07,133.35,39.29,55.37,97.81,275.18
20261005,09:16:45,49575.51,44409.96,26205.7,17114.55,125.24,1856.08,442.88,466.48,554.46,110.83,165.78,203.61,91.56,144.04,269.08,123.08,190.9,292.54,3167.03,1679.35,470.59,82.36,241.75,1038.36,386.1,236.64,288.75,440.09,210.26,101.45,3541.17,232.08,132.07,133.31,39.29,55.37,97.81,275.18
20261005,09:16:50,49581.29,44414.75,26206.99,17113.23,125.24,1856.36,442.79,466.32,554.43,110.83,165.56,203.52,91.4,144.04,269.1,123.08,190.9,292.54,3167.45,1679.36,470.59,82.36,241.75,1038.97,386.09,236.66,289.04,440.08,210.43,101.45,3541.93,232.08,132.07,133.28,39.29,55.37,98.09,275.15
20261005,09:16:55,49584.03,44417.85,26206.0,17113.5,125.24,1856.36,442.79,466.34,554.63,110.83,165.59,203.6,91.41,144.04,269.1,123.1,190.9,292.54,3167.69,1679.39,470.59,82.47,241.93,1039.05,386.06,236.66,289.08,440.06,210.44,101.45,3541.55,232.08,132.07,133.28,39.29,55.37,98.09,274.85
20261005,09:17:00,49574.45,44408.47,26202.21,17108.98,125.24,1856.02,442.25,466.36,554.66,110.83,165.59,203.53,91.42,144.04,269.1,122.98,190.9,292.53,3167.05,1679.16,470.65,82.48,241.93,1038.5,386.09,236.66,288.79,439.72,210.42,101.45,3541.59,232.08,132.07,133.32,39.29,55.37,98.09,275.18
20261005,09:17:05,49613.21,44446.71,26189.91,17096.45,125.24,1856.25,441.07,466.36,554.7,110.9,165.58,203.51,91.42,143.82,269.1,123.06,190.9,292.53,3170.43,1681.54,470.73,82.44,241.76,1039.65,386.1,236.65,288.54,439.75,210.42,101.45,3541.15,232.08,131.49,133.32,39.29,55.36,98.09,275.26
20261005,09:17:10,49572.9,44406.92,26193.87,17099.26,125.24,1856.25,441.08,466.2,554.58,110.82,165.59,203.56,91.42,143.82,269.1,122.94,190.9,292.53,3167.15,1679.04,470.79,82.5,241.94,1039.3,386.11,236.65,288.5,439.7,210.37,101.45,3541.63,232.08,132.08,133.32,39.29,55.36,98.09,275.25
20261005,09:17:15,49568.39,44403.24,26182.15,17088.18,125.24,1854.84,440.46,466.2,554.58,110.81,165.53,203.47,91.38,143.61,269.1,123.06,190.75,292.53,3167.12,1678.96,470.84,82.47,241.93,1039.53,386.11,236.64,288.47,439.58,210.32,101.45,3540.98,232.1,131.49,133.32,39.29,55.36,98.09,275.22
20261005,09:17:20,49564.13,44400.82,26176.05,17086.96,125.24,1853.42,440.46,466.22,554.58,110.83,165.54,203.37,91.42,143.82,268.96,122.94,190.75,292.53,3166.96,1678.72,470.71,82.47,241.76,1040.06,386.11,236.62,288.54,439.55,210.29,101.45,3539.4,232.1,131.49,133.32,39.29,55.36,98.09,275.2
20261005,09:17:25,49560.96,44397.57,26178.05,17088.74,125.11,1853.5,440.98,466.22,554.33,110.83,165.53,203.33,91.42,143.81,268.96,122.95,190.75,292.53,3166.65,1678.64,470.71,82.55,241.78,1039.34,386.23,236.61,288.6,439.58,210.29,101.45,3539.54,232.08,131.49,133.31,39.29,55.36,98.09,274.92
20261005,09:17:30,49600.01,44435.28,26184.44,17094.96,125.11,1854.94,440.97,466.27,554.39,110.91,165.55,203.38,91.42,143.81,268.96,122.99,190.75,292.53,3169.54,1680.88,470.6,82.53,241.77,1039.35,386.59,236.61,288.64,439.58,210.29,101.45,3539.85,232.08,132.08,133.31,39.29,55.36,98.08,274.94
20261005,09:17:35,49605.48,44440.48,26181.8,17091.44,125.11,1854.94,440.35,466.52,554.23,110.83,165.58,203.38,91.45,143.81,268.96,122.99,190.75,292.53,3170.05,1681.27,470.5,82.56,241.82,1039.31,386.65,236.63,288.66,439.63,210.31,101.45,3539.98,232.08,132.08,133.31,39.29,55.36,98.08,275.24
20261005,09:17:40,49571.29,44405.12,26191.27,17095.49,125.05,1854.94,440.89,466.53,554.29,110.91,165.56,203.38,91.43,143.59,268.96,122.96,190.75,292.52,3167.1,1678.69,470.46,82.59,241.82,1040.17,386.64,236.63,288.7,439.6,210.34,101.45,3541.84,232.38,132.08,133.31,39.29,55.36,98.08,275.18
20261005,09:17:45,49567.12,44402.74,26182.47,17091.0,125.05,1854.94,440.9,466.4,554.33,110.99,165.56,203.4,91.42,143.58,268.96,122.96,190.79,292.54,3167.02,1678.7,470.53,82.58,241.71,1039.99,386.65,236.63,288.7,439.63,210.34,101.45,3540.31,232.38,131.49,133.31,39.29,55.36,98.08,275.16
20261005,09:17:50,49567.75,44402.87,26187.78,17095.51,125.05,1854.94,440.9,466.4,554.23,110.9,165.58,203.43,91.43,143.58,268.96,123.08,190.79,292.54,3166.92,1678.78,470.34,82.54,241.73,1039.4,386.46,236.63,289.01,439.66,210.3,101.45,3540.74,232.31,132.08,133.3,39.29,55.36,98.08,275.12
20261005,09:17:55,49561.55,44397.27,26186.6,17095.6,125.05,1854.94,440.98,466.39,554.22,111.0,165.63,203.48,91.47,143.58,268.96,123.08,190.79,292.62,3166.46,1678.5,470.41,82.54,241.48,1039.37,386.5,236.57,288.99,439.63,210.16,101.45,3540.35,232.33,132.08,133.28,39.29,55.36,98.08,275.08
20261005,09:18:00,49556.73,44393.21,26176.12,17085.67,125.05,1854.94,440.36,466.4,554.31,110.9,165.62,203.41,91.47,143.8,269.08,122.95,190.93,292.62,3166.38,1678.59,470.34,82.46,241.68,1039.33,386.5,236.43,288.68,439.6,210.15,101.45,3539.77,232.33,131.48,133.27,39.29,55.36,98.08,275.07
20261005,09:18:05,49561.87,44396.53,26175.84,17079.7,125.16,1854.94,439.8,466.4,553.99,110.98,165.58,203.37,91.45,143.59,269.08,123.07,190.93,292.56,3166.79,1678.64,470.31,82.49,241.68,1039.65,386.51,236.44,289.04,439.6,210.19,101.46,3541.3,232.33,131.48,133.18,39.25,55.32,98.08,274.76
20261005,09:18:10,49600.19,44434.14,26175.28,17080.01,125.03,1854.71,439.81,466.46,553.93,110.98,165.59,203.41,91.45,143.58,269.08,123.09,190.89,292.57,3169.81,1680.82,470.23,82.56,241.65,1040.1,386.63,236.2,289.04,439.58,210.25,101.46,3541.05,232.33,131.48,133.18,39.25,55.32,98.08,274.79
20261005,09:18:15,49558.75,44393.99,26173.69,17078.92,125.03,1854.71,439.72,466.2,553.99,110.98,165.58,203.38,91.45,143.58,269.08,123.06,190.89,292.57,3166.6,1678.39,470.16,82.57,241.59,1040.6,386.65,236.2,288.62,439.64,210.21,101.46,3540.85,232.34,131.48,133.17,39.25,55.34,98.08,274.8
20261005,09:18:20,49558.12,44393.64,26178.78,17085.66,125.03,1854.62,439.72,466.28,553.83,110.98,165.55,203.39,91.42,143.78,269.08,123.06,190.89,292.52,3166.41,1678.32,470.09,82.49,241.77,1040.41,386.99,236.2,288.59,439.64,210.52,101.46,3540.6,232.34,132.07,133.17,39.24,55.32,98.08,274.75
20261005,09:18:25,49555.51,44390.26,26175.47,17079.04,125.03,1854.62,439.72,466.28,553.82,110.98,165.54,203.31,91.43,143.57,269.05,123.06,190.89,292.47,3166.3,1678.41,470.04,82.56,241.76,1039.46,386.9,236.19,288.88,439.69,210.4,101.46,3541.37,232.34,131.48,133.17,39.24,55.3,98.08,274.73
20261005,09:18:30,49587.88,44421.8,26179.76,17083.97,125.03,1854.62,439.73,466.25,553.79,110.9,165.53,203.26,91.43,143.57,269.05,123.06,190.89,292.45,3168.72,1680.56,469.94,82.52,241.77,1039.49,386.88,236.2,288.29,439.73,210.36,101.46,3541.37,232.34,132.07,133.17,39.24,55.3,98.08,275.04
20261005,09:18:35,49537.13,44372.59,26174.43,17078.65,125.03,1853.2,439.73,466.17,553.83,110.9,165.54,203.34,91.43,143.57,269.05,123.07,190.92,292.4,3164.88,1678.17,469.77,82.47,241.77,1038.1,386.94,236.2,288.22,439.69,210.36,101.46,3541.15,232.34,131.48,133.18,39.24,55.28,98.08,275.04
20261005,09:18:40,49534.88,44370.4,26173.47,17077.55,125.03,1853.27,439.02,466.25,553.88,110.9,165.52,203.28,91.42,143.57,269.05,123.06,190.92,292.43,3164.73,1678.04,469.68,82.57,241.78,1038.1,386.93,236.21,288.2,439.72,210.4,101.47,3541.15,232.34,132.07,133.16,39.24,55.26,98.08,274.72
20261005,09:18:45,49543.07,44376.18,26178.86,17076.42,125.03,1853.27,439.64,466.17,553.87,110.9,165.53,203.28,91.43,143.57,269.05,122.96,190.92,292.4,3165.23,1678.17,469.72,82.6,241.78,1038.74,386.95,236.24,288.21,439.68,210.39,101.47,3543.14,232.34,131.48,133.28,39.24,55.25,98.08,274.64
20261005,09:18:50,49586.67,44419.06,26181.22,17080.44,125.03,1853.49,439.55,466.17,553.8,110.9,165.53,203.28,91.43,143.78,269.05,122.94,190.92,292.37,3168.59,1680.79,469.64,82.57,242.03,1038.64,386.95,236.24,288.16,439.68,210.39,101.47,3542.78,232.34,132.07,133.28,39.24,55.25,98.08,274.64
20261005,09:18:55,49546.73,44379.12,26180.19,17075.84,125.03,1853.49,438.99,466.04,553.84,110.9,165.54,203.34,91.42,143.78,269.05,122.94,190.74,292.34,3165.48,1678.33,469.82,82.63,242.03,1038.44,386.92,236.24,288.23,439.68,210.33,101.47,3543.71,232.34,132.07,133.31,39.24,55.25,98.08,274.64
20261005,09:19:00,49586.58,44417.88,26181.78,17077.42,125.03,1853.49,439.07,465.97,553.81,110.9,165.53,203.39,91.4,143.57,269.05,123.05,190.74,292.36,3168.56,1680.76,469.72,82.6,242.03,1038.37,386.91,236.21,288.3,439.68,210.43,101.47,3543.78,232.34,132.07,133.31,39.24,55.24,98.07,274.65
20261005,09:19:05,49552.39,44383.85,26175.69,17068.01,124.9,1853.49,438.54,465.84,553.78,110.9,165.51,203.36,91.39,143.59,269.05,123.05,190.74,292.36,3166.05,1678.37,469.65,82.49,242.05,1039.72,386.98,236.21,288.49,439.62,210.44,101.47,3544.43,232.34,131.47,133.31,39.24,55.25,98.07,274.65
20261005,09:19:10,49540.89,44372.3,26172.52,17063.21,124.9,1853.49,437.37,465.84,553.78,110.82,165.71,203.33,91.57,143.81,269.05,122.82,190.74,292.37,3165.23,1678.4,469.35,82.49,242.05,1037.98,386.75,236.21,288.56,439.67,210.15,101.47,3544.75,232.34,132.06,133.6,39.24,55.24,98.07,274.66
20261005,09:19:15,49541.55,44373.23,26171.81,17063.35,124.9,1853.43,437.45,465.71,553.79,110.91,165.71,203.32,91.57,143.6,269.05,122.81,190.74,292.37,3165.3,1678.28,469.61,82.5,241.89,1038.43,386.75,236.21,288.51,439.52,210.16,101.47,3544.49,232.34,132.06,133.6,39.24,55.23,98.07,274.66
20261005,09:19:20,49542.94,44375.42,26173.51,17068.1,124.9,1853.43,437.36,465.62,553.83,110.83,165.73,203.39,91.57,143.81,269.05,122.8,190.74,292.4,3165.37,1678.4,469.37,82.51,242.06,1038.42,386.49,236.21,288.45,439.52,210.17,101.47,3543.73,232.34,132.66,133.57,39.24,55.26,98.07,274.69
20261005,09:19:25,49540.09,44375.09,26171.16,17073.58,124.9,1854.85,437.99,465.62,553.82,110.81,165.72,203.32,91.57,143.81,269.05,122.93,190.74,292.4,3165.21,1678.27,469.3,82.5,242.1,1038.48,386.48,236.37,288.46,439.52,210.16,101.47,3541.51,232.36,132.66,133.57,39.24,55.25,98.07,274.66
20261005,09:19:30,49534.77,44370.1,26166.76,17069.22,124.9,1854.85,437.44,465.62,553.82,110.81,165.72,203.41,91.55,143.81,269.05,122.88,190.74,292.4,3164.91,1678.22,469.33,82.51,242.17,1037.84,386.46,236.37,288.43,439.51,210.12,101.47,3541.32,232.29,132.67,133.67,39.27,55.25,98.07,274.66
20261005,09:19:35,49535.18,44370.51,26166.45,17068.86,124.9,1854.85,437.53,465.61,553.82,110.83,165.73,203.45,91.55,143.81,269.05,122.75,190.74,292.41,3164.95,1678.35,469.09,82.5,242.17,1037.84,386.47,236.37,288.42,439.53,210.09,101.47,3541.32,232.29,132.67,133.67,39.27,55.25,98.07,274.66
20261005,09:19:40,49538.83,44374.12,26170.11,17073.28,124.9,1854.85,437.99,465.63,553.77,110.83,165.72,203.41,91.55,143.81,269.05,122.88,190.74,292.38,3165.14,1678.42,469.17,82.49,242.15,1037.64,386.45,236.35,288.72,439.57,210.08,101.47,3541.26,232.29,132.67,133.76,39.26,55.24,98.07,274.76
20261005,09:19:45,49575.46,44408.11,26170.23,17067.69,124.77,1854.85,437.91,465.63,553.73,110.83,165.73,203.43,91.55,143.81,269.05,122.86,190.74,292.39,3168.01,1680.88,469.14,82.45,242.0,1037.55,386.47,236.36,288.39,439.56,210.1,101.5,3542.81,232.29,132.07,133.77,39.26,55.25,98.06,274.8
20261005,09:19:50,49531.04,44367.27,26168.08,17073.4,124.77,1853.43,437.9,465.63,553.78,110.83,165.91,203.4,91.71,143.81,269.05,122.86,190.69,292.39,3164.58,1678.39,468.89,82.43,242.0,1037.4,386.5,236.39,288.37,439.59,210.04,101.5,3540.59,232.29,132.67,133.77,39.26,55.25,98.06,274.8
20261005,09:19:55,49526.31,44364.94,26166.02,17078.68,124.83,1853.43,438.52,465.61,553.74,110.91,165.89,203.35,91.7,143.81,269.05,122.88,190.73,292.39,3164.27,1678.24,468.99,82.37,241.99,1037.28,386.48,236.39,288.23,439.59,210.08,101.5,3538.52,232.29,132.67,133.77,39.26,55.26,98.06,274.82
20261005,09:20:00,49526.74,44364.73,26158.97,17068.45,124.77,1853.4,437.89,465.61,553.74,110.75,165.89,203.36,91.7,144.23,269.05,122.86,190.73,292.39,3164.5,1678.47,468.92,82.4,242.01,1037.16,386.48,236.39,288.22,439.5,210.01,101.5,3539.09,232.29,132.1,133.74,39.26,55.25,98.07,274.8
20261005,09:20:05,49532.36,44368.5,26170.95,17076.51,124.77,1853.31,438.36,465.61,553.81,110.74,165.9,203.41,91.7,144.23,269.05,122.87,190.73,292.39,3164.61,1678.34,468.82,82.42,242.25,1037.3,386.49,236.37,288.5,439.4,210.01,101.51,3540.64,232.24,132.7,133.74,39.26,55.25,98.08,274.72
20261005,09:20:10,49531.08,44366.07,26174.89,17077.07,124.77,1853.31,438.44,465.61,553.75,110.74,165.88,203.33,91.7,144.23,269.05,122.85,190.71,292.39,3164.4,1678.25,468.96,82.34,242.2,1037.15,386.4,236.38,288.49,439.33,210.01,101.51,3541.72,232.24,132.7,133.84,39.26,55.26,98.08,274.8
20261005,09:20:15,49531.44,44366.72,26173.18,17076.1,124.77,1853.4,438.36,465.61,553.7,110.81,165.83,203.37,91.65,144.23,268.87,122.98,190.71,292.42,3164.47,1678.07,468.92,82.34,242.16,1037.81,386.4,236.39,288.61,439.13,210.01,101.51,3541.45,232.22,132.7,133.84,39.27,55.26,98.08,274.73
20261005,09:20:20,49523.11,44358.75,26167.65,17070.26,124.77,1853.4,437.65,465.53,553.67,110.74,165.82,203.4,91.64,144.22,268.87,122.98,190.71,292.38,3163.97,1677.82,468.83,82.28,242.14,1037.64,386.42,236.38,288.59,439.11,210.01,101.51,3541.31,232.22,132.7,133.88,39.27,55.25,98.08,274.72
20261005,09:20:25,49517.32,44353.41,26167.36,17070.94,124.77,1853.4,437.73,465.53,553.67,110.74,165.82,203.39,91.64,144.22,268.87,122.99,190.71,292.42,3163.52,1677.82,468.65,82.27,242.11,1037.17,386.42,236.38,288.3,439.14,210.0,101.51,3541.04,232.27,132.7,133.89,39.27,55.25,98.08,274.65
20261005,09:20:30,49479.44,44314.71,26165.21,17062.43,124.77,1854.81,437.17,465.4,553.67,110.74,165.81,203.39,91.63,144.23,268.99,122.99,190.74,292.4,3160.61,1675.6,468.7,82.28,242.14,1037.18,386.4,236.38,288.18,439.15,209.98,101.51,3542.68,232.27,132.1,133.89,39.27,55.26,98.08,274.65
20261005,09:20:35,49524.82,44359.52,26164.52,17063.64,124.9,1854.81,437.17,465.4,553.7,110.73,165.81,203.4,91.63,144.44,268.99,122.99,190.78,292.42,3164.19,1678.09,468.83,82.29,242.26,1037.71,386.51,236.38,288.18,439.21,210.01,101.51,3542.13,232.27,132.1,133.88,39.27,55.26,98.08,274.63
20261005,09:20:40,49521.25,44356.46,26162.54,17062.75,124.9,1853.4,436.63,465.4,553.75,110.73,165.82,203.46,91.62,144.23,268.99,122.99,190.78,292.35,3163.97,1678.09,468.9,82.29,242.29,1037.07,386.52,236.38,288.2,439.15,209.91,101.56,3541.75,232.23,132.71,133.92,39.28,55.26,98.08,274.63
20261005,09:20:45,49483.26,44319.22,26162.22,17061.65,124.9,1853.3,437.17,465.4,553.77,110.73,165.82,203.47,91.62,144.44,268.87,122.99,190.74,292.32,3160.99,1675.82,468.78,82.29,242.11,1037.28,386.51,236.38,288.2,439.08,209.9,101.56,3541.95,232.23,132.11,133.92,39.28,55.26,98.08,274.59
20261005,09:20:50,49486.62,44322.19,26168.42,17067.76,124.9,1853.3,437.17,465.32,553.83,110.72,165.82,203.48,91.62,144.44,268.87,122.98,190.74,292.35,3161.08,1675.76,468.84,82.28,242.11,1037.05,386.83,236.38,288.61,439.11,210.01,101.56,3542.23,232.23,132.71,133.92,39.28,55.26,98.08,274.61
20261005,09:20:55,49521.19,44355.95,26162.98,17061.76,124.9,1853.3,436.55,465.32,553.61,110.72,165.82,203.46,91.62,144.44,268.87,122.86,190.74,292.35,3163.95,1678.24,468.78,82.26,242.09,1036.34,386.83,236.38,288.63,439.11,210.01,101.56,3542.16,232.23,132.71,133.92,39.28,55.26,98.08,274.62
20261005,09:21:00,49521.66,44354.91,26160.75,17054.17,124.9,1853.3,436.08,465.32,553.55,110.72,165.8,203.42,91.62,144.23,268.87,123.0,190.7,292.35,3164.05,1678.23,468.83,82.22,241.92,1037.15,386.83,236.38,288.32,439.2,210.03,101.56,3543.52,232.23,132.11,133.92,39.28,55.25,98.08,274.65
20261005,09:21:05,49486.29,44320.54,26163.8,17058.02,124.9,1853.42,436.62,465.22,553.74,110.64,165.78,203.35,91.61,144.44,268.87,122.98,190.68,292.35,3161.19,1675.78,468.94,82.17,241.92,1037.52,386.83,236.38,288.6,439.06,210.03,101.57,3543.43,232.23,132.11,133.92,39.27,55.25,98.08,274.63
20261005,09:21:10,49491.88,44326.06,26158.5,17052.14,124.9,1853.05,436.08,465.22,553.87,110.64,165.59,203.4,91.45,144.23,268.87,122.82,190.68,292.35,3161.77,1675.92,469.0,82.13,241.92,1038.57,386.82,236.39,288.53,439.13,210.03,101.67,3543.37,232.23,132.11,133.92,39.28,55.26,98.08,274.9
20261005,09:21:15,49523.46,44357.88,26154.44,17050.97,124.9,1853.07,435.91,465.3,553.94,110.64,165.59,203.42,91.45,144.23,268.87,122.82,190.64,292.36,3164.36,1678.33,468.86,82.15,241.92,1037.41,386.82,236.4,288.54,439.13,210.1,101.67,3542.42,232.23,132.11,133.92,39.28,55.26,98.08,274.6
20261005,09:21:20,49525.01,44359.32,26154.94,17051.34,124.9,1853.07,435.37,465.38,553.95,110.64,165.58,203.38,91.44,144.23,268.87,122.83,190.64,292.36,3164.47,1678.38,468.8,82.16,241.8,1038.07,386.8,236.4,288.23,439.07,210.07,101.67,3542.48,232.23,132.71,134.02,39.28,55.22,98.08,274.57
20261005,09:21:25,49484.74,44319.63,26159.18,17054.69,124.9,1853.07,435.91,465.3,553.94,110.61,165.58,203.39,91.45,144.24,268.87,122.81,190.5,292.35,3161.19,1675.82,468.77,82.12,241.57,1038.02,386.82,236.39,288.58,439.07,210.06,101.67,3542.89,232.25,132.71,134.02,39.28,55.22,98.08,274.51
20261005,09:21:30,49525.51,44358.94,26152.98,17046.2,124.9,1853.07,435.37,465.38,553.95,110.61,165.58,203.4,91.44,144.24,268.87,122.8,190.64,292.36,3164.56,1678.38,468.8,82.11,241.57,1038.14,386.67,236.39,288.58,439.04,210.03,101.67,3543.26,232.25,132.11,134.12,39.28,55.24,98.08,274.51
20261005,09:21:35,49525.16,44357.6,26160.02,17050.94,124.9,1854.49,435.37,465.38,553.83,110.6,165.59,203.41,91.45,144.23,268.87,122.81,190.64,292.35,3164.34,1678.39,468.8,82.08,241.8,1037.63,386.67,236.39,288.44,439.03,210.0,101.67,3544.17,232.25,132.7,134.12,39.28,55.24,98.08,274.51
20261005,09:21:40,49520.47,44353.45,26155.94,17047.65,124.9,1854.49,434.91,465.38,553.81,110.6,165.59,203.42,91.45,144.24,268.87,122.78,190.64,292.38,3164.09,1678.27,468.91,82.07,241.52,1037.67,386.67,236.46,288.34,439.0,210.0,101.67,3543.79,232.25,132.7,134.13,39.28,55.22,98.27,274.51
20261005,09:21:45,49523.21,44355.44,26159.6,17049.57,124.9,1854.62,434.83,465.38,553.82,110.61,165.78,203.4,91.61,144.24,268.87,122.78,190.64,292.37,3164.2,1678.31,469.09,82.07,241.89,1037.09,387.11,236.46,288.46,439.0,210.02,101.67,3544.41,232.32,132.7,134.13,39.27,55.22,98.27,274.53
20261005,09:21:50,49486.05,44319.26,26158.02,17047.86,124.9,1854.62,434.82,465.46,553.82,110.62,165.59,203.44,91.44,144.24,268.87,122.78,190.64,292.38,3161.33,1676.0,469.0,82.05,241.89,1037.28,387.12,236.53,288.64,438.98,210.01,101.67,3544.39,232.32,132.7,134.23,39.27,55.24,98.27,274.54
20261005,09:21:55,49526.53,44358.09,26160.13,17048.22,124.9,1854.62,434.83,465.76,553.82,110.54,165.56,203.36,91.44,144.24,268.87,122.78,190.64,292.31,3164.45,1678.34,468.64,82.03,241.89,1037.89,387.09,236.53,288.63,438.95,210.04,101.67,3544.95,232.32,132.7,134.33,39.27,55.25,98.28,274.56
20261005,09:22:00,49524.16,44356.42,26158.69,17048.72,124.9,1853.79,434.82,465.84,553.88,110.54,165.56,203.35,91.44,144.24,268.87,122.78,190.64,292.31,3164.3,1678.17,468.65,82.05,241.91,1037.97,387.29,236.52,288.62,438.96,210.09,101.67,3544.36,232.32,132.7,134.42,39.27,55.25,98.28,274.53
20261005,09:22:05,49487.38,44320.91,26157.87,17048.87,124.9,1853.79,435.53,465.92,554.23,110.54,165.57,203.45,91.42,144.03,268.87,122.77,190.63,292.29,3161.44,1675.94,468.57,82.02,241.91,1038.16,387.39,236.52,288.62,438.88,209.94,101.7,3544.06,232.64,132.11,134.42,39.27,55.23,98.28,274.53
20261005,09:22:10,49481.99,44315.02,26163.66,17053.39,124.77,1853.79,436.08,465.82,554.21,110.53,165.57,203.47,91.42,144.03,268.87,122.76,190.65,292.29,3160.85,1675.93,468.39,82.0,241.91,1037.38,387.47,236.52,288.35,438.8,210.06,101.7,3544.65,232.64,132.11,134.43,39.27,55.25,98.28,274.49
20261005,09:22:15,49479.7,44312.82,26163.65,17053.5,124.77,1853.87,436.17,466.2,554.29,110.53,165.58,203.51,91.42,144.03,268.87,122.76,190.65,291.84,3160.67,1675.65,468.56,81.95,241.54,1038.13,387.48,236.42,288.31,438.8,210.04,101.7,3544.61,232.64,132.11,134.43,39.27,55.25,98.28,274.51
20261005,09:22:20,49479.54,44312.87,26171.11,17062.77,124.9,1853.87,436.8,466.13,554.26,110.53,165.59,203.58,91.42,144.03,268.87,122.75,190.61,291.84,3160.45,1675.41,468.44,81.95,241.55,1038.44,387.49,236.41,288.3,438.76,210.03,101.7,3544.43,232.64,132.7,134.32,39.27,55.27,98.28,274.48
20261005,09:22:25,49482.82,44314.16,26175.92,17061.91,124.9,1853.87,437.45,466.13,554.17,110.53,165.6,203.62,91.41,144.04,268.87,122.75,190.61,291.86,3160.58,1675.44,468.44,81.87,241.55,1038.93,387.46,236.41,288.22,438.63,210.02,101.7,3546.16,232.64,132.11,134.22,39.27,55.27,98.26,274.49
20261005,09:22:30,49476.62,44308.09,26180.69,17067.26,124.9,1853.87,437.53,466.18,554.12,110.61,165.6,203.67,91.41,144.04,268.87,122.75,190.61,291.85,3159.96,1675.38,468.46,81.84,241.55,1037.55,387.61,236.43,288.3,438.61,210.01,101.7,3546.2,232.64,132.7,134.22,39.27,55.27,98.26,274.48
20261005,09:22:35,49514.06,44344.63,26180.33,17067.09,124.9,1853.64,437.36,466.26,554.08,110.53,165.62,203.7,91.41,144.03,268.87,122.88,190.66,291.84,3162.91,1677.51,468.44,81.81,241.55,1038.05,387.61,236.43,288.3,438.83,210.02,101.7,3546.13,232.64,132.7,134.21,39.27,55.27,98.26,274.47
20261005,09:22:40,49517.21,44348.22,26182.32,17071.13,124.9,1853.64,437.99,466.05,554.09,110.53,165.61,203.66,91.41,144.03,268.87,122.87,190.66,291.84,3163.1,1677.58,468.46,81.8,241.8,1038.07,387.58,236.43,288.32,438.86,210.02,101.69,3545.66,232.64,132.7,134.21,39.26,55.25,98.26,274.49
20261005,09:22:45,49512.16,44346.27,26170.49,17067.47,124.9,1855.06,437.36,466.13,554.1,110.53,165.63,203.71,91.42,144.02,268.87,122.87,190.66,291.84,3163.03,1677.51,468.45,81.79,241.8,1037.79,387.75,236.43,288.58,438.86,210.02,101.69,3542.96,232.64,132.69,134.21,39.26,55.25,98.26,274.49
20261005,09:22:50,49503.85,44338.18,26167.79,17064.36,124.9,1855.06,437.0,465.98,554.0,110.61,165.63,203.71,91.42,144.02,268.87,122.86,190.66,291.87,3162.45,1677.39,468.43,81.78,241.78,1036.99,387.8,236.43,288.47,438.86,210.0,101.69,3542.96,232.62,132.69,134.28,39.25,55.24,98.26,274.49
20261005,09:22:55,49494.03,44327.77,26166.45,17060.01,124.9,1855.06,436.36,465.89,554.08,110.61,165.64,203.74,91.42,144.02,268.87,122.86,190.66,291.87,3161.72,1677.25,468.4,81.71,241.78,1035.99,387.47,236.43,288.39,438.87,210.01,101.69,3543.72,232.62,132.69,134.27,39.24,55.24,98.26,274.49
20261005,09:23:00,49492.34,44325.27,26160.57,17050.38,124.77,1855.06,435.81,466.04,554.15,110.61,165.64,203.75,91.42,144.02,268.87,122.73,190.66,291.84,3161.75,1677.14,468.23,81.67,241.77,1036.68,387.39,236.43,288.38,438.89,210.0,101.69,3544.5,232.62,132.1,134.27,39.24,55.24,98.26,274.49
20261005,09:23:05,49493.67,44326.95,26163.16,17054.64,124.77,1855.06,435.66,465.89,554.09,110.53,165.65,203.8,91.42,144.02,268.87,122.85,190.66,291.84,3161.78,1676.98,468.13,81.72,241.59,1037.04,387.3,236.43,288.68,438.91,210.03,101.69,3544.15,232.62,132.69,134.3,39.24,55.21,98.26,274.52
20261005,09:23:10,49489.18,44322.78,26162.76,17054.86,124.77,1854.69,435.74,465.81,554.09,110.53,165.63,203.72,91.41,144.03,268.87,122.85,190.62,291.87,3161.44,1676.91,468.14,81.83,241.48,1036.7,386.9,236.28,288.46,438.79,210.06,101.69,3543.97,232.62,132.69,134.23,39.24,55.23,98.26,274.53
20261005,09:23:15,49446.53,44281.92,26159.58,17053.54,124.77,1854.69,435.74,465.89,554.07,110.53,165.62,203.73,91.41,144.04,268.87,122.86,190.62,291.84,3158.18,1674.35,468.17,81.87,241.48,1036.76,386.9,236.43,288.43,438.78,209.91,101.69,3543.33,232.62,132.69,134.22,39.24,55.23,98.26,274.59
20261005,09:23:20,49483.23,44317.9,26157.39,17051.75,124.77,1854.69,435.57,465.89,553.96,110.46,165.63,203.76,91.41,144.04,268.87,122.86,190.62,291.84,3161.12,1676.56,468.1,81.82,241.48,1037.21,386.69,236.43,288.39,438.74,209.91,101.67,3543.13,232.62,132.69,134.22,39.24,55.23,98.26,274.62
20261005,09:23:25,49489.56,44324.03,26155.8,17049.8,124.77,1854.69,435.65,465.88,553.75,110.46,165.63,203.77,91.41,144.04,268.87,122.86,190.62,291.64,3161.66,1676.85,468.45,81.83,241.66,1036.91,386.67,236.43,288.49,438.63,209.95,101.67,3543.16,232.26,132.69,133.92,39.24,55.23,98.26,274.62
20261005,09:23:30,49450.97,44286.43,26155.16,17049.07,124.77,1854.69,435.65,465.88,553.79,110.43,165.62,203.71,91.41,144.04,268.87,122.73,190.62,291.64,3158.65,1674.32,468.31,81.81,241.66,1037.57,386.95,236.43,288.58,438.69,209.95,101.67,3543.16,232.26,132.7,133.92,39.24,55.23,98.26,274.6
20261005,09:23:35,49484.22,44318.53,26153.56,17046.22,124.77,1854.69,435.65,465.88,553.77,110.44,165.61,203.68,91.41,144.04,268.87,122.59,190.62,291.64,3161.31,1676.64,468.37,81.82,241.66,1036.83,386.94,236.44,288.44,438.7,209.67,101.67,3543.44,232.26,132.7,133.92,39.24,55.23,98.26,274.92
20261005,09:23:40,49448.87,44284.26,26151.62,17044.58,124.77,1854.69,435.47,465.88,553.7,110.51,165.61,203.69,91.41,144.04,268.87,122.59,190.48,291.63,3158.59,1674.27,468.2,81.85,241.66,1037.6,386.93,236.43,288.57,438.7,209.66,101.67,3543.27,232.26,132.7,133.92,39.23,55.25,98.26,274.85
20261005,09:23:45,49483.56,44317.7,26142.48,17032.85,124.77,1854.69,434.4,465.95,553.7,110.51,165.6,203.63,91.41,144.25,268.87,122.73,190.48,291.63,3161.56,1676.82,468.22,81.84,241.66,1036.91,386.88,236.68,288.51,438.6,209.68,101.69,3543.61,232.26,132.11,133.88,39.23,55.23,98.26,274.85
20261005,09:23:50,49475.77,44311.31,26130.91,17023.56,124.77,1854.79,433.95,465.94,553.66,110.5,165.58,203.61,91.4,144.04,269.05,122.58,190.48,291.63,3161.27,1676.77,468.21,81.81,241.62,1036.1,386.9,236.68,288.81,438.64,209.68,101.69,3542.51,232.26,131.52,133.88,39.24,55.25,98.26,274.85
20261005,09:23:55,49472.55,44307.22,26136.85,17027.23,124.9,1854.79,433.86,466.02,553.65,110.5,165.58,203.63,91.4,144.04,269.05,122.72,190.48,291.58,3160.85,1676.67,468.14,81.8,241.46,1036.01,386.9,236.68,288.52,438.64,209.52,101.71,3543.37,232.19,132.11,133.88,39.2,55.24,98.26,274.9
20261005,09:24:00,49470.43,44305.31,26131.78,17021.9,124.77,1854.79,433.76,465.98,553.64,110.5,165.61,203.65,91.41,144.04,269.05,122.72,190.48,291.58,3160.83,1676.73,468.01,81.79,241.45,1035.92,386.91,236.68,288.54,438.65,209.53,101.71,3543.24,232.19,131.52,133.91,39.2,55.24,98.26,274.92
20261005,09:24:05,49472.99,44308.02,26129.34,17019.81,124.77,1854.79,433.68,466.04,553.44,110.42,165.61,203.68,91.41,144.04,269.05,122.72,190.48,291.56,3161.1,1676.7,468.07,81.83,241.46,1036.41,386.89,236.67,288.61,438.65,209.54,101.71,3543.04,232.19,131.52,133.81,39.2,55.24,97.98,274.91
20261005,09:24:10,49428.22,44264.92,26125.5,17017.17,124.77,1854.79,433.6,466.05,553.45,110.42,165.59,203.6,91.41,144.04,269.05,122.58,190.46,291.56,3157.69,1674.29,468.07,81.85,241.63,1035.94,386.86,236.67,288.3,438.64,209.55,101.71,3542.56,232.19,131.52,133.81,39.19,55.23,97.98,274.62
20261005,09:24:15,49432.35,44269.23,26122.63,17014.78,124.77,1853.37,433.06,466.05,553.44,110.42,165.58,203.62,91.39,144.04,269.05,122.59,190.6,291.52,3158.09,1674.3,467.92,81.86,241.61,1036.64,387.0,236.67,288.6,438.65,209.74,101.71,3542.31,232.19,131.52,133.9,39.19,55.24,97.98,274.6
20261005,09:24:20,49427.83,44265.04,26109.59,17000.5,124.9,1853.37,432.34,465.97,553.36,110.42,165.58,203.61,91.4,144.04,269.05,122.58,190.64,291.54,3158.1,1674.29,467.91,81.87,241.6,1036.65,387.0,236.67,288.62,438.68,209.58,101.71,3542.12,232.16,130.57,133.9,39.19,55.22,97.98,274.62
20261005,09:24:25,49460.49,44296.15,26117.83,17007.62,124.9,1853.37,432.72,465.97,553.33,110.42,165.61,203.59,91.43,143.82,269.05,122.58,190.64,291.55,3160.43,1676.49,467.78,81.88,241.6,1036.07,386.99,236.47,288.21,438.66,209.58,101.71,3542.76,232.16,131.04,133.9,39.19,55.23,97.98,274.85
20261005,09:24:30,49459.92,44295.92,26113.82,17004.09,124.9,1853.37,432.17,466.04,553.35,110.42,165.6,203.56,91.43,143.82,269.05,122.7,190.64,291.53,3160.5,1676.37,467.61,81.86,241.59,1036.39,386.98,236.74,288.53,438.63,209.58,101.71,3542.46,232.16,131.15,133.9,39.19,55.22,97.98,274.49
20261005,09:24:35,49424.3,44261.44,26117.27,17008.8,124.9,1854.69,432.7,466.04,553.3,110.42,165.59,203.52,91.43,143.82,269.05,122.67,190.64,291.53,3157.61,1673.97,467.6,81.86,241.59,1037.16,386.66,236.84,288.38,438.63,209.57,101.71,3542.26,232.16,131.27,133.91,39.19,55.22,97.98,274.48
20261005,09:24:40,49460.56,44298.9,26105.39,17002.26,124.89,1854.69,432.15,465.97,553.03,110.42,165.6,203.57,91.43,143.82,269.05,122.68,190.64,291.53,3160.78,1676.52,467.64,81.86,241.59,1036.4,386.66,236.84,288.71,438.73,209.57,101.71,3540.33,232.16,131.03,133.9,39.19,55.22,97.98,274.47
20261005,09:24:45,49417.56,44257.91,26101.34,17000.66,124.89,1854.69,431.61,466.04,552.93,110.41,165.6,203.57,91.42,143.82,269.05,122.67,190.64,291.55,3157.52,1674.05,467.59,81.88,241.16,1036.64,386.61,236.83,288.73,438.72,209.54,101.71,3539.5,232.16,131.39,133.9,39.19,55.24,97.98,274.47
20261005,09:24:50,49462.38,44300.93,26103.71,17001.2,124.89,1854.47,431.69,466.04,552.93,110.41,165.6,203.56,91.42,143.82,269.05,122.67,190.64,291.55,3160.97,1676.52,467.59,81.87,241.19,1037.2,386.58,236.83,288.73,438.7,209.57,101.69,3540.09,232.16,131.39,133.9,39.19,55.21,97.98,274.5
20261005,09:24:55,49460.98,44299.46,26106.56,17004.16,124.89,1854.47,432.07,466.1,552.84,110.33,165.6,203.56,91.42,143.82,269.05,122.67,190.64,291.59,3160.78,1676.53,467.7,81.85,241.16,1037.12,386.58,236.85,288.39,438.68,209.54,101.69,3540.18,232.16,131.51,133.81,39.19,55.21,97.98,274.52
20261005,09:25:00,49462.21,44298.6,26110.64,17001.92,124.88,1854.47,432.07,466.03,552.66,110.33,165.59,203.52,91.42,143.6,269.05,122.65,190.68,291.56,3160.77,1676.47,467.74,81.86,241.17,1037.2,386.7,236.84,288.38,438.7,209.54,101.69,3542.06,232.21,131.38,133.8,39.19,55.21,97.98,274.53
20261005,09:25:05,49458.95,44295.48,26105.41,16996.11,124.88,1854.47,431.44,466.02,552.67,110.34,165.57,203.47,91.42,143.6,269.05,122.65,190.64,291.52,3160.66,1676.52,467.84,81.87,241.17,1036.21,386.71,236.85,288.74,438.72,209.52,101.69,3542.0,232.21,131.26,133.8,39.19,55.21,97.98,274.55
20261005,09:25:10,49455.32,44291.95,26100.6,16990.57,124.75,1854.47,430.9,466.02,552.71,110.33,165.56,203.42,91.42,143.6,269.05,122.66,190.64,291.52,3160.5,1676.3,467.95,81.86,241.17,1036.82,386.7,236.83,288.42,438.74,209.6,101.69,3542.0,232.21,131.02,133.8,39.19,55.22,97.98,274.54
20261005,09:25:15,49418.71,44256.27,26092.3,16980.99,124.75,1854.47,429.57,466.1,552.72,110.41,165.57,203.41,91.43,143.6,269.05,122.66,190.64,291.51,3157.86,1674.08,467.91,81.83,241.24,1037.0,386.7,236.83,288.73,438.73,209.66,101.69,3542.01,232.21,130.91,133.8,39.19,55.22,97.98,274.54
20261005,09:25:20,49417.42,44252.27,26101.54,16982.43,124.75,1854.69,430.2,466.1,552.2,110.26,165.54,203.28,91.43,143.6,269.05,122.56,190.66,291.5,3157.5,1674.01,467.91,81.84,241.23,1036.8,386.69,236.83,288.42,438.73,209.66,101.69,3544.51,232.21,131.02,133.8,39.19,55.22,97.98,274.18
20261005,09:25:25,49420.53,44255.62,26101.01,16982.89,124.75,1854.58,430.11,466.1,552.32,110.34,165.57,203.38,91.44,143.6,269.05,122.66,190.66,291.49,3157.76,1674.1,467.85,81.82,241.23,1036.78,386.71,236.83,288.75,438.75,209.63,101.69,3544.22,232.21,131.02,133.8,39.19,55.22,97.98,274.13
20261005,09:25:30,49423.73,44258.85,26101.07,16983.37,124.75,1854.58,430.19,466.12,552.32,110.34,165.57,203.38,91.44,143.39,269.05,122.68,190.66,291.49,3158.01,1674.06,467.93,81.79,241.23,1037.52,386.71,236.82,288.71,438.69,209.64,101.72,3544.11,232.22,131.02,133.8,39.19,55.22,97.99,274.12
20261005,09:25:35,49465.47,44298.68,26105.02,16985.09,124.82,1854.58,430.11,466.2,552.31,110.34,165.56,203.35,91.44,143.39,269.05,122.68,190.66,291.46,3161.18,1676.24,467.88,81.77,241.23,1038.28,386.71,236.82,288.8,438.63,209.63,101.72,3544.87,232.55,131.26,133.8,39.19,55.22,97.99,274.12
20261005,09:25:40,49431.06,44265.58,26103.22,16984.43,124.82,1854.58,430.12,465.94,552.08,110.34,165.56,203.33,91.44,142.96,269.05,122.68,190.61,291.42,3158.53,1673.96,468.0,81.77,241.37,1038.76,386.69,236.82,288.8,438.62,209.74,101.72,3544.49,232.55,131.26,133.8,39.19,55.22,97.99,274.12
20261005,09:25:45,49435.29,44270.55,26104.28,16988.53,124.95,1854.58,430.74,466.12,552.15,110.35,165.58,203.35,91.45,142.94,269.05,122.68,190.61,291.38,3158.83,1674.05,467.92,81.82,241.37,1039.16,387.01,236.82,288.79,438.62,209.74,101.72,3543.71,232.55,131.11,133.8,39.19,55.21,97.99,274.11
20261005,09:25:50,49475.03,44309.29,26103.5,16987.69,124.94,1854.73,430.75,466.12,551.84,110.35,165.57,203.34,91.45,143.16,269.05,122.67,190.57,291.32,3161.97,1676.35,467.83,81.81,241.37,1039.7,386.64,236.97,288.79,438.58,209.74,101.72,3543.69,232.55,131.11,133.8,39.19,55.21,97.99,274.15
20261005,09:25:55,49429.98,44267.96,26099.6,16991.76,124.81,1854.73,431.3,466.12,551.84,110.35,165.58,203.36,91.45,143.16,269.05,122.66,190.57,291.3,3158.54,1673.81,468.33,81.78,241.44,1038.84,386.61,236.97,288.8,438.59,209.69,101.72,3541.37,232.55,131.23,133.8,39.19,55.2,97.99,274.17
20261005,09:26:00,49472.54,44309.69,26097.05,16989.73,124.75,1854.73,431.21,466.11,551.81,110.34,165.61,203.37,91.47,142.95,268.93,122.66,190.57,291.23,3161.95,1676.19,468.36,81.74,241.28,1040.2,386.62,236.83,288.47,438.66,209.69,101.72,3541.12,232.48,131.11,133.8,39.19,55.2,97.99,274.19
20261005,09:26:05,49476.63,44313.95,26095.26,16988.58,124.75,1854.73,431.3,466.11,551.42,110.34,165.62,203.42,91.47,143.16,268.93,122.66,190.57,291.22,3162.33,1676.19,468.59,81.74,241.28,1040.43,386.62,236.82,288.8,438.66,209.55,101.66,3540.87,232.48,131.23,133.73,39.19,55.2,97.99,274.12
20261005,09:26:10,49437.65,44276.07,26095.0,16988.63,124.88,1856.15,431.29,466.18,551.4,110.34,165.62,203.39,91.48,143.15,268.93,122.65,190.61,291.25,3159.27,1673.61,468.62,81.78,241.28,1040.92,386.83,236.82,288.84,438.66,209.57,101.66,3540.78,232.55,131.11,133.71,39.15,55.2,97.98,274.1
20261005,09:26:15,49438.14,44276.39,26094.13,16987.1,124.88,1856.15,431.3,466.18,551.4,110.34,165.62,203.4,91.48,143.16,268.72,122.64,190.61,291.23,3159.33,1673.54,468.74,81.78,241.3,1041.29,386.81,236.82,288.74,438.66,209.52,101.66,3540.92,232.55,130.99,133.71,39.16,55.2,97.99,274.1
20261005,09:26:20,49441.12,44278.55,26096.11,16986.89,124.88,1856.15,431.28,466.1,551.41,110.34,165.62,203.38,91.48,143.16,268.84,122.64,190.61,291.23,3159.51,1673.69,468.64,81.81,241.3,1041.17,386.84,236.82,288.84,438.66,209.4,101.66,3541.6,232.55,131.12,133.72,39.16,55.21,97.99,274.11
20261005,09:26:25,49442.42,44280.06,26096.95,16988.67,124.75,1856.15,431.37,466.1,551.73,110.34,165.61,203.36,91.48,143.16,268.84,122.64,190.58,291.28,3159.59,1673.56,468.58,81.84,241.3,1041.74,386.84,236.82,288.84,438.66,209.53,101.66,3541.38,232.54,131.0,133.82,39.16,55.21,97.99,274.08
20261005,09:26:30,49446.84,44284.25,26097.38,16988.76,124.75,1856.15,431.29,466.1,551.94,110.27,165.62,203.39,91.48,142.95,268.84,122.61,190.43,291.3,3159.93,1673.68,468.72,81.86,241.3,1041.63,386.76,236.69,289.13,438.65,209.56,101.66,3541.49,232.54,131.0,133.92,39.16,55.21,97.99,274.09
20261005,09:26:35,49485.82,44323.24,26096.43,16991.04,124.75,1856.52,431.37,466.18,551.94,110.27,165.64,203.39,91.5,142.93,268.84,122.61,190.5,291.3,3163.01,1676.01,468.81,81.84,241.28,1041.64,386.77,236.59,289.21,438.67,209.61,101.66,3540.57,232.54,131.0,134.12,39.16,55.21,97.99,274.11
20261005,09:26:40,49450.12,44288.71,26095.84,16991.22,124.75,1856.43,431.83,466.09,551.93,110.27,165.64,203.37,91.5,142.93,268.84,122.49,190.5,291.08,3160.23,1673.86,468.83,81.83,241.27,1041.63,386.77,236.57,289.21,438.67,209.61,101.66,3540.34,232.54,130.76,134.22,39.16,55.21,97.99,274.11
20261005,09:26:45,49487.47,44324.32,26096.21,16989.04,124.75,1855.01,431.75,466.09,551.93,110.26,165.64,203.36,91.5,142.93,268.84,122.46,190.33,291.02,3163.15,1676.17,468.68,81.81,241.47,1041.61,386.87,236.58,289.11,438.58,209.61,101.66,3541.05,232.54,130.75,134.22,39.16,55.19,97.99,274.11
20261005,09:26:50,49483.34,44320.5,26092.06,16984.95,124.75,1855.01,431.2,465.9,551.9,110.26,165.66,203.4,91.51,142.93,268.84,122.46,190.33,291.03,3162.94,1676.07,469.01,81.81,241.26,1041.68,386.78,236.58,288.79,438.63,209.62,101.66,3540.86,232.54,130.75,134.12,39.16,55.19,97.99,274.11
20261005,09:26:55,49482.25,44319.96,26091.97,16986.58,124.82,1855.01,431.13,465.98,551.97,110.26,165.71,203.45,91.53,143.15,268.84,122.46,190.31,291.0,3162.86,1676.15,469.1,81.9,241.26,1040.57,386.8,236.58,289.11,438.68,209.61,101.66,3540.39,232.54,130.75,134.39,39.16,55.19,97.99,274.13
20261005,09:27:00,49479.05,44316.84,26091.99,16986.6,124.69,1855.01,431.05,465.82,552.19,110.26,165.72,203.5,91.53,143.15,268.84,122.46,190.32,291.0,3162.61,1676.0,468.73,81.9,241.28,1040.46,386.84,236.66,289.39,438.62,209.65,101.66,3540.39,232.54,130.65,134.68,39.16,55.19,97.99,274.14
20261005,09:27:05,49485.81,44323.1,26092.5,16986.1,124.69,1855.1,431.05,465.82,552.2,110.26,165.71,203.46,91.53,143.15,268.82,122.46,190.32,290.99,3163.12,1676.08,468.73,81.88,241.28,1041.52,386.76,236.66,289.36,438.6,209.65,101.66,3540.68,232.53,130.65,134.58,39.15,55.19,97.99,274.14
20261005,09:27:10,49487.9,44324.69,26093.15,16985.37,124.7,1855.09,430.97,465.9,552.22,110.26,165.69,203.5,91.51,142.93,268.82,122.46,190.32,290.99,3163.27,1676.02,468.72,81.88,241.28,1041.94,386.83,236.66,289.43,438.66,209.65,101.66,3541.09,232.53,130.65,134.6,39.16,55.19,97.99,274.14
20261005,09:27:15,49480.79,44318.7,26087.14,16981.58,124.7,1855.09,430.51,465.82,552.16,110.26,165.69,203.49,91.52,142.93,268.82,122.45,190.32,290.99,3162.88,1675.97,468.67,81.87,241.29,1041.24,386.81,236.61,289.42,438.58,209.66,101.66,3540.24,232.53,130.65,134.58,39.16,55.19,97.99,274.1
20261005,09:27:20,49474.86,44312.95,26086.18,16980.55,124.69,1854.72,430.59,465.82,551.94,110.26,165.68,203.51,91.5,142.93,268.82,122.42,190.32,290.98,3162.44,1675.7,468.73,81.87,241.17,1041.16,386.79,236.6,289.36,438.62,209.74,101.66,3540.22,232.53,130.52,134.48,39.16,55.19,97.99,274.16
20261005,09:27:25,49478.83,44314.86,26091.5,16980.13,124.69,1854.72,430.59,465.83,551.85,110.34,165.7,203.55,91.5,143.15,268.82,122.29,190.32,290.97,3162.6,1675.71,468.91,81.88,241.17,1041.44,386.74,236.6,289.28,438.58,209.74,101.66,3542.0,232.53,130.52,134.5,39.16,55.19,97.99,274.21
20261005,09:27:30,49479.73,44314.99,26092.77,16979.08,124.69,1854.49,430.6,465.91,551.16,110.34,165.7,203.56,91.5,143.15,268.82,122.42,190.32,290.96,3162.64,1675.97,468.91,81.85,240.92,1041.43,386.75,236.6,288.92,438.63,209.76,101.66,3542.68,232.53,130.52,134.48,39.16,55.19,97.99,274.21
20261005,09:27:35,49482.91,44320.34,26084.45,16977.05,124.75,1854.49,430.51,465.76,551.16,110.34,165.72,203.65,91.5,142.93,268.82,122.43,190.32,290.93,3163.12,1676.09,468.91,81.87,240.94,1042.16,386.76,236.65,288.93,438.58,209.72,101.66,3540.63,232.6,130.4,134.48,39.16,55.18,97.99,274.23
20261005,09:27:40,49522.13,44362.63,26073.02,16977.56,124.62,1854.49,430.51,465.83,551.16,110.33,165.72,203.62,91.51,143.15,268.82,122.42,190.32,290.96,3166.51,1678.56,468.92,81.84,241.36,1042.25,386.83,236.65,288.92,438.47,209.72,101.64,3536.92,232.53,130.52,134.48,39.16,55.17,97.99,274.23
20261005,09:27:45,49524.9,44366.1,26067.35,16973.62,124.56,1854.49,430.06,465.45,551.12,110.33,165.73,203.62,91.52,143.15,268.87,122.4,190.32,290.98,3166.89,1678.68,468.97,81.82,241.37,1042.3,386.85,236.65,289.28,438.48,209.7,101.64,3536.22,232.53,130.4,134.48,39.16,55.18,97.99,274.6
20261005,09:27:50,49485.74,44327.94,26066.34,16972.46,124.56,1854.49,429.98,465.57,551.07,110.33,165.76,203.71,91.53,142.93,268.87,122.4,190.32,290.98,3163.84,1676.42,468.95,81.82,241.38,1042.38,387.1,236.65,288.97,438.46,209.7,101.64,3536.22,232.53,130.4,134.38,39.16,55.18,97.99,274.54
20261005,09:27:55,49487.31,44329.52,26071.14,16978.13,124.56,1854.31,430.59,465.57,551.07,110.32,165.77,203.68,91.54,143.14,268.84,122.4,190.32,290.96,3163.83,1676.41,469.06,81.87,241.38,1041.8,387.1,236.66,289.29,438.29,209.73,101.64,3536.17,232.53,130.52,134.38,39.16,55.18,97.99,274.56
20261005,09:28:00,49527.76,44369.41,26065.85,16973.67,124.69,1854.28,429.96,465.5,551.05,110.32,165.79,203.69,91.55,143.14,268.84,122.4,190.32,290.96,3167.15,1678.92,469.11,81.9,241.31,1041.77,387.11,236.8,289.39,438.3,209.71,101.64,3535.73,232.53,130.52,134.38,39.16,55.16,97.99,274.56
20261005,09:28:05,49536.98,44376.47,26073.4,16975.91,124.56,1854.51,430.04,465.5,551.33,110.4,165.77,203.65,91.55,143.14,268.84,122.39,190.31,290.96,3167.67,1678.93,469.04,81.95,241.3,1043.06,387.09,236.8,289.28,438.3,209.71,101.64,3537.48,232.53,130.64,134.38,39.16,55.16,97.99,274.56
20261005,09:28:10,49536.36,44375.28,26074.36,16975.05,124.56,1854.51,429.96,465.5,551.33,110.4,165.77,203.65,91.55,143.14,268.84,122.39,190.31,291.01,3167.59,1679.07,469.09,81.97,241.12,1042.47,387.09,236.8,289.35,438.3,209.68,101.64,3538.02,232.53,130.64,134.41,39.12,55.16,97.99,274.55
20261005,09:28:15,49536.53,44376.9,26070.22,16975.17,124.56,1854.41,430.04,465.5,551.32,110.32,165.77,203.62,91.55,143.15,268.84,122.4,190.3,291.01,3167.72,1679.3,469.11,82.01,241.08,1042.45,386.84,236.66,289.03,438.33,209.66,101.64,3536.69,232.53,130.64,134.41,39.12,55.16,97.99,274.54
20261005,09:28:20,49496.85,44338.36,26067.85,16972.85,124.69,1854.41,429.87,465.75,551.26,110.4,165.78,203.64,91.55,143.15,268.84,122.37,190.3,291.04,3164.67,1676.8,469.13,81.99,241.11,1042.51,386.84,236.7,289.33,438.29,209.49,101.64,3536.58,232.53,130.64,134.41,39.12,55.15,97.99,274.56
20261005,09:28:25,49542.62,44380.81,26074.01,16972.73,124.69,1854.31,429.87,465.75,551.28,110.32,165.78,203.65,91.55,143.15,268.84,122.35,190.19,291.0,3168.09,1679.17,469.08,82.0,241.36,1043.1,386.99,236.7,289.34,438.29,209.66,101.64,3538.54,232.53,130.64,134.32,39.12,55.15,97.99,274.22
20261005,09:28:30,49505.26,44343.48,26075.34,16971.17,124.69,1854.31,429.88,465.75,551.25,110.32,165.78,203.65,91.55,143.36,268.84,122.31,190.13,291.0,3165.12,1676.9,469.13,81.98,241.36,1042.98,386.99,236.7,289.36,438.02,209.66,101.63,3539.38,232.53,130.52,134.33,39.12,55.14,97.99,274.22
20261005,09:28:35,49544.92,44381.87,26076.24,16971.36,124.69,1854.31,429.87,465.67,551.29,110.32,165.78,203.65,91.55,143.36,268.84,122.32,190.17,291.0,3168.21,1679.46,469.04,81.93,241.12,1042.97,386.99,236.7,289.27,438.07,209.65,101.63,3539.61,232.53,130.52,134.33,39.13,55.14,97.99,274.26
20261005,09:28:40,49536.72,44374.55,26071.42,16968.04,124.69,1854.31,429.32,465.67,551.49,110.32,165.8,203.67,91.56,143.15,268.84,122.32,190.2,291.02,3167.7,1679.34,469.08,81.85,241.11,1042.26,386.99,236.84,289.26,438.07,209.64,101.63,3539.0,232.53,130.52,134.33,39.13,55.14,97.99,274.27
20261005,09:28:45,49533.0,44373.15,26065.75,16968.98,124.63,1854.31,429.33,465.74,551.49,110.32,165.79,203.62,91.56,143.15,268.84,122.36,190.2,291.02,3167.57,1679.14,469.14,81.85,241.29,1042.2,386.89,236.84,289.35,438.03,209.64,101.63,3536.98,232.53,130.64,134.33,39.13,55.14,97.99,274.27
20261005,09:28:50,49493.31,44333.64,26068.32,16969.12,124.69,1854.31,429.41,465.74,551.49,110.32,165.79,203.66,91.56,143.15,268.84,122.34,190.2,291.01,3164.38,1676.86,469.2,81.87,241.32,1041.64,386.87,236.84,289.32,438.04,209.66,101.63,3537.74,232.53,130.52,134.36,39.13,55.14,97.99,274.3
20261005,09:28:55,49498.57,44338.83,26067.9,16968.84,124.63,1855.72,429.24,465.74,551.76,110.32,165.77,203.65,91.54,143.15,268.84,122.34,190.16,291.01,3164.81,1676.85,469.13,81.87,241.32,1042.37,387.01,236.72,289.57,438.07,209.67,101.63,3537.69,232.53,130.52,134.33,39.09,55.15,97.99,274.32
20261005,09:29:00,49495.53,44336.05,26067.36,16968.87,124.63,1855.72,429.24,465.66,551.76,110.32,165.76,203.64,91.54,143.15,268.84,122.34,190.16,291.01,3164.58,1676.84,469.16,81.87,241.32,1041.81,387.01,236.72,289.6,438.07,209.68,101.63,3537.51,232.53,130.52,134.35,39.09,55.17,97.99,274.26
20261005,09:29:05,49494.48,44334.4,26067.72,16967.16,124.5,1855.72,429.16,465.73,551.95,110.32,165.75,203.64,91.53,143.15,268.72,122.34,190.16,291.01,3164.49,1676.84,469.06,81.87,241.32,1041.79,387.01,236.75,289.54,438.15,209.65,101.63,3538.09,232.53,130.4,134.35,39.08,55.15,97.99,274.26
20261005,09:29:10,49533.7,44373.46,26064.97,16966.84,124.5,1855.72,429.25,465.73,551.95,110.32,165.76,203.61,91.54,143.15,268.72,122.21,190.16,291.02,3167.64,1679.28,468.92,81.7,241.32,1042.44,387.01,236.74,289.35,438.15,209.53,101.63,3537.31,232.53,130.52,134.35,39.08,55.15,97.99,274.26
20261005,09:29:15,49537.86,44377.73,26063.76,16966.16,124.5,1855.72,429.24,465.58,551.95,110.32,165.75,203.62,91.53,143.15,268.72,122.34,190.13,290.82,3168.0,1679.3,469.04,81.75,241.36,1042.97,387.05,236.74,289.34,438.15,209.53,101.62,3537.12,232.53,130.52,134.16,39.08,55.16,97.98,274.25
20261005,09:29:20,49539.49,44379.53,26064.09,16967.28,124.49,1855.72,429.25,465.65,551.95,110.4,165.74,203.59,91.53,143.15,268.72,122.22,190.13,290.81,3168.12,1679.31,469.06,81.76,241.55,1043.06,386.73,236.66,289.34,438.14,209.71,101.62,3536.92,232.53,130.52,134.13,39.08,55.16,97.98,274.27
20261005,09:29:25,49500.91,44341.72,26068.39,16971.46,124.49,1855.72,429.88,465.65,551.95,110.4,165.74,203.58,91.53,143.15,268.72,122.32,190.13,290.86,3164.98,1676.94,469.0,81.7,241.55,1042.96,386.79,236.66,289.42,438.14,209.68,101.62,3537.13,232.53,130.4,134.13,39.08,55.16,97.98,274.29
20261005,09:29:30,49508.06,44348.88,26068.59,16972.35,124.62,1855.66,429.88,465.78,551.91,110.4,165.74,203.6,91.53,143.36,268.72,122.33,190.13,290.84,3165.53,1677.26,469.11,81.72,241.8,1042.92,386.79,236.73,289.43,438.14,209.6,101.62,3536.95,232.53,130.51,134.13,39.08,55.16,97.98,274.3
20261005,09:29:35,49545.36,44385.19,26070.91,16974.9,124.49,1856.03,430.42,465.78,551.9,110.39,165.75,203.62,91.54,143.15,268.72,122.35,190.16,290.83,3168.4,1679.52,468.98,81.71,241.92,1042.8,386.82,236.73,289.43,438.16,209.57,101.62,3536.98,232.53,130.39,134.13,39.08,55.16,97.98,274.33
20261005,09:29:40,49506.14,44347.32,26069.79,16974.74,124.49,1854.61,430.42,465.78,551.91,110.31,165.75,203.63,91.53,143.15,268.72,122.35,190.16,290.84,3165.35,1676.94,468.97,81.78,241.95,1043.33,386.79,236.93,289.46,438.2,209.73,101.65,3536.67,232.53,130.27,134.13,39.08,55.16,97.98,274.31
20261005,09:29:45,49506.2,44346.72,26075.83,16979.52,124.49,1854.61,430.96,465.78,552.22,110.31,165.77,203.7,91.53,142.94,268.72,122.35,190.16,290.79,3165.18,1676.94,468.82,81.79,241.94,1043.21,386.78,236.93,289.35,438.2,209.75,101.65,3537.26,232.53,130.27,134.13,39.08,55.14,97.98,274.31
20261005,09:29:50,49511.79,44351.79,26084.33,16988.05,124.49,1854.61,431.52,465.78,552.21,110.39,165.77,203.73,91.53,142.94,268.72,122.35,190.3,290.77,3165.39,1677.15,468.77,81.8,241.93,1043.09,386.77,236.91,289.35,438.09,209.9,101.65,3537.6,232.53,130.62,134.13,39.08,55.16,97.97,274.27
20261005,09:29:55,49506.17,44346.36,26084.43,16988.27,124.49,1854.61,431.68,465.86,552.22,110.39,165.79,203.76,91.54,142.94,268.72,122.35,190.3,290.82,3164.94,1676.94,468.63,81.82,241.93,1042.64,387.1,236.91,289.44,438.09,209.75,101.65,3537.57,232.53,130.62,134.15,39.08,55.16,97.97,274.28
20261005,09:30:00,49548.15,44387.34,26085.46,16989.71,124.49,1854.61,431.68,465.86,552.22,110.31,165.8,203.78,91.54,143.15,268.72,122.23,190.3,290.82,3168.21,1679.3,468.72,81.82,241.75,1043.19,387.1,236.91,289.44,438.09,209.75,101.65,3537.5,232.53,130.86,134.15,39.08,55.18,97.97,274.29
20261005,09:30:05,49556.29,44392.27,26094.69,16990.3,124.62,1856.03,431.6,465.98,552.22,110.31,165.79,203.76,91.54,143.15,268.72,122.35,190.3,290.84,3168.6,1679.28,469.08,81.86,241.94,1043.39,387.07,236.91,289.56,438.09,209.75,101.65,3540.23,232.21,130.86,134.15,39.08,55.18,97.97,274.26
20261005,09:30:10,49553.79,44389.89,26093.72,16989.38,124.62,1856.03,431.51,465.98,552.13,110.31,165.79,203.77,91.53,143.15,268.72,122.34,190.3,290.86,3168.43,1679.24,469.35,81.85,241.97,1043.28,386.78,236.9,289.24,438.12,209.73,101.65,3540.18,232.2,130.86,134.16,39.08,55.18,97.97,274.26
20261005,09:30:15,49511.98,44349.15,26099.0,16995.46,124.62,1856.03,432.22,465.98,552.44,110.31,165.79,203.78,91.53,142.93,268.72,122.33,190.13,290.86,3165.0,1676.67,469.38,81.84,242.03,1042.63,386.78,236.92,289.53,438.1,209.68,101.65,3540.18,232.22,130.98,134.17,39.08,55.18,97.97,274.28
20261005,09:30:20,49510.24,44349.66,26093.79,16996.82,124.62,1856.13,432.22,465.98,552.49,110.31,165.8,203.82,91.53,143.14,268.72,122.33,190.13,290.82,3165.0,1676.74,469.54,81.85,241.85,1042.62,386.78,236.93,289.36,438.01,209.7,101.65,3538.18,232.22,131.1,134.15,39.08,55.18,97.97,274.27
20261005,09:30:25,49514.91,44354.2,26095.71,16999.03,124.62,1856.13,432.39,466.04,552.63,110.39,165.81,203.9,91.52,143.14,268.72,122.32,190.16,290.8,3165.32,1677.0,469.74,81.86,241.42,1042.59,386.78,236.93,289.45,438.01,209.71,101.65,3538.18,232.22,131.1,134.15,39.08,55.19,97.97,274.27
20261005,09:30:30,49515.57,44355.1,26096.75,17001.08,124.62,1856.13,432.86,466.04,552.63,110.39,165.79,203.85,91.52,143.14,268.72,122.2,190.16,290.8,3165.34,1676.98,469.67,81.87,241.43,1042.86,386.81,236.91,289.37,438.02,209.71,101.65,3537.95,232.22,131.1,134.15,39.0,55.19,97.97,274.23
20261005,09:30:35,49518.1,44357.32,26098.62,17002.38,124.62,1856.13,432.78,466.11,552.58,110.39,165.81,203.88,91.52,143.14,268.72,122.32,190.16,290.8,3165.49,1677.03,469.66,81.87,241.29,1042.73,387.11,236.91,289.68,438.02,209.71,101.65,3538.18,232.22,131.22,134.18,39.0,55.19,97.97,274.21
20261005,09:30:40,49519.35,44358.19,26100.14,17002.98,124.62,1856.36,432.86,466.11,552.68,110.39,165.78,203.83,91.51,143.14,268.72,122.31,190.2,290.8,3165.54,1676.86,469.74,81.88,241.54,1043.46,387.14,236.77,289.37,437.95,209.7,101.65,3538.49,232.22,131.34,133.88,39.0,55.19,97.97,274.23
20261005,09:30:45,49561.49,44399.22,26103.33,17006.52,124.62,1856.36,433.41,466.11,552.66,110.31,165.79,203.88,91.51,143.14,268.72,122.31,190.2,290.8,3168.76,1679.62,469.92,81.81,241.3,1042.85,387.13,236.77,289.32,437.95,209.7,101.65,3538.52,232.22,131.34,133.88,38.96,55.19,97.97,274.19
20261005,09:30:50,49520.55,44360.02,26102.11,17007.47,124.62,1856.36,433.41,466.1,552.69,110.39,165.8,203.86,91.52,143.14,268.72,122.31,190.2,291.02,3165.58,1677.13,469.73,81.76,241.29,1043.29,387.13,236.77,289.29,438.03,209.61,101.65,3537.88,232.54,131.34,133.88,38.96,55.19,97.97,274.24
20261005,09:30:55,49569.45,44405.26,26109.1,17007.43,124.62,1856.36,433.41,466.34,552.66,110.39,165.8,203.88,91.52,142.93,268.72,122.31,190.2,291.04,3169.23,1679.78,469.66,81.76,241.3,1043.75,387.13,236.76,289.36,438.03,209.61,101.65,3540.08,232.54,131.22,133.9,38.96,55.19,97.97,274.54
20261005,09:31:00,49527.1,44364.73,26107.36,17007.88,124.62,1856.36,433.41,466.42,552.76,110.31,165.81,203.92,91.52,143.14,268.72,122.31,190.2,291.04,3165.95,1677.28,469.61,81.78,241.29,1043.69,387.13,236.76,289.36,438.02,209.61,101.65,3539.41,232.54,131.22,133.91,38.96,55.21,97.97,274.48
20261005,09:31:05,49530.41,44369.67,26099.33,17004.41,124.62,1856.42,432.86,466.47,552.75,110.39,165.82,203.94,91.52,143.14,268.75,122.3,190.2,291.03,3166.44,1677.33,469.92,81.79,241.51,1044.2,386.81,236.76,289.37,438.06,209.7,101.65,3537.85,232.54,131.22,133.71,38.96,55.19,97.97,274.49
20261005,09:31:10,49564.84,44403.26,26097.88,17002.86,124.49,1856.42,432.86,466.47,552.75,110.39,165.82,203.97,91.52,142.93,268.75,122.3,190.2,291.07,3169.18,1679.59,469.66,81.82,241.42,1044.18,386.81,236.76,289.25,437.96,209.7,101.65,3537.81,232.54,131.22,133.71,38.96,55.19,97.97,274.2
20261005,09:31:15,49524.51,44367.7,26085.27,17000.87,124.62,1856.42,432.39,466.47,552.71,110.39,165.84,204.03,91.52,142.93,268.75,122.35,190.2,291.1,3166.36,1677.3,469.92,81.86,241.59,1043.76,386.81,236.76,289.49,438.11,209.72,101.64,3534.41,232.54,131.22,133.72,38.96,55.19,97.97,274.23
20261005,09:31:20,49573.49,44414.4,26092.04,17005.24,124.68,1856.42,432.95,466.47,552.71,110.39,165.81,204.1,91.48,142.93,268.75,122.35,190.41,291.1,3170.02,1679.84,469.8,81.86,241.84,1044.46,386.81,236.77,289.53,438.14,209.73,101.64,3535.34,232.54,131.22,133.72,38.96,55.19,98.0,274.24
20261005,09:31:25,49577.75,44419.35,26092.2,17008.11,124.68,1857.84,432.94,466.4,552.72,110.39,165.81,204.14,91.47,142.94,268.75,122.35,190.41,291.1,3170.35,1679.79,469.82,81.88,241.95,1045.24,386.78,236.76,289.53,438.16,209.99,101.64,3534.61,232.54,131.22,133.72,38.95,55.17,98.0,274.27
20261005,09:31:30,49581.69,44423.29,26094.5,17011.07,124.62,1857.84,432.95,466.4,553.25,110.48,165.81,204.16,91.47,143.15,268.75,122.47,190.3,291.09,3170.6,1679.79,469.74,81.89,241.97,1045.46,386.81,236.77,289.86,438.17,209.88,101.63,3534.53,232.54,131.35,133.69,38.95,55.19,98.0,274.27
20261005,09:31:35,49574.9,44414.62,26097.4,17007.56,124.62,1856.42,432.4,466.32,553.28,110.48,165.81,204.18,91.47,143.15,268.75,122.47,190.23,291.06,3169.98,1679.73,469.56,81.92,241.96,1044.65,386.81,236.77,289.59,438.16,210.04,101.63,3536.39,232.56,131.23,133.89,38.95,55.19,98.0,274.26
20261005,09:31:40,49585.47,44422.17,26108.81,17011.46,124.64,1856.42,432.94,466.32,553.3,110.48,165.81,204.18,91.47,143.15,268.99,122.45,190.26,291.01,3170.5,1679.8,469.57,82.06,241.97,1045.57,387.0,236.76,289.41,438.16,210.04,101.63,3538.9,232.56,131.23,133.89,38.95,55.19,98.0,274.26
20261005,09:31:45,49588.0,44423.8,26107.44,17007.07,124.64,1856.42,432.23,466.4,553.4,110.48,165.81,204.16,91.47,143.15,268.99,122.35,190.26,291.01,3170.73,1679.82,469.61,82.07,241.96,1045.94,387.32,236.75,289.43,438.19,210.06,101.63,3539.66,232.56,131.23,133.89,38.95,55.19,98.0,274.55
20261005,09:31:50,49550.5,44387.16,26111.15,17011.02,124.51,1856.42,432.94,466.4,553.34,110.49,165.8,204.17,91.46,143.15,268.99,122.47,190.26,291.01,3167.68,1677.46,469.58,82.09,241.93,1046.0,387.3,236.74,289.43,438.19,209.91,101.63,3539.75,232.56,131.23,133.89,38.95,55.17,98.0,274.61
20261005,09:31:55,49548.57,44383.4,26111.13,17004.73,124.51,1856.42,432.39,466.41,553.33,110.42,165.83,204.24,91.47,143.15,268.75,122.35,190.26,291.01,3167.53,1677.45,469.79,82.13,241.95,1045.41,387.3,236.76,289.39,438.15,209.91,101.63,3541.45,232.24,131.11,133.89,38.95,55.17,98.0,274.66
20261005,09:32:00,49548.31,44385.25,26106.84,17006.79,124.51,1856.19,432.94,466.41,553.33,110.42,165.81,204.2,91.46,143.15,268.75,122.33,190.26,291.06,3167.63,1677.56,469.68,82.13,241.95,1045.4,387.28,236.76,289.42,438.06,209.74,101.63,3539.55,232.24,131.11,133.92,38.95,55.17,98.0,274.66
20261005,09:32:05,49554.32,44389.43,26107.29,17001.7,124.51,1856.19,432.31,466.41,553.53,110.5,165.83,204.27,91.46,143.15,268.75,122.34,190.26,291.05,3168.09,1677.62,469.79,82.07,241.97,1046.38,387.28,236.76,289.32,438.07,209.77,101.63,3541.07,232.24,130.87,133.92,38.95,55.17,98.0,274.67
20261005,09:32:10,49593.87,44429.93,26101.57,17001.72,124.57,1855.97,432.31,466.41,553.5,110.42,165.82,204.27,91.45,143.16,268.75,122.34,190.26,291.1,3171.36,1680.25,469.89,82.11,241.9,1045.82,387.36,236.69,289.41,438.1,209.77,101.63,3539.28,232.24,130.87,133.92,38.95,55.19,98.0,274.66
20261005,09:32:15,49596.81,44432.92,26105.73,17006.92,124.7,1857.42,432.85,466.41,553.52,110.5,165.83,204.28,91.46,143.16,268.75,122.33,190.26,291.07,3171.47,1680.2,469.7,82.16,241.92,1045.91,387.37,236.69,289.73,438.06,209.81,101.63,3539.16,232.24,130.87,133.92,38.95,55.17,97.99,274.66
20261005,09:32:20,49600.56,44436.36,26111.98,17013.42,124.7,1856.0,433.47,466.33,553.62,110.5,165.81,204.27,91.45,143.38,268.75,122.33,190.26,291.1,3171.59,1680.13,469.6,82.14,242.09,1046.42,387.37,236.69,289.72,438.09,209.8,101.63,3539.35,232.24,131.11,133.92,38.95,55.19,98.01,274.66
20261005,09:32:25,49607.19,44442.42,26111.66,17011.7,124.57,1857.42,433.31,466.41,553.67,110.5,165.81,204.28,91.45,143.38,268.63,122.33,190.26,291.1,3172.12,1680.36,469.65,82.07,241.8,1047.39,387.4,236.7,289.62,438.08,209.8,101.63,3539.72,232.24,131.11,133.92,38.95,55.18,98.01,274.38
20261005,09:32:30,49606.29,44441.61,26113.25,17013.77,124.76,1857.11,433.56,466.41,553.69,110.5,165.81,204.25,91.45,143.38,268.63,122.33,190.26,291.1,3172.01,1680.23,469.49,82.07,241.8,1047.68,387.4,236.7,289.64,438.09,209.81,101.61,3539.66,232.24,131.11,133.92,38.95,55.16,98.01,274.36
20261005,09:32:35,49570.03,44405.96,26113.59,17013.06,124.7,1855.69,433.56,466.41,553.67,110.48,165.8,204.25,91.45,143.38,268.63,122.33,190.26,291.1,3169.15,1677.9,469.69,82.08,241.8,1047.83,387.34,236.7,289.65,438.11,209.81,101.58,3539.95,232.24,131.11,133.99,38.95,55.14,98.01,274.39
20261005,09:32:40,49608.79,44443.48,26114.02,17012.75,124.72,1855.69,433.4,466.41,553.71,110.48,165.82,204.25,91.46,143.15,268.6,122.33,190.26,291.11,3172.18,1680.31,469.49,82.08,241.84,1047.78,387.41,236.7,289.64,438.11,209.8,101.58,3540.17,232.24,131.11,133.99,38.95,55.14,98.01,274.69
20261005,09:32:45,49607.71,44444.02,26105.24,17007.94,124.7,1857.11,432.77,466.41,553.58,110.48,165.82,204.23,91.46,143.36,268.6,122.33,190.26,291.11,3172.34,1680.33,469.6,82.08,241.57,1048.85,387.43,236.7,289.15,438.11,209.84,101.57,3538.73,232.24,130.99,133.99,38.95,55.14,98.01,274.71
20261005,09:32:50,49610.81,44446.29,26107.45,17008.0,124.72,1857.11,432.68,466.29,553.63,110.49,165.86,204.33,91.47,143.36,268.6,122.37,190.26,291.09,3172.52,1680.34,469.59,82.05,241.6,1049.32,387.09,236.69,289.16,438.12,209.81,101.57,3539.41,232.24,130.99,134.02,38.95,55.14,98.01,274.73
20261005,09:32:55,49615.95,44452.22,26108.91,17012.77,124.66,1857.11,433.41,466.3,553.68,110.49,165.86,204.35,91.47,143.36,268.6,122.32,190.26,291.08,3172.89,1680.52,469.78,82.08,241.58,1049.39,387.09,236.74,289.17,438.08,209.8,101.57,3538.57,232.2,130.99,134.02,38.95,55.15,98.01,274.71
20261005,09:33:00,49620.67,44457.1,26108.55,17013.3,124.66,1857.11,433.41,466.3,553.68,110.46,165.86,204.34,91.47,143.36,268.6,122.44,190.26,291.08,3173.27,1680.57,469.82,82.07,241.77,1049.51,387.07,236.74,289.5,437.95,209.81,101.57,3538.32,232.2,130.99,134.02,38.95,55.15,98.01,274.71
20261005,09:33:05,49626.77,44462.19,26110.26,17012.4,124.66,1857.11,433.4,466.05,553.68,110.46,165.86,204.35,91.47,143.36,268.6,122.32,190.22,291.09,3173.7,1680.47,469.94,82.13,241.77,1050.03,387.1,236.74,289.95,437.95,209.83,101.57,3539.09,232.2,130.99,134.02,38.95,55.14,98.01,274.72
20261005,09:33:10,49624.89,44462.85,26100.03,17008.98,124.66,1857.11,432.86,466.05,553.65,110.46,165.85,204.33,91.47,143.36,268.6,122.44,190.22,291.09,3173.83,1680.73,469.94,82.14,241.59,1050.08,387.1,236.74,289.64,437.93,209.84,101.57,3536.82,232.2,130.99,134.02,38.95,55.13,98.01,274.72
20261005,09:33:15,49624.0,44464.78,26101.86,17020.47,124.64,1857.11,434.95,466.05,553.65,110.46,165.84,204.29,91.47,143.36,268.6,122.31,190.22,291.08,3173.71,1680.72,470.01,82.14,241.59,1049.89,387.1,236.74,289.53,437.97,209.76,101.57,3534.28,232.2,130.75,134.02,38.95,55.11,98.01,274.69
20261005,09:33:20,49629.88,44468.58,26111.37,17024.92,124.64,1857.11,435.49,466.05,553.65,110.46,165.86,204.33,91.47,143.58,268.6,122.31,190.22,291.08,3173.91,1680.71,470.11,82.13,241.59,1050.06,387.1,236.74,289.73,438.01,209.76,101.57,3536.04,232.21,130.75,134.02,38.95,55.11,98.01,274.69
20261005,09:33:25,49587.84,44427.86,26104.25,17017.53,124.58,1857.33,434.95,466.05,553.6,110.46,165.86,204.35,91.47,143.58,268.6,122.32,190.25,291.04,3170.81,1678.33,469.88,82.12,241.84,1050.05,387.1,236.78,289.73,438.01,209.72,101.57,3535.82,232.21,130.4,133.99,38.95,55.13,98.01,274.69
20261005,09:33:30,49626.88,44465.89,26110.76,17025.02,124.71,1857.23,435.49,466.04,553.61,110.46,165.91,204.55,91.47,143.58,268.6,122.3,190.25,291.06,3173.69,1680.62,469.76,82.12,241.86,1049.93,387.1,236.78,289.75,438.0,209.71,101.57,3535.82,232.21,130.75,134.01,38.95,55.13,98.01,274.68
20261005,09:33:35,49589.3,44429.06,26108.41,17021.58,124.71,1857.23,434.95,466.04,553.61,110.54,165.88,204.48,91.46,143.79,268.6,122.3,190.39,291.06,3170.81,1678.37,469.74,82.11,241.83,1050.06,387.07,236.78,289.75,438.0,209.72,101.57,3536.02,232.21,130.75,134.0,38.95,55.13,98.01,274.7
20261005,09:33:40,49627.59,44465.68,26114.03,17025.77,124.58,1857.23,435.57,466.04,553.69,110.45,165.89,204.54,91.46,143.58,268.6,122.3,190.25,291.06,3173.66,1680.71,469.75,82.1,241.83,1049.65,387.1,236.78,289.75,437.99,209.73,101.57,3536.64,232.21,130.75,134.0,38.95,55.15,98.01,274.76
20261005,09:33:45,49631.32,44469.89,26114.63,17028.39,124.58,1857.23,436.2,466.04,553.6,110.45,165.88,204.5,91.45,143.58,268.6,122.32,190.25,291.06,3173.93,1680.73,470.02,82.1,241.95,1049.4,387.42,236.78,290.07,437.98,209.75,101.57,3536.11,232.21,130.52,134.0,38.99,55.15,98.01,274.71
20261005,09:33:50,49628.3,44467.22,26117.14,17032.18,124.64,1857.23,436.66,466.12,553.6,110.45,165.9,204.57,91.46,143.79,268.6,122.32,190.19,291.06,3173.63,1680.68,470.02,82.08,241.95,1048.89,387.42,236.78,290.06,437.97,209.74,101.57,3535.87,232.21,130.52,134.0,38.99,55.15,98.01,274.67
20261005,09:33:55,49630.5,44469.29,26120.48,17035.74,124.71,1857.25,436.74,466.3,553.6,110.45,165.91,204.6,91.45,143.79,268.6,122.32,190.19,291.07,3173.71,1680.57,470.01,82.09,241.95,1049.85,387.41,236.78,289.71,437.99,209.74,101.57,3535.95,232.21,130.75,134.03,38.99,55.15,98.29,274.69
20261005,09:34:00,49634.49,44470.79,26127.65,17036.01,124.71,1855.79,436.83,466.3,553.56,110.45,165.9,204.59,91.45,143.79,268.6,122.32,190.19,291.04,3173.82,1680.69,469.95,82.09,241.98,1049.79,387.39,236.78,289.7,437.99,209.78,101.56,3538.11,232.21,130.75,134.03,39.0,55.15,98.29,274.72
20261005,09:34:05,49633.86,44470.21,26130.5,17039.4,124.71,1855.57,437.37,466.3,553.56,110.45,165.9,204.6,91.45,143.58,268.6,122.31,190.19,291.07,3173.69,1680.53,470.11,82.08,241.98,1049.79,387.41,236.78,289.73,437.96,209.77,101.56,3538.08,232.21,130.75,134.03,39.0,55.14,98.29,274.72
20261005,09:34:10,49632.64,44469.32,26129.12,17038.82,124.63,1856.99,437.37,466.29,553.56,110.45,165.9,204.61,91.44,143.79,268.6,122.31,190.19,291.07,3173.64,1680.52,470.31,82.06,241.95,1049.52,387.15,236.79,289.79,437.95,209.77,101.56,3537.81,232.21,130.64,134.03,38.96,55.12,98.29,274.72
20261005,09:34:15,49636.02,44472.02,26131.28,17039.34,124.63,1856.99,437.45,466.34,553.62,110.45,165.9,204.6,91.45,143.79,268.6,122.27,190.19,291.06,3173.84,1680.56,470.35,82.08,241.97,1049.74,387.2,236.79,289.83,437.97,209.77,101.56,3538.34,232.21,130.64,134.03,38.96,55.12,98.29,274.72
20261005,09:34:20,49632.45,44468.54,26133.75,17042.18,124.63,1855.57,437.45,466.45,553.73,110.45,166.08,204.56,91.61,143.58,268.6,122.26,190.19,291.06,3173.49,1680.41,470.41,82.03,241.77,1049.61,386.86,236.79,289.82,437.97,209.79,101.56,3538.34,232.21,130.76,134.03,38.96,55.12,98.29,274.74
20261005,09:34:25,49627.12,44465.9,26125.86,17041.63,124.63,1855.57,437.38,466.56,553.67,110.45,166.06,204.49,91.6,143.79,268.6,122.26,190.19,291.06,3173.29,1680.43,470.44,82.07,241.78,1048.88,386.84,236.79,289.92,437.97,209.79,101.56,3536.03,232.21,130.76,134.05,38.96,55.12,98.29,274.73
20261005,09:34:30,49624.91,44462.96,26127.44,17040.83,124.5,1855.67,437.37,466.55,553.59,110.45,166.07,204.55,91.6,143.58,268.84,122.24,190.19,291.06,3173.08,1680.37,470.2,82.07,241.96,1048.46,386.78,236.79,290.06,437.94,209.81,101.56,3536.74,232.21,130.76,134.03,38.96,55.12,98.29,274.74
20261005,09:34:35,49625.93,44463.59,26129.13,17041.53,124.56,1855.66,437.37,466.55,553.65,110.45,166.07,204.57,91.6,143.58,268.6,122.27,190.19,291.03,3173.11,1680.4,470.28,82.06,241.96,1048.39,386.78,236.79,290.04,437.94,209.82,101.56,3537.08,232.21,130.76,134.03,38.96,55.12,98.29,274.81
20261005,09:34:40,49584.1,44423.05,26128.48,17041.52,124.56,1855.88,437.28,466.61,553.76,110.45,166.12,204.57,91.63,143.58,268.6,122.27,190.19,291.03,3169.84,1677.87,470.21,82.09,242.04,1048.33,386.76,236.78,290.07,437.92,209.81,101.56,3536.88,232.21,130.76,133.95,38.96,55.13,98.29,274.77
20261005,09:34:45,49585.5,44424.36,26131.71,17045.05,124.69,1855.88,437.83,466.37,553.76,110.45,166.11,204.55,91.63,143.58,268.6,122.27,190.19,291.03,3169.86,1677.99,470.19,82.06,242.07,1048.05,387.02,236.78,290.07,437.92,209.75,101.56,3536.93,232.21,130.75,133.95,38.96,55.13,98.29,274.82
20261005,09:34:50,49629.82,44465.16,26135.62,17041.57,124.56,1857.3,437.28,466.25,554.01,110.45,166.1,204.5,91.63,143.57,268.6,122.27,190.15,291.03,3173.24,1680.53,470.31,82.04,242.07,1048.01,387.07,236.76,290.16,437.88,209.74,101.56,3539.09,232.21,130.75,133.95,38.96,55.12,98.29,274.82
20261005,09:34:55,49636.45,44468.96,26143.24,17041.41,124.56,1855.88,437.29,466.25,554.01,110.45,166.11,204.54,91.63,143.57,268.72,122.27,190.18,291.05,3173.55,1680.57,470.25,82.06,242.07,1048.54,387.09,236.76,290.24,437.95,209.74,101.56,3541.52,232.21,130.75,133.95,38.96,55.13,98.29,274.81
20261005,09:35:00,49593.66,44427.5,26146.2,17045.59,124.57,1855.88,437.83,466.11,554.01,110.45,166.12,204.59,91.63,143.36,268.72,122.27,190.18,291.06,3170.1,1678.22,470.44,82.06,242.07,1047.35,387.43,237.0,290.24,437.95,209.8,101.56,3541.31,232.17,130.75,133.93,38.96,55.13,98.29,274.83
20261005,09:35:05,49598.45,44433.35,26141.86,17044.59,124.55,1855.88,437.29,466.2,554.03,110.44,166.29,204.58,91.77,143.36,268.72,122.27,190.36,291.06,3170.6,1678.51,470.52,81.98,241.86,1047.93,387.23,237.0,290.21,437.93,209.8,101.56,3540.22,232.17,130.87,133.93,38.96,55.13,98.29,274.81
20261005,09:35:10,49642.1,44472.68,26155.0,17048.99,124.62,1855.88,437.83,466.11,554.13,110.44,166.28,204.53,91.77,143.57,268.72,122.27,190.25,291.06,3173.66,1680.93,470.67,81.93,241.89,1047.35,387.23,237.01,290.47,437.92,209.81,101.56,3543.14,232.17,130.88,133.93,38.96,55.13,98.29,274.77
20261005,09:35:15,49640.18,44470.27,26154.93,17047.12,124.54,1857.3,437.29,466.11,554.1,110.44,166.26,204.52,91.75,143.57,268.72,122.38,190.43,291.03,3173.51,1680.93,470.84,81.89,242.01,1047.12,387.53,237.01,290.17,437.99,209.81,101.56,3543.62,232.17,130.99,133.93,38.96,55.14,98.29,274.76
20261005,09:35:20,49640.93,44472.5,26152.07,17048.82,124.67,1857.3,437.38,466.37,554.08,110.44,166.25,204.5,91.75,143.57,268.72,122.41,190.29,291.03,3173.65,1680.87,471.07,81.94,242.19,1047.07,387.84,237.01,290.2,438.08,209.95,101.56,3542.26,232.17,130.99,133.93,38.96,55.14,98.29,274.43
20261005,09:35:25,49640.25,44471.43,26153.46,17049.06,124.67,1857.3,437.38,466.41,554.08,110.44,166.25,204.55,91.74,143.57,268.72,122.29,190.29,291.03,3173.56,1681.17,471.01,81.9,242.19,1046.15,387.83,237.01,290.14,438.09,209.96,101.56,3542.63,232.17,130.99,133.93,38.96,55.14,98.29,274.73
20261005,09:35:30,49651.13,44478.63,26168.73,17055.25,124.67,1855.84,437.92,466.4,554.13,110.44,166.28,204.52,91.77,143.57,268.75,122.31,190.41,291.25,3173.99,1681.2,470.65,81.89,242.19,1047.07,387.89,237.0,290.44,438.46,209.94,101.55,3545.73,232.17,131.12,133.93,38.96,55.16,98.29,274.71
20261005,09:35:35,49651.34,44478.93,26169.53,17056.5,124.67,1857.26,437.93,466.4,554.13,110.44,166.28,204.54,91.77,143.57,268.75,122.3,190.53,291.52,3173.99,1681.26,470.86,81.88,242.19,1047.04,387.82,237.0,290.15,438.46,209.92,101.55,3545.64,232.17,131.12,133.95,38.95,55.16,98.29,274.71
20261005,09:35:40,49693.8,44517.2,26174.89,17052.27,124.67,1857.26,437.47,466.53,554.06,110.44,166.29,204.56,91.77,143.57,268.75,122.31,190.35,291.52,3177.17,1683.64,470.96,81.91,242.16,1046.84,387.58,237.0,290.44,438.42,209.95,101.55,3548.46,232.17,131.0,133.95,38.95,55.16,98.29,274.71
20261005,09:35:45,49643.48,44472.87,26153.69,17043.6,124.67,1857.26,436.3,466.53,554.01,110.44,166.3,204.56,91.78,143.57,268.75,122.31,190.32,291.52,3173.81,1680.99,470.79,81.91,242.16,1047.51,387.5,237.0,290.17,438.42,209.95,101.55,3544.19,232.17,131.0,133.95,38.95,55.16,98.29,274.7
20261005,09:35:50,49686.05,44514.72,26152.19,17043.13,124.67,1855.84,436.3,466.53,554.08,110.36,166.28,204.52,91.78,143.76,268.89,122.31,190.32,291.52,3177.19,1683.72,470.82,81.91,242.16,1047.08,387.5,237.0,290.21,438.42,209.95,101.55,3543.85,232.17,131.0,133.95,38.95,55.16,98.29,274.68
20261005,09:35:55,49640.82,44470.41,26152.26,17042.4,124.67,1855.77,436.3,466.53,554.08,110.36,166.3,204.5,91.8,143.76,268.89,122.32,190.41,291.52,3173.64,1681.16,470.67,81.88,242.16,1046.78,387.5,237.05,290.17,438.44,209.94,101.55,3544.07,232.17,130.88,133.95,38.95,55.16,98.29,274.68
20261005,09:36:00,49642.81,44472.6,26151.18,17042.01,124.67,1855.77,436.3,466.53,554.05,110.44,166.3,204.46,91.8,143.55,268.89,122.32,190.26,291.5,3173.82,1681.15,470.66,81.88,241.98,1047.44,387.51,237.05,290.16,438.44,209.94,101.55,3543.84,232.17,130.88,133.94,38.95,55.16,98.29,274.68
20261005,09:36:05,49645.45,44473.62,26155.35,17041.6,124.67,1857.19,436.21,466.6,554.08,110.52,166.31,204.51,91.8,143.55,268.89,122.3,190.26,291.44,3173.92,1681.07,470.83,81.84,241.97,1047.42,387.53,237.05,290.47,438.38,209.8,101.54,3545.25,232.17,131.0,133.94,38.95,55.14,98.29,274.7
20261005,09:36:10,49633.96,44463.01,26153.83,17041.79,124.67,1857.19,436.3,466.53,554.12,110.44,166.3,204.49,91.8,143.55,268.89,122.29,190.26,291.41,3173.06,1680.68,470.82,81.82,241.97,1046.73,387.53,237.04,290.38,438.38,209.79,101.54,3544.72,232.17,131.0,133.94,38.95,55.16,98.29,274.61
20261005,09:36:15,49632.43,44462.01,26150.88,17040.05,124.61,1857.19,436.3,466.45,554.12,110.36,166.29,204.43,91.8,143.55,268.89,122.3,190.26,291.41,3173.02,1680.66,470.82,81.72,242.0,1047.27,387.42,237.04,290.07,438.42,209.66,101.54,3544.28,232.17,131.0,133.94,38.95,55.14,98.29,274.69
20261005,09:36:20,49673.1,44502.05,26146.22,17036.1,124.61,1855.77,435.76,466.45,554.1,110.44,166.31,204.45,91.82,143.55,268.89,122.3,190.26,291.41,3176.34,1683.09,470.77,81.68,241.99,1047.64,387.48,237.05,290.2,438.38,209.68,101.5,3543.89,232.24,131.01,133.94,38.95,55.14,98.29,274.65
20261005,09:36:25,49674.46,44502.8,26148.62,17036.92,124.61,1855.77,435.67,466.45,554.1,110.44,166.3,204.41,91.82,143.33,268.89,122.42,190.26,291.41,3176.38,1683.19,470.64,81.68,241.99,1047.69,387.11,237.06,290.14,438.37,209.78,101.5,3544.42,232.24,131.01,133.95,38.95,55.16,98.29,274.65
20261005,09:36:30,49670.55,44498.99,26147.47,17035.6,124.61,1855.73,435.68,466.44,554.02,110.44,166.3,204.4,91.82,143.33,268.89,122.3,190.13,291.4,3176.11,1683.31,470.54,81.69,241.81,1046.93,387.11,237.06,290.14,438.37,209.78,101.5,3544.42,232.24,131.01,133.95,38.95,55.14,98.29,274.66
20261005,09:36:35,49666.43,44494.75,26145.62,17032.74,124.61,1855.73,435.58,466.31,554.02,110.44,166.28,204.36,91.8,143.55,268.89,122.3,190.1,291.4,3175.83,1683.15,470.54,81.68,241.78,1046.84,387.13,237.06,290.13,438.28,209.79,101.5,3544.62,232.31,130.77,133.95,38.94,55.12,98.29,274.66
20261005,09:36:40,49664.35,44493.0,26142.14,17029.61,124.61,1855.73,435.04,466.33,554.09,110.36,166.27,204.36,91.8,143.55,268.89,122.31,190.1,291.4,3175.77,1683.0,470.74,81.65,241.78,1046.76,387.12,237.06,290.29,438.24,209.79,101.5,3544.38,232.32,130.77,134.05,38.94,55.14,98.29,274.75
20261005,09:36:45,49667.66,44496.32,26146.09,17034.52,124.61,1855.67,435.5,466.26,554.09,110.36,166.47,204.36,91.96,143.33,268.89,122.31,190.1,291.37,3175.92,1683.01,470.97,81.75,241.78,1046.66,387.1,237.06,290.29,438.24,209.79,101.5,3544.28,232.32,130.77,134.05,38.94,55.14,98.29,274.73
20261005,09:36:50,49672.99,44501.29,26149.3,17037.46,124.61,1855.67,436.05,466.35,554.08,110.28,166.47,204.35,91.96,143.33,268.89,122.3,190.1,291.37,3176.25,1683.19,470.77,81.74,241.79,1047.13,387.35,237.09,290.25,438.33,209.79,101.5,3544.49,232.32,130.65,134.05,38.94,55.14,98.29,274.72
20261005,09:36:55,49670.5,44498.83,26147.58,17035.35,124.61,1855.67,436.05,466.35,554.08,110.29,166.28,204.38,91.8,143.33,268.89,122.3,190.06,291.37,3176.1,1682.99,470.77,81.76,241.8,1047.38,387.35,237.09,290.22,438.32,209.79,101.5,3544.52,232.32,130.65,134.05,38.94,55.12,98.29,274.74
20261005,09:37:00,49624.46,44454.65,26144.81,17034.44,124.61,1855.67,435.96,466.48,554.07,110.29,166.27,204.35,91.8,143.33,268.89,122.3,190.09,291.43,3172.56,1680.44,470.79,81.83,241.8,1046.74,387.32,237.09,290.2,438.26,209.75,101.5,3543.9,232.32,130.65,134.05,38.94,55.14,98.29,274.72
20261005,09:37:05,49665.19,44494.98,26147.91,17040.16,124.67,1857.09,436.58,466.48,554.07,110.29,166.26,204.33,91.8,143.33,268.89,122.31,190.09,291.43,3175.67,1682.78,470.79,81.83,241.8,1047.27,387.35,237.1,289.9,438.32,209.79,101.5,3543.32,232.37,130.65,134.05,38.94,55.14,98.29,274.7
20261005,09:37:10,49675.48,44504.24,26148.78,17038.59,124.67,1857.31,436.04,466.48,554.06,110.29,166.26,204.33,91.8,143.33,268.89,122.44,190.09,291.43,3176.46,1682.95,470.97,81.8,241.96,1048.09,387.32,237.08,290.09,438.34,209.94,101.5,3544.02,232.43,130.65,134.07,38.94,55.12,98.29,274.7
20261005,09:37:15,49682.63,44511.37,26148.66,17039.0,124.67,1857.27,436.04,466.56,554.07,110.37,166.25,204.28,91.8,143.33,268.89,122.42,190.09,291.43,3177.02,1683.02,470.81,81.82,242.01,1049.28,387.32,237.08,290.09,438.3,209.94,101.5,3543.87,232.43,130.65,134.07,38.94,55.15,98.29,274.79
20261005,09:37:20,49686.79,44514.53,26153.92,17042.06,124.61,1856.22,436.67,466.49,554.07,110.29,166.24,204.25,91.8,143.55,268.75,122.3,190.13,291.43,3177.2,1682.96,470.75,81.85,242.19,1049.4,387.32,237.05,290.37,438.33,209.9,101.5,3544.68,232.43,130.65,134.07,38.94,55.18,98.29,274.79
20261005,09:37:25,49699.04,44521.01,26172.95,17045.7,124.68,1857.88,436.68,466.57,554.09,110.37,166.25,204.31,91.8,143.54,268.75,122.44,190.22,291.43,3177.64,1683.11,470.94,81.84,242.37,1049.5,387.34,237.04,290.46,438.4,209.93,101.54,3549.64,232.79,130.65,134.08,38.94,55.18,98.29,274.83
20261005,09:37:30,49697.68,44519.46,26173.6,17045.7,124.68,1855.03,436.61,466.57,554.2,110.37,166.26,204.34,91.79,143.54,268.75,122.44,190.22,291.46,3177.51,1682.98,470.96,81.82,242.37,1049.61,387.34,237.05,290.48,438.4,209.93,101.54,3549.84,232.79,130.77,134.18,38.94,55.18,98.29,274.83
20261005,09:37:35,49703.88,44526.22,26172.81,17047.2,124.68,1857.86,436.61,466.56,554.2,110.37,166.26,204.35,91.79,143.75,268.75,122.44,190.22,291.46,3178.02,1683.22,470.88,81.81,242.4,1050.18,387.34,237.04,290.46,438.42,209.94,101.54,3549.19,232.79,130.77,134.18,38.94,55.18,98.29,274.81
20261005,09:37:40,49706.09,44529.1,26167.61,17043.64,124.68,1857.86,436.07,466.57,554.21,110.45,166.26,204.35,91.79,143.75,268.75,122.45,190.22,291.45,3178.34,1683.46,470.76,81.78,242.4,1050.35,387.34,237.04,290.47,438.44,209.94,101.54,3548.53,232.79,130.77,134.18,38.94,55.18,98.29,274.81
20261005,09:37:45,49712.44,44535.35,26172.33,17049.3,124.68,1856.45,436.69,466.5,554.17,110.44,166.45,204.28,91.96,143.54,268.75,122.45,190.36,291.48,3178.71,1683.48,470.88,81.82,242.42,1050.56,387.4,237.05,290.74,438.42,209.94,101.54,3548.47,232.79,130.77,134.18,38.94,55.18,98.29,274.8
20261005,09:37:50,49705.28,44532.87,26158.63,17048.6,124.68,1856.45,436.6,466.63,554.17,110.45,166.45,204.27,91.96,143.54,268.75,122.44,190.18,291.48,3178.52,1683.41,470.69,81.82,242.42,1050.57,387.4,237.05,290.72,438.42,209.94,101.54,3544.37,232.79,130.77,134.24,38.94,55.18,98.29,274.74
20261005,09:37:55,49708.54,44534.01,26171.26,17056.3,124.68,1854.8,437.69,466.82,554.19,110.45,166.46,204.31,91.96,143.54,268.75,122.45,190.18,291.5,3178.43,1683.45,470.58,81.79,242.42,1050.44,387.4,237.05,290.69,438.44,209.94,101.51,3546.23,232.79,130.77,134.24,38.94,55.18,98.29,274.74
20261005,09:38:00,49702.13,44528.67,26167.08,17054.51,124.68,1854.8,438.15,466.74,553.89,110.43,166.27,204.31,91.81,143.54,268.51,122.32,190.18,291.5,3178.04,1683.28,470.4,81.76,242.42,1050.75,387.07,237.05,290.38,438.43,209.83,101.48,3545.41,232.79,130.76,134.24,38.96,55.18,98.29,274.78
20261005,09:38:05,49706.69,44532.02,26171.35,17055.77,124.68,1855.0,438.4,466.82,553.84,110.43,166.28,204.36,91.81,143.33,268.63,122.33,190.11,291.5,3178.28,1683.33,470.47,81.78,242.42,1050.64,386.98,237.03,290.7,438.39,209.83,101.48,3546.4,232.79,130.76,134.12,38.96,55.18,98.29,274.79
20261005,09:38:10,49655.66,44485.67,26156.8,17050.33,124.68,1855.0,437.86,466.76,553.92,110.35,166.29,204.36,91.82,143.54,268.63,122.32,190.11,291.5,3174.68,1680.94,470.18,81.69,242.24,1050.55,386.95,237.03,290.35,438.47,209.63,101.48,3543.33,232.79,130.76,134.14,38.96,55.16,98.29,274.76
20261005,09:38:15,49694.64,44523.49,26157.37,17050.45,124.68,1854.88,437.77,466.76,553.91,110.35,166.31,204.42,91.82,143.54,268.63,122.44,189.97,291.5,3177.72,1683.23,470.4,81.68,242.24,1050.45,387.27,237.02,290.34,438.44,209.65,101.48,3543.48,232.79,130.76,134.14,38.96,55.16,98.29,274.76
20261005,09:38:20,49651.7,44482.56,26148.87,17043.7,124.62,1854.88,436.68,466.64,554.04,110.35,166.31,204.42,91.82,143.54,268.63,122.43,189.97,291.5,3174.59,1680.89,470.13,81.64,242.27,1050.49,387.27,237.04,290.39,438.45,209.75,101.48,3542.66,232.78,130.76,134.14,38.96,55.18,98.29,274.77
20261005,09:38:25,49649.5,44480.19,26152.68,17047.34,124.62,1854.88,437.23,467.01,554.06,110.35,166.31,204.41,91.82,143.54,268.63,122.3,189.97,291.5,3174.31,1680.88,470.23,81.66,242.31,1049.71,387.29,237.05,290.37,438.41,209.72,101.48,3542.86,232.78,130.77,134.24,38.96,55.18,98.29,274.79
20261005,09:38:30,49650.94,44479.36,26160.9,17049.31,124.62,1854.88,437.23,467.01,554.55,110.34,166.25,204.33,91.79,143.54,268.63,122.28,190.0,291.71,3174.19,1680.68,470.2,81.68,242.5,1050.0,387.28,237.02,290.28,438.47,209.87,101.48,3544.89,232.78,130.63,134.24,38.96,55.18,98.29,274.83
20261005,09:38:35,49652.81,44480.92,26163.52,17051.43,124.62,1856.3,437.23,466.76,554.54,110.26,166.27,204.4,91.79,143.54,268.63,122.4,189.97,291.71,3174.27,1680.76,470.33,81.64,242.32,1049.6,387.29,237.01,290.6,438.41,209.87,101.48,3545.13,232.78,130.76,134.24,38.96,55.2,98.29,274.83
20261005,09:38:40,49690.03,44517.34,26162.38,17050.64,124.62,1856.3,437.23,466.68,554.6,110.26,166.27,204.38,91.79,143.54,268.63,122.28,189.97,291.71,3177.22,1683.2,470.38,81.63,242.31,1049.51,387.29,237.02,290.28,438.41,209.87,101.48,3544.99,232.78,130.76,134.27,38.96,55.2,98.29,274.78
20261005,09:38:45,49694.31,44521.72,26164.93,17054.29,124.62,1855.93,437.77,466.76,554.54,110.26,166.25,204.38,91.78,143.54,268.6,122.31,189.94,291.71,3177.49,1683.29,470.44,81.68,242.31,1049.66,387.3,237.01,290.33,438.41,209.87,101.45,3544.8,232.78,130.76,134.27,38.95,55.2,98.29,274.82
20261005,09:38:50,49694.35,44521.76,26167.26,17056.96,124.62,1855.93,437.86,466.61,554.76,110.26,166.24,204.35,91.78,143.76,268.6,122.3,190.13,291.73,3177.43,1683.26,470.43,81.64,242.51,1049.06,387.3,236.97,290.65,438.45,209.86,101.45,3544.8,232.78,130.88,134.28,38.95,55.2,98.29,274.83
20261005,09:38:55,49694.02,44521.39,26167.61,17057.21,124.62,1854.51,437.86,466.69,554.86,110.34,166.23,204.31,91.78,143.76,268.6,122.3,190.16,291.75,3177.39,1683.27,470.29,81.67,242.51,1049.5,387.33,236.97,290.32,438.5,209.87,101.45,3544.84,232.78,130.88,134.28,38.95,55.2,98.29,274.83
20261005,09:39:00,49651.51,44479.76,26166.87,17055.66,124.62,1854.59,437.67,466.69,554.84,110.35,166.22,204.34,91.77,143.76,268.6,122.3,190.18,291.75,3174.07,1680.93,470.13,81.66,242.52,1049.0,387.34,236.97,290.32,438.53,209.86,101.45,3545.03,232.78,130.88,134.27,38.95,55.19,98.29,274.82
20261005,09:39:05,49646.29,44474.43,26168.43,17056.64,124.62,1854.59,437.75,466.69,554.85,110.35,166.26,204.42,91.78,143.76,268.6,122.3,190.04,291.75,3173.62,1680.7,470.16,81.65,242.49,1048.65,387.41,236.84,290.33,438.53,209.88,101.48,3545.26,232.78,130.88,134.27,38.95,55.19,98.29,274.83
20261005,09:39:10,49644.39,44472.4,26166.31,17053.57,124.62,1854.59,437.22,466.82,554.83,110.35,166.24,204.42,91.77,143.76,268.6,122.31,190.02,291.7,3173.53,1680.66,470.12,81.59,242.5,1048.21,387.41,236.84,290.69,438.53,209.88,101.48,3545.43,232.78,131.0,134.27,38.95,55.18,98.29,274.88
20261005,09:39:15,49646.56,44474.4,26167.6,17054.7,124.62,1854.59,437.3,466.82,554.9,110.33,166.24,204.42,91.76,143.97,268.6,122.31,189.99,291.7,3173.66,1680.52,470.1,81.55,242.32,1049.06,387.45,236.83,290.79,438.52,209.87,101.48,3545.52,232.78,131.0,134.27,38.95,55.18,98.29,274.96
20261005,09:39:20,49644.55,44472.35,26167.19,17053.89,124.62,1854.59,437.29,466.82,554.77,110.25,166.24,204.43,91.76,143.97,268.6,122.31,189.99,291.7,3173.52,1680.64,469.83,81.56,242.32,1048.64,387.46,236.83,290.78,438.55,209.86,101.48,3545.61,232.78,131.0,134.27,38.95,55.18,98.29,274.96
20261005,09:39:25,49646.63,44474.06,26168.03,17053.81,124.62,1854.59,437.29,466.82,554.77,110.25,166.21,204.36,91.75,143.97,268.6,122.3,190.06,291.7,3173.66,1680.54,470.15,81.52,242.2,1049.12,387.46,236.83,290.78,438.59,209.86,101.48,3545.9,232.78,131.0,134.27,38.95,55.2,98.29,274.93
20261005,09:39:30,49645.14,44472.35,26169.49,17054.65,124.62,1854.59,437.29,466.82,554.78,110.25,166.23,204.43,91.75,143.97,268.6,122.42,190.07,291.7,3173.5,1680.48,469.97,81.53,242.2,1048.84,387.49,236.83,290.98,438.57,209.82,101.48,3546.13,232.78,131.11,134.27,38.95,55.2,98.29,274.7
20261005,09:39:35,49642.46,44469.8,26167.01,17051.95,124.62,1854.59,436.75,466.82,554.78,110.25,166.22,204.43,91.75,143.97,268.6,122.41,190.07,291.7,3173.36,1680.58,469.81,81.5,242.2,1048.8,387.49,236.83,290.67,438.6,209.85,101.48,3546.08,232.78,131.11,134.27,38.95,55.2,98.39,275.0
20261005,09:39:40,49677.61,44504.03,26162.92,17047.2,124.62,1854.59,436.21,466.76,554.83,110.33,166.22,204.44,91.75,143.76,268.6,122.29,190.07,291.7,3176.23,1683.07,469.7,81.46,242.21,1048.15,387.49,236.83,290.67,438.6,209.84,101.48,3546.1,232.78,131.11,134.27,38.95,55.22,98.37,274.98
20261005,09:39:45,49637.1,44465.14,26161.61,17047.67,124.62,1854.82,436.21,466.84,554.78,110.33,166.2,204.34,91.75,143.97,268.6,122.28,190.07,291.7,3173.09,1680.54,469.54,81.42,242.2,1048.73,387.49,236.82,290.67,438.6,209.89,101.48,3545.56,232.78,131.11,134.27,38.95,55.22,98.37,274.98
20261005,09:39:50,49639.04,44466.44,26166.52,17051.32,124.62,1854.82,436.77,466.82,554.78,110.33,166.2,204.34,91.74,143.97,268.6,122.28,190.01,291.7,3173.1,1680.69,469.48,81.41,241.91,1048.56,387.52,236.81,290.75,438.6,209.88,101.48,3546.1,232.78,131.11,134.27,38.95,55.2,98.37,274.97
20261005,09:39:55,49678.96,44504.19,26169.9,17051.38,124.49,1854.82,436.68,466.82,554.78,110.33,166.2,204.34,91.74,143.97,268.6,122.28,190.01,291.73,3176.15,1683.06,469.67,81.43,241.91,1048.23,387.52,236.82,290.75,438.6,209.87,101.43,3547.14,232.78,131.23,134.27,38.95,55.2,98.37,275.01
20261005,09:40:00,49676.47,44501.8,26175.44,17057.86,124.49,1854.82,437.32,466.6,554.73,110.25,166.2,204.35,91.74,143.97,268.6,122.4,190.01,291.75,3175.8,1683.08,469.47,81.41,241.71,1047.76,387.52,236.82,290.75,438.63,210.01,101.43,3547.11,232.78,131.23,134.27,38.96,55.2,98.37,275.07
20261005,09:40:05,49676.83,44503.46,26172.13,17058.44,124.55,1856.24,437.32,466.6,554.91,110.25,166.2,204.38,91.74,143.97,268.6,122.39,190.01,291.76,3175.92,1682.95,469.45,81.41,241.96,1048.21,387.51,236.82,290.78,438.6,209.91,101.43,3545.92,232.78,131.23,134.27,39.04,55.2,98.37,275.06
20261005,09:40:10,49638.03,44466.25,26169.24,17057.1,124.55,1854.82,437.4,466.52,554.91,110.25,166.21,204.37,91.75,143.75,268.6,122.39,189.97,291.76,3172.95,1680.61,469.56,81.42,241.96,1048.19,387.45,236.96,290.83,438.6,209.9,101.43,3545.38,232.78,131.11,134.27,39.04,55.2,98.37,275.09
20261005,09:40:15,49634.96,44462.89,26170.03,17056.78,124.58,1854.82,437.4,466.52,554.91,110.25,166.2,204.34,91.75,143.75,268.6,122.39,189.97,291.76,3172.69,1680.82,469.55,81.39,241.97,1047.39,387.45,236.96,290.51,438.6,209.86,101.43,3545.72,232.78,131.12,134.27,39.04,55.2,98.36,275.09
20261005,09:40:20,49672.32,44498.86,26168.36,17053.41,124.7,1854.82,436.77,466.52,554.91,110.23,166.2,204.32,91.75,143.96,268.6,122.39,189.97,291.75,3175.67,1683.21,469.54,81.4,242.15,1046.93,387.48,236.96,290.51,438.61,209.83,101.43,3546.11,232.78,131.24,134.27,39.04,55.2,98.36,275.08
20261005,09:40:25,49626.93,44455.01,26165.68,17051.58,124.7,1854.82,436.6,466.4,554.91,110.23,166.2,204.34,91.75,143.96,268.6,122.39,189.97,291.75,3172.18,1680.73,469.58,81.41,242.16,1046.23,387.51,236.96,290.51,438.6,209.84,101.46,3545.77,232.45,131.24,134.26,39.04,55.2,98.36,275.06
20261005,09:40:30,49630.79,44454.4,26176.6,17049.5,124.64,1854.82,436.6,466.4,555.02,110.23,166.19,204.3,91.75,143.96,268.6,122.39,189.97,291.76,3172.18,1680.81,469.49,81.41,242.18,1045.98,387.53,236.96,290.58,438.57,209.84,101.43,3549.75,232.45,131.01,134.27,39.04,55.19,98.36,275.03
20261005,09:40:35,49665.15,44488.42,26172.86,17047.01,124.64,1854.7,436.15,466.4,555.02,110.23,166.2,204.31,91.75,143.96,268.6,122.39,189.97,291.76,3174.98,1683.08,469.37,81.33,242.15,1045.98,387.53,236.96,290.56,438.66,209.84,101.43,3549.25,232.46,131.13,134.27,39.04,55.14,98.36,275.01
20261005,09:40:40,49628.28,44452.37,26172.43,17046.08,124.64,1854.7,436.15,466.4,555.02,110.23,166.2,204.34,91.75,143.96,268.6,122.27,189.97,291.74,3172.1,1680.66,469.47,81.3,242.14,1046.47,387.54,236.96,290.59,438.66,209.83,101.43,3549.37,232.46,131.13,134.27,39.04,55.15,98.36,274.99
20261005,09:40:45,49628.83,44452.7,26173.34,17046.46,124.64,1854.7,436.15,466.4,554.99,110.23,166.2,204.34,91.75,143.75,268.6,122.27,189.97,291.74,3172.11,1680.66,469.63,81.31,242.14,1046.33,387.56,236.96,290.58,438.67,209.8,101.43,3549.55,232.46,131.24,134.27,39.04,55.15,98.36,275.03
20261005,09:40:50,49675.88,44498.61,26172.98,17046.27,124.64,1856.08,436.06,466.4,554.99,110.24,166.22,204.36,91.76,143.96,268.6,122.27,189.94,291.74,3175.82,1683.14,469.79,81.31,241.9,1047.5,387.56,236.96,290.59,438.67,209.84,101.43,3549.49,232.46,131.12,134.26,39.04,55.15,98.36,274.99
20261005,09:40:55,49681.18,44503.84,26176.53,17050.59,124.7,1856.06,436.59,466.4,555.13,110.24,166.22,204.35,91.76,143.74,268.6,122.27,189.94,291.73,3176.14,1683.19,470.03,81.34,242.14,1047.6,387.54,236.96,290.58,438.68,209.84,101.43,3549.43,232.46,131.12,134.26,39.04,55.17,98.36,274.99
20261005,09:41:00,49679.4,44502.29,26173.33,17047.51,124.64,1856.1,436.06,466.4,555.21,110.24,166.22,204.33,91.76,143.74,268.6,122.27,189.94,291.72,3176.08,1683.24,469.8,81.29,242.16,1047.65,387.54,236.96,290.59,438.61,209.84,101.43,3549.27,232.46,131.23,134.27,39.04,55.17,98.36,274.99
20261005,09:41:05,49642.65,44465.88,26174.58,17046.95,124.64,1856.04,436.06,466.4,555.21,110.24,166.25,204.34,91.79,143.74,268.6,122.27,189.97,291.72,3173.16,1680.87,469.9,81.3,242.15,1047.91,387.54,236.96,290.59,438.66,209.8,101.43,3549.81,232.46,131.23,134.29,39.04,55.21,98.36,274.67
20261005,09:41:10,49641.86,44465.36,26174.41,17047.57,124.64,1856.02,436.15,466.4,555.13,110.16,166.24,204.32,91.79,143.74,268.6,122.27,189.97,291.72,3173.11,1680.98,469.92,81.3,242.15,1047.33,387.52,236.97,290.64,438.64,209.81,101.43,3549.59,232.79,131.23,134.29,39.04,55.22,98.36,274.59
20261005,09:41:15,49683.36,44505.41,26175.13,17047.14,124.64,1856.05,435.6,466.35,555.48,110.24,166.23,204.29,91.79,143.96,268.6,122.39,189.97,291.76,3176.35,1683.4,469.86,81.31,242.18,1047.55,387.65,236.97,290.66,438.7,209.83,101.43,3549.93,232.79,131.23,134.29,39.04,55.22,98.36,274.89
20261005,09:41:20,49645.52,44468.65,26172.69,17044.7,124.64,1856.05,435.5,466.34,555.46,110.24,166.23,204.28,91.79,143.74,268.6,122.41,190.01,291.76,3173.44,1681.15,469.93,81.34,242.18,1047.53,387.37,236.97,290.65,438.7,209.83,101.43,3549.83,232.83,131.11,134.1,39.04,55.22,98.36,274.9
20261005,09:41:25,49648.01,44471.33,26171.8,17044.52,124.64,1856.05,435.42,466.34,555.8,110.24,166.24,204.3,91.79,143.96,268.72,122.41,190.01,291.76,3173.66,1680.89,470.06,81.41,242.18,1048.61,387.38,236.97,290.61,438.61,209.83,101.43,3549.6,232.81,131.0,134.1,39.04,55.22,98.36,274.9
20261005,09:41:30,49644.25,44467.52,26172.52,17044.85,124.51,1857.47,435.42,466.41,555.8,110.24,166.24,204.29,91.79,143.74,268.72,122.41,190.01,291.77,3173.35,1680.85,469.99,81.44,242.2,1047.94,387.38,236.96,290.65,438.57,209.87,101.43,3549.74,232.81,131.0,134.1,39.04,55.22,98.36,274.9
20261005,09:41:35,49688.09,44509.5,26175.08,17045.33,124.64,1857.4,435.42,466.41,555.8,110.24,166.24,204.28,91.79,143.96,268.72,122.41,190.01,291.77,3176.72,1683.31,470.04,81.43,242.22,1048.47,387.39,236.97,290.54,438.56,209.87,101.43,3550.4,232.81,131.0,134.1,39.04,55.22,98.36,274.87
20261005,09:41:40,49648.34,44471.25,26173.46,17045.08,124.64,1855.98,435.41,466.41,555.8,110.24,166.25,204.31,91.79,143.96,268.72,122.41,190.01,291.76,3173.64,1680.87,470.05,81.42,242.24,1048.62,387.39,236.96,290.55,438.64,209.87,101.43,3549.97,232.83,131.0,134.1,39.04,55.22,98.36,274.89
20261005,09:41:45,49654.95,44476.55,26180.02,17048.8,124.64,1855.98,435.95,466.41,555.79,110.24,166.22,204.27,91.78,143.74,268.72,122.41,190.01,291.76,3173.98,1681.05,470.07,81.44,242.24,1048.79,387.49,236.95,290.56,438.63,209.85,101.43,3551.01,232.83,131.0,134.2,39.04,55.22,98.64,274.84
20261005,09:41:50,49647.4,44469.34,26175.7,17044.31,124.64,1855.98,435.49,466.34,555.81,110.24,166.22,204.25,91.78,143.74,268.72,122.41,190.01,291.76,3173.51,1681.23,469.95,81.39,242.24,1047.39,387.19,236.95,290.56,438.63,209.86,101.43,3550.88,232.76,130.88,134.2,39.04,55.22,98.64,274.82
20261005,09:41:55,49655.7,44477.49,26182.07,17051.84,124.51,1857.4,436.49,466.34,555.8,110.24,166.2,204.25,91.76,143.96,268.86,122.41,190.01,291.72,3173.98,1681.23,469.92,81.43,242.24,1048.0,387.19,236.95,290.93,438.63,209.86,101.43,3550.82,232.76,130.88,134.2,39.04,55.22,98.64,274.83
20261005,09:42:00,49647.97,44469.95,26178.48,17047.71,124.51,1857.4,435.96,466.34,555.74,110.24,166.19,204.28,91.75,143.74,268.86,122.42,189.97,291.78,3173.47,1681.14,469.9,81.41,242.24,1047.54,387.16,236.95,290.62,438.63,209.86,101.43,3550.82,232.76,130.88,134.2,39.04,55.22,98.64,274.87
20261005,09:42:05,49694.34,44513.92,26184.83,17050.96,124.52,1857.4,436.42,466.45,555.89,110.24,166.19,204.26,91.75,143.97,268.88,122.42,189.97,291.74,3176.94,1683.47,470.34,81.41,242.23,1048.02,387.16,236.95,290.69,438.69,209.86,101.43,3551.92,232.76,130.76,134.2,39.04,55.24,98.54,274.87
20261005,09:42:10,49652.7,44473.84,26182.19,17049.56,124.52,1855.98,436.42,466.45,555.85,110.24,166.19,204.27,91.75,143.97,268.88,122.3,189.97,291.73,3173.74,1681.09,470.31,81.44,242.23,1047.76,387.06,236.95,290.71,438.7,209.86,101.43,3551.48,232.72,130.76,134.2,39.04,55.24,98.54,274.9
20261005,09:42:15,49658.16,44480.26,26180.78,17051.62,124.52,1855.98,436.44,466.54,555.85,110.24,166.18,204.23,91.75,143.95,268.88,122.43,190.02,291.73,3174.21,1681.11,470.39,81.45,242.23,1048.84,386.99,236.95,290.61,438.76,209.86,101.43,3550.48,232.72,130.88,134.2,39.04,55.24,98.54,274.92
20261005,09:42:20,49694.31,44517.67,26169.82,17046.34,124.39,1855.98,435.9,466.54,556.07,110.24,166.19,204.28,91.75,143.95,268.64,122.3,190.05,291.75,3177.35,1683.72,470.48,81.45,242.22,1048.22,386.99,236.96,290.58,438.83,209.86,101.44,3548.49,232.72,130.76,134.2,39.04,55.22,98.54,274.92
20261005,09:42:25,49695.26,44518.48,26170.24,17046.45,124.39,1855.96,435.81,466.54,556.07,110.24,166.21,204.31,91.76,143.95,268.64,122.3,190.05,291.77,3177.42,1683.76,470.48,81.43,242.25,1048.17,387.0,236.97,290.64,438.83,209.89,101.44,3548.59,232.72,130.76,134.2,39.04,55.23,98.53,274.93
20261005,09:42:30,49689.47,44513.22,26165.61,17042.38,124.52,1855.96,435.26,466.54,555.96,110.24,166.21,204.32,91.76,143.95,268.67,122.31,190.03,291.77,3177.09,1683.66,470.33,81.45,242.23,1047.92,387.02,236.97,290.58,438.83,209.89,101.44,3548.25,232.72,130.76,134.2,39.04,55.23,98.54,274.9
20261005,09:42:35,49686.58,44509.93,26169.78,17045.6,124.39,1855.91,435.8,466.41,555.96,110.23,166.21,204.32,91.76,143.95,268.67,122.31,190.03,291.77,3176.75,1683.48,470.37,81.48,242.23,1047.61,386.79,236.95,290.58,438.74,209.9,101.44,3548.68,232.72,130.76,134.2,39.04,55.23,98.54,274.9
20261005,09:42:40,49689.42,44513.18,26164.78,17041.46,124.39,1855.91,435.25,466.41,555.97,110.23,166.2,204.31,91.76,143.94,268.67,122.31,190.03,291.77,3177.11,1683.63,470.63,81.5,242.25,1047.78,386.89,236.96,290.49,438.73,209.9,101.44,3548.23,232.72,130.76,134.2,39.04,55.21,98.54,274.92
20261005,09:42:45,49694.48,44515.92,26178.61,17050.05,124.39,1855.91,435.8,466.66,555.97,110.23,166.2,204.34,91.74,143.94,268.67,122.43,190.03,291.76,3177.12,1683.68,470.41,81.52,242.26,1047.88,386.9,236.96,290.45,438.65,210.18,101.44,3550.23,232.72,130.88,134.2,39.04,55.23,98.54,274.92
20261005,09:42:50,49657.48,44479.8,26175.56,17046.3,124.39,1855.98,435.87,466.66,555.97,110.23,166.19,204.33,91.74,143.94,268.67,122.3,190.17,291.76,3174.3,1681.34,470.43,81.53,242.15,1048.51,386.9,236.96,290.41,438.63,209.88,101.44,3550.29,232.72,130.88,134.2,39.04,55.23,98.54,274.67
20261005,09:42:55,49653.53,44475.73,26171.74,17041.17,124.52,1856.04,435.17,466.65,555.97,110.23,166.17,204.29,91.73,143.94,268.67,122.32,190.17,291.76,3174.1,1681.26,470.44,81.51,242.14,1048.35,386.9,236.96,290.36,438.62,209.86,101.44,3550.49,232.65,130.88,134.2,39.04,55.23,98.54,274.67
20261005,09:43:00,49665.18,44487.35,26177.35,17048.51,124.58,1857.46,435.72,466.65,556.08,110.23,166.15,204.27,91.72,144.58,268.67,122.32,190.17,291.77,3174.86,1681.37,470.38,81.49,242.14,1049.31,387.12,236.9,290.78,438.63,210.02,101.44,3550.25,232.65,130.88,134.2,39.04,55.23,98.54,274.68
20261005,09:43:05,49703.64,44524.57,26177.68,17048.05,124.6,1857.91,435.17,466.77,556.08,110.27,166.16,204.29,91.73,144.35,268.67,122.46,190.2,291.79,3177.87,1683.77,470.58,81.5,242.15,1049.34,387.16,236.9,290.41,438.95,210.05,101.45,3550.48,232.69,130.88,134.23,39.04,55.25,98.54,275.04
20261005,09:43:10,49703.67,44524.59,26181.15,17052.0,124.6,1856.46,435.72,466.77,556.08,110.26,166.17,204.27,91.74,144.57,268.67,122.46,190.2,291.81,3177.77,1683.69,470.63,81.5,242.15,1049.29,387.16,236.94,290.42,438.97,210.08,101.45,3550.49,232.7,130.88,134.16,39.04,55.26,98.56,275.04
20261005,09:43:15,49706.59,44526.8,26183.22,17052.27,124.6,1856.69,435.72,466.78,556.16,110.26,166.18,204.26,91.74,144.57,268.67,122.46,190.2,291.81,3177.95,1683.75,470.7,81.5,242.15,1049.5,387.13,237.08,290.37,439.0,210.04,101.45,3551.06,232.72,130.88,134.18,39.04,55.25,98.56,275.05
20261005,09:43:20,49673.7,44495.14,26178.71,17048.39,124.53,1858.14,435.17,466.79,556.26,110.26,166.2,204.25,91.76,144.34,268.67,122.46,190.24,291.59,3175.49,1681.35,470.99,81.53,242.14,1050.69,387.13,237.1,290.37,439.01,210.04,101.45,3550.71,232.72,130.88,134.21,39.04,55.27,98.56,274.95
20261005,09:43:25,49677.16,44495.81,26186.34,17048.11,124.4,1857.79,435.17,466.87,556.41,110.27,166.21,204.26,91.77,144.34,268.67,122.47,190.19,291.59,3175.55,1681.2,471.02,81.53,242.15,1050.84,387.14,237.1,290.69,439.15,210.08,101.45,3553.17,232.74,130.76,134.21,39.04,55.23,98.56,274.98
20261005,09:43:30,49667.94,44489.61,26178.3,17048.17,124.53,1858.16,435.17,466.76,556.3,110.27,166.19,204.25,91.76,144.55,268.67,122.46,190.05,291.6,3175.05,1681.13,470.97,81.56,242.15,1050.24,387.46,237.1,290.37,439.23,210.08,101.45,3550.64,232.74,130.76,134.21,39.04,55.23,98.57,274.95
20261005,09:43:35,49669.27,44490.9,26186.79,17057.94,124.53,1858.16,436.72,466.68,556.3,110.27,166.21,204.26,91.77,144.34,268.67,122.34,190.24,291.6,3174.92,1681.03,470.96,81.54,242.15,1050.31,387.18,237.1,290.37,439.21,210.1,101.45,3550.64,232.73,130.76,134.21,39.04,55.23,98.57,274.67
20261005,09:43:40,49710.91,44529.54,26192.0,17057.45,124.4,1856.74,436.8,466.8,556.23,110.27,166.21,204.27,91.77,144.56,268.55,122.34,190.24,291.6,3178.04,1683.39,471.29,81.52,242.15,1050.16,387.18,237.1,290.37,439.2,210.05,101.45,3552.4,232.73,130.76,134.21,39.04,55.25,98.57,274.67
20261005,09:43:45,49672.15,44492.57,26189.25,17056.96,124.53,1856.74,436.72,466.8,556.23,110.27,166.21,204.26,91.77,144.56,268.55,122.34,190.09,291.59,3175.07,1681.07,471.31,81.45,242.44,1049.69,387.24,237.1,290.68,439.19,210.04,101.45,3551.68,232.79,130.76,134.21,39.04,55.25,98.57,274.67
20261005,09:43:50,49710.46,44532.0,26182.9,17056.69,124.53,1856.74,436.8,466.79,556.14,110.27,166.2,204.24,91.77,144.35,268.55,122.34,190.09,291.6,3178.26,1683.46,471.33,81.45,242.44,1049.89,387.24,237.09,290.68,439.17,210.04,101.45,3549.76,232.78,130.76,134.11,39.04,55.25,98.57,274.7
20261005,09:43:55,49714.47,44536.15,26180.59,17054.83,124.53,1856.74,436.26,466.87,556.23,110.27,166.2,204.24,91.77,144.35,268.55,122.46,190.09,291.6,3178.64,1683.46,471.38,81.48,242.47,1050.63,387.24,237.09,290.7,439.16,210.05,101.45,3549.55,232.78,130.76,134.11,39.04,55.25,98.57,275.0
20261005,09:44:00,49713.13,44535.12,26175.72,17050.16,124.53,1856.74,435.63,466.66,556.24,110.27,166.2,204.25,91.77,144.35,268.55,122.46,190.09,291.61,3178.67,1683.47,471.27,81.49,242.47,1050.75,387.24,237.09,290.7,439.19,210.05,101.45,3549.29,232.78,130.76,134.12,39.04,55.25,98.57,275.0
20261005,09:44:05,49675.09,44497.94,26176.63,17050.83,124.53,1856.74,436.17,466.68,556.25,110.27,166.22,204.29,91.77,144.35,268.55,122.34,190.09,291.61,3175.65,1681.17,471.22,81.49,242.47,1050.65,387.24,236.85,290.75,439.23,210.05,101.45,3549.39,232.78,130.4,134.12,39.04,55.25,98.57,275.03
20261005,09:44:10,49711.24,44532.68,26178.48,17051.34,124.53,1856.69,436.17,466.55,556.22,110.27,166.22,204.31,91.77,144.35,268.55,122.46,190.09,291.62,3178.44,1683.64,471.21,81.5,242.5,1050.02,387.56,236.84,290.43,439.23,210.05,101.45,3549.84,232.79,130.4,134.12,39.04,55.25,98.57,274.96
20261005,09:44:15,49710.67,44532.71,26175.47,17049.83,124.53,1856.71,436.18,466.55,556.22,110.27,166.23,204.34,91.77,144.35,268.55,122.45,190.09,291.61,3178.48,1683.62,471.09,81.5,242.5,1050.23,387.54,236.81,290.47,439.18,209.92,101.44,3549.31,232.79,130.4,134.12,39.04,55.25,98.57,274.91
20261005,09:44:20,49715.06,44536.98,26178.09,17052.83,124.54,1856.71,436.26,466.56,556.25,110.27,166.23,204.32,91.77,144.35,268.55,122.43,190.09,291.66,3178.75,1683.74,471.36,81.52,242.34,1050.4,387.22,236.81,290.47,439.21,210.04,101.44,3549.31,232.79,130.52,134.12,39.04,55.25,98.58,274.95
20261005,09:44:25,49712.72,44535.42,26176.02,17052.84,124.54,1855.29,436.63,466.56,556.22,110.27,166.21,204.28,91.77,144.35,268.55,122.3,190.09,291.66,3178.63,1683.65,471.38,81.52,242.32,1050.24,386.96,236.82,290.6,439.21,210.04,101.44,3548.66,232.79,130.4,134.12,39.04,55.25,98.58,274.92
20261005,09:44:30,49670.94,44494.54,26176.81,17053.18,124.54,1855.29,436.71,466.56,556.21,110.25,166.19,204.26,91.76,144.35,268.55,122.31,190.09,291.68,3175.32,1681.15,471.31,81.52,242.32,1050.18,386.99,236.82,290.59,439.2,210.04,101.44,3548.81,232.79,130.4,134.12,39.04,55.25,98.58,274.91
20261005,09:44:35,49664.86,44489.25,26171.02,17048.63,124.54,1853.87,436.17,466.56,556.21,110.25,166.2,204.29,91.76,144.37,268.55,122.31,190.09,291.69,3175.01,1681.07,471.13,81.52,242.34,1050.24,386.98,236.83,290.29,439.26,210.03,101.44,3548.24,232.79,130.4,134.12,39.04,55.23,98.58,274.9
20261005,09:44:40,49706.12,44529.55,26171.55,17049.57,124.54,1853.87,436.26,466.46,556.17,110.24,166.2,204.31,91.75,144.58,268.55,122.32,190.09,291.71,3178.23,1683.58,471.12,81.52,242.33,1050.14,386.98,236.82,290.34,439.26,210.03,101.44,3548.15,232.79,130.4,134.19,39.04,55.23,98.58,274.88
20261005,09:44:45,49666.78,44492.06,26168.71,17049.15,124.54,1853.77,436.26,466.46,555.85,110.24,166.19,204.27,91.75,144.37,268.55,122.32,190.05,291.69,3175.22,1681.11,471.03,81.51,242.49,1050.15,386.98,236.82,290.64,439.25,210.07,101.44,3547.38,232.79,130.52,134.09,39.04,55.24,98.58,274.93
20261005,09:44:50,49710.33,44534.91,26170.84,17052.99,124.54,1853.77,436.8,466.46,555.85,110.24,166.19,204.27,91.75,144.37,268.55,122.3,190.05,291.69,3178.58,1683.52,470.86,81.6,242.31,1050.9,386.88,236.82,290.64,439.25,210.07,101.44,3547.0,232.79,130.52,134.09,39.04,55.24,98.58,274.93
20261005,09:44:55,49669.88,44494.89,26172.17,17052.49,124.54,1853.77,436.8,466.46,555.85,110.24,166.19,204.29,91.75,144.36,268.55,122.3,190.05,291.66,3175.37,1681.07,471.15,81.58,242.31,1050.9,386.9,236.82,290.35,439.21,210.07,101.44,3547.55,233.11,130.4,134.09,39.04,55.24,98.58,274.93
20261005,09:45:00,49707.95,44532.35,26171.75,17053.23,124.54,1853.77,436.79,466.46,555.85,110.23,166.19,204.29,91.75,144.36,268.55,122.3,190.05,291.69,3178.37,1683.43,471.04,81.57,242.49,1050.77,386.88,236.81,290.34,439.15,210.07,101.44,3547.22,233.11,130.52,134.09,39.04,55.24,98.58,274.93
20261005,09:45:05,49705.83,44531.09,26165.62,17048.89,124.54,1853.77,436.25,466.46,555.85,110.22,166.2,204.31,91.75,144.36,268.55,122.28,190.05,291.69,3178.37,1683.28,471.23,81.67,242.38,1050.59,386.88,236.82,290.62,439.18,210.04,101.44,3546.48,233.11,130.52,134.09,39.04,55.23,98.58,274.92
20261005,09:45:10,49667.17,44493.65,26163.99,17047.75,124.54,1853.77,436.25,466.46,555.85,110.22,166.2,204.31,91.75,144.36,268.55,122.29,190.02,291.67,3175.38,1680.94,471.18,81.65,242.38,1050.77,386.88,236.82,290.64,439.17,210.04,101.44,3546.28,233.11,130.4,134.09,39.03,55.22,98.58,274.9
20261005,09:45:15,49697.72,44521.89,26170.28,17049.88,124.54,1853.77,436.69,466.46,555.75,110.23,166.21,204.35,91.75,144.36,268.55,122.28,190.02,291.65,3177.61,1683.38,470.96,81.67,242.13,1049.36,386.88,236.8,290.33,439.17,210.04,101.44,3547.67,233.07,130.4,134.08,39.03,55.22,98.58,274.65
20261005,09:45:20,49699.53,44525.47,26166.31,17051.39,124.6,1853.77,436.78,466.44,555.75,110.23,166.21,204.34,91.75,144.36,268.55,122.28,190.02,291.69,3177.86,1683.37,470.94,81.75,242.13,1049.43,386.88,236.8,290.65,439.17,210.04,101.44,3546.02,232.74,130.52,134.08,39.03,55.23,98.58,274.72
20261005,09:45:25,49692.34,44518.46,26162.44,17046.94,124.48,1853.73,436.24,466.44,555.75,110.23,166.2,204.31,91.75,144.36,268.55,122.28,190.02,291.69,3177.4,1683.32,470.94,81.73,242.13,1048.97,386.89,236.8,290.33,439.16,210.04,101.44,3546.02,232.79,130.52,134.06,39.03,55.23,98.57,274.74
20261005,09:45:30,49699.94,44526.29,26164.61,17050.85,124.48,1853.73,436.85,466.57,555.75,110.24,166.2,204.34,91.75,144.36,268.55,122.26,190.02,291.49,3177.94,1683.36,471.09,81.71,242.61,1049.15,386.92,236.8,290.65,439.13,210.04,101.44,3545.63,232.79,130.52,134.08,39.03,55.23,98.57,274.69
20261005,09:45:35,49700.64,44524.89,26170.83,17051.03,124.6,1853.78,436.77,466.57,555.9,110.24,166.17,204.25,91.75,144.35,268.55,122.38,189.98,291.49,3177.82,1683.24,471.16,81.7,242.6,1048.97,386.89,236.79,290.83,439.14,210.04,101.44,3547.53,232.41,130.52,134.08,39.03,55.25,98.57,274.63
20261005,09:45:40,49665.24,44490.61,26171.08,17052.06,124.6,1853.78,436.77,466.57,555.9,110.24,166.18,204.29,91.74,144.36,268.55,122.38,189.98,291.45,3175.03,1680.95,471.2,81.71,242.85,1048.87,386.89,236.78,291.02,439.16,210.14,101.41,3547.33,232.41,130.52,134.08,39.03,55.25,98.57,274.65
20261005,09:45:45,49661.53,44490.08,26159.97,17049.58,124.48,1853.78,436.77,466.41,556.01,110.24,166.18,204.29,91.74,144.35,268.55,122.38,189.98,291.46,3175.05,1680.87,471.19,81.69,242.85,1049.2,386.89,236.8,291.02,439.16,209.92,101.41,3544.53,232.39,130.52,134.08,39.03,55.25,98.57,274.61
20261005,09:45:50,49700.31,44527.43,26161.9,17050.35,124.54,1855.2,436.77,466.41,556.01,110.24,166.16,204.2,91.74,144.35,268.55,122.38,189.98,291.45,3178.04,1683.21,471.21,81.69,242.85,1049.05,386.89,236.8,291.04,439.16,209.93,101.41,3544.92,232.41,130.52,134.08,39.03,55.25,98.57,274.67
20261005,09:45:55,49700.51,44524.46,26173.08,17052.6,124.41,1855.2,436.77,466.41,556.01,110.24,166.16,204.19,91.74,144.35,268.55,122.37,189.98,291.46,3177.75,1683.37,470.84,81.65,242.84,1048.8,387.22,236.78,290.65,439.16,210.23,101.41,3547.8,232.39,130.52,134.08,39.03,55.25,98.57,274.63
20261005,09:46:00,49696.14,44520.68,26165.43,17045.39,124.41,1855.2,436.22,466.04,556.04,110.23,166.17,204.24,91.74,144.14,268.55,122.37,190.02,291.45,3177.62,1683.24,470.96,81.67,242.83,1048.76,387.16,236.78,290.63,439.15,210.04,101.41,3547.37,232.39,130.41,134.08,39.03,55.25,98.57,274.61
20261005,09:46:05,49699.44,44526.54,26160.78,17048.93,124.41,1855.2,436.77,466.04,556.02,110.23,166.16,204.21,91.74,144.14,268.55,122.36,190.02,291.48,3178.01,1683.29,470.97,81.65,242.83,1049.12,386.83,236.77,291.02,439.08,210.04,101.41,3544.96,232.39,130.41,134.05,39.03,55.25,98.57,274.6
20261005,09:46:10,49652.83,44483.43,26152.85,17047.5,124.41,1854.83,436.77,466.27,555.97,110.23,166.16,204.22,91.74,144.14,268.55,122.25,190.07,291.5,3174.57,1680.89,470.88,81.66,242.65,1048.66,387.11,236.77,290.93,439.06,210.08,101.41,3542.87,232.39,130.29,134.04,39.03,55.25,98.57,274.55
20261005,09:46:15,49655.15,44483.49,26157.27,17045.21,124.29,1853.41,436.77,466.27,555.75,110.23,166.14,204.2,91.73,144.13,268.55,122.25,190.07,291.49,3174.63,1680.98,470.9,81.67,242.63,1048.46,387.11,236.91,290.93,439.06,210.04,101.41,3544.87,232.39,130.29,134.04,39.03,55.25,98.57,274.55
20261005,09:46:20,49655.39,44484.41,26157.87,17048.22,124.29,1853.41,437.23,466.15,555.69,110.23,166.15,204.22,91.73,144.13,268.55,122.25,190.07,291.49,3174.63,1681.0,471.04,81.66,242.61,1048.37,387.12,236.91,290.88,439.0,209.94,101.41,3544.24,232.39,130.41,134.04,39.03,55.25,98.57,274.55
20261005,09:46:25,49650.42,44479.96,26155.65,17046.96,124.29,1853.41,437.23,466.15,555.69,110.23,166.14,204.22,91.73,144.13,268.55,122.25,190.07,291.49,3174.3,1680.95,471.14,81.68,242.6,1047.64,387.14,236.91,290.88,438.92,209.94,101.4,3543.89,232.39,130.29,134.04,39.03,55.25,98.57,274.53
20261005,09:46:30,49646.79,44475.53,26158.72,17047.52,124.29,1853.41,437.23,466.23,555.77,110.23,166.12,204.11,91.73,144.13,268.58,122.24,190.35,291.5,3173.93,1680.79,471.05,81.67,242.61,1047.64,387.15,236.91,290.65,438.93,209.96,101.42,3544.7,232.39,130.29,134.04,39.03,55.25,98.57,274.53
20261005,09:46:35,49647.82,44475.81,26157.0,17043.1,124.29,1853.41,436.6,466.02,555.77,110.23,166.12,204.14,91.72,144.13,268.58,122.24,190.35,291.5,3174.06,1680.88,470.79,81.69,242.61,1047.5,387.14,236.91,290.96,438.93,209.99,101.42,3545.36,232.39,130.29,134.04,39.03,55.25,98.57,274.53
20261005,09:46:40,49690.68,44517.64,26157.67,17044.12,124.29,1853.41,436.68,466.02,555.73,110.23,166.12,204.12,91.72,144.13,268.58,122.25,190.14,291.5,3177.4,1683.39,470.9,81.65,242.61,1047.61,387.14,236.91,291.01,438.9,209.99,101.42,3545.29,232.39,130.41,134.01,39.03,55.25,98.57,274.53
20261005,09:46:45,49658.53,44485.75,26158.65,17043.34,124.29,1853.41,436.69,466.1,555.73,110.23,166.11,204.1,91.73,144.13,268.58,122.25,190.15,291.5,3174.85,1681.19,470.94,81.64,242.61,1048.37,387.2,236.91,290.96,438.9,209.88,101.42,3545.81,232.39,130.41,134.01,39.03,55.25,98.57,274.59
20261005,09:46:50,49706.48,44527.93,26178.63,17051.12,124.4,1855.05,437.31,466.1,555.83,110.23,166.16,204.18,91.75,144.13,268.58,122.37,190.37,291.52,3178.06,1683.58,471.19,81.64,242.54,1048.75,387.2,236.91,290.72,439.18,209.85,101.42,3549.94,232.41,130.4,134.02,39.03,55.25,98.57,274.6
20261005,09:46:55,49697.74,44520.59,26174.43,17050.23,124.27,1854.83,437.31,466.26,555.82,110.23,166.18,204.22,91.75,144.14,268.58,122.37,190.37,291.49,3177.49,1683.48,470.98,81.64,242.53,1048.06,386.95,236.91,290.63,439.18,209.85,101.42,3548.87,232.41,130.28,134.12,39.03,55.25,98.57,274.62
20261005,09:47:00,49702.69,44525.25,26175.92,17051.41,124.4,1854.71,437.31,466.15,555.7,110.23,166.18,204.23,91.75,144.13,268.58,122.37,190.37,291.51,3177.84,1683.53,471.03,81.63,242.54,1048.69,386.95,236.92,290.64,439.2,209.88,101.42,3549.02,232.41,130.4,134.11,39.03,55.25,98.57,274.63
20261005,09:47:05,49703.29,44527.59,26170.66,17051.23,124.4,1854.71,437.31,466.15,555.7,110.23,166.18,204.23,91.75,144.13,268.5,122.36,190.33,291.51,3178.03,1683.6,471.05,81.54,242.54,1049.06,386.96,236.92,290.64,439.2,209.88,101.42,3547.42,232.41,130.4,134.12,39.03,55.25,98.57,274.63
20261005,09:47:10,49698.32,44523.59,26166.68,17049.46,124.4,1854.71,437.23,466.34,555.74,110.23,166.17,204.22,91.75,144.13,268.5,122.35,190.33,291.51,3177.75,1683.44,470.93,81.47,242.54,1049.17,386.86,236.91,290.65,439.21,209.84,101.42,3546.66,232.41,130.28,134.12,39.03,55.25,98.57,274.6
20261005,09:47:15,49696.46,44521.5,26168.82,17050.99,124.4,1854.71,437.23,466.34,555.75,110.23,166.18,204.23,91.75,144.12,268.5,122.34,190.19,291.48,3177.55,1683.59,470.93,81.44,242.24,1048.54,386.85,236.91,290.64,439.21,209.85,101.41,3546.91,232.74,130.4,134.12,39.03,55.25,98.57,274.67
20261005,09:47:20,49698.89,44523.87,26168.45,17050.58,124.4,1854.71,437.23,466.34,555.77,110.23,166.16,204.2,91.75,144.12,268.5,122.34,190.14,291.46,3177.75,1683.6,470.98,81.41,242.24,1048.55,387.13,237.01,290.95,439.19,209.82,101.41,3546.91,232.74,130.4,134.12,39.03,55.26,98.57,274.67
20261005,09:47:25,49694.81,44521.79,26160.51,17047.81,124.27,1854.71,437.32,466.34,555.77,110.15,166.17,204.22,91.75,144.12,268.5,122.22,190.16,291.48,3177.65,1683.6,470.88,81.39,242.24,1048.45,387.1,237.0,290.96,439.19,209.64,101.41,3545.18,232.41,130.4,134.12,39.03,55.26,98.57,274.68
20261005,09:47:30,49693.02,44519.21,26163.37,17048.28,124.27,1854.71,437.32,466.34,555.7,110.15,166.16,204.18,91.75,144.11,268.5,122.34,190.16,291.48,3177.43,1683.52,471.0,81.36,242.24,1048.52,387.16,237.0,290.64,439.2,209.67,101.41,3545.94,232.41,130.4,134.11,39.03,55.23,98.57,274.69
20261005,09:47:35,49697.4,44525.51,26157.71,17048.59,124.4,1854.71,437.3,466.34,555.7,110.15,166.16,204.2,91.75,144.12,268.5,122.34,190.16,291.49,3177.93,1683.5,471.0,81.32,242.23,1049.41,387.16,237.04,290.96,439.2,209.67,101.41,3544.09,232.41,130.4,134.11,39.03,55.23,98.57,274.66
20261005,09:47:40,49662.29,44489.84,26162.38,17049.06,124.4,1854.71,437.31,466.34,555.69,110.15,166.16,204.18,91.75,144.1,268.5,122.24,190.16,291.48,3175.04,1681.07,470.99,81.31,242.23,1050.08,387.17,237.05,290.95,439.17,209.81,101.41,3545.42,232.41,130.4,134.11,39.03,55.23,98.57,274.64
20261005,09:47:45,49656.07,44485.04,26158.84,17049.22,124.4,1853.3,437.31,466.15,555.65,110.23,166.21,204.21,91.78,144.1,268.5,122.36,190.33,291.48,3174.65,1681.18,471.08,81.34,242.2,1049.28,387.49,237.04,290.44,439.16,209.85,101.41,3544.27,232.41,130.28,134.11,39.03,55.23,98.57,274.61
20261005,09:47:50,49653.82,44482.22,26160.63,17049.18,124.4,1853.3,437.31,466.15,555.64,110.23,166.22,204.21,91.79,143.89,268.5,122.23,190.33,291.48,3174.43,1681.07,471.05,81.3,242.09,1048.78,387.51,237.03,290.84,439.1,209.85,101.41,3544.84,232.41,130.4,134.11,39.03,55.23,98.57,274.64
20261005,09:47:55,49691.47,44519.06,26160.54,17049.57,124.4,1853.3,437.3,466.15,555.59,110.23,166.23,204.22,91.79,143.89,268.5,122.35,190.33,291.46,3177.39,1683.37,470.99,81.3,242.09,1048.86,387.18,237.03,290.85,439.14,209.81,101.41,3544.71,232.41,130.4,134.11,39.03,55.25,98.57,274.64
20261005,09:48:00,49654.45,44480.42,26165.67,17046.88,124.27,1853.3,437.22,466.15,555.49,110.24,166.22,204.21,91.79,143.89,268.5,122.35,190.33,291.46,3174.34,1681.15,471.01,81.3,242.09,1048.43,387.19,237.03,290.84,439.11,209.78,101.39,3547.04,232.41,130.28,134.12,39.03,55.25,98.57,274.62
20261005,09:48:05,49702.78,44525.53,26171.06,17046.47,124.4,1853.3,437.29,466.15,555.49,110.25,166.2,204.21,91.77,143.88,268.5,122.23,190.3,291.43,3177.98,1683.66,470.95,81.29,242.09,1049.36,387.19,237.03,290.88,439.1,209.77,101.36,3548.84,232.41,130.28,134.12,39.03,55.25,98.57,274.62
20261005,09:48:10,49703.55,44526.44,26168.77,17044.36,124.27,1853.3,437.29,466.15,555.42,110.25,165.99,204.16,91.62,143.88,268.5,122.23,190.16,291.43,3178.11,1683.74,471.06,81.28,242.06,1049.36,387.19,237.03,290.88,439.1,209.78,101.36,3548.7,232.41,130.4,134.12,39.03,55.22,98.57,274.65
20261005,09:48:15,49662.82,44487.06,26170.04,17046.87,124.4,1854.83,437.21,466.06,555.42,110.24,165.99,204.16,91.61,143.89,268.5,122.36,190.16,291.44,3174.87,1681.31,471.04,81.28,242.07,1049.56,387.21,237.03,290.57,439.14,209.92,101.36,3548.41,232.41,130.4,134.11,39.03,55.23,98.57,274.64
20261005,09:48:20,49661.23,44485.77,26165.2,17042.14,124.4,1854.83,437.29,466.06,555.42,110.24,165.97,204.2,91.59,143.91,268.62,122.35,190.16,291.46,3174.88,1681.31,471.06,81.31,242.1,1049.17,386.9,236.78,290.87,439.11,209.78,101.36,3548.18,232.41,129.92,134.15,39.03,55.23,98.57,274.62
20261005,09:48:25,49659.15,44484.28,26158.82,17036.59,124.4,1853.18,437.29,466.06,555.5,110.24,165.96,204.21,91.58,143.9,268.62,122.23,190.16,291.43,3174.9,1681.3,471.07,81.28,242.09,1049.2,386.91,236.77,290.92,439.11,209.75,101.36,3547.7,232.41,129.45,134.11,39.03,55.23,98.57,274.62
20261005,09:48:30,49700.01,44524.17,26161.39,17039.82,124.4,1853.18,437.29,466.06,555.44,110.24,165.96,204.19,91.58,143.9,268.62,122.22,190.16,291.43,3178.03,1683.74,471.12,81.31,242.07,1049.05,386.88,236.77,290.93,439.18,209.75,101.36,3547.62,232.34,129.92,134.11,39.02,55.18,98.57,274.63
20261005,09:48:35,49703.46,44527.57,26161.6,17040.16,124.4,1853.07,437.3,466.06,555.47,110.32,165.95,204.2,91.58,143.9,268.58,122.22,190.16,291.43,3178.3,1683.73,471.22,81.3,242.07,1049.7,386.88,236.74,290.87,439.24,209.75,101.36,3547.6,232.34,129.92,134.11,39.02,55.18,98.57,274.61
20261005,09:48:40,49665.43,44490.12,26164.28,17041.93,124.4,1853.07,437.3,466.06,555.47,110.23,165.95,204.21,91.58,143.9,268.58,122.34,190.16,291.43,3175.24,1681.27,471.46,81.28,242.07,1049.81,386.88,236.76,290.87,439.24,209.89,101.36,3547.95,232.34,129.92,134.08,39.02,55.18,98.57,274.61
20261005,09:48:45,49706.9,44529.89,26168.07,17044.19,124.4,1854.6,437.39,466.0,555.51,110.23,165.97,204.21,91.59,143.9,268.58,122.35,190.19,291.49,3178.39,1683.68,471.47,81.3,242.06,1049.4,386.89,236.76,291.19,439.26,209.93,101.38,3548.52,232.34,129.92,133.95,39.02,55.2,98.58,274.68
20261005,09:48:50,49706.0,44531.63,26159.78,17043.39,124.4,1854.82,437.3,466.34,555.48,110.23,165.96,204.21,91.58,143.68,268.58,122.33,190.19,291.46,3178.55,1683.72,471.64,81.32,242.07,1049.96,386.88,236.77,290.77,439.26,209.94,101.38,3546.15,232.34,129.92,133.97,39.02,55.21,98.58,274.67
20261005,09:48:55,49714.51,44538.06,26167.96,17046.6,124.4,1854.82,437.3,466.27,555.29,110.32,165.97,204.25,91.58,143.9,268.76,122.34,190.19,291.41,3178.99,1683.96,471.72,81.32,242.31,1049.99,387.13,236.74,290.73,439.34,209.94,101.38,3547.84,232.34,130.28,133.99,39.02,55.21,98.58,274.75
20261005,09:49:00,49711.0,44537.5,26158.15,17044.88,124.4,1853.4,437.3,466.27,555.24,110.32,165.95,204.16,91.58,143.9,268.76,122.21,190.19,291.41,3178.99,1683.77,471.52,81.35,242.32,1050.66,386.77,236.74,290.79,439.3,209.94,101.38,3545.24,232.34,130.28,133.99,39.02,55.21,98.58,274.78
20261005,09:49:05,49707.22,44532.45,26163.35,17046.26,124.4,1853.4,437.38,466.34,555.27,110.32,165.94,204.13,91.58,143.89,268.76,122.33,190.15,291.41,3178.55,1683.78,471.52,81.26,242.2,1049.9,386.8,236.8,290.79,439.33,209.94,101.38,3546.49,232.34,130.28,133.99,39.02,55.21,98.58,274.77
20261005,09:49:10,49660.71,44488.97,26153.69,17041.31,124.34,1854.82,436.83,466.34,555.26,110.32,165.96,204.13,91.6,143.89,268.79,122.21,190.14,291.43,3175.16,1681.4,471.63,81.25,242.2,1049.12,386.55,236.81,290.8,439.32,209.96,101.38,3544.81,232.35,130.16,133.99,39.02,55.21,98.58,274.75
20261005,09:49:15,49702.51,44529.81,26152.94,17040.83,124.34,1854.82,436.75,466.26,555.2,110.24,165.95,204.09,91.6,143.68,268.79,122.19,190.14,291.4,3178.46,1683.8,471.64,81.27,242.2,1049.09,386.55,236.8,291.13,439.37,210.08,101.38,3544.71,232.35,130.16,133.99,39.02,55.21,98.58,274.78
20261005,09:49:20,49699.72,44527.07,26153.19,17041.03,124.34,1854.82,436.75,466.26,555.34,110.24,165.95,204.09,91.6,143.68,268.79,122.31,190.14,290.96,3178.24,1683.81,471.63,81.26,242.2,1049.09,386.55,236.79,290.72,439.36,210.08,101.38,3544.73,232.35,130.17,133.99,39.02,55.21,98.58,274.78
20261005,09:49:25,49661.25,44489.73,26152.68,17040.96,124.34,1854.76,436.67,466.26,555.26,110.24,165.95,204.08,91.59,143.67,268.79,122.31,190.14,290.97,3175.23,1681.37,471.73,81.24,242.02,1049.1,386.8,236.79,291.02,439.36,210.07,101.38,3544.59,232.35,130.17,133.99,39.02,55.21,98.58,275.08
20261005,09:49:30,49662.59,44488.84,26154.92,17036.16,124.34,1854.74,435.95,466.13,555.25,110.24,165.92,204.08,91.57,143.67,268.79,122.33,190.14,291.06,3175.27,1681.53,471.71,81.27,242.14,1048.96,386.85,236.79,290.72,439.38,210.08,101.42,3546.6,232.35,130.17,134.09,39.02,55.21,98.58,275.08
20261005,09:49:35,49696.96,44522.51,26151.01,17032.26,124.34,1854.52,435.49,466.13,555.3,110.24,165.92,204.08,91.58,143.68,268.79,122.33,190.14,291.06,3178.08,1683.77,471.63,81.21,242.14,1048.93,386.85,236.81,290.72,439.38,210.12,101.42,3546.43,232.35,130.05,134.09,39.02,55.21,98.58,275.06
20261005,09:49:40,49696.34,44522.74,26149.85,17033.74,124.34,1854.42,435.41,466.21,555.3,110.24,165.92,204.08,91.58,143.68,268.79,122.34,190.11,291.04,3178.06,1683.73,471.72,81.18,242.14,1048.88,386.86,236.81,290.8,439.36,210.12,101.42,3545.67,232.35,130.29,134.09,39.02,55.22,98.58,275.1
20261005,09:49:45,49693.34,44519.78,26148.4,17031.95,124.34,1854.52,435.42,466.21,555.29,110.25,165.92,204.09,91.57,143.68,268.82,122.33,190.11,291.04,3177.87,1683.73,471.72,81.18,242.15,1048.41,386.86,236.81,290.81,439.36,210.12,101.42,3545.7,232.35,130.17,134.08,39.02,55.22,98.58,274.8
20261005,09:49:50,49698.39,44526.67,26145.43,17035.13,124.34,1854.52,435.96,466.21,555.28,110.25,165.9,204.1,91.56,143.47,268.82,122.29,190.11,291.04,3178.35,1683.82,471.94,81.18,242.33,1048.83,386.86,236.8,290.83,439.34,210.12,101.42,3543.91,232.35,130.17,134.11,39.02,55.21,98.58,274.79
20261005,09:49:55,49694.06,44522.82,26140.32,17030.49,124.34,1854.52,435.33,466.21,555.28,110.25,165.9,204.09,91.56,143.68,268.82,122.29,190.11,291.04,3178.15,1683.94,471.85,81.2,242.32,1047.92,386.86,236.8,290.92,439.34,210.08,101.42,3543.57,232.35,130.17,134.11,39.02,55.21,98.58,274.81
20261005,09:50:00,49692.05,44518.78,26141.11,17024.44,124.34,1854.52,434.79,466.2,555.51,110.25,165.9,204.1,91.56,143.48,268.82,122.15,190.07,291.04,3177.97,1683.82,471.91,81.22,242.33,1047.41,386.81,236.65,291.22,439.36,210.12,101.42,3545.46,232.35,129.94,134.09,39.02,55.21,98.58,274.79
20261005,09:50:05,49659.05,44486.58,26138.46,17021.2,124.34,1854.52,434.23,466.2,555.65,110.25,165.9,204.08,91.56,143.48,268.82,122.26,190.07,291.06,3175.45,1681.48,471.99,81.28,242.33,1048.16,386.79,236.9,291.44,439.38,210.06,101.42,3545.51,232.35,129.94,134.01,39.03,55.25,98.58,274.79
20261005,09:50:10,49659.98,44487.06,26138.75,17020.09,124.34,1854.52,434.23,466.2,555.65,110.25,165.88,204.02,91.56,143.48,268.82,122.14,190.03,291.06,3175.52,1681.47,472.2,81.26,242.33,1048.24,386.76,236.65,291.39,439.39,210.06,101.42,3545.91,232.35,129.94,134.01,39.03,55.25,98.58,274.77
20261005,09:50:15,49656.17,44484.35,26135.72,17020.0,124.35,1854.67,434.22,466.13,555.65,110.25,165.9,204.05,91.56,143.48,268.73,122.28,190.03,291.06,3175.3,1681.46,472.04,81.28,242.33,1048.29,386.78,236.65,291.06,439.39,210.06,101.42,3544.99,232.35,129.82,134.01,39.03,55.25,98.58,274.74
20261005,09:50:20,49701.86,44528.64,26136.12,17019.67,124.35,1854.7,434.23,466.13,555.62,110.25,165.9,204.05,91.57,143.48,268.61,122.28,190.03,291.05,3178.88,1684.16,471.72,81.29,242.21,1048.49,386.78,236.65,291.38,439.44,209.99,101.42,3545.2,232.35,129.82,134.01,39.03,55.25,98.58,274.8
20261005,09:50:25,49707.53,44533.55,26141.03,17023.27,124.35,1854.7,434.77,466.06,555.75,110.25,165.88,203.97,91.57,143.48,268.61,122.26,190.03,291.06,3179.19,1684.05,471.79,81.29,242.21,1049.86,386.76,236.65,291.07,439.43,209.88,101.42,3545.76,232.35,129.82,134.0,39.03,55.25,98.58,275.06
20261005,09:50:30,49711.56,44537.6,26139.69,17022.16,124.35,1854.7,434.69,466.21,555.75,110.25,165.88,203.97,91.57,143.48,268.73,122.14,190.03,291.06,3179.54,1684.14,471.96,81.3,242.24,1049.88,386.76,236.65,291.33,439.43,209.99,101.42,3545.64,232.35,129.7,133.98,39.03,55.25,98.58,275.06
20261005,09:50:35,49708.43,44534.56,26139.88,17022.38,124.35,1854.7,434.75,466.13,555.75,110.25,165.88,203.96,91.57,143.49,268.73,122.26,190.03,291.05,3179.29,1683.98,472.1,81.29,242.24,1049.71,386.81,236.65,291.28,439.43,209.99,101.42,3545.64,232.35,129.58,133.98,39.03,55.26,98.58,275.06
20261005,09:50:40,49662.33,44489.68,26134.72,17016.56,124.22,1854.7,434.21,466.13,555.53,110.25,165.88,203.98,91.57,143.49,268.61,122.14,189.99,291.05,3175.81,1681.69,471.99,81.3,242.26,1049.0,386.78,236.65,290.97,439.43,210.0,101.42,3545.61,232.35,129.7,133.98,39.03,55.26,98.58,274.75
20261005,09:50:45,49703.44,44529.99,26133.05,17015.5,124.35,1854.7,434.21,466.05,555.53,110.25,165.85,203.97,91.54,143.49,268.59,122.13,189.99,291.05,3179.09,1684.35,471.95,81.32,242.01,1048.31,386.79,236.67,291.37,439.43,210.0,101.42,3545.37,232.35,129.58,133.98,39.03,55.26,98.58,274.75
20261005,09:50:50,49706.62,44532.91,26137.44,17019.95,124.35,1854.7,434.75,466.16,555.54,110.25,165.85,203.94,91.54,143.49,268.59,122.13,189.84,291.05,3179.22,1684.19,472.04,81.31,241.99,1048.99,386.79,236.64,291.38,439.37,210.0,101.42,3545.53,232.35,129.58,133.98,39.03,55.24,98.58,275.01
20261005,09:50:55,49706.46,44532.4,26139.06,17020.63,124.35,1854.57,434.75,466.08,555.54,110.25,165.84,203.96,91.54,143.49,268.59,122.26,189.84,291.05,3179.16,1684.1,472.21,81.35,241.99,1048.85,386.79,236.63,291.43,439.37,210.0,101.42,3545.86,232.35,129.57,133.98,39.03,55.24,98.58,275.06
20261005,09:51:00,49709.27,44537.08,26132.42,17019.52,124.35,1854.57,434.76,466.08,555.53,110.25,165.84,203.96,91.53,143.49,268.59,122.13,189.84,290.93,3179.56,1684.08,472.29,81.35,241.99,1049.77,386.78,236.65,291.43,439.37,209.99,101.42,3544.08,232.35,129.69,133.98,39.03,55.24,98.58,274.76
20261005,09:51:05,49666.79,44495.99,26130.4,17018.19,124.29,1854.57,434.6,466.0,555.57,110.25,165.83,203.97,91.52,143.49,268.73,122.14,189.84,290.93,3176.28,1681.72,472.38,81.34,242.01,1049.17,386.79,236.65,291.43,439.37,210.0,101.42,3543.81,232.35,129.69,133.97,39.03,55.24,98.58,274.76
20261005,09:51:10,49665.71,44494.88,26130.97,17018.68,124.41,1854.57,434.68,466.0,555.55,110.25,165.83,203.95,91.53,143.49,268.73,122.13,189.99,290.93,3176.18,1681.65,472.4,81.34,242.01,1049.12,386.79,236.65,291.42,439.37,209.97,101.42,3543.86,232.35,129.69,133.97,39.03,55.2,98.58,274.76
20261005,09:51:15,49702.44,44531.04,26127.08,17015.42,124.41,1854.57,434.14,465.99,555.55,110.25,165.83,203.93,91.53,143.49,268.73,122.24,189.89,290.92,3179.17,1683.98,472.39,81.35,242.01,1048.91,386.87,236.65,291.53,439.37,209.98,101.42,3543.53,232.35,129.69,133.97,39.03,55.21,98.58,274.77
20261005,09:51:20,49664.12,44494.07,26128.52,17018.32,124.41,1854.57,434.6,465.96,555.51,110.33,165.81,203.88,91.53,143.49,268.73,122.24,189.89,290.9,3176.13,1681.6,472.45,81.37,242.01,1048.96,386.89,236.79,291.46,439.37,209.98,101.42,3543.19,232.34,129.69,133.97,39.03,55.23,98.58,274.62
20261005,09:51:25,49659.41,44490.64,26123.48,17016.41,124.41,1854.57,434.68,465.96,555.55,110.25,165.79,203.86,91.52,143.49,268.73,122.24,189.89,290.9,3175.89,1681.48,472.66,81.31,242.03,1048.62,387.14,236.74,291.47,439.36,209.85,101.42,3542.14,232.34,129.57,133.99,39.03,55.23,98.58,274.61
20261005,09:51:30,49664.38,44495.03,26128.18,17020.27,124.41,1854.57,435.14,466.09,555.53,110.25,165.81,203.89,91.53,143.49,268.73,122.23,189.87,290.9,3176.16,1681.49,472.56,81.38,242.16,1049.07,387.17,236.98,291.46,439.36,209.88,101.42,3542.56,232.34,129.57,133.99,39.03,55.23,98.58,274.61
20261005,09:51:35,49664.88,44493.68,26132.3,17018.89,124.4,1854.57,435.14,466.09,555.55,110.25,165.82,203.94,91.53,143.49,268.73,122.25,189.85,290.9,3176.08,1681.45,472.62,81.37,242.17,1049.34,387.17,236.74,291.16,439.34,209.72,101.42,3544.22,232.33,129.57,133.97,39.03,55.23,98.58,274.59
20261005,09:51:40,49666.08,44494.61,26131.93,17017.63,124.4,1854.57,435.14,466.09,555.56,110.24,165.82,203.93,91.52,143.5,268.73,122.13,189.85,290.89,3176.19,1681.43,472.68,81.35,242.17,1049.48,387.17,236.74,291.28,439.3,209.69,101.42,3544.44,232.32,129.57,133.97,39.03,55.23,98.58,274.59
20261005,09:51:45,49663.88,44494.56,26126.26,17018.16,124.4,1854.57,435.14,466.11,555.55,110.24,165.83,203.99,91.52,143.29,268.73,122.27,189.85,290.95,3176.17,1681.36,472.61,81.38,242.17,1049.64,387.42,236.74,291.27,439.26,209.66,101.41,3542.53,232.32,129.57,133.97,39.03,55.23,98.58,274.59
20261005,09:51:50,49670.32,44500.88,26124.25,17015.96,124.4,1854.57,435.15,466.09,555.5,110.24,165.82,203.97,91.52,143.28,268.73,122.15,189.85,290.93,3176.73,1681.63,472.59,81.43,241.92,1050.15,387.42,236.73,291.37,439.26,209.54,101.41,3542.5,232.32,129.57,133.97,39.03,55.23,98.58,274.59
20261005,09:51:55,49665.81,44496.92,26122.04,17014.86,124.27,1854.57,435.06,466.09,555.47,110.23,165.82,203.98,91.52,143.49,268.73,122.15,189.85,290.89,3176.44,1681.48,472.52,81.47,241.92,1049.73,387.56,236.72,291.51,439.26,209.55,101.44,3542.11,232.32,129.57,133.97,39.03,55.23,98.58,274.51
20261005,09:52:00,49666.53,44497.24,26124.3,17016.2,124.4,1853.15,435.15,466.21,555.47,110.23,165.83,203.93,91.53,143.49,268.61,122.16,189.82,290.86,3176.43,1681.41,472.72,81.48,241.9,1049.73,387.56,236.72,291.5,439.24,209.51,101.45,3542.45,232.33,129.57,134.06,39.03,55.23,98.58,274.81
20261005,09:52:05,49705.27,44535.14,26126.85,17019.65,124.4,1853.15,435.69,466.21,555.56,110.23,165.83,203.98,91.52,143.49,268.61,122.16,189.82,290.85,3179.4,1683.87,472.66,81.48,241.89,1049.7,387.56,236.72,291.19,439.27,209.51,101.45,3542.31,232.33,129.57,134.06,39.03,55.23,98.58,274.51
20261005,09:52:10,49662.99,44493.59,26127.8,17019.54,124.4,1853.07,435.69,466.19,555.56,110.23,165.83,203.96,91.53,143.49,268.61,122.16,189.82,290.86,3176.06,1681.3,472.68,81.5,241.86,1049.7,387.56,236.72,291.14,439.24,209.51,101.45,3542.63,232.33,129.57,134.06,39.03,55.25,98.58,274.51
20261005,09:52:15,49667.26,44497.9,26128.22,17020.54,124.4,1853.07,435.69,466.19,555.56,110.23,165.83,203.98,91.52,143.49,268.61,122.15,189.86,290.88,3176.38,1681.43,472.78,81.5,241.86,1049.6,387.5,236.72,291.41,439.21,209.62,101.45,3542.49,232.33,129.57,134.06,39.03,55.23,98.58,274.5
20261005,09:52:20,49670.71,44501.54,26127.26,17020.37,124.4,1853.07,435.68,466.31,555.52,110.23,165.83,203.97,91.52,143.49,268.61,122.15,189.92,290.88,3176.68,1681.46,472.61,81.5,241.85,1050.43,387.5,236.71,291.4,439.21,209.62,101.41,3542.24,232.33,129.57,134.06,39.03,55.22,98.58,274.51
20261005,09:52:25,49708.82,44537.61,26131.38,17021.53,124.4,1853.07,435.67,466.23,555.58,110.23,165.85,204.04,91.53,143.49,268.61,122.15,189.92,290.88,3179.56,1683.73,472.5,81.5,241.83,1050.45,387.26,236.7,291.39,439.3,209.62,101.41,3543.21,232.33,129.69,134.06,39.03,55.19,98.58,274.51
20261005,09:52:30,49712.97,44542.13,26133.32,17025.39,124.4,1853.03,436.22,466.31,555.59,110.23,165.86,204.04,91.53,143.49,268.61,122.14,189.91,290.87,3179.83,1683.82,472.76,81.52,241.85,1050.45,387.49,236.71,291.4,439.29,209.62,101.41,3542.77,232.33,129.69,134.06,39.03,55.17,98.58,274.46
20261005,09:52:35,49668.34,44498.68,26133.57,17025.78,124.27,1853.03,436.21,466.31,555.83,110.23,165.85,204.01,91.53,143.49,268.61,122.16,189.88,290.87,3176.32,1681.24,472.68,81.49,242.02,1050.03,387.49,236.7,291.42,439.29,209.62,101.41,3542.74,232.33,129.69,134.06,39.03,55.17,98.58,274.49
20261005,09:52:40,49672.52,44502.91,26130.14,17022.38,124.27,1853.03,435.77,466.31,555.7,110.23,165.86,204.0,91.54,143.49,268.61,122.16,189.88,290.86,3176.74,1681.36,472.67,81.52,242.23,1050.49,387.49,236.71,291.36,439.27,209.63,101.41,3542.6,232.33,129.69,134.07,39.03,55.17,98.57,274.5
20261005,09:52:45,49668.23,44497.09,26137.75,17025.63,124.27,1853.03,436.24,466.31,555.72,110.23,165.88,204.04,91.55,143.49,268.61,122.14,189.88,290.64,3176.19,1681.24,472.47,81.51,242.23,1049.79,387.49,236.73,291.37,439.27,209.65,101.41,3544.09,232.0,129.69,134.07,39.03,55.17,98.57,274.71
20261005,09:52:50,49703.81,44531.6,26135.32,17022.3,124.27,1853.03,435.68,466.31,555.98,110.23,165.87,203.99,91.55,143.49,268.61,122.15,189.88,290.64,3179.05,1683.61,472.35,81.52,242.22,1049.45,387.49,236.73,291.33,439.26,209.64,101.41,3544.23,232.0,129.69,134.12,39.03,55.17,98.57,274.67
20261005,09:52:55,49705.7,44532.99,26141.05,17027.39,124.27,1853.14,436.22,466.23,555.89,110.24,165.88,204.01,91.55,143.49,268.61,122.15,189.88,290.64,3179.04,1683.48,472.27,81.53,242.25,1049.88,387.43,236.73,291.32,439.26,209.68,101.41,3544.64,232.01,129.81,134.12,39.03,55.17,98.57,274.68
20261005,09:53:00,49662.86,44491.15,26141.87,17028.01,124.27,1853.14,436.31,466.23,555.92,110.24,165.88,204.04,91.55,143.5,268.73,122.15,189.88,290.63,3175.66,1681.0,472.28,81.57,242.26,1049.76,387.43,236.72,291.01,439.24,209.62,101.41,3544.73,232.33,129.81,134.12,39.03,55.17,98.57,274.67
20261005,09:53:05,49699.35,44525.62,26141.37,17023.79,124.27,1853.23,435.76,466.23,555.88,110.24,165.88,204.03,91.55,143.5,268.73,122.14,189.88,290.63,3178.54,1683.39,472.43,81.53,242.02,1049.41,387.44,236.72,291.01,439.23,209.62,101.41,3545.72,232.33,129.81,134.05,39.03,55.19,98.57,274.67
20261005,09:53:10,49701.09,44528.6,26141.79,17028.57,124.27,1854.65,436.22,466.23,555.95,110.32,165.89,204.06,91.55,143.5,268.73,122.15,189.88,290.63,3178.66,1683.46,472.54,81.54,242.02,1049.34,387.44,236.72,291.03,439.06,209.68,101.41,3544.56,232.33,129.81,134.05,39.03,55.19,98.57,274.66
20261005,09:53:15,49663.29,44491.59,26143.19,17029.58,124.4,1854.94,436.31,466.23,556.07,110.31,165.89,204.05,91.56,143.51,268.73,122.15,189.88,290.63,3175.65,1681.03,472.47,81.55,242.25,1049.06,387.41,236.69,291.38,439.08,209.69,101.41,3544.72,232.34,129.69,134.04,39.03,55.23,98.57,274.67
20261005,09:53:20,49666.19,44494.42,26144.05,17030.57,124.4,1855.02,436.31,466.16,556.07,110.31,165.91,204.12,91.56,143.51,268.73,122.15,189.88,290.56,3175.86,1680.96,472.42,81.55,242.06,1049.96,387.41,236.71,291.39,439.1,209.69,101.41,3544.72,232.34,129.81,134.04,39.03,55.23,98.57,274.7
20261005,09:53:25,49705.27,44532.16,26144.29,17029.73,124.27,1855.02,436.31,466.23,556.02,110.23,165.89,204.08,91.55,143.51,268.73,122.15,189.88,290.58,3178.92,1683.36,472.32,81.58,242.08,1049.92,387.49,236.71,291.34,439.09,209.68,101.41,3545.02,232.33,129.81,134.07,39.03,55.23,98.57,274.65
20261005,09:53:30,49666.18,44496.11,26138.34,17029.7,124.27,1855.02,436.31,466.23,556.02,110.21,165.91,204.11,91.56,143.51,268.73,122.15,189.88,290.58,3176.02,1680.98,472.41,81.58,242.39,1050.0,387.24,236.71,291.35,439.07,209.67,101.41,3543.17,232.33,129.81,134.07,39.03,55.23,98.57,274.65
20261005,09:53:35,49664.35,44494.27,26136.9,17027.84,124.4,1853.6,436.3,466.23,556.03,110.21,165.92,204.13,91.56,143.51,268.73,122.15,189.88,290.58,3175.91,1681.08,472.25,81.58,242.43,1049.99,387.21,236.73,291.05,439.07,209.57,101.41,3543.22,232.33,129.69,134.07,39.03,55.23,98.57,274.7
20261005,09:53:40,49670.74,44500.3,26140.57,17031.42,124.4,1853.6,436.85,466.23,555.96,110.21,165.91,204.11,91.56,143.5,268.73,122.15,189.91,290.58,3176.31,1681.17,472.22,81.6,242.45,1050.73,387.28,236.72,290.96,439.13,209.55,101.41,3543.4,232.33,129.69,134.07,39.03,55.23,98.57,274.7
20261005,09:53:45,49709.87,44538.4,26139.49,17030.09,124.27,1853.57,436.85,465.99,555.73,110.21,165.91,204.04,91.57,143.51,268.73,122.15,189.88,290.58,3179.41,1683.57,472.31,81.59,242.45,1050.21,387.28,236.72,291.28,439.07,209.57,101.41,3543.42,232.33,129.69,134.07,39.07,55.23,98.57,274.68
20261005,09:53:50,49669.92,44499.84,26134.3,17025.34,124.27,1853.57,436.23,465.99,555.66,110.21,165.9,204.08,91.56,143.51,268.73,122.15,189.88,290.58,3176.42,1681.24,472.2,81.58,242.42,1050.73,387.28,236.72,291.06,439.07,209.56,101.42,3543.09,232.33,129.69,134.07,39.07,55.23,98.57,274.72
20261005,09:53:55,49712.7,44539.33,26145.15,17030.5,124.27,1853.51,436.85,465.99,555.66,110.21,165.9,204.08,91.56,143.29,268.73,122.15,189.88,290.58,3179.48,1683.65,472.12,81.57,242.45,1050.66,387.28,236.71,291.05,439.07,209.56,101.42,3545.08,232.33,129.81,134.07,39.08,55.23,98.57,274.71
20261005,09:54:00,49674.32,44502.09,26144.89,17030.71,124.27,1853.51,436.86,465.99,555.69,110.21,165.88,204.08,91.55,143.29,268.73,122.15,189.88,290.58,3176.47,1681.11,472.22,81.55,242.56,1050.77,387.28,236.71,291.37,439.06,209.58,101.42,3544.94,232.33,129.81,134.07,39.08,55.23,98.57,274.72
20261005,09:54:05,49677.04,44503.64,26145.04,17027.22,124.27,1853.4,436.31,466.0,555.7,110.2,165.88,204.06,91.55,143.51,268.73,122.15,189.88,290.6,3176.68,1681.12,472.16,81.55,242.56,1051.64,387.53,236.71,291.05,439.04,209.56,101.42,3545.94,232.33,129.93,133.97,39.08,55.23,98.57,274.68
20261005,09:54:10,49716.64,44541.33,26152.56,17032.85,124.27,1854.71,436.86,466.0,555.83,110.28,165.89,204.08,91.55,143.72,268.73,122.14,189.88,290.83,3179.58,1683.64,472.29,81.53,242.47,1050.68,387.64,236.72,291.12,438.98,209.52,101.42,3546.76,232.33,129.93,133.97,39.08,55.24,98.57,274.67
20261005,09:54:15,49710.82,44538.48,26141.14,17029.14,124.26,1854.71,436.4,466.11,555.83,110.28,165.89,204.09,91.55,143.72,268.73,122.14,189.83,290.83,3179.44,1683.7,472.18,81.52,242.47,1049.89,387.6,236.72,291.43,438.97,209.49,101.42,3544.19,232.33,129.93,133.97,39.08,55.24,98.57,274.66
20261005,09:54:20,49674.43,44502.97,26142.12,17030.11,124.26,1854.71,436.4,466.11,555.83,110.28,165.87,204.02,91.54,143.51,268.73,122.14,189.98,290.83,3176.56,1681.35,472.18,81.54,242.47,1050.24,387.6,236.72,291.42,438.96,209.52,101.42,3544.24,232.35,130.04,133.97,39.08,55.24,98.57,274.69
20261005,09:54:25,49675.84,44504.14,26147.24,17035.3,124.39,1854.71,436.94,466.23,555.79,110.28,165.87,204.04,91.54,143.51,268.61,122.26,189.83,290.81,3176.53,1681.31,472.31,81.55,242.58,1050.08,387.57,236.72,291.39,438.96,209.56,101.41,3544.43,232.35,130.04,133.97,39.08,55.24,98.57,274.67
20261005,09:54:30,49710.66,44538.39,26142.22,17030.64,124.39,1854.71,436.31,466.23,555.77,110.2,165.85,204.07,91.52,143.51,268.61,122.26,189.87,290.83,3179.4,1683.68,472.3,81.55,242.58,1050.07,387.57,236.72,291.04,438.97,209.59,101.41,3544.12,232.35,130.04,133.96,39.08,55.24,98.57,274.67
20261005,09:54:35,49674.37,44502.89,26140.37,17028.04,124.26,1853.21,436.39,466.31,555.85,110.2,165.84,204.06,91.52,143.51,268.61,122.12,189.83,290.85,3176.6,1681.37,472.19,81.55,242.58,1050.65,387.49,236.72,291.04,438.97,209.56,101.41,3544.26,232.03,129.94,133.96,39.08,55.24,98.57,274.69
20261005,09:54:40,49681.28,44507.7,26145.22,17027.17,124.26,1852.99,436.4,466.23,555.79,110.2,165.85,204.07,91.52,143.51,268.61,122.1,189.81,290.83,3177.01,1681.45,472.14,81.55,242.6,1051.43,387.57,236.72,291.04,438.97,209.55,101.41,3546.01,232.03,129.93,133.87,39.08,55.26,98.57,274.67
20261005,09:54:45,49714.91,44542.65,26141.63,17030.37,124.39,1852.99,436.94,466.23,555.81,110.18,165.85,204.04,91.52,143.51,268.61,122.1,189.81,290.83,3179.75,1683.74,472.21,81.59,242.57,1050.77,387.36,236.72,291.05,438.89,209.55,101.41,3544.01,232.03,129.81,133.87,39.08,55.26,98.57,274.66
20261005,09:54:50,49720.34,44548.79,26140.02,17031.36,124.39,1854.4,436.94,466.17,555.82,110.17,165.84,204.01,91.52,143.51,268.61,122.1,189.81,290.83,3180.22,1684.0,472.09,81.58,242.57,1051.21,387.36,236.72,291.08,438.89,209.52,101.41,3543.24,232.03,129.93,133.86,39.08,55.26,98.57,274.65
20261005,09:54:55,49719.27,44547.31,26141.36,17031.43,124.39,1854.4,436.95,466.17,555.82,110.17,165.85,204.05,91.52,143.51,268.61,122.1,189.78,290.83,3180.1,1683.93,472.08,81.61,242.55,1051.13,387.36,236.72,291.06,438.89,209.51,101.41,3543.64,232.03,129.93,133.86,39.08,55.26,98.57,274.68
20261005,09:55:00,49718.64,44546.47,26144.69,17034.49,124.39,1854.4,436.95,466.17,555.82,110.17,165.84,204.02,91.52,143.5,268.61,122.24,189.81,290.87,3179.96,1683.9,472.13,81.61,242.53,1050.83,387.44,236.72,291.06,438.89,209.64,101.41,3543.85,232.03,130.04,133.86,39.08,55.24,98.57,274.7
20261005,09:55:05,49717.37,44545.81,26142.67,17034.11,124.26,1854.4,436.94,466.17,555.88,110.17,165.86,204.05,91.53,143.71,268.61,122.24,189.96,290.89,3179.91,1683.89,472.11,81.63,242.47,1050.79,387.45,236.7,291.05,438.88,209.64,101.41,3543.32,232.03,129.93,133.86,39.08,55.26,98.57,274.67
20261005,09:55:10,49716.91,44546.11,26140.11,17033.69,124.39,1852.99,436.94,466.17,555.81,110.17,165.87,204.08,91.53,143.5,268.61,122.24,189.96,290.93,3179.95,1683.72,472.15,81.6,242.46,1051.35,387.53,236.72,291.09,438.88,209.65,101.41,3542.64,232.03,129.93,133.86,39.08,55.26,98.57,274.67
20261005,09:55:15,49673.91,44504.19,26135.34,17028.13,124.27,1852.99,436.39,466.08,555.88,110.18,165.85,204.05,91.52,143.5,268.61,122.24,189.96,290.92,3176.7,1681.13,472.08,81.61,242.59,1051.56,387.75,236.72,291.08,438.88,209.65,101.42,3542.66,232.07,129.81,133.86,39.08,55.26,98.57,274.59
20261005,09:55:20,49715.17,44543.06,26143.33,17032.81,124.29,1853.17,436.95,466.1,555.88,110.19,165.87,204.1,91.53,143.72,268.61,122.13,189.87,290.82,3179.72,1683.48,472.17,81.62,242.35,1051.54,387.76,236.72,291.13,439.04,209.62,101.42,3543.88,232.07,129.81,133.87,39.08,55.24,98.58,274.93
20261005,09:55:25,49719.89,44547.5,26141.46,17030.15,124.29,1853.26,436.41,466.26,555.97,110.19,165.9,204.1,91.56,143.74,268.61,122.14,189.83,290.83,3180.15,1683.48,472.35,81.74,242.59,1051.9,387.76,236.73,291.13,439.08,209.64,101.42,3544.02,232.07,129.93,133.86,39.08,55.25,98.58,274.66
20261005,09:55:30,49716.45,44545.73,26136.56,17029.83,124.29,1853.26,436.4,466.26,556.0,110.19,165.9,204.08,91.56,143.52,268.61,122.14,189.83,290.81,3180.01,1683.56,472.3,81.78,242.6,1051.28,387.83,236.73,291.13,439.16,209.64,101.42,3542.58,232.07,129.93,133.86,39.08,55.25,98.58,274.61
20261005,09:55:35,49682.99,44513.18,26146.86,17041.83,124.29,1853.26,438.11,466.26,556.0,110.19,165.9,204.08,91.56,143.52,268.61,122.14,189.83,290.8,3177.1,1681.18,472.38,81.71,242.62,1051.77,387.76,236.73,291.11,439.19,209.68,101.42,3542.53,232.07,129.93,133.86,39.08,55.25,98.58,274.28
20261005,09:55:40,49729.54,44558.54,26150.47,17045.99,124.29,1853.26,438.65,466.39,556.07,110.19,165.9,204.08,91.55,143.52,268.61,122.14,189.83,290.8,3180.65,1683.82,472.5,81.81,242.62,1051.79,387.77,236.73,291.08,439.22,209.57,101.42,3542.53,232.07,129.93,133.86,39.09,55.25,98.58,274.58
20261005,09:55:45,49722.49,44552.25,26148.38,17045.54,124.29,1853.26,438.65,466.39,556.04,110.19,165.91,204.14,91.55,143.52,268.6,122.27,189.83,290.78,3180.16,1683.73,472.4,81.82,242.59,1051.03,387.79,236.73,291.07,439.22,209.57,101.42,3542.0,232.08,129.93,133.76,39.09,55.25,98.58,274.28
20261005,09:55:50,49727.0,44556.91,26147.66,17045.6,124.41,1853.26,438.65,466.34,556.04,110.19,165.92,204.18,91.55,143.52,268.6,122.25,189.79,290.78,3180.53,1683.95,472.42,81.85,242.74,1051.08,387.77,236.73,291.03,439.15,209.56,101.42,3541.76,232.08,129.93,133.76,39.09,55.25,98.58,274.28
20261005,09:55:55,49724.44,44556.51,26142.46,17046.62,124.09,1853.26,438.74,466.34,556.15,110.19,165.9,204.12,91.55,143.52,268.6,122.24,189.79,290.78,3180.48,1683.88,472.42,81.89,242.56,1051.27,387.47,236.72,291.04,439.15,209.56,101.42,3539.86,232.08,129.93,133.76,39.09,55.25,98.58,274.68
20261005,09:56:00,49723.63,44555.31,26143.51,17046.46,124.22,1853.48,438.74,466.34,556.15,110.19,165.92,204.18,91.55,143.52,268.6,122.12,189.79,290.78,3180.38,1683.85,472.41,81.85,242.56,1051.22,387.45,236.72,291.06,439.15,209.56,101.42,3540.23,232.08,129.93,133.76,39.09,55.23,98.58,274.72
20261005,09:56:05,49720.5,44549.65,26150.3,17045.53,124.09,1853.48,438.83,466.34,556.15,110.19,165.89,204.13,91.54,143.73,268.6,122.12,189.79,290.77,3179.95,1683.85,472.15,81.83,242.42,1050.63,387.47,236.73,291.06,439.09,209.56,101.42,3542.61,232.08,129.81,133.76,39.09,55.23,98.58,274.69
20261005,09:56:10,49722.66,44552.19,26149.25,17045.76,124.16,1853.48,438.82,466.34,556.29,110.19,165.87,204.12,91.53,143.52,268.6,122.12,189.83,290.77,3180.15,1683.87,472.13,81.8,242.42,1051.06,387.81,236.73,291.05,439.1,209.56,101.42,3542.21,232.08,129.81,133.76,39.09,55.23,98.58,274.7
20261005,09:56:15,49717.83,44550.23,26142.92,17047.7,124.16,1853.48,438.82,466.34,556.29,110.19,165.86,204.16,91.51,143.51,268.6,122.12,189.83,290.8,3179.94,1683.85,472.2,81.78,242.6,1050.45,387.85,236.73,291.05,439.09,209.67,101.42,3539.71,232.08,129.93,133.75,39.09,55.23,98.58,274.67
20261005,09:56:20,49718.93,44551.56,26138.35,17043.3,124.16,1853.48,438.28,466.36,556.3,110.11,165.88,204.21,91.51,143.51,268.6,122.12,189.83,290.78,3180.16,1683.85,472.04,81.77,242.52,1051.21,387.78,236.73,291.05,439.11,209.63,101.42,3539.48,232.08,129.93,133.75,39.1,55.23,98.58,274.67
20261005,09:56:25,49680.05,44513.28,26141.6,17045.74,124.16,1853.48,438.82,466.37,556.32,110.11,165.87,204.17,91.51,143.51,268.6,122.14,189.83,290.77,3177.01,1681.39,472.26,81.76,242.38,1051.25,387.78,236.72,291.06,439.11,209.6,101.42,3539.83,232.08,129.81,133.75,39.1,55.19,98.58,274.67
20261005,09:56:30,49681.38,44514.0,26144.18,17046.74,124.16,1853.48,438.83,466.29,556.43,110.11,165.87,204.19,91.51,143.51,268.6,122.15,189.83,290.77,3177.05,1681.5,472.31,81.74,242.38,1050.94,387.75,236.73,291.07,439.09,209.67,101.42,3540.37,232.08,129.81,133.75,39.1,55.21,98.56,274.62
20261005,09:56:35,49720.01,44551.98,26143.81,17047.49,124.29,1853.48,438.83,466.29,556.32,110.11,165.86,204.19,91.5,143.51,268.6,122.15,189.83,290.77,3180.09,1683.8,472.4,81.79,242.37,1050.92,387.75,236.72,291.07,439.05,209.67,101.42,3540.04,232.08,129.93,133.75,39.1,55.21,98.56,274.61
20261005,09:56:40,49678.83,44514.31,26135.2,17045.77,124.16,1853.37,438.82,466.29,556.25,110.11,165.85,204.17,91.5,143.51,268.6,122.13,189.83,290.78,3177.1,1681.41,472.47,81.79,242.54,1050.92,387.78,236.72,291.07,439.1,209.67,101.42,3537.82,232.08,129.81,133.75,39.1,55.21,98.56,274.61
20261005,09:56:45,49675.22,44510.56,26136.62,17046.63,124.16,1853.37,438.82,466.21,556.25,110.11,165.85,204.12,91.51,143.51,268.6,122.13,189.83,290.77,3176.77,1681.2,472.05,81.78,242.54,1051.23,387.97,236.71,291.08,439.1,209.67,101.42,3538.03,232.08,129.93,133.74,39.1,55.21,98.56,274.62
20261005,09:56:50,49676.07,44511.39,26132.47,17041.85,124.16,1853.37,438.28,466.21,556.26,110.11,165.85,204.16,91.5,143.51,268.6,122.13,189.83,290.77,3176.95,1681.37,472.21,81.68,242.5,1051.22,387.67,236.71,291.08,439.1,209.55,101.42,3538.03,232.08,129.93,133.74,39.1,55.25,98.56,274.62
20261005,09:56:55,49673.11,44508.91,26133.94,17044.9,124.16,1853.37,438.82,466.13,556.18,110.11,165.82,204.08,91.5,143.51,268.6,122.13,189.76,290.77,3176.68,1681.21,471.85,81.76,242.54,1051.27,387.67,236.71,291.08,439.08,209.54,101.42,3537.66,232.08,129.93,133.74,39.1,55.23,98.54,274.65
20261005,09:57:00,49667.28,44504.67,26128.56,17043.53,124.16,1853.32,438.82,466.12,556.18,110.11,165.82,204.08,91.5,143.51,268.6,122.13,189.76,290.78,3176.37,1681.08,471.85,81.71,242.53,1051.08,387.34,236.71,291.08,439.03,209.41,101.42,3536.35,232.08,129.93,133.74,39.1,55.23,98.54,274.65
20261005,09:57:05,49674.64,44509.75,26135.49,17044.53,124.16,1853.32,438.9,465.99,556.17,110.1,165.82,204.08,91.5,143.51,268.6,122.25,189.76,290.78,3176.76,1681.25,472.3,81.7,242.55,1051.01,387.34,236.71,291.08,439.04,209.4,101.42,3538.25,232.08,129.93,133.72,39.1,55.23,98.54,274.65
20261005,09:57:10,49712.5,44548.94,26129.06,17044.8,124.29,1854.7,438.9,465.99,556.17,110.1,165.82,204.05,91.5,143.51,268.72,122.24,189.76,290.78,3179.91,1683.67,472.17,81.69,242.52,1051.27,387.34,236.71,291.03,439.13,209.38,101.42,3536.17,232.08,129.81,133.83,39.1,55.23,98.54,274.64
20261005,09:57:15,49712.91,44549.58,26129.59,17046.22,124.29,1854.68,438.99,465.99,556.12,110.02,165.81,204.05,91.49,143.72,268.57,122.24,189.76,290.78,3179.93,1683.67,472.19,81.69,242.52,1051.3,387.36,236.71,291.03,439.19,209.38,101.42,3535.94,232.08,129.93,133.83,39.1,55.23,98.54,274.64
20261005,09:57:20,49664.5,44502.0,26125.0,17039.55,124.16,1854.68,438.28,465.99,556.06,110.04,165.81,204.04,91.49,143.72,268.57,122.12,189.76,290.78,3176.25,1681.26,472.12,81.62,242.49,1050.24,387.36,236.71,291.02,439.19,209.37,101.42,3536.32,232.05,129.93,133.82,39.1,55.23,98.54,274.63
20261005,09:57:25,49705.58,44542.43,26127.55,17043.88,124.29,1854.68,438.9,465.99,556.06,110.02,165.81,204.04,91.49,143.51,268.57,122.14,189.76,290.77,3179.41,1683.52,472.31,81.67,242.49,1050.5,387.36,236.71,291.0,439.18,209.37,101.42,3535.94,232.05,129.93,133.77,39.1,55.22,98.54,274.64
20261005,09:57:30,49663.29,44500.81,26128.47,17043.55,124.29,1853.26,438.98,466.11,555.98,110.02,165.8,204.03,91.49,143.51,268.57,122.14,189.76,290.75,3176.06,1681.1,471.89,81.65,242.49,1050.5,387.3,236.7,291.0,439.16,209.36,101.42,3536.32,232.05,129.93,133.77,39.1,55.22,98.54,274.64
20261005,09:57:35,49703.35,44539.78,26125.15,17039.49,124.16,1853.26,438.44,466.11,556.19,110.02,165.79,204.03,91.48,143.51,268.72,122.14,189.76,290.77,3179.3,1683.37,471.62,81.69,242.49,1051.38,387.6,236.7,290.99,439.15,209.36,101.42,3536.39,232.37,129.81,133.77,39.1,55.23,98.54,274.62
20261005,09:57:40,49707.8,44544.08,26124.05,17038.13,124.16,1853.33,438.37,466.11,555.88,110.02,165.79,204.04,91.48,143.5,268.72,122.14,189.79,290.77,3179.68,1683.57,471.96,81.65,242.49,1051.38,387.45,236.69,291.0,439.15,209.36,101.42,3536.41,232.37,129.81,133.77,39.1,55.25,98.54,274.62
20261005,09:57:45,49702.34,44536.9,26135.61,17045.16,124.16,1854.74,438.99,466.11,555.91,110.12,165.79,204.04,91.48,143.5,268.72,122.15,189.76,290.77,3178.93,1683.28,471.91,81.62,242.5,1050.61,387.45,236.69,291.01,439.16,209.36,101.42,3538.11,232.37,130.04,133.76,39.1,55.25,98.35,274.61
20261005,09:57:50,49704.09,44538.8,26134.43,17044.49,124.29,1854.51,438.98,466.11,555.77,110.12,165.79,204.03,91.48,143.5,268.69,122.12,189.76,290.77,3179.1,1683.55,471.88,81.6,242.32,1050.4,387.44,236.69,291.01,439.15,209.33,101.42,3537.93,232.37,130.04,133.76,39.1,55.25,98.35,274.61
20261005,09:57:55,49702.58,44536.49,26136.99,17044.62,124.29,1854.51,438.99,466.11,555.77,110.12,165.79,204.04,91.48,143.5,268.69,122.13,189.76,290.77,3178.91,1683.47,471.76,81.52,242.31,1050.56,387.44,236.69,290.94,439.15,209.33,101.42,3538.69,232.37,130.04,133.76,39.1,55.27,98.35,274.58
20261005,09:58:00,49701.31,44535.94,26133.18,17042.53,124.16,1854.51,438.9,466.11,555.8,110.04,165.79,204.03,91.48,143.5,268.69,122.13,189.76,290.77,3178.92,1683.41,471.69,81.52,242.31,1050.83,387.44,236.67,290.96,439.15,209.35,101.42,3538.07,232.37,129.93,133.76,39.1,55.27,98.35,274.54
20261005,09:58:05,49657.31,44491.68,26136.43,17041.63,124.17,1854.5,438.9,466.11,555.81,110.03,165.8,204.07,91.48,143.5,268.69,122.13,189.76,290.79,3175.37,1680.98,471.61,81.53,242.28,1049.97,387.46,236.67,290.97,439.15,209.34,101.42,3539.33,232.37,129.81,133.76,39.1,55.27,98.35,274.5
20261005,09:58:10,49660.21,44494.99,26134.67,17041.22,124.18,1853.08,438.98,466.0,555.78,110.11,165.79,204.03,91.48,143.5,268.69,122.12,189.76,290.73,3175.65,1680.94,471.61,81.59,242.28,1050.61,387.46,236.67,290.97,439.12,209.34,101.42,3538.89,232.37,129.81,133.76,39.1,55.25,98.35,274.5
20261005,09:58:15,49698.86,44533.21,26129.7,17037.36,124.18,1853.08,438.36,466.0,555.98,110.11,165.79,203.99,91.49,143.5,268.69,122.13,189.74,290.73,3178.82,1683.29,471.74,81.56,242.28,1050.81,387.55,236.67,290.97,439.14,209.23,101.42,3538.39,232.37,129.93,133.76,39.1,55.25,98.35,274.52
20261005,09:58:20,49693.82,44530.46,26124.92,17039.13,124.05,1853.08,438.91,466.0,555.92,110.11,165.79,204.01,91.49,143.29,268.69,122.08,189.74,290.75,3178.56,1683.39,471.54,81.58,242.31,1050.07,387.55,236.67,290.97,439.13,209.24,101.42,3536.41,232.37,129.81,133.76,39.1,55.23,98.35,274.52
20261005,09:58:25,49651.54,44489.41,26121.29,17035.41,124.18,1853.08,438.36,466.0,556.06,110.11,165.79,204.0,91.48,143.29,268.69,122.08,189.74,290.75,3175.34,1680.98,471.53,81.55,242.28,1049.89,387.63,236.67,290.97,439.13,209.24,101.42,3536.29,232.04,129.81,133.76,39.1,55.23,98.35,274.53
20261005,09:58:30,49657.26,44494.98,26124.66,17039.29,124.18,1853.04,438.91,466.0,556.05,110.11,165.78,204.0,91.48,143.29,268.69,122.08,189.74,290.75,3175.69,1680.89,471.32,81.57,242.28,1051.24,387.6,236.67,290.95,439.13,209.24,101.42,3536.29,232.04,129.81,133.76,39.1,55.23,98.35,274.53
20261005,09:58:35,49690.22,44527.12,26125.12,17039.93,124.18,1853.04,438.9,465.91,556.05,110.11,165.78,204.0,91.48,143.29,268.69,122.08,189.74,290.97,3178.27,1683.36,471.41,81.57,242.03,1049.85,387.67,236.66,290.95,439.13,209.26,101.45,3536.26,232.04,129.81,133.76,39.1,55.23,98.35,274.55
20261005,09:58:40,49654.0,44491.89,26123.83,17038.62,124.18,1853.04,438.35,465.88,556.05,110.11,165.78,204.0,91.48,143.29,268.69,122.2,189.74,290.97,3175.46,1680.83,471.4,81.59,242.03,1050.95,387.62,236.66,290.96,439.13,209.26,101.45,3536.21,232.04,130.04,133.76,39.1,55.23,98.35,274.55
20261005,09:58:45,49697.95,44535.54,26127.9,17046.11,124.18,1853.04,439.44,465.88,556.05,110.09,165.78,204.02,91.48,143.29,268.69,122.08,189.79,290.97,3178.8,1683.43,471.3,81.55,242.28,1050.81,387.62,236.66,290.97,439.1,209.29,101.45,3535.45,232.04,130.04,133.75,39.1,55.23,98.35,274.56
20261005,09:58:50,49661.97,44500.59,26128.33,17046.93,124.18,1852.87,439.44,465.96,556.05,110.09,165.77,203.97,91.48,143.29,268.69,122.08,189.79,290.95,3175.96,1681.18,471.52,81.53,242.28,1050.78,387.62,236.66,291.0,439.08,209.38,101.45,3535.36,232.11,130.04,133.75,39.1,55.23,98.35,274.58
20261005,09:58:55,49697.43,44535.47,26126.7,17046.2,124.05,1852.87,439.35,466.21,556.05,110.09,165.77,203.95,91.48,143.29,268.69,122.07,189.79,290.93,3178.79,1683.45,471.52,81.54,242.28,1050.83,387.64,236.68,290.73,439.18,209.38,101.45,3535.05,232.11,130.04,133.75,39.1,55.23,98.35,274.58
20261005,09:59:00,49661.48,44500.71,26126.05,17046.3,124.05,1852.86,439.35,465.93,556.05,110.1,165.75,203.95,91.46,143.5,268.69,122.07,189.86,290.95,3175.99,1681.09,471.46,81.54,242.31,1051.07,387.69,236.69,291.03,439.18,209.38,101.45,3534.82,232.11,130.04,133.76,39.1,55.25,98.35,274.58
20261005,09:59:05,49664.32,44503.25,26127.03,17046.68,124.18,1852.86,439.36,465.93,556.05,110.1,165.75,204.02,91.45,143.5,268.6,122.09,189.86,290.95,3176.18,1681.06,471.48,81.47,242.49,1051.51,387.69,236.68,291.09,439.11,209.39,101.45,3535.02,232.11,130.04,133.73,39.1,55.25,98.35,274.57
20261005,09:59:10,49665.57,44504.46,26129.93,17049.99,124.18,1852.86,439.99,465.94,556.05,110.1,165.73,204.0,91.44,143.5,268.6,122.09,189.86,290.95,3176.2,1680.97,471.35,81.52,242.49,1051.46,387.7,236.68,291.4,439.17,209.39,101.45,3535.03,232.11,129.93,133.63,39.1,55.25,98.35,274.57
20261005,09:59:15,49700.2,44538.02,26130.2,17049.67,124.18,1852.86,439.99,465.93,556.05,110.1,165.74,204.0,91.45,143.5,268.6,122.09,189.82,290.95,3178.91,1683.43,471.29,81.53,242.25,1051.01,387.7,236.66,291.1,439.16,209.35,101.45,3535.2,232.11,129.93,133.64,39.1,55.25,98.35,274.57
20261005,09:59:20,49658.57,44497.78,26127.89,17048.13,124.18,1852.86,439.99,465.93,556.0,110.1,165.74,204.0,91.45,143.5,268.6,122.09,189.82,290.93,3175.71,1681.18,471.28,81.55,242.25,1050.34,387.7,236.66,291.05,439.13,209.35,101.45,3534.89,232.11,129.92,133.64,39.1,55.23,98.35,274.24
20261005,09:59:25,49658.16,44496.93,26129.17,17048.11,124.18,1852.86,439.98,465.93,556.0,110.1,165.74,204.04,91.44,143.5,268.48,122.09,189.82,290.92,3175.64,1681.17,471.27,81.52,242.25,1050.25,387.67,236.66,291.06,439.12,209.34,101.45,3535.3,232.11,129.92,133.64,39.1,55.24,98.35,274.24
20261005,09:59:30,49660.05,44498.77,26129.99,17049.04,124.18,1852.86,439.99,465.93,556.0,110.08,165.74,204.04,91.44,143.5,268.48,122.09,189.97,290.92,3175.76,1681.08,471.25,81.53,242.25,1050.85,387.7,236.66,291.05,439.04,209.34,101.45,3535.3,232.11,130.03,133.64,39.1,55.24,98.35,274.24
20261005,09:59:35,49660.07,44498.87,26129.06,17048.22,124.18,1852.85,439.99,465.93,556.13,110.08,165.74,204.03,91.44,143.5,268.48,122.09,189.97,290.92,3175.79,1681.06,471.22,81.54,242.25,1050.99,387.63,236.66,291.06,438.98,209.23,101.45,3535.24,232.11,130.03,133.64,39.1,55.24,98.35,274.23
20261005,09:59:40,49660.52,44499.35,26125.37,17044.13,124.18,1852.85,439.52,465.93,555.87,110.09,165.75,204.05,91.44,143.5,268.48,122.09,189.97,290.92,3175.93,1681.12,471.62,81.54,242.27,1051.09,387.58,236.66,290.75,438.98,209.2,101.45,3535.19,232.11,130.03,133.79,39.1,55.23,98.35,274.23
20261005,09:59:45,49709.2,44546.78,26130.45,17049.98,124.18,1852.85,440.07,466.01,555.87,110.09,165.75,204.04,91.44,143.5,268.48,122.05,189.82,290.92,3179.61,1683.49,471.59,81.54,242.68,1051.83,387.57,236.66,291.05,438.98,209.35,101.45,3535.19,232.11,130.03,133.79,39.1,55.23,98.35,274.51
20261005,09:59:50,49705.97,44543.68,26129.72,17049.26,124.18,1852.85,440.07,466.01,555.79,110.09,165.75,203.99,91.45,143.5,268.48,122.03,189.78,290.92,3179.38,1683.47,471.51,81.56,242.68,1051.38,387.55,236.66,291.05,438.98,209.35,101.45,3535.16,232.11,130.03,133.69,39.1,55.23,98.35,274.49
20261005,09:59:55,49666.89,44505.82,26129.38,17049.62,124.18,1852.85,439.98,466.13,555.74,110.09,165.75,203.99,91.45,143.5,268.48,122.17,189.78,290.92,3176.32,1681.03,471.46,81.6,242.43,1051.83,387.55,236.66,291.05,439.03,209.35,101.45,3534.96,232.11,130.03,133.69,39.1,55.23,98.35,274.51
20261005,10:00:00,49707.4,44545.5,26127.71,17048.38,124.05,1852.85,439.98,466.13,555.74,110.09,165.74,203.99,91.45,143.5,268.48,122.05,189.78,290.91,3179.55,1683.58,471.54,81.51,242.43,1051.73,387.55,236.66,291.04,439.03,209.34,101.45,3534.77,232.11,130.03,133.73,39.1,55.23,98.35,274.51
20261005,10:00:05,49707.72,44541.47,26135.79,17043.14,124.18,1853.07,439.36,466.14,555.74,110.16,165.72,203.97,91.44,143.5,268.48,122.17,189.92,290.9,3179.35,1683.45,471.48,81.49,242.68,1051.58,387.52,236.66,291.01,439.03,209.22,101.45,3538.72,232.11,129.92,133.73,39.1,55.23,98.35,274.51
20261005,10:00:10,49668.1,44504.01,26135.45,17046.6,124.11,1852.91,439.9,466.06,555.89,110.08,165.73,203.99,91.44,143.5,268.48,122.17,189.89,290.91,3176.25,1681.09,471.38,81.5,242.26,1051.53,387.52,236.65,291.32,439.03,209.19,101.45,3537.68,232.11,129.92,133.73,39.09,55.21,98.35,274.51
20261005,10:00:15,49659.3,44495.2,26134.85,17045.1,123.99,1852.99,439.9,466.06,555.85,110.08,165.72,203.96,91.44,143.28,268.48,122.06,189.92,290.91,3175.57,1681.08,471.22,81.48,242.08,1051.18,387.44,236.65,290.68,439.03,209.19,101.45,3537.89,232.11,129.92,133.73,39.1,55.21,98.35,274.51
20261005,10:00:20,49662.5,44498.04,26136.36,17045.88,124.12,1853.08,439.98,465.81,555.85,110.08,165.73,203.96,91.45,143.28,268.3,122.03,189.82,290.89,3175.78,1681.11,471.34,81.5,242.28,1050.72,387.44,236.67,291.08,438.97,209.22,101.45,3538.15,232.11,129.92,133.73,39.1,55.23,98.35,274.51
20261005,10:00:25,49694.12,44531.44,26128.1,17045.09,124.12,1853.08,439.89,465.81,555.89,110.08,165.73,203.96,91.45,143.28,268.3,122.03,189.82,290.9,3178.49,1683.5,471.35,81.51,242.28,1049.87,387.76,236.67,290.98,438.97,209.22,101.45,3535.79,232.08,129.93,133.63,39.1,55.23,98.35,274.5
20261005,10:00:30,49694.89,44532.28,26128.14,17045.46,123.99,1853.0,439.97,465.81,555.89,110.08,165.73,203.96,91.45,143.28,268.12,122.01,189.82,290.89,3178.55,1683.52,471.24,81.55,242.26,1050.43,387.68,236.69,290.67,438.97,209.26,101.47,3535.7,232.06,129.94,133.63,39.1,55.23,98.35,274.48
20261005,10:00:35,49698.11,44535.81,26123.17,17041.02,123.86,1853.0,439.43,465.8,555.75,110.08,165.75,203.98,91.46,143.28,268.12,122.03,189.82,290.89,3178.94,1683.42,471.34,81.56,242.52,1050.49,387.67,236.69,291.3,438.97,209.26,101.47,3535.35,232.04,129.94,133.63,39.1,55.25,98.33,274.48
20261005,10:00:40,49655.55,44491.64,26135.68,17046.35,123.99,1853.0,440.05,465.8,555.89,110.08,165.76,203.98,91.47,143.28,268.12,122.15,189.82,290.89,3175.25,1681.13,471.13,81.56,242.53,1049.76,387.67,236.67,290.71,438.99,209.14,101.47,3537.81,232.04,129.94,133.63,39.1,55.25,98.33,274.5
20261005,10:00:45,49661.62,44498.23,26134.41,17047.18,123.99,1853.0,439.97,466.13,555.86,110.08,165.76,203.98,91.47,143.28,268.12,122.13,189.97,290.88,3175.77,1681.39,471.24,81.56,242.42,1049.78,387.67,236.7,291.0,438.99,209.27,101.47,3537.19,232.04,129.94,133.63,39.1,55.25,98.33,274.5
20261005,10:00:50,49704.77,44536.29,26139.79,17040.02,123.86,1853.0,439.34,466.13,555.86,110.08,165.76,203.95,91.47,143.28,268.12,122.12,189.82,290.88,3179.0,1683.76,471.28,81.6,242.4,1050.11,387.67,236.68,290.99,438.99,209.15,101.47,3540.82,232.04,129.94,133.63,39.1,55.25,98.33,274.21
20261005,10:00:55,49668.04,44500.66,26142.42,17043.56,123.99,1853.0,439.88,466.13,555.85,110.08,165.76,203.95,91.47,143.28,268.12,122.02,189.78,290.88,3176.05,1681.51,471.18,81.6,242.4,1050.1,387.65,236.68,290.99,438.98,209.15,101.47,3540.68,232.04,129.94,133.63,39.1,55.25,98.33,274.2
20261005,10:01:00,49661.27,44494.75,26140.53,17043.72,123.86,1853.0,439.88,465.88,555.85,110.08,165.75,203.94,91.47,143.28,268.0,122.02,189.78,290.88,3175.57,1681.25,471.2,81.62,242.4,1050.13,387.67,236.68,290.68,438.98,209.15,101.47,3540.04,232.04,129.94,133.63,39.1,55.25,98.33,274.52
20261005,10:01:05,49662.46,44498.13,26135.11,17044.88,123.86,1852.91,439.88,465.88,555.88,110.08,165.76,203.97,91.47,143.28,268.0,122.02,189.78,290.86,3175.81,1681.27,471.44,81.61,242.42,1050.39,387.67,236.68,290.67,439.0,209.26,101.47,3538.03,232.04,129.94,133.63,39.1,55.25,98.33,274.55
20261005,10:01:10,49664.93,44500.51,26143.28,17054.22,123.92,1852.91,440.97,465.76,555.72,110.07,165.94,203.96,91.62,143.28,268.0,122.02,189.78,290.84,3175.78,1681.34,471.41,81.61,242.4,1049.75,387.67,236.68,290.98,439.0,209.27,101.47,3538.05,232.04,129.94,133.62,39.1,55.24,98.33,274.55
20261005,10:01:15,49699.04,44536.3,26128.03,17045.25,123.92,1852.91,439.88,465.76,555.77,110.06,165.94,203.96,91.62,143.07,268.0,122.02,189.78,290.86,3178.88,1683.68,471.32,81.57,242.41,1050.12,387.6,236.68,290.93,439.0,209.15,101.47,3535.72,232.04,129.94,133.62,39.1,55.26,98.33,274.55
20261005,10:01:20,49698.21,44535.57,26121.5,17038.0,123.92,1852.91,438.79,465.76,555.77,110.06,165.93,203.92,91.62,143.07,268.0,122.02,189.78,290.79,3179.0,1683.62,471.22,81.57,242.41,1050.56,387.6,236.69,291.02,439.0,209.27,101.47,3535.65,232.04,129.94,133.62,39.1,55.26,98.33,274.5
20261005,10:01:25,49695.69,44533.12,26119.95,17036.21,123.92,1852.91,438.71,465.76,555.77,110.06,165.93,203.91,91.62,143.07,268.0,122.11,189.78,290.57,3178.84,1683.55,471.12,81.57,242.43,1050.5,387.6,236.69,291.02,439.01,209.15,101.43,3535.65,232.04,129.94,133.62,39.1,55.26,98.33,274.47
20261005,10:01:30,49649.62,44488.15,26120.53,17036.6,124.05,1852.91,438.7,465.76,555.76,110.06,165.94,203.95,91.62,143.07,268.0,122.09,189.78,290.55,3175.21,1681.08,471.12,81.53,241.98,1049.99,387.6,236.69,291.0,438.99,209.19,101.43,3535.73,232.04,129.94,133.62,39.1,55.26,98.33,274.43
20261005,10:01:35,49640.69,44479.64,26118.74,17035.16,123.92,1852.79,438.69,465.68,555.76,110.06,165.94,203.95,91.62,143.28,268.0,121.96,189.78,290.55,3174.56,1680.9,470.97,81.51,241.97,1049.25,387.3,236.69,291.01,438.97,209.16,101.43,3535.56,232.04,129.94,133.62,39.1,55.26,98.33,274.43
20261005,10:01:40,49638.61,44477.33,26118.36,17033.81,123.92,1851.37,438.78,465.6,555.76,110.08,165.94,203.94,91.62,143.07,268.0,121.96,189.78,290.55,3174.4,1680.83,470.96,81.51,241.96,1049.13,387.29,236.69,291.01,438.99,209.04,101.43,3535.81,232.04,129.94,133.6,39.1,55.28,98.33,274.45
20261005,10:01:45,49648.67,44487.21,26119.1,17034.9,123.92,1851.26,438.79,465.69,555.76,110.08,165.93,203.93,91.62,143.07,268.0,122.01,189.92,290.55,3175.17,1681.0,471.12,81.5,242.32,1050.24,387.64,236.55,290.73,439.02,209.08,101.43,3535.74,232.04,129.94,133.56,39.1,55.28,98.33,274.49
20261005,10:01:50,49645.82,44484.44,26119.03,17034.85,124.05,1851.26,438.79,465.6,555.73,110.07,165.93,203.9,91.62,143.07,268.0,122.01,189.78,290.54,3174.95,1681.04,471.22,81.47,242.31,1049.56,387.7,236.55,290.73,439.07,209.08,101.43,3535.73,232.04,129.94,133.57,39.1,55.26,98.33,274.51
20261005,10:01:55,49637.3,44476.14,26118.68,17034.45,124.05,1851.03,438.78,465.6,555.67,110.07,165.91,203.84,91.62,143.07,268.0,122.03,189.78,290.59,3174.29,1680.87,471.05,81.47,242.33,1048.71,387.7,236.55,290.73,439.07,209.08,101.43,3535.73,232.04,129.94,133.57,39.06,55.26,98.33,274.49
20261005,10:02:00,49632.43,44471.11,26118.92,17033.77,124.05,1851.03,438.7,465.6,555.73,110.07,165.91,203.84,91.62,143.07,268.0,122.03,189.78,290.57,3173.9,1680.65,471.04,81.43,242.31,1048.58,387.7,236.55,290.7,439.02,209.08,101.43,3535.99,232.04,129.94,133.57,39.05,55.26,98.33,274.47
20261005,10:02:05,49631.94,44469.56,26122.8,17034.65,124.05,1852.45,438.78,465.68,555.67,110.07,165.91,203.82,91.62,143.06,268.0,122.01,189.78,290.55,3173.76,1680.64,471.09,81.42,242.3,1048.24,387.7,236.55,290.69,439.07,209.1,101.43,3536.97,232.05,129.94,133.57,39.05,55.26,98.33,274.38
20261005,10:02:10,49629.94,44465.56,26127.88,17033.61,124.05,1851.0,438.78,465.7,555.53,110.07,165.91,203.83,91.62,143.06,268.0,122.01,189.78,290.53,3173.46,1680.6,471.11,81.41,242.28,1047.69,387.7,236.55,290.69,439.07,209.1,101.43,3538.84,232.05,129.94,133.57,39.05,55.26,98.33,274.38
20261005,10:02:15,49632.21,44468.96,26126.18,17035.64,124.05,1851.0,438.78,465.7,555.53,110.08,165.9,203.81,91.62,143.06,268.0,122.01,189.78,290.54,3173.68,1680.63,470.83,81.4,242.27,1048.44,387.71,236.55,290.68,438.92,209.28,101.43,3537.75,232.05,129.94,133.77,39.05,55.26,98.33,274.41
20261005,10:02:20,49673.9,44509.21,26126.59,17034.86,124.05,1852.42,438.79,465.7,555.54,110.06,165.9,203.82,91.62,143.06,268.12,122.01,189.75,290.56,3176.95,1683.12,470.81,81.41,242.29,1048.51,387.64,236.54,290.69,438.93,209.25,101.43,3538.09,231.98,129.82,133.77,39.05,55.26,98.33,274.38
20261005,10:02:25,49629.45,44466.13,26122.44,17030.89,123.92,1851.0,438.71,465.7,555.4,110.0,165.9,203.79,91.62,142.85,268.0,122.01,189.75,290.56,3173.57,1680.8,470.83,81.42,242.13,1047.77,387.64,236.54,290.68,438.93,209.07,101.43,3537.88,231.98,129.82,133.78,39.05,55.26,98.33,274.46
20261005,10:02:30,49671.9,44506.38,26123.5,17028.37,124.05,1852.42,438.17,465.7,555.37,110.0,165.92,203.79,91.64,142.85,268.0,122.01,189.75,290.55,3176.88,1683.3,470.95,81.42,242.01,1047.91,387.64,236.54,290.68,438.92,209.13,101.43,3538.89,231.98,129.82,133.75,39.05,55.26,98.33,274.41
20261005,10:02:35,49669.18,44504.56,26119.38,17026.43,124.05,1852.19,438.17,465.7,555.4,110.0,165.9,203.81,91.61,143.06,268.0,121.99,189.75,290.58,3176.78,1683.25,471.02,81.45,242.01,1047.28,387.61,236.51,291.0,438.92,208.93,101.43,3538.13,231.98,129.82,133.75,39.05,55.26,98.33,274.41
20261005,10:02:40,49626.64,44464.39,26115.27,17025.95,123.92,1852.19,438.16,465.62,555.4,110.08,165.89,203.79,91.61,142.85,268.0,121.99,189.75,290.61,3173.55,1680.79,470.95,81.44,242.0,1047.36,387.61,236.51,290.97,438.92,208.85,101.43,3536.98,231.94,129.94,133.75,39.05,55.26,98.33,274.39
20261005,10:02:45,49663.18,44499.64,26118.11,17028.05,124.05,1852.07,438.15,465.75,555.36,110.08,165.88,203.76,91.61,142.85,268.0,121.99,189.75,290.59,3176.34,1683.1,470.84,81.44,242.0,1047.37,387.61,236.51,290.66,438.92,209.06,101.43,3537.29,231.94,129.94,133.75,39.05,55.26,98.33,274.4
20261005,10:02:50,49621.77,44459.23,26115.63,17024.98,123.92,1850.65,438.07,465.59,555.32,110.05,165.88,203.76,91.61,142.85,268.0,121.99,189.75,290.59,3173.16,1680.69,470.84,81.41,241.97,1047.35,387.61,236.51,290.64,438.9,208.93,101.43,3537.35,231.94,129.94,133.75,39.05,55.26,98.33,274.41
20261005,10:02:55,49663.89,44500.26,26115.3,17024.57,123.92,1850.88,438.17,465.51,555.36,110.05,165.94,203.74,91.66,142.85,268.0,121.87,189.75,290.57,3176.47,1683.21,470.87,81.41,241.96,1047.45,387.61,236.51,290.65,438.93,208.81,101.43,3537.36,231.94,129.94,133.74,39.05,55.26,98.33,274.43
20261005,10:03:00,49628.95,44466.02,26115.09,17023.66,123.92,1850.88,438.17,465.51,555.66,110.05,165.87,203.7,91.62,142.85,268.0,121.86,189.75,290.57,3173.74,1680.8,470.85,81.43,241.96,1047.96,387.54,236.51,290.95,438.94,208.7,101.43,3537.54,231.94,129.94,133.77,39.05,55.25,98.33,274.41
20261005,10:03:05,49625.05,44461.08,26118.85,17024.18,123.92,1850.99,438.26,465.51,555.65,110.04,165.86,203.66,91.62,142.83,268.0,121.88,189.75,290.57,3173.33,1680.68,470.91,81.36,242.12,1047.63,387.54,236.51,290.67,438.94,208.68,101.43,3538.58,231.94,129.94,133.76,39.05,55.27,98.33,274.42
20261005,10:03:10,49622.85,44462.07,26112.09,17026.89,124.05,1850.99,438.62,465.51,555.61,110.04,165.86,203.66,91.62,142.83,268.0,121.88,189.75,290.57,3173.34,1680.67,471.0,81.33,242.11,1047.65,387.54,236.51,290.69,438.93,208.68,101.43,3535.73,231.94,129.94,133.76,39.05,55.25,98.33,274.41
20261005,10:03:15,49620.94,44455.93,26121.84,17023.77,123.99,1850.99,438.16,465.51,555.61,110.04,165.86,203.65,91.62,142.83,268.0,121.88,189.75,290.57,3172.92,1680.34,470.95,81.31,242.11,1047.72,387.68,236.51,290.7,438.93,208.83,101.43,3539.62,231.94,129.82,133.76,39.05,55.25,98.33,274.41
20261005,10:03:20,49619.19,44458.5,26108.09,17022.29,124.05,1852.41,438.08,465.51,555.55,110.05,165.85,203.61,91.62,142.83,268.0,121.88,189.75,290.57,3173.16,1680.51,471.11,81.28,242.13,1047.61,387.75,236.51,290.71,438.93,208.67,101.43,3535.73,231.94,129.82,133.77,39.05,55.25,98.33,274.45
20261005,10:03:25,49619.3,44458.42,26114.08,17028.56,123.92,1851.22,438.62,465.51,555.54,110.04,165.85,203.56,91.63,142.83,268.0,122.0,189.75,290.59,3173.01,1680.36,471.05,81.27,242.14,1047.82,387.75,236.51,290.67,438.92,208.81,101.43,3535.89,231.94,129.94,133.77,39.05,55.25,98.33,274.5
20261005,10:03:30,49618.25,44454.46,26119.03,17024.39,123.92,1850.99,438.16,465.51,555.54,110.04,165.87,203.62,91.63,142.83,268.0,121.88,189.75,290.6,3172.79,1680.39,471.01,81.26,242.13,1047.34,387.69,236.51,290.62,438.92,208.79,101.43,3538.58,231.94,129.94,133.77,39.05,55.25,98.33,274.51
20261005,10:03:35,49661.94,44497.29,26118.65,17024.84,124.05,1850.99,438.16,465.51,555.51,109.97,165.87,203.62,91.63,142.83,268.0,121.99,189.75,290.58,3176.23,1682.95,471.09,81.29,242.13,1047.53,387.69,236.5,290.62,438.94,208.77,101.43,3538.34,231.94,129.94,133.74,39.05,55.25,98.33,274.51
20261005,10:03:40,49623.42,44458.99,26125.04,17029.62,124.05,1850.99,438.7,465.51,555.81,109.97,165.86,203.59,91.63,142.83,268.0,121.87,189.75,290.58,3173.03,1680.56,471.05,81.25,242.13,1047.38,387.69,236.51,290.61,438.98,208.83,101.43,3539.03,231.94,129.94,133.73,39.09,55.25,98.33,274.5
20261005,10:03:45,49661.34,44498.26,26119.13,17030.6,124.05,1852.33,438.7,465.49,555.81,109.97,165.82,203.54,91.61,142.83,268.0,122.0,189.76,290.58,3176.17,1683.02,471.03,81.24,242.13,1047.4,387.69,236.51,290.53,438.97,208.83,101.43,3536.92,231.94,129.94,133.73,39.09,55.25,98.33,274.5
20261005,10:03:50,49629.98,44466.65,26123.58,17032.16,123.99,1852.56,439.24,465.49,555.81,109.97,165.8,203.5,91.6,142.62,268.0,122.0,189.76,290.59,3173.58,1680.78,471.05,81.28,242.14,1048.07,387.69,236.75,290.53,438.96,208.64,101.43,3537.88,231.94,129.94,133.73,39.09,55.25,98.33,274.5
20261005,10:03:55,49619.97,44457.66,26123.93,17035.14,123.99,1852.64,439.78,465.49,555.82,109.97,165.82,203.57,91.6,142.62,268.0,122.0,189.76,290.59,3172.79,1680.51,471.0,81.27,242.05,1047.16,387.69,236.75,290.53,438.93,208.52,101.43,3537.19,231.94,129.94,133.73,39.09,55.25,98.33,274.48
20261005,10:04:00,49625.0,44462.14,26124.77,17034.7,123.86,1851.22,439.78,465.49,555.98,109.97,165.83,203.58,91.61,142.63,268.0,121.88,189.76,290.6,3173.16,1680.73,471.03,81.29,242.06,1047.31,387.67,236.75,290.53,438.96,208.59,101.43,3537.57,231.94,129.94,133.73,39.09,55.25,98.33,274.45
20261005,10:04:05,49623.41,44460.35,26127.0,17036.47,123.99,1851.22,439.79,465.49,555.98,109.97,165.83,203.59,91.61,142.62,268.0,121.88,189.76,290.58,3172.97,1680.76,471.03,81.3,242.07,1046.73,387.69,236.75,290.51,438.96,208.84,101.43,3537.79,231.94,129.82,133.73,39.09,55.25,98.33,274.45
20261005,10:04:10,49621.5,44458.54,26123.92,17033.09,123.99,1851.22,439.24,465.48,556.03,110.04,165.83,203.58,91.61,142.62,268.0,121.88,189.76,290.58,3172.91,1680.66,471.03,81.3,242.32,1046.7,387.69,236.75,290.51,438.96,208.87,101.43,3537.74,231.94,129.82,133.73,39.09,55.25,98.33,274.43
20261005,10:04:15,49632.4,44469.5,26124.35,17034.72,123.99,1851.22,439.25,465.48,556.03,110.04,165.81,203.53,91.61,142.63,268.0,122.0,189.76,290.58,3173.75,1680.81,471.12,81.32,242.32,1048.07,387.69,236.75,290.51,438.93,208.88,101.43,3537.43,231.94,129.94,133.71,39.09,55.25,98.33,274.43
20261005,10:04:20,49633.08,44470.16,26124.89,17035.34,123.99,1852.64,439.24,465.48,556.07,110.04,165.81,203.53,91.6,142.84,268.0,122.0,189.76,290.51,3173.79,1680.87,471.24,81.29,242.09,1048.14,387.69,236.75,290.5,438.93,208.88,101.43,3537.43,231.94,129.94,133.69,39.09,55.25,98.33,274.43
20261005,10:04:25,49631.36,44468.86,26125.57,17037.38,123.99,1852.64,439.79,465.4,556.01,109.96,165.8,203.53,91.59,142.83,268.0,121.99,189.76,290.51,3173.63,1680.71,471.17,81.29,242.34,1048.12,387.69,236.75,290.49,438.93,208.75,101.43,3537.09,231.94,129.94,133.71,39.09,55.23,98.33,274.45
20261005,10:04:30,49635.09,44472.37,26129.99,17042.05,123.98,1851.22,440.33,465.36,556.09,109.96,165.8,203.55,91.59,142.83,268.0,121.99,189.76,290.53,3173.81,1680.62,471.27,81.43,242.34,1048.46,387.44,236.75,290.51,438.93,208.87,101.43,3537.21,231.93,129.94,133.7,39.09,55.23,98.33,274.42
20261005,10:04:35,49635.94,44473.2,26133.34,17045.89,123.98,1851.0,440.95,465.56,556.05,109.96,165.8,203.55,91.59,142.83,268.0,121.99,189.76,290.57,3173.78,1680.52,471.22,81.43,242.34,1048.79,387.14,236.72,290.51,438.93,208.79,101.41,3537.21,231.93,129.94,133.7,39.09,55.23,98.33,274.42
20261005,10:04:40,49638.34,44475.31,26134.93,17046.96,123.98,1851.0,440.95,465.56,556.06,109.96,165.8,203.55,91.59,142.83,268.0,121.99,189.76,290.57,3173.92,1680.62,471.1,81.43,242.52,1048.78,387.14,236.72,290.5,438.9,208.81,101.41,3537.41,231.93,130.06,133.67,39.08,55.23,98.33,274.44
20261005,10:04:45,49676.3,44512.29,26131.56,17043.09,124.04,1851.0,440.94,465.56,556.06,109.96,165.8,203.54,91.59,142.83,267.98,122.01,189.76,290.57,3177.0,1682.97,471.2,81.46,242.52,1048.32,387.14,236.72,290.81,438.92,208.59,101.41,3537.41,231.93,129.94,133.64,39.08,55.23,98.33,274.12
20261005,10:04:50,49637.16,44474.25,26127.36,17038.59,124.04,1851.0,440.4,465.36,556.0,109.96,165.8,203.54,91.59,142.83,267.98,121.97,189.76,290.56,3174.04,1680.76,471.23,81.46,242.52,1048.37,387.13,236.72,290.58,438.92,208.59,101.41,3537.32,231.93,129.94,133.64,39.08,55.23,98.33,274.12
20261005,10:04:55,49634.85,44472.6,26127.63,17040.86,124.04,1851.0,440.56,465.24,556.0,109.96,165.82,203.52,91.61,142.83,267.86,121.99,189.76,290.57,3173.85,1680.76,471.04,81.36,242.55,1048.29,387.13,236.72,290.57,438.92,208.64,101.42,3536.79,232.26,129.94,133.66,39.08,55.23,98.33,274.12
20261005,10:05:00,49634.2,44471.96,26127.68,17040.93,124.04,1851.0,440.56,465.24,556.0,109.96,165.83,203.53,91.61,142.83,267.86,121.99,189.76,290.56,3173.8,1680.72,471.33,81.36,242.55,1048.11,387.13,236.72,290.48,438.91,208.68,101.4,3536.79,232.26,129.94,133.66,38.96,55.24,98.35,274.1
20261005,10:05:05,49673.58,44509.89,26129.99,17042.1,123.98,1851.0,440.56,465.24,556.02,109.96,165.83,203.57,91.61,142.83,267.83,122.0,189.76,290.57,3176.83,1683.12,471.22,81.32,242.55,1048.12,387.13,236.72,290.47,438.91,208.69,101.4,3537.19,232.26,129.94,133.66,38.96,55.26,98.35,274.4
20261005,10:05:10,49635.05,44472.15,26129.89,17041.34,123.98,1851.0,440.56,465.23,556.03,109.96,165.82,203.53,91.61,142.83,267.83,122.0,189.8,290.57,3173.8,1680.75,471.23,81.36,242.55,1048.15,387.1,236.86,290.48,438.96,208.62,101.4,3537.36,232.19,129.94,133.66,38.96,55.26,98.35,274.39
20261005,10:05:15,49640.62,44477.59,26130.46,17042.0,123.98,1851.0,440.64,465.23,556.08,109.96,165.79,203.45,91.61,143.05,267.83,121.99,189.8,290.56,3174.23,1680.96,471.17,81.33,242.55,1048.62,387.04,236.86,290.47,438.96,208.62,101.4,3537.36,232.19,129.94,133.66,38.92,55.26,98.35,274.4
20261005,10:05:20,49638.16,44475.22,26133.05,17045.08,123.98,1850.88,441.11,465.23,556.08,109.96,165.8,203.46,91.61,142.83,267.95,122.0,189.8,290.57,3173.96,1680.7,471.11,81.29,242.55,1048.79,387.02,236.85,290.57,439.06,208.61,101.4,3537.34,232.19,129.94,133.66,38.92,55.26,98.35,274.37
20261005,10:05:25,49638.34,44475.39,26131.58,17043.39,123.98,1850.88,440.64,465.15,556.08,109.96,165.81,203.48,91.61,142.83,267.95,122.0,189.8,290.54,3174.02,1680.79,471.12,81.3,242.55,1048.68,387.06,236.61,290.53,439.01,208.6,101.4,3537.34,232.19,130.17,133.66,38.92,55.26,98.35,274.37
20261005,10:05:30,49639.72,44476.74,26130.82,17042.51,123.98,1850.88,440.64,465.15,556.08,109.96,165.79,203.46,91.6,142.83,267.95,122.03,189.8,290.54,3174.15,1680.84,471.02,81.3,242.73,1048.77,387.09,236.61,290.53,439.06,208.59,101.4,3537.34,232.19,130.06,133.66,38.92,55.26,98.35,274.37
20261005,10:05:35,49641.39,44478.89,26132.18,17045.83,123.98,1850.88,441.11,465.22,556.08,109.96,165.78,203.43,91.6,142.83,267.95,122.03,189.8,290.54,3174.24,1680.88,471.03,81.27,242.85,1048.67,387.06,236.61,290.63,439.05,208.59,101.4,3536.86,232.19,130.06,133.64,38.92,55.26,98.35,274.37
20261005,10:05:40,49641.19,44478.7,26129.29,17042.52,123.98,1850.88,440.64,465.22,556.07,109.96,165.79,203.45,91.6,142.83,267.95,122.03,189.95,290.54,3174.3,1680.95,471.03,81.29,242.73,1048.64,387.06,236.59,290.66,439.04,208.58,101.4,3536.85,232.19,130.06,133.64,38.92,55.26,98.35,274.37
20261005,10:05:45,49639.26,44476.81,26129.46,17042.72,123.85,1851.0,440.64,465.48,556.07,109.96,165.78,203.44,91.6,142.83,267.95,122.02,189.95,290.54,3174.15,1681.21,471.07,81.26,242.55,1048.05,387.15,236.59,290.35,439.04,208.62,101.4,3536.85,232.19,130.06,133.64,38.92,55.26,98.35,274.37
20261005,10:05:50,49640.0,44477.3,26135.29,17048.65,123.98,1851.0,441.18,465.48,555.96,109.96,165.78,203.42,91.6,142.83,267.95,122.02,189.95,290.54,3174.04,1681.1,471.17,81.29,242.55,1048.03,387.4,236.59,290.26,439.12,208.7,101.4,3537.07,232.26,130.17,133.64,38.96,55.25,98.35,274.36
20261005,10:05:55,49639.43,44476.75,26131.81,17044.64,123.98,1851.0,441.1,465.48,555.92,109.96,165.8,203.46,91.61,142.83,267.95,122.02,189.95,290.54,3174.1,1681.07,471.06,81.26,242.55,1048.07,387.46,236.6,290.54,438.77,208.7,101.4,3537.07,232.26,129.82,133.63,38.96,55.27,98.35,274.32
20261005,10:06:00,49642.3,44478.86,26130.96,17041.38,123.98,1852.2,440.64,465.48,555.92,109.96,165.79,203.47,91.6,142.84,267.95,122.02,189.95,290.57,3174.34,1681.21,471.15,81.27,242.53,1048.12,387.49,236.6,290.54,438.77,208.73,101.4,3537.69,231.93,129.82,133.63,38.96,55.25,98.35,274.32
20261005,10:06:05,49643.83,44480.96,26132.08,17044.69,123.98,1852.2,441.18,465.48,555.92,109.89,165.79,203.46,91.6,142.83,267.95,121.98,189.95,290.57,3174.43,1681.33,471.08,81.28,242.53,1048.0,387.81,236.6,290.55,438.73,208.73,101.4,3537.14,231.93,129.82,133.63,38.96,55.25,98.35,274.31
20261005,10:06:10,49644.71,44481.43,26132.64,17044.02,123.98,1852.2,441.18,465.48,555.92,109.96,165.79,203.48,91.6,142.83,267.95,121.85,189.95,290.56,3174.49,1681.35,471.04,81.28,242.53,1047.98,387.81,236.6,290.64,438.99,208.7,101.4,3537.5,231.93,129.82,133.64,38.96,55.25,98.35,274.2
20261005,10:06:15,49643.62,44480.4,26135.1,17046.95,123.98,1852.2,441.18,465.56,555.96,109.96,165.8,203.49,91.6,142.83,267.95,121.85,189.91,290.56,3174.33,1681.22,471.05,81.28,242.35,1048.17,387.78,236.6,290.62,439.03,208.88,101.4,3537.47,231.93,129.94,133.64,38.96,55.25,98.35,274.2
20261005,10:06:20,49652.09,44488.86,26134.67,17047.16,123.98,1852.2,441.27,465.56,555.95,109.96,165.8,203.51,91.6,142.83,267.95,121.85,189.91,290.56,3175.01,1681.63,470.96,81.29,242.35,1049.0,387.78,236.6,290.31,439.03,208.83,101.4,3537.28,231.93,129.94,133.66,38.96,55.24,98.35,274.22
20261005,10:06:25,49656.53,44493.16,26140.78,17054.13,123.98,1852.2,442.28,465.43,555.64,109.96,165.81,203.52,91.6,142.83,267.95,121.97,189.91,290.56,3175.19,1681.58,470.96,81.26,242.37,1049.19,387.76,236.6,290.63,439.03,208.83,101.4,3537.29,231.93,129.94,133.66,38.96,55.24,98.35,274.21
20261005,10:06:30,49653.09,44489.91,26139.44,17052.91,123.98,1852.2,442.45,465.43,555.53,109.88,165.8,203.51,91.6,142.83,267.95,121.97,189.91,290.57,3174.96,1681.48,470.94,81.3,242.37,1048.91,387.7,236.6,290.63,439.03,208.84,101.4,3537.21,231.93,129.7,133.76,38.96,55.24,98.35,274.11
20261005,10:06:35,49695.98,44532.01,26134.04,17047.76,123.98,1852.42,441.73,465.43,555.53,109.87,165.8,203.49,91.6,142.83,267.95,121.97,189.94,290.57,3178.47,1684.1,471.03,81.3,242.37,1049.11,387.56,236.61,290.65,439.02,208.84,101.4,3536.92,231.93,129.7,133.76,38.96,55.24,98.35,274.11
20261005,10:06:40,49658.46,44495.51,26137.3,17051.7,123.98,1852.42,441.73,465.43,555.53,109.87,165.8,203.51,91.6,142.83,267.95,121.97,189.94,290.57,3175.44,1681.76,471.03,81.29,242.37,1049.14,387.56,236.61,290.64,439.04,208.84,101.4,3536.87,231.93,130.17,133.77,38.96,55.24,98.35,274.13
20261005,10:06:45,49655.51,44492.63,26137.81,17052.29,123.98,1852.42,441.82,465.43,555.53,109.87,165.8,203.5,91.6,142.83,267.95,121.97,189.94,290.59,3175.19,1681.55,471.01,81.31,242.38,1049.14,387.56,236.61,290.66,439.0,208.84,101.4,3536.87,231.93,130.17,133.77,38.96,55.24,98.35,274.11
20261005,10:06:50,49662.85,44499.79,26138.09,17052.6,123.98,1852.42,441.82,465.43,555.43,109.95,165.81,203.49,91.61,143.04,267.95,121.97,189.94,290.59,3175.76,1681.64,471.15,81.31,242.55,1050.08,387.21,236.61,290.56,439.0,208.84,101.4,3536.87,231.93,130.17,133.76,38.96,55.26,98.35,274.1
20261005,10:06:55,49659.76,44496.65,26131.6,17044.73,123.98,1852.53,440.73,465.4,555.54,109.95,165.81,203.49,91.61,142.83,267.95,121.97,189.91,290.59,3175.7,1681.6,471.13,81.3,242.56,1050.07,387.26,236.61,290.56,439.02,208.84,101.4,3536.98,231.93,130.17,133.76,38.96,55.26,98.35,274.1
20261005,10:07:00,49663.38,44500.23,26134.78,17048.54,123.98,1852.76,441.34,465.4,555.54,109.94,165.81,203.49,91.61,142.81,267.83,121.97,189.91,290.61,3175.89,1681.56,471.26,81.33,242.56,1050.1,387.26,236.61,290.86,438.7,208.84,101.4,3536.94,231.93,130.17,133.71,38.96,55.26,98.35,274.09
20261005,10:07:05,49660.09,44497.15,26131.88,17045.62,123.98,1851.34,441.26,465.4,555.54,109.94,165.8,203.5,91.6,142.81,267.83,121.85,189.91,290.63,3175.72,1681.55,471.32,81.33,242.53,1050.05,387.26,236.62,290.55,438.7,208.83,101.4,3536.82,231.97,130.06,133.71,38.96,55.26,98.35,274.09
20261005,10:07:10,49663.55,44499.9,26133.85,17045.81,123.98,1851.34,441.34,465.4,555.48,109.94,165.81,203.51,91.6,142.81,267.83,121.85,189.91,290.64,3175.93,1681.92,471.21,81.33,242.53,1049.55,387.27,236.62,290.54,438.75,208.8,101.38,3537.39,231.97,130.06,133.73,38.96,55.26,98.35,274.09
20261005,10:07:15,49659.58,44496.77,26132.19,17046.38,123.98,1851.44,441.35,465.48,555.47,109.94,165.81,203.51,91.6,142.82,267.85,121.85,189.91,290.64,3175.67,1681.69,471.3,81.33,242.53,1049.49,387.6,236.62,290.54,438.75,208.84,101.38,3536.71,231.97,130.06,133.73,38.96,55.26,98.35,274.09
20261005,10:07:20,49658.33,44495.76,26129.87,17044.41,123.98,1851.44,441.19,465.4,555.47,109.94,165.81,203.51,91.61,142.82,267.85,121.97,189.91,290.63,3175.63,1681.67,471.22,81.31,242.29,1049.83,387.58,236.6,290.54,438.73,208.84,101.38,3536.53,231.97,129.82,133.83,38.96,55.26,98.35,274.12
20261005,10:07:25,49655.43,44492.94,26126.05,17040.01,123.98,1851.44,440.64,465.4,555.5,109.94,165.8,203.51,91.6,142.82,267.85,121.97,189.91,290.88,3175.51,1681.78,471.24,81.3,242.4,1048.96,387.59,236.6,290.64,438.73,208.84,101.38,3536.53,231.97,129.7,133.83,38.96,55.26,98.35,274.12
20261005,10:07:30,49694.26,44530.77,26127.33,17041.48,123.98,1851.39,440.72,465.41,555.51,109.86,165.8,203.52,91.6,142.82,267.97,121.97,189.91,290.88,3178.52,1684.24,471.12,81.34,242.64,1048.41,387.56,236.6,290.63,438.73,208.84,101.38,3536.53,231.97,129.82,133.83,38.96,55.26,98.35,274.12
20261005,10:07:35,49651.59,44489.12,26124.33,17037.78,123.98,1851.39,440.18,465.41,555.54,109.94,165.8,203.52,91.6,142.82,267.97,121.97,189.91,290.88,3175.26,1681.58,471.4,81.37,242.64,1048.56,387.26,236.6,290.59,438.73,208.84,101.35,3536.59,231.97,129.82,133.83,38.96,55.26,98.35,274.12
20261005,10:07:40,49651.78,44489.3,26125.56,17039.2,123.98,1852.81,440.18,465.41,556.0,109.94,165.8,203.51,91.6,142.82,267.97,121.96,189.91,290.87,3175.24,1681.75,471.34,81.36,242.39,1048.33,387.26,236.6,290.6,438.67,208.88,101.35,3536.59,231.97,129.82,133.83,38.96,55.26,98.35,273.82
20261005,10:07:45,49651.85,44489.37,26127.93,17041.93,123.98,1852.81,440.64,465.41,555.9,109.94,165.78,203.45,91.6,142.82,267.97,121.96,189.91,290.87,3175.18,1681.62,471.51,81.37,242.4,1048.35,387.26,236.6,290.6,438.67,208.87,101.35,3536.59,231.97,129.82,133.83,38.96,55.26,98.35,273.82
20261005,10:07:50,49647.15,44485.01,26123.85,17037.98,123.98,1851.39,440.1,465.41,555.89,109.94,165.78,203.45,91.6,142.82,267.97,121.96,189.91,290.91,3174.92,1681.61,471.42,81.38,242.4,1047.87,387.28,236.6,290.6,438.67,208.81,101.35,3536.39,231.97,129.94,133.83,38.96,55.26,98.35,273.85
20261005,10:07:55,49689.55,44526.11,26124.52,17038.01,123.98,1851.29,440.09,465.42,555.89,109.94,165.78,203.45,91.6,142.82,267.97,121.84,189.91,290.91,3178.23,1684.02,471.5,81.41,242.76,1047.86,387.27,236.6,290.6,438.66,208.82,101.35,3536.59,231.96,129.94,133.83,38.96,55.26,98.35,274.13
20261005,10:08:00,49654.12,44491.17,26126.85,17039.3,123.97,1851.27,440.09,465.42,556.09,109.94,165.77,203.4,91.59,142.82,267.97,121.96,189.91,290.95,3175.39,1681.66,471.53,81.42,242.76,1048.31,387.26,236.59,290.59,438.66,208.82,101.35,3536.97,231.96,129.94,133.83,38.96,55.26,98.35,274.15
20261005,10:08:05,49652.61,44489.38,26126.63,17037.96,123.97,1851.64,440.09,465.42,556.09,109.86,165.77,203.4,91.59,142.82,267.97,121.96,189.91,290.89,3175.27,1681.56,471.53,81.38,242.75,1048.44,387.21,236.59,290.59,438.66,208.7,101.35,3537.26,231.96,129.94,133.82,38.96,55.26,98.35,274.15
20261005,10:08:10,49692.93,44528.59,26135.17,17047.55,123.97,1851.64,441.18,465.42,556.14,109.94,165.78,203.46,91.59,142.82,267.97,121.96,189.91,290.89,3178.2,1684.07,471.53,81.41,242.51,1047.85,387.18,236.59,290.6,438.65,208.81,101.35,3537.33,231.96,129.94,133.82,38.96,55.28,98.35,274.12
20261005,10:08:15,49655.63,44492.83,26136.92,17051.54,123.97,1851.64,441.72,465.29,556.14,109.93,165.78,203.46,91.59,142.82,267.97,121.96,189.91,290.89,3175.23,1681.76,471.56,81.4,242.75,1047.67,387.2,236.6,290.57,438.71,208.83,101.35,3536.79,231.96,129.94,133.82,38.96,55.28,98.35,274.12
20261005,10:08:20,49661.74,44498.74,26138.34,17053.01,123.97,1851.64,441.81,465.39,556.17,109.93,165.78,203.46,91.59,142.82,267.97,121.97,189.91,290.89,3175.67,1681.84,471.57,81.41,242.76,1048.44,387.2,236.6,290.58,438.71,208.79,101.35,3536.84,231.96,130.06,133.82,38.95,55.28,98.35,274.11
20261005,10:08:25,49661.23,44498.66,26138.2,17054.24,123.97,1853.06,441.83,465.42,556.33,109.91,165.78,203.46,91.59,142.82,267.97,121.97,189.91,290.89,3175.63,1681.72,471.75,81.41,242.64,1048.64,387.2,236.6,290.56,438.71,208.79,101.35,3536.46,231.96,130.06,133.82,38.95,55.28,98.35,274.1
20261005,10:08:30,49662.68,44499.86,26137.8,17053.07,123.97,1853.06,441.83,465.54,556.31,109.91,165.77,203.39,91.59,142.82,267.97,121.98,189.91,290.89,3175.76,1681.87,472.07,81.43,242.64,1048.13,387.2,236.6,290.55,438.64,208.7,101.35,3536.65,231.96,130.06,133.82,38.95,55.28,98.35,274.08
20261005,10:08:35,49665.18,44502.22,26141.66,17057.26,123.98,1853.08,442.38,465.54,556.34,109.91,165.79,203.43,91.61,142.82,267.97,121.98,189.91,290.88,3175.84,1681.64,472.02,81.38,242.64,1049.17,387.2,236.63,290.56,438.73,208.66,101.35,3536.72,231.96,130.06,133.81,38.95,55.27,98.35,274.1
20261005,10:08:40,49664.08,44500.32,26138.17,17050.48,123.97,1853.73,441.83,465.53,555.44,109.91,165.79,203.43,91.6,142.82,267.97,121.98,189.91,290.85,3175.86,1681.65,472.09,81.36,242.64,1049.13,387.2,236.64,290.57,438.74,208.66,101.35,3537.47,231.96,130.06,133.81,38.96,55.27,98.36,274.09
20261005,10:08:45,49666.98,44502.94,26141.83,17053.98,123.97,1853.76,441.84,465.53,555.76,109.91,165.8,203.46,91.61,142.82,268.11,121.88,189.76,290.9,3175.98,1681.75,472.13,81.35,242.63,1049.05,387.2,236.63,290.58,438.78,208.83,101.37,3537.66,231.96,130.17,133.82,38.96,55.28,98.36,274.16
20261005,10:08:50,49703.02,44538.53,26141.54,17055.24,123.97,1853.76,441.75,465.42,555.76,109.91,165.83,203.51,91.62,142.82,267.82,122.01,189.76,290.91,3178.82,1684.12,472.21,81.35,242.64,1048.45,387.39,236.63,290.54,439.08,208.87,101.37,3537.23,231.96,130.17,133.82,38.96,55.27,98.36,274.16
20261005,10:08:55,49709.75,44539.7,26158.04,17056.19,123.97,1853.78,441.75,465.42,555.76,109.92,165.86,203.51,91.64,142.82,267.82,122.01,189.76,290.93,3178.89,1684.15,472.3,81.35,242.62,1048.05,387.39,236.63,290.85,439.13,208.9,101.37,3542.13,231.96,130.19,133.82,38.97,55.27,98.36,274.2
20261005,10:09:00,49713.05,44542.51,26163.52,17061.12,123.97,1853.78,442.3,465.42,555.83,109.91,165.88,203.51,91.66,142.82,267.82,122.05,189.76,290.93,3179.0,1684.27,472.25,81.34,242.62,1048.01,387.32,236.65,290.87,439.23,208.9,101.41,3542.5,231.96,130.19,133.82,38.97,55.26,98.36,274.2
20261005,10:09:05,49670.77,44499.93,26168.15,17061.83,123.97,1853.78,442.29,465.43,555.87,109.92,165.9,203.56,91.67,142.82,267.97,122.06,189.81,290.91,3175.55,1681.69,472.25,81.35,242.62,1048.2,387.33,236.67,290.49,439.34,208.88,101.41,3543.76,232.0,130.19,133.84,38.97,55.26,98.36,274.2
20261005,10:09:10,49668.26,44500.2,26159.22,17060.66,123.98,1853.78,441.84,465.55,555.87,109.92,166.09,203.59,91.82,142.81,267.97,121.94,189.81,290.86,3175.6,1681.76,472.27,81.36,242.62,1048.11,387.33,236.67,290.49,439.34,208.88,101.41,3541.28,232.0,130.3,133.84,38.97,55.26,98.36,274.18
20261005,10:09:15,49713.8,44541.81,26169.0,17062.65,124.01,1853.78,441.84,465.57,555.87,109.94,166.12,203.63,91.83,142.83,267.97,122.07,189.85,290.91,3178.91,1684.18,472.28,81.35,242.6,1048.11,387.36,236.68,290.81,439.41,208.9,101.41,3543.8,232.04,130.3,133.84,38.97,55.27,98.36,274.24
20261005,10:09:20,49712.85,44540.88,26169.54,17063.27,124.01,1853.78,441.85,465.82,555.91,109.94,166.12,203.62,91.83,142.83,267.97,122.05,189.85,290.89,3178.82,1684.18,472.5,81.36,242.6,1047.66,387.36,236.66,290.8,439.42,208.9,101.41,3543.8,232.04,130.3,133.9,39.01,55.25,98.37,274.26
20261005,10:09:25,49672.65,44504.11,26162.63,17063.35,124.01,1853.78,441.92,465.82,555.85,109.94,166.12,203.62,91.83,142.84,267.97,121.93,189.85,291.12,3175.85,1681.77,472.78,81.35,242.6,1048.17,387.33,236.66,290.48,439.42,208.9,101.41,3541.62,231.97,130.3,133.9,39.01,55.25,98.37,274.26
20261005,10:09:30,49672.29,44504.21,26160.8,17062.74,124.01,1853.78,441.92,465.82,555.78,109.94,166.12,203.62,91.83,142.84,267.97,121.93,189.85,291.12,3175.87,1681.73,472.76,81.34,242.6,1048.37,387.33,236.66,290.48,439.4,208.89,101.41,3541.21,231.97,130.3,133.9,39.01,55.25,98.37,274.2
20261005,10:09:35,49680.05,44513.12,26158.07,17064.13,124.01,1853.67,441.92,465.95,555.79,109.95,166.14,203.69,91.83,142.84,267.97,122.06,189.85,291.12,3176.56,1681.66,472.81,81.34,242.6,1049.7,387.33,236.68,290.82,439.41,208.9,101.41,3539.98,232.12,130.3,133.9,39.01,55.25,98.38,274.15
20261005,10:09:40,49727.11,44557.67,26162.73,17065.12,124.01,1855.09,442.02,465.71,555.86,109.95,166.14,203.71,91.83,142.84,268.28,122.06,189.85,291.13,3180.12,1684.19,473.03,81.34,242.72,1050.03,387.58,236.68,290.81,439.56,208.92,101.41,3541.17,232.12,130.18,133.9,39.01,55.25,98.39,274.17
20261005,10:09:45,49683.79,44512.67,26168.18,17062.04,124.02,1853.85,441.47,465.97,555.9,109.95,166.15,203.71,91.84,142.84,268.28,122.08,189.86,291.13,3176.57,1681.85,473.21,81.3,242.72,1049.14,387.36,236.68,290.5,439.55,208.91,101.41,3543.71,232.12,130.3,133.9,39.01,55.25,98.39,274.1
20261005,10:09:50,49678.95,44508.47,26165.68,17060.89,124.02,1853.85,441.39,465.96,555.9,109.87,166.13,203.69,91.83,142.84,268.14,122.08,189.86,291.13,3176.26,1681.76,473.2,81.3,242.72,1048.69,387.36,236.68,290.49,439.55,208.92,101.41,3543.24,232.12,130.3,133.9,39.01,55.25,98.39,274.09
20261005,10:09:55,49678.9,44511.0,26161.0,17064.14,124.02,1853.85,441.94,465.96,555.69,109.87,166.13,203.69,91.83,142.41,268.12,122.08,189.86,291.13,3176.39,1681.67,473.04,81.29,242.72,1049.4,387.43,236.54,290.51,439.55,208.92,101.41,3540.89,232.12,130.3,133.99,39.02,55.25,98.39,274.1
20261005,10:10:00,49676.66,44508.81,26162.18,17065.5,124.02,1854.08,442.02,465.96,555.69,110.03,166.13,203.7,91.83,142.41,268.12,122.08,189.86,291.11,3176.18,1681.72,473.14,81.29,242.72,1048.66,387.42,236.54,290.51,439.55,208.92,101.41,3540.89,232.12,130.3,133.99,39.02,55.25,98.39,274.2
20261005,10:10:05,49675.2,44506.27,26163.81,17063.63,124.02,1854.08,441.94,465.96,555.62,110.03,166.13,203.68,91.83,142.63,268.12,122.08,189.86,291.12,3176.02,1681.53,473.31,81.29,242.72,1048.68,387.53,236.54,290.51,439.54,208.91,101.41,3541.91,232.12,130.18,133.99,39.02,55.25,98.39,274.13
20261005,10:10:10,49668.59,44502.99,26151.86,17060.44,124.02,1853.96,441.47,465.83,555.69,110.27,166.11,203.62,91.83,142.42,268.12,122.08,189.86,291.13,3175.83,1681.45,473.29,81.29,242.54,1048.66,387.53,236.55,290.51,439.55,208.9,101.41,3539.04,232.12,130.18,134.0,39.02,55.25,98.39,274.12
20261005,10:10:15,49709.05,44543.08,26150.84,17061.52,124.02,1853.96,441.55,465.83,555.69,110.27,166.12,203.64,91.83,142.39,268.12,121.96,190.15,291.13,3179.04,1683.9,473.37,81.29,242.54,1048.66,387.53,236.55,290.5,439.55,208.9,101.41,3538.43,232.12,130.3,134.0,39.02,55.25,98.39,274.12
20261005,10:10:20,49682.83,44515.96,26154.92,17060.95,124.02,1855.38,441.47,465.83,555.77,110.26,166.12,203.66,91.83,142.6,268.12,121.97,190.15,291.14,3176.86,1681.9,473.46,81.3,242.55,1049.12,387.58,236.54,290.83,439.53,208.87,101.41,3539.86,232.12,130.18,134.0,39.02,55.25,98.45,274.12
20261005,10:10:25,49674.37,44507.94,26153.92,17060.53,124.02,1855.38,441.47,465.84,555.78,110.26,166.13,203.69,91.83,142.39,268.12,121.97,190.15,291.14,3176.23,1681.81,473.48,81.26,242.55,1048.33,387.58,236.55,290.51,439.53,208.76,101.41,3539.66,231.98,130.3,134.0,39.02,55.26,98.45,274.12
20261005,10:10:30,49675.1,44509.37,26153.52,17062.48,124.02,1855.38,441.47,465.76,555.78,110.26,166.1,203.65,91.81,142.39,268.18,122.1,190.01,291.15,3176.3,1681.59,473.26,81.21,242.73,1048.91,387.45,236.55,290.85,439.53,208.87,101.41,3539.01,232.31,130.3,133.99,39.02,55.28,98.45,274.12
20261005,10:10:35,49721.71,44553.37,26158.3,17063.25,124.02,1855.38,441.47,465.89,555.99,110.18,166.1,203.65,91.81,142.39,268.18,122.08,190.01,291.15,3179.82,1684.1,473.37,81.18,242.73,1049.89,387.47,236.55,290.53,439.52,208.89,101.41,3540.29,232.31,130.3,133.99,39.02,55.28,98.45,274.15
20261005,10:10:40,49681.78,44512.35,26161.45,17059.79,124.02,1855.38,441.01,465.89,555.97,110.26,166.09,203.65,91.8,142.39,268.18,122.08,190.01,291.14,3176.6,1681.71,473.59,81.2,242.73,1048.96,387.44,236.55,290.85,439.42,208.89,101.41,3542.22,232.31,130.3,133.99,39.02,55.28,98.45,274.15
20261005,10:10:45,49682.22,44512.66,26160.55,17058.34,124.02,1855.38,440.93,465.89,555.94,110.26,166.09,203.64,91.8,142.39,268.18,122.07,190.01,291.11,3176.66,1681.61,473.56,81.19,242.73,1049.82,387.48,236.55,290.54,439.43,208.9,101.41,3542.33,231.98,130.29,133.96,39.02,55.28,98.45,274.13
20261005,10:10:50,49689.64,44519.89,26163.2,17061.38,124.02,1854.94,441.46,465.89,555.94,110.18,166.08,203.6,91.8,142.39,268.18,122.05,190.01,291.1,3177.17,1681.89,473.55,81.17,242.73,1049.75,387.83,236.55,290.85,439.43,208.89,101.41,3542.33,231.98,130.29,133.96,39.02,55.28,98.45,274.13
20261005,10:10:55,49675.42,44506.19,26161.05,17059.43,124.02,1854.94,441.46,465.89,555.89,110.18,166.07,203.59,91.8,142.18,268.18,122.03,190.12,291.1,3176.11,1681.66,473.5,81.17,242.9,1048.28,387.83,236.52,290.54,439.42,208.74,101.41,3542.19,231.98,130.29,133.96,39.02,55.28,98.45,274.13
20261005,10:11:00,49676.92,44507.88,26161.2,17060.41,124.0,1854.94,441.54,465.89,555.88,110.26,166.07,203.59,91.8,142.18,268.18,122.03,190.12,291.15,3176.23,1681.82,473.43,81.14,242.9,1048.21,387.8,236.52,290.53,439.42,208.76,101.41,3541.97,231.95,130.29,133.96,39.02,55.28,98.45,274.13
20261005,10:11:05,49682.6,44513.87,26157.5,17057.63,124.0,1854.94,441.46,465.89,555.88,110.27,166.06,203.52,91.8,142.18,268.06,122.03,190.12,291.12,3176.77,1681.85,473.81,81.14,242.89,1048.62,387.72,236.52,290.85,439.42,208.75,101.41,3541.57,231.95,130.17,133.96,39.02,55.28,98.45,273.81
20261005,10:11:10,49683.08,44514.55,26157.45,17058.3,124.0,1854.94,441.54,465.89,555.88,110.26,166.06,203.54,91.8,142.39,268.06,122.03,190.12,291.12,3176.81,1681.69,473.98,81.15,242.9,1048.61,387.73,236.52,291.16,439.42,208.75,101.41,3541.37,231.95,130.17,133.96,39.02,55.26,98.45,273.79
20261005,10:11:15,49682.44,44512.87,26160.67,17058.49,124.0,1853.52,441.63,465.89,555.81,110.26,166.04,203.52,91.79,142.18,268.06,122.03,190.08,291.11,3176.67,1681.83,473.81,81.16,242.88,1048.48,387.75,236.52,290.8,439.41,208.76,101.41,3542.32,231.95,130.17,133.96,39.02,55.26,98.45,274.09
20261005,10:11:20,49721.4,44551.69,26158.69,17059.1,124.0,1854.71,441.63,465.96,555.75,110.26,166.03,203.49,91.79,142.18,268.06,122.03,190.08,291.09,3179.79,1684.22,473.94,81.16,242.88,1048.0,387.75,236.52,291.1,439.39,208.76,101.41,3541.54,232.27,130.17,133.96,39.02,55.26,98.45,274.06
20261005,10:11:25,49684.1,44515.57,26160.44,17061.83,124.0,1854.71,442.08,465.96,555.75,110.26,166.03,203.49,91.79,142.18,268.06,122.05,190.04,291.12,3176.81,1681.6,474.02,81.21,242.87,1049.27,387.5,236.52,290.78,439.38,208.65,101.41,3541.35,232.27,130.17,133.96,39.02,55.28,98.45,274.11
20261005,10:11:30,49682.42,44513.89,26159.44,17060.56,124.13,1854.71,442.01,465.84,555.54,110.25,166.02,203.49,91.78,142.18,268.06,122.05,190.04,291.12,3176.71,1681.63,474.19,81.18,242.87,1048.8,387.5,236.52,290.78,439.44,208.62,101.41,3541.38,232.27,130.17,133.96,39.01,55.28,98.46,274.11
20261005,10:11:35,49682.71,44514.42,26159.27,17061.19,124.0,1854.71,442.01,465.84,555.54,110.25,166.03,203.52,91.78,142.18,268.06,122.05,190.04,291.12,3176.73,1681.7,474.06,81.2,242.87,1048.72,387.75,236.51,290.79,439.42,208.76,101.41,3541.16,232.27,130.17,133.96,39.01,55.28,98.46,274.01
20261005,10:11:40,49683.21,44515.8,26153.08,17057.05,124.12,1854.71,441.47,465.84,555.61,110.25,166.01,203.47,91.78,142.18,268.06,122.05,190.04,291.13,3176.94,1681.82,474.16,81.24,242.87,1048.71,387.49,236.5,290.79,439.39,208.75,101.41,3540.35,231.95,130.17,133.97,39.01,55.28,98.46,274.01
20261005,10:11:45,49727.76,44557.93,26160.42,17061.2,123.99,1854.71,442.01,465.84,555.61,110.25,166.01,203.47,91.78,142.4,268.06,122.05,190.04,291.15,3180.24,1684.13,474.11,81.28,242.87,1049.39,387.5,236.5,290.78,439.49,208.74,101.41,3541.51,231.95,130.17,133.97,39.01,55.28,98.46,274.02
20261005,10:11:50,49736.1,44563.13,26167.74,17059.84,124.12,1854.71,441.55,466.09,555.61,110.25,166.0,203.42,91.78,142.18,268.06,122.05,190.18,291.15,3180.69,1684.18,474.22,81.27,243.05,1049.45,387.73,236.5,291.22,439.52,208.89,101.41,3544.17,231.99,130.17,133.97,39.01,55.28,98.55,274.01
20261005,10:11:55,49742.85,44568.92,26170.6,17060.49,124.13,1855.16,441.55,465.97,555.61,110.17,166.02,203.44,91.79,142.4,268.06,122.05,190.18,291.14,3181.14,1684.42,474.49,81.26,243.07,1049.49,387.73,236.51,291.23,439.56,208.9,101.41,3544.89,232.06,130.17,133.97,39.01,55.28,98.55,274.02
20261005,10:12:00,49741.25,44567.3,26170.4,17060.07,124.13,1855.16,441.46,465.97,555.61,110.17,166.03,203.44,91.79,142.4,268.06,122.05,190.18,291.15,3181.02,1684.33,474.21,81.27,243.07,1050.16,387.73,236.5,290.92,439.56,208.9,101.41,3544.94,232.09,130.17,133.97,39.02,55.28,98.55,274.04
20261005,10:12:05,49742.93,44568.02,26173.76,17060.86,124.13,1855.16,441.47,465.97,555.61,110.17,166.02,203.43,91.79,142.4,268.06,122.08,190.18,291.15,3181.06,1684.35,474.46,81.26,243.07,1049.93,388.05,236.5,290.9,439.53,208.88,101.41,3545.77,232.09,130.29,133.97,39.01,55.28,98.55,274.01
20261005,10:12:10,49700.64,44527.51,26172.41,17061.62,124.13,1854.94,441.47,465.92,555.84,110.17,166.03,203.45,91.79,142.18,268.06,122.09,190.18,291.11,3177.78,1681.91,474.44,81.31,243.06,1049.18,388.05,236.49,291.22,439.53,208.89,101.41,3545.14,232.09,130.29,134.06,39.01,55.28,98.55,274.05
20261005,10:12:15,49705.57,44532.93,26174.15,17065.69,124.13,1854.94,442.01,465.92,555.84,110.17,166.03,203.46,91.79,142.18,268.06,122.09,190.14,291.1,3178.12,1681.93,474.36,81.31,243.06,1050.38,388.04,236.49,290.9,439.53,208.9,101.41,3544.59,232.09,130.3,134.06,39.01,55.28,98.55,274.05
20261005,10:12:20,49708.49,44535.63,26168.06,17058.19,124.13,1853.52,441.47,465.92,555.83,110.17,166.01,203.4,91.79,142.18,268.06,122.07,189.85,291.11,3178.51,1682.18,474.27,81.31,243.24,1050.12,388.05,236.49,291.2,439.55,208.87,101.41,3544.72,232.09,130.06,134.06,39.02,55.26,98.55,274.01
20261005,10:12:25,49702.98,44529.95,26170.02,17059.42,124.13,1855.0,441.63,465.84,555.62,110.17,166.01,203.4,91.79,142.18,268.2,122.1,189.85,291.11,3178.03,1681.94,474.36,81.31,243.13,1050.11,388.05,236.49,290.88,439.54,208.87,101.41,3545.0,232.09,130.06,134.06,39.02,55.24,98.55,274.05
20261005,10:12:30,49702.16,44529.33,26167.19,17056.76,124.13,1855.0,441.09,465.84,555.54,110.09,166.05,203.41,91.82,142.2,268.2,122.08,189.85,291.07,3178.04,1681.84,474.33,81.3,243.13,1050.1,388.07,236.49,291.2,439.48,208.87,101.41,3544.83,232.09,130.3,134.06,39.02,55.22,98.55,274.02
20261005,10:12:35,49696.42,44524.65,26163.06,17055.04,124.01,1855.0,440.93,465.84,555.61,110.09,166.04,203.41,91.82,141.98,268.2,122.08,189.85,291.07,3177.71,1681.85,474.4,81.3,242.95,1049.88,387.74,236.49,290.82,439.48,208.87,101.37,3544.01,232.09,130.3,134.06,39.02,55.22,98.55,274.01
20261005,10:12:40,49693.27,44521.22,26157.96,17047.99,124.01,1855.0,440.3,465.84,555.58,110.09,166.04,203.41,91.81,142.2,268.2,121.96,190.0,291.06,3177.6,1681.83,474.49,81.32,242.95,1049.14,387.74,236.49,291.16,439.46,208.88,101.37,3544.33,232.09,130.06,134.06,39.02,55.22,98.55,273.98
20261005,10:12:45,49695.44,44524.3,26154.92,17047.7,124.01,1855.0,440.3,465.81,555.48,110.09,166.05,203.39,91.83,142.2,268.2,121.96,190.0,291.05,3177.85,1681.82,474.36,81.3,242.95,1049.94,387.74,236.49,291.16,439.46,208.88,101.37,3543.46,232.09,130.06,134.05,39.02,55.22,98.55,273.98
20261005,10:12:50,49698.54,44527.69,26155.04,17049.1,124.13,1854.91,440.29,465.81,555.56,110.1,166.05,203.4,91.83,142.18,268.2,122.08,190.0,291.05,3178.09,1682.07,474.48,81.31,242.95,1050.0,387.73,236.49,290.84,439.42,208.88,101.37,3543.12,232.09,130.06,134.05,39.02,55.22,98.55,274.02
20261005,10:12:55,49685.04,44516.25,26150.45,17049.53,124.13,1854.83,440.29,465.81,555.53,110.1,166.02,203.37,91.81,142.18,268.2,122.08,190.0,291.04,3177.16,1681.55,474.38,81.29,242.94,1049.59,387.73,236.49,290.8,439.41,208.88,101.37,3541.57,232.09,130.18,134.04,39.02,55.22,98.55,274.03
20261005,10:13:00,49729.1,44559.17,26146.23,17044.67,124.13,1853.2,439.75,465.81,555.44,110.1,166.03,203.39,91.81,142.18,268.2,122.08,190.0,291.04,3180.74,1684.31,474.36,81.28,242.94,1049.64,387.73,236.47,290.8,439.34,208.88,101.37,3541.57,232.09,130.18,134.04,39.02,55.23,98.55,274.03
20261005,10:13:05,49732.95,44560.89,26152.46,17045.01,124.13,1853.2,439.83,465.81,555.43,110.1,166.02,203.37,91.8,142.17,268.2,122.07,190.0,291.04,3180.87,1684.12,474.35,81.32,242.94,1050.05,387.72,236.47,291.11,439.34,208.9,101.37,3543.42,232.09,130.18,134.04,39.02,55.23,98.55,273.99
20261005,10:13:10,49695.21,44524.29,26151.61,17044.63,124.13,1853.22,439.83,465.81,555.39,110.1,166.02,203.37,91.8,142.17,268.06,122.07,189.85,291.04,3177.93,1681.82,474.33,81.32,242.94,1050.18,387.7,236.47,291.11,439.32,208.9,101.37,3543.26,232.09,130.18,134.14,39.02,55.23,98.37,273.99
20261005,10:13:15,49681.52,44512.53,26147.5,17045.2,124.13,1853.22,439.83,465.88,555.4,110.02,166.02,203.37,91.8,142.17,268.06,122.07,189.85,291.04,3176.97,1681.74,474.07,81.31,242.78,1049.03,387.58,236.47,290.8,439.32,208.9,101.37,3541.82,232.41,130.18,134.14,39.02,55.26,98.37,273.99
20261005,10:13:20,49684.79,44515.94,26145.88,17044.08,124.13,1853.22,439.74,465.81,555.24,110.02,166.02,203.38,91.8,142.17,268.18,122.07,189.85,291.04,3177.27,1681.69,474.24,81.33,242.95,1049.51,387.58,236.45,290.8,439.32,208.9,101.37,3541.62,232.41,130.18,134.14,39.02,55.26,98.37,273.99
20261005,10:13:25,49687.33,44518.76,26144.14,17043.21,124.13,1853.22,439.74,465.81,555.13,110.1,166.01,203.35,91.8,142.18,268.18,122.07,189.85,290.84,3177.52,1681.86,474.22,81.31,242.95,1049.7,387.57,236.44,290.75,439.32,208.9,101.37,3541.31,232.41,130.18,134.14,39.02,55.24,98.37,273.99
20261005,10:13:30,49694.75,44526.21,26146.64,17046.83,124.13,1853.22,440.28,465.81,555.23,110.02,165.99,203.28,91.8,142.18,268.18,122.07,189.85,290.84,3178.03,1681.96,474.18,81.33,242.95,1050.56,387.87,236.44,290.76,439.38,208.87,101.37,3541.11,232.41,130.18,134.14,39.02,55.24,98.37,273.95
20261005,10:13:35,49739.02,44566.49,26154.56,17046.39,124.13,1853.22,440.28,465.89,555.1,110.03,166.0,203.3,91.8,142.18,268.18,122.07,189.85,290.84,3181.29,1684.44,474.24,81.35,242.96,1050.58,387.87,236.44,290.71,439.36,208.91,101.37,3543.7,232.09,130.18,134.14,39.02,55.24,98.37,273.97
20261005,10:13:40,49702.34,44531.6,26152.02,17046.32,124.13,1853.22,440.28,465.89,555.15,110.01,166.0,203.29,91.8,142.18,268.18,122.07,189.85,290.84,3178.48,1682.19,474.23,81.39,242.96,1050.79,387.89,236.44,290.72,439.32,208.91,101.36,3542.93,232.09,130.18,134.14,39.02,55.22,98.37,273.97
20261005,10:13:45,49703.15,44532.5,26151.48,17046.07,124.13,1853.22,440.28,465.89,555.16,110.01,165.98,203.33,91.78,142.18,268.18,122.07,189.85,290.84,3178.55,1682.22,474.14,81.38,242.95,1050.99,387.87,236.44,290.73,439.32,208.91,101.32,3542.83,232.09,130.18,134.13,39.02,55.22,98.37,273.97
20261005,10:13:50,49737.99,44566.69,26148.78,17043.8,124.13,1853.2,440.28,465.78,555.08,110.03,165.78,203.33,91.62,142.18,268.18,122.07,189.85,290.86,3181.36,1684.48,473.94,81.38,242.95,1050.97,387.94,236.43,290.68,439.32,208.91,101.32,3542.6,232.09,130.18,134.13,39.02,55.24,98.37,273.97
20261005,10:13:55,49738.11,44566.81,26147.66,17042.51,124.13,1853.2,440.28,465.78,555.03,110.03,165.78,203.32,91.62,142.18,268.18,122.05,189.85,290.87,3181.4,1684.46,474.09,81.37,242.95,1050.94,387.99,236.43,290.69,439.32,208.91,101.32,3542.6,232.09,130.06,134.13,39.02,55.24,98.37,273.95
20261005,10:14:00,49738.62,44567.1,26144.84,17038.59,124.13,1853.2,439.74,465.78,554.99,110.11,165.79,203.33,91.62,142.18,268.36,122.05,189.85,290.88,3181.52,1684.49,474.1,81.37,242.94,1051.13,387.66,236.43,290.73,439.32,208.91,101.28,3542.79,232.09,130.06,134.13,39.02,55.22,98.37,273.95
20261005,10:14:05,49700.53,44529.41,26150.75,17043.41,124.13,1853.2,440.3,465.7,554.93,110.11,165.79,203.36,91.62,142.18,268.36,122.04,189.85,290.89,3178.37,1682.09,474.01,81.37,242.94,1051.19,387.66,236.43,290.69,439.27,208.92,101.28,3543.32,232.08,130.17,134.13,39.02,55.22,98.37,274.0
20261005,10:14:10,49700.16,44529.46,26145.73,17039.03,124.13,1853.2,439.75,465.7,554.9,110.03,165.78,203.35,91.62,142.18,268.36,122.05,189.85,290.88,3178.48,1682.08,474.16,81.36,242.98,1051.34,387.55,236.43,290.67,439.27,208.92,101.28,3542.94,232.06,130.17,134.13,39.02,55.22,98.37,274.01
20261005,10:14:15,49694.87,44525.31,26145.86,17042.53,124.13,1853.2,440.3,465.71,554.99,110.02,165.78,203.35,91.62,142.4,268.36,122.05,189.85,290.88,3178.06,1681.94,474.18,81.4,242.97,1050.69,387.53,236.43,290.67,439.27,208.92,101.28,3542.03,232.05,130.05,134.13,39.02,55.22,98.37,274.0
20261005,10:14:20,49689.18,44521.59,26139.75,17041.61,124.13,1853.2,440.13,465.63,554.99,110.1,165.8,203.4,91.62,142.4,268.36,122.05,189.85,290.89,3177.78,1681.91,474.08,81.39,242.96,1050.27,387.51,236.44,290.67,439.27,208.92,101.28,3540.37,232.05,130.05,134.12,39.02,55.22,98.37,274.0
20261005,10:14:25,49690.77,44523.14,26135.81,17037.08,124.13,1853.2,439.58,465.63,555.02,110.1,165.8,203.44,91.62,142.4,268.36,122.05,189.85,290.89,3178.02,1681.84,474.11,81.4,242.96,1051.0,387.56,236.4,290.67,439.17,208.88,101.28,3540.37,232.05,130.05,134.02,39.02,55.22,98.37,274.05
20261005,10:14:30,49683.9,44518.6,26129.05,17036.52,124.01,1853.2,439.67,465.7,555.05,110.1,165.81,203.44,91.62,142.4,268.36,121.93,189.87,290.88,3177.66,1681.84,474.11,81.41,242.94,1050.12,387.81,236.4,290.67,439.19,208.85,101.27,3538.41,232.05,130.05,134.02,39.02,55.22,98.37,274.05
20261005,10:14:35,49689.17,44523.73,26130.17,17037.81,124.01,1853.2,439.75,465.5,555.05,110.1,165.8,203.41,91.62,142.19,268.36,121.93,189.87,290.87,3178.05,1681.85,474.28,81.41,242.96,1050.83,387.56,236.4,290.67,439.22,208.85,101.27,3538.41,232.05,130.17,134.12,39.02,55.22,98.37,274.06
20261005,10:14:40,49694.78,44527.01,26139.44,17041.15,124.13,1853.2,440.22,465.5,554.96,110.1,165.78,203.35,91.62,142.19,268.36,122.05,189.87,290.93,3178.23,1682.06,474.42,81.41,242.96,1050.71,387.56,236.4,290.49,439.19,208.85,101.27,3540.4,232.05,130.06,134.13,39.02,55.22,98.37,274.06
20261005,10:14:45,49686.79,44520.12,26133.22,17036.98,124.13,1853.2,439.59,465.5,554.99,110.03,165.78,203.35,91.62,142.4,268.36,122.07,189.87,290.91,3177.78,1681.85,474.4,81.42,242.96,1050.28,387.56,236.4,290.49,439.19,208.87,101.27,3539.59,232.05,130.06,134.22,39.02,55.2,98.37,274.0
20261005,10:14:50,49690.9,44525.0,26130.37,17036.65,124.13,1853.16,439.59,465.5,555.0,110.03,165.78,203.33,91.62,142.4,268.36,122.07,189.87,290.91,3178.18,1682.11,474.36,81.42,242.97,1050.49,387.53,236.4,290.48,439.16,208.84,101.27,3538.79,232.05,130.06,134.22,39.02,55.2,98.37,274.01
20261005,10:14:55,49699.48,44531.62,26138.91,17040.62,124.13,1853.16,440.12,465.5,555.06,110.03,165.78,203.33,91.62,142.4,268.36,122.05,189.87,290.91,3178.61,1682.06,474.34,81.42,242.97,1051.66,387.48,236.4,290.5,439.16,208.83,101.27,3540.38,232.05,130.06,134.22,39.02,55.2,98.37,274.03
20261005,10:15:00,49731.54,44562.89,26136.1,17037.51,124.13,1853.14,439.58,465.49,555.06,110.03,165.78,203.37,91.62,142.4,268.36,122.07,189.87,290.91,3181.21,1684.16,474.47,81.41,242.97,1051.13,387.48,236.4,290.59,439.19,208.81,101.27,3540.35,232.05,130.18,134.22,39.02,55.18,98.37,274.04
20261005,10:15:05,49694.67,44528.2,26130.71,17035.43,124.13,1853.14,439.58,465.49,555.06,110.03,165.76,203.27,91.62,142.4,268.36,121.95,189.87,290.9,3178.46,1681.88,474.38,81.43,242.99,1051.65,387.48,236.4,290.6,439.25,208.81,101.27,3539.22,232.05,130.05,134.22,39.02,55.18,98.37,274.04
20261005,10:15:10,49694.17,44527.71,26131.89,17036.8,124.13,1853.14,439.58,465.49,555.29,110.03,165.77,203.32,91.62,142.4,268.36,121.95,189.87,290.9,3178.39,1681.89,474.21,81.43,242.99,1051.57,387.52,236.39,290.64,439.25,208.81,101.27,3539.22,232.05,130.05,134.32,39.02,55.19,98.37,274.06
20261005,10:15:15,49696.63,44530.54,26134.47,17041.22,124.13,1853.18,440.13,465.49,555.29,110.11,165.78,203.33,91.62,142.41,268.36,121.95,189.85,290.89,3178.51,1681.93,474.45,81.41,243.1,1051.46,387.84,236.39,290.59,439.26,208.79,101.27,3538.83,232.05,130.05,134.42,39.02,55.2,98.37,274.05
20261005,10:15:20,49696.04,44530.15,26134.2,17041.51,124.13,1852.81,440.13,465.57,555.29,110.02,165.78,203.35,91.61,142.41,268.36,121.94,189.85,290.9,3178.47,1681.95,474.2,81.42,243.1,1051.54,387.87,236.39,290.59,439.2,208.79,101.27,3538.67,232.06,130.05,134.61,39.02,55.21,98.37,274.05
20261005,10:15:25,49693.13,44527.51,26131.94,17039.57,124.13,1852.81,439.59,465.57,555.33,110.02,165.78,203.36,91.62,142.41,268.36,122.06,189.9,290.93,3178.31,1681.83,474.19,81.42,242.92,1051.62,387.84,236.39,290.64,439.12,208.79,101.28,3538.49,232.06,130.17,134.62,39.02,55.23,98.37,274.05
20261005,10:15:30,49701.55,44535.71,26131.05,17038.54,124.13,1852.81,439.59,465.57,555.34,110.02,165.78,203.36,91.61,142.41,268.36,122.06,189.9,290.93,3178.99,1681.99,474.35,81.43,242.92,1052.18,387.82,236.39,290.95,439.12,208.79,101.28,3538.49,232.06,130.05,134.63,39.02,55.21,98.37,274.07
20261005,10:15:35,49694.14,44528.45,26130.83,17038.16,124.13,1852.81,439.59,465.59,555.34,110.02,165.8,203.4,91.62,142.41,268.36,122.05,189.9,290.93,3178.42,1681.83,474.3,81.42,242.92,1051.81,387.82,236.39,290.59,439.19,208.8,101.28,3538.53,232.06,129.93,134.63,39.02,55.23,98.37,274.07
20261005,10:15:40,49695.15,44527.22,26134.02,17034.39,124.13,1853.03,439.04,465.98,555.29,110.02,165.79,203.38,91.62,142.41,268.36,122.05,189.9,290.87,3178.41,1681.88,474.15,81.42,242.92,1051.81,387.82,236.39,290.58,439.19,208.83,101.28,3540.54,231.99,129.93,134.63,39.02,55.21,98.37,274.08
20261005,10:15:45,49696.72,44529.29,26131.94,17033.82,124.13,1853.03,439.03,465.98,555.25,110.02,165.8,203.39,91.62,142.41,268.36,122.05,189.9,290.87,3178.59,1681.88,474.2,81.42,242.92,1051.79,387.85,236.4,290.89,439.16,208.83,101.28,3540.05,231.99,129.93,134.53,39.02,55.21,98.37,274.08
20261005,10:15:50,49698.74,44528.72,26143.09,17038.13,124.01,1853.07,439.58,465.98,555.17,110.02,165.98,203.35,91.78,142.41,268.18,122.05,189.9,290.89,3178.44,1681.92,474.22,81.42,242.92,1051.65,387.85,236.4,290.6,439.17,208.83,101.28,3542.36,231.99,129.93,134.53,39.02,55.19,98.37,273.77
20261005,10:15:55,49691.93,44522.47,26138.62,17034.29,124.01,1853.07,439.03,465.98,555.17,110.1,165.99,203.37,91.78,142.41,268.18,122.05,189.9,290.86,3178.03,1681.91,474.0,81.45,242.93,1050.92,387.85,236.4,290.6,439.17,208.82,101.28,3542.01,232.01,129.93,134.52,39.02,55.19,98.37,273.77
20261005,10:16:00,49685.93,44516.56,26138.41,17033.84,124.01,1853.07,439.03,465.84,555.29,110.1,165.96,203.33,91.77,142.41,268.18,121.93,189.91,290.86,3177.56,1681.72,474.05,81.45,242.91,1050.5,387.85,236.4,290.49,439.17,208.85,101.28,3542.07,232.01,129.93,134.52,39.02,55.19,98.37,273.77
20261005,10:16:05,49691.11,44521.04,26140.76,17034.64,124.01,1853.34,439.03,465.84,555.29,110.1,165.96,203.32,91.77,142.41,268.18,121.92,189.91,290.86,3177.91,1681.72,473.95,81.47,242.74,1050.96,387.91,236.4,290.89,439.17,208.83,101.28,3542.58,232.01,129.93,134.52,39.02,55.21,98.37,274.07
20261005,10:16:10,49688.84,44519.66,26138.61,17034.94,124.01,1853.34,439.03,465.84,555.12,110.1,165.96,203.3,91.77,142.41,268.18,122.04,189.91,290.86,3177.79,1681.75,473.94,81.47,242.75,1051.02,387.91,236.4,290.58,439.15,208.83,101.28,3541.83,232.01,129.93,134.52,39.02,55.22,98.37,274.12
20261005,10:16:15,49692.48,44524.06,26136.02,17034.84,124.01,1853.34,439.03,465.77,555.2,110.1,165.99,203.38,91.78,142.41,268.36,121.92,189.91,290.86,3178.14,1681.95,473.92,81.47,242.74,1050.86,387.91,236.65,290.89,439.15,208.83,101.33,3541.05,232.01,129.93,134.52,39.02,55.22,98.37,274.11
20261005,10:16:20,49732.04,44563.24,26134.53,17035.25,124.13,1853.34,439.03,465.75,555.39,110.1,165.98,203.38,91.77,142.41,268.36,121.91,189.91,290.86,3181.29,1684.26,473.99,81.45,242.75,1051.49,387.86,236.66,290.67,439.15,208.8,101.33,3540.47,232.01,129.93,134.52,39.02,55.2,98.37,274.11
20261005,10:16:25,49730.29,44561.11,26131.08,17029.83,124.13,1853.34,438.32,465.91,555.38,110.1,165.98,203.39,91.77,142.41,268.36,121.88,189.91,290.86,3181.25,1684.15,473.93,81.39,242.75,1051.46,387.86,236.66,291.01,439.15,208.78,101.33,3540.86,232.01,129.93,134.52,39.02,55.2,98.37,274.12
20261005,10:16:30,49727.21,44555.66,26138.87,17030.61,124.13,1853.34,438.4,465.91,555.38,110.1,165.98,203.4,91.77,142.41,268.48,121.88,189.91,290.85,3180.79,1684.07,473.79,81.41,242.75,1050.73,387.87,236.66,291.01,439.17,208.78,101.33,3543.09,232.01,129.93,134.52,39.02,55.2,98.37,274.13
20261005,10:16:35,49686.35,44516.9,26136.05,17030.89,124.13,1853.34,438.4,465.83,555.38,110.09,165.98,203.4,91.77,142.41,268.48,121.89,189.91,290.85,3177.66,1681.8,473.68,81.41,242.62,1050.86,387.87,236.62,290.74,439.17,208.82,101.33,3542.13,232.01,129.93,134.52,39.02,55.21,98.37,274.11
20261005,10:16:40,49683.7,44513.56,26138.45,17031.12,124.13,1853.34,438.4,465.83,555.38,110.09,165.96,203.34,91.76,142.41,268.48,122.01,189.91,290.83,3177.39,1681.59,473.7,81.41,242.62,1050.83,387.87,236.62,290.74,439.17,208.8,101.33,3542.82,232.01,129.93,134.52,39.02,55.19,98.37,274.1
20261005,10:16:45,49682.24,44511.98,26138.88,17031.1,124.01,1854.76,438.4,465.91,555.43,110.1,165.96,203.34,91.76,142.41,268.48,121.99,189.91,290.81,3177.26,1681.59,473.7,81.4,242.63,1050.94,387.87,236.62,290.43,439.12,208.81,101.33,3542.96,232.01,129.93,134.42,39.02,55.2,98.37,274.08
20261005,10:16:50,49681.54,44511.31,26138.7,17030.89,124.01,1854.76,438.32,465.91,555.44,110.1,165.97,203.37,91.76,142.41,268.45,121.87,189.91,290.82,3177.21,1681.65,473.61,81.38,242.45,1050.49,387.89,236.62,290.76,439.12,208.96,101.33,3542.96,232.01,129.93,134.35,39.02,55.18,98.37,274.08
20261005,10:16:55,49720.13,44549.46,26137.0,17030.79,124.13,1853.34,438.32,465.91,555.46,110.1,165.97,203.35,91.76,142.41,268.45,121.87,190.05,290.83,3180.29,1683.9,473.61,81.35,242.42,1050.96,387.89,236.62,290.76,439.12,208.96,101.33,3542.45,231.94,129.93,134.35,39.02,55.18,98.37,274.08
20261005,10:17:00,49677.82,44510.82,26130.75,17032.25,124.13,1853.34,438.32,465.91,555.38,110.1,165.96,203.31,91.77,142.4,268.45,121.99,190.05,290.83,3177.14,1681.5,473.4,81.36,242.58,1050.95,387.9,236.61,290.74,439.12,209.07,101.33,3540.1,231.94,129.93,134.35,39.02,55.18,98.37,274.06
20261005,10:17:05,49680.06,44511.4,26134.35,17031.05,124.13,1851.92,438.4,465.9,555.36,110.1,165.97,203.33,91.77,142.4,268.45,121.99,189.91,290.83,3177.22,1681.49,473.75,81.36,242.4,1050.96,387.89,236.61,290.73,439.13,208.97,101.33,3541.55,231.94,129.93,134.32,39.02,55.18,98.37,274.06
20261005,10:17:10,49675.44,44506.65,26131.18,17026.56,124.13,1851.92,438.4,465.9,555.36,110.01,165.96,203.31,91.77,142.4,268.45,121.99,189.91,290.83,3176.94,1681.43,473.67,81.35,242.4,1051.01,387.89,236.61,290.43,439.07,208.85,101.33,3541.78,231.93,129.57,134.32,39.02,55.18,98.37,274.04
20261005,10:17:15,49674.15,44507.48,26125.38,17026.89,124.13,1851.92,438.39,465.74,555.44,110.01,165.97,203.33,91.77,142.4,268.45,122.01,189.91,290.83,3177.0,1681.55,473.48,81.36,242.4,1050.94,387.89,236.61,290.43,439.07,208.87,101.33,3539.88,231.93,129.57,134.32,39.02,55.16,98.37,274.06
20261005,10:17:20,49709.24,44541.67,26126.23,17027.87,124.01,1851.92,438.39,465.74,555.44,110.02,165.97,203.3,91.78,142.4,268.45,122.01,189.91,290.84,3179.73,1683.97,473.38,81.36,242.4,1050.07,387.89,236.61,290.45,439.07,208.9,101.33,3539.88,231.93,129.69,134.32,39.02,55.16,98.37,274.06
20261005,10:17:25,49665.39,44498.53,26127.87,17028.37,124.01,1851.92,438.32,465.82,555.45,110.1,165.99,203.35,91.78,142.4,268.45,122.01,190.05,290.84,3176.24,1681.45,473.33,81.37,242.4,1049.61,387.89,236.61,290.44,439.07,209.01,101.33,3540.26,231.93,129.69,134.32,39.02,55.18,98.37,273.76
20261005,10:17:30,49667.08,44499.39,26129.56,17027.67,124.01,1851.92,438.32,465.82,555.5,110.01,165.99,203.34,91.78,142.4,268.45,122.0,190.05,290.86,3176.33,1681.35,473.39,81.37,242.4,1049.64,387.89,236.61,290.76,439.07,208.94,101.33,3540.98,232.0,129.69,134.33,39.02,55.18,98.37,273.76
20261005,10:17:35,49667.25,44499.93,26131.37,17031.0,124.01,1851.92,438.87,465.82,555.43,110.01,165.96,203.26,91.78,142.4,268.45,122.0,190.05,290.86,3176.29,1681.31,473.39,81.37,242.4,1049.67,387.89,236.61,290.75,439.05,208.9,101.33,3540.64,232.0,129.69,134.43,39.02,55.18,98.37,273.73
20261005,10:17:40,49665.54,44498.32,26130.12,17029.75,124.01,1851.92,438.86,465.61,555.56,110.01,165.94,203.16,91.78,142.4,268.45,121.88,189.91,290.86,3176.19,1681.06,473.27,81.48,242.42,1050.12,387.82,236.61,290.75,439.05,208.89,101.36,3540.59,232.0,129.69,134.43,39.02,55.18,98.37,273.68
20261005,10:17:45,49668.89,44502.67,26128.46,17031.46,124.01,1851.92,438.87,465.61,555.56,110.0,165.97,203.27,91.78,142.4,268.45,121.88,190.05,290.86,3176.5,1681.2,473.29,81.47,242.4,1050.84,387.82,236.62,290.44,439.05,208.93,101.36,3539.6,232.0,129.69,134.43,39.02,55.18,98.37,273.98
20261005,10:17:50,49709.67,44542.4,26125.31,17027.84,124.01,1853.34,438.32,465.61,555.5,110.0,165.97,203.26,91.78,142.4,268.45,121.88,190.05,290.84,3179.79,1683.89,473.29,81.49,242.4,1050.37,387.76,236.62,290.42,439.05,208.93,101.36,3539.6,232.0,129.69,134.43,39.02,55.18,98.37,273.98
20261005,10:17:55,49709.46,44542.23,26129.2,17032.43,123.94,1851.89,438.87,465.61,555.5,110.0,165.96,203.25,91.78,142.4,268.45,121.88,190.05,290.84,3179.67,1683.88,473.27,81.5,242.4,1050.11,387.76,236.6,290.42,439.13,208.92,101.36,3539.57,232.0,129.81,134.43,39.02,55.2,98.37,274.1
20261005,10:18:00,49706.05,44538.48,26132.93,17035.3,123.94,1853.31,438.79,465.62,555.5,109.99,165.97,203.28,91.78,142.4,268.45,121.88,190.05,290.84,3179.3,1683.76,473.27,81.49,242.4,1049.66,387.76,236.59,290.38,439.13,208.96,101.36,3539.96,232.0,130.05,134.62,39.02,55.2,98.37,274.07
20261005,10:18:05,49711.82,44543.01,26139.62,17039.32,123.95,1853.36,439.32,465.73,555.5,110.01,165.95,203.25,91.78,142.4,268.48,121.88,190.04,290.84,3179.56,1683.96,473.42,81.47,242.42,1049.51,387.76,236.61,290.41,439.11,208.97,101.36,3540.96,232.01,130.05,134.62,39.02,55.2,98.37,274.05
20261005,10:18:10,49707.82,44539.02,26135.87,17034.72,123.95,1853.36,438.78,465.73,555.5,110.01,165.95,203.25,91.78,142.4,268.48,122.0,190.04,290.85,3179.35,1683.77,473.49,81.46,242.41,1049.5,387.81,236.61,290.45,439.11,208.82,101.36,3541.03,232.01,130.05,134.62,39.03,55.18,98.37,274.07
20261005,10:18:15,49719.24,44548.61,26140.58,17034.98,123.95,1853.36,438.79,465.73,555.5,110.01,165.96,203.26,91.78,142.4,268.48,122.0,190.04,290.85,3180.12,1683.97,473.42,81.46,242.4,1050.81,387.81,236.6,290.41,439.09,208.86,101.36,3542.43,232.01,130.05,134.63,39.03,55.16,98.37,274.06
20261005,10:18:20,49714.51,44543.69,26140.73,17034.11,123.95,1853.21,438.79,465.73,555.5,110.01,165.95,203.26,91.77,142.4,268.48,121.88,190.04,290.85,3179.74,1683.86,473.31,81.48,242.42,1050.37,387.49,236.6,290.43,439.08,208.86,101.36,3542.72,232.01,130.05,134.63,39.03,55.16,98.37,274.08
20261005,10:18:25,49716.06,44546.83,26140.46,17039.26,123.95,1853.21,439.41,465.73,555.48,110.01,165.96,203.28,91.77,142.4,268.48,121.98,190.04,290.85,3179.87,1683.85,473.27,81.49,242.42,1050.72,387.47,236.6,290.43,439.08,208.86,101.36,3541.24,232.01,130.05,134.63,39.03,55.16,98.37,274.07
20261005,10:18:30,49712.29,44543.35,26135.62,17034.33,123.95,1851.79,438.86,465.73,555.49,109.99,165.97,203.33,91.77,142.4,268.48,121.97,190.04,290.85,3179.71,1683.8,473.26,81.49,242.12,1050.8,387.47,236.6,290.42,439.08,208.81,101.36,3541.06,232.01,130.05,134.63,39.03,55.18,98.37,274.02
20261005,10:18:35,49714.42,44545.64,26137.78,17037.53,123.95,1851.79,439.41,465.73,555.55,110.01,165.96,203.3,91.77,142.4,268.48,121.85,189.9,290.86,3179.82,1683.72,473.3,81.49,242.48,1050.92,387.47,236.6,290.42,439.08,208.81,101.36,3540.87,232.01,130.05,134.63,39.03,55.18,98.37,274.02
20261005,10:18:40,49721.05,44551.29,26137.96,17035.02,124.08,1853.21,438.87,465.73,555.49,110.09,165.97,203.35,91.76,142.4,268.48,121.86,189.93,290.86,3180.33,1683.95,473.37,81.49,242.89,1050.93,387.83,236.6,290.43,439.08,208.82,101.36,3541.6,232.01,130.05,134.6,39.03,55.18,98.37,274.12
20261005,10:18:45,49677.05,44508.24,26138.86,17035.48,124.06,1853.21,438.87,465.6,555.49,110.08,165.97,203.35,91.76,142.4,268.48,121.98,189.93,290.86,3176.85,1681.29,473.32,81.5,242.89,1050.95,387.58,236.36,290.42,439.08,208.82,101.35,3541.76,232.01,130.05,134.61,39.03,55.17,98.37,274.13
20261005,10:18:50,49729.94,44556.29,26153.01,17040.08,124.06,1853.21,439.5,465.6,555.72,110.08,165.97,203.35,91.76,142.61,268.48,121.86,189.93,290.85,3180.62,1684.13,473.22,81.49,242.9,1050.8,387.91,236.36,290.72,439.07,208.8,101.35,3544.93,231.98,130.05,134.62,39.03,55.18,98.37,274.12
20261005,10:18:55,49733.76,44559.55,26154.15,17039.84,124.06,1851.79,439.5,465.6,555.77,110.08,165.97,203.37,91.76,142.4,268.48,121.86,190.04,290.85,3180.88,1684.18,473.56,81.53,242.89,1050.81,388.16,236.36,290.74,439.07,208.82,101.35,3545.36,231.98,130.05,134.62,39.03,55.18,98.37,274.12
20261005,10:19:00,49687.81,44515.41,26152.28,17039.82,124.06,1851.79,439.5,465.6,555.79,110.08,165.97,203.38,91.76,142.61,268.48,121.85,190.04,290.85,3177.33,1681.54,473.66,81.53,242.89,1050.79,388.09,236.36,290.43,439.05,208.79,101.38,3544.78,231.98,130.05,134.62,39.03,55.18,98.37,274.12
20261005,10:19:05,49730.87,44556.98,26154.79,17041.42,124.06,1854.63,439.51,465.59,555.84,110.16,165.97,203.38,91.76,142.61,268.48,121.85,190.04,290.84,3180.64,1684.01,473.67,81.52,242.88,1050.7,387.84,236.36,290.74,439.02,208.79,101.38,3545.13,231.98,130.05,134.62,39.03,55.18,98.37,274.15
20261005,10:19:10,49723.86,44551.17,26150.82,17040.27,124.06,1854.63,439.51,465.67,555.81,110.16,165.97,203.36,91.76,142.61,268.48,121.85,190.04,290.84,3180.2,1683.89,473.55,81.53,242.88,1050.57,387.51,236.36,290.44,439.02,208.67,101.38,3544.2,231.98,130.05,134.62,39.03,55.18,98.37,274.15
20261005,10:19:15,49723.72,44551.04,26152.12,17041.76,124.06,1854.63,439.51,465.67,555.72,110.16,165.97,203.38,91.76,142.61,268.48,121.85,190.0,290.83,3180.15,1683.91,473.46,81.52,242.76,1050.65,387.5,236.36,290.43,439.02,208.67,101.38,3544.2,231.98,130.29,134.62,39.03,55.18,98.37,274.12
20261005,10:19:20,49721.76,44549.35,26151.35,17041.62,123.93,1854.67,439.51,465.67,555.61,110.16,165.96,203.33,91.76,142.61,268.48,121.98,190.03,290.83,3180.02,1683.82,473.49,81.52,242.76,1050.72,387.5,236.36,290.33,439.03,208.66,101.38,3544.0,231.98,130.29,134.62,39.03,55.18,98.37,274.12
20261005,10:19:25,49723.6,44551.67,26148.87,17040.55,123.93,1854.67,439.51,465.59,555.65,110.08,165.96,203.33,91.76,142.6,268.48,121.85,189.88,290.85,3180.23,1684.02,473.57,81.51,242.76,1050.52,387.51,236.36,290.34,439.03,208.66,101.38,3543.51,231.98,130.29,134.62,39.03,55.19,98.37,274.12
20261005,10:19:30,49723.39,44551.56,26148.6,17040.51,123.93,1853.26,439.51,465.59,555.82,110.08,165.96,203.34,91.76,142.6,268.48,121.85,189.88,290.84,3180.22,1684.02,473.71,81.51,242.76,1050.35,387.54,236.36,290.34,439.02,208.65,101.38,3543.44,231.98,130.29,134.62,39.03,55.19,98.37,274.15
20261005,10:19:35,49675.96,44506.85,26139.51,17035.09,124.06,1853.26,438.88,465.67,555.92,110.08,165.93,203.3,91.75,142.38,268.48,121.85,189.88,290.83,3176.75,1681.58,473.61,81.5,242.77,1049.73,387.51,236.36,290.35,439.02,208.64,101.39,3542.07,231.98,130.17,134.62,39.03,55.19,98.37,274.14
20261005,10:19:40,49674.9,44505.74,26140.74,17036.28,123.93,1853.26,438.97,465.67,556.15,110.07,165.93,203.3,91.75,142.38,268.36,121.85,189.88,290.83,3176.63,1681.51,473.6,81.48,242.77,1049.66,387.84,236.36,290.35,439.1,208.66,101.39,3542.13,231.98,130.17,134.62,39.03,55.17,98.37,274.15
20261005,10:19:45,49675.37,44506.46,26142.61,17039.28,123.93,1853.26,439.51,465.6,555.86,110.07,165.94,203.32,91.75,142.38,268.36,121.87,190.06,290.84,3176.62,1681.46,473.67,81.48,242.59,1049.81,387.86,236.36,290.4,439.1,208.66,101.39,3541.9,231.98,130.17,134.48,39.03,55.17,98.37,274.17
20261005,10:19:50,49682.53,44510.79,26147.73,17036.33,123.93,1853.26,438.97,465.35,555.86,110.15,165.94,203.3,91.75,142.38,268.36,121.88,190.06,290.81,3177.04,1681.51,473.67,81.51,242.59,1050.23,387.61,236.36,290.71,439.1,208.77,101.39,3544.3,231.98,130.17,134.48,39.03,55.17,98.36,274.2
20261005,10:19:55,49717.6,44545.87,26143.88,17034.97,123.93,1853.26,438.97,465.34,556.09,110.16,165.74,203.3,91.59,142.38,268.36,121.87,190.06,290.81,3179.9,1683.89,473.59,81.51,242.59,1049.76,387.61,236.36,290.71,439.1,208.76,101.39,3543.47,231.98,130.17,134.49,39.03,55.17,98.36,274.22
20261005,10:20:00,49714.59,44541.96,26148.23,17036.69,123.93,1853.26,439.59,465.34,555.86,110.16,165.72,203.3,91.58,142.38,268.36,121.88,190.06,290.82,3179.54,1683.66,473.62,81.51,242.41,1049.77,387.64,236.36,290.71,439.1,208.76,101.39,3544.36,231.98,129.93,134.49,39.03,55.17,98.36,274.21
20261005,10:20:05,49671.57,44502.06,26139.57,17033.47,124.06,1851.84,439.05,465.34,555.6,110.16,165.72,203.32,91.57,142.38,268.36,121.99,189.92,290.82,3176.4,1681.13,473.53,81.47,242.41,1050.23,387.69,236.36,290.72,439.18,208.77,101.39,3542.53,232.02,130.05,134.51,39.03,55.17,98.36,274.21
20261005,10:20:10,49711.48,44540.8,26139.93,17033.37,124.06,1851.84,438.97,465.34,555.75,110.08,165.72,203.31,91.57,142.38,268.36,122.0,189.92,290.82,3179.53,1683.68,473.32,81.51,242.77,1049.66,387.67,236.36,290.72,439.23,208.77,101.39,3542.67,232.02,130.05,134.61,39.03,55.15,98.36,274.21
20261005,10:20:15,49709.28,44539.15,26139.31,17034.35,124.06,1851.84,439.04,465.34,555.67,110.08,165.88,203.31,91.71,142.38,268.36,121.88,189.92,290.83,3179.37,1683.57,473.33,81.53,242.59,1049.65,387.69,236.36,290.76,439.24,208.73,101.39,3542.21,232.02,130.05,134.61,39.03,55.15,98.36,274.2
20261005,10:20:20,49706.73,44537.2,26135.54,17031.78,124.06,1851.84,439.04,465.41,555.67,110.07,165.69,203.34,91.55,142.38,268.36,121.88,189.92,290.81,3179.28,1683.43,473.39,81.55,242.6,1050.16,387.37,236.34,290.47,439.24,208.73,101.39,3541.73,231.95,130.05,134.51,39.03,55.13,98.36,274.2
20261005,10:20:25,49673.44,44504.83,26138.0,17034.82,124.06,1851.84,439.04,465.41,555.67,110.07,165.92,203.41,91.71,142.38,268.24,122.0,189.92,290.83,3176.59,1681.17,473.49,81.57,242.62,1050.2,387.37,236.34,290.78,439.24,208.73,101.39,3541.67,231.95,130.05,134.51,39.03,55.13,98.36,274.15
20261005,10:20:30,49674.79,44504.05,26145.27,17036.19,123.93,1851.84,439.04,465.41,555.9,110.07,165.91,203.41,91.71,142.38,268.24,122.0,189.92,290.83,3176.5,1681.22,473.49,81.57,242.62,1049.69,387.37,236.58,290.88,439.24,208.73,101.39,3543.57,231.95,130.17,134.51,39.03,55.15,98.36,274.15
20261005,10:20:35,49673.15,44502.72,26144.69,17036.39,123.93,1853.26,439.04,465.41,555.67,110.15,165.9,203.38,91.71,142.37,268.38,122.0,189.92,290.84,3176.39,1681.18,473.38,81.61,242.62,1049.56,387.37,236.58,290.92,439.23,208.72,101.35,3543.34,231.95,130.17,134.59,39.03,55.15,98.36,274.17
20261005,10:20:40,49674.01,44503.65,26144.35,17036.31,123.93,1853.26,439.04,465.41,555.7,110.15,165.9,203.38,91.71,142.37,268.38,122.0,189.92,290.84,3176.46,1681.0,473.62,81.57,242.62,1050.17,387.37,236.58,290.87,439.25,208.73,101.35,3543.25,231.95,130.17,134.49,39.03,55.15,98.36,274.17
20261005,10:20:45,49670.86,44501.79,26140.59,17036.07,123.93,1852.2,439.04,465.34,555.66,110.07,165.93,203.48,91.71,142.37,268.5,122.0,189.92,290.81,3176.32,1681.08,473.61,81.6,242.8,1049.77,387.36,236.58,290.56,439.25,208.73,101.35,3542.14,231.95,130.18,134.59,39.03,55.15,98.36,274.15
20261005,10:20:50,49672.66,44503.13,26145.01,17039.76,123.93,1852.2,439.6,465.34,555.66,110.07,165.92,203.45,91.7,142.37,268.5,122.0,189.92,290.8,3176.34,1681.12,473.62,81.54,242.8,1049.34,387.36,236.58,290.91,439.26,208.73,101.35,3542.52,231.95,130.17,134.59,39.03,55.15,98.36,274.1
20261005,10:20:55,49668.47,44501.05,26140.25,17040.97,123.93,1852.2,439.6,465.34,555.66,110.15,165.92,203.47,91.7,142.37,268.62,122.0,189.92,290.8,3176.14,1681.13,473.49,81.55,242.78,1049.39,387.36,236.58,290.6,439.26,208.73,101.35,3540.7,231.95,130.29,134.59,39.03,55.15,98.36,274.1
20261005,10:21:00,49672.73,44505.14,26139.79,17040.25,123.93,1852.2,439.6,465.34,555.66,110.17,165.96,203.52,91.73,142.37,268.62,122.0,189.92,290.8,3176.49,1681.13,473.52,81.52,242.78,1049.82,387.36,236.58,290.92,439.26,208.7,101.35,3540.76,231.95,130.17,134.61,39.03,55.15,98.36,274.06
20261005,10:21:05,49668.98,44501.07,26135.76,17034.21,123.93,1853.52,439.06,465.34,555.67,110.17,165.77,203.52,91.57,142.37,268.5,122.0,189.92,290.81,3176.31,1680.92,473.49,81.53,242.96,1050.3,387.36,236.59,290.61,439.26,208.73,101.35,3541.14,231.95,130.05,134.61,39.03,55.15,98.35,274.12
20261005,10:21:10,49706.17,44539.27,26129.86,17034.02,123.93,1853.49,439.06,465.34,555.66,110.17,165.78,203.56,91.57,142.37,268.5,122.0,189.85,290.81,3179.39,1683.3,473.48,81.52,242.96,1050.3,387.36,236.59,290.6,439.25,208.72,101.35,3539.35,231.96,130.05,134.59,39.03,55.14,98.35,274.13
20261005,10:21:15,49663.58,44498.58,26126.82,17033.2,123.93,1853.49,439.06,465.34,555.73,110.17,165.75,203.45,91.57,142.37,268.5,122.0,189.85,290.83,3176.13,1680.98,473.46,81.46,242.96,1049.85,387.33,236.59,290.6,439.25,208.72,101.35,3538.62,231.96,130.05,134.59,39.03,55.14,98.35,273.85
20261005,10:21:20,49703.55,44537.94,26124.92,17032.4,123.93,1853.59,438.98,465.34,555.7,110.17,165.77,203.55,91.57,142.37,268.5,122.0,189.85,290.83,3179.32,1683.42,473.49,81.48,243.07,1049.77,387.33,236.59,290.58,439.25,208.69,101.35,3538.24,231.96,130.05,134.59,39.03,55.13,98.35,273.85
20261005,10:21:25,49659.31,44494.61,26124.94,17031.68,123.93,1852.17,438.98,465.34,555.7,110.09,165.78,203.58,91.57,142.37,268.5,122.0,189.85,290.83,3175.85,1681.02,473.49,81.46,243.07,1048.94,387.36,236.64,290.59,439.24,208.68,101.35,3538.44,231.96,130.05,134.59,39.03,55.13,98.35,273.88
20261005,10:21:30,49656.79,44491.88,26126.28,17032.34,123.93,1852.17,438.98,465.59,555.73,110.09,165.77,203.48,91.58,142.37,268.5,122.0,189.85,290.82,3175.61,1680.8,473.59,81.48,243.06,1048.94,387.3,236.64,290.58,439.24,208.72,101.35,3538.68,231.96,130.05,134.63,39.03,55.13,98.34,273.88
20261005,10:21:35,49658.1,44490.93,26134.4,17034.21,123.93,1852.17,438.98,465.59,555.78,110.09,165.77,203.48,91.58,142.38,268.5,122.0,189.85,290.8,3175.49,1680.85,473.49,81.43,242.82,1049.04,387.3,236.64,290.49,439.3,208.9,101.35,3540.71,231.96,130.05,134.63,39.03,55.12,98.34,273.89
20261005,10:21:40,49658.52,44493.53,26128.16,17034.37,124.06,1852.17,438.97,465.59,555.78,110.09,165.75,203.43,91.58,142.38,268.5,121.99,189.9,290.8,3175.7,1680.72,473.37,81.43,243.08,1049.78,387.3,236.64,290.49,439.24,208.9,101.35,3538.72,231.99,130.05,134.63,39.03,55.12,98.34,273.89
20261005,10:21:45,49697.23,44529.01,26134.21,17033.85,124.06,1852.17,438.99,465.59,555.78,110.09,165.73,203.36,91.58,142.38,268.5,121.99,189.9,290.8,3178.57,1683.21,473.37,81.42,242.9,1048.75,387.27,236.64,290.81,439.23,208.89,101.35,3540.75,231.99,130.05,134.63,39.03,55.12,98.34,273.77
20261005,10:21:50,49700.27,44531.74,26131.49,17029.91,124.06,1852.17,438.44,465.59,555.78,110.08,165.73,203.36,91.58,142.38,268.5,122.01,189.9,290.82,3178.88,1683.48,473.47,81.31,242.9,1049.13,387.25,236.65,290.51,439.23,208.87,101.35,3540.97,231.99,130.05,134.63,39.03,55.12,98.34,273.79
20261005,10:21:55,49657.27,44490.11,26135.16,17035.02,124.06,1852.15,438.99,465.59,555.78,110.09,165.75,203.33,91.59,142.38,268.5,122.02,189.9,290.82,3175.4,1680.83,473.32,81.33,242.9,1049.13,387.21,236.65,290.52,439.23,208.88,101.35,3540.73,231.99,130.17,134.63,39.03,55.12,98.34,273.77
20261005,10:22:00,49696.2,44528.09,26131.01,17030.44,123.93,1852.15,438.45,465.59,555.78,110.12,165.74,203.31,91.59,142.38,268.5,122.02,189.9,290.78,3178.57,1683.29,473.42,81.34,242.9,1048.99,387.23,236.65,290.52,439.18,208.88,101.35,3540.68,231.99,130.17,134.63,38.98,55.12,98.34,273.77
20261005,10:22:05,49695.89,44527.37,26131.17,17029.24,123.93,1852.15,438.45,465.59,555.78,110.12,165.74,203.31,91.59,142.39,268.5,121.99,189.9,290.79,3178.55,1683.25,473.43,81.35,242.9,1048.98,387.22,236.65,290.56,439.18,208.77,101.35,3541.05,231.99,130.17,134.63,38.98,55.11,98.34,273.79
20261005,10:22:10,49699.67,44530.8,26131.33,17028.57,123.93,1852.15,438.45,465.59,555.56,110.12,165.74,203.31,91.59,142.39,268.5,121.98,189.9,290.79,3178.84,1683.41,473.32,81.34,242.66,1049.15,387.22,236.65,290.86,439.17,208.77,101.35,3541.28,231.99,130.17,134.63,38.98,55.13,98.34,273.79
20261005,10:22:15,49692.7,44524.32,26134.96,17033.75,123.93,1852.15,438.99,465.59,555.56,110.12,165.75,203.33,91.59,142.39,268.5,121.99,190.04,290.83,3178.19,1683.42,473.32,81.34,242.65,1048.01,387.19,236.41,290.54,439.17,208.77,101.35,3541.01,231.99,130.17,134.64,38.98,55.13,98.34,274.09
20261005,10:22:20,49654.17,44486.48,26131.8,17029.1,123.93,1852.21,438.54,465.59,555.56,110.11,165.72,203.33,91.57,142.18,268.5,121.88,190.04,290.83,3175.25,1680.93,473.54,81.33,242.95,1048.31,387.21,236.41,290.47,439.17,208.77,101.35,3541.29,231.99,130.17,134.64,38.98,55.13,98.34,274.06
20261005,10:22:25,49655.47,44486.11,26137.42,17030.11,123.93,1852.21,438.54,465.67,555.56,110.11,165.73,203.36,91.58,142.18,268.62,122.0,190.04,290.83,3175.2,1680.9,473.62,81.31,242.95,1048.2,387.21,236.41,290.48,439.17,208.77,101.35,3542.77,231.99,130.17,134.64,38.98,55.13,98.34,274.06
20261005,10:22:30,49693.88,44524.86,26132.81,17029.24,123.93,1852.21,438.45,465.67,555.56,110.11,165.73,203.36,91.58,142.18,268.62,122.0,190.04,290.81,3178.34,1683.31,473.51,81.3,242.95,1048.37,387.21,236.41,290.48,439.17,208.77,101.35,3541.56,231.99,130.17,134.64,38.98,55.11,98.34,274.05
20261005,10:22:35,49695.92,44525.39,26136.85,17029.02,123.93,1852.21,438.45,465.67,555.56,110.11,165.73,203.36,91.57,142.18,268.44,122.0,190.04,290.83,3178.39,1683.35,473.4,81.3,242.95,1048.54,387.21,236.41,290.44,439.18,208.76,101.35,3542.89,231.99,130.17,134.64,38.98,55.12,98.34,274.0
20261005,10:22:40,49662.24,44492.57,26142.46,17035.47,123.93,1852.21,439.0,465.67,555.56,110.11,165.92,203.34,91.73,142.18,268.44,122.0,190.04,290.84,3175.59,1680.92,473.5,81.28,242.95,1049.3,387.21,236.41,290.44,439.2,208.76,101.35,3542.89,231.99,130.17,134.64,38.98,55.16,98.34,274.0
20261005,10:22:45,49660.98,44491.57,26142.04,17035.73,123.93,1852.21,438.99,465.67,555.57,110.11,165.94,203.42,91.73,142.18,268.44,122.0,190.04,290.83,3175.5,1680.94,473.41,81.25,242.83,1049.24,387.47,236.41,290.44,439.2,208.73,101.35,3542.69,231.99,130.17,134.74,38.98,55.16,98.34,274.0
20261005,10:22:50,49661.24,44491.82,26141.18,17034.74,124.06,1852.21,439.07,465.42,555.5,110.11,165.92,203.37,91.73,142.18,268.44,122.0,190.04,290.84,3175.55,1681.07,473.35,81.28,242.82,1048.99,387.21,236.41,290.45,439.2,208.59,101.35,3542.69,231.99,130.17,134.74,38.98,55.16,98.34,274.03
20261005,10:22:55,49658.15,44490.3,26133.66,17031.09,124.06,1852.21,438.62,465.42,555.5,110.11,165.93,203.4,91.73,142.39,268.44,121.87,190.1,290.84,3175.51,1681.01,473.32,81.26,242.82,1049.17,387.16,236.41,290.45,439.2,208.58,101.35,3541.33,231.99,130.17,134.77,38.98,55.16,98.34,274.03
20261005,10:23:00,49655.29,44489.63,26129.61,17033.48,123.93,1852.21,438.99,465.42,555.51,110.11,165.93,203.39,91.73,142.39,268.44,121.87,189.96,290.84,3175.4,1681.0,473.32,81.26,242.57,1049.17,387.15,236.39,290.45,439.19,208.59,101.35,3539.41,232.0,130.17,134.8,38.98,55.16,98.34,274.02
20261005,10:23:05,49655.23,44484.71,26140.08,17029.24,123.93,1852.21,438.45,465.41,555.51,110.11,165.94,203.41,91.73,142.39,268.44,121.88,189.96,290.83,3175.11,1681.04,473.29,81.26,242.58,1048.27,387.15,236.39,290.54,439.19,208.56,101.37,3543.84,232.0,130.17,134.8,38.98,55.16,98.34,274.0
20261005,10:23:10,49692.39,44525.43,26128.96,17031.58,123.93,1852.21,438.53,465.17,555.53,110.11,165.97,203.45,91.75,142.18,268.44,122.01,190.0,290.83,3178.33,1683.56,473.34,81.25,242.82,1047.95,387.4,236.39,290.49,439.19,208.57,101.37,3539.72,232.0,130.29,134.8,38.98,55.16,98.34,273.98
20261005,10:23:15,49691.21,44522.68,26134.04,17032.06,124.06,1852.21,438.45,465.17,555.53,110.11,165.97,203.45,91.75,142.18,268.44,122.01,189.94,290.83,3178.1,1683.39,473.28,81.25,242.58,1048.05,387.52,236.39,290.58,439.19,208.57,101.37,3541.18,232.32,130.29,134.8,38.98,55.18,98.34,274.02
20261005,10:23:20,49658.22,44490.1,26135.89,17032.75,123.93,1852.21,438.53,465.11,555.56,110.11,165.99,203.52,91.75,142.18,268.44,122.01,189.94,290.82,3175.46,1681.12,473.28,81.22,242.8,1048.23,387.47,236.39,290.91,439.19,208.6,101.37,3541.57,232.32,130.29,134.8,38.98,55.18,98.34,274.0
20261005,10:23:25,49658.64,44486.77,26146.93,17032.92,123.93,1852.21,438.53,465.1,555.63,110.11,165.97,203.52,91.73,142.18,268.44,122.0,189.94,290.82,3175.19,1681.03,473.39,81.24,242.62,1048.25,387.47,236.39,290.58,439.19,208.62,101.37,3544.98,232.32,130.29,134.8,38.98,55.18,98.34,274.0
20261005,10:23:30,49666.95,44495.65,26148.61,17037.48,123.93,1852.21,439.07,465.1,555.63,110.11,165.98,203.55,91.73,142.18,268.44,122.0,189.94,290.82,3175.79,1681.23,473.02,81.26,242.62,1048.97,387.47,236.38,290.94,439.16,208.67,101.37,3544.27,232.32,130.29,134.8,38.98,55.18,98.34,274.02
20261005,10:23:35,49663.67,44492.12,26148.46,17036.19,123.93,1851.73,439.08,465.07,555.63,110.11,165.96,203.48,91.73,142.18,268.44,122.0,189.94,290.83,3175.54,1681.22,473.03,81.24,242.64,1048.85,387.47,236.35,290.58,439.15,208.67,101.37,3544.57,232.32,130.29,134.8,38.98,55.18,98.34,273.72
20261005,10:23:40,49699.98,44529.28,26142.67,17035.48,123.93,1851.73,439.0,465.07,555.63,110.11,165.96,203.51,91.73,142.18,268.44,122.0,189.94,290.83,3178.55,1683.6,472.92,81.24,242.62,1048.82,387.47,236.36,290.58,439.09,208.67,101.37,3542.95,232.32,130.29,134.8,38.98,55.18,98.34,273.72
20261005,10:23:45,49696.64,44527.27,26133.27,17028.85,123.93,1851.73,438.46,465.07,555.7,110.11,165.78,203.56,91.57,142.18,268.44,121.88,189.94,290.83,3178.55,1683.57,472.91,81.23,242.62,1048.91,387.52,236.36,290.58,439.09,208.66,101.37,3541.81,232.32,130.29,134.79,38.98,55.18,98.34,273.7
20261005,10:23:50,49657.23,44490.26,26130.67,17030.49,123.93,1851.73,438.45,465.15,555.83,110.11,165.78,203.58,91.57,142.39,268.44,122.0,189.94,290.83,3175.53,1681.35,472.91,81.25,242.37,1048.78,387.52,236.36,290.58,439.09,208.67,101.33,3540.56,232.32,130.29,134.79,38.98,55.18,98.34,273.7
20261005,10:23:55,49659.12,44492.05,26129.97,17029.53,123.93,1851.73,438.45,465.07,555.7,110.11,165.77,203.55,91.57,142.18,268.44,122.0,189.94,290.83,3175.69,1681.33,473.01,81.24,242.62,1048.9,387.52,236.35,290.59,439.09,208.67,101.33,3540.6,232.32,130.29,134.79,38.98,55.18,98.34,273.67
20261005,10:24:00,49659.23,44490.41,26134.75,17029.17,123.93,1851.81,438.45,465.07,555.64,110.11,165.77,203.55,91.57,142.18,268.44,122.0,189.94,290.83,3175.57,1681.22,473.02,81.24,242.73,1048.84,387.51,236.35,290.59,439.06,208.67,101.33,3542.19,232.32,130.29,134.79,38.98,55.17,98.34,273.69
20261005,10:24:05,49664.82,44496.23,26134.26,17029.86,123.93,1853.23,438.45,465.07,555.63,110.13,165.77,203.56,91.57,142.18,268.44,122.01,189.94,290.83,3176.02,1681.3,473.15,81.24,242.73,1049.53,387.48,236.21,290.61,439.1,208.66,101.33,3541.85,232.32,130.29,134.79,38.98,55.18,98.34,273.69
20261005,10:24:10,49669.4,44500.46,26135.74,17030.81,123.93,1853.23,438.44,465.15,555.49,110.13,165.79,203.57,91.57,142.18,268.44,122.01,189.94,290.83,3176.34,1681.42,473.13,81.25,242.73,1049.51,387.51,236.21,290.92,439.14,208.62,101.33,3542.06,232.32,130.4,134.69,38.98,55.18,98.34,273.97
20261005,10:24:15,49708.98,44539.62,26137.58,17034.88,123.93,1853.23,438.99,465.15,555.49,110.13,165.79,203.57,91.57,142.18,268.44,122.01,189.97,290.83,3179.4,1683.82,473.11,81.24,242.62,1049.54,387.51,236.21,290.92,439.18,208.62,101.33,3541.52,232.32,130.4,134.79,38.98,55.14,98.34,273.97
20261005,10:24:20,49705.58,44535.67,26135.81,17030.71,123.92,1853.23,438.44,465.15,555.49,110.13,165.78,203.54,91.57,142.18,268.44,122.01,189.97,290.83,3179.18,1683.59,473.14,81.25,242.63,1049.65,387.51,236.21,290.92,439.18,208.61,101.33,3542.1,232.32,130.4,134.79,38.98,55.14,98.34,273.97
20261005,10:24:25,49670.65,44502.01,26138.4,17034.94,123.92,1853.15,438.99,465.14,555.49,110.13,165.78,203.53,91.58,142.38,268.44,122.01,189.97,290.83,3176.36,1681.32,473.3,81.25,242.63,1049.75,387.83,236.21,290.92,439.2,208.61,101.33,3541.76,232.32,130.4,134.77,38.98,55.14,98.34,273.96
20261005,10:24:30,49664.01,44494.52,26137.76,17030.79,123.92,1853.15,438.36,465.22,555.49,110.11,165.78,203.54,91.58,142.38,268.44,122.01,189.97,290.81,3175.86,1681.06,473.24,81.27,242.65,1049.33,387.83,236.21,290.93,439.2,208.65,101.33,3542.69,232.32,130.4,134.8,38.98,55.14,98.34,273.96
20261005,10:24:35,49667.65,44496.35,26148.26,17037.15,124.05,1853.07,438.44,465.22,555.56,110.11,165.99,203.56,91.74,142.38,268.44,122.01,190.11,291.04,3175.86,1681.24,473.42,81.26,242.77,1048.52,387.86,236.21,290.92,439.2,208.92,101.33,3544.25,232.32,130.29,134.9,38.98,55.14,98.34,274.09
20261005,10:24:40,49666.58,44495.53,26146.73,17036.1,124.05,1853.07,438.44,465.15,555.34,110.11,165.97,203.5,91.73,142.38,268.44,122.01,189.97,291.04,3175.81,1681.37,473.26,81.23,242.77,1048.63,387.85,236.21,290.61,439.2,208.92,101.33,3544.05,232.32,130.29,134.9,38.98,55.14,98.34,274.11
20261005,10:24:45,49662.22,44491.49,26146.2,17036.21,124.05,1853.07,438.44,465.15,555.27,110.11,165.97,203.51,91.73,142.38,268.62,122.01,189.97,291.03,3175.49,1681.07,473.29,81.21,242.95,1048.58,387.6,236.22,290.7,439.26,208.92,101.33,3543.86,232.32,130.29,135.0,38.98,55.14,98.34,274.06
20261005,10:24:50,49703.93,44531.97,26146.59,17036.14,124.05,1853.44,438.44,465.15,555.27,110.11,165.94,203.46,91.72,142.38,268.62,121.99,190.11,291.03,3178.75,1683.55,473.34,81.18,242.95,1048.57,387.6,236.22,290.8,439.27,208.92,101.33,3544.0,232.32,130.29,135.0,38.98,55.13,98.34,274.09
20261005,10:24:55,49709.37,44537.69,26143.17,17033.6,124.05,1853.44,437.9,465.22,555.25,110.11,165.94,203.46,91.72,142.38,268.62,122.01,190.11,291.04,3179.27,1683.81,473.62,81.16,242.95,1048.59,387.6,236.22,290.9,439.26,208.95,101.33,3543.62,232.32,130.4,135.0,38.98,55.15,98.34,274.09
20261005,10:25:00,49708.53,44537.25,26139.99,17031.2,124.05,1853.44,437.82,465.22,555.23,110.11,165.94,203.45,91.72,142.38,268.62,122.01,190.1,291.04,3179.3,1683.84,473.52,81.2,243.13,1048.44,387.53,236.23,290.9,439.2,208.84,101.33,3543.28,231.99,130.4,135.0,38.98,55.15,98.34,274.08
20261005,10:25:05,49706.6,44534.39,26141.57,17029.71,124.05,1852.02,437.82,465.21,555.19,110.03,165.96,203.46,91.74,142.38,268.62,122.02,190.1,291.04,3179.1,1683.78,473.35,81.18,243.13,1048.57,387.53,236.23,290.76,439.2,208.84,101.33,3544.17,231.99,130.4,135.0,38.98,55.15,98.34,273.78
20261005,10:25:10,49705.78,44535.36,26137.34,17030.78,124.05,1853.44,437.9,465.14,555.19,110.03,165.95,203.44,91.74,142.38,268.62,122.02,190.1,291.04,3179.15,1683.8,473.36,81.18,243.13,1048.57,387.53,236.23,290.79,439.22,208.84,101.33,3542.56,231.99,130.4,135.0,38.98,55.16,98.34,273.76
20261005,10:25:15,49713.69,44541.07,26146.33,17034.46,124.05,1852.02,438.44,465.13,555.12,110.05,165.96,203.46,91.74,142.38,268.62,122.02,190.1,291.03,3179.52,1683.81,473.36,81.17,243.01,1049.43,387.53,236.23,290.86,439.28,208.84,101.33,3544.37,231.99,130.4,135.1,38.98,55.16,98.34,273.76
20261005,10:25:20,49676.03,44504.35,26145.62,17033.54,123.92,1851.94,438.34,465.13,555.21,110.12,165.96,203.48,91.74,142.17,268.62,122.02,190.08,291.03,3176.59,1681.49,473.33,81.17,243.01,1049.54,387.6,236.23,290.94,439.28,208.84,101.33,3544.4,231.99,130.4,135.1,38.98,55.16,98.34,273.77
20261005,10:25:25,49675.26,44505.2,26140.74,17033.3,123.93,1851.94,438.34,465.13,555.28,110.12,165.96,203.47,91.74,142.17,268.62,122.02,190.07,291.02,3176.66,1681.43,473.44,81.18,243.01,1049.63,387.6,236.24,291.04,439.33,208.84,101.34,3542.94,231.99,130.29,135.0,38.99,55.14,98.35,274.04
20261005,10:25:30,49671.19,44502.71,26131.08,17027.14,123.93,1851.94,437.79,465.13,555.17,110.12,165.96,203.47,91.74,142.17,268.62,121.91,190.07,290.57,3176.61,1681.31,473.6,81.18,242.89,1049.8,387.6,236.24,291.04,439.35,208.84,101.34,3541.6,231.99,130.29,134.99,38.99,55.14,98.35,274.04
20261005,10:25:35,49717.45,44544.95,26143.35,17031.76,124.06,1851.94,438.34,465.13,555.17,110.12,165.96,203.48,91.74,142.17,268.62,122.05,189.92,290.57,3179.9,1683.89,473.49,81.19,243.01,1049.71,387.57,236.45,291.0,439.28,208.81,101.34,3544.17,231.99,130.29,134.99,38.99,55.14,98.35,274.04
20261005,10:25:40,49669.67,44499.16,26141.31,17031.94,124.06,1851.94,438.34,465.05,555.17,110.12,165.97,203.5,91.74,142.17,268.59,122.05,189.92,290.57,3176.21,1681.41,473.5,81.17,243.13,1048.52,387.57,236.46,291.0,439.28,208.81,101.34,3543.49,231.99,130.29,135.06,38.99,55.14,98.35,274.04
20261005,10:25:45,49673.82,44503.57,26139.91,17031.55,124.06,1851.94,438.34,465.12,555.17,110.12,165.96,203.49,91.74,142.17,268.59,121.93,189.92,290.57,3176.57,1681.37,473.58,81.2,243.31,1049.21,387.57,236.46,291.0,439.26,208.85,101.34,3543.16,231.99,130.29,135.05,38.99,55.14,98.35,274.04
20261005,10:25:50,49673.0,44502.83,26139.54,17031.34,124.06,1853.36,438.34,465.12,554.94,110.12,165.96,203.43,91.74,142.17,268.59,121.93,189.96,290.58,3176.52,1681.5,473.5,81.17,243.01,1049.13,387.57,236.46,290.95,439.26,208.81,101.34,3543.1,231.95,130.29,135.05,38.99,55.14,98.35,274.17
20261005,10:25:55,49673.61,44503.72,26137.75,17030.29,124.06,1851.94,438.34,465.12,554.88,110.12,165.96,203.43,91.74,142.18,268.59,121.93,189.96,290.58,3176.62,1681.52,473.5,81.13,243.13,1049.15,387.57,236.47,291.05,439.22,208.8,101.34,3542.83,231.95,130.29,135.05,38.99,55.13,98.35,274.15
20261005,10:26:00,49672.5,44501.5,26138.87,17027.74,124.06,1851.94,437.8,465.05,554.89,110.12,165.98,203.44,91.75,142.18,268.59,122.06,189.96,290.58,3176.5,1681.5,473.43,81.1,243.13,1049.11,387.57,236.47,291.0,439.22,208.85,101.34,3543.87,231.95,130.29,135.05,38.99,55.13,98.35,274.17
20261005,10:26:05,49667.53,44496.65,26141.45,17030.71,124.06,1851.94,438.34,465.13,554.85,110.12,165.98,203.44,91.76,142.18,268.59,122.06,189.96,290.58,3176.04,1681.09,473.67,81.12,243.13,1049.01,387.57,236.47,291.0,439.22,208.84,101.34,3543.87,231.95,130.18,135.04,38.99,55.15,98.35,274.12
20261005,10:26:10,49665.59,44494.94,26142.41,17032.37,124.06,1851.88,438.34,465.13,555.08,110.12,165.97,203.4,91.76,142.18,268.59,122.04,189.96,290.58,3175.86,1681.0,473.47,81.1,243.14,1049.22,387.57,236.47,290.9,439.22,208.85,101.34,3543.71,231.95,130.3,135.04,38.99,55.15,98.35,274.15
20261005,10:26:15,49708.07,44537.16,26140.13,17032.57,124.06,1851.88,438.34,465.13,555.12,110.12,165.99,203.41,91.77,142.18,268.59,122.04,189.96,290.58,3179.25,1683.61,473.58,81.09,243.14,1049.16,387.56,236.47,290.9,439.22,208.85,101.34,3542.95,231.95,130.3,135.21,39.03,55.16,98.35,273.85
20261005,10:26:20,49707.71,44536.08,26141.54,17031.74,124.06,1851.88,438.34,465.13,555.12,110.12,166.0,203.45,91.77,142.4,268.59,122.04,189.96,290.56,3179.19,1683.63,473.49,81.09,243.32,1048.88,387.56,236.47,290.9,439.28,208.82,101.34,3543.61,231.95,130.18,135.21,39.03,55.15,98.35,273.85
20261005,10:26:25,49664.86,44494.26,26141.87,17031.88,124.06,1853.29,438.33,465.2,554.92,110.12,166.0,203.45,91.77,142.4,268.59,122.04,189.96,290.55,3175.81,1681.23,473.53,81.08,243.32,1048.25,387.55,236.47,290.89,439.28,208.79,101.34,3543.68,231.95,130.18,135.31,39.03,55.18,98.35,273.85
20261005,10:26:30,49705.19,44533.43,26141.9,17031.51,124.06,1853.29,438.33,465.2,554.92,110.12,165.99,203.44,91.77,142.4,268.65,122.04,189.96,290.55,3178.98,1683.52,473.54,81.08,243.32,1048.81,387.55,236.46,290.79,439.28,208.79,101.34,3543.79,231.95,130.18,135.21,39.03,55.18,98.35,273.83
20261005,10:26:35,49705.59,44534.07,26140.27,17030.48,124.06,1851.88,438.33,465.13,554.89,110.12,166.01,203.45,91.78,142.18,268.53,122.04,189.96,290.55,3179.06,1683.6,473.53,81.1,243.32,1048.79,387.55,236.46,290.76,439.29,208.78,101.34,3543.56,231.95,130.18,135.21,39.03,55.18,98.35,273.82
20261005,10:26:40,49710.68,44538.99,26142.88,17033.31,124.06,1851.88,438.33,465.13,554.89,110.12,166.01,203.46,91.77,142.4,268.53,122.04,189.91,290.55,3179.38,1683.64,473.64,81.09,243.32,1049.3,387.55,236.46,290.79,439.29,208.83,101.34,3543.61,231.88,130.28,135.41,39.03,55.18,98.35,274.1
20261005,10:26:45,49669.65,44499.4,26148.83,17041.48,124.06,1851.88,439.41,465.05,554.92,110.12,166.01,203.46,91.77,142.4,268.53,122.04,189.91,290.54,3176.0,1681.14,473.61,81.16,243.32,1048.86,387.55,236.22,290.8,439.29,208.82,101.34,3543.25,231.88,130.28,135.61,39.03,55.18,98.35,274.0
20261005,10:26:50,49676.31,44505.3,26151.75,17042.87,124.06,1853.29,439.42,465.04,554.92,110.12,166.01,203.49,91.77,142.4,268.53,122.04,189.91,290.54,3176.44,1681.23,473.6,81.16,243.32,1049.52,387.56,236.22,290.89,439.29,208.94,101.34,3543.78,231.88,130.28,135.51,39.03,55.18,98.35,273.96
20261005,10:26:55,49676.27,44505.43,26151.02,17042.59,124.06,1853.29,439.42,465.04,554.92,110.12,166.01,203.5,91.77,142.4,268.53,122.06,189.91,290.52,3176.46,1681.27,473.58,81.17,243.2,1049.54,387.56,236.22,290.9,439.28,208.9,101.35,3543.63,231.88,130.28,135.51,39.03,55.18,98.35,273.96
20261005,10:27:00,49677.12,44506.25,26150.28,17041.73,123.93,1853.29,439.42,465.04,554.87,110.05,166.02,203.51,91.77,142.4,268.53,122.06,189.91,290.52,3176.54,1681.38,473.58,81.19,243.02,1049.54,387.58,236.2,290.9,439.27,208.9,101.35,3543.63,231.88,130.28,135.5,39.03,55.18,98.35,273.96
20261005,10:27:05,49670.85,44500.3,26153.9,17046.42,124.07,1851.99,439.97,465.16,554.87,110.05,166.02,203.52,91.77,142.4,268.53,122.06,190.06,290.52,3175.95,1681.29,473.56,81.19,243.02,1048.41,387.59,236.2,290.9,439.23,208.93,101.35,3543.49,231.88,130.4,135.5,39.03,55.18,98.35,273.75
20261005,10:27:10,49672.26,44501.68,26154.43,17047.03,124.09,1853.41,439.97,465.16,554.87,110.05,166.02,203.53,91.77,142.39,268.53,122.06,190.06,290.52,3176.05,1681.3,473.52,81.22,243.07,1048.63,387.54,236.17,290.85,439.23,208.93,101.35,3543.49,231.88,130.4,135.5,39.03,55.18,98.35,273.75
20261005,10:27:15,49664.23,44498.97,26134.81,17041.6,124.09,1851.99,439.42,465.14,554.87,110.05,166.02,203.53,91.77,142.39,268.53,121.94,190.06,290.52,3175.96,1681.28,473.22,81.2,243.07,1048.83,387.54,236.17,290.85,439.23,208.91,101.35,3538.83,231.88,130.4,135.5,39.03,55.18,98.35,273.79
20261005,10:27:20,49675.4,44506.98,26142.8,17041.14,124.09,1851.99,439.42,465.14,554.9,110.05,166.04,203.55,91.78,142.39,268.53,121.93,190.06,290.52,3176.62,1681.47,473.2,81.21,243.32,1049.48,387.54,236.17,290.95,439.23,208.95,101.31,3541.46,231.88,130.28,135.47,39.03,55.18,98.35,273.78
20261005,10:27:25,49721.63,44549.65,26149.95,17041.43,124.09,1851.72,439.42,465.14,554.9,110.05,166.04,203.56,91.78,142.39,268.53,122.04,190.08,290.53,3180.05,1683.89,473.2,81.22,243.19,1050.17,387.54,236.17,291.0,439.23,208.93,101.31,3543.61,231.89,130.28,135.47,39.03,55.18,98.35,273.7
20261005,10:27:30,49720.04,44548.39,26151.42,17044.1,124.09,1853.14,439.42,465.14,554.98,110.05,166.04,203.58,91.78,142.39,268.53,122.06,189.9,290.54,3179.88,1683.66,473.43,81.22,243.19,1050.24,387.84,236.17,290.95,439.23,208.91,101.31,3543.34,232.03,130.4,135.47,39.03,55.19,98.35,273.97
20261005,10:27:35,49718.06,44546.46,26154.26,17047.38,124.09,1851.72,439.97,465.09,554.98,110.05,166.03,203.53,91.78,142.39,268.53,122.09,189.9,290.54,3179.65,1683.71,473.42,81.25,243.22,1049.54,387.84,236.17,290.92,439.17,208.91,101.31,3543.34,232.03,130.4,135.44,39.03,55.19,98.35,274.03
20261005,10:27:40,49678.38,44509.29,26150.27,17047.77,124.09,1851.72,439.96,465.01,554.98,110.05,166.03,203.53,91.78,142.39,268.53,122.09,189.9,290.54,3176.64,1681.4,473.41,81.25,243.22,1049.5,387.86,236.17,290.92,439.26,208.95,101.31,3541.99,232.03,130.4,135.44,39.03,55.19,98.35,274.01
20261005,10:27:45,49680.82,44509.45,26156.2,17047.17,124.06,1851.72,440.05,464.93,554.97,110.05,166.03,203.53,91.78,142.39,268.53,122.09,189.9,290.54,3176.67,1681.34,473.45,81.26,243.22,1049.67,387.89,236.17,290.94,439.26,208.94,101.31,3544.0,232.03,130.27,135.44,39.03,55.19,98.35,274.01
20261005,10:27:50,49683.18,44512.76,26153.02,17046.88,124.06,1851.72,440.06,464.94,554.97,110.05,166.03,203.52,91.78,142.39,268.53,122.09,189.9,290.54,3176.94,1681.58,473.45,81.27,243.21,1049.64,387.63,236.18,290.92,439.2,208.92,101.31,3543.09,232.03,130.27,135.43,39.03,55.19,98.35,274.0
20261005,10:27:55,49691.36,44521.28,26152.5,17048.15,124.06,1851.72,440.14,464.94,554.97,110.05,166.03,203.51,91.78,142.39,268.53,122.09,189.9,290.54,3177.6,1681.79,473.54,81.26,243.27,1050.44,387.6,236.18,290.91,439.2,208.92,101.31,3542.58,232.03,130.39,135.43,39.03,55.16,98.35,274.0
20261005,10:28:00,49688.17,44517.92,26149.48,17043.82,124.06,1851.72,439.6,465.02,554.97,110.05,166.04,203.51,91.79,142.39,268.53,122.09,189.9,290.54,3177.43,1681.7,473.51,81.26,243.27,1050.37,387.27,236.14,290.92,439.13,208.95,101.31,3542.81,232.03,130.39,135.43,39.03,55.18,98.35,273.7
20261005,10:28:05,49728.12,44555.58,26156.37,17047.54,124.06,1851.79,440.14,465.02,554.97,110.05,166.05,203.52,91.79,142.39,268.53,122.09,189.9,290.53,3180.38,1684.32,473.5,81.26,243.27,1049.34,387.27,236.14,290.92,439.15,208.95,101.31,3543.96,232.03,130.39,135.32,39.03,55.18,98.35,273.7
20261005,10:28:10,49694.74,44523.06,26155.67,17046.73,124.06,1851.79,440.14,465.09,555.2,110.05,166.04,203.5,91.79,142.39,268.53,121.95,189.9,290.53,3177.78,1682.1,473.43,81.27,243.27,1050.06,387.27,236.14,290.9,439.15,208.96,101.31,3543.96,232.03,130.27,135.42,39.03,55.18,98.35,273.68
20261005,10:28:15,49692.91,44521.92,26153.76,17046.65,124.0,1851.79,440.14,465.09,555.2,110.05,166.04,203.51,91.79,142.4,268.53,121.97,189.9,290.52,3177.69,1682.01,473.42,81.27,243.27,1050.13,387.27,236.14,290.9,439.15,208.97,101.31,3543.38,232.03,130.27,135.42,39.03,55.16,98.35,273.68
20261005,10:28:20,49695.74,44524.67,26151.18,17043.68,124.0,1851.79,439.5,465.09,555.2,110.05,166.05,203.52,91.79,142.4,268.53,122.09,190.05,290.51,3177.98,1681.94,473.65,81.29,243.45,1050.64,387.35,236.19,290.87,439.12,208.93,101.31,3543.38,232.03,130.39,135.22,39.03,55.15,98.35,273.98
20261005,10:28:25,49692.81,44521.82,26150.22,17042.59,124.0,1851.79,439.49,464.98,555.27,110.05,166.04,203.51,91.79,142.4,268.53,121.96,189.9,290.52,3177.78,1681.85,473.64,81.26,243.27,1050.6,387.76,236.19,290.86,439.12,208.93,101.31,3543.38,232.03,130.39,135.2,39.03,55.15,98.35,273.98
20261005,10:28:30,49692.99,44521.92,26151.64,17044.0,124.0,1851.56,439.49,464.98,555.27,110.05,166.04,203.53,91.79,142.4,268.53,122.09,189.9,290.54,3177.75,1681.95,473.45,81.3,243.16,1050.39,387.76,236.19,290.9,439.12,208.93,101.31,3543.44,232.03,130.39,135.3,39.03,55.19,98.35,273.98
20261005,10:28:35,49693.85,44523.46,26151.78,17046.47,124.0,1851.56,439.96,464.98,555.27,110.05,166.04,203.53,91.79,142.4,268.53,122.09,189.9,290.54,3177.82,1681.93,473.45,81.3,243.16,1050.61,387.74,236.19,290.9,439.12,208.92,101.31,3542.81,232.03,130.39,135.32,39.03,55.19,98.35,273.66
20261005,10:28:40,49697.6,44527.03,26151.5,17045.87,124.06,1852.98,440.04,464.98,555.21,110.05,166.04,203.52,91.79,142.4,268.53,121.96,189.9,290.52,3178.12,1682.04,473.34,81.3,243.34,1051.02,387.76,236.19,290.85,439.12,208.92,101.31,3542.89,232.07,130.27,135.32,39.03,55.19,98.35,273.64
20261005,10:28:45,49693.28,44522.72,26153.32,17047.64,124.06,1852.98,440.04,464.98,555.24,110.04,166.04,203.52,91.79,142.18,268.53,121.98,189.97,290.52,3177.73,1681.73,473.41,81.32,243.18,1051.04,387.83,236.19,290.86,439.12,208.92,101.31,3542.98,232.07,130.39,135.32,39.03,55.19,98.35,273.94
20261005,10:28:50,49701.8,44530.33,26156.8,17049.32,124.06,1851.56,440.04,464.9,555.24,110.04,166.05,203.54,91.8,142.18,268.53,122.1,189.97,290.52,3178.3,1682.01,473.52,81.36,243.47,1050.65,387.86,236.19,291.21,439.12,209.06,101.31,3543.61,232.11,130.39,135.3,39.04,55.19,98.34,273.94
20261005,10:28:55,49706.8,44535.24,26159.07,17052.05,124.06,1851.56,440.59,464.82,555.25,110.04,166.07,203.61,91.8,142.18,268.53,122.12,189.97,290.53,3178.63,1682.06,473.48,81.36,243.5,1051.29,387.86,236.19,291.21,439.08,208.92,101.31,3543.57,232.11,130.39,135.3,39.04,55.19,98.34,273.94
20261005,10:29:00,49736.59,44566.02,26153.47,17051.52,123.93,1851.56,440.5,464.82,555.25,110.04,166.07,203.62,91.8,142.4,268.35,122.12,189.97,290.53,3181.12,1684.29,473.5,81.36,243.39,1051.22,387.86,236.18,290.59,439.07,208.95,101.33,3541.97,232.11,130.39,135.3,39.04,55.19,98.34,273.92
20261005,10:29:05,49735.16,44564.64,26156.55,17055.07,123.92,1851.56,441.03,464.82,555.25,110.04,166.07,203.6,91.8,142.4,268.35,122.11,189.97,290.52,3180.93,1684.37,473.41,81.38,243.38,1050.61,387.86,236.2,290.55,439.08,208.94,101.33,3541.97,232.04,130.39,135.3,39.04,55.19,98.33,273.91
20261005,10:29:10,49732.7,44559.42,26164.78,17055.09,123.92,1851.56,441.03,464.82,555.25,110.04,166.08,203.63,91.8,142.4,268.35,122.1,190.01,290.52,3180.51,1684.04,473.5,81.38,243.5,1050.49,387.85,236.18,290.52,439.08,208.94,101.33,3544.53,232.03,130.39,135.32,39.0,55.19,98.33,273.91
20261005,10:29:15,49688.33,44519.34,26152.61,17051.65,124.05,1851.56,440.49,464.82,555.25,110.04,166.08,203.67,91.8,142.4,268.47,122.1,190.01,290.52,3177.36,1681.63,473.41,81.38,243.52,1050.5,387.85,236.18,290.52,439.09,208.93,101.33,3541.66,232.03,130.39,135.32,39.0,55.19,98.33,273.93
20261005,10:29:20,49691.4,44522.52,26154.54,17054.48,124.05,1851.56,441.03,464.82,555.21,110.04,166.07,203.67,91.79,142.4,268.47,121.98,190.01,290.52,3177.55,1681.63,473.29,81.38,243.64,1050.74,387.84,236.18,290.7,439.09,208.93,101.33,3541.5,232.03,130.39,135.32,39.0,55.19,98.33,273.92
20261005,10:29:25,49690.7,44521.62,26155.7,17055.1,124.05,1851.56,441.03,464.82,555.21,110.04,166.06,203.64,91.79,142.4,268.47,122.09,190.01,290.52,3177.46,1681.53,473.35,81.37,243.62,1050.75,387.51,236.18,290.79,439.01,208.94,101.33,3541.69,232.03,130.39,135.32,39.0,55.19,98.32,273.94
20261005,10:29:30,49733.22,44563.07,26155.34,17054.75,124.05,1851.56,441.05,465.02,555.21,110.06,166.07,203.64,91.79,142.4,268.59,122.11,190.01,290.52,3180.81,1684.04,473.48,81.4,243.32,1051.47,387.49,236.17,290.44,439.02,208.94,101.33,3541.68,232.03,130.27,135.33,39.0,55.19,98.32,273.96
20261005,10:29:35,49735.23,44562.87,26161.91,17055.08,124.05,1851.56,441.05,465.02,555.11,110.06,166.05,203.58,91.79,142.4,268.59,122.11,189.97,290.53,3180.78,1684.15,473.51,81.41,243.32,1050.98,387.87,236.17,290.45,439.02,208.89,101.33,3543.64,232.03,130.39,135.33,39.0,55.2,98.32,274.04
20261005,10:29:40,49735.43,44563.66,26159.38,17054.17,124.05,1851.56,441.05,465.02,555.11,110.06,166.07,203.61,91.79,142.4,268.59,121.97,189.97,290.52,3180.87,1684.17,473.39,81.39,243.32,1050.88,387.87,236.17,290.77,439.08,208.86,101.33,3543.1,232.03,130.39,135.33,39.0,55.2,98.32,274.04
20261005,10:29:45,49687.69,44519.49,26152.47,17054.08,124.05,1851.56,441.05,465.02,554.96,110.06,166.07,203.65,91.79,142.4,268.59,121.97,189.97,290.53,3177.31,1681.62,473.24,81.43,243.32,1050.43,387.87,236.18,290.72,439.1,208.86,101.33,3540.96,232.03,130.39,135.42,39.0,55.2,98.32,274.04
20261005,10:29:50,49736.24,44566.97,26151.77,17053.88,124.05,1851.56,441.05,465.02,555.04,110.06,166.07,203.63,91.79,142.41,268.59,121.97,189.97,290.53,3181.14,1684.28,473.24,81.43,243.35,1051.28,387.9,236.18,290.73,439.12,208.9,101.33,3540.8,232.03,130.39,135.23,39.0,55.19,98.32,273.99
20261005,10:29:55,49696.33,44528.89,26157.05,17062.65,124.05,1851.56,442.13,465.02,555.04,110.14,166.07,203.63,91.79,142.41,268.59,122.09,189.97,290.54,3177.86,1681.76,473.15,81.44,243.35,1051.32,387.9,236.19,290.73,439.07,208.9,101.33,3540.06,232.03,130.39,135.16,39.0,55.2,98.32,273.99
20261005,10:30:00,49739.19,44570.65,26157.56,17063.24,124.05,1851.56,442.22,465.02,555.04,110.14,166.06,203.62,91.79,142.41,268.59,122.09,189.97,290.54,3181.22,1684.32,473.13,81.46,243.35,1051.33,387.85,236.19,290.78,439.07,208.9,101.33,3540.06,232.03,130.39,135.16,39.0,55.2,98.32,273.99
20261005,10:30:05,49745.49,44572.0,26172.42,17064.28,124.05,1851.56,442.22,465.02,555.04,110.14,166.06,203.62,91.79,142.41,268.59,122.09,189.97,290.55,3181.3,1684.33,472.93,81.53,243.34,1051.2,387.85,236.19,291.08,439.09,208.9,101.33,3544.43,232.03,130.51,135.16,39.0,55.2,98.32,273.99
20261005,10:30:10,49699.18,44527.61,26169.16,17062.96,123.92,1851.56,442.14,465.02,555.04,110.14,166.06,203.62,91.79,142.41,268.59,122.09,189.97,290.53,3177.75,1681.81,472.94,81.53,243.35,1050.92,387.84,236.17,290.78,439.13,208.86,101.33,3543.77,232.03,130.51,135.17,39.01,55.2,98.32,274.01
20261005,10:30:15,49739.21,44566.6,26169.41,17063.24,123.92,1851.56,442.21,465.02,555.04,110.12,166.06,203.58,91.79,142.41,268.59,122.09,190.01,290.53,3180.89,1684.21,472.95,81.53,243.17,1051.51,387.9,236.17,290.46,439.14,208.93,101.33,3543.77,232.03,130.39,135.16,39.01,55.2,98.32,274.01
20261005,10:30:20,49740.93,44570.84,26161.86,17063.12,123.92,1851.79,442.21,465.02,555.04,110.12,166.06,203.58,91.79,142.41,268.59,122.09,190.01,290.53,3181.23,1684.39,472.94,81.54,243.42,1051.53,387.91,236.17,290.45,439.13,208.92,101.33,3541.44,232.03,130.39,135.16,39.01,55.2,98.32,273.99
20261005,10:30:25,49739.79,44570.32,26156.51,17058.94,123.92,1851.79,441.65,464.84,555.15,110.12,166.06,203.58,91.79,142.18,268.59,122.09,190.01,290.5,3181.29,1684.4,473.02,81.55,243.43,1051.54,387.91,236.17,290.48,439.14,208.92,101.33,3540.9,232.03,130.41,135.16,39.0,55.21,98.32,273.95
20261005,10:30:30,49746.59,44576.92,26157.52,17060.03,123.92,1851.79,441.67,464.84,555.12,110.12,166.06,203.58,91.79,142.4,268.77,121.97,190.01,290.54,3181.8,1684.56,473.14,81.54,243.29,1051.84,387.91,236.17,290.79,439.14,208.92,101.33,3540.92,232.03,130.53,135.26,39.0,55.21,98.32,274.0
20261005,10:30:35,49708.37,44539.69,26161.6,17064.78,124.05,1851.79,442.3,464.84,555.12,110.12,166.06,203.58,91.79,142.4,268.77,121.97,189.97,290.54,3178.68,1682.08,473.35,81.62,243.12,1051.85,387.91,236.2,290.79,439.14,208.91,101.33,3540.91,232.03,130.53,135.26,39.0,55.21,98.32,274.0
20261005,10:30:40,49713.57,44544.91,26160.87,17064.43,124.05,1851.79,442.3,464.84,555.06,110.14,166.06,203.57,91.79,142.4,268.77,121.97,189.99,290.54,3179.11,1682.11,473.24,81.63,243.42,1052.6,387.89,236.2,290.79,439.14,208.91,101.33,3540.77,232.03,130.53,135.16,39.0,55.21,98.32,274.05
20261005,10:30:45,49754.19,44582.36,26165.21,17062.28,124.05,1853.21,441.75,464.85,555.0,110.14,166.09,203.57,91.82,142.4,268.77,122.1,189.99,290.56,3182.18,1684.4,473.46,81.64,243.39,1052.6,388.14,236.2,290.79,439.06,208.93,101.33,3542.71,232.03,130.53,135.16,39.0,55.21,98.32,274.08
20261005,10:30:50,49721.01,44547.91,26170.64,17061.42,123.92,1853.21,441.75,464.85,555.0,110.06,166.1,203.61,91.82,142.4,268.77,122.1,189.99,290.56,3179.43,1682.26,473.46,81.66,243.37,1052.66,387.89,236.2,290.79,439.03,208.91,101.33,3544.64,232.03,130.53,135.16,39.0,55.19,98.32,274.08
20261005,10:30:55,49756.63,44583.14,26168.97,17061.27,123.92,1851.87,441.75,464.85,555.0,110.12,166.1,203.61,91.82,142.4,268.77,122.1,189.99,290.56,3182.27,1684.44,473.64,81.65,243.4,1052.5,387.89,236.2,290.79,439.06,208.91,101.33,3544.17,232.03,130.53,135.16,39.0,55.21,98.32,274.08
20261005,10:31:00,49756.19,44582.7,26163.98,17055.52,123.92,1851.88,441.12,464.85,555.0,110.12,166.1,203.62,91.82,142.4,268.77,122.08,189.99,290.56,3182.37,1684.61,473.65,81.64,243.4,1052.25,387.89,236.19,290.78,439.09,208.92,101.33,3544.17,232.03,130.41,135.06,39.0,55.21,98.32,274.1
20261005,10:31:05,49758.79,44585.03,26168.78,17060.37,123.92,1851.86,441.74,464.84,555.06,110.12,166.11,203.62,91.82,142.4,268.77,122.1,189.99,290.58,3182.44,1684.67,473.54,81.66,243.4,1052.25,387.86,236.19,290.83,439.08,208.92,101.33,3544.35,232.07,130.41,135.05,39.0,55.21,98.32,274.1
20261005,10:31:10,49714.17,44541.96,26162.35,17054.27,123.92,1851.74,441.19,464.84,555.06,110.12,166.11,203.62,91.82,142.38,268.77,122.1,189.99,290.58,3179.12,1682.09,473.45,81.66,243.4,1052.33,387.89,236.2,290.86,439.07,208.77,101.33,3544.0,232.07,130.41,134.85,39.0,55.21,98.32,274.1
20261005,10:31:15,49716.19,44544.44,26164.96,17059.01,123.92,1853.16,441.65,465.0,555.06,110.12,166.11,203.61,91.82,142.38,268.77,122.11,189.99,291.05,3179.21,1682.25,473.26,81.66,243.4,1052.28,387.89,236.2,290.84,439.13,208.77,101.33,3543.53,232.07,130.29,134.85,39.0,55.22,98.32,274.12
20261005,10:31:20,49716.97,44546.2,26164.35,17061.68,123.92,1853.16,441.73,465.0,555.06,110.12,166.11,203.63,91.82,142.38,268.77,122.11,190.02,291.05,3179.28,1682.3,473.25,81.66,243.4,1052.32,387.89,236.18,290.85,439.13,208.78,101.33,3542.61,232.07,130.53,134.85,39.0,55.22,98.32,274.1
20261005,10:31:25,49720.05,44548.62,26166.39,17062.06,123.92,1852.79,441.64,464.99,555.06,110.12,166.11,203.63,91.82,142.38,268.77,122.11,190.02,291.1,3179.47,1682.16,473.26,81.67,243.57,1052.99,387.89,236.18,290.84,439.16,208.92,101.33,3543.14,232.07,130.53,134.85,39.0,55.21,98.32,274.04
20261005,10:31:30,49722.98,44551.05,26171.82,17066.9,123.98,1852.79,442.27,464.99,555.47,110.12,166.12,203.63,91.83,142.38,268.77,122.12,190.02,290.87,3179.55,1682.19,473.37,81.68,243.59,1052.97,387.89,236.18,290.83,439.13,208.93,101.38,3543.53,232.07,130.41,134.85,39.0,55.21,98.32,274.04
20261005,10:31:35,49720.78,44548.91,26174.53,17070.02,123.98,1851.37,442.81,464.99,555.47,110.12,166.11,203.6,91.83,142.4,268.77,122.15,190.02,290.89,3179.3,1682.21,473.36,81.68,243.59,1052.33,387.9,236.18,290.83,439.12,208.89,101.38,3543.53,232.07,130.41,134.85,39.0,55.21,98.32,274.02
20261005,10:31:40,49722.35,44552.94,26167.18,17069.95,123.98,1851.37,442.81,465.03,555.51,110.12,166.11,203.57,91.83,142.41,268.77,122.15,190.02,290.88,3179.63,1682.25,473.36,81.67,243.59,1052.97,387.9,236.2,290.84,439.05,208.89,101.38,3541.25,232.07,130.41,134.85,39.0,55.21,98.32,274.0
20261005,10:31:45,49758.76,44588.2,26167.64,17069.74,123.98,1851.37,442.82,465.25,555.54,110.12,166.1,203.55,91.83,142.41,268.77,122.13,190.02,290.87,3182.47,1684.55,473.25,81.67,243.59,1052.77,387.9,236.2,290.84,439.05,208.83,101.4,3541.45,232.07,130.41,134.89,39.0,55.21,98.32,274.02
20261005,10:31:50,49763.32,44591.87,26166.25,17065.55,123.95,1851.32,442.28,465.18,555.54,110.12,166.11,203.58,91.83,142.41,268.77,122.13,190.02,290.9,3182.87,1684.86,473.2,81.71,243.59,1052.79,387.57,236.2,290.82,439.09,208.83,101.39,3542.15,232.07,130.41,134.9,39.0,55.21,98.32,273.92
20261005,10:31:55,49720.32,44550.94,26163.64,17065.78,123.95,1851.32,442.28,465.19,555.54,110.12,166.11,203.55,91.84,142.41,268.77,122.13,190.02,290.9,3179.57,1682.35,473.16,81.57,243.42,1052.73,387.57,236.2,291.14,439.09,208.84,101.39,3541.28,232.07,130.41,134.9,39.0,55.21,98.32,273.95
20261005,10:32:00,49724.17,44554.69,26168.7,17071.6,123.95,1851.44,442.82,465.19,555.77,110.12,166.12,203.56,91.85,142.4,268.65,122.13,190.02,290.92,3179.73,1682.39,473.16,81.62,243.42,1052.92,387.55,236.2,291.14,439.09,208.83,101.41,3541.28,232.08,130.53,134.9,39.0,55.21,98.32,273.99
20261005,10:32:05,49726.0,44556.31,26180.5,17084.62,123.95,1851.44,444.62,465.21,555.75,110.04,166.12,203.56,91.85,142.61,268.65,122.11,190.02,290.93,3179.55,1682.38,473.22,81.6,243.24,1052.93,387.55,236.33,290.91,439.09,208.83,101.41,3541.42,232.08,130.53,134.87,39.0,55.21,98.32,274.01
20261005,10:32:10,49770.66,44600.04,26181.02,17085.94,123.95,1851.44,444.62,465.19,556.06,110.04,166.11,203.54,91.85,142.61,268.47,121.99,190.02,290.9,3183.04,1684.89,473.16,81.61,243.23,1053.58,387.57,236.33,290.87,439.09,208.87,101.41,3541.23,232.08,130.64,134.87,39.0,55.19,98.32,274.04
20261005,10:32:15,49768.72,44598.4,26179.53,17085.07,123.95,1851.44,444.62,465.21,556.06,110.04,166.14,203.64,91.85,142.61,268.47,122.11,190.02,290.88,3182.93,1684.76,473.05,81.64,243.26,1053.8,387.57,236.33,290.86,439.09,208.87,101.42,3541.0,232.08,130.53,134.87,39.0,55.17,98.34,273.74
20261005,10:32:20,49766.59,44596.69,26175.54,17081.72,124.08,1851.44,444.09,465.21,556.05,110.04,166.15,203.66,91.85,142.61,268.47,122.11,190.02,290.86,3182.87,1684.72,473.04,81.65,243.25,1053.79,387.57,236.34,290.86,439.09,208.86,101.4,3540.66,232.08,130.53,134.92,39.0,55.17,98.32,273.79
20261005,10:32:25,49764.67,44594.82,26176.78,17083.14,124.08,1851.44,444.0,465.21,556.01,110.04,166.15,203.66,91.85,142.82,268.47,122.11,190.04,290.86,3182.68,1684.7,473.2,81.65,243.25,1053.22,387.57,236.34,290.86,439.06,208.87,101.4,3540.66,232.08,130.66,134.92,39.0,55.17,98.34,274.08
20261005,10:32:30,49726.81,44558.69,26174.12,17082.59,123.95,1851.44,443.92,465.48,556.01,110.04,166.15,203.63,91.85,142.84,268.65,122.11,190.04,290.89,3179.79,1682.29,473.21,81.6,243.26,1053.83,387.57,236.34,290.85,439.07,208.87,101.4,3539.98,232.08,130.66,134.92,39.0,55.17,98.34,274.08
20261005,10:32:35,49729.93,44560.53,26177.19,17082.12,123.95,1851.34,443.92,465.35,556.01,110.12,166.15,203.68,91.84,142.84,268.65,122.11,190.04,290.89,3179.95,1682.51,473.2,81.62,243.26,1053.52,387.57,236.34,290.85,439.07,208.9,101.4,3541.07,232.08,130.66,134.92,39.0,55.18,98.34,273.78
20261005,10:32:40,49729.83,44561.23,26179.5,17087.49,123.95,1851.34,444.55,465.35,556.01,110.12,166.15,203.68,91.84,142.84,268.65,122.11,190.04,290.89,3179.87,1682.29,473.24,81.62,243.26,1053.56,387.57,236.34,291.16,439.01,208.9,101.4,3540.33,232.08,130.66,134.92,39.0,55.19,98.34,274.08
20261005,10:32:45,49726.23,44557.29,26180.11,17086.71,123.95,1851.34,444.55,465.35,556.01,110.12,166.15,203.68,91.84,142.84,268.47,122.11,190.04,290.93,3179.57,1682.39,473.15,81.62,243.26,1053.08,387.57,236.34,290.84,438.95,208.85,101.4,3540.74,232.08,130.66,134.82,39.0,55.19,98.34,274.09
20261005,10:32:50,49728.37,44559.78,26179.33,17087.15,123.95,1851.38,444.55,465.35,556.01,110.12,166.14,203.68,91.84,143.05,268.47,122.11,190.04,290.94,3179.76,1682.42,472.99,81.6,243.26,1053.58,387.83,236.34,290.84,438.95,208.86,101.4,3540.37,232.08,130.66,134.82,39.0,55.19,98.34,274.09
20261005,10:32:55,49726.88,44557.91,26176.94,17083.02,123.95,1851.15,444.01,465.35,556.01,110.12,166.14,203.68,91.84,143.05,268.47,122.11,190.04,290.92,3179.71,1682.42,472.99,81.6,243.26,1053.49,387.83,236.34,290.83,438.95,208.86,101.4,3540.75,232.08,130.66,134.82,39.0,55.19,98.35,274.09
20261005,10:33:00,49727.12,44558.14,26177.56,17083.74,123.95,1851.15,444.01,465.35,556.01,110.04,166.14,203.68,91.84,143.05,268.47,122.12,190.04,290.92,3179.71,1682.44,472.98,81.61,243.26,1053.43,387.83,236.34,290.83,438.94,208.86,101.4,3540.75,232.08,130.77,134.82,39.0,55.19,98.35,274.08
20261005,10:33:05,49723.96,44555.13,26175.41,17081.48,123.95,1851.38,444.09,465.48,555.97,110.02,165.95,203.68,91.68,143.05,268.47,122.0,190.04,290.94,3179.53,1682.38,473.16,81.61,243.26,1052.98,387.83,236.34,290.83,438.9,208.89,101.4,3540.69,232.08,130.77,134.81,39.0,55.19,98.16,274.08
20261005,10:33:10,49727.29,44558.53,26174.53,17081.0,123.95,1851.38,444.0,465.47,555.97,110.02,165.97,203.75,91.68,143.05,268.47,122.0,190.04,290.94,3179.81,1682.54,473.01,81.57,243.06,1053.55,387.75,236.34,290.84,438.9,208.86,101.4,3540.54,232.08,130.77,134.91,39.0,55.19,98.16,274.08
20261005,10:33:15,49725.01,44556.31,26178.82,17085.93,123.95,1851.38,444.63,465.22,555.97,110.02,165.97,203.77,91.68,143.03,268.47,122.0,190.04,290.94,3179.51,1682.55,473.01,81.58,243.04,1052.84,387.75,236.35,290.84,438.9,208.82,101.4,3540.54,232.08,130.89,134.89,39.0,55.19,98.16,274.11
20261005,10:33:20,49758.65,44589.09,26178.6,17085.68,123.95,1851.35,444.54,465.22,555.97,110.02,165.97,203.77,91.68,142.82,268.47,122.12,190.04,290.89,3182.16,1684.77,473.03,81.57,243.06,1052.31,387.75,236.28,290.83,438.9,208.82,101.4,3540.54,232.08,130.89,134.89,39.01,55.19,98.16,274.11
20261005,10:33:25,49721.07,44552.85,26177.43,17085.59,124.08,1851.35,444.63,465.22,555.97,110.03,165.95,203.72,91.68,143.03,268.47,122.11,190.04,290.89,3179.24,1682.48,472.98,81.57,243.06,1052.45,387.75,236.28,290.84,438.96,208.68,101.4,3540.2,232.08,130.89,134.91,39.01,55.19,98.16,274.12
20261005,10:33:30,49756.85,44588.3,26169.51,17078.44,124.08,1852.77,443.55,465.22,555.97,110.03,165.96,203.72,91.68,143.03,268.47,122.12,190.04,290.93,3182.27,1684.84,473.0,81.53,243.02,1052.45,387.75,236.28,290.84,438.93,208.68,101.4,3539.67,232.08,130.89,134.91,39.01,55.19,98.16,274.12
20261005,10:33:35,49753.24,44587.18,26159.52,17075.0,124.08,1851.35,443.55,465.23,555.97,110.03,165.95,203.69,91.68,143.03,268.47,122.12,190.04,290.93,3182.26,1684.84,473.0,81.53,243.05,1052.35,387.78,236.28,290.89,438.87,208.4,101.4,3537.48,232.08,130.89,134.9,39.01,55.19,98.16,274.11
20261005,10:33:40,49711.16,44546.38,26157.87,17073.78,124.08,1851.35,443.46,465.23,555.89,110.03,165.95,203.69,91.68,142.82,268.47,122.14,190.04,290.93,3179.01,1682.37,473.0,81.52,243.05,1052.35,387.78,236.28,290.8,438.87,208.4,101.4,3537.3,232.08,130.89,134.88,39.01,55.18,98.16,274.11
20261005,10:33:45,49711.64,44545.14,26163.36,17074.39,124.08,1851.35,443.46,465.36,555.92,110.03,165.95,203.68,91.68,143.03,268.65,122.14,190.04,290.96,3178.89,1682.28,472.99,81.53,243.02,1052.36,387.78,236.28,290.8,438.83,208.4,101.4,3538.85,232.08,130.89,134.88,39.01,55.18,98.16,274.1
20261005,10:33:50,49752.07,44584.84,26161.78,17073.57,124.08,1851.35,443.46,465.36,555.92,110.03,165.95,203.7,91.68,143.03,268.65,122.14,190.04,290.96,3182.11,1684.72,473.07,81.54,243.05,1052.33,387.78,236.28,290.85,438.83,208.4,101.4,3538.57,232.08,130.77,134.88,39.01,55.2,98.16,274.09
20261005,10:33:55,49715.6,44548.89,26163.15,17073.75,123.95,1851.35,443.46,465.1,555.92,109.95,165.94,203.68,91.68,143.03,268.65,122.14,190.04,290.95,3179.21,1682.33,473.14,81.53,243.05,1052.76,387.78,236.29,290.81,438.93,208.4,101.4,3538.95,232.08,130.89,134.9,39.01,55.2,98.16,274.09
20261005,10:34:00,49717.24,44549.93,26167.9,17077.36,124.08,1851.35,444.08,465.02,555.92,109.95,165.96,203.75,91.68,143.03,268.65,122.13,190.04,290.95,3179.21,1682.37,473.15,81.52,242.93,1052.28,387.8,236.53,291.17,438.93,208.36,101.4,3539.46,232.08,130.77,134.9,39.01,55.2,98.16,274.07
20261005,10:34:05,49709.87,44542.13,26167.28,17074.56,124.08,1851.35,443.54,465.02,556.08,109.95,165.95,203.72,91.68,142.82,268.65,122.13,190.08,290.93,3178.64,1682.25,473.13,81.5,242.93,1052.45,387.78,236.53,290.34,438.93,208.48,101.4,3540.03,232.08,130.77,134.88,39.01,55.2,98.16,274.05
20261005,10:34:10,49757.5,44588.54,26167.85,17075.23,124.08,1851.35,443.62,465.02,556.22,110.03,165.95,203.72,91.68,142.82,268.77,122.13,190.08,290.93,3182.37,1684.66,473.23,81.5,243.11,1053.18,387.78,236.53,290.67,438.96,208.48,101.4,3540.02,232.08,130.66,134.88,39.05,55.19,98.16,274.1
20261005,10:34:15,49718.15,44550.69,26166.53,17075.36,124.08,1851.57,443.64,465.02,556.22,110.03,165.94,203.74,91.66,142.82,268.77,122.13,190.04,290.93,3179.32,1682.33,473.2,81.46,243.11,1053.19,387.8,236.53,290.67,438.94,208.49,101.4,3539.57,232.04,130.66,134.88,39.05,55.19,98.16,274.1
20261005,10:34:20,49717.7,44550.63,26164.68,17074.49,124.08,1851.57,443.55,465.02,556.22,110.03,165.94,203.72,91.66,142.82,268.77,122.11,190.01,290.93,3179.33,1682.31,473.25,81.49,243.11,1053.18,387.8,236.53,290.67,438.94,208.49,101.4,3539.23,232.04,130.66,134.88,39.05,55.19,98.16,274.11
20261005,10:34:25,49714.25,44546.86,26165.15,17073.65,124.08,1851.57,443.46,465.02,556.22,110.03,165.94,203.73,91.66,142.82,268.77,122.11,190.01,290.93,3179.05,1682.17,473.2,81.47,242.93,1053.2,387.8,236.53,290.66,438.95,208.49,101.4,3539.61,232.04,130.66,134.88,39.05,55.19,98.16,274.02
20261005,10:34:30,49713.41,44546.09,26164.96,17073.62,124.08,1851.35,443.47,465.02,556.22,110.03,165.94,203.72,91.66,142.82,268.77,122.11,190.01,290.93,3178.99,1682.05,473.25,81.48,242.93,1053.59,387.86,236.53,290.48,438.96,208.48,101.4,3539.56,232.04,130.66,134.87,39.05,55.19,98.16,274.06
20261005,10:34:35,49713.42,44545.72,26166.72,17074.38,124.08,1851.35,443.47,465.03,556.22,110.03,165.94,203.71,91.66,142.82,268.77,122.13,190.01,290.9,3178.94,1682.16,473.4,81.49,242.94,1053.0,387.86,236.53,290.44,438.98,208.56,101.4,3539.9,232.04,130.66,134.87,39.05,55.19,98.16,274.06
20261005,10:34:40,49713.54,44546.06,26165.55,17073.78,124.08,1851.35,443.47,464.91,556.22,110.05,165.92,203.67,91.66,142.82,268.77,122.13,190.01,290.92,3178.98,1682.17,473.4,81.47,242.94,1053.06,387.86,236.53,290.48,438.97,208.62,101.4,3539.7,232.04,130.54,134.84,39.05,55.19,98.16,274.06
20261005,10:34:45,49709.98,44542.59,26167.41,17075.91,124.08,1851.3,443.46,464.91,556.22,109.97,165.92,203.67,91.66,142.82,268.89,122.13,190.01,290.92,3178.65,1681.98,473.16,81.49,242.92,1053.11,387.86,236.53,290.46,438.97,208.62,101.4,3539.7,232.37,130.77,134.87,39.05,55.19,98.16,274.02
20261005,10:34:50,49712.44,44544.97,26166.55,17074.85,124.08,1851.3,443.46,464.83,556.22,109.97,165.94,203.71,91.67,142.82,268.89,122.13,190.01,290.91,3178.87,1682.25,473.13,81.49,242.92,1053.23,387.86,236.53,290.15,438.99,208.51,101.42,3539.72,232.37,130.77,134.87,39.01,55.19,98.16,274.02
20261005,10:34:55,49714.91,44545.03,26171.78,17073.0,124.08,1851.3,443.46,464.83,556.08,109.97,165.93,203.67,91.67,142.82,268.89,122.13,190.01,290.94,3178.92,1682.13,473.14,81.5,242.92,1053.28,387.86,236.53,290.46,438.99,208.47,101.42,3541.86,232.37,130.66,134.87,39.01,55.19,98.16,274.02
20261005,10:35:00,49713.22,44545.73,26164.85,17072.89,124.08,1851.3,443.45,464.82,556.11,109.96,165.92,203.65,91.67,142.82,268.89,122.13,190.01,290.94,3178.97,1682.19,473.26,81.46,242.92,1053.24,387.62,236.53,290.46,439.0,208.47,101.42,3539.72,232.37,130.66,134.88,39.01,55.18,98.16,274.04
20261005,10:35:05,49750.79,44582.6,26164.37,17073.22,124.08,1851.5,443.46,464.82,556.12,110.03,165.94,203.68,91.67,142.82,268.89,122.13,190.01,290.9,3181.94,1684.44,473.14,81.46,243.13,1053.26,387.64,236.53,290.46,438.97,208.47,101.42,3539.48,232.37,130.64,134.88,39.01,55.18,98.16,274.04
20261005,10:35:10,49748.79,44581.24,26163.11,17073.74,124.08,1851.5,443.46,464.89,556.12,110.03,165.95,203.68,91.68,142.82,268.89,122.13,190.01,290.9,3181.82,1684.56,473.25,81.46,243.1,1052.9,387.57,236.54,290.18,438.97,208.51,101.42,3538.95,232.37,130.64,134.88,39.01,55.18,98.16,274.04
20261005,10:35:15,49752.35,44584.11,26164.82,17073.74,124.08,1851.5,443.45,464.89,556.13,110.03,165.95,203.68,91.68,142.82,268.77,122.13,190.01,290.9,3182.05,1684.35,473.25,81.41,243.12,1053.76,387.51,236.53,290.5,438.97,208.52,101.42,3539.48,232.37,130.64,134.88,39.01,55.18,98.16,274.04
20261005,10:35:20,49751.89,44583.41,26164.81,17072.84,124.08,1851.5,443.45,464.89,555.86,110.03,165.94,203.67,91.68,142.82,268.77,122.12,190.01,290.9,3182.01,1684.52,473.28,81.42,243.14,1053.13,387.25,236.54,290.5,439.0,208.53,101.42,3539.72,232.37,130.64,134.88,39.01,55.18,98.16,274.03
20261005,10:35:25,49745.91,44579.77,26154.62,17068.46,124.08,1851.5,443.29,465.07,555.87,110.03,165.94,203.69,91.67,142.82,268.77,122.12,190.01,290.9,3181.82,1684.27,473.22,81.42,243.16,1053.46,387.26,236.54,290.54,439.02,208.38,101.42,3537.73,232.37,130.41,134.88,39.01,55.18,98.16,273.98
20261005,10:35:30,49702.38,44537.63,26152.39,17066.81,123.95,1851.5,443.29,465.07,555.87,110.03,165.93,203.63,91.67,142.81,268.77,121.99,190.01,290.89,3178.47,1681.93,473.1,81.42,243.09,1052.86,387.26,236.54,290.54,439.02,208.35,101.42,3537.48,232.37,130.41,134.88,39.01,55.16,98.16,274.03
20261005,10:35:35,49699.06,44534.1,26152.75,17066.22,123.95,1851.5,443.29,464.71,555.87,110.01,165.94,203.63,91.69,142.81,268.77,121.98,190.01,290.89,3178.2,1681.75,473.35,81.4,242.85,1053.17,387.51,236.55,290.22,438.99,208.32,101.42,3537.75,232.3,130.41,134.88,39.01,55.16,98.16,274.06
20261005,10:35:40,49701.62,44537.43,26151.31,17067.4,123.95,1851.5,443.46,464.72,555.83,110.02,165.94,203.63,91.69,142.81,268.77,121.98,190.01,290.89,3178.44,1681.86,473.35,81.4,242.85,1052.97,387.49,236.56,290.54,439.0,208.33,101.42,3536.98,232.3,130.41,134.88,39.01,55.16,98.16,274.04
20261005,10:35:45,49697.98,44533.89,26151.07,17067.12,123.95,1851.5,443.37,464.72,555.83,110.03,165.94,203.63,91.69,142.81,268.77,121.98,190.01,290.89,3178.16,1681.75,473.22,81.41,242.85,1053.17,387.49,236.56,290.22,439.0,208.37,101.42,3536.98,232.3,130.41,134.88,39.01,55.16,98.16,274.04
20261005,10:35:50,49703.78,44539.12,26154.61,17069.8,123.95,1852.92,443.37,465.04,556.08,110.03,165.94,203.63,91.69,143.03,268.77,121.99,190.01,290.83,3178.52,1681.98,473.24,81.37,243.09,1053.14,387.49,236.56,290.22,438.95,208.36,101.42,3537.36,232.3,130.53,134.88,39.01,55.16,98.16,274.04
20261005,10:35:55,49706.65,44539.42,26160.29,17067.94,124.11,1853.02,442.92,465.12,556.02,110.03,165.94,203.62,91.69,143.03,268.77,122.12,190.01,290.83,3178.59,1682.01,473.31,81.39,243.09,1052.77,387.49,236.56,290.49,439.02,208.38,101.42,3539.64,232.3,130.53,134.88,39.01,55.16,98.16,274.04
20261005,10:36:00,49665.8,44498.81,26162.78,17068.1,124.11,1853.02,442.92,464.78,556.07,110.03,165.94,203.62,91.69,143.03,268.77,122.12,190.05,290.81,3175.31,1679.34,473.32,81.4,243.1,1053.21,387.51,236.56,290.46,439.15,208.38,101.42,3540.38,232.3,130.53,134.88,39.01,55.16,98.16,274.04
20261005,10:36:05,49666.58,44498.93,26162.81,17066.0,124.11,1851.6,442.84,464.79,556.07,110.02,165.95,203.65,91.69,143.03,268.77,122.1,190.05,290.81,3175.37,1679.38,473.32,81.39,243.08,1053.24,387.48,236.56,290.48,439.22,208.38,101.42,3540.95,232.3,130.41,134.88,39.01,55.16,98.16,274.04
20261005,10:36:10,49704.91,44536.06,26163.65,17066.22,124.11,1851.6,442.84,464.79,556.18,110.02,165.95,203.65,91.69,143.03,268.77,122.08,190.05,290.8,3178.36,1681.95,473.32,81.4,243.08,1052.79,387.55,236.56,290.16,439.22,208.39,101.42,3541.16,232.28,130.41,134.88,39.01,55.15,98.16,274.04
20261005,10:36:15,49705.01,44536.62,26159.2,17062.68,124.11,1851.6,442.29,464.79,556.18,110.02,165.94,203.64,91.69,143.03,268.77,122.1,190.05,290.8,3178.49,1681.9,473.32,81.41,243.08,1053.24,387.57,236.56,290.16,439.22,208.41,101.42,3540.73,232.28,130.41,134.92,39.01,55.15,98.18,274.05
20261005,10:36:20,49702.54,44536.47,26152.25,17062.24,123.98,1851.6,442.29,464.79,556.18,110.02,165.94,203.63,91.69,143.03,268.77,122.11,190.02,290.81,3178.49,1681.96,473.2,81.41,243.1,1053.2,387.57,236.56,290.14,439.21,208.41,101.42,3538.67,232.28,130.41,134.92,39.01,55.15,98.18,274.04
20261005,10:36:25,49702.71,44534.19,26159.68,17062.62,124.11,1853.02,442.29,464.79,556.14,109.94,165.93,203.6,91.69,143.03,268.89,122.11,190.02,290.83,3178.29,1681.89,472.95,81.41,243.22,1052.73,387.57,236.53,290.44,439.21,208.42,101.42,3540.9,232.02,130.41,134.92,39.01,55.15,98.18,274.04
20261005,10:36:30,49701.06,44531.76,26162.2,17062.75,124.11,1853.02,442.3,464.79,556.14,109.94,165.93,203.58,91.69,143.03,268.89,122.11,190.02,290.85,3178.09,1681.74,472.86,81.41,243.22,1053.23,387.51,236.53,290.11,439.23,208.42,101.42,3541.65,232.02,130.41,134.92,39.01,55.15,98.18,274.04
20261005,10:36:35,49704.34,44534.95,26161.71,17062.18,124.11,1851.6,442.3,464.8,556.11,109.97,165.93,203.58,91.69,143.03,268.89,122.11,190.02,290.89,3178.36,1681.8,473.19,81.4,243.43,1053.19,387.51,236.53,290.11,439.21,208.42,101.42,3541.65,232.02,130.41,134.89,39.01,55.15,98.18,274.04
20261005,10:36:40,49710.29,44540.28,26173.5,17074.17,124.11,1851.6,443.93,464.67,556.18,109.97,165.92,203.58,91.68,143.03,268.89,122.12,190.02,290.89,3178.51,1681.92,473.03,81.4,243.43,1053.29,387.51,236.39,290.13,439.21,208.42,101.42,3542.08,232.05,130.41,134.89,39.01,55.15,98.18,274.04
20261005,10:36:45,49705.25,44535.37,26178.36,17079.73,124.11,1853.02,444.48,464.75,556.18,110.04,165.94,203.64,91.68,143.03,268.77,122.13,190.02,290.89,3177.98,1681.62,473.09,81.39,243.43,1052.87,387.83,236.39,290.13,439.21,208.46,101.42,3542.08,232.05,130.41,134.9,39.01,55.15,98.18,274.09
20261005,10:36:50,49713.58,44543.92,26184.03,17087.74,124.11,1851.6,445.72,464.79,556.18,110.04,165.94,203.66,91.68,143.03,268.77,122.13,190.02,290.89,3178.47,1681.65,473.33,81.4,243.32,1053.39,387.83,236.39,290.42,439.21,208.39,101.42,3541.68,232.05,130.41,134.9,39.0,55.15,98.18,274.09
20261005,10:36:55,49716.53,44545.54,26196.62,17098.01,124.11,1853.02,446.83,464.79,556.11,110.04,165.95,203.7,91.68,143.03,268.77,122.14,190.05,290.87,3178.36,1681.5,473.3,81.4,243.32,1053.64,387.83,236.39,290.42,439.22,208.46,101.42,3542.82,232.05,130.53,134.9,39.0,55.17,98.18,274.12
20261005,10:37:00,49715.22,44544.89,26195.18,17098.47,124.11,1853.02,446.83,464.78,556.07,110.03,165.95,203.67,91.68,143.03,268.77,122.15,190.05,290.88,3178.29,1681.52,473.1,81.4,243.32,1053.64,387.84,236.39,290.41,439.17,208.56,101.42,3542.25,232.04,130.53,134.8,39.0,55.15,98.18,274.14
20261005,10:37:05,49712.84,44542.92,26197.66,17102.47,124.11,1851.6,447.38,465.29,556.03,110.03,165.94,203.66,91.68,143.03,268.77,122.15,190.05,290.92,3178.04,1681.68,473.1,81.39,243.14,1053.06,387.84,236.39,290.15,439.17,208.58,101.42,3541.94,232.04,130.53,134.8,39.0,55.15,98.18,274.12
20261005,10:37:10,49716.74,44549.43,26189.86,17102.58,124.11,1853.02,447.38,465.29,556.03,110.02,165.95,203.66,91.68,143.03,268.77,122.15,190.05,290.91,3178.56,1681.83,473.23,81.37,243.12,1053.66,387.83,236.39,290.2,439.18,208.55,101.42,3539.47,232.04,130.53,134.8,39.0,55.15,98.18,274.08
20261005,10:37:15,49712.92,44544.17,26194.56,17102.84,124.11,1851.6,447.38,464.78,556.1,110.02,165.95,203.68,91.68,143.25,268.77,122.15,190.05,290.91,3178.13,1681.66,473.23,81.36,243.24,1053.07,387.83,236.39,290.2,439.2,208.56,101.42,3540.87,232.37,130.53,134.8,39.0,55.17,98.18,274.08
20261005,10:37:20,49713.57,44544.16,26193.33,17099.28,124.11,1851.6,446.92,464.78,556.1,110.02,165.95,203.69,91.68,143.23,268.77,122.15,190.05,290.91,3178.21,1681.75,473.29,81.35,243.12,1053.08,387.83,236.39,290.2,439.2,208.53,101.43,3541.45,232.37,130.65,134.8,39.0,55.17,98.18,273.81
20261005,10:37:25,49715.44,44546.25,26195.77,17102.97,124.11,1851.6,447.46,464.78,556.15,110.02,165.94,203.63,91.68,143.23,268.77,122.15,190.05,290.91,3178.29,1681.78,473.37,81.35,243.14,1053.09,387.81,236.39,290.2,439.2,208.41,101.43,3541.21,232.37,130.65,134.8,39.0,55.17,98.18,274.09
20261005,10:37:30,49717.72,44548.37,26203.66,17111.72,124.11,1851.5,448.62,464.78,556.16,110.02,165.93,203.64,91.67,143.23,268.77,122.15,190.05,290.89,3178.25,1681.57,473.37,81.37,243.14,1053.56,387.81,236.39,290.21,439.2,208.47,101.43,3541.3,232.37,130.65,134.77,39.0,55.17,98.18,274.09
20261005,10:37:35,49715.27,44547.92,26201.39,17115.59,124.11,1851.39,449.16,464.85,556.21,110.02,165.93,203.64,91.67,143.02,268.77,122.15,190.05,290.9,3178.12,1681.47,473.24,81.41,243.02,1053.58,387.81,236.39,290.32,439.2,208.57,101.43,3539.54,232.37,130.65,134.77,39.01,55.15,98.18,273.77
20261005,10:37:40,49722.1,44551.87,26210.35,17116.8,124.11,1853.03,449.24,464.85,556.21,110.03,165.93,203.64,91.67,143.02,268.77,122.14,190.05,290.87,3178.41,1681.66,473.31,81.42,243.25,1052.98,387.93,236.39,290.64,439.21,208.57,101.43,3542.01,232.37,130.65,134.77,39.01,55.15,98.18,273.77
20261005,10:37:45,49723.79,44553.42,26211.41,17117.73,123.98,1853.14,449.16,464.85,556.21,110.03,165.93,203.65,91.67,143.02,268.65,122.14,190.05,290.87,3178.52,1681.78,473.06,81.42,243.11,1053.11,388.0,236.39,290.73,439.24,208.57,101.43,3542.09,232.37,130.77,134.77,39.01,55.15,98.18,274.08
20261005,10:37:50,49722.48,44552.03,26207.89,17113.28,124.11,1853.14,448.7,464.86,556.21,110.03,165.92,203.63,91.67,143.02,268.65,122.13,190.05,290.87,3178.51,1681.75,473.07,81.44,243.14,1053.12,388.0,236.39,290.73,439.24,208.43,101.43,3542.2,232.37,130.77,134.77,39.01,55.15,98.18,274.09
20261005,10:37:55,49725.98,44555.07,26209.53,17113.93,124.08,1853.51,448.71,465.36,556.21,110.03,165.92,203.63,91.67,143.02,268.77,122.13,190.05,290.89,3178.74,1681.95,473.03,81.44,243.25,1053.08,387.71,236.39,290.7,439.2,208.43,101.43,3542.54,232.37,130.77,134.77,39.01,55.15,98.18,274.09
20261005,10:38:00,49720.15,44549.08,26205.66,17108.47,124.08,1851.72,448.15,465.36,556.11,110.03,165.94,203.69,91.67,143.02,268.77,122.01,190.01,290.89,3178.39,1681.8,472.94,81.43,243.12,1052.94,387.68,236.39,290.71,439.2,208.46,101.43,3542.81,232.37,130.78,134.79,39.01,55.13,98.18,274.09
20261005,10:38:05,49721.02,44550.3,26208.17,17112.61,124.08,1851.72,448.7,464.86,556.1,110.03,165.94,203.71,91.67,143.02,268.77,122.15,189.98,290.89,3178.39,1681.69,473.09,81.44,243.29,1052.96,387.68,236.39,290.71,439.17,208.44,101.43,3542.47,232.37,130.78,134.79,39.01,55.13,98.18,274.11
20261005,10:38:10,49716.5,44546.06,26208.45,17113.46,124.08,1851.77,448.7,464.86,556.1,109.95,165.94,203.72,91.67,143.02,268.77,122.15,189.98,290.89,3178.03,1681.74,473.13,81.43,243.04,1052.51,388.0,236.39,290.38,439.14,208.56,101.43,3542.33,232.37,130.78,134.79,39.01,55.13,98.18,274.1
20261005,10:38:15,49718.69,44548.41,26207.93,17113.6,124.08,1851.77,448.7,464.86,556.1,110.03,165.93,203.68,91.67,143.02,268.77,122.15,189.98,290.89,3178.21,1681.68,473.27,81.43,243.05,1052.57,388.0,236.39,290.68,439.16,208.6,101.43,3542.13,232.04,130.78,134.79,39.01,55.13,98.18,274.12
20261005,10:38:20,49719.63,44548.11,26209.28,17111.08,124.08,1851.77,448.15,464.85,556.1,110.03,165.94,203.71,91.67,143.02,268.77,122.15,189.98,290.91,3178.25,1681.86,473.16,81.44,243.05,1052.63,388.0,236.39,290.36,439.14,208.75,101.43,3543.23,232.04,130.78,134.79,39.01,55.13,98.18,274.12
20261005,10:38:25,49713.56,44543.48,26205.08,17110.51,124.08,1853.18,448.16,464.85,556.07,109.95,165.95,203.74,91.67,143.02,268.77,122.03,189.98,290.91,3177.89,1681.8,473.12,81.44,243.3,1051.45,387.7,236.39,290.66,439.16,208.76,101.43,3542.07,232.04,130.78,134.69,39.01,55.13,98.18,274.12
20261005,10:38:30,49706.13,44538.44,26194.27,17105.45,124.08,1853.18,447.54,464.87,556.07,110.03,165.95,203.74,91.67,143.02,268.59,122.03,189.98,290.91,3177.6,1681.66,473.0,81.44,243.05,1051.48,387.71,236.39,290.71,439.16,208.59,101.43,3540.07,232.04,130.89,134.69,39.01,55.13,98.18,274.12
20261005,10:38:35,49671.31,44502.11,26205.38,17110.2,124.08,1853.18,448.08,464.87,556.03,110.03,165.95,203.74,91.67,143.02,268.59,122.03,189.98,290.9,3174.56,1679.24,473.06,81.36,243.05,1052.19,387.71,236.39,290.39,439.16,208.59,101.43,3542.25,232.04,131.01,134.69,39.01,55.13,98.18,274.12
20261005,10:38:40,49712.66,44541.91,26211.9,17116.05,123.95,1851.77,449.17,464.87,556.1,109.95,165.95,203.74,91.67,143.02,268.45,122.03,189.98,290.89,3177.63,1681.59,473.0,81.36,243.05,1051.93,387.57,236.38,290.71,439.13,208.59,101.43,3542.7,232.04,130.89,134.69,39.01,55.13,98.18,274.11
20261005,10:38:45,49710.83,44540.75,26207.83,17113.45,124.08,1851.77,448.54,464.87,555.99,109.95,165.95,203.74,91.67,143.02,268.45,122.03,189.98,291.11,3177.6,1681.55,472.78,81.32,243.06,1052.66,387.51,236.38,290.41,439.17,208.71,101.43,3542.13,232.04,130.89,134.69,39.01,55.15,98.18,274.11
20261005,10:38:50,49715.54,44544.79,26213.89,17118.6,124.08,1851.77,449.17,464.86,555.99,109.95,165.95,203.74,91.67,143.02,268.45,122.03,189.98,291.12,3177.8,1681.67,472.85,81.35,243.06,1052.64,387.48,236.38,290.41,439.15,208.7,101.43,3542.63,232.37,130.89,134.69,39.03,55.15,98.18,274.12
20261005,10:38:55,49718.34,44545.75,26220.35,17120.12,124.08,1853.64,449.17,464.87,555.99,109.95,165.95,203.74,91.67,143.02,268.45,122.15,189.94,291.11,3177.84,1681.6,473.06,81.32,243.18,1052.22,387.83,236.38,290.72,439.16,208.7,101.43,3544.24,232.37,130.89,134.69,39.03,55.14,98.18,274.15
20261005,10:39:00,49717.8,44544.86,26221.26,17119.91,124.08,1853.64,449.17,464.79,555.94,109.95,165.95,203.74,91.67,143.02,268.45,122.03,189.94,291.11,3177.77,1681.71,473.04,81.34,243.3,1052.01,387.84,236.52,290.41,439.16,208.69,101.43,3544.58,232.37,131.01,134.7,39.03,55.14,98.18,274.15
20261005,10:39:05,49711.81,44538.97,26220.55,17118.95,124.08,1852.22,449.16,464.79,555.94,109.95,165.95,203.74,91.67,143.02,268.45,122.15,189.98,291.11,3177.32,1681.5,472.86,81.34,243.05,1052.02,387.79,236.52,290.41,439.16,208.76,101.43,3544.62,232.37,130.89,134.68,39.03,55.16,98.18,273.85
20261005,10:39:10,49711.52,44538.65,26217.63,17115.46,124.08,1852.22,448.64,465.04,555.94,110.04,165.95,203.74,91.67,143.02,268.45,122.15,189.98,291.09,3177.38,1681.39,472.95,81.34,242.96,1052.49,387.79,236.52,290.39,439.19,208.74,101.43,3544.65,232.37,130.89,134.68,39.03,55.16,98.18,273.85
20261005,10:39:15,49717.94,44543.02,26222.78,17115.06,124.08,1851.99,448.63,465.04,555.94,110.03,165.95,203.74,91.67,143.02,268.56,122.15,189.98,291.09,3177.74,1681.6,472.99,81.34,242.78,1052.44,387.97,236.52,290.66,439.19,208.71,101.43,3546.37,232.37,130.89,134.68,39.03,55.16,98.18,273.85
20261005,10:39:20,49713.78,44540.93,26215.62,17113.41,124.08,1851.99,448.64,464.79,555.94,109.95,165.95,203.73,91.67,143.02,268.56,122.03,189.98,291.08,3177.61,1681.46,472.93,81.34,242.83,1052.61,388.0,236.52,290.64,439.28,208.65,101.43,3544.58,232.38,130.89,134.7,39.03,55.16,98.18,273.85
20261005,10:39:25,49715.93,44542.93,26217.22,17114.93,124.08,1851.99,448.64,464.79,555.94,109.95,165.99,203.72,91.71,143.02,268.56,122.03,189.98,291.08,3177.74,1681.58,472.83,81.35,242.72,1052.66,388.03,236.52,290.69,439.28,208.65,101.43,3544.67,232.38,131.01,134.7,39.03,55.18,98.18,273.83
20261005,10:39:30,49707.74,44536.85,26204.1,17106.22,124.08,1851.99,447.55,464.79,555.95,109.95,165.97,203.72,91.69,143.02,268.56,122.03,189.98,291.1,3177.46,1681.49,472.76,81.32,242.72,1052.84,387.64,236.52,290.38,439.28,208.68,101.43,3542.94,232.38,130.89,134.7,39.03,55.16,98.18,273.85
20261005,10:39:35,49712.72,44540.89,26212.79,17113.5,124.08,1851.99,448.64,464.79,555.94,109.95,165.95,203.63,91.69,143.02,268.33,122.03,189.98,291.1,3177.61,1681.57,472.8,81.32,242.99,1052.69,387.64,236.52,290.38,439.26,208.69,101.43,3543.67,232.38,130.89,134.6,39.03,55.16,98.18,273.84
20261005,10:39:40,49712.05,44540.44,26212.8,17114.16,124.08,1851.99,448.64,465.04,555.98,109.95,165.97,203.66,91.7,143.02,268.33,122.03,189.98,291.09,3177.56,1681.4,472.87,81.33,242.99,1052.71,387.64,236.52,290.6,439.36,208.69,101.43,3543.5,232.38,130.89,134.6,39.03,55.15,98.18,273.84
20261005,10:39:45,49715.28,44541.81,26215.04,17110.79,124.08,1851.99,448.09,464.76,555.98,109.95,165.96,203.64,91.7,143.02,268.33,122.15,189.98,291.1,3177.75,1681.56,472.76,81.35,242.74,1052.95,387.64,236.52,290.6,439.37,208.7,101.43,3545.11,232.38,130.89,134.6,39.03,55.16,98.18,273.81
20261005,10:39:50,49719.7,44546.12,26217.06,17113.11,124.08,1851.99,448.54,464.76,555.98,109.95,165.96,203.61,91.7,143.02,268.33,122.03,189.98,291.08,3178.04,1681.67,472.78,81.33,242.74,1053.29,387.54,236.52,290.64,439.37,208.7,101.43,3545.11,232.38,130.89,134.6,39.03,55.16,98.18,273.81
20261005,10:39:55,49720.74,44547.43,26217.14,17114.21,124.08,1853.41,448.54,464.76,556.05,109.95,165.94,203.61,91.69,143.02,268.33,122.03,189.98,291.01,3178.12,1681.7,472.8,81.34,242.74,1053.27,387.54,236.52,290.69,439.32,208.67,101.43,3544.84,232.38,130.89,134.63,39.03,55.16,98.18,274.13
20261005,10:40:00,49721.16,44547.36,26213.77,17108.75,124.08,1853.41,448.0,465.01,555.98,109.95,165.94,203.61,91.69,143.02,268.33,122.03,189.98,291.0,3178.24,1681.69,473.03,81.34,243.0,1053.13,387.54,236.52,290.7,439.31,208.52,101.43,3545.27,232.38,130.89,134.63,39.03,55.15,98.18,274.13
20261005,10:40:05,49716.97,44544.89,26209.38,17109.06,124.08,1851.99,448.0,464.88,556.2,109.95,165.94,203.61,91.69,143.02,268.33,122.03,189.98,291.0,3178.04,1681.59,473.02,81.36,242.73,1053.18,387.54,236.52,290.69,439.27,208.66,101.43,3543.81,232.38,130.77,134.63,39.03,55.15,98.18,274.14
20261005,10:40:10,49714.84,44542.88,26210.03,17110.06,124.08,1851.99,448.08,464.63,556.2,109.95,165.94,203.61,91.69,143.23,268.33,122.03,189.98,291.0,3177.85,1681.61,472.97,81.36,242.73,1052.66,387.54,236.53,290.74,439.26,208.66,101.43,3543.74,232.06,130.89,134.63,39.03,55.15,98.18,274.13
20261005,10:40:15,49717.12,44545.85,26207.07,17109.14,124.08,1851.99,448.0,464.63,556.2,109.95,165.94,203.61,91.69,143.23,268.33,122.02,189.98,291.0,3178.11,1681.66,472.91,81.36,242.73,1053.18,387.61,236.53,290.73,439.26,208.66,101.43,3543.07,232.06,130.89,134.63,39.03,55.11,98.18,274.13
20261005,10:40:20,49720.37,44549.05,26211.79,17114.7,124.08,1853.41,448.55,464.64,556.29,109.95,165.94,203.61,91.69,143.45,268.47,122.02,190.12,291.01,3178.24,1681.78,472.78,81.34,242.96,1053.14,387.56,236.53,290.69,439.27,208.67,101.43,3543.03,232.06,130.89,134.63,39.03,55.11,98.18,274.13
20261005,10:40:25,49720.85,44549.02,26215.54,17117.34,124.11,1853.62,448.55,464.64,556.29,109.96,165.96,203.65,91.7,143.45,268.59,122.14,190.19,291.05,3178.17,1681.76,472.78,81.36,242.85,1053.07,387.66,236.53,290.69,439.29,208.75,101.43,3543.49,232.06,130.89,134.63,39.07,55.11,98.2,274.21
20261005,10:40:30,49718.9,44547.12,26211.45,17112.62,124.11,1853.62,448.02,464.77,556.29,109.96,165.97,203.69,91.7,143.45,268.59,122.14,190.19,291.05,3178.13,1681.86,472.78,81.37,242.88,1053.07,387.66,236.53,290.37,439.29,208.63,101.43,3543.49,232.06,130.89,134.63,39.07,55.11,98.2,274.21
20261005,10:40:35,49766.26,44591.49,26219.89,17116.39,124.11,1852.21,448.64,464.77,556.29,109.96,165.97,203.67,91.7,143.45,268.59,122.14,190.19,291.05,3181.62,1684.25,472.79,81.37,242.88,1053.54,387.66,236.53,290.7,439.29,208.62,101.43,3545.11,232.06,130.88,134.63,39.07,55.11,98.2,274.21
20261005,10:40:40,49722.63,44548.97,26217.23,17113.29,124.11,1853.62,448.1,464.85,556.42,109.95,165.97,203.68,91.7,143.45,268.59,122.14,190.05,291.05,3178.26,1681.76,472.85,81.37,242.9,1053.56,387.66,236.51,290.4,439.34,208.63,101.43,3545.12,232.06,130.88,134.63,39.07,55.11,98.2,274.16
20261005,10:40:45,49718.56,44544.62,26220.37,17115.65,124.11,1853.62,448.18,464.72,556.5,109.95,165.96,203.64,91.7,143.66,268.59,122.15,190.05,291.05,3177.86,1681.59,472.85,81.37,242.9,1053.1,387.64,236.52,290.41,439.34,208.62,101.43,3545.46,232.06,131.0,134.82,39.07,55.11,98.2,274.15
20261005,10:40:50,49720.2,44546.2,26218.99,17113.98,124.11,1853.62,448.1,464.72,556.5,109.95,165.96,203.64,91.7,143.66,268.59,122.15,190.05,291.05,3178.02,1681.64,472.73,81.35,242.9,1053.11,387.64,236.52,290.71,439.34,208.62,101.43,3545.48,232.06,130.88,134.79,39.07,55.11,98.2,274.14
20261005,10:40:55,49723.67,44550.71,26220.2,17119.16,124.11,1853.62,448.64,464.95,556.45,109.95,165.96,203.67,91.7,143.66,268.59,122.15,190.05,291.05,3178.26,1681.64,472.95,81.38,243.26,1053.09,387.64,236.52,290.7,439.32,208.62,101.43,3544.45,232.06,131.0,134.82,39.07,55.11,98.2,274.13
20261005,10:41:00,49721.66,44548.75,26215.42,17113.66,124.11,1852.21,447.94,464.96,556.49,109.96,165.97,203.68,91.7,143.45,268.59,122.15,190.05,291.05,3178.24,1681.75,472.94,81.37,243.29,1053.11,387.58,236.52,290.39,439.46,208.62,101.43,3544.45,232.06,131.0,134.82,39.07,55.11,98.2,274.13
20261005,10:41:05,49764.53,44589.51,26218.66,17113.99,124.11,1852.27,447.94,464.96,556.39,109.96,165.97,203.7,91.7,143.66,268.59,122.15,190.05,291.06,3181.51,1684.11,472.72,81.37,243.28,1053.42,387.55,236.52,290.74,439.64,208.62,101.43,3545.37,232.06,131.0,134.82,39.07,55.11,98.2,274.12
20261005,10:41:10,49717.53,44543.71,26221.19,17116.9,124.11,1853.69,448.48,464.96,556.39,109.96,165.98,203.71,91.7,143.46,268.59,122.15,190.05,291.06,3177.75,1681.55,472.73,81.37,243.23,1052.85,387.55,236.52,290.38,439.59,208.59,101.43,3545.37,232.06,130.88,134.82,39.07,55.11,98.19,274.13
20261005,10:41:15,49721.02,44547.7,26216.17,17113.09,124.11,1853.69,447.94,465.04,556.39,109.96,165.98,203.71,91.7,143.46,268.59,122.15,190.05,291.07,3178.17,1681.8,472.82,81.37,243.22,1052.97,387.57,236.52,290.38,439.59,208.59,101.43,3544.84,232.06,130.88,134.82,39.07,55.11,98.19,274.15
20261005,10:41:20,49753.86,44581.4,26215.23,17117.69,124.11,1853.69,448.56,465.04,556.39,109.96,165.99,203.76,91.7,143.25,268.59,122.15,190.05,291.1,3180.77,1683.81,472.81,81.37,243.22,1052.98,387.6,236.52,290.38,439.69,208.59,101.43,3543.3,232.06,130.88,134.82,39.07,55.11,98.19,274.15
20261005,10:41:25,49755.19,44580.91,26220.66,17117.97,124.11,1853.69,448.56,464.96,556.61,109.96,165.99,203.78,91.7,143.25,268.59,122.15,190.05,291.1,3180.73,1683.81,472.8,81.41,243.02,1052.98,387.59,236.52,290.38,439.66,208.59,101.43,3544.92,232.06,130.76,134.81,39.07,55.17,98.19,274.18
20261005,10:41:30,49760.83,44586.4,26220.52,17117.81,124.11,1853.69,448.56,465.04,556.39,109.96,166.0,203.8,91.7,143.24,268.59,122.15,190.05,291.11,3181.17,1683.73,472.88,81.41,243.38,1053.43,387.58,236.52,290.74,439.7,208.62,101.43,3544.92,232.06,130.76,134.81,39.07,55.17,98.19,274.18
20261005,10:41:35,49750.67,44578.93,26211.68,17115.78,124.11,1852.27,448.56,465.04,556.39,109.96,166.0,203.8,91.7,143.24,268.59,122.15,190.19,291.11,3180.62,1683.68,472.91,81.39,243.38,1052.69,387.6,236.52,290.43,439.68,208.62,101.43,3542.71,232.06,130.64,134.62,39.07,55.17,98.19,274.18
20261005,10:41:40,49748.55,44576.87,26214.63,17119.17,124.11,1852.27,449.11,464.92,556.39,109.94,166.02,203.81,91.71,143.24,268.59,122.15,190.05,291.11,3180.37,1683.7,472.64,81.39,243.44,1052.24,387.6,236.52,290.43,439.64,208.59,101.43,3542.71,232.06,130.64,134.62,39.07,55.17,98.2,274.17
20261005,10:41:45,49749.55,44577.55,26212.09,17115.26,124.11,1853.69,448.48,464.92,556.45,109.94,166.01,203.81,91.7,143.24,268.59,122.02,190.05,291.12,3180.52,1683.76,472.78,81.4,243.43,1052.28,387.6,236.51,290.43,439.59,208.59,101.43,3542.97,232.06,130.64,134.85,39.07,55.17,98.2,274.21
20261005,10:41:50,49716.1,44544.28,26215.02,17116.34,123.98,1853.69,448.55,464.92,556.45,109.96,166.01,203.8,91.7,143.24,268.59,122.15,190.19,291.1,3177.81,1681.61,472.75,81.44,243.31,1052.51,387.63,236.51,290.43,439.59,208.59,101.43,3543.6,232.06,130.64,134.85,39.07,55.17,98.2,274.21
20261005,10:41:55,49715.1,44544.17,26212.0,17115.8,123.98,1852.27,448.56,465.17,556.45,109.96,166.01,203.81,91.7,143.24,268.59,122.15,190.05,291.09,3177.82,1681.48,472.75,81.4,243.31,1052.6,387.63,236.51,290.74,439.59,208.59,101.43,3542.8,232.06,130.64,134.85,39.07,55.17,98.2,274.17
20261005,10:42:00,49714.33,44543.07,26212.09,17114.7,123.97,1852.21,448.46,465.17,556.46,109.96,166.01,203.79,91.7,143.45,268.59,122.15,190.05,291.09,3177.75,1681.32,472.86,81.44,243.3,1052.72,387.63,236.51,290.79,439.55,208.58,101.43,3543.13,232.06,130.64,134.85,39.07,55.15,98.2,274.08
20261005,10:42:05,49711.66,44538.68,26213.36,17110.19,123.97,1852.21,447.92,464.84,556.48,109.96,166.01,203.81,91.71,143.24,268.59,122.15,190.05,291.1,3177.51,1681.33,472.79,81.43,243.06,1052.28,387.96,236.27,290.84,439.55,208.58,101.43,3544.75,232.06,130.64,134.85,39.06,55.15,98.2,274.06
20261005,10:42:10,49714.13,44541.04,26217.05,17114.25,124.04,1853.63,448.47,464.84,556.25,109.96,166.02,203.83,91.71,143.24,268.59,122.15,190.05,291.1,3177.6,1681.34,472.82,81.44,243.3,1052.23,387.96,236.27,290.84,439.55,208.58,101.43,3544.8,232.06,130.64,134.85,39.06,55.15,98.2,274.05
20261005,10:42:15,49712.17,44539.15,26216.6,17113.82,124.04,1853.63,448.48,464.84,556.22,109.96,166.01,203.8,91.7,143.24,268.59,122.15,190.05,291.1,3177.46,1681.3,472.92,81.44,243.3,1052.29,387.97,236.27,290.53,439.55,208.57,101.43,3544.78,232.07,130.64,134.85,39.02,55.15,98.2,274.05
20261005,10:42:20,49717.03,44544.04,26213.67,17110.97,124.04,1853.63,447.92,464.84,556.25,109.94,166.02,203.86,91.7,143.24,268.59,122.15,190.05,291.09,3177.92,1681.55,472.92,81.44,243.12,1052.77,387.99,236.28,290.52,439.55,208.57,101.43,3544.63,232.07,130.76,134.85,39.02,55.15,98.2,274.05
20261005,10:42:25,49719.61,44546.17,26216.09,17112.49,124.16,1853.63,447.92,465.22,556.51,109.94,166.03,203.88,91.7,143.24,268.47,122.15,190.03,291.09,3178.06,1681.51,472.93,81.44,243.13,1052.8,388.22,236.28,290.83,439.46,208.61,101.43,3544.98,232.39,130.65,134.84,39.02,55.15,98.2,274.05
20261005,10:42:30,49714.01,44540.72,26216.44,17112.9,124.16,1853.63,447.92,464.96,556.51,109.96,166.02,203.86,91.7,143.24,268.47,122.16,190.03,291.1,3177.61,1681.43,472.99,81.44,243.13,1052.3,388.22,236.28,290.51,439.46,208.57,101.43,3544.98,232.39,130.77,134.84,39.02,55.15,98.2,274.07
20261005,10:42:35,49764.89,44588.05,26226.29,17116.71,124.16,1853.63,448.46,465.29,556.51,109.96,166.02,203.86,91.7,143.47,268.47,122.16,190.03,291.09,3181.33,1683.84,472.88,81.45,243.1,1053.51,388.22,236.29,290.78,439.5,208.57,101.43,3547.02,232.39,130.65,134.84,39.02,55.17,98.2,274.07
20261005,10:42:40,49762.31,44587.47,26224.14,17120.72,124.16,1852.11,449.09,465.04,556.51,109.96,166.03,203.87,91.7,143.47,268.47,122.16,190.03,291.1,3181.19,1683.89,473.04,81.44,243.1,1053.15,388.22,236.29,290.55,439.47,208.61,101.43,3545.26,232.39,130.65,134.82,39.02,55.17,98.2,274.07
20261005,10:42:45,49761.74,44587.3,26219.06,17116.14,124.16,1852.11,448.46,465.29,556.51,109.94,166.0,203.86,91.68,143.47,268.29,122.16,190.03,291.1,3181.28,1683.9,472.77,81.45,243.1,1052.85,387.99,236.29,291.18,439.47,208.61,101.43,3544.92,232.39,130.65,134.82,39.02,55.17,98.2,274.12
20261005,10:42:50,49765.64,44591.48,26218.82,17117.16,124.16,1852.11,448.47,465.29,556.5,109.94,165.99,203.87,91.68,143.47,268.29,122.16,190.03,291.1,3181.6,1683.97,472.76,81.42,243.09,1053.45,387.93,236.29,291.18,439.47,208.61,101.43,3544.56,232.39,130.77,134.82,39.02,55.17,98.2,274.12
20261005,10:42:55,49767.21,44592.92,26217.92,17115.84,124.16,1852.11,448.47,465.29,556.5,109.94,165.99,203.84,91.68,143.47,268.29,122.14,190.03,291.1,3181.74,1683.98,472.75,81.45,243.09,1054.11,387.92,236.29,290.87,439.47,208.58,101.43,3544.64,232.39,130.65,134.82,39.02,55.19,98.2,274.12
20261005,10:43:00,49717.65,44546.56,26213.17,17116.8,124.16,1852.11,448.47,465.3,556.5,109.88,165.99,203.84,91.68,143.26,268.29,122.14,190.03,291.1,3177.99,1681.44,472.64,81.48,243.09,1053.08,387.92,236.29,290.86,439.48,208.61,101.43,3542.89,232.39,130.77,134.82,39.06,55.19,98.2,274.13
20261005,10:43:05,49724.83,44550.26,26222.12,17116.05,124.16,1853.52,448.47,465.05,556.5,109.88,165.98,203.83,91.68,143.25,268.29,122.14,190.03,291.1,3178.3,1681.61,472.75,81.44,243.09,1053.27,387.9,236.29,290.86,439.48,208.6,101.43,3545.9,232.39,130.65,134.83,39.06,55.19,98.2,274.13
20261005,10:43:10,49762.63,44587.42,26220.91,17115.78,124.1,1853.52,448.47,464.97,556.47,109.88,166.0,203.9,91.67,143.25,268.29,122.14,190.03,291.1,3181.3,1683.99,472.79,81.46,243.09,1053.0,387.87,236.29,290.86,439.45,208.6,101.43,3545.59,232.39,130.65,134.83,39.06,55.19,98.2,274.13
20261005,10:43:15,49764.31,44589.96,26218.0,17115.46,124.1,1853.52,448.39,464.84,556.46,109.88,166.01,203.93,91.67,143.25,268.47,122.14,190.07,291.12,3181.51,1684.13,472.87,81.46,243.09,1052.99,387.91,236.29,290.86,439.48,208.61,101.47,3544.77,232.39,130.65,134.83,39.06,55.19,98.2,274.13
20261005,10:43:20,49765.65,44591.6,26221.38,17120.48,124.12,1853.52,448.93,464.84,556.49,109.88,166.0,203.92,91.67,143.25,268.47,122.15,190.07,291.12,3181.53,1683.91,472.67,81.47,243.09,1053.9,387.88,236.29,290.86,439.52,208.62,101.47,3544.46,232.39,130.77,134.83,39.06,55.16,98.2,274.13
20261005,10:43:25,49725.91,44551.15,26222.87,17116.37,124.12,1852.11,448.48,464.92,556.49,109.96,166.01,203.95,91.67,143.25,268.47,122.15,190.19,291.12,3178.37,1681.62,473.0,81.43,243.09,1053.17,388.13,236.29,290.82,439.52,208.62,101.47,3546.04,232.39,130.65,134.83,39.06,55.19,98.2,274.13
20261005,10:43:30,49726.81,44552.05,26222.07,17115.58,124.12,1853.52,448.48,464.92,556.46,109.96,166.0,203.93,91.67,143.25,268.35,122.15,190.19,290.9,3178.46,1681.55,473.0,81.44,243.09,1053.18,388.13,236.29,291.13,439.49,208.59,101.47,3546.01,232.39,130.65,134.81,39.06,55.16,98.2,274.14
20261005,10:43:35,49719.81,44547.11,26217.04,17116.06,124.18,1853.52,448.48,464.92,556.46,109.96,166.0,203.94,91.67,143.25,268.35,122.15,190.04,290.91,3178.05,1681.55,472.99,81.42,243.09,1052.75,387.81,236.29,290.81,439.48,208.62,101.47,3544.31,232.39,130.65,134.81,39.06,55.16,98.2,274.16
20261005,10:43:40,49761.43,44587.29,26217.56,17115.42,124.18,1853.5,448.48,464.92,556.46,109.88,166.0,203.92,91.67,143.25,268.35,122.15,190.04,290.89,3181.3,1683.91,473.0,81.42,243.09,1053.2,387.8,236.29,290.81,439.48,208.59,101.47,3544.64,232.39,130.65,134.81,39.06,55.16,98.2,274.16
20261005,10:43:45,49721.61,44546.81,26222.91,17115.92,124.18,1853.5,448.48,464.92,556.46,109.88,166.0,203.91,91.67,143.25,268.35,122.15,190.04,290.89,3178.03,1681.41,472.9,81.42,243.09,1053.22,387.86,236.15,290.81,439.49,208.62,101.47,3546.18,232.39,130.65,134.81,39.06,55.19,98.2,274.16
20261005,10:43:50,49715.49,44543.41,26216.02,17116.57,124.12,1853.4,448.48,464.92,556.44,109.88,165.99,203.9,91.67,143.25,268.35,122.15,190.04,290.89,3177.74,1681.19,472.92,81.41,243.08,1053.22,387.61,236.4,290.8,439.49,208.62,101.47,3543.85,232.39,130.77,134.81,39.06,55.19,98.2,274.16
20261005,10:43:55,49713.13,44541.09,26216.74,17117.33,124.13,1853.46,448.49,464.92,556.46,109.88,165.99,203.88,91.67,143.25,268.35,122.15,190.01,290.87,3177.53,1681.25,472.78,81.38,243.1,1052.75,387.61,236.4,290.81,439.52,208.7,101.47,3543.86,232.39,130.77,134.81,39.06,55.18,98.2,274.16
20261005,10:44:00,49758.59,44583.53,26220.61,17115.58,124.13,1853.46,448.49,465.04,556.46,109.88,165.99,203.89,91.67,143.25,268.35,122.03,190.01,290.87,3180.99,1683.76,472.78,81.4,243.1,1053.21,387.61,236.16,290.81,439.52,208.74,101.47,3545.55,232.06,130.65,134.81,39.06,55.18,98.2,274.16
20261005,10:44:05,49761.49,44585.25,26225.83,17117.89,124.13,1854.8,448.49,465.23,556.46,109.9,165.99,203.89,91.67,143.25,268.35,122.16,190.01,290.87,3181.08,1683.71,472.84,81.39,243.21,1053.24,387.94,236.4,290.91,439.55,208.76,101.47,3546.56,232.14,130.65,134.81,39.06,55.18,98.2,274.24
20261005,10:44:10,49718.42,44543.42,26224.67,17117.04,124.14,1854.8,448.49,465.15,555.95,109.9,166.0,203.89,91.68,143.25,268.47,122.05,190.01,290.9,3177.73,1681.17,473.19,81.41,243.21,1052.71,387.94,236.4,290.89,439.5,208.76,101.47,3546.42,232.14,130.89,134.81,39.06,55.14,98.2,274.24
20261005,10:44:15,49726.63,44554.16,26217.02,17117.41,124.14,1854.77,448.49,465.16,555.93,109.9,166.0,203.91,91.68,143.25,268.47,122.05,190.01,290.9,3178.58,1681.47,472.73,81.42,243.07,1054.44,387.71,236.4,290.9,439.55,208.76,101.47,3543.93,232.14,130.89,134.81,39.06,55.16,98.2,274.28
20261005,10:44:20,49718.06,44545.7,26217.37,17117.44,124.14,1854.77,448.58,465.19,555.93,109.9,166.0,203.89,91.68,143.25,268.47,122.07,190.01,290.91,3177.9,1681.16,472.74,81.42,243.19,1053.65,387.71,236.4,290.9,439.14,208.76,101.42,3544.03,232.14,130.89,134.81,39.06,55.16,98.2,274.31
20261005,10:44:25,49718.58,44546.43,26211.66,17111.6,124.14,1854.77,447.97,465.19,555.93,109.92,166.0,203.89,91.68,143.25,268.47,122.07,190.01,290.89,3178.1,1681.3,472.95,81.39,243.48,1053.28,387.71,236.4,290.9,439.11,208.61,101.42,3543.83,232.14,130.89,134.81,39.06,55.16,98.2,274.32
20261005,10:44:30,49717.6,44544.28,26216.61,17113.31,124.14,1854.77,447.97,465.18,555.94,109.93,166.0,203.88,91.68,143.25,268.47,122.08,190.01,290.89,3177.89,1681.3,473.11,81.44,243.37,1052.61,387.68,236.4,290.91,439.13,208.76,101.43,3544.92,232.14,130.89,134.84,39.06,55.16,98.2,274.32
20261005,10:44:35,49759.56,44583.21,26221.16,17112.01,124.14,1853.35,447.88,465.05,555.82,109.93,166.0,203.87,91.69,143.25,268.47,122.07,189.99,290.9,3181.05,1683.71,473.0,81.44,243.37,1052.83,387.67,236.4,290.91,439.15,208.76,101.43,3546.69,232.47,130.89,134.84,39.06,55.16,98.2,274.3
20261005,10:44:40,49724.04,44548.34,26225.45,17116.06,124.14,1853.35,448.42,465.03,555.83,109.93,166.0,203.87,91.69,143.25,268.47,122.17,189.95,290.89,3178.15,1681.38,473.02,81.44,243.37,1053.07,387.65,236.4,290.91,439.02,208.73,101.43,3546.94,232.47,130.89,134.84,39.06,55.16,98.2,274.3
20261005,10:44:45,49719.91,44543.48,26227.38,17115.48,124.14,1853.35,448.42,465.03,555.83,109.93,166.02,203.91,91.69,143.25,268.47,122.05,189.95,290.89,3177.77,1681.11,473.04,81.44,243.34,1052.62,387.7,236.4,291.22,439.05,208.73,101.42,3547.69,232.47,130.89,134.84,39.06,55.16,98.2,274.31
20261005,10:44:50,49717.83,44541.46,26224.35,17111.99,124.14,1853.35,447.88,465.29,555.83,109.93,166.01,203.9,91.69,143.25,268.47,122.07,189.95,290.91,3177.69,1681.08,473.05,81.43,243.34,1052.89,387.67,236.4,290.92,439.05,208.76,101.42,3547.69,232.47,130.89,134.84,39.06,55.16,98.2,274.27
20261005,10:44:55,49716.76,44540.94,26223.72,17113.04,124.14,1854.77,447.96,465.21,555.83,109.92,166.01,203.91,91.69,143.04,268.47,122.07,189.99,290.9,3177.62,1681.14,473.02,81.43,243.15,1052.77,387.67,236.39,290.92,439.03,208.79,101.42,3547.21,232.47,130.89,134.84,39.06,55.16,98.2,274.24
20261005,10:45:00,49716.61,44540.99,26217.2,17106.21,124.14,1855.14,446.88,464.96,555.83,109.92,166.02,203.91,91.69,143.04,268.47,122.19,190.16,290.9,3177.79,1681.18,473.03,81.42,243.17,1052.99,387.64,236.39,290.94,439.13,208.79,101.42,3547.03,232.47,130.89,134.82,39.06,55.16,98.2,274.24
20261005,10:45:05,49756.89,44580.77,26219.07,17110.14,124.14,1855.14,447.43,464.96,555.83,109.92,166.02,203.91,91.69,143.04,268.47,122.19,190.16,290.9,3180.9,1683.7,473.04,81.42,243.29,1052.53,387.64,236.39,290.94,439.13,208.79,101.42,3546.55,232.47,130.89,134.82,39.06,55.15,98.2,274.24
20261005,10:45:10,49763.8,44587.51,26218.73,17109.75,124.14,1855.14,447.43,464.96,555.83,109.92,166.02,203.92,91.69,143.04,268.47,122.19,190.16,290.89,3181.45,1683.71,473.18,81.41,243.17,1053.8,387.62,236.39,290.92,439.13,208.75,101.42,3546.55,232.47,130.89,134.82,39.06,55.15,98.2,274.22
20261005,10:45:15,49763.28,44586.03,26222.57,17110.93,124.01,1855.14,447.35,465.04,555.84,109.91,166.22,203.92,91.85,143.04,268.47,122.19,190.16,290.89,3181.31,1683.81,473.07,81.41,243.23,1053.2,387.71,236.39,290.9,439.1,208.75,101.42,3547.43,232.47,131.01,134.81,39.06,55.15,98.2,273.92
20261005,10:45:20,49759.89,44583.11,26221.33,17110.77,124.01,1853.72,447.35,465.04,555.75,109.92,166.21,203.88,91.85,143.04,268.47,122.19,190.02,290.89,3181.08,1683.66,473.0,81.4,243.23,1053.21,387.71,236.39,290.9,439.09,208.78,101.42,3547.08,232.46,131.01,134.81,39.06,55.12,98.2,274.23
20261005,10:45:25,49717.17,44541.86,26221.14,17111.84,124.13,1855.14,447.42,464.96,555.75,109.92,166.2,203.83,91.85,143.04,268.47,122.19,190.02,290.86,3177.73,1681.12,473.0,81.41,243.06,1053.22,387.71,236.39,290.9,439.1,208.77,101.42,3546.73,232.46,131.01,134.78,39.06,55.12,98.2,274.23
20261005,10:45:30,49720.0,44544.95,26219.94,17111.56,124.13,1855.14,447.34,465.21,555.75,110.0,166.2,203.86,91.85,143.04,268.47,122.19,190.12,290.84,3177.98,1681.31,472.97,81.41,243.14,1053.22,387.71,236.4,290.89,439.1,208.75,101.42,3546.43,232.46,131.01,134.78,39.06,55.12,98.2,274.24
20261005,10:45:35,49758.62,44580.98,26224.39,17111.33,124.19,1853.72,447.34,465.34,555.75,110.0,166.2,203.84,91.85,143.04,268.47,122.19,190.12,290.83,3180.89,1683.58,473.1,81.43,243.14,1053.04,387.71,236.4,290.85,439.1,208.75,101.42,3547.89,232.46,131.01,134.78,39.06,55.14,98.2,274.22
20261005,10:45:40,49761.67,44584.0,26224.47,17111.56,124.19,1853.72,447.34,465.09,555.78,110.0,166.2,203.84,91.85,143.04,268.47,122.19,190.12,290.83,3181.13,1683.64,473.12,81.42,243.03,1053.5,387.71,236.4,290.85,439.13,208.78,101.42,3547.85,232.46,131.01,134.78,39.06,55.14,98.2,274.25
20261005,10:45:45,49760.5,44582.64,26220.91,17106.72,124.19,1853.72,446.71,465.34,555.78,110.0,166.19,203.84,91.85,142.83,268.47,122.19,189.97,290.83,3181.14,1683.76,473.16,81.42,243.03,1053.14,387.71,236.41,290.81,439.13,208.78,101.42,3548.05,232.46,131.01,134.78,39.06,55.14,98.2,274.24
20261005,10:45:50,49716.2,44540.19,26221.66,17109.97,124.13,1853.72,447.26,465.09,555.77,110.0,166.19,203.88,91.84,142.82,268.47,122.19,189.97,290.83,3177.64,1681.04,473.11,81.43,243.02,1053.22,387.71,236.41,290.84,439.11,208.81,101.42,3547.4,232.13,131.01,134.78,39.06,55.14,98.2,274.24
20261005,10:45:55,49717.86,44541.81,26221.69,17110.01,124.13,1853.72,447.26,464.88,555.77,110.0,166.2,203.86,91.85,143.04,268.29,122.18,189.97,290.83,3177.77,1680.99,473.23,81.43,243.16,1053.41,387.69,236.41,290.85,439.11,208.81,101.41,3547.4,232.13,131.0,134.78,39.06,55.14,98.2,274.27
20261005,10:46:00,49761.99,44584.8,26221.06,17109.28,124.13,1853.72,447.26,465.13,555.74,110.0,166.21,203.89,91.85,143.04,268.29,122.18,189.97,290.83,3181.25,1683.67,473.25,81.45,243.05,1053.49,387.69,236.41,290.83,439.08,208.81,101.41,3547.4,232.13,130.88,134.77,39.06,55.14,98.2,274.29
20261005,10:46:05,49759.03,44585.05,26208.75,17105.61,124.13,1853.72,446.79,465.13,555.69,109.92,166.2,203.89,91.84,143.03,268.29,122.18,189.96,290.86,3181.36,1683.74,473.25,81.45,243.06,1053.48,387.69,236.4,290.88,439.07,208.83,101.41,3544.55,232.13,130.88,134.77,39.06,55.14,98.2,274.27
20261005,10:46:10,49725.08,44549.26,26215.82,17104.64,124.13,1853.95,446.79,465.39,555.54,109.92,166.2,203.9,91.84,143.03,268.41,122.08,189.96,290.84,3178.5,1681.35,473.24,81.45,243.06,1054.03,387.69,236.4,290.88,439.03,208.83,101.41,3547.03,232.13,130.88,134.77,39.06,55.14,98.2,274.26
20261005,10:46:15,49720.89,44546.65,26212.26,17105.48,124.13,1853.95,446.79,465.13,555.57,109.92,166.21,203.9,91.85,143.03,268.41,122.08,189.96,290.84,3178.26,1681.3,473.13,81.46,243.06,1053.75,387.69,236.4,290.88,439.03,208.82,101.41,3545.69,232.13,131.0,134.77,39.06,55.14,98.2,274.26
20261005,10:46:20,49716.95,44542.7,26212.39,17105.26,124.13,1853.95,446.78,464.95,555.57,109.91,166.22,203.92,91.85,143.03,268.41,122.08,189.96,290.84,3177.95,1681.2,473.28,81.48,243.17,1053.01,387.69,236.4,290.89,439.02,208.81,101.41,3545.79,232.13,131.0,134.79,39.06,55.14,98.2,274.26
20261005,10:46:25,49717.11,44542.49,26211.47,17103.0,124.13,1853.95,446.78,464.97,555.5,109.91,166.22,203.94,91.85,143.03,268.41,122.07,189.96,290.84,3177.99,1681.17,473.12,81.46,243.06,1053.46,387.69,236.4,290.9,439.02,208.82,101.41,3546.11,232.13,130.88,134.7,39.06,55.14,98.2,273.96
20261005,10:46:30,49713.35,44539.07,26212.4,17104.87,124.13,1853.72,446.78,464.97,555.57,109.91,166.21,203.9,91.85,143.03,268.41,122.18,190.1,290.84,3177.67,1681.31,473.19,81.43,243.06,1052.28,387.69,236.42,290.9,439.02,208.82,101.41,3545.89,232.13,131.0,134.7,39.06,55.14,98.2,273.96
20261005,10:46:35,49710.67,44536.38,26210.93,17102.93,124.13,1853.72,446.7,464.97,555.34,109.91,166.22,203.92,91.85,143.03,268.41,122.06,190.1,290.91,3177.5,1681.13,473.33,81.43,243.07,1052.42,387.67,236.41,290.8,439.05,208.81,101.41,3545.96,232.14,131.0,134.7,39.06,55.14,98.2,273.96
20261005,10:46:40,49751.23,44575.71,26211.01,17102.37,124.13,1853.72,446.8,464.94,555.34,109.91,166.22,203.92,91.85,143.03,268.41,122.06,190.1,290.85,3180.68,1683.54,473.32,81.45,243.26,1052.36,387.69,236.41,290.8,439.03,208.81,101.41,3546.14,232.14,130.88,134.7,39.06,55.14,98.2,273.92
20261005,10:46:45,49751.82,44576.28,26208.23,17099.15,124.13,1853.72,446.26,464.93,555.26,109.9,166.22,203.92,91.85,143.03,268.41,122.06,190.1,290.85,3180.8,1683.56,473.22,81.45,243.2,1052.73,387.67,236.41,290.81,439.07,208.81,101.41,3546.14,232.14,131.0,134.69,39.06,55.14,98.2,273.92
20261005,10:46:50,49714.25,44539.67,26212.87,17104.49,124.13,1853.72,446.8,464.92,555.26,109.9,166.21,203.91,91.85,142.82,268.41,122.18,190.1,290.9,3177.73,1681.22,473.11,81.44,243.2,1052.75,387.67,236.41,290.82,439.05,208.81,101.41,3546.14,232.14,131.0,134.69,39.06,55.14,98.2,274.24
20261005,10:46:55,49749.16,44574.1,26210.37,17103.01,124.13,1853.72,446.8,464.92,555.21,109.9,166.22,203.92,91.85,142.82,268.41,122.16,189.96,290.89,3180.54,1683.5,473.22,81.44,243.19,1052.28,387.67,236.41,290.82,439.05,208.7,101.41,3545.77,232.14,131.0,134.72,39.06,55.14,98.2,274.22
20261005,10:47:00,49713.58,44538.63,26214.58,17105.17,124.07,1853.72,446.8,465.18,555.51,109.9,166.22,203.94,91.85,142.82,268.41,122.16,189.96,290.91,3177.63,1681.26,473.2,81.44,243.2,1052.26,387.92,236.41,290.81,439.05,208.81,101.41,3546.5,232.14,131.01,134.72,39.06,55.14,98.2,274.14
20261005,10:47:05,49714.14,44539.11,26214.93,17105.32,124.13,1853.35,446.89,464.92,555.51,109.9,166.22,203.92,91.85,142.82,268.41,122.15,189.96,290.91,3177.66,1681.11,472.99,81.46,243.32,1052.85,387.92,236.4,290.81,439.03,208.81,101.41,3546.56,232.14,131.01,134.66,39.06,55.14,98.2,274.17
20261005,10:47:10,49711.05,44538.28,26209.37,17106.26,124.13,1853.35,446.89,464.92,555.51,109.9,166.22,203.94,91.85,142.82,268.41,122.15,189.96,290.88,3177.57,1681.14,473.21,81.46,243.29,1052.36,387.94,236.4,290.81,439.03,208.81,101.41,3544.57,232.14,131.13,134.66,39.06,55.14,98.2,274.17
20261005,10:47:15,49708.76,44534.67,26212.93,17105.72,124.13,1853.35,446.8,464.92,555.52,109.9,166.21,203.9,91.85,142.82,268.41,122.15,189.96,290.88,3177.29,1680.95,473.11,81.46,243.29,1052.38,387.94,236.4,290.81,439.03,208.84,101.41,3545.83,232.14,131.13,134.66,39.06,55.14,98.2,274.16
20261005,10:47:20,49711.8,44537.67,26216.66,17110.14,124.13,1854.77,447.35,464.92,555.51,109.92,166.21,203.9,91.85,142.82,268.41,122.15,189.96,290.88,3177.43,1681.02,473.26,81.47,243.29,1052.33,387.94,236.4,290.81,439.03,208.84,101.41,3545.79,232.14,131.13,134.66,39.06,55.14,98.2,274.11
20261005,10:47:25,49741.45,44566.6,26214.73,17108.06,124.13,1854.7,447.35,464.85,555.49,109.99,166.01,203.87,91.69,142.82,268.41,122.15,189.96,290.84,3179.81,1683.11,472.97,81.47,243.29,1051.85,387.95,236.39,290.81,439.03,208.84,101.41,3545.76,232.14,131.13,134.66,39.06,55.15,98.2,274.14
20261005,10:47:30,49745.37,44570.42,26208.91,17101.37,124.13,1854.74,446.79,464.77,555.49,109.99,166.01,203.87,91.69,142.82,268.41,122.03,189.96,290.84,3180.28,1683.3,473.13,81.47,243.29,1052.21,387.95,236.4,290.82,439.03,208.84,101.41,3545.76,232.14,130.89,134.66,39.06,55.15,98.2,274.15
20261005,10:47:35,49743.88,44568.98,26209.52,17102.1,124.13,1853.32,446.79,464.77,555.49,109.99,166.01,203.87,91.69,142.82,268.29,122.03,189.96,290.84,3180.15,1683.23,473.01,81.47,243.29,1052.24,387.95,236.4,290.81,439.05,208.84,101.41,3545.75,232.46,131.01,134.66,39.01,55.15,98.2,274.15
20261005,10:47:40,49741.5,44566.57,26214.33,17107.37,124.14,1853.32,447.35,465.1,555.53,110.0,166.02,203.89,91.7,142.82,268.29,122.04,189.97,290.88,3179.83,1682.84,473.03,81.47,243.29,1052.71,387.59,236.4,290.81,439.1,208.85,101.41,3545.82,232.46,131.01,134.71,39.01,55.17,98.2,274.11
20261005,10:47:45,49702.3,44528.75,26212.86,17106.9,124.14,1853.26,447.42,464.85,555.53,110.0,166.02,203.89,91.7,142.82,268.29,122.04,189.97,290.88,3176.79,1680.52,472.92,81.46,243.29,1052.77,387.51,236.4,290.81,439.1,208.85,101.41,3545.49,232.14,131.01,134.71,39.01,55.15,98.2,274.11
20261005,10:47:50,49697.0,44524.22,26206.78,17102.03,124.14,1853.26,446.87,464.85,555.53,110.0,166.02,203.88,91.7,142.83,268.29,122.04,189.97,290.88,3176.54,1680.48,472.92,81.46,243.4,1052.18,387.52,236.4,290.82,439.18,208.84,101.41,3544.91,232.14,130.89,134.71,39.01,55.14,98.2,274.11
20261005,10:47:55,49698.82,44525.59,26212.28,17106.99,124.14,1853.26,447.42,464.85,555.53,110.0,166.02,203.88,91.7,142.83,268.29,122.04,189.97,290.88,3176.53,1680.56,473.13,81.46,242.83,1052.12,387.52,236.39,290.91,439.18,208.84,101.41,3545.28,232.14,131.01,134.71,39.01,55.15,98.2,274.11
20261005,10:48:00,49697.31,44524.13,26208.57,17102.77,124.08,1853.22,446.87,464.85,555.52,110.0,166.02,203.88,91.7,142.82,268.29,122.04,189.97,290.88,3176.52,1680.44,473.2,81.46,243.0,1052.22,387.52,236.39,290.9,439.18,208.84,101.41,3545.27,232.14,131.01,134.71,39.01,55.15,98.2,274.11
20261005,10:48:05,49697.83,44523.42,26212.12,17102.75,124.08,1854.64,446.79,464.92,555.52,110.0,166.02,203.88,91.7,142.82,268.29,122.04,189.97,290.88,3176.46,1680.51,472.91,81.46,243.0,1052.2,387.56,236.39,290.87,439.13,208.84,101.41,3546.38,232.14,131.01,134.71,39.01,55.15,98.2,274.11
20261005,10:48:10,49699.59,44525.88,26211.1,17104.1,124.08,1854.64,446.79,464.91,555.95,109.93,166.01,203.87,91.7,143.03,268.29,122.03,189.97,290.88,3176.62,1680.71,472.91,81.46,242.89,1052.09,387.56,236.39,290.87,439.13,208.84,101.41,3545.7,232.14,131.01,134.71,39.01,55.15,98.2,274.11
20261005,10:48:15,49696.83,44523.07,26208.7,17100.94,124.08,1854.64,446.25,464.91,555.95,109.93,166.01,203.89,91.69,143.03,268.29,122.15,189.97,290.88,3176.47,1680.56,472.91,81.46,242.89,1052.2,387.56,236.39,290.86,439.15,208.85,101.41,3545.81,232.14,131.01,134.71,39.01,55.15,98.2,274.11
20261005,10:48:20,49695.17,44521.83,26207.15,17100.41,124.08,1853.22,446.16,464.91,555.95,109.93,166.02,203.9,91.69,143.03,268.29,122.17,189.97,290.87,3176.39,1680.5,472.9,81.46,242.89,1052.21,387.56,236.39,290.85,439.12,208.86,101.41,3545.47,232.46,131.01,134.71,39.01,55.15,98.2,274.09
20261005,10:48:25,49696.99,44525.69,26204.52,17104.39,124.08,1853.22,446.7,464.9,555.95,109.92,166.02,203.9,91.69,143.03,268.29,122.17,189.97,290.87,3176.6,1680.62,472.85,81.46,243.12,1052.21,387.53,236.38,290.85,439.12,208.86,101.41,3543.56,232.46,131.01,134.71,39.01,55.15,98.2,274.11
20261005,10:48:30,49693.77,44522.55,26201.27,17100.65,124.14,1853.22,446.16,464.86,555.95,109.92,166.02,203.9,91.69,143.03,268.29,122.17,189.97,290.88,3176.44,1680.5,472.86,81.46,243.12,1052.16,387.53,236.38,290.86,439.12,208.87,101.41,3543.56,232.46,131.01,134.71,39.01,55.15,98.2,274.11
20261005,10:48:35,49734.23,44559.89,26207.23,17100.5,124.14,1853.24,446.25,464.86,555.89,109.92,166.02,203.9,91.69,142.82,268.29,122.17,189.97,290.88,3179.45,1682.85,472.76,81.47,243.12,1052.16,387.56,236.38,290.86,439.14,208.83,101.41,3545.47,232.46,131.01,134.71,39.01,55.15,98.2,274.11
20261005,10:48:40,49695.55,44524.28,26203.98,17103.76,124.14,1853.24,446.78,464.86,555.86,109.92,166.01,203.89,91.69,142.82,268.15,122.17,189.97,290.88,3176.5,1680.44,472.91,81.47,243.41,1052.18,387.57,236.38,290.86,439.17,208.87,101.41,3543.56,232.46,130.89,134.71,39.01,55.15,98.2,274.13
20261005,10:48:45,49732.71,44559.49,26203.19,17099.49,124.14,1853.24,446.24,464.7,555.86,109.92,166.01,203.87,91.69,142.82,268.15,122.17,189.97,290.88,3179.44,1682.88,472.85,81.44,243.41,1052.15,387.57,236.38,290.54,439.13,208.87,101.41,3544.47,232.46,130.89,134.71,39.01,55.15,98.2,274.12
20261005,10:48:50,49733.37,44561.0,26198.76,17097.32,124.01,1853.24,446.08,464.7,555.86,109.92,166.01,203.87,91.69,143.03,268.15,122.05,189.97,290.88,3179.62,1682.95,473.1,81.47,243.12,1052.25,387.57,236.38,290.59,439.09,208.87,101.41,3543.68,232.46,130.89,134.69,39.01,55.15,98.2,274.12
20261005,10:48:55,49694.43,44522.67,26200.16,17097.61,124.01,1853.3,446.17,464.57,555.86,109.92,166.0,203.87,91.68,143.03,268.15,122.03,189.97,290.88,3176.52,1680.52,473.17,81.47,243.12,1052.25,387.57,236.38,290.64,439.12,208.87,101.41,3544.04,232.46,130.89,134.69,39.01,55.15,98.2,274.12
20261005,10:49:00,49693.53,44521.75,26201.09,17098.56,124.01,1853.3,446.17,464.57,556.09,109.92,166.0,203.88,91.68,143.04,268.29,122.02,189.97,290.88,3176.43,1680.59,473.08,81.47,243.3,1051.76,387.57,236.38,290.61,439.11,208.87,101.41,3544.08,232.46,130.89,134.71,39.01,55.16,98.2,274.12
20261005,10:49:05,49692.07,44519.13,26202.23,17095.84,124.01,1853.3,446.17,464.57,556.08,109.9,165.79,203.86,91.52,142.82,268.41,121.99,189.97,290.9,3176.28,1680.47,473.47,81.47,242.88,1051.76,387.57,236.38,290.61,439.14,208.87,101.41,3545.17,232.46,130.89,134.69,39.01,55.16,98.2,274.12
20261005,10:49:10,49694.55,44521.55,26202.23,17095.83,124.01,1853.3,446.16,464.57,556.08,109.9,165.78,203.82,91.52,143.03,268.41,121.99,189.97,290.91,3176.47,1680.46,473.68,81.47,242.88,1051.62,387.57,236.38,290.92,439.14,208.86,101.41,3545.17,232.46,130.89,134.69,39.01,55.15,98.2,274.12
20261005,10:49:15,49698.5,44525.09,26203.96,17096.82,124.01,1853.3,446.16,464.57,556.08,109.9,165.78,203.82,91.52,143.03,268.41,122.13,189.97,290.91,3176.74,1680.68,473.41,81.47,243.13,1051.63,387.57,236.38,290.92,439.15,208.85,101.41,3545.44,232.46,130.89,134.71,39.01,55.15,98.2,274.13
20261005,10:49:20,49701.7,44527.94,26204.31,17096.33,124.01,1853.3,446.16,464.57,556.21,109.9,165.78,203.82,91.52,143.03,268.41,122.01,189.97,290.91,3176.98,1680.69,473.42,81.48,243.13,1052.14,387.51,236.38,290.92,439.15,208.81,101.41,3545.68,232.47,130.89,134.71,39.01,55.15,98.2,274.21
20261005,10:49:25,49697.37,44525.47,26198.84,17095.88,124.08,1853.4,446.16,464.57,556.2,109.9,165.78,203.81,91.52,143.03,268.41,122.0,189.97,290.91,3176.79,1680.65,473.46,81.5,242.89,1052.28,387.51,236.38,290.67,439.15,208.85,101.41,3544.1,232.47,130.78,134.71,39.01,55.15,98.2,274.21
20261005,10:49:30,49693.16,44521.34,26195.59,17092.04,124.08,1853.4,445.7,464.57,556.17,109.9,165.76,203.81,91.5,143.03,268.41,122.0,189.97,290.91,3176.55,1680.7,473.61,81.48,243.0,1051.55,387.48,236.38,290.53,439.14,208.85,101.41,3544.13,232.47,130.77,134.71,39.01,55.15,98.2,274.19
20261005,10:49:35,49690.85,44521.43,26193.58,17097.57,124.08,1853.4,446.25,464.57,556.17,109.9,165.76,203.79,91.5,143.03,268.41,122.13,189.97,290.93,3176.42,1680.71,473.61,81.48,242.87,1051.37,387.51,236.38,290.49,439.14,208.82,101.41,3542.0,232.47,130.88,134.71,39.01,55.15,98.2,274.21
20261005,10:49:40,49697.44,44527.44,26196.72,17099.79,124.08,1853.4,446.71,464.57,555.86,109.98,165.76,203.81,91.5,143.03,268.41,122.13,189.97,290.93,3176.85,1680.57,473.69,81.59,243.11,1052.3,387.51,236.38,290.49,439.2,208.82,101.41,3542.37,232.14,130.88,134.71,39.01,55.15,98.2,274.23
20261005,10:49:45,49696.31,44524.08,26203.34,17099.85,124.14,1853.4,446.71,464.57,555.85,109.98,165.76,203.81,91.5,143.03,268.41,122.13,189.97,290.92,3176.58,1680.5,473.78,81.58,242.9,1052.02,387.33,236.36,290.49,439.2,208.82,101.41,3544.42,232.14,130.88,134.71,39.01,55.15,98.2,274.21
20261005,10:49:50,49699.04,44526.43,26202.52,17097.88,123.95,1853.4,446.7,464.57,555.85,109.98,165.76,203.81,91.5,143.03,268.41,122.13,189.97,290.92,3176.82,1680.62,473.78,81.56,243.01,1052.13,387.33,236.36,290.5,439.16,208.8,101.41,3544.7,232.14,130.77,134.69,39.01,55.15,98.2,274.2
20261005,10:49:55,49701.84,44529.17,26202.7,17098.1,123.95,1853.4,446.7,464.83,555.85,109.98,165.77,203.84,91.5,142.82,268.41,122.13,190.02,290.92,3177.03,1680.59,473.78,81.53,243.19,1052.66,387.3,236.36,290.49,439.2,208.8,101.41,3544.7,232.14,130.77,134.69,39.01,55.15,98.2,274.2
20261005,10:50:00,49740.28,44566.91,26205.14,17101.9,123.95,1853.4,447.24,464.83,555.85,109.9,165.78,203.87,91.5,142.82,268.41,122.13,190.02,290.92,3179.98,1683.06,473.77,81.55,242.95,1052.26,387.33,236.36,290.49,439.2,208.8,101.41,3544.43,232.14,130.77,134.69,39.01,55.15,98.2,274.2
20261005,10:50:05,49699.4,44527.62,26204.83,17103.34,124.08,1854.82,447.24,464.5,555.85,109.9,165.78,203.88,91.5,143.03,268.41,122.0,190.02,290.94,3176.78,1680.67,473.78,81.55,242.65,1052.26,387.32,236.36,290.49,439.2,208.83,101.41,3543.94,232.14,130.88,134.69,39.01,55.15,98.2,274.2
20261005,10:50:10,49699.51,44528.11,26200.75,17099.89,124.08,1854.82,446.78,464.5,555.85,109.9,165.78,203.88,91.51,143.03,268.41,122.0,190.02,290.91,3176.91,1680.78,473.79,81.52,242.65,1052.22,387.32,236.36,290.5,439.19,208.83,101.41,3543.6,232.14,130.88,134.69,39.01,55.15,98.2,274.2
20261005,10:50:15,49696.65,44526.28,26197.04,17098.86,124.08,1854.57,446.78,464.63,555.85,109.88,165.78,203.88,91.51,143.03,268.41,122.0,190.02,290.91,3176.78,1680.77,473.68,81.55,242.65,1052.05,387.32,236.36,290.49,439.19,208.72,101.41,3542.73,232.14,130.88,134.71,39.01,55.15,98.2,274.2
20261005,10:50:20,49694.06,44523.38,26198.94,17099.79,124.08,1854.57,446.78,464.63,555.85,109.88,165.78,203.86,91.51,143.03,268.41,122.0,190.02,290.91,3176.53,1680.66,473.69,81.56,242.63,1051.73,387.55,236.36,290.5,439.16,208.83,101.41,3543.07,232.14,130.88,134.71,39.01,55.15,98.2,274.18
20261005,10:50:25,49695.05,44524.27,26199.44,17100.12,124.07,1853.15,446.78,464.63,555.85,109.88,165.78,203.86,91.51,143.03,268.41,122.12,190.02,290.91,3176.59,1680.63,473.85,81.54,242.64,1051.83,387.55,236.36,290.5,439.16,208.86,101.41,3543.14,232.14,130.88,134.69,39.01,55.15,98.2,274.18
20261005,10:50:30,49693.01,44524.47,26192.96,17099.99,124.07,1854.57,446.78,464.7,555.71,109.88,165.78,203.86,91.51,142.82,268.41,122.12,190.02,290.91,3176.61,1680.54,473.94,81.56,242.76,1051.91,387.57,236.36,290.5,439.14,208.86,101.41,3541.14,232.14,130.88,134.69,39.01,55.15,98.2,274.18
20261005,10:50:35,49693.42,44524.86,26195.89,17103.32,124.07,1853.15,447.33,464.7,555.71,109.88,165.77,203.84,91.51,142.82,268.41,122.12,190.02,290.9,3176.56,1680.6,473.8,81.56,242.89,1051.63,387.58,236.37,290.5,439.13,208.86,101.39,3541.15,232.14,130.88,134.69,39.01,55.15,98.2,274.18
20261005,10:50:40,49694.24,44524.77,26194.05,17098.23,124.07,1853.15,446.78,464.7,555.71,109.88,165.77,203.82,91.51,142.81,268.41,122.12,190.02,290.88,3176.68,1680.79,473.79,81.56,242.64,1051.57,387.58,236.37,290.5,439.13,208.84,101.39,3541.96,232.14,130.77,134.68,39.01,55.15,98.2,274.22
20261005,10:50:45,49694.31,44525.63,26191.81,17098.31,124.07,1853.15,446.78,464.7,555.71,109.88,165.77,203.84,91.51,142.81,268.41,122.12,190.02,290.88,3176.74,1680.63,473.74,81.56,242.82,1052.14,387.33,236.38,290.5,439.13,208.84,101.39,3541.24,232.14,130.77,134.68,39.01,55.14,98.2,274.24
20261005,10:50:50,49691.88,44523.27,26192.3,17098.87,124.07,1854.57,446.78,464.7,555.71,109.88,165.77,203.82,91.51,142.81,268.41,122.12,190.02,290.86,3176.54,1680.64,473.72,81.54,242.82,1051.7,387.26,236.38,290.51,439.13,208.84,101.39,3541.24,232.14,130.77,134.68,39.01,55.16,98.2,274.24
20261005,10:50:55,49693.47,44523.98,26194.92,17099.07,124.07,1854.57,446.77,464.7,555.94,109.88,165.77,203.84,91.51,142.81,268.29,122.12,190.05,290.86,3176.59,1680.55,473.67,81.53,242.82,1051.74,387.26,236.38,290.83,439.06,208.81,101.39,3542.01,232.14,130.77,134.68,39.01,55.16,98.2,274.24
20261005,10:51:00,49698.9,44529.27,26194.49,17098.57,124.07,1854.57,446.77,464.7,555.94,109.88,165.76,203.84,91.49,142.81,268.29,122.12,190.05,290.88,3177.03,1680.7,473.61,81.5,242.93,1052.34,387.26,236.14,290.83,438.96,208.7,101.39,3542.01,232.14,130.88,134.68,39.01,55.15,98.2,274.24
20261005,10:51:05,49740.75,44570.26,26193.84,17098.57,124.07,1853.15,446.85,464.37,555.94,109.88,165.78,203.84,91.51,142.81,268.29,122.12,190.05,290.86,3180.33,1683.27,473.55,81.5,242.82,1052.34,387.26,236.14,290.92,438.96,208.71,101.39,3541.81,232.14,130.88,134.68,39.01,55.14,98.2,274.27
20261005,10:51:10,49699.0,44529.36,26192.21,17095.95,124.07,1853.14,446.31,464.37,555.95,109.89,165.77,203.82,91.51,142.81,268.29,122.12,190.05,290.86,3177.1,1680.83,473.62,81.5,243.07,1051.88,387.26,236.14,290.92,438.96,208.86,101.39,3542.01,232.14,130.88,134.68,39.01,55.16,98.2,274.22
20261005,10:51:15,49696.68,44528.16,26187.29,17093.84,124.07,1853.14,446.14,464.37,555.95,109.89,165.78,203.85,91.51,142.81,268.29,122.12,190.0,290.88,3177.06,1680.76,473.68,81.5,242.94,1052.43,387.26,236.14,290.61,438.96,208.86,101.39,3541.04,232.14,130.77,134.68,39.01,55.14,98.2,274.27
20261005,10:51:20,49697.2,44528.42,26192.48,17099.01,124.07,1853.15,446.69,464.37,556.25,109.89,165.78,203.88,91.51,142.81,268.29,122.12,190.0,290.92,3176.95,1680.64,473.69,81.5,242.93,1052.47,387.59,236.14,290.62,438.94,208.86,101.39,3541.26,232.14,130.77,134.68,39.01,55.14,98.2,274.27
20261005,10:51:25,49696.08,44527.51,26194.7,17102.15,124.07,1853.17,447.23,464.38,556.02,109.9,165.78,203.92,91.49,142.81,268.29,122.12,190.0,290.91,3176.8,1680.77,473.63,81.51,242.94,1051.76,387.59,236.14,290.62,438.93,208.86,101.39,3541.1,232.14,130.77,134.69,39.01,55.14,98.2,274.27
20261005,10:51:30,49693.76,44524.09,26196.52,17100.36,124.07,1853.17,447.23,464.45,556.03,109.9,165.78,203.94,91.49,142.81,268.29,122.0,190.0,290.89,3176.57,1680.63,473.65,81.51,242.83,1051.74,387.59,236.14,290.62,438.93,208.71,101.39,3542.16,232.14,130.77,134.79,39.01,55.14,98.2,274.27
20261005,10:51:35,49700.37,44528.44,26205.26,17103.39,124.07,1853.17,447.77,464.45,556.03,109.9,165.78,203.91,91.49,142.81,268.29,122.01,190.0,290.89,3176.85,1680.76,473.85,81.52,242.65,1051.94,387.59,236.14,290.61,438.94,208.71,101.39,3544.06,232.14,130.65,134.79,39.01,55.14,98.2,274.27
20261005,10:51:40,49702.44,44528.19,26209.09,17100.25,124.07,1853.17,447.23,464.28,556.03,109.9,165.79,203.95,91.49,142.81,268.29,122.14,190.0,290.89,3176.9,1680.66,473.74,81.5,243.31,1051.93,387.59,236.14,290.61,438.94,208.72,101.39,3546.12,232.14,130.65,134.79,39.01,55.14,98.2,274.27
20261005,10:51:45,49702.06,44530.14,26201.85,17099.65,124.07,1853.17,447.23,464.36,556.1,109.9,165.78,203.93,91.49,142.81,268.29,122.12,190.0,290.93,3177.07,1680.6,473.75,81.53,243.31,1052.42,387.92,236.14,290.61,438.99,208.72,101.39,3544.02,232.14,130.53,134.79,39.01,55.14,98.2,274.26
20261005,10:51:50,49698.98,44529.1,26200.09,17104.22,124.07,1854.59,447.78,464.29,556.1,109.9,165.78,203.93,91.49,142.81,268.29,122.13,190.0,290.94,3176.88,1680.57,473.81,81.5,243.13,1052.02,387.92,236.14,290.74,438.99,208.72,101.39,3542.23,232.14,130.53,134.79,39.01,55.14,98.2,274.27
20261005,10:51:55,49698.54,44527.18,26203.9,17103.59,124.07,1853.17,447.78,464.28,556.1,109.9,165.77,203.9,91.49,142.81,268.29,122.13,190.0,290.94,3176.74,1680.65,473.74,81.5,243.13,1051.57,387.59,236.14,290.75,438.99,208.72,101.39,3543.58,232.14,130.53,134.79,39.01,55.14,98.2,274.27
20261005,10:52:00,49698.48,44527.13,26201.16,17100.48,124.07,1853.17,447.23,464.3,556.1,109.88,165.81,204.03,91.49,142.81,268.29,122.13,190.0,290.94,3176.81,1680.69,473.7,81.52,243.19,1051.52,387.92,236.14,290.75,438.76,208.72,101.39,3543.57,232.14,130.65,134.81,39.01,55.14,98.2,274.27
20261005,10:52:05,49697.41,44526.48,26202.39,17103.22,124.07,1853.17,447.77,464.3,556.05,109.89,165.8,204.02,91.49,142.81,268.29,122.13,190.0,290.95,3176.69,1680.68,473.72,81.49,243.19,1051.28,387.92,236.14,290.75,438.76,208.73,101.39,3543.21,232.14,130.53,134.79,39.01,55.14,98.2,274.23
20261005,10:52:10,49705.96,44534.43,26199.28,17098.37,123.94,1853.17,447.23,464.3,555.86,109.89,165.8,204.02,91.49,142.81,268.29,122.13,190.14,290.96,3177.45,1680.89,473.63,81.53,243.19,1052.04,387.92,236.14,291.07,438.74,208.72,101.39,3543.56,232.07,130.53,134.79,39.01,55.16,98.2,274.22
20261005,10:52:15,49702.07,44530.97,26203.29,17104.07,124.07,1853.17,447.84,464.3,555.86,109.81,165.8,204.01,91.49,142.81,268.29,122.13,190.14,291.0,3177.04,1680.89,473.73,81.53,243.01,1051.18,387.92,236.14,291.02,438.74,208.72,101.39,3543.26,232.07,130.65,134.79,39.01,55.16,98.2,274.23
20261005,10:52:20,49702.67,44531.55,26204.38,17105.32,124.07,1853.17,447.85,464.3,555.8,109.81,165.8,204.02,91.49,142.81,268.29,122.15,190.0,290.99,3177.05,1680.72,473.73,81.52,243.13,1051.63,387.93,236.15,291.03,438.74,208.87,101.39,3543.26,232.07,130.65,134.79,39.01,55.17,98.2,274.21
20261005,10:52:25,49703.16,44534.51,26199.7,17108.22,123.94,1853.17,448.31,464.3,555.86,109.81,165.8,204.02,91.49,142.81,268.17,122.14,190.0,290.99,3177.22,1680.77,473.84,81.53,243.17,1051.72,387.93,236.15,291.04,438.74,208.87,101.39,3541.02,232.06,130.65,134.76,39.01,55.17,98.2,274.18
20261005,10:52:30,49698.65,44530.22,26198.45,17107.17,123.94,1853.17,448.31,464.3,555.86,109.81,165.81,204.04,91.49,142.81,268.17,122.14,189.85,291.0,3176.9,1680.71,473.95,81.5,242.99,1051.23,387.93,236.15,291.04,438.74,208.87,101.39,3540.91,232.06,130.53,134.76,39.01,55.17,98.2,274.18
20261005,10:52:35,49701.68,44533.1,26197.34,17105.64,123.94,1853.17,447.77,464.38,555.86,109.89,166.0,204.04,91.65,142.81,268.17,122.14,189.85,291.0,3177.17,1680.91,473.93,81.53,242.99,1051.22,387.93,236.15,291.05,438.69,208.87,101.39,3540.98,232.06,130.53,134.78,39.02,55.17,98.2,274.18
20261005,10:52:40,49702.65,44534.23,26199.5,17108.75,124.07,1853.17,448.31,464.38,555.86,109.89,166.0,204.01,91.65,142.81,268.17,122.14,189.85,290.97,3177.19,1680.91,473.97,81.53,242.99,1051.22,387.93,236.15,291.05,438.69,208.76,101.39,3540.81,232.06,130.53,134.78,39.02,55.17,98.2,274.18
20261005,10:52:45,49702.74,44534.97,26197.56,17108.7,124.07,1853.17,448.32,464.39,555.86,109.89,165.99,203.99,91.65,142.81,268.17,122.14,189.85,290.98,3177.25,1680.9,473.9,81.53,243.28,1051.22,387.93,236.15,291.04,438.63,208.76,101.39,3540.21,232.06,130.53,134.78,39.02,55.17,98.2,274.2
20261005,10:52:50,49698.17,44530.3,26198.8,17109.4,124.07,1853.17,448.41,464.39,555.83,109.89,166.0,204.05,91.65,142.82,268.17,122.14,189.82,290.95,3176.85,1680.66,473.78,81.53,243.1,1051.69,387.93,236.4,290.73,438.69,208.76,101.39,3540.41,232.06,130.53,134.78,39.02,55.17,98.2,274.2
20261005,10:52:55,49702.14,44534.33,26198.61,17109.71,124.07,1853.17,448.4,464.39,555.83,109.89,166.01,204.08,91.65,143.02,268.17,122.14,189.82,290.95,3177.17,1680.77,473.78,81.53,243.26,1051.58,387.93,236.4,291.04,438.69,208.76,101.39,3540.27,232.06,130.53,134.78,39.02,55.17,98.2,274.2
20261005,10:53:00,49697.13,44529.9,26193.43,17105.24,124.07,1853.17,447.77,464.39,555.83,109.89,166.01,204.08,91.65,143.02,268.35,122.12,189.82,290.97,3176.92,1680.77,473.76,81.53,243.15,1051.11,387.91,236.4,291.04,438.68,208.76,101.39,3539.86,232.06,130.53,134.78,39.02,55.19,98.2,274.2
20261005,10:53:05,49708.28,44537.73,26205.4,17108.88,124.07,1853.17,448.3,464.39,555.83,109.89,166.01,204.06,91.65,143.02,268.35,122.12,189.83,291.0,3177.46,1680.78,473.85,81.53,243.15,1051.87,387.91,236.4,291.36,438.68,208.73,101.39,3542.62,232.06,130.53,134.79,39.02,55.19,98.2,274.19
20261005,10:53:10,49707.02,44536.8,26198.73,17102.19,124.07,1853.17,447.76,464.39,555.9,109.89,166.01,204.06,91.65,142.81,268.35,122.12,189.83,291.0,3177.55,1680.77,473.98,81.55,243.15,1051.92,387.91,236.4,291.36,438.62,208.55,101.39,3542.35,232.06,130.53,134.79,39.02,55.19,98.2,273.89
20261005,10:53:15,49699.65,44534.56,26183.96,17101.74,124.07,1853.17,447.69,464.39,555.93,109.89,166.01,204.07,91.65,142.81,268.35,122.12,189.87,290.98,3177.38,1680.8,473.96,81.56,243.12,1051.86,387.91,236.4,291.04,438.6,208.55,101.39,3537.85,232.06,130.53,134.79,39.02,55.19,98.2,273.89
20261005,10:53:20,49700.91,44535.41,26186.57,17103.5,124.07,1853.17,447.78,464.39,556.28,109.89,166.01,204.08,91.65,142.81,268.35,122.12,189.87,290.98,3177.41,1680.69,473.92,81.52,243.12,1052.36,387.91,236.39,291.05,438.61,208.55,101.39,3538.19,232.06,130.53,134.79,39.02,55.19,98.2,273.87
20261005,10:53:25,49705.4,44540.01,26185.17,17102.63,124.07,1853.17,447.77,464.39,555.93,109.89,166.01,204.11,91.65,142.81,268.35,122.11,189.87,290.98,3177.8,1680.96,474.03,81.52,243.12,1052.33,387.93,236.39,291.05,438.61,208.58,101.4,3537.99,232.05,130.53,134.79,39.02,55.19,98.2,273.87
20261005,10:53:30,49703.11,44537.14,26186.55,17102.09,124.01,1851.75,447.78,464.56,555.93,109.89,166.01,204.11,91.65,142.81,268.35,122.11,189.87,290.98,3177.58,1680.91,474.04,81.52,243.13,1051.9,387.93,236.41,291.09,438.59,208.58,101.4,3538.57,232.05,130.53,134.79,39.02,55.19,98.2,273.86
20261005,10:53:35,49702.28,44536.97,26183.97,17101.28,124.01,1851.17,447.78,464.23,555.93,109.88,166.04,204.1,91.67,142.81,268.35,122.11,189.83,290.96,3177.59,1680.93,473.95,81.53,243.15,1051.91,387.93,236.41,291.1,438.59,208.55,101.4,3537.99,232.05,130.53,134.79,39.02,55.19,98.2,273.87
20261005,10:53:40,49696.97,44532.65,26181.53,17101.28,123.88,1851.17,447.78,464.48,555.91,109.88,166.05,204.12,91.67,142.81,268.35,122.11,189.83,290.96,3177.24,1680.92,473.93,81.5,243.15,1051.21,387.93,236.41,291.09,438.59,208.58,101.4,3537.22,232.05,130.53,134.78,39.02,55.17,98.2,273.87
20261005,10:53:45,49738.23,44572.37,26183.13,17101.54,124.0,1851.17,447.78,464.48,555.91,109.88,166.04,204.1,91.67,142.81,268.35,122.11,189.83,290.96,3180.43,1683.2,473.82,81.5,243.15,1051.87,387.93,236.41,291.09,438.61,208.57,101.4,3537.65,232.05,130.53,134.78,39.02,55.17,98.2,273.87
20261005,10:53:50,49740.1,44575.41,26179.13,17101.04,123.87,1851.17,447.78,464.11,555.91,109.88,166.03,204.08,91.67,143.02,268.47,122.14,189.83,290.93,3180.69,1683.27,474.06,81.58,243.14,1051.87,387.91,236.41,291.09,438.6,208.56,101.4,3536.54,232.05,130.53,134.78,39.02,55.17,98.2,273.86
20261005,10:53:55,49701.11,44537.87,26176.61,17099.65,124.0,1851.17,447.78,464.09,555.86,109.88,166.03,204.08,91.67,143.02,268.47,122.02,189.87,290.93,3177.7,1680.94,473.91,81.56,242.96,1052.28,387.93,236.41,291.09,438.53,208.57,101.4,3536.13,232.05,130.41,134.78,39.02,55.17,98.2,273.92
20261005,10:54:00,49702.31,44538.8,26178.38,17100.83,124.0,1851.17,447.77,464.59,555.8,109.88,166.03,204.08,91.67,142.81,268.47,122.02,189.87,290.95,3177.74,1681.09,474.01,81.58,242.96,1051.82,387.93,236.41,291.09,438.61,208.57,101.4,3536.36,232.05,130.41,134.78,39.02,55.18,98.2,274.22
20261005,10:54:05,49739.27,44575.04,26177.19,17100.25,124.06,1851.2,447.77,464.59,555.68,109.88,166.03,204.08,91.67,142.81,268.47,122.02,189.87,290.94,3180.68,1683.15,473.8,81.57,243.21,1052.43,387.9,236.41,291.09,438.61,208.54,101.4,3536.15,232.05,130.41,134.76,39.02,55.18,98.2,274.22
20261005,10:54:10,49694.12,44531.05,26172.45,17094.79,123.93,1851.2,447.23,464.34,555.68,109.88,166.03,204.06,91.67,142.81,268.47,122.02,189.87,290.94,3177.26,1680.78,473.81,81.6,242.96,1051.8,387.9,236.42,291.09,438.54,208.57,101.4,3536.15,232.05,130.29,134.79,39.02,55.16,98.2,274.23
20261005,10:54:15,49695.72,44532.86,26172.83,17096.07,124.06,1851.2,447.23,464.16,555.68,109.88,166.02,204.05,91.66,142.81,268.47,122.14,189.89,290.94,3177.38,1680.88,473.81,81.57,242.96,1051.81,387.9,236.42,291.09,438.53,208.57,101.4,3535.92,232.05,130.29,134.81,39.02,55.16,98.2,274.34
20261005,10:54:20,49692.64,44529.86,26170.81,17093.76,124.06,1851.2,447.14,464.24,555.36,109.88,166.03,204.08,91.66,142.81,268.47,122.02,189.89,290.94,3177.19,1680.81,473.78,81.57,242.94,1051.68,387.9,236.42,291.08,438.56,208.53,101.4,3535.92,232.05,130.29,134.81,39.02,55.18,98.2,274.39
20261005,10:54:25,49695.86,44532.99,26174.53,17098.04,124.06,1851.2,447.68,464.16,555.22,109.88,166.03,204.06,91.66,142.81,268.47,122.02,189.89,290.94,3177.34,1680.83,473.81,81.57,242.93,1051.98,387.93,236.42,291.03,438.58,208.53,101.4,3535.92,232.05,130.41,134.81,39.02,55.18,98.2,274.39
20261005,10:54:30,49736.96,44572.13,26176.22,17096.94,123.93,1851.2,447.68,464.16,555.19,109.88,166.03,204.06,91.66,142.81,268.47,122.01,189.89,290.94,3180.52,1683.39,473.9,81.57,242.95,1051.54,387.9,236.42,291.04,438.58,208.56,101.4,3536.74,232.05,130.29,134.81,39.02,55.18,98.2,274.39
20261005,10:54:35,49736.0,44571.41,26171.64,17092.41,123.93,1851.2,447.14,464.16,555.19,109.88,166.02,204.05,91.66,142.81,268.47,122.01,189.89,290.91,3180.58,1683.43,473.85,81.59,242.95,1051.54,387.92,236.42,291.04,438.56,208.52,101.4,3536.54,232.05,130.29,134.81,39.02,55.18,98.2,274.39
20261005,10:54:40,49693.83,44530.5,26174.78,17096.6,123.93,1851.2,447.68,464.16,555.19,109.88,166.02,204.08,91.66,142.81,268.47,122.01,189.89,290.91,3177.18,1680.82,473.85,81.62,242.93,1051.48,387.92,236.42,291.04,438.56,208.63,101.4,3536.38,232.05,130.29,134.81,39.02,55.18,98.2,274.09
20261005,10:54:45,49697.79,44534.94,26169.4,17092.38,123.8,1851.2,447.14,464.24,555.19,109.88,166.03,204.09,91.66,142.59,268.47,122.01,189.89,290.92,3177.64,1680.94,474.17,81.63,242.92,1051.84,388.0,236.42,291.04,438.63,208.67,101.4,3535.85,232.05,130.29,134.8,39.02,55.18,98.2,274.05
20261005,10:54:50,49691.72,44528.7,26171.21,17093.35,123.8,1851.2,447.14,464.24,555.19,109.88,166.03,204.11,91.66,142.59,268.47,122.01,189.89,290.94,3177.11,1680.92,474.23,81.6,243.17,1050.43,388.0,236.42,291.05,438.63,208.67,101.4,3536.15,232.05,130.41,134.8,39.02,55.18,98.2,274.05
20261005,10:54:55,49688.67,44526.42,26169.64,17093.85,123.93,1851.2,447.14,464.5,555.42,109.88,166.03,204.12,91.66,142.81,268.47,122.01,189.85,290.99,3176.91,1680.92,474.12,81.63,242.75,1050.43,387.93,236.42,291.05,438.64,208.52,101.4,3535.52,232.05,130.42,134.8,39.02,55.18,98.2,274.06
20261005,10:55:00,49689.84,44527.63,26172.32,17097.15,123.8,1851.2,447.68,464.5,555.42,109.8,166.03,204.12,91.66,142.81,268.47,122.01,189.85,290.96,3176.93,1680.82,474.03,81.62,242.99,1050.48,388.25,236.17,291.14,438.64,208.52,101.4,3535.46,232.05,130.42,134.8,39.02,55.18,98.2,274.06
20261005,10:55:05,49690.77,44528.75,26171.53,17096.98,123.8,1851.2,447.68,464.16,555.42,109.88,166.03,204.12,91.66,142.81,268.47,122.01,189.89,290.94,3177.03,1680.87,474.04,81.62,242.99,1050.49,388.55,236.16,291.15,438.64,208.52,101.4,3535.26,232.01,130.42,134.8,39.02,55.18,98.2,274.06
20261005,10:55:10,49690.91,44528.16,26172.91,17096.14,123.8,1851.2,447.6,464.16,555.47,109.88,166.04,204.14,91.66,142.59,268.47,122.01,189.89,290.94,3177.0,1680.93,474.02,81.62,242.74,1050.49,388.6,236.16,291.15,438.61,208.52,101.4,3535.92,231.96,130.42,134.78,39.02,55.18,98.2,274.06
20261005,10:55:15,49691.88,44529.61,26173.47,17098.46,123.93,1851.2,447.68,464.28,555.48,109.88,166.04,204.14,91.66,142.59,268.47,122.01,189.89,290.94,3177.06,1680.82,474.05,81.62,242.86,1050.45,388.57,236.16,291.46,438.61,208.66,101.4,3535.47,231.96,130.41,134.78,39.02,55.18,98.2,274.06
20261005,10:55:20,49692.12,44529.62,26173.5,17097.76,123.93,1851.2,447.68,464.28,555.48,109.88,166.04,204.15,91.66,142.59,268.47,122.01,189.92,290.94,3177.08,1680.89,474.05,81.59,242.74,1050.46,388.35,236.16,291.46,438.6,208.68,101.4,3535.67,231.96,130.29,134.78,39.02,55.18,98.2,274.06
20261005,10:55:25,49686.54,44523.78,26169.62,17091.91,123.93,1851.2,447.15,464.28,555.48,109.88,166.04,204.15,91.66,142.59,268.47,121.99,189.92,290.94,3176.75,1680.78,474.05,81.64,242.74,1050.47,388.35,236.16,291.05,438.66,208.42,101.4,3536.04,231.96,130.29,134.68,39.02,55.18,98.2,274.36
20261005,10:55:30,49687.97,44524.91,26167.09,17088.16,123.93,1851.2,446.59,464.28,555.48,109.88,166.04,204.15,91.66,142.59,268.47,122.01,189.92,290.96,3176.93,1680.99,474.07,81.63,242.77,1050.2,388.35,236.16,291.05,438.64,208.42,101.4,3536.27,231.96,130.29,134.68,39.02,55.18,98.2,274.41
20261005,10:55:35,49682.99,44519.83,26163.57,17083.33,123.93,1851.2,445.8,464.41,555.48,109.88,166.04,204.15,91.66,142.6,268.47,122.13,189.92,290.96,3176.64,1680.94,474.06,81.62,242.77,1049.69,388.35,236.44,291.05,438.62,208.43,101.4,3536.49,231.96,130.29,134.68,39.02,55.18,98.2,274.41
20261005,10:55:40,49682.31,44519.74,26165.73,17087.74,123.93,1851.2,446.34,464.41,555.48,109.88,166.05,204.15,91.66,142.6,268.47,122.01,189.92,290.93,3176.52,1680.83,473.96,81.61,242.77,1049.89,388.35,236.44,291.04,438.62,208.57,101.4,3535.96,231.96,130.29,134.68,39.02,55.18,98.2,274.36
20261005,10:55:45,49685.03,44523.43,26160.42,17085.11,123.93,1851.2,446.33,464.41,555.48,109.88,166.04,204.14,91.66,142.6,268.47,122.01,189.92,290.91,3176.88,1680.94,473.98,81.6,242.79,1050.38,388.35,236.44,291.05,438.62,208.41,101.4,3535.01,231.96,130.17,134.68,39.02,55.18,98.2,274.34
20261005,10:55:50,49681.7,44520.19,26164.5,17089.81,123.93,1851.2,446.88,464.41,555.48,109.88,166.03,204.1,91.66,142.81,268.47,122.01,189.92,290.9,3176.51,1680.81,474.01,81.63,242.79,1049.82,388.35,236.44,291.05,438.62,208.42,101.4,3535.01,232.28,130.17,134.68,39.02,55.18,98.2,274.34
20261005,10:55:55,49721.71,44559.17,26165.64,17091.13,123.93,1851.2,446.96,464.41,555.55,109.88,166.06,204.18,91.67,142.81,268.47,122.01,189.92,290.9,3179.62,1683.25,473.94,81.62,242.78,1049.79,388.35,236.46,291.05,438.61,208.41,101.4,3535.01,232.28,130.17,134.78,39.02,55.18,98.21,274.34
20261005,10:56:00,49685.5,44521.7,26172.5,17091.68,123.93,1851.2,446.88,464.41,555.55,109.8,166.07,204.2,91.67,142.81,268.47,122.0,189.92,290.93,3176.59,1680.71,473.96,81.64,243.2,1049.97,388.35,236.46,291.04,438.61,208.56,101.4,3537.01,232.28,130.17,134.78,39.02,55.15,98.21,274.36
20261005,10:56:05,49685.14,44521.43,26168.62,17087.47,123.93,1851.38,446.34,464.49,555.55,109.8,166.06,204.18,91.67,142.6,268.47,122.0,189.92,290.93,3176.67,1680.68,473.96,81.64,242.95,1050.47,388.35,236.43,291.04,438.55,208.56,101.4,3536.94,232.28,130.17,134.78,39.02,55.15,98.21,274.36
20261005,10:56:10,49683.4,44520.18,26167.29,17087.41,123.8,1852.8,446.34,464.49,555.55,109.8,166.05,204.14,91.67,142.6,268.47,122.0,189.92,290.93,3176.57,1680.82,473.96,81.64,242.95,1049.85,388.35,236.44,290.99,438.55,208.56,101.4,3536.54,232.28,130.17,134.78,39.02,55.13,98.21,274.37
20261005,10:56:15,49682.4,44519.14,26172.13,17092.79,123.8,1852.8,446.96,464.49,555.55,109.8,166.06,204.18,91.67,142.6,268.35,122.12,189.93,290.89,3176.35,1680.66,473.96,81.64,242.95,1049.84,388.35,236.41,290.99,438.55,208.57,101.4,3536.59,232.28,130.17,134.75,39.02,55.13,98.21,274.39
20261005,10:56:20,49681.12,44520.15,26164.7,17091.8,123.8,1852.8,446.96,464.24,555.55,109.8,166.07,204.19,91.67,142.81,268.35,122.12,189.93,290.87,3176.46,1680.77,473.92,81.65,242.97,1049.72,388.35,236.41,291.03,438.53,208.57,101.4,3534.54,232.28,130.05,134.75,39.02,55.13,98.21,274.39
20261005,10:56:25,49679.47,44518.79,26163.24,17090.97,123.8,1852.73,446.88,464.24,555.52,109.8,166.06,204.18,91.67,142.81,268.35,122.12,189.89,290.87,3176.37,1680.66,473.93,81.66,242.97,1049.84,388.35,236.42,291.03,438.53,208.57,101.4,3534.3,232.28,130.05,134.75,39.02,55.13,98.21,274.39
20261005,10:56:30,49683.94,44523.07,26164.23,17091.87,123.8,1852.73,446.88,464.24,555.52,109.8,166.06,204.17,91.67,142.81,268.35,122.12,189.89,290.87,3176.69,1680.84,473.94,81.67,242.79,1050.13,388.35,236.42,291.07,438.53,208.57,101.4,3534.37,232.28,130.17,134.75,39.02,55.13,98.21,274.39
20261005,10:56:35,49682.06,44521.65,26162.95,17091.74,123.8,1852.73,446.88,464.24,555.52,109.8,166.06,204.17,91.67,142.6,268.47,122.12,189.89,290.87,3176.58,1680.81,473.94,81.67,242.79,1049.96,388.02,236.42,291.09,438.59,208.57,101.4,3534.01,232.28,130.17,134.75,39.02,55.13,98.21,274.39
20261005,10:56:40,49678.25,44518.29,26161.1,17090.79,123.8,1852.73,446.88,464.31,555.47,109.8,166.06,204.17,91.67,142.6,268.47,122.14,189.89,290.88,3176.33,1680.74,473.93,81.66,242.79,1050.04,388.02,236.42,290.78,438.59,208.57,101.32,3533.69,232.28,130.05,134.75,39.02,55.12,98.21,274.39
20261005,10:56:45,49678.76,44518.68,26161.26,17090.65,123.8,1852.73,446.97,464.11,555.47,109.8,166.06,204.18,91.67,142.6,268.47,122.14,189.92,290.89,3176.37,1680.73,474.06,81.65,242.79,1050.01,388.02,236.42,290.78,438.56,208.42,101.32,3533.77,232.28,130.17,134.75,39.02,55.1,98.21,274.39
20261005,10:56:50,49677.55,44516.88,26162.61,17090.11,123.93,1852.73,446.97,464.11,555.47,109.8,166.06,204.18,91.67,142.6,268.47,122.14,189.92,290.89,3176.24,1680.67,474.06,81.58,242.79,1050.02,388.02,236.42,290.78,438.58,208.42,101.32,3534.34,232.28,130.05,134.75,39.02,55.1,98.21,274.41
20261005,10:56:55,49641.17,44481.44,26158.64,17085.55,123.8,1852.73,446.34,464.11,555.55,109.8,166.06,204.17,91.67,142.6,268.47,122.02,189.92,290.88,3173.49,1678.39,473.9,81.57,242.79,1050.22,388.6,236.42,291.09,438.58,208.42,101.32,3534.34,232.28,130.17,134.75,39.02,55.1,98.21,274.41
20261005,10:57:00,49641.94,44482.19,26162.55,17090.05,123.8,1852.73,446.88,464.11,555.47,109.8,166.06,204.17,91.67,142.6,268.47,122.14,189.92,290.84,3173.44,1678.37,474.06,81.59,242.79,1049.95,388.6,236.41,291.1,438.57,208.42,101.32,3534.34,232.28,130.17,134.77,39.02,55.1,98.21,274.43
20261005,10:57:05,49642.57,44482.99,26162.77,17090.92,123.93,1852.51,446.97,464.05,555.47,109.82,166.06,204.17,91.67,142.6,268.47,122.14,189.92,290.82,3173.49,1678.36,473.9,81.57,242.94,1050.15,388.6,236.44,291.1,438.57,208.43,101.32,3534.17,232.25,130.17,134.77,39.02,55.1,98.21,274.45
20261005,10:57:10,49682.52,44521.98,26158.02,17085.68,123.8,1852.51,446.43,464.05,555.47,109.82,166.06,204.18,91.67,142.59,268.47,122.14,189.92,290.82,3176.75,1680.78,474.12,81.57,243.19,1050.07,388.63,236.42,291.05,438.53,208.37,101.32,3534.11,232.34,130.17,134.77,39.02,55.1,98.18,274.32
20261005,10:57:15,49686.7,44525.84,26161.69,17089.18,123.8,1852.51,446.97,464.05,555.47,109.83,166.06,204.17,91.67,142.8,268.65,122.02,189.92,290.82,3176.98,1680.93,473.97,81.57,242.94,1050.5,388.7,236.44,291.05,438.52,208.37,101.32,3534.31,232.29,130.17,134.77,39.02,55.12,98.18,274.3
20261005,10:57:20,49688.18,44527.17,26162.6,17089.84,123.93,1852.51,446.98,464.18,555.47,109.83,166.06,204.17,91.67,142.81,268.65,122.02,189.92,290.82,3177.07,1680.94,474.03,81.57,242.94,1050.64,388.67,236.44,291.05,438.53,208.37,101.32,3534.41,232.29,130.17,134.77,39.02,55.12,98.18,274.31
20261005,10:57:25,49686.77,44525.79,26163.38,17090.73,123.93,1852.51,446.98,464.18,555.47,109.83,166.06,204.17,91.67,142.81,268.65,122.14,189.92,290.82,3176.94,1680.9,474.39,81.55,242.94,1050.18,388.66,236.44,291.01,438.57,208.32,101.32,3534.41,232.29,130.17,134.77,39.02,55.14,98.18,274.41
20261005,10:57:30,49688.06,44527.05,26159.91,17086.74,123.93,1852.51,446.52,464.17,555.47,109.83,166.05,204.14,91.67,142.59,268.65,122.14,189.89,290.82,3177.14,1680.9,474.39,81.55,242.94,1050.63,388.64,236.42,291.0,438.55,208.29,101.32,3534.41,232.36,130.17,134.77,39.02,55.14,98.18,274.43
20261005,10:57:35,49685.54,44524.59,26159.84,17086.66,123.93,1852.51,446.52,464.05,555.47,109.83,166.05,204.16,91.67,142.59,268.65,122.14,189.89,290.82,3176.94,1680.79,474.4,81.55,242.76,1050.67,388.59,236.42,291.0,438.51,208.29,101.32,3534.41,232.36,130.17,134.77,39.02,55.14,98.18,274.46
20261005,10:57:40,49681.89,44521.41,26158.42,17086.28,123.93,1852.51,446.43,464.3,555.47,109.83,166.06,204.16,91.67,142.59,268.65,122.14,189.89,290.82,3176.69,1680.79,474.29,81.58,242.74,1050.2,388.34,236.42,291.0,438.51,208.29,101.32,3534.07,232.36,130.17,134.77,39.02,55.14,98.18,274.44
20261005,10:57:45,49725.52,44563.92,26158.91,17086.85,123.93,1852.51,446.43,464.3,555.5,109.83,166.06,204.16,91.67,142.8,268.65,122.14,189.89,290.82,3180.1,1683.34,474.5,81.59,242.74,1050.24,388.37,236.42,290.99,438.51,208.32,101.32,3534.07,232.36,130.17,134.77,39.02,55.14,98.18,274.42
20261005,10:57:50,49728.07,44566.33,26159.7,17087.51,123.93,1852.51,446.51,464.3,555.48,109.83,166.06,204.17,91.67,142.8,268.65,122.14,189.89,290.82,3180.28,1683.33,474.49,81.59,242.91,1050.6,388.34,236.42,290.95,438.51,208.32,101.41,3534.14,232.36,130.17,134.77,39.02,55.14,98.09,274.45
20261005,10:57:55,49691.68,44530.05,26161.79,17087.17,123.93,1853.92,446.43,464.03,555.59,109.83,166.06,204.17,91.66,142.59,268.62,122.14,189.89,290.82,3177.37,1680.96,474.69,81.56,242.92,1050.79,388.34,236.42,290.95,438.51,208.32,101.41,3534.88,232.36,130.17,134.77,39.02,55.14,98.09,274.45
20261005,10:58:00,49688.7,44526.83,26162.34,17086.73,123.93,1853.92,446.34,464.14,555.58,109.83,166.07,204.22,91.66,142.59,268.62,122.14,189.89,290.82,3177.12,1680.96,474.59,81.63,243.16,1050.37,388.34,236.52,290.64,438.51,208.32,101.41,3535.18,232.36,130.17,134.77,39.02,55.14,98.09,274.44
20261005,10:58:05,49689.39,44527.24,26161.81,17085.22,123.8,1852.51,446.26,464.06,555.59,109.83,166.08,204.25,91.66,142.58,268.62,122.14,189.89,290.78,3177.19,1680.92,474.69,81.63,242.92,1050.7,388.34,236.52,290.69,438.51,208.32,101.41,3535.42,232.36,130.17,134.77,39.02,55.14,98.09,274.49
20261005,10:58:10,49687.19,44525.86,26163.42,17089.65,123.93,1852.51,446.88,464.06,555.57,109.83,166.09,204.27,91.67,142.58,268.62,122.12,189.89,290.77,3176.97,1680.92,474.6,81.59,242.92,1050.37,388.34,236.51,290.69,438.52,208.28,101.41,3534.72,232.36,130.17,134.75,39.02,55.14,98.09,274.49
20261005,10:58:15,49693.72,44532.23,26162.62,17088.73,123.93,1852.51,446.8,464.06,555.57,109.83,166.06,204.23,91.66,142.58,268.62,122.12,189.89,290.77,3177.51,1681.09,474.73,81.57,242.92,1051.02,388.34,236.51,290.68,438.52,208.28,101.41,3534.72,232.36,130.17,134.75,39.02,55.14,98.09,274.48
20261005,10:58:20,49698.59,44536.97,26162.7,17088.82,123.93,1852.51,446.8,464.07,555.56,109.83,166.06,204.23,91.66,142.58,268.62,122.12,189.89,290.74,3177.89,1681.27,474.8,81.6,243.16,1051.02,388.34,236.65,290.68,438.48,208.31,101.41,3534.72,232.29,130.17,134.74,39.02,55.15,98.09,274.5
20261005,10:58:25,49697.83,44535.81,26164.29,17089.25,123.93,1852.56,446.89,464.07,555.56,109.83,166.06,204.23,91.66,142.58,268.62,122.12,189.89,290.77,3177.78,1681.32,474.71,81.56,242.9,1051.02,388.32,236.64,290.68,438.49,208.32,101.41,3535.1,232.29,130.17,134.74,39.02,55.15,98.09,274.38
20261005,10:58:30,49693.2,44531.29,26162.92,17087.67,123.8,1852.92,446.34,463.94,555.56,109.83,166.27,204.23,91.83,142.58,268.62,122.12,189.89,290.77,3177.46,1681.22,474.71,81.56,242.9,1050.55,388.31,236.64,290.69,438.49,208.35,101.41,3535.1,232.29,130.17,134.74,39.02,55.15,98.09,274.43
20261005,10:58:35,49729.8,44567.24,26163.69,17089.48,123.93,1852.92,446.8,463.94,555.33,109.84,166.27,204.24,91.82,142.58,268.62,122.12,189.89,290.77,3180.31,1683.5,474.71,81.59,242.9,1050.26,388.31,236.64,290.69,438.47,208.32,101.4,3534.85,232.29,130.17,134.74,39.02,55.16,98.09,274.13
20261005,10:58:40,49730.54,44567.58,26161.19,17085.35,123.93,1852.92,446.26,463.82,555.33,109.84,166.27,204.25,91.83,142.58,268.62,122.12,189.89,290.77,3180.44,1683.65,474.59,81.6,242.9,1050.22,388.31,236.64,290.69,438.35,208.32,101.4,3535.19,232.36,130.17,134.74,39.02,55.16,98.09,274.13
20261005,10:58:45,49695.3,44534.3,26164.72,17092.94,123.93,1852.92,447.34,463.82,555.56,109.84,166.27,204.24,91.83,142.58,268.62,122.0,189.89,290.79,3177.57,1681.26,474.54,81.58,242.97,1050.38,388.34,236.65,291.0,438.35,208.31,101.4,3534.23,232.36,130.17,134.74,39.02,55.14,98.09,274.1
20261005,10:58:50,49696.93,44535.66,26163.96,17091.28,123.93,1852.92,447.42,463.82,555.56,109.84,166.07,204.24,91.67,142.58,268.62,122.0,189.89,290.79,3177.72,1681.3,474.6,81.62,242.97,1050.45,388.34,236.65,291.0,438.34,208.31,101.4,3534.45,232.36,130.17,134.74,39.02,55.12,98.09,274.1
20261005,10:58:55,49694.18,44533.06,26164.07,17091.71,123.93,1852.92,447.34,463.82,555.56,109.84,166.07,204.24,91.67,142.58,268.62,122.0,189.89,290.79,3177.5,1681.27,474.51,81.62,242.72,1050.37,388.33,236.58,291.0,438.37,208.32,101.4,3534.36,232.36,130.17,134.74,39.02,55.12,98.09,274.41
20261005,10:59:00,49695.27,44534.48,26163.02,17091.67,123.93,1852.92,447.34,463.91,555.54,109.84,166.07,204.24,91.67,142.58,268.62,122.0,189.89,290.76,3177.62,1681.26,474.59,81.59,243.02,1050.37,388.33,236.58,291.0,438.37,208.32,101.41,3534.05,232.36,130.17,134.74,39.02,55.13,98.09,274.37
20261005,10:59:05,49699.84,44538.54,26165.87,17093.65,123.93,1852.92,447.34,463.98,555.54,109.84,166.07,204.24,91.67,142.58,268.62,122.12,189.89,290.76,3177.9,1681.38,474.54,81.57,243.02,1050.76,388.3,236.65,291.0,438.4,208.33,101.41,3534.4,232.36,130.29,134.77,39.02,55.13,98.09,274.37
20261005,10:59:10,49696.08,44535.2,26160.0,17087.97,123.86,1852.92,446.88,463.98,555.54,109.84,166.04,204.18,91.65,142.58,268.26,122.12,189.89,290.76,3177.76,1681.43,474.64,81.56,243.02,1050.18,388.3,236.64,291.0,438.43,208.29,101.41,3534.11,232.08,130.17,134.77,39.02,55.13,98.09,274.4
20261005,10:59:15,49693.06,44532.93,26157.67,17087.54,123.74,1852.92,446.88,463.98,555.54,109.84,166.07,204.17,91.67,142.58,268.26,122.09,189.89,290.76,3177.59,1681.29,474.63,81.58,243.03,1050.18,388.32,236.64,291.0,438.49,208.27,101.41,3533.49,232.08,130.17,134.77,39.02,55.12,98.08,274.4
20261005,10:59:20,49732.48,44570.91,26157.75,17086.21,123.74,1852.92,446.88,463.97,555.56,109.84,166.04,204.07,91.68,142.58,268.14,122.09,189.89,290.76,3180.68,1683.69,474.61,81.57,243.03,1050.18,388.32,236.64,290.99,438.52,208.15,101.41,3533.88,232.08,130.17,134.77,39.02,55.12,98.08,274.42
20261005,10:59:25,49693.26,44532.21,26159.81,17086.99,123.74,1854.3,446.88,464.1,555.56,109.84,166.04,204.07,91.68,142.57,268.14,121.97,189.89,290.77,3177.55,1681.4,474.49,81.56,243.02,1050.03,388.32,236.64,290.93,438.41,208.26,101.41,3534.32,232.08,130.17,134.77,39.02,55.12,98.08,274.42
20261005,10:59:30,49693.4,44532.08,26164.72,17091.7,123.74,1854.3,447.42,464.23,555.33,109.84,166.03,204.07,91.66,142.58,268.14,121.98,189.94,290.79,3177.42,1681.22,474.41,81.55,243.27,1050.2,388.0,236.64,290.93,438.44,208.3,101.41,3534.57,232.08,130.29,134.77,39.02,55.12,98.08,274.42
20261005,10:59:35,49694.09,44532.76,26164.92,17091.94,123.86,1854.2,447.42,464.23,555.33,109.84,166.04,204.07,91.67,142.58,268.14,121.98,189.94,290.76,3177.47,1681.29,474.51,81.56,243.02,1050.21,388.0,236.64,290.93,438.35,208.3,101.41,3534.57,232.08,130.29,134.77,39.02,55.12,98.08,274.42
20261005,10:59:40,49694.45,44532.59,26166.45,17091.98,123.86,1854.0,447.42,463.97,555.33,109.84,166.05,204.05,91.69,142.58,268.14,121.98,190.19,290.76,3177.46,1681.34,474.56,81.56,243.02,1050.38,387.91,236.64,290.62,438.35,208.3,101.41,3535.04,232.08,130.29,134.77,39.02,55.12,98.08,274.4
20261005,10:59:45,49689.7,44528.99,26163.47,17092.0,123.86,1851.16,447.42,464.05,555.33,109.84,166.07,204.1,91.69,142.58,268.14,122.1,190.19,290.76,3177.17,1681.27,474.43,81.56,243.02,1049.65,387.91,236.64,290.93,438.43,208.3,101.41,3534.1,232.08,130.29,134.77,39.02,55.12,98.08,274.4
20261005,10:59:50,49688.75,44528.06,26163.81,17092.39,123.86,1852.58,447.51,464.17,555.22,109.84,166.07,204.1,91.69,142.58,268.14,121.98,190.12,290.79,3177.08,1681.33,474.21,81.53,243.02,1049.58,387.93,236.64,290.92,438.52,208.3,101.47,3534.1,232.03,130.29,134.77,39.02,55.12,98.08,274.4
20261005,10:59:55,49687.12,44526.43,26163.52,17091.88,123.86,1852.58,447.43,464.17,555.22,109.84,166.07,204.1,91.69,142.58,268.14,121.98,190.12,290.79,3176.96,1681.33,474.3,81.53,243.02,1049.59,387.92,236.64,290.61,438.49,208.19,101.47,3534.15,232.03,130.41,134.77,39.02,55.14,98.08,274.44
20261005,11:00:00,49689.35,44528.98,26167.23,17097.46,123.93,1852.58,447.96,464.42,555.22,109.83,166.07,204.1,91.69,142.58,268.14,121.98,190.16,290.79,3177.03,1681.32,474.41,81.55,243.02,1049.63,387.91,236.64,290.61,438.46,208.33,101.47,3533.79,232.0,130.41,134.77,39.02,55.14,98.08,274.44
20261005,11:00:05,49730.18,44566.29,26172.47,17095.17,123.93,1852.58,447.96,464.42,555.23,109.83,166.08,204.14,91.69,142.58,268.14,121.98,190.16,290.79,3180.1,1683.61,474.3,81.55,242.82,1050.09,387.91,236.64,290.66,438.42,208.19,101.47,3536.05,232.0,130.29,134.77,39.02,55.14,98.08,274.44
20261005,11:00:10,49693.16,44530.4,26169.96,17092.88,123.93,1854.0,447.5,464.42,555.16,109.83,166.08,204.14,91.69,142.58,268.14,121.98,190.12,290.78,3177.26,1681.22,474.21,81.56,242.99,1050.21,387.94,236.64,290.98,438.4,208.3,101.47,3535.89,232.0,130.29,134.77,39.02,55.12,98.08,274.41
20261005,11:00:15,49695.52,44534.29,26169.35,17097.54,123.93,1854.0,448.04,464.42,555.16,109.83,166.08,204.14,91.69,142.58,268.14,121.98,190.12,290.78,3177.46,1681.22,474.31,81.57,243.0,1050.94,387.94,236.64,290.68,438.45,208.45,101.47,3534.43,232.0,130.29,134.77,39.02,55.12,98.08,274.14
20261005,11:00:20,49694.35,44532.56,26170.29,17096.63,123.93,1854.0,448.04,464.42,555.16,109.82,166.08,204.14,91.69,142.58,268.14,121.98,190.12,290.8,3177.34,1681.35,474.41,81.61,243.0,1050.08,387.91,236.64,290.68,438.39,208.26,101.47,3534.97,232.0,130.41,134.75,39.02,55.12,98.08,274.15
20261005,11:00:25,49700.84,44538.37,26182.93,17109.44,123.86,1852.58,449.84,464.41,555.16,109.89,166.08,204.16,91.69,142.58,268.14,121.97,190.12,290.8,3177.5,1681.25,474.4,81.59,243.42,1050.47,387.92,236.64,290.67,438.36,208.3,101.47,3535.44,232.0,130.41,134.75,39.02,55.12,98.08,274.11
20261005,11:00:30,49699.81,44537.41,26182.38,17108.97,123.74,1852.58,449.84,464.41,555.19,109.89,166.07,204.14,91.69,142.57,268.14,121.98,190.12,290.8,3177.44,1681.31,474.08,81.59,243.15,1050.35,387.92,236.64,290.93,438.39,208.3,101.47,3535.4,232.0,130.41,134.74,39.02,55.12,98.08,274.08
20261005,11:00:35,49703.07,44540.62,26182.16,17108.85,123.74,1851.16,449.92,464.3,555.19,109.89,166.07,204.14,91.69,142.57,268.14,121.98,190.12,290.8,3177.7,1681.37,473.95,81.59,243.15,1050.93,387.92,236.64,290.93,438.39,208.3,101.47,3535.36,232.0,130.41,134.74,39.02,55.12,98.08,274.08
20261005,11:00:40,49699.31,44537.19,26181.44,17108.76,123.74,1854.0,449.92,464.3,555.14,109.82,166.08,204.14,91.69,142.58,268.14,121.98,190.12,290.8,3177.42,1681.46,473.94,81.61,243.37,1050.19,387.92,236.64,290.6,438.39,208.3,101.47,3535.16,232.0,130.3,134.77,39.02,55.1,98.08,274.08
20261005,11:00:45,49699.29,44537.58,26179.24,17107.61,123.74,1851.16,449.92,464.3,555.15,109.82,166.07,204.14,91.69,142.58,268.14,121.97,190.15,290.8,3177.48,1681.59,473.95,81.59,243.12,1049.77,388.2,236.64,290.9,438.39,208.29,101.47,3534.78,232.0,130.3,134.77,39.02,55.1,98.08,274.09
20261005,11:00:50,49695.9,44534.12,26181.2,17109.35,123.74,1851.16,449.92,464.3,555.14,109.83,166.07,204.14,91.69,142.58,268.14,121.98,190.15,290.77,3177.16,1681.37,473.96,81.55,243.12,1049.76,388.21,236.64,290.9,438.41,208.39,101.47,3534.93,232.0,130.42,134.74,39.02,55.08,98.08,274.09
20261005,11:00:55,49704.68,44542.85,26179.21,17107.65,123.74,1851.16,449.92,464.3,555.14,109.83,166.07,204.14,91.68,142.58,268.14,121.98,190.15,290.75,3177.91,1681.49,473.94,81.54,243.21,1051.15,387.89,236.64,290.91,438.41,208.24,101.47,3534.77,232.0,130.4,134.74,39.02,55.08,98.08,274.08
20261005,11:01:00,49701.22,44539.7,26178.77,17107.88,123.74,1851.16,450.01,464.3,555.14,109.83,166.06,204.14,91.67,142.58,268.0,121.98,190.15,290.75,3177.65,1681.54,473.94,81.52,243.12,1050.48,387.89,236.64,290.91,438.36,208.24,101.47,3534.57,232.0,130.4,134.74,39.02,55.08,98.08,274.05
20261005,11:01:05,49702.1,44540.17,26180.56,17108.64,123.74,1851.16,450.01,464.3,555.14,109.83,166.06,204.14,91.67,142.58,268.0,122.09,190.12,290.75,3177.67,1681.58,473.94,81.59,242.94,1050.46,387.79,236.39,290.91,438.42,208.24,101.47,3534.92,232.0,130.4,134.74,39.02,55.08,98.08,274.02
20261005,11:01:10,49700.37,44538.86,26180.45,17109.78,123.67,1851.16,450.01,464.3,555.14,109.83,166.06,204.14,91.67,142.58,268.0,122.09,190.12,290.75,3177.53,1681.59,473.85,81.58,242.94,1050.61,387.87,236.39,290.6,438.42,208.28,101.47,3534.58,232.0,130.51,134.74,39.02,55.08,98.08,274.02
20261005,11:01:15,49694.59,44533.43,26179.61,17109.48,123.8,1851.16,450.01,464.3,555.05,109.83,166.06,204.15,91.67,142.58,268.0,122.07,190.12,290.72,3177.1,1681.15,473.8,81.57,242.94,1050.6,387.86,236.62,290.91,438.42,208.25,101.47,3534.39,232.0,130.51,134.74,39.06,55.08,98.08,274.02
20261005,11:01:20,49741.42,44579.53,26178.63,17109.92,123.8,1851.16,450.01,464.38,555.05,109.83,166.06,204.18,91.67,142.58,268.0,122.07,190.15,290.72,3180.81,1683.82,473.77,81.57,242.76,1051.36,387.86,236.62,290.92,438.39,208.29,101.47,3533.97,232.0,130.51,134.74,39.06,55.08,98.08,274.02
20261005,11:01:25,49741.62,44579.35,26179.66,17109.87,123.67,1851.16,450.01,464.38,555.09,109.83,166.06,204.19,91.67,142.58,268.0,122.07,190.15,290.72,3180.79,1683.87,473.97,81.58,242.76,1051.36,387.86,236.62,290.61,438.39,208.29,101.47,3534.3,232.0,130.51,134.74,39.06,55.08,98.08,274.08
20261005,11:01:30,49743.15,44580.85,26180.23,17110.53,123.67,1850.79,450.0,464.38,555.12,109.83,166.06,204.18,91.67,142.58,268.0,122.07,190.12,290.75,3180.9,1683.92,474.12,81.58,242.76,1051.3,387.86,236.62,290.61,438.39,208.29,101.47,3534.3,232.32,130.51,134.74,39.06,55.08,98.08,274.18
20261005,11:01:35,49744.94,44581.76,26184.28,17112.41,123.67,1852.21,450.09,464.38,555.12,109.82,166.05,204.18,91.66,142.58,268.0,122.07,190.12,290.75,3180.93,1683.84,474.29,81.59,242.93,1051.26,387.86,236.62,290.61,438.35,208.28,101.47,3535.06,232.32,130.51,134.74,39.06,55.08,98.08,274.49
20261005,11:01:40,49706.18,44544.57,26183.61,17113.55,123.67,1852.21,450.09,464.36,555.12,109.82,166.05,204.18,91.66,142.58,268.0,122.07,190.13,290.77,3177.9,1681.43,474.02,81.57,242.93,1051.37,387.91,236.62,290.92,438.4,208.28,101.47,3534.54,232.32,130.63,134.74,39.06,55.08,98.08,274.51
20261005,11:01:45,49700.53,44539.43,26182.55,17113.56,123.67,1852.21,450.09,464.36,555.13,109.81,166.05,204.18,91.66,142.58,268.0,122.07,190.13,290.76,3177.49,1681.53,473.89,81.56,242.95,1050.64,387.89,236.62,290.62,438.4,208.28,101.47,3534.2,232.32,130.63,134.75,39.06,55.08,98.08,274.49
20261005,11:01:50,49703.07,44541.82,26183.27,17114.09,123.67,1852.21,450.09,464.36,555.19,109.81,166.05,204.18,91.66,142.79,268.0,122.07,190.13,290.76,3177.67,1681.49,473.89,81.57,242.96,1051.1,387.89,236.61,290.66,438.4,208.28,101.47,3534.28,232.32,130.63,134.75,39.06,55.08,98.08,274.52
20261005,11:01:55,49699.4,44537.76,26185.03,17114.54,123.8,1852.11,450.09,464.36,555.19,109.81,166.05,204.18,91.66,143.0,268.0,122.07,190.1,290.76,3177.33,1681.49,473.9,81.55,242.96,1050.33,387.89,236.61,290.67,438.43,208.29,101.47,3534.72,232.32,130.63,134.75,39.06,55.08,98.08,274.44
20261005,11:02:00,49701.33,44539.91,26183.13,17113.23,123.67,1852.11,450.01,464.36,555.19,109.81,166.03,204.15,91.65,143.0,268.0,122.07,190.06,290.76,3177.54,1681.62,473.89,81.55,242.94,1050.43,387.89,236.61,290.66,438.42,208.28,101.47,3534.47,232.32,130.63,134.75,39.06,55.08,98.08,274.44
20261005,11:02:05,49706.63,44545.07,26183.01,17113.09,123.67,1852.17,450.01,464.36,555.19,109.81,166.01,204.15,91.63,143.0,268.0,122.07,190.1,290.76,3177.95,1681.6,473.89,81.53,242.94,1051.14,387.89,236.62,290.97,438.38,208.28,101.47,3534.47,232.32,130.63,134.75,39.06,55.08,98.08,274.44
20261005,11:02:10,49702.58,44540.91,26185.47,17115.19,123.69,1852.17,450.09,464.36,555.19,109.81,166.02,204.16,91.63,143.0,268.0,122.07,190.1,290.77,3177.57,1681.48,473.99,81.55,243.14,1050.68,387.92,236.62,290.66,438.39,208.25,101.47,3534.68,232.32,130.87,134.75,39.06,55.08,98.08,274.43
20261005,11:02:15,49706.85,44545.74,26182.66,17114.19,123.69,1852.17,450.02,464.36,555.19,109.8,166.01,204.14,91.63,143.0,268.0,122.07,190.06,290.77,3177.98,1681.62,474.11,81.58,243.14,1050.68,387.67,236.62,290.97,438.39,208.23,101.47,3534.07,232.32,130.87,134.75,39.06,55.08,98.08,274.36
20261005,11:02:20,49750.06,44587.84,26181.91,17113.35,123.69,1852.17,450.02,464.35,555.19,109.8,166.01,204.15,91.63,143.0,268.0,121.95,190.06,290.77,3181.39,1683.87,474.13,81.56,243.14,1051.86,387.67,236.62,290.96,438.39,208.23,101.47,3534.06,232.32,130.86,134.75,39.06,55.08,98.08,274.36
20261005,11:02:25,49751.67,44589.65,26179.4,17111.25,123.82,1852.27,450.1,464.36,555.14,109.72,166.01,204.16,91.63,143.0,268.0,121.95,190.06,290.77,3181.59,1684.06,473.97,81.58,243.14,1051.88,387.66,236.62,290.95,438.39,208.23,101.47,3533.85,232.32,130.62,134.75,39.06,55.08,98.08,274.06
20261005,11:02:30,49755.48,44593.36,26180.72,17112.77,123.69,1852.32,450.09,464.28,555.14,109.8,166.0,204.14,91.63,143.0,268.0,121.95,190.06,290.77,3181.85,1683.94,474.19,81.61,243.14,1052.46,387.66,236.62,291.04,438.39,208.24,101.47,3533.85,232.32,130.86,134.75,39.06,55.08,98.08,274.03
20261005,11:02:35,49753.95,44592.48,26178.97,17112.8,123.82,1850.9,450.09,464.28,555.14,109.8,165.99,204.14,91.62,143.0,268.0,121.95,190.06,290.77,3181.78,1684.12,474.19,81.59,242.96,1051.95,387.66,236.62,291.05,438.39,208.24,101.47,3533.29,232.32,130.86,134.75,39.06,55.09,98.08,274.1
20261005,11:02:40,49754.31,44592.82,26178.89,17112.71,123.82,1850.9,450.08,464.28,555.14,109.8,166.0,204.16,91.62,143.0,268.0,121.95,190.06,290.79,3181.81,1684.1,474.26,81.62,242.96,1052.02,387.66,236.62,291.0,438.39,208.24,101.47,3533.29,232.32,130.86,134.72,39.06,55.09,98.08,274.1
20261005,11:02:45,49710.39,44550.36,26176.95,17111.54,123.69,1850.9,450.07,464.28,555.14,109.8,166.0,204.17,91.62,143.0,268.0,121.95,190.06,290.79,3178.42,1681.76,474.08,81.62,242.96,1051.3,387.66,236.62,291.05,438.39,208.24,101.47,3533.0,232.32,130.74,134.81,39.06,55.08,98.08,274.1
20261005,11:02:50,49749.61,44588.57,26177.17,17111.8,123.69,1850.9,450.07,464.28,555.14,109.79,166.0,204.17,91.62,143.0,268.0,121.97,190.06,290.77,3181.49,1684.11,474.17,81.61,242.96,1051.26,387.66,236.63,291.05,438.45,208.23,101.47,3533.0,232.32,130.74,134.81,39.06,55.08,98.08,274.16
20261005,11:02:55,49756.42,44594.95,26178.27,17112.23,123.69,1850.9,450.07,464.28,555.14,109.79,166.0,204.15,91.62,143.0,268.0,121.97,190.06,290.77,3181.99,1684.39,474.17,81.62,242.84,1051.7,387.72,236.63,291.05,438.45,208.23,101.47,3533.23,232.0,130.86,134.81,39.06,55.08,98.08,274.17
20261005,11:03:00,49758.89,44596.83,26179.9,17112.31,123.82,1850.67,450.07,464.28,555.14,109.79,165.99,204.12,91.62,143.0,268.0,121.97,190.06,290.78,3182.14,1684.27,474.12,81.61,242.86,1052.44,387.72,236.63,291.05,438.45,208.23,101.47,3533.72,232.0,130.86,134.83,39.06,55.08,98.08,274.12
20261005,11:03:05,49721.02,44558.92,26184.39,17114.1,123.82,1850.67,450.07,464.15,555.13,109.79,165.98,204.11,91.62,143.0,268.0,122.09,190.06,290.78,3179.05,1681.76,474.18,81.62,243.11,1052.51,387.72,236.63,291.05,438.43,208.27,101.47,3534.63,232.0,130.86,134.83,39.06,55.08,98.08,274.42
20261005,11:03:10,49722.51,44560.37,26183.27,17112.81,123.82,1850.77,450.08,464.15,555.08,109.7,165.98,204.11,91.62,143.0,268.14,121.97,190.06,290.78,3179.19,1681.92,474.17,81.65,243.28,1052.2,387.72,236.63,291.02,438.43,208.24,101.47,3534.63,232.0,130.86,134.83,39.06,55.08,98.08,274.44
20261005,11:03:15,49722.29,44560.96,26180.66,17112.5,123.82,1852.19,450.08,464.15,555.08,109.7,165.99,204.12,91.62,143.0,268.14,121.97,190.06,290.77,3179.25,1682.15,474.08,81.61,243.04,1052.05,387.71,236.63,291.01,438.46,208.24,101.47,3533.9,232.0,130.74,134.83,39.06,55.08,98.08,274.44
20261005,11:03:20,49686.32,44526.33,26180.55,17113.75,123.82,1852.19,450.08,464.15,555.08,109.7,165.99,204.12,91.63,143.0,268.14,121.97,190.06,290.77,3176.43,1679.93,474.07,81.63,243.04,1052.14,387.71,236.6,291.03,438.46,208.27,101.47,3533.53,232.0,130.86,134.83,39.06,55.08,98.08,274.42
20261005,11:03:25,49727.76,44566.7,26180.45,17113.63,123.82,1852.19,450.08,464.15,555.08,109.7,165.99,204.09,91.63,143.0,268.14,121.97,190.06,290.77,3179.68,1682.3,474.12,81.62,243.04,1052.13,387.71,236.6,291.35,438.41,208.27,101.47,3533.53,232.0,130.86,134.83,39.06,55.08,98.08,274.41
20261005,11:03:30,49727.09,44566.05,26180.01,17113.14,123.82,1852.19,450.08,464.13,555.03,109.7,165.99,204.08,91.63,143.0,268.14,121.97,190.21,290.75,3179.64,1682.3,474.12,81.63,242.86,1052.56,387.71,236.6,291.04,438.41,208.24,101.47,3533.53,232.0,130.85,134.83,39.06,55.07,98.08,274.41
20261005,11:03:35,49723.07,44562.09,26182.05,17115.34,123.82,1853.61,450.08,464.13,555.08,109.7,165.99,204.07,91.63,143.01,268.14,121.97,190.21,290.75,3179.27,1682.36,473.97,81.62,242.86,1051.69,387.7,236.6,291.04,438.43,208.39,101.47,3533.56,232.0,130.85,134.83,39.06,55.07,98.08,274.41
20261005,11:03:40,49723.04,44562.28,26180.88,17114.73,123.82,1850.67,450.0,464.13,555.16,109.7,166.0,204.08,91.64,143.01,268.14,122.08,190.21,290.73,3179.3,1682.23,474.03,81.63,242.86,1052.46,387.68,236.6,290.73,438.44,208.39,101.43,3533.36,232.0,130.86,134.83,39.06,55.08,98.08,274.43
20261005,11:03:45,49722.07,44561.49,26179.36,17113.46,123.82,1850.69,450.01,464.13,555.16,109.7,166.02,204.1,91.65,143.01,268.14,122.09,190.03,290.73,3179.27,1682.23,473.92,81.63,242.98,1051.98,387.68,236.6,291.04,438.44,208.35,101.43,3533.23,232.0,130.74,134.83,39.06,55.08,98.08,274.38
20261005,11:03:50,49723.32,44563.32,26179.13,17115.29,123.82,1850.69,450.09,464.21,555.16,109.78,166.04,204.2,91.65,143.01,268.14,122.04,190.05,290.73,3179.37,1682.35,473.92,81.65,242.8,1052.4,387.68,236.5,290.74,438.39,208.35,101.43,3532.66,232.0,130.86,134.81,39.06,55.07,98.08,274.45
20261005,11:03:55,49719.13,44558.41,26180.74,17114.37,123.82,1850.69,450.01,464.21,555.16,109.86,166.08,204.38,91.64,143.01,268.14,122.06,190.05,290.76,3179.0,1682.36,473.96,81.63,242.8,1051.49,387.68,236.5,290.73,438.38,208.35,101.43,3533.42,232.0,130.74,134.81,39.05,55.07,98.08,274.4
20261005,11:04:00,49720.98,44560.37,26180.81,17114.97,123.82,1850.69,450.09,464.21,555.16,109.86,166.07,204.34,91.64,143.01,268.14,122.06,190.05,290.73,3179.14,1682.2,473.99,81.6,242.78,1051.93,387.63,236.59,291.05,438.4,208.35,101.43,3533.28,232.0,130.74,134.81,39.05,55.07,98.08,274.45
20261005,11:04:05,49721.78,44559.05,26187.65,17115.83,123.82,1850.69,450.09,464.21,555.12,109.86,166.08,204.37,91.64,143.01,268.14,122.06,190.05,290.74,3179.02,1682.13,474.1,81.58,242.78,1051.79,387.63,236.59,291.05,438.38,208.35,101.43,3535.18,232.0,130.86,134.81,39.04,55.07,98.08,274.42
20261005,11:04:10,49721.24,44559.35,26184.13,17114.55,123.82,1850.69,450.1,464.21,555.16,109.86,166.07,204.33,91.64,143.01,268.14,122.06,190.2,290.73,3179.07,1682.26,473.88,81.6,243.05,1051.89,387.63,236.59,290.72,438.38,208.21,101.43,3534.43,232.0,130.86,134.81,39.04,55.07,98.08,274.42
20261005,11:04:15,49721.84,44560.69,26181.09,17113.54,123.8,1850.69,450.01,464.21,555.3,109.86,166.08,204.35,91.64,143.01,268.14,122.06,190.2,290.73,3179.2,1682.31,473.98,81.6,242.8,1051.78,387.62,236.59,291.03,438.38,208.21,101.43,3533.75,232.0,130.75,134.81,39.04,55.07,98.08,274.42
20261005,11:04:20,49716.56,44558.22,26173.71,17114.01,123.8,1850.69,450.01,464.21,555.4,109.86,166.07,204.34,91.64,143.01,268.14,122.06,190.2,290.73,3178.99,1682.18,473.88,81.6,242.79,1051.78,387.62,236.59,291.03,438.38,208.22,101.43,3531.32,232.01,130.74,134.81,39.04,55.07,98.08,274.47
20261005,11:04:25,49714.4,44556.12,26173.66,17113.97,123.74,1850.69,450.01,464.35,555.47,109.86,166.07,204.32,91.64,143.01,268.14,122.06,190.2,290.74,3178.82,1682.13,474.04,81.61,242.8,1051.8,387.62,236.58,290.68,438.38,208.22,101.43,3531.31,232.01,130.74,134.8,39.04,55.07,98.08,274.42
20261005,11:04:30,49719.57,44560.97,26175.76,17115.77,123.74,1850.69,450.09,464.27,555.47,109.86,166.07,204.32,91.64,143.01,268.14,122.06,190.2,290.71,3179.17,1682.27,474.04,81.62,242.8,1051.78,387.54,236.58,290.98,438.38,208.26,101.43,3531.48,232.01,130.86,134.8,39.04,55.07,98.08,274.42
20261005,11:04:35,49673.63,44516.02,26176.24,17115.68,123.74,1850.69,450.08,464.28,555.47,109.86,166.07,204.33,91.64,143.01,268.14,122.06,190.23,290.71,3175.55,1679.74,473.97,81.63,242.8,1051.17,387.54,236.58,290.89,438.38,208.27,101.43,3531.65,232.01,130.86,134.8,39.04,55.07,98.08,274.37
20261005,11:04:40,49671.82,44514.41,26174.62,17114.34,123.74,1850.69,450.09,464.28,555.47,109.86,166.06,204.29,91.64,143.01,268.14,122.06,190.23,290.68,3175.45,1679.83,473.98,81.63,242.8,1050.67,387.54,236.6,290.89,438.36,208.26,101.43,3531.51,232.01,130.74,134.8,39.04,55.06,98.08,274.36
20261005,11:04:45,49718.22,44559.86,26174.99,17115.57,123.74,1850.69,450.09,464.28,555.47,109.86,166.06,204.31,91.64,143.01,268.26,122.04,190.27,290.71,3179.09,1682.24,473.98,81.62,242.8,1051.85,387.61,236.6,290.89,438.37,208.26,101.43,3531.29,232.01,130.86,134.8,39.04,55.08,98.08,274.36
20261005,11:04:50,49712.32,44554.48,26173.6,17115.22,123.74,1850.69,450.09,464.28,555.47,109.87,166.06,204.31,91.64,143.01,268.26,122.04,190.27,290.76,3178.66,1682.17,473.89,81.64,242.8,1051.12,387.6,236.6,290.89,438.37,208.21,101.43,3530.95,232.01,130.86,134.8,39.04,55.08,98.08,274.34
20261005,11:04:55,49718.18,44559.91,26173.95,17114.69,123.74,1850.69,450.09,464.28,555.32,109.87,166.06,204.31,91.64,143.01,268.26,122.04,190.23,290.76,3179.11,1682.2,473.82,81.65,242.82,1052.1,387.6,236.6,290.91,438.37,208.21,101.43,3531.21,232.01,130.86,134.8,39.04,55.08,98.08,274.37
20261005,11:05:00,49679.8,44522.47,26175.04,17115.79,123.74,1850.58,450.17,464.28,555.5,109.87,166.07,204.33,91.64,143.01,268.26,122.03,190.27,290.76,3176.07,1679.74,473.89,81.62,243.0,1052.29,387.6,236.6,290.91,438.37,208.2,101.43,3531.25,232.01,130.86,134.8,39.04,55.08,98.08,274.37
20261005,11:05:05,49730.0,44569.36,26180.31,17115.07,123.61,1851.04,450.17,464.02,555.4,109.87,166.07,204.35,91.64,143.01,268.26,122.03,190.27,290.76,3179.86,1682.44,473.83,81.61,243.25,1052.82,387.6,236.6,290.91,438.37,208.19,101.43,3533.09,232.01,130.86,134.8,39.04,55.08,97.99,274.43
20261005,11:05:10,49724.72,44565.14,26176.81,17114.11,123.74,1851.04,450.17,463.89,555.33,109.87,166.07,204.34,91.64,143.01,268.26,122.03,190.27,290.74,3179.55,1682.38,473.77,81.58,243.0,1052.43,387.82,236.6,291.01,438.33,208.19,101.43,3532.26,232.01,130.75,134.8,39.04,55.08,97.99,274.44
20261005,11:05:15,49720.0,44560.54,26176.79,17114.12,123.74,1851.04,450.17,463.89,555.4,109.87,166.09,204.39,91.65,143.01,268.26,121.91,190.27,290.75,3179.18,1682.38,473.55,81.57,242.81,1051.97,387.82,236.59,291.01,438.39,208.21,101.43,3532.25,232.01,130.75,134.8,39.04,55.08,97.99,274.48
20261005,11:05:20,49717.14,44558.01,26176.23,17114.32,123.61,1851.04,450.17,463.89,555.4,109.87,166.08,204.37,91.65,143.01,268.26,122.03,190.27,290.75,3178.97,1682.44,473.62,81.57,242.82,1051.23,387.82,236.54,291.01,438.39,208.21,101.43,3532.02,232.01,130.75,134.82,39.03,55.06,97.99,274.45
20261005,11:05:25,49713.81,44554.34,26176.87,17113.65,123.67,1851.04,450.09,463.89,555.4,109.78,166.11,204.5,91.64,142.79,268.26,122.03,190.27,290.79,3178.69,1682.04,473.6,81.59,243.07,1052.01,387.82,236.54,290.65,438.33,208.2,101.43,3532.4,232.01,130.75,134.82,39.03,55.06,97.99,274.45
20261005,11:05:30,49711.42,44553.68,26172.34,17114.02,123.67,1851.04,450.09,463.9,555.4,109.78,166.12,204.53,91.64,143.01,268.26,122.06,190.27,290.8,3178.63,1682.07,473.61,81.58,242.82,1052.01,387.85,236.54,290.64,438.33,208.1,101.43,3530.89,231.94,130.87,134.79,39.03,55.06,97.99,274.47
20261005,11:05:35,49673.22,44516.53,26173.59,17115.69,123.67,1851.04,450.17,464.15,555.4,109.78,166.11,204.47,91.64,143.01,268.26,122.06,190.27,290.8,3175.59,1679.57,473.6,81.61,242.82,1052.45,387.82,236.44,290.64,438.33,208.2,101.43,3530.82,231.94,130.87,134.77,39.03,55.06,97.99,274.49
20261005,11:05:40,49711.51,44554.25,26171.38,17114.54,123.67,1851.04,450.08,463.9,555.4,109.78,166.11,204.51,91.64,143.01,268.26,122.07,190.27,290.81,3178.66,1682.09,473.61,81.61,242.83,1051.99,387.82,236.44,290.64,438.34,208.17,101.43,3530.45,231.94,130.87,134.77,39.03,55.06,97.99,274.43
20261005,11:05:45,49673.82,44517.96,26169.99,17114.37,123.67,1851.04,450.09,463.9,555.4,109.78,166.11,204.5,91.64,143.01,268.23,122.07,190.25,290.81,3175.74,1679.68,473.62,81.61,242.83,1052.44,387.82,236.44,290.65,438.34,208.15,101.43,3530.06,231.94,130.87,134.77,39.02,55.06,97.99,274.47
20261005,11:05:50,49708.79,44554.99,26161.75,17114.81,123.8,1851.04,450.09,463.89,555.46,109.78,166.1,204.5,91.63,143.01,268.23,122.07,190.25,290.81,3178.71,1681.98,473.77,81.56,243.17,1051.98,387.82,236.45,290.69,438.34,208.16,101.42,3527.36,231.94,130.87,134.77,39.02,55.06,97.99,274.43
20261005,11:05:55,49715.71,44561.93,26161.61,17115.3,123.8,1851.04,450.18,463.89,555.46,109.77,166.12,204.6,91.63,143.01,268.23,122.07,190.21,290.79,3179.26,1682.3,473.66,81.59,243.19,1052.01,387.82,236.45,290.96,438.27,208.16,101.42,3527.19,231.94,130.87,134.77,39.02,55.06,97.99,274.4
20261005,11:06:00,49712.61,44556.57,26168.91,17115.85,123.74,1851.01,450.27,463.89,555.46,109.77,166.16,204.73,91.63,143.01,268.23,121.95,190.21,290.81,3178.81,1682.23,473.69,81.56,243.08,1051.31,387.79,236.45,290.96,438.33,208.16,101.42,3529.32,231.94,130.87,134.86,39.02,55.07,97.99,274.39
20261005,11:06:05,49720.86,44562.23,26175.53,17115.51,123.74,1851.01,450.18,463.89,555.28,109.77,166.16,204.72,91.63,143.01,268.2,122.07,190.39,290.81,3179.28,1682.3,473.6,81.57,243.33,1052.06,387.79,236.21,290.95,438.27,208.16,101.42,3531.48,231.94,130.87,134.86,39.02,55.07,97.99,274.41
20261005,11:06:10,49720.1,44562.09,26173.95,17115.71,123.74,1851.01,450.18,463.89,555.28,109.78,166.14,204.66,91.63,143.01,268.2,122.07,190.39,290.8,3179.26,1682.3,473.82,81.56,243.08,1052.06,387.79,236.21,290.94,438.29,208.2,101.42,3530.93,231.94,130.87,134.86,39.02,55.07,97.99,274.41
20261005,11:06:15,49717.24,44559.63,26174.05,17116.93,123.74,1851.01,450.27,463.86,555.27,109.78,166.15,204.66,91.64,143.01,268.2,122.07,190.39,290.8,3179.04,1682.29,473.82,81.6,242.74,1052.19,387.79,236.21,290.59,438.35,208.23,101.42,3530.63,231.94,130.87,134.86,39.02,55.07,97.99,274.42
20261005,11:06:20,49719.72,44562.31,26172.91,17116.51,123.74,1851.01,450.26,463.86,555.27,109.78,166.15,204.63,91.64,143.01,268.2,122.06,190.36,290.8,3179.26,1682.25,473.61,81.6,243.35,1052.52,387.8,236.21,290.6,438.35,208.22,101.42,3530.39,231.94,130.86,134.86,39.02,55.07,97.99,274.41
20261005,11:06:25,49718.42,44562.82,26167.16,17115.83,123.74,1851.01,450.26,463.86,555.27,109.78,166.15,204.65,91.64,143.01,268.2,121.95,190.39,290.8,3179.32,1682.18,473.63,81.62,243.09,1052.64,387.79,236.21,290.92,438.34,208.22,101.42,3528.78,231.94,130.86,134.86,39.02,55.07,97.99,274.41
20261005,11:06:30,49718.53,44565.59,26164.54,17121.73,123.74,1851.01,450.43,463.86,555.37,109.77,166.16,204.7,91.64,143.01,268.2,121.95,190.39,290.8,3179.4,1682.21,473.65,81.62,243.09,1052.74,387.82,236.21,290.91,438.34,208.21,101.42,3526.36,232.26,131.33,134.89,38.98,55.07,97.99,274.41
20261005,11:06:35,49714.46,44561.7,26164.69,17122.15,123.74,1851.01,450.43,463.86,555.37,109.77,166.14,204.62,91.64,143.01,268.2,122.07,190.39,290.8,3179.08,1682.03,473.65,81.6,243.34,1052.72,387.82,236.21,290.6,438.34,208.21,101.42,3526.29,232.26,131.33,134.89,38.97,55.05,97.99,274.41
20261005,11:06:40,49717.82,44564.75,26163.71,17120.26,123.74,1851.01,450.43,463.87,555.18,109.77,166.14,204.63,91.64,143.01,268.2,122.08,190.39,290.78,3179.37,1682.3,473.66,81.61,243.07,1052.74,387.82,236.21,290.65,438.31,208.09,101.42,3526.49,232.26,131.33,134.86,38.97,55.06,97.99,274.41
20261005,11:06:45,49718.21,44565.2,26163.41,17120.17,123.74,1850.79,450.43,463.87,555.13,109.77,166.14,204.62,91.64,142.79,268.2,122.08,190.39,290.78,3179.41,1682.27,473.42,81.62,243.09,1052.69,388.14,236.21,290.96,438.32,208.17,101.42,3526.43,231.94,131.34,134.86,38.97,55.06,97.99,274.42
20261005,11:06:50,49714.16,44561.13,26163.84,17120.24,123.74,1850.79,450.43,463.87,555.13,109.77,166.14,204.62,91.64,142.79,268.2,122.08,190.39,290.78,3179.08,1682.15,473.46,81.62,243.09,1052.26,388.13,236.21,290.93,438.35,208.17,101.42,3526.54,231.94,131.34,134.86,38.97,55.06,97.99,274.43
20261005,11:06:55,49712.86,44559.71,26164.57,17120.56,123.74,1850.79,450.44,463.87,555.15,109.77,166.14,204.64,91.64,142.79,268.2,122.08,190.36,290.78,3178.95,1682.16,473.46,81.62,243.09,1051.93,388.13,236.21,290.94,438.35,208.2,101.42,3526.68,231.94,131.34,134.86,38.97,55.06,97.99,274.42
20261005,11:07:00,49721.69,44568.31,26164.89,17120.93,123.74,1850.79,450.52,463.87,555.1,109.77,166.14,204.62,91.64,142.79,268.2,122.07,190.36,290.79,3179.64,1682.35,473.46,81.62,243.2,1052.84,388.2,236.21,290.95,438.38,208.2,101.42,3526.68,231.94,131.34,134.86,38.97,55.06,97.99,274.42
20261005,11:07:05,49679.75,44525.17,26171.76,17121.23,123.74,1850.79,450.51,463.61,555.33,109.77,166.15,204.67,91.64,142.58,268.2,122.07,190.36,290.76,3176.16,1679.83,473.53,81.6,243.2,1052.29,388.2,236.21,290.96,438.44,208.2,101.42,3528.75,231.94,131.34,134.88,38.97,55.06,97.99,274.39
20261005,11:07:10,49679.53,44524.63,26171.67,17120.0,123.74,1850.79,450.6,463.61,555.33,109.77,166.13,204.62,91.64,142.58,268.2,122.07,190.36,290.76,3176.14,1679.81,473.57,81.61,243.2,1052.29,388.2,236.22,290.92,438.44,208.02,101.42,3529.05,231.94,131.34,134.88,38.97,55.06,97.99,274.38
20261005,11:07:15,49680.84,44524.65,26173.56,17118.01,123.73,1850.79,450.43,463.61,555.38,109.77,166.14,204.63,91.64,142.59,268.2,122.07,190.44,290.79,3176.19,1680.06,473.54,81.59,243.21,1052.13,388.2,236.22,290.6,438.44,207.91,101.42,3530.19,231.94,131.34,134.86,38.97,55.06,97.98,274.38
20261005,11:07:20,49685.24,44529.2,26175.04,17120.56,123.73,1850.63,450.6,463.61,555.38,109.78,166.14,204.63,91.64,142.59,268.44,122.07,190.44,290.79,3176.5,1680.06,473.65,81.58,243.21,1052.73,388.2,236.22,290.61,438.44,207.91,101.42,3529.96,231.94,131.46,134.96,38.98,55.05,97.98,274.4
20261005,11:07:25,49723.76,44567.16,26173.74,17120.5,123.73,1850.63,450.51,463.61,555.38,110.01,166.15,204.64,91.64,142.59,268.44,122.07,190.44,290.79,3179.56,1682.39,473.84,81.58,243.03,1052.8,388.2,236.22,290.61,438.44,207.91,101.42,3529.56,231.94,131.46,134.94,38.98,55.05,97.98,274.38
20261005,11:07:30,49724.11,44567.72,26171.41,17118.57,123.73,1850.63,450.51,463.61,555.08,110.01,166.14,204.64,91.64,142.59,268.44,122.07,190.44,290.8,3179.65,1682.4,473.96,81.59,243.03,1052.86,388.2,236.22,290.61,438.44,207.91,101.42,3529.36,231.94,131.34,134.94,38.98,55.05,97.98,274.38
20261005,11:07:35,49722.43,44565.73,26173.94,17120.27,123.73,1850.63,450.68,463.61,555.07,110.01,166.15,204.67,91.64,142.59,268.44,122.07,190.44,290.58,3179.45,1682.23,473.87,81.6,243.02,1052.98,388.2,236.22,290.61,438.44,207.92,101.42,3529.69,231.94,131.46,134.94,38.98,55.05,97.98,274.38
20261005,11:07:40,49721.52,44565.29,26172.45,17120.07,123.73,1850.63,450.68,463.61,555.08,110.01,166.14,204.65,91.64,142.59,268.44,122.07,190.44,290.58,3179.42,1682.22,473.66,81.61,243.2,1052.99,388.2,236.22,290.59,438.44,207.9,101.42,3529.28,231.94,131.46,134.94,38.98,55.05,97.98,274.38
20261005,11:07:45,49684.83,44530.48,26169.85,17120.21,123.73,1850.63,450.76,463.61,555.12,110.01,166.14,204.65,91.64,142.81,268.44,122.07,190.49,290.59,3176.61,1679.82,473.77,81.6,243.45,1052.98,388.17,236.22,290.9,438.44,207.9,101.42,3528.43,231.94,131.34,134.94,38.98,55.05,97.98,274.38
20261005,11:07:50,49685.64,44530.6,26170.87,17119.16,123.73,1850.63,450.59,463.69,555.12,110.01,166.14,204.65,91.63,142.81,268.44,122.07,190.49,290.59,3176.64,1679.87,473.92,81.6,243.2,1052.97,388.17,236.2,290.9,438.44,207.91,101.42,3529.03,232.01,131.34,134.94,38.98,55.05,97.98,274.38
20261005,11:07:55,49723.32,44568.1,26169.38,17120.08,123.73,1850.63,450.67,463.7,555.11,110.01,166.14,204.66,91.63,142.81,268.44,122.07,190.44,290.59,3179.64,1682.2,473.92,81.59,243.19,1052.97,388.2,236.19,290.9,438.43,207.95,101.42,3528.32,232.01,131.34,134.94,38.98,55.05,97.98,274.38
20261005,11:08:00,49723.11,44567.33,26170.54,17119.51,123.73,1850.63,450.67,463.7,555.06,110.01,166.14,204.65,91.63,142.81,268.44,122.07,190.44,290.48,3179.59,1682.23,473.8,81.59,243.19,1052.89,388.2,236.19,290.89,438.37,207.95,101.42,3528.83,232.01,131.34,134.94,38.98,55.05,97.98,274.38
20261005,11:08:05,49723.25,44567.62,26170.55,17120.03,123.73,1850.63,450.76,463.7,555.06,109.93,166.15,204.67,91.63,142.81,268.47,122.07,190.44,290.48,3179.6,1682.32,473.8,81.57,243.43,1052.44,388.17,236.02,290.93,438.43,207.95,101.42,3528.7,232.01,131.34,134.94,38.98,55.05,97.98,274.33
20261005,11:08:10,49717.76,44564.42,26166.01,17122.01,123.73,1850.68,450.77,463.95,555.12,110.01,166.14,204.67,91.63,142.81,268.47,122.05,190.41,290.48,3179.3,1682.21,473.63,81.59,243.19,1052.41,388.17,236.02,290.93,438.42,208.1,101.42,3526.74,232.01,131.34,134.94,38.98,55.05,97.98,274.35
20261005,11:08:15,49718.93,44567.56,26159.18,17120.84,123.73,1850.68,450.6,463.95,555.12,110.01,166.13,204.7,91.62,142.81,268.47,122.05,190.41,290.48,3179.58,1682.41,473.69,81.59,243.09,1052.46,388.17,236.02,290.94,438.48,208.11,101.42,3524.92,232.01,131.34,134.84,38.98,55.05,97.98,274.43
20261005,11:08:20,49681.66,44528.91,26167.97,17123.14,123.73,1850.68,450.69,463.95,555.12,110.09,166.12,204.68,91.61,142.81,268.47,122.05,190.41,290.51,3176.41,1679.99,473.61,81.55,243.2,1052.46,388.17,236.02,290.94,438.48,208.22,101.42,3527.04,232.01,131.34,134.95,38.98,55.06,97.98,274.43
20261005,11:08:25,49720.0,44565.69,26170.13,17123.7,123.73,1850.68,450.78,463.95,555.12,110.09,166.12,204.67,91.61,142.81,268.47,122.04,190.41,290.52,3179.36,1682.4,473.72,81.56,243.09,1052.07,388.17,236.0,290.89,438.48,208.22,101.42,3527.57,232.01,131.34,134.94,38.98,55.06,97.98,274.43
20261005,11:08:30,49719.04,44565.2,26167.89,17122.61,123.6,1850.68,450.78,463.87,555.12,110.09,166.12,204.67,91.61,142.59,268.47,122.04,190.41,290.52,3179.35,1682.54,473.69,81.55,243.18,1051.6,388.17,236.0,290.89,438.48,208.09,101.42,3527.16,232.01,131.46,134.94,38.98,55.06,97.98,274.45
20261005,11:08:35,49719.32,44565.51,26168.02,17122.87,123.6,1850.7,450.78,463.87,555.32,110.09,166.13,204.73,91.61,142.59,268.35,122.04,190.41,290.47,3179.37,1682.39,473.71,81.57,243.18,1052.09,387.92,236.0,290.88,438.48,208.05,101.42,3527.13,232.01,131.46,134.94,38.98,55.06,97.98,274.43
20261005,11:08:40,49715.89,44563.0,26164.93,17122.11,123.6,1850.7,450.68,463.88,555.31,110.09,166.13,204.74,91.61,142.59,268.35,122.04,190.36,290.47,3179.18,1682.5,473.6,81.56,242.95,1051.64,387.92,236.29,290.88,438.49,208.05,101.42,3526.38,232.01,131.46,134.95,38.98,55.05,97.98,274.43
20261005,11:08:45,49678.54,44527.08,26164.23,17122.9,123.73,1850.69,450.77,463.76,555.31,110.09,166.13,204.73,91.61,142.59,268.35,122.04,190.36,290.49,3176.27,1680.07,473.62,81.57,242.95,1052.56,387.92,236.26,290.56,438.43,208.05,101.42,3525.94,232.01,131.46,134.95,38.98,55.05,97.98,274.43
20261005,11:08:50,49718.28,44565.59,26166.39,17124.68,123.73,1850.69,451.03,463.92,555.31,110.09,166.13,204.74,91.61,142.59,268.35,122.05,190.36,290.48,3179.33,1682.51,473.72,81.57,242.95,1052.18,387.97,236.27,290.56,438.45,208.05,101.42,3526.13,232.01,131.46,134.85,38.98,55.05,97.98,274.39
20261005,11:08:55,49724.46,44572.42,26168.42,17129.73,123.73,1850.7,451.2,463.92,555.31,110.09,166.13,204.72,91.61,142.59,268.35,122.05,190.36,290.51,3179.76,1682.46,473.53,81.54,243.51,1053.12,387.99,236.27,290.57,438.43,208.05,101.42,3525.4,232.01,132.06,134.85,38.98,55.05,97.98,274.09
20261005,11:09:00,49728.66,44575.56,26171.08,17129.58,123.73,1850.7,451.22,463.92,555.31,110.09,166.13,204.73,91.61,142.59,268.35,122.04,190.36,290.5,3180.01,1682.62,473.63,81.54,243.26,1052.94,387.99,236.27,290.88,438.43,208.02,101.42,3526.27,232.01,132.06,134.85,38.98,55.05,97.98,274.09
20261005,11:09:05,49729.53,44576.43,26170.99,17129.55,123.73,1850.7,451.23,464.04,555.34,110.09,166.14,204.77,91.61,142.8,268.35,122.04,190.36,290.5,3180.09,1682.63,473.62,81.56,243.26,1053.06,387.99,236.21,290.88,438.43,207.94,101.42,3526.25,232.01,132.06,134.85,38.98,55.05,97.98,274.09
20261005,11:09:10,49729.51,44576.17,26172.01,17129.92,123.73,1850.7,451.23,464.04,555.26,110.1,166.15,204.81,91.61,142.8,268.35,122.04,190.36,290.5,3180.06,1682.46,473.62,81.59,243.26,1053.44,387.99,236.21,290.89,438.43,207.91,101.42,3526.47,232.01,132.06,134.85,38.98,55.05,97.98,274.38
20261005,11:09:15,49687.66,44535.93,26172.29,17132.01,123.73,1850.64,451.24,464.11,555.29,110.1,166.15,204.79,91.61,142.8,268.35,122.04,190.36,290.5,3176.76,1680.17,473.62,81.56,243.14,1052.85,387.99,236.21,290.88,438.49,208.09,101.42,3525.98,232.01,132.06,134.85,38.98,55.05,97.98,274.39
20261005,11:09:20,49685.35,44533.51,26173.35,17132.68,123.73,1850.64,451.32,464.11,555.28,110.18,166.13,204.77,91.6,142.8,268.35,122.04,190.36,290.5,3176.55,1680.19,473.65,81.53,243.13,1052.32,388.02,236.21,290.89,438.49,208.09,101.42,3526.13,232.01,132.06,134.85,38.98,55.05,97.98,274.4
20261005,11:09:25,49683.37,44532.02,26166.87,17126.7,123.73,1850.62,451.24,464.04,555.34,110.1,166.15,204.84,91.6,142.8,268.35,121.92,190.36,290.5,3176.58,1680.0,473.63,81.51,243.14,1053.0,388.03,236.21,290.89,438.49,208.11,101.42,3525.73,232.01,131.46,134.85,38.98,55.05,97.98,274.4
20261005,11:09:30,49722.58,44569.86,26172.86,17132.39,123.73,1850.62,451.33,463.96,555.25,110.1,166.13,204.75,91.61,142.59,268.35,122.04,190.41,290.52,3179.49,1682.4,473.63,81.5,243.14,1052.54,388.28,235.97,290.89,438.47,208.14,101.42,3526.06,232.01,132.06,134.85,38.98,55.05,97.98,274.4
20261005,11:09:35,49682.58,44530.83,26173.27,17132.69,123.73,1850.62,451.24,463.96,555.2,110.1,166.14,204.77,91.61,142.59,268.32,122.04,190.41,290.52,3176.34,1679.98,473.54,81.5,243.2,1052.51,388.28,235.97,290.89,438.43,208.26,101.42,3526.11,232.01,132.06,134.81,38.98,55.05,97.98,274.4
20261005,11:09:40,49680.29,44525.76,26178.16,17128.8,123.79,1853.46,451.32,464.04,555.2,110.1,166.15,204.75,91.62,142.59,268.32,122.04,190.41,290.52,3176.02,1679.85,473.42,81.51,242.95,1052.51,388.28,235.97,290.89,438.38,208.14,101.42,3528.69,232.01,131.46,134.79,38.98,55.05,97.98,274.42
20261005,11:09:45,49720.06,44565.35,26178.86,17132.42,123.79,1852.04,451.24,464.11,555.16,110.1,166.15,204.78,91.62,142.59,268.32,122.04,190.41,290.52,3179.12,1682.26,473.17,81.5,243.13,1052.97,388.21,235.97,290.57,438.38,208.14,101.42,3527.93,232.0,132.06,134.81,38.98,55.05,97.98,274.42
20261005,11:09:50,49728.68,44573.75,26179.1,17132.69,123.79,1852.04,451.25,464.11,555.13,110.1,166.17,204.84,91.62,142.8,268.32,122.04,190.41,290.52,3179.79,1682.37,473.17,81.51,243.15,1053.79,388.21,235.97,290.9,438.38,208.13,101.42,3527.93,232.0,132.06,134.79,38.98,55.05,97.98,274.44
20261005,11:09:55,49725.48,44570.42,26180.19,17133.22,123.73,1852.04,451.33,464.11,555.13,110.1,166.17,204.86,91.62,142.8,268.32,122.04,190.45,290.52,3179.51,1682.38,473.24,81.5,243.13,1053.05,388.21,235.98,290.9,438.38,208.13,101.42,3528.12,232.0,132.06,134.79,38.98,55.05,97.98,274.44
20261005,11:10:00,49724.79,44570.12,26178.8,17132.87,123.73,1852.15,451.24,464.11,555.16,110.1,166.18,204.9,91.62,142.8,268.32,122.04,190.45,290.52,3179.5,1682.39,473.23,81.51,243.13,1052.87,388.21,235.98,290.99,438.4,208.12,101.42,3527.79,232.0,132.06,134.79,38.98,55.05,97.98,274.45
20261005,11:10:05,49722.51,44568.06,26179.28,17133.97,123.73,1850.73,451.34,464.11,555.16,110.1,166.18,204.9,91.62,142.8,268.18,122.05,190.45,290.52,3179.3,1682.4,473.23,81.51,243.32,1052.19,388.21,235.98,290.99,438.41,208.24,101.42,3527.64,232.0,132.06,134.79,38.98,55.05,97.98,274.43
20261005,11:10:10,49723.99,44570.36,26175.81,17132.86,123.6,1850.73,451.25,464.11,555.16,110.1,166.19,204.92,91.62,142.8,268.18,122.05,190.45,290.52,3179.52,1682.4,473.43,81.47,243.25,1052.68,388.21,235.98,290.95,438.38,208.21,101.42,3526.85,232.0,132.06,134.79,38.98,55.05,97.98,274.47
20261005,11:10:15,49722.24,44570.92,26170.22,17134.01,123.73,1850.5,451.32,464.11,555.16,110.1,166.2,204.95,91.62,142.8,268.21,122.05,190.45,290.49,3179.53,1682.29,473.28,81.45,243.42,1053.42,388.18,235.98,290.69,438.38,208.25,101.42,3524.8,232.0,132.06,134.79,38.98,55.05,97.98,274.47
20261005,11:10:20,49677.88,44527.32,26171.72,17134.47,123.73,1850.73,451.32,464.11,555.16,110.1,166.22,205.07,91.61,142.8,268.21,122.05,190.45,290.49,3176.01,1680.01,473.35,81.46,243.44,1052.02,388.18,236.01,290.69,438.39,208.24,101.42,3525.14,232.0,132.06,134.81,38.98,55.05,97.98,274.49
20261005,11:10:25,49724.54,44572.22,26173.56,17134.68,123.73,1850.73,451.32,464.04,555.22,110.18,166.22,205.07,91.61,142.8,268.21,122.07,190.45,290.49,3179.62,1682.4,473.34,81.46,243.32,1053.33,388.18,236.01,290.69,438.39,208.2,101.42,3525.66,232.0,132.06,134.81,38.98,55.07,97.98,274.49
20261005,11:10:30,49724.36,44572.48,26170.38,17132.49,123.73,1850.73,451.33,464.04,555.22,110.1,166.21,205.0,91.61,142.8,268.21,121.95,190.41,290.47,3179.7,1682.37,473.22,81.45,243.44,1053.16,388.18,236.01,291.03,438.39,208.2,101.42,3525.26,232.0,132.06,134.81,38.98,55.05,97.98,274.19
20261005,11:10:35,49726.73,44574.34,26171.95,17132.77,123.6,1850.5,451.41,464.04,555.11,110.1,166.22,205.03,91.61,142.8,268.21,121.95,190.41,290.48,3179.84,1682.43,473.33,81.47,243.44,1053.19,388.16,236.01,291.02,438.44,208.24,101.42,3525.67,232.0,132.06,134.79,38.98,55.05,97.98,274.19
20261005,11:10:40,49728.12,44574.51,26175.5,17132.92,123.6,1850.5,451.4,464.02,555.11,110.18,166.21,205.03,91.61,142.8,268.21,121.95,190.41,290.48,3179.85,1682.26,473.45,81.46,243.44,1053.64,388.16,236.01,291.02,438.43,208.24,101.42,3526.74,232.0,132.06,134.79,38.98,55.05,97.98,274.21
20261005,11:10:45,49727.08,44575.21,26170.78,17133.24,123.6,1850.5,451.41,464.15,555.11,110.18,166.22,205.07,91.61,142.8,268.21,121.95,190.41,290.48,3179.9,1682.57,473.43,81.44,243.44,1053.16,388.16,236.01,290.8,438.43,208.24,101.42,3525.18,232.0,132.06,134.79,38.98,55.05,97.98,274.22
20261005,11:10:50,49730.73,44579.07,26171.85,17135.45,123.73,1850.5,451.4,464.15,555.41,110.18,166.24,205.13,91.61,142.8,268.21,122.07,190.37,290.47,3180.16,1682.57,473.53,81.44,243.44,1053.64,388.15,236.01,290.8,438.43,208.24,101.42,3524.91,232.0,132.06,134.81,38.97,55.05,97.98,274.2
20261005,11:10:55,49732.14,44580.44,26172.06,17135.69,123.73,1850.5,451.4,464.23,555.41,110.18,166.24,205.14,91.61,142.8,268.21,122.07,190.37,290.5,3180.26,1682.63,473.56,81.47,243.44,1053.63,388.15,236.01,290.8,438.42,208.24,101.42,3524.91,232.0,132.06,134.81,38.97,55.07,97.98,274.2
20261005,11:11:00,49732.86,44581.14,26172.48,17136.17,123.73,1850.42,451.48,464.11,555.41,110.18,166.24,205.14,91.61,142.8,268.21,122.07,190.34,290.57,3180.31,1682.72,473.57,81.47,243.44,1053.08,388.15,236.01,291.11,438.41,208.24,101.42,3524.91,232.0,132.06,134.81,38.97,55.05,97.98,274.21
20261005,11:11:05,49738.3,44583.86,26181.48,17137.88,123.73,1850.42,451.57,464.11,555.41,110.18,166.24,205.15,91.61,142.8,268.21,122.07,190.37,290.57,3180.48,1682.72,473.55,81.47,243.29,1053.64,388.15,235.99,291.11,438.48,208.24,101.42,3527.26,232.0,132.06,134.81,38.97,55.05,97.98,274.51
20261005,11:11:10,49731.66,44577.8,26175.39,17132.25,123.7,1850.19,451.48,464.11,555.31,110.18,166.27,205.27,91.61,142.8,268.21,122.07,190.37,290.57,3180.13,1682.56,473.61,81.46,243.29,1053.65,388.15,235.99,290.8,438.46,208.24,101.42,3526.89,232.0,131.46,134.81,38.97,55.05,97.98,274.51
20261005,11:11:15,49737.74,44583.72,26175.67,17132.58,123.7,1850.19,451.48,464.22,555.28,110.18,166.28,205.29,91.61,142.8,268.21,122.07,190.41,290.57,3180.6,1682.82,473.61,81.47,243.29,1053.65,388.15,235.99,291.01,438.46,208.24,101.42,3526.89,232.0,131.46,134.82,38.98,55.05,97.98,274.56
20261005,11:11:20,49741.93,44588.25,26174.82,17133.09,123.57,1850.19,451.57,464.23,555.28,110.18,166.31,205.41,91.61,142.8,268.21,122.07,190.41,290.59,3180.95,1683.03,473.82,81.44,243.29,1053.66,388.18,235.99,291.01,438.41,208.24,101.42,3526.48,232.0,131.46,134.82,38.98,55.05,97.98,274.55
20261005,11:11:25,49743.2,44590.95,26170.53,17133.04,123.7,1850.19,451.56,464.23,555.25,110.18,166.31,205.42,91.61,142.81,268.09,122.07,190.41,290.58,3181.17,1683.14,473.82,81.47,243.29,1053.86,387.93,235.99,290.97,438.39,208.24,101.39,3525.15,232.0,131.46,134.82,38.98,55.03,97.98,274.55
20261005,11:11:30,49742.88,44589.0,26174.84,17132.51,123.7,1850.19,451.47,464.32,555.33,110.26,166.31,205.41,91.61,142.81,268.09,122.05,190.41,290.54,3181.03,1683.1,473.72,81.48,243.29,1054.14,387.93,235.99,290.67,438.39,208.23,101.38,3526.65,232.0,131.46,134.84,38.98,55.02,97.98,274.53
20261005,11:11:35,49747.9,44594.25,26177.27,17136.51,123.7,1850.19,451.39,464.32,555.33,110.26,166.29,205.34,91.61,142.81,268.09,122.05,190.41,290.57,3181.35,1683.23,473.85,81.43,243.29,1054.15,387.91,235.99,290.93,438.39,208.23,101.38,3526.32,232.0,132.06,134.84,38.98,55.04,97.98,274.48
20261005,11:11:40,49746.65,44592.88,26177.29,17136.04,123.7,1850.19,451.31,464.32,555.33,110.26,166.29,205.34,91.61,142.81,268.09,122.06,190.41,290.55,3181.26,1683.2,473.94,81.44,243.29,1053.73,387.9,235.99,291.07,438.37,208.23,101.38,3526.45,232.0,132.06,134.87,38.98,55.02,97.98,274.54
20261005,11:11:45,49706.19,44552.78,26179.84,17136.7,123.7,1850.19,451.39,464.32,555.36,110.26,166.29,205.33,91.61,142.81,268.09,122.05,190.41,290.56,3178.01,1680.7,473.85,81.44,243.29,1053.79,387.97,236.01,291.06,438.37,208.23,101.38,3527.07,232.0,132.06,134.87,38.98,55.02,97.98,274.54
20261005,11:11:50,49751.32,44595.97,26178.19,17132.17,123.7,1850.19,451.31,464.32,555.36,110.26,166.29,205.36,91.61,143.02,268.23,122.05,190.41,290.57,3181.6,1683.27,473.85,81.44,243.49,1054.21,388.0,236.01,291.07,438.37,208.25,101.38,3527.79,232.0,131.46,134.9,38.98,55.04,97.98,274.49
20261005,11:11:55,49749.1,44594.96,26177.53,17135.27,123.7,1850.19,451.39,464.32,555.36,110.26,166.1,205.35,91.45,143.02,268.23,122.05,190.41,290.56,3181.44,1683.42,473.84,81.39,243.49,1053.48,387.97,236.01,291.07,438.37,208.25,101.38,3526.74,232.0,132.06,134.89,38.98,55.04,97.98,274.48
20261005,11:12:00,49749.08,44596.94,26171.56,17135.09,123.7,1850.19,451.39,464.32,555.41,110.26,166.1,205.36,91.45,143.02,268.23,122.05,190.41,290.56,3181.6,1683.53,473.84,81.41,243.49,1053.55,387.97,236.01,291.03,438.34,208.22,101.38,3524.92,232.0,132.06,134.89,38.98,55.04,97.98,274.48
20261005,11:12:05,49753.59,44601.27,26170.86,17134.1,123.57,1850.19,451.39,464.32,555.18,110.18,166.11,205.38,91.45,143.02,268.23,122.05,190.41,290.56,3181.98,1683.57,473.84,81.41,243.49,1054.32,387.97,236.01,291.03,438.38,208.24,101.38,3524.97,231.93,132.06,134.89,38.98,55.04,97.98,274.5
20261005,11:12:10,49755.16,44602.89,26171.41,17135.02,123.7,1853.03,451.39,464.2,555.09,110.26,166.11,205.39,91.45,143.02,268.23,122.05,190.24,290.56,3182.09,1683.58,474.04,81.39,243.49,1054.33,387.99,236.01,291.04,438.38,208.24,101.38,3524.89,231.86,132.06,134.87,38.98,55.05,97.98,274.49
20261005,11:12:15,49747.84,44597.12,26162.53,17129.37,123.7,1851.61,451.4,464.2,555.08,110.26,166.11,205.37,91.45,142.81,268.23,122.05,190.28,290.53,3181.76,1683.46,474.03,81.39,243.49,1054.33,388.02,236.01,290.73,438.38,208.24,101.38,3523.65,231.86,131.46,134.87,38.98,55.05,97.98,274.49
20261005,11:12:20,49747.65,44596.75,26167.48,17134.46,123.7,1853.03,451.4,464.2,555.15,110.26,166.11,205.37,91.45,142.81,268.23,122.03,190.28,290.53,3181.61,1683.46,474.04,81.35,243.49,1053.62,388.04,236.01,291.04,438.34,208.25,101.38,3523.82,231.86,132.06,134.87,38.98,55.03,97.98,274.41
20261005,11:12:25,49714.52,44564.43,26167.01,17133.78,123.7,1853.03,451.41,464.2,555.15,110.18,166.07,205.27,91.45,142.81,268.23,122.04,190.24,290.49,3179.02,1681.19,474.14,81.36,243.49,1054.36,388.04,236.01,291.04,438.34,208.25,101.38,3523.85,231.81,132.06,134.87,38.98,55.03,97.98,274.42
20261005,11:12:30,49710.51,44560.53,26167.06,17133.84,123.7,1853.03,451.42,464.2,555.16,110.18,166.08,205.3,91.45,142.81,268.23,122.04,190.2,290.49,3178.7,1681.03,474.06,81.34,243.74,1054.09,388.04,236.01,290.95,438.32,208.25,101.38,3523.85,231.81,132.06,134.87,38.97,55.03,97.98,274.41
20261005,11:12:35,49746.62,44595.37,26165.97,17131.46,123.57,1850.11,451.42,464.2,555.16,110.18,166.08,205.33,91.45,142.81,268.23,122.04,190.2,290.49,3181.57,1683.51,473.92,81.36,243.49,1053.63,388.04,236.01,290.94,438.32,208.25,101.38,3524.16,231.81,132.06,134.87,38.98,55.03,97.98,274.1
20261005,11:12:40,49706.5,44555.48,26167.88,17130.95,123.57,1850.12,451.42,463.95,555.04,110.26,166.08,205.3,91.45,142.81,268.23,122.04,190.2,290.52,3178.36,1680.99,474.17,81.36,243.49,1053.53,387.97,236.01,290.94,438.32,208.25,101.38,3524.89,231.81,132.06,134.89,38.98,55.03,97.98,274.07
20261005,11:12:45,49748.62,44596.93,26167.12,17131.46,123.7,1850.12,451.42,463.95,555.01,110.26,166.08,205.3,91.45,142.81,268.23,122.04,190.2,290.52,3181.69,1683.45,473.97,81.34,243.49,1054.1,387.97,236.01,290.95,438.32,208.25,101.38,3524.52,231.81,132.06,134.88,38.98,55.05,97.98,274.12
20261005,11:12:50,49751.98,44600.2,26167.3,17131.67,123.7,1850.12,451.41,463.95,555.04,110.26,166.08,205.32,91.45,142.81,268.23,122.04,190.2,290.51,3181.95,1683.51,474.0,81.34,243.49,1054.36,387.97,236.0,291.04,438.32,208.26,101.38,3524.52,231.81,132.06,134.89,38.98,55.05,97.98,274.12
20261005,11:12:55,49753.87,44602.04,26167.86,17132.32,123.7,1850.2,451.5,463.95,555.04,110.26,166.08,205.32,91.45,142.81,268.23,122.04,190.24,290.51,3182.08,1683.41,474.24,81.36,243.3,1054.88,387.97,236.0,291.04,438.32,208.26,101.38,3524.52,231.81,132.06,134.89,38.98,55.05,97.97,274.11
20261005,11:13:00,49753.8,44602.16,26167.69,17132.73,123.7,1850.2,451.42,463.95,555.09,110.26,166.08,205.32,91.45,142.8,268.23,122.04,190.24,290.51,3182.08,1683.56,474.23,81.35,243.3,1054.43,387.97,236.0,291.04,438.32,208.26,101.38,3524.35,231.81,132.06,134.89,38.98,55.03,97.97,274.41
20261005,11:13:05,49714.7,44563.03,26171.02,17133.09,123.7,1850.2,451.5,463.95,555.09,110.26,166.07,205.28,91.45,142.8,268.23,122.04,190.2,290.48,3178.92,1681.05,474.03,81.34,243.3,1054.86,387.97,236.0,291.05,438.32,208.25,101.38,3525.3,231.81,132.06,134.92,38.98,55.03,97.97,274.41
20261005,11:13:10,49747.45,44596.06,26167.29,17132.59,123.7,1850.2,451.41,463.95,555.11,110.25,166.06,205.23,91.45,142.8,268.23,122.06,190.24,290.49,3181.59,1683.4,474.09,81.34,243.3,1054.34,387.97,236.0,290.73,438.36,208.26,101.38,3524.26,231.81,132.06,134.92,38.98,55.03,97.97,274.41
20261005,11:13:15,49750.46,44599.0,26163.36,17128.07,123.7,1850.2,451.41,463.95,555.08,110.33,166.05,205.2,91.45,142.8,268.23,122.06,190.24,290.47,3181.94,1683.61,474.1,81.32,243.3,1054.52,387.97,236.0,290.74,438.41,208.26,101.38,3524.26,231.81,131.46,134.92,38.98,55.03,97.96,274.46
20261005,11:13:20,49757.9,44606.12,26164.06,17128.46,123.7,1850.2,451.41,463.95,555.09,110.33,166.05,205.2,91.45,143.01,268.23,122.06,190.24,290.46,3182.5,1683.72,474.0,81.35,243.55,1054.96,387.97,236.0,291.05,438.4,208.26,101.38,3524.38,231.82,131.46,134.92,38.98,55.03,97.96,274.46
20261005,11:13:25,49718.75,44568.2,26166.77,17132.32,123.7,1850.2,451.33,463.83,555.09,110.25,166.06,205.23,91.45,143.01,268.23,122.06,190.24,290.46,3179.36,1681.26,473.98,81.38,243.55,1054.94,387.99,236.0,291.09,438.34,208.27,101.38,3524.18,231.82,132.06,134.92,38.98,55.03,97.96,274.46
20261005,11:13:30,49757.13,44605.74,26167.34,17133.46,123.7,1850.2,451.42,463.83,555.09,110.26,166.08,205.29,91.45,143.01,268.41,122.06,190.24,290.46,3182.35,1683.52,474.05,81.38,243.73,1054.9,387.99,236.01,291.08,438.28,208.29,101.38,3524.04,231.82,132.06,134.91,38.98,55.03,97.96,274.49
20261005,11:13:35,49717.32,44566.96,26166.53,17132.53,123.7,1850.2,451.33,463.84,555.08,110.26,166.06,205.27,91.44,143.01,268.41,122.06,190.24,290.44,3179.25,1681.2,474.06,81.37,243.55,1054.85,387.99,236.01,291.08,438.29,208.29,101.38,3524.04,231.82,132.06,134.91,38.98,55.03,97.96,274.47
20261005,11:13:40,49718.25,44567.19,26168.35,17132.39,123.7,1850.2,451.24,463.96,555.11,110.26,166.09,205.37,91.44,143.01,268.41,122.06,190.24,290.44,3179.27,1681.25,474.06,81.35,243.55,1054.77,387.99,236.09,291.08,438.33,208.29,101.38,3524.65,231.82,132.06,134.91,38.98,55.03,97.96,274.47
20261005,11:13:45,49714.96,44564.84,26165.86,17132.38,123.7,1850.2,451.24,463.95,555.11,110.26,166.09,205.39,91.44,143.01,268.41,122.06,190.24,290.44,3179.08,1681.2,474.06,81.37,243.3,1054.71,387.99,236.09,291.04,438.33,208.29,101.38,3523.88,231.82,132.06,134.89,38.98,55.03,97.96,274.49
20261005,11:13:50,49749.98,44598.85,26165.85,17131.99,123.7,1850.2,451.25,463.95,555.11,110.26,166.07,205.33,91.44,143.02,268.41,122.06,190.24,290.44,3181.83,1683.6,473.9,81.38,243.3,1054.02,387.97,236.09,291.03,438.33,208.25,101.38,3523.98,231.82,132.06,134.91,38.98,55.03,97.96,274.47
20261005,11:13:55,49746.33,44595.28,26164.41,17130.29,123.7,1850.2,451.24,463.95,555.14,110.26,166.08,205.34,91.44,143.02,268.41,121.94,190.53,290.44,3181.59,1683.46,473.93,81.38,243.29,1053.86,387.97,236.09,291.02,438.32,208.22,101.38,3523.99,231.82,132.05,134.91,38.98,55.03,97.96,274.17
20261005,11:14:00,49709.95,44559.83,26164.81,17130.76,123.57,1853.04,451.24,463.95,555.14,110.26,166.07,205.34,91.43,143.02,268.41,121.94,190.39,290.42,3178.72,1681.16,473.93,81.38,243.48,1053.97,387.97,236.09,291.02,438.3,208.22,101.38,3523.99,231.82,132.05,134.91,38.98,55.03,97.96,274.17
20261005,11:14:05,49710.8,44560.28,26164.85,17129.51,123.7,1850.2,451.24,463.95,555.12,110.18,166.05,205.36,91.41,143.02,268.41,121.94,190.39,290.44,3178.78,1681.05,473.82,81.38,243.3,1054.71,387.97,236.09,291.03,438.3,208.21,101.38,3524.34,231.85,132.05,134.94,38.98,55.03,97.96,274.15
20261005,11:14:10,49709.68,44558.45,26166.88,17129.39,123.7,1850.2,451.24,463.95,555.12,110.18,166.05,205.38,91.41,143.02,268.41,121.94,190.39,290.44,3178.64,1681.12,473.93,81.38,243.41,1053.96,387.99,236.09,291.03,438.3,208.21,101.38,3525.01,231.85,132.05,134.94,38.98,55.03,97.96,274.09
20261005,11:14:15,49753.18,44601.26,26164.71,17128.32,123.7,1850.2,451.24,463.95,555.12,110.18,166.05,205.37,91.41,143.02,268.41,121.94,190.39,290.44,3182.12,1683.57,473.92,81.37,243.39,1054.72,387.98,236.09,291.03,438.3,208.1,101.38,3524.62,231.89,132.05,134.94,38.98,55.03,97.96,274.07
20261005,11:14:20,49745.04,44593.76,26163.53,17128.4,123.7,1850.2,451.24,463.95,555.11,110.18,166.05,205.36,91.41,143.02,268.41,121.94,190.39,290.42,3181.51,1683.46,473.8,81.38,243.5,1054.0,387.98,236.09,290.72,438.3,208.1,101.38,3524.23,231.89,132.05,134.94,38.98,55.05,97.96,274.09
20261005,11:14:25,49744.47,44593.2,26159.3,17123.54,123.7,1849.99,451.16,463.87,555.06,110.18,166.05,205.38,91.41,143.02,268.41,121.94,190.39,290.42,3181.58,1683.53,473.8,81.38,243.49,1053.58,387.98,236.09,291.03,438.3,208.17,101.38,3524.23,231.89,131.45,134.94,38.98,55.05,97.96,274.11
20261005,11:14:30,49744.06,44594.09,26155.44,17123.41,123.7,1849.99,451.16,463.87,555.06,110.18,166.05,205.38,91.41,143.01,268.41,121.94,190.39,290.42,3181.66,1683.48,473.79,81.38,243.38,1054.03,387.98,236.09,291.03,438.24,208.17,101.38,3523.06,231.89,131.45,134.94,38.98,55.05,97.96,274.11
20261005,11:14:35,49741.41,44591.25,26159.88,17127.63,123.7,1849.99,451.08,463.87,555.1,110.17,166.06,205.39,91.41,143.01,268.41,121.94,190.39,290.43,3181.33,1683.33,473.8,81.39,243.51,1053.57,387.98,236.09,291.03,438.24,208.18,101.38,3523.29,231.89,132.05,134.92,38.98,55.05,97.96,274.07
20261005,11:14:40,49742.0,44592.01,26159.97,17128.38,123.7,1849.99,451.07,463.87,555.1,110.17,166.05,205.38,91.41,143.01,268.41,121.94,190.39,290.43,3181.37,1683.33,473.8,81.38,243.26,1054.29,387.98,236.09,290.71,438.23,208.18,101.38,3523.12,231.89,132.05,134.92,38.98,55.05,97.96,274.36
20261005,11:14:45,49738.85,44589.79,26158.61,17129.62,123.7,1849.99,451.07,463.87,555.18,110.25,166.05,205.37,91.41,143.01,268.41,122.06,190.39,290.43,3181.16,1683.41,473.79,81.38,243.25,1053.6,387.92,236.09,290.71,438.24,208.18,101.38,3522.36,231.89,132.05,134.92,38.98,55.05,97.96,274.36
20261005,11:14:50,49740.88,44591.72,26154.17,17124.38,123.7,1849.99,451.15,463.74,555.19,110.16,166.05,205.34,91.41,143.01,268.41,122.04,190.39,290.46,3181.44,1683.41,473.79,81.38,243.07,1054.01,387.92,236.1,291.04,438.29,208.11,101.38,3522.39,231.89,131.45,134.92,38.98,55.05,97.96,274.36
20261005,11:14:55,49742.82,44593.7,26154.35,17124.88,123.7,1849.99,451.24,463.74,555.09,110.16,166.05,205.35,91.41,143.01,268.41,122.04,190.39,290.46,3181.59,1683.4,473.81,81.35,243.25,1054.25,387.92,236.1,291.04,438.22,208.14,101.38,3522.32,231.89,131.45,134.92,38.98,55.05,97.96,274.36
20261005,11:15:00,49703.16,44554.42,26159.64,17128.82,123.57,1849.99,451.15,463.73,555.08,110.16,166.07,205.43,91.41,143.01,268.27,122.04,190.39,290.43,3178.33,1680.9,473.82,81.38,243.25,1054.21,387.91,236.11,290.98,438.22,208.14,101.38,3522.9,231.96,132.05,134.92,38.98,55.05,97.96,274.36
20261005,11:15:05,49703.56,44553.31,26164.83,17129.76,123.7,1849.99,451.23,463.73,555.08,110.16,166.08,205.46,91.41,143.01,268.27,122.04,190.43,290.42,3178.22,1680.89,473.81,81.35,243.06,1054.21,387.91,236.11,290.98,438.22,208.13,101.38,3524.26,231.96,132.05,134.92,38.98,55.05,97.96,274.36
20261005,11:15:10,49737.07,44585.95,26164.49,17129.37,123.7,1849.99,451.15,463.73,555.11,110.16,166.08,205.48,91.41,143.01,268.27,122.04,190.43,290.42,3180.86,1683.4,473.81,81.35,243.24,1053.0,387.95,236.11,290.67,438.22,208.13,101.38,3524.26,231.96,132.05,134.92,38.98,55.05,97.96,274.4
20261005,11:15:15,49737.87,44586.91,26160.44,17125.31,123.7,1849.99,451.16,463.73,555.08,110.16,166.08,205.49,91.41,143.01,268.27,122.04,190.43,290.47,3181.03,1683.41,473.81,81.35,243.24,1052.99,387.95,236.11,290.98,438.22,208.13,101.38,3524.1,232.28,131.45,134.94,38.98,55.03,97.96,274.45
20261005,11:15:20,49740.88,44591.34,26161.43,17131.49,123.7,1852.83,451.16,463.74,555.13,110.16,166.09,205.52,91.41,143.01,268.27,122.04,190.39,290.47,3181.24,1683.31,473.82,81.35,243.24,1054.18,387.92,236.11,290.67,438.2,208.13,101.38,3522.73,232.28,132.05,134.92,38.98,55.03,97.96,274.49
20261005,11:15:25,49738.9,44589.63,26160.09,17130.63,123.7,1852.83,451.16,463.77,555.13,110.16,166.08,205.5,91.41,143.01,268.27,121.92,190.39,290.47,3181.12,1683.35,473.91,81.33,243.24,1053.34,387.92,236.11,290.97,438.2,208.13,101.38,3522.54,232.28,132.05,134.92,38.98,55.03,97.96,274.48
20261005,11:15:30,49736.13,44585.88,26163.63,17131.22,123.7,1852.83,451.08,463.77,555.13,110.15,166.1,205.56,91.41,143.01,268.27,121.94,190.39,290.47,3180.81,1683.2,473.81,81.33,243.36,1052.98,387.92,236.09,291.03,438.15,208.24,101.38,3523.49,232.28,132.05,134.92,38.98,55.03,97.96,274.44
20261005,11:15:35,49742.09,44591.66,26162.56,17129.87,123.7,1850.21,451.08,463.77,555.13,110.16,166.12,205.63,91.41,143.01,268.39,121.94,190.39,290.47,3181.3,1683.2,473.82,81.35,243.42,1054.09,388.17,236.09,290.97,438.15,208.18,101.38,3523.53,232.28,132.05,134.92,38.98,55.03,97.96,274.44
20261005,11:15:40,49691.31,44539.58,26166.15,17125.29,123.57,1851.63,451.08,463.77,555.14,110.17,166.12,205.63,91.41,143.01,268.39,121.94,190.35,290.47,3177.22,1680.69,473.9,81.27,242.79,1052.77,388.17,236.06,290.96,438.15,208.18,101.38,3525.89,232.28,131.45,134.92,38.98,55.03,97.96,274.45
20261005,11:15:45,49727.04,44576.05,26162.03,17126.11,123.57,1851.63,451.07,463.77,555.12,110.17,166.12,205.61,91.41,143.01,268.39,122.06,190.35,290.47,3180.14,1682.97,473.79,81.34,243.15,1052.75,388.17,236.06,290.64,438.15,208.18,101.38,3524.38,232.28,131.45,134.92,38.98,55.03,97.96,274.5
20261005,11:15:50,49689.68,44540.1,26160.43,17125.77,123.57,1850.21,451.16,463.77,555.07,110.17,166.11,205.59,91.41,142.8,268.39,122.06,190.35,290.47,3177.25,1680.62,473.7,81.31,243.29,1053.16,388.17,236.06,290.62,438.15,208.18,101.41,3523.97,232.28,131.45,134.94,38.98,55.04,97.96,274.48
20261005,11:15:55,49731.31,44580.27,26162.0,17126.28,123.63,1850.44,451.16,463.77,555.07,110.17,166.12,205.68,91.4,142.8,268.39,122.07,190.35,290.46,3180.47,1683.1,473.71,81.31,243.42,1053.04,388.17,236.06,290.62,438.21,208.18,101.41,3524.32,232.28,131.45,134.94,38.98,55.04,97.96,274.48
20261005,11:16:00,49731.27,44580.24,26162.37,17126.71,123.76,1850.21,451.16,463.77,555.07,110.17,166.13,205.72,91.4,142.8,268.36,122.07,190.35,290.46,3180.46,1683.21,473.92,81.34,243.18,1052.71,387.84,236.06,290.62,438.24,208.18,101.41,3524.32,232.28,131.45,134.94,38.98,55.04,97.96,274.48
20261005,11:16:05,49687.77,44539.95,26157.13,17127.68,123.76,1850.21,451.16,463.77,555.25,110.24,166.17,205.85,91.41,142.8,268.36,122.07,190.35,290.5,3177.19,1680.8,473.76,81.32,242.99,1052.7,387.84,236.06,290.62,438.18,208.15,101.41,3522.42,232.28,131.45,134.94,38.98,55.06,97.96,274.47
20261005,11:16:10,49728.21,44579.2,26161.12,17131.76,123.76,1851.63,451.16,463.77,555.25,110.17,166.19,205.88,91.42,142.8,268.36,122.07,190.49,290.49,3180.26,1683.2,473.66,81.33,242.99,1052.7,387.79,236.06,290.62,438.23,208.0,101.41,3522.56,232.28,132.05,134.92,38.98,55.06,97.96,274.48
20261005,11:16:15,49727.26,44578.5,26156.72,17127.49,123.76,1851.63,451.16,463.77,555.47,110.17,166.2,205.9,91.42,142.8,268.36,121.95,190.49,290.44,3180.3,1683.2,473.78,81.33,242.99,1052.71,387.77,236.06,290.62,438.24,208.07,101.41,3522.35,232.28,131.45,134.94,38.98,55.04,97.96,274.46
20261005,11:16:20,49727.88,44576.96,26162.73,17127.2,123.76,1852.97,451.16,463.77,555.36,110.17,166.19,205.87,91.42,142.8,268.36,121.95,190.49,290.44,3180.18,1683.04,473.66,81.28,243.01,1052.71,387.75,236.06,290.93,438.24,208.03,101.41,3524.31,232.28,131.45,134.94,38.98,55.04,97.96,274.46
20261005,11:16:25,49728.92,44577.71,26164.43,17128.3,123.76,1852.97,451.16,463.77,555.35,110.17,166.18,205.83,91.42,142.8,268.36,121.95,190.35,290.44,3180.22,1683.13,473.66,81.3,243.19,1052.44,387.72,236.06,290.83,438.18,208.18,101.41,3524.54,232.28,131.45,134.94,38.98,55.04,97.87,274.52
20261005,11:16:30,49723.8,44572.56,26164.42,17127.71,123.76,1851.55,451.16,463.77,555.35,110.17,166.18,205.84,91.42,142.8,268.36,121.93,190.35,290.46,3179.82,1682.87,473.69,81.3,243.19,1052.3,387.47,236.06,290.83,438.2,208.18,101.41,3524.69,232.28,131.45,134.94,38.97,55.04,97.87,274.52
20261005,11:16:35,49722.3,44571.07,26168.78,17132.65,123.76,1851.55,451.16,463.91,555.35,110.17,166.19,205.85,91.42,142.8,268.36,121.93,190.35,290.46,3179.58,1682.87,473.67,81.3,243.08,1051.84,387.52,236.06,290.83,438.2,208.17,101.41,3524.71,232.28,132.05,134.94,38.97,55.04,97.88,274.52
20261005,11:16:40,49678.2,44528.09,26164.7,17127.94,123.76,1851.55,451.08,463.91,555.39,110.17,166.2,205.87,91.43,142.8,268.36,122.05,190.35,290.46,3176.23,1680.37,473.69,81.3,243.08,1051.98,387.52,236.06,290.51,438.2,208.14,101.41,3524.72,232.28,131.45,134.94,38.97,55.04,97.88,274.52
20261005,11:16:45,49713.61,44563.44,26163.14,17128.96,123.76,1851.55,451.16,463.99,555.38,110.17,166.2,205.83,91.43,142.8,268.36,122.05,190.35,290.44,3179.05,1682.58,473.4,81.3,243.08,1051.81,387.52,236.05,290.83,438.25,208.18,101.41,3523.95,232.28,131.45,134.94,38.97,55.04,97.88,274.52
20261005,11:16:50,49716.3,44563.93,26168.81,17128.36,123.7,1851.55,451.08,464.16,555.35,110.18,166.21,205.82,91.44,142.8,268.36,122.05,190.35,290.44,3179.11,1682.58,473.4,81.3,243.08,1052.3,387.52,236.3,290.51,438.25,208.18,101.41,3525.89,232.28,131.45,134.94,38.97,55.04,97.88,274.5
20261005,11:16:55,49678.18,44526.78,26168.45,17127.92,123.57,1851.55,451.08,464.17,555.35,110.18,166.21,205.82,91.44,142.8,268.36,122.06,190.35,290.44,3176.12,1680.18,473.4,81.31,242.83,1052.43,387.52,236.3,290.82,438.25,208.18,101.41,3525.89,232.28,131.45,134.92,38.97,55.04,97.88,274.49
20261005,11:17:00,49679.53,44528.09,26169.08,17128.61,123.76,1851.55,451.08,464.17,555.35,110.18,166.21,205.81,91.44,142.8,268.36,122.06,190.35,290.44,3176.21,1680.27,473.38,81.3,242.83,1052.4,387.52,236.3,290.82,438.25,208.18,101.41,3525.9,232.28,131.45,134.92,38.97,55.04,97.88,274.55
20261005,11:17:05,49677.71,44528.35,26163.24,17128.69,123.76,1851.55,451.08,464.17,555.35,110.18,166.21,205.84,91.44,142.8,268.36,122.06,190.35,290.47,3176.23,1680.52,473.27,81.27,242.66,1052.0,387.54,236.3,290.82,438.26,208.17,101.41,3524.06,232.28,131.45,134.92,38.97,55.04,97.88,274.55
20261005,11:17:10,49670.51,44522.57,26159.48,17128.49,123.76,1851.55,451.08,464.17,555.34,110.18,166.2,205.8,91.44,142.8,268.36,122.06,190.35,290.47,3175.77,1680.24,473.27,81.28,242.91,1051.91,387.54,236.31,290.51,438.26,208.16,101.41,3522.94,232.28,131.45,134.92,38.97,55.04,97.88,274.53
20261005,11:17:15,49674.6,44526.76,26158.74,17128.34,123.76,1851.55,451.08,464.17,555.4,110.18,166.2,205.8,91.44,142.8,268.36,122.06,190.35,290.45,3176.11,1680.37,473.27,81.3,242.91,1051.9,387.54,236.31,290.82,438.26,208.13,101.41,3522.75,232.28,131.45,134.92,38.97,55.04,97.88,274.53
20261005,11:17:20,49672.03,44524.41,26158.25,17128.3,123.76,1851.55,451.07,464.17,555.4,110.18,166.21,205.84,91.44,142.8,268.36,122.06,190.35,290.45,3175.92,1680.27,473.4,81.27,243.05,1051.88,387.84,236.31,290.51,438.23,208.13,101.41,3522.6,232.28,131.45,134.92,38.97,55.04,97.88,274.53
20261005,11:17:25,49675.27,44527.67,26158.06,17128.45,123.76,1851.55,451.07,464.17,555.35,110.26,166.23,205.84,91.45,142.8,268.36,122.06,190.35,290.45,3176.18,1680.36,473.47,81.27,243.05,1052.17,387.84,236.31,290.51,438.23,208.13,101.41,3522.5,232.32,131.45,134.94,38.97,55.04,97.88,274.46
20261005,11:17:30,49712.33,44563.33,26159.88,17129.04,123.76,1851.55,451.15,464.17,555.28,110.26,166.21,205.84,91.44,142.8,268.36,122.08,190.35,290.45,3179.04,1682.5,473.34,81.28,243.06,1052.07,387.85,236.31,290.83,438.23,208.16,101.41,3522.91,232.32,131.45,134.94,38.97,55.04,97.88,274.46
20261005,11:17:35,49674.54,44524.46,26164.74,17127.77,123.76,1851.55,451.15,464.17,555.34,110.26,166.22,205.88,91.44,142.8,268.36,122.06,190.35,290.47,3175.94,1679.96,473.43,81.29,243.04,1052.44,387.88,236.31,290.83,438.23,208.01,101.41,3524.78,232.27,131.45,134.94,38.97,55.06,97.88,274.38
20261005,11:17:40,49714.71,44563.83,26164.05,17127.72,123.76,1851.92,451.15,464.17,555.34,110.26,166.21,205.82,91.44,142.8,268.36,122.06,190.35,290.48,3179.11,1682.47,473.37,81.3,242.79,1052.5,387.95,236.31,290.82,438.2,208.01,101.38,3524.58,232.27,131.45,134.94,38.97,55.06,97.88,274.4
20261005,11:17:45,49671.84,44522.68,26161.65,17127.04,123.76,1851.92,451.07,464.17,555.34,110.26,166.21,205.82,91.44,142.8,268.36,122.06,190.35,290.48,3175.81,1680.08,473.48,81.31,242.8,1052.16,387.95,236.31,290.6,438.2,208.01,101.38,3524.01,232.27,131.45,134.92,38.97,55.06,97.88,274.4
20261005,11:17:50,49675.43,44525.81,26162.62,17126.9,123.76,1851.92,451.07,464.17,555.27,110.17,166.21,205.83,91.44,142.8,268.36,122.08,190.35,290.47,3176.07,1680.0,473.39,81.31,242.87,1052.65,387.95,236.31,290.92,438.2,208.03,101.38,3524.35,232.27,131.45,134.92,38.97,55.06,97.97,274.37
20261005,11:17:55,49675.67,44525.59,26163.78,17126.76,123.76,1851.92,451.07,464.17,555.27,110.18,166.2,205.79,91.44,142.8,268.36,122.08,190.35,290.47,3176.06,1680.11,473.38,81.3,242.99,1052.17,387.95,236.3,290.92,438.2,208.03,101.38,3524.75,232.27,131.45,134.92,38.97,55.04,97.97,274.38
20261005,11:18:00,49672.25,44522.01,26163.82,17125.96,123.76,1851.96,451.07,464.25,555.05,110.18,166.2,205.79,91.44,142.79,268.36,122.06,190.35,290.47,3175.79,1679.98,473.4,81.32,242.99,1052.02,387.95,236.3,290.82,438.2,208.03,101.38,3524.98,232.27,131.45,134.92,38.97,55.04,97.97,274.37
20261005,11:18:05,49676.2,44525.2,26165.91,17126.18,123.82,1853.38,451.07,464.25,554.94,110.18,166.19,205.75,91.44,142.79,268.36,122.06,190.35,290.49,3176.04,1680.15,473.58,81.33,242.86,1052.03,387.85,236.31,290.82,438.2,208.03,101.38,3525.58,232.27,131.45,134.92,38.97,55.04,97.97,274.35
20261005,11:18:10,49678.1,44527.02,26165.93,17126.08,123.82,1853.38,451.07,464.25,554.94,110.18,166.19,205.75,91.44,142.79,268.36,122.06,190.35,290.47,3176.19,1680.23,473.49,81.31,242.86,1052.66,387.85,236.31,290.5,438.2,208.03,101.38,3525.61,232.27,131.45,134.92,38.97,55.04,97.97,274.33
20261005,11:18:15,49674.93,44524.4,26165.55,17127.2,123.82,1851.96,451.07,464.35,554.97,110.18,166.19,205.76,91.44,142.79,268.36,122.06,190.35,290.46,3175.95,1680.24,473.39,81.31,243.11,1051.94,387.92,236.32,290.5,438.2,208.17,101.38,3525.19,232.27,131.45,134.92,38.97,55.05,97.97,274.33
20261005,11:18:20,49678.94,44528.74,26165.0,17128.01,123.82,1851.96,451.15,464.28,554.97,110.18,166.2,205.81,91.44,143.0,268.36,122.06,190.35,290.46,3176.28,1680.23,473.46,81.31,243.04,1052.67,387.92,236.32,290.55,438.2,208.17,101.38,3524.79,232.27,131.45,134.92,38.97,55.05,97.97,274.32
20261005,11:18:25,49675.35,44525.46,26167.25,17131.33,123.82,1852.04,451.15,464.28,554.97,110.26,166.2,205.81,91.44,143.0,268.36,122.05,190.35,290.46,3175.94,1680.17,473.24,81.31,243.07,1052.21,388.24,236.32,290.55,438.2,208.02,101.38,3524.59,232.27,132.05,134.84,38.97,55.05,97.97,274.3
20261005,11:18:30,49715.87,44565.2,26163.18,17127.54,123.82,1853.46,451.07,464.28,554.87,110.18,166.2,205.78,91.44,143.0,268.36,122.05,190.35,290.46,3179.23,1682.62,473.23,81.3,243.19,1052.01,388.24,236.33,290.86,438.2,208.2,101.38,3524.35,232.27,131.45,134.82,38.97,55.05,97.97,274.3
20261005,11:18:35,49713.92,44563.2,26163.49,17127.58,123.82,1852.04,451.15,464.28,554.87,110.18,166.2,205.78,91.44,143.01,268.36,122.05,190.35,290.45,3179.07,1682.61,473.23,81.3,243.19,1052.1,387.95,236.34,290.55,438.2,208.2,101.38,3524.44,232.26,131.45,134.82,38.97,55.05,97.97,274.32
20261005,11:18:40,49712.56,44561.99,26161.65,17125.83,123.82,1852.04,451.15,464.28,554.87,110.18,166.19,205.74,91.44,143.01,268.36,122.05,190.35,290.45,3179.01,1682.58,473.22,81.27,243.19,1052.17,387.69,236.34,290.55,438.2,208.05,101.38,3524.34,232.26,131.45,134.82,38.97,55.03,97.97,274.3
20261005,11:18:45,49717.6,44566.57,26162.37,17125.55,123.82,1852.04,451.15,464.27,554.87,110.18,166.17,205.7,91.44,143.01,268.36,122.05,190.35,290.46,3179.39,1682.74,473.15,81.29,243.19,1052.64,387.69,236.34,290.52,438.2,208.03,101.38,3524.64,232.26,131.45,134.82,38.97,55.03,97.97,274.3
20261005,11:18:50,49717.18,44566.16,26162.17,17125.32,123.82,1852.04,451.15,464.14,554.92,110.18,166.17,205.69,91.44,143.01,268.36,121.93,190.35,290.46,3179.36,1682.73,473.15,81.28,243.19,1052.18,387.69,236.34,290.87,438.2,208.06,101.38,3524.64,232.26,131.45,134.82,38.97,55.04,98.07,274.3
20261005,11:18:55,49677.36,44527.36,26161.88,17124.98,123.82,1852.04,451.15,464.11,554.92,110.18,166.18,205.72,91.44,142.8,268.36,121.93,190.35,290.46,3176.24,1680.33,473.14,81.29,243.18,1052.16,387.69,236.34,290.86,438.18,208.06,101.38,3524.64,232.25,131.45,134.82,38.97,55.04,98.07,274.3
20261005,11:19:00,49717.94,44564.79,26168.58,17125.62,123.82,1852.04,451.06,463.86,554.89,110.18,166.17,205.69,91.44,142.8,268.36,121.93,190.35,290.46,3179.24,1682.7,473.37,81.27,243.18,1052.18,387.67,236.34,290.55,438.25,208.21,101.38,3526.56,232.25,131.45,134.84,38.97,55.04,98.07,274.34
20261005,11:19:05,49721.03,44567.98,26169.04,17126.74,123.82,1852.04,451.06,463.89,554.89,110.26,166.19,205.73,91.45,142.8,268.36,122.05,190.35,290.46,3179.47,1682.83,473.51,81.27,243.18,1052.16,387.67,236.34,290.56,438.26,208.21,101.38,3526.4,232.25,131.45,134.84,38.97,55.04,98.06,274.33
20261005,11:19:10,49723.51,44569.95,26170.22,17126.6,123.82,1852.04,450.98,463.89,554.89,110.26,166.19,205.73,91.45,143.01,268.36,122.05,190.35,290.46,3179.63,1682.85,473.47,81.28,243.18,1052.05,387.67,236.34,290.92,438.27,208.21,101.38,3526.81,232.25,131.45,134.84,38.97,55.04,98.06,274.37
20261005,11:19:15,49721.95,44569.42,26167.4,17126.69,123.82,1852.04,450.98,463.89,555.34,110.23,166.19,205.76,91.44,143.01,268.36,122.05,190.35,290.46,3179.59,1682.93,473.35,81.29,243.19,1052.17,387.81,236.33,290.61,438.27,208.06,101.38,3525.9,232.25,131.45,134.84,38.97,55.04,98.06,274.37
20261005,11:19:20,49720.93,44570.61,26162.18,17128.01,123.82,1852.04,450.98,463.89,555.29,110.23,166.22,205.87,91.44,143.01,268.36,122.05,190.31,290.46,3179.65,1682.97,473.25,81.27,243.19,1052.3,387.81,236.33,290.65,438.27,208.17,101.38,3523.91,232.25,131.45,134.82,38.97,55.06,98.06,274.39
20261005,11:19:25,49723.45,44573.05,26163.12,17129.02,123.82,1852.04,450.98,463.89,555.29,110.23,166.22,205.86,91.44,143.01,268.36,122.05,190.31,290.46,3179.83,1682.77,473.34,81.31,243.19,1052.76,387.81,236.33,290.96,438.27,208.28,101.38,3523.93,232.25,131.45,134.82,38.97,55.06,98.06,274.39
20261005,11:19:30,49722.32,44571.56,26165.16,17130.06,123.69,1853.46,450.98,463.89,555.4,110.23,166.22,205.88,91.44,143.01,268.36,122.05,190.35,290.46,3179.68,1682.82,473.34,81.34,243.19,1052.2,387.89,236.33,290.96,438.27,208.32,101.38,3524.28,232.25,131.45,134.82,38.97,55.06,98.06,274.41
20261005,11:19:35,49680.83,44530.98,26168.18,17133.02,123.82,1851.82,450.98,463.89,555.35,110.22,166.21,205.83,91.44,143.01,268.36,122.05,190.35,290.42,3176.34,1680.42,473.27,81.3,243.19,1052.2,387.89,236.33,290.64,438.27,208.32,101.36,3524.43,232.25,132.05,134.82,38.97,55.04,98.06,274.09
20261005,11:19:40,49719.06,44568.23,26164.2,17128.44,123.82,1851.82,450.98,463.89,555.43,110.23,166.2,205.81,91.44,143.01,268.36,122.05,190.35,290.42,3179.45,1682.82,473.28,81.33,243.19,1052.13,387.89,236.33,290.64,438.27,208.31,101.36,3524.43,232.25,131.45,134.82,38.97,55.04,98.06,274.1
20261005,11:19:45,49677.5,44527.67,26164.19,17128.18,123.82,1851.82,450.98,463.89,555.43,110.23,166.2,205.8,91.44,143.01,268.36,122.05,190.35,290.42,3176.19,1680.3,473.28,81.32,243.19,1052.13,387.89,236.33,290.68,438.24,208.32,101.36,3524.49,232.25,131.45,134.82,38.97,55.04,98.06,274.03
20261005,11:19:50,49680.33,44529.46,26167.31,17128.56,123.82,1851.82,450.98,464.17,555.46,110.23,166.19,205.77,91.44,143.01,268.36,122.05,190.35,290.42,3176.32,1680.31,473.21,81.31,243.19,1052.49,387.91,236.33,290.69,438.24,208.32,101.36,3525.37,232.25,131.45,134.82,38.97,55.04,98.06,274.05
20261005,11:19:55,49723.38,44571.41,26167.44,17128.7,123.82,1851.82,451.06,464.17,555.46,110.23,166.19,205.72,91.45,143.01,268.36,122.05,190.35,290.42,3179.7,1682.79,473.21,81.29,243.19,1052.52,387.91,236.33,291.01,438.27,208.28,101.36,3525.37,232.25,131.45,134.78,38.97,55.04,98.06,274.06
20261005,11:20:00,49719.23,44567.36,26166.0,17127.04,123.82,1851.82,450.98,463.91,555.46,110.23,166.2,205.76,91.45,143.01,268.36,121.91,190.35,290.42,3179.41,1682.69,473.21,81.3,243.19,1052.51,388.0,236.33,290.68,438.27,208.28,101.36,3525.37,232.25,131.45,134.78,38.97,55.04,98.06,274.06
20261005,11:20:05,49721.54,44570.81,26163.27,17127.94,123.82,1854.66,450.98,463.91,555.57,110.23,166.19,205.71,91.45,143.01,268.36,121.91,190.35,290.42,3179.67,1682.87,473.41,81.25,243.19,1052.04,387.98,236.33,291.01,438.3,208.28,101.36,3524.27,231.92,131.45,134.78,38.97,55.04,98.06,274.06
20261005,11:20:10,49684.05,44534.19,26163.77,17128.18,123.82,1854.66,450.99,463.91,555.54,110.23,166.19,205.71,91.45,143.01,268.36,121.91,190.35,290.41,3176.71,1680.41,473.52,81.24,243.2,1052.48,387.95,236.33,291.01,438.31,208.31,101.36,3524.36,231.92,131.45,134.79,38.97,55.04,98.06,274.06
20261005,11:20:15,49680.86,44531.51,26163.42,17129.22,123.82,1851.82,450.99,463.91,555.65,110.24,166.19,205.71,91.45,143.01,268.18,122.05,190.35,290.41,3176.47,1680.41,473.53,81.24,243.2,1051.89,387.98,236.33,291.01,438.31,208.31,101.36,3523.97,231.92,131.45,134.79,38.97,55.04,98.06,274.37
20261005,11:20:20,49678.24,44530.79,26157.57,17128.65,123.82,1851.72,450.99,463.91,555.57,110.26,166.18,205.67,91.45,143.01,268.09,122.05,190.35,290.34,3176.43,1680.39,473.52,81.22,243.2,1051.9,387.98,236.33,291.01,438.31,208.3,101.36,3522.3,231.92,131.45,134.79,38.97,55.04,98.06,274.37
20261005,11:20:25,49680.68,44533.53,26161.68,17134.58,123.82,1851.72,451.07,463.82,555.57,110.27,166.19,205.73,91.45,143.01,268.09,122.06,190.3,290.35,3176.51,1680.35,473.51,81.23,243.19,1052.23,387.98,236.33,291.01,438.31,208.35,101.36,3521.97,231.92,132.05,134.79,38.97,55.04,98.06,274.41
20261005,11:20:30,49720.57,44571.56,26160.64,17130.57,123.82,1854.54,450.98,463.95,555.57,110.35,166.18,205.68,91.45,143.01,268.09,122.05,190.3,290.37,3179.67,1682.74,473.58,81.21,243.19,1052.25,387.96,236.33,291.05,438.31,208.34,101.36,3522.74,231.92,131.45,134.79,38.97,55.04,98.06,274.41
20261005,11:20:35,49716.92,44569.23,26155.98,17129.33,123.82,1851.7,450.98,463.95,555.57,110.27,166.18,205.67,91.45,143.01,268.09,122.05,190.3,290.39,3179.51,1682.8,473.55,81.25,243.19,1051.72,387.96,236.33,291.01,438.31,208.35,101.36,3521.62,231.92,131.45,134.79,38.97,55.04,98.06,274.41
20261005,11:20:40,49712.72,44564.55,26157.76,17129.4,123.82,1851.7,450.98,463.95,555.64,110.27,166.16,205.6,91.45,143.01,268.09,122.06,190.3,290.39,3179.13,1682.71,473.42,81.22,243.07,1051.79,387.96,236.33,290.7,438.31,208.35,101.36,3522.15,231.92,131.45,134.82,38.97,55.04,98.06,274.39
20261005,11:20:45,49717.02,44567.5,26161.87,17129.98,123.82,1853.12,450.99,463.95,555.57,110.27,166.15,205.55,91.45,143.01,268.09,122.06,190.3,290.39,3179.36,1682.74,473.42,81.25,243.07,1051.78,387.96,236.33,291.01,438.31,208.39,101.36,3523.28,231.92,131.45,134.82,38.97,55.04,98.06,274.39
20261005,11:20:50,49718.14,44568.34,26161.52,17128.74,123.82,1851.7,450.99,463.95,555.57,110.27,166.15,205.61,91.44,143.01,268.09,122.06,190.3,290.39,3179.45,1682.69,473.39,81.23,243.05,1052.25,387.96,236.33,291.01,438.3,208.32,101.36,3523.51,231.92,131.45,134.82,38.97,55.04,98.06,274.39
20261005,11:20:55,49676.77,44527.61,26162.98,17128.98,123.82,1851.77,451.06,463.95,555.52,110.27,166.14,205.56,91.44,143.01,268.09,122.05,190.38,290.39,3176.16,1680.18,473.41,81.23,243.05,1052.12,388.21,236.33,291.02,438.3,208.32,101.36,3523.9,231.92,131.45,134.79,38.97,55.04,98.06,274.39
20261005,11:21:00,49674.58,44525.75,26161.89,17128.66,123.82,1851.77,450.99,463.95,555.52,110.27,166.16,205.65,91.44,143.01,268.09,122.05,190.38,290.38,3176.02,1680.19,473.39,81.23,243.05,1051.78,388.26,236.33,291.01,438.29,208.32,101.36,3523.64,231.92,131.45,134.79,38.97,55.04,98.06,274.39
20261005,11:21:05,49718.37,44568.11,26162.87,17128.76,123.82,1851.77,450.99,463.95,555.58,110.27,166.16,205.66,91.44,143.01,268.09,122.05,190.38,290.39,3179.43,1682.7,473.41,81.22,243.05,1052.12,388.26,236.33,291.01,438.28,208.32,101.36,3523.93,231.92,131.45,134.76,38.97,55.04,98.06,274.38
20261005,11:21:10,49713.31,44562.75,26164.19,17128.86,123.82,1851.77,450.99,463.95,555.58,110.35,166.15,205.62,91.44,143.01,268.09,122.05,190.38,290.39,3179.0,1682.71,473.26,81.23,243.05,1051.68,388.26,236.33,290.65,438.28,208.33,101.36,3524.31,231.92,131.45,134.78,38.97,55.02,98.06,274.38
20261005,11:21:15,49716.69,44566.2,26163.41,17128.49,123.82,1851.77,450.99,463.95,555.58,110.27,166.17,205.64,91.45,143.01,268.09,122.05,190.38,290.39,3179.29,1682.63,473.26,81.24,243.04,1052.2,388.19,236.33,290.96,438.27,208.3,101.36,3524.17,231.92,131.45,134.78,38.97,55.02,98.06,274.38
20261005,11:21:20,49673.5,44524.7,26165.83,17133.18,123.88,1851.77,450.99,463.95,555.5,110.27,166.17,205.65,91.45,143.01,268.09,122.05,190.38,290.39,3175.83,1680.29,473.28,81.22,243.04,1051.62,388.26,236.33,290.64,438.31,208.27,101.36,3523.65,231.92,132.05,134.78,39.01,55.03,98.06,274.38
20261005,11:21:25,49713.43,44563.62,26165.74,17133.18,123.88,1851.77,450.99,463.95,555.5,110.27,166.17,205.65,91.45,143.01,268.09,122.05,190.38,290.39,3178.97,1682.57,473.28,81.22,243.04,1051.65,388.23,236.33,290.95,438.34,208.27,101.36,3523.62,231.92,132.05,134.78,39.01,55.03,98.06,274.36
20261005,11:21:30,49676.91,44528.46,26160.35,17128.36,123.88,1851.77,450.98,463.96,555.57,110.27,166.16,205.63,91.45,143.01,268.09,122.05,190.38,290.39,3176.25,1680.24,473.27,81.22,243.04,1052.23,388.23,236.33,291.06,438.34,208.27,101.36,3523.25,231.9,131.45,134.78,39.01,55.03,98.06,274.31
20261005,11:21:35,49711.46,44561.95,26159.63,17126.97,123.88,1851.87,450.98,463.96,555.57,110.27,166.14,205.58,91.44,143.01,268.09,122.05,190.38,290.46,3178.98,1682.6,473.2,81.22,243.22,1051.57,388.23,236.33,290.92,438.34,208.12,101.36,3523.4,231.9,131.45,134.78,39.01,55.04,98.06,274.31
20261005,11:21:40,49711.04,44561.58,26160.96,17128.6,123.88,1851.87,450.98,463.96,555.57,110.27,166.15,205.62,91.44,143.01,268.09,122.05,190.38,290.46,3178.91,1682.55,473.3,81.23,243.22,1051.87,388.23,236.33,290.58,438.35,208.29,101.36,3523.37,231.9,131.45,134.75,39.01,55.04,98.06,274.31
20261005,11:21:45,49721.88,44571.64,26166.29,17133.08,123.88,1851.87,450.98,463.96,555.57,110.27,166.14,205.58,91.43,143.01,268.09,122.04,190.38,290.46,3179.62,1682.81,473.36,81.23,243.4,1052.45,388.22,236.33,290.62,438.35,208.29,101.36,3523.82,231.83,132.05,134.75,39.01,55.04,98.06,274.31
20261005,11:21:50,49718.24,44567.66,26167.38,17132.85,123.88,1851.87,450.98,463.96,555.57,110.27,166.13,205.57,91.43,143.01,268.09,122.02,190.38,290.46,3179.3,1682.76,473.25,81.23,243.4,1051.99,388.22,236.34,290.62,438.35,208.29,101.36,3524.22,231.83,132.05,134.75,39.01,55.04,98.06,274.31
20261005,11:21:55,49721.88,44571.25,26166.89,17132.45,123.88,1851.87,450.98,463.96,555.57,110.27,166.1,205.48,91.43,143.01,268.09,122.02,190.38,290.46,3179.6,1682.76,473.32,81.25,243.49,1052.08,388.26,236.34,290.93,438.35,208.29,101.36,3524.18,231.83,132.05,134.75,38.97,55.04,98.06,274.3
20261005,11:22:00,49723.03,44572.51,26162.81,17128.21,123.88,1851.87,450.97,463.95,555.57,110.27,166.1,205.47,91.43,143.01,268.21,122.03,190.38,290.45,3179.8,1682.86,473.23,81.24,243.49,1052.42,388.02,236.34,290.93,438.35,208.34,101.36,3524.05,231.83,131.45,134.75,38.97,55.06,98.06,274.3
20261005,11:22:05,49720.29,44570.59,26158.57,17125.84,123.88,1851.87,450.97,463.95,555.56,110.27,166.09,205.45,91.43,142.8,268.21,122.03,190.36,290.35,3179.7,1682.8,473.45,81.25,243.49,1052.41,388.02,236.34,290.7,438.26,208.19,101.36,3523.37,231.83,131.45,134.75,38.97,55.03,98.06,274.32
20261005,11:22:10,49727.27,44577.8,26161.31,17130.38,123.75,1851.87,450.97,463.95,555.58,110.27,166.09,205.43,91.43,143.01,268.21,122.03,190.36,290.35,3180.18,1682.81,473.47,81.26,243.5,1053.04,388.08,236.34,291.02,438.26,208.19,101.36,3523.0,231.83,132.05,134.75,38.97,55.03,98.06,274.27
20261005,11:22:15,49723.62,44573.83,26164.59,17132.77,123.75,1853.29,450.97,463.95,555.58,110.27,166.11,205.42,91.45,143.01,268.21,122.03,190.36,290.35,3179.8,1682.89,473.25,81.23,243.51,1052.57,388.08,236.34,290.71,438.26,208.34,101.36,3523.37,231.83,132.05,134.75,38.97,55.03,98.06,274.32
20261005,11:22:20,49688.25,44538.52,26166.23,17131.8,123.88,1853.29,451.15,463.95,555.58,110.27,166.32,205.44,91.61,143.01,268.21,122.03,190.36,290.35,3176.98,1680.55,473.24,81.25,243.5,1053.02,388.23,236.34,290.71,438.26,208.34,101.36,3524.15,231.83,131.45,134.75,38.97,55.03,98.06,274.31
20261005,11:22:25,49688.76,44538.97,26165.2,17130.46,123.88,1853.29,450.99,463.95,555.53,110.27,166.31,205.43,91.61,143.01,268.21,122.03,190.36,290.37,3177.04,1680.61,473.25,81.23,243.51,1053.0,388.23,236.34,290.71,438.26,208.34,101.36,3524.19,231.83,131.45,134.75,38.97,55.03,98.06,274.32
20261005,11:22:30,49687.1,44536.7,26167.37,17130.79,123.75,1853.29,451.07,463.95,555.67,110.27,166.3,205.41,91.6,143.01,268.21,122.03,190.36,290.37,3176.85,1680.45,473.29,81.22,243.52,1053.04,388.23,236.34,290.71,438.32,208.32,101.36,3524.78,231.83,131.45,134.75,38.97,55.03,98.06,274.24
20261005,11:22:35,49690.29,44540.18,26170.42,17135.55,123.88,1851.77,451.07,463.95,555.67,110.27,166.3,205.4,91.6,143.23,268.21,122.03,190.36,290.37,3177.02,1680.58,473.34,81.22,243.1,1053.01,388.23,236.34,290.97,438.33,208.32,101.36,3524.44,231.83,132.05,134.75,38.97,55.03,98.06,274.24
20261005,11:22:40,49726.37,44575.59,26169.91,17135.81,123.88,1851.77,451.07,463.95,555.63,110.27,166.31,205.44,91.6,143.23,268.21,122.03,190.36,290.38,3179.87,1682.87,473.46,81.23,243.16,1052.51,388.23,236.34,290.98,438.33,208.33,101.36,3524.21,231.83,132.05,134.75,38.97,55.04,98.06,274.24
20261005,11:22:45,49684.68,44534.54,26170.56,17135.12,123.88,1851.77,450.98,463.95,555.63,110.27,166.3,205.43,91.6,143.23,268.21,122.03,190.36,290.38,3176.58,1680.24,473.25,81.2,243.16,1053.02,388.23,236.34,291.03,438.33,208.33,101.36,3524.6,231.83,132.05,134.75,38.97,55.04,98.06,274.25
20261005,11:22:50,49717.14,44565.9,26167.15,17130.29,123.88,1851.77,450.98,463.95,555.63,110.27,166.29,205.39,91.6,143.23,268.21,122.03,190.36,290.42,3179.22,1682.63,473.36,81.23,243.16,1051.83,388.09,236.34,290.98,438.33,208.33,101.36,3524.84,231.83,131.45,134.75,38.97,55.06,98.06,274.2
20261005,11:22:55,49679.47,44529.81,26165.37,17130.31,123.88,1851.77,450.98,463.95,555.63,110.27,166.31,205.46,91.6,143.23,268.21,122.03,190.36,290.41,3176.31,1680.26,473.35,81.2,243.16,1052.25,388.09,236.34,291.02,438.33,208.32,101.36,3524.28,231.83,131.45,134.75,38.97,55.06,98.06,274.2
20261005,11:23:00,49687.68,44538.25,26168.05,17134.86,123.88,1851.69,450.98,463.95,555.63,110.27,166.32,205.49,91.6,143.23,268.21,122.03,190.36,290.44,3176.88,1680.42,473.27,81.2,243.41,1052.95,388.09,236.34,291.03,438.31,208.27,101.36,3523.89,231.83,132.05,134.75,38.97,55.06,98.06,274.25
20261005,11:23:05,49722.25,44571.28,26166.44,17130.82,123.88,1851.69,450.98,463.95,555.63,110.27,166.32,205.49,91.6,143.23,268.21,122.05,190.36,290.43,3179.64,1682.77,473.4,81.23,242.98,1052.93,388.09,236.34,290.67,438.33,208.31,101.36,3524.48,231.83,131.45,134.75,38.97,55.06,98.06,274.33
20261005,11:23:10,49719.69,44569.59,26164.47,17131.26,123.88,1851.69,451.16,463.83,555.63,110.27,166.31,205.45,91.6,143.01,268.21,122.03,190.36,290.42,3179.49,1682.82,473.29,81.24,243.16,1052.34,388.23,236.34,290.67,438.33,208.32,101.36,3523.74,231.83,131.45,134.65,38.97,55.06,98.06,274.33
20261005,11:23:15,49722.69,44571.92,26166.16,17131.22,123.88,1851.7,451.07,463.83,555.63,110.51,166.31,205.44,91.6,143.02,268.33,122.03,190.36,290.42,3179.68,1682.71,473.29,81.24,243.16,1052.74,388.21,236.34,290.97,438.33,208.31,101.36,3524.28,231.83,131.45,134.65,38.97,55.05,98.06,274.33
20261005,11:23:20,49725.34,44571.94,26172.8,17130.28,123.82,1851.7,451.07,463.83,555.63,110.51,166.31,205.45,91.6,143.02,268.33,121.91,190.36,290.41,3179.71,1682.69,473.49,81.23,243.16,1052.65,388.2,236.34,290.97,438.3,208.31,101.36,3526.61,231.83,131.45,134.65,38.97,55.05,98.06,274.34
20261005,11:23:25,49684.38,44531.81,26177.28,17134.69,123.82,1851.7,451.07,463.91,555.63,110.51,166.31,205.46,91.6,143.02,268.33,121.91,190.36,290.43,3176.37,1680.14,473.39,81.23,243.16,1052.62,388.17,236.34,291.02,438.3,208.26,101.36,3526.82,231.83,132.05,134.65,38.97,55.05,98.06,274.34
20261005,11:23:30,49684.31,44531.97,26176.57,17134.62,123.82,1851.64,450.99,463.91,555.63,110.51,166.31,205.46,91.6,143.02,268.33,121.91,190.36,290.43,3176.38,1680.19,473.39,81.22,243.16,1052.51,388.17,236.34,291.02,438.3,208.32,101.36,3526.61,231.83,132.05,134.65,38.97,55.05,98.06,274.34
20261005,11:23:35,49724.93,44571.82,26173.08,17131.54,123.82,1851.64,451.07,463.91,555.63,110.59,166.32,205.51,91.6,143.02,268.33,122.03,190.36,290.42,3179.67,1682.71,473.49,81.22,243.16,1052.46,388.1,236.34,291.02,438.3,208.32,101.36,3526.36,231.83,131.46,134.65,38.97,55.05,98.06,274.29
20261005,11:23:40,49722.9,44570.25,26171.14,17130.64,123.82,1851.36,450.99,463.91,555.62,110.59,166.31,205.51,91.59,143.02,268.33,122.03,190.36,290.42,3179.56,1682.8,473.49,81.23,243.16,1051.98,388.1,236.34,291.01,438.34,208.32,101.36,3526.0,231.83,131.46,134.65,38.97,55.05,98.06,274.29
20261005,11:23:45,49716.48,44566.89,26162.73,17130.68,123.82,1851.32,450.99,463.91,555.54,110.59,166.31,205.52,91.59,143.01,268.21,122.03,190.36,290.42,3179.29,1682.73,473.61,81.23,243.16,1051.41,388.1,236.34,291.0,438.34,208.35,101.36,3523.36,231.83,131.46,134.65,38.97,55.05,98.06,274.29
20261005,11:23:50,49683.43,44534.92,26165.83,17135.04,123.82,1851.42,450.99,463.91,555.54,110.59,166.31,205.51,91.59,143.01,268.21,122.03,190.36,290.42,3176.61,1680.28,473.59,81.25,243.18,1052.53,388.11,236.34,291.01,438.32,208.31,101.36,3523.14,231.83,132.05,134.65,38.97,55.05,98.06,274.31
20261005,11:23:55,49679.25,44530.85,26161.84,17130.45,123.82,1851.42,450.99,463.91,555.54,110.59,166.32,205.54,91.59,143.01,268.21,122.03,190.36,290.45,3176.39,1680.08,473.72,81.3,243.16,1052.42,388.11,236.36,291.01,438.32,208.31,101.36,3523.14,231.83,131.45,134.62,38.97,55.05,98.06,274.36
20261005,11:24:00,49712.22,44562.56,26163.18,17130.6,123.82,1851.42,450.99,463.91,555.57,110.59,166.31,205.53,91.59,143.01,268.21,122.03,190.36,290.45,3178.94,1682.47,473.51,81.28,243.15,1051.4,388.12,236.36,291.0,438.32,208.35,101.36,3523.52,231.83,131.45,134.62,38.97,55.02,98.06,274.34
20261005,11:24:05,49717.4,44567.61,26161.94,17129.17,123.82,1851.42,450.99,463.91,555.54,110.6,166.3,205.56,91.57,143.01,268.21,122.03,190.36,290.45,3179.38,1682.72,473.72,81.29,243.17,1051.39,388.12,236.36,291.05,438.34,208.24,101.36,3523.52,231.83,131.45,134.62,38.97,55.01,98.06,274.34
20261005,11:24:10,49717.8,44569.6,26161.4,17133.93,123.69,1851.42,450.99,464.16,555.54,110.59,166.28,205.53,91.56,143.01,268.21,122.03,190.36,290.44,3179.43,1682.72,473.57,81.28,243.28,1051.96,388.12,236.36,290.73,438.34,208.2,101.36,3522.06,232.16,132.05,134.62,38.97,55.02,98.06,274.34
20261005,11:24:15,49683.88,44536.73,26161.13,17134.22,123.69,1851.42,450.99,464.16,555.54,110.6,166.28,205.53,91.56,143.01,268.21,122.03,190.36,290.49,3176.77,1680.39,473.96,81.27,243.27,1052.4,388.12,236.36,290.74,438.34,208.2,101.36,3521.9,232.16,132.05,134.62,38.97,55.06,98.06,274.29
20261005,11:24:20,49685.0,44537.86,26160.35,17133.46,123.69,1851.42,451.07,463.9,555.56,110.6,166.29,205.54,91.57,143.01,268.21,122.04,190.36,290.47,3176.88,1680.31,473.96,81.29,243.27,1052.56,387.79,236.36,291.05,438.34,208.07,101.36,3521.86,232.16,132.05,134.62,38.97,55.06,98.06,274.31
20261005,11:24:25,49726.86,44579.06,26159.29,17133.63,123.69,1851.42,450.9,463.82,555.53,110.61,166.28,205.52,91.57,143.23,268.21,122.04,190.36,290.45,3180.2,1682.84,473.95,81.32,243.3,1052.58,387.82,236.36,291.05,438.34,208.21,101.36,3521.48,232.16,132.05,134.62,38.97,55.06,98.06,274.31
20261005,11:24:30,49714.91,44567.03,26161.42,17134.79,123.82,1851.42,450.9,463.82,555.67,110.61,166.28,205.52,91.57,143.23,268.21,122.04,190.36,290.45,3179.2,1682.58,473.72,81.29,243.18,1051.38,387.85,236.36,291.05,438.38,208.22,101.36,3521.83,232.2,132.05,134.62,38.97,55.06,98.06,274.36
20261005,11:24:35,49675.3,44527.94,26163.1,17135.06,123.82,1851.42,450.9,463.82,555.67,110.61,166.31,205.51,91.59,143.23,268.21,122.05,190.36,290.47,3176.05,1680.19,473.73,81.29,243.18,1051.24,387.85,236.36,291.05,438.34,208.22,101.36,3522.29,232.17,132.05,134.62,38.97,55.06,98.06,274.36
20261005,11:24:40,49713.91,44565.34,26159.57,17130.25,123.82,1851.42,450.9,463.7,555.67,110.61,166.31,205.53,91.59,143.23,268.21,122.05,190.36,290.47,3179.18,1682.61,473.74,81.28,243.18,1051.25,387.8,236.36,291.05,438.34,208.22,101.36,3522.49,232.17,131.45,134.62,38.97,55.06,98.06,274.36
20261005,11:24:45,49716.89,44567.47,26161.03,17129.35,123.82,1851.42,450.9,463.7,555.57,110.61,166.29,205.49,91.58,143.23,268.21,122.05,190.32,290.47,3179.37,1682.71,473.63,81.28,243.17,1051.99,387.8,236.37,290.68,438.34,208.2,101.36,3523.19,232.17,131.45,134.62,38.97,55.04,98.06,274.36
20261005,11:24:50,49717.12,44567.46,26163.33,17131.21,123.82,1851.65,450.99,463.7,555.57,110.52,166.29,205.49,91.58,143.23,268.21,122.05,190.29,290.47,3179.32,1682.71,473.92,81.28,243.17,1051.19,387.83,236.37,290.99,438.34,208.35,101.36,3523.4,232.17,131.45,134.62,38.97,55.04,98.06,274.37
20261005,11:24:55,49720.11,44570.28,26166.7,17134.77,123.82,1851.68,450.9,463.7,555.57,110.52,166.29,205.48,91.58,143.23,268.21,122.04,190.29,290.47,3179.46,1682.59,473.8,81.28,243.15,1052.41,387.85,236.37,290.68,438.34,208.32,101.36,3523.49,232.17,132.05,134.62,38.97,55.04,98.06,274.32
20261005,11:25:00,49723.86,44573.78,26167.14,17134.76,123.82,1851.68,450.9,463.7,555.57,110.52,166.28,205.45,91.58,143.23,268.21,122.04,190.32,290.47,3179.75,1682.71,473.65,81.28,243.16,1052.54,387.85,236.37,290.93,438.35,208.32,101.36,3523.63,232.17,132.05,134.62,38.97,55.04,98.06,274.32
20261005,11:25:05,49722.62,44572.98,26160.71,17128.75,123.82,1851.68,450.9,463.7,555.57,110.52,166.28,205.45,91.58,143.23,268.21,122.04,190.32,290.47,3179.83,1682.71,473.83,81.29,243.19,1052.53,387.85,236.37,290.92,438.33,208.19,101.4,3523.25,232.17,131.45,134.62,38.97,55.04,98.06,274.32
20261005,11:25:10,49716.37,44567.08,26160.41,17129.01,123.82,1851.57,450.9,463.7,555.62,110.52,166.28,205.44,91.58,143.23,268.21,122.03,190.32,290.47,3179.35,1682.54,473.81,81.27,243.19,1052.07,387.87,236.37,290.83,438.33,208.19,101.4,3523.09,232.17,131.45,134.62,38.97,55.06,98.06,274.33
20261005,11:25:15,49679.29,44533.24,26152.65,17127.75,123.82,1851.57,450.9,463.7,555.62,110.59,166.27,205.43,91.58,143.23,268.21,122.03,190.36,290.47,3176.65,1680.28,473.8,81.28,243.2,1052.56,388.43,236.38,290.79,438.33,208.05,101.4,3521.0,232.17,131.45,134.62,38.97,55.04,98.06,274.33
20261005,11:25:20,49673.67,44527.94,26150.99,17126.45,123.82,1851.57,450.9,463.7,555.62,110.52,166.27,205.42,91.58,143.01,268.21,121.91,190.36,290.47,3176.25,1680.2,473.65,81.28,243.18,1052.07,388.44,236.38,290.78,438.35,208.05,101.4,3520.84,232.17,131.45,134.62,38.97,55.04,98.06,274.33
20261005,11:25:25,49678.02,44529.42,26160.88,17128.58,123.82,1851.34,450.98,463.71,555.65,110.52,166.26,205.38,91.58,143.01,268.21,122.03,190.36,290.44,3176.32,1680.24,473.68,81.28,243.18,1052.05,388.44,236.38,290.79,438.35,208.14,101.4,3523.35,232.17,131.45,134.62,38.97,55.04,98.06,274.33
20261005,11:25:30,49722.58,44572.62,26161.75,17128.85,123.82,1851.34,450.98,463.71,555.65,110.52,166.26,205.36,91.58,143.01,268.21,122.04,190.32,290.44,3179.8,1682.73,473.66,81.29,243.36,1052.52,388.11,236.38,290.79,438.35,208.17,101.4,3523.55,232.17,131.45,134.62,38.97,55.04,98.06,274.34
20261005,11:25:35,49716.58,44566.44,26163.58,17129.83,123.82,1851.34,450.98,463.71,555.65,110.52,166.24,205.34,91.57,143.01,268.21,122.04,190.32,290.44,3179.27,1682.6,473.6,81.25,243.38,1051.8,388.11,236.38,290.8,438.35,208.33,101.4,3523.85,232.05,131.45,134.62,38.97,55.04,98.06,274.34
20261005,11:25:40,49711.83,44562.07,26163.22,17130.28,123.82,1851.34,451.05,463.71,555.62,110.54,166.23,205.36,91.56,143.01,268.21,122.04,190.32,290.42,3178.91,1682.6,473.62,81.27,243.32,1051.36,388.11,236.38,290.48,438.33,208.34,101.4,3523.62,232.05,131.45,134.62,38.97,55.04,98.06,274.34
20261005,11:25:45,49682.06,44530.65,26169.41,17129.34,123.82,1851.3,450.97,463.7,555.62,110.54,166.24,205.36,91.56,143.01,268.21,122.04,190.32,290.41,3176.4,1680.21,473.93,81.25,243.31,1052.09,388.13,236.38,290.78,438.33,208.31,101.4,3525.81,232.05,131.45,134.62,38.97,55.04,98.06,274.34
20261005,11:25:50,49719.25,44567.3,26168.2,17129.33,123.82,1851.53,450.97,463.62,555.62,110.54,166.24,205.36,91.56,143.01,268.21,122.04,190.32,290.41,3179.36,1682.61,473.61,81.23,243.31,1052.05,388.13,236.38,290.79,438.33,208.31,101.4,3525.44,232.05,131.45,134.62,38.97,55.04,98.06,274.34
20261005,11:25:55,49719.61,44567.83,26167.8,17129.47,123.82,1854.37,450.89,463.62,555.62,110.53,166.24,205.36,91.56,143.22,268.21,122.04,190.32,290.41,3179.39,1682.46,473.66,81.23,243.31,1052.54,388.11,236.38,290.79,438.28,208.27,101.4,3525.27,231.98,131.45,134.62,38.97,55.03,98.06,274.34
20261005,11:26:00,49722.17,44569.82,26173.79,17134.66,123.82,1854.37,450.89,463.62,555.62,110.53,166.23,205.35,91.56,143.22,268.21,122.04,190.32,290.48,3179.43,1682.51,473.6,81.26,243.31,1052.5,388.11,236.38,290.81,438.25,208.3,101.4,3525.74,231.98,132.05,134.62,38.97,55.03,98.06,274.34
20261005,11:26:05,49716.59,44564.2,26174.49,17134.86,123.82,1854.37,450.89,463.87,555.62,110.53,166.22,205.3,91.56,143.01,268.39,122.04,190.35,290.49,3178.97,1682.49,473.71,81.24,243.31,1051.39,388.13,236.38,290.81,438.25,208.33,101.38,3525.9,231.98,132.05,134.62,38.97,55.03,98.06,274.34
20261005,11:26:10,49715.04,44562.44,26171.88,17131.0,123.82,1854.59,451.05,463.63,555.62,110.54,166.22,205.31,91.56,143.01,268.39,122.04,190.35,290.46,3178.92,1682.61,473.71,81.23,243.28,1051.37,388.1,236.38,290.49,438.25,208.33,101.38,3526.13,231.98,131.45,134.62,38.97,55.01,98.06,274.33
20261005,11:26:15,49717.05,44564.87,26170.37,17130.85,123.82,1854.59,450.97,463.63,555.76,110.54,166.21,205.28,91.56,143.01,268.39,122.04,190.35,290.46,3179.12,1682.49,473.72,81.24,243.28,1052.17,388.1,236.3,290.49,438.28,208.3,101.38,3525.7,231.98,131.45,134.62,39.01,55.01,98.06,274.4
20261005,11:26:20,49719.87,44567.57,26169.65,17129.87,123.69,1854.59,450.89,463.63,555.76,110.54,166.21,205.28,91.56,143.01,268.39,122.02,190.35,290.51,3179.36,1682.74,473.59,81.21,243.3,1052.17,388.13,236.3,290.48,438.27,208.3,101.38,3525.74,231.98,131.45,134.62,39.01,55.01,98.06,274.4
20261005,11:26:25,49722.49,44571.96,26169.14,17135.43,123.69,1854.59,450.89,463.88,556.08,110.63,166.22,205.29,91.56,143.01,268.39,121.9,190.35,290.51,3179.58,1682.8,473.6,81.21,243.3,1052.06,388.08,236.3,290.8,438.27,208.31,101.3,3524.07,231.98,132.05,134.62,39.01,55.01,98.06,274.4
20261005,11:26:30,49726.24,44572.74,26177.64,17135.59,123.82,1854.59,450.89,463.63,556.08,110.55,166.21,205.33,91.55,143.0,268.39,121.9,190.35,290.57,3179.64,1682.75,473.6,81.23,243.54,1052.12,388.08,236.3,290.8,438.27,208.31,101.3,3526.69,231.98,132.05,134.64,39.01,55.01,98.06,274.45
20261005,11:26:35,49723.51,44571.04,26170.46,17130.55,123.69,1853.17,450.97,463.63,556.08,110.63,166.21,205.32,91.55,143.0,268.39,121.9,190.35,290.54,3179.63,1682.87,473.6,81.25,243.29,1052.23,388.05,236.3,290.53,438.21,208.31,101.3,3525.81,231.98,131.45,134.64,39.01,55.01,98.06,274.46
20261005,11:26:40,49724.64,44574.29,26164.08,17130.4,123.69,1854.59,450.97,463.63,556.04,110.63,166.2,205.29,91.55,143.0,268.39,121.9,190.35,290.54,3179.89,1682.86,473.86,81.24,243.29,1052.26,388.05,236.3,290.85,438.2,208.26,101.3,3523.86,231.98,131.45,134.62,39.01,55.0,98.06,274.48
20261005,11:26:45,49726.72,44576.83,26162.44,17130.24,123.69,1854.59,450.97,463.63,556.04,110.55,166.2,205.29,91.55,143.0,268.39,121.9,190.35,290.54,3180.1,1682.83,473.85,81.22,243.29,1052.74,388.05,236.3,290.94,438.22,208.27,101.3,3523.39,231.98,131.44,134.64,39.01,55.0,98.06,274.48
20261005,11:26:50,49728.82,44578.29,26169.13,17135.96,123.82,1854.59,450.98,463.63,556.01,110.55,166.2,205.28,91.55,143.0,268.39,122.02,190.35,290.54,3180.08,1683.01,473.7,81.22,243.27,1052.32,388.03,236.3,290.94,438.16,208.27,101.3,3523.92,231.98,132.04,134.64,39.01,55.0,98.06,274.48
20261005,11:26:55,49724.51,44573.55,26165.88,17130.42,123.82,1854.59,450.98,463.88,556.01,110.54,166.2,205.28,91.55,143.0,268.39,122.02,190.35,290.53,3179.83,1682.81,473.7,81.26,243.26,1052.28,388.03,236.3,290.95,438.14,208.27,101.3,3524.41,231.98,131.44,134.61,39.01,55.0,98.06,274.18
20261005,11:27:00,49724.01,44573.07,26164.06,17128.32,123.69,1854.59,450.89,463.63,556.0,110.54,166.2,205.3,91.55,143.0,268.39,121.9,190.3,290.5,3179.84,1682.86,473.71,81.26,243.26,1052.15,388.03,236.3,290.94,438.16,208.27,101.3,3524.41,231.98,131.44,134.61,39.01,55.0,98.06,274.18
20261005,11:27:05,49721.89,44570.61,26166.02,17129.26,123.69,1857.21,450.89,463.63,556.0,110.54,166.2,205.3,91.55,143.0,268.39,121.9,190.3,290.52,3179.62,1682.84,473.58,81.24,243.26,1052.32,388.03,236.3,290.59,438.17,208.26,101.3,3524.77,231.98,131.44,134.61,39.01,55.0,98.06,274.13
20261005,11:27:10,49719.88,44566.82,26171.35,17129.27,123.69,1857.21,450.89,463.63,556.0,110.54,166.2,205.3,91.55,143.0,268.39,121.89,190.3,290.52,3179.32,1682.57,473.69,81.24,243.26,1052.33,388.03,236.3,290.59,438.19,208.26,101.3,3526.44,231.98,131.44,134.61,39.01,55.0,98.06,274.13
20261005,11:27:15,49684.88,44533.63,26174.33,17135.77,123.69,1857.21,450.89,463.63,556.03,110.54,166.21,205.3,91.55,143.0,268.21,122.02,190.3,290.52,3176.49,1680.12,473.7,81.23,243.26,1052.79,388.05,236.3,290.86,438.19,208.27,101.3,3525.6,231.98,132.04,134.61,39.01,55.0,98.06,274.43
20261005,11:27:20,49728.3,44575.52,26175.99,17136.29,123.88,1857.21,450.89,463.63,556.03,110.55,166.21,205.32,91.55,143.0,268.21,122.02,190.3,290.51,3179.85,1682.64,473.8,81.24,243.26,1052.8,388.05,236.3,290.94,438.19,208.27,101.3,3525.98,231.98,132.04,134.61,39.01,55.0,98.06,274.41
20261005,11:27:25,49686.96,44535.28,26176.19,17136.64,123.75,1857.21,450.98,463.63,556.03,110.55,166.21,205.32,91.55,143.0,268.21,122.02,190.3,290.51,3176.6,1680.13,473.69,81.23,243.26,1052.92,388.05,236.26,290.94,438.2,208.27,101.3,3525.95,231.98,132.04,134.61,39.01,55.0,98.06,274.41
20261005,11:27:30,49680.28,44530.79,26165.92,17131.6,123.75,1857.21,450.98,463.74,556.03,110.55,166.2,205.28,91.55,143.01,268.21,121.92,190.3,290.51,3176.36,1680.09,473.7,81.22,243.26,1052.48,388.05,236.26,290.94,438.19,208.3,101.29,3524.11,231.98,131.44,134.65,39.01,55.0,98.0,274.44
20261005,11:27:35,49684.69,44533.09,26171.22,17130.96,123.88,1854.37,451.06,463.48,556.02,110.55,166.21,205.31,91.55,143.01,268.21,121.92,190.3,290.51,3176.56,1680.21,473.7,81.27,243.28,1052.48,388.04,236.26,290.94,438.19,208.3,101.29,3525.93,231.98,131.44,134.64,39.01,55.0,98.0,274.36
20261005,11:27:40,49723.63,44572.82,26170.53,17136.18,123.88,1854.37,450.98,463.61,556.02,110.63,166.2,205.26,91.55,143.01,268.21,122.04,190.3,290.51,3179.64,1682.62,473.72,81.27,243.25,1052.36,388.04,236.26,290.95,438.19,208.3,101.29,3524.3,231.98,132.04,134.64,39.01,55.02,98.0,274.35
20261005,11:27:45,49724.86,44574.02,26169.82,17135.36,123.88,1854.37,450.98,463.61,556.02,110.63,166.2,205.27,91.55,143.01,268.21,121.92,190.3,290.52,3179.75,1682.55,473.72,81.27,243.25,1052.85,388.04,236.26,290.95,438.19,208.29,101.29,3524.3,231.98,132.04,134.64,39.01,55.02,98.0,274.35
20261005,11:27:50,49720.71,44569.9,26166.38,17131.16,123.75,1854.37,450.98,463.61,556.02,110.63,166.19,205.24,91.55,143.01,268.21,122.04,190.3,290.51,3179.52,1682.54,473.72,81.27,243.25,1052.4,387.72,236.26,290.95,438.19,208.29,101.29,3524.37,232.07,131.44,134.64,39.01,55.02,98.0,274.37
20261005,11:27:55,49720.81,44569.7,26167.26,17131.18,123.75,1854.37,450.98,463.61,556.02,110.62,166.19,205.24,91.55,143.01,268.21,122.04,190.3,290.51,3179.5,1682.6,473.72,81.3,243.25,1052.52,387.78,236.26,290.64,438.19,208.3,101.29,3524.64,232.07,131.44,134.64,39.01,55.02,98.0,274.37
20261005,11:28:00,49720.88,44569.82,26167.75,17131.9,123.88,1854.37,450.98,463.61,555.99,110.62,166.19,205.24,91.55,143.01,268.21,122.03,190.3,290.52,3179.5,1682.63,473.71,81.27,243.25,1052.51,387.72,236.26,290.59,438.19,208.32,101.29,3524.59,232.07,131.44,134.64,39.01,55.05,98.0,274.37
20261005,11:28:05,49688.41,44538.51,26166.42,17131.47,123.88,1855.79,450.98,463.61,555.99,110.69,166.19,205.23,91.55,143.01,268.21,122.03,190.3,290.52,3176.98,1680.32,473.99,81.27,243.25,1053.0,387.72,236.26,290.9,438.19,208.21,101.29,3524.3,232.03,131.45,134.64,39.01,55.05,98.0,274.33
20261005,11:28:10,49722.97,44572.86,26164.01,17130.99,123.88,1855.79,450.89,463.61,556.02,110.62,166.2,205.24,91.56,143.01,268.21,121.91,190.3,290.52,3179.76,1682.61,473.99,81.26,243.26,1052.54,387.71,236.26,290.91,438.19,208.32,101.29,3523.68,232.03,131.45,134.64,39.01,55.05,98.0,274.3
20261005,11:28:15,49684.74,44535.1,26165.86,17131.41,123.88,1855.79,450.97,463.54,556.02,110.62,166.2,205.24,91.56,143.01,268.21,121.91,190.3,290.49,3176.71,1680.15,473.95,81.25,243.28,1052.88,387.68,236.26,290.92,438.19,208.32,101.29,3524.14,232.03,131.45,134.64,39.01,55.05,98.0,274.28
20261005,11:28:20,49721.89,44571.74,26164.23,17131.02,123.88,1854.37,450.98,463.55,556.02,110.62,166.2,205.24,91.56,143.0,268.21,121.91,190.3,290.52,3179.67,1682.55,473.94,81.26,243.28,1052.94,387.78,236.26,290.6,438.22,208.32,101.29,3523.74,232.03,131.45,134.66,39.01,55.05,98.0,274.26
20261005,11:28:25,49724.57,44574.77,26163.8,17131.9,123.88,1855.9,450.98,463.81,556.02,110.62,166.2,205.19,91.57,143.0,268.21,121.92,190.3,290.52,3179.89,1682.68,474.02,81.29,243.17,1052.99,387.78,236.12,290.62,438.18,208.32,101.29,3523.36,232.03,131.45,134.69,39.01,55.05,98.0,274.25
20261005,11:28:30,49722.59,44572.06,26165.97,17131.79,123.75,1855.9,450.98,463.81,556.02,110.62,166.2,205.22,91.57,143.0,268.21,121.92,190.3,290.52,3179.68,1682.51,474.12,81.27,243.17,1052.54,387.78,236.12,290.93,438.24,208.32,101.29,3524.07,232.03,131.45,134.69,39.01,55.05,98.0,274.26
20261005,11:28:35,49684.63,44535.08,26169.46,17135.81,123.75,1855.9,450.98,463.81,555.95,110.61,166.19,205.16,91.57,143.0,268.21,121.92,190.3,290.54,3176.6,1680.19,474.08,81.28,243.17,1052.54,387.78,236.12,290.83,438.24,208.29,101.29,3524.07,232.03,132.05,134.69,39.01,55.05,98.0,274.23
20261005,11:28:40,49728.88,44577.94,26166.42,17131.47,123.75,1855.9,450.98,463.81,555.95,110.61,166.19,205.18,91.57,143.0,268.21,121.92,190.26,290.54,3180.16,1682.79,474.08,81.26,243.17,1053.0,387.79,236.12,290.83,438.24,208.32,101.29,3524.3,232.03,131.45,134.69,39.01,55.05,98.0,274.27
20261005,11:28:45,49734.48,44583.85,26164.75,17131.08,123.75,1855.9,450.98,463.63,555.95,110.53,166.19,205.18,91.57,143.0,268.21,121.92,190.26,290.57,3180.65,1682.84,474.25,81.28,243.17,1053.75,387.86,236.12,290.84,438.24,208.32,101.29,3523.88,232.03,131.45,134.67,39.01,55.05,98.0,274.28
20261005,11:28:50,49729.83,44578.79,26167.22,17132.17,123.88,1855.9,450.98,463.63,555.95,110.61,166.19,205.15,91.57,143.0,268.09,122.04,190.26,290.58,3180.21,1682.67,474.37,81.29,243.17,1053.11,387.86,236.12,290.84,438.2,208.32,101.29,3524.36,232.03,131.45,134.67,39.01,55.05,98.0,274.26
20261005,11:28:55,49724.45,44573.63,26166.61,17131.71,123.88,1856.02,450.89,463.63,555.95,110.61,166.19,205.15,91.57,143.0,268.09,122.04,190.26,290.58,3179.81,1682.59,474.25,81.28,243.17,1052.52,387.86,236.12,290.85,438.2,208.32,101.29,3524.29,232.03,131.45,134.67,39.01,55.04,98.0,274.31
20261005,11:29:00,49732.13,44578.47,26178.48,17136.49,123.88,1856.02,450.89,463.63,555.95,110.61,166.19,205.18,91.57,143.0,268.09,122.04,190.26,290.59,3180.08,1682.66,474.17,81.28,243.17,1053.05,387.86,236.12,290.85,438.23,208.32,101.29,3526.7,232.03,132.05,134.67,39.01,55.04,98.0,274.28
20261005,11:29:05,49697.87,44544.28,26181.05,17136.78,123.88,1856.02,450.89,463.55,556.02,110.61,166.21,205.23,91.57,143.0,268.09,122.04,190.26,290.59,3177.32,1680.43,474.17,81.27,243.17,1053.38,387.84,236.12,290.85,438.22,208.34,101.29,3527.43,232.03,132.05,134.67,39.01,55.02,98.0,274.28
20261005,11:29:10,49695.03,44541.44,26177.44,17132.39,123.88,1856.24,450.89,463.55,556.02,110.61,166.21,205.25,91.57,143.01,268.09,122.04,190.26,290.58,3177.2,1680.33,474.17,81.27,243.28,1053.28,387.84,236.12,290.85,438.24,208.34,101.29,3527.49,232.03,131.45,134.69,39.01,55.03,98.0,274.32
20261005,11:29:15,49695.74,44543.46,26173.58,17132.38,123.88,1856.24,450.97,463.55,556.02,110.61,166.22,205.27,91.57,143.01,268.33,121.92,190.26,290.58,3177.36,1680.45,474.02,81.28,243.28,1053.41,387.86,236.12,290.89,438.24,208.35,101.29,3526.29,232.06,131.45,134.69,39.01,55.01,98.0,274.32
20261005,11:29:20,49731.29,44578.06,26173.5,17132.16,123.88,1856.24,450.89,463.55,556.02,110.61,166.22,205.27,91.57,143.0,268.33,122.04,190.26,290.58,3180.15,1682.65,474.04,81.28,243.28,1053.23,387.82,236.12,290.88,438.24,208.32,101.29,3526.32,232.06,131.45,134.69,39.01,55.01,98.0,274.28
20261005,11:29:25,49695.32,44543.54,26175.28,17135.98,123.88,1856.24,450.89,463.55,556.02,110.6,166.21,205.24,91.57,143.0,268.33,121.92,190.26,290.56,3177.28,1680.3,474.12,81.25,243.28,1053.7,387.82,236.11,290.83,438.23,208.28,101.29,3525.84,232.06,132.05,134.69,39.01,55.05,98.0,274.29
20261005,11:29:30,49688.46,44539.14,26164.45,17131.17,123.88,1856.24,450.89,463.55,556.0,110.6,166.21,205.23,91.57,143.0,268.33,121.92,190.26,290.56,3177.04,1680.39,474.02,81.25,243.28,1053.21,387.82,236.11,290.62,438.24,208.28,101.29,3523.76,232.06,131.45,134.69,39.01,55.05,98.0,274.29
20261005,11:29:35,49688.8,44538.94,26165.98,17131.12,123.88,1856.24,450.89,463.55,555.92,110.6,166.23,205.25,91.58,143.0,268.33,121.92,190.26,290.56,3177.03,1680.28,474.19,81.22,243.28,1053.4,387.82,236.11,290.61,438.24,208.28,101.29,3524.25,232.09,131.45,134.67,39.01,55.05,98.0,274.29
20261005,11:29:40,49693.01,44542.73,26166.97,17131.21,123.88,1856.24,450.89,463.55,555.99,110.6,166.22,205.25,91.58,143.0,268.33,121.92,190.22,290.55,3177.33,1680.41,474.1,81.24,243.28,1053.79,387.85,236.11,290.61,438.24,208.28,101.28,3524.54,232.09,131.45,134.67,39.01,55.05,98.0,274.29
20261005,11:29:45,49731.7,44580.21,26167.45,17131.08,123.88,1856.32,450.89,463.55,555.99,110.6,166.22,205.22,91.58,143.0,268.33,121.92,190.22,290.53,3180.35,1682.7,474.12,81.26,243.29,1053.8,387.87,236.11,290.65,438.24,208.27,101.28,3524.73,232.09,131.45,134.69,39.01,55.05,98.0,274.29
20261005,11:29:50,49736.43,44583.11,26176.8,17136.11,123.88,1856.32,450.89,463.8,555.96,110.6,166.22,205.23,91.58,143.01,268.33,121.92,190.22,290.54,3180.47,1682.83,474.2,81.23,243.29,1053.24,387.87,236.11,290.96,438.24,208.29,101.28,3526.28,232.09,132.05,134.69,39.01,55.04,98.0,274.29
20261005,11:29:55,49735.65,44581.7,26178.21,17135.56,123.88,1856.32,450.89,463.55,555.96,110.6,166.21,205.22,91.57,142.79,268.33,121.92,190.22,290.56,3180.37,1682.88,474.19,81.26,243.29,1053.22,387.87,236.11,290.65,438.24,208.29,101.28,3526.87,232.09,132.05,134.69,39.01,55.04,98.0,274.29
20261005,11:30:00,49732.45,44577.94,26176.26,17131.13,123.88,1856.32,450.89,463.8,555.96,110.6,166.21,205.22,91.57,142.79,268.33,121.91,190.22,290.56,3180.17,1682.76,474.18,81.23,243.56,1052.53,387.87,236.11,290.96,438.24,208.3,101.28,3527.47,232.09,131.45,134.69,39.01,55.04,98.0,274.29
20261005,11:30:05,49737.52,44583.22,26176.6,17132.68,123.88,1856.32,450.89,463.55,556.27,110.6,166.21,205.21,91.57,142.79,268.33,122.04,190.22,290.6,3180.56,1682.86,474.04,81.26,243.32,1053.86,387.87,236.12,290.64,438.24,208.3,101.28,3527.15,232.09,131.45,134.69,39.01,55.03,98.0,274.29
20261005,11:30:10,49692.56,44539.92,26174.66,17132.15,123.88,1856.32,450.89,463.55,556.27,110.59,166.21,205.21,91.58,142.79,268.33,121.91,190.22,290.6,3177.08,1680.29,473.92,81.23,243.5,1053.14,387.87,236.12,290.95,438.24,208.33,101.28,3526.69,232.09,131.45,134.69,39.01,55.03,98.0,274.28
20261005,11:30:15,49692.82,44540.75,26177.05,17136.83,123.88,1856.32,450.89,463.43,556.27,110.59,166.23,205.24,91.58,142.79,268.21,121.91,190.22,290.58,3177.04,1680.41,473.84,81.25,243.46,1053.13,387.87,236.12,290.64,438.23,208.33,101.28,3526.16,232.09,132.05,134.69,39.01,55.03,98.0,274.29
20261005,11:30:20,49725.16,44573.92,26172.23,17136.84,123.88,1856.32,450.89,463.68,556.27,110.59,166.22,205.22,91.58,142.79,268.21,121.91,190.19,290.6,3179.71,1682.65,473.91,81.28,243.49,1052.48,387.87,236.26,290.6,438.23,208.33,101.28,3524.66,232.09,132.05,134.67,39.01,55.02,98.0,274.29
20261005,11:30:25,49725.46,44574.51,26172.18,17137.79,123.88,1856.32,450.97,463.65,556.27,110.59,166.23,205.25,91.58,142.79,268.21,121.91,190.19,290.6,3179.73,1682.39,474.1,81.26,243.49,1053.11,387.87,236.26,290.65,438.23,208.35,101.28,3524.38,232.09,132.05,134.67,39.01,55.03,98.0,274.27
20261005,11:30:30,49725.04,44576.1,26165.51,17136.8,123.88,1856.32,450.97,463.39,556.27,110.6,166.21,205.22,91.57,142.79,268.21,122.04,190.19,290.6,3179.88,1682.56,474.01,81.27,243.5,1052.66,387.87,236.27,290.94,438.23,208.24,101.28,3522.56,232.09,132.05,134.67,38.97,55.03,98.0,274.24
20261005,11:30:35,49684.05,44533.26,26173.04,17135.73,123.88,1856.32,450.9,463.65,556.21,110.6,166.22,205.28,91.57,142.79,268.21,121.92,190.19,290.6,3176.46,1680.12,473.96,81.28,243.33,1052.66,387.84,236.27,290.61,438.26,208.24,101.28,3525.21,232.09,132.05,134.67,38.97,55.03,98.0,274.23
20261005,11:30:40,49721.49,44570.15,26171.97,17135.89,123.88,1856.32,450.9,463.47,556.21,110.68,166.22,205.3,91.57,142.79,268.21,121.9,190.22,290.63,3179.43,1682.4,474.07,81.26,243.32,1052.48,388.12,236.27,290.67,438.26,208.24,101.28,3524.83,232.09,132.05,134.67,38.97,55.03,98.0,274.23
20261005,11:30:45,49720.49,44569.85,26170.84,17136.83,123.88,1856.32,450.89,463.47,556.27,110.6,166.22,205.28,91.57,142.79,268.21,121.9,190.22,290.63,3179.38,1682.52,473.96,81.28,243.32,1051.7,388.14,236.27,290.97,438.22,208.36,101.28,3524.22,232.09,132.05,134.67,38.97,55.03,98.0,274.21
20261005,11:30:50,49716.99,44566.27,26171.99,17137.61,123.88,1856.32,450.89,463.47,556.35,110.68,166.24,205.33,91.57,142.79,268.21,121.9,190.22,290.63,3179.07,1682.5,473.84,81.27,243.32,1051.59,388.14,236.27,290.65,438.26,208.36,101.28,3524.37,232.09,132.05,134.67,38.97,55.05,98.0,274.21
20261005,11:30:55,49717.33,44566.61,26167.98,17133.0,123.88,1856.32,450.89,463.47,556.32,110.68,166.25,205.4,91.57,142.79,268.21,121.9,190.22,290.65,3179.21,1682.47,473.93,81.28,243.33,1051.56,388.14,236.27,290.92,438.2,208.39,101.28,3524.37,232.09,131.45,134.67,38.97,55.03,98.0,274.21
20261005,11:31:00,49714.7,44564.01,26168.78,17133.81,123.88,1856.21,450.97,463.47,556.32,110.6,166.25,205.36,91.57,142.79,268.21,122.03,190.22,290.65,3178.98,1682.36,473.68,81.28,243.33,1051.61,388.14,236.27,290.92,438.19,208.35,101.28,3524.4,232.09,131.45,134.67,38.97,55.02,98.0,274.28
20261005,11:31:05,49716.5,44565.42,26169.91,17133.97,123.88,1856.21,450.97,463.59,556.32,110.6,166.26,205.44,91.57,142.79,268.21,122.03,190.22,290.65,3179.09,1682.33,473.82,81.28,243.32,1052.23,388.16,236.27,290.6,438.21,208.32,101.28,3524.71,232.09,131.45,134.67,38.97,55.04,98.0,274.28
20261005,11:31:10,49718.73,44567.15,26176.22,17139.73,123.88,1855.98,450.97,463.67,556.35,110.6,166.25,205.38,91.57,142.79,268.21,122.03,190.22,290.65,3179.09,1682.25,473.93,81.27,243.57,1052.14,388.16,236.27,290.6,438.19,208.35,101.28,3525.12,232.09,132.05,134.67,38.97,55.02,98.0,274.58
20261005,11:31:15,49719.02,44567.8,26174.51,17139.01,123.88,1855.98,450.89,463.67,556.02,110.6,166.24,205.35,91.57,142.79,268.21,122.03,190.22,290.65,3179.16,1682.18,474.04,81.28,243.32,1052.21,388.16,236.27,290.92,438.19,208.47,101.28,3524.78,232.09,132.05,134.67,38.97,55.02,98.0,274.58
20261005,11:31:20,49717.65,44565.42,26176.84,17138.18,123.88,1855.98,450.89,463.67,556.02,110.6,166.24,205.33,91.57,142.79,268.21,121.9,190.22,290.65,3178.99,1682.13,473.95,81.27,243.32,1052.19,388.16,236.27,290.82,438.16,208.47,101.28,3525.73,232.09,132.05,134.67,38.97,55.02,98.0,274.6
20261005,11:31:25,49717.28,44565.87,26170.42,17133.51,123.88,1855.98,450.89,463.67,556.03,110.6,166.24,205.36,91.57,142.79,268.21,121.9,190.22,290.62,3179.14,1682.28,474.02,81.25,243.32,1052.06,388.16,236.24,290.81,438.16,208.47,101.28,3525.0,232.08,131.45,134.67,38.97,55.02,98.0,274.61
20261005,11:31:30,49710.63,44559.39,26170.68,17133.8,123.88,1855.98,450.89,463.67,556.07,110.63,166.24,205.36,91.57,142.79,268.21,121.9,190.22,290.62,3178.61,1682.15,473.82,81.25,243.32,1051.71,388.16,236.24,290.6,438.17,208.47,101.28,3525.0,232.08,131.45,134.67,38.97,55.02,98.0,274.64
20261005,11:31:35,49675.59,44525.1,26174.18,17137.35,123.88,1855.98,450.89,463.67,556.07,110.62,166.24,205.36,91.57,142.79,268.21,121.9,190.22,290.58,3175.76,1679.8,473.94,81.25,243.27,1052.08,388.1,236.24,290.6,438.17,208.43,101.28,3525.13,232.08,132.05,134.67,38.97,55.04,98.0,274.34
20261005,11:31:40,49672.93,44521.65,26174.71,17135.08,123.75,1855.98,450.89,463.67,556.03,110.63,166.24,205.36,91.57,142.79,268.21,121.88,190.22,290.58,3175.54,1679.69,474.07,81.26,243.27,1051.76,388.1,236.23,290.6,438.17,208.27,101.28,3525.91,232.08,132.05,134.67,38.97,55.04,98.0,274.29
20261005,11:31:45,49676.91,44523.91,26179.02,17134.59,123.75,1855.98,450.81,464.17,556.03,110.53,166.24,205.35,91.57,142.79,268.21,121.88,190.17,290.53,3175.73,1679.68,473.95,81.25,243.45,1052.23,388.13,236.23,290.6,438.17,208.27,101.28,3527.39,232.08,132.05,134.67,38.97,55.03,98.0,274.34
20261005,11:31:50,49678.09,44525.36,26179.96,17136.69,123.88,1855.98,450.81,463.67,556.02,110.6,166.24,205.36,91.57,143.01,268.21,122.01,190.17,290.53,3175.8,1679.79,474.07,81.23,243.43,1051.91,388.12,236.23,290.64,438.2,208.27,101.28,3527.11,232.08,132.05,134.67,38.97,55.03,98.0,274.64
20261005,11:31:55,49721.08,44566.95,26179.75,17135.43,123.88,1855.98,450.81,463.79,556.02,110.61,166.25,205.38,91.57,142.79,268.09,121.89,190.17,290.75,3179.18,1682.23,474.07,81.25,243.43,1052.4,388.12,236.23,290.64,438.2,208.27,101.28,3527.39,232.08,132.05,134.67,38.97,55.03,98.0,274.34
20261005,11:32:00,49719.45,44567.63,26173.04,17135.32,123.88,1855.98,450.81,463.79,556.06,110.61,166.25,205.4,91.57,142.79,268.09,121.88,190.17,290.75,3179.24,1682.14,474.16,81.25,243.26,1052.47,388.11,236.23,290.94,438.2,208.27,101.28,3525.32,232.08,132.05,134.67,38.96,54.99,98.0,274.36
20261005,11:32:05,49679.21,44528.24,26174.71,17136.64,123.88,1857.4,450.89,463.79,556.06,110.62,166.24,205.36,91.57,142.79,268.09,121.9,190.17,290.77,3176.03,1679.8,474.22,81.25,243.26,1052.02,388.15,236.23,290.94,438.22,208.27,101.28,3525.48,232.08,132.05,134.67,38.96,54.99,98.0,274.36
20261005,11:32:10,49679.22,44528.3,26174.35,17136.4,123.88,1857.4,450.89,463.79,556.06,110.62,166.24,205.34,91.57,142.79,268.21,121.91,190.22,290.77,3176.04,1679.86,474.21,81.25,243.23,1051.9,388.15,236.23,290.94,438.21,208.24,101.28,3525.44,232.08,132.05,134.67,38.96,54.99,98.0,274.36
20261005,11:32:15,49678.96,44525.4,26178.13,17131.87,123.88,1857.4,450.89,463.79,556.06,110.63,166.23,205.33,91.57,142.79,268.21,121.91,190.22,290.77,3175.92,1679.87,474.23,81.25,243.22,1051.9,388.15,236.23,290.67,438.21,208.26,101.28,3527.85,232.08,131.45,134.67,38.96,54.99,98.0,274.4
20261005,11:32:20,49718.49,44563.53,26180.96,17133.88,123.88,1857.4,450.89,463.79,556.06,110.63,166.23,205.33,91.57,142.79,268.21,121.91,190.22,290.77,3178.94,1682.15,474.0,81.25,243.11,1052.0,388.15,236.23,290.98,438.21,208.41,101.28,3528.19,232.08,131.45,134.57,38.96,54.99,98.0,274.71
20261005,11:32:25,49717.45,44562.79,26180.54,17134.27,123.88,1857.4,450.9,463.92,556.06,110.63,166.23,205.32,91.57,142.79,268.21,122.03,190.22,290.55,3178.87,1682.26,473.9,81.23,243.11,1052.03,388.17,236.24,290.67,438.21,208.41,101.28,3527.95,232.08,131.45,134.57,38.96,54.99,98.0,274.71
20261005,11:32:30,49718.66,44563.97,26180.17,17133.85,123.88,1857.4,450.91,463.92,556.06,110.64,166.23,205.32,91.57,142.79,268.21,121.91,190.18,290.55,3178.98,1682.23,473.76,81.22,243.14,1052.13,388.18,236.24,290.98,438.21,208.44,101.25,3527.95,232.08,131.45,134.57,38.96,54.99,98.0,274.71
20261005,11:32:35,49677.74,44527.07,26171.13,17133.41,123.88,1855.88,450.91,463.92,556.05,110.64,166.25,205.38,91.57,142.79,268.21,121.91,190.18,290.55,3176.01,1679.96,473.76,81.25,243.14,1052.02,388.18,236.24,290.98,438.21,208.44,101.25,3525.24,232.08,131.45,134.58,38.96,54.99,98.0,274.71
20261005,11:32:40,49719.48,44567.54,26171.62,17133.3,123.88,1855.88,450.91,463.92,556.05,110.63,166.25,205.39,91.57,142.79,268.21,121.91,190.18,290.54,3179.28,1682.37,473.8,81.23,243.13,1052.51,388.18,236.24,290.84,438.21,208.44,101.25,3525.42,232.08,131.45,134.58,38.96,54.99,98.0,274.67
20261005,11:32:45,49717.26,44565.52,26171.88,17134.09,123.88,1855.88,450.91,463.92,556.05,110.64,166.26,205.44,91.57,142.79,268.21,122.02,190.18,290.51,3179.1,1682.23,473.87,81.26,243.13,1052.79,388.18,236.23,290.53,438.21,208.43,101.25,3525.29,232.08,131.45,134.6,38.96,54.99,98.0,274.67
20261005,11:32:50,49715.95,44566.24,26170.09,17138.69,123.88,1855.88,450.91,463.92,556.06,110.64,166.24,205.35,91.57,142.79,268.21,122.02,190.18,290.51,3179.04,1682.22,473.86,81.25,243.13,1052.33,388.18,236.23,290.83,438.22,208.43,101.25,3523.48,232.08,132.05,134.6,38.96,55.01,98.0,274.65
20261005,11:32:55,49714.72,44565.04,26169.23,17137.7,123.75,1855.88,450.91,464.0,556.06,110.64,166.24,205.36,91.57,142.79,268.21,121.9,190.18,290.51,3178.97,1682.25,473.86,81.26,242.94,1052.23,388.18,236.23,290.83,438.23,208.43,101.25,3523.48,232.08,132.05,134.6,38.96,55.01,98.0,274.65
20261005,11:33:00,49716.12,44566.48,26169.47,17138.23,123.88,1855.88,450.91,464.0,556.06,110.72,166.24,205.36,91.57,142.79,268.21,121.9,190.18,290.51,3179.07,1682.25,474.01,81.24,242.94,1052.35,388.18,236.24,290.83,438.21,208.43,101.25,3523.41,232.15,132.05,134.6,38.96,54.99,98.0,274.65
20261005,11:33:05,49678.16,44526.97,26176.57,17137.97,123.88,1855.88,450.9,463.92,556.04,110.72,166.24,205.35,91.57,142.79,268.21,121.9,190.18,290.49,3175.9,1679.83,474.02,81.25,242.93,1052.23,388.18,236.24,290.83,438.21,208.42,101.25,3525.71,232.15,132.05,134.63,38.96,54.99,98.0,274.66
20261005,11:33:10,49679.51,44528.87,26175.96,17139.23,123.88,1856.11,450.98,464.0,556.35,110.64,166.23,205.29,91.57,142.58,268.21,121.9,190.18,290.49,3176.02,1679.83,474.02,81.25,243.1,1052.35,388.16,236.24,290.84,438.23,208.42,101.25,3525.17,232.15,132.05,134.63,38.96,55.01,98.0,274.64
20261005,11:33:15,49718.03,44566.51,26176.68,17140.4,123.88,1856.11,450.98,464.0,556.34,110.73,166.22,205.26,91.57,142.58,268.21,122.02,190.18,290.49,3179.03,1682.26,474.13,81.24,243.08,1052.34,388.16,236.24,290.52,438.24,208.44,101.25,3525.08,232.15,132.05,134.63,38.96,55.01,98.0,274.66
20261005,11:33:20,49676.89,44526.17,26176.67,17139.55,123.88,1856.06,450.98,463.92,556.34,110.73,166.22,205.25,91.57,142.58,268.21,121.9,190.18,290.49,3175.79,1679.85,474.02,81.24,242.91,1052.34,388.16,236.24,290.53,438.23,208.44,101.25,3525.31,232.15,132.05,134.63,38.96,55.01,98.0,274.69
20261005,11:33:25,49711.79,44560.22,26176.57,17139.58,123.88,1856.06,450.98,464.0,556.34,110.65,166.22,205.25,91.58,142.58,268.21,121.9,190.18,290.49,3178.54,1681.95,474.02,81.24,242.91,1052.41,388.16,236.24,290.53,438.21,208.44,101.25,3525.27,232.15,132.05,134.63,38.96,55.01,98.0,274.75
20261005,11:33:30,49675.74,44525.32,26171.7,17134.71,123.88,1856.06,450.9,464.0,556.34,110.65,166.22,205.23,91.58,142.58,268.21,122.02,190.18,290.49,3175.84,1679.65,473.97,81.2,243.27,1052.88,388.16,236.24,290.53,438.23,208.44,101.25,3525.07,232.15,131.45,134.6,38.96,55.01,98.0,274.69
20261005,11:33:35,49715.11,44563.99,26175.34,17139.95,123.88,1856.06,450.98,464.01,556.31,110.65,166.22,205.23,91.58,142.58,268.19,122.02,190.18,290.49,3178.83,1682.05,473.92,81.24,243.03,1052.4,388.16,236.24,290.84,438.23,208.44,101.25,3524.78,232.15,132.05,134.6,38.96,55.01,98.0,274.69
20261005,11:33:40,49721.07,44569.7,26175.64,17139.97,123.88,1856.06,450.98,464.01,556.31,110.63,166.21,205.19,91.58,142.79,268.19,122.02,190.18,290.49,3179.29,1682.18,474.0,81.23,243.16,1052.87,388.16,236.24,290.84,438.16,208.44,101.25,3524.87,232.15,132.05,134.6,38.96,55.01,98.0,274.69
20261005,11:33:45,49722.34,44569.91,26177.68,17138.88,123.69,1856.06,450.9,463.76,556.31,110.64,166.22,205.27,91.57,142.79,268.19,122.02,190.18,290.49,3179.34,1682.32,474.02,81.22,243.34,1052.41,388.08,236.24,290.84,438.21,208.44,101.25,3525.81,232.15,132.05,134.6,38.96,55.01,98.0,274.68
20261005,11:33:50,49719.58,44567.13,26177.99,17138.95,123.69,1856.06,450.9,463.75,556.31,110.64,166.23,205.27,91.57,142.79,268.19,122.02,190.18,290.49,3179.11,1682.24,474.12,81.22,243.23,1052.52,388.1,236.24,290.54,438.21,208.44,101.25,3525.88,232.15,132.05,134.62,38.96,55.01,98.0,274.68
20261005,11:33:55,49719.63,44567.68,26175.92,17138.24,123.75,1856.06,450.91,463.75,556.31,110.64,166.23,205.27,91.57,142.58,268.19,121.9,190.18,290.48,3179.17,1682.35,474.12,81.22,243.23,1052.37,388.11,236.24,290.49,438.21,208.44,101.25,3525.43,232.15,132.05,134.62,38.95,55.01,98.0,274.75
20261005,11:34:00,49718.84,44566.5,26173.57,17134.15,123.88,1857.48,450.9,463.75,556.34,110.64,166.23,205.27,91.57,142.58,268.19,121.9,190.18,290.48,3179.17,1682.16,474.11,81.2,243.23,1052.55,388.1,236.24,290.84,438.21,208.41,101.25,3525.81,232.15,131.45,134.62,38.95,55.01,98.0,274.75
20261005,11:34:05,49719.68,44569.41,26166.02,17132.46,123.88,1856.06,450.9,463.75,556.03,110.63,166.22,205.24,91.57,142.58,268.19,121.92,190.18,290.47,3179.45,1682.27,474.11,81.15,243.23,1053.0,388.1,236.24,290.8,438.22,208.41,101.25,3523.9,232.15,131.45,134.62,38.95,54.99,98.0,274.75
20261005,11:34:10,49719.51,44567.18,26176.5,17137.63,123.88,1856.06,450.9,463.75,556.03,110.63,166.22,205.23,91.57,142.79,268.19,121.93,190.21,290.47,3179.15,1682.11,474.12,81.16,243.23,1052.77,388.07,236.24,290.8,438.22,208.41,101.25,3525.77,232.15,132.05,134.6,38.95,55.01,97.98,274.76
20261005,11:34:15,49714.42,44562.08,26176.55,17137.18,123.88,1856.07,450.89,463.75,555.89,110.65,166.22,205.23,91.57,142.79,268.19,121.93,190.21,290.49,3178.75,1682.1,474.03,81.18,243.23,1052.31,388.0,236.24,290.49,438.22,208.41,101.25,3525.91,232.15,132.05,134.6,38.94,55.0,97.98,274.76
20261005,11:34:20,49719.08,44566.89,26175.67,17137.09,123.88,1856.07,450.89,464.0,555.89,110.66,166.2,205.2,91.56,142.79,268.16,121.93,190.21,290.49,3179.14,1682.23,474.04,81.19,243.23,1052.84,388.0,236.24,290.48,438.17,208.41,101.25,3525.66,232.15,132.05,134.59,38.94,55.0,97.98,274.75
20261005,11:34:25,49683.84,44530.72,26181.32,17137.45,123.88,1856.07,450.89,463.75,555.97,110.65,166.23,205.31,91.56,142.79,268.16,121.93,190.21,290.49,3176.21,1679.92,474.13,81.18,243.23,1052.87,387.99,236.24,290.52,438.17,208.41,101.25,3527.33,232.15,132.05,134.6,38.94,55.0,97.98,274.75
20261005,11:34:30,49718.45,44563.99,26178.66,17132.86,123.88,1856.07,450.89,463.87,555.82,110.66,166.23,205.32,91.56,142.79,268.16,122.06,190.21,290.49,3179.0,1682.19,474.12,81.16,243.11,1052.26,387.92,236.24,290.84,438.17,208.38,101.25,3527.74,232.15,131.45,134.6,38.94,55.0,97.98,274.75
20261005,11:34:35,49718.41,44563.8,26182.51,17136.8,123.88,1856.07,450.89,463.87,555.82,110.74,166.22,205.29,91.56,142.8,268.16,121.94,190.21,290.49,3178.89,1682.19,474.07,81.19,243.11,1052.4,387.92,236.24,290.53,438.15,208.38,101.25,3527.88,232.15,132.05,134.6,38.94,54.98,97.98,274.74
20261005,11:34:40,49679.24,44526.64,26174.27,17130.71,123.88,1856.07,450.89,463.87,555.75,110.66,166.21,205.26,91.56,142.8,268.16,121.94,190.23,290.49,3176.05,1679.78,474.14,81.15,243.48,1052.38,387.67,236.24,290.84,438.15,208.38,101.25,3526.96,232.15,131.45,134.62,38.94,54.98,97.98,274.44
20261005,11:34:45,49718.31,44565.52,26172.92,17131.83,123.88,1856.07,450.89,463.87,555.75,110.67,166.21,205.25,91.56,142.8,268.16,122.06,190.23,290.49,3179.15,1682.29,474.09,81.19,243.23,1052.61,387.7,236.24,290.53,438.17,208.41,101.25,3526.23,232.15,131.45,134.62,38.94,54.98,97.98,274.44
20261005,11:34:50,49712.29,44559.43,26173.13,17131.35,123.83,1856.07,450.89,463.87,555.75,110.67,166.2,205.24,91.56,142.8,268.16,122.05,190.23,290.5,3178.67,1682.18,474.05,81.19,243.23,1051.88,387.7,236.24,290.53,438.18,208.38,101.25,3526.43,232.15,131.45,134.62,38.94,54.98,97.98,274.44
20261005,11:34:55,49713.86,44560.37,26174.97,17131.5,123.83,1856.07,450.9,463.87,555.68,110.67,166.2,205.24,91.56,142.8,268.16,122.05,190.23,290.51,3178.74,1682.16,474.07,81.19,243.52,1051.89,387.7,236.24,290.48,438.18,208.42,101.25,3526.96,232.15,131.45,134.62,38.94,54.98,97.98,274.44
20261005,11:35:00,49712.91,44561.15,26174.34,17136.49,123.83,1856.07,450.9,463.87,555.75,110.66,166.21,205.25,91.56,142.8,268.16,122.05,190.23,290.51,3178.69,1682.16,474.05,81.18,243.41,1051.89,387.7,236.21,290.47,438.18,208.42,101.25,3525.41,232.15,132.05,134.62,38.94,54.98,97.98,274.44
20261005,11:35:05,49671.33,44520.87,26173.36,17136.14,123.89,1856.07,450.91,463.87,555.75,110.58,166.21,205.26,91.56,142.8,268.16,122.05,190.23,290.51,3175.45,1679.67,474.03,81.18,243.4,1051.88,387.7,236.21,290.47,438.18,208.42,101.25,3525.2,231.82,132.05,134.6,38.94,55.0,97.98,274.44
20261005,11:35:10,49713.0,44561.72,26173.14,17136.71,123.89,1856.07,450.91,463.87,555.86,110.66,166.21,205.26,91.56,142.8,268.16,122.06,190.23,290.51,3178.73,1682.16,474.08,81.19,243.65,1051.73,387.7,236.21,290.47,438.18,208.42,101.25,3524.97,231.82,132.05,134.6,38.94,55.0,97.98,274.44
20261005,11:35:15,49713.73,44562.66,26172.4,17136.6,123.89,1856.07,450.91,463.87,555.86,110.66,166.21,205.26,91.56,142.8,268.16,122.04,190.23,290.51,3178.81,1682.27,474.18,81.19,243.4,1051.28,387.68,236.21,290.8,438.18,208.42,101.25,3524.77,231.82,132.05,134.6,38.94,55.0,97.98,274.45
20261005,11:35:20,49715.76,44563.99,26174.25,17136.58,123.88,1856.07,450.91,463.87,555.86,110.66,166.2,205.24,91.56,142.8,268.16,122.06,190.23,290.51,3178.91,1682.17,474.19,81.2,243.42,1051.82,387.68,236.22,290.79,438.18,208.4,101.25,3525.36,231.82,132.05,134.6,38.94,55.02,97.98,274.45
20261005,11:35:25,49715.04,44562.73,26170.71,17130.65,123.88,1856.17,450.91,463.87,555.73,110.66,166.2,205.24,91.56,142.8,268.16,121.94,190.23,290.51,3178.96,1682.19,474.24,81.19,243.42,1051.82,387.68,236.22,290.79,438.18,208.39,101.25,3525.86,231.82,131.45,134.6,38.94,55.02,97.98,274.45
20261005,11:35:30,49715.39,44562.41,26173.49,17131.61,123.88,1856.17,450.9,464.12,555.73,110.68,166.2,205.23,91.56,142.8,268.16,122.07,190.23,290.51,3178.91,1682.13,474.27,81.16,243.42,1051.92,387.96,236.22,290.74,438.18,208.38,101.25,3526.47,231.82,131.45,134.6,38.94,55.02,97.97,274.45
20261005,11:35:35,49675.48,44523.08,26174.47,17131.28,123.88,1856.17,450.9,463.74,555.71,110.68,166.2,205.23,91.56,142.8,268.16,122.07,190.23,290.51,3175.74,1679.84,474.29,81.16,243.24,1051.92,387.96,236.22,290.48,438.24,208.38,101.25,3526.87,231.82,131.45,134.6,38.94,55.02,97.97,274.45
20261005,11:35:40,49671.31,44519.46,26172.45,17130.44,123.88,1856.17,450.9,463.66,555.71,110.69,166.2,205.24,91.56,142.8,268.16,121.95,190.23,290.51,3175.47,1679.68,474.24,81.16,243.24,1051.84,387.96,236.16,290.47,438.18,208.42,101.25,3526.46,231.82,131.45,134.6,38.94,54.98,97.97,274.45
20261005,11:35:45,49711.84,44558.72,26173.06,17130.35,123.88,1856.17,450.9,463.66,555.61,110.69,166.2,205.25,91.56,142.8,268.16,121.95,190.23,290.51,3178.64,1682.13,474.13,81.19,243.24,1051.86,387.96,236.16,290.47,438.18,208.42,101.25,3526.67,231.82,131.45,134.6,38.94,54.98,97.97,274.52
20261005,11:35:50,49676.92,44524.7,26177.03,17134.92,123.88,1856.17,450.9,463.66,555.61,110.69,166.19,205.21,91.56,142.8,268.16,121.95,190.23,290.51,3175.79,1679.83,474.21,81.18,243.47,1051.9,387.95,236.16,290.49,438.18,208.41,101.25,3526.67,231.82,132.05,134.6,38.94,54.98,97.97,274.52
20261005,11:35:55,49712.35,44559.89,26170.12,17129.21,123.88,1856.17,450.9,463.66,555.38,110.69,166.19,205.19,91.56,142.8,268.16,121.95,190.23,290.51,3178.76,1682.04,474.12,81.21,243.4,1051.84,387.95,235.92,290.82,438.17,208.4,101.25,3526.07,231.82,131.45,134.6,38.94,54.98,97.97,274.52
20261005,11:36:00,49714.21,44561.85,26169.6,17129.13,123.88,1855.94,450.9,463.66,555.38,110.68,166.19,205.19,91.56,142.8,268.16,121.95,190.23,290.51,3178.92,1682.12,474.12,81.22,243.42,1052.34,387.95,235.92,290.5,438.17,208.4,101.25,3525.93,231.82,131.45,134.6,38.94,54.98,97.97,274.54
20261005,11:36:05,49674.23,44522.16,26171.78,17129.17,123.88,1855.94,450.9,463.66,555.38,110.67,166.19,205.21,91.56,142.8,268.16,121.95,190.23,290.51,3175.72,1679.75,474.23,81.22,243.42,1051.93,387.95,235.92,290.5,438.17,208.4,101.25,3526.59,231.82,131.45,134.6,38.94,54.98,97.97,274.54
20261005,11:36:10,49671.75,44520.01,26173.82,17132.41,123.88,1855.94,450.9,463.62,555.38,110.65,166.19,205.21,91.56,142.8,268.16,121.95,190.23,290.51,3175.47,1679.6,474.11,81.22,243.42,1051.89,387.95,235.9,290.5,438.16,208.25,101.25,3526.35,231.82,132.05,134.6,38.94,54.98,97.97,274.55
20261005,11:36:15,49674.59,44523.13,26169.33,17128.41,123.88,1855.94,450.81,463.87,555.33,110.66,166.19,205.21,91.55,142.79,268.16,121.95,190.23,290.51,3175.82,1679.66,474.24,81.24,243.42,1052.35,388.03,235.9,290.5,438.13,208.4,101.25,3526.04,231.82,131.45,134.6,38.94,54.98,97.97,274.53
20261005,11:36:20,49715.64,44562.58,26170.4,17127.81,123.88,1855.94,450.81,463.87,555.14,110.66,166.19,205.21,91.55,142.79,268.16,121.94,190.23,290.51,3179.01,1682.1,474.33,81.23,243.42,1052.35,388.06,235.9,290.5,438.15,208.4,101.25,3526.53,231.82,131.45,134.6,38.94,54.98,97.97,274.55
20261005,11:36:25,49708.46,44555.84,26170.26,17128.53,123.88,1855.94,450.9,463.95,555.07,110.67,166.18,205.2,91.55,142.79,268.16,121.94,190.23,290.51,3178.45,1682.07,474.51,81.21,243.42,1050.99,388.04,235.9,290.5,438.15,208.42,101.25,3526.3,231.82,131.45,134.6,38.94,54.99,97.97,274.55
20261005,11:36:30,49668.16,44516.41,26170.71,17128.47,123.88,1855.94,450.9,463.7,554.99,110.67,166.18,205.17,91.55,142.79,268.16,122.07,190.23,290.52,3175.28,1679.63,474.47,81.21,243.4,1051.04,388.02,235.87,290.5,438.11,208.42,101.25,3526.45,231.68,131.45,134.6,38.94,54.99,97.97,274.56
20261005,11:36:35,49712.37,44559.71,26169.7,17128.06,123.88,1855.94,450.81,463.85,554.94,110.74,166.18,205.2,91.55,142.79,268.16,122.07,190.23,290.52,3178.77,1682.22,474.37,81.22,243.64,1051.16,388.02,235.87,290.54,438.11,208.42,101.25,3526.25,231.68,131.45,134.6,38.94,55.0,97.97,274.56
20261005,11:36:40,49716.17,44563.15,26169.87,17127.39,123.88,1855.94,450.82,463.64,554.97,110.67,166.18,205.2,91.55,142.79,268.16,121.94,190.23,290.5,3179.07,1682.18,474.4,81.23,243.64,1051.91,387.79,235.87,290.59,438.11,208.38,101.25,3526.48,231.68,131.45,134.6,38.94,55.0,97.97,274.84
20261005,11:36:45,49718.52,44566.07,26169.01,17128.49,123.88,1855.94,450.9,463.9,555.07,110.75,166.18,205.2,91.55,142.58,268.04,121.95,190.23,290.5,3179.28,1682.3,474.44,81.25,243.67,1051.92,387.79,235.88,290.59,438.1,208.38,101.25,3525.92,231.68,131.45,134.6,38.94,55.0,97.98,274.84
20261005,11:36:50,49717.05,44565.0,26166.97,17127.37,123.75,1855.94,450.82,463.72,555.07,110.67,166.17,205.17,91.55,142.58,268.04,121.95,190.23,290.5,3179.22,1682.3,474.41,81.24,243.67,1051.83,387.79,235.88,290.6,438.1,208.42,101.25,3525.58,231.68,131.45,134.6,38.94,55.0,97.98,274.84
20261005,11:36:55,49678.27,44526.8,26170.27,17129.79,123.88,1855.94,450.9,463.8,555.37,110.67,166.17,205.16,91.55,142.58,268.04,121.95,190.23,290.5,3176.08,1679.77,474.42,81.24,243.67,1051.83,387.79,235.88,290.86,438.18,208.43,101.25,3525.96,231.68,131.45,134.64,38.94,55.0,97.98,274.84
20261005,11:37:00,49681.27,44527.75,26175.97,17129.75,123.88,1855.94,450.9,463.8,555.37,110.67,166.17,205.16,91.55,142.58,268.04,121.94,190.27,290.5,3176.16,1679.76,474.53,81.25,243.67,1051.87,387.45,235.88,290.93,438.18,208.44,101.21,3527.75,231.68,131.45,134.64,38.94,54.98,97.98,274.84
20261005,11:37:05,49681.71,44529.93,26174.74,17134.2,123.88,1855.94,450.9,463.8,555.26,110.66,166.18,205.19,91.55,142.58,268.04,121.94,190.27,290.5,3176.23,1679.88,474.58,81.24,243.42,1051.86,387.45,235.88,290.91,438.12,208.44,101.21,3526.16,231.68,132.06,134.64,38.94,54.98,97.98,274.84
20261005,11:37:10,49680.08,44528.22,26171.15,17129.63,123.88,1855.94,450.9,463.8,555.26,110.65,166.14,205.19,91.52,142.58,268.04,121.94,190.29,290.5,3176.2,1679.88,474.47,81.27,243.42,1051.85,387.45,235.88,290.91,438.12,208.44,101.21,3526.27,232.01,131.46,134.64,38.94,54.98,97.98,274.85
20261005,11:37:15,49675.17,44523.31,26171.61,17129.75,123.88,1856.17,450.9,463.8,555.26,110.65,166.14,205.19,91.52,142.58,268.04,121.94,190.31,290.51,3175.8,1679.72,474.47,81.28,243.42,1051.79,387.45,235.88,290.6,438.11,208.44,101.21,3526.39,232.01,131.46,134.64,38.94,54.98,97.98,274.85
20261005,11:37:20,49716.84,44565.29,26167.63,17129.78,123.76,1855.94,450.98,463.8,555.26,110.73,166.15,205.21,91.52,142.58,268.04,121.94,190.31,290.51,3179.18,1682.31,474.61,81.27,243.42,1051.65,387.45,235.88,290.64,438.11,208.41,101.21,3525.14,232.01,131.46,134.63,38.94,54.98,97.98,274.83
20261005,11:37:25,49673.99,44523.25,26168.35,17129.64,123.89,1855.94,450.9,463.93,555.26,110.73,166.15,205.22,91.52,142.58,268.04,121.94,190.31,290.51,3175.8,1679.76,474.52,81.27,243.42,1051.57,387.45,235.88,290.64,438.06,208.41,101.21,3525.4,232.01,131.46,134.63,38.94,54.98,97.98,274.83
20261005,11:37:30,49676.28,44524.48,26170.95,17129.28,123.89,1855.94,450.9,463.93,555.26,110.73,166.15,205.21,91.52,142.58,268.04,121.94,190.31,290.52,3175.91,1679.87,474.52,81.28,243.42,1051.5,387.45,235.88,290.62,438.07,208.39,101.21,3526.31,232.01,131.46,134.63,38.94,54.98,97.98,274.77
20261005,11:37:35,49677.39,44525.56,26175.15,17134.11,123.83,1855.94,450.9,463.93,555.25,110.73,166.16,205.19,91.53,142.58,268.04,121.97,190.31,290.52,3175.88,1679.77,474.42,81.27,243.42,1051.46,387.45,235.9,290.93,438.1,208.39,101.21,3526.31,232.01,132.06,134.63,38.94,54.97,97.98,274.78
20261005,11:37:40,49718.58,44565.66,26175.13,17133.98,123.7,1855.94,450.82,463.93,555.3,110.64,166.18,205.26,91.53,142.58,268.04,122.09,190.29,290.51,3179.11,1682.17,474.73,81.35,243.24,1051.44,387.45,235.9,290.93,438.1,208.39,101.21,3526.34,232.01,132.06,134.63,38.94,54.97,97.98,274.78
20261005,11:37:45,49716.16,44563.56,26169.0,17127.78,123.7,1855.94,450.82,463.93,555.27,110.72,166.16,205.22,91.53,142.58,268.04,121.97,190.29,290.29,3179.09,1682.21,474.62,81.34,243.24,1051.85,387.45,235.9,290.6,438.09,208.39,101.21,3526.11,232.01,131.46,134.63,38.94,54.97,97.98,274.77
20261005,11:37:50,49712.47,44560.19,26168.81,17128.34,123.83,1855.94,450.82,464.19,555.19,110.72,166.17,205.24,91.53,142.58,268.04,121.96,190.29,290.29,3178.81,1682.08,474.63,81.37,243.24,1051.48,387.45,235.94,290.6,438.09,208.39,101.21,3525.89,232.01,131.46,134.63,38.94,54.99,97.98,274.77
20261005,11:37:55,49712.68,44560.18,26170.28,17129.28,123.83,1855.94,450.82,464.19,555.19,110.72,166.19,205.26,91.54,142.58,268.04,122.09,190.29,290.29,3178.78,1682.1,474.63,81.38,243.24,1051.35,387.4,235.94,290.61,438.09,208.39,101.21,3526.1,232.01,131.46,134.63,38.94,54.99,97.98,274.75
20261005,11:38:00,49676.3,44523.06,26175.28,17129.44,123.89,1855.94,450.82,463.93,555.3,110.72,166.18,205.23,91.54,142.58,268.04,122.09,190.29,290.28,3175.79,1679.84,474.67,81.37,243.24,1051.2,387.4,235.95,290.61,438.14,208.39,101.21,3527.62,232.01,131.46,134.63,38.94,54.97,97.98,274.75
20261005,11:38:05,49679.92,44527.12,26173.86,17129.6,123.89,1855.98,450.82,463.93,555.29,110.73,166.19,205.26,91.54,142.58,268.04,122.09,190.29,290.31,3176.11,1680.06,474.7,81.37,243.24,1051.26,387.4,235.95,290.61,438.14,208.39,101.21,3527.13,232.01,131.46,134.63,38.94,54.97,97.98,274.75
20261005,11:38:10,49678.02,44525.27,26173.57,17129.26,123.89,1855.98,450.82,463.93,555.29,110.73,166.18,205.23,91.54,142.58,268.04,122.09,190.29,290.28,3175.97,1679.94,474.78,81.37,243.24,1051.26,387.4,235.95,290.56,438.14,208.35,101.21,3527.13,232.01,131.46,134.63,38.94,54.97,97.98,274.8
20261005,11:38:15,49719.54,44566.39,26172.06,17129.77,123.89,1855.98,450.82,463.93,555.29,110.74,166.17,205.19,91.54,142.79,267.92,122.09,190.29,290.31,3179.27,1682.43,474.7,81.37,243.47,1051.25,387.4,235.95,290.61,438.13,208.39,101.21,3526.52,232.01,131.46,134.63,38.94,54.97,97.98,274.8
20261005,11:38:20,49722.22,44569.22,26170.83,17129.08,123.89,1856.21,450.82,463.93,555.3,110.74,166.17,205.19,91.55,142.79,267.92,121.97,190.29,290.28,3179.52,1682.54,474.8,81.39,243.59,1051.24,387.4,235.95,290.61,438.13,208.39,101.21,3526.33,232.01,131.46,134.63,38.94,54.97,97.98,274.79
20261005,11:38:25,49684.75,44531.24,26174.31,17128.15,123.89,1855.98,450.82,464.19,555.38,110.74,166.16,205.19,91.54,142.79,267.92,121.97,190.29,290.31,3176.48,1680.02,474.81,81.39,243.59,1051.82,387.4,235.95,290.56,438.13,208.24,101.21,3527.67,232.07,131.46,134.63,38.94,54.97,97.98,274.77
20261005,11:38:30,49682.89,44529.88,26172.78,17127.89,123.89,1855.98,450.82,463.93,555.38,110.74,166.16,205.19,91.54,142.79,267.92,121.97,190.29,290.31,3176.37,1680.08,474.8,81.39,243.48,1051.34,387.4,235.95,290.7,438.13,208.24,101.21,3527.26,232.07,131.46,134.63,38.94,54.97,97.98,274.77
20261005,11:38:35,49681.56,44528.79,26173.07,17128.95,123.89,1855.98,450.82,463.93,555.38,110.74,166.16,205.18,91.54,142.58,267.92,121.97,190.29,290.31,3176.26,1679.97,474.81,81.41,243.48,1051.34,387.4,235.96,290.7,438.13,208.39,101.21,3527.06,232.07,131.46,134.63,38.94,54.97,97.98,274.77
20261005,11:38:40,49678.89,44526.78,26170.95,17128.48,123.83,1855.98,450.82,463.93,555.31,110.82,166.17,205.19,91.54,142.58,267.92,122.09,190.33,290.51,3176.11,1679.85,474.83,81.41,243.48,1051.27,387.41,235.96,290.75,438.13,208.28,101.21,3526.53,231.75,131.46,134.63,38.94,54.97,97.98,274.74
20261005,11:38:45,49677.37,44525.25,26170.63,17127.96,123.83,1855.98,450.82,463.93,555.31,110.81,166.19,205.21,91.56,142.58,267.92,121.97,190.33,290.51,3176.0,1679.84,474.72,81.39,243.48,1051.21,387.41,235.96,290.75,438.13,208.28,101.21,3526.57,231.75,131.46,134.63,38.94,54.97,97.98,274.74
20261005,11:38:50,49713.64,44563.01,26163.84,17128.23,123.83,1857.4,450.82,463.86,555.31,110.73,166.2,205.24,91.56,142.58,267.92,121.97,190.33,290.51,3179.04,1682.22,474.72,81.38,243.48,1051.22,387.41,235.96,290.65,438.09,208.28,101.21,3524.37,231.75,131.46,134.63,38.94,54.97,97.98,274.74
20261005,11:38:55,49675.31,44525.67,26165.3,17129.91,123.89,1856.07,450.82,463.81,555.61,110.73,166.21,205.27,91.56,142.58,267.92,121.97,190.33,290.48,3175.99,1679.82,474.83,81.41,243.48,1051.22,387.41,235.96,290.64,438.09,208.39,101.21,3524.37,231.75,131.46,134.63,38.94,54.97,97.98,274.74
20261005,11:39:00,49679.84,44528.98,26168.48,17129.9,123.89,1856.07,450.82,463.88,555.5,110.73,166.21,205.27,91.56,142.79,267.92,121.97,190.33,290.5,3176.25,1679.86,474.82,81.41,243.48,1051.33,387.4,235.96,290.95,438.09,208.39,101.21,3525.36,231.75,131.46,134.63,38.94,54.97,97.98,274.72
20261005,11:39:05,49679.92,44528.88,26168.37,17129.18,123.89,1856.07,450.82,463.89,555.49,110.73,166.2,205.24,91.56,142.79,267.92,121.97,190.29,290.5,3176.26,1679.99,474.84,81.41,243.5,1051.33,387.4,235.96,290.65,437.98,208.35,101.21,3525.53,231.75,131.46,134.59,38.94,54.97,97.97,274.75
20261005,11:39:10,49679.05,44528.29,26167.49,17129.05,123.89,1856.07,450.82,463.89,555.49,110.73,166.21,205.27,91.56,142.58,267.92,121.97,190.29,290.5,3176.22,1679.87,474.92,81.41,243.5,1051.33,387.4,235.96,290.76,438.02,208.35,101.21,3525.29,231.75,131.46,134.59,38.94,54.97,97.97,274.75
20261005,11:39:15,49722.14,44570.46,26171.64,17134.42,123.95,1856.07,450.81,463.89,555.49,110.73,166.22,205.3,91.56,142.58,268.04,121.97,190.29,290.5,3179.49,1682.4,474.85,81.41,243.5,1051.33,387.4,235.96,290.81,438.02,208.39,101.21,3525.13,231.75,132.06,134.59,38.94,54.97,97.97,274.75
20261005,11:39:20,49725.05,44574.16,26169.0,17134.28,123.95,1856.07,450.81,463.81,555.49,110.73,166.21,205.27,91.56,142.58,268.04,121.97,190.29,290.5,3179.79,1682.41,475.07,81.39,243.62,1051.34,387.39,236.05,291.12,438.02,208.39,101.21,3524.34,231.75,132.06,134.59,38.94,54.97,97.97,274.75
20261005,11:39:25,49721.45,44570.7,26168.01,17133.29,123.95,1856.07,450.81,463.81,555.49,110.73,166.21,205.26,91.56,142.58,268.04,121.97,190.26,290.5,3179.53,1682.38,475.02,81.38,243.62,1051.31,387.33,236.05,290.79,438.02,208.39,101.21,3524.3,231.75,132.06,134.6,38.94,54.97,97.97,274.43
20261005,11:39:30,49723.12,44572.03,26169.02,17133.49,123.95,1856.07,450.82,464.02,555.5,110.73,166.2,205.28,91.55,142.58,267.92,121.97,190.26,290.49,3179.64,1682.49,474.94,81.39,243.62,1051.31,387.33,236.05,290.78,438.01,208.39,101.21,3524.56,231.75,132.06,134.62,38.94,54.97,97.97,274.43
20261005,11:39:35,49723.41,44571.92,26165.25,17127.8,123.94,1856.07,450.82,463.89,555.42,110.73,166.18,205.28,91.54,142.58,267.92,121.97,190.26,290.49,3179.76,1682.48,475.03,81.38,243.63,1051.51,387.33,236.29,290.79,438.01,208.36,101.21,3524.93,231.75,131.46,134.62,38.94,54.97,97.97,274.43
20261005,11:39:40,49722.29,44573.14,26162.71,17132.62,123.94,1856.07,450.82,463.89,555.42,110.73,166.18,205.27,91.54,142.58,267.92,121.97,190.26,290.47,3179.75,1682.5,475.0,81.41,243.52,1051.51,387.33,236.29,290.79,438.01,208.37,101.21,3522.82,231.75,132.06,134.62,38.94,54.97,97.97,274.43
20261005,11:39:45,49722.23,44571.2,26168.11,17132.54,123.81,1856.07,450.82,463.97,555.39,110.73,166.2,205.39,91.53,142.58,267.92,121.97,190.26,290.49,3179.59,1682.34,475.11,81.41,243.7,1051.31,387.59,236.29,290.78,438.03,208.37,101.21,3524.54,231.75,132.06,134.62,38.94,54.97,97.97,274.43
20261005,11:39:50,49723.61,44572.0,26166.35,17128.68,123.94,1856.07,450.82,463.97,555.39,110.73,166.18,205.37,91.52,142.58,267.92,122.1,190.26,290.49,3179.75,1682.36,475.18,81.4,243.5,1051.8,387.58,236.29,290.74,438.05,208.37,101.21,3525.03,231.75,131.46,134.6,38.94,54.97,97.97,274.43
20261005,11:39:55,49720.55,44569.6,26164.75,17128.81,124.07,1856.07,450.82,464.22,555.39,110.73,166.17,205.32,91.52,142.58,268.04,121.97,190.26,290.49,3179.55,1682.34,475.08,81.38,243.52,1051.56,387.32,236.28,290.73,438.03,208.4,101.21,3524.5,231.75,131.46,134.6,38.94,54.98,97.97,274.43
20261005,11:40:00,49722.83,44570.59,26168.31,17128.79,124.07,1856.07,450.82,464.14,555.39,110.73,166.17,205.34,91.52,142.58,268.04,121.97,190.26,290.49,3179.63,1682.28,475.14,81.38,243.53,1051.46,387.3,236.28,291.04,438.03,208.4,101.21,3525.62,231.75,131.46,134.6,38.94,54.98,97.97,274.43
20261005,11:40:05,49684.28,44532.82,26168.41,17128.17,123.94,1856.07,450.82,463.76,555.42,110.73,166.18,205.35,91.52,142.58,268.04,121.97,190.26,290.49,3176.6,1680.01,475.04,81.44,243.53,1051.65,387.3,236.28,290.73,438.02,208.4,101.21,3525.82,231.75,131.46,134.6,38.94,54.98,97.97,274.43
20261005,11:40:10,49726.7,44574.96,26166.66,17128.88,123.94,1856.07,450.81,464.08,555.42,110.73,166.18,205.35,91.52,142.58,268.04,121.97,190.26,290.49,3179.98,1682.69,474.85,81.42,243.53,1051.64,387.3,236.28,290.74,437.99,208.37,101.21,3525.08,231.75,131.46,134.6,38.94,54.98,97.96,274.72
20261005,11:40:15,49722.19,44570.57,26167.1,17129.39,123.94,1856.07,450.81,463.83,555.52,110.73,166.16,205.29,91.52,142.58,268.04,121.97,190.26,290.49,3179.62,1682.59,474.84,81.43,243.53,1051.12,387.29,236.28,290.74,437.99,208.4,101.21,3525.08,231.75,131.46,134.7,38.94,54.98,97.96,274.72
20261005,11:40:20,49684.38,44533.47,26167.88,17129.44,123.94,1856.07,450.81,463.83,555.52,110.73,166.16,205.29,91.52,142.58,268.04,121.97,190.26,290.49,3176.63,1680.25,474.85,81.5,243.53,1051.08,387.32,236.28,290.74,437.99,208.4,101.21,3525.31,231.75,131.46,134.7,38.94,54.98,97.96,274.74
20261005,11:40:25,49684.2,44533.7,26165.62,17128.2,123.94,1856.07,450.73,463.83,555.29,110.71,166.18,205.31,91.53,142.58,268.04,121.96,190.28,290.5,3176.67,1680.22,474.93,81.51,243.53,1051.16,387.32,236.28,290.74,438.05,208.4,101.21,3524.94,231.75,131.46,134.7,38.94,54.98,97.96,274.72
20261005,11:40:30,49685.59,44535.28,26169.01,17132.86,123.94,1856.07,450.73,463.83,555.29,110.71,166.15,205.28,91.51,142.58,268.04,121.96,190.28,290.5,3176.69,1680.22,474.96,81.52,243.53,1051.17,387.29,236.28,290.73,438.05,208.4,101.2,3524.73,231.75,132.06,134.7,38.94,54.98,97.96,274.77
20261005,11:40:35,49688.24,44536.17,26173.63,17132.51,123.88,1856.07,450.73,463.9,555.29,110.63,166.16,205.27,91.52,142.58,268.04,121.96,190.24,290.5,3176.77,1680.23,474.96,81.51,243.53,1051.33,387.27,236.28,290.75,437.99,208.4,101.2,3526.27,231.75,132.06,134.7,38.94,54.98,97.96,274.77
20261005,11:40:40,49685.02,44534.86,26164.73,17128.35,123.88,1856.07,450.72,464.21,555.29,110.64,166.16,205.27,91.52,142.58,268.04,121.96,190.28,290.51,3176.76,1680.28,474.85,81.5,243.53,1051.24,387.3,236.28,290.78,437.99,208.43,101.2,3524.62,231.75,131.46,134.7,38.94,54.98,97.96,274.77
20261005,11:40:45,49691.46,44539.86,26168.74,17128.74,123.75,1856.07,450.72,464.21,555.51,110.64,166.16,205.27,91.52,142.58,268.04,121.96,190.28,290.51,3177.16,1680.38,474.85,81.51,243.71,1051.69,387.3,236.28,290.78,438.0,208.43,101.2,3525.77,231.75,131.46,134.7,38.94,54.98,97.96,274.77
20261005,11:40:50,49694.58,44543.75,26166.47,17128.97,123.75,1856.07,450.72,464.14,555.51,110.64,166.17,205.31,91.52,142.58,268.16,121.96,190.28,290.51,3177.47,1680.38,475.07,81.53,243.71,1051.8,387.33,236.28,291.04,438.0,208.45,101.2,3524.99,231.75,131.46,134.7,38.94,54.98,97.96,274.77
20261005,11:40:55,49689.2,44539.31,26168.64,17134.1,123.81,1856.07,450.73,464.22,555.51,110.64,166.14,205.29,91.5,142.58,268.16,122.08,190.28,290.52,3176.98,1680.26,475.06,81.53,243.71,1051.35,387.58,236.28,290.77,437.98,208.43,101.2,3524.27,231.75,132.05,134.7,38.94,54.98,97.96,274.76
20261005,11:41:00,49730.08,44579.62,26166.56,17133.34,123.81,1856.07,450.73,464.21,555.51,110.65,166.14,205.29,91.5,142.58,268.16,121.96,190.28,290.52,3180.25,1682.67,474.89,81.52,243.71,1051.9,387.53,236.28,290.77,437.98,208.43,101.2,3523.83,231.75,132.05,134.69,38.94,54.98,97.96,274.76
20261005,11:41:05,49730.88,44580.14,26163.29,17128.7,123.81,1856.07,450.73,464.21,555.59,110.65,166.12,205.23,91.5,142.58,268.16,121.96,190.24,290.52,3180.4,1682.83,474.88,81.55,243.59,1051.43,387.53,236.28,291.09,438.04,208.43,101.2,3524.07,231.75,131.45,134.69,38.94,54.98,97.96,274.76
20261005,11:41:10,49727.86,44577.19,26163.25,17128.65,123.81,1855.98,450.73,464.21,555.59,110.66,166.13,205.25,91.5,142.58,268.16,121.96,190.24,290.52,3180.17,1682.63,474.82,81.55,243.69,1051.84,387.53,236.28,290.77,438.04,208.42,101.2,3524.07,231.75,131.45,134.69,38.94,54.98,97.96,274.76
20261005,11:41:15,49730.39,44579.35,26163.36,17127.74,123.81,1855.98,450.65,464.14,555.57,110.66,166.11,205.24,91.48,142.58,268.16,121.96,190.24,290.52,3180.36,1682.73,474.71,81.53,243.69,1051.83,387.53,236.28,291.03,438.05,208.42,101.2,3524.35,231.75,131.45,134.69,38.94,54.98,97.96,274.76
20261005,11:41:20,49723.69,44572.82,26167.28,17132.25,123.81,1855.98,450.65,464.33,555.5,110.65,166.1,205.2,91.48,142.58,268.16,121.96,190.27,290.48,3179.73,1682.56,474.67,81.53,243.67,1051.26,387.85,236.28,290.72,438.04,208.42,101.2,3524.35,231.75,132.05,134.69,38.94,54.98,97.96,274.76
20261005,11:41:25,49721.27,44570.46,26166.98,17131.9,123.81,1855.98,450.65,464.33,555.53,110.65,166.11,205.2,91.49,142.58,268.16,121.96,190.31,290.48,3179.55,1682.7,474.57,81.55,243.67,1050.59,387.62,236.27,290.67,437.98,208.39,101.2,3524.35,231.75,132.05,134.69,38.93,54.96,97.96,274.71
20261005,11:41:30,49718.42,44567.46,26167.64,17131.92,123.94,1855.62,450.65,464.33,555.52,110.65,166.11,205.19,91.49,142.58,268.16,121.96,190.28,290.48,3179.31,1682.57,474.59,81.51,243.66,1050.51,387.3,236.27,290.68,437.93,208.39,101.2,3524.56,231.75,132.05,134.69,38.93,54.97,97.96,274.7
20261005,11:41:35,49727.51,44576.36,26167.99,17132.46,123.94,1855.62,450.73,464.25,555.49,110.65,166.11,205.19,91.49,142.58,268.16,121.94,190.32,290.47,3180.01,1682.87,474.6,81.51,243.66,1051.24,387.3,236.27,290.68,437.99,208.39,101.2,3524.52,231.75,132.05,134.7,38.93,54.97,97.96,274.73
20261005,11:41:40,49680.76,44530.79,26163.98,17127.79,123.94,1855.62,450.73,464.25,555.49,110.65,166.11,205.2,91.49,142.58,268.16,121.94,190.32,290.47,3176.45,1680.3,474.69,81.52,243.66,1050.5,387.28,236.27,290.77,438.02,208.39,101.2,3524.54,231.75,131.45,134.7,38.93,54.97,97.96,274.73
20261005,11:41:45,49683.04,44533.49,26162.24,17127.37,123.94,1855.62,450.73,464.18,555.27,110.64,166.11,205.2,91.49,142.58,268.16,121.95,190.32,290.47,3176.68,1680.29,474.67,81.53,243.66,1051.04,387.28,236.27,290.77,438.07,208.42,101.2,3524.1,231.75,131.45,134.7,38.93,54.97,97.96,274.73
20261005,11:41:50,49689.61,44538.72,26170.15,17132.57,123.94,1855.5,450.73,464.25,555.38,110.64,166.11,205.19,91.49,142.58,268.16,121.95,190.36,290.45,3176.97,1680.39,474.69,81.54,243.66,1051.45,387.29,236.27,290.72,438.09,208.42,101.2,3525.17,231.75,132.05,134.7,38.94,54.97,97.96,274.73
20261005,11:41:55,49685.62,44534.53,26170.9,17132.41,123.94,1855.62,450.73,464.26,555.38,110.63,166.09,205.13,91.49,142.58,268.16,121.92,190.36,290.45,3176.64,1680.27,474.8,81.53,243.66,1050.95,387.29,236.27,290.72,438.09,208.44,101.2,3525.44,231.75,132.05,134.7,38.94,54.97,97.96,274.73
20261005,11:42:00,49732.58,44578.06,26178.35,17133.55,123.94,1855.62,450.73,464.26,555.38,110.63,166.11,205.21,91.49,142.58,268.16,122.04,190.36,290.45,3180.12,1682.93,474.81,81.51,243.66,1051.04,387.31,236.29,290.72,438.1,208.45,101.2,3527.46,231.75,132.05,134.7,38.94,54.97,97.96,274.72
20261005,11:42:05,49696.02,44541.88,26175.86,17128.78,123.94,1855.62,450.81,464.26,555.38,110.63,166.11,205.22,91.49,142.58,268.16,121.92,190.36,290.52,3177.32,1680.59,474.67,81.54,243.66,1051.29,387.31,236.27,291.04,438.1,208.45,101.2,3527.98,231.75,131.45,134.7,38.94,54.97,97.96,274.72
20261005,11:42:10,49692.2,44538.53,26174.27,17128.22,123.94,1855.62,450.73,464.26,555.38,110.63,166.11,205.22,91.49,142.58,268.16,121.92,190.36,290.52,3177.06,1680.39,474.65,81.53,243.66,1051.31,387.31,236.26,291.04,438.09,208.45,101.2,3527.64,231.75,131.45,134.7,38.94,54.97,97.96,274.74
20261005,11:42:15,49694.76,44541.86,26175.61,17132.53,123.94,1855.62,450.73,464.26,555.23,110.64,166.11,205.22,91.49,142.58,268.16,121.92,190.36,290.52,3177.23,1680.47,474.65,81.51,243.66,1051.77,387.32,236.26,290.81,438.07,208.42,101.2,3526.88,231.75,132.05,134.79,38.94,54.97,97.96,274.74
20261005,11:42:20,49694.32,44541.63,26172.09,17129.15,123.94,1857.03,450.73,464.51,555.23,110.64,166.1,205.18,91.49,142.58,268.16,122.04,190.36,290.51,3177.29,1680.5,474.71,81.53,243.66,1051.29,387.33,236.26,291.16,438.07,208.41,101.2,3526.7,231.75,131.45,134.79,38.94,54.97,97.96,274.74
20261005,11:42:25,49731.49,44579.14,26167.38,17128.08,123.94,1857.03,450.74,464.26,555.23,110.65,166.1,205.18,91.49,142.58,268.16,121.92,190.32,290.51,3180.34,1682.94,474.87,81.49,243.64,1051.33,387.35,236.27,290.85,438.05,208.41,101.2,3525.52,231.75,131.45,134.79,38.94,54.98,97.96,274.74
20261005,11:42:30,49726.14,44574.52,26165.18,17127.54,123.94,1855.62,450.74,464.26,555.23,110.63,166.1,205.18,91.49,142.58,268.16,121.92,190.27,290.52,3179.98,1682.94,474.95,81.47,243.66,1050.55,387.35,236.26,290.76,438.05,208.42,101.2,3524.98,231.75,131.45,134.79,38.94,54.98,97.96,274.74
20261005,11:42:35,49687.17,44536.55,26165.53,17127.94,123.94,1855.62,450.74,464.51,555.27,110.63,166.1,205.18,91.49,142.58,268.16,121.92,190.27,290.52,3176.91,1680.76,474.67,81.44,243.68,1050.25,387.6,236.26,290.76,438.04,208.42,101.2,3524.98,231.75,131.45,134.79,38.94,54.98,97.96,274.74
20261005,11:42:40,49724.94,44573.94,26164.19,17128.37,123.94,1855.5,450.74,464.18,555.27,110.64,166.11,205.18,91.5,142.58,268.16,122.04,190.27,290.52,3179.91,1683.05,474.57,81.42,243.68,1050.43,387.6,236.26,290.8,438.04,208.42,101.2,3524.44,231.68,131.45,134.79,38.94,54.97,97.96,274.74
20261005,11:42:45,49692.34,44542.17,26164.15,17128.32,123.81,1855.5,450.74,464.26,555.27,110.64,166.11,205.16,91.5,142.58,268.16,122.06,190.3,290.57,3177.35,1680.79,474.5,81.42,243.68,1051.37,387.63,236.26,290.8,438.04,208.42,101.2,3524.44,231.68,131.45,134.8,38.94,54.97,97.96,274.74
20261005,11:42:50,49689.26,44537.12,26170.57,17128.85,123.94,1855.5,450.74,464.51,555.36,110.64,166.09,205.14,91.49,142.58,268.31,122.06,190.3,290.56,3176.93,1680.67,474.47,81.46,243.68,1050.68,387.63,236.26,290.83,438.02,208.39,101.2,3526.3,231.68,131.45,134.8,38.94,54.98,97.96,274.77
20261005,11:42:55,49697.85,44545.13,26170.37,17127.37,123.94,1855.5,450.72,464.43,555.36,110.64,166.1,205.11,91.5,142.58,268.31,121.94,190.3,290.59,3177.62,1680.79,474.45,81.46,243.69,1051.92,387.63,236.26,290.82,438.02,208.41,101.2,3526.65,231.69,131.45,134.8,38.94,54.97,97.96,274.47
20261005,11:43:00,49696.42,44543.32,26171.59,17127.4,123.94,1855.58,450.72,464.26,555.43,110.64,166.1,205.11,91.5,142.58,268.05,121.94,190.28,290.58,3177.47,1680.5,474.62,81.46,243.68,1051.92,387.63,236.26,291.14,437.98,208.42,101.2,3527.02,231.69,131.45,134.8,38.94,54.98,97.96,274.47
20261005,11:43:05,49695.57,44544.12,26171.77,17133.08,123.94,1855.58,450.72,464.51,555.44,110.64,166.1,205.14,91.5,142.58,267.91,122.06,190.28,290.58,3177.4,1680.6,474.62,81.44,243.68,1051.44,387.63,236.26,291.14,437.98,208.42,101.2,3525.53,231.69,132.05,134.8,38.94,54.96,97.96,274.47
20261005,11:43:10,49693.43,44542.6,26164.03,17126.03,123.94,1855.58,450.64,464.26,555.44,110.64,166.09,205.09,91.5,142.58,267.91,121.94,190.28,290.58,3177.44,1680.48,474.75,81.4,243.68,1051.88,387.63,236.26,291.14,437.98,208.36,101.2,3525.03,231.69,131.45,134.8,38.94,54.98,97.96,274.47
20261005,11:43:15,49688.44,44538.14,26163.57,17126.87,123.94,1855.58,450.72,464.26,555.43,110.63,166.09,205.09,91.5,142.59,267.91,121.94,190.28,290.58,3177.06,1680.52,474.65,81.45,243.68,1051.28,387.63,236.26,290.82,437.98,208.4,101.2,3524.66,231.69,131.45,134.8,38.94,54.98,97.96,274.43
20261005,11:43:20,49684.0,44533.78,26163.55,17126.72,123.94,1855.58,450.72,464.26,555.44,110.63,166.09,205.08,91.5,142.59,267.91,121.94,190.28,290.58,3176.72,1680.52,474.73,81.43,243.67,1050.42,387.63,236.26,290.81,437.99,208.4,101.2,3524.69,231.69,131.45,134.8,38.94,54.96,97.96,274.43
20261005,11:43:25,49685.08,44534.69,26163.04,17125.65,123.94,1855.58,450.72,464.26,555.45,110.63,166.09,205.1,91.5,142.59,267.91,121.94,190.28,290.57,3176.82,1680.62,474.75,81.41,243.68,1050.4,387.63,236.12,290.81,437.99,208.27,101.2,3524.82,231.69,131.45,134.8,38.94,54.96,97.96,274.42
20261005,11:43:30,49730.88,44579.13,26165.74,17128.15,123.94,1855.58,450.72,464.18,555.48,110.63,166.08,205.06,91.5,142.59,267.91,121.94,190.28,290.58,3180.34,1683.28,474.55,81.39,243.5,1050.94,387.63,236.12,290.81,438.03,208.44,101.2,3524.99,231.69,131.45,134.82,38.94,54.96,97.96,274.72
20261005,11:43:35,49687.9,44537.02,26166.35,17128.08,123.94,1855.58,450.72,464.18,555.49,110.63,166.08,205.06,91.5,142.59,267.91,121.94,190.28,290.58,3176.94,1680.76,474.57,81.39,243.61,1050.53,387.63,236.12,290.81,438.03,208.44,101.21,3525.2,231.69,131.45,134.82,38.94,54.96,97.96,274.72
20261005,11:43:40,49688.51,44537.58,26166.89,17128.57,123.94,1855.58,450.71,464.18,555.49,110.56,166.08,205.04,91.5,142.59,267.91,122.06,190.28,290.58,3176.98,1680.87,474.46,81.37,243.61,1050.5,387.38,236.26,290.8,438.03,208.44,101.21,3525.23,231.69,131.45,134.82,38.94,54.96,97.96,274.72
20261005,11:43:45,49689.0,44538.45,26165.05,17127.77,123.94,1855.58,450.72,464.18,555.49,110.56,166.08,205.04,91.5,142.59,267.91,121.94,190.28,290.58,3177.07,1681.01,474.58,81.36,243.61,1050.14,387.56,236.26,290.8,437.99,208.44,101.21,3524.88,231.68,131.45,134.8,38.94,54.96,97.96,274.75
20261005,11:43:50,49688.62,44538.41,26164.03,17127.71,123.94,1855.58,450.72,464.19,555.49,110.56,166.07,205.03,91.5,142.59,267.91,121.94,190.28,290.55,3177.07,1681.02,474.56,81.35,243.61,1050.15,387.56,236.26,290.79,438.03,208.44,101.21,3524.57,231.68,131.45,134.8,38.94,54.96,97.96,274.74
20261005,11:43:55,49729.19,44578.08,26167.62,17132.32,123.94,1855.58,450.63,464.2,555.49,110.56,166.06,205.0,91.5,142.81,267.91,122.06,190.3,290.55,3180.15,1683.46,474.46,81.34,243.6,1050.08,387.56,236.12,290.8,438.03,208.43,101.21,3524.44,231.68,132.05,134.7,38.94,54.94,97.96,274.75
20261005,11:44:00,49730.2,44576.65,26169.18,17126.02,123.94,1855.58,450.63,464.2,555.45,110.56,166.07,205.01,91.5,142.59,267.91,122.06,190.3,290.55,3180.19,1683.43,474.55,81.34,243.6,1050.17,387.56,236.12,290.8,438.03,208.31,101.21,3526.64,231.68,131.45,134.7,38.94,54.94,97.96,274.73
20261005,11:44:05,49731.24,44577.29,26171.83,17127.83,123.88,1854.16,450.63,464.2,555.5,110.55,166.06,205.0,91.5,142.59,267.91,122.06,190.3,290.58,3180.2,1683.33,474.44,81.35,243.6,1050.64,387.31,236.12,290.79,438.04,208.54,101.21,3526.98,231.68,131.45,134.7,38.94,54.96,97.96,274.75
20261005,11:44:10,49730.4,44576.06,26172.08,17126.75,123.88,1854.16,450.55,464.2,555.79,110.55,166.08,205.05,91.5,142.59,267.79,121.94,190.3,290.6,3180.12,1683.48,474.33,81.33,243.6,1050.18,387.31,236.12,290.78,438.05,208.55,101.21,3527.35,231.68,131.45,134.7,38.94,54.96,97.96,274.45
20261005,11:44:15,49730.1,44576.36,26170.88,17127.34,123.75,1854.16,450.64,464.12,555.68,110.47,166.07,205.01,91.5,142.59,267.79,122.06,190.3,290.6,3180.13,1683.2,474.55,81.32,243.6,1050.85,387.31,236.12,290.78,438.02,208.58,101.21,3526.81,231.68,131.45,134.7,38.94,54.96,97.96,274.46
20261005,11:44:20,49692.81,44539.25,26178.43,17133.41,123.75,1854.16,450.64,464.04,555.68,110.47,166.27,205.02,91.66,142.59,267.79,121.94,190.3,290.6,3177.0,1680.75,474.6,81.32,243.6,1050.9,387.28,236.12,290.77,438.02,208.58,101.21,3527.52,231.68,132.05,134.7,38.94,54.96,97.96,274.46
20261005,11:44:25,49728.81,44574.67,26172.04,17127.24,123.75,1854.16,450.64,464.04,555.67,110.47,166.26,205.0,91.66,142.59,267.79,121.94,190.3,290.6,3180.0,1683.29,474.71,81.3,243.61,1050.14,387.28,236.12,290.77,438.02,208.47,101.21,3527.21,231.68,131.45,134.7,38.94,54.94,97.96,274.46
20261005,11:44:30,49728.77,44577.21,26164.43,17127.08,123.75,1854.16,450.64,463.96,555.67,110.47,166.27,205.03,91.66,142.59,267.79,121.93,190.3,290.6,3180.21,1683.28,474.68,81.28,243.45,1050.87,387.28,236.12,290.77,437.96,208.47,101.21,3524.87,231.68,131.45,134.69,38.94,54.94,97.96,274.46
20261005,11:44:35,49729.32,44577.47,26164.61,17126.37,123.75,1854.16,450.55,464.04,555.67,110.39,166.27,205.05,91.66,142.59,267.79,121.93,190.3,290.61,3180.25,1683.31,474.68,81.28,243.45,1050.86,387.28,236.12,290.77,437.96,208.47,101.21,3525.12,231.68,131.45,134.69,38.94,54.94,97.96,274.46
20261005,11:44:40,49728.66,44576.14,26168.08,17128.06,123.75,1854.39,450.64,463.92,555.67,110.37,166.26,205.0,91.66,142.59,267.79,121.94,190.3,290.61,3180.1,1683.25,474.67,81.3,243.34,1050.82,387.31,236.12,290.73,438.02,208.58,101.21,3525.74,231.68,131.45,134.69,38.94,54.94,97.96,274.46
20261005,11:44:45,49728.2,44576.11,26166.35,17127.49,123.88,1854.16,450.64,463.92,555.67,110.37,166.24,204.95,91.66,142.59,267.79,121.94,190.3,290.61,3180.11,1683.1,474.76,81.29,243.45,1050.69,387.54,236.12,291.04,437.96,208.51,101.21,3525.36,231.68,131.45,134.69,38.94,54.95,97.96,274.46
20261005,11:44:50,49729.74,44577.73,26170.85,17133.07,123.88,1854.16,450.64,463.92,555.67,110.45,166.23,204.97,91.64,142.59,267.79,122.05,190.3,290.59,3180.11,1683.15,474.75,81.26,243.42,1050.63,387.53,236.12,291.04,437.96,208.51,101.21,3525.25,231.68,132.05,134.69,38.94,54.95,97.96,274.46
20261005,11:44:55,49689.43,44538.29,26171.32,17133.04,123.88,1854.16,450.64,463.92,555.67,110.37,166.23,204.99,91.64,142.59,267.79,122.05,190.3,290.59,3176.93,1680.75,475.01,81.28,243.54,1050.05,387.53,236.12,291.03,438.0,208.51,101.21,3525.4,231.68,132.05,134.69,38.94,54.97,97.96,274.48
20261005,11:45:00,49689.4,44538.22,26166.67,17127.57,123.88,1854.16,450.64,463.92,555.67,110.37,166.23,204.96,91.64,142.59,267.79,121.93,190.3,290.63,3177.05,1680.75,474.82,81.27,243.54,1050.52,387.53,236.12,291.07,438.04,208.51,101.21,3525.43,231.68,131.45,134.69,38.94,54.97,97.96,274.48
20261005,11:45:05,49720.93,44568.72,26167.31,17127.56,123.88,1854.53,450.64,463.85,555.69,110.37,166.22,204.94,91.64,142.59,267.79,121.93,190.3,290.63,3179.51,1683.08,474.75,81.27,243.54,1049.72,387.55,236.12,290.72,438.01,208.51,101.21,3525.64,231.68,131.45,134.69,38.94,54.97,97.96,274.48
20261005,11:45:10,49722.75,44570.64,26165.66,17126.16,123.88,1854.57,450.56,463.96,555.76,110.4,166.22,204.95,91.64,142.59,267.79,121.93,190.3,290.63,3179.7,1683.22,474.76,81.27,243.54,1049.71,387.52,236.12,290.74,437.97,208.39,101.21,3525.5,231.68,131.45,134.69,38.94,54.95,97.96,274.49
20261005,11:45:15,49724.02,44573.59,26165.12,17131.26,123.88,1854.57,450.56,463.96,555.76,110.41,166.22,204.94,91.64,142.59,267.79,121.93,190.3,290.63,3179.82,1683.2,474.55,81.27,243.54,1050.24,387.52,236.11,290.74,438.03,208.39,101.21,3523.95,231.68,132.05,134.69,38.94,54.97,97.96,274.53
20261005,11:45:20,49718.83,44567.72,26164.13,17127.41,123.88,1854.57,450.65,463.96,555.76,110.41,166.21,204.94,91.63,142.6,267.79,121.93,190.3,290.63,3179.43,1683.08,474.47,81.27,243.54,1049.81,387.52,236.12,290.74,437.97,208.4,101.21,3524.68,232.0,131.45,134.69,38.94,54.96,97.96,274.49
20261005,11:45:25,49721.99,44570.65,26164.1,17126.88,123.88,1854.57,450.56,464.04,555.76,110.41,166.21,204.94,91.63,142.6,267.79,121.94,190.3,290.63,3179.68,1683.2,474.68,81.28,243.54,1049.8,387.51,236.12,290.74,438.03,208.4,101.21,3524.82,232.0,131.45,134.69,38.94,54.94,97.96,274.49
20261005,11:45:30,49728.26,44577.28,26162.88,17127.22,123.88,1855.99,450.57,464.04,555.74,110.39,166.2,204.96,91.62,142.6,267.79,121.94,190.3,290.63,3180.21,1683.31,474.73,81.29,243.54,1050.57,387.51,236.13,290.79,438.03,208.4,101.21,3524.35,232.0,131.45,134.69,38.94,54.94,97.96,274.47
20261005,11:45:35,49684.72,44534.88,26162.25,17126.58,123.88,1854.57,450.56,464.04,555.74,110.4,166.19,204.93,91.62,142.6,267.79,121.96,190.3,290.61,3176.81,1680.73,474.62,81.28,243.54,1050.54,387.54,236.13,290.8,438.03,208.4,101.21,3524.32,232.0,131.45,134.69,38.94,54.94,97.96,274.47
20261005,11:45:40,49689.37,44536.9,26169.61,17126.66,123.88,1854.35,450.56,464.04,555.78,110.39,166.19,204.94,91.62,142.6,267.79,121.96,190.3,290.6,3176.97,1680.85,474.7,81.3,243.54,1050.45,387.47,236.13,290.8,438.03,208.4,101.21,3526.6,232.0,131.45,134.69,38.94,54.94,97.96,274.49
20261005,11:45:45,49687.23,44535.19,26169.54,17127.82,123.88,1854.35,450.56,464.47,555.78,110.41,166.19,204.94,91.62,142.6,267.79,121.96,190.3,290.59,3176.8,1680.78,474.58,81.32,243.55,1050.44,387.47,236.13,290.72,438.03,208.47,101.21,3526.26,232.0,131.45,134.69,38.94,54.94,97.96,274.49
20261005,11:45:50,49689.4,44536.3,26171.28,17126.46,123.88,1854.35,450.56,464.55,555.78,110.41,166.21,204.95,91.63,142.6,267.79,121.96,190.27,290.59,3176.93,1680.83,474.57,81.31,243.55,1050.64,387.45,236.13,290.71,438.03,208.32,101.21,3527.18,232.0,131.45,134.69,38.94,54.94,97.96,274.42
20261005,11:45:55,49684.05,44531.84,26167.65,17124.79,123.89,1853.98,450.56,463.96,555.78,110.41,166.2,204.91,91.63,142.6,267.79,121.96,190.27,290.58,3176.61,1680.86,474.57,81.3,243.55,1049.74,387.45,236.13,290.75,437.98,208.25,101.21,3526.5,232.0,131.45,134.69,38.94,54.94,97.96,274.42
20261005,11:46:00,49683.82,44532.13,26166.19,17124.85,123.89,1853.98,450.56,463.98,555.78,110.41,166.21,204.93,91.63,142.6,267.79,121.95,190.27,290.58,3176.63,1680.7,474.64,81.31,243.55,1050.21,387.45,236.13,290.74,437.98,208.25,101.21,3526.03,232.0,131.45,134.69,38.94,54.94,97.96,274.42
20261005,11:46:05,49685.56,44533.46,26171.37,17129.54,123.89,1853.98,450.57,463.98,555.77,110.41,166.17,204.9,91.6,142.6,267.79,121.95,190.27,290.58,3176.62,1680.66,474.53,81.34,243.54,1050.38,387.46,236.13,290.75,437.98,208.28,101.21,3526.37,232.0,132.05,134.69,38.94,54.94,97.96,274.42
20261005,11:46:10,49680.25,44529.98,26167.17,17130.38,123.89,1853.98,450.65,463.98,555.77,110.41,166.19,204.93,91.61,142.6,267.79,121.95,190.27,290.6,3176.32,1680.62,474.62,81.29,243.54,1049.79,387.46,236.12,290.75,437.98,208.28,101.21,3524.83,232.0,132.05,134.69,38.94,54.94,97.96,274.44
20261005,11:46:15,49680.75,44530.7,26166.1,17129.96,123.89,1853.98,450.65,463.98,555.63,110.41,166.19,204.94,91.61,142.6,267.79,121.95,190.27,290.6,3176.39,1680.62,474.62,81.32,243.72,1049.73,387.54,236.12,290.75,438.0,208.29,101.21,3524.61,232.0,132.05,134.69,38.94,54.94,97.96,274.43
20261005,11:46:20,49722.61,44571.86,26164.65,17129.54,123.89,1853.98,450.57,463.97,555.63,110.41,166.19,204.96,91.61,142.6,267.79,121.95,190.29,290.6,3179.72,1683.19,474.62,81.32,243.72,1049.71,387.54,236.12,290.75,438.05,208.28,101.21,3524.27,232.0,132.05,134.73,38.94,54.94,97.96,274.43
20261005,11:46:25,49682.63,44530.71,26168.82,17127.0,123.89,1853.98,450.57,463.97,555.76,110.41,166.19,204.97,91.61,142.6,267.79,121.95,190.29,290.6,3176.46,1680.78,474.73,81.3,243.36,1049.66,387.54,236.12,290.76,438.01,208.44,101.21,3526.26,232.0,131.45,134.83,38.94,54.94,97.96,274.43
20261005,11:46:30,49682.73,44530.14,26170.46,17126.6,123.89,1853.98,450.57,463.97,555.79,110.41,166.18,204.92,91.61,142.6,267.79,121.96,190.29,290.58,3176.43,1680.77,474.63,81.33,243.36,1049.66,387.53,236.1,290.75,437.98,208.43,101.21,3526.88,232.0,131.45,134.83,38.94,54.94,97.96,274.38
20261005,11:46:35,49720.72,44567.62,26166.45,17123.56,123.89,1853.98,450.57,463.96,555.87,110.41,165.98,204.89,91.45,142.6,267.79,121.96,190.29,290.58,3179.52,1683.18,474.53,81.31,243.35,1049.79,387.28,236.1,290.74,438.02,208.3,101.21,3526.46,232.0,131.45,134.83,38.94,54.94,97.96,274.37
20261005,11:46:40,49679.7,44527.86,26165.43,17123.1,123.89,1853.98,450.48,463.96,555.88,110.4,165.98,204.9,91.45,142.6,267.79,121.96,190.28,290.6,3176.33,1680.64,474.42,81.33,243.53,1049.91,387.28,236.1,290.75,438.07,208.3,101.21,3526.26,232.0,131.45,134.83,38.94,54.94,97.96,274.37
20261005,11:46:45,49722.04,44568.23,26173.49,17129.42,123.89,1854.24,450.56,463.96,555.88,110.41,166.01,204.89,91.48,142.6,267.79,121.96,190.28,290.59,3179.43,1683.05,474.43,81.34,243.53,1049.85,387.28,236.1,290.75,438.02,208.27,101.21,3527.06,232.0,132.05,134.83,38.94,54.94,97.96,274.71
20261005,11:46:50,49723.58,44571.24,26168.84,17129.13,123.89,1854.24,450.48,463.96,555.88,110.41,166.0,204.86,91.48,142.6,267.79,121.96,190.28,290.55,3179.68,1683.09,474.43,81.33,243.53,1049.98,387.25,236.11,291.02,438.07,208.3,101.21,3525.69,232.0,132.05,134.83,38.94,54.94,97.96,274.75
20261005,11:46:55,49681.6,44529.88,26165.93,17124.22,123.89,1854.2,450.56,463.98,555.87,110.41,165.99,204.85,91.47,142.6,267.79,121.96,190.42,290.55,3176.46,1680.64,474.43,81.31,243.53,1049.92,387.25,236.18,291.02,438.02,208.24,101.21,3526.11,232.0,131.45,134.83,38.94,54.94,97.96,274.75
20261005,11:47:00,49681.68,44529.89,26168.02,17126.43,123.89,1854.43,450.48,463.98,555.87,110.41,165.99,204.87,91.47,142.6,267.79,121.96,190.42,290.55,3176.41,1680.76,474.43,81.33,243.53,1049.79,387.25,236.18,290.71,438.02,208.5,101.21,3526.17,232.0,131.45,134.83,38.94,54.96,97.96,274.75
20261005,11:47:05,49728.9,44575.96,26167.7,17126.25,123.89,1854.43,450.48,463.98,555.87,110.33,165.99,204.86,91.47,142.6,267.79,121.96,190.42,290.57,3180.13,1683.22,474.43,81.32,243.53,1050.64,387.25,236.18,291.03,438.0,208.5,101.21,3526.11,232.0,131.45,134.83,38.94,54.94,97.96,274.8
20261005,11:47:10,49724.7,44571.28,26168.6,17125.32,123.89,1854.43,450.57,463.98,555.8,110.33,165.98,204.85,91.46,142.6,267.79,121.96,190.42,290.56,3179.77,1683.17,474.64,81.34,243.42,1049.81,387.25,236.18,291.04,438.06,208.35,101.21,3526.65,232.0,131.45,134.83,38.94,54.96,97.96,274.8
20261005,11:47:15,49683.14,44531.8,26166.31,17126.09,123.89,1854.33,450.56,463.98,555.85,110.33,165.96,204.82,91.45,142.6,267.79,121.96,190.42,290.56,3176.57,1680.74,474.55,81.34,243.42,1050.19,387.26,236.18,290.73,438.06,208.43,101.21,3525.72,232.0,131.45,134.83,38.94,54.97,97.96,274.8
20261005,11:47:20,49683.28,44532.1,26169.81,17130.67,123.89,1854.33,450.47,463.98,555.96,110.33,165.96,204.83,91.45,142.59,267.79,121.96,190.42,290.56,3176.49,1680.82,474.55,81.32,243.42,1049.78,387.26,236.18,290.73,438.09,208.55,101.21,3525.58,232.0,132.05,134.83,38.94,54.96,97.96,274.45
20261005,11:47:25,49680.21,44529.06,26168.28,17128.72,123.89,1854.33,450.47,463.9,555.85,110.34,165.96,204.82,91.45,142.59,267.79,121.96,190.39,290.56,3176.29,1680.67,474.63,81.32,243.3,1049.77,387.26,236.18,290.73,438.09,208.4,101.21,3525.63,232.0,132.04,134.83,38.94,54.96,97.96,274.45
20261005,11:47:30,49678.38,44527.28,26164.45,17124.31,123.89,1854.43,450.56,463.91,555.85,110.34,165.96,204.81,91.45,142.39,267.79,121.96,190.39,290.57,3176.25,1680.69,474.76,81.31,243.3,1049.51,387.26,236.18,290.73,438.09,208.38,101.21,3525.63,232.0,131.44,134.83,38.94,54.97,97.96,274.46
20261005,11:47:35,49677.02,44526.14,26164.06,17124.52,123.89,1854.33,450.56,463.91,555.85,110.34,165.96,204.81,91.45,142.39,267.79,121.96,190.39,290.57,3176.15,1680.62,474.75,81.28,243.3,1049.56,387.26,236.18,290.72,438.09,208.4,101.21,3525.45,232.0,131.44,134.83,38.94,54.97,97.96,274.5
20261005,11:47:40,49678.09,44530.08,26156.28,17125.27,123.88,1854.25,450.47,463.91,555.92,110.34,165.94,204.76,91.45,142.39,267.79,121.96,190.39,290.57,3176.45,1680.62,474.87,81.31,243.3,1049.69,387.26,236.18,291.03,438.07,208.54,101.21,3522.81,232.0,131.44,134.83,38.94,54.97,97.96,274.52
20261005,11:47:45,49677.12,44527.2,26162.06,17125.44,123.88,1854.25,450.56,463.91,555.91,110.34,165.95,204.77,91.45,142.39,267.79,121.96,190.39,290.57,3176.22,1680.63,474.87,81.3,243.3,1049.52,387.26,236.18,290.73,438.07,208.51,101.21,3524.57,232.0,131.44,134.83,38.94,54.97,97.96,274.47
20261005,11:47:50,49677.06,44527.1,26162.27,17125.53,123.88,1854.25,450.57,464.16,555.91,110.34,165.95,204.78,91.45,142.39,267.79,121.96,190.39,290.57,3176.21,1680.63,474.65,81.3,243.42,1049.62,387.25,236.18,290.72,438.01,208.5,101.21,3524.61,232.0,131.44,134.83,38.94,54.97,97.96,274.46
20261005,11:47:55,49715.43,44564.26,26162.6,17125.15,123.88,1854.25,450.56,463.91,555.91,110.34,165.96,204.82,91.45,142.39,267.79,121.96,190.39,290.57,3179.21,1682.97,474.55,81.3,243.54,1049.52,387.5,236.18,290.72,438.0,208.5,101.21,3524.82,232.0,131.44,134.83,38.94,54.95,97.95,274.46
20261005,11:48:00,49717.48,44566.48,26161.66,17124.82,123.88,1854.25,450.56,463.91,555.91,110.34,165.95,204.77,91.45,142.39,267.79,121.97,190.39,290.56,3179.4,1683.05,474.66,81.27,243.54,1049.64,387.5,236.2,290.72,438.02,208.5,101.21,3524.62,232.0,131.44,134.83,38.94,54.95,97.76,274.45
20261005,11:48:05,49722.94,44570.04,26165.45,17123.29,123.88,1854.25,450.56,463.87,555.91,110.34,165.95,204.79,91.45,142.39,267.79,121.95,190.39,290.55,3179.72,1683.0,474.56,81.29,243.55,1050.61,387.51,236.2,290.72,438.02,208.35,101.21,3526.22,232.0,131.44,134.83,38.94,54.95,97.76,274.45
20261005,11:48:10,49719.94,44567.03,26165.7,17123.29,123.88,1854.25,450.56,463.86,555.92,110.32,165.95,204.79,91.45,142.39,267.79,121.95,190.39,290.5,3179.48,1682.98,474.56,81.26,243.58,1050.13,387.51,236.19,290.73,438.02,208.35,101.21,3526.3,232.0,131.44,134.83,38.94,54.96,97.76,274.47
20261005,11:48:15,49720.19,44567.68,26169.38,17128.88,123.88,1854.25,450.64,463.86,555.91,110.32,165.96,204.78,91.46,142.39,267.79,121.95,190.39,290.5,3179.4,1682.92,474.67,81.26,243.33,1050.2,387.51,236.19,290.74,438.09,208.36,101.21,3525.93,232.0,132.04,134.83,38.94,54.96,97.76,274.47
20261005,11:48:20,49711.55,44559.52,26163.2,17122.66,123.88,1854.25,450.64,463.86,555.88,110.32,165.96,204.77,91.46,142.39,267.79,121.95,190.39,290.48,3178.89,1682.78,474.64,81.27,243.33,1049.47,387.51,236.19,290.73,438.05,208.36,101.21,3525.68,232.0,131.32,134.83,38.94,54.94,97.76,274.44
20261005,11:48:25,49707.63,44554.49,26165.35,17121.04,123.88,1854.25,450.55,463.86,555.28,110.32,165.96,204.77,91.46,142.39,267.79,121.95,190.39,290.48,3178.52,1682.82,474.54,81.25,243.14,1048.79,387.53,236.21,290.73,438.0,208.47,101.21,3526.8,232.0,131.32,134.83,38.94,54.94,97.76,274.44
20261005,11:48:30,49706.22,44553.7,26164.55,17122.1,123.88,1854.25,450.55,463.86,555.27,110.32,165.97,204.82,91.46,142.39,267.79,121.95,190.39,290.48,3178.43,1682.93,474.32,81.27,243.12,1048.48,387.53,236.21,290.72,438.0,208.47,101.21,3526.26,232.0,131.44,134.83,38.94,54.94,97.76,274.44
20261005,11:48:35,49666.86,44514.92,26165.81,17122.1,123.75,1854.25,450.55,463.86,555.25,110.32,165.98,204.83,91.46,142.39,267.79,121.95,190.39,290.48,3175.31,1680.45,474.32,81.27,243.12,1048.67,387.53,236.21,290.72,437.98,208.52,101.21,3526.65,232.0,131.44,134.85,38.94,54.94,97.76,274.44
20261005,11:48:40,49665.32,44510.99,26172.18,17121.29,123.75,1854.25,450.64,463.86,555.25,110.32,165.97,204.84,91.46,142.39,267.79,121.95,190.39,290.48,3175.01,1680.08,474.17,81.22,243.3,1049.19,387.53,236.35,290.72,437.96,208.37,101.21,3528.86,232.0,131.44,134.85,38.94,54.94,97.76,274.44
20261005,11:48:45,49664.91,44511.26,26170.18,17121.23,123.75,1854.25,450.64,463.86,555.25,110.32,165.97,204.84,91.46,142.39,267.79,121.95,190.39,290.48,3175.03,1680.16,474.17,81.21,243.55,1048.82,387.53,236.35,290.71,437.97,208.37,101.21,3528.26,232.0,131.44,134.82,38.94,54.94,97.76,274.44
20261005,11:48:50,49661.99,44508.86,26168.47,17120.76,123.75,1854.25,450.56,463.86,555.25,110.32,165.97,204.83,91.46,142.38,267.97,121.95,190.39,290.48,3174.85,1680.04,474.07,81.23,243.55,1048.82,387.53,236.35,290.71,437.96,208.37,101.21,3527.85,232.0,131.44,134.82,38.94,54.96,97.76,274.44
20261005,11:48:55,49698.95,44548.76,26158.52,17122.34,123.75,1854.25,450.48,463.86,555.25,110.32,165.97,204.84,91.46,142.38,267.97,122.07,190.42,290.48,3178.03,1682.57,474.07,81.21,243.37,1048.79,387.53,236.35,290.71,437.96,208.51,101.21,3524.31,232.0,131.44,134.82,38.94,54.96,97.76,274.44
20261005,11:49:00,49697.6,44547.65,26157.78,17122.17,123.81,1854.25,450.48,463.91,555.31,110.32,165.99,204.84,91.47,142.38,267.97,121.95,190.42,290.48,3177.94,1682.57,473.9,81.22,243.36,1048.76,387.55,236.11,290.7,437.99,208.51,101.21,3524.12,232.0,131.44,134.81,38.94,54.96,97.76,274.42
20261005,11:49:05,49663.33,44514.34,26161.94,17127.22,123.81,1854.25,450.48,463.91,555.39,110.32,165.99,204.85,91.47,142.38,267.97,121.95,190.42,290.51,3175.14,1680.17,473.9,81.21,243.36,1049.48,387.55,236.11,290.7,437.99,208.51,101.21,3524.05,232.06,132.04,134.81,38.94,54.94,97.76,274.42
20261005,11:49:10,49660.36,44513.32,26157.7,17128.61,123.81,1854.25,450.56,463.91,555.39,110.32,166.0,204.85,91.48,142.38,267.97,121.93,190.42,290.51,3175.02,1680.17,473.82,81.21,243.36,1049.29,387.55,236.1,290.72,437.99,208.51,101.21,3522.35,232.06,132.04,134.81,38.94,54.93,97.76,274.72
20261005,11:49:15,49659.33,44510.94,26161.95,17128.9,123.94,1854.25,450.64,463.91,555.39,110.32,166.0,204.86,91.48,142.39,268.05,121.93,190.42,290.51,3174.82,1680.06,473.71,81.2,243.25,1049.37,387.55,236.1,290.72,438.04,208.51,101.21,3523.6,232.06,132.04,134.81,38.94,54.93,97.76,274.44
20261005,11:49:20,49661.42,44513.03,26157.42,17123.84,123.81,1854.25,450.64,463.91,555.39,110.32,166.0,204.81,91.48,142.38,268.05,121.97,190.42,290.51,3175.11,1680.24,473.56,81.2,243.36,1049.57,387.56,236.1,290.72,437.98,208.51,101.21,3523.56,232.06,131.44,134.82,38.94,54.93,97.76,274.44
20261005,11:49:25,49663.57,44512.92,26162.85,17122.74,123.81,1854.25,450.56,464.17,555.39,110.32,165.99,204.78,91.48,142.38,268.05,121.97,190.42,290.51,3175.13,1680.05,473.56,81.19,243.36,1049.83,387.54,236.1,291.03,438.05,208.41,101.21,3525.55,232.06,131.44,134.84,38.94,54.93,97.76,274.44
20261005,11:49:30,49702.42,44550.08,26168.91,17127.36,123.81,1854.25,450.56,463.91,555.39,110.32,166.0,204.83,91.48,142.38,268.05,121.97,190.42,290.53,3178.01,1682.42,473.56,81.2,243.36,1049.37,387.51,236.1,291.03,438.04,208.41,101.21,3526.19,232.07,132.04,134.84,38.94,54.93,97.76,274.44
20261005,11:49:35,49702.47,44550.62,26169.39,17129.59,123.81,1854.25,450.64,463.91,555.37,110.32,165.97,204.78,91.47,142.38,268.05,121.97,190.42,290.53,3178.01,1682.58,473.58,81.19,243.36,1049.31,387.51,236.1,290.68,438.04,208.52,101.21,3525.74,232.07,132.04,134.84,38.94,54.92,97.76,274.74
20261005,11:49:40,49704.03,44552.59,26166.83,17128.13,123.81,1854.25,450.64,463.66,555.37,110.32,166.0,204.86,91.47,142.38,268.05,121.97,190.4,290.53,3178.2,1682.67,473.7,81.25,243.36,1049.27,387.51,236.09,290.64,438.04,208.38,101.21,3525.33,232.07,132.04,134.84,38.94,54.93,97.76,274.73
20261005,11:49:45,49657.0,44507.03,26161.34,17122.67,123.81,1854.25,450.56,463.66,555.37,110.32,166.0,204.86,91.47,142.38,268.05,121.97,190.4,290.53,3174.66,1680.05,473.56,81.25,243.36,1049.1,387.48,236.09,290.65,438.04,208.38,101.21,3525.1,232.07,131.44,134.84,38.94,54.92,97.76,274.73
20261005,11:49:50,49658.17,44507.68,26162.36,17122.24,123.81,1854.25,450.56,463.66,555.3,110.32,166.0,204.87,91.47,142.38,268.05,121.97,190.4,290.53,3174.72,1680.05,473.68,81.26,243.35,1049.08,387.48,236.09,290.66,438.02,208.38,101.21,3525.53,232.07,131.44,134.83,38.94,54.92,97.76,274.68
20261005,11:49:55,49658.94,44506.94,26166.83,17122.4,123.81,1854.33,450.56,463.74,555.3,110.33,166.0,204.88,91.47,142.38,268.05,121.97,190.4,290.53,3174.66,1680.05,473.65,81.26,243.32,1049.0,387.46,236.09,290.66,437.99,208.38,101.21,3526.89,232.07,131.44,134.84,38.94,54.92,97.76,274.7
20261005,11:50:00,49694.55,44543.67,26160.95,17122.4,123.81,1854.33,450.56,463.74,555.31,110.33,165.99,204.83,91.47,142.38,268.05,121.97,190.4,290.53,3177.62,1682.59,473.66,81.19,243.21,1048.43,387.48,236.09,290.66,437.99,208.38,101.21,3525.05,232.07,131.44,134.84,38.94,54.92,97.76,274.74
20261005,11:50:05,49687.74,44537.66,26158.01,17121.15,123.94,1854.33,450.48,463.74,554.93,110.32,166.02,204.86,91.49,142.38,268.05,121.99,190.4,290.55,3177.16,1682.29,473.51,81.19,243.2,1048.43,387.48,236.09,290.66,437.97,208.34,101.21,3524.47,232.07,131.44,134.82,38.94,54.92,97.76,274.76
20261005,11:50:10,49644.92,44495.95,26158.15,17121.31,123.94,1854.33,450.56,463.74,554.85,110.31,166.08,204.88,91.54,142.38,268.05,121.99,190.4,290.53,3173.8,1679.69,473.41,81.21,243.2,1048.51,387.48,236.07,290.66,437.97,208.34,101.21,3524.47,232.07,131.32,134.84,38.94,54.94,97.76,274.76
20261005,11:50:15,49644.57,44498.32,26151.8,17123.11,123.94,1854.33,450.64,463.74,554.89,110.33,166.07,204.85,91.54,142.38,267.93,121.96,190.42,290.53,3173.95,1679.85,473.5,81.2,243.08,1048.43,387.48,236.07,290.65,437.97,208.49,101.21,3522.0,232.07,131.33,134.84,38.94,54.93,97.76,274.76
20261005,11:50:20,49685.66,44536.49,26159.63,17125.87,123.94,1854.33,450.56,463.85,554.71,110.33,166.07,204.85,91.54,142.17,267.93,121.96,190.28,290.53,3176.96,1682.09,473.49,81.2,243.2,1048.57,387.48,236.07,290.65,437.94,208.34,101.21,3523.7,232.07,132.05,134.84,38.94,54.93,97.76,274.76
20261005,11:50:25,49688.21,44538.96,26159.5,17125.67,123.94,1854.33,450.47,463.85,554.71,110.33,166.08,204.9,91.54,142.38,267.93,121.94,190.28,290.53,3177.16,1682.22,473.5,81.21,243.08,1048.75,387.48,236.07,290.65,438.0,208.34,101.21,3523.71,232.07,132.05,134.84,38.94,54.92,97.76,274.76
20261005,11:50:30,49687.45,44537.99,26155.93,17120.83,123.94,1854.33,450.47,463.85,554.71,110.33,166.09,204.91,91.54,142.38,267.93,121.94,190.28,290.54,3177.2,1682.36,473.38,81.21,242.92,1048.67,387.48,236.07,290.65,437.98,208.35,101.21,3523.91,232.07,131.45,134.84,38.94,54.92,97.76,274.74
20261005,11:50:35,49644.1,44495.58,26156.31,17120.66,123.94,1854.33,450.47,463.85,554.71,110.33,166.08,204.88,91.54,142.38,267.93,121.94,190.28,290.51,3173.78,1679.68,473.39,81.18,242.92,1048.98,387.48,236.07,290.55,437.98,208.35,101.21,3524.08,232.07,131.45,134.82,38.94,54.92,97.76,274.74
20261005,11:50:40,49646.66,44498.3,26154.7,17119.57,123.81,1854.33,450.48,463.85,554.71,110.33,166.07,204.85,91.54,142.38,267.93,121.94,190.28,290.51,3174.03,1679.86,473.49,81.19,242.92,1048.86,387.81,236.07,290.55,437.95,208.38,101.21,3523.87,232.07,131.33,134.82,38.94,54.92,97.77,274.74
20261005,11:50:45,49651.91,44500.88,26167.63,17125.94,123.94,1855.75,450.48,463.85,554.71,110.25,166.08,204.89,91.53,142.38,267.75,121.94,190.26,290.49,3174.08,1679.94,473.49,81.18,242.92,1048.76,387.78,236.07,290.55,437.96,208.38,101.21,3526.18,232.07,132.05,134.82,38.94,54.92,97.77,274.74
20261005,11:50:50,49649.08,44498.5,26162.89,17121.75,123.94,1855.75,450.56,463.85,554.71,110.25,166.08,204.89,91.53,142.38,267.75,121.94,190.26,290.49,3173.99,1679.83,473.66,81.18,242.93,1048.71,387.64,236.07,290.55,437.96,208.36,101.21,3525.83,232.07,131.45,134.82,38.94,54.92,97.76,274.79
20261005,11:50:55,49688.05,44536.54,26162.51,17121.55,123.94,1855.75,450.56,463.85,554.71,110.24,166.07,204.85,91.53,142.37,267.75,121.94,190.26,290.49,3177.06,1682.21,473.57,81.17,242.93,1048.77,387.67,236.07,290.55,437.95,208.36,101.21,3525.77,232.07,131.45,134.82,38.94,54.92,97.76,274.77
20261005,11:51:00,49692.57,44540.22,26164.95,17121.93,123.94,1855.75,450.56,463.85,554.71,110.23,166.08,204.86,91.54,142.37,267.75,121.94,190.26,290.49,3177.35,1682.44,473.57,81.13,242.91,1048.78,387.67,236.08,290.59,437.97,208.39,101.21,3526.43,232.07,131.45,134.82,38.95,54.92,97.76,274.76
20261005,11:51:05,49695.38,44543.27,26163.95,17121.82,123.94,1855.75,450.56,463.85,554.71,110.23,166.08,204.86,91.54,142.37,267.75,121.94,190.26,290.49,3177.6,1682.49,473.58,81.16,242.91,1049.16,387.66,236.08,290.59,437.97,208.39,101.21,3526.14,232.07,131.45,134.82,38.93,54.92,97.76,274.76
20261005,11:51:10,49652.06,44501.64,26166.41,17126.63,123.94,1855.75,450.56,463.85,554.71,110.23,166.07,204.84,91.54,142.37,267.75,121.94,190.26,290.49,3174.13,1679.97,473.59,81.17,242.89,1048.67,387.65,236.08,290.59,437.91,208.39,101.21,3525.61,232.07,132.05,134.83,38.97,54.92,97.76,274.78
20261005,11:51:15,49653.62,44503.04,26162.93,17122.2,123.94,1855.75,450.57,464.11,554.71,110.23,166.07,204.83,91.54,142.37,267.75,121.94,190.26,290.49,3174.35,1680.09,473.72,81.14,242.75,1048.86,387.72,236.08,290.59,437.97,208.39,101.21,3525.73,232.07,131.46,134.83,38.97,54.92,97.76,274.74
20261005,11:51:20,49643.31,44492.96,26163.14,17122.33,123.94,1855.75,450.57,463.85,554.71,110.31,166.08,204.81,91.55,142.37,267.75,121.94,190.26,290.48,3173.53,1679.8,473.38,81.15,242.89,1047.63,387.72,236.08,290.91,437.97,208.4,101.21,3525.76,232.07,131.46,134.83,38.97,54.92,97.76,274.74
20261005,11:51:25,49679.39,44528.11,26163.12,17122.31,123.94,1855.75,450.57,463.85,554.71,110.31,166.09,204.85,91.55,142.37,267.75,121.93,190.26,290.48,3176.37,1682.2,473.36,81.15,242.89,1047.38,387.72,236.08,290.59,437.99,208.4,101.21,3525.76,232.07,131.45,134.83,38.97,54.92,97.76,274.72
20261005,11:51:30,49684.72,44533.1,26164.7,17123.43,123.94,1855.75,450.56,463.85,554.66,110.31,166.08,204.82,91.55,142.37,267.75,121.93,190.26,290.48,3176.74,1682.33,473.47,81.18,242.88,1047.73,387.73,236.08,290.59,437.99,208.55,101.21,3525.94,232.07,131.45,134.83,38.97,54.92,97.76,274.72
20261005,11:51:35,49683.46,44532.35,26163.27,17123.36,123.94,1855.75,450.56,463.78,554.8,110.31,166.07,204.79,91.55,142.36,267.75,121.93,190.22,290.49,3176.68,1682.28,473.53,81.18,242.86,1047.7,387.73,236.08,290.59,437.89,208.54,101.21,3525.51,232.07,131.45,134.83,38.97,54.92,97.76,274.72
20261005,11:51:40,49683.05,44531.69,26167.88,17127.82,123.81,1855.75,450.56,463.78,554.8,110.31,166.07,204.79,91.55,142.36,267.75,121.94,190.22,290.49,3176.52,1682.19,473.43,81.17,242.84,1047.73,387.72,236.08,290.59,437.89,208.54,101.18,3525.75,232.07,132.05,134.82,38.97,54.92,97.76,274.76
20261005,11:51:45,49638.33,44488.37,26165.99,17126.49,123.94,1855.75,450.56,463.64,554.79,110.31,166.07,204.8,91.55,142.36,267.75,121.93,190.22,290.49,3173.06,1679.74,473.43,81.17,242.84,1047.08,387.72,236.08,290.58,437.88,208.38,101.18,3525.51,232.07,132.05,134.82,38.97,54.93,97.76,274.74
20261005,11:51:50,49640.97,44490.62,26166.11,17125.55,123.94,1855.75,450.56,463.64,554.6,110.31,166.06,204.76,91.55,142.36,267.58,121.93,190.22,290.46,3173.27,1679.79,473.47,81.15,242.84,1047.77,387.72,236.08,290.3,437.87,208.38,101.18,3525.81,232.07,132.05,134.82,38.97,54.93,97.76,274.73
20261005,11:51:55,49637.8,44487.53,26166.29,17125.75,123.94,1855.75,450.56,463.64,554.55,110.39,166.05,204.76,91.53,142.36,267.58,121.93,190.22,290.46,3173.01,1679.67,473.35,81.14,243.09,1047.42,387.74,236.08,290.31,437.87,208.4,101.18,3525.81,232.07,132.05,134.82,38.97,54.95,97.76,274.73
20261005,11:52:00,49634.7,44485.02,26165.86,17126.95,123.94,1855.75,450.56,463.64,554.55,110.39,166.05,204.76,91.53,142.36,267.58,121.93,190.22,290.46,3172.78,1679.54,473.26,81.12,243.09,1047.44,387.74,236.08,290.3,437.85,208.53,101.18,3525.35,232.07,132.05,134.83,38.97,54.95,97.76,274.73
20261005,11:52:05,49637.5,44487.57,26166.3,17126.85,123.94,1855.75,450.56,463.64,554.55,110.39,166.05,204.76,91.53,142.36,267.58,121.91,190.22,290.46,3172.99,1679.72,473.29,81.08,243.1,1047.4,387.74,236.07,290.3,437.85,208.53,101.18,3525.51,232.07,132.05,134.83,38.97,54.95,97.76,274.73
20261005,11:52:10,49633.9,44483.82,26163.45,17122.76,123.93,1855.75,450.48,463.81,554.78,110.39,166.06,204.76,91.55,142.36,267.58,121.91,190.22,290.46,3172.79,1679.62,473.29,81.08,243.09,1047.21,387.74,236.07,290.3,437.84,208.55,101.18,3525.73,232.07,131.45,134.83,38.97,54.95,97.76,274.73
20261005,11:52:15,49638.8,44487.59,26166.09,17122.44,123.93,1856.12,450.48,463.56,554.78,110.39,166.06,204.77,91.55,142.36,267.58,121.92,190.22,290.46,3173.1,1679.58,473.39,81.07,243.09,1047.57,387.74,236.07,290.62,437.84,208.53,101.18,3526.65,232.07,131.45,134.83,38.97,54.93,97.76,274.73
20261005,11:52:20,49677.15,44525.19,26165.24,17122.26,123.93,1856.12,450.55,463.56,554.61,110.39,166.04,204.68,91.55,142.36,267.75,121.92,190.22,290.46,3176.13,1681.87,473.49,81.08,243.09,1048.05,387.68,236.07,290.3,437.84,208.53,101.18,3526.43,232.07,131.45,134.83,38.97,54.93,97.76,274.76
20261005,11:52:25,49675.6,44526.1,26157.53,17121.47,123.93,1856.12,450.47,463.56,554.61,110.39,166.03,204.66,91.55,142.15,267.75,121.92,190.22,290.46,3176.22,1681.99,473.4,81.07,243.09,1048.01,387.74,236.08,290.3,437.84,208.55,101.18,3524.23,232.07,131.45,134.83,38.97,54.93,97.76,274.76
20261005,11:52:30,49636.29,44485.49,26162.56,17119.56,123.93,1856.12,450.47,463.56,554.3,110.39,166.03,204.66,91.55,142.15,267.75,121.91,190.22,290.46,3173.0,1679.61,473.49,81.05,242.82,1047.86,387.74,236.08,290.3,437.88,208.43,101.18,3526.33,232.07,131.45,134.83,38.97,54.95,97.76,274.76
20261005,11:52:35,49635.31,44483.71,26163.62,17117.99,123.8,1856.12,450.47,463.57,554.27,110.39,166.04,204.69,91.55,142.15,267.75,121.91,190.22,290.46,3172.89,1679.54,473.46,81.04,242.82,1047.86,387.67,236.07,290.3,437.91,208.31,101.18,3527.08,232.07,131.45,134.81,38.97,54.95,97.76,274.74
20261005,11:52:40,49675.53,44523.08,26162.97,17117.84,123.93,1856.05,450.47,463.57,554.17,110.39,166.04,204.66,91.55,142.15,267.75,121.91,190.22,290.46,3176.07,1682.07,473.32,81.05,242.82,1047.8,387.34,236.07,290.3,437.85,208.31,101.18,3526.92,232.07,131.45,134.81,38.97,54.95,97.76,274.73
20261005,11:52:45,49674.89,44523.29,26160.49,17117.8,123.93,1856.05,450.46,463.57,554.17,110.39,166.04,204.65,91.55,142.15,267.75,121.91,190.22,290.46,3176.09,1681.95,473.37,81.04,242.99,1047.92,387.34,236.07,290.4,437.86,208.31,101.18,3526.16,232.07,131.45,134.82,38.97,54.95,97.76,274.73
20261005,11:52:50,49670.36,44518.7,26160.89,17117.69,123.93,1856.05,450.46,463.57,554.17,110.39,166.04,204.65,91.55,142.15,267.75,122.03,190.22,290.46,3175.72,1682.01,473.37,81.01,242.81,1047.19,387.34,236.04,290.31,437.86,208.31,101.18,3526.31,232.07,131.45,134.82,38.97,54.95,97.76,274.44
20261005,11:52:55,49670.78,44519.56,26164.62,17123.47,123.8,1856.05,450.46,463.57,554.17,110.39,166.04,204.64,91.55,142.15,267.75,122.03,190.22,290.47,3175.65,1681.9,473.37,81.04,243.06,1047.1,387.34,236.04,290.31,437.86,208.46,101.18,3525.91,232.07,132.05,134.82,38.97,54.95,97.76,274.44
20261005,11:53:00,49672.63,44521.58,26162.67,17121.97,123.93,1856.05,450.46,463.57,554.2,110.39,166.04,204.64,91.56,142.15,267.75,121.91,190.22,290.47,3175.85,1681.88,473.45,81.04,243.06,1047.13,387.34,236.01,290.62,437.88,208.32,101.18,3525.71,232.07,132.05,134.82,38.97,54.95,97.76,274.44
20261005,11:53:05,49633.5,44485.9,26154.44,17120.67,123.93,1856.05,450.37,463.57,554.23,110.39,166.04,204.61,91.56,142.15,267.58,121.91,190.22,290.47,3173.0,1679.43,473.45,81.03,243.06,1047.91,387.34,236.01,290.62,437.91,208.28,101.18,3523.49,232.07,132.05,134.79,38.97,54.93,97.76,274.44
20261005,11:53:10,49636.89,44487.78,26155.89,17117.58,123.93,1856.05,450.46,463.64,554.24,110.39,166.04,204.61,91.56,142.15,267.58,121.9,190.22,290.47,3173.23,1679.61,473.46,81.03,243.17,1047.8,387.34,236.01,290.62,437.91,208.28,101.18,3524.78,232.07,131.45,134.81,38.97,54.93,97.76,274.74
20261005,11:53:15,49630.52,44482.31,26153.63,17117.45,123.8,1856.05,450.46,463.57,554.44,110.39,166.03,204.6,91.55,142.15,267.58,121.9,190.22,290.46,3172.79,1679.56,473.47,81.03,243.17,1047.35,387.32,236.0,290.3,437.89,208.29,101.18,3524.11,232.07,131.45,134.81,38.97,54.93,97.76,274.65
20261005,11:53:20,49630.43,44482.04,26159.51,17123.61,123.8,1856.05,450.47,463.44,554.44,110.39,166.02,204.57,91.55,142.16,267.58,121.93,190.22,290.46,3172.62,1679.43,473.37,81.01,243.05,1047.18,387.32,235.99,290.62,437.89,208.43,101.18,3524.27,232.07,132.05,134.81,38.97,54.93,97.76,274.65
20261005,11:53:25,49627.96,44479.18,26157.09,17119.3,123.93,1856.05,450.47,463.57,554.44,110.39,166.03,204.6,91.55,142.16,267.58,121.91,190.22,290.46,3172.5,1679.55,473.35,81.0,243.3,1046.74,387.32,235.99,290.3,437.89,208.43,101.18,3524.69,232.07,131.45,134.81,38.97,54.93,97.76,274.65
20261005,11:53:30,49631.58,44482.8,26156.77,17119.22,123.93,1856.05,450.47,463.57,554.44,110.32,166.02,204.55,91.55,142.16,267.58,121.91,190.22,290.48,3172.79,1679.56,473.51,81.01,243.3,1047.22,387.29,235.97,290.3,437.89,208.46,101.18,3524.61,232.07,131.45,134.79,38.97,54.93,97.76,274.65
20261005,11:53:35,49627.63,44478.6,26156.08,17117.26,123.81,1856.05,450.47,463.57,554.44,110.32,166.02,204.57,91.55,142.16,267.58,121.91,190.22,290.48,3172.5,1679.53,473.41,80.98,243.3,1046.76,387.29,235.97,290.3,437.82,208.31,101.18,3524.93,232.07,131.45,134.79,38.97,54.93,97.76,274.63
20261005,11:53:40,49597.16,44448.64,26157.51,17118.01,123.94,1856.05,450.47,463.57,554.51,110.32,166.02,204.58,91.55,142.16,267.58,121.91,190.22,290.48,3170.07,1677.19,473.51,80.98,243.3,1047.45,387.29,235.97,290.8,437.88,208.31,101.18,3525.17,232.07,131.45,134.79,38.97,54.93,97.76,274.63
20261005,11:53:45,49633.55,44484.96,26159.09,17122.72,123.94,1856.1,450.47,463.57,554.51,110.32,166.0,204.56,91.54,142.16,267.58,121.9,190.36,290.48,3172.88,1679.54,473.46,81.0,243.3,1047.44,387.34,235.97,290.38,437.88,208.31,101.18,3524.39,232.07,132.05,134.79,38.97,54.93,97.76,274.63
20261005,11:53:50,49632.71,44484.55,26153.41,17117.56,123.94,1856.1,450.46,463.57,554.51,110.32,165.99,204.51,91.54,142.16,267.58,121.9,190.36,290.48,3172.97,1679.49,473.46,80.98,243.3,1047.45,387.39,235.96,290.69,437.87,208.29,101.18,3524.01,232.07,131.45,134.79,38.97,54.93,97.76,274.64
20261005,11:53:55,49635.21,44486.77,26155.32,17119.02,123.94,1856.1,450.37,463.57,554.51,110.32,165.99,204.51,91.54,142.16,267.58,122.03,190.36,290.45,3173.11,1679.61,473.42,80.97,243.3,1047.49,387.39,236.1,290.68,437.93,208.44,101.18,3524.21,232.0,131.45,134.79,38.97,54.93,97.76,274.64
20261005,11:54:00,49595.45,44447.77,26155.63,17118.53,123.94,1856.1,450.36,463.57,554.47,110.32,165.98,204.5,91.54,142.16,267.75,122.02,190.36,290.45,3169.98,1677.2,473.42,80.97,243.3,1047.46,387.39,236.1,290.68,437.92,208.4,101.18,3524.44,232.0,131.45,134.79,38.97,54.93,97.76,274.64
20261005,11:54:05,49593.97,44446.16,26155.05,17117.26,123.94,1856.1,450.36,463.44,554.43,110.31,165.98,204.52,91.53,142.16,267.75,121.9,190.36,290.49,3169.88,1677.2,473.3,80.99,243.3,1047.33,387.39,236.1,290.67,437.92,208.37,101.18,3524.6,232.0,131.45,134.79,38.97,54.93,97.76,274.64
20261005,11:54:10,49593.2,44445.65,26158.64,17122.2,123.94,1856.1,450.36,463.44,554.43,110.31,165.97,204.54,91.52,142.16,267.75,121.92,190.36,290.49,3169.72,1677.28,473.35,80.96,243.3,1047.13,387.38,236.1,290.36,437.92,208.4,101.18,3524.38,232.0,132.05,134.79,38.97,54.93,97.76,274.63
20261005,11:54:15,49590.59,44444.06,26150.16,17115.63,123.94,1856.07,450.37,463.44,554.4,110.31,165.96,204.55,91.51,142.16,267.75,121.92,190.36,290.49,3169.75,1677.45,473.37,80.98,243.3,1046.64,387.38,236.1,290.36,437.92,208.22,101.18,3523.52,232.0,131.45,134.79,38.97,54.93,97.76,274.65
20261005,11:54:20,49590.8,44442.07,26156.83,17115.97,123.94,1856.07,450.37,463.44,554.4,110.31,165.96,204.56,91.51,142.16,267.75,121.91,190.36,290.52,3169.58,1677.31,473.48,80.98,243.3,1046.56,387.38,236.1,290.32,438.0,208.22,101.18,3525.51,232.07,131.45,134.78,38.97,54.93,97.76,274.65
20261005,11:54:25,49639.16,44489.19,26157.06,17116.24,123.94,1856.07,450.37,463.44,554.51,110.3,165.96,204.54,91.51,142.16,267.75,121.91,190.36,290.52,3173.38,1679.68,473.53,80.98,243.3,1047.83,387.32,236.1,290.64,438.0,208.22,101.18,3525.51,232.07,131.45,134.78,38.97,54.93,97.76,274.65
20261005,11:54:30,49599.47,44450.08,26160.73,17118.97,123.94,1856.07,450.45,463.44,554.51,110.3,166.15,204.54,91.67,142.16,267.75,121.91,190.41,290.5,3170.16,1677.25,473.41,81.0,243.3,1047.75,387.32,236.1,290.64,438.0,208.22,101.18,3525.91,232.07,131.45,134.78,38.97,54.93,97.76,274.65
20261005,11:54:35,49597.13,44447.39,26165.72,17123.35,123.94,1856.07,450.45,463.55,554.51,110.31,166.15,204.51,91.67,142.16,267.75,121.91,190.41,290.5,3169.84,1677.21,473.39,80.99,243.3,1047.13,387.32,236.34,290.64,438.08,208.22,101.18,3526.29,231.74,132.05,134.78,38.97,54.93,97.76,274.63
20261005,11:54:40,49600.89,44451.47,26164.39,17123.22,123.94,1856.07,450.45,463.44,554.5,110.31,166.15,204.51,91.67,142.16,267.75,121.91,190.41,290.49,3170.17,1677.2,473.51,81.01,243.3,1047.82,387.32,236.34,290.64,438.06,208.22,101.18,3525.9,231.74,132.05,134.78,38.97,54.93,97.76,274.63
20261005,11:54:45,49642.61,44492.1,26160.76,17119.01,123.94,1856.07,450.46,463.44,554.5,110.31,166.19,204.56,91.69,142.16,267.75,121.91,190.41,290.49,3173.54,1680.04,473.39,80.99,243.29,1047.24,387.25,236.36,290.64,438.06,208.22,101.18,3525.91,231.74,131.45,134.79,38.97,54.93,97.76,274.66
20261005,11:54:50,49644.56,44494.01,26160.46,17118.66,123.94,1856.07,450.45,463.44,554.5,110.31,166.16,204.47,91.69,142.16,267.75,121.91,190.41,290.49,3173.71,1680.08,473.49,80.98,243.31,1047.34,387.32,236.36,290.69,438.06,208.22,101.18,3525.91,231.74,131.45,134.79,38.97,54.93,97.76,274.66
20261005,11:54:55,49653.13,44502.6,26159.2,17118.02,123.94,1856.07,450.45,463.44,554.5,110.29,166.17,204.5,91.69,142.36,267.75,121.91,190.41,290.49,3174.41,1680.73,473.51,80.99,243.29,1047.36,387.32,236.36,290.42,438.06,208.24,101.18,3525.69,231.74,131.45,134.72,38.97,54.93,97.76,274.37
20261005,11:55:00,49609.59,44459.85,26160.35,17118.26,123.94,1856.07,450.45,463.44,554.5,110.29,166.18,204.47,91.71,142.36,267.75,121.9,190.41,290.49,3170.96,1678.31,473.51,80.97,243.29,1046.64,387.32,236.36,290.42,438.06,208.24,101.18,3525.99,231.74,131.45,134.73,38.97,54.93,97.77,274.37
20261005,11:55:05,49614.45,44464.44,26165.85,17124.1,123.94,1856.07,450.45,463.63,554.42,110.29,166.18,204.46,91.71,142.36,267.75,121.91,190.41,290.49,3171.19,1678.37,473.51,80.98,243.29,1046.64,387.26,236.36,290.69,438.09,208.35,101.18,3526.12,231.74,132.05,134.73,38.97,54.93,97.77,274.37
20261005,11:55:10,49650.71,44500.17,26161.14,17120.01,123.94,1856.07,450.45,463.63,554.39,110.29,166.18,204.46,91.71,142.36,267.75,121.91,190.41,290.49,3174.17,1680.67,473.38,81.0,243.29,1047.14,387.26,236.36,290.38,438.08,208.35,101.18,3525.76,231.74,131.45,134.7,38.97,54.93,97.77,274.66
20261005,11:55:15,49656.76,44506.04,26159.95,17118.57,123.94,1856.07,450.45,463.51,554.38,110.29,166.18,204.51,91.7,142.36,267.75,121.91,190.41,290.51,3174.68,1680.79,473.4,80.99,243.29,1047.94,387.26,236.36,290.38,438.08,208.32,101.18,3525.78,231.74,131.45,134.71,38.97,54.93,97.77,274.32
20261005,11:55:20,49655.54,44506.57,26154.53,17118.07,123.94,1856.07,450.45,463.51,554.38,110.29,166.15,204.51,91.67,142.36,267.75,121.91,190.41,290.51,3174.73,1680.71,473.4,80.99,243.29,1047.95,387.23,236.36,290.69,438.05,208.32,101.18,3524.22,231.74,131.45,134.71,38.97,54.93,97.77,274.3
20261005,11:55:25,49613.45,44465.46,26155.67,17119.05,123.94,1856.07,450.46,463.43,554.29,110.29,166.15,204.51,91.67,142.36,267.75,121.91,190.41,290.51,3171.4,1678.54,473.3,80.99,243.29,1046.78,387.35,236.36,290.69,438.05,208.46,101.18,3524.31,231.68,131.45,134.71,38.97,54.93,97.77,274.28
20261005,11:55:30,49613.97,44467.95,26154.64,17124.51,123.94,1857.48,450.46,463.56,554.29,110.29,166.15,204.51,91.67,142.36,267.75,121.91,190.41,290.49,3171.47,1678.56,473.31,80.99,243.41,1046.78,387.29,236.36,290.69,438.05,208.46,101.18,3522.5,231.68,132.05,134.71,38.97,54.93,97.77,274.3
20261005,11:55:35,49613.22,44464.89,26161.3,17124.37,123.94,1855.84,450.54,463.56,554.29,110.29,166.15,204.49,91.67,142.36,267.75,121.91,190.41,290.49,3171.22,1678.32,473.31,80.99,243.42,1046.83,387.29,236.22,290.78,438.05,208.46,101.18,3524.63,231.68,132.05,134.71,38.97,54.93,97.77,274.3
20261005,11:55:40,49619.42,44471.19,26160.24,17124.03,123.81,1855.84,450.54,463.56,554.32,110.29,166.15,204.5,91.67,142.36,267.75,121.91,190.36,290.49,3171.74,1678.58,473.37,81.03,243.42,1047.52,387.28,236.22,290.46,438.05,208.46,101.18,3524.39,231.68,132.05,134.71,38.97,54.93,97.77,274.29
20261005,11:55:45,49620.97,44472.55,26160.63,17123.96,123.81,1855.84,450.54,463.81,554.35,110.29,166.14,204.47,91.67,142.15,267.75,121.91,190.36,290.49,3171.85,1678.55,473.33,81.02,243.42,1047.52,387.31,236.22,290.78,438.03,208.46,101.18,3524.53,231.68,132.05,134.71,38.97,54.93,97.77,274.29
20261005,11:55:50,49664.46,44512.9,26164.76,17121.95,123.81,1855.84,450.54,463.56,554.35,110.29,165.94,204.46,91.51,142.15,267.75,121.91,190.36,290.49,3175.15,1681.02,473.55,81.02,243.42,1047.52,387.31,236.22,290.78,438.02,208.49,101.18,3526.36,231.68,132.05,134.71,38.97,54.95,97.77,274.29
20261005,11:55:55,49654.15,44503.72,26161.64,17121.26,123.94,1855.84,450.46,463.48,554.27,110.29,165.93,204.42,91.51,142.15,267.75,121.91,190.36,290.49,3174.43,1680.65,473.48,80.98,243.42,1047.5,387.31,236.22,290.46,438.02,208.48,101.18,3525.58,231.68,132.05,134.71,38.97,54.95,97.77,274.34
20261005,11:56:00,49657.81,44507.23,26161.97,17121.46,123.94,1855.82,450.46,463.48,554.27,110.29,165.95,204.47,91.52,142.15,267.75,121.91,190.36,290.49,3174.7,1680.7,473.54,80.97,243.42,1047.99,387.31,236.23,290.42,438.02,208.48,101.18,3525.63,231.68,132.05,134.71,38.97,54.95,97.77,274.34
20261005,11:56:05,49614.9,44465.06,26165.06,17123.8,123.94,1855.82,450.46,463.48,554.27,110.29,166.15,204.5,91.67,142.36,267.75,121.91,190.36,290.5,3171.25,1678.34,473.42,80.95,243.4,1047.32,387.31,236.23,290.38,438.02,208.48,101.18,3525.96,231.68,132.05,134.71,38.97,54.93,97.77,274.34
20261005,11:56:10,49655.31,44503.77,26167.02,17123.82,123.81,1855.82,450.46,463.48,554.34,110.29,166.17,204.56,91.67,142.36,267.75,121.91,190.36,290.5,3174.37,1680.71,473.29,80.98,243.4,1047.5,387.31,236.23,290.37,438.02,208.48,101.18,3526.56,231.68,132.05,134.71,38.97,54.93,97.77,274.34
20261005,11:56:15,49644.03,44494.17,26163.12,17124.01,123.81,1855.82,450.46,463.47,554.34,110.37,166.17,204.58,91.67,142.36,267.75,121.91,190.36,290.5,3173.59,1680.14,473.34,80.97,243.28,1047.11,387.31,236.23,290.68,438.02,208.48,101.18,3525.29,231.68,132.05,134.71,38.97,54.92,97.77,274.33
20261005,11:56:20,49647.66,44497.54,26163.38,17123.72,123.81,1855.82,450.46,463.47,554.48,110.38,166.17,204.58,91.67,142.37,267.75,121.91,190.22,290.49,3173.87,1680.33,473.45,80.98,243.28,1047.09,387.31,236.23,290.64,438.02,208.4,101.18,3525.45,231.68,132.05,134.71,38.97,54.94,97.77,274.33
20261005,11:56:25,49607.96,44458.6,26163.62,17123.14,123.82,1855.82,450.46,463.47,554.43,110.31,166.16,204.52,91.67,142.37,267.75,121.91,190.22,290.47,3170.74,1677.93,473.37,80.95,243.4,1047.09,387.33,236.23,290.64,438.02,208.4,101.18,3525.68,231.68,132.05,134.71,38.97,54.94,97.77,274.33
20261005,11:56:30,49642.42,44492.88,26157.03,17117.94,123.82,1855.82,450.46,463.55,554.43,110.31,166.16,204.55,91.67,142.37,267.75,121.9,190.22,290.47,3173.63,1680.29,473.48,80.96,243.39,1046.98,387.33,236.22,290.32,438.02,208.36,101.18,3525.04,231.68,131.45,134.71,38.97,54.92,97.77,274.31
20261005,11:56:35,49607.35,44457.93,26160.86,17119.71,123.95,1855.82,450.37,463.47,554.4,110.31,166.16,204.54,91.67,142.37,267.75,121.9,190.22,290.47,3170.77,1678.09,473.47,80.99,243.38,1046.92,387.33,236.22,290.32,438.02,208.51,101.18,3525.75,231.68,131.45,134.71,38.97,54.92,97.77,274.59
20261005,11:56:40,49602.58,44455.61,26156.92,17122.97,123.95,1855.82,450.45,463.48,554.4,110.31,165.96,204.52,91.52,142.37,267.75,121.9,190.22,290.47,3170.51,1677.91,473.35,80.96,243.41,1046.99,387.33,236.24,290.32,437.99,208.51,101.18,3523.64,231.68,132.05,134.71,38.97,54.94,97.77,274.61
20261005,11:56:45,49648.18,44500.14,26156.55,17122.86,123.95,1855.46,450.45,463.48,554.48,110.31,165.96,204.5,91.52,142.37,267.58,121.89,190.2,290.47,3174.1,1680.4,473.46,80.97,243.41,1047.71,387.34,236.24,290.32,437.97,208.51,101.18,3523.55,231.68,132.05,134.71,38.97,54.94,97.77,274.61
20261005,11:56:50,49643.41,44495.98,26155.18,17122.96,123.95,1855.46,450.36,463.48,554.48,110.31,165.96,204.5,91.52,142.37,267.58,121.89,190.2,290.47,3173.76,1680.24,473.13,80.99,243.43,1047.68,387.34,236.24,290.32,437.97,208.51,101.18,3523.1,232.0,132.05,134.71,38.97,54.97,97.77,274.59
20261005,11:56:55,49606.93,44459.85,26156.32,17122.3,123.82,1855.46,450.36,463.48,554.47,110.31,165.96,204.5,91.52,142.37,267.58,121.89,190.2,290.47,3170.87,1677.96,473.28,80.99,243.43,1047.68,387.33,236.25,290.32,437.97,208.49,101.18,3523.63,232.0,132.05,134.71,38.97,54.96,97.77,274.59
20261005,11:57:00,49604.33,44457.37,26154.47,17120.35,123.82,1855.46,450.36,463.48,554.46,110.31,165.97,204.51,91.53,142.37,267.69,121.89,190.2,290.47,3170.71,1677.85,473.3,81.02,243.43,1047.59,387.34,236.25,290.32,437.97,208.35,101.18,3523.58,232.0,132.05,134.73,38.97,54.96,97.77,274.31
20261005,11:57:05,49602.61,44455.33,26156.14,17121.04,123.82,1855.46,450.45,463.48,554.46,110.31,165.97,204.51,91.53,142.16,267.69,121.9,190.2,290.47,3170.53,1677.57,473.26,81.01,243.42,1047.67,387.34,236.25,290.63,437.96,208.38,101.18,3523.92,232.0,132.05,134.71,38.97,54.96,97.77,274.35
20261005,11:57:10,49603.15,44456.3,26153.53,17119.52,123.82,1856.87,450.36,463.48,554.46,110.31,165.96,204.47,91.53,142.16,267.69,121.89,190.2,290.47,3170.65,1677.72,473.37,81.04,243.41,1047.75,387.33,236.25,290.31,437.93,208.26,101.18,3523.51,232.0,132.05,134.71,38.97,54.96,97.77,274.3
20261005,11:57:15,49602.54,44455.32,26155.52,17120.52,123.82,1856.87,450.36,463.48,554.47,110.31,165.96,204.46,91.53,142.37,267.69,122.02,190.18,290.47,3170.54,1677.66,473.45,81.04,243.41,1047.63,387.08,236.25,290.31,437.95,208.26,101.18,3523.86,232.0,132.05,134.71,38.97,54.96,97.67,274.3
20261005,11:57:20,49644.87,44494.63,26162.12,17121.66,123.82,1856.87,450.36,463.48,554.47,110.31,165.97,204.48,91.53,142.16,267.69,122.01,190.18,290.47,3173.68,1680.19,473.25,81.04,243.41,1047.14,387.0,236.25,290.62,437.95,208.41,101.18,3525.62,232.0,132.05,134.71,38.97,54.96,97.67,274.3
20261005,11:57:25,49604.13,44454.9,26161.82,17121.18,123.82,1856.87,450.36,463.48,554.47,110.31,165.96,204.46,91.53,142.16,267.69,121.88,190.18,290.49,3170.49,1677.82,473.26,81.03,243.43,1047.26,387.0,236.25,290.31,437.95,208.45,101.18,3525.65,232.0,132.05,134.71,38.97,54.96,97.67,274.3
20261005,11:57:30,49606.21,44456.93,26156.14,17114.64,123.82,1856.87,450.36,463.48,554.39,110.31,165.96,204.46,91.53,142.15,267.69,121.88,190.18,290.49,3170.81,1677.82,473.26,81.03,243.43,1047.6,387.0,236.25,290.63,437.86,208.3,101.18,3525.65,232.0,131.45,134.71,38.97,54.98,97.67,274.28
20261005,11:57:35,49600.28,44451.01,26160.05,17118.66,123.82,1855.46,450.36,463.48,554.36,110.31,165.96,204.46,91.53,142.16,267.69,121.88,190.14,290.49,3170.24,1677.66,473.27,81.03,243.31,1046.85,387.0,236.25,290.63,437.86,208.3,101.18,3525.79,232.0,132.06,134.72,38.97,54.96,97.67,274.28
20261005,11:57:40,49635.19,44487.5,26153.1,17118.99,123.82,1855.46,450.37,463.56,554.36,110.33,165.96,204.44,91.53,142.16,267.69,121.89,190.14,290.48,3173.17,1680.07,473.26,81.03,243.31,1046.8,387.01,236.25,290.32,437.88,208.3,101.18,3523.53,232.0,132.06,134.71,38.97,54.97,97.67,274.29
20261005,11:57:45,49600.8,44451.31,26162.17,17120.4,123.82,1855.46,450.46,463.56,554.36,110.33,165.95,204.41,91.53,142.16,267.69,121.89,190.11,290.48,3170.22,1677.76,473.22,81.02,243.31,1046.93,387.01,236.25,290.32,437.91,208.29,101.18,3525.98,232.0,132.06,134.73,38.97,54.97,97.67,274.59
20261005,11:57:50,49643.05,44492.93,26161.97,17121.72,123.82,1855.46,450.46,463.56,554.48,110.25,165.96,204.41,91.53,142.16,267.69,121.89,190.11,290.45,3173.54,1680.21,473.21,80.99,243.31,1046.93,387.01,236.25,290.63,437.91,208.41,101.18,3525.55,232.0,132.06,134.74,38.97,54.97,97.66,274.59
20261005,11:57:55,49645.13,44495.14,26162.12,17122.49,123.95,1855.46,450.46,463.56,554.48,110.33,165.96,204.41,91.54,142.16,267.69,121.89,190.11,290.45,3173.7,1680.27,473.2,81.02,243.43,1046.98,387.01,236.25,290.63,437.97,208.41,101.18,3525.39,232.0,132.06,134.74,38.97,54.98,97.66,274.59
20261005,11:58:00,49639.13,44488.71,26163.78,17122.44,123.95,1855.46,450.46,463.56,554.48,110.33,165.96,204.41,91.54,142.16,267.69,121.89,190.11,290.45,3173.19,1679.93,473.2,81.01,243.45,1047.35,386.96,236.25,290.23,437.97,208.41,101.18,3525.93,232.0,132.06,134.74,38.97,54.97,97.66,274.59
20261005,11:58:05,49642.95,44492.54,26163.69,17122.73,123.95,1855.46,450.47,463.81,554.48,110.33,165.96,204.35,91.55,142.16,267.69,121.89,190.11,290.47,3173.49,1680.14,473.18,81.02,243.45,1047.35,386.96,236.25,290.26,437.97,208.37,101.18,3525.82,232.0,132.06,134.74,38.97,54.99,97.66,274.64
20261005,11:58:10,49649.21,44499.23,26160.78,17121.36,123.95,1855.46,450.47,463.38,554.48,110.25,165.95,204.35,91.54,142.16,267.69,121.89,190.11,290.44,3174.06,1680.23,473.21,81.02,243.63,1048.21,387.04,236.26,290.26,437.97,208.37,101.18,3525.28,231.74,132.06,134.74,38.97,54.97,97.66,274.64
20261005,11:58:15,49648.77,44499.17,26159.56,17121.2,123.95,1855.46,450.47,463.38,554.48,110.25,165.95,204.35,91.54,142.16,267.69,121.89,190.11,290.44,3174.06,1680.13,473.26,81.02,243.63,1048.09,387.04,236.26,290.58,437.97,208.37,101.18,3524.94,231.74,132.06,134.74,38.97,54.97,97.66,274.59
20261005,11:58:20,49643.53,44494.44,26158.64,17121.39,123.95,1855.46,450.47,463.46,554.48,110.25,165.96,204.39,91.54,142.16,267.69,121.89,190.11,290.44,3173.67,1680.1,473.18,81.03,243.63,1047.73,387.04,236.26,290.26,437.97,208.37,101.18,3524.6,231.74,132.06,134.73,38.97,54.97,97.66,274.6
20261005,11:58:25,49608.67,44459.48,26161.56,17121.4,123.95,1855.46,450.47,463.71,554.48,110.25,165.96,204.39,91.54,142.15,267.69,121.89,190.11,290.42,3170.86,1677.84,473.08,81.02,243.63,1047.75,387.04,236.26,290.57,437.92,208.38,101.18,3525.51,231.68,132.05,134.73,38.97,54.97,97.66,274.6
20261005,11:58:30,49643.92,44496.43,26153.93,17121.34,123.95,1855.46,450.47,463.71,554.48,110.24,165.96,204.39,91.54,142.15,267.69,121.88,190.11,290.42,3173.84,1680.12,473.07,81.02,243.63,1047.82,386.97,236.26,290.57,437.92,208.38,101.18,3523.15,231.68,132.05,134.73,38.97,54.97,97.66,274.6
20261005,11:58:35,49642.54,44495.12,26153.93,17121.44,123.95,1855.46,450.47,463.46,554.49,110.24,165.98,204.41,91.55,142.15,267.69,121.88,190.11,290.44,3173.73,1680.15,473.07,81.03,243.63,1047.44,386.97,236.26,290.57,437.92,208.38,101.18,3523.12,231.68,132.05,134.72,38.97,54.99,97.66,274.57
20261005,11:58:40,49606.89,44460.4,26152.95,17120.4,123.95,1855.46,450.38,463.46,554.49,110.24,165.98,204.39,91.55,142.15,267.69,121.88,190.11,290.42,3170.96,1677.74,473.17,81.02,243.62,1048.21,386.95,236.12,290.57,437.92,208.38,101.18,3523.1,231.68,132.05,134.72,38.93,54.97,97.66,274.57
20261005,11:58:45,49605.24,44456.9,26158.51,17120.43,123.95,1855.68,450.37,463.46,554.49,110.24,165.97,204.41,91.54,142.15,267.69,121.88,190.14,290.42,3170.67,1677.69,473.06,81.01,243.62,1048.21,386.95,236.12,290.26,437.94,208.38,101.18,3524.82,231.68,132.05,134.72,38.93,54.97,97.66,274.57
20261005,11:58:50,49643.8,44493.72,26156.27,17115.34,123.95,1855.46,450.37,463.46,554.49,110.24,165.96,204.39,91.54,142.15,267.69,121.88,190.14,290.42,3173.76,1680.1,473.03,81.04,243.43,1048.28,386.95,236.26,290.26,437.94,208.38,101.18,3525.51,231.68,131.45,134.72,38.93,54.96,97.66,274.57
20261005,11:58:55,49642.75,44493.44,26158.37,17120.27,123.95,1855.46,450.38,463.46,554.41,110.24,165.96,204.37,91.54,142.15,267.69,121.88,190.14,290.42,3173.62,1680.12,473.1,81.01,243.44,1047.86,386.95,236.26,290.26,438.03,208.41,101.18,3524.82,231.68,132.05,134.72,38.93,54.96,97.66,274.55
20261005,11:59:00,49644.75,44495.66,26156.29,17118.76,123.95,1855.46,450.29,463.33,554.49,110.24,165.97,204.42,91.54,142.15,267.69,121.88,190.14,290.43,3173.84,1680.12,473.1,81.03,243.43,1048.34,386.95,236.26,290.26,437.97,208.41,101.18,3524.58,231.68,132.05,134.72,38.93,54.96,97.66,274.2
20261005,11:59:05,49640.33,44491.58,26156.16,17119.39,123.95,1855.46,450.29,463.5,554.58,110.32,165.97,204.44,91.54,142.15,267.69,121.88,190.14,290.43,3173.49,1680.0,473.1,81.03,243.45,1047.85,386.95,236.26,290.26,437.95,208.4,101.18,3524.37,231.68,132.05,134.72,38.93,54.96,97.66,274.2
20261005,11:59:10,49603.23,44455.11,26158.04,17120.48,123.95,1855.46,450.37,463.63,554.58,110.3,165.98,204.45,91.54,142.36,267.69,121.88,190.13,290.43,3170.53,1677.7,473.1,81.04,243.45,1047.89,386.97,236.26,290.25,437.95,208.4,101.18,3524.66,231.68,132.05,134.72,38.93,54.96,97.66,274.23
20261005,11:59:15,49603.7,44456.34,26155.33,17119.93,123.95,1855.46,450.29,463.25,554.58,110.3,165.96,204.39,91.54,142.36,267.69,121.88,190.13,290.4,3170.64,1677.72,472.99,81.03,243.45,1048.12,386.99,236.12,290.34,437.96,208.42,101.18,3523.96,232.0,132.05,134.72,38.93,54.96,97.66,274.22
20261005,11:59:20,49603.47,44456.11,26151.39,17115.41,123.95,1855.46,450.29,463.25,554.58,110.22,165.97,204.41,91.54,142.36,267.69,122.0,190.16,290.4,3170.73,1677.78,473.22,81.04,243.45,1048.0,386.99,236.26,290.25,437.96,208.39,101.19,3523.96,232.0,131.45,134.72,38.91,54.96,97.66,274.2
20261005,11:59:25,49642.0,44493.54,26151.17,17114.77,123.95,1855.46,450.38,463.24,554.52,110.22,165.97,204.41,91.54,142.15,267.69,121.88,190.16,290.4,3173.76,1679.98,473.23,81.04,243.45,1048.0,386.99,236.26,290.57,437.94,208.39,101.19,3524.07,232.0,131.45,134.72,38.91,54.96,97.66,274.2
20261005,11:59:30,49637.89,44489.79,26150.35,17114.7,123.82,1855.46,450.38,463.5,554.52,110.22,165.97,204.41,91.54,142.15,267.69,121.88,190.16,290.4,3173.46,1679.98,473.08,81.04,243.46,1047.74,386.99,236.26,290.34,437.94,208.37,101.19,3523.83,232.0,131.46,134.75,38.91,54.96,97.66,274.2
20261005,11:59:35,49647.39,44499.69,26152.41,17119.2,123.82,1855.46,450.38,463.24,554.59,110.22,165.96,204.39,91.54,142.15,267.69,121.88,190.13,290.4,3174.15,1680.11,473.11,81.07,243.45,1048.48,386.99,236.26,290.66,437.94,208.37,101.19,3523.25,232.0,132.05,134.75,38.91,54.96,97.66,274.18
20261005,11:59:40,49641.97,44494.64,26152.97,17120.61,123.82,1855.46,450.37,463.5,554.59,110.22,165.95,204.41,91.53,142.15,267.69,121.88,190.13,290.39,3173.71,1680.07,473.09,81.04,243.45,1048.02,386.99,236.26,290.35,437.94,208.51,101.19,3523.04,232.0,132.05,134.75,38.91,54.96,97.66,274.18
20261005,11:59:45,49645.0,44497.11,26153.23,17119.3,123.82,1855.67,450.37,463.61,554.59,110.22,165.95,204.39,91.53,142.15,267.69,121.88,190.13,290.39,3173.94,1680.18,473.2,81.08,243.46,1048.05,386.99,236.26,290.35,437.88,208.37,101.19,3523.48,231.97,132.05,134.76,38.91,54.96,97.66,274.18
20261005,11:59:50,49641.22,44495.26,26148.53,17120.05,123.82,1855.67,450.45,463.61,554.59,110.22,165.96,204.39,91.55,142.15,267.69,121.88,190.13,290.39,3173.77,1680.07,473.16,81.08,243.45,1048.05,386.99,236.27,290.35,437.93,208.37,101.19,3521.81,231.97,132.06,134.76,38.91,54.94,97.66,274.18
20261005,11:59:55,49639.42,44493.68,26148.12,17120.17,123.82,1855.67,450.45,463.36,554.58,110.22,165.97,204.4,91.55,142.15,267.69,121.88,190.13,290.41,3173.64,1680.02,473.11,81.05,243.45,1047.98,387.01,236.27,290.36,438.01,208.4,101.19,3521.65,231.97,132.06,134.76,38.91,54.94,97.66,274.15
20261005,12:00:00,49642.38,44494.14,26155.12,17120.08,123.82,1855.67,450.37,463.36,554.58,110.21,165.97,204.4,91.55,142.15,267.69,121.88,190.13,290.41,3173.68,1680.12,473.09,81.06,243.34,1047.86,387.01,236.27,290.36,438.01,208.37,101.19,3523.86,231.97,132.06,134.76,38.91,54.94,97.66,274.45
20261005,12:00:05,49643.93,44495.44,26157.61,17122.23,123.82,1855.67,450.37,463.44,554.56,110.21,166.16,204.4,91.7,142.15,267.69,121.89,190.13,290.41,3173.73,1680.29,473.21,81.04,243.31,1046.98,387.26,236.27,290.68,437.99,208.37,101.19,3524.05,231.97,132.06,134.76,38.91,54.94,97.66,274.45
20261005,12:00:10,49642.2,44493.75,26158.02,17122.7,123.8,1855.67,450.37,463.44,554.59,110.21,166.17,204.42,91.7,142.15,267.69,121.89,190.13,290.42,3173.59,1680.18,473.19,81.04,243.32,1046.99,387.26,236.27,290.68,437.99,208.4,101.19,3524.05,231.97,132.06,134.76,38.91,54.94,97.66,274.46
20261005,12:00:15,49637.89,44489.76,26153.28,17117.96,123.8,1855.67,450.28,463.44,554.59,110.21,166.16,204.4,91.7,142.15,267.72,121.89,190.17,290.42,3173.38,1680.25,472.97,81.04,243.33,1046.92,387.27,236.27,290.36,437.98,208.45,101.19,3523.86,231.97,131.46,134.79,38.91,54.94,97.66,274.5
20261005,12:00:20,49637.46,44488.97,26153.36,17116.79,123.8,1855.63,450.38,463.61,554.59,110.21,165.97,204.48,91.53,142.15,267.72,121.89,190.17,290.42,3173.34,1680.2,472.96,81.04,243.32,1046.98,387.27,236.27,290.36,437.98,208.45,101.19,3524.2,231.97,131.46,134.79,38.91,54.94,97.66,274.48
20261005,12:00:25,49596.31,44449.21,26150.91,17115.09,123.8,1855.63,450.38,463.36,554.6,110.21,165.99,204.48,91.54,142.15,267.72,121.89,190.17,290.42,3170.18,1677.76,472.9,81.04,243.31,1047.08,387.02,236.27,290.36,438.01,208.27,101.19,3523.9,231.97,131.46,134.79,38.91,54.96,97.66,274.46
20261005,12:00:30,49595.9,44448.49,26152.89,17116.29,123.8,1855.63,450.38,463.36,554.54,110.21,165.99,204.48,91.55,142.15,267.72,122.01,190.17,290.42,3170.09,1677.76,472.81,81.05,243.32,1046.95,387.02,236.27,290.36,438.04,208.31,101.19,3524.19,231.97,131.46,134.82,38.91,54.96,97.66,274.49
20261005,12:00:35,49634.61,44486.24,26157.67,17121.92,123.8,1855.63,450.46,463.36,554.56,110.21,165.98,204.45,91.55,142.15,267.72,121.87,190.17,290.42,3173.0,1680.04,472.7,81.05,243.32,1046.94,387.02,236.27,290.36,438.04,208.42,101.19,3524.16,231.97,132.06,134.82,38.91,54.96,97.66,274.5
20261005,12:00:40,49635.77,44488.04,26151.41,17116.93,123.8,1855.63,450.47,463.24,554.57,110.21,165.98,204.43,91.55,142.15,267.72,121.87,190.17,290.42,3173.27,1680.18,472.76,81.06,243.32,1047.07,387.02,236.27,290.35,438.04,208.42,101.19,3523.56,231.97,131.46,134.82,38.91,54.94,97.66,274.5
20261005,12:00:45,49638.84,44492.85,26146.0,17116.8,123.81,1855.63,450.47,463.24,554.54,110.21,165.99,204.48,91.55,142.15,267.72,121.87,190.17,290.42,3173.66,1680.23,472.91,81.06,243.33,1047.69,386.99,236.27,290.34,438.06,208.4,101.19,3521.9,231.92,131.46,134.82,38.91,54.94,97.66,274.5
20261005,12:00:50,49602.52,44455.05,26152.37,17116.06,123.7,1855.63,450.47,463.24,554.54,110.21,165.97,204.45,91.54,142.15,267.72,121.88,190.17,290.39,3170.63,1677.84,472.88,81.05,243.33,1047.91,386.93,236.27,290.34,438.1,208.38,101.19,3524.09,231.92,131.46,134.82,38.91,54.94,97.66,274.5
20261005,12:00:55,49604.85,44457.28,26151.88,17115.35,123.7,1855.63,450.47,463.24,554.58,110.21,165.97,204.47,91.53,142.15,267.72,121.88,190.17,290.41,3170.83,1678.01,472.88,81.05,243.33,1047.88,386.94,236.27,290.33,438.09,208.38,101.19,3524.13,231.92,131.46,134.82,38.91,54.94,97.66,274.2
20261005,12:01:00,49645.24,44496.62,26156.76,17120.96,123.7,1855.63,450.46,463.24,554.58,110.21,165.97,204.46,91.54,142.15,267.72,122.0,190.17,290.37,3173.86,1680.35,472.98,81.02,243.34,1047.42,386.94,236.27,290.64,438.09,208.39,101.19,3524.13,231.92,132.06,134.82,38.91,54.94,97.66,274.24
20261005,12:01:05,49646.4,44497.74,26152.96,17116.55,123.83,1855.63,450.46,463.36,554.58,110.14,165.96,204.41,91.54,142.36,267.72,122.0,190.17,290.4,3174.06,1680.45,472.89,81.06,243.34,1047.98,386.94,236.27,290.33,438.01,208.39,101.19,3524.14,231.92,131.46,134.82,38.91,54.94,97.66,274.24
20261005,12:01:10,49641.47,44493.12,26151.79,17115.8,123.7,1855.63,450.46,463.36,554.58,110.14,165.96,204.41,91.54,142.15,267.72,122.0,190.17,290.4,3173.7,1680.19,473.04,81.06,243.27,1047.88,386.94,236.13,290.32,438.01,208.39,101.19,3523.98,231.92,131.46,134.79,38.91,54.94,97.66,274.24
20261005,12:01:15,49640.6,44492.27,26151.11,17115.02,123.7,1855.63,450.46,463.36,554.58,110.14,165.95,204.41,91.53,142.15,267.72,121.88,190.17,290.4,3173.65,1680.25,473.1,81.06,243.27,1047.51,386.94,236.13,290.33,437.98,208.41,101.19,3523.98,231.92,131.46,134.79,38.91,54.94,97.66,274.25
20261005,12:01:20,49641.09,44492.42,26152.01,17114.97,123.7,1855.63,450.46,463.36,554.58,110.14,165.95,204.43,91.53,142.15,267.72,121.88,190.17,290.4,3173.67,1680.19,473.29,81.08,243.27,1047.51,386.94,236.13,290.33,437.92,208.41,101.19,3524.28,231.92,131.46,134.79,38.91,54.94,97.66,274.25
20261005,12:01:25,49611.62,44463.07,26159.18,17121.05,123.7,1855.63,450.46,463.36,554.57,110.21,165.95,204.44,91.53,142.15,267.72,122.0,190.17,290.4,3171.15,1678.0,473.19,81.08,243.27,1048.37,386.94,236.13,290.33,437.97,208.41,101.19,3524.87,231.92,132.06,134.79,38.92,54.94,97.66,274.29
20261005,12:01:30,49615.65,44466.99,26156.26,17117.68,123.7,1855.63,450.46,463.61,554.57,110.21,165.95,204.42,91.53,142.15,267.72,122.0,190.17,290.38,3171.55,1678.07,473.38,81.08,243.27,1048.88,386.96,236.14,290.33,437.97,208.54,101.19,3524.87,231.92,131.46,134.8,38.92,54.94,97.66,274.29
20261005,12:01:35,49609.47,44463.02,26153.13,17120.96,123.7,1855.86,450.37,463.61,554.53,110.21,165.94,204.43,91.52,142.15,267.72,121.88,190.17,290.38,3171.15,1677.94,473.39,81.06,243.27,1048.35,386.96,236.14,290.33,437.97,208.54,101.18,3523.0,231.92,132.06,134.8,38.92,54.94,97.66,274.33
20261005,12:01:40,49650.84,44501.55,26154.6,17116.71,123.83,1855.86,450.37,463.49,554.53,110.21,165.93,204.41,91.52,142.36,267.72,121.88,190.17,290.37,3174.36,1680.47,473.35,81.07,243.27,1048.21,386.96,236.14,290.33,437.97,208.55,101.18,3524.61,231.92,131.46,134.8,38.92,54.94,97.66,274.33
20261005,12:01:45,49609.99,44462.26,26153.12,17116.69,123.83,1855.86,450.46,463.49,554.53,110.21,165.94,204.45,91.52,142.15,267.72,121.88,190.17,290.37,3171.19,1678.07,473.0,81.06,243.28,1048.45,386.96,236.14,290.33,437.97,208.52,101.18,3524.15,231.92,131.46,134.8,38.92,54.94,97.66,274.28
20261005,12:01:50,49608.94,44461.07,26159.32,17123.28,123.83,1855.86,450.46,463.49,554.43,110.21,165.94,204.43,91.52,142.15,267.72,122.0,190.14,290.36,3170.94,1677.88,472.88,81.05,243.26,1048.59,386.96,236.14,290.33,438.0,208.55,101.18,3524.3,231.92,132.06,134.8,38.92,54.97,97.66,274.58
20261005,12:01:55,49608.13,44460.77,26156.99,17122.24,123.83,1855.86,450.46,463.49,554.39,110.21,165.94,204.43,91.52,142.15,267.72,121.88,190.14,290.36,3170.94,1677.87,472.88,81.07,243.26,1048.59,386.96,236.14,290.33,438.0,208.55,101.18,3523.86,231.92,132.06,134.76,38.92,54.97,97.66,274.57
20261005,12:02:00,49609.93,44462.52,26157.18,17122.46,123.83,1855.86,450.46,463.49,554.39,110.21,165.94,204.43,91.52,142.36,267.72,121.88,190.14,290.36,3171.08,1677.91,473.01,81.09,243.26,1048.61,386.96,236.14,290.34,437.96,208.55,101.18,3523.86,231.92,132.06,134.76,38.92,54.97,97.66,274.57
20261005,12:02:05,49609.81,44462.82,26151.05,17116.8,123.83,1855.86,450.46,463.49,554.17,110.21,165.93,204.41,91.52,142.36,267.67,121.88,190.14,290.36,3171.24,1677.95,473.23,81.07,243.26,1048.69,386.96,236.14,290.34,437.96,208.55,101.18,3523.48,231.92,131.45,134.76,38.92,54.97,97.66,274.57
20261005,12:02:10,49649.44,44501.54,26150.18,17116.12,123.83,1855.76,450.46,463.49,554.07,110.21,165.94,204.44,91.51,142.36,267.67,122.0,190.14,290.35,3174.37,1680.38,473.27,81.09,243.26,1048.7,386.96,236.14,290.23,437.96,208.44,101.18,3523.39,231.92,131.45,134.76,38.92,54.97,97.66,274.57
20261005,12:02:15,49646.23,44498.59,26149.19,17115.58,123.83,1856.23,450.37,463.49,554.07,110.21,165.93,204.4,91.51,142.36,267.67,122.0,190.14,290.36,3174.15,1680.26,473.08,81.09,243.26,1048.73,386.97,236.14,290.23,437.95,208.44,101.18,3523.23,231.95,131.45,134.76,38.92,54.97,97.66,274.57
20261005,12:02:20,49649.11,44501.43,26151.21,17118.02,123.83,1856.23,450.37,463.47,554.07,110.21,165.93,204.4,91.52,142.36,267.67,121.88,190.14,290.31,3174.32,1680.29,473.18,81.1,243.26,1048.93,386.97,236.14,290.23,437.95,208.29,101.17,3523.2,231.95,132.05,134.76,38.92,54.97,97.66,274.57
20261005,12:02:25,49609.93,44462.6,26154.12,17119.17,123.83,1856.23,450.37,463.47,554.07,110.13,165.93,204.4,91.52,142.36,267.67,121.86,190.14,290.31,3171.16,1677.87,473.24,81.1,243.26,1048.94,386.89,236.14,290.14,437.95,208.44,101.17,3523.79,231.95,132.06,134.76,38.92,54.97,97.66,274.57
20261005,12:02:30,49648.79,44500.63,26153.16,17118.64,123.7,1856.23,450.37,463.47,554.07,110.13,165.93,204.41,91.52,142.36,267.67,121.87,190.14,290.31,3174.24,1680.23,473.13,81.09,243.26,1049.13,386.89,236.14,290.14,437.9,208.42,101.17,3523.64,231.95,132.06,134.77,38.92,54.97,97.66,274.57
20261005,12:02:35,49649.61,44501.25,26152.96,17117.82,123.7,1854.81,450.37,463.47,554.07,110.13,165.93,204.43,91.51,142.15,267.67,121.87,190.19,290.31,3174.31,1680.24,473.24,81.09,243.26,1049.13,386.92,236.14,290.15,437.9,208.42,101.17,3523.8,231.95,132.06,134.77,38.92,54.97,97.66,274.57
20261005,12:02:40,49649.7,44501.41,26153.41,17118.58,123.83,1854.81,450.38,463.47,554.1,110.13,165.92,204.38,91.51,142.15,267.67,121.87,190.19,290.32,3174.3,1680.34,473.35,81.09,243.01,1048.92,386.92,236.14,290.15,437.9,208.45,101.17,3523.73,231.95,132.06,134.77,38.92,54.97,97.66,274.57
20261005,12:02:45,49645.98,44498.16,26148.21,17113.85,123.83,1854.81,450.38,463.47,554.1,110.13,165.95,204.4,91.53,142.15,267.67,121.87,190.19,290.31,3174.16,1680.23,473.32,81.08,243.01,1048.95,386.92,236.14,290.16,437.88,208.45,101.17,3523.39,231.95,131.46,134.72,38.92,54.96,97.66,274.57
20261005,12:02:50,49645.0,44497.32,26148.01,17113.98,123.83,1854.81,450.38,463.47,554.1,110.13,165.95,204.4,91.53,142.15,267.67,121.89,190.19,290.33,3174.09,1680.01,473.16,81.1,243.26,1049.38,386.92,236.14,290.14,437.88,208.45,101.17,3523.29,231.95,131.46,134.72,38.92,54.96,97.66,274.57
20261005,12:02:55,49645.29,44496.74,26150.59,17114.1,123.83,1854.81,450.38,463.47,554.1,110.13,165.95,204.39,91.53,142.15,267.67,121.89,190.19,290.35,3174.04,1680.07,472.85,81.1,243.26,1049.41,386.92,236.14,290.14,437.92,208.45,101.17,3524.07,231.95,131.46,134.72,38.92,54.96,97.66,274.57
20261005,12:03:00,49642.79,44495.84,26146.22,17114.17,123.83,1854.81,450.38,463.47,554.1,110.13,165.94,204.4,91.53,142.15,267.67,121.89,190.19,290.35,3173.96,1679.95,472.85,81.11,243.26,1049.55,386.92,236.14,290.15,437.92,208.47,101.17,3522.68,231.95,131.46,134.72,38.92,54.96,97.66,274.57
20261005,12:03:05,49605.46,44457.6,26151.37,17113.84,123.7,1856.23,450.38,463.47,554.1,110.13,165.92,204.37,91.51,142.14,267.67,121.89,190.19,290.35,3170.89,1677.55,473.1,81.1,243.26,1049.04,386.92,236.14,290.42,437.92,208.45,101.17,3524.38,231.95,131.46,134.72,38.92,54.96,97.66,274.52
20261005,12:03:10,49648.03,44499.08,26155.14,17118.22,123.7,1856.23,450.29,463.73,554.12,110.13,165.92,204.4,91.51,142.14,267.67,121.89,190.19,290.35,3174.13,1680.1,472.93,81.11,243.26,1049.06,386.92,236.14,290.42,437.98,208.43,101.17,3524.37,231.95,132.06,134.72,38.92,54.98,97.66,274.5
20261005,12:03:15,49644.41,44496.74,26147.42,17113.3,123.7,1856.23,450.29,463.76,554.1,110.13,165.92,204.39,91.51,142.14,267.67,121.89,190.19,290.35,3174.05,1680.09,472.94,81.1,243.26,1049.33,386.92,236.14,290.11,437.98,208.43,101.17,3523.29,231.95,131.46,134.67,38.92,54.98,97.66,274.5
20261005,12:03:20,49645.76,44497.88,26148.96,17114.47,123.83,1856.23,450.29,463.51,554.1,110.13,165.92,204.39,91.51,142.14,267.67,121.9,190.15,290.35,3174.12,1680.11,472.9,81.11,243.28,1049.42,386.92,236.14,290.11,437.98,208.54,101.17,3523.46,231.92,131.46,134.67,38.92,54.98,97.66,274.5
20261005,12:03:25,49645.27,44497.25,26149.16,17114.21,123.83,1855.86,450.29,463.51,554.14,110.13,165.92,204.39,91.51,142.14,267.67,121.9,190.01,290.35,3174.07,1680.05,472.89,81.11,243.47,1049.3,387.15,236.15,290.11,437.93,208.54,101.17,3523.59,231.92,131.46,134.67,38.92,54.98,97.67,274.5
20261005,12:03:30,49649.85,44501.72,26149.07,17114.1,123.83,1855.86,450.29,463.51,554.14,110.13,165.92,204.39,91.51,142.14,267.67,121.9,190.01,290.34,3174.44,1680.29,472.99,81.09,243.47,1049.35,387.15,236.14,290.11,437.93,208.54,101.17,3523.59,231.92,131.46,134.7,38.92,54.96,97.67,274.5
20261005,12:03:35,49651.49,44503.3,26147.69,17112.47,123.7,1855.86,450.28,463.63,554.15,110.13,165.91,204.39,91.51,142.14,267.67,121.89,190.01,290.35,3174.6,1680.19,472.99,81.09,243.47,1049.65,387.17,236.14,290.42,437.94,208.39,101.17,3523.6,231.95,131.46,134.7,38.92,54.96,97.67,274.5
20261005,12:03:40,49644.83,44496.72,26150.16,17115.0,123.83,1855.86,450.37,463.63,554.38,110.13,165.92,204.39,91.51,142.14,267.67,122.01,190.01,290.35,3174.01,1680.14,472.93,81.09,243.47,1048.89,387.15,236.14,290.11,437.94,208.39,101.17,3523.69,231.95,131.46,134.7,38.92,54.96,97.67,274.5
20261005,12:03:45,49644.65,44497.62,26146.08,17113.92,123.83,1855.86,450.37,463.63,554.34,110.13,165.92,204.42,91.51,142.14,267.55,121.89,190.04,290.35,3174.11,1680.25,472.91,81.09,243.29,1048.95,387.17,236.14,290.1,437.94,208.37,101.17,3522.71,231.95,131.46,134.7,38.92,54.96,97.67,274.5
20261005,12:03:50,49604.68,44458.71,26145.23,17113.06,123.83,1854.44,450.37,463.42,554.32,110.13,165.93,204.44,91.51,142.14,267.55,121.89,190.0,290.35,3171.0,1677.86,472.91,81.07,243.29,1048.97,387.17,236.14,290.1,437.93,208.37,101.17,3522.68,231.95,131.46,134.7,38.92,54.96,97.67,274.5
20261005,12:03:55,49649.13,44502.84,26142.63,17112.84,123.64,1854.44,450.37,463.42,554.31,110.13,165.93,204.44,91.51,142.14,267.55,122.01,190.0,290.35,3174.56,1680.41,473.05,81.09,243.29,1048.98,387.17,236.14,290.41,437.96,208.41,101.17,3521.92,231.95,131.46,134.71,38.92,54.96,97.67,274.2
20261005,12:04:00,49651.23,44504.26,26148.95,17117.98,123.77,1854.44,450.37,463.55,554.31,110.13,165.92,204.41,91.5,142.35,267.55,122.01,189.96,290.35,3174.55,1680.29,473.06,81.09,243.17,1049.42,387.17,236.14,290.41,437.97,208.37,101.17,3522.5,231.95,132.06,134.71,38.92,54.96,97.68,274.2
20261005,12:04:05,49647.97,44501.26,26144.2,17113.11,123.77,1854.44,450.37,463.54,554.23,110.13,165.92,204.41,91.5,142.35,267.55,122.01,190.11,290.35,3174.42,1680.27,473.28,81.11,243.17,1049.4,387.17,236.14,290.06,437.97,208.37,101.17,3522.34,231.95,131.46,134.71,38.92,54.96,97.68,274.2
20261005,12:04:10,49642.55,44498.75,26136.3,17113.3,123.77,1855.86,450.37,463.54,554.22,110.13,165.91,204.36,91.5,142.14,267.55,121.89,190.11,290.35,3174.22,1680.2,472.97,81.1,243.29,1049.35,387.17,236.14,290.06,437.97,208.36,101.17,3519.82,231.95,131.46,134.71,38.92,54.96,97.68,274.54
20261005,12:04:15,49645.16,44501.66,26136.68,17114.99,123.77,1855.86,450.37,463.54,554.22,110.13,165.91,204.38,91.5,142.14,267.55,121.87,190.11,290.35,3174.41,1680.17,472.99,81.1,243.29,1049.41,387.17,236.14,290.41,438.01,208.53,101.17,3519.48,231.95,131.46,134.71,38.92,54.96,97.68,274.54
20261005,12:04:20,49644.22,44500.53,26137.45,17115.15,123.64,1855.86,450.37,463.54,554.24,110.13,165.92,204.41,91.5,142.14,267.55,122.0,190.11,290.35,3174.32,1680.18,472.82,81.11,243.34,1049.31,387.09,236.14,290.4,438.01,208.53,101.16,3519.68,231.95,131.46,134.68,38.92,54.96,97.59,274.52
20261005,12:04:25,49606.31,44463.29,26141.75,17119.07,123.64,1855.86,450.37,463.62,554.24,110.14,165.93,204.42,91.52,142.14,267.73,122.0,190.11,290.36,3171.22,1677.76,472.82,81.12,243.36,1049.4,387.07,236.14,290.36,437.9,208.41,101.16,3519.95,231.95,132.06,134.68,38.92,54.96,97.59,274.54
20261005,12:04:30,49607.59,44465.13,26140.46,17119.59,123.77,1855.86,450.36,463.62,554.24,110.14,165.94,204.43,91.52,142.14,267.73,122.0,190.11,290.36,3171.36,1677.72,472.93,81.1,243.37,1050.13,387.07,236.14,290.07,437.91,208.41,101.16,3519.41,231.95,132.06,134.68,38.92,54.96,97.59,274.56
20261005,12:04:35,49614.13,44468.92,26149.22,17121.02,123.77,1855.86,450.36,463.63,554.26,110.13,165.94,204.43,91.52,142.35,267.73,122.0,189.96,290.35,3171.63,1677.75,472.92,81.13,243.49,1050.13,387.07,236.14,290.39,437.96,208.53,101.16,3521.76,231.95,132.06,134.71,38.92,54.96,97.59,274.56
20261005,12:04:40,49649.01,44505.01,26138.41,17115.65,123.77,1855.86,450.36,463.75,554.25,110.13,165.94,204.43,91.52,142.35,267.73,121.88,189.96,290.35,3174.66,1680.23,472.94,81.13,243.52,1049.67,387.06,236.14,290.39,437.96,208.53,101.16,3519.84,231.99,131.46,134.71,38.92,54.96,97.59,274.58
20261005,12:04:45,49615.99,44472.23,26139.24,17114.53,123.77,1855.86,450.36,463.75,554.24,110.13,165.94,204.43,91.52,142.35,267.73,121.87,189.96,290.33,3172.05,1678.1,473.13,81.14,243.52,1049.8,387.0,236.16,290.39,437.96,208.41,101.16,3520.4,231.99,131.46,134.71,38.92,54.96,97.59,274.59
20261005,12:04:50,49615.64,44473.05,26140.45,17119.82,123.77,1855.86,450.36,463.75,554.21,110.13,166.14,204.43,91.68,142.14,267.73,121.87,189.96,290.4,3171.99,1678.1,473.04,81.14,243.52,1049.68,387.32,236.16,290.39,437.96,208.26,101.16,3519.34,231.99,132.06,134.71,38.92,54.97,97.59,274.59
20261005,12:04:55,49611.46,44468.33,26142.64,17120.17,123.77,1855.86,450.36,463.75,554.21,110.13,166.14,204.44,91.68,142.14,267.73,121.87,189.96,290.39,3171.6,1677.84,472.98,81.11,243.52,1049.68,387.32,236.16,290.39,437.97,208.3,101.16,3519.94,231.99,132.06,134.72,38.92,54.97,97.59,274.58
20261005,12:05:00,49648.8,44504.71,26138.28,17115.13,123.77,1855.86,450.28,463.75,554.3,110.13,166.14,204.44,91.68,142.14,267.73,121.87,189.96,290.41,3174.65,1680.28,473.03,81.1,243.53,1049.78,387.32,236.16,290.08,437.96,208.31,101.16,3519.94,232.02,131.46,134.73,38.92,54.96,97.59,274.56
20261005,12:05:05,49651.35,44505.53,26143.72,17115.82,123.77,1855.86,450.37,464.0,554.23,110.13,166.15,204.47,91.68,142.14,267.73,121.87,189.96,290.43,3174.7,1680.34,473.03,81.12,243.41,1049.79,387.32,236.15,290.07,437.96,208.31,101.16,3521.45,232.02,131.46,134.71,38.92,54.96,97.59,274.55
20261005,12:05:10,49650.48,44504.52,26145.32,17117.14,123.77,1855.86,450.37,464.0,554.24,110.13,166.15,204.5,91.68,142.35,267.73,121.99,190.0,290.43,3174.59,1680.23,473.04,81.13,243.41,1049.89,387.07,236.15,290.07,438.01,208.31,101.16,3521.59,232.02,131.46,134.71,38.92,54.96,97.58,274.55
20261005,12:05:15,49649.56,44503.21,26145.46,17115.93,123.77,1855.86,450.37,463.88,554.24,110.13,166.16,204.51,91.68,142.35,267.73,121.87,190.0,290.42,3174.51,1679.99,473.29,81.12,243.41,1050.21,387.07,236.15,290.07,437.97,208.31,101.16,3521.97,232.02,131.46,134.71,38.83,54.95,97.58,274.55
20261005,12:05:20,49607.39,44464.38,26139.96,17117.15,123.64,1855.86,450.37,464.13,554.21,110.15,166.15,204.48,91.68,142.35,267.73,121.87,190.0,290.42,3171.35,1677.72,473.3,81.14,243.41,1049.64,387.13,236.15,290.08,437.99,208.46,101.16,3519.92,232.02,131.46,134.71,38.83,54.95,97.58,274.55
20261005,12:05:25,49609.04,44466.41,26138.52,17116.9,123.64,1855.86,450.37,463.87,554.22,110.15,166.16,204.52,91.68,142.35,267.73,121.87,190.0,290.42,3171.52,1677.72,473.05,81.14,243.53,1050.2,387.13,236.15,290.08,437.99,208.46,101.16,3519.54,231.96,131.46,134.71,38.83,54.95,97.58,274.55
20261005,12:05:30,49650.54,44504.9,26146.94,17120.1,123.64,1855.86,450.37,463.76,554.22,110.15,166.16,204.53,91.68,142.35,267.73,121.85,190.0,290.42,3174.55,1679.97,472.9,81.13,243.5,1050.2,387.13,236.15,290.41,438.01,208.43,101.17,3521.3,231.96,132.06,134.71,38.83,54.95,97.58,274.2
20261005,12:05:35,49649.97,44503.89,26148.31,17120.11,123.64,1854.44,450.37,463.76,554.22,110.15,166.17,204.56,91.68,142.35,267.73,121.85,190.0,290.42,3174.47,1680.08,472.9,81.13,243.5,1050.09,387.13,236.16,290.09,437.99,208.46,101.17,3521.72,231.96,132.06,134.71,38.83,54.95,97.58,274.25
20261005,12:05:40,49611.76,44467.05,26147.01,17119.95,123.64,1854.44,450.37,463.76,554.19,110.15,166.17,204.56,91.68,142.35,267.73,121.85,190.0,290.42,3171.5,1677.77,473.0,81.11,243.5,1050.09,387.11,236.16,290.09,437.99,208.46,101.17,3521.36,231.96,132.06,134.72,38.83,54.95,97.59,274.23
20261005,12:05:45,49614.71,44469.71,26147.54,17119.82,123.64,1854.44,450.37,463.76,554.22,110.13,166.16,204.55,91.68,142.35,267.73,121.85,190.0,290.39,3171.72,1677.69,472.84,81.11,243.5,1050.62,387.18,236.16,290.4,437.95,208.46,101.17,3521.56,231.96,132.06,134.72,38.83,54.95,97.59,274.23
20261005,12:05:50,49654.34,44508.61,26146.13,17119.17,123.64,1854.44,450.28,463.76,554.22,110.15,166.16,204.52,91.68,142.35,267.73,121.85,190.0,290.39,3174.87,1680.1,472.83,81.12,243.5,1050.67,387.18,236.16,290.4,437.95,208.46,101.17,3521.3,231.96,132.06,134.72,38.83,54.95,97.59,274.23
20261005,12:05:55,49652.03,44506.3,26146.6,17119.52,123.64,1854.44,450.28,463.76,554.24,110.23,166.16,204.53,91.68,142.35,267.73,121.85,190.0,290.4,3174.68,1680.18,472.83,81.09,243.32,1050.17,387.28,236.16,290.4,437.95,208.46,101.17,3521.35,231.96,132.06,134.72,38.83,54.95,97.59,274.23
20261005,12:06:00,49656.79,44510.99,26142.24,17114.7,123.64,1854.44,450.37,463.76,554.24,110.23,166.15,204.49,91.68,142.35,267.73,121.98,190.0,290.4,3175.17,1680.4,473.08,81.07,243.32,1050.82,387.28,236.15,290.08,437.95,208.32,101.17,3521.3,231.96,131.46,134.72,38.83,54.95,97.59,274.23
20261005,12:06:05,49655.18,44508.49,26147.72,17117.86,123.77,1854.44,450.36,463.76,554.26,110.24,166.15,204.49,91.68,142.35,267.73,121.98,190.0,290.4,3174.89,1680.21,472.98,81.09,243.3,1050.83,387.25,236.15,290.09,438.01,208.58,101.17,3522.15,231.96,131.46,134.75,38.83,54.96,97.59,274.23
20261005,12:06:10,49617.08,44471.69,26150.27,17121.88,123.77,1854.44,450.36,463.76,554.26,110.24,166.16,204.47,91.69,142.35,267.73,121.85,190.0,290.4,3171.83,1677.86,472.97,81.09,243.3,1050.37,387.5,236.14,290.41,438.01,208.58,101.17,3521.86,231.96,132.06,134.75,38.83,54.94,97.59,274.23
20261005,12:06:15,49620.97,44475.74,26149.1,17121.38,123.77,1854.44,450.36,463.76,554.26,110.24,166.16,204.47,91.69,142.35,267.73,121.99,190.0,290.39,3172.17,1678.01,473.18,81.08,243.48,1050.35,387.53,236.14,290.41,438.01,208.43,101.17,3521.63,231.96,132.06,134.73,38.83,54.96,97.59,274.22
20261005,12:06:20,49668.42,44522.23,26148.94,17122.08,123.77,1854.44,450.45,464.01,554.25,110.24,166.16,204.45,91.69,142.35,267.73,121.87,190.0,290.39,3175.9,1680.66,473.3,81.08,243.5,1050.88,387.63,236.14,290.41,438.11,208.47,101.17,3521.38,231.96,132.06,134.75,38.83,54.96,97.59,274.23
20261005,12:06:25,49661.78,44516.0,26147.47,17121.2,123.64,1854.44,450.45,464.01,554.23,110.24,166.13,204.42,91.68,142.14,267.73,121.86,189.96,290.4,3175.42,1680.51,473.08,81.08,243.52,1050.81,387.63,236.14,290.1,438.11,208.48,101.17,3521.17,231.96,132.06,134.74,38.83,54.96,97.59,274.26
20261005,12:06:30,49663.42,44516.97,26149.91,17121.89,123.77,1854.44,450.45,464.01,554.19,110.24,166.16,204.52,91.68,142.35,267.73,121.86,189.96,290.4,3175.48,1680.58,473.16,81.05,243.5,1050.75,387.61,236.14,290.1,438.1,208.47,101.17,3521.74,231.96,132.06,134.74,38.83,54.96,97.59,274.26
20261005,12:06:35,49622.31,44477.5,26147.9,17121.52,123.77,1854.44,450.45,463.87,554.14,110.24,166.15,204.48,91.68,142.35,267.73,121.86,189.96,290.4,3172.31,1678.11,472.93,81.09,243.49,1050.96,387.61,236.14,290.12,438.1,208.46,101.17,3521.21,231.96,132.06,134.74,38.83,54.96,97.58,274.31
20261005,12:06:40,49619.19,44476.86,26137.31,17117.41,123.64,1854.44,450.44,463.87,554.14,110.23,166.16,204.52,91.68,142.35,267.73,121.86,190.01,290.39,3172.35,1678.1,472.95,81.09,243.49,1050.68,387.61,236.14,290.43,438.1,208.57,101.17,3519.02,231.96,131.46,134.72,38.83,54.96,97.58,274.3
20261005,12:06:45,49624.07,44482.29,26135.35,17117.39,123.64,1854.44,450.44,463.9,554.13,110.23,166.15,204.46,91.68,142.35,267.73,121.86,190.01,290.41,3172.79,1678.32,473.16,81.13,243.48,1050.75,387.59,236.14,290.43,438.1,208.58,101.17,3518.41,231.96,131.46,134.72,38.83,54.96,97.58,274.3
20261005,12:06:50,49621.39,44481.54,26130.31,17117.83,123.77,1854.44,450.44,463.9,554.12,110.22,166.16,204.51,91.68,142.35,267.73,121.85,190.15,290.4,3172.72,1678.27,473.19,81.13,243.48,1050.73,387.45,236.14,290.43,438.09,208.58,101.17,3516.72,231.96,131.46,134.69,38.83,54.96,97.58,274.3
20261005,12:06:55,49622.77,44480.96,26135.02,17116.8,123.64,1854.44,450.44,463.9,554.12,110.22,166.16,204.51,91.68,142.35,267.73,121.85,190.15,290.39,3172.7,1678.32,473.22,81.13,243.48,1050.56,387.23,236.14,290.42,438.1,208.51,101.17,3518.47,231.96,131.46,134.69,38.83,54.96,97.58,274.3
20261005,12:07:00,49623.55,44481.32,26141.53,17122.94,123.64,1854.44,450.44,463.9,554.19,110.21,166.18,204.58,91.68,142.35,267.73,121.85,190.15,290.39,3172.58,1678.2,473.33,81.12,243.48,1050.54,387.23,236.14,290.42,438.1,208.61,101.17,3518.84,231.96,132.06,134.69,38.83,54.96,97.58,274.3
20261005,12:07:05,49620.35,44478.51,26140.64,17122.96,123.77,1854.44,450.44,463.9,554.19,110.21,166.18,204.6,91.68,142.35,267.73,121.86,190.15,290.37,3172.35,1678.18,473.31,81.13,243.46,1050.08,387.23,236.15,290.42,438.1,208.58,101.17,3518.55,231.96,132.06,134.68,38.83,54.96,97.58,274.3
20261005,12:07:10,49614.9,44473.42,26141.05,17124.16,123.77,1855.86,450.44,463.79,554.16,110.21,166.19,204.62,91.68,142.35,267.73,121.98,190.15,290.41,3171.91,1677.98,473.31,81.12,243.46,1050.08,387.23,236.15,290.11,438.06,208.58,101.17,3518.35,231.96,132.06,134.68,38.83,54.96,97.58,274.3
20261005,12:07:15,49611.59,44469.98,26139.76,17121.96,123.64,1854.44,450.44,463.79,554.2,110.21,166.17,204.54,91.68,142.35,267.73,121.86,190.11,290.4,3171.69,1677.88,473.3,81.11,243.46,1049.89,387.23,236.15,290.11,438.01,208.58,101.17,3518.55,231.96,132.06,134.68,38.83,54.96,97.58,274.25
20261005,12:07:20,49646.97,44506.11,26135.83,17122.99,123.83,1854.44,450.36,463.79,554.2,110.21,166.17,204.54,91.68,142.35,267.73,121.86,190.11,290.4,3174.58,1680.41,473.28,81.11,243.46,1048.99,387.23,236.15,290.1,438.06,208.58,101.17,3517.04,231.96,132.06,134.68,38.88,54.96,97.58,274.55
20261005,12:07:25,49650.29,44507.68,26141.18,17123.58,123.83,1854.44,450.36,463.71,554.18,110.21,166.16,204.52,91.68,142.35,267.73,121.98,190.11,290.4,3174.69,1680.51,473.27,81.1,243.47,1048.98,387.23,236.15,290.1,438.06,208.58,101.17,3518.55,231.96,132.06,134.68,38.85,54.96,97.58,274.55
20261005,12:07:30,49651.04,44508.97,26138.04,17121.85,123.83,1853.02,450.45,463.84,554.2,110.21,166.17,204.53,91.68,142.34,267.73,121.98,190.11,290.4,3174.83,1680.52,473.17,81.11,243.46,1049.0,387.23,236.15,290.41,438.06,208.37,101.17,3518.04,231.96,132.06,134.68,38.85,54.96,97.58,274.55
20261005,12:07:35,49651.53,44510.37,26134.0,17120.31,123.83,1853.02,450.45,463.91,554.2,110.21,166.17,204.54,91.68,142.34,267.73,121.88,190.11,290.4,3174.98,1680.42,473.3,81.11,243.46,1049.91,387.23,236.15,290.11,438.07,208.37,101.17,3517.2,231.96,132.06,134.68,38.85,54.94,97.58,274.25
20261005,12:07:40,49649.01,44507.85,26134.72,17120.91,123.83,1853.02,450.45,463.91,554.2,110.21,166.17,204.54,91.68,142.13,267.73,122.0,190.14,290.43,3174.77,1680.41,473.18,81.1,243.47,1049.67,387.23,236.15,290.01,438.07,208.37,101.17,3517.26,231.96,132.06,134.68,38.85,54.94,97.58,274.25
20261005,12:07:45,49643.37,44503.99,26130.99,17122.06,123.83,1853.02,450.36,464.03,554.13,110.21,166.17,204.54,91.68,142.34,267.73,121.98,190.14,290.43,3174.43,1680.22,473.16,81.12,243.5,1049.39,387.23,236.15,290.01,438.07,208.54,101.17,3515.78,231.96,132.06,134.68,38.85,54.95,97.58,274.25
20261005,12:07:50,49640.49,44500.98,26131.52,17122.01,123.83,1853.02,450.36,463.77,554.13,110.21,166.16,204.54,91.67,142.34,267.73,121.99,190.14,290.43,3174.19,1680.08,472.95,81.04,243.5,1049.24,387.23,236.15,290.32,438.07,208.54,101.17,3515.96,231.96,132.06,134.68,38.85,54.99,97.58,274.23
20261005,12:07:55,49629.85,44490.65,26127.24,17117.22,123.83,1853.31,450.44,463.77,554.13,110.13,166.16,204.54,91.67,142.34,267.73,121.99,190.14,290.36,3173.47,1679.69,472.95,81.04,243.5,1049.16,387.25,236.14,289.99,438.07,208.51,101.17,3515.92,231.96,131.46,134.68,38.85,54.99,97.58,274.23
20261005,12:08:00,49627.86,44489.86,26127.36,17121.19,123.83,1853.31,450.44,463.85,554.13,110.13,166.15,204.52,91.67,142.34,267.73,121.89,190.0,290.36,3173.31,1679.59,473.03,81.04,243.26,1049.22,387.26,236.14,289.99,438.0,208.51,101.17,3514.88,231.96,132.06,134.7,38.85,54.99,97.58,274.23
20261005,12:08:05,49628.31,44488.45,26133.33,17121.88,123.83,1853.31,450.44,463.97,554.13,110.15,166.14,204.52,91.66,142.33,267.73,122.01,190.0,290.36,3173.18,1679.57,472.96,81.02,243.26,1049.14,386.93,236.14,289.98,438.04,208.52,101.17,3516.56,231.96,132.06,134.7,38.85,54.99,97.58,274.15
20261005,12:08:10,49630.44,44490.96,26131.02,17120.68,123.83,1853.31,450.44,463.97,554.13,110.14,166.14,204.53,91.66,142.33,267.73,122.01,190.0,290.36,3173.41,1679.6,472.75,80.99,243.26,1049.48,386.68,236.14,290.29,438.04,208.4,101.17,3516.16,231.93,132.06,134.7,38.84,54.99,97.58,274.15
20261005,12:08:15,49620.07,44480.76,26129.85,17118.99,123.7,1853.31,450.44,463.97,554.14,110.13,166.13,204.49,91.66,142.33,267.73,121.89,190.0,290.36,3172.63,1679.26,472.57,81.02,243.26,1048.85,386.61,236.14,290.29,438.04,208.39,101.17,3516.26,231.93,132.06,134.65,38.84,54.97,97.58,274.15
20261005,12:08:20,49625.71,44484.26,26135.55,17118.85,123.83,1853.31,450.36,463.97,554.14,110.12,166.13,204.49,91.66,142.33,267.73,121.89,190.0,290.36,3172.92,1679.37,472.79,80.99,243.37,1048.84,386.61,236.14,290.34,438.04,208.39,101.17,3518.08,231.93,132.06,134.65,38.84,54.97,97.58,274.21
20261005,12:08:25,49582.51,44441.9,26136.93,17119.57,123.7,1854.73,450.44,463.97,554.06,110.12,166.14,204.54,91.66,142.34,267.73,121.89,190.0,290.36,3169.48,1676.88,472.69,81.02,243.37,1048.82,386.61,236.14,290.03,438.04,208.39,101.17,3518.31,231.93,132.06,134.65,38.84,54.97,97.58,274.21
20261005,12:08:30,49629.17,44487.47,26137.78,17120.93,123.7,1854.73,450.44,463.97,554.06,110.12,166.12,204.46,91.66,142.34,267.73,121.87,190.14,290.36,3173.12,1679.59,472.6,81.02,243.36,1048.8,386.61,236.14,290.36,438.04,208.54,101.17,3518.21,231.89,132.06,134.68,38.84,54.97,97.58,274.21
20261005,12:08:35,49584.92,44443.85,26139.9,17121.65,123.83,1853.31,450.44,463.97,554.12,110.12,166.12,204.45,91.66,142.34,267.73,121.99,190.14,290.33,3169.59,1676.94,472.72,81.02,243.36,1048.84,386.61,236.14,290.05,438.0,208.56,101.17,3518.68,231.89,132.06,134.68,38.84,54.97,97.58,274.21
20261005,12:08:40,49582.97,44442.41,26137.9,17120.86,123.83,1853.2,450.44,463.97,554.12,110.12,166.12,204.46,91.66,142.33,267.73,121.87,190.14,290.33,3169.49,1676.91,472.58,81.03,243.36,1048.84,386.61,236.14,290.05,438.0,208.56,101.17,3518.27,231.89,132.06,134.68,38.84,54.97,97.58,274.21
20261005,12:08:45,49622.83,44480.93,26138.98,17121.05,123.83,1853.2,450.44,463.97,554.12,110.12,166.12,204.45,91.66,142.33,267.73,121.87,190.14,290.33,3172.59,1679.3,472.69,81.03,243.36,1048.74,386.62,236.14,290.05,438.02,208.56,101.17,3518.55,231.96,132.06,134.68,38.84,54.97,97.58,274.23
20261005,12:08:50,49622.12,44480.75,26137.48,17121.03,123.83,1853.17,450.44,463.97,554.12,110.12,166.12,204.45,91.66,142.33,267.73,121.87,190.14,290.33,3172.58,1679.16,472.48,81.03,243.36,1048.91,386.65,236.15,290.37,438.02,208.56,101.17,3518.09,231.96,132.06,134.68,38.84,54.97,97.58,274.23
20261005,12:08:55,49624.5,44483.03,26136.56,17119.86,123.83,1854.59,450.44,463.97,554.12,110.12,166.12,204.45,91.66,142.12,267.73,121.87,190.14,290.33,3172.79,1679.25,472.48,81.01,243.36,1049.19,386.65,236.15,290.37,438.02,208.41,101.17,3518.12,231.96,132.06,134.68,38.84,54.97,97.58,274.23
20261005,12:09:00,49621.52,44478.82,26140.06,17119.51,123.83,1853.17,450.44,463.98,554.12,110.12,166.11,204.41,91.66,142.12,267.73,121.87,190.14,290.38,3172.46,1679.16,472.57,81.03,243.36,1048.93,386.9,236.15,290.05,438.06,208.41,101.17,3519.31,231.96,132.06,134.68,38.84,54.97,97.58,274.27
20261005,12:09:05,49622.17,44479.68,26139.0,17119.08,123.83,1853.17,450.52,464.23,554.12,110.13,166.1,204.39,91.65,142.12,267.73,121.87,190.0,290.38,3172.54,1679.24,472.43,81.0,243.48,1048.94,386.88,236.16,290.06,438.06,208.3,101.17,3519.09,231.96,132.06,134.66,38.84,54.97,97.58,274.3
20261005,12:09:10,49580.93,44440.5,26136.21,17119.17,123.83,1853.17,450.43,463.98,554.15,110.13,166.11,204.45,91.65,142.12,267.73,121.87,190.0,290.38,3169.38,1676.83,472.43,81.0,243.48,1048.93,386.88,236.16,290.01,438.06,208.3,101.16,3518.2,231.96,132.06,134.66,38.84,54.97,97.58,274.57
20261005,12:09:15,49618.02,44474.35,26145.05,17121.7,123.82,1853.17,450.6,463.98,554.15,110.13,166.11,204.45,91.65,142.12,267.73,121.87,190.0,290.38,3172.05,1678.85,472.53,81.02,243.59,1048.78,386.83,236.16,290.01,438.06,208.45,101.16,3520.27,231.96,132.05,134.66,38.84,54.97,97.58,274.57
20261005,12:09:20,49619.58,44476.02,26144.43,17121.5,123.82,1853.17,450.6,463.98,554.15,110.13,166.11,204.42,91.66,142.12,267.73,121.87,190.0,290.41,3172.19,1679.13,472.43,81.0,243.7,1048.33,386.85,236.16,290.01,438.06,208.41,101.16,3520.13,231.96,132.05,134.67,38.84,54.97,97.58,274.57
20261005,12:09:25,49620.66,44477.4,26143.82,17121.92,123.76,1853.18,450.6,463.98,554.15,110.13,166.11,204.43,91.66,142.12,267.73,121.99,190.03,290.4,3172.29,1679.17,472.47,81.0,243.72,1048.38,386.86,236.16,290.01,438.06,208.4,101.16,3519.83,231.96,132.05,134.67,38.84,54.97,97.58,274.51
20261005,12:09:30,49619.48,44475.32,26146.65,17122.03,123.76,1853.18,450.6,463.98,554.15,110.13,166.12,204.45,91.66,142.12,267.73,122.01,190.0,290.38,3172.12,1678.97,472.57,81.04,243.69,1048.38,386.86,236.16,290.05,438.03,208.4,101.16,3520.68,231.96,132.05,134.69,38.84,54.97,97.58,274.52
20261005,12:09:35,49579.72,44436.88,26144.98,17121.1,123.83,1853.18,450.61,463.97,554.15,110.13,166.14,204.48,91.67,142.12,267.73,121.89,190.0,290.39,3169.04,1676.46,472.6,81.05,243.67,1048.77,386.85,236.16,290.05,437.97,208.43,101.16,3520.41,231.96,132.05,134.69,38.84,54.97,97.58,274.24
20261005,12:09:40,49617.74,44473.91,26140.79,17116.26,123.83,1853.18,450.61,463.97,554.15,110.13,166.14,204.49,91.67,142.12,267.61,121.89,190.0,290.39,3172.14,1678.86,472.6,81.04,243.69,1048.75,386.87,236.16,290.05,437.95,208.43,101.16,3520.42,231.96,131.45,134.69,38.84,54.97,97.58,274.25
20261005,12:09:45,49618.23,44474.14,26142.12,17116.94,123.83,1852.98,450.61,464.22,554.15,110.13,166.14,204.49,91.67,142.32,267.61,121.89,190.0,290.39,3172.15,1679.04,472.54,81.04,243.69,1048.13,386.87,236.16,290.14,438.01,208.44,101.16,3520.65,231.96,131.45,134.7,38.84,54.97,97.58,274.25
20261005,12:09:50,49617.17,44472.68,26142.1,17115.49,123.83,1852.98,450.52,463.85,554.15,110.13,166.14,204.49,91.67,142.32,267.61,121.89,190.0,290.39,3172.06,1679.02,472.52,81.07,243.7,1048.14,386.9,236.16,290.01,438.02,208.4,101.16,3521.04,231.96,131.45,134.69,38.84,54.97,97.58,274.25
20261005,12:09:55,49616.84,44472.8,26139.23,17113.69,123.83,1854.4,450.52,463.97,554.04,110.13,165.96,204.49,91.52,142.32,267.61,121.89,190.0,290.37,3172.12,1679.01,472.41,81.06,243.7,1048.43,386.87,236.3,290.01,437.95,208.4,101.16,3520.63,231.96,131.45,134.69,38.84,54.97,97.58,274.25
20261005,12:10:00,49621.16,44477.22,26142.05,17117.61,123.83,1854.4,450.52,463.97,554.04,110.13,165.96,204.48,91.52,142.32,267.61,122.01,189.95,290.37,3172.38,1679.03,472.44,81.06,243.7,1048.9,386.89,236.3,290.05,438.0,208.23,101.16,3520.45,231.96,132.05,134.69,38.84,54.97,97.58,274.24
20261005,12:10:05,49620.16,44476.09,26137.94,17112.36,123.83,1854.4,450.52,463.97,554.11,110.13,165.97,204.52,91.52,142.32,267.61,121.89,189.95,290.37,3172.41,1679.2,472.55,81.05,243.7,1048.29,387.22,236.3,290.06,438.0,208.22,101.16,3520.59,231.96,131.45,134.69,38.84,54.99,97.58,274.22
20261005,12:10:10,49615.6,44471.86,26138.32,17113.55,123.83,1855.82,450.52,463.99,554.11,110.13,165.97,204.54,91.52,142.11,267.61,122.01,189.95,290.37,3172.04,1678.88,472.61,81.04,243.69,1048.37,387.22,236.3,290.06,437.99,208.22,101.16,3520.39,231.96,131.45,134.69,38.84,54.99,97.58,274.25
20261005,12:10:15,49612.83,44469.94,26135.43,17112.81,123.7,1854.32,450.52,464.37,554.11,110.13,165.99,204.59,91.52,142.11,267.61,122.0,189.95,290.14,3171.91,1678.94,472.49,81.04,243.69,1047.97,387.24,236.3,290.06,437.99,208.25,101.16,3519.68,231.96,131.45,134.69,38.84,54.99,97.58,274.23
20261005,12:10:20,49614.71,44473.32,26130.14,17111.89,123.64,1854.32,450.52,464.04,554.19,110.13,165.98,204.58,91.52,142.32,267.61,121.88,189.95,290.14,3172.2,1679.17,472.33,81.07,243.87,1047.99,387.24,236.3,290.01,437.94,208.25,101.15,3518.28,231.96,131.45,134.69,38.84,54.99,97.58,274.23
20261005,12:10:25,49615.37,44474.76,26132.09,17116.85,123.64,1854.32,450.61,464.04,554.19,110.13,165.98,204.58,91.52,142.11,267.61,121.88,190.0,290.12,3172.2,1679.17,472.35,81.06,243.88,1047.97,387.22,236.3,290.01,437.96,208.25,101.15,3517.54,231.96,132.06,134.58,38.84,54.99,97.58,274.25
20261005,12:10:30,49575.61,44438.44,26125.11,17116.88,123.64,1855.74,450.52,464.3,554.19,110.13,165.98,204.59,91.52,142.11,267.61,121.87,190.0,290.12,3169.27,1676.87,472.64,81.04,243.88,1047.83,387.22,236.3,290.01,437.96,208.25,101.15,3515.35,231.96,132.06,134.58,38.84,54.98,97.58,274.25
20261005,12:10:35,49619.49,44478.31,26132.78,17116.04,123.77,1854.43,450.52,464.04,554.13,110.13,165.98,204.59,91.52,142.11,267.73,121.87,190.0,290.12,3172.5,1679.14,472.89,81.06,243.7,1048.38,387.22,236.3,290.01,437.96,208.25,101.15,3517.97,231.96,132.06,134.48,38.85,54.97,97.58,274.25
20261005,12:10:40,49620.81,44479.34,26132.85,17115.28,123.77,1854.43,450.52,464.3,553.83,110.13,165.98,204.56,91.52,142.11,267.73,121.87,190.0,290.17,3172.6,1679.16,472.78,81.08,243.88,1048.46,387.3,236.3,290.02,437.93,208.25,101.15,3518.21,231.96,132.06,134.48,38.85,54.97,97.58,274.25
20261005,12:10:45,49624.5,44483.34,26132.46,17116.21,123.77,1855.85,450.6,463.93,553.83,110.12,165.97,204.5,91.52,142.11,267.73,121.89,190.0,290.15,3172.91,1679.23,472.87,81.08,243.88,1048.46,387.3,236.3,290.33,437.94,208.25,101.15,3517.83,231.96,132.06,134.5,38.85,54.97,97.59,274.29
20261005,12:10:50,49622.23,44481.09,26133.36,17117.1,123.77,1855.85,450.69,463.93,553.83,110.12,165.99,204.6,91.52,142.11,267.73,121.89,190.0,290.15,3172.7,1679.27,472.76,81.04,243.88,1048.46,387.28,236.3,290.02,437.94,208.25,101.15,3517.87,231.96,132.06,134.5,38.85,54.97,97.59,274.29
20261005,12:10:55,49623.5,44482.76,26133.14,17118.3,123.77,1855.85,450.69,463.93,553.83,110.12,165.99,204.6,91.52,142.32,267.73,121.89,190.0,290.15,3172.81,1679.18,472.83,81.08,243.87,1048.44,387.3,236.3,290.33,437.94,208.25,101.12,3517.47,231.96,132.06,134.5,38.85,54.97,97.59,274.62
20261005,12:11:00,49624.6,44483.84,26133.79,17119.04,123.77,1854.43,450.69,464.18,553.83,110.12,165.99,204.6,91.52,142.11,267.73,121.89,190.0,290.15,3172.88,1679.24,472.85,81.05,243.88,1048.38,387.28,236.3,290.37,437.94,208.4,101.12,3517.47,231.96,132.06,134.5,38.85,54.97,97.59,274.6
20261005,12:11:05,49621.03,44479.74,26135.52,17118.96,123.77,1854.43,450.69,464.3,553.83,110.12,165.98,204.58,91.52,142.11,267.73,121.89,190.0,290.16,3172.55,1679.09,472.81,81.04,243.9,1048.5,387.28,236.3,290.06,437.89,208.4,101.12,3518.04,231.96,132.06,134.51,38.85,54.97,97.59,274.57
20261005,12:11:10,49625.98,44482.47,26141.24,17118.54,123.64,1854.43,450.69,464.37,553.83,110.04,165.97,204.52,91.52,142.11,267.73,121.89,190.0,290.12,3172.78,1679.06,472.84,81.07,244.02,1048.94,387.28,236.3,290.06,437.86,208.4,101.12,3519.94,231.96,132.06,134.51,38.85,54.99,97.59,274.65
20261005,12:11:15,49589.05,44447.1,26140.1,17119.26,123.64,1854.43,450.69,464.12,553.83,110.2,165.97,204.52,91.52,142.11,267.73,122.01,190.0,290.12,3169.91,1676.81,472.72,81.08,243.84,1048.95,387.21,236.3,290.37,437.86,208.4,101.12,3519.39,231.96,132.06,134.49,38.85,54.97,97.59,274.64
20261005,12:11:20,49584.36,44441.93,26141.49,17118.87,123.64,1854.43,450.6,464.04,554.06,110.2,165.97,204.53,91.52,142.11,267.73,121.89,190.0,290.12,3169.5,1676.68,472.71,81.08,243.84,1048.9,386.97,236.3,290.01,437.87,208.4,101.12,3519.93,231.96,132.06,134.51,38.85,54.99,97.59,274.67
20261005,12:11:25,49623.61,44480.13,26142.54,17119.95,123.64,1857.27,450.61,464.04,554.06,110.2,165.97,204.53,91.52,142.11,267.73,121.89,190.0,290.12,3172.56,1679.0,472.71,81.06,243.84,1049.02,386.97,236.3,290.01,437.87,208.4,101.12,3519.96,231.96,132.06,134.49,38.85,54.99,97.59,274.66
20261005,12:11:30,49622.81,44479.77,26140.97,17119.52,123.64,1857.27,450.59,464.04,554.06,110.12,165.98,204.55,91.52,142.11,267.55,121.89,190.0,290.14,3172.54,1679.03,472.5,81.02,244.0,1048.65,386.97,236.3,290.33,437.87,208.39,101.12,3519.59,231.96,132.06,134.51,38.85,55.01,97.59,274.61
20261005,12:11:35,49625.56,44482.43,26141.92,17120.56,123.64,1855.62,450.68,464.3,554.04,110.12,165.96,204.56,91.51,142.32,267.67,121.89,189.96,290.14,3172.73,1678.98,472.59,81.04,244.0,1049.12,386.97,236.3,290.33,437.87,208.47,101.12,3519.61,231.96,132.06,134.51,38.85,54.99,97.59,274.61
20261005,12:11:40,49626.2,44481.59,26146.17,17120.55,123.64,1855.62,450.6,464.43,554.04,110.11,165.99,204.57,91.53,142.32,267.67,121.89,189.96,290.14,3172.66,1679.0,472.51,81.04,243.89,1049.12,386.64,236.31,290.33,437.87,208.47,101.12,3520.94,231.96,132.06,134.51,38.85,55.01,97.59,274.64
20261005,12:11:45,49621.26,44476.57,26141.75,17114.8,123.64,1855.62,450.6,464.17,554.04,110.11,165.99,204.57,91.53,142.32,267.67,121.89,189.96,290.14,3172.39,1679.01,472.5,81.08,243.89,1048.79,386.64,236.31,290.02,437.85,208.47,101.12,3521.12,231.96,131.46,134.51,38.85,55.01,97.59,274.4
20261005,12:11:50,49626.44,44481.45,26145.76,17118.82,123.64,1855.62,450.6,464.17,554.04,110.11,165.99,204.57,91.53,142.11,267.67,121.89,189.96,290.14,3172.69,1679.19,472.5,81.06,244.07,1048.82,386.64,236.31,290.02,437.84,208.47,101.12,3521.28,231.89,132.06,134.41,38.85,55.01,97.59,274.41
20261005,12:11:55,49588.01,44443.96,26146.36,17119.36,123.7,1855.62,450.69,464.17,554.04,110.03,165.99,204.57,91.53,142.11,267.67,121.89,189.96,290.12,3169.66,1676.7,472.59,81.05,244.17,1049.11,386.64,236.31,290.02,437.84,208.47,101.12,3521.32,231.89,132.06,134.41,38.85,55.01,97.59,274.41
20261005,12:12:00,49628.23,44482.63,26146.83,17118.17,123.7,1855.56,450.6,464.17,553.81,110.03,165.99,204.58,91.53,142.11,267.67,121.99,189.96,290.13,3172.8,1679.3,472.59,81.05,244.16,1048.52,386.64,236.31,290.06,437.84,208.43,101.12,3521.79,231.89,132.06,134.41,38.85,54.99,97.59,274.41
20261005,12:12:05,49588.4,44444.06,26143.56,17115.2,123.83,1855.56,450.61,464.5,553.81,110.03,165.99,204.58,91.53,142.32,267.67,121.99,189.96,290.11,3169.76,1676.75,472.74,81.06,244.34,1048.87,386.65,236.31,290.01,437.84,208.5,101.12,3521.57,231.96,131.46,134.41,38.85,54.99,97.59,274.41
20261005,12:12:10,49591.0,44445.99,26149.42,17119.93,123.83,1855.56,450.61,464.5,553.81,110.03,165.98,204.55,91.53,142.32,267.67,121.99,189.96,290.11,3169.81,1676.85,472.75,81.05,244.16,1048.85,386.65,236.31,290.01,437.86,208.5,101.12,3522.12,231.96,132.06,134.38,38.85,54.99,97.59,274.43
20261005,12:12:15,49589.31,44445.65,26146.06,17120.44,123.83,1855.56,450.69,464.18,553.81,110.03,165.98,204.54,91.53,142.32,267.67,121.99,189.96,290.16,3169.77,1676.84,472.66,81.08,244.21,1048.8,386.67,236.31,290.01,437.92,208.51,101.12,3520.93,231.96,132.06,134.38,38.85,54.99,97.59,274.43
20261005,12:12:20,49589.01,44445.58,26145.45,17120.46,123.83,1855.56,450.69,464.18,553.82,110.03,165.99,204.57,91.53,142.32,267.67,121.99,189.98,290.13,3169.76,1676.82,472.67,81.08,244.1,1048.9,386.64,236.31,290.01,437.92,208.53,101.12,3520.73,231.89,132.06,134.35,38.85,54.99,97.59,274.41
20261005,12:12:25,49632.52,44487.34,26146.0,17118.98,123.83,1855.56,450.69,464.17,553.82,110.04,165.99,204.57,91.53,142.32,267.67,121.87,189.98,290.13,3173.16,1679.24,472.6,81.07,244.27,1049.5,386.63,236.31,290.01,437.93,208.5,101.12,3521.31,231.89,132.06,134.25,38.85,54.97,97.59,274.41
20261005,12:12:30,49625.26,44480.25,26145.89,17118.82,123.83,1855.56,450.69,464.24,553.82,110.03,165.99,204.57,91.53,142.32,267.67,121.84,189.98,290.15,3172.59,1679.02,472.59,81.06,244.29,1048.83,386.61,236.31,290.01,437.87,208.5,101.12,3521.32,231.89,132.06,134.25,38.85,54.97,97.59,274.41
20261005,12:12:35,49633.29,44488.45,26145.03,17119.09,123.77,1855.56,450.69,464.24,553.87,110.11,165.99,204.58,91.53,142.32,267.67,121.84,189.98,290.14,3173.25,1679.17,472.71,81.07,244.47,1049.63,386.61,236.31,290.0,437.87,208.5,101.12,3520.98,231.89,132.06,134.26,38.85,54.97,97.59,274.41
20261005,12:12:40,49633.61,44488.76,26146.83,17121.16,123.77,1855.56,450.69,464.49,553.87,110.11,165.99,204.58,91.53,142.32,267.67,121.96,189.98,290.14,3173.22,1679.22,472.54,81.09,244.47,1049.53,386.89,236.31,290.0,437.86,208.5,101.12,3520.98,231.89,132.06,134.3,38.85,54.97,97.59,274.71
20261005,12:12:45,49635.38,44489.96,26148.53,17121.34,123.77,1855.56,450.69,464.25,553.86,110.11,166.0,204.58,91.54,142.32,267.67,121.96,189.98,290.14,3173.31,1679.34,472.57,81.09,244.47,1048.89,386.89,236.31,290.36,437.87,208.5,101.12,3521.46,231.89,132.06,134.31,38.85,54.99,97.59,274.76
20261005,12:12:50,49637.74,44492.26,26147.21,17119.82,123.64,1855.56,450.53,464.5,553.86,110.03,166.0,204.57,91.53,142.32,267.67,121.96,189.98,290.14,3173.54,1679.51,472.48,81.09,244.47,1048.97,386.89,236.31,290.36,437.87,208.53,101.12,3521.46,231.89,132.06,134.31,38.85,54.99,97.59,274.71
20261005,12:12:55,49642.68,44495.77,26144.8,17112.69,123.64,1855.56,450.53,464.26,553.86,110.03,165.99,204.56,91.53,142.32,267.67,121.85,189.98,290.13,3173.99,1680.01,472.41,81.09,244.47,1049.0,386.89,236.31,290.05,437.87,208.4,101.12,3522.64,231.89,131.46,134.31,38.86,54.99,97.59,274.69
20261005,12:13:00,49639.73,44494.07,26142.86,17114.37,123.64,1855.56,450.61,464.51,553.86,110.03,165.99,204.56,91.53,142.32,267.67,121.85,189.98,290.07,3173.81,1679.89,472.54,81.09,244.29,1048.96,386.89,236.31,290.05,437.87,208.53,101.12,3521.58,231.89,131.46,134.28,38.86,54.97,97.59,274.67
20261005,12:13:05,49640.85,44494.36,26145.96,17115.27,123.77,1855.56,450.69,464.26,553.87,110.03,166.0,204.58,91.53,142.32,267.67,121.97,189.98,290.07,3173.82,1679.79,472.66,81.09,244.47,1049.04,386.89,236.31,290.0,437.87,208.42,101.12,3522.3,231.89,131.47,134.38,38.86,54.97,97.59,274.71
20261005,12:13:10,49601.03,44455.18,26145.94,17113.99,123.64,1855.56,450.69,464.26,553.87,110.03,165.97,204.57,91.51,142.32,267.67,121.85,189.98,290.12,3170.69,1677.37,472.66,81.07,244.5,1048.96,386.89,236.31,290.1,437.87,208.42,101.12,3522.65,231.89,131.47,134.45,38.86,54.97,97.58,274.64
20261005,12:13:15,49602.07,44457.05,26142.7,17113.11,123.64,1855.56,450.61,464.26,553.87,110.02,165.97,204.57,91.51,142.33,267.67,121.85,189.98,290.12,3170.86,1677.28,472.67,81.09,244.19,1049.8,386.96,236.31,290.15,437.87,208.39,101.12,3521.87,231.89,131.47,134.45,38.86,54.97,97.58,274.64
20261005,12:13:20,49602.8,44456.76,26146.65,17114.3,123.64,1855.56,450.61,464.26,553.89,110.02,165.97,204.57,91.51,142.32,267.67,121.85,189.98,290.1,3170.81,1677.28,472.59,81.09,244.19,1049.76,386.96,236.28,290.16,437.84,208.54,101.12,3522.78,231.89,131.47,134.44,38.82,54.97,97.58,274.65
20261005,12:13:25,49643.93,44496.77,26151.43,17119.58,123.64,1855.56,450.69,464.26,553.89,110.02,165.96,204.57,91.5,142.32,267.67,121.85,189.98,290.1,3173.91,1679.61,472.59,81.06,244.3,1049.88,386.96,236.28,290.16,437.84,208.55,101.12,3522.84,231.89,132.06,134.44,38.82,54.97,97.58,274.63
20261005,12:13:30,49648.36,44500.99,26152.4,17120.37,123.64,1855.56,450.69,464.15,553.96,110.1,165.95,204.56,91.5,142.32,267.67,121.85,189.98,290.13,3174.23,1679.69,472.58,81.08,244.3,1050.32,387.28,236.28,290.16,437.85,208.57,101.15,3522.93,231.89,132.06,134.44,38.82,54.97,97.58,274.7
20261005,12:13:35,49647.94,44501.02,26151.61,17120.92,123.77,1855.62,450.69,464.26,553.96,110.11,165.96,204.62,91.5,142.32,267.67,121.85,189.98,290.13,3174.22,1679.67,472.5,81.08,244.42,1049.88,386.71,236.28,290.57,437.87,208.56,101.15,3522.53,231.92,132.06,134.45,38.82,54.97,97.58,274.65
20261005,12:13:40,49647.67,44501.34,26152.27,17123.67,123.77,1855.62,450.61,464.18,553.89,110.11,166.16,204.62,91.65,142.34,267.67,121.97,189.98,290.12,3174.18,1679.81,472.54,81.05,244.3,1049.87,386.71,236.29,290.27,437.87,208.61,101.15,3521.99,231.92,132.06,134.44,38.82,54.97,97.58,274.75
20261005,12:13:45,49645.13,44501.52,26140.55,17119.08,123.64,1855.62,450.69,464.18,553.89,110.11,166.15,204.6,91.65,142.34,267.67,121.97,189.98,290.1,3174.3,1679.81,472.61,81.05,244.48,1049.55,386.72,236.29,290.58,437.86,208.61,101.15,3519.58,231.92,131.47,134.44,38.82,54.99,97.58,274.75
20261005,12:13:50,49644.62,44498.25,26151.49,17122.36,123.64,1854.21,450.61,464.18,553.89,110.11,166.14,204.55,91.65,142.34,267.67,121.97,189.98,290.09,3173.96,1679.88,472.51,81.07,244.48,1048.97,386.72,236.29,290.27,437.86,208.6,101.15,3522.11,231.92,132.06,134.44,38.82,54.99,97.58,274.73
20261005,12:13:55,49644.1,44497.5,26151.72,17121.82,123.64,1854.21,450.61,464.18,554.02,110.11,166.13,204.56,91.64,142.34,267.67,121.85,189.98,290.09,3173.91,1679.8,472.52,81.06,244.48,1049.13,386.65,236.29,290.27,437.84,208.6,101.15,3522.32,231.92,132.06,134.43,38.82,54.99,97.58,274.73
20261005,12:14:00,49648.3,44503.52,26147.25,17123.12,123.64,1854.21,450.61,464.51,554.03,110.11,166.13,204.58,91.64,142.34,267.67,121.97,189.98,290.09,3174.36,1679.67,472.73,81.05,244.48,1050.39,386.72,236.29,290.26,437.84,208.6,101.15,3520.57,231.92,132.06,134.43,38.82,54.99,97.58,274.75
20261005,12:14:05,49646.84,44501.87,26146.91,17122.0,123.77,1854.21,450.61,464.51,554.03,110.11,166.13,204.59,91.64,142.34,267.67,121.97,189.98,290.1,3174.26,1679.8,472.84,81.04,244.3,1049.94,386.78,236.28,290.17,437.84,208.44,101.15,3520.77,231.92,132.06,134.43,38.83,54.99,97.58,274.75
20261005,12:14:10,49647.22,44501.98,26143.26,17116.9,123.77,1854.21,450.69,464.25,554.03,110.11,166.16,204.69,91.64,142.34,267.67,121.97,189.98,290.1,3174.39,1679.71,472.85,81.06,244.32,1049.92,386.8,236.28,290.58,437.84,208.44,101.15,3521.01,231.92,131.47,134.43,38.83,54.97,97.58,274.46
20261005,12:14:15,49649.86,44503.27,26150.2,17120.6,123.77,1854.21,450.61,464.25,554.03,110.11,166.14,204.63,91.64,142.34,267.67,121.97,189.98,290.09,3174.41,1679.72,472.84,81.07,244.32,1050.37,386.87,236.28,290.21,437.88,208.41,101.15,3522.18,231.92,132.06,134.43,38.83,54.97,97.57,274.46
20261005,12:14:20,49648.51,44502.2,26150.65,17121.92,123.77,1854.21,450.61,464.25,554.17,110.11,166.14,204.63,91.64,142.34,267.67,121.96,189.98,290.09,3174.29,1679.83,472.73,81.08,244.31,1049.83,386.87,236.28,290.22,437.88,208.41,101.15,3521.96,231.92,132.06,134.44,38.83,54.98,97.57,274.75
20261005,12:14:25,49648.78,44501.84,26153.34,17122.96,123.77,1854.22,450.69,464.51,554.17,110.11,166.14,204.62,91.64,142.34,267.67,121.96,190.02,290.08,3174.23,1679.69,472.75,81.06,244.31,1049.76,386.9,236.28,290.53,437.88,208.43,101.15,3522.52,231.92,132.06,134.44,38.83,54.98,97.57,274.73
20261005,12:14:30,49617.86,44471.68,26151.51,17120.72,123.77,1854.22,450.69,464.25,554.17,110.11,166.36,204.68,91.81,142.13,267.67,121.85,190.0,290.08,3171.86,1677.52,472.85,81.05,244.31,1050.7,386.9,236.28,290.54,437.88,208.58,101.15,3522.56,231.92,131.47,134.44,38.83,54.98,97.57,274.72
20261005,12:14:35,49616.08,44470.33,26150.44,17120.79,123.77,1854.22,450.69,464.25,554.2,110.11,166.36,204.67,91.81,142.13,267.67,121.85,190.0,290.09,3171.75,1677.53,472.88,81.02,244.31,1050.83,386.88,236.28,290.23,437.88,208.58,101.15,3522.2,231.92,131.47,134.44,38.83,54.98,97.57,274.72
20261005,12:14:40,49654.72,44507.99,26155.09,17126.15,123.77,1854.22,450.69,464.25,554.2,110.11,166.36,204.67,91.81,142.13,267.67,121.97,190.0,290.09,3174.65,1679.82,473.12,81.0,244.31,1050.48,386.88,236.28,290.22,437.88,208.58,101.15,3522.2,231.92,132.06,134.44,38.83,54.98,97.57,274.66
20261005,12:14:45,49654.53,44507.78,26149.84,17120.03,123.77,1854.22,450.7,464.25,554.17,110.11,166.36,204.65,91.81,142.13,267.67,121.97,190.0,290.09,3174.78,1679.92,473.13,81.02,244.31,1050.42,386.88,236.28,290.22,437.9,208.43,101.15,3522.22,231.92,131.47,134.44,38.83,54.99,97.57,274.66
20261005,12:14:50,49617.16,44471.64,26148.89,17119.86,123.77,1854.22,450.69,464.14,554.17,110.1,166.36,204.65,91.81,142.13,267.67,121.98,190.0,290.07,3171.87,1677.62,473.07,81.03,244.31,1050.56,386.88,236.28,290.27,437.9,208.43,101.15,3521.97,231.92,131.46,134.44,38.83,55.01,97.57,274.64
20261005,12:14:55,49657.62,44511.31,26147.49,17119.1,123.64,1854.22,450.6,464.14,554.17,110.12,166.36,204.65,91.81,142.13,267.67,121.98,190.0,290.07,3175.09,1679.93,473.09,81.03,244.48,1051.0,386.88,236.26,290.23,437.91,208.45,101.15,3521.74,231.92,131.46,134.44,38.83,55.01,97.57,274.64
20261005,12:15:00,49660.72,44514.34,26147.81,17119.47,123.77,1854.22,450.6,464.14,554.17,110.12,166.36,204.63,91.81,142.13,267.67,121.98,190.0,290.07,3175.32,1680.05,473.13,81.09,244.48,1051.03,386.85,236.26,290.23,437.91,208.45,101.15,3521.74,231.92,131.46,134.44,38.83,55.01,97.57,274.66
20261005,12:15:05,49658.76,44512.49,26148.22,17120.14,123.77,1854.22,450.69,464.14,554.17,110.12,166.35,204.63,91.81,142.13,267.67,121.98,189.96,290.11,3175.16,1679.82,473.05,81.08,244.48,1051.02,386.9,236.26,290.54,437.92,208.45,101.15,3521.69,231.92,131.46,134.44,38.82,55.01,97.57,274.66
20261005,12:15:10,49656.66,44509.83,26154.2,17124.96,123.77,1854.22,450.69,464.14,554.17,110.1,166.36,204.63,91.81,142.13,267.67,121.98,189.96,290.1,3174.83,1679.93,472.95,81.08,244.48,1050.44,386.9,236.26,290.22,437.91,208.45,101.15,3522.25,231.92,132.05,134.44,38.82,55.03,97.57,274.66
20261005,12:15:15,49649.19,44505.2,26145.77,17124.12,123.64,1854.22,450.69,464.39,554.17,110.11,166.16,204.63,91.65,142.13,267.67,121.98,189.96,290.1,3174.48,1679.68,472.96,81.09,244.48,1050.44,386.9,236.26,290.14,437.91,208.6,101.15,3519.84,231.92,132.05,134.44,38.82,55.03,97.57,274.65
20261005,12:15:20,49649.49,44504.6,26142.63,17117.55,123.64,1854.22,450.6,464.14,554.17,110.11,166.16,204.62,91.65,142.13,267.67,121.86,189.96,290.1,3174.59,1679.68,472.88,81.06,244.48,1050.44,386.89,236.26,290.45,437.86,208.6,101.15,3520.64,231.92,131.46,134.44,38.82,55.03,97.57,274.65
20261005,12:15:25,49612.66,44469.13,26141.89,17118.09,123.77,1854.22,450.6,464.14,554.16,110.11,166.16,204.62,91.65,142.13,267.67,121.86,189.96,290.1,3171.71,1677.39,473.02,81.09,244.48,1050.83,387.16,236.26,290.14,437.96,208.6,101.15,3520.27,231.92,131.46,134.44,38.82,55.03,97.57,274.65
20261005,12:15:30,49615.93,44470.22,26147.33,17117.33,123.64,1854.22,450.6,464.14,554.1,110.11,166.16,204.64,91.65,142.13,267.67,121.86,189.93,290.1,3171.82,1677.42,473.04,81.09,244.66,1050.79,387.14,236.26,290.15,437.93,208.6,101.15,3522.17,231.92,131.46,134.43,38.82,55.03,97.57,274.6
20261005,12:15:35,49616.88,44470.79,26152.31,17121.85,123.64,1854.22,450.6,464.14,554.1,110.11,166.17,204.64,91.66,142.13,267.67,121.86,189.93,290.1,3171.76,1677.36,473.06,81.09,244.66,1050.83,387.14,236.26,290.14,437.9,208.6,101.15,3522.5,231.85,132.05,134.43,38.82,55.01,97.57,274.6
20261005,12:15:40,49619.8,44472.65,26155.28,17121.99,123.64,1854.22,450.6,464.14,554.1,110.11,166.18,204.67,91.66,142.13,267.67,121.86,189.93,290.1,3171.9,1677.59,473.13,81.1,244.66,1050.36,387.14,236.26,290.15,437.9,208.6,101.15,3523.39,231.85,132.05,134.43,38.82,55.01,97.57,274.62
20261005,12:15:45,49662.07,44514.08,26154.5,17121.91,123.64,1854.22,450.6,464.14,554.1,110.11,166.17,204.66,91.66,142.13,267.67,121.86,189.93,290.1,3175.25,1680.07,473.12,81.12,244.66,1050.52,387.14,236.29,290.23,437.88,208.6,101.15,3523.17,231.85,132.05,134.43,38.82,55.01,97.57,274.62
20261005,12:15:50,49655.8,44509.4,26150.38,17121.93,123.64,1854.59,450.6,464.14,553.91,110.11,166.2,204.72,91.67,142.34,267.67,121.86,189.93,290.1,3174.87,1679.85,473.02,81.13,244.48,1050.57,387.15,236.29,290.23,437.88,208.58,101.15,3521.87,231.85,132.05,134.43,38.82,55.01,97.57,274.62
20261005,12:15:55,49616.49,44471.41,26146.12,17118.08,123.64,1854.59,450.6,464.14,553.91,110.11,166.21,204.72,91.67,142.34,267.55,121.99,189.93,290.15,3171.9,1677.56,473.01,81.12,244.48,1050.59,387.15,236.04,290.22,437.88,208.58,101.15,3521.59,231.85,131.46,134.43,38.82,55.01,97.57,274.63
20261005,12:16:00,49657.08,44510.36,26150.48,17121.11,123.77,1854.59,450.6,464.14,553.88,110.11,166.2,204.69,91.67,142.32,267.85,121.86,189.93,290.15,3174.96,1679.96,473.12,81.12,244.37,1050.45,387.16,236.04,290.22,437.95,208.43,101.15,3522.13,231.85,132.05,134.43,38.82,55.01,97.57,274.63
20261005,12:16:05,49657.66,44510.36,26152.81,17121.86,123.77,1854.59,450.68,464.14,553.96,110.11,166.2,204.7,91.67,142.32,267.85,121.86,189.93,290.17,3174.95,1679.95,473.13,81.12,244.37,1050.46,387.12,236.04,290.22,437.94,208.4,101.15,3522.65,231.92,132.05,134.43,38.87,54.99,97.57,274.66
20261005,12:16:10,49655.35,44507.89,26150.08,17118.0,123.77,1854.48,450.68,464.14,553.96,110.11,166.2,204.7,91.67,142.32,267.85,121.86,189.96,290.17,3174.84,1679.95,473.12,81.1,244.21,1050.36,387.12,236.29,290.23,437.92,208.44,101.15,3522.85,232.24,131.46,134.43,38.87,54.99,97.57,274.66
20261005,12:16:15,49658.6,44511.57,26147.51,17116.77,123.64,1854.48,450.59,464.14,553.96,110.1,166.2,204.7,91.67,142.32,267.85,121.84,189.96,290.17,3175.17,1680.03,473.11,81.1,244.32,1050.81,387.12,236.29,290.23,437.92,208.44,101.15,3522.38,232.24,131.46,134.43,38.87,54.98,97.57,274.66
20261005,12:16:20,49655.67,44510.65,26141.88,17116.77,123.64,1854.59,450.59,464.06,553.96,110.1,166.2,204.67,91.67,142.32,267.85,121.84,189.96,290.16,3175.09,1679.96,473.11,81.13,244.32,1050.8,387.12,236.3,290.23,437.86,208.46,101.15,3520.62,232.24,131.46,134.43,38.87,54.99,97.57,274.66
20261005,12:16:25,49650.97,44506.09,26142.15,17117.13,123.64,1854.59,450.68,464.31,553.91,110.02,166.2,204.67,91.68,142.32,267.85,121.84,189.96,290.14,3174.72,1679.91,473.03,81.12,244.14,1050.36,386.89,236.3,290.23,437.86,208.45,101.15,3520.61,232.24,131.46,134.43,38.87,54.99,97.57,274.64
20261005,12:16:30,49652.56,44507.5,26141.55,17115.99,123.64,1854.41,450.58,464.06,553.91,110.02,166.18,204.67,91.66,142.32,267.85,121.83,189.96,290.14,3174.86,1679.83,473.03,81.13,244.16,1050.88,386.88,236.3,290.24,437.88,208.45,101.15,3520.73,232.24,131.46,134.43,38.87,54.99,97.57,274.66
20261005,12:16:35,49650.24,44505.14,26140.9,17114.91,123.64,1852.99,450.58,464.06,553.83,110.02,166.17,204.69,91.65,142.32,267.85,121.83,190.1,290.14,3174.69,1679.71,472.98,81.13,244.15,1050.95,386.91,236.3,290.23,437.88,208.45,101.15,3520.82,232.29,131.46,134.33,38.87,54.99,97.57,274.65
20261005,12:16:40,49650.04,44504.37,26143.43,17115.87,123.64,1852.99,450.58,464.31,553.94,110.02,166.17,204.67,91.65,142.32,267.85,121.96,189.96,290.14,3174.61,1679.73,472.82,81.16,244.15,1050.77,386.91,236.3,290.23,437.9,208.45,101.15,3521.35,232.15,131.46,134.33,38.87,54.97,97.57,274.67
20261005,12:16:45,49649.85,44504.5,26143.21,17116.68,123.64,1852.62,450.58,464.18,553.95,110.01,166.17,204.67,91.65,142.32,267.85,121.96,189.96,290.15,3174.6,1679.74,472.8,81.15,244.15,1050.76,387.16,236.3,290.22,437.9,208.57,101.15,3521.06,232.15,131.46,134.33,38.87,54.97,97.57,274.67
20261005,12:16:50,49653.29,44507.56,26147.47,17120.59,123.64,1852.62,450.59,464.06,553.99,110.09,166.18,204.67,91.67,142.32,267.85,121.96,189.96,290.14,3174.75,1679.8,473.05,81.15,244.15,1050.28,387.1,236.3,290.52,437.89,208.42,101.15,3521.33,232.15,132.05,134.33,38.91,54.97,97.57,274.67
20261005,12:16:55,49613.59,44470.11,26139.39,17115.42,123.77,1852.62,450.59,464.06,553.99,110.09,166.19,204.69,91.67,142.32,267.85,121.84,189.96,290.14,3171.86,1677.43,473.05,81.14,244.15,1050.7,387.1,236.3,290.53,437.89,208.42,101.15,3520.21,232.15,131.46,134.33,38.91,54.97,97.57,274.64
20261005,12:17:00,49614.35,44468.87,26145.68,17116.07,123.77,1852.99,450.59,464.06,554.06,110.09,166.17,204.62,91.67,142.32,267.85,121.84,189.96,290.14,3171.74,1677.38,473.06,81.15,244.15,1050.96,387.05,236.3,290.22,437.89,208.46,101.15,3522.0,232.15,131.46,134.33,38.91,54.97,97.57,274.64
20261005,12:17:05,49662.46,44515.69,26150.15,17121.01,123.77,1852.99,450.59,464.31,554.01,110.09,166.17,204.62,91.66,142.32,267.85,121.84,189.92,290.14,3175.4,1679.94,473.15,81.16,244.15,1051.64,387.05,236.3,290.22,437.95,208.46,101.15,3522.05,232.15,132.05,134.33,38.91,54.98,97.57,274.63
20261005,12:17:10,49653.09,44507.29,26148.65,17121.73,123.77,1852.99,450.59,464.31,554.01,110.09,166.17,204.61,91.66,142.32,267.85,121.97,189.96,290.11,3174.7,1679.81,473.04,81.15,244.15,1050.55,387.05,236.3,290.22,437.95,208.46,101.15,3521.39,232.15,132.05,134.33,38.91,54.98,97.57,274.63
20261005,12:17:15,49656.57,44511.27,26147.4,17122.26,123.77,1852.99,450.59,464.31,553.94,110.1,166.19,204.68,91.67,142.33,267.85,121.97,189.96,290.11,3175.01,1679.9,473.05,81.16,244.15,1050.97,386.99,236.3,290.22,437.94,208.61,101.15,3520.85,232.15,132.05,134.33,38.91,54.98,97.57,274.33
20261005,12:17:20,49653.76,44507.28,26150.86,17122.03,123.77,1853.22,450.68,464.31,553.94,110.1,166.19,204.69,91.67,142.33,267.85,121.99,189.96,290.09,3174.69,1679.68,473.04,81.15,244.15,1050.91,387.05,236.3,290.22,437.94,208.49,101.15,3522.0,232.15,132.05,134.36,38.91,54.98,97.57,274.31
20261005,12:17:25,49649.06,44503.25,26148.52,17121.2,123.77,1853.22,450.68,464.06,553.93,110.1,166.23,204.72,91.69,142.33,267.85,121.84,189.96,290.07,3174.39,1679.55,473.13,81.12,244.26,1050.5,386.8,236.3,290.21,437.94,208.49,101.15,3521.49,232.15,132.05,134.36,38.91,54.98,97.57,274.31
20261005,12:17:30,49652.63,44507.12,26147.05,17120.83,123.77,1853.22,450.68,464.06,553.93,110.1,166.2,204.64,91.68,142.33,267.85,121.84,189.96,290.06,3174.71,1679.68,472.91,81.1,244.15,1051.25,386.8,236.3,290.21,437.94,208.49,101.15,3521.13,232.15,132.05,134.36,38.91,54.98,97.57,274.31
20261005,12:17:35,49652.36,44506.44,26145.13,17117.2,123.71,1853.22,450.68,464.44,553.93,110.03,166.19,204.64,91.68,142.33,267.85,121.84,189.96,290.09,3174.74,1679.64,473.04,81.13,244.15,1051.25,386.8,236.3,290.21,437.93,208.61,101.15,3521.52,232.15,131.46,134.35,38.91,54.98,97.57,274.32
20261005,12:17:40,49656.0,44510.01,26149.06,17121.81,123.71,1853.22,450.59,464.44,553.94,110.03,166.2,204.67,91.68,142.33,267.85,121.96,189.96,290.06,3174.92,1679.61,473.06,81.13,244.15,1051.72,386.8,236.3,290.21,437.9,208.57,101.15,3521.49,232.15,132.06,134.35,38.91,54.98,97.57,274.32
20261005,12:17:45,49657.89,44510.38,26148.95,17116.75,123.71,1853.22,450.59,464.19,553.83,110.02,166.23,204.74,91.69,142.33,267.85,121.96,189.96,290.06,3175.07,1679.7,473.17,81.11,244.15,1051.73,386.8,236.3,290.21,437.9,208.57,101.15,3522.83,232.15,131.47,134.35,38.91,54.98,97.57,274.32
20261005,12:17:50,49653.16,44505.99,26148.45,17116.93,123.71,1853.22,450.59,464.19,553.94,110.02,166.23,204.74,91.69,142.33,267.85,121.84,189.92,290.06,3174.71,1679.6,473.13,81.14,244.15,1051.3,386.8,236.3,290.12,437.89,208.55,101.15,3522.63,232.15,131.47,134.35,38.91,54.98,97.57,274.62
20261005,12:17:55,49654.48,44507.53,26147.04,17116.16,123.57,1853.22,450.68,464.19,553.94,110.02,166.21,204.74,91.68,142.33,267.85,121.86,189.92,290.06,3174.86,1679.61,473.18,81.14,244.03,1051.63,386.79,236.3,290.14,437.89,208.54,101.15,3522.4,232.15,131.47,134.34,38.91,54.98,97.57,274.32
20261005,12:18:00,49657.2,44509.37,26149.19,17115.88,123.57,1853.22,450.68,464.27,553.94,110.04,166.21,204.74,91.68,142.33,267.85,121.86,189.92,290.04,3175.01,1679.76,473.25,81.13,244.51,1051.15,386.78,236.3,290.09,437.86,208.51,101.15,3523.14,232.15,131.47,134.35,38.91,54.98,97.57,274.32
20261005,12:18:05,49668.28,44519.4,26156.32,17121.53,123.57,1853.22,450.68,464.27,553.94,110.04,166.2,204.7,91.67,142.33,267.85,121.98,189.92,290.06,3175.68,1679.85,473.32,81.12,244.51,1052.38,386.78,236.3,290.09,437.88,208.53,101.15,3523.84,232.1,132.06,134.35,38.9,54.98,97.57,274.32
20261005,12:18:10,49626.16,44477.94,26153.0,17116.32,123.57,1853.22,450.59,464.31,553.94,110.04,166.2,204.69,91.67,142.33,267.85,121.98,189.92,290.06,3172.47,1677.31,473.41,81.11,244.51,1052.5,386.78,236.3,290.09,437.88,208.55,101.15,3524.22,232.1,131.47,134.35,38.9,54.98,97.57,274.32
20261005,12:18:15,49660.19,44512.72,26148.75,17116.86,123.57,1853.22,450.68,464.31,554.05,110.04,166.19,204.66,91.67,142.12,267.85,121.98,189.92,290.06,3175.26,1679.76,473.17,81.11,244.5,1051.84,386.77,236.3,290.09,437.88,208.55,101.15,3522.74,232.1,131.47,134.35,38.9,54.97,97.57,274.33
20261005,12:18:20,49620.94,44474.18,26149.76,17117.03,123.57,1853.22,450.67,464.31,553.99,110.03,166.21,204.71,91.67,142.33,267.85,121.98,189.92,290.06,3172.15,1677.32,473.27,81.12,244.5,1051.85,386.77,236.3,290.09,437.84,208.54,101.15,3523.01,232.1,131.47,134.35,38.9,54.97,97.57,274.39
20261005,12:18:25,49625.35,44478.06,26150.32,17116.29,123.57,1853.22,450.58,464.31,553.99,110.03,166.21,204.71,91.67,142.12,267.85,121.98,189.92,290.05,3172.48,1677.41,473.32,81.11,244.5,1052.32,386.75,236.3,290.09,437.9,208.54,101.15,3523.39,232.1,131.47,134.34,38.9,54.97,97.57,274.43
20261005,12:18:30,49663.32,44515.29,26148.16,17114.59,123.57,1853.22,450.58,464.3,553.99,110.03,166.21,204.73,91.67,142.12,267.85,121.98,189.92,290.05,3175.52,1679.82,473.35,81.13,244.49,1051.68,386.77,236.06,290.4,437.83,208.38,101.15,3523.18,232.1,131.47,134.34,38.9,54.97,97.57,274.41
20261005,12:18:35,49654.75,44509.41,26144.76,17118.91,123.7,1851.8,450.67,464.3,553.99,110.03,166.21,204.73,91.67,142.12,267.85,121.86,189.92,290.05,3174.94,1679.68,473.48,81.05,244.24,1051.31,386.77,236.06,290.14,437.83,208.37,101.15,3520.94,232.1,132.06,134.34,38.9,54.97,97.57,274.41
20261005,12:18:40,49657.01,44511.35,26141.39,17114.19,123.57,1851.8,450.58,464.43,554.26,110.03,166.21,204.73,91.67,142.12,267.85,121.86,189.92,290.05,3175.21,1679.74,473.47,81.06,244.24,1051.76,386.77,236.06,290.14,437.84,208.37,101.15,3521.17,232.1,131.47,134.34,38.9,54.97,97.57,274.41
20261005,12:18:45,49658.47,44513.3,26139.9,17114.24,123.57,1851.8,450.58,464.43,554.26,110.04,166.2,204.71,91.67,142.12,267.85,121.86,189.92,290.05,3175.37,1679.84,473.48,81.08,244.22,1051.37,387.02,236.06,290.45,437.84,208.37,101.15,3520.69,232.1,131.47,134.34,38.9,54.97,97.57,274.41
20261005,12:18:50,49653.59,44508.66,26137.55,17111.9,123.57,1851.8,450.5,464.68,554.26,110.04,166.2,204.71,91.67,142.12,267.85,121.86,189.89,290.05,3175.05,1679.69,473.21,81.08,244.22,1051.38,387.05,236.06,290.41,437.85,208.26,101.15,3520.59,232.1,131.47,134.05,38.89,54.97,97.57,274.41
20261005,12:18:55,49651.91,44506.61,26140.76,17114.25,123.57,1851.8,450.59,464.67,554.49,110.04,166.2,204.69,91.67,142.12,267.85,121.99,189.89,290.04,3174.83,1679.7,473.21,81.06,244.04,1051.45,387.05,236.06,290.09,437.85,208.3,101.15,3520.96,232.17,131.47,134.05,38.89,54.97,97.57,274.35
20261005,12:19:00,49613.94,44467.77,26146.55,17114.7,123.57,1851.8,450.59,464.67,554.49,110.05,166.2,204.72,91.67,142.34,267.85,121.96,189.89,290.04,3171.69,1677.27,473.29,81.09,244.03,1051.3,387.05,236.06,290.12,437.92,208.28,101.15,3522.64,232.17,131.47,134.15,38.89,54.97,97.57,274.35
20261005,12:19:05,49650.7,44507.54,26135.79,17115.58,123.7,1851.8,450.5,464.68,554.49,110.05,166.2,204.72,91.67,142.34,267.85,121.97,189.88,290.04,3174.87,1679.76,473.25,81.07,244.04,1051.27,387.04,236.06,290.12,437.92,208.43,101.16,3519.04,232.17,131.47,134.05,38.89,54.97,97.57,274.33
20261005,12:19:10,49649.57,44506.44,26135.63,17115.39,123.63,1851.8,450.5,464.68,554.26,110.04,166.2,204.69,91.67,142.34,267.85,121.97,189.88,290.04,3174.79,1679.68,473.25,81.06,244.11,1051.26,387.04,236.06,290.13,437.92,208.54,101.18,3519.04,232.17,131.47,134.05,38.85,54.97,97.57,274.33
20261005,12:19:15,49649.05,44505.74,26137.31,17116.68,123.76,1853.22,450.5,464.68,554.57,110.04,166.2,204.72,91.67,142.34,267.85,121.85,189.88,290.04,3174.7,1679.67,473.15,81.05,244.11,1051.25,386.67,236.06,290.12,437.92,208.54,101.18,3519.22,232.17,131.47,134.05,38.85,54.97,97.57,274.33
20261005,12:19:20,49647.52,44504.25,26137.4,17116.78,123.76,1853.22,450.5,464.67,554.57,110.04,166.22,204.73,91.68,142.34,267.85,121.83,189.88,290.04,3174.58,1679.54,473.15,81.06,244.11,1051.38,386.6,236.06,290.12,437.92,208.54,101.18,3519.22,232.17,131.47,134.05,38.85,54.97,97.57,274.35
20261005,12:19:25,49652.19,44505.22,26147.57,17116.52,123.76,1853.22,450.51,464.67,554.57,110.04,166.21,204.7,91.68,142.12,267.85,121.84,189.88,290.04,3174.66,1679.61,473.17,81.09,244.11,1051.22,386.92,236.04,290.12,437.92,208.54,101.18,3522.47,232.17,131.47,134.05,38.85,54.97,97.57,274.35
20261005,12:19:30,49655.85,44509.2,26145.38,17115.36,123.76,1853.22,450.51,464.66,554.57,110.04,166.21,204.69,91.68,142.11,267.85,121.84,189.88,290.01,3175.01,1679.81,473.01,81.08,244.11,1051.22,386.92,236.04,290.43,437.9,208.43,101.18,3522.1,232.17,131.47,134.05,38.85,54.98,97.57,274.35
20261005,12:19:35,49648.25,44501.57,26145.56,17114.83,123.63,1851.8,450.49,464.66,554.46,110.04,166.21,204.69,91.68,142.11,267.85,121.96,189.88,290.01,3174.41,1679.64,473.01,81.05,244.11,1051.02,386.92,236.04,289.93,437.9,208.45,101.18,3522.3,232.17,131.47,134.05,38.85,54.98,97.57,274.32
20261005,12:19:40,49644.93,44498.12,26145.87,17114.45,123.63,1851.8,450.49,464.41,554.44,110.04,166.21,204.69,91.68,142.11,267.85,121.96,189.83,290.01,3174.14,1679.58,473.0,81.07,244.11,1050.56,386.9,236.04,289.93,437.9,208.45,101.18,3522.5,232.17,131.47,134.05,38.85,54.98,97.57,274.32
20261005,12:19:45,49645.77,44498.66,26145.67,17113.27,123.76,1851.8,450.5,464.41,554.44,110.04,166.2,204.66,91.68,142.11,267.85,121.96,189.83,290.0,3174.21,1679.46,473.14,81.05,244.11,1050.98,386.9,236.04,289.93,437.9,208.3,101.18,3522.76,232.17,131.47,134.05,38.85,54.96,97.57,274.32
20261005,12:19:50,49648.86,44501.4,26151.55,17119.14,123.76,1851.8,450.49,464.41,554.44,110.04,166.2,204.67,91.68,142.11,267.85,121.96,189.83,290.01,3174.29,1679.39,473.01,81.05,244.29,1050.96,386.9,236.04,290.24,437.93,208.42,101.18,3523.0,232.17,132.06,134.05,38.85,54.96,97.57,274.32
20261005,12:19:55,49647.3,44499.66,26148.14,17114.48,123.76,1851.8,450.49,464.41,554.44,110.04,166.21,204.68,91.68,142.11,267.85,121.95,189.92,290.01,3174.26,1679.39,472.92,81.01,244.29,1051.02,386.9,236.04,290.26,437.93,208.39,101.18,3523.2,232.17,131.47,134.14,38.85,54.96,97.57,274.32
20261005,12:20:00,49644.97,44496.46,26150.38,17113.94,123.76,1851.8,450.58,464.54,554.44,110.04,166.2,204.65,91.68,142.11,267.85,121.94,189.92,290.03,3174.02,1679.32,472.92,81.01,244.29,1051.05,386.9,236.29,289.94,437.91,208.27,101.18,3524.05,232.17,131.47,134.12,38.85,54.96,97.57,274.3
20261005,12:20:05,49647.31,44500.29,26145.65,17113.7,123.76,1851.58,450.58,464.54,554.44,110.05,166.19,204.62,91.68,142.11,267.85,121.94,189.92,290.06,3174.33,1679.5,473.04,81.13,244.29,1050.87,387.15,236.29,289.94,437.91,208.27,101.18,3522.63,232.17,131.47,134.12,38.85,54.96,97.57,274.25
20261005,12:20:10,49644.58,44497.19,26146.48,17113.17,123.76,1851.58,450.49,464.55,554.43,110.05,166.19,204.62,91.68,142.11,267.85,121.94,189.92,290.05,3174.09,1679.41,472.88,81.1,244.29,1050.88,387.15,236.29,289.91,437.91,208.27,101.18,3523.03,232.17,131.47,134.12,38.9,54.95,97.57,274.29
20261005,12:20:15,49642.31,44495.37,26145.44,17113.29,123.76,1851.21,450.48,464.55,554.43,110.05,166.19,204.67,91.67,142.11,267.85,121.94,190.0,290.05,3173.94,1679.21,472.78,81.06,244.29,1051.24,387.23,236.29,289.95,437.94,208.28,101.18,3522.68,232.17,131.47,134.17,38.9,54.95,97.57,274.29
20261005,12:20:20,49640.12,44493.29,26145.79,17113.87,123.77,1852.63,450.48,464.48,554.43,109.97,166.19,204.67,91.67,142.32,267.85,121.94,190.0,290.05,3173.76,1679.21,472.87,81.08,244.29,1050.72,387.25,236.29,289.91,437.94,208.28,101.18,3522.63,232.17,131.47,134.17,38.9,54.95,97.57,274.29
20261005,12:20:25,49641.28,44494.33,26145.33,17113.02,123.77,1852.63,450.48,464.48,554.4,109.97,166.19,204.66,91.67,142.32,267.85,121.82,190.0,290.05,3173.87,1679.32,472.82,81.08,244.29,1050.73,387.01,236.29,289.9,437.94,208.28,101.18,3522.72,232.17,131.47,134.17,38.9,54.96,97.57,274.29
20261005,12:20:30,49639.43,44492.52,26144.19,17111.71,123.64,1852.63,450.48,464.48,554.33,109.97,166.18,204.63,91.67,142.11,267.85,121.8,189.92,290.03,3173.75,1679.13,472.73,81.06,244.29,1051.22,386.67,236.29,289.9,437.94,208.27,101.18,3522.72,232.17,131.47,134.19,38.9,54.96,97.57,274.28
20261005,12:20:35,49640.25,44495.19,26138.15,17111.03,123.64,1850.98,450.48,464.48,554.33,109.97,166.18,204.64,91.67,142.11,267.85,121.8,189.92,290.03,3173.98,1679.34,472.81,81.09,244.11,1051.28,386.67,236.29,289.79,437.98,208.27,101.18,3521.02,232.17,131.47,134.09,38.9,54.98,97.57,274.29
20261005,12:20:40,49638.27,44493.96,26140.78,17116.38,123.64,1850.98,450.48,464.48,554.34,109.97,166.18,204.64,91.67,142.11,267.85,121.92,189.92,290.03,3173.76,1679.37,472.72,81.05,244.11,1050.75,386.65,236.29,289.85,437.98,208.28,101.18,3520.38,232.17,132.06,134.0,38.9,54.98,97.57,274.29
20261005,12:20:45,49592.54,44448.34,26140.07,17112.0,123.77,1850.98,450.48,464.48,554.34,109.97,166.18,204.64,91.67,142.11,267.85,121.92,189.88,290.03,3170.19,1676.97,472.79,81.09,243.68,1049.94,386.58,236.29,289.84,437.98,208.28,101.18,3521.35,232.17,131.47,134.06,38.9,54.96,97.57,274.29
20261005,12:20:50,49631.34,44488.51,26132.94,17111.73,123.77,1850.98,450.39,464.48,554.23,109.97,166.19,204.61,91.68,142.11,267.85,121.8,189.88,290.03,3173.43,1679.24,472.79,81.06,243.68,1050.67,386.57,236.29,289.84,437.98,208.42,101.18,3519.19,232.17,131.47,134.06,38.9,54.96,97.57,274.31
20261005,12:20:55,49637.51,44494.38,26133.71,17112.12,123.77,1850.98,450.39,464.55,554.26,109.97,166.18,204.58,91.68,142.11,267.85,121.81,189.88,290.03,3173.89,1679.36,472.89,81.07,243.93,1050.75,386.57,236.29,290.11,438.03,208.42,101.18,3519.33,232.17,131.47,134.04,38.9,54.98,97.57,274.31
20261005,12:21:00,49634.03,44488.77,26140.0,17111.92,123.77,1850.98,450.4,464.55,554.19,109.97,166.17,204.53,91.68,142.11,267.85,121.81,189.92,290.05,3173.45,1679.15,472.77,81.09,243.93,1050.64,386.54,236.29,289.94,438.03,208.42,101.18,3521.35,232.17,131.47,134.06,38.9,54.98,97.57,274.31
20261005,12:21:05,49638.67,44493.01,26144.87,17116.59,123.77,1850.98,450.4,464.57,554.15,109.97,166.17,204.54,91.68,142.11,267.85,121.81,189.92,290.1,3173.67,1679.32,472.76,81.06,243.92,1050.73,386.54,236.29,289.93,438.03,208.42,101.18,3521.6,232.17,132.06,134.06,38.9,54.96,97.57,274.31
20261005,12:21:10,49637.01,44492.13,26138.78,17112.09,123.77,1850.75,450.4,464.57,554.17,110.05,166.17,204.53,91.68,142.11,267.85,121.81,189.92,290.08,3173.71,1679.09,472.85,81.09,244.12,1051.2,386.54,236.29,289.93,438.03,208.42,101.18,3520.92,232.17,131.47,134.06,38.95,54.96,97.57,274.31
20261005,12:21:15,49637.05,44491.88,26139.12,17111.49,123.77,1850.75,450.4,464.57,554.17,109.97,166.16,204.53,91.68,142.11,267.85,121.81,189.92,290.08,3173.71,1679.27,472.72,81.12,244.12,1050.72,386.55,236.29,289.93,438.03,208.42,101.18,3521.19,232.17,131.47,133.96,38.95,54.96,97.57,274.31
20261005,12:21:20,49598.42,44453.77,26140.89,17111.92,123.77,1850.8,450.4,464.57,554.17,109.97,166.17,204.56,91.68,141.9,267.85,121.93,189.92,290.06,3170.62,1676.9,472.58,81.12,244.24,1050.74,386.53,236.29,289.93,438.02,208.42,101.18,3521.63,232.17,131.47,133.96,38.95,54.96,97.57,274.29
20261005,12:21:25,49593.19,44448.47,26141.01,17111.41,123.77,1850.8,450.4,464.57,554.17,110.05,166.15,204.56,91.66,141.69,267.85,121.93,189.92,290.04,3170.21,1676.68,472.67,81.12,244.03,1050.51,386.53,236.29,289.93,437.98,208.42,101.18,3521.81,232.17,131.47,133.87,38.95,54.98,97.57,274.29
20261005,12:21:30,49635.25,44487.4,26149.99,17114.85,123.64,1850.84,450.4,464.57,554.2,110.03,166.15,204.55,91.66,141.69,267.85,121.81,189.93,290.04,3173.26,1679.14,472.69,81.12,244.21,1050.03,386.53,236.29,289.93,437.98,208.41,101.18,3523.68,232.18,132.06,133.87,38.95,54.96,97.57,274.29
20261005,12:21:35,49632.07,44484.85,26143.54,17109.28,123.57,1850.84,450.4,464.57,554.2,110.03,166.15,204.53,91.66,141.69,267.85,121.79,189.93,290.04,3173.19,1679.13,472.6,81.12,243.9,1050.26,386.53,236.29,289.94,437.98,208.38,101.18,3523.17,232.18,131.47,133.83,38.95,54.96,97.57,274.29
20261005,12:21:40,49632.97,44485.98,26143.01,17109.52,123.7,1850.84,450.48,464.57,554.17,109.95,166.15,204.53,91.66,141.69,267.85,121.79,189.93,290.04,3173.28,1679.23,472.72,81.1,244.02,1049.98,386.28,236.29,289.94,437.98,208.31,101.18,3522.94,232.18,131.46,133.95,38.95,54.95,97.57,274.31
20261005,12:21:45,49632.63,44486.28,26143.95,17112.71,123.7,1850.84,450.4,464.57,554.17,109.95,166.34,204.53,91.82,141.69,267.85,121.91,189.96,290.04,3173.23,1679.21,472.68,81.03,244.01,1049.99,386.25,236.29,290.02,437.98,208.3,101.18,3522.37,232.18,131.46,133.95,38.95,54.96,97.57,274.61
20261005,12:21:50,49591.5,44444.62,26147.72,17111.73,123.57,1850.84,450.48,464.56,554.19,109.95,166.34,204.54,91.82,141.69,267.85,121.91,189.96,290.04,3169.89,1676.61,472.57,81.04,244.19,1050.01,386.25,236.29,290.02,437.97,208.16,101.18,3523.81,232.18,131.46,133.94,38.95,54.96,97.57,274.62
20261005,12:21:55,49637.26,44488.38,26149.92,17111.52,123.7,1850.84,450.48,464.48,554.19,109.95,166.33,204.48,91.82,141.69,267.85,121.91,189.96,290.04,3173.42,1679.24,472.66,81.04,243.83,1050.01,386.18,236.29,290.43,437.97,208.13,101.18,3524.56,232.18,131.46,133.94,38.95,54.96,97.57,274.62
20261005,12:22:00,49638.94,44490.24,26148.2,17110.28,123.7,1850.84,450.48,464.48,554.04,109.95,166.33,204.5,91.82,141.68,267.73,121.79,189.96,290.04,3173.6,1679.17,472.64,81.02,243.83,1050.72,386.16,236.29,290.43,437.97,208.13,101.18,3524.36,232.2,131.46,133.94,38.95,54.96,97.57,274.62
20261005,12:22:05,49635.62,44488.04,26144.82,17109.86,123.7,1850.84,450.48,464.48,554.01,109.95,166.34,204.52,91.82,141.68,267.73,121.79,189.96,290.06,3173.44,1679.05,472.66,81.01,243.83,1050.77,386.16,236.29,290.37,437.97,208.13,101.18,3523.42,232.2,131.46,133.84,38.95,54.95,97.57,274.62
20261005,12:22:10,49635.65,44489.25,26141.65,17110.15,123.7,1850.84,450.4,464.48,554.01,109.95,166.34,204.52,91.82,141.68,267.73,121.92,189.96,290.06,3173.53,1679.22,472.74,81.01,243.83,1050.76,386.16,236.29,290.06,438.05,208.12,101.18,3522.35,232.2,131.46,133.86,38.95,54.94,97.57,274.62
20261005,12:22:15,49636.73,44490.74,26141.71,17111.69,123.7,1853.0,450.48,464.48,554.01,109.95,166.34,204.52,91.82,141.68,267.73,121.92,189.96,290.06,3173.61,1679.21,472.9,81.02,243.83,1050.76,386.16,236.29,290.1,438.05,208.12,101.18,3521.95,232.2,131.46,133.86,38.95,54.94,97.57,274.62
20261005,12:22:20,49632.57,44485.72,26148.06,17115.78,123.7,1852.63,450.48,464.48,554.01,109.95,166.32,204.5,91.81,141.68,267.73,121.92,189.96,290.06,3173.11,1679.13,472.86,81.01,243.83,1049.87,386.19,236.29,290.1,438.02,208.11,101.18,3522.82,232.13,132.05,133.86,38.93,54.94,97.57,274.62
20261005,12:22:25,49636.16,44490.43,26140.58,17111.22,123.7,1852.88,450.48,464.48,554.01,109.97,166.32,204.5,91.81,141.69,267.73,121.92,189.92,290.06,3173.6,1679.47,472.83,81.02,243.83,1049.97,386.39,236.27,290.1,438.05,208.11,101.18,3521.72,232.13,131.46,133.86,38.94,54.94,97.57,274.62
20261005,12:22:30,49636.81,44490.48,26142.09,17110.98,123.57,1852.96,450.48,464.48,554.01,109.97,166.32,204.5,91.81,141.69,267.73,121.92,189.92,290.07,3173.61,1679.38,472.52,80.98,244.01,1050.53,386.39,236.27,290.1,438.05,208.11,101.18,3522.26,232.13,131.46,133.87,38.94,54.95,97.57,274.62
20261005,12:22:35,49597.74,44452.42,26143.52,17112.67,123.57,1854.3,450.48,464.48,554.01,109.97,166.32,204.5,91.81,141.69,267.73,121.92,189.92,290.11,3170.5,1676.98,472.52,80.97,244.01,1050.56,386.39,236.27,290.09,438.05,208.22,101.18,3522.25,232.13,131.46,133.87,38.94,54.95,97.57,274.61
20261005,12:22:40,49630.61,44485.75,26137.09,17109.63,123.57,1851.46,450.48,464.4,554.01,109.97,166.32,204.5,91.81,141.69,267.73,121.81,189.92,290.11,3173.26,1679.16,472.52,81.0,243.9,1050.43,386.39,236.27,290.09,438.07,208.11,101.18,3521.06,232.13,131.46,133.88,38.94,54.95,97.57,274.59
20261005,12:22:45,49593.52,44447.07,26145.71,17111.04,123.64,1851.69,450.4,464.52,554.31,109.97,166.34,204.56,91.81,141.69,267.73,121.81,189.92,290.11,3170.11,1676.74,472.47,80.98,243.88,1050.51,386.39,236.27,290.09,438.07,208.11,101.21,3523.37,232.13,131.46,133.99,38.94,54.95,97.57,274.61
20261005,12:22:50,49597.74,44451.37,26145.94,17111.96,123.64,1851.69,450.49,464.52,554.31,109.97,166.33,204.55,91.81,141.69,267.73,121.81,189.92,290.11,3170.43,1676.74,472.47,80.97,243.9,1051.26,386.42,236.27,290.1,438.1,208.15,101.21,3523.2,232.07,131.46,133.98,38.93,54.96,97.57,274.59
20261005,12:22:55,49601.25,44454.8,26147.38,17113.62,123.77,1853.11,450.56,464.52,554.31,109.97,166.35,204.53,91.83,141.69,267.73,121.81,189.92,290.11,3170.67,1676.96,472.43,80.98,243.9,1051.21,386.42,236.27,290.06,438.11,208.15,101.21,3523.2,232.07,131.46,133.96,38.93,54.96,97.57,274.59
20261005,12:23:00,49645.71,44497.34,26148.03,17111.74,123.77,1853.14,450.48,464.6,554.31,109.97,166.16,204.55,91.67,141.9,267.73,121.93,189.92,290.11,3174.14,1679.44,472.53,80.97,243.9,1051.68,386.42,236.27,290.1,438.11,208.11,101.18,3523.91,232.07,131.46,133.96,38.93,54.96,97.57,274.59
20261005,12:23:05,49637.76,44489.87,26147.49,17112.08,123.77,1853.14,450.39,464.52,554.24,109.97,166.36,204.57,91.83,141.9,267.73,121.93,189.92,290.11,3173.53,1679.27,472.76,81.0,243.89,1050.49,386.42,236.27,290.11,438.1,208.12,101.18,3523.65,232.07,131.46,133.96,38.93,54.96,97.57,274.27
20261005,12:23:10,49644.81,44497.0,26152.92,17119.21,123.77,1853.14,450.48,464.6,554.24,109.95,166.37,204.58,91.83,141.9,267.73,121.93,189.92,290.1,3173.93,1679.48,472.75,80.99,243.9,1050.96,386.42,236.27,289.97,438.1,208.29,101.18,3523.41,232.07,132.05,133.96,38.93,54.96,97.57,274.28
20261005,12:23:15,49596.14,44450.05,26146.62,17113.54,123.77,1853.14,450.48,464.6,554.24,109.95,166.37,204.6,91.83,141.9,267.73,121.81,189.92,290.11,3170.29,1676.79,472.81,80.97,243.9,1050.52,386.39,236.27,290.02,438.14,208.29,101.18,3522.98,232.07,131.46,133.95,38.89,54.97,97.57,274.24
20261005,12:23:20,49640.84,44494.04,26145.56,17113.76,123.77,1853.14,450.48,464.6,554.24,109.95,166.39,204.6,91.84,141.9,267.73,121.81,189.92,290.13,3173.83,1679.49,472.84,80.99,243.9,1050.48,386.42,236.27,290.06,438.15,208.29,101.18,3522.59,232.07,131.46,133.95,38.89,54.97,97.57,274.24
20261005,12:23:25,49639.11,44490.74,26150.78,17114.38,123.7,1853.14,450.48,464.47,554.27,109.95,166.38,204.59,91.84,141.9,267.73,121.93,189.92,290.15,3173.55,1679.32,472.65,80.98,244.01,1050.51,386.42,236.27,290.01,438.1,208.29,101.18,3524.05,232.11,131.46,133.96,38.89,54.97,97.57,274.24
20261005,12:23:30,49643.79,44495.31,26149.4,17112.79,123.57,1853.14,450.48,464.54,554.27,109.95,166.38,204.6,91.84,141.9,267.73,121.81,189.89,290.15,3173.95,1679.34,472.65,81.08,244.01,1051.23,386.42,236.27,290.01,438.13,208.14,101.18,3524.05,232.11,131.46,133.96,38.89,54.97,97.57,274.54
20261005,12:23:35,49647.18,44500.62,26143.58,17112.82,123.57,1853.14,450.48,464.48,554.24,109.95,166.38,204.57,91.84,141.9,267.73,121.81,189.89,290.15,3174.38,1679.55,472.65,81.03,244.01,1051.71,386.77,236.27,289.95,438.12,208.18,101.18,3522.22,232.11,131.46,133.96,38.89,54.97,97.57,274.54
20261005,12:23:40,49644.86,44496.37,26153.67,17117.78,123.56,1853.14,450.48,464.48,554.24,109.95,166.39,204.57,91.85,141.9,267.73,121.81,189.89,290.15,3173.92,1679.51,472.76,81.03,244.19,1050.49,386.77,236.27,289.94,438.14,208.19,101.18,3524.03,232.11,132.05,133.96,38.89,54.97,97.57,274.53
20261005,12:23:45,49639.41,44490.77,26154.53,17117.8,123.56,1853.14,450.48,464.48,554.24,109.95,166.39,204.57,91.85,141.69,267.73,121.83,189.89,290.18,3173.47,1679.2,472.65,81.03,244.19,1050.48,386.76,236.27,289.94,438.14,208.19,101.17,3524.3,232.11,132.05,133.96,38.89,54.95,97.57,274.61
20261005,12:23:50,49646.82,44498.45,26153.48,17118.12,123.56,1853.14,450.56,464.48,554.27,109.95,166.39,204.56,91.85,141.69,267.73,121.81,189.89,290.18,3174.08,1679.42,472.66,81.04,244.19,1051.21,386.76,236.27,289.94,438.13,208.15,101.17,3523.88,232.11,132.05,133.96,38.89,54.97,97.57,274.61
20261005,12:23:55,49650.85,44502.69,26148.52,17113.48,123.69,1853.13,450.56,464.47,554.27,109.95,166.39,204.56,91.85,141.69,267.73,121.81,189.93,290.17,3174.53,1679.72,472.78,81.06,244.19,1051.19,386.76,236.27,289.97,438.12,208.13,101.17,3523.59,232.11,131.46,133.96,38.89,54.95,97.57,274.61
20261005,12:24:00,49643.98,44495.58,26150.49,17114.34,123.69,1853.13,450.57,464.35,554.16,109.95,166.39,204.56,91.85,141.69,267.73,121.95,189.93,290.38,3173.94,1679.36,472.84,81.04,244.19,1050.87,386.74,236.27,289.97,438.14,208.13,101.17,3523.97,232.07,131.46,133.96,38.89,54.94,97.57,274.63
20261005,12:24:05,49644.95,44496.63,26154.7,17119.53,123.69,1853.13,450.57,464.35,554.16,109.95,166.4,204.55,91.86,141.69,267.73,121.95,189.93,290.37,3173.9,1679.46,472.87,81.04,244.19,1050.44,386.74,236.27,289.96,438.14,208.17,101.17,3523.88,232.07,132.05,133.96,38.89,54.94,97.57,274.63
20261005,12:24:10,49649.94,44501.89,26149.19,17114.54,123.69,1853.13,450.56,464.35,554.09,109.95,166.4,204.55,91.86,141.68,267.73,121.95,189.93,290.37,3174.44,1679.49,472.88,81.06,244.19,1051.18,386.74,236.27,290.27,438.14,208.17,101.17,3523.51,232.07,131.46,133.98,38.89,54.94,97.57,274.63
20261005,12:24:15,49603.7,44457.46,26146.48,17113.52,123.56,1853.13,450.57,464.35,554.08,109.97,166.4,204.56,91.86,141.68,267.73,121.82,189.93,290.38,3170.88,1676.98,472.91,81.1,244.16,1050.42,386.74,236.27,290.27,438.13,208.17,101.17,3522.94,232.14,131.46,133.98,38.89,54.94,97.57,274.61
20261005,12:24:20,49649.54,44501.9,26147.9,17114.41,123.56,1853.13,450.56,464.35,554.08,109.98,166.4,204.56,91.86,141.9,267.73,121.94,189.93,290.39,3174.44,1679.84,472.96,81.05,244.34,1050.34,386.74,236.27,289.96,438.07,208.16,101.17,3523.14,232.14,131.46,133.98,38.89,54.94,97.57,274.61
20261005,12:24:25,49648.4,44500.68,26148.47,17114.7,123.56,1853.13,450.56,464.35,554.08,109.98,166.4,204.55,91.86,141.9,267.55,121.94,189.93,290.4,3174.34,1679.71,473.0,81.06,244.34,1050.42,386.74,236.27,289.96,438.07,208.19,101.17,3523.24,232.14,131.46,133.99,38.89,54.95,97.57,274.61
20261005,12:24:30,49649.33,44503.32,26142.18,17113.26,123.56,1853.13,450.57,464.35,554.08,109.98,166.39,204.52,91.86,141.9,267.55,121.82,189.93,290.4,3174.59,1679.89,472.98,81.06,244.34,1050.42,386.74,236.27,290.0,438.09,208.16,101.18,3521.67,232.14,131.46,133.89,38.89,54.95,97.57,274.61
20261005,12:24:35,49654.08,44505.7,26150.68,17115.51,123.56,1854.54,450.57,464.35,554.12,109.98,166.39,204.54,91.86,141.69,267.55,121.82,189.93,290.39,3174.72,1679.98,473.05,81.05,244.34,1050.41,386.74,236.27,290.0,438.09,208.34,101.18,3523.71,232.21,131.46,133.88,38.89,54.95,97.57,274.61
20261005,12:24:40,49658.49,44509.74,26149.74,17113.55,123.56,1854.54,450.48,464.35,554.12,109.98,166.43,204.5,91.9,141.68,267.55,121.82,189.93,290.38,3175.1,1679.97,472.93,81.0,244.35,1051.23,386.41,236.27,290.26,438.09,208.16,101.18,3523.95,232.21,131.46,133.88,38.89,54.95,97.57,274.61
20261005,12:24:45,49697.23,44547.96,26153.51,17119.5,123.56,1854.54,450.57,464.35,554.04,109.98,166.43,204.47,91.91,141.68,267.55,121.94,189.93,290.38,3178.03,1682.39,472.86,80.99,244.35,1051.26,386.41,236.27,289.95,438.09,208.16,101.18,3523.51,232.21,132.05,133.88,38.89,54.95,97.55,274.61
20261005,12:24:50,49698.69,44548.99,26155.14,17120.02,123.56,1854.54,450.48,464.35,554.02,110.06,166.44,204.49,91.91,141.68,267.55,121.83,189.93,290.36,3178.1,1682.48,472.88,81.0,244.17,1051.27,386.41,236.27,289.95,438.09,208.34,101.18,3523.88,232.21,132.05,133.86,38.89,54.95,97.55,274.63
20261005,12:24:55,49699.36,44549.45,26154.54,17118.72,123.57,1853.13,450.48,464.35,554.02,109.98,166.43,204.46,91.91,141.68,267.55,121.83,189.93,290.36,3178.17,1682.54,472.9,80.99,244.17,1051.18,386.41,236.27,290.0,438.09,208.3,101.18,3524.05,232.28,132.05,133.86,38.89,54.93,97.55,274.63
20261005,12:25:00,49700.47,44551.09,26151.24,17116.77,123.57,1853.13,450.56,464.35,554.03,109.98,166.63,204.47,92.07,141.68,267.55,121.83,189.93,290.36,3178.35,1682.88,472.89,81.01,244.17,1050.54,386.41,236.27,290.01,438.04,208.3,101.18,3523.54,232.28,131.46,133.86,38.89,54.95,97.55,274.63
20261005,12:25:05,49703.4,44556.03,26144.39,17115.9,123.7,1853.13,450.49,464.35,554.03,109.98,166.62,204.47,92.06,141.68,267.55,121.83,189.93,290.36,3178.77,1682.94,472.79,81.01,244.17,1051.4,386.48,236.27,290.02,438.04,208.25,101.18,3521.64,232.28,131.46,133.86,38.89,54.93,97.55,274.63
20261005,12:25:10,49669.05,44520.45,26150.1,17115.39,123.7,1853.13,450.57,464.35,553.69,109.98,166.64,204.5,92.07,141.68,267.55,121.77,189.93,290.36,3175.92,1680.55,472.79,81.04,244.17,1051.55,386.48,236.27,290.33,438.04,208.28,101.18,3523.56,232.28,131.46,133.86,38.89,54.92,97.55,274.63
20261005,12:25:15,49711.52,44564.76,26146.06,17120.57,123.7,1853.13,450.57,464.35,553.66,109.98,166.65,204.54,92.07,141.68,267.55,121.79,189.93,290.34,3179.36,1683.1,472.75,81.02,244.17,1052.33,386.54,236.27,290.02,438.04,208.31,101.18,3520.89,232.28,132.05,133.86,38.89,54.92,97.55,274.63
20261005,12:25:20,49703.83,44557.27,26142.42,17116.38,123.7,1853.13,450.57,464.43,553.66,109.98,166.64,204.54,92.06,141.68,267.55,121.77,189.93,290.33,3178.86,1682.93,472.76,81.04,244.16,1051.62,386.47,236.27,290.02,438.03,208.39,101.18,3520.89,232.28,131.46,133.87,38.89,54.92,97.55,274.64
20261005,12:25:25,49704.44,44557.62,26143.12,17116.39,123.7,1853.13,450.57,464.43,553.66,109.97,166.64,204.54,92.06,141.68,267.55,121.79,189.93,290.33,3178.89,1682.78,472.86,81.02,244.19,1052.06,386.49,236.27,290.02,438.02,208.37,101.16,3521.11,232.28,131.46,133.86,38.89,54.92,97.55,274.66
20261005,12:25:30,49709.26,44559.84,26149.99,17115.99,123.7,1853.13,450.57,464.43,553.75,109.97,166.64,204.56,92.06,141.68,267.55,121.79,189.93,290.34,3179.08,1682.91,472.86,81.04,244.19,1052.08,386.49,236.27,290.01,437.55,208.39,101.16,3523.37,232.28,131.45,133.86,38.89,54.92,97.55,274.68
20261005,12:25:35,49712.09,44561.68,26154.32,17117.88,123.7,1853.13,450.65,464.43,554.05,110.05,166.63,204.52,92.05,141.68,267.55,121.8,189.97,290.34,3179.18,1682.96,472.97,81.04,244.19,1052.06,386.5,236.27,290.01,437.55,208.41,101.16,3524.21,232.28,131.45,133.83,38.9,54.92,97.55,274.68
20261005,12:25:40,49674.14,44525.28,26152.68,17117.96,123.7,1853.13,450.65,464.43,554.09,109.97,166.64,204.53,92.06,141.68,267.67,121.8,189.97,290.34,3176.24,1680.56,473.03,81.06,244.21,1052.35,386.5,236.27,290.01,437.57,208.41,101.16,3523.67,232.28,131.45,133.82,38.9,54.92,97.55,274.7
20261005,12:25:45,49713.7,44563.95,26152.94,17118.67,123.7,1853.13,450.65,464.43,554.06,110.05,166.64,204.53,92.06,141.68,267.67,121.8,189.97,290.32,3179.34,1682.97,473.02,81.04,244.19,1052.35,386.5,236.27,290.01,437.56,208.48,101.16,3523.56,232.28,131.45,133.82,38.9,54.91,97.55,274.7
20261005,12:25:50,49707.97,44559.49,26148.04,17116.76,123.57,1853.13,450.57,464.43,554.09,110.05,166.64,204.53,92.06,141.68,267.67,121.92,190.0,290.11,3179.03,1682.73,473.01,81.07,244.17,1052.35,386.48,236.27,290.01,437.58,208.33,101.16,3522.55,232.28,131.46,133.82,38.9,54.91,97.55,274.69
20261005,12:25:55,49708.38,44559.87,26148.11,17116.78,123.57,1853.13,450.57,464.43,554.09,110.05,166.63,204.52,92.06,141.89,267.67,121.94,190.0,290.11,3179.06,1682.82,472.85,81.05,244.18,1052.33,386.45,236.27,290.01,437.58,208.28,101.16,3522.56,232.28,131.46,133.82,38.9,54.93,97.55,274.69
20261005,12:26:00,49705.63,44556.76,26149.97,17117.47,123.57,1853.13,450.65,464.43,554.01,110.05,166.64,204.54,92.06,141.89,267.67,121.92,190.1,290.12,3178.79,1682.88,472.84,81.06,244.18,1051.64,386.46,236.27,289.92,437.58,208.31,101.16,3522.96,232.28,131.46,133.82,38.9,54.93,97.55,274.67
20261005,12:26:05,49712.17,44561.88,26153.52,17117.39,123.7,1853.13,450.75,464.43,554.01,110.05,166.62,204.53,92.05,141.89,267.67,121.92,190.1,290.12,3179.21,1682.94,472.86,81.07,244.18,1052.37,386.48,236.28,289.92,437.59,208.2,101.16,3524.09,232.28,131.46,133.84,38.9,54.93,97.55,274.66
20261005,12:26:10,49713.61,44564.3,26155.36,17122.91,123.7,1853.13,450.67,464.43,554.01,110.05,166.61,204.51,92.05,141.89,267.67,121.92,190.1,290.11,3179.27,1682.84,472.86,81.09,244.17,1052.84,386.23,236.26,289.92,437.59,208.35,101.16,3523.17,232.28,132.05,133.84,38.9,54.93,97.55,274.66
20261005,12:26:15,49715.27,44565.37,26156.06,17121.87,123.7,1853.13,450.65,464.43,554.01,110.05,166.61,204.51,92.05,141.89,267.67,121.8,190.1,290.11,3179.38,1682.93,472.76,81.11,244.19,1052.86,386.26,236.26,289.92,437.59,208.32,101.16,3523.67,232.28,132.05,133.84,38.91,54.95,97.55,274.66
20261005,12:26:20,49704.81,44555.27,26156.33,17122.51,123.7,1853.13,450.65,464.68,554.15,110.05,166.62,204.54,92.05,141.89,267.67,121.8,190.1,290.11,3178.55,1682.77,473.08,81.11,244.19,1051.05,386.58,236.26,289.92,437.59,208.32,101.16,3523.58,232.28,132.05,133.84,38.9,54.93,97.55,274.66
20261005,12:26:25,49706.07,44556.24,26155.81,17121.03,123.7,1853.13,450.65,464.68,554.11,110.05,166.62,204.54,92.05,141.89,267.67,121.8,190.1,290.11,3178.66,1682.93,472.86,81.1,244.19,1051.07,386.58,236.26,289.92,437.59,208.18,101.16,3523.82,232.28,132.05,133.84,38.9,54.93,97.55,274.63
20261005,12:26:30,49704.45,44555.77,26151.68,17119.98,123.7,1853.13,450.57,464.5,554.11,110.05,166.62,204.54,92.04,141.89,267.67,121.8,189.96,290.11,3178.65,1682.73,472.94,81.08,244.19,1051.07,386.58,236.26,290.33,437.59,208.18,101.16,3522.81,232.28,132.05,133.84,38.9,54.93,97.55,274.64
20261005,12:26:35,49708.52,44559.65,26152.87,17121.07,123.7,1853.13,450.65,464.5,554.32,110.05,166.62,204.54,92.04,141.89,267.67,121.8,189.98,290.09,3178.94,1682.81,473.04,81.16,244.02,1051.8,386.58,236.26,290.01,437.59,208.15,101.16,3522.89,232.28,132.05,133.84,38.9,54.93,97.55,274.69
20261005,12:26:40,49709.01,44559.97,26149.44,17116.61,123.7,1853.13,450.65,464.76,554.31,110.05,166.62,204.54,92.04,141.89,267.67,121.8,189.98,290.07,3179.07,1682.82,473.11,81.16,244.02,1051.99,386.53,236.25,290.01,437.59,208.15,101.16,3523.03,232.28,131.46,133.84,38.9,54.95,97.55,274.69
20261005,12:26:45,49708.31,44559.66,26148.41,17116.65,123.7,1853.13,450.65,464.76,554.36,110.05,166.61,204.51,92.04,141.68,267.67,121.8,189.98,290.07,3179.04,1682.72,472.93,81.14,244.02,1052.08,386.2,236.26,290.37,437.59,208.16,101.19,3522.69,232.28,131.46,133.84,38.9,54.97,97.55,274.69
20261005,12:26:50,49705.04,44556.99,26148.19,17118.13,123.7,1853.13,450.74,464.76,554.36,110.05,166.62,204.54,92.04,141.68,267.67,121.92,189.98,290.06,3178.79,1682.73,472.81,81.16,244.02,1051.6,386.2,236.26,290.33,437.59,208.15,101.19,3522.23,232.28,131.46,133.86,38.9,54.97,97.55,274.67
20261005,12:26:55,49704.22,44555.54,26150.72,17118.85,123.7,1853.13,450.74,464.76,554.36,110.13,166.62,204.55,92.04,141.68,267.67,121.92,190.12,290.06,3178.66,1682.77,472.84,81.17,244.02,1051.52,386.17,236.26,290.01,437.59,208.18,101.19,3522.82,232.28,131.46,133.87,38.9,54.97,97.55,274.67
20261005,12:27:00,49701.54,44554.1,26145.63,17116.94,123.7,1853.13,450.65,464.76,554.36,110.13,166.62,204.54,92.04,141.68,267.67,121.8,190.12,290.06,3178.59,1682.46,472.84,81.19,244.02,1052.25,386.17,236.26,290.0,437.55,208.15,101.19,3521.75,232.28,131.46,133.87,38.9,54.96,97.55,274.67
20261005,12:27:05,49705.46,44558.17,26148.83,17121.45,123.7,1853.13,450.65,464.76,554.31,110.05,166.62,204.53,92.04,141.68,267.67,121.8,190.12,290.07,3178.81,1682.68,472.83,81.19,244.02,1052.18,386.19,236.26,289.96,437.55,208.18,101.19,3521.52,232.28,132.05,133.88,38.89,54.94,97.55,274.64
20261005,12:27:10,49656.41,44512.58,26142.87,17121.97,123.7,1853.15,450.65,464.63,554.31,110.05,166.61,204.53,92.04,141.68,267.67,121.8,190.12,290.08,3175.12,1680.2,472.83,81.17,243.75,1051.36,386.2,236.26,289.96,437.45,208.28,101.19,3519.52,232.28,132.05,133.86,38.89,54.94,97.55,274.64
20261005,12:27:15,49701.07,44553.64,26150.71,17122.77,123.7,1853.14,450.65,464.63,554.39,110.05,166.61,204.51,92.05,141.68,267.67,121.92,189.94,290.07,3178.41,1682.48,473.12,81.21,244.18,1051.37,386.21,236.26,289.96,437.45,208.28,101.19,3521.75,232.28,132.05,133.86,38.89,54.94,97.55,274.64
20261005,12:27:20,49703.26,44555.34,26146.99,17117.05,123.7,1853.14,450.65,464.75,554.39,110.05,166.59,204.44,92.05,141.68,267.67,121.8,190.09,290.07,3178.69,1682.48,472.97,81.21,244.2,1052.15,386.26,236.26,289.96,437.5,208.29,101.22,3522.14,232.28,131.46,133.96,38.89,54.94,97.55,274.35
20261005,12:27:25,49703.18,44555.48,26147.08,17117.87,123.7,1853.14,450.74,464.76,554.39,110.05,166.6,204.45,92.05,141.68,267.67,121.8,189.94,290.07,3178.68,1682.48,472.92,81.21,244.2,1052.19,386.24,236.26,289.96,437.52,208.29,101.22,3521.95,232.28,131.46,133.95,38.89,54.98,97.55,274.35
20261005,12:27:30,49704.83,44557.04,26151.38,17122.63,123.7,1853.14,450.74,464.76,554.39,110.05,166.6,204.45,92.05,141.68,267.67,121.8,189.94,290.08,3178.69,1682.49,472.92,81.2,244.2,1052.15,386.24,236.26,290.01,437.51,208.29,101.22,3522.0,232.28,132.05,133.95,38.89,54.98,97.55,274.35
20261005,12:27:35,49660.98,44514.98,26147.96,17120.94,123.7,1853.14,450.75,464.76,554.39,109.97,166.6,204.36,92.07,141.68,267.67,121.8,189.94,290.07,3175.34,1679.9,473.08,81.21,244.02,1052.12,386.24,236.26,290.02,437.45,208.17,101.22,3521.39,232.28,132.05,133.92,38.89,54.98,97.55,274.28
20261005,12:27:40,49701.68,44554.43,26148.76,17121.19,123.7,1853.14,450.65,464.76,554.39,109.97,166.6,204.38,92.06,141.68,267.67,121.93,189.94,290.05,3178.51,1682.42,472.91,81.21,244.02,1052.08,386.24,236.26,290.01,437.39,208.21,101.22,3521.57,232.28,132.05,133.92,38.89,54.98,97.55,274.26
20261005,12:27:45,49655.42,44510.37,26141.97,17116.75,123.7,1853.14,450.66,464.76,554.39,109.97,166.61,204.36,92.07,141.89,267.67,121.93,189.94,290.05,3175.07,1679.98,472.99,81.2,244.01,1051.37,386.24,236.26,290.01,437.36,208.18,101.22,3520.65,232.28,131.46,134.02,38.89,54.96,97.55,274.28
20261005,12:27:50,49659.12,44512.16,26146.32,17115.67,123.7,1853.14,450.66,464.75,554.45,109.97,166.6,204.39,92.06,141.68,267.55,121.81,189.94,290.05,3175.24,1680.09,473.08,81.21,244.01,1051.4,386.26,236.11,289.96,437.36,208.17,101.22,3522.3,232.28,131.45,134.04,38.89,54.94,97.55,274.33
20261005,12:27:55,49654.97,44509.16,26146.59,17119.5,123.57,1853.14,450.58,464.75,554.45,109.97,166.61,204.41,92.06,141.68,267.55,121.81,189.94,290.05,3174.91,1679.91,472.92,81.21,244.02,1051.32,386.27,236.11,289.96,437.36,208.17,101.22,3521.35,232.28,132.04,134.05,38.89,54.95,97.55,274.29
20261005,12:28:00,49700.35,44552.79,26150.73,17122.29,123.57,1853.14,450.67,464.75,554.39,109.97,166.62,204.42,92.07,141.68,267.55,121.93,189.94,290.04,3178.36,1682.55,472.91,81.22,244.02,1051.4,386.15,236.11,289.96,437.36,208.32,101.22,3521.89,232.28,132.04,134.06,38.89,54.95,97.55,274.29
20261005,12:28:05,49697.69,44550.31,26151.68,17123.76,123.7,1853.14,450.67,464.75,554.39,109.97,166.63,204.42,92.08,141.68,267.52,121.81,189.94,290.04,3178.12,1682.35,472.91,81.19,244.02,1051.5,386.13,236.11,289.96,437.41,208.43,101.22,3521.79,232.28,132.04,134.26,38.89,54.95,97.55,274.3
20261005,12:28:10,49693.43,44546.51,26146.42,17118.87,123.7,1853.14,450.66,464.64,554.39,110.05,166.62,204.42,92.07,141.68,267.52,121.81,189.94,290.04,3177.93,1682.27,472.91,81.2,244.02,1051.27,386.13,236.12,289.96,437.41,208.43,101.22,3521.47,232.28,131.45,134.23,38.89,54.95,97.55,274.29
20261005,12:28:15,49693.69,44549.02,26139.68,17118.69,123.7,1853.14,450.67,464.64,554.39,110.05,166.62,204.42,92.07,141.68,267.52,121.81,189.94,290.04,3178.14,1682.56,472.91,81.22,244.02,1050.84,386.15,236.12,289.96,437.41,208.41,101.22,3519.41,232.28,131.45,134.23,38.89,54.95,97.55,274.29
20261005,12:28:20,49697.32,44550.37,26150.53,17123.83,123.77,1853.14,450.67,464.64,554.39,110.05,166.62,204.42,92.07,141.68,267.52,121.93,189.94,290.04,3178.12,1682.53,472.95,81.21,244.02,1050.88,386.13,236.11,289.96,437.41,208.37,101.22,3521.41,232.28,132.04,134.23,38.89,54.93,97.55,274.29
20261005,12:28:25,49656.69,44510.71,26146.77,17119.26,123.77,1853.09,450.67,464.64,554.39,110.05,166.62,204.42,92.07,141.68,267.52,121.93,189.94,290.06,3175.04,1680.17,472.92,81.21,244.02,1050.85,386.15,236.11,289.96,437.45,208.36,101.22,3521.47,232.28,131.45,134.23,38.89,54.95,97.55,274.29
20261005,12:28:30,49651.35,44505.62,26144.49,17117.02,123.77,1853.09,450.67,464.64,554.39,110.05,166.49,204.44,91.96,141.68,267.52,121.81,189.99,290.07,3174.68,1679.9,472.93,81.19,244.02,1050.88,386.15,236.11,289.95,437.45,208.36,101.22,3521.37,232.27,131.45,134.23,38.89,54.95,97.55,274.27
20261005,12:28:35,49654.04,44507.81,26150.57,17122.56,123.77,1853.01,450.67,464.61,554.42,110.05,166.53,204.44,91.99,141.68,267.52,121.8,189.99,290.08,3174.72,1679.85,472.93,81.18,244.21,1050.96,386.15,236.11,289.96,437.46,208.39,101.22,3521.76,232.27,132.04,134.23,38.89,54.96,97.55,274.24
20261005,12:28:40,49657.96,44511.77,26148.71,17120.91,123.64,1852.99,450.67,464.55,554.42,110.04,166.52,204.41,91.99,141.68,267.52,121.8,189.99,290.08,3175.08,1680.11,472.86,81.2,244.21,1050.65,386.15,236.11,290.28,437.46,208.28,101.22,3521.63,232.27,132.04,134.23,38.89,54.96,97.55,274.24
20261005,12:28:45,49652.62,44507.18,26146.98,17120.98,123.64,1852.99,450.67,464.55,554.42,110.04,166.5,204.38,91.98,141.89,267.52,121.8,189.99,290.08,3174.71,1679.94,472.86,81.21,244.21,1050.68,386.14,236.11,289.95,437.47,208.28,101.22,3521.07,232.27,132.04,134.23,38.89,54.94,97.55,274.26
20261005,12:28:50,49689.78,44543.19,26145.74,17118.91,123.77,1853.0,450.58,464.3,554.17,110.04,166.52,204.38,91.99,141.89,267.52,121.81,189.95,290.08,3177.66,1682.26,472.81,81.21,244.21,1050.21,386.14,236.11,290.27,437.43,208.16,101.22,3521.24,232.27,132.04,134.33,38.89,54.95,97.55,274.24
20261005,12:28:55,49650.8,44505.02,26141.72,17113.64,123.7,1853.0,450.58,464.3,554.17,110.05,166.53,204.37,92.01,141.89,267.52,121.79,189.95,290.08,3174.71,1679.86,472.93,81.21,244.21,1050.85,386.14,236.11,289.96,437.41,208.11,101.22,3521.42,232.27,131.45,134.34,38.89,54.96,97.55,274.24
20261005,12:29:00,49653.68,44507.84,26145.53,17118.07,123.7,1853.0,450.66,464.29,554.17,110.13,166.73,204.38,92.16,141.88,267.55,121.94,189.95,290.07,3174.83,1679.94,472.94,81.21,244.21,1050.85,386.14,235.87,289.98,437.4,208.17,101.22,3521.41,232.27,131.45,134.34,38.89,54.96,97.55,274.27
20261005,12:29:05,49653.24,44507.13,26150.92,17123.29,123.7,1853.0,450.66,464.29,554.17,110.12,166.72,204.38,92.16,141.88,267.55,121.82,189.95,290.07,3174.65,1679.87,472.71,81.21,244.21,1050.89,386.17,235.87,289.98,437.39,208.32,101.22,3521.67,232.27,132.04,134.24,38.89,54.96,97.55,274.35
20261005,12:29:10,49695.79,44549.08,26150.17,17124.1,123.77,1853.0,450.66,464.29,554.17,110.12,166.73,204.35,92.18,141.88,267.55,121.82,189.95,290.07,3178.01,1682.47,472.8,81.21,244.21,1050.74,386.42,235.87,289.98,437.39,208.32,101.2,3521.22,232.27,132.04,134.24,38.89,54.94,97.55,274.6
20261005,12:29:15,49690.77,44543.8,26149.34,17121.87,123.77,1853.0,450.65,464.29,554.16,110.12,166.54,204.34,92.02,141.67,267.43,121.82,189.95,290.07,3177.64,1682.4,472.69,81.23,244.21,1050.14,386.42,235.87,289.99,437.4,208.34,101.2,3521.57,232.27,132.04,134.24,38.89,54.94,97.55,274.6
20261005,12:29:20,49691.27,44544.75,26148.78,17122.73,123.77,1853.0,450.65,464.3,554.2,110.04,166.53,204.34,92.01,141.67,267.43,121.94,189.95,290.07,3177.7,1682.23,472.72,81.23,244.21,1050.88,386.42,235.87,289.89,437.39,208.38,101.2,3521.16,232.27,132.04,134.24,38.89,54.94,97.55,274.6
20261005,12:29:25,49655.37,44509.31,26150.18,17122.83,123.77,1853.06,450.66,464.3,554.2,110.04,166.54,204.34,92.02,141.67,267.43,121.94,189.95,290.07,3174.84,1679.82,472.81,81.23,244.21,1051.38,386.42,235.87,289.89,437.39,208.34,101.2,3521.57,232.27,132.04,134.24,38.89,54.97,97.55,274.61
20261005,12:29:30,49691.68,44544.7,26149.81,17122.41,123.77,1853.06,450.66,464.3,554.2,110.04,166.49,204.37,91.97,141.67,267.43,121.94,189.95,290.07,3177.7,1682.04,472.81,81.25,244.21,1051.34,386.42,235.87,289.89,437.39,208.33,101.2,3521.57,232.27,132.04,134.26,38.89,54.99,97.55,274.61
20261005,12:29:35,49687.19,44539.92,26146.16,17116.86,123.77,1853.06,450.66,464.3,553.97,110.04,166.49,204.41,91.96,141.67,267.43,121.94,189.95,290.07,3177.45,1681.96,472.92,81.23,244.21,1050.9,386.42,235.87,289.89,437.42,208.33,101.2,3521.93,232.27,131.45,134.24,38.89,54.99,97.55,274.61
20261005,12:29:40,49688.24,44541.32,26147.99,17120.23,123.77,1853.06,450.65,464.3,553.93,110.04,166.5,204.47,91.96,141.67,267.43,121.94,189.95,290.06,3177.48,1682.05,472.81,81.22,244.2,1050.85,386.28,235.87,289.9,437.38,208.18,101.22,3521.59,232.27,132.04,134.24,38.89,54.99,97.55,274.63
20261005,12:29:45,49644.27,44498.58,26147.95,17120.56,123.76,1853.29,450.66,464.31,553.93,110.04,166.5,204.46,91.96,141.67,267.43,121.92,189.95,290.06,3174.03,1679.41,472.85,81.23,244.02,1050.88,386.28,235.87,289.9,437.39,208.18,101.22,3521.49,232.27,132.04,134.34,38.89,54.99,97.55,274.64
20261005,12:29:50,49682.18,44535.37,26148.76,17120.97,123.76,1853.29,450.66,464.31,554.07,110.04,166.49,204.46,91.96,141.67,267.43,121.93,189.95,290.04,3176.98,1681.73,472.73,81.21,244.02,1050.91,386.29,235.87,289.9,437.39,208.18,101.22,3521.63,232.27,132.04,134.34,38.89,55.0,97.55,274.63
20261005,12:29:55,49684.39,44536.63,26151.78,17121.45,123.76,1853.29,450.74,464.3,554.07,109.95,166.48,204.45,91.95,141.88,267.43,121.93,189.95,290.04,3177.07,1681.81,472.72,81.21,244.02,1050.9,386.29,235.87,289.9,437.4,208.18,101.22,3522.44,232.27,132.04,134.34,38.89,54.99,97.55,274.64
20261005,12:30:00,49684.74,44537.11,26150.75,17120.76,123.76,1853.29,450.74,464.47,554.06,110.03,166.48,204.46,91.95,141.88,267.43,121.83,189.95,290.04,3177.13,1681.85,472.73,81.22,244.02,1050.91,386.22,235.87,289.9,437.4,208.15,101.22,3522.31,232.27,132.04,134.34,38.89,54.99,97.55,274.6
20261005,12:30:05,49686.71,44539.0,26150.75,17120.64,123.7,1853.29,450.74,464.21,554.07,110.03,166.55,204.54,91.99,141.67,267.43,121.83,189.95,290.06,3177.28,1682.05,472.68,81.2,244.02,1050.78,386.22,235.87,289.86,437.4,208.12,101.22,3522.34,232.27,132.04,134.34,38.89,54.98,97.55,274.65
20261005,12:30:10,49690.87,44542.86,26153.03,17122.62,123.76,1854.71,450.74,464.21,553.96,110.02,166.56,204.51,92.0,141.67,267.43,121.94,189.95,290.04,3177.55,1682.06,472.81,81.24,244.03,1050.78,386.21,235.87,290.17,437.4,208.2,101.22,3522.52,232.27,132.04,134.34,38.89,55.0,97.55,274.62
20261005,12:30:15,49684.85,44539.32,26144.95,17121.1,123.76,1854.71,450.67,464.21,553.96,110.02,166.55,204.51,91.99,141.67,267.43,121.82,189.95,290.04,3177.3,1682.04,472.67,81.23,244.03,1050.78,386.42,235.87,289.86,437.39,208.19,101.22,3520.4,232.28,132.04,134.34,38.89,55.0,97.55,274.64
20261005,12:30:20,49643.55,44499.36,26140.65,17117.08,123.76,1854.71,450.75,464.21,553.96,110.02,166.56,204.52,92.0,141.67,267.43,121.81,189.95,290.04,3174.17,1679.64,472.67,81.21,244.04,1050.8,386.42,235.87,289.85,437.39,208.19,101.22,3520.15,232.28,131.45,134.34,38.89,55.0,97.55,274.68
20261005,12:30:25,49686.47,44539.42,26146.28,17117.69,123.76,1854.71,450.74,464.21,554.19,110.02,166.56,204.52,92.0,141.66,267.43,121.81,189.95,290.04,3177.39,1682.11,472.64,81.21,244.04,1050.79,386.42,235.87,289.89,437.39,208.19,101.22,3521.75,232.28,131.45,134.34,38.89,55.0,97.55,274.63
20261005,12:30:30,49646.11,44500.73,26144.54,17117.79,123.76,1853.4,450.74,464.21,554.19,110.02,166.55,204.52,91.99,141.66,267.43,121.93,189.95,290.04,3174.27,1679.7,472.75,81.2,244.21,1050.65,386.4,235.87,289.8,437.46,208.19,101.22,3521.17,232.28,131.45,134.34,38.89,54.98,97.55,274.63
20261005,12:30:35,49644.99,44500.47,26141.64,17117.28,123.76,1853.4,450.74,464.21,554.19,110.02,166.56,204.53,92.0,141.66,267.43,121.8,189.95,290.01,3174.26,1679.7,472.76,81.22,244.21,1050.58,386.4,235.87,289.8,437.46,208.22,101.22,3520.41,232.32,131.45,134.34,38.89,54.98,97.55,274.6
20261005,12:30:40,49646.36,44501.98,26142.05,17118.31,123.76,1853.18,450.74,464.21,554.18,110.02,166.58,204.55,92.01,141.67,267.43,121.8,189.95,290.02,3174.36,1679.83,472.75,81.2,244.03,1050.64,386.4,235.87,289.8,437.47,208.33,101.22,3520.25,232.32,131.45,134.34,38.89,54.98,97.55,274.52
20261005,12:30:45,49688.65,44543.06,26141.6,17117.38,123.76,1853.18,450.74,464.23,554.19,109.94,166.58,204.55,92.01,141.88,267.43,121.8,189.95,290.05,3177.69,1682.43,472.76,81.18,244.03,1050.58,386.45,235.87,289.8,437.47,208.22,101.22,3520.37,232.32,131.45,134.34,38.89,54.98,97.55,274.5
20261005,12:30:50,49649.42,44504.46,26144.81,17119.83,123.76,1853.18,450.74,464.23,554.15,109.94,166.58,204.55,92.01,141.67,267.43,121.92,189.95,290.05,3174.52,1679.94,472.77,81.16,244.03,1050.74,386.32,235.87,289.81,437.42,208.46,101.22,3520.71,232.32,131.45,134.34,38.89,54.96,97.55,274.5
20261005,12:30:55,49656.1,44509.33,26152.72,17123.42,123.76,1853.18,450.66,464.23,554.18,109.93,166.58,204.55,92.01,141.67,267.43,121.8,189.99,290.05,3174.83,1680.06,472.87,81.16,244.02,1050.97,386.46,235.87,289.81,437.42,208.46,101.22,3522.2,232.32,132.04,134.34,38.87,54.97,97.55,274.53
20261005,12:31:00,49658.36,44510.83,26153.8,17122.33,123.89,1853.18,450.65,464.23,554.18,109.93,166.57,204.57,92.0,141.67,267.43,121.8,189.99,290.05,3174.97,1680.06,472.76,81.17,244.02,1051.46,386.21,235.87,289.81,437.46,208.33,101.22,3522.84,232.32,132.04,134.34,38.87,54.97,97.55,274.53
20261005,12:31:05,49657.34,44509.69,26151.83,17119.56,123.76,1853.18,450.74,464.23,554.18,109.93,166.57,204.57,92.0,141.88,267.43,121.8,189.99,290.03,3174.95,1680.04,472.75,81.18,244.02,1051.48,385.88,236.02,289.81,437.48,208.47,101.22,3522.97,232.25,131.45,134.34,38.87,54.99,97.55,274.53
20261005,12:31:10,49695.0,44546.87,26149.06,17117.99,123.7,1853.18,450.74,464.23,554.18,109.93,166.55,204.56,91.98,141.88,267.43,121.92,189.96,290.03,3177.98,1682.57,472.7,81.17,244.14,1050.87,385.88,236.02,289.81,437.43,208.28,101.22,3522.53,232.25,131.45,134.34,38.87,54.99,97.55,274.53
20261005,12:31:15,49653.9,44507.67,26146.58,17117.94,123.7,1853.18,450.74,464.22,554.18,109.93,166.55,204.56,91.98,141.87,267.43,121.92,189.96,290.03,3174.82,1679.97,472.7,81.16,244.14,1051.34,385.88,236.02,289.86,437.39,208.29,101.22,3521.77,232.25,131.45,134.34,38.87,54.99,97.55,274.53
20261005,12:31:20,49695.64,44547.87,26150.95,17121.43,123.7,1853.18,450.65,464.22,554.09,109.93,166.55,204.57,91.98,141.87,267.43,121.92,189.96,290.03,3177.98,1682.59,472.69,81.16,244.14,1050.83,385.81,236.03,289.82,437.45,208.24,101.18,3522.19,232.25,132.04,134.34,38.87,54.99,97.55,274.53
20261005,12:31:25,49693.11,44545.18,26153.1,17123.17,123.57,1853.18,450.66,464.22,554.1,109.93,166.74,204.55,92.14,141.87,267.43,121.92,189.96,290.03,3177.72,1682.4,472.72,81.17,244.02,1050.83,386.07,236.03,289.82,437.39,208.25,101.18,3522.39,232.25,132.04,134.34,38.87,54.99,97.55,274.54
20261005,12:31:30,49693.4,44548.1,26144.34,17121.91,123.57,1853.18,450.66,464.22,554.1,109.93,166.74,204.55,92.14,141.66,267.43,121.76,189.96,290.03,3177.99,1682.51,472.83,81.16,244.02,1050.86,386.07,236.03,289.95,437.39,208.32,101.18,3519.99,232.25,132.04,134.14,38.87,54.99,97.55,274.53
20261005,12:31:35,49653.22,44508.95,26141.76,17118.93,123.57,1853.18,450.66,464.22,554.18,109.93,166.74,204.57,92.14,141.66,267.43,121.76,189.96,290.03,3174.9,1680.08,472.93,81.16,244.01,1050.92,386.07,236.03,289.95,437.39,208.48,101.18,3519.99,232.25,131.45,134.14,38.87,54.99,97.55,274.53
20261005,12:31:40,49654.57,44507.8,26147.59,17117.38,123.57,1853.18,450.66,464.22,554.18,109.93,166.74,204.58,92.13,141.66,267.43,121.76,189.96,290.04,3174.85,1680.04,472.91,81.16,244.05,1050.91,386.0,236.27,289.95,437.38,208.31,101.18,3522.24,232.25,131.45,134.16,38.87,54.99,97.55,274.53
20261005,12:31:45,49656.45,44509.63,26152.09,17122.56,123.57,1853.18,450.66,464.13,554.1,109.93,166.71,204.55,92.12,141.66,267.43,121.76,189.96,290.04,3174.87,1680.09,472.8,81.12,244.05,1050.97,386.0,236.27,289.95,437.34,208.46,101.18,3522.24,232.21,132.04,134.15,38.87,54.97,97.55,274.5
20261005,12:31:50,49691.58,44544.3,26150.1,17121.75,123.57,1853.18,450.57,464.21,554.1,109.92,166.7,204.56,92.1,141.66,267.43,121.76,190.11,290.05,3177.68,1682.32,472.89,81.1,244.05,1050.73,386.0,236.27,289.95,437.33,208.45,101.18,3521.84,232.21,132.04,134.15,38.87,54.97,97.55,274.5
20261005,12:31:55,49688.55,44541.38,26149.99,17121.74,123.76,1853.18,450.57,464.08,554.1,109.94,166.7,204.56,92.11,141.66,267.43,121.88,189.96,290.05,3177.45,1682.2,472.89,81.1,244.08,1050.52,386.0,236.27,289.95,437.31,208.35,101.18,3521.8,232.21,132.04,134.13,38.87,54.97,97.55,274.49
20261005,12:32:00,49692.06,44544.73,26150.5,17122.09,123.76,1853.18,450.58,464.08,554.16,109.94,166.7,204.61,92.1,141.66,267.43,121.88,189.96,290.05,3177.71,1682.2,472.9,81.12,243.96,1051.25,386.0,236.27,289.9,437.36,208.35,101.18,3521.87,232.21,132.04,134.14,38.87,54.97,97.55,274.49
20261005,12:32:05,49651.74,44505.53,26149.67,17121.43,123.76,1853.18,450.58,464.2,554.08,109.94,166.69,204.59,92.1,141.66,267.61,121.88,189.96,290.05,3174.57,1679.77,472.9,81.1,244.08,1051.19,386.02,236.27,289.9,437.31,208.34,101.19,3521.79,232.21,132.04,134.03,38.87,54.97,97.55,274.46
20261005,12:32:10,49692.67,44545.38,26145.42,17116.42,123.76,1853.18,450.58,464.16,554.08,109.94,166.68,204.59,92.08,141.66,267.73,121.88,189.96,290.05,3177.9,1682.32,473.07,81.12,244.08,1050.63,386.25,236.27,290.22,437.31,208.33,101.19,3521.82,232.21,131.45,134.03,38.87,54.96,97.55,274.49
20261005,12:32:15,49690.06,44543.52,26146.62,17120.1,123.76,1853.18,450.58,464.15,554.08,109.93,166.68,204.59,92.08,141.66,267.73,121.76,189.96,290.04,3177.66,1682.31,472.97,81.11,244.06,1050.63,386.25,236.27,289.9,437.28,208.32,101.19,3521.2,232.21,132.04,134.03,38.87,54.96,97.55,274.46
20261005,12:32:20,49688.85,44542.06,26145.91,17118.34,123.76,1853.18,450.67,464.15,553.85,109.93,166.67,204.56,92.08,141.66,267.73,121.76,189.96,290.04,3177.59,1682.14,472.9,81.12,244.06,1051.09,385.9,236.27,289.9,437.31,208.14,101.19,3521.46,232.21,132.04,134.03,38.87,54.96,97.55,274.46
20261005,12:32:25,49644.7,44499.04,26145.4,17117.74,123.76,1853.18,450.67,464.15,553.85,109.93,166.66,204.56,92.08,141.66,267.73,121.76,189.96,290.04,3174.13,1679.69,472.81,81.13,244.06,1050.52,385.9,236.27,289.91,437.31,208.18,101.19,3521.46,232.21,132.04,134.03,38.87,54.96,97.55,274.15
20261005,12:32:30,49647.98,44502.61,26140.92,17113.85,123.74,1853.18,450.67,464.27,553.85,109.93,166.68,204.59,92.08,141.66,267.73,121.88,189.96,290.05,3174.51,1679.8,472.81,81.11,244.06,1051.1,385.93,236.27,289.91,437.31,208.17,101.19,3521.12,232.21,131.45,134.03,38.87,54.95,97.55,274.13
20261005,12:32:35,49649.9,44504.52,26141.33,17114.42,123.74,1853.18,450.67,464.04,553.85,109.93,166.65,204.48,92.08,141.66,267.73,121.9,189.96,290.05,3174.65,1679.91,472.8,81.09,244.08,1051.12,385.93,236.27,289.91,437.34,208.18,101.19,3521.09,232.2,131.45,134.03,38.87,54.95,97.55,274.43
20261005,12:32:40,49651.16,44504.93,26148.1,17119.5,123.74,1853.18,450.67,464.04,553.85,109.93,166.65,204.48,92.08,141.66,267.73,121.9,189.96,290.06,3174.57,1679.96,472.93,81.06,244.08,1050.27,385.93,236.27,290.23,437.34,208.21,101.19,3521.82,232.2,132.04,134.03,38.87,54.95,97.55,274.45
20261005,12:32:45,49686.32,44539.02,26148.63,17119.53,123.74,1853.18,450.67,464.04,553.85,109.93,166.65,204.48,92.08,141.66,267.61,121.9,190.01,290.06,3177.31,1682.23,472.92,81.07,244.08,1049.81,385.93,236.27,290.22,437.36,208.21,101.19,3521.98,232.2,132.04,134.03,38.87,54.95,97.55,274.45
20261005,12:32:50,49683.88,44537.37,26142.42,17114.81,123.74,1853.18,450.67,464.04,553.85,109.93,166.66,204.5,92.08,141.66,267.61,121.9,190.01,290.06,3177.29,1682.05,473.09,81.06,244.08,1050.16,385.95,236.26,290.22,437.36,208.2,101.19,3521.32,232.2,131.45,134.03,38.87,54.96,97.55,274.45
20261005,12:32:55,49644.22,44498.72,26142.37,17114.76,123.73,1853.18,450.67,464.27,553.85,109.93,166.65,204.5,92.08,141.66,267.61,121.9,190.01,290.05,3174.18,1679.74,473.19,81.06,244.08,1050.17,385.95,236.26,289.9,437.42,208.16,101.19,3521.32,232.2,131.45,134.03,38.87,54.96,97.55,274.46
20261005,12:33:00,49644.95,44499.56,26140.92,17113.49,123.73,1853.18,450.58,464.27,553.85,109.93,166.68,204.53,92.09,141.66,267.61,121.78,190.01,290.05,3174.28,1679.7,473.11,81.08,244.08,1050.17,385.93,236.26,290.21,437.36,208.16,101.19,3521.21,232.2,131.45,134.03,38.87,54.96,97.55,274.48
20261005,12:33:05,49643.8,44498.69,26144.92,17118.95,123.73,1853.18,450.58,464.27,553.85,109.93,166.69,204.54,92.1,141.66,267.61,121.8,190.01,290.05,3174.08,1679.71,472.98,81.06,244.08,1050.27,385.68,236.26,289.9,437.34,208.2,101.19,3520.98,232.2,132.04,134.02,38.91,54.96,97.55,274.48
20261005,12:33:10,49678.95,44532.34,26148.05,17120.58,123.73,1853.18,450.67,464.27,553.82,109.93,166.69,204.53,92.11,141.66,267.61,121.8,190.01,290.05,3176.75,1681.85,472.98,81.07,244.09,1050.01,385.68,236.26,289.9,437.34,208.31,101.19,3521.51,232.2,132.04,134.02,38.91,54.96,97.55,274.48
20261005,12:33:15,49676.73,44532.05,26138.63,17115.96,123.6,1853.18,450.67,464.27,553.82,109.92,166.67,204.53,92.09,141.66,267.61,121.92,190.01,290.05,3176.84,1681.97,472.97,81.07,244.09,1049.85,385.68,236.26,289.91,437.4,208.3,101.19,3519.82,232.2,131.45,134.02,38.91,54.96,97.55,274.48
20261005,12:33:20,49675.42,44530.94,26137.08,17114.78,123.73,1853.18,450.57,464.28,553.82,109.92,166.67,204.54,92.09,141.66,267.73,121.79,190.01,290.05,3176.78,1681.97,472.99,81.09,244.09,1049.67,385.6,236.26,289.91,437.4,208.29,101.19,3519.66,232.24,131.45,134.03,38.91,54.96,97.55,274.44
20261005,12:33:25,49638.66,44495.62,26139.98,17119.75,123.73,1853.18,450.57,464.15,553.82,109.92,166.66,204.54,92.08,141.66,267.73,121.92,190.01,290.03,3173.81,1679.49,472.99,81.09,244.09,1050.25,385.63,236.26,289.92,437.31,208.29,101.19,3519.22,232.24,132.04,134.03,38.91,54.94,97.55,274.44
20261005,12:33:30,49645.55,44502.08,26140.09,17119.03,123.73,1854.5,450.58,464.15,553.82,109.92,166.66,204.55,92.08,141.66,267.73,121.8,190.01,290.03,3174.35,1679.59,472.75,81.09,244.09,1051.05,385.63,236.26,290.23,437.33,208.33,101.2,3519.45,232.24,132.04,134.03,38.91,54.94,97.55,274.13
20261005,12:33:35,49680.18,44535.57,26139.64,17117.68,123.73,1853.08,450.58,464.15,553.8,109.92,166.64,204.51,92.07,141.66,267.73,121.8,190.0,290.03,3177.08,1681.87,472.73,81.08,244.09,1050.56,385.63,236.26,290.23,437.32,208.26,101.2,3519.67,232.24,132.04,134.03,38.9,54.94,97.55,274.21
20261005,12:33:40,49637.96,44494.76,26137.5,17116.29,123.73,1853.08,450.58,464.15,553.5,109.92,166.62,204.48,92.06,141.66,267.73,121.77,190.0,290.03,3173.82,1679.48,472.73,81.08,244.09,1050.58,385.63,236.26,289.92,437.34,208.26,101.2,3519.38,232.24,132.04,134.03,38.9,54.92,97.55,274.21
20261005,12:33:45,49640.95,44495.42,26144.48,17116.79,123.73,1853.08,450.58,464.23,553.5,110.0,166.64,204.54,92.06,141.66,267.73,121.77,190.0,290.03,3173.86,1679.4,472.73,81.03,244.09,1051.04,385.63,236.26,289.92,437.37,208.26,101.2,3521.43,232.24,132.04,134.03,38.9,54.92,97.55,274.23
20261005,12:33:50,49641.27,44495.45,26146.43,17118.11,123.73,1853.08,450.57,464.23,553.5,110.0,166.64,204.59,92.05,141.66,267.73,121.77,190.0,290.02,3173.84,1679.4,472.79,81.07,244.08,1050.83,385.63,236.26,289.92,437.37,208.4,101.2,3521.68,232.24,132.04,134.03,38.9,54.92,97.55,274.23
20261005,12:33:55,49641.01,44495.75,26144.98,17118.27,123.73,1853.08,450.57,464.23,553.5,110.0,166.63,204.57,92.05,141.66,267.73,121.77,190.0,290.02,3173.86,1679.55,472.79,81.08,244.08,1050.42,385.55,236.26,289.91,437.34,208.4,101.23,3521.18,232.24,132.04,134.13,38.9,54.92,97.55,274.22
20261005,12:34:00,49649.11,44503.45,26140.13,17112.05,123.73,1853.06,450.57,464.23,553.5,110.0,166.62,204.52,92.05,141.66,267.73,121.77,190.0,290.02,3174.63,1679.86,472.87,81.09,244.26,1051.01,385.58,236.26,289.92,437.33,208.25,101.23,3521.35,232.24,131.45,134.13,38.9,54.92,97.65,274.22
20261005,12:34:05,49687.52,44540.64,26142.14,17113.58,123.67,1853.06,450.58,464.23,553.5,110.0,166.63,204.52,92.06,141.66,267.73,121.77,190.0,290.02,3177.59,1682.27,472.89,81.08,243.97,1050.85,385.69,236.26,289.92,437.39,208.4,101.23,3521.57,232.24,131.45,134.13,38.9,54.91,97.65,274.22
20261005,12:34:10,49678.44,44532.32,26140.69,17113.67,123.73,1853.06,450.58,464.23,553.43,110.0,166.63,204.52,92.06,141.66,267.73,121.89,190.0,290.02,3176.91,1681.81,472.97,81.12,244.15,1050.37,385.66,236.26,289.92,437.34,208.35,101.23,3521.09,232.24,131.45,134.13,38.9,54.91,97.65,274.2
20261005,12:34:15,49679.03,44532.82,26141.67,17114.55,123.72,1853.02,450.58,464.11,553.6,110.0,166.62,204.5,92.06,141.66,267.73,121.89,190.0,290.02,3176.93,1681.81,472.96,81.14,244.15,1050.38,385.66,236.26,289.9,437.3,208.4,101.23,3521.16,232.24,131.45,134.13,38.9,54.93,97.65,274.2
20261005,12:34:20,49677.79,44534.03,26134.63,17114.54,123.72,1853.02,450.57,464.11,553.6,109.99,166.62,204.47,92.06,141.66,267.73,121.89,190.0,290.02,3177.03,1681.89,472.89,81.15,244.15,1050.45,385.66,236.26,289.91,437.3,208.42,101.23,3518.96,232.24,131.45,134.13,38.9,54.93,97.65,274.22
20261005,12:34:25,49677.21,44532.61,26138.1,17115.69,123.72,1853.02,450.57,464.11,553.63,109.99,166.63,204.53,92.06,141.66,267.73,121.89,190.0,290.02,3176.89,1682.04,472.86,81.12,244.15,1049.71,385.66,236.26,289.92,437.35,208.41,101.23,3519.73,232.24,131.45,134.13,38.9,54.93,97.65,274.52
20261005,12:34:30,49679.34,44536.46,26132.81,17115.56,123.72,1853.02,450.57,464.23,553.63,109.99,166.61,204.49,92.05,141.66,267.73,121.89,190.0,290.05,3177.2,1682.09,472.87,81.12,243.97,1050.48,385.73,236.26,289.91,437.3,208.41,101.23,3518.12,232.24,131.45,134.13,38.9,54.93,97.65,274.52
20261005,12:34:35,49681.91,44536.85,26139.03,17115.63,123.72,1853.24,450.57,464.23,553.63,109.99,166.63,204.49,92.06,141.66,267.73,121.89,190.0,290.03,3177.23,1682.2,472.88,81.12,243.96,1050.2,385.73,236.26,289.91,437.3,208.41,101.2,3520.04,232.24,131.45,134.13,38.9,54.93,97.65,274.5
20261005,12:34:40,49678.45,44534.38,26136.67,17115.91,123.72,1853.24,450.57,464.11,553.71,109.99,166.62,204.49,92.05,141.66,267.73,121.89,189.96,290.03,3177.03,1682.08,472.82,81.13,243.96,1050.18,385.73,236.26,289.86,437.3,208.42,101.2,3519.23,232.24,131.45,134.19,38.9,54.93,97.65,274.5
20261005,12:34:45,49643.05,44499.55,26142.34,17121.31,123.72,1853.24,450.66,464.11,553.69,109.99,166.62,204.5,92.05,141.66,267.73,121.89,189.96,290.03,3174.09,1679.67,472.84,81.12,243.95,1050.17,385.73,236.26,290.22,437.3,208.42,101.2,3519.53,232.24,132.04,134.19,38.9,54.93,97.65,274.52
20261005,12:34:50,49644.68,44501.14,26137.83,17116.12,123.72,1853.24,450.57,464.11,553.69,109.99,166.62,204.5,92.05,141.66,267.73,121.89,190.1,290.06,3174.34,1679.79,472.94,81.14,243.95,1050.13,385.74,236.26,290.33,437.3,208.41,101.2,3519.53,232.24,131.45,134.19,38.9,54.93,97.65,274.52
20261005,12:34:55,49679.85,44534.87,26142.49,17119.68,123.72,1853.24,450.57,464.11,553.67,109.91,166.62,204.5,92.05,141.66,267.73,121.79,190.1,290.06,3176.97,1682.08,472.94,81.16,243.95,1049.69,385.74,236.26,290.01,437.3,208.37,101.19,3520.02,232.24,132.04,134.19,38.9,54.93,97.65,274.57
20261005,12:35:00,49683.64,44536.41,26148.32,17119.2,123.59,1853.24,450.57,464.11,553.63,109.91,166.61,204.5,92.05,141.66,267.49,121.79,190.1,290.06,3177.11,1682.14,472.94,81.16,243.95,1049.86,385.74,236.26,290.01,437.29,208.4,101.19,3521.98,232.24,132.04,134.19,38.9,54.93,97.65,274.57
20261005,12:35:05,49692.52,44545.67,26147.61,17120.41,123.66,1853.24,450.57,464.11,553.69,109.91,166.61,204.51,92.04,141.66,267.49,121.91,189.96,290.06,3177.83,1682.2,473.31,81.16,244.13,1050.32,385.94,236.26,290.35,437.29,208.42,101.19,3521.42,232.24,132.04,134.19,38.9,54.93,97.65,274.57
20261005,12:35:10,49692.8,44546.58,26144.77,17119.29,123.66,1853.24,450.57,464.11,553.69,109.91,166.6,204.5,92.04,141.66,267.49,121.78,189.96,290.04,3177.93,1682.03,473.31,81.14,244.36,1050.94,385.94,236.26,290.35,437.36,208.38,101.19,3520.84,232.24,132.04,134.19,38.9,54.93,97.65,274.57
20261005,12:35:15,49691.5,44544.53,26147.13,17119.36,123.66,1853.24,450.57,464.11,553.61,109.91,166.6,204.45,92.04,141.66,267.49,121.78,189.96,290.04,3177.76,1682.13,473.24,81.17,244.35,1050.61,386.08,236.26,290.05,437.31,208.42,101.19,3521.56,232.24,132.04,134.19,38.9,54.95,97.65,274.57
20261005,12:35:20,49645.73,44504.21,26134.86,17119.54,123.66,1853.24,450.48,464.23,553.61,109.91,166.6,204.46,92.04,141.66,267.49,121.91,189.96,290.03,3174.51,1679.45,473.21,81.16,244.35,1051.1,386.08,236.26,290.1,437.31,208.42,101.19,3517.67,232.24,132.04,134.19,38.9,54.93,97.65,274.57
20261005,12:35:25,49642.37,44500.93,26131.64,17115.84,123.66,1853.24,450.48,464.23,553.99,109.91,166.4,204.47,91.88,141.44,267.49,121.78,189.96,290.03,3174.33,1679.6,473.08,81.16,244.12,1050.26,386.09,236.26,290.37,437.37,208.31,101.19,3517.67,232.24,132.05,134.19,38.9,54.93,97.65,274.27
20261005,12:35:30,49643.57,44498.2,26143.58,17116.52,123.66,1853.24,450.48,464.11,553.96,109.91,166.39,204.43,91.88,141.44,267.49,121.9,189.96,290.03,3174.1,1679.43,473.17,81.18,244.36,1050.26,386.09,236.26,290.05,437.31,208.35,101.19,3521.22,232.24,132.05,134.21,38.9,54.93,97.65,274.27
20261005,12:35:35,49643.99,44500.53,26136.95,17115.33,123.72,1853.24,450.48,464.1,553.96,109.91,166.4,204.46,91.88,141.44,267.49,121.9,189.96,290.03,3174.31,1679.63,473.07,81.18,244.36,1050.27,386.09,236.26,290.04,437.31,208.2,101.16,3519.47,232.24,132.05,134.21,38.9,54.93,97.65,274.27
20261005,12:35:40,49645.19,44500.11,26140.31,17113.84,123.66,1853.01,450.4,464.1,553.99,109.91,166.4,204.46,91.88,141.44,267.49,121.78,189.96,290.03,3174.31,1679.64,473.18,81.16,244.36,1050.24,385.76,236.26,290.04,437.37,208.2,101.16,3520.93,232.24,132.05,134.21,38.9,54.93,97.64,274.25
20261005,12:35:45,49681.37,44535.43,26136.36,17109.54,123.66,1853.01,450.4,464.22,554.11,109.91,166.4,204.46,91.88,141.44,267.61,121.78,189.92,290.05,3177.26,1681.86,473.21,81.17,244.36,1050.35,385.76,236.26,290.04,437.37,208.2,101.16,3520.86,232.24,131.46,134.21,38.9,54.92,97.64,274.26
20261005,12:35:50,49682.66,44536.43,26137.99,17110.58,123.66,1853.01,450.48,464.22,554.15,109.92,166.4,204.46,91.88,141.44,267.61,121.88,189.92,290.05,3177.32,1681.98,473.19,81.15,244.12,1050.36,385.75,236.26,290.04,437.29,208.16,101.16,3521.09,232.24,131.46,134.21,38.9,54.93,97.64,274.27
20261005,12:35:55,49682.56,44536.38,26138.19,17110.96,123.66,1853.0,450.5,464.22,554.15,109.92,166.4,204.46,91.88,141.44,267.61,121.88,189.92,290.02,3177.31,1681.86,473.33,81.14,244.36,1050.34,385.75,236.26,290.04,437.34,208.2,101.16,3521.05,232.24,131.46,134.19,38.9,54.92,97.64,274.27
20261005,12:36:00,49678.08,44534.41,26130.53,17110.16,123.53,1853.0,450.41,464.22,554.15,109.92,166.4,204.47,91.88,141.66,267.61,121.88,189.92,290.02,3177.17,1681.91,473.09,81.15,244.26,1050.16,385.75,236.25,290.09,437.29,208.2,101.16,3518.87,232.24,131.46,134.19,38.9,54.92,97.64,274.27
20261005,12:36:05,49676.96,44532.96,26137.46,17116.93,123.85,1853.0,450.4,464.23,554.15,109.92,166.4,204.45,91.88,141.44,267.61,121.9,189.92,290.02,3176.89,1681.6,473.08,81.17,244.26,1050.02,385.75,236.25,290.4,437.29,208.35,101.16,3519.19,232.24,132.05,134.19,38.9,54.92,97.64,274.25
20261005,12:36:10,49679.06,44535.06,26137.25,17116.9,123.85,1853.0,450.4,464.23,554.14,109.92,166.39,204.45,91.88,141.44,267.61,121.78,189.92,290.02,3177.06,1681.73,473.08,81.15,244.26,1050.46,385.75,236.25,290.09,437.34,208.33,101.16,3519.14,232.24,132.05,134.19,38.9,54.92,97.64,274.55
20261005,12:36:15,49677.46,44533.84,26136.43,17117.06,123.72,1853.0,450.32,464.23,554.15,109.92,166.41,204.46,91.89,141.66,267.61,121.9,189.92,290.01,3176.95,1681.72,473.09,81.17,244.07,1049.99,385.75,236.25,290.39,437.29,208.35,101.16,3518.84,232.24,132.05,134.19,38.9,54.91,97.64,274.51
20261005,12:36:20,49677.38,44531.66,26143.24,17117.88,123.72,1853.0,450.32,464.22,554.15,109.95,166.41,204.47,91.89,141.44,267.61,121.9,189.92,290.01,3176.76,1681.61,472.93,81.18,244.07,1050.01,385.75,236.25,290.39,437.29,208.45,101.16,3520.74,232.24,132.05,134.19,38.9,54.91,97.64,274.51
20261005,12:36:25,49633.97,44489.53,26142.18,17117.18,123.72,1853.0,450.41,464.22,554.04,109.93,166.41,204.47,91.89,141.66,267.61,121.9,189.92,290.02,3173.38,1679.17,472.93,81.19,244.07,1049.91,385.75,236.25,290.07,437.29,208.3,101.16,3520.6,232.24,132.05,134.19,38.9,54.93,97.64,274.53
20261005,12:36:30,49673.15,44527.21,26143.4,17116.97,123.72,1853.0,450.49,464.22,554.04,109.92,166.41,204.47,91.89,141.66,267.61,121.9,189.92,290.02,3176.42,1681.59,472.93,81.17,244.07,1049.69,385.75,236.25,290.07,437.29,208.34,101.16,3521.04,232.24,132.05,134.19,38.9,54.91,97.64,274.21
20261005,12:36:35,49673.25,44527.69,26135.99,17109.7,123.72,1853.0,450.4,464.22,554.04,109.94,166.41,204.47,91.89,141.66,267.61,121.78,189.92,290.02,3176.64,1681.69,473.12,81.17,244.2,1049.65,385.75,236.25,290.02,437.29,208.19,101.16,3520.7,232.24,131.46,134.19,38.9,54.94,97.64,274.25
20261005,12:36:40,49670.1,44523.75,26138.35,17109.52,123.72,1853.0,450.32,464.22,554.04,109.94,166.41,204.48,91.89,141.66,267.61,121.9,189.92,290.02,3176.32,1681.57,473.15,81.18,244.2,1049.23,385.75,236.25,290.03,437.28,208.16,101.16,3521.49,232.24,131.46,134.19,38.9,54.94,97.64,274.21
20261005,12:36:45,49634.3,44489.28,26136.79,17109.1,123.72,1853.0,450.32,464.22,554.05,109.94,166.41,204.47,91.89,141.66,267.61,121.9,189.95,290.04,3173.56,1679.33,473.15,81.19,244.38,1049.28,385.75,236.25,290.11,437.41,208.07,101.19,3521.11,232.24,131.46,134.19,38.9,54.94,97.64,274.21
20261005,12:36:50,49629.31,44487.32,26127.97,17108.68,123.72,1852.92,450.32,464.22,553.97,109.93,166.41,204.46,91.89,141.66,267.61,121.9,189.95,290.04,3173.41,1679.19,473.4,81.14,244.38,1049.17,385.75,236.25,290.11,437.41,208.08,101.19,3518.47,232.24,131.46,134.19,38.9,54.92,97.64,274.19
20261005,12:36:55,49632.19,44487.95,26137.81,17112.66,123.72,1852.92,450.32,464.14,553.74,109.95,166.4,204.46,91.89,141.66,267.61,121.9,189.95,290.04,3173.36,1679.26,473.31,81.14,244.2,1049.15,385.77,236.25,290.07,437.41,208.07,101.19,3520.46,232.24,132.05,134.19,38.9,54.92,97.64,274.24
20261005,12:37:00,49635.08,44490.76,26138.18,17113.08,123.59,1852.92,450.49,464.14,553.74,109.95,166.41,204.5,91.89,141.66,267.61,121.9,189.92,290.04,3173.58,1679.33,473.3,81.12,244.2,1049.16,385.52,236.25,290.38,437.36,208.04,101.19,3520.46,232.24,132.05,134.19,38.9,54.92,97.64,274.22
20261005,12:37:05,49633.09,44488.46,26139.39,17113.26,123.72,1852.82,450.41,464.14,553.7,110.03,166.41,204.47,91.89,141.66,267.61,121.9,189.91,290.04,3173.39,1679.29,473.41,81.13,244.2,1049.04,385.77,236.25,290.06,437.37,208.07,101.16,3520.8,232.31,132.05,134.17,38.9,54.92,97.64,274.24
20261005,12:37:10,49671.71,44528.01,26133.32,17112.73,123.72,1852.82,450.41,464.14,553.61,110.03,166.41,204.48,91.89,141.64,267.61,121.86,189.91,290.04,3176.59,1681.74,473.09,81.11,244.19,1049.53,385.52,236.25,290.06,437.37,208.07,101.16,3519.04,232.31,132.05,134.17,38.9,54.91,97.64,274.24
20261005,12:37:15,49664.66,44521.29,26132.19,17111.9,123.72,1852.78,450.41,464.14,553.61,110.03,166.39,204.45,91.87,141.65,267.61,121.76,189.91,290.04,3176.07,1681.71,473.13,81.14,244.19,1048.3,385.44,236.25,290.06,437.41,208.07,101.16,3518.91,232.31,132.05,134.17,38.9,54.91,97.64,274.24
20261005,12:37:20,49669.86,44523.78,26139.89,17112.18,123.72,1852.79,450.41,464.07,553.69,109.95,166.38,204.43,91.87,141.65,267.61,121.76,189.91,290.04,3176.26,1681.67,473.12,81.13,244.38,1048.29,385.7,236.25,290.39,437.41,208.11,101.16,3521.25,232.31,132.05,134.17,38.9,54.91,97.64,274.24
20261005,12:37:25,49670.08,44523.63,26137.94,17108.67,123.72,1852.79,450.41,464.07,553.76,109.95,166.38,204.43,91.87,141.65,267.61,121.89,189.91,290.04,3176.33,1681.62,473.14,81.15,244.38,1048.96,385.7,236.25,290.07,437.41,208.11,101.16,3521.59,232.31,131.46,134.17,38.9,54.93,97.64,274.28
20261005,12:37:30,49669.98,44524.36,26135.66,17108.84,123.72,1852.79,450.41,464.07,553.76,109.95,166.4,204.44,91.89,141.65,267.61,121.88,190.02,290.04,3176.39,1681.62,472.98,81.14,244.26,1048.96,385.72,236.25,290.39,437.41,208.11,101.16,3520.83,232.31,131.46,134.17,38.9,54.93,97.64,274.24
20261005,12:37:35,49670.78,44524.62,26138.89,17110.81,123.72,1852.79,450.49,464.2,553.76,109.95,166.39,204.44,91.88,141.65,267.61,121.88,190.02,290.02,3176.36,1681.58,473.08,81.14,244.26,1048.98,385.69,236.23,290.35,437.42,208.14,101.16,3521.31,232.31,131.46,134.17,38.94,54.93,97.64,274.54
20261005,12:37:40,49676.41,44530.06,26140.35,17112.35,123.72,1852.79,450.48,464.07,553.76,109.95,166.42,204.55,91.88,141.65,267.61,121.89,190.02,290.02,3176.76,1681.71,473.07,81.15,244.26,1049.54,385.69,236.23,290.35,437.48,208.26,101.16,3521.34,232.31,131.46,134.2,38.94,54.94,97.64,274.54
20261005,12:37:45,49626.73,44482.2,26141.38,17115.32,123.72,1852.68,450.39,464.06,553.77,109.94,166.42,204.53,91.88,141.66,267.61,121.89,190.02,290.02,3172.83,1679.24,473.02,81.14,244.26,1048.23,386.03,236.23,290.04,437.47,208.26,101.16,3520.86,232.31,132.05,134.2,38.94,54.93,97.64,274.24
20261005,12:37:50,49666.88,44521.24,26140.98,17114.63,123.72,1852.68,450.31,464.06,553.77,109.94,166.42,204.55,91.88,141.66,267.61,121.89,190.02,290.02,3176.0,1681.7,473.1,81.14,244.08,1048.25,386.06,236.23,290.03,437.49,208.26,101.16,3520.92,232.31,132.05,134.2,38.94,54.92,97.64,274.19
20261005,12:37:55,49670.44,44525.04,26140.23,17114.88,123.72,1852.68,450.31,464.06,553.77,109.94,166.42,204.55,91.88,141.66,267.61,121.89,190.02,290.02,3176.3,1681.67,472.99,81.16,244.08,1048.71,386.06,236.23,290.34,437.54,208.26,101.16,3520.62,232.3,132.05,134.2,38.94,54.92,97.74,274.19
20261005,12:38:00,49668.27,44524.4,26137.59,17116.76,123.73,1852.68,450.31,464.06,553.93,109.94,166.43,204.56,91.88,141.64,267.61,121.9,190.0,289.99,3176.2,1681.86,473.0,81.14,244.19,1048.24,386.03,236.22,290.03,437.57,208.37,101.19,3519.28,232.3,132.05,134.2,38.94,54.94,97.74,274.19
20261005,12:38:05,49666.29,44522.43,26137.92,17117.02,123.73,1852.68,450.31,464.06,553.86,109.94,166.42,204.55,91.88,141.64,267.61,121.9,190.07,289.99,3176.04,1681.64,472.94,81.14,244.2,1048.23,385.72,236.22,290.35,437.6,208.41,101.19,3519.31,232.3,132.05,134.2,38.94,54.94,97.74,274.19
20261005,12:38:10,49627.33,44481.84,26144.8,17116.12,123.73,1852.68,450.31,464.06,553.6,109.93,166.42,204.56,91.88,141.66,267.58,121.9,190.07,289.99,3172.79,1679.27,473.13,81.14,243.95,1048.23,385.78,236.22,290.04,437.6,208.41,101.19,3521.71,232.3,132.05,134.2,38.94,54.94,97.75,274.17
20261005,12:38:15,49666.32,44520.27,26143.43,17116.03,123.73,1852.68,450.4,464.06,553.68,109.94,166.42,204.55,91.88,141.66,267.46,121.78,190.07,289.99,3175.89,1681.67,472.82,81.17,244.2,1048.22,385.78,236.22,290.04,437.54,208.41,101.19,3521.31,232.3,132.05,134.17,38.94,54.95,97.75,274.18
20261005,12:38:20,49669.3,44523.15,26144.0,17116.59,123.73,1852.68,450.4,464.06,553.79,109.93,166.41,204.5,91.88,141.66,267.58,121.78,190.07,289.99,3176.1,1681.83,472.83,81.15,244.2,1048.22,385.81,236.22,290.08,437.53,208.43,101.19,3521.33,232.3,132.05,134.17,38.94,54.96,97.75,274.18
20261005,12:38:25,49674.09,44527.4,26141.44,17112.26,123.73,1852.68,450.4,464.2,553.79,109.94,166.41,204.48,91.88,141.66,267.58,121.88,190.07,290.03,3176.55,1681.83,473.0,81.14,244.38,1048.95,385.81,236.22,290.08,437.56,208.4,101.19,3521.71,232.3,131.46,134.17,38.94,54.94,97.75,274.18
20261005,12:38:30,49671.97,44524.93,26140.04,17109.29,123.73,1852.68,450.31,464.08,553.79,109.93,166.41,204.48,91.88,141.66,267.58,121.88,190.07,290.03,3176.42,1681.72,473.0,81.16,244.38,1048.94,385.83,236.22,290.08,437.52,208.18,101.19,3522.08,232.3,131.46,134.17,38.94,54.96,97.75,274.1
20261005,12:38:35,49670.9,44523.96,26144.11,17114.21,123.73,1852.68,450.31,464.2,553.79,109.93,166.41,204.48,91.89,141.66,267.58,121.88,190.07,290.03,3176.23,1681.61,473.06,81.14,244.14,1049.04,385.77,236.08,290.08,437.52,208.17,101.19,3522.01,232.3,132.05,134.17,38.94,54.96,97.75,274.12
20261005,12:38:40,49669.1,44524.13,26135.13,17110.34,123.73,1852.68,450.31,464.2,553.76,109.93,166.4,204.51,91.87,141.66,267.58,121.88,190.07,290.03,3176.33,1681.61,473.12,81.19,244.14,1048.73,385.77,236.08,290.39,437.54,208.17,101.19,3520.26,232.3,131.46,134.18,38.94,54.96,97.75,274.46
20261005,12:38:45,49666.82,44520.31,26139.84,17110.38,123.73,1852.68,450.4,464.33,553.76,109.93,166.4,204.49,91.88,141.87,267.58,121.76,190.07,290.03,3176.02,1681.59,473.12,81.14,243.96,1048.73,385.77,236.08,290.08,437.48,208.17,101.19,3521.72,232.3,131.46,134.18,38.94,54.96,97.75,274.44
20261005,12:38:50,49671.63,44525.35,26139.15,17110.8,123.73,1852.68,450.4,464.33,553.76,109.94,166.42,204.58,91.88,141.87,267.58,121.76,190.07,290.03,3176.42,1681.76,472.98,81.15,243.96,1049.25,385.77,236.08,290.08,437.48,208.18,101.19,3521.39,232.29,131.46,134.18,38.94,54.96,97.75,274.44
20261005,12:38:55,49671.59,44525.1,26139.96,17111.0,123.73,1852.68,450.4,464.33,553.76,109.94,166.43,204.59,91.88,141.87,267.58,121.76,190.12,290.03,3176.4,1681.9,473.0,81.13,243.94,1048.79,385.76,236.08,290.09,437.53,208.18,101.19,3521.59,232.29,131.46,134.18,38.94,54.95,97.75,274.44
20261005,12:39:00,49672.3,44525.89,26140.03,17111.4,123.73,1852.68,450.4,464.33,553.84,109.94,166.43,204.59,91.88,141.87,267.58,121.79,190.12,290.03,3176.45,1681.9,472.99,81.12,243.96,1048.92,385.73,236.08,290.09,437.53,208.18,101.16,3521.5,232.29,131.44,134.18,38.94,54.98,97.76,274.44
20261005,12:39:05,49629.07,44483.33,26141.64,17111.8,123.73,1852.68,450.4,464.08,553.76,109.94,166.42,204.59,91.87,141.87,267.58,121.79,190.08,290.01,3173.01,1679.51,473.03,81.14,243.96,1048.06,385.73,236.08,290.09,437.52,208.3,101.16,3521.89,232.29,131.44,134.18,38.94,54.98,97.76,274.47
20261005,12:39:10,49627.13,44481.5,26142.08,17112.5,123.73,1852.68,450.4,464.08,553.76,109.94,166.42,204.59,91.87,142.29,267.55,121.79,190.08,290.01,3172.85,1679.37,472.91,81.15,244.1,1048.08,385.75,236.08,290.08,437.56,208.3,101.16,3521.84,232.29,131.44,134.18,38.98,54.98,97.76,274.44
20261005,12:39:15,49627.3,44482.08,26140.13,17111.64,123.73,1852.68,450.31,464.01,553.8,109.93,166.42,204.59,91.87,142.3,267.55,121.79,190.08,290.01,3172.91,1679.47,472.87,81.15,243.92,1048.07,385.84,236.08,290.13,437.49,208.29,101.16,3521.47,232.29,131.44,134.18,38.98,54.98,97.76,274.44
20261005,12:39:20,49631.9,44486.56,26139.1,17110.46,123.73,1852.68,450.4,464.01,553.76,109.93,166.42,204.59,91.87,142.09,267.55,121.77,190.12,290.01,3173.3,1679.53,472.96,81.16,243.9,1048.71,385.7,236.08,290.13,437.41,208.17,101.16,3521.47,232.29,131.44,134.18,38.98,54.96,97.76,274.44
20261005,12:39:25,49670.64,44523.77,26140.61,17110.39,123.73,1852.68,450.4,464.12,553.76,109.93,166.43,204.59,91.88,142.09,267.55,121.77,190.12,289.99,3176.3,1681.87,472.9,81.15,243.9,1048.71,385.81,236.07,290.13,437.41,208.16,101.13,3521.96,232.29,131.44,134.18,38.98,54.96,97.76,274.44
20261005,12:39:30,49670.99,44525.5,26139.92,17114.27,123.73,1852.68,450.4,464.12,553.76,109.94,166.43,204.59,91.88,142.09,267.55,121.77,190.12,289.97,3176.35,1681.84,472.92,81.16,244.03,1048.78,385.68,236.07,290.13,437.44,208.16,101.13,3520.69,232.29,132.03,134.17,38.98,54.96,97.76,274.14
20261005,12:39:35,49670.93,44526.91,26131.98,17110.05,123.73,1852.68,450.31,464.12,553.75,109.94,166.42,204.58,91.88,142.09,267.55,121.91,190.12,289.99,3176.56,1681.82,473.04,81.17,243.85,1049.35,385.68,236.07,290.13,437.44,208.18,101.13,3519.35,232.29,131.44,134.17,38.98,54.97,97.76,274.14
20261005,12:39:40,49670.55,44526.7,26132.96,17111.71,123.73,1852.68,450.4,464.12,553.69,109.93,166.42,204.55,91.88,142.09,267.55,121.91,190.12,289.99,3176.51,1682.09,472.91,81.14,243.73,1048.78,385.61,236.07,290.08,437.44,208.32,101.13,3519.21,232.29,131.44,134.17,38.98,54.97,97.76,274.14
20261005,12:39:45,49674.64,44529.19,26136.8,17111.1,123.73,1852.68,450.48,464.12,553.72,109.93,166.41,204.54,91.87,142.3,267.55,121.91,190.12,289.96,3176.72,1682.01,472.86,81.16,243.91,1049.28,385.74,236.07,290.13,437.46,208.17,101.13,3520.57,232.22,131.44,134.17,38.97,54.97,97.76,274.16
20261005,12:39:50,49674.57,44528.62,26137.77,17110.59,123.86,1852.68,450.41,464.12,553.8,109.86,166.41,204.54,91.87,142.3,267.55,121.9,190.12,289.94,3176.69,1682.06,473.18,81.17,243.91,1048.71,385.74,236.07,290.13,437.41,208.14,101.13,3521.02,232.22,131.44,134.18,38.97,54.96,97.76,274.2
20261005,12:39:55,49671.87,44528.09,26135.06,17114.47,123.6,1852.68,450.41,464.01,553.8,109.86,166.41,204.52,91.87,142.3,267.55,121.9,190.12,289.94,3176.55,1681.94,473.22,81.17,243.74,1048.86,385.74,236.07,290.13,437.41,208.14,101.13,3519.11,232.22,132.03,134.18,38.97,54.96,97.76,274.2
20261005,12:40:00,49664.58,44521.76,26134.01,17115.84,123.73,1852.68,450.41,464.01,553.72,109.87,166.41,204.55,91.87,142.11,267.55,121.9,190.12,289.94,3176.01,1681.84,473.08,81.16,243.74,1048.07,385.74,236.07,290.14,437.41,208.29,101.13,3518.41,232.22,132.03,134.18,38.97,54.96,97.76,274.2
20261005,12:40:05,49670.04,44524.54,26142.49,17117.1,123.73,1852.68,450.41,464.01,553.72,109.86,166.41,204.57,91.87,142.33,267.55,121.9,190.12,289.94,3176.2,1681.96,472.89,81.18,243.74,1048.26,385.74,236.07,290.18,437.41,208.29,101.13,3520.72,232.29,132.03,134.18,38.97,54.96,97.76,274.5
20261005,12:40:10,49624.17,44480.03,26140.01,17114.86,123.73,1852.45,450.41,464.01,553.72,109.85,166.42,204.57,91.88,142.33,267.43,121.78,190.12,289.94,3172.67,1679.25,472.92,81.14,243.75,1048.22,385.74,236.07,290.18,437.41,208.14,101.13,3520.56,232.29,132.03,134.18,38.97,54.96,97.76,274.5
20261005,12:40:15,49628.88,44483.82,26139.14,17111.18,123.6,1852.68,450.41,464.13,553.72,109.86,166.41,204.58,91.87,142.31,267.31,121.88,190.12,289.94,3173.06,1679.33,472.93,81.16,243.74,1048.92,385.74,236.07,290.13,437.5,208.29,101.13,3521.28,232.29,131.44,134.18,38.97,54.96,97.76,274.22
20261005,12:40:20,49630.57,44486.04,26141.58,17115.9,123.6,1852.68,450.41,464.13,553.72,109.85,166.42,204.57,91.88,142.32,267.31,121.88,190.12,289.94,3173.13,1679.25,472.95,81.16,243.74,1048.99,385.74,236.07,290.4,437.46,208.29,101.13,3520.76,232.29,132.03,134.19,38.97,54.96,97.76,274.21
20261005,12:40:25,49635.05,44489.86,26141.17,17113.6,123.73,1852.68,450.42,464.13,553.72,109.85,166.42,204.57,91.88,142.12,267.31,121.76,190.12,289.94,3173.49,1679.56,472.96,81.16,243.75,1048.87,385.74,236.07,290.4,437.41,208.15,101.13,3521.26,232.29,132.03,134.19,38.97,54.94,97.76,274.2
20261005,12:40:30,49629.65,44487.77,26127.46,17108.47,123.73,1852.68,450.42,464.13,553.68,109.85,166.42,204.6,91.87,142.11,267.43,121.76,190.12,289.94,3173.45,1679.69,472.96,81.14,243.75,1048.87,385.68,236.07,290.04,437.41,208.11,101.13,3518.37,232.29,131.44,134.19,38.97,54.94,97.76,274.2
20261005,12:40:35,49627.24,44484.51,26129.84,17108.13,123.6,1852.68,450.42,464.12,553.68,109.85,166.42,204.6,91.87,142.11,267.43,121.76,190.12,289.92,3173.19,1679.44,472.94,81.17,243.75,1048.87,385.86,236.07,290.13,437.41,208.11,101.13,3519.2,232.29,131.44,134.19,38.97,54.96,97.76,274.18
20261005,12:40:40,49627.61,44482.41,26137.18,17108.36,123.6,1852.68,450.42,464.12,553.74,109.85,166.42,204.6,91.87,142.11,267.43,121.76,190.12,289.92,3173.02,1679.3,472.97,81.16,243.75,1048.86,385.86,236.07,290.13,437.4,208.11,101.13,3521.44,232.29,131.44,134.19,38.97,54.96,97.76,274.2
20261005,12:40:45,49629.26,44483.98,26138.67,17109.94,123.6,1852.68,450.42,464.12,553.74,109.85,166.44,204.64,91.88,142.11,267.43,121.88,190.12,289.92,3173.11,1679.31,472.97,81.13,243.75,1048.72,386.07,236.07,290.41,437.4,208.18,101.13,3521.47,232.29,131.44,134.19,38.97,54.96,97.76,274.18
20261005,12:40:50,49671.39,44525.72,26136.66,17109.93,123.6,1852.45,450.42,464.12,553.81,109.77,166.44,204.63,91.88,142.12,267.43,121.88,190.12,289.92,3176.47,1681.86,472.96,81.15,243.82,1048.76,386.07,236.07,290.41,437.44,208.18,101.13,3520.85,232.29,131.44,134.19,38.97,54.96,97.76,274.18
20261005,12:40:55,49668.63,44522.81,26142.41,17115.83,123.73,1852.45,450.42,464.19,553.81,109.77,166.43,204.6,91.88,142.12,267.43,121.88,190.08,289.92,3176.1,1681.89,473.15,81.12,243.82,1047.51,386.06,236.07,290.5,437.39,208.18,101.16,3521.04,232.29,132.03,134.19,38.97,54.96,97.76,274.48
20261005,12:41:00,49665.15,44519.2,26138.99,17111.16,123.73,1852.45,450.42,464.19,553.83,109.77,166.44,204.61,91.88,142.12,267.57,121.88,190.08,289.92,3175.92,1681.88,473.15,81.16,243.82,1047.52,386.06,236.07,290.14,437.39,208.18,101.19,3521.24,232.29,131.44,134.19,38.97,54.94,97.76,274.48
20261005,12:41:05,49670.11,44524.41,26137.83,17111.05,123.73,1852.45,450.42,464.19,553.83,109.77,166.43,204.58,91.88,142.12,267.57,121.88,190.08,289.94,3176.34,1682.01,473.21,81.16,243.92,1047.98,386.03,236.07,290.12,437.34,208.18,101.19,3520.91,232.29,131.44,134.19,38.97,54.94,97.76,274.48
20261005,12:41:10,49669.12,44523.74,26140.54,17115.18,123.73,1853.87,450.42,464.2,553.83,109.77,166.44,204.55,91.9,142.33,267.57,121.76,190.12,289.94,3176.19,1681.86,473.21,81.14,244.05,1048.01,386.06,236.07,290.12,437.34,208.18,101.19,3520.63,232.29,132.03,134.19,38.97,54.94,97.76,274.18
20261005,12:41:15,49629.52,44485.36,26136.15,17110.82,123.73,1854.1,450.42,464.2,553.92,109.77,166.44,204.52,91.91,142.33,267.57,121.76,190.12,289.95,3173.2,1679.31,473.26,81.15,244.05,1048.74,386.06,236.07,290.08,437.34,208.18,101.18,3520.45,232.29,131.44,134.19,38.97,54.96,97.76,274.13
20261005,12:41:20,49633.55,44488.63,26137.96,17110.7,123.73,1854.1,450.42,464.2,553.92,109.77,166.44,204.52,91.9,142.34,267.57,121.76,190.26,289.95,3173.46,1679.34,473.3,81.15,244.05,1049.23,386.06,236.07,290.08,437.38,208.15,101.18,3521.05,232.29,131.44,134.18,38.97,54.96,97.76,274.13
20261005,12:41:25,49674.25,44528.47,26137.28,17110.53,123.73,1854.1,450.42,464.01,553.94,109.77,166.43,204.5,91.9,142.34,267.57,121.76,190.3,289.95,3176.68,1681.87,473.24,81.16,244.05,1048.71,386.06,236.07,290.39,437.38,208.15,101.18,3520.88,232.29,131.44,134.18,38.97,54.96,97.76,274.13
20261005,12:41:30,49670.55,44524.8,26137.59,17110.68,123.73,1852.68,450.33,464.01,554.04,109.77,166.44,204.51,91.9,142.34,267.57,121.76,190.3,289.94,3176.38,1681.74,473.07,81.16,244.05,1048.6,386.06,236.07,290.39,437.44,208.15,101.18,3520.93,232.29,131.44,134.18,38.97,54.96,97.76,274.43
20261005,12:41:35,49634.85,44490.32,26141.24,17115.89,123.73,1852.68,450.33,464.26,554.04,109.85,166.43,204.51,91.9,142.13,267.57,121.76,190.3,289.94,3173.47,1679.52,473.33,81.15,244.05,1048.71,385.9,236.07,290.07,437.44,208.18,101.18,3520.66,232.29,132.03,134.18,38.97,54.96,97.76,274.43
20261005,12:41:40,49635.34,44492.71,26137.48,17117.97,123.73,1852.68,450.42,464.26,554.03,109.84,166.44,204.51,91.9,142.13,267.57,121.9,190.3,289.94,3173.62,1679.66,473.38,81.15,244.05,1048.56,385.88,236.07,290.07,437.49,208.21,101.18,3518.92,232.29,132.03,134.19,38.97,54.96,97.76,274.46
20261005,12:41:45,49674.71,44529.39,26137.9,17112.83,123.73,1852.84,450.41,464.01,554.03,109.84,166.43,204.51,91.9,142.12,267.57,121.9,190.3,289.92,3176.7,1682.03,473.28,81.16,244.05,1048.67,385.88,236.07,290.07,437.49,208.21,101.18,3520.45,232.29,131.44,134.19,38.97,54.96,97.76,274.46
20261005,12:41:50,49670.08,44525.06,26138.41,17114.02,123.73,1852.84,450.41,464.01,554.15,109.85,166.42,204.53,91.89,142.12,267.57,121.89,190.26,289.92,3176.32,1682.03,473.28,81.16,244.05,1047.8,385.87,236.07,290.07,437.43,208.33,101.18,3520.28,232.29,131.44,134.19,38.98,54.96,97.76,274.46
20261005,12:41:55,49630.47,44485.5,26140.89,17113.65,123.73,1852.84,450.41,464.01,554.15,109.85,166.41,204.49,91.89,142.12,267.57,121.89,190.3,289.93,3173.14,1679.41,473.28,81.13,243.94,1048.52,385.59,236.07,290.03,437.43,208.29,101.18,3521.16,232.29,131.44,134.19,38.98,54.96,97.76,274.46
20261005,12:42:00,49627.87,44483.59,26143.43,17118.66,123.73,1852.84,450.41,464.01,554.15,109.84,166.42,204.49,91.89,142.34,267.57,121.88,190.3,289.93,3172.87,1679.41,473.28,81.13,243.94,1047.87,385.84,236.07,290.03,437.43,208.29,101.18,3520.59,232.29,132.03,134.19,38.98,54.96,97.76,274.46
20261005,12:42:05,49668.9,44522.59,26142.27,17114.06,123.73,1852.84,450.41,464.01,554.15,109.85,166.43,204.53,91.89,142.34,267.57,121.88,190.26,289.91,3176.12,1681.98,473.07,81.13,243.94,1047.82,385.86,236.07,290.08,437.43,208.29,101.18,3521.48,232.29,131.44,134.19,38.98,54.96,97.76,274.5
20261005,12:42:10,49629.76,44487.37,26134.11,17114.44,123.73,1852.91,450.41,464.0,554.16,109.85,166.44,204.56,91.89,142.34,267.57,121.88,190.26,289.91,3173.27,1679.58,473.14,81.13,243.94,1048.33,385.86,236.07,290.12,437.43,208.32,101.18,3518.83,232.29,131.44,134.19,38.98,54.96,97.76,274.51
20261005,12:42:15,49669.95,44526.56,26134.04,17114.45,123.73,1852.91,450.41,464.08,554.27,109.77,166.44,204.56,91.89,142.34,267.39,121.89,190.12,289.91,3176.43,1682.06,473.14,81.09,243.94,1048.22,386.01,236.07,290.12,437.47,208.32,101.18,3518.8,232.29,131.44,134.19,38.98,54.96,97.76,274.48
20261005,12:42:20,49668.4,44524.64,26135.01,17114.19,123.73,1852.91,450.41,464.08,554.27,109.77,166.42,204.54,91.88,142.34,267.39,121.88,190.1,289.91,3176.28,1681.96,473.04,81.14,243.94,1048.21,386.01,236.07,290.12,437.47,208.32,101.18,3519.17,232.29,131.44,134.19,38.98,54.96,97.76,274.48
20261005,12:42:25,49665.42,44522.79,26130.03,17111.99,123.6,1852.91,450.41,464.08,554.27,109.77,166.41,204.53,91.88,142.34,267.39,121.74,190.1,289.91,3176.19,1681.96,473.05,81.14,243.69,1048.2,386.01,236.07,290.12,437.47,208.28,101.18,3518.21,231.97,131.44,134.19,38.98,54.96,97.76,274.48
20261005,12:42:30,49672.15,44526.42,26140.23,17113.92,123.73,1852.91,450.49,464.33,554.27,109.77,166.4,204.47,91.88,142.34,267.39,121.74,190.1,289.91,3176.43,1681.93,473.1,81.11,244.14,1048.46,386.01,236.07,290.12,437.47,208.46,101.18,3520.88,231.97,131.44,134.19,38.98,54.96,97.76,274.18
20261005,12:42:35,49671.61,44526.02,26138.77,17112.65,123.73,1852.91,450.33,464.08,554.27,109.84,166.4,204.47,91.88,142.34,267.39,121.74,190.1,289.91,3176.43,1681.7,473.23,81.11,244.15,1048.83,386.01,236.22,290.26,437.47,208.46,101.18,3520.77,231.97,131.44,134.19,38.98,54.97,97.76,274.16
20261005,12:42:40,49668.02,44522.48,26138.99,17112.77,123.73,1852.91,450.33,464.08,554.11,109.84,166.4,204.48,91.88,142.34,267.39,121.74,190.1,289.94,3176.14,1681.71,473.12,81.11,243.98,1048.38,386.01,236.22,290.27,437.47,208.46,101.18,3520.81,232.29,131.44,134.19,38.98,54.97,97.76,274.17
20261005,12:42:45,49666.82,44521.25,26138.67,17112.22,123.73,1852.91,450.33,464.08,554.11,109.84,166.41,204.5,91.88,142.13,267.39,121.74,190.1,289.92,3176.06,1681.49,473.12,81.17,243.99,1048.8,386.02,236.22,290.23,437.47,208.43,101.18,3520.85,232.29,131.44,134.19,38.98,54.97,97.76,274.19
20261005,12:42:50,49672.69,44526.97,26139.36,17113.0,123.73,1852.91,450.41,464.08,554.12,109.84,166.41,204.51,91.88,142.13,267.39,121.74,190.1,289.92,3176.5,1681.84,473.11,81.16,243.98,1048.8,386.03,236.22,290.22,437.48,208.42,101.18,3520.86,232.29,131.44,134.19,38.98,54.97,97.76,274.23
20261005,12:42:55,49673.64,44528.18,26142.88,17118.01,123.73,1852.91,450.41,464.08,554.12,109.85,166.41,204.53,91.88,142.13,267.39,121.75,190.1,289.92,3176.48,1682.01,473.13,81.16,243.98,1048.14,386.03,236.21,290.26,437.44,208.46,101.18,3520.6,232.29,132.03,134.19,38.98,54.97,97.76,274.19
20261005,12:43:00,49672.96,44527.52,26138.48,17112.95,123.73,1852.91,450.41,464.08,554.12,109.85,166.41,204.51,91.88,142.14,267.39,121.71,190.1,289.96,3176.54,1681.81,472.9,81.12,243.98,1048.82,386.03,236.21,290.58,437.4,208.46,101.18,3520.6,232.29,131.44,134.19,38.98,54.97,97.76,274.19
20261005,12:43:05,49672.92,44526.74,26140.52,17112.8,123.73,1852.91,450.41,464.08,554.12,109.85,166.4,204.46,91.88,142.34,267.39,121.7,190.07,289.93,3176.48,1681.88,472.92,81.12,243.99,1048.96,386.0,236.21,290.18,437.46,208.42,101.18,3521.27,232.29,131.44,134.19,38.98,54.98,97.76,274.17
20261005,12:43:10,49671.65,44527.84,26134.36,17113.58,123.79,1854.33,450.42,464.08,554.12,109.83,166.41,204.5,91.88,142.34,267.39,121.7,190.07,289.93,3176.55,1681.94,473.03,81.13,243.99,1048.8,386.03,236.21,290.18,437.41,208.43,101.18,3519.14,232.29,131.44,134.19,38.98,54.98,97.76,274.17
20261005,12:43:15,49675.67,44532.47,26137.01,17118.98,123.79,1854.33,450.42,464.08,554.12,109.91,166.41,204.5,91.88,142.36,267.39,121.72,190.07,289.91,3176.8,1681.95,473.12,81.14,244.11,1049.09,386.35,236.21,290.18,437.41,208.46,101.18,3518.5,232.29,132.03,134.19,38.98,54.98,97.76,274.17
20261005,12:43:20,49666.93,44523.48,26137.66,17118.16,123.79,1854.33,450.41,464.0,554.12,109.83,166.42,204.53,91.88,142.36,267.39,121.7,190.07,289.92,3176.09,1681.64,473.03,81.11,244.11,1048.52,386.34,236.21,290.17,437.44,208.31,101.18,3518.93,232.29,132.03,134.19,38.98,54.98,97.76,274.47
20261005,12:43:25,49673.32,44529.11,26135.37,17113.51,123.79,1854.33,450.41,464.0,554.09,109.83,166.43,204.52,91.89,142.36,267.39,121.71,190.07,289.92,3176.66,1681.91,473.07,81.11,244.1,1049.01,386.34,236.21,290.17,437.38,208.32,101.18,3519.47,232.29,131.44,134.19,38.98,54.98,97.76,274.5
20261005,12:43:30,49675.57,44532.12,26132.72,17113.22,123.79,1854.33,450.41,464.0,554.09,109.83,166.42,204.5,91.89,142.36,267.39,121.71,190.03,289.94,3176.91,1682.03,473.12,81.11,244.1,1049.13,386.33,236.21,290.22,437.38,208.29,101.18,3518.72,232.29,131.44,134.19,38.98,54.98,97.76,274.52
20261005,12:43:35,49675.05,44529.62,26135.78,17110.05,123.79,1852.68,450.41,464.01,554.09,109.83,166.43,204.52,91.89,142.15,267.39,121.73,190.03,289.95,3176.78,1682.09,473.11,81.11,244.1,1048.69,386.33,236.21,290.17,437.35,208.11,101.18,3520.54,231.9,131.44,134.19,38.98,54.98,97.76,274.52
20261005,12:43:40,49673.78,44528.38,26135.17,17109.35,123.79,1852.78,450.41,464.01,554.09,109.83,166.42,204.47,91.9,142.15,267.39,121.73,190.08,289.95,3176.7,1681.95,473.11,81.11,244.11,1048.55,386.33,236.21,290.48,437.35,208.17,101.18,3520.54,231.9,131.44,134.19,38.97,54.91,97.76,274.27
20261005,12:43:45,49671.48,44525.9,26139.6,17113.65,123.79,1852.78,450.33,464.01,554.09,109.83,166.42,204.47,91.9,142.36,267.39,121.73,190.08,289.95,3176.4,1681.94,473.0,81.1,244.09,1048.47,386.0,236.21,290.16,437.39,208.17,101.18,3520.76,231.9,132.03,134.19,38.97,54.91,97.76,274.2
20261005,12:43:50,49674.23,44528.73,26141.26,17116.07,123.79,1852.78,450.32,464.38,554.14,109.84,166.41,204.43,91.9,142.36,267.39,121.85,190.08,289.95,3176.57,1681.99,473.13,81.09,244.09,1048.59,386.0,236.21,290.17,437.41,208.2,101.18,3520.62,231.9,132.02,134.19,38.97,54.91,97.76,274.5
20261005,12:43:55,49675.31,44530.05,26135.94,17110.81,123.79,1853.01,450.31,464.01,554.13,109.84,166.42,204.45,91.9,142.36,267.42,121.86,190.08,289.97,3176.8,1682.12,473.17,81.09,244.09,1048.75,385.74,236.21,290.17,437.41,208.17,101.15,3520.38,231.9,131.44,134.19,38.97,54.91,97.76,274.48
20261005,12:44:00,49635.47,44490.18,26138.68,17110.47,123.79,1852.78,450.39,464.01,553.9,109.84,166.42,204.45,91.9,142.36,267.42,121.86,190.08,289.98,3173.59,1679.69,473.17,81.08,244.09,1048.63,385.75,236.21,290.16,437.41,208.16,101.15,3521.33,231.9,131.44,134.19,38.97,54.91,97.76,274.48
20261005,12:44:05,49673.76,44528.97,26138.64,17115.36,123.79,1852.78,450.4,464.01,553.9,109.84,166.43,204.48,91.91,142.36,267.42,121.86,190.08,289.95,3176.6,1681.97,473.24,81.12,244.09,1048.55,385.75,236.21,290.2,437.36,208.16,101.15,3519.99,231.9,132.03,134.19,38.97,54.92,97.76,274.48
20261005,12:44:10,49666.82,44524.4,26132.09,17115.16,123.79,1852.78,450.4,464.01,553.92,109.84,166.43,204.48,91.9,142.36,267.42,121.86,190.08,289.95,3176.24,1681.93,473.18,81.09,244.09,1047.95,385.75,236.21,290.2,437.35,208.12,101.19,3518.0,231.9,132.03,134.19,38.97,54.92,97.76,274.52
20261005,12:44:15,49625.76,44482.41,26134.35,17111.14,123.79,1852.78,450.49,464.01,553.92,109.84,166.42,204.46,91.9,142.36,267.42,121.86,190.04,289.93,3172.95,1679.45,473.18,81.1,244.09,1047.77,385.75,236.21,290.2,437.32,208.15,101.19,3519.8,231.9,131.44,134.2,38.97,54.92,97.76,274.52
20261005,12:44:20,49623.2,44480.2,26133.12,17110.68,123.79,1852.78,450.4,464.01,554.02,109.84,166.42,204.46,91.9,142.36,267.42,121.74,190.04,289.93,3172.78,1679.34,473.2,81.1,244.09,1047.71,385.75,236.21,290.18,437.31,208.3,101.22,3519.54,231.97,131.44,134.2,38.97,54.92,97.76,274.22
20261005,12:44:25,49626.38,44484.75,26128.0,17109.65,123.79,1852.78,450.4,464.02,553.91,109.84,166.43,204.5,91.9,142.36,267.42,121.86,190.04,289.93,3173.18,1679.45,473.03,81.08,244.09,1048.54,385.48,236.21,290.18,437.32,208.14,101.22,3518.21,231.9,131.44,134.2,38.97,54.92,97.76,274.22
20261005,12:44:30,49670.29,44527.33,26128.98,17110.08,123.79,1852.78,450.4,464.09,553.91,109.84,166.43,204.5,91.9,142.36,267.42,121.86,190.04,289.93,3176.6,1681.88,473.09,81.12,244.15,1048.62,385.47,236.21,290.48,437.38,208.17,101.22,3518.4,231.9,131.44,134.22,38.97,54.91,97.76,274.2
20261005,12:44:35,49631.21,44488.85,26130.49,17110.48,123.79,1852.68,450.4,464.1,553.86,109.84,166.43,204.5,91.9,142.16,267.42,121.74,190.08,289.95,3173.49,1679.63,473.04,81.12,243.97,1048.72,385.77,236.21,290.17,437.38,208.25,101.22,3518.77,231.9,131.44,134.19,38.97,54.92,97.76,274.5
20261005,12:44:40,49673.79,44528.8,26135.32,17110.89,123.79,1852.68,450.4,464.1,553.83,109.84,166.41,204.41,91.9,142.16,267.42,121.86,190.08,289.95,3176.7,1682.22,473.03,81.12,243.79,1048.56,385.52,236.21,290.17,437.34,208.25,101.18,3520.17,231.9,131.44,134.19,39.01,54.92,97.76,274.5
20261005,12:44:45,49675.99,44531.13,26134.67,17110.76,123.79,1854.1,450.41,464.1,553.83,109.84,166.42,204.4,91.91,142.16,267.42,121.74,190.1,289.95,3176.89,1682.24,472.95,81.11,243.79,1048.63,385.74,236.21,290.48,437.34,208.24,101.18,3520.0,231.9,131.44,134.19,39.01,54.92,97.76,274.47
20261005,12:44:50,49677.84,44533.18,26132.62,17109.24,123.73,1854.33,450.32,464.1,553.83,109.84,166.43,204.43,91.92,142.15,267.42,121.74,190.1,289.96,3177.09,1682.25,473.06,81.13,244.22,1048.93,385.74,236.2,290.17,437.34,208.15,101.18,3519.77,231.9,131.44,134.19,39.01,54.92,97.76,274.47
20261005,12:44:55,49676.09,44534.15,26126.09,17110.69,123.73,1854.33,450.32,464.1,553.83,109.92,166.45,204.43,91.93,142.36,267.42,121.88,190.1,289.9,3177.13,1682.17,473.05,81.11,244.22,1048.96,385.74,236.2,290.48,437.32,208.15,101.18,3517.34,231.9,131.44,134.17,39.01,54.92,97.76,274.51
20261005,12:45:00,49673.46,44531.21,26131.01,17115.09,123.73,1854.33,450.41,464.1,553.86,109.92,166.45,204.46,91.93,142.15,267.42,121.76,190.1,289.88,3176.79,1681.95,473.03,81.11,243.97,1048.99,385.74,236.2,290.52,437.32,208.15,101.18,3517.68,231.9,132.03,134.18,39.01,54.92,97.76,274.49
20261005,12:45:05,49627.19,44486.13,26126.8,17110.24,123.73,1852.91,450.42,464.35,553.86,109.92,166.45,204.5,91.92,142.16,267.42,121.76,190.1,289.88,3173.27,1679.54,472.98,81.11,243.98,1048.56,385.74,236.2,290.17,437.32,208.15,101.18,3517.68,231.95,131.44,134.18,39.01,54.92,97.76,274.49
20261005,12:45:10,49665.08,44520.59,26133.14,17109.3,123.73,1852.91,450.25,464.1,553.86,109.92,166.44,204.5,91.91,142.16,267.42,121.89,190.1,289.91,3176.07,1681.72,473.02,81.1,243.98,1048.49,385.71,236.2,290.17,437.33,208.15,101.18,3519.92,231.95,131.44,134.18,39.01,54.92,97.76,274.45
20261005,12:45:15,49667.72,44525.18,26126.92,17108.91,123.73,1852.91,450.25,464.09,553.86,109.92,166.44,204.51,91.9,142.16,267.42,121.77,190.1,289.91,3176.45,1682.12,473.01,81.1,243.97,1047.77,385.71,236.2,290.48,437.33,208.28,101.18,3518.08,231.95,131.44,134.19,39.01,54.92,97.76,274.14
20261005,12:45:20,49667.85,44525.86,26124.99,17108.52,123.73,1852.91,450.33,464.21,553.91,109.92,166.44,204.45,91.92,142.15,267.42,121.77,190.1,289.93,3176.52,1682.18,472.97,81.1,243.79,1048.39,385.71,236.2,290.13,437.38,208.13,101.18,3517.58,231.95,131.44,134.19,39.01,54.92,97.76,274.14
20261005,12:45:25,49670.53,44528.65,26128.39,17113.06,123.73,1854.33,450.25,464.21,553.91,109.92,166.41,204.41,91.9,142.15,267.42,121.77,190.1,289.93,3176.63,1682.05,473.07,81.1,244.33,1048.49,385.71,236.2,290.13,437.36,208.14,101.18,3517.41,231.95,132.03,134.19,39.01,54.92,97.76,274.16
20261005,12:45:30,49668.92,44525.94,26128.23,17109.06,123.73,1854.21,450.34,464.21,553.91,109.92,166.4,204.39,91.9,142.36,267.42,121.77,190.1,289.93,3176.51,1682.1,473.09,81.1,244.33,1048.07,385.46,236.2,290.13,437.39,208.13,101.18,3518.45,231.95,131.44,134.19,39.01,54.92,97.76,274.16
20261005,12:45:35,49627.97,44486.65,26126.1,17108.63,123.73,1852.79,450.34,464.21,553.91,109.92,166.42,204.41,91.91,142.36,267.42,121.77,190.1,289.93,3173.35,1679.64,472.91,81.09,244.33,1048.32,385.49,236.2,290.13,437.35,208.13,101.18,3517.9,231.95,131.44,134.19,39.01,54.92,97.76,274.14
20261005,12:45:40,49668.97,44526.42,26126.87,17108.95,123.73,1852.79,450.33,464.14,553.91,109.92,166.43,204.4,91.92,142.36,267.42,121.89,190.1,289.93,3176.55,1682.05,473.08,81.08,244.21,1048.37,385.49,236.2,290.19,437.35,208.09,101.18,3518.05,231.95,131.44,134.19,39.01,54.92,97.76,274.14
20261005,12:45:45,49672.36,44527.89,26131.18,17107.74,123.73,1852.79,450.25,464.14,553.75,109.92,166.46,204.4,91.95,142.36,267.42,121.77,189.96,289.93,3176.7,1682.04,472.97,81.12,244.03,1048.69,385.49,236.2,290.4,437.35,208.09,101.18,3519.73,232.21,131.44,134.19,39.01,54.92,97.76,274.14
20261005,12:45:50,49665.27,44521.16,26130.15,17107.15,123.73,1852.79,450.24,464.02,553.75,109.91,166.46,204.44,91.94,142.15,267.42,121.77,189.96,289.93,3176.17,1681.77,472.94,81.14,244.03,1048.66,385.49,236.2,290.09,437.35,208.12,101.18,3519.57,232.21,131.44,134.09,39.01,54.92,97.76,274.15
20261005,12:45:55,49662.14,44520.39,26125.17,17109.06,123.6,1854.21,450.24,464.01,553.75,109.91,166.46,204.42,91.94,142.15,267.42,121.77,189.96,289.93,3176.06,1681.83,472.96,81.12,244.03,1048.26,385.49,236.2,290.07,437.35,208.3,101.18,3517.49,232.21,131.44,134.09,39.01,54.92,97.76,274.15
20261005,12:46:00,49627.71,44484.85,26132.21,17110.49,123.73,1854.29,450.24,464.01,553.75,109.91,166.48,204.42,91.95,142.15,267.42,121.89,189.96,289.93,3173.16,1679.55,472.96,81.13,244.03,1048.37,385.49,236.22,290.07,437.35,208.3,101.18,3519.3,232.21,131.44,134.12,39.01,54.92,97.76,274.15
20261005,12:46:05,49626.52,44483.21,26132.73,17109.45,123.73,1852.87,450.24,463.93,553.79,109.91,166.49,204.46,91.95,142.36,267.42,121.74,189.96,289.98,3173.06,1679.51,473.03,81.11,243.92,1048.3,385.55,236.22,290.07,437.31,208.31,101.18,3519.75,232.21,131.44,134.12,38.97,54.92,97.76,274.15
20261005,12:46:10,49628.85,44485.25,26133.21,17109.24,123.73,1853.04,450.24,463.93,553.79,109.91,166.5,204.53,91.95,142.15,267.42,121.74,189.99,289.98,3173.23,1679.52,472.94,81.12,244.1,1048.58,385.55,236.22,290.07,437.37,208.28,101.18,3519.96,232.21,131.44,134.09,38.97,54.92,97.76,274.16
20261005,12:46:15,49621.18,44478.0,26131.25,17107.72,123.79,1853.04,450.32,463.98,553.79,109.91,166.49,204.52,91.94,142.15,267.42,121.76,189.99,289.98,3172.68,1679.28,473.02,81.11,244.11,1047.94,385.55,236.22,290.08,437.36,208.14,101.18,3519.76,232.21,131.32,134.09,38.97,54.92,97.76,274.16
20261005,12:46:20,49626.23,44487.31,26118.87,17108.22,123.79,1853.04,450.32,463.98,553.78,109.83,166.49,204.52,91.95,142.15,267.42,121.76,189.99,289.96,3173.42,1679.59,473.1,81.12,244.23,1048.42,385.49,236.23,290.17,437.32,208.13,101.18,3515.75,232.21,131.44,134.09,38.97,54.92,97.76,274.16
20261005,12:46:25,49672.64,44530.59,26124.53,17108.21,123.79,1853.04,450.32,463.98,553.78,109.83,166.48,204.48,91.95,142.15,267.42,121.76,189.99,289.95,3176.91,1682.06,473.3,81.12,244.23,1048.43,385.82,236.23,290.49,437.36,208.13,101.18,3517.53,232.21,131.44,134.09,38.97,54.92,97.76,274.16
20261005,12:46:30,49672.9,44530.71,26124.85,17108.12,123.79,1853.04,450.33,464.1,553.78,109.83,166.49,204.49,91.95,142.15,267.42,121.76,189.99,289.95,3176.92,1682.05,473.22,81.11,244.34,1048.54,385.84,236.23,290.44,437.36,208.1,101.18,3517.65,232.21,131.44,134.09,38.97,54.92,97.76,274.16
20261005,12:46:35,49628.96,44487.31,26131.7,17114.07,123.79,1853.04,450.32,464.09,553.78,109.91,166.49,204.49,91.95,142.15,267.42,121.89,189.99,289.95,3173.28,1679.56,473.32,81.12,244.35,1047.86,385.82,236.23,290.13,437.36,208.12,101.18,3518.17,232.28,132.03,134.09,38.97,54.91,97.76,274.16
20261005,12:46:40,49626.88,44484.22,26130.88,17109.56,123.66,1854.46,450.33,464.17,553.81,109.91,166.47,204.49,91.93,142.14,267.42,121.89,189.99,289.95,3173.14,1679.52,473.18,81.12,244.35,1047.8,385.82,236.21,290.12,437.36,208.11,101.18,3519.14,232.28,131.44,134.12,38.97,54.91,97.76,274.17
20261005,12:46:45,49668.0,44526.7,26129.59,17116.18,123.79,1853.04,450.41,464.05,553.79,109.91,166.47,204.47,91.94,142.14,267.42,121.89,189.99,289.95,3176.4,1681.88,473.15,81.14,244.53,1048.11,385.81,236.21,290.12,437.36,208.29,101.18,3516.94,232.28,132.03,134.11,38.97,54.91,97.76,274.16
20261005,12:46:50,49669.18,44525.36,26131.95,17110.51,123.66,1853.04,450.32,464.05,553.79,109.91,166.47,204.46,91.94,142.14,267.42,121.89,189.99,289.95,3176.43,1681.84,473.32,81.11,244.53,1048.11,385.81,236.2,290.17,437.37,208.29,101.18,3519.21,232.28,131.44,134.09,38.97,54.91,97.76,274.2
20261005,12:46:55,49628.39,44485.11,26132.93,17109.93,123.66,1853.04,450.32,464.31,553.79,109.91,166.47,204.46,91.94,142.14,267.42,121.77,189.99,289.92,3173.2,1679.53,473.21,81.1,244.53,1047.7,385.81,236.2,290.17,437.37,208.29,101.18,3519.68,232.28,131.44,134.09,38.97,54.91,97.76,274.19
20261005,12:47:00,49628.37,44485.01,26132.98,17109.76,123.66,1853.04,450.32,464.13,553.8,109.92,166.47,204.46,91.94,142.13,267.42,121.77,189.99,289.91,3173.19,1679.63,473.02,81.1,244.53,1047.57,385.78,236.22,290.16,437.43,208.29,101.17,3519.74,232.28,131.43,134.08,38.97,54.91,97.76,274.19
20261005,12:47:05,49666.25,44522.21,26131.1,17108.58,123.79,1853.04,450.32,464.12,553.8,109.92,166.45,204.46,91.93,142.13,267.42,121.77,189.99,289.91,3176.22,1682.02,472.93,81.08,244.36,1047.74,385.8,236.22,290.13,437.37,208.16,101.17,3519.48,232.28,131.43,134.08,38.97,54.91,97.76,274.19
20261005,12:47:10,49670.04,44525.9,26131.87,17109.46,123.79,1853.04,450.34,464.12,553.8,109.92,166.44,204.4,91.93,142.13,267.42,121.77,189.99,289.91,3176.5,1682.03,473.17,81.12,244.36,1048.08,385.8,236.13,290.12,437.37,208.16,101.17,3519.48,232.28,131.43,134.09,38.97,54.91,97.76,274.49
20261005,12:47:15,49667.64,44526.07,26123.84,17108.6,123.66,1853.04,450.26,464.12,553.78,109.92,166.44,204.4,91.93,142.13,267.3,121.77,189.99,289.91,3176.53,1681.93,473.02,81.12,244.53,1048.48,385.5,236.13,290.12,437.37,208.17,101.17,3517.2,232.28,131.43,134.09,38.97,54.93,97.76,274.49
20261005,12:47:20,49672.83,44528.55,26130.88,17108.07,123.79,1852.81,450.26,464.16,553.55,109.92,166.43,204.41,91.92,142.13,267.3,121.77,189.96,289.91,3176.74,1681.96,473.15,81.11,244.53,1048.82,385.48,236.13,290.1,437.37,208.17,101.17,3519.55,232.28,131.43,134.09,38.97,54.93,97.76,274.49
20261005,12:47:25,49629.04,44486.19,26130.39,17108.53,123.79,1852.77,450.24,464.16,553.55,109.91,166.41,204.41,91.91,142.13,267.3,121.77,189.96,289.91,3173.32,1679.5,473.08,81.11,244.42,1048.43,385.45,236.13,290.1,437.37,208.26,101.17,3519.27,232.28,131.43,134.09,38.97,54.93,97.76,274.49
20261005,12:47:30,49628.02,44485.13,26130.72,17108.67,123.79,1852.88,450.25,464.16,553.55,109.91,166.42,204.44,91.91,142.13,267.3,121.76,189.96,289.91,3173.23,1679.48,473.13,81.11,244.42,1048.34,385.78,236.13,289.97,437.37,208.26,101.17,3519.33,232.28,131.43,134.09,38.97,54.93,97.76,274.48
20261005,12:47:35,49668.72,44524.6,26135.52,17113.59,123.79,1852.88,450.33,464.16,553.55,109.91,166.43,204.45,91.91,142.13,267.3,121.76,189.96,289.92,3176.29,1681.88,472.98,81.1,244.42,1048.48,385.45,236.13,289.96,437.37,208.26,101.17,3519.5,231.95,132.02,134.09,38.97,54.93,97.76,274.48
20261005,12:47:40,49672.03,44527.45,26137.12,17114.18,123.79,1852.88,450.33,464.16,553.55,109.91,166.45,204.45,91.92,142.13,267.3,121.76,189.96,289.91,3176.51,1681.99,473.07,81.1,244.42,1048.55,385.45,236.14,289.95,437.37,208.24,101.17,3519.84,232.28,132.02,134.09,38.97,54.93,97.76,274.49
20261005,12:47:45,49668.03,44523.53,26136.86,17113.8,123.79,1852.76,450.24,464.41,553.55,109.9,166.43,204.4,91.92,142.13,267.3,121.76,189.96,289.91,3176.2,1682.01,473.07,81.1,244.41,1047.79,385.45,236.14,289.96,437.43,208.24,101.17,3519.86,232.28,132.02,134.09,38.97,54.95,97.76,274.49
20261005,12:47:50,49665.02,44521.39,26130.48,17109.1,123.79,1852.76,450.24,464.41,553.55,109.9,166.45,204.4,91.94,142.13,267.3,121.76,189.96,289.91,3176.14,1681.86,473.06,81.1,244.16,1048.35,385.45,236.0,289.95,437.37,208.27,101.17,3519.14,232.28,131.43,134.09,38.97,54.91,97.76,274.49
20261005,12:47:55,49625.33,44482.51,26131.38,17109.44,123.79,1852.76,450.25,464.17,553.65,109.9,166.45,204.37,91.95,142.14,267.3,121.76,189.96,289.91,3173.0,1679.33,473.01,81.11,244.29,1048.58,385.45,236.0,289.96,437.37,208.28,101.17,3519.33,232.28,131.43,134.09,38.98,54.91,97.76,274.5
20261005,12:48:00,49629.77,44487.32,26134.82,17115.03,123.79,1852.76,450.25,464.17,553.88,109.9,166.45,204.37,91.94,142.14,267.3,121.76,189.96,289.92,3173.25,1679.51,473.01,81.13,244.29,1048.61,385.45,236.0,289.95,437.43,208.28,101.14,3518.89,232.23,132.02,134.09,38.98,54.93,97.76,274.48
20261005,12:48:05,49621.19,44478.7,26136.6,17116.2,123.79,1852.29,450.33,464.17,553.88,109.9,166.45,204.37,91.95,142.13,267.3,121.89,189.96,289.92,3172.53,1679.21,473.02,81.1,244.17,1047.95,385.43,236.01,289.96,437.38,208.28,101.14,3519.13,232.23,132.02,134.09,38.98,54.93,97.76,274.48
20261005,12:48:10,49661.44,44519.51,26130.81,17114.88,123.79,1852.29,450.34,464.17,553.78,109.9,166.43,204.33,91.93,142.13,267.3,121.77,189.96,289.95,3175.85,1681.76,473.0,81.1,244.17,1047.99,385.11,236.01,290.01,437.38,208.28,101.14,3517.68,232.23,132.02,134.09,38.98,54.93,97.76,274.46
20261005,12:48:15,49622.76,44482.32,26128.93,17114.38,123.78,1852.27,450.25,464.42,553.78,109.9,166.43,204.33,91.93,142.13,267.3,121.76,189.96,289.95,3172.87,1679.37,473.15,81.1,244.42,1047.87,385.12,236.01,290.01,437.38,208.28,101.14,3517.22,232.23,132.02,134.09,38.98,54.93,97.76,274.46
20261005,12:48:20,49666.85,44523.37,26132.89,17112.54,123.78,1852.27,450.34,464.42,553.78,109.82,166.43,204.34,91.93,142.13,267.3,121.87,189.96,289.95,3176.22,1681.8,473.16,81.09,244.42,1048.31,385.45,236.01,290.01,437.38,208.47,101.14,3518.96,232.23,131.43,134.09,38.98,54.93,97.76,274.46
20261005,12:48:25,49669.79,44525.2,26138.65,17115.71,123.78,1852.27,450.34,464.25,553.78,109.82,166.43,204.33,91.93,141.92,267.3,121.75,189.96,289.95,3176.29,1681.86,473.15,81.1,244.42,1048.31,385.45,236.01,290.01,437.38,208.44,101.14,3519.9,232.23,132.02,134.09,38.98,54.93,97.76,274.46
20261005,12:48:30,49667.74,44523.79,26136.03,17114.68,123.78,1852.27,450.24,464.25,553.7,109.82,166.46,204.39,91.95,141.92,267.3,121.75,189.99,289.97,3176.2,1681.78,473.17,81.13,244.42,1048.25,385.49,236.01,290.01,437.38,208.4,101.13,3519.36,232.23,132.02,134.09,38.98,54.93,97.76,274.42
20261005,12:48:35,49628.25,44486.4,26130.45,17111.88,123.78,1853.69,450.24,464.25,553.78,109.82,166.45,204.39,91.94,141.92,267.3,121.87,189.99,289.96,3173.26,1679.38,473.06,81.13,244.42,1048.82,385.49,236.03,289.96,437.38,208.43,101.13,3518.38,232.23,131.43,134.09,38.98,54.94,97.76,274.42
20261005,12:48:40,49626.74,44484.3,26132.16,17111.76,123.65,1853.69,450.24,464.25,553.85,109.82,166.45,204.43,91.93,141.92,267.3,121.85,189.95,289.96,3173.09,1679.34,473.05,81.09,244.42,1048.63,385.49,236.03,289.96,437.35,208.47,101.13,3518.95,232.23,131.43,134.09,38.98,54.94,97.76,274.4
20261005,12:48:45,49666.64,44523.16,26130.27,17109.54,123.78,1852.2,450.24,464.24,553.83,109.81,166.45,204.43,91.93,141.92,267.3,121.73,189.95,289.97,3176.27,1681.68,472.99,81.11,244.42,1048.96,385.49,236.03,290.0,437.41,208.43,101.13,3518.96,232.23,131.43,134.09,38.98,54.94,97.76,274.09
20261005,12:48:50,49670.96,44527.42,26134.18,17114.2,123.78,1852.2,450.24,464.5,553.76,109.81,166.45,204.43,91.93,141.92,267.3,121.73,189.95,289.96,3176.51,1681.7,473.05,81.09,244.42,1049.5,385.16,235.78,290.0,437.35,208.41,101.13,3518.91,232.23,132.02,134.09,38.98,54.96,97.76,274.1
20261005,12:48:55,49628.07,44485.74,26128.38,17107.89,123.65,1852.2,450.24,464.42,553.76,109.81,166.44,204.37,91.93,141.92,267.3,121.73,189.95,289.96,3173.3,1679.42,473.08,81.05,244.42,1048.92,385.16,235.78,290.0,437.41,208.3,101.13,3518.81,232.23,131.43,134.09,38.98,54.96,97.76,274.1
20261005,12:49:00,49668.39,44525.12,26128.52,17108.37,123.65,1852.2,450.24,464.42,553.76,109.81,166.44,204.37,91.93,141.92,267.3,121.73,189.95,289.96,3176.46,1681.7,473.13,81.07,244.42,1049.32,385.16,235.78,290.0,437.34,208.38,101.13,3518.73,232.23,131.43,134.09,38.98,54.96,97.76,274.07
20261005,12:49:05,49664.38,44523.12,26124.48,17110.11,123.78,1852.2,450.32,464.17,553.83,109.81,166.45,204.37,91.94,141.92,267.3,121.75,189.95,289.96,3176.26,1681.65,473.08,81.09,244.43,1048.99,385.14,235.78,290.0,437.36,208.42,101.13,3516.99,232.23,131.43,134.08,38.98,54.98,97.76,274.07
20261005,12:49:10,49666.39,44525.23,26122.84,17108.72,123.78,1852.35,450.33,464.16,553.85,109.8,166.44,204.35,91.94,141.92,267.3,121.75,189.95,289.95,3176.46,1681.72,473.05,81.06,244.42,1049.36,385.14,235.78,290.0,437.36,208.27,101.13,3516.86,232.23,131.43,134.08,38.98,54.96,97.76,274.08
20261005,12:49:15,49668.38,44527.16,26124.0,17110.03,123.78,1852.35,450.41,464.16,553.89,109.8,166.42,204.25,91.94,142.13,267.3,121.87,189.95,289.95,3176.58,1681.87,473.06,81.05,244.0,1049.54,385.46,235.78,290.0,437.42,208.22,101.13,3516.86,232.23,131.43,134.08,38.98,54.96,97.76,274.13
20261005,12:49:20,49630.83,44490.83,26121.96,17108.54,123.78,1852.35,450.32,464.16,553.89,109.79,166.43,204.25,91.95,141.92,267.3,121.75,189.95,289.95,3173.69,1679.71,473.13,81.07,244.17,1049.05,385.46,235.78,290.0,437.36,208.25,101.13,3516.63,232.23,131.43,134.08,38.98,54.96,97.75,274.13
20261005,12:49:25,49634.72,44494.16,26124.94,17110.4,123.78,1852.35,450.32,464.16,553.89,109.79,166.44,204.25,91.96,141.92,267.3,121.75,189.95,289.95,3173.92,1679.8,473.0,81.06,244.42,1049.25,385.49,235.78,290.0,437.36,208.43,101.13,3517.06,232.23,131.43,134.08,38.98,54.96,97.75,274.14
20261005,12:49:30,49672.99,44529.83,26128.16,17108.71,123.78,1852.35,450.32,464.16,554.08,109.79,166.44,204.24,91.96,141.92,267.3,121.73,189.95,289.95,3176.83,1682.12,473.0,81.03,244.42,1049.08,385.48,235.78,290.0,437.34,208.25,101.13,3518.52,231.91,131.43,134.08,38.98,54.94,97.75,274.24
20261005,12:49:35,49634.94,44492.58,26127.79,17107.67,123.78,1852.35,450.32,464.16,554.08,109.79,166.44,204.25,91.96,141.92,267.3,121.73,189.95,289.95,3173.85,1679.74,473.01,81.06,244.42,1049.24,385.48,236.03,290.0,437.34,208.13,101.13,3518.69,231.91,131.43,134.07,38.98,54.94,97.75,274.29
20261005,12:49:40,49672.42,44529.15,26128.3,17108.45,123.78,1852.36,450.32,464.16,553.85,109.79,166.45,204.29,91.96,141.92,267.3,121.73,189.95,289.95,3176.78,1682.0,473.01,81.06,244.42,1049.27,385.49,236.03,290.0,437.34,208.28,101.13,3518.63,231.91,131.43,134.07,38.98,54.94,97.75,274.29
20261005,12:49:45,49673.21,44529.81,26133.04,17113.54,123.78,1852.36,450.32,464.16,553.85,109.79,166.46,204.34,91.96,141.92,267.3,121.73,189.95,289.95,3176.71,1681.92,472.94,81.06,244.24,1049.55,385.53,236.03,290.01,437.34,208.3,101.13,3518.73,231.91,132.02,134.07,38.98,54.94,97.75,274.29
20261005,12:49:50,49671.9,44528.38,26129.78,17109.27,123.78,1852.36,450.32,464.16,553.85,109.79,166.47,204.39,91.96,141.92,267.3,121.75,189.95,289.95,3176.7,1681.91,472.94,81.05,244.22,1049.59,385.53,236.03,290.0,437.36,208.3,101.13,3518.88,231.92,131.43,134.07,38.98,54.96,97.75,274.29
20261005,12:49:55,49626.06,44485.68,26123.01,17108.06,123.78,1852.36,450.24,464.16,553.85,109.79,166.48,204.4,91.96,141.92,267.48,121.71,190.1,289.97,3173.29,1679.42,473.01,81.06,244.24,1049.06,385.56,236.03,290.0,437.42,208.33,101.13,3517.09,231.92,131.31,134.08,38.98,54.96,97.75,274.26
20261005,12:50:00,49664.8,44523.16,26123.31,17107.53,123.78,1852.36,450.24,464.41,553.86,109.8,166.45,204.31,91.96,141.92,267.48,121.71,190.1,289.97,3176.32,1681.78,473.0,81.06,244.12,1049.1,385.56,236.03,290.0,437.36,208.18,101.13,3517.33,231.92,131.43,134.08,38.97,54.96,97.75,274.25
20261005,12:50:05,49660.73,44521.88,26115.88,17107.96,123.72,1852.36,450.24,464.16,553.74,109.8,166.49,204.38,91.97,141.91,267.48,121.85,189.95,289.96,3176.21,1681.81,472.98,81.05,243.88,1048.99,385.56,236.03,290.0,437.42,208.18,101.13,3514.89,231.94,131.43,134.08,38.97,54.96,97.75,274.26
20261005,12:50:10,49625.5,44485.2,26122.94,17108.21,123.72,1852.36,450.24,464.16,553.74,109.72,166.51,204.39,91.99,141.91,267.48,121.73,189.95,289.96,3173.25,1679.66,473.11,81.03,243.88,1048.36,385.56,236.03,290.1,437.39,208.29,101.13,3517.03,231.94,131.43,134.08,38.97,54.96,97.75,274.26
20261005,12:50:15,49667.87,44526.9,26121.51,17107.95,123.72,1852.36,450.24,464.16,553.74,109.72,166.52,204.42,91.99,141.91,267.48,121.73,189.95,289.96,3176.61,1681.93,473.11,81.05,244.13,1049.1,385.56,236.03,290.1,437.4,208.26,101.13,3516.65,231.94,131.43,134.08,38.97,54.96,97.75,274.25
20261005,12:50:20,49667.34,44526.6,26125.03,17112.72,123.72,1852.36,450.24,464.16,553.67,109.8,166.52,204.42,91.99,141.91,267.48,121.73,189.95,289.96,3176.47,1681.83,473.15,81.03,244.13,1049.1,385.56,235.89,290.09,437.38,208.26,101.13,3516.45,231.94,132.02,134.08,38.97,54.96,97.75,274.25
20261005,12:50:25,49671.86,44530.78,26122.57,17109.13,123.72,1852.36,450.32,464.27,553.67,109.72,166.53,204.42,91.99,141.91,267.48,121.71,189.99,289.96,3176.9,1682.04,473.09,81.03,244.23,1049.41,385.56,235.89,290.09,437.43,208.25,101.13,3516.66,231.94,131.43,134.08,38.97,54.96,97.75,274.47
20261005,12:50:30,49626.66,44484.02,26131.17,17109.94,123.72,1852.36,450.24,464.27,553.67,109.73,166.53,204.42,91.99,141.91,267.48,121.72,189.99,289.96,3173.11,1679.53,473.09,80.98,244.11,1048.4,385.3,235.89,290.09,437.36,208.42,101.13,3519.13,231.94,131.43,134.09,38.97,54.96,97.75,274.42
20261005,12:50:35,49625.51,44483.32,26130.17,17110.17,123.72,1852.36,450.24,464.27,553.67,109.81,166.52,204.4,91.99,141.91,267.48,121.72,189.99,289.94,3173.05,1679.53,473.06,80.97,244.12,1048.32,385.24,235.89,290.08,437.36,208.42,101.16,3518.76,231.94,131.43,134.09,38.97,54.96,97.75,274.44
20261005,12:50:40,49626.65,44484.65,26126.95,17107.2,123.72,1852.36,450.23,464.27,553.67,109.73,166.52,204.4,91.99,141.91,267.48,121.72,190.13,289.93,3173.23,1679.46,472.77,80.99,243.95,1049.05,385.26,235.89,290.32,437.36,208.12,101.16,3518.55,231.94,131.43,134.09,38.97,54.96,97.75,274.44
20261005,12:50:45,49667.62,44524.68,26127.25,17107.93,123.72,1852.36,450.23,464.35,553.72,109.73,166.53,204.44,92.0,142.13,267.48,121.72,190.13,289.91,3176.44,1681.9,472.87,80.98,243.95,1049.06,385.26,235.88,290.33,437.36,208.13,101.16,3518.45,231.94,131.43,134.06,38.97,54.96,97.75,274.5
20261005,12:50:50,49630.24,44487.55,26131.31,17110.21,123.72,1852.36,450.31,464.35,553.72,109.8,166.54,204.44,92.0,142.13,267.6,121.85,189.99,289.98,3173.39,1679.68,472.86,80.99,243.95,1049.07,385.26,235.88,290.01,437.36,208.28,101.16,3519.1,231.94,131.43,134.06,38.97,54.95,97.75,274.2
20261005,12:50:55,49632.18,44489.69,26130.97,17110.68,123.72,1852.36,450.31,464.27,553.72,109.81,166.55,204.45,92.0,142.13,267.6,121.85,189.99,289.96,3173.55,1679.72,472.8,80.95,243.95,1049.06,385.26,235.88,290.32,437.36,208.33,101.16,3518.87,231.94,131.43,134.06,38.97,54.96,97.75,274.19
20261005,12:51:00,49627.56,44484.93,26128.86,17107.37,123.59,1852.36,450.31,464.27,553.68,109.81,166.35,204.45,91.85,142.13,267.84,121.75,189.99,289.92,3173.25,1679.62,472.86,80.97,243.95,1048.94,385.26,235.88,290.01,437.43,208.31,101.16,3519.11,231.94,131.43,134.06,38.97,54.96,97.75,274.19
20261005,12:51:05,49664.35,44520.4,26128.84,17106.11,123.72,1852.36,450.31,464.27,553.68,109.81,166.34,204.45,91.83,142.13,267.72,121.75,189.99,289.92,3176.13,1681.88,472.86,80.97,243.97,1048.85,385.25,235.88,290.01,437.43,208.16,101.16,3519.44,231.94,131.43,134.06,38.97,54.96,97.75,274.18
20261005,12:51:10,49620.13,44479.18,26123.64,17106.35,123.72,1852.36,450.24,464.27,553.72,109.81,166.34,204.45,91.84,141.91,267.72,121.74,189.95,289.92,3172.81,1679.34,472.76,80.95,243.97,1048.9,385.25,235.88,290.01,437.47,208.16,101.16,3517.75,231.94,131.43,134.06,38.97,54.96,97.75,274.48
20261005,12:51:15,49653.17,44514.43,26114.39,17105.97,123.72,1852.36,450.24,464.27,553.72,109.81,166.33,204.41,91.84,141.91,267.72,121.74,189.95,289.99,3175.66,1681.75,472.78,81.0,243.97,1048.15,385.23,235.88,290.01,437.47,208.12,101.16,3514.96,231.94,131.43,134.06,38.97,54.95,97.75,274.47
20261005,12:51:20,49657.3,44516.66,26120.06,17106.46,123.59,1852.36,450.24,464.27,553.8,109.82,166.34,204.41,91.84,141.91,267.77,121.74,189.95,289.99,3175.82,1681.74,472.79,80.97,243.91,1048.68,385.23,235.88,290.01,437.52,208.12,101.16,3516.6,232.26,131.43,134.06,38.97,54.95,97.75,274.42
20261005,12:51:25,49652.67,44512.12,26121.45,17107.98,123.59,1852.58,450.24,464.27,553.8,109.8,166.35,204.44,91.84,141.91,267.77,121.74,189.99,290.0,3175.42,1681.73,472.91,80.96,243.89,1047.54,385.23,235.63,290.1,437.49,208.27,101.16,3516.62,232.26,131.43,134.06,38.97,54.95,97.75,274.42
20261005,12:51:30,49616.17,44475.84,26124.97,17109.61,123.59,1852.68,450.33,464.27,553.8,109.8,166.35,204.44,91.84,141.91,267.77,121.85,189.96,289.99,3172.46,1679.39,472.78,80.95,243.88,1047.87,385.23,235.63,290.1,437.45,208.3,101.16,3517.28,232.23,131.43,134.06,38.97,54.96,97.75,274.42
20261005,12:51:35,49654.33,44513.85,26120.84,17107.64,123.72,1852.68,450.24,464.27,553.8,109.8,166.34,204.4,91.84,141.91,267.77,121.85,189.96,289.95,3175.57,1681.79,472.66,80.96,243.88,1047.99,385.23,235.63,290.1,437.46,208.3,101.16,3516.52,231.9,131.43,134.06,38.97,54.96,97.75,274.09
20261005,12:51:40,49651.12,44509.77,26122.19,17106.02,123.59,1852.68,450.25,464.16,553.8,109.81,166.34,204.42,91.84,141.91,267.89,121.73,189.96,289.95,3175.28,1681.7,472.7,80.96,243.88,1047.52,385.23,235.63,290.1,437.43,208.27,101.16,3517.39,231.9,131.43,134.06,38.97,54.94,97.75,274.11
20261005,12:51:45,49651.66,44510.73,26121.09,17106.19,123.59,1852.68,450.25,464.41,553.72,109.81,166.34,204.42,91.84,141.91,267.89,121.74,189.91,289.96,3175.35,1681.52,472.71,80.95,243.99,1048.27,385.23,235.64,290.02,437.4,208.3,101.16,3517.0,231.9,131.43,134.06,38.97,54.94,97.75,274.08
20261005,12:51:50,49616.12,44476.1,26121.59,17106.76,123.59,1852.68,450.33,464.16,553.8,109.81,166.34,204.42,91.84,141.91,267.89,121.74,189.91,289.96,3172.55,1679.1,472.73,80.96,243.99,1048.61,385.4,235.63,290.33,437.4,208.3,101.16,3517.0,231.9,131.43,134.06,38.98,54.94,97.75,274.06
20261005,12:51:55,49617.15,44476.65,26121.45,17105.1,123.59,1852.68,450.17,464.16,553.8,109.81,166.33,204.4,91.84,141.91,267.89,121.86,189.91,289.96,3172.63,1679.48,472.64,80.99,243.99,1048.13,385.15,235.63,290.02,437.4,208.3,101.16,3517.4,231.83,131.31,134.06,38.98,54.93,97.76,274.07
20261005,12:52:00,49616.18,44475.49,26122.72,17105.82,123.59,1852.68,450.17,464.16,553.8,109.81,166.31,204.4,91.83,142.13,267.89,121.73,189.91,289.96,3172.52,1679.41,472.48,80.97,243.99,1048.32,385.12,235.63,289.96,437.45,208.3,101.16,3517.6,231.95,131.43,134.06,38.98,54.95,97.76,274.08
20261005,12:52:05,49648.66,44507.07,26120.66,17103.27,123.72,1852.68,450.25,464.16,553.79,109.81,166.33,204.4,91.84,141.91,267.89,121.85,189.99,289.97,3175.13,1681.6,472.73,80.94,243.99,1047.58,385.12,235.63,289.96,437.45,208.15,101.16,3517.66,231.95,130.95,134.06,38.98,54.95,97.76,274.38
20261005,12:52:10,49649.09,44509.64,26114.47,17103.34,123.72,1854.1,450.17,464.16,553.72,109.82,166.33,204.4,91.84,141.91,267.89,121.85,189.99,289.97,3175.33,1681.85,472.64,80.93,243.87,1047.54,385.12,235.62,289.95,437.41,208.3,101.16,3515.7,231.95,130.84,134.06,38.98,54.95,97.76,274.38
20261005,12:52:15,49612.01,44470.92,26121.41,17102.63,123.72,1854.1,450.08,464.16,553.72,109.74,166.33,204.38,91.84,141.91,267.89,121.85,189.99,289.97,3172.23,1679.43,472.65,80.97,243.87,1047.53,385.19,235.62,289.96,437.41,208.3,101.16,3518.07,231.95,130.84,134.09,38.98,54.95,97.76,274.43
20261005,12:52:20,49651.07,44511.84,26113.91,17103.61,123.73,1854.02,450.08,464.16,553.8,109.82,166.33,204.38,91.84,142.13,267.89,121.85,189.99,289.99,3175.51,1681.95,472.68,80.95,243.87,1047.54,385.22,235.6,289.95,437.41,208.31,101.16,3515.46,231.95,130.85,134.09,38.98,54.95,97.76,274.42
20261005,12:52:25,49613.91,44473.95,26118.11,17102.78,123.73,1853.65,450.08,464.16,553.65,109.74,166.32,204.38,91.84,142.13,267.89,121.86,189.99,289.99,3172.47,1679.46,472.82,80.95,243.64,1047.94,385.22,235.6,290.05,437.41,208.32,101.16,3516.99,231.95,130.84,134.09,38.98,54.95,97.76,274.42
20261005,12:52:30,49660.01,44518.85,26118.3,17102.96,123.73,1853.65,450.08,464.16,553.76,109.75,166.32,204.38,91.84,141.91,267.89,121.86,189.99,289.99,3176.09,1682.02,472.65,80.95,243.64,1048.8,385.22,235.6,290.05,437.46,208.32,101.16,3517.0,231.95,130.84,134.08,38.98,54.95,97.76,274.43
20261005,12:52:35,49654.78,44513.83,26115.06,17099.45,123.6,1852.23,450.07,464.16,553.68,109.75,166.31,204.34,91.84,141.91,267.89,121.74,189.99,290.02,3175.77,1681.94,472.74,80.91,243.61,1048.3,385.18,235.6,290.05,437.43,208.17,101.16,3516.94,231.95,130.84,134.08,38.98,54.95,97.76,274.45
20261005,12:52:40,49613.25,44473.35,26116.64,17101.23,123.73,1853.65,450.15,464.16,553.67,109.75,166.31,204.34,91.84,141.91,267.89,121.86,189.99,290.02,3172.46,1679.44,472.67,80.92,243.86,1048.07,385.18,235.6,290.0,437.37,208.15,101.16,3516.95,231.95,130.84,134.08,38.98,54.95,97.76,274.39
20261005,12:52:45,49652.09,44511.06,26116.4,17100.5,123.73,1853.65,450.07,464.16,553.86,109.83,166.31,204.34,91.84,141.91,267.89,121.72,189.99,290.02,3175.52,1681.82,472.71,80.92,243.74,1048.04,385.18,235.6,289.99,437.36,208.24,101.16,3517.08,231.95,130.72,134.08,38.98,54.95,97.76,274.39
20261005,12:52:50,49652.93,44512.0,26116.09,17100.55,123.73,1853.65,450.15,464.16,553.84,109.83,166.32,204.34,91.85,141.91,267.89,121.72,189.99,290.02,3175.59,1681.94,472.54,80.89,243.75,1048.09,385.18,235.6,289.99,437.36,208.16,101.16,3516.97,231.95,130.72,134.08,38.98,54.95,97.76,274.4
20261005,12:52:55,49613.85,44474.56,26115.04,17101.48,123.6,1853.65,450.16,464.17,553.84,109.76,166.31,204.29,91.85,141.7,267.89,121.83,189.99,290.02,3172.55,1679.45,472.43,80.91,243.93,1048.07,385.18,235.62,290.3,437.39,208.27,101.16,3516.39,231.95,130.72,134.1,38.98,54.95,97.76,274.39
20261005,12:53:00,49607.38,44468.73,26114.55,17102.49,123.73,1853.65,450.16,464.17,553.83,109.83,166.27,204.31,91.81,141.91,267.89,121.71,189.96,290.02,3172.06,1679.2,472.4,80.92,243.92,1048.07,385.18,235.61,289.99,437.39,208.43,101.16,3515.96,231.95,130.72,134.1,38.98,54.95,97.76,274.39
20261005,12:53:05,49653.65,44513.61,26113.28,17100.36,123.73,1852.23,450.16,464.17,553.83,109.83,166.27,204.31,91.81,141.91,267.89,121.71,189.96,290.02,3175.73,1681.88,472.41,80.91,243.93,1048.55,385.5,235.61,289.94,437.34,208.28,101.16,3516.14,231.95,130.72,134.1,38.98,54.95,97.76,274.38
20261005,12:53:10,49649.36,44509.43,26113.0,17100.04,123.73,1852.23,450.16,464.25,553.84,109.82,166.26,204.31,91.8,141.7,267.89,121.7,189.96,290.0,3175.4,1681.83,472.19,80.89,244.04,1048.07,385.47,235.61,289.95,437.35,208.28,101.16,3516.14,231.95,130.84,134.07,38.98,54.95,97.76,274.11
20261005,12:53:15,49651.62,44511.95,26111.73,17099.65,123.73,1852.23,450.07,464.25,553.84,109.82,166.26,204.31,91.8,141.91,267.89,121.7,189.96,290.01,3175.61,1681.82,472.2,80.89,244.04,1048.59,385.49,235.61,289.95,437.39,208.27,101.16,3515.85,231.95,130.84,134.05,38.98,54.95,97.76,274.11
20261005,12:53:20,49649.3,44509.61,26112.12,17099.81,123.73,1852.6,450.07,464.25,553.84,109.81,166.26,204.33,91.8,141.91,267.89,121.7,189.96,290.01,3175.42,1681.68,472.19,80.9,244.04,1048.57,385.5,235.61,289.96,437.34,208.27,101.16,3515.92,231.9,130.84,134.05,38.98,54.96,97.76,274.11
20261005,12:53:25,49644.7,44507.41,26105.76,17100.18,123.6,1852.6,450.07,464.33,553.84,109.81,166.26,204.33,91.8,141.7,267.89,121.83,189.92,290.02,3175.23,1681.74,472.22,80.86,243.91,1048.11,385.5,235.61,289.96,437.34,208.38,101.16,3513.84,231.95,130.72,134.06,38.98,54.96,97.76,274.11
20261005,12:53:30,49649.52,44509.56,26112.22,17099.06,123.6,1852.6,450.07,464.45,553.85,109.81,166.26,204.31,91.8,141.91,267.89,121.71,189.92,289.98,3175.43,1681.85,472.29,80.86,243.91,1048.18,385.5,235.61,289.96,437.34,208.23,101.16,3516.16,231.95,130.72,134.05,38.98,54.96,97.76,274.38
20261005,12:53:35,49646.53,44506.85,26114.71,17102.64,123.73,1854.02,450.16,464.46,553.86,109.8,166.25,204.29,91.8,141.7,267.89,121.83,189.92,289.98,3175.13,1681.6,472.25,80.83,243.59,1048.58,385.5,235.61,289.95,437.34,208.4,101.16,3515.97,231.95,130.72,134.05,38.98,54.96,97.76,274.38
20261005,12:53:40,49646.94,44507.13,26114.93,17102.44,123.79,1854.02,450.16,464.46,553.86,109.8,166.27,204.35,91.8,141.7,267.89,121.7,189.92,289.98,3175.15,1681.71,472.14,80.84,243.59,1048.43,385.51,235.61,289.95,437.37,208.44,101.15,3516.09,231.95,130.72,134.05,38.94,54.96,97.76,274.38
20261005,12:53:45,49607.45,44468.68,26115.48,17103.19,123.79,1854.02,450.16,464.46,553.86,109.73,166.28,204.35,91.81,141.7,267.86,121.71,189.92,289.98,3172.04,1679.31,472.13,80.8,243.59,1048.53,385.18,235.62,289.95,437.37,208.44,101.15,3516.06,231.95,130.84,134.02,38.94,54.96,97.76,274.38
20261005,12:53:50,49642.54,44503.67,26113.78,17103.94,123.79,1854.02,450.16,464.38,553.79,109.73,166.48,204.38,91.97,141.7,267.86,121.7,189.92,289.98,3174.84,1681.62,472.15,80.8,243.59,1048.07,385.18,235.62,289.94,437.37,208.43,101.15,3515.32,231.9,130.72,134.02,38.94,54.96,97.76,274.38
20261005,12:53:55,49642.33,44503.93,26113.78,17105.49,123.79,1854.02,450.16,464.38,554.17,109.82,166.46,204.3,91.97,141.7,267.86,121.7,189.92,290.01,3174.82,1681.61,472.06,80.82,243.59,1048.12,385.18,235.62,289.94,437.35,208.45,101.15,3514.9,231.9,130.72,134.02,38.94,54.96,97.76,274.38
20261005,12:54:00,49643.64,44504.08,26115.66,17103.88,123.79,1854.02,450.16,464.51,554.09,109.82,166.46,204.31,91.97,141.7,267.74,121.82,189.92,289.98,3174.87,1681.6,472.08,80.81,243.84,1048.04,385.16,235.62,289.94,437.42,208.21,101.15,3515.93,231.9,130.72,134.02,38.94,54.95,97.76,274.42
20261005,12:54:05,49645.21,44505.03,26114.56,17100.65,123.79,1851.18,450.08,464.51,554.05,109.82,166.45,204.31,91.95,141.7,267.74,121.7,189.92,289.98,3175.03,1681.71,472.09,80.84,243.73,1048.12,385.16,235.62,289.94,437.42,208.18,101.15,3516.46,231.83,130.72,134.02,38.94,54.95,97.76,274.42
20261005,12:54:10,49644.42,44505.25,26112.22,17101.26,123.73,1851.18,450.09,464.76,554.06,109.82,166.46,204.36,91.95,141.7,267.92,121.7,190.07,289.98,3175.03,1681.72,472.09,80.82,243.73,1048.13,385.16,235.62,289.94,437.43,208.15,101.15,3515.57,231.83,130.74,134.02,38.94,54.95,97.76,274.44
20261005,12:54:15,49643.1,44504.17,26111.61,17101.29,123.73,1851.18,450.0,464.51,554.06,109.82,166.45,204.36,91.95,141.7,267.92,121.7,189.92,289.98,3174.94,1681.7,472.06,80.82,243.73,1048.04,385.18,235.62,289.92,437.37,208.29,101.15,3515.36,231.8,130.74,134.02,38.94,54.95,97.76,274.44
20261005,12:54:20,49643.25,44504.7,26109.8,17100.46,123.73,1851.18,450.0,464.59,554.07,109.82,166.46,204.35,91.95,141.7,267.92,121.7,189.92,290.01,3175.0,1681.71,472.05,80.85,243.84,1047.95,385.43,236.11,289.93,437.37,208.28,101.15,3515.02,231.8,130.74,134.02,38.94,54.95,97.76,274.14
20261005,12:54:25,49644.15,44504.67,26112.13,17100.12,123.6,1851.18,450.0,464.47,554.07,109.75,166.46,204.37,91.95,141.7,267.92,121.71,189.92,290.01,3175.01,1681.59,472.16,80.9,243.84,1048.11,385.46,236.11,289.92,437.37,208.31,101.15,3515.85,231.8,130.74,134.04,38.94,54.95,97.76,274.09
20261005,12:54:30,49639.97,44500.41,26112.51,17099.9,123.73,1851.18,449.92,464.39,554.07,109.75,166.46,204.35,91.95,141.7,267.92,121.71,189.92,290.01,3174.67,1681.36,472.15,80.91,243.72,1048.13,385.46,236.11,289.92,437.37,208.3,101.15,3516.02,231.87,130.74,134.04,38.94,54.96,97.76,274.09
20261005,12:54:35,49636.3,44499.61,26104.17,17099.63,123.73,1852.6,450.0,464.47,554.07,109.75,166.46,204.35,91.95,141.7,267.92,121.71,189.92,289.99,3174.62,1681.43,472.24,80.89,243.45,1048.02,385.19,236.11,289.91,437.36,208.15,101.15,3513.49,231.87,130.74,134.04,38.94,54.96,97.76,274.08
20261005,12:54:40,49639.29,44501.86,26103.58,17096.73,123.73,1852.58,449.92,464.47,553.98,109.75,166.27,204.35,91.8,141.91,267.92,121.71,189.92,289.99,3174.87,1681.53,472.3,80.9,243.45,1048.22,385.19,236.11,289.92,437.42,208.12,101.15,3514.09,231.87,130.74,134.04,38.94,54.96,97.76,274.08
20261005,12:54:45,49634.33,44495.8,26107.22,17096.81,123.73,1852.58,449.92,464.47,554.02,109.75,166.27,204.35,91.8,141.7,267.92,121.71,189.92,289.99,3174.38,1681.4,472.16,80.92,243.45,1047.54,385.27,236.11,289.92,437.42,208.12,101.15,3515.21,231.87,130.74,134.04,38.94,54.96,97.76,274.16
20261005,12:54:50,49595.39,44457.11,26110.75,17098.37,123.73,1852.58,449.92,464.47,553.96,109.75,166.27,204.35,91.8,141.7,267.92,121.73,189.92,289.99,3171.22,1678.84,472.21,80.92,243.45,1047.92,385.27,236.11,289.88,437.36,208.3,101.15,3515.89,231.87,130.74,134.02,38.94,54.96,97.76,274.16
20261005,12:54:55,49641.83,44502.7,26111.51,17100.38,123.6,1852.58,449.92,464.65,553.96,109.83,166.46,204.35,91.96,141.7,267.92,121.73,189.92,289.98,3174.85,1681.54,472.17,80.9,243.45,1048.3,385.27,236.11,289.88,437.36,208.29,101.15,3515.58,231.87,130.74,134.04,38.94,54.95,97.76,274.17
20261005,12:55:00,49645.01,44505.55,26111.52,17099.54,123.6,1852.81,449.92,464.65,553.96,109.83,166.45,204.31,91.96,141.7,267.92,121.85,189.92,289.98,3175.1,1681.43,472.21,80.93,243.82,1048.75,385.59,236.11,289.88,437.36,208.12,101.15,3515.81,231.87,130.74,134.04,38.94,54.95,97.76,274.17
20261005,12:55:05,49602.24,44466.59,26104.37,17100.43,123.73,1852.58,449.92,464.4,553.85,109.81,166.44,204.25,91.96,141.7,267.92,121.85,189.92,289.98,3171.94,1679.04,472.43,80.92,244.0,1048.23,385.59,236.11,289.89,437.38,208.12,101.15,3513.34,232.19,130.74,134.04,38.94,54.95,97.76,274.47
20261005,12:55:10,49647.8,44508.33,26111.39,17099.63,123.73,1852.58,449.92,464.4,553.85,109.81,166.44,204.25,91.96,141.7,267.92,121.73,189.92,289.99,3175.32,1681.61,472.49,80.92,244.0,1048.34,385.27,236.25,289.88,437.38,208.11,101.15,3515.75,232.23,130.74,134.04,38.94,54.95,97.76,274.47
20261005,12:55:15,49640.8,44503.98,26104.17,17099.57,123.73,1852.63,450.0,464.39,553.82,109.81,166.44,204.24,91.96,141.7,267.92,121.73,189.85,290.0,3174.97,1681.43,472.33,80.9,244.0,1048.27,385.27,236.25,289.88,437.38,208.12,101.15,3513.51,231.9,130.74,134.04,38.94,54.95,97.76,274.47
20261005,12:55:20,49602.86,44466.9,26103.59,17098.53,123.6,1852.63,450.0,464.36,553.89,109.81,166.44,204.24,91.96,141.7,267.92,121.73,189.85,290.01,3172.01,1679.11,472.44,80.89,244.0,1048.27,385.27,236.25,289.88,437.38,208.12,101.15,3513.61,231.9,130.74,134.04,38.95,54.95,97.76,274.15
20261005,12:55:25,49604.87,44466.82,26110.53,17099.7,123.73,1852.63,450.0,464.35,553.95,109.81,166.44,204.25,91.96,141.7,267.92,121.85,189.85,290.01,3171.97,1679.12,472.33,80.89,244.0,1048.27,385.27,236.26,289.89,437.38,208.1,101.15,3515.46,231.9,130.74,134.03,38.95,54.95,97.76,274.15
20261005,12:55:30,49643.62,44505.03,26107.72,17097.95,123.73,1852.63,449.92,464.22,553.95,109.73,166.43,204.2,91.96,141.91,267.92,121.72,189.89,290.0,3175.09,1681.53,472.33,80.91,244.0,1048.25,385.12,236.26,289.89,437.44,208.07,101.15,3515.06,231.9,130.74,134.03,38.95,54.95,97.76,274.15
20261005,12:55:35,49639.78,44500.62,26110.24,17098.61,123.73,1851.21,450.0,464.23,554.06,109.73,166.43,204.21,91.96,141.91,268.04,121.72,189.89,290.01,3174.72,1681.43,472.13,80.91,243.8,1048.06,385.12,236.26,289.89,437.48,208.1,101.15,3515.66,231.9,130.74,134.02,38.91,54.94,97.76,274.17
20261005,12:55:40,49642.75,44504.24,26110.24,17101.09,123.73,1850.67,450.0,464.23,554.06,109.73,166.43,204.22,91.96,141.91,268.04,121.72,189.86,290.0,3174.95,1681.56,472.15,80.89,243.8,1048.23,385.12,236.26,289.89,437.48,208.38,101.15,3514.99,231.9,130.74,134.05,38.91,54.94,97.76,274.17
20261005,12:55:45,49642.64,44503.37,26111.32,17099.73,123.73,1850.67,450.0,464.23,554.01,109.82,166.43,204.22,91.96,141.91,268.04,121.72,189.86,290.04,3174.92,1681.58,472.12,80.89,243.69,1048.23,385.12,236.26,289.89,437.42,208.24,101.15,3515.7,231.9,130.74,134.05,38.91,54.94,97.76,274.17
20261005,12:55:50,49641.2,44502.54,26109.31,17099.35,123.73,1850.67,449.92,464.23,554.01,109.83,166.43,204.22,91.96,141.91,268.04,121.7,189.86,290.02,3174.86,1681.47,472.22,80.91,243.87,1048.14,385.12,236.26,289.89,437.38,208.29,101.15,3515.17,231.95,130.74,134.05,38.91,54.92,97.76,274.17
20261005,12:55:55,49640.13,44501.23,26109.19,17098.31,123.73,1850.67,450.0,464.23,554.01,109.83,166.44,204.24,91.96,141.7,268.04,121.7,189.86,290.01,3174.78,1681.38,472.25,80.93,243.87,1048.13,385.12,236.12,289.89,437.39,208.14,101.15,3515.42,231.95,130.74,134.05,38.91,54.92,97.76,274.17
20261005,12:56:00,49639.0,44500.42,26109.77,17099.96,123.72,1850.67,450.0,464.23,554.01,109.83,166.46,204.23,91.98,141.91,268.04,121.72,189.86,290.02,3174.67,1681.25,472.35,80.89,243.86,1048.19,385.45,236.1,289.89,437.39,208.29,101.15,3515.15,231.95,130.74,133.97,38.91,54.9,97.76,274.17
20261005,12:56:05,49640.53,44501.27,26110.85,17099.06,123.72,1850.62,450.0,464.23,553.93,109.83,166.47,204.23,91.99,141.91,268.04,121.72,189.86,290.04,3174.76,1681.3,472.47,80.89,243.86,1048.14,385.45,236.1,289.89,437.45,208.29,101.15,3515.73,231.95,130.62,133.97,38.91,54.9,97.76,274.18
20261005,12:56:10,49641.57,44503.13,26109.53,17100.37,123.72,1850.28,450.0,464.23,553.96,109.83,166.47,204.22,91.99,141.91,268.02,121.72,189.86,290.07,3174.88,1681.4,472.41,80.9,243.88,1048.14,385.45,236.09,289.89,437.42,208.26,101.15,3514.96,231.95,130.86,133.97,38.91,54.9,97.76,274.1
20261005,12:56:15,49603.96,44466.49,26109.18,17099.96,123.72,1849.91,450.0,464.24,553.97,109.83,166.46,204.21,91.99,141.7,268.02,121.84,189.86,290.07,3171.94,1679.13,472.45,80.93,243.88,1048.1,385.11,236.09,289.89,437.47,208.26,101.15,3514.96,231.95,130.74,133.97,38.91,54.92,97.76,274.1
20261005,12:56:20,49639.29,44500.56,26109.54,17099.22,123.72,1849.91,450.0,464.37,553.96,109.83,166.46,204.18,91.99,141.7,268.02,121.72,189.86,290.09,3174.7,1681.34,472.4,80.91,243.88,1047.99,385.11,236.09,289.88,437.41,208.24,101.15,3515.28,231.95,130.74,133.97,38.91,54.94,97.76,274.11
20261005,12:56:25,49643.3,44504.49,26110.11,17099.95,123.72,1849.91,450.08,464.38,553.96,109.83,166.46,204.19,91.99,141.91,268.02,121.72,189.86,290.08,3175.0,1681.49,472.37,80.89,243.99,1048.14,385.17,236.09,289.9,437.41,208.24,101.15,3515.26,231.95,130.74,133.94,38.91,54.94,97.76,274.07
20261005,12:56:30,49643.79,44504.26,26112.91,17100.81,123.72,1851.33,450.08,464.38,553.93,109.83,166.45,204.19,91.98,141.7,268.02,121.84,189.86,290.09,3174.96,1681.33,472.37,80.9,243.99,1048.52,385.17,236.09,289.89,437.41,208.25,101.15,3515.9,231.9,130.74,133.94,38.91,54.94,97.75,274.07
20261005,12:56:35,49640.93,44501.68,26111.23,17099.59,123.72,1849.91,450.08,464.25,553.92,109.83,166.44,204.15,91.98,141.7,268.02,121.71,189.86,290.09,3174.78,1681.32,472.37,80.89,243.86,1048.23,385.15,236.09,289.93,437.41,208.3,101.12,3515.71,231.9,130.74,133.94,38.91,54.92,97.75,274.12
20261005,12:56:40,49640.12,44501.13,26110.31,17099.31,123.72,1849.91,450.0,464.25,553.92,109.81,166.45,204.15,91.99,141.7,268.02,121.71,189.86,290.09,3174.75,1681.33,472.46,80.89,243.61,1048.23,385.18,236.09,289.93,437.41,208.33,101.12,3515.5,231.9,130.74,133.95,38.91,54.92,97.75,274.12
20261005,12:56:45,49598.96,44463.22,26104.41,17099.88,123.72,1849.91,450.07,464.33,553.95,109.81,166.43,204.12,91.98,141.91,268.02,121.71,189.86,290.05,3171.68,1678.98,472.18,80.9,243.86,1048.23,385.2,236.09,289.93,437.44,208.3,101.12,3513.5,231.9,130.74,133.95,38.91,54.92,97.75,274.16
20261005,12:56:50,49646.61,44507.8,26111.09,17101.37,123.72,1849.91,450.07,464.33,553.95,109.81,166.43,204.07,91.99,141.7,268.02,121.83,189.86,290.05,3175.23,1681.67,472.25,80.88,243.84,1048.34,385.2,236.08,289.95,437.41,208.31,101.12,3515.18,231.9,130.74,133.95,38.91,54.92,97.75,274.46
20261005,12:56:55,49644.56,44504.92,26112.02,17099.48,123.72,1849.91,450.16,464.25,553.96,109.81,166.45,204.15,91.99,141.7,268.02,121.82,189.86,290.07,3175.05,1681.53,472.23,80.93,243.84,1048.27,385.19,236.1,289.95,437.35,208.05,101.12,3515.99,231.88,130.74,133.95,38.91,54.92,97.75,274.48
20261005,12:57:00,49643.94,44504.82,26110.04,17098.89,123.72,1849.91,450.16,464.36,553.97,109.81,166.44,204.16,91.98,141.7,268.0,121.69,190.01,290.08,3175.05,1681.45,472.33,80.89,243.86,1048.48,385.18,236.1,289.95,437.35,208.05,101.12,3515.53,231.88,130.74,133.97,38.9,54.92,97.75,274.45
20261005,12:57:05,49599.37,44461.37,26110.87,17099.76,123.72,1849.91,450.08,464.62,553.97,109.81,166.45,204.2,91.98,141.7,268.0,121.68,190.01,290.08,3171.53,1678.9,472.38,80.92,243.86,1047.85,385.18,236.1,289.95,437.39,208.16,101.12,3515.55,231.88,130.74,133.97,38.9,54.92,97.75,274.45
20261005,12:57:10,49641.32,44502.99,26109.68,17100.9,123.72,1849.91,450.16,464.44,554.12,109.81,166.45,204.18,91.98,141.7,268.0,121.68,189.97,290.08,3174.86,1681.46,472.39,80.9,243.72,1048.04,385.18,236.1,289.95,437.42,208.18,101.12,3514.87,231.88,130.74,133.95,38.9,54.92,97.84,274.45
20261005,12:57:15,49603.35,44465.62,26109.27,17099.17,123.59,1849.91,450.08,464.44,554.11,109.81,166.44,204.15,91.98,141.7,268.0,121.7,189.97,290.08,3171.89,1679.06,472.39,80.86,243.73,1048.42,385.25,236.1,289.95,437.32,208.18,101.12,3515.21,231.88,130.74,134.05,38.9,54.92,97.84,274.15
20261005,12:57:20,49603.9,44467.97,26103.93,17099.12,123.72,1849.91,450.08,464.36,554.17,109.81,166.43,204.16,91.97,141.91,268.0,121.7,189.97,290.09,3172.08,1679.14,472.52,80.85,243.73,1048.5,385.3,236.1,289.95,437.37,208.19,101.12,3513.55,231.88,130.62,134.07,38.9,54.92,97.84,274.13
20261005,12:57:25,49605.99,44468.14,26110.05,17099.9,123.72,1849.87,450.08,464.36,554.2,109.81,166.43,204.16,91.97,141.7,268.0,121.7,189.97,290.09,3172.07,1679.13,472.46,80.91,243.73,1048.49,385.3,236.1,289.94,437.4,208.19,101.1,3515.25,231.88,130.74,134.07,38.9,54.92,97.84,274.13
20261005,12:57:30,49647.88,44508.95,26110.35,17100.21,123.72,1849.87,450.0,464.36,554.19,109.81,166.43,204.14,91.97,141.91,268.0,121.7,189.83,290.09,3175.35,1681.41,472.71,80.88,243.72,1048.93,385.3,236.1,290.03,437.4,208.18,101.1,3515.26,231.88,130.86,134.07,38.9,54.92,97.84,274.11
20261005,12:57:35,49647.52,44508.38,26111.98,17101.36,123.59,1849.87,450.0,464.25,554.19,109.82,166.43,204.14,91.97,141.91,268.0,121.7,189.83,290.09,3175.28,1681.38,472.64,80.87,243.74,1048.93,385.23,236.1,290.03,437.49,208.34,101.1,3515.46,231.88,130.86,134.07,38.9,54.92,97.84,274.1
20261005,12:57:40,49607.02,44469.01,26109.79,17099.15,123.73,1849.87,450.08,464.25,554.14,109.82,166.43,204.13,91.97,141.91,268.0,121.7,189.83,290.12,3172.16,1678.97,472.67,80.88,243.74,1048.89,385.23,236.1,290.03,437.43,208.22,101.1,3515.38,231.9,130.62,134.07,38.9,54.92,97.85,274.1
20261005,12:57:45,49605.22,44466.84,26110.83,17098.95,123.73,1849.87,450.07,464.25,554.15,109.82,166.41,204.11,91.97,141.91,268.0,121.68,189.83,290.12,3171.99,1678.92,472.4,80.92,243.63,1048.97,385.23,236.1,290.03,437.48,208.22,101.1,3515.76,231.9,130.62,134.07,38.9,54.92,97.85,274.12
20261005,12:57:50,49641.27,44502.56,26109.27,17099.14,123.73,1849.87,449.99,464.25,554.15,109.82,166.42,204.11,91.97,141.7,268.0,121.68,189.83,290.16,3174.86,1681.32,472.43,80.86,243.74,1048.32,385.49,236.1,290.03,437.44,208.33,101.1,3515.22,231.9,130.62,134.07,38.9,54.92,97.85,274.1
20261005,12:57:55,49639.34,44500.98,26107.32,17097.91,123.73,1849.87,449.91,464.25,554.18,109.82,166.43,204.16,91.97,141.7,268.0,121.68,189.83,290.16,3174.77,1681.19,472.53,80.87,243.74,1048.43,385.23,236.24,290.03,437.5,208.16,101.1,3514.94,232.22,130.62,134.08,38.9,54.91,97.85,274.16
20261005,12:58:00,49640.59,44502.09,26107.97,17098.3,123.73,1849.87,449.99,464.25,554.18,109.82,166.43,204.15,91.98,141.7,267.88,121.68,189.83,290.15,3174.85,1681.26,472.31,80.88,243.92,1048.43,385.23,236.24,290.03,437.45,208.16,101.1,3515.04,232.22,130.62,134.05,38.9,54.91,97.85,274.17
20261005,12:58:05,49607.83,44470.27,26107.18,17097.71,123.73,1849.87,449.99,464.25,554.19,109.74,166.44,204.16,91.98,141.91,267.88,121.68,189.83,290.15,3172.3,1678.86,472.59,80.88,243.92,1049.0,385.74,236.25,290.34,437.45,208.08,101.1,3514.95,232.22,130.62,134.07,38.9,54.9,97.85,274.17
20261005,12:58:10,49611.69,44473.81,26108.67,17098.7,123.73,1850.1,450.07,464.25,554.2,109.82,166.43,204.14,91.98,141.91,267.88,121.68,189.83,290.15,3172.56,1679.18,472.61,80.88,243.92,1049.01,385.74,236.25,290.03,437.51,208.09,101.1,3515.15,232.22,130.62,134.06,38.9,54.9,97.85,274.17
20261005,12:58:15,49643.84,44505.2,26108.75,17099.02,123.73,1850.1,450.07,464.61,554.24,109.82,166.43,204.14,91.98,141.91,267.88,121.68,189.97,290.15,3175.08,1681.31,472.35,80.91,244.04,1048.56,385.8,236.25,290.03,437.46,208.04,101.13,3515.09,232.22,130.62,134.06,38.9,54.9,97.85,274.19
20261005,12:58:20,49648.23,44509.85,26109.23,17100.82,123.73,1850.1,450.07,464.35,554.25,109.74,166.43,204.14,91.98,141.91,267.88,121.68,189.97,290.15,3175.41,1681.47,472.61,80.91,244.03,1048.58,385.8,236.25,290.03,437.46,208.18,101.13,3514.75,232.22,130.62,134.1,38.9,54.9,97.85,274.46
20261005,12:58:25,49645.62,44507.54,26108.2,17100.39,123.6,1850.1,450.07,464.35,554.28,109.72,166.44,204.17,91.98,141.91,267.88,121.68,189.97,290.15,3175.24,1681.47,472.32,80.91,243.92,1048.5,386.15,236.25,290.04,437.43,208.25,101.13,3514.55,232.22,130.62,134.1,38.9,54.91,97.85,274.18
20261005,12:58:30,49607.23,44469.81,26110.26,17101.69,123.79,1850.1,450.07,464.35,554.28,109.74,166.42,204.11,91.97,141.91,267.88,121.68,189.97,290.15,3172.16,1679.06,472.52,80.87,243.92,1048.35,385.89,236.25,290.18,437.4,208.36,101.13,3514.83,232.22,130.62,134.1,38.9,54.91,97.85,274.19
20261005,12:58:35,49658.86,44520.0,26111.56,17102.78,123.79,1851.44,450.07,464.61,554.21,109.74,166.4,204.04,91.97,141.91,267.88,121.8,189.97,290.15,3176.18,1681.62,472.61,80.89,243.94,1049.88,385.56,236.34,290.18,437.42,208.24,101.13,3514.94,232.22,130.74,134.12,38.9,54.91,97.85,274.19
20261005,12:58:40,49612.1,44477.02,26104.47,17103.3,123.79,1851.44,450.16,464.35,554.2,109.74,166.39,204.04,91.96,141.7,267.88,121.8,189.97,290.15,3172.71,1679.2,472.48,80.9,243.82,1049.34,385.56,236.34,290.18,437.42,208.24,101.15,3512.59,232.22,130.74,134.12,38.9,54.91,97.85,274.39
20261005,12:58:45,49652.12,44515.74,26103.65,17101.42,123.79,1851.44,450.16,464.35,554.2,109.73,166.42,204.07,91.98,141.7,267.88,121.68,189.97,290.15,3175.87,1681.71,472.45,80.89,243.82,1049.18,385.55,236.34,290.16,437.36,208.09,101.15,3512.84,232.22,130.74,134.09,38.9,54.9,97.85,274.45
20261005,12:58:50,49654.2,44515.44,26110.47,17101.47,123.79,1851.8,450.16,464.36,554.21,109.73,166.42,204.04,91.99,141.7,267.88,121.68,189.97,290.17,3175.85,1681.5,472.49,80.91,243.82,1049.63,385.55,236.34,290.21,437.42,208.07,101.15,3514.96,232.22,130.74,134.09,38.9,54.9,97.85,274.45
20261005,12:58:55,49655.55,44516.87,26110.07,17101.38,123.79,1851.8,450.16,464.36,554.2,109.72,166.42,204.07,91.99,141.7,267.88,121.68,189.83,290.17,3175.96,1681.5,472.47,80.91,243.82,1049.54,385.55,236.34,290.52,437.33,208.07,101.15,3514.86,232.22,130.74,134.09,38.9,54.9,97.85,274.5
20261005,12:59:00,49652.14,44513.17,26109.75,17099.76,123.79,1851.8,450.16,464.36,554.2,109.8,166.42,204.07,91.98,141.7,268.0,121.67,189.85,290.16,3175.7,1681.64,472.42,80.93,243.82,1048.92,385.55,236.34,290.2,437.32,208.07,101.15,3515.2,232.22,130.62,134.12,38.9,54.9,97.85,274.2
20261005,12:59:05,49652.79,44514.53,26106.28,17098.2,123.79,1851.9,450.07,464.5,554.21,109.73,166.41,204.05,91.98,141.7,268.0,121.67,189.89,290.17,3175.85,1681.47,472.66,80.95,243.82,1049.54,385.3,236.34,290.21,437.36,208.03,101.15,3514.54,231.9,130.62,134.08,38.9,54.92,97.85,274.18
20261005,12:59:10,49652.46,44514.3,26106.96,17099.31,123.79,1851.9,450.15,464.5,554.21,109.73,166.42,204.1,91.98,141.91,268.0,121.67,189.89,290.17,3175.81,1681.46,472.64,80.95,243.81,1049.54,385.22,236.34,290.16,437.39,208.04,101.15,3514.45,231.9,130.62,134.06,38.9,54.92,97.85,274.18
20261005,12:59:15,49616.45,44479.56,26106.17,17099.56,123.79,1851.9,450.08,464.5,554.21,109.73,166.41,204.07,91.98,141.91,268.0,121.67,189.89,290.17,3173.0,1679.1,472.58,80.97,243.81,1049.77,385.22,236.34,290.47,437.39,208.07,101.15,3514.14,232.22,130.62,134.06,38.9,54.92,97.85,274.18
20261005,12:59:20,49656.42,44518.32,26106.45,17099.27,123.78,1851.9,450.08,464.5,554.21,109.73,166.43,204.09,91.99,141.7,268.0,121.67,189.89,290.15,3176.13,1681.71,472.51,80.97,243.81,1049.67,385.2,236.35,290.16,437.45,208.06,101.15,3514.3,232.22,130.62,134.06,38.9,54.92,97.85,274.17
20261005,12:59:25,49655.59,44519.5,26101.03,17099.69,123.78,1851.99,450.08,464.42,554.21,109.74,166.42,204.09,91.98,141.7,268.0,121.69,189.89,290.14,3176.22,1681.68,472.78,80.98,243.81,1049.65,385.2,236.35,290.15,437.42,208.03,101.16,3512.49,232.22,130.74,134.06,38.9,54.91,97.85,274.17
20261005,12:59:30,49652.63,44516.62,26099.02,17097.38,123.65,1851.9,450.07,464.43,554.28,109.74,166.22,204.12,91.81,141.7,268.0,121.69,189.89,290.14,3176.04,1681.71,472.74,80.96,243.82,1049.22,385.2,236.35,290.15,437.37,208.04,101.16,3512.49,232.22,130.74,134.06,38.9,54.91,97.85,274.17
20261005,12:59:35,49655.03,44516.41,26105.99,17096.89,123.78,1851.9,450.08,464.54,554.28,109.74,166.22,204.09,91.81,141.7,268.0,121.69,189.89,290.18,3176.04,1681.8,472.71,80.94,243.81,1048.99,385.2,236.35,290.16,437.38,208.03,101.16,3514.81,232.22,130.62,134.04,38.9,54.91,97.85,274.16
20261005,12:59:40,49618.21,44480.7,26105.69,17097.04,123.78,1851.9,450.08,464.54,554.28,109.73,166.23,204.13,91.81,141.7,268.0,121.69,189.89,290.18,3173.15,1679.34,472.72,80.98,243.8,1049.66,385.2,236.35,290.15,437.42,208.03,101.16,3514.67,232.22,130.62,134.04,38.9,54.91,97.85,274.16
20261005,12:59:45,49617.63,44479.72,26107.07,17097.29,123.72,1851.9,450.16,464.54,554.28,109.76,166.22,204.1,91.81,141.7,267.88,121.69,189.89,290.18,3173.07,1679.43,472.65,80.98,243.99,1049.08,385.27,236.35,290.16,437.36,208.02,101.16,3515.03,232.22,130.62,134.04,38.9,54.91,97.85,274.19
20261005,12:59:50,49652.21,44513.44,26106.85,17097.12,123.72,1851.9,450.16,464.54,554.31,109.76,166.21,204.07,91.81,141.7,267.88,121.69,189.89,290.17,3175.79,1681.58,472.52,80.97,244.0,1049.07,385.27,236.11,290.15,437.36,208.0,101.16,3515.01,232.22,130.62,134.07,38.9,54.91,97.85,274.19
20261005,12:59:55,49659.58,44519.36,26113.06,17100.04,123.72,1851.9,450.16,464.54,554.31,109.76,166.21,204.08,91.81,141.7,267.88,121.81,190.03,290.2,3176.2,1681.76,472.6,80.95,244.0,1049.55,385.27,236.11,290.06,437.42,208.18,101.16,3516.16,232.22,130.62,134.07,38.9,54.91,97.85,274.19
20261005,13:00:00,49653.01,44514.32,26109.27,17100.21,123.72,1851.9,450.16,464.54,554.31,109.76,166.21,204.09,91.81,141.7,267.88,121.82,190.03,290.21,3175.79,1681.54,472.73,80.97,244.0,1049.09,385.25,236.11,290.06,437.41,208.18,101.19,3514.93,232.23,130.62,134.07,38.9,54.91,97.85,274.19
20261005,13:00:05,49649.8,44511.49,26106.54,17098.09,123.72,1850.8,450.07,464.54,554.31,109.76,166.23,204.15,91.81,141.7,267.88,121.7,189.89,290.2,3175.61,1681.48,472.65,80.99,243.74,1049.1,385.26,236.11,290.08,437.39,208.15,101.19,3514.65,232.23,130.62,134.07,38.9,54.91,97.85,274.19
20261005,13:00:10,49646.52,44510.41,26102.27,17100.24,123.72,1850.8,450.16,464.79,554.31,109.76,166.23,204.15,91.81,141.71,267.88,121.7,189.89,290.2,3175.47,1681.48,472.47,81.0,243.74,1048.96,385.26,236.11,290.08,437.47,208.18,101.16,3512.73,232.21,130.62,134.09,38.9,54.91,97.85,274.49
20261005,13:00:15,49650.78,44514.75,26101.34,17099.82,123.72,1850.8,450.16,464.79,554.43,109.77,166.24,204.17,91.81,141.71,267.88,121.69,190.03,290.2,3175.83,1681.57,472.5,80.99,244.01,1049.21,385.26,236.11,290.13,437.46,208.18,101.16,3512.55,232.21,130.5,134.09,38.9,54.91,97.85,274.49
20261005,13:00:20,49654.81,44516.78,26106.64,17099.54,123.72,1850.8,450.16,464.54,554.43,109.77,166.25,204.15,91.82,141.71,267.88,121.69,190.03,290.2,3176.0,1681.56,472.59,81.0,244.12,1049.44,385.27,236.11,290.13,437.46,208.18,101.16,3514.29,232.21,130.5,134.09,38.9,54.92,97.85,274.42
20261005,13:00:25,49655.4,44518.72,26101.3,17098.0,123.72,1850.2,450.16,464.54,554.43,109.76,166.25,204.18,91.82,141.71,267.88,121.69,189.89,290.19,3176.19,1681.56,472.59,80.99,244.1,1049.46,385.29,236.01,290.49,437.42,208.04,101.16,3513.04,232.21,130.5,134.09,38.9,54.95,97.85,274.42
20261005,13:00:30,49655.02,44516.48,26106.47,17097.67,123.73,1850.2,450.16,464.43,554.53,109.76,166.25,204.19,91.82,141.71,267.88,121.69,189.89,290.19,3176.02,1681.6,472.46,80.97,244.11,1049.45,385.58,236.01,290.17,437.36,208.0,101.16,3514.74,232.21,130.5,134.09,38.9,54.95,97.85,274.42
20261005,13:00:35,49605.98,44468.26,26108.8,17098.89,123.73,1850.2,450.15,464.43,554.53,109.77,166.27,204.21,91.83,141.71,267.88,121.69,189.89,290.2,3172.11,1678.89,472.46,80.99,244.12,1048.49,385.25,236.01,290.17,437.36,208.12,101.16,3515.14,232.21,130.5,134.08,38.9,54.95,97.85,274.42
20261005,13:00:40,49614.15,44475.78,26111.15,17100.11,123.73,1850.2,450.16,464.42,554.53,109.77,166.26,204.23,91.81,141.71,267.88,121.67,189.89,290.2,3172.68,1679.1,472.47,80.97,244.12,1049.26,385.25,236.01,290.18,437.36,208.27,101.16,3515.54,232.21,130.5,134.08,38.9,54.95,97.85,274.42
20261005,13:00:45,49610.74,44471.96,26112.54,17100.03,123.73,1850.2,450.16,464.35,554.53,109.76,166.25,204.24,91.81,141.71,267.88,121.67,189.89,290.19,3172.38,1678.91,472.49,80.98,244.12,1049.09,385.25,236.01,290.17,437.46,208.25,101.16,3516.0,232.21,130.5,134.08,38.9,54.95,97.86,274.42
20261005,13:00:50,49653.66,44513.73,26110.88,17097.99,123.73,1851.4,450.15,464.33,554.23,109.84,166.24,204.21,91.81,141.71,267.88,121.67,189.89,290.19,3175.79,1681.52,472.6,80.97,244.11,1049.09,385.25,236.01,290.17,437.38,208.11,101.16,3516.03,232.21,130.5,134.11,38.9,54.93,97.86,274.4
20261005,13:00:55,49654.1,44514.13,26109.49,17096.3,123.79,1851.62,450.15,464.34,554.24,109.76,166.24,204.21,91.81,141.71,267.88,121.67,189.89,290.2,3175.87,1681.59,472.59,80.94,244.11,1049.08,385.25,235.88,290.18,437.38,208.11,101.16,3516.06,232.21,130.38,134.11,38.9,54.93,97.86,274.1
20261005,13:01:00,49651.1,44511.06,26109.53,17095.83,123.79,1851.62,450.15,464.22,554.28,109.76,166.24,204.21,91.81,141.7,267.88,121.67,189.85,290.2,3175.63,1681.53,472.6,80.94,243.86,1048.98,385.24,235.88,290.13,437.38,208.14,101.16,3516.2,231.89,130.38,134.08,38.9,54.91,97.86,274.12
20261005,13:01:05,49651.78,44511.32,26109.98,17095.01,123.79,1850.2,450.15,464.22,554.28,109.76,166.23,204.19,91.81,141.7,267.88,121.67,189.85,290.16,3175.67,1681.53,472.6,80.92,243.85,1049.11,385.37,235.88,290.13,437.38,208.1,101.16,3516.56,231.89,130.38,134.08,38.9,54.93,97.86,274.18
20261005,13:01:10,49656.88,44516.67,26108.88,17095.02,123.79,1850.2,450.15,464.22,554.29,109.75,166.24,204.21,91.81,141.7,267.88,121.67,189.85,290.16,3176.1,1681.67,472.81,80.94,244.12,1049.21,385.37,235.88,290.13,437.36,208.1,101.16,3516.22,231.89,130.38,134.08,38.9,54.93,97.86,274.18
20261005,13:01:15,49647.71,44509.93,26103.74,17096.43,123.79,1850.2,450.15,464.3,554.35,109.75,166.23,204.16,91.81,141.7,267.88,121.67,189.99,290.16,3175.52,1681.52,472.71,80.93,244.13,1048.42,385.4,235.97,290.13,437.36,208.14,101.16,3514.22,231.89,130.38,134.08,38.9,54.91,97.86,274.48
20261005,13:01:20,49648.02,44508.68,26106.36,17094.26,123.79,1850.2,450.15,464.3,554.02,109.74,166.23,204.16,91.81,141.7,267.88,121.67,189.99,290.18,3175.47,1681.48,472.76,80.93,244.11,1048.41,385.4,235.97,290.12,437.36,208.11,101.16,3515.63,231.89,130.38,134.09,38.9,54.91,97.86,274.18
20261005,13:01:25,49610.23,44471.85,26106.71,17094.67,123.79,1850.09,450.15,464.27,554.02,109.74,166.24,204.21,91.81,141.48,267.88,121.67,189.99,290.18,3172.5,1679.25,472.78,80.92,243.88,1048.33,385.72,236.07,290.13,437.36,208.17,101.16,3515.63,231.93,130.38,134.09,38.9,54.91,97.86,274.19
20261005,13:01:30,49651.36,44511.83,26108.33,17096.2,123.8,1851.51,450.15,464.19,554.01,109.74,166.23,204.19,91.81,141.7,267.88,121.66,189.99,290.19,3175.68,1681.52,472.72,80.92,243.74,1049.03,385.93,236.07,290.13,437.36,208.17,101.16,3515.72,231.93,130.38,134.09,38.9,54.91,97.86,274.49
20261005,13:01:35,49614.09,44474.63,26112.19,17097.67,123.8,1851.51,450.15,464.31,553.94,109.76,166.23,204.18,91.81,141.7,267.88,121.66,189.99,290.19,3172.65,1679.13,472.71,80.92,243.76,1049.17,386.03,236.07,290.13,437.42,208.22,101.16,3516.53,231.86,130.5,134.09,38.9,54.91,97.86,274.55
20261005,13:01:40,49613.57,44475.49,26106.21,17095.35,123.8,1851.28,450.05,464.21,553.91,109.76,166.22,204.15,91.81,141.7,267.88,121.66,189.85,290.19,3172.77,1679.22,472.49,80.91,243.86,1049.36,385.98,236.07,290.13,437.39,208.22,101.16,3515.29,231.86,130.38,134.09,38.9,54.91,97.86,274.52
20261005,13:01:45,49655.63,44515.76,26108.55,17095.66,123.8,1851.28,450.05,464.21,553.91,109.77,166.24,204.17,91.81,141.71,267.88,121.66,189.85,290.19,3176.01,1681.6,472.49,80.94,243.74,1049.36,385.98,236.07,290.45,437.41,208.23,101.16,3515.94,231.86,130.38,134.09,38.89,54.91,97.86,274.49
20261005,13:01:50,49609.18,44470.21,26108.43,17094.57,123.74,1851.28,450.14,464.21,553.88,109.76,166.24,204.16,91.82,141.71,267.88,121.66,189.85,290.19,3172.37,1679.22,472.49,80.91,243.74,1048.5,386.03,236.07,290.14,437.37,208.17,101.16,3516.2,231.86,130.38,134.11,38.89,54.91,97.86,274.22
20261005,13:01:55,49610.77,44471.68,26109.88,17095.93,123.74,1851.28,450.21,464.21,553.82,109.77,166.24,204.16,91.82,141.7,267.88,121.66,189.85,290.18,3172.45,1679.18,472.66,80.93,243.74,1048.64,385.9,236.16,290.13,437.43,208.18,101.16,3516.28,231.81,130.5,134.09,38.89,54.91,97.86,274.22
20261005,13:02:00,49608.91,44469.75,26110.14,17095.83,123.74,1851.28,450.21,464.21,553.82,109.76,166.25,204.18,91.82,141.7,267.88,121.66,189.85,290.18,3172.3,1679.09,472.54,80.93,243.92,1048.52,385.88,236.16,290.13,437.35,208.18,101.16,3516.39,231.82,130.5,134.09,38.89,54.91,97.86,274.22
20261005,13:02:05,49614.3,44474.54,26110.39,17094.6,123.74,1849.86,450.22,464.21,553.82,109.76,166.25,204.13,91.83,141.7,267.88,121.66,189.85,290.18,3172.72,1679.11,472.67,80.93,243.92,1049.37,385.55,236.16,290.12,437.41,208.18,101.16,3516.8,231.82,130.38,134.09,38.89,54.91,97.86,274.22
20261005,13:02:10,49656.7,44517.51,26106.65,17095.85,123.74,1851.28,450.22,464.21,553.82,109.77,166.24,204.15,91.82,141.7,267.88,121.66,189.85,290.19,3176.15,1681.77,472.84,80.91,243.92,1049.19,385.54,236.26,290.12,437.35,208.18,101.16,3515.29,231.82,130.38,134.11,38.89,54.91,97.86,274.54
20261005,13:02:15,49655.09,44515.98,26106.7,17096.06,123.74,1851.28,450.22,464.21,553.82,109.77,166.22,204.15,91.8,141.7,267.88,121.78,189.85,290.19,3176.02,1681.7,472.83,80.91,243.92,1049.13,385.48,236.26,290.11,437.37,208.14,101.16,3515.25,231.82,130.38,134.09,38.89,54.91,97.86,274.53
20261005,13:02:20,49653.45,44513.38,26109.03,17095.38,123.74,1851.28,450.22,464.13,553.75,109.77,166.23,204.17,91.8,141.7,267.88,121.66,189.85,290.17,3175.83,1681.61,472.64,80.9,243.92,1049.13,385.73,236.26,290.11,437.32,208.29,101.16,3516.16,231.86,130.38,134.09,38.93,54.91,97.86,274.16
20261005,13:02:25,49659.51,44519.38,26110.51,17097.41,123.74,1851.51,450.23,464.14,553.89,109.76,166.23,204.19,91.81,141.7,267.88,121.66,189.85,290.18,3176.26,1681.63,472.62,80.9,243.92,1049.67,385.81,236.26,290.44,437.32,208.32,101.16,3516.08,231.86,130.5,134.09,38.93,54.91,97.86,274.19
20261005,13:02:30,49657.8,44519.15,26105.45,17096.37,123.74,1851.51,450.23,464.14,553.92,109.76,166.24,204.17,91.82,141.7,267.88,121.66,189.82,290.1,3176.27,1681.71,472.71,80.91,243.92,1049.33,385.81,236.26,290.44,437.36,208.21,101.16,3514.78,231.86,130.5,134.09,38.93,54.91,97.86,274.19
20261005,13:02:35,49653.09,44512.89,26108.54,17094.35,123.74,1850.09,450.23,464.34,553.98,109.75,166.24,204.17,91.82,141.7,267.88,121.65,189.82,290.11,3175.81,1681.63,472.62,80.9,243.74,1049.15,385.98,236.26,290.11,437.3,208.09,101.16,3516.29,231.86,130.38,134.09,38.98,54.92,97.86,274.23
20261005,13:02:40,49611.05,44472.12,26109.12,17095.64,123.74,1850.09,450.22,464.34,554.17,109.75,166.22,204.14,91.81,141.7,267.88,121.77,189.82,290.11,3172.5,1679.24,472.64,80.9,243.74,1048.56,385.81,236.26,290.2,437.3,208.09,101.16,3516.12,231.86,130.38,134.09,39.02,54.92,97.86,274.23
20261005,13:02:45,49615.88,44476.03,26112.54,17096.91,123.74,1851.51,450.22,464.59,554.17,109.67,166.2,204.11,91.8,141.7,267.88,121.77,189.86,290.12,3172.78,1679.2,472.69,80.91,243.74,1049.28,385.81,236.26,290.2,437.3,208.09,101.16,3516.84,231.86,130.38,134.09,39.02,54.92,97.86,274.52
20261005,13:02:50,49613.11,44474.6,26108.26,17096.24,123.8,1851.51,450.14,464.59,554.17,109.68,166.19,204.11,91.78,141.7,267.88,121.77,189.86,290.11,3172.68,1679.21,472.71,80.91,243.49,1049.2,385.81,236.26,290.21,437.29,208.09,101.16,3515.69,231.86,130.38,134.09,39.02,54.91,97.84,274.52
20261005,13:02:55,49613.29,44474.34,26110.19,17097.01,123.8,1851.51,450.14,464.34,554.28,109.68,166.19,204.13,91.78,141.7,267.88,121.77,189.86,290.11,3172.64,1679.16,472.69,80.91,243.5,1048.9,385.73,236.26,290.52,437.29,208.09,101.16,3516.08,231.86,130.5,133.99,39.02,54.91,97.84,274.52
20261005,13:03:00,49608.48,44471.05,26105.14,17095.85,123.8,1851.59,450.14,464.34,554.28,109.68,166.19,204.13,91.78,141.71,267.88,121.77,189.86,290.11,3172.4,1679.25,472.6,80.94,243.74,1048.25,385.73,236.26,290.22,437.33,208.13,101.16,3514.82,231.93,130.38,133.99,39.02,54.93,97.84,274.22
20261005,13:03:05,49615.36,44476.37,26108.75,17095.41,123.8,1850.17,450.22,464.33,554.39,109.75,166.17,204.11,91.78,141.71,267.88,121.65,189.89,290.11,3172.84,1679.2,472.65,80.91,243.74,1049.05,385.73,236.26,290.54,437.24,208.14,101.16,3516.07,231.93,130.38,133.99,39.02,54.93,97.85,274.22
20261005,13:03:10,49655.42,44514.71,26110.55,17095.11,123.8,1850.17,450.22,464.33,554.35,109.83,166.16,204.06,91.78,141.5,267.88,121.65,189.89,290.11,3175.94,1681.65,472.54,80.94,243.72,1049.04,385.79,236.25,290.45,437.25,208.13,101.16,3516.71,231.93,130.38,134.01,39.02,54.91,97.85,274.24
20261005,13:03:15,49610.46,44471.31,26110.68,17096.65,123.8,1850.17,450.22,464.33,554.35,109.83,166.18,204.12,91.77,141.71,267.88,121.65,189.89,290.11,3172.41,1679.24,472.75,80.92,243.7,1048.31,385.72,236.25,290.14,437.31,208.15,101.16,3516.33,231.93,130.49,134.01,39.02,54.91,97.85,274.24
20261005,13:03:20,49649.76,44509.44,26110.15,17095.52,123.8,1850.17,450.22,464.41,554.35,109.75,166.19,204.17,91.78,141.71,267.88,121.66,189.89,290.12,3175.51,1681.54,472.56,80.9,243.7,1048.49,385.39,236.25,290.45,437.25,208.15,101.16,3516.47,231.93,130.37,134.01,39.02,54.91,97.85,274.19
20261005,13:03:25,49645.18,44504.87,26110.56,17095.64,123.8,1850.17,450.05,464.42,554.35,109.83,166.21,204.19,91.79,141.5,267.88,121.66,189.89,290.12,3175.14,1681.38,472.53,80.9,243.7,1048.5,385.46,236.25,290.14,437.25,208.25,101.16,3516.57,231.93,130.37,134.01,39.02,54.91,97.85,274.27
20261005,13:03:30,49652.64,44512.32,26111.08,17096.82,123.67,1850.17,450.14,464.42,554.35,109.83,166.21,204.19,91.79,141.5,267.88,121.66,189.89,290.15,3175.71,1681.58,472.45,80.91,243.7,1049.3,385.46,236.25,290.14,437.26,208.25,101.16,3516.41,231.93,130.49,134.02,39.02,54.91,97.85,274.21
20261005,13:03:35,49608.98,44469.56,26113.82,17099.22,123.8,1850.17,450.13,464.17,554.79,109.83,166.21,204.18,91.79,141.5,267.88,121.78,190.04,290.13,3172.2,1679.16,472.64,80.89,243.46,1048.46,385.78,236.25,290.14,437.26,208.25,101.16,3516.62,231.93,130.49,134.02,39.02,54.91,97.85,274.21
20261005,13:03:40,49648.4,44507.91,26111.64,17096.55,123.8,1850.17,450.13,464.09,554.79,109.77,166.2,204.16,91.79,141.5,267.88,121.78,190.04,290.13,3175.36,1681.47,472.75,80.9,243.75,1048.45,385.79,236.25,290.14,437.26,208.1,101.16,3516.66,231.93,130.37,134.02,39.02,54.91,97.85,274.21
20261005,13:03:45,49617.58,44477.74,26110.77,17095.06,123.8,1850.17,450.05,464.09,554.78,109.77,166.18,204.08,91.79,141.5,267.88,121.66,190.04,290.16,3172.96,1679.18,472.87,80.9,243.99,1049.07,385.79,236.25,290.45,437.28,208.13,101.13,3516.79,231.93,130.37,134.02,39.0,54.91,97.85,274.14
20261005,13:03:50,49655.97,44516.82,26106.68,17095.97,123.67,1850.17,450.06,464.09,554.79,109.77,166.2,204.11,91.79,141.5,267.88,121.66,189.89,290.17,3176.09,1681.58,472.79,80.91,243.98,1049.18,385.73,236.25,290.45,437.34,208.15,101.13,3515.27,231.93,130.37,134.02,39.01,54.93,97.85,274.42
20261005,13:03:55,49657.62,44516.78,26111.91,17096.46,123.8,1850.17,450.06,464.09,554.83,109.77,166.19,204.11,91.79,141.5,268.0,121.66,189.85,290.17,3176.07,1681.52,472.63,80.91,243.73,1049.69,385.73,236.25,290.45,437.34,208.14,101.13,3516.77,231.93,130.37,134.02,39.01,54.93,97.85,274.45
20261005,13:04:00,49617.65,44478.11,26113.2,17098.87,123.67,1851.58,450.13,464.09,554.87,109.85,166.2,204.11,91.8,141.71,268.0,121.67,189.85,290.19,3172.9,1679.13,472.73,80.91,243.98,1049.15,385.73,236.25,290.49,437.24,208.22,101.13,3516.52,231.93,130.37,134.02,39.01,54.93,97.85,274.53
20261005,13:04:05,49656.54,44516.35,26112.61,17099.37,123.74,1851.56,450.13,464.09,554.88,109.85,166.19,204.07,91.8,141.5,268.0,121.67,189.85,290.18,3175.97,1681.55,472.71,80.9,243.98,1049.43,385.74,236.25,290.18,437.17,208.23,101.13,3516.2,231.93,130.49,134.02,39.01,54.91,97.85,274.53
20261005,13:04:10,49614.91,44476.03,26112.39,17099.89,123.74,1851.56,450.13,464.09,554.84,109.84,166.2,204.09,91.8,141.71,268.0,121.79,189.89,290.18,3172.71,1679.23,472.61,80.9,243.98,1048.93,385.73,236.25,290.18,437.17,208.24,101.13,3515.99,231.93,130.37,134.05,39.01,54.91,97.85,274.58
20261005,13:04:15,49658.46,44518.04,26113.49,17099.78,123.74,1851.56,450.05,464.09,554.88,109.84,166.2,204.09,91.8,141.71,268.0,121.67,189.89,290.17,3176.1,1681.69,472.55,80.87,243.98,1049.1,385.9,236.27,290.49,437.21,208.26,101.13,3516.36,231.93,130.49,134.12,39.01,54.91,97.85,274.51
20261005,13:04:20,49658.21,44517.97,26112.04,17098.66,123.68,1851.56,450.05,464.09,554.88,109.77,166.2,204.09,91.8,141.71,268.0,121.67,190.03,290.2,3176.12,1681.78,472.63,80.9,243.98,1049.14,385.89,236.26,290.17,437.22,208.26,101.13,3516.21,231.94,130.49,134.12,39.01,54.91,97.85,274.16
20261005,13:04:25,49660.28,44519.44,26115.22,17100.51,123.68,1851.56,450.13,464.35,554.83,109.84,166.19,204.08,91.8,141.71,268.0,121.67,190.03,290.22,3176.19,1681.72,472.49,80.87,243.98,1049.72,385.89,236.26,290.17,437.2,208.26,101.13,3516.7,231.94,130.5,134.12,39.01,54.91,97.85,274.46
20261005,13:04:30,49621.0,44481.64,26116.21,17103.23,123.68,1851.56,450.13,464.35,554.83,109.84,166.2,204.1,91.79,141.71,267.82,121.79,190.03,290.21,3173.08,1679.28,472.83,80.87,243.99,1049.01,385.91,236.36,290.54,437.2,208.47,101.13,3516.28,231.94,130.5,134.12,39.01,54.92,97.85,274.46
20261005,13:04:35,49624.58,44484.97,26115.0,17101.31,123.68,1851.68,450.05,464.36,554.83,109.77,166.2,204.11,91.79,141.5,267.82,121.68,189.89,290.21,3173.4,1679.41,472.96,80.88,244.0,1049.15,385.91,236.36,290.55,437.17,208.47,101.13,3516.42,231.94,130.5,134.12,39.01,54.92,97.85,274.46
20261005,13:04:40,49614.21,44475.84,26110.39,17099.26,123.68,1851.68,450.05,464.36,554.9,109.84,166.2,204.12,91.79,141.49,267.82,121.68,189.89,290.21,3172.71,1679.19,472.63,80.9,244.0,1048.96,385.89,236.36,290.2,437.2,208.29,101.13,3515.54,231.94,130.5,134.12,39.01,54.92,97.85,274.16
20261005,13:04:45,49653.52,44513.54,26112.51,17099.69,123.68,1851.68,450.05,464.36,554.9,109.84,166.2,204.12,91.79,141.49,267.82,121.7,189.89,290.21,3175.74,1681.48,472.64,80.9,244.0,1049.08,385.95,236.37,290.2,437.2,208.29,101.13,3516.08,232.26,130.38,134.12,39.01,54.92,97.85,274.42
20261005,13:04:50,49613.04,44474.17,26112.59,17100.01,123.68,1851.46,450.13,464.24,554.86,109.85,166.21,204.11,91.8,141.7,267.82,121.7,189.89,290.21,3172.56,1679.37,472.41,80.87,243.99,1048.34,385.95,236.35,290.2,437.23,208.22,101.13,3516.02,231.94,130.5,134.12,39.01,54.92,97.85,274.4
20261005,13:04:55,49614.77,44475.62,26113.88,17100.72,123.68,1851.46,450.05,464.24,554.86,109.85,166.2,204.1,91.8,141.7,267.82,121.68,189.89,290.21,3172.66,1679.23,472.52,80.88,244.01,1048.87,385.95,236.45,290.18,437.23,208.37,101.13,3516.23,231.94,130.5,134.12,39.01,54.92,97.85,274.42
20261005,13:05:00,49614.77,44475.05,26116.68,17102.02,123.68,1851.46,450.05,464.36,554.87,109.85,166.21,204.12,91.8,141.71,267.82,121.82,189.89,290.19,3172.58,1679.34,472.49,80.87,244.0,1048.41,385.96,236.45,290.19,437.23,208.41,101.13,3516.75,231.89,130.5,134.13,39.01,54.91,97.85,274.41
20261005,13:05:05,49620.22,44480.77,26114.98,17101.42,123.68,1851.46,450.05,464.43,554.87,109.84,166.2,204.11,91.8,141.71,267.82,121.71,189.89,290.19,3173.05,1679.42,472.63,80.85,244.0,1049.17,386.17,236.45,290.18,437.23,208.41,101.16,3516.38,231.94,130.49,134.13,39.01,54.92,97.85,274.41
20261005,13:05:10,49618.44,44479.67,26111.79,17099.91,123.68,1851.46,450.06,464.16,554.77,109.76,166.2,204.12,91.8,141.71,267.82,121.7,189.89,290.19,3173.0,1679.37,472.6,80.85,244.05,1049.15,386.17,236.79,290.17,437.23,208.34,101.16,3515.8,231.94,130.49,134.13,39.01,54.91,97.85,274.41
20261005,13:05:15,49653.14,44513.21,26113.68,17101.16,123.68,1851.46,450.14,464.16,554.83,109.84,166.2,204.1,91.8,141.71,267.82,121.7,189.92,290.17,3175.67,1681.67,472.62,80.85,244.05,1048.4,386.15,236.79,290.18,437.23,208.37,101.16,3516.05,231.94,130.49,134.13,39.01,54.91,97.85,274.41
20261005,13:05:20,49662.04,44521.49,26112.73,17098.76,123.68,1851.39,450.14,464.16,554.82,109.84,166.21,204.13,91.8,141.7,267.82,121.7,189.92,290.17,3176.4,1681.86,472.61,80.88,244.05,1049.08,386.21,236.79,290.49,437.23,208.3,101.16,3516.4,231.94,130.37,134.13,39.01,54.91,97.85,274.13
20261005,13:05:25,49663.82,44522.95,26113.04,17098.2,123.68,1851.39,450.05,464.16,554.82,109.84,166.21,204.14,91.8,141.7,267.82,121.7,189.92,290.17,3176.53,1681.85,472.45,80.87,244.05,1049.62,386.15,236.79,290.48,437.29,208.3,101.14,3516.65,231.94,130.37,134.13,39.01,54.91,97.85,274.11
20261005,13:05:30,49664.89,44524.07,26111.01,17096.1,123.68,1851.39,450.05,463.95,554.82,109.84,166.2,204.1,91.8,141.7,267.82,121.81,189.92,290.15,3176.67,1681.93,472.47,80.85,244.04,1049.7,386.21,236.79,290.5,437.23,208.14,101.14,3516.59,231.94,130.25,134.2,39.01,54.91,97.85,274.12
20261005,13:05:35,49657.57,44517.12,26108.68,17094.08,123.61,1851.39,450.05,464.08,554.82,109.76,166.2,204.11,91.8,141.7,267.82,121.69,189.92,290.15,3176.16,1681.67,472.67,80.87,244.04,1049.05,386.22,236.79,290.5,437.25,208.13,101.14,3516.41,231.94,130.13,134.2,39.01,54.91,97.87,274.1
20261005,13:05:40,49659.0,44518.69,26108.67,17094.64,123.74,1851.39,450.06,464.08,554.9,109.76,166.2,204.1,91.8,141.7,267.82,121.69,189.92,290.14,3176.27,1681.67,472.52,80.83,244.11,1049.5,386.21,236.7,290.49,437.29,208.09,101.14,3516.25,231.94,130.14,134.23,39.01,54.91,97.87,274.15
20261005,13:05:45,49652.85,44512.74,26107.18,17093.06,123.68,1851.39,450.05,464.08,554.86,109.75,166.2,204.1,91.8,141.49,267.82,121.69,189.9,290.14,3175.83,1681.75,472.6,80.85,244.11,1048.49,386.21,236.7,290.19,437.26,208.1,101.14,3516.22,231.94,130.02,134.23,39.01,54.91,97.87,274.16
20261005,13:05:50,49609.51,44470.54,26107.74,17093.79,123.68,1851.39,450.06,464.08,554.86,109.74,166.2,204.1,91.8,141.49,267.82,121.67,189.9,290.14,3172.41,1679.18,472.56,80.84,244.1,1048.31,386.14,236.69,290.23,437.29,208.18,101.16,3516.19,231.94,130.02,134.23,39.01,54.89,97.87,274.2
20261005,13:05:55,49663.69,44523.0,26108.51,17093.58,123.68,1851.39,450.06,464.08,554.85,109.66,166.21,204.12,91.8,141.49,267.82,121.68,189.88,290.14,3176.65,1682.03,472.61,80.83,244.1,1049.47,385.89,236.69,290.33,437.3,208.18,101.16,3516.49,231.94,130.01,134.23,39.01,54.89,97.87,274.18
20261005,13:06:00,49618.9,44479.37,26109.85,17095.13,123.68,1851.39,450.06,464.08,554.88,109.66,166.22,204.14,91.8,141.49,267.82,121.68,189.88,290.14,3173.09,1679.41,472.66,80.85,244.1,1049.01,385.86,236.79,290.33,437.32,208.32,101.13,3516.49,231.94,130.01,134.23,39.01,54.89,97.87,274.18
20261005,13:06:05,49660.16,44518.7,26111.92,17094.59,123.55,1851.39,450.06,464.08,554.88,109.74,166.22,204.14,91.8,141.49,267.82,121.68,190.02,290.14,3176.27,1681.88,472.61,80.85,244.1,1049.08,385.75,236.79,290.28,437.32,208.29,101.13,3517.28,231.94,130.01,134.24,39.01,54.89,97.87,274.1
20261005,13:06:10,49662.96,44521.33,26110.65,17092.85,123.68,1851.39,450.06,464.08,554.86,109.74,166.23,204.14,91.82,141.49,268.0,121.68,190.02,290.14,3176.53,1681.98,472.51,80.84,244.1,1049.1,385.74,236.79,290.59,437.31,208.14,101.13,3517.36,231.94,129.9,134.24,39.01,54.89,97.87,274.13
20261005,13:06:15,49663.23,44522.84,26107.64,17093.53,123.74,1851.84,450.05,464.33,554.53,109.74,166.23,204.14,91.82,141.49,268.0,121.68,190.02,290.12,3176.63,1681.94,472.72,80.83,244.09,1049.68,385.74,236.88,290.28,437.33,208.29,101.13,3516.23,231.94,129.9,134.23,39.01,54.87,97.87,274.1
20261005,13:06:20,49660.03,44519.54,26105.42,17090.38,123.74,1852.21,449.97,464.33,554.53,109.66,166.23,204.12,91.82,141.49,268.0,121.68,189.88,290.14,3176.44,1682.06,472.72,80.84,244.09,1048.83,385.87,236.88,290.28,437.28,208.15,101.13,3516.39,231.94,129.78,134.23,39.01,54.87,97.87,274.12
20261005,13:06:25,49659.36,44517.96,26109.65,17092.16,123.74,1852.21,449.97,464.21,554.65,109.66,166.22,204.09,91.82,141.48,268.0,121.68,189.88,290.14,3176.27,1682.11,472.7,80.84,244.09,1048.27,385.86,236.93,290.29,437.43,208.17,101.13,3517.23,231.94,129.78,134.26,39.01,54.89,97.87,274.42
20261005,13:06:30,49661.0,44519.82,26110.01,17093.44,123.61,1852.21,449.97,464.21,554.65,109.66,166.22,204.07,91.82,141.48,268.0,121.8,189.88,290.14,3176.39,1682.0,472.72,80.84,244.09,1048.95,385.86,236.93,290.24,437.39,208.17,101.13,3517.0,231.96,129.9,134.26,39.01,54.89,97.87,274.42
20261005,13:06:35,49658.15,44516.66,26113.25,17095.89,123.61,1852.21,449.97,464.21,554.75,109.66,166.42,204.1,91.97,141.48,268.0,121.68,189.88,290.14,3176.08,1681.99,472.62,80.8,244.09,1048.41,385.85,236.93,290.24,437.48,208.17,101.13,3517.34,232.28,129.9,134.26,39.01,54.9,97.87,274.42
20261005,13:06:40,49656.52,44514.82,26112.91,17094.64,123.61,1852.21,449.97,464.21,554.59,109.66,166.41,204.11,91.97,141.48,268.0,121.68,189.9,290.14,3175.96,1681.97,472.62,80.84,243.91,1048.28,385.74,236.94,290.25,437.41,208.14,101.13,3517.58,232.28,129.9,134.24,39.01,54.87,97.87,274.42
20261005,13:06:45,49620.74,44480.64,26113.3,17097.35,123.61,1852.21,449.97,464.21,554.6,109.66,166.42,204.12,91.98,141.7,268.0,121.8,189.9,290.14,3173.14,1679.63,472.55,80.84,243.91,1048.83,385.88,236.94,290.24,437.41,208.28,101.13,3516.96,231.96,130.01,134.23,39.01,54.87,97.87,274.35
20261005,13:06:50,49665.13,44523.98,26113.25,17097.61,123.61,1852.21,450.04,464.21,554.64,109.67,166.42,204.1,91.97,141.48,268.0,121.81,189.9,290.14,3176.63,1682.17,472.64,80.83,243.92,1049.21,385.88,236.65,290.24,437.41,208.24,101.13,3516.88,231.96,130.01,134.23,39.01,54.87,97.87,274.39
20261005,13:06:55,49620.92,44480.71,26114.55,17098.43,123.61,1852.21,450.04,464.21,554.85,109.67,166.43,204.13,91.97,141.48,268.0,121.81,189.9,290.14,3173.12,1679.85,472.47,80.83,243.91,1048.23,385.87,236.65,290.26,437.43,208.24,101.13,3517.06,231.96,130.01,134.23,39.01,54.87,97.87,274.39
20261005,13:07:00,49666.83,44525.57,26114.99,17099.37,123.74,1852.21,450.12,464.46,554.96,109.75,166.42,204.1,91.97,141.48,268.0,121.81,190.01,290.14,3176.71,1682.15,472.99,80.84,244.03,1049.01,385.74,236.65,290.26,437.42,208.24,101.13,3516.94,231.96,130.01,134.23,39.01,54.87,97.87,274.09
20261005,13:07:05,49671.77,44530.04,26116.81,17100.33,123.61,1852.21,450.13,464.46,554.93,109.75,166.42,204.09,91.97,141.48,268.0,121.72,189.86,290.14,3177.05,1682.33,473.07,80.83,244.03,1049.2,385.72,236.65,290.25,437.4,208.26,101.13,3517.25,231.96,130.25,134.23,39.01,54.89,97.87,274.09
20261005,13:07:10,49670.75,44531.9,26106.8,17098.39,123.74,1852.21,450.05,464.46,554.78,109.75,166.4,204.06,91.96,141.48,268.0,121.72,189.86,290.11,3177.25,1682.37,473.08,80.86,243.85,1049.24,385.72,236.75,290.57,437.4,208.26,101.13,3514.65,231.96,130.13,134.23,39.01,54.89,97.87,274.09
20261005,13:07:15,49671.18,44530.54,26112.75,17099.27,123.74,1852.27,450.13,464.46,554.82,109.75,166.42,204.15,91.96,141.48,268.0,121.71,189.86,290.11,3177.12,1682.38,472.97,80.83,243.85,1049.09,385.69,236.75,290.57,437.38,208.26,101.13,3516.27,231.92,130.13,134.23,39.01,54.9,97.87,274.09
20261005,13:07:20,49627.79,44486.94,26116.98,17099.69,123.74,1853.69,450.13,464.21,554.74,109.67,166.43,204.18,91.96,141.48,268.0,121.84,189.86,290.11,3173.59,1679.84,473.01,80.83,243.85,1048.9,385.67,236.75,290.24,437.38,208.23,101.13,3517.48,231.92,130.13,134.23,39.01,54.9,97.87,274.1
20261005,13:07:25,49672.87,44531.41,26115.07,17099.34,123.74,1853.69,450.13,464.21,554.65,109.75,166.42,204.15,91.96,141.48,268.0,121.82,189.86,290.11,3177.18,1682.32,473.24,80.83,244.02,1048.97,385.91,236.65,290.56,437.38,208.23,101.12,3516.98,231.92,130.13,134.23,39.01,54.89,97.85,274.1
20261005,13:07:30,49668.65,44527.89,26113.07,17099.03,123.61,1853.69,450.13,464.21,554.65,109.74,166.42,204.16,91.96,141.48,268.0,121.82,189.86,290.11,3176.91,1682.31,473.33,80.87,244.03,1048.17,385.91,236.84,290.55,437.44,208.23,101.12,3516.44,231.92,130.01,134.22,39.01,54.89,97.85,274.4
20261005,13:07:35,49669.12,44528.02,26112.03,17096.73,123.55,1852.27,450.13,464.21,554.51,109.66,166.41,204.11,91.97,141.7,268.0,121.7,189.86,290.11,3176.97,1682.32,473.14,80.87,243.78,1049.11,385.91,236.84,290.24,437.39,208.23,101.12,3516.74,231.92,130.01,134.22,39.01,54.87,97.85,274.4
20261005,13:07:40,49669.55,44528.42,26113.46,17098.31,123.54,1852.27,450.14,464.2,554.52,109.74,166.42,204.09,91.98,141.7,268.12,121.7,190.01,290.13,3176.97,1682.29,473.1,80.83,244.0,1049.12,385.91,236.84,290.22,437.46,208.22,101.12,3516.75,231.92,130.13,134.22,39.01,54.87,97.85,274.38
20261005,13:07:45,49673.87,44532.74,26114.37,17099.74,123.67,1852.27,450.14,464.19,554.51,109.74,166.41,204.07,91.98,141.7,268.12,121.82,190.01,290.11,3177.28,1682.35,473.11,80.84,244.0,1049.64,385.91,236.99,290.23,437.37,208.29,101.12,3516.65,231.92,130.13,134.19,39.01,54.88,97.85,274.38
20261005,13:07:50,49676.42,44533.77,26118.21,17099.26,123.73,1852.27,450.13,464.39,554.52,109.68,166.41,204.06,91.98,141.7,268.12,121.8,189.86,290.11,3177.38,1682.41,473.08,80.85,244.0,1049.57,386.04,236.75,290.32,437.39,208.25,101.12,3517.98,231.92,130.14,134.19,39.0,54.88,97.85,274.37
20261005,13:07:55,49634.06,44492.54,26119.13,17100.46,123.73,1852.27,450.13,464.15,554.52,109.76,166.41,204.06,91.98,141.7,268.12,121.8,189.86,290.08,3174.02,1679.99,473.16,80.85,244.0,1048.99,386.04,236.75,290.31,437.33,208.4,101.12,3517.94,231.92,130.14,134.18,39.0,54.87,97.85,274.39
20261005,13:08:00,49633.53,44493.31,26113.93,17098.82,123.73,1852.27,450.21,464.15,554.75,109.76,166.39,204.06,91.96,141.7,268.12,121.68,189.86,290.08,3174.13,1680.05,473.16,80.86,244.0,1049.02,386.04,236.75,290.32,437.33,208.29,101.12,3516.76,231.92,130.02,134.21,39.0,54.87,97.85,274.38
20261005,13:08:05,49676.6,44535.49,26113.36,17098.87,123.67,1852.27,450.12,464.15,554.75,109.76,166.39,204.06,91.96,141.7,268.12,121.82,189.86,290.1,3177.52,1682.53,473.23,80.89,244.0,1049.06,385.77,236.84,290.55,437.31,208.29,101.12,3516.57,231.92,130.02,134.21,39.0,54.88,97.85,274.36
20261005,13:08:10,49636.69,44496.32,26114.43,17099.12,123.67,1852.27,450.12,464.15,554.77,109.76,166.39,204.06,91.96,141.7,268.12,121.82,189.86,290.07,3174.36,1680.13,473.21,80.87,243.88,1049.05,385.77,236.94,290.59,437.31,208.29,101.13,3516.84,231.92,130.02,134.18,39.0,54.88,97.87,274.46
20261005,13:08:15,49670.96,44530.07,26113.15,17098.86,123.67,1852.27,450.21,464.15,554.73,109.76,166.39,204.07,91.96,141.7,268.12,121.7,189.86,290.04,3177.09,1682.48,473.34,80.88,243.46,1048.44,385.64,236.94,290.68,437.36,208.33,101.13,3516.51,231.92,130.02,134.18,39.0,54.88,97.87,274.33
20261005,13:08:20,49667.84,44527.43,26109.9,17096.47,123.67,1852.27,450.13,464.16,554.5,109.68,166.39,204.07,91.96,141.48,268.12,121.7,189.86,290.06,3176.93,1682.37,473.32,80.86,243.46,1048.43,385.79,236.92,290.67,437.31,208.29,101.13,3516.14,231.88,130.02,134.18,38.99,54.88,97.87,274.33
20261005,13:08:25,49669.56,44528.43,26112.66,17097.37,123.67,1852.27,450.12,464.16,554.5,109.76,166.37,203.99,91.96,141.48,268.12,121.7,189.86,290.07,3176.99,1682.48,473.38,80.87,243.88,1048.32,385.79,236.92,290.26,437.31,208.37,101.13,3516.76,231.88,130.02,134.18,38.99,54.88,97.87,274.38
20261005,13:08:30,49673.79,44532.16,26111.69,17094.96,123.6,1852.27,450.12,464.16,554.57,109.68,166.17,204.01,91.79,141.48,268.12,121.7,189.86,290.07,3177.35,1682.46,473.31,80.86,244.06,1048.77,385.77,237.02,290.56,437.31,208.37,101.13,3517.11,231.88,130.02,134.18,38.99,54.88,97.87,274.36
20261005,13:08:35,49669.04,44528.47,26110.46,17096.65,123.6,1852.27,450.2,464.16,554.88,109.68,166.18,204.05,91.79,141.48,268.12,121.7,189.86,290.07,3177.01,1682.35,473.38,80.84,244.11,1048.41,385.72,237.02,290.42,437.31,208.35,101.13,3516.27,231.88,130.03,134.18,38.99,54.88,97.87,274.36
20261005,13:08:40,49672.48,44530.98,26112.21,17095.85,123.6,1852.27,450.12,464.16,554.88,109.68,166.18,204.07,91.79,141.7,268.12,121.8,189.86,290.05,3177.23,1682.26,473.17,80.83,243.89,1049.65,385.72,236.92,290.42,437.25,208.25,101.13,3517.03,231.88,130.03,134.18,38.99,54.88,97.87,274.35
20261005,13:08:45,49660.61,44522.28,26103.33,17095.26,123.6,1853.39,450.12,464.16,554.88,109.74,166.17,204.02,91.79,141.48,268.12,121.68,189.86,290.05,3176.55,1682.26,473.19,80.87,243.89,1048.31,385.72,236.92,290.12,437.25,208.24,101.13,3514.41,231.88,130.03,134.21,38.99,54.88,97.87,274.34
20261005,13:08:50,49672.87,44532.54,26108.5,17095.53,123.6,1853.39,450.11,464.28,554.88,109.74,166.17,204.01,91.79,141.48,268.0,121.68,189.9,290.06,3177.37,1682.66,473.16,80.87,243.9,1049.05,385.72,237.1,290.12,437.23,208.26,101.14,3515.96,231.88,130.03,134.21,38.99,54.87,97.87,274.39
20261005,13:08:55,49631.16,44490.31,26112.99,17095.39,123.6,1853.27,450.11,464.29,554.8,109.66,166.18,204.05,91.79,141.48,268.0,121.8,189.86,290.03,3173.97,1680.21,473.1,80.89,244.01,1048.44,385.72,236.91,290.13,437.27,208.29,101.14,3517.4,231.88,130.03,134.23,38.99,54.87,97.87,274.09
20261005,13:09:00,49678.73,44536.43,26113.24,17094.93,123.73,1853.27,450.12,464.29,554.8,109.75,166.18,204.05,91.79,141.48,268.0,121.67,189.86,290.06,3177.7,1682.67,473.14,80.89,244.0,1049.29,385.72,236.91,290.44,437.27,208.26,101.14,3517.6,231.88,129.91,134.23,38.99,54.87,97.87,274.39
20261005,13:09:05,49682.06,44539.42,26113.6,17094.48,123.6,1851.85,450.11,464.36,554.84,109.74,166.18,204.05,91.79,141.69,268.0,121.67,190.0,290.07,3177.95,1682.63,473.24,80.88,244.01,1049.79,385.72,236.91,290.52,437.22,208.27,101.1,3517.84,231.88,130.03,134.21,38.99,54.87,97.87,274.08
20261005,13:09:10,49680.88,44538.79,26110.08,17092.17,123.73,1851.85,450.02,464.36,554.8,109.66,166.15,204.0,91.78,141.69,268.0,121.67,190.0,290.07,3177.95,1682.75,473.14,80.87,244.01,1049.92,385.8,237.1,290.22,437.22,208.22,101.1,3517.36,231.91,129.91,134.21,38.99,54.87,97.87,274.06
20261005,13:09:15,49674.94,44533.23,26110.39,17093.28,123.79,1851.85,450.02,464.29,554.72,109.66,166.17,204.04,91.78,141.47,268.0,121.79,189.78,290.04,3177.48,1682.6,473.28,80.89,244.01,1048.68,385.78,237.1,290.53,437.26,208.23,101.1,3517.16,231.89,130.03,134.21,38.99,54.87,97.87,274.03
20261005,13:09:20,49631.32,44492.49,26103.43,17091.16,123.79,1851.85,450.03,464.17,554.72,109.66,166.16,204.04,91.78,141.47,267.82,121.67,189.78,290.04,3174.24,1680.25,473.35,80.88,244.01,1048.59,385.83,237.0,290.22,437.26,208.23,101.1,3515.56,231.89,129.91,134.21,38.99,54.87,97.87,273.99
20261005,13:09:25,49639.4,44498.19,26110.57,17092.1,123.79,1851.91,450.02,464.08,554.72,109.74,166.16,204.04,91.78,141.48,267.82,121.67,189.75,290.0,3174.68,1680.24,473.29,80.89,244.02,1049.28,385.86,237.01,290.53,437.26,208.23,101.1,3517.54,231.89,130.03,134.21,38.99,54.87,97.87,273.97
20261005,13:09:30,49681.27,44539.08,26112.45,17094.61,123.79,1851.91,450.19,464.08,554.77,109.65,166.15,204.01,91.78,141.48,267.58,121.8,189.75,290.01,3177.92,1682.66,473.26,80.89,244.2,1049.37,385.86,237.11,290.53,437.21,208.25,101.1,3517.44,232.22,130.03,134.2,38.99,54.87,97.87,274.02
20261005,13:09:35,49679.88,44537.41,26110.56,17091.37,123.79,1850.71,450.11,464.08,554.84,109.64,166.15,204.01,91.78,141.48,267.58,121.68,189.75,290.01,3177.86,1682.79,473.22,80.86,244.2,1049.35,385.86,237.11,290.22,437.17,208.2,101.1,3517.73,232.22,129.91,134.2,38.99,54.88,97.77,274.02
20261005,13:09:40,49677.15,44535.2,26109.33,17091.45,123.66,1850.71,450.11,464.16,554.79,109.72,166.16,204.04,91.78,141.49,267.58,121.67,189.72,289.98,3177.68,1682.5,473.31,80.9,244.02,1049.41,385.51,237.11,290.58,437.16,208.22,101.1,3517.33,232.22,129.91,134.2,38.99,54.88,97.87,274.02
20261005,13:09:45,49681.65,44539.82,26110.01,17093.02,123.65,1850.71,450.13,464.08,554.76,109.73,166.16,204.01,91.78,141.49,267.58,121.8,189.7,290.0,3178.01,1682.76,473.47,80.89,244.01,1049.28,385.51,237.11,290.53,437.16,208.3,101.1,3517.11,232.22,129.91,134.2,38.99,54.88,97.87,274.04
20261005,13:09:50,49641.56,44500.36,26111.92,17093.87,123.65,1850.71,450.13,464.08,554.83,109.73,166.18,204.06,91.79,141.49,267.58,121.69,189.75,290.0,3174.81,1680.21,473.42,80.9,244.01,1049.64,385.38,237.11,290.52,437.22,208.39,101.13,3517.48,232.22,129.9,134.2,38.99,54.88,97.87,274.06
20261005,13:09:55,49675.77,44533.62,26112.76,17094.61,123.78,1850.71,450.22,464.0,554.84,109.72,166.18,204.1,91.78,141.49,267.58,121.68,189.76,290.0,3177.48,1682.54,473.05,80.86,244.01,1049.21,385.71,236.92,290.52,437.2,208.28,101.13,3517.54,232.22,130.02,134.2,38.99,54.88,97.87,274.05
20261005,13:10:00,49677.6,44534.84,26114.72,17094.96,123.65,1850.34,450.14,463.83,554.84,109.72,166.38,204.1,91.94,141.49,267.58,121.68,189.76,289.97,3177.57,1682.49,473.17,80.87,244.01,1049.23,385.96,237.01,290.66,437.14,208.28,101.13,3518.06,232.22,130.02,134.21,38.99,54.88,97.87,274.0
20261005,13:10:05,49684.03,44542.18,26113.05,17096.65,123.65,1853.18,450.12,463.84,554.93,109.71,166.38,204.11,91.94,141.49,267.58,121.8,189.77,289.99,3178.12,1682.67,473.21,80.87,244.01,1049.97,385.98,237.01,290.61,437.15,208.28,101.13,3517.08,232.22,129.9,134.21,38.99,54.88,97.87,274.09
20261005,13:10:10,49636.76,44496.41,26111.72,17096.09,123.65,1853.18,450.04,463.91,555.15,109.71,166.38,204.08,91.95,141.49,267.58,121.68,189.75,290.0,3174.44,1680.29,473.22,80.87,244.02,1048.95,385.97,237.11,290.29,437.15,208.29,101.13,3516.81,232.22,129.9,134.21,38.99,54.89,97.87,274.07
20261005,13:10:15,49676.96,44535.32,26113.91,17097.72,123.78,1853.41,450.13,463.91,555.21,109.73,166.39,204.08,91.96,141.49,267.58,121.68,189.75,290.0,3177.54,1682.61,472.96,80.89,244.19,1048.85,385.89,237.1,290.61,437.14,208.29,101.13,3517.05,232.22,129.9,134.19,39.0,54.91,97.87,274.09
20261005,13:10:20,49641.99,44501.01,26113.61,17096.6,123.72,1853.4,450.13,463.91,555.21,109.73,166.22,204.19,91.8,141.49,267.58,121.7,189.75,290.02,3174.8,1680.31,473.19,80.87,244.19,1049.58,385.89,237.1,290.34,437.18,208.26,101.13,3517.26,232.22,129.9,134.19,39.0,54.9,97.87,274.44
20261005,13:10:25,49644.65,44503.47,26115.01,17097.76,123.72,1853.4,450.13,463.91,555.24,109.73,166.22,204.18,91.8,141.49,267.58,121.68,189.75,290.04,3174.97,1680.26,473.39,80.87,244.18,1049.65,385.89,237.1,290.56,437.23,208.26,101.13,3517.39,232.22,130.03,134.22,39.0,54.9,97.87,274.41
20261005,13:10:30,49652.24,44510.69,26115.05,17097.23,123.72,1853.4,450.13,463.92,555.26,109.73,166.21,204.13,91.8,141.49,267.58,121.8,189.89,290.05,3175.57,1680.57,473.39,80.88,244.07,1050.17,385.89,237.1,290.57,437.22,208.09,101.12,3517.54,232.22,130.03,134.22,39.0,54.92,97.87,274.44
20261005,13:10:35,49648.62,44507.69,26111.69,17095.14,123.61,1851.98,450.13,463.84,555.14,109.73,166.21,204.13,91.8,141.49,267.58,121.68,189.89,290.05,3175.37,1680.51,473.41,80.88,244.09,1049.85,386.03,237.1,290.56,437.21,208.24,101.12,3517.06,231.89,129.91,134.22,39.0,54.92,97.87,274.46
20261005,13:10:40,49687.7,44545.68,26111.58,17094.72,123.61,1852.06,450.13,463.84,555.01,109.71,166.21,204.13,91.8,141.49,267.58,121.68,189.89,290.05,3178.45,1682.9,473.42,80.88,244.03,1049.82,386.01,237.1,290.57,437.15,208.25,101.12,3517.14,231.89,130.03,134.22,39.0,54.92,97.87,274.16
20261005,13:10:45,49683.85,44541.56,26109.96,17091.59,123.61,1852.06,450.04,463.92,554.75,109.71,166.2,204.16,91.79,141.49,267.58,121.68,189.77,290.05,3178.19,1683.0,473.41,80.88,243.91,1049.08,386.01,237.01,290.53,437.15,208.08,101.11,3517.48,231.89,130.03,134.22,39.0,54.92,97.87,274.16
20261005,13:10:50,49644.08,44501.66,26114.06,17092.48,123.61,1852.06,450.04,463.92,554.71,109.71,166.19,204.1,91.79,141.49,267.58,121.8,189.77,290.03,3174.95,1680.61,473.47,80.88,243.91,1049.11,385.98,237.01,290.22,437.16,208.23,101.11,3518.52,231.89,129.91,134.22,39.0,54.92,97.87,274.16
20261005,13:10:55,49680.6,44540.45,26105.76,17093.67,123.74,1852.43,450.13,463.84,554.71,109.71,166.19,204.1,91.79,141.49,267.58,121.8,189.77,290.03,3178.05,1683.02,473.17,80.9,243.91,1048.93,385.87,236.99,290.54,437.18,208.23,101.11,3515.61,231.89,129.91,134.22,39.01,54.92,97.87,274.17
20261005,13:11:00,49677.28,44537.18,26104.8,17092.48,123.61,1852.46,450.13,463.84,554.71,109.72,166.18,204.06,91.79,141.49,267.58,121.68,189.77,290.04,3177.81,1682.86,473.19,80.86,243.66,1049.11,385.87,236.97,290.54,437.18,208.24,101.11,3515.63,231.89,129.91,134.22,39.01,54.92,97.87,274.13
20261005,13:11:05,49688.25,44545.86,26112.19,17094.22,123.67,1852.46,450.12,463.84,554.95,109.72,166.18,204.07,91.79,141.49,267.58,121.8,189.77,290.02,3178.47,1682.98,473.17,80.86,243.67,1050.32,385.87,236.97,290.54,437.21,208.25,101.11,3517.47,231.89,129.9,134.24,39.01,54.92,97.87,274.11
20261005,13:11:10,49682.94,44543.45,26101.6,17091.28,123.8,1852.46,450.12,463.92,554.72,109.73,166.17,204.01,91.79,141.49,267.58,121.68,189.77,290.12,3178.35,1682.97,473.18,80.87,243.91,1050.22,385.87,236.97,290.23,437.15,208.06,101.11,3514.96,231.89,129.9,134.24,39.01,54.92,97.87,274.11
20261005,13:11:15,49647.95,44505.77,26113.71,17093.2,123.8,1853.88,450.13,464.17,554.72,109.73,166.17,204.01,91.79,141.49,267.58,121.68,189.77,290.1,3175.27,1680.59,473.28,80.87,243.91,1049.73,385.89,236.97,290.54,437.13,208.08,101.11,3518.22,231.89,129.9,134.24,39.01,54.92,97.87,274.41
20261005,13:11:20,49653.96,44511.98,26113.17,17093.75,123.8,1853.88,450.13,463.91,554.72,109.73,166.17,204.01,91.79,141.49,267.58,121.68,189.77,290.1,3175.75,1680.7,473.47,80.87,243.91,1050.31,386.01,236.99,290.54,437.2,208.13,101.11,3517.9,231.89,130.02,134.27,39.01,54.92,97.88,274.13
20261005,13:11:25,49686.64,44544.23,26112.03,17093.84,123.79,1853.88,450.13,463.91,554.65,109.72,166.18,204.07,91.79,141.49,267.58,121.8,189.77,290.06,3178.35,1683.07,473.48,80.86,243.91,1049.61,385.88,237.13,290.22,437.17,208.11,101.11,3517.52,231.89,129.9,134.25,39.01,54.93,97.88,274.38
20261005,13:11:30,49683.33,44540.88,26113.85,17095.51,123.66,1853.83,450.22,463.9,554.76,109.8,166.17,204.06,91.78,141.49,267.58,121.68,189.77,290.06,3178.04,1683.11,473.08,80.85,244.02,1049.09,385.88,237.14,290.22,437.17,208.37,101.11,3517.63,231.89,129.9,134.25,39.01,54.93,97.88,274.13
20261005,13:11:35,49682.58,44542.56,26104.84,17093.2,123.6,1852.31,450.14,463.9,554.77,109.64,166.17,204.06,91.78,141.49,267.76,121.66,189.77,290.09,3178.23,1682.93,473.0,80.87,244.05,1049.65,385.96,237.14,290.57,437.12,208.35,101.11,3515.45,231.89,129.9,134.22,39.01,54.91,97.88,274.14
20261005,13:11:40,49651.4,44509.87,26112.4,17094.19,123.6,1852.19,450.13,463.9,554.76,109.72,166.17,204.07,91.78,141.49,267.76,121.78,189.77,290.08,3175.57,1680.73,472.98,80.87,244.04,1050.09,385.89,237.0,290.63,437.15,208.38,101.11,3517.54,231.89,129.9,134.14,39.02,54.9,97.88,274.14
20261005,13:11:45,49635.54,44500.26,26093.42,17091.92,123.73,1851.82,450.02,463.9,554.99,109.64,166.17,204.08,91.78,141.28,267.76,121.64,189.8,290.07,3174.85,1680.7,472.98,80.86,244.04,1048.9,385.91,237.0,290.32,437.21,208.26,101.11,3512.23,231.93,129.9,134.14,39.02,54.9,97.88,274.12
20261005,13:11:50,49682.15,44542.61,26102.87,17092.54,123.73,1851.82,450.02,464.08,554.88,109.64,166.17,204.04,91.78,141.28,267.76,121.65,189.8,290.08,3178.25,1683.1,473.13,80.86,243.79,1049.62,385.97,237.0,290.32,437.22,208.35,101.11,3515.01,231.93,129.9,134.14,39.02,54.9,97.88,274.1
20261005,13:11:55,49692.03,44548.58,26115.07,17094.3,123.6,1851.82,450.1,464.12,554.91,109.72,166.19,204.07,91.79,141.28,267.76,121.67,189.8,290.08,3178.69,1683.21,473.25,80.87,243.78,1049.8,386.03,237.0,290.63,437.16,208.35,101.11,3518.35,231.93,130.02,134.17,39.02,54.9,97.88,274.05
20261005,13:12:00,49690.2,44549.55,26104.72,17091.64,123.6,1851.98,450.02,464.05,554.92,109.72,166.2,204.11,91.79,141.28,267.76,121.66,189.8,290.08,3178.83,1683.23,473.27,80.89,244.03,1049.79,385.97,237.0,290.63,437.25,208.21,101.11,3515.83,231.93,129.9,134.18,39.03,54.92,97.78,274.05
20261005,13:12:05,49690.57,44548.08,26110.24,17091.86,123.73,1850.46,450.02,464.12,554.86,109.72,166.19,204.09,91.79,141.28,267.76,121.79,189.8,290.08,3178.71,1683.23,473.17,80.9,244.02,1049.62,385.83,236.9,290.63,437.24,208.19,101.11,3517.5,231.93,129.9,134.18,39.03,54.92,97.78,274.07
20261005,13:12:10,49687.42,44545.13,26110.15,17092.14,123.8,1850.83,450.02,464.12,554.81,109.72,166.18,204.08,91.78,141.28,267.76,121.65,189.76,290.08,3178.46,1683.12,473.35,80.88,244.02,1049.64,385.96,236.91,290.3,437.23,208.21,101.11,3517.4,231.93,129.9,134.18,39.03,54.92,97.78,274.4
20261005,13:12:15,49684.53,44545.08,26102.6,17092.71,123.8,1850.79,450.1,464.12,554.81,109.72,166.18,204.08,91.78,141.28,267.76,121.77,189.76,290.08,3178.45,1683.07,473.36,80.87,244.11,1049.64,386.04,236.91,290.31,437.3,208.21,101.11,3514.88,231.93,129.9,134.17,39.03,54.92,97.78,274.08
20261005,13:12:20,49645.33,44504.61,26109.18,17092.63,123.8,1850.79,450.11,464.05,554.83,109.72,166.18,204.08,91.78,141.28,267.76,121.63,189.81,290.08,3175.19,1680.61,473.25,80.87,244.03,1049.65,386.16,236.91,290.31,437.24,208.31,101.11,3516.96,231.93,129.9,134.17,39.03,54.9,97.78,274.08
20261005,13:12:25,49681.34,44539.75,26107.31,17090.7,123.8,1850.79,450.03,464.03,554.84,109.72,166.18,204.09,91.78,141.28,267.76,121.63,189.81,290.08,3178.06,1682.85,473.21,80.88,244.03,1049.64,386.16,236.91,290.31,437.3,208.16,101.11,3516.9,231.93,129.9,134.17,39.03,54.9,97.78,274.08
20261005,13:12:30,49678.66,44537.52,26105.87,17090.33,123.8,1850.79,449.95,464.03,554.54,109.72,166.18,204.09,91.78,141.28,267.76,121.75,189.81,290.08,3177.89,1682.78,473.09,80.87,244.03,1049.58,386.05,236.91,290.3,437.3,208.31,101.11,3516.55,231.93,129.78,134.17,39.03,54.9,97.78,274.07
20261005,13:12:35,49642.63,44501.56,26110.45,17092.72,123.8,1850.9,450.03,464.03,554.54,109.72,166.19,204.13,91.78,141.28,267.76,121.63,189.95,290.08,3174.94,1680.46,473.1,80.84,244.02,1049.76,386.05,236.91,290.31,437.31,208.35,101.11,3517.33,231.93,130.02,134.17,39.03,54.9,97.78,274.09
20261005,13:12:40,49638.93,44498.25,26109.95,17093.15,123.8,1850.9,450.12,464.03,554.56,109.72,166.2,204.09,91.8,141.28,267.76,121.64,189.95,290.08,3174.66,1680.37,473.1,80.84,243.79,1049.59,386.05,236.81,290.3,437.31,208.2,101.12,3517.06,231.93,130.02,134.17,39.03,54.9,97.78,274.39
20261005,13:12:45,49643.75,44502.79,26108.8,17091.29,123.8,1850.9,449.95,463.9,554.56,109.72,166.18,204.11,91.78,141.28,267.76,121.76,189.91,290.08,3175.07,1680.6,473.1,80.84,244.08,1049.65,385.75,236.81,290.31,437.33,208.18,101.12,3517.2,231.88,129.9,134.17,39.03,54.9,97.78,274.41
20261005,13:12:50,49682.64,44540.99,26109.25,17092.85,123.8,1852.31,449.95,463.9,554.6,109.72,166.16,204.08,91.77,141.28,267.76,121.77,189.91,290.08,3178.11,1682.8,473.19,80.84,244.08,1049.59,385.75,236.81,290.63,437.26,208.19,101.12,3516.92,231.88,130.02,134.2,39.03,54.9,97.78,274.43
20261005,13:12:55,49685.89,44544.67,26105.92,17090.73,123.8,1852.31,449.95,464.05,554.36,109.72,166.18,204.08,91.78,141.27,267.76,121.76,189.77,290.09,3178.46,1683.13,473.16,80.82,244.15,1049.41,385.81,236.81,290.62,437.25,208.16,101.12,3516.46,231.81,129.9,134.2,39.03,54.9,97.78,274.39
20261005,13:13:00,49683.15,44541.73,26107.04,17091.11,123.67,1852.31,449.95,464.07,554.37,109.72,166.18,204.1,91.78,141.27,267.76,121.76,189.8,290.09,3178.21,1682.88,473.18,80.84,244.15,1049.54,385.81,236.92,290.61,437.3,208.31,101.12,3516.7,231.81,129.9,134.2,39.03,54.9,97.78,274.07
20261005,13:13:05,49647.78,44507.24,26105.57,17089.33,123.8,1850.67,449.95,464.07,554.33,109.72,166.17,204.05,91.78,141.27,267.76,121.64,189.84,290.11,3175.48,1680.83,472.83,80.84,244.15,1049.84,385.81,237.02,290.51,437.2,208.16,101.12,3516.73,231.81,129.9,134.2,39.03,54.9,97.78,274.43
20261005,13:13:10,49647.19,44506.75,26105.65,17089.72,123.67,1850.67,449.95,464.06,554.37,109.72,166.17,204.05,91.78,141.27,267.76,121.65,189.84,290.06,3175.43,1680.76,472.85,80.81,244.15,1050.35,385.81,237.02,290.2,437.2,208.13,101.12,3516.65,231.81,130.03,134.2,39.03,54.91,97.78,274.43
20261005,13:13:15,49642.19,44502.03,26104.11,17088.43,123.67,1850.67,450.03,463.81,554.4,109.72,166.19,204.12,91.79,141.27,267.76,121.64,189.81,290.07,3175.08,1680.6,473.07,80.84,244.15,1049.36,385.81,237.02,290.51,437.2,208.13,101.12,3516.51,231.81,129.91,134.2,39.03,54.91,97.78,274.1
20261005,13:13:20,49685.06,44544.23,26103.4,17089.04,123.67,1850.56,450.02,463.81,554.44,109.64,166.18,204.12,91.77,141.27,267.76,121.62,189.95,290.06,3178.47,1683.06,472.97,80.81,244.12,1049.87,385.81,237.02,290.62,437.2,208.13,101.12,3516.13,231.81,130.03,134.2,39.04,54.91,97.78,274.09
20261005,13:13:25,49684.81,44543.57,26105.32,17089.89,123.67,1850.19,449.94,463.81,554.37,109.72,166.17,204.04,91.78,141.48,267.76,121.61,189.92,290.06,3178.39,1683.06,472.93,80.84,243.89,1049.9,385.81,237.16,290.61,437.15,208.3,101.12,3516.49,231.81,130.03,134.2,39.04,54.91,97.78,274.06
20261005,13:13:30,49682.2,44540.79,26103.4,17086.88,123.67,1850.56,449.95,463.81,554.38,109.71,166.17,204.05,91.78,141.27,267.76,121.62,189.92,290.04,3178.24,1683.04,472.74,80.81,243.89,1049.8,385.82,237.16,290.65,437.15,208.07,101.12,3516.72,231.81,129.93,134.19,39.04,54.92,97.78,274.04
20261005,13:13:35,49679.65,44538.38,26104.41,17088.26,123.74,1850.56,449.95,463.8,554.48,109.71,166.17,204.05,91.79,141.27,267.76,121.62,189.95,290.06,3178.01,1682.96,472.74,80.81,243.89,1049.83,386.27,237.16,290.34,437.17,208.14,101.12,3516.65,231.81,129.93,134.19,39.04,54.91,97.78,274.09
20261005,13:13:40,49682.71,44542.15,26103.09,17089.41,123.74,1850.56,449.95,463.8,554.43,109.71,166.17,204.05,91.79,141.27,267.73,121.61,189.81,290.09,3178.29,1683.05,472.76,80.84,243.89,1050.21,385.7,237.24,290.34,437.17,208.3,101.12,3515.93,231.86,129.93,134.19,39.03,54.91,97.78,274.08
20261005,13:13:45,49680.93,44539.71,26104.83,17089.05,123.74,1850.56,449.95,463.68,554.43,109.71,166.17,204.04,91.79,141.26,267.73,121.61,189.81,290.09,3178.1,1683.07,472.81,80.81,244.0,1049.68,385.57,237.24,290.3,437.27,208.25,101.12,3516.57,231.86,129.93,134.19,39.03,54.91,97.78,274.11
20261005,13:13:50,49680.8,44539.51,26104.8,17088.77,123.48,1850.19,450.04,463.68,554.32,109.63,166.17,204.04,91.79,141.26,267.73,121.73,189.81,290.09,3178.09,1683.02,472.9,80.84,244.12,1049.56,385.57,237.14,290.3,437.22,208.29,101.12,3516.64,231.86,129.81,134.36,39.03,54.91,97.77,274.08
20261005,13:13:55,49681.44,44540.35,26104.43,17089.05,123.48,1850.19,450.04,463.68,554.33,109.63,166.18,204.06,91.79,141.47,267.73,121.73,189.81,290.13,3178.15,1683.06,472.66,80.84,244.12,1049.46,385.57,237.35,290.61,437.25,208.18,101.12,3516.45,231.86,129.93,134.36,39.03,54.93,97.77,273.98
20261005,13:14:00,49671.0,44533.36,26094.78,17088.62,123.48,1851.75,450.03,463.68,554.33,109.71,166.17,204.02,91.79,141.26,267.91,121.73,189.81,290.13,3177.6,1683.05,472.66,80.81,244.01,1048.71,385.5,237.35,290.3,437.2,208.14,101.12,3513.55,232.18,129.81,134.36,39.03,54.91,97.76,274.02
20261005,13:14:05,49680.62,44538.02,26108.3,17088.38,123.48,1850.25,450.12,463.68,554.41,109.71,166.2,204.16,91.79,141.26,267.91,121.59,189.81,290.13,3177.98,1682.98,472.72,80.82,243.9,1049.46,385.5,237.35,290.61,437.2,208.14,101.12,3517.84,232.18,129.81,134.36,39.03,54.91,97.76,274.02
20261005,13:14:10,49645.3,44504.66,26105.91,17089.17,123.61,1850.3,450.04,463.68,554.49,109.71,166.2,204.16,91.79,141.47,268.03,121.59,189.81,290.11,3175.27,1680.76,472.94,80.82,243.89,1049.63,385.52,237.34,290.61,437.2,208.06,101.12,3516.87,232.18,129.93,134.36,39.03,54.91,97.94,273.99
20261005,13:14:15,49639.95,44499.87,26104.45,17088.89,123.54,1850.3,450.04,463.68,554.44,109.71,166.2,204.14,91.79,141.47,268.03,121.58,189.77,290.1,3174.89,1680.75,472.85,80.81,244.0,1048.75,385.61,237.33,290.62,437.2,208.08,101.12,3516.49,232.18,129.93,134.39,39.03,54.91,97.94,273.99
20261005,13:14:20,49642.55,44503.1,26101.19,17087.49,123.54,1850.26,449.95,463.93,554.44,109.72,166.18,204.07,91.79,141.47,268.03,121.57,189.92,290.08,3175.19,1680.8,472.79,80.81,243.89,1049.48,385.68,237.32,290.61,437.2,208.01,101.12,3515.86,232.18,129.92,134.39,39.03,54.91,97.95,273.94
20261005,13:14:25,49678.43,44537.41,26105.54,17090.33,123.67,1850.26,449.95,463.93,554.37,109.72,166.16,204.02,91.78,141.25,268.03,121.57,189.77,290.12,3177.89,1683.11,472.79,80.79,243.89,1048.74,385.92,237.32,290.62,437.19,208.29,101.12,3516.45,231.88,130.04,134.39,39.03,54.91,97.95,273.99
20261005,13:14:30,49681.86,44543.37,26096.95,17089.21,123.67,1850.26,450.03,463.68,554.69,109.72,166.15,204.0,91.78,141.47,268.03,121.56,189.77,290.12,3178.39,1683.2,472.78,80.8,243.89,1049.66,385.92,237.32,290.62,437.19,208.09,101.12,3514.07,231.88,129.92,134.39,39.03,54.93,97.95,274.01
20261005,13:14:35,49638.89,44501.45,26096.97,17089.06,123.68,1850.16,450.03,463.68,554.76,109.72,166.14,203.95,91.78,141.47,268.03,121.56,189.92,290.12,3175.02,1680.67,472.74,80.77,243.92,1049.55,385.72,237.32,290.62,437.17,208.09,101.12,3514.11,231.83,129.92,134.39,39.03,54.9,97.95,273.98
20261005,13:14:40,49644.39,44504.92,26103.64,17090.41,123.66,1850.26,450.03,463.68,554.79,109.72,166.16,204.02,91.78,141.47,268.03,121.54,189.92,290.12,3175.26,1680.85,472.76,80.76,243.91,1049.59,385.65,237.12,290.63,437.18,208.1,101.13,3515.83,231.83,130.04,134.39,39.03,54.9,97.95,273.99
20261005,13:14:45,49643.7,44506.01,26099.53,17091.58,123.66,1850.26,449.95,463.69,554.79,109.72,166.18,204.02,91.8,141.47,268.03,121.65,189.92,290.15,3175.32,1680.84,472.77,80.81,243.92,1049.59,385.9,237.22,290.63,437.12,208.28,101.13,3514.22,231.83,129.92,134.46,39.03,54.9,97.95,273.98
20261005,13:14:50,49684.08,44543.42,26103.35,17089.52,123.66,1850.18,449.96,463.81,554.79,109.72,166.19,204.06,91.8,141.47,268.03,121.55,189.77,290.14,3178.39,1683.15,472.93,80.83,243.92,1049.58,385.84,237.22,290.63,437.12,208.02,101.09,3515.98,231.81,129.92,134.46,39.03,54.9,97.95,274.35
20261005,13:14:55,49684.75,44545.9,26097.65,17089.07,123.66,1850.18,449.86,463.81,554.75,109.71,166.19,204.06,91.8,141.47,267.91,121.55,189.77,290.16,3178.6,1683.34,472.94,80.84,243.92,1049.46,386.02,237.23,290.62,437.14,208.01,101.09,3514.32,232.17,129.92,134.46,39.03,54.9,97.85,274.35
20261005,13:15:00,49684.51,44542.48,26106.99,17089.12,123.66,1851.71,449.87,463.81,554.75,109.71,166.18,204.08,91.79,141.47,267.91,121.69,189.77,290.1,3178.32,1683.12,472.95,80.84,243.92,1049.43,386.15,237.23,290.63,437.11,207.97,101.09,3517.23,232.17,129.92,134.46,39.03,54.9,97.85,274.05
20261005,13:15:05,49645.83,44505.38,26105.41,17089.29,123.66,1850.26,449.94,463.81,554.75,109.71,166.22,204.12,91.81,141.47,267.91,121.67,189.77,290.1,3175.33,1680.81,472.94,80.87,243.92,1049.45,386.15,237.23,290.58,437.01,207.99,101.09,3516.69,232.17,129.92,134.48,39.03,54.9,97.85,274.02
20261005,13:15:10,49683.81,44543.47,26101.46,17088.36,123.67,1850.26,449.95,463.81,554.75,109.71,166.18,204.01,91.8,141.47,267.91,121.55,189.81,290.11,3178.42,1683.32,473.0,80.85,243.92,1049.44,386.15,237.71,290.26,436.97,208.03,101.09,3515.7,232.17,129.92,134.48,39.03,54.9,97.85,273.97
20261005,13:15:15,49679.24,44541.05,26098.06,17091.25,123.54,1850.26,450.03,463.81,555.06,109.71,166.17,203.98,91.8,141.47,267.91,121.67,189.81,290.03,3178.16,1683.17,472.85,80.84,243.92,1049.37,386.15,237.71,290.3,436.86,208.17,101.09,3513.86,232.17,129.92,134.47,39.03,54.9,97.85,274.02
20261005,13:15:20,49636.22,44496.91,26102.67,17089.1,123.67,1851.73,450.04,464.06,554.96,109.73,166.17,203.99,91.8,141.47,267.91,121.56,189.77,290.03,3174.65,1680.76,472.69,80.84,243.66,1048.89,386.02,237.61,290.31,436.86,208.02,101.09,3515.88,232.1,129.92,134.42,39.03,54.9,97.85,273.76
20261005,13:15:25,49681.76,44539.82,26106.2,17088.25,123.67,1851.84,449.87,464.06,554.87,109.73,166.16,203.95,91.8,141.47,267.91,121.56,189.77,290.03,3178.13,1683.22,472.79,80.87,243.67,1049.06,386.03,237.71,290.58,436.86,208.09,101.1,3517.21,232.12,129.92,134.42,39.03,54.9,97.85,273.78
20261005,13:15:30,49639.03,44501.37,26098.4,17089.97,123.67,1851.51,449.96,464.07,554.88,109.73,166.15,203.94,91.79,141.47,267.91,121.55,189.77,290.03,3174.99,1680.89,472.77,80.86,243.92,1049.02,386.03,237.8,290.26,436.8,208.24,101.1,3514.31,232.12,129.92,134.44,39.03,54.9,97.85,273.78
20261005,13:15:35,49638.74,44499.39,26101.96,17088.38,123.67,1850.05,450.03,464.07,554.79,109.73,166.13,203.92,91.78,141.47,267.91,121.55,189.77,290.04,3174.87,1680.8,472.78,80.85,243.92,1048.66,385.7,237.99,290.57,436.79,208.16,101.1,3515.86,232.1,129.92,134.42,38.99,54.9,97.85,273.78
20261005,13:15:40,49635.43,44496.14,26102.91,17089.37,123.54,1850.05,449.96,464.07,554.75,109.71,166.13,203.92,91.78,141.47,267.73,121.67,189.81,290.01,3174.58,1680.79,472.83,80.85,244.04,1048.27,385.64,237.9,290.27,436.79,208.18,101.1,3515.88,232.1,130.04,134.42,38.99,54.94,97.85,273.76
20261005,13:15:45,49638.58,44498.35,26106.29,17090.39,123.54,1850.05,449.87,463.82,554.81,109.71,166.33,203.98,91.93,141.47,267.61,121.66,189.81,290.01,3174.74,1680.69,472.79,80.84,244.02,1049.01,385.64,237.99,290.26,436.78,208.13,101.1,3516.66,232.17,130.04,134.45,38.99,54.94,97.85,273.75
20261005,13:15:50,49677.28,44536.93,26102.96,17089.47,123.48,1850.05,449.86,463.82,554.8,109.71,166.33,203.95,91.93,141.47,267.61,121.56,189.81,290.05,3177.87,1683.36,472.79,80.82,244.04,1047.83,385.74,238.01,290.58,436.78,208.13,101.1,3515.87,232.17,130.04,134.45,38.99,54.93,97.85,273.75
20261005,13:15:55,49679.95,44538.44,26106.77,17090.22,123.48,1850.05,449.86,463.83,554.8,109.71,166.34,203.94,91.95,141.47,267.61,121.56,189.81,290.09,3177.97,1683.26,472.81,80.82,244.13,1048.68,385.77,238.01,290.25,436.75,208.16,101.1,3516.86,232.17,130.04,134.46,38.99,54.94,97.85,273.8
20261005,13:16:00,49674.81,44534.09,26104.8,17090.16,123.48,1850.05,449.95,463.83,554.59,109.71,166.35,203.96,91.95,141.47,267.75,121.53,189.81,290.07,3177.62,1682.91,472.81,80.82,244.15,1048.55,385.62,237.8,290.55,436.75,208.16,101.1,3516.26,232.17,130.04,134.46,38.99,54.95,97.85,273.8
20261005,13:16:05,49637.91,44496.29,26110.83,17090.89,123.48,1850.05,449.95,463.83,554.59,109.7,166.35,203.97,91.95,141.46,267.75,121.53,189.84,290.07,3174.56,1680.6,473.13,80.83,244.01,1048.56,385.62,237.8,290.25,436.7,208.17,101.1,3517.94,232.17,130.16,134.46,38.99,54.93,97.85,273.77
20261005,13:16:10,49639.37,44497.31,26111.62,17090.49,123.61,1850.05,449.86,463.83,554.59,109.7,166.35,204.03,91.93,141.47,267.57,121.53,189.84,290.09,3174.65,1680.58,473.12,80.82,244.03,1048.56,385.61,237.8,290.46,436.73,207.98,101.1,3518.3,232.17,130.27,134.46,38.99,54.91,97.85,274.07
20261005,13:16:15,49643.46,44503.68,26107.05,17093.21,123.49,1850.05,449.95,463.84,555.1,109.7,166.35,203.96,91.94,141.68,267.57,121.54,189.99,290.09,3175.1,1680.85,473.18,80.82,244.09,1048.69,385.36,237.79,290.49,436.77,207.99,101.1,3516.14,232.17,130.27,134.46,38.99,54.91,97.85,274.11
20261005,13:16:20,49642.12,44500.54,26113.82,17094.87,123.68,1851.37,449.95,463.84,555.11,109.7,166.36,204.0,91.95,141.68,267.57,121.66,189.84,290.09,3174.8,1680.8,473.0,80.85,243.84,1048.56,385.36,237.88,290.45,436.77,208.03,101.1,3517.8,231.85,130.27,134.46,38.99,54.91,97.85,274.11
20261005,13:16:25,49679.42,44538.66,26110.03,17096.45,123.68,1851.14,449.95,463.84,555.18,109.7,166.37,204.0,91.96,141.68,267.57,121.66,189.84,290.07,3177.84,1683.05,472.97,80.84,244.09,1048.67,385.43,237.88,290.44,436.72,208.17,101.1,3516.19,231.85,130.27,134.46,38.99,54.91,97.85,274.13
20261005,13:16:30,49677.2,44534.68,26111.99,17092.64,123.68,1851.51,449.85,463.84,554.95,109.72,166.36,203.97,91.96,141.47,267.57,121.54,189.84,290.08,3177.61,1683.14,472.96,80.85,244.09,1047.85,385.41,237.88,290.44,436.72,208.14,101.1,3517.84,231.78,130.16,134.49,38.99,54.91,97.85,274.05
20261005,13:16:35,49633.5,44491.45,26112.24,17090.69,123.55,1850.09,449.87,463.84,554.88,109.72,166.34,203.93,91.95,141.47,267.57,121.66,189.84,290.11,3174.17,1680.62,472.96,80.82,244.09,1047.9,385.41,237.88,290.13,436.73,207.96,101.1,3518.44,231.78,130.16,134.48,39.03,54.91,97.85,274.08
20261005,13:16:40,49633.01,44493.78,26104.18,17090.86,123.66,1851.51,449.87,463.84,554.53,109.72,166.35,203.95,91.95,141.47,267.57,121.67,189.81,290.09,3174.36,1680.75,472.84,80.81,244.2,1047.96,385.41,237.88,290.13,436.73,207.99,101.1,3515.88,231.78,130.16,134.48,39.03,54.93,97.85,274.08
20261005,13:16:45,49644.75,44504.88,26104.21,17089.73,123.47,1851.14,449.87,463.7,554.56,109.72,166.36,203.95,91.96,141.48,267.69,121.64,189.81,290.09,3175.28,1680.84,473.09,80.81,244.2,1049.16,385.66,237.88,290.44,436.84,207.92,101.1,3516.19,231.78,130.16,134.48,39.03,54.93,97.85,274.08
20261005,13:16:50,49641.33,44500.66,26107.12,17090.13,123.66,1851.14,449.87,463.7,554.56,109.72,166.37,203.99,91.96,141.47,267.69,121.52,189.81,290.11,3174.93,1680.73,472.97,80.81,244.32,1048.57,385.66,237.88,290.54,436.8,207.99,101.1,3517.0,231.78,130.16,134.49,39.03,54.93,97.85,274.06
20261005,13:16:55,49636.12,44496.37,26106.31,17091.82,123.66,1851.24,449.87,463.91,554.54,109.72,166.37,203.98,91.96,141.47,267.69,121.52,189.81,290.11,3174.54,1680.74,472.97,80.82,244.21,1047.74,385.59,237.88,290.56,436.79,208.17,101.1,3516.28,231.78,130.16,134.46,39.03,54.93,97.85,274.02
20261005,13:17:00,49645.61,44504.91,26108.58,17092.07,123.66,1849.82,450.04,463.75,554.47,109.72,166.35,203.93,91.96,141.68,267.69,121.52,189.81,290.08,3175.22,1680.99,473.15,80.81,243.92,1048.62,385.6,237.88,290.57,436.84,208.14,101.1,3516.92,231.78,130.16,134.49,39.02,54.91,97.85,274.1
20261005,13:17:05,49685.91,44542.49,26113.34,17091.9,123.67,1849.82,449.95,463.75,554.34,109.72,166.36,203.96,91.95,141.47,267.69,121.53,189.81,290.05,3178.26,1683.29,473.19,80.82,243.92,1049.06,385.6,237.78,290.27,436.84,208.25,101.1,3518.45,231.78,130.16,134.48,39.02,54.91,97.85,274.12
20261005,13:17:10,49640.4,44500.82,26104.95,17091.19,123.67,1849.82,449.95,463.83,554.33,109.64,166.37,203.96,91.96,141.48,267.81,121.52,189.81,290.05,3174.92,1680.78,473.26,80.8,243.92,1048.42,385.57,237.78,290.57,436.76,208.28,101.1,3516.03,231.78,130.16,134.48,39.02,54.91,97.85,273.84
20261005,13:17:15,49678.04,44534.52,26113.33,17090.89,123.67,1849.82,449.95,463.84,554.67,109.64,166.36,203.96,91.96,141.48,267.69,121.64,189.81,290.05,3177.64,1683.3,473.0,80.84,243.5,1047.76,385.5,237.78,290.57,436.77,208.06,101.1,3518.73,231.78,130.16,134.48,39.02,54.91,97.85,273.84
20261005,13:17:20,49642.12,44499.68,26113.73,17091.85,123.54,1849.82,449.95,463.84,554.67,109.63,166.36,203.93,91.96,141.48,267.69,121.64,189.81,290.08,3174.81,1680.85,473.17,80.8,243.5,1048.46,385.48,237.78,290.58,436.76,208.21,101.1,3518.59,231.78,130.16,134.48,39.02,54.91,97.85,273.82
20261005,13:17:25,49636.74,44494.37,26113.79,17091.71,123.67,1849.82,449.95,463.83,554.78,109.63,166.36,203.93,91.96,141.48,267.69,121.52,189.81,290.08,3174.38,1680.78,473.29,80.8,243.62,1047.82,385.48,237.78,290.27,436.76,208.2,101.1,3518.65,231.78,130.15,134.48,39.02,54.92,97.85,273.81
20261005,13:17:30,49639.68,44497.72,26113.61,17093.12,123.54,1850.19,450.03,463.83,554.81,109.63,166.36,203.94,91.96,141.48,267.69,121.64,189.81,290.08,3174.62,1680.74,473.19,80.8,243.62,1048.2,385.54,237.78,290.58,436.78,208.16,101.1,3518.21,231.78,130.27,134.48,39.02,54.92,97.85,273.66
20261005,13:17:35,49642.87,44500.81,26113.58,17093.04,123.54,1850.19,449.94,463.83,554.88,109.71,166.37,203.94,91.97,141.48,267.67,121.64,189.81,290.08,3174.87,1680.84,473.01,80.8,243.86,1048.46,385.49,237.78,290.57,436.76,208.17,101.1,3518.22,231.78,130.27,134.46,39.02,54.92,97.85,273.71
20261005,13:17:40,49644.16,44502.05,26112.09,17091.27,123.67,1850.19,450.02,463.83,554.94,109.63,166.13,203.87,91.79,141.27,267.67,121.64,189.99,290.05,3175.01,1680.9,473.29,80.8,243.86,1048.35,385.49,237.78,290.57,436.76,208.16,101.1,3518.24,231.77,130.27,134.46,39.02,54.93,97.85,273.73
20261005,13:17:45,49678.92,44535.75,26112.46,17091.11,123.53,1850.19,450.02,463.7,554.94,109.71,166.15,203.93,91.79,141.48,267.67,121.65,189.99,290.05,3177.73,1683.37,473.21,80.83,243.86,1047.66,385.49,237.78,290.25,436.76,208.13,101.1,3518.4,231.77,130.27,134.46,39.02,54.92,97.85,273.73
20261005,13:17:50,49676.16,44533.77,26110.28,17091.0,123.53,1850.19,450.02,463.82,554.94,109.71,166.15,203.93,91.79,141.48,267.67,121.65,189.81,290.04,3177.58,1683.15,473.21,80.8,243.86,1047.61,385.35,237.78,290.57,436.76,208.12,101.1,3517.75,231.77,130.27,134.46,39.02,54.92,97.86,273.73
20261005,13:17:55,49685.73,44543.42,26110.27,17092.05,123.53,1851.61,450.11,463.82,554.94,109.71,166.13,203.87,91.79,141.48,267.67,121.67,189.81,290.04,3178.33,1683.26,473.21,80.8,243.92,1048.99,385.35,237.78,290.56,436.73,208.12,101.1,3517.46,231.77,130.15,134.46,39.02,54.92,97.86,274.05
20261005,13:18:00,49637.34,44495.86,26112.24,17092.95,123.61,1851.24,450.02,463.79,554.94,109.71,166.14,203.9,91.79,141.48,267.67,121.67,189.81,290.04,3174.47,1680.78,473.03,80.8,243.61,1048.34,385.48,237.8,290.26,436.74,208.14,101.1,3517.83,231.77,130.27,134.46,39.02,54.91,97.86,274.13
20261005,13:18:05,49636.94,44496.43,26108.05,17091.34,123.48,1849.94,449.94,463.9,554.94,109.63,166.15,203.91,91.8,141.48,267.67,121.67,189.81,290.04,3174.56,1680.91,473.03,80.8,243.61,1047.78,385.48,237.8,290.55,436.81,208.16,101.1,3516.95,231.77,130.27,134.36,39.02,54.91,97.86,274.04
20261005,13:18:10,49640.84,44500.93,26105.59,17090.86,123.61,1849.94,449.94,463.86,554.91,109.63,166.15,203.91,91.8,141.48,267.67,121.69,189.81,290.01,3174.93,1680.89,473.22,80.79,243.61,1048.52,385.48,237.7,290.56,436.84,208.03,101.1,3516.32,232.1,130.27,134.36,39.02,54.91,97.86,274.01
20261005,13:18:15,49634.9,44493.87,26109.34,17090.92,123.54,1849.84,450.03,463.86,554.93,109.71,166.13,203.87,91.79,141.48,267.55,121.69,189.81,290.01,3174.36,1680.75,473.18,80.76,243.61,1047.7,385.5,237.7,290.56,436.79,208.01,101.1,3517.47,232.1,130.27,134.36,39.02,54.91,97.86,274.01
20261005,13:18:20,49681.46,44539.27,26108.52,17090.1,123.54,1850.17,450.03,463.79,554.81,109.71,166.16,203.92,91.8,141.47,267.55,121.57,189.81,290.06,3178.04,1683.33,473.19,80.78,243.61,1048.43,385.5,237.79,290.56,436.88,208.02,101.1,3517.44,231.77,130.27,134.36,39.02,54.93,97.86,274.04
20261005,13:18:25,49676.26,44534.51,26108.95,17091.6,123.68,1850.11,449.96,463.79,554.81,109.63,166.15,203.92,91.79,141.47,267.55,121.57,189.81,290.28,3177.62,1683.04,473.16,80.78,243.46,1048.9,385.5,237.79,290.24,436.88,208.17,101.1,3517.16,231.77,130.27,134.36,39.02,54.91,97.86,274.06
20261005,13:18:30,49637.71,44498.17,26105.68,17091.94,123.55,1850.11,450.04,463.79,554.88,109.71,166.15,203.93,91.79,141.47,267.55,121.55,189.81,290.26,3174.68,1680.64,473.13,80.78,243.46,1048.98,385.22,237.79,290.55,436.87,208.16,101.09,3516.05,231.77,130.27,134.36,39.02,54.91,97.87,274.01
20261005,13:18:35,49634.67,44492.67,26110.78,17089.32,123.68,1850.11,449.96,463.79,554.95,109.71,166.16,203.97,91.79,141.25,267.55,121.53,189.77,290.27,3174.3,1680.75,473.16,80.78,243.58,1047.57,385.5,237.6,290.56,436.83,208.01,101.09,3518.36,231.77,130.27,134.36,39.02,54.91,97.87,273.76
20261005,13:18:40,49638.24,44496.43,26109.28,17088.54,123.67,1851.48,449.96,463.66,554.95,109.71,166.15,203.92,91.79,141.25,267.43,121.54,189.77,290.28,3174.63,1680.72,473.28,80.74,243.94,1048.43,385.55,237.6,290.25,436.83,208.01,101.09,3518.1,231.77,130.15,134.36,39.02,54.91,97.87,273.74
20261005,13:18:45,49674.77,44531.41,26110.78,17088.21,123.67,1851.54,449.96,463.66,554.72,109.71,166.15,203.92,91.79,141.25,267.43,121.54,189.81,290.27,3177.45,1683.05,473.01,80.77,243.82,1048.32,385.55,237.6,290.24,436.83,208.02,101.09,3518.66,231.77,130.15,134.36,39.02,54.91,97.87,273.82
20261005,13:18:50,49670.77,44530.14,26104.38,17089.62,123.48,1851.54,449.96,463.66,554.65,109.7,166.35,203.95,91.95,141.25,267.43,121.54,189.84,290.27,3177.32,1683.15,472.9,80.76,243.68,1047.57,385.45,237.6,290.55,436.83,207.97,101.09,3516.28,232.1,130.15,134.36,39.02,54.91,97.87,273.8
20261005,13:18:55,49675.7,44534.43,26106.94,17090.85,123.48,1851.54,450.05,463.91,554.72,109.7,166.16,203.95,91.8,141.47,267.43,121.53,189.99,290.27,3177.63,1683.16,473.01,80.8,243.68,1048.31,385.45,237.61,290.4,436.83,208.15,101.09,3516.74,232.1,130.15,134.36,39.02,54.91,97.87,273.8
20261005,13:19:00,49642.36,44498.7,26116.72,17091.25,123.48,1851.91,450.03,463.66,554.37,109.7,166.2,203.98,91.82,141.25,267.43,121.53,189.87,290.27,3174.74,1680.77,473.17,80.79,243.93,1048.37,385.39,237.6,290.45,436.79,208.18,101.09,3519.69,232.1,130.27,134.36,39.02,54.91,97.87,274.03
20261005,13:19:05,49677.71,44536.54,26106.71,17091.09,123.48,1850.49,450.12,463.58,554.32,109.7,166.22,204.05,91.82,141.25,267.43,121.66,189.87,290.27,3177.8,1683.22,473.26,80.76,243.68,1048.27,385.39,237.6,290.45,436.79,208.16,101.09,3516.61,232.1,130.15,134.36,39.02,54.92,97.87,274.05
20261005,13:19:10,49675.59,44533.33,26110.89,17092.1,123.54,1850.56,450.03,463.58,554.32,109.7,166.39,203.97,91.98,141.47,267.43,121.54,189.91,290.29,3177.51,1683.28,473.13,80.78,243.68,1047.81,385.53,237.6,290.19,436.8,208.15,101.09,3517.64,232.17,130.15,134.37,39.02,54.92,97.87,274.05
20261005,13:19:15,49677.69,44535.58,26108.69,17090.24,123.65,1850.56,450.03,463.56,554.25,109.61,166.18,203.98,91.8,141.25,267.43,121.54,189.91,290.29,3177.74,1683.21,473.06,80.76,243.58,1048.43,385.29,237.6,290.49,436.8,208.13,101.09,3517.46,232.17,130.27,134.37,39.02,54.92,97.87,274.06
20261005,13:19:20,49632.82,44491.09,26113.26,17092.9,123.65,1851.97,450.04,463.56,554.59,109.62,166.15,203.95,91.79,141.26,267.43,121.66,189.91,290.31,3174.09,1680.58,473.06,80.75,243.58,1048.26,385.29,237.6,290.19,436.82,208.17,101.09,3518.16,232.17,130.27,134.36,39.02,54.92,97.87,274.06
20261005,13:19:25,49641.91,44499.68,26112.55,17091.19,123.53,1850.55,449.96,463.54,554.55,109.62,166.16,203.97,91.79,141.26,267.43,121.66,189.91,290.31,3174.82,1680.92,473.16,80.75,243.56,1048.46,385.29,237.59,290.49,436.79,208.17,101.09,3518.4,232.17,130.26,134.36,39.02,54.92,97.87,274.04
20261005,13:19:30,49637.41,44494.69,26113.54,17090.27,123.65,1851.97,449.96,463.55,554.56,109.69,166.15,203.96,91.79,141.25,267.43,121.54,189.91,290.29,3174.44,1680.67,473.14,80.75,243.81,1048.16,385.29,237.59,290.48,436.78,208.17,101.08,3518.96,232.17,130.14,134.34,39.02,54.9,97.87,274.06
20261005,13:19:35,49634.2,44491.47,26113.74,17090.21,123.53,1850.65,450.05,463.55,554.56,109.69,166.14,203.93,91.79,141.25,267.4,121.53,189.91,290.28,3174.19,1680.65,473.16,80.75,243.94,1047.42,385.48,237.59,290.49,436.79,208.25,101.05,3519.04,232.17,130.14,134.34,39.02,54.87,97.87,273.97
20261005,13:19:40,49631.19,44489.51,26111.31,17090.66,123.65,1850.64,450.05,463.67,554.79,109.69,166.15,203.9,91.8,141.25,267.4,121.55,189.91,290.25,3174.02,1680.5,473.09,80.75,243.94,1047.87,385.73,237.73,290.21,436.77,208.12,101.05,3518.16,232.24,130.15,134.31,39.02,54.89,97.87,274.03
20261005,13:19:45,49634.96,44492.03,26117.43,17093.86,123.65,1851.69,450.05,463.63,554.79,109.69,166.14,203.89,91.79,141.25,267.4,121.55,189.91,290.25,3174.14,1680.66,473.19,80.77,243.94,1047.22,385.73,237.73,290.47,436.98,208.27,101.05,3519.2,232.24,130.24,134.31,39.02,54.9,97.85,274.16
20261005,13:19:50,49673.0,44530.24,26111.76,17091.18,123.65,1851.66,449.95,463.6,554.36,109.69,166.15,203.92,91.79,141.25,267.37,121.53,189.91,290.06,3177.29,1683.09,473.18,80.75,243.69,1047.39,385.47,237.8,290.56,436.95,208.29,101.05,3518.16,232.24,130.24,134.3,39.02,54.88,97.85,274.19
20261005,13:19:55,49676.92,44533.5,26114.92,17092.97,123.65,1851.49,450.03,463.6,554.97,109.69,166.15,203.95,91.79,141.25,267.37,121.64,189.91,290.07,3177.51,1683.2,473.04,80.77,243.67,1047.95,385.22,237.81,290.38,436.95,208.15,101.05,3518.66,232.24,130.24,134.31,39.02,54.88,97.85,274.13
20261005,13:20:00,49641.49,44498.81,26115.25,17092.75,123.65,1851.49,450.03,463.62,554.96,109.61,166.13,203.87,91.79,141.47,267.37,121.66,189.91,290.04,3174.72,1680.86,472.93,80.78,243.69,1048.55,385.22,237.72,290.42,436.96,208.16,101.05,3518.82,232.24,130.24,134.3,38.94,54.88,97.85,274.13
20261005,13:20:05,49633.27,44491.16,26110.78,17088.81,123.53,1850.29,449.95,463.49,554.81,109.61,166.13,203.87,91.79,141.47,267.79,121.66,189.91,289.99,3174.19,1680.63,472.97,80.77,243.57,1048.24,385.79,237.72,290.25,437.0,208.17,101.05,3518.49,232.17,130.12,134.28,38.94,54.88,97.84,273.83
20261005,13:20:10,49631.64,44489.48,26109.31,17086.82,123.46,1850.07,449.95,463.49,554.92,109.61,166.13,203.87,91.79,141.47,267.79,121.53,189.87,289.98,3174.11,1680.75,473.18,80.75,243.94,1047.33,385.53,237.72,290.14,437.01,208.04,101.05,3518.58,232.17,130.12,134.28,38.93,54.88,97.84,273.83
20261005,13:20:15,49673.88,44533.07,26103.19,17087.93,123.46,1850.07,450.04,463.49,554.54,109.61,166.13,203.88,91.79,141.47,267.67,121.65,190.01,289.98,3177.59,1683.09,473.08,80.77,243.94,1048.12,385.25,237.47,290.46,437.07,208.08,101.05,3516.36,231.84,130.12,134.1,38.93,54.88,97.84,274.31
20261005,13:20:20,49679.0,44535.43,26111.8,17089.01,123.59,1850.29,450.03,463.76,554.57,109.61,166.14,203.9,91.79,141.47,267.85,121.65,189.87,289.98,3177.76,1683.25,473.01,80.77,243.92,1048.08,385.44,237.47,290.46,437.02,208.04,101.07,3518.76,232.2,130.12,134.12,38.93,54.88,97.84,274.31
20261005,13:20:25,49633.27,44490.81,26112.67,17089.81,123.65,1851.94,449.95,463.62,554.67,109.69,166.14,203.94,91.78,141.47,267.85,121.65,189.88,289.98,3174.14,1680.68,473.02,80.75,243.69,1048.04,385.44,237.25,290.14,437.03,208.02,101.07,3518.82,232.22,130.24,134.02,38.93,54.88,97.85,274.2
20261005,13:20:30,49636.44,44493.17,26113.38,17088.17,123.65,1851.94,449.95,463.55,554.64,109.7,166.14,203.94,91.78,141.26,267.85,121.65,189.92,289.98,3174.37,1680.81,473.05,80.76,243.68,1048.03,385.46,237.25,290.25,437.02,207.98,101.07,3519.48,232.2,130.24,134.02,38.93,54.88,97.85,273.91
20261005,13:20:35,49635.86,44492.89,26113.3,17089.06,123.65,1850.52,449.96,463.63,554.62,109.7,166.13,203.9,91.78,141.47,267.85,121.52,189.92,290.0,3174.33,1680.62,473.16,80.75,243.68,1047.99,385.47,237.5,290.57,436.97,208.16,101.07,3519.21,232.2,130.26,134.02,38.93,54.9,97.85,273.91
20261005,13:20:40,49635.25,44494.14,26107.84,17088.95,123.59,1851.72,449.97,463.63,554.56,109.7,166.11,203.84,91.78,141.47,267.85,121.53,189.92,290.0,3174.43,1680.82,473.0,80.75,243.68,1047.94,385.24,237.5,290.48,436.97,208.16,101.07,3517.54,232.2,130.14,134.0,38.93,54.9,97.85,274.21
20261005,13:20:45,49636.46,44495.84,26105.67,17088.2,123.61,1851.72,449.97,463.62,554.59,109.62,166.11,203.82,91.79,141.47,267.85,121.66,189.89,289.99,3174.59,1680.92,473.15,80.74,243.81,1048.1,385.49,237.5,290.17,437.01,208.01,101.07,3517.06,232.2,130.12,134.01,38.93,54.9,97.85,274.21
20261005,13:20:50,49636.92,44493.72,26112.7,17087.67,123.61,1851.72,449.97,463.63,554.59,109.7,166.11,203.87,91.78,141.47,267.85,121.53,189.85,289.99,3174.43,1680.75,473.15,80.76,243.92,1048.1,385.49,237.5,290.18,437.01,208.02,101.07,3519.41,232.27,130.12,134.05,38.93,54.9,97.85,274.16
20261005,13:20:55,49632.76,44491.94,26105.69,17087.23,123.61,1851.62,449.96,463.42,554.59,109.68,166.1,203.82,91.77,141.47,267.85,121.54,189.78,289.98,3174.3,1680.69,473.22,80.76,243.67,1047.78,385.24,237.5,290.48,437.03,208.03,101.07,3517.34,232.27,130.12,134.02,38.93,54.9,97.85,274.19
20261005,13:21:00,49633.57,44490.41,26109.58,17083.94,123.61,1851.62,449.96,463.5,554.59,109.69,166.1,203.83,91.77,141.47,267.85,121.54,189.78,289.98,3174.25,1680.87,473.16,80.73,243.67,1047.24,385.24,237.5,290.47,436.97,207.75,101.07,3519.44,231.88,130.12,133.99,38.94,54.9,97.85,274.2
20261005,13:21:05,49668.83,44525.54,26107.38,17084.02,123.54,1851.61,450.05,463.42,554.54,109.69,166.14,203.93,91.79,141.47,267.85,121.51,189.75,289.99,3177.08,1683.12,473.24,80.73,243.67,1047.06,385.24,237.49,290.39,436.97,207.73,101.07,3518.73,231.84,130.12,133.98,38.94,54.9,97.85,274.2
20261005,13:21:10,49625.37,44483.91,26105.03,17083.7,123.61,1851.55,450.04,463.34,554.56,109.69,166.1,203.82,91.77,141.47,267.85,121.51,189.75,290.01,3173.73,1680.66,473.2,80.73,243.67,1047.07,385.48,237.49,290.09,436.96,207.72,101.07,3518.09,231.84,130.12,133.98,38.94,54.91,97.85,274.2
20261005,13:21:15,49627.65,44485.55,26107.81,17084.96,123.48,1851.5,450.03,463.34,554.56,109.6,166.09,203.81,91.77,141.68,267.73,121.5,189.83,290.03,3173.84,1680.67,473.32,80.76,243.74,1047.05,385.48,237.49,290.09,436.96,207.87,101.07,3518.61,231.84,130.12,134.0,38.94,54.92,97.85,274.25
20261005,13:21:20,49634.63,44492.18,26109.03,17085.79,123.61,1851.51,450.03,463.34,554.51,109.6,166.1,203.81,91.78,141.47,267.73,121.51,189.83,290.09,3174.35,1680.9,473.34,80.76,243.51,1047.77,385.41,237.51,290.09,436.93,207.86,101.07,3518.77,231.84,130.24,133.98,38.94,54.91,97.85,274.25
20261005,13:21:25,49633.76,44491.36,26109.87,17086.83,123.61,1851.51,450.11,463.34,554.64,109.58,166.12,203.88,91.78,141.47,267.73,121.63,189.77,290.06,3174.26,1680.83,473.31,80.74,243.51,1047.79,385.41,237.51,290.09,436.94,207.79,101.07,3518.75,231.84,130.24,133.98,38.94,54.91,97.83,274.2
20261005,13:21:30,49672.2,44529.0,26107.24,17084.46,123.61,1851.51,449.94,463.24,554.67,109.58,166.11,203.85,91.78,141.48,267.73,121.64,189.72,290.09,3177.35,1683.1,473.34,80.75,243.38,1047.72,385.41,237.51,290.5,436.94,207.78,101.07,3518.57,231.84,130.12,133.95,38.94,54.91,97.83,274.2
20261005,13:21:35,49637.41,44496.02,26105.43,17085.42,123.61,1850.05,450.03,463.24,554.61,109.58,166.13,203.91,91.78,141.48,267.73,121.54,189.72,290.08,3174.67,1680.83,473.51,80.73,243.64,1047.91,385.79,237.51,290.5,436.94,207.87,101.07,3517.74,231.84,130.24,133.95,38.94,54.91,97.83,274.13
20261005,13:21:40,49627.27,44486.02,26105.18,17084.71,123.48,1850.05,450.03,462.98,554.65,109.59,166.13,203.92,91.78,141.47,267.73,121.54,189.72,290.09,3173.88,1680.77,473.53,80.68,243.64,1046.7,385.67,237.48,290.18,437.0,207.92,101.07,3517.86,231.84,130.12,133.95,38.94,54.91,97.83,274.14
20261005,13:21:45,49673.42,44531.98,26103.54,17086.19,123.6,1850.0,450.03,463.24,554.65,109.59,166.14,203.94,91.78,141.47,267.73,121.53,189.8,290.06,3177.55,1683.22,473.32,80.69,243.5,1047.81,385.5,237.48,290.5,437.08,207.9,101.07,3516.95,231.89,130.26,133.95,38.94,54.9,97.83,274.08
20261005,13:21:50,49630.22,44487.47,26106.26,17081.23,123.53,1849.81,449.94,463.24,554.56,109.59,166.13,203.92,91.78,141.47,267.73,121.53,189.79,290.06,3174.08,1680.83,473.44,80.71,243.52,1047.12,385.52,237.48,290.23,437.05,207.71,101.07,3519.14,231.89,130.14,133.95,38.94,54.9,97.83,273.79
20261005,13:21:55,49630.65,44487.08,26112.03,17085.12,123.66,1851.23,450.1,463.47,554.44,109.59,166.11,203.84,91.78,141.47,267.73,121.56,189.79,290.06,3173.95,1680.81,473.37,80.72,243.52,1046.54,385.5,237.48,290.54,437.01,207.92,101.07,3519.89,231.89,130.14,133.95,38.94,54.92,97.83,273.79
20261005,13:22:00,49633.86,44490.38,26109.28,17082.56,123.52,1849.84,450.11,463.54,554.41,109.59,166.11,203.82,91.78,141.47,267.85,121.58,189.79,290.06,3174.28,1680.87,473.3,80.66,243.52,1047.3,385.51,237.48,290.53,436.99,207.72,101.07,3519.72,231.89,130.14,133.95,38.94,54.94,97.83,273.8
20261005,13:22:05,49670.76,44527.63,26105.07,17082.06,123.65,1849.76,450.02,463.54,554.49,109.59,166.1,203.85,91.77,141.26,267.85,121.68,189.79,290.07,3177.3,1683.05,473.4,80.69,243.65,1047.9,385.44,237.48,290.21,437.03,207.73,101.1,3518.54,231.89,130.03,133.95,38.94,54.92,97.83,273.79
20261005,13:22:10,49628.08,44486.17,26104.51,17081.82,123.59,1849.76,450.02,463.54,554.49,109.59,166.12,203.84,91.78,141.26,267.85,121.54,189.79,290.04,3173.96,1680.56,473.32,80.69,243.65,1047.74,385.43,237.47,290.2,436.99,207.73,101.1,3518.44,231.89,130.03,133.95,38.94,54.88,97.92,274.11
20261005,13:22:15,49665.66,44521.03,26110.27,17082.55,123.46,1851.18,450.02,463.54,554.49,109.53,166.13,203.87,91.79,141.47,267.97,121.55,189.75,290.04,3176.75,1683.07,473.13,80.66,243.63,1046.97,385.43,237.47,290.17,437.0,207.75,101.1,3520.04,231.89,130.03,133.95,38.94,54.9,97.94,274.11
20261005,13:22:20,49623.02,44482.61,26101.85,17083.35,123.66,1851.18,450.02,463.76,554.1,109.53,166.14,203.92,91.78,141.26,267.97,121.55,189.9,290.04,3173.64,1680.58,473.24,80.68,243.63,1046.98,386.16,237.38,290.17,437.04,207.87,101.1,3517.19,231.89,130.03,133.95,38.94,54.9,97.94,274.12
20261005,13:22:25,49670.61,44526.31,26109.53,17083.24,123.66,1849.75,450.01,463.69,553.99,109.53,166.1,203.81,91.78,141.47,267.97,121.67,189.75,290.02,3177.16,1683.08,473.32,80.7,243.83,1047.28,385.88,237.47,290.26,437.06,207.87,101.1,3519.62,231.84,130.03,133.95,38.94,54.94,97.94,274.16
20261005,13:22:30,49629.39,44486.52,26107.24,17081.88,123.6,1851.17,450.03,463.69,553.91,109.61,166.1,203.81,91.78,141.47,267.97,121.56,189.9,290.02,3173.99,1680.42,473.14,80.7,243.38,1048.33,385.14,237.46,290.47,437.07,207.74,101.1,3519.27,231.84,130.03,133.96,38.94,54.92,97.94,274.22
20261005,13:22:35,49668.46,44524.08,26108.21,17081.28,123.6,1849.75,450.03,463.46,553.91,109.62,166.11,203.9,91.77,141.26,267.97,121.56,189.79,290.02,3177.03,1683.1,473.13,80.7,243.51,1047.15,385.71,237.62,290.47,437.04,207.87,101.1,3519.74,231.89,130.03,133.96,38.94,54.93,97.94,273.93
20261005,13:22:40,49625.21,44484.25,26101.57,17081.37,123.66,1851.17,450.03,463.46,553.88,109.6,166.11,203.91,91.76,141.26,267.85,121.56,189.79,290.02,3173.82,1680.61,473.2,80.7,243.71,1047.31,385.71,237.62,290.16,437.02,207.86,101.1,3517.64,231.89,130.03,133.96,38.94,54.91,97.85,273.93
20261005,13:22:45,49668.1,44524.28,26108.34,17083.27,123.66,1851.17,450.03,463.64,554.15,109.54,166.13,203.93,91.78,141.47,267.85,121.54,189.79,290.02,3177.0,1682.97,473.12,80.72,243.69,1047.29,385.69,237.62,290.46,437.07,207.9,101.1,3519.24,231.89,129.91,133.96,38.93,54.95,97.94,274.16
20261005,13:22:50,49667.41,44523.08,26109.46,17082.78,123.6,1849.85,450.04,463.76,554.19,109.6,166.11,203.87,91.78,141.27,267.85,121.54,189.93,290.0,3176.91,1682.91,473.13,80.68,243.76,1047.25,385.7,237.53,290.47,437.03,207.92,101.09,3519.72,231.91,130.03,133.96,38.93,54.92,97.94,273.89
20261005,13:22:55,49641.39,44494.75,26118.22,17082.89,123.66,1849.85,449.95,463.84,554.16,109.6,166.09,203.85,91.76,141.27,267.85,121.54,189.79,289.99,3174.63,1680.73,473.13,80.67,243.76,1048.6,385.7,237.52,290.43,436.94,207.93,101.09,3522.43,232.16,130.14,133.96,38.93,54.9,97.94,273.84
20261005,13:23:00,49678.18,44532.8,26111.63,17082.69,123.66,1851.27,449.94,463.84,554.16,109.52,166.11,203.91,91.76,141.27,267.85,121.67,189.8,289.98,3177.7,1683.27,473.31,80.69,243.76,1047.84,385.47,237.5,290.48,436.94,207.75,101.09,3520.42,232.12,130.14,133.96,38.93,54.91,97.94,273.94
20261005,13:23:05,49629.23,44488.82,26101.33,17083.27,123.53,1849.85,450.02,463.97,554.24,109.51,166.1,203.88,91.76,141.27,268.0,121.56,189.77,289.99,3174.14,1680.67,473.22,80.69,243.93,1047.1,385.87,237.5,290.61,436.92,207.89,101.09,3517.05,232.12,130.03,133.97,38.93,54.91,97.94,274.25
20261005,13:23:10,49672.23,44527.33,26113.08,17085.46,123.72,1851.26,450.02,463.84,554.45,109.51,166.1,203.88,91.76,141.27,267.85,121.55,189.8,289.98,3177.19,1683.28,473.17,80.69,243.69,1047.16,385.61,237.49,290.2,436.96,207.92,101.09,3520.12,232.26,130.03,133.97,38.93,54.91,97.94,274.25
20261005,13:23:15,49626.36,44482.98,26113.15,17086.69,123.66,1851.26,450.13,463.97,554.46,109.59,166.11,203.98,91.75,141.27,267.85,121.55,189.8,290.09,3173.59,1680.52,472.88,80.65,243.94,1047.22,385.75,237.5,290.2,437.02,207.89,101.09,3519.81,232.26,130.14,133.97,38.93,54.9,97.94,273.97
20261005,13:23:20,49634.29,44490.16,26113.91,17085.73,123.53,1849.74,450.05,463.97,554.49,109.59,166.12,203.95,91.76,141.48,267.85,121.57,189.8,290.09,3174.19,1680.59,472.92,80.67,243.95,1048.29,385.96,237.5,290.2,436.9,208.05,101.09,3520.31,232.12,130.03,133.96,38.93,54.88,97.94,273.99
20261005,13:23:25,49671.28,44526.74,26111.25,17084.51,123.59,1850.1,450.04,463.97,554.21,109.52,166.11,203.89,91.77,141.48,267.85,121.59,189.82,290.16,3177.17,1683.19,472.91,80.68,243.93,1047.04,385.62,237.52,290.51,436.93,207.9,101.07,3519.81,232.12,130.03,133.9,38.92,54.88,97.94,274.34
20261005,13:23:30,49674.17,44529.38,26109.08,17081.39,123.72,1850.93,450.05,463.83,554.2,109.62,165.9,203.83,91.61,141.27,267.85,121.55,189.8,290.12,3177.45,1683.22,472.93,80.7,243.95,1047.91,385.83,237.52,290.2,436.99,207.84,101.07,3519.98,231.79,130.03,133.92,38.92,54.88,97.95,274.28
20261005,13:23:35,49672.51,44530.01,26103.06,17082.0,123.72,1849.51,450.13,463.89,554.28,109.52,165.89,203.86,91.6,141.28,267.85,121.57,189.8,290.14,3177.49,1683.09,473.09,80.69,243.93,1047.87,386.02,237.47,290.51,436.99,207.89,101.07,3517.93,231.79,130.02,133.93,38.92,54.88,97.95,274.28
20261005,13:23:40,49669.33,44526.72,26103.5,17081.86,123.59,1849.61,450.05,463.89,554.27,109.6,165.89,203.86,91.6,141.28,267.85,121.69,189.8,290.12,3177.23,1683.08,473.08,80.69,243.76,1047.81,386.01,237.46,290.19,436.98,207.84,101.07,3518.11,231.91,130.02,133.93,38.92,54.88,97.95,274.33
20261005,13:23:45,49628.44,44485.35,26110.08,17084.3,123.72,1851.03,450.14,463.89,554.26,109.53,165.91,203.94,91.6,141.28,267.88,121.67,189.8,290.1,3173.83,1680.42,473.18,80.69,243.39,1047.83,385.56,237.32,290.5,437.0,208.02,101.11,3519.5,231.91,130.02,134.01,38.92,54.88,97.93,273.96
20261005,13:23:50,49625.46,44484.12,26104.93,17084.01,123.72,1851.03,450.14,463.81,554.37,109.54,165.89,203.91,91.58,141.26,267.88,121.55,189.91,290.13,3173.74,1680.51,473.28,80.71,243.54,1046.91,386.05,237.32,290.6,437.09,207.89,101.11,3517.97,232.17,130.02,134.02,38.92,54.9,97.93,274.26
20261005,13:23:55,49623.92,44479.72,26111.13,17081.4,123.59,1850.99,450.13,463.81,554.25,109.52,165.88,203.92,91.58,141.27,267.88,121.67,189.87,290.1,3173.45,1680.63,473.2,80.69,243.81,1046.14,386.07,237.34,290.29,437.09,207.86,101.11,3520.62,232.17,129.9,134.02,38.9,54.92,97.93,273.87
20261005,13:24:00,49630.55,44487.58,26110.0,17084.83,123.71,1850.99,450.11,463.81,554.47,109.53,165.9,203.92,91.59,141.28,267.76,121.67,189.73,290.09,3174.0,1680.7,473.13,80.67,243.82,1046.92,386.07,237.34,290.6,437.08,208.02,101.11,3519.33,232.17,130.02,133.99,38.9,54.92,97.93,273.9
20261005,13:24:05,49668.35,44524.57,26107.04,17081.92,123.51,1849.55,450.1,463.44,554.23,109.61,166.11,203.93,91.76,141.28,267.76,121.68,189.85,290.13,3177.05,1683.13,473.25,80.69,243.27,1047.05,385.8,237.35,290.58,437.16,207.83,101.08,3519.2,231.84,129.9,133.96,38.9,54.92,97.93,273.93
20261005,13:24:10,49662.01,44518.55,26111.39,17087.47,123.7,1851.08,450.03,463.9,554.52,109.61,166.29,203.9,91.91,141.06,267.76,121.55,189.81,290.14,3176.43,1682.82,473.2,80.64,243.57,1046.83,386.07,237.35,290.22,437.01,208.08,101.11,3519.05,232.17,129.9,133.96,38.9,54.89,97.93,273.96
20261005,13:24:15,49665.25,44519.78,26114.12,17084.17,123.7,1850.02,450.11,463.98,554.43,109.51,166.09,203.81,91.76,141.07,267.76,121.7,189.81,290.0,3176.61,1682.93,472.94,80.64,243.55,1046.86,385.79,237.35,290.54,436.97,207.93,101.11,3520.8,232.18,129.9,133.97,38.9,54.92,97.93,273.92
20261005,13:24:20,49676.15,44528.85,26117.55,17082.91,123.57,1850.97,450.1,463.85,554.4,109.51,166.11,203.88,91.77,141.28,267.76,121.67,189.81,290.03,3177.37,1683.2,473.07,80.64,243.72,1047.53,385.8,237.34,290.53,436.99,207.75,101.11,3522.21,232.11,129.9,133.91,38.9,54.87,97.91,274.24
20261005,13:24:25,49625.53,44486.76,26095.73,17082.02,123.7,1851.23,450.03,463.7,554.28,109.52,166.12,203.91,91.77,141.07,267.96,121.7,189.94,289.99,3174.0,1680.69,473.14,80.64,243.83,1047.49,386.16,237.48,290.18,436.79,207.82,101.11,3515.64,232.13,129.9,133.91,38.9,54.88,97.89,273.99
20261005,13:24:30,49670.9,44526.32,26112.67,17085.94,123.7,1849.86,450.2,464.12,554.58,109.59,166.09,203.87,91.76,141.28,267.76,121.7,189.8,290.1,3177.1,1683.07,473.27,80.65,243.94,1046.89,385.28,237.38,290.58,436.88,207.78,101.11,3519.87,232.27,130.02,133.92,38.9,54.86,97.89,274.21
20261005,13:24:35,49664.1,44522.44,26105.12,17086.46,123.7,1849.86,450.12,463.88,554.6,109.61,166.09,203.88,91.75,141.28,267.52,121.68,189.8,290.11,3176.77,1683.02,473.37,80.65,243.63,1046.31,385.71,237.48,290.63,436.81,207.78,101.11,3517.36,232.27,130.13,133.95,38.94,54.88,97.89,274.32
20261005,13:24:40,49623.05,44483.36,26100.65,17084.38,123.7,1851.64,450.03,463.88,554.55,109.53,166.08,203.82,91.76,141.07,267.52,121.67,189.8,290.08,3173.67,1680.58,473.36,80.68,243.61,1047.04,386.01,237.49,290.12,436.89,207.73,101.09,3516.53,232.27,130.02,133.92,38.94,54.88,97.93,274.34
20261005,13:24:45,49636.05,44490.96,26115.92,17084.99,123.71,1851.64,450.03,463.88,554.82,109.61,166.1,203.86,91.77,141.06,267.52,121.56,189.8,290.06,3174.27,1680.77,473.19,80.65,243.83,1047.44,386.04,237.39,290.49,436.75,207.77,101.11,3521.14,232.24,130.02,133.92,38.94,54.88,97.93,274.33
20261005,13:24:50,49628.56,44486.54,26105.73,17082.91,123.71,1851.87,450.02,464.01,554.54,109.6,166.12,203.91,91.77,141.06,267.52,121.55,189.8,290.09,3173.96,1680.51,473.3,80.64,243.82,1047.81,386.04,237.39,290.18,436.77,207.63,101.11,3518.52,232.1,130.02,133.93,38.94,54.88,97.93,274.3
20261005,13:24:55,49666.72,44525.05,26105.76,17087.39,123.58,1851.49,450.11,463.93,554.73,109.6,166.11,203.9,91.77,141.26,267.4,121.67,189.8,290.1,3176.96,1683.06,473.18,80.65,243.7,1046.99,385.45,237.4,290.49,436.81,207.91,101.15,3517.31,232.24,130.02,133.98,38.94,54.86,97.93,274.24
20261005,13:25:00,49668.34,44523.55,26111.98,17084.25,123.7,1851.72,450.04,463.43,554.67,109.6,166.12,203.92,91.77,141.05,267.4,121.57,189.8,290.1,3176.91,1682.75,473.12,80.63,243.8,1047.89,385.78,237.01,290.44,436.81,207.8,101.14,3520.11,231.97,130.02,133.96,38.94,54.88,97.93,274.24
20261005,13:25:05,49666.41,44521.67,26111.98,17084.25,123.7,1851.72,450.04,463.43,554.67,109.6,166.12,203.92,91.77,141.05,267.4,121.57,189.8,290.1,3176.76,1682.63,473.12,80.63,243.8,1047.89,385.78,237.01,290.44,436.81,207.8,101.14,3520.11,231.97,130.02,133.96,38.94,54.88,97.93,274.24
20261005,13:25:10,49666.41,44521.67,26111.98,17084.25,123.7,1851.72,450.04,463.43,554.67,109.6,166.12,203.92,91.77,141.05,267.4,121.57,189.8,290.1,3176.76,1682.63,473.12,80.63,243.8,1047.89,385.78,237.01,290.44,436.81,207.8,101.14,3520.11,231.97,130.02,133.96,38.94,54.88,97.93,274.24
20261005,13:25:15,49666.41,44521.67,26111.98,17084.25,123.7,1851.72,450.04,463.43,554.67,109.6,166.12,203.92,91.77,141.05,267.4,121.57,189.8,290.1,3176.76,1682.63,473.12,80.63,243.8,1047.89,385.78,237.01,290.44,436.81,207.8,101.14,3520.11,231.97,130.02,133.96,38.94,54.88,97.93,274.24
20261005,13:25:20,49666.41,44521.67,26111.98,17084.25,123.7,1851.72,450.04,463.43,554.67,109.6,166.12,203.92,91.77,141.05,267.4,121.57,189.8,290.1,3176.76,1682.63,473.12,80.63,243.8,1047.89,385.78,237.01,290.44,436.81,207.8,101.14,3520.11,231.97,130.02,133.96,38.94,54.88,97.93,274.24
20261005,13:25:25,49666.41,44521.67,26111.98,17084.25,123.7,1851.72,450.04,463.43,554.67,109.6,166.12,203.92,91.77,141.05,267.4,121.57,189.8,290.1,3176.76,1682.63,473.12,80.63,243.8,1047.89,385.78,237.01,290.44,436.81,207.8,101.14,3520.11,231.97,130.02,133.96,38.94,54.88,97.93,274.24
20261005,13:25:30,49666.41,44521.67,26111.98,17084.25,123.7,1851.72,450.04,463.43,554.67,109.6,166.12,203.92,91.77,141.05,267.4,121.57,189.8,290.1,3176.76,1682.63,473.12,80.63,243.8,1047.89,385.78,237.01,290.44,436.81,207.8,101.14,3520.11,231.97,130.02,133.96,38.94,54.88,97.93,274.24
20261005,13:25:35,49666.41,44521.67,26111.98,17084.25,123.7,1851.72,450.04,463.43,554.67,109.6,166.12,203.92,91.77,141.05,267.4,121.57,189.8,290.1,3176.76,1682.63,473.12,80.63,243.8,1047.89,385.78,237.01,290.44,436.81,207.8,101.14,3520.11,231.97,130.02,133.96,38.94,54.88,97.93,274.24
20261005,13:25:40,49666.41,44521.67,26111.98,17084.25,123.7,1851.72,450.04,463.43,554.67,109.6,166.12,203.92,91.77,141.05,267.4,121.57,189.8,290.1,3176.76,1682.63,473.12,80.63,243.8,1047.89,385.78,237.01,290.44,436.81,207.8,101.14,3520.11,231.97,130.02,133.96,38.94,54.88,97.93,274.24
20261005,13:25:45,49666.41,44521.67,26111.98,17084.25,123.7,1851.72,450.04,463.43,554.67,109.6,166.12,203.92,91.77,141.05,267.4,121.57,189.8,290.1,3176.76,1682.63,473.12,80.63,243.8,1047.89,385.78,237.01,290.44,436.81,207.8,101.14,3520.11,231.97,130.02,133.96,38.94,54.88,97.93,274.24
20261005,13:25:50,49666.41,44521.67,26111.98,17084.25,123.7,1851.72,450.04,463.43,554.67,109.6,166.12,203.92,91.77,141.05,267.4,121.57,189.8,290.1,3176.76,1682.63,473.12,80.63,243.8,1047.89,385.78,237.01,290.44,436.81,207.8,101.14,3520.11,231.97,130.02,133.96,38.94,54.88,97.93,274.24
20261005,13:25:55,49666.41,44521.67,26111.98,17084.25,123.7,1851.72,450.04,463.43,554.67,109.6,166.12,203.92,91.77,141.05,267.4,121.57,189.8,290.1,3176.76,1682.63,473.12,80.63,243.8,1047.89,385.78,237.01,290.44,436.81,207.8,101.14,3520.11,231.97,130.02,133.96,38.94,54.88,97.93,274.24
20261005,13:26:00,49666.41,44521.67,26111.98,17084.25,123.7,1851.72,450.04,463.43,554.67,109.6,166.12,203.92,91.77,141.05,267.4,121.57,189.8,290.1,3176.76,1682.63,473.12,80.63,243.8,1047.89,385.78,237.01,290.44,436.81,207.8,101.14,3520.11,231.97,130.02,133.96,38.94,54.88,97.93,274.24
20261005,13:26:05,49666.41,44521.67,26111.98,17084.25,123.7,1851.72,450.04,463.43,554.67,109.6,166.12,203.92,91.77,141.05,267.4,121.57,189.8,290.1,3176.76,1682.63,473.12,80.63,243.8,1047.89,385.78,237.01,290.44,436.81,207.8,101.14,3520.11,231.97,130.02,133.96,38.94,54.88,97.93,274.24
20261005,13:26:10,49666.41,44521.67,26111.98,17084.25,123.7,1851.72,450.04,463.43,554.67,109.6,166.12,203.92,91.77,141.05,267.4,121.57,189.8,290.1,3176.76,1682.63,473.12,80.63,243.8,1047.89,385.78,237.01,290.44,436.81,207.8,101.14,3520.11,231.97,130.02,133.96,38.94,54.88,97.93,274.24
20261005,13:26:15,49666.41,44521.67,26111.98,17084.25,123.7,1851.72,450.04,463.43,554.67,109.6,166.12,203.92,91.77,141.05,267.4,121.57,189.8,290.1,3176.76,1682.63,473.12,80.63,243.8,1047.89,385.78,237.01,290.44,436.81,207.8,101.14,3520.11,231.97,130.02,133.96,38.94,54.88,97.93,274.24
20261005,13:26:20,49666.41,44521.67,26111.98,17084.25,123.7,1851.72,450.04,463.43,554.67,109.6,166.12,203.92,91.77,141.05,267.4,121.57,189.8,290.1,3176.76,1682.63,473.12,80.63,243.8,1047.89,385.78,237.01,290.44,436.81,207.8,101.14,3520.11,231.97,130.02,133.96,38.94,54.88,97.93,274.24
20261005,13:26:25,49666.41,44521.67,26111.98,17084.25,123.7,1851.72,450.04,463.43,554.67,109.6,166.12,203.92,91.77,141.05,267.4,121.57,189.8,290.1,3176.76,1682.63,473.12,80.63,243.8,1047.89,385.78,237.01,290.44,436.81,207.8,101.14,3520.11,231.97,130.02,133.96,38.94,54.88,97.93,274.24
20261005,13:26:30,49666.41,44521.67,26111.98,17084.25,123.7,1851.72,450.04,463.43,554.67,109.6,166.12,203.92,91.77,141.05,267.4,121.57,189.8,290.1,3176.76,1682.63,473.12,80.63,243.8,1047.89,385.78,237.01,290.44,436.81,207.8,101.14,3520.11,231.97,130.02,133.96,38.94,54.88,97.93,274.24
20261005,13:26:35,49666.41,44521.67,26111.98,17084.25,123.7,1851.72,450.04,463.43,554.67,109.6,166.12,203.92,91.77,141.05,267.4,121.57,189.8,290.1,3176.76,1682.63,473.12,80.63,243.8,1047.89,385.78,237.01,290.44,436.81,207.8,101.14,3520.11,231.97,130.02,133.96,38.94,54.88,97.93,274.24
20261005,13:26:40,49666.41,44521.67,26111.98,17084.25,123.7,1851.72,450.04,463.43,554.67,109.6,166.12,203.92,91.77,141.05,267.4,121.57,189.8,290.1,3176.76,1682.63,473.12,80.63,243.8,1047.89,385.78,237.01,290.44,436.81,207.8,101.14,3520.11,231.97,130.02,133.96,38.94,54.88,97.93,274.24
20261005,13:26:45,49666.41,44521.67,26111.98,17084.25,123.7,1851.72,450.04,463.43,554.67,109.6,166.12,203.92,91.77,141.05,267.4,121.57,189.8,290.1,3176.76,1682.63,473.12,80.63,243.8,1047.89,385.78,237.01,290.44,436.81,207.8,101.14,3520.11,231.97,130.02,133.96,38.94,54.88,97.93,274.24
20261005,13:26:50,49666.41,44521.67,26111.98,17084.25,123.7,1851.72,450.04,463.43,554.67,109.6,166.12,203.92,91.77,141.05,267.4,121.57,189.8,290.1,3176.76,1682.63,473.12,80.63,243.8,1047.89,385.78,237.01,290.44,436.81,207.8,101.14,3520.11,231.97,130.02,133.96,38.94,54.88,97.93,274.24
20261005,13:26:55,49666.41,44521.67,26111.98,17084.25,123.7,1851.72,450.04,463.43,554.67,109.6,166.12,203.92,91.77,141.05,267.4,121.57,189.8,290.1,3176.76,1682.63,473.12,80.63,243.8,1047.89,385.78,237.01,290.44,436.81,207.8,101.14,3520.11,231.97,130.02,133.96,38.94,54.88,97.93,274.24
20261005,13:27:00,49666.41,44521.67,26111.98,17084.25,123.7,1851.72,450.04,463.43,554.67,109.6,166.12,203.92,91.77,141.05,267.4,121.57,189.8,290.1,3176.76,1682.63,473.12,80.63,243.8,1047.89,385.78,237.01,290.44,436.81,207.8,101.14,3520.11,231.97,130.02,133.96,38.94,54.88,97.93,274.24
20261005,13:27:05,49666.41,44521.67,26111.98,17084.25,123.7,1851.72,450.04,463.43,554.67,109.6,166.12,203.92,91.77,141.05,267.4,121.57,189.8,290.1,3176.76,1682.63,473.12,80.63,243.8,1047.89,385.78,237.01,290.44,436.81,207.8,101.14,3520.11,231.97,130.02,133.96,38.94,54.88,97.93,274.24
20261005,13:27:10,49666.41,44521.67,26111.98,17084.25,123.7,1851.72,450.04,463.43,554.67,109.6,166.12,203.92,91.77,141.05,267.4,121.57,189.8,290.1,3176.76,1682.63,473.12,80.63,243.8,1047.89,385.78,237.01,290.44,436.81,207.8,101.14,3520.11,231.97,130.02,133.96,38.94,54.88,97.93,274.24
20261005,13:27:15,49666.41,44521.67,26111.98,17084.25,123.7,1851.72,450.04,463.43,554.67,109.6,166.12,203.92,91.77,141.05,267.4,121.57,189.8,290.1,3176.76,1682.63,473.12,80.63,243.8,1047.89,385.78,237.01,290.44,436.81,207.8,101.14,3520.11,231.97,130.02,133.96,38.94,54.88,97.93,274.24
20261005,13:27:20,49666.41,44521.67,26111.98,17084.25,123.7,1851.72,450.04,463.43,554.67,109.6,166.12,203.92,91.77,141.05,267.4,121.57,189.8,290.1,3176.76,1682.63,473.12,80.63,243.8,1047.89,385.78,237.01,290.44,436.81,207.8,101.14,3520.11,231.97,130.02,133.96,38.94,54.88,97.93,274.24
20261005,13:27:25,49666.41,44521.67,26111.98,17084.25,123.7,1851.72,450.04,463.43,554.67,109.6,166.12,203.92,91.77,141.05,267.4,121.57,189.8,290.1,3176.76,1682.63,473.12,80.63,243.8,1047.89,385.78,237.01,290.44,436.81,207.8,101.14,3520.11,231.97,130.02,133.96,38.94,54.88,97.93,274.24
20261005,13:27:30,49666.41,44521.67,26111.98,17084.25,123.7,1851.72,450.04,463.43,554.67,109.6,166.12,203.92,91.77,141.05,267.4,121.57,189.8,290.1,3176.76,1682.63,473.12,80.63,243.8,1047.89,385.78,237.01,290.44,436.81,207.8,101.14,3520.11,231.97,130.02,133.96,38.94,54.88,97.93,274.24
20261005,13:27:35,49666.41,44521.67,26111.98,17084.25,123.7,1851.72,450.04,463.43,554.67,109.6,166.12,203.92,91.77,141.05,267.4,121.57,189.8,290.1,3176.76,1682.63,473.12,80.63,243.8,1047.89,385.78,237.01,290.44,436.81,207.8,101.14,3520.11,231.97,130.02,133.96,38.94,54.88,97.93,274.24
20261005,13:27:40,49666.41,44521.67,26111.98,17084.25,123.7,1851.72,450.04,463.43,554.67,109.6,166.12,203.92,91.77,141.05,267.4,121.57,189.8,290.1,3176.76,1682.63,473.12,80.63,243.8,1047.89,385.78,237.01,290.44,436.81,207.8,101.14,3520.11,231.97,130.02,133.96,38.94,54.88,97.93,274.24
20261005,13:27:45,49666.41,44521.67,26111.98,17084.25,123.7,1851.72,450.04,463.43,554.67,109.6,166.12,203.92,91.77,141.05,267.4,121.57,189.8,290.1,3176.76,1682.63,473.12,80.63,243.8,1047.89,385.78,237.01,290.44,436.81,207.8,101.14,3520.11,231.97,130.02,133.96,38.94,54.88,97.93,274.24
20261005,13:27:50,49666.41,44521.67,26111.98,17084.25,123.7,1851.72,450.04,463.43,554.67,109.6,166.12,203.92,91.77,141.05,267.4,121.57,189.8,290.1,3176.76,1682.63,473.12,80.63,243.8,1047.89,385.78,237.01,290.44,436.81,207.8,101.14,3520.11,231.97,130.02,133.96,38.94,54.88,97.93,274.24
20261005,13:27:55,49666.41,44521.67,26111.98,17084.25,123.7,1851.72,450.04,463.43,554.67,109.6,166.12,203.92,91.77,141.05,267.4,121.57,189.8,290.1,3176.76,1682.63,473.12,80.63,243.8,1047.89,385.78,237.01,290.44,436.81,207.8,101.14,3520.11,231.97,130.02,133.96,38.94,54.88,97.93,274.24
20261005,13:28:00,49666.41,44521.67,26111.98,17084.25,123.7,1851.72,450.04,463.43,554.67,109.6,166.12,203.92,91.77,141.05,267.4,121.57,189.8,290.1,3176.76,1682.63,473.12,80.63,243.8,1047.89,385.78,237.01,290.44,436.81,207.8,101.14,3520.11,231.97,130.02,133.96,38.94,54.88,97.93,274.24
20261005,13:28:05,49666.41,44521.67,26111.98,17084.25,123.7,1851.72,450.04,463.43,554.67,109.6,166.12,203.92,91.77,141.05,267.4,121.57,189.8,290.1,3176.76,1682.63,473.12,80.63,243.8,1047.89,385.78,237.01,290.44,436.81,207.8,101.14,3520.11,231.97,130.02,133.96,38.94,54.88,97.93,274.24
20261005,13:28:10,49666.41,44521.67,26111.98,17084.25,123.7,1851.72,450.04,463.43,554.67,109.6,166.12,203.92,91.77,141.05,267.4,121.57,189.8,290.1,3176.76,1682.63,473.12,80.63,243.8,1047.89,385.78,237.01,290.44,436.81,207.8,101.14,3520.11,231.97,130.02,133.96,38.94,54.88,97.93,274.24
20261005,13:28:15,49666.41,44521.67,26111.98,17084.25,123.7,1851.72,450.04,463.43,554.67,109.6,166.12,203.92,91.77,141.05,267.4,121.57,189.8,290.1,3176.76,1682.63,473.12,80.63,243.8,1047.89,385.78,237.01,290.44,436.81,207.8,101.14,3520.11,231.97,130.02,133.96,38.94,54.88,97.93,274.24
20261005,13:28:20,49666.41,44521.67,26111.98,17084.25,123.7,1851.72,450.04,463.43,554.67,109.6,166.12,203.92,91.77,141.05,267.4,121.57,189.8,290.1,3176.76,1682.63,473.12,80.63,243.8,1047.89,385.78,237.01,290.44,436.81,207.8,101.14,3520.11,231.97,130.02,133.96,38.94,54.88,97.93,274.24
20261005,13:28:25,49666.41,44521.67,26111.98,17084.25,123.7,1851.72,450.04,463.43,554.67,109.6,166.12,203.92,91.77,141.05,267.4,121.57,189.8,290.1,3176.76,1682.63,473.12,80.63,243.8,1047.89,385.78,237.01,290.44,436.81,207.8,101.14,3520.11,231.97,130.02,133.96,38.94,54.88,97.93,274.24
20261005,13:28:30,49666.41,44521.67,26111.98,17084.25,123.7,1851.72,450.04,463.43,554.67,109.6,166.12,203.92,91.77,141.05,267.4,121.57,189.8,290.1,3176.76,1682.63,473.12,80.63,243.8,1047.89,385.78,237.01,290.44,436.81,207.8,101.14,3520.11,231.97,130.02,133.96,38.94,54.88,97.93,274.24
20261005,13:28:35,49666.41,44521.67,26111.98,17084.25,123.7,1851.72,450.04,463.43,554.67,109.6,166.12,203.92,91.77,141.05,267.4,121.57,189.8,290.1,3176.76,1682.63,473.12,80.63,243.8,1047.89,385.78,237.01,290.44,436.81,207.8,101.14,3520.11,231.97,130.02,133.96,38.94,54.88,97.93,274.24
20261005,13:28:40,49666.41,44521.67,26111.98,17084.25,123.7,1851.72,450.04,463.43,554.67,109.6,166.12,203.92,91.77,141.05,267.4,121.57,189.8,290.1,3176.76,1682.63,473.12,80.63,243.8,1047.89,385.78,237.01,290.44,436.81,207.8,101.14,3520.11,231.97,130.02,133.96,38.94,54.88,97.93,274.24
20261005,13:28:45,49666.41,44521.67,26111.98,17084.25,123.7,1851.72,450.04,463.43,554.67,109.6,166.12,203.92,91.77,141.05,267.4,121.57,189.8,290.1,3176.76,1682.63,473.12,80.63,243.8,1047.89,385.78,237.01,290.44,436.81,207.8,101.14,3520.11,231.97,130.02,133.96,38.94,54.88,97.93,274.24
20261005,13:28:50,49666.41,44521.67,26111.98,17084.25,123.7,1851.72,450.04,463.43,554.67,109.6,166.12,203.92,91.77,141.05,267.4,121.57,189.8,290.1,3176.76,1682.63,473.12,80.63,243.8,1047.89,385.78,237.01,290.44,436.81,207.8,101.14,3520.11,231.97,130.02,133.96,38.94,54.88,97.93,274.24
20261005,13:28:55,49666.41,44521.67,26111.98,17084.25,123.7,1851.72,450.04,463.43,554.67,109.6,166.12,203.92,91.77,141.05,267.4,121.57,189.8,290.1,3176.76,1682.63,473.12,80.63,243.8,1047.89,385.78,237.01,290.44,436.81,207.8,101.14,3520.11,231.97,130.02,133.96,38.94,54.88,97.93,274.24
20261005,13:29:00,49666.41,44521.67,26111.98,17084.25,123.7,1851.72,450.04,463.43,554.67,109.6,166.12,203.92,91.77,141.05,267.4,121.57,189.8,290.1,3176.76,1682.63,473.12,80.63,243.8,1047.89,385.78,237.01,290.44,436.81,207.8,101.14,3520.11,231.97,130.02,133.96,38.94,54.88,97.93,274.24
20261005,13:29:05,49666.41,44521.67,26111.98,17084.25,123.7,1851.72,450.04,463.43,554.67,109.6,166.12,203.92,91.77,141.05,267.4,121.57,189.8,290.1,3176.76,1682.63,473.12,80.63,243.8,1047.89,385.78,237.01,290.44,436.81,207.8,101.14,3520.11,231.97,130.02,133.96,38.94,54.88,97.93,274.24
20261005,13:29:10,49666.41,44521.67,26111.98,17084.25,123.7,1851.72,450.04,463.43,554.67,109.6,166.12,203.92,91.77,141.05,267.4,121.57,189.8,290.1,3176.76,1682.63,473.12,80.63,243.8,1047.89,385.78,237.01,290.44,436.81,207.8,101.14,3520.11,231.97,130.02,133.96,38.94,54.88,97.93,274.24
20261005,13:29:15,49666.41,44521.67,26111.98,17084.25,123.7,1851.72,450.04,463.43,554.67,109.6,166.12,203.92,91.77,141.05,267.4,121.57,189.8,290.1,3176.76,1682.63,473.12,80.63,243.8,1047.89,385.78,237.01,290.44,436.81,207.8,101.14,3520.11,231.97,130.02,133.96,38.94,54.88,97.93,274.24
20261005,13:29:20,49666.41,44521.67,26111.98,17084.25,123.7,1851.72,450.04,463.43,554.67,109.6,166.12,203.92,91.77,141.05,267.4,121.57,189.8,290.1,3176.76,1682.63,473.12,80.63,243.8,1047.89,385.78,237.01,290.44,436.81,207.8,101.14,3520.11,231.97,130.02,133.96,38.94,54.88,97.93,274.24
20261005,13:29:25,49666.41,44521.67,26111.98,17084.25,123.7,1851.72,450.04,463.43,554.67,109.6,166.12,203.92,91.77,141.05,267.4,121.57,189.8,290.1,3176.76,1682.63,473.12,80.63,243.8,1047.89,385.78,237.01,290.44,436.81,207.8,101.14,3520.11,231.97,130.02,133.96,38.94,54.88,97.93,274.24
20261005,13:29:30,49666.41,44521.67,26111.98,17084.25,123.7,1851.72,450.04,463.43,554.67,109.6,166.12,203.92,91.77,141.05,267.4,121.57,189.8,290.1,3176.76,1682.63,473.12,80.63,243.8,1047.89,385.78,237.01,290.44,436.81,207.8,101.14,3520.11,231.97,130.02,133.96,38.94,54.88,97.93,274.24
20261005,13:29:35,49666.41,44521.67,26111.98,17084.25,123.7,1851.72,450.04,463.43,554.67,109.6,166.12,203.92,91.77,141.05,267.4,121.57,189.8,290.1,3176.76,1682.63,473.12,80.63,243.8,1047.89,385.78,237.01,290.44,436.81,207.8,101.14,3520.11,231.97,130.02,133.96,38.94,54.88,97.93,274.24
20261005,13:29:40,49666.41,44521.67,26111.98,17084.25,123.7,1851.72,450.04,463.43,554.67,109.6,166.12,203.92,91.77,141.05,267.4,121.57,189.8,290.1,3176.76,1682.63,473.12,80.63,243.8,1047.89,385.78,237.01,290.44,436.81,207.8,101.14,3520.11,231.97,130.02,133.96,38.94,54.88,97.93,274.24
20261005,13:29:45,49666.41,44521.67,26111.98,17084.25,123.7,1851.72,450.04,463.43,554.67,109.6,166.12,203.92,91.77,141.05,267.4,121.57,189.8,290.1,3176.76,1682.63,473.12,80.63,243.8,1047.89,385.78,237.01,290.44,436.81,207.8,101.14,3520.11,231.97,130.02,133.96,38.94,54.88,97.93,274.24
20261005,13:29:50,49666.41,44521.67,26111.98,17084.25,123.7,1851.72,450.04,463.43,554.67,109.6,166.12,203.92,91.77,141.05,267.4,121.57,189.8,290.1,3176.76,1682.63,473.12,80.63,243.8,1047.89,385.78,237.01,290.44,436.81,207.8,101.14,3520.11,231.97,130.02,133.96,38.94,54.88,97.93,274.24
20261005,13:29:55,49666.41,44521.67,26111.98,17084.25,123.7,1851.72,450.04,463.43,554.67,109.6,166.12,203.92,91.77,141.05,267.4,121.57,189.8,290.1,3176.76,1682.63,473.12,80.63,243.8,1047.89,385.78,237.01,290.44,436.81,207.8,101.14,3520.11,231.97,130.02,133.96,38.94,54.88,97.93,274.24
20261005,13:30:00,49712.04,44572.56,26080.56,17069.63,123.35,1849.75,450.03,463.41,553.95,109.3,165.83,203.82,91.56,141.08,267.09,121.62,189.61,289.75,3181.22,1686.25,473.25,80.64,243.71,1047.55,386.0,236.99,290.16,436.57,207.59,101.11,3514.26,231.82,129.74,134.0,38.85,54.89,97.93,274.08
