日期,時間,發行量加權股價指數,未含金融保險股指數,未含電子股指數,未含金融電子股指數,水泥類指數,食品類指數,塑膠類指數,紡織纖維類指數,電機機械類指數,電器電纜類指數,化學生技醫療類指數,化學類指數,生技醫療類指數,玻璃陶瓷類指數,造紙類指數,鋼鐵類指數,橡膠類指數,汽車類指數,電子類指數,半導體類指數,電腦及週邊設備類指數,光電類指數,通信網路類指數,電子零組件類指數,電子通路類指數,資訊服務類指數,其他電子類指數,建材營造類指數,航運類指數,觀光餐旅類指數,金融保險類指數,貿易百貨類指數,油電燃氣類指數,綠能環保類指數,數位雲端類指數,運動休閒類指數,居家生活類指數,其他類指數
20261008,09:00:00,49806.37,44574.73,26805.07,17603.03,125.71,1890.07,490.43,478.34,561.58,112.17,166.32,204.68,91.77,154.6,273.66,121.89,192.47,295.14,3168.56,1677.95,474.1,81.29,242.03,1044.54,386.57,237.28,288.51,441.4,207.93,101.68,3595.85,234.71,139.85,137.24,39.71,55.71,98.46,275.15
20261008,09:00:05,49783.06,44551.94,26815.53,17614.8,125.49,1890.75,492.24,478.24,560.24,112.47,166.44,204.89,91.83,154.6,273.51,121.76,192.49,295.14,3166.43,1678.57,474.15,80.9,241.98,1038.43,386.58,237.28,288.44,441.38,208.22,101.71,3595.92,234.7,139.85,137.42,39.7,55.68,97.99,275.13
20261008,09:00:10,49704.33,44472.38,26815.24,17604.95,125.56,1890.78,491.37,478.23,559.66,112.49,166.78,204.76,92.13,153.54,273.51,121.82,192.66,293.45,3160.26,1677.68,473.16,80.81,241.54,1030.57,385.8,237.12,286.7,441.47,208.3,101.68,3598.5,234.68,139.85,137.29,39.7,55.66,97.98,274.91
20261008,09:00:15,49367.65,44142.63,26816.94,17601.34,125.49,1890.91,490.83,478.25,557.92,112.57,166.81,205.03,92.09,153.66,273.03,121.84,192.82,293.45,3133.77,1659.36,469.71,80.49,240.19,1029.34,384.24,237.12,287.03,441.42,208.41,101.8,3600.01,234.69,140.42,137.29,39.7,55.67,98.3,274.57
20261008,09:00:20,49387.67,44158.7,26814.74,17587.26,125.39,1883.88,490.23,477.6,557.59,112.53,166.5,204.57,91.94,153.69,272.62,121.81,192.72,293.43,3135.41,1661.64,466.93,80.62,239.98,1029.47,383.81,237.98,286.73,441.24,208.43,101.8,3603.14,234.55,140.42,137.26,39.48,55.67,98.3,274.66
20261008,09:00:25,49383.59,44156.0,26810.96,17587.19,125.39,1883.88,490.23,477.83,557.49,112.6,166.51,204.61,91.94,153.48,272.62,121.78,192.82,293.46,3135.19,1662.0,466.64,80.64,239.71,1028.66,383.86,237.98,286.49,441.3,208.44,101.8,3601.98,234.55,140.42,137.13,39.48,55.67,98.3,274.74
20261008,09:00:30,49381.57,44154.23,26813.83,17591.14,125.39,1883.88,490.32,477.78,557.43,112.47,166.75,204.84,92.09,154.12,272.8,121.74,192.9,293.49,3134.95,1661.88,466.57,80.66,239.69,1028.57,383.97,237.95,286.45,441.47,208.52,101.8,3601.81,234.55,140.43,136.87,39.5,55.67,98.3,274.75
20261008,09:00:35,49383.82,44156.11,26810.65,17586.43,125.52,1883.88,489.52,477.78,557.46,112.56,166.76,204.85,92.09,154.33,272.8,121.74,192.94,293.53,3135.22,1662.26,465.85,80.68,239.75,1028.37,384.42,238.33,286.61,441.52,208.52,101.8,3602.09,234.55,140.43,136.87,39.5,55.67,98.3,274.68
20261008,09:00:40,49404.18,44175.11,26841.0,17618.57,125.58,1883.88,493.56,478.17,557.46,112.56,166.77,204.87,92.09,154.76,272.8,121.74,193.09,294.22,3135.98,1662.55,466.05,80.72,239.71,1029.35,385.15,238.33,286.27,441.51,208.52,101.8,3602.85,234.31,140.43,136.87,39.48,55.67,98.28,274.7
20261008,09:00:45,49405.57,44178.13,26835.6,17617.95,125.58,1883.88,493.13,478.22,557.55,112.67,166.79,204.95,92.1,155.6,272.8,121.74,193.15,294.28,3136.24,1662.77,466.26,80.77,239.71,1028.59,385.12,238.19,286.6,441.43,208.54,101.8,3601.33,234.31,140.43,136.87,39.48,55.69,98.28,274.7
20261008,09:00:50,49415.32,44188.08,26828.4,17611.15,125.58,1883.88,492.94,478.33,557.55,112.61,166.76,204.89,92.09,155.82,272.8,121.74,193.19,294.23,3137.2,1663.28,466.58,80.8,239.87,1028.77,385.11,238.33,286.59,441.43,208.51,101.8,3600.93,234.31,139.84,136.87,39.48,55.69,98.28,274.62
20261008,09:00:55,49411.36,44183.84,26833.0,17615.16,125.58,1883.65,493.28,478.34,558.24,112.64,166.7,204.9,92.04,156.21,273.18,121.62,193.09,294.21,3136.76,1662.85,466.76,80.8,239.84,1028.34,385.06,238.39,287.04,441.41,208.51,101.8,3601.28,234.31,139.84,136.87,39.49,55.7,98.28,274.62
20261008,09:01:00,49410.18,44182.93,26827.06,17609.13,125.58,1883.65,492.19,478.27,558.29,112.79,166.74,205.05,92.04,156.69,273.18,121.62,193.2,294.23,3136.83,1662.96,466.71,80.81,239.81,1028.12,385.06,238.27,287.12,441.37,208.51,101.8,3601.06,234.31,139.84,136.97,39.49,55.7,98.28,274.63
20261008,09:01:05,49411.84,44184.16,26817.49,17596.83,125.58,1883.65,490.9,478.16,557.92,112.78,167.12,205.05,92.34,155.63,273.18,121.68,193.35,294.23,3137.23,1663.28,466.83,80.71,239.89,1027.95,385.07,238.45,287.21,441.38,208.5,101.8,3601.41,234.64,139.24,136.8,39.48,55.71,98.28,274.63
20261008,09:01:10,49414.14,44186.64,26818.54,17598.84,125.58,1886.49,490.34,478.18,557.98,112.77,167.12,204.97,92.36,155.22,273.18,121.68,193.37,294.23,3137.38,1663.56,466.96,80.65,239.97,1027.53,385.85,238.45,286.97,441.48,208.53,101.8,3601.19,234.64,139.83,136.84,39.48,55.72,98.28,274.62
20261008,09:01:15,49422.22,44195.24,26813.5,17595.47,125.71,1886.49,489.88,478.15,558.03,112.61,167.14,204.93,92.38,154.79,273.18,121.68,193.42,294.23,3138.15,1663.76,467.09,80.61,239.96,1028.15,386.42,238.45,287.34,441.48,208.52,101.8,3600.53,234.64,139.83,136.84,39.48,55.72,98.28,274.73
20261008,09:01:20,49420.46,44193.14,26812.96,17593.54,125.71,1886.49,489.88,478.13,557.93,112.49,167.0,205.09,92.24,155.2,273.18,121.66,193.51,294.19,3138.03,1663.57,467.28,80.61,239.98,1028.55,386.51,238.45,287.07,441.48,208.51,101.8,3600.89,234.64,139.83,136.84,39.48,55.72,98.28,274.73
20261008,09:01:25,49420.47,44193.13,26816.82,17597.94,125.71,1886.49,490.43,478.34,558.11,112.51,166.94,205.05,92.2,155.64,273.18,121.69,193.42,294.24,3137.93,1663.53,467.17,80.61,240.0,1028.63,386.43,238.53,286.99,441.49,208.48,101.8,3600.9,234.64,139.84,136.61,39.48,55.72,98.26,274.79
20261008,09:01:30,49432.72,44203.77,26823.12,17600.84,125.58,1886.49,490.84,478.41,558.03,112.53,166.95,205.06,92.2,155.64,273.18,121.69,193.42,294.24,3138.71,1663.96,467.34,80.6,239.96,1029.02,386.77,238.49,286.97,441.44,208.51,101.8,3602.08,234.64,139.84,136.62,39.48,55.72,98.26,274.82
20261008,09:01:35,49428.94,44201.07,26815.78,17595.66,125.71,1886.49,490.92,478.26,558.04,112.45,167.0,205.1,92.24,155.42,273.18,121.67,193.45,294.21,3138.62,1663.74,467.3,80.64,240.17,1029.12,386.91,238.5,287.06,441.41,208.39,101.8,3601.19,234.64,139.25,136.61,39.48,55.72,98.26,274.82
20261008,09:01:40,49422.69,44194.36,26824.21,17603.32,125.71,1886.49,491.87,478.42,557.81,112.42,167.04,205.26,92.23,155.2,273.18,121.67,193.94,294.22,3137.9,1663.27,466.82,80.63,240.34,1029.66,386.72,238.24,286.74,441.41,208.45,101.8,3601.75,234.64,139.25,136.61,39.48,55.72,98.26,274.88
20261008,09:01:45,49429.51,44198.95,26836.22,17610.24,125.84,1886.56,492.41,478.47,557.72,112.34,167.37,205.23,92.51,154.8,273.18,121.67,193.98,294.22,3138.1,1663.43,466.88,80.67,240.35,1029.12,386.73,238.2,287.04,441.4,208.41,101.8,3603.62,234.64,139.25,136.65,39.48,55.73,98.26,274.94
20261008,09:01:50,49427.83,44197.18,26819.73,17590.82,125.84,1886.56,490.32,478.47,557.58,112.21,167.18,205.28,92.34,154.38,273.18,121.63,194.02,294.21,3138.42,1663.41,466.63,80.91,240.27,1029.58,386.71,238.44,287.22,441.37,208.37,101.8,3603.74,234.64,139.25,136.65,39.48,55.72,98.26,274.95
20261008,09:01:55,49441.07,44210.22,26826.99,17599.66,125.84,1886.63,491.47,478.32,557.72,112.28,167.21,205.33,92.35,154.59,273.18,121.61,194.08,294.21,3139.26,1663.48,466.83,80.93,240.3,1031.04,386.71,238.44,287.26,441.37,208.31,101.8,3603.6,234.64,139.25,136.65,39.48,55.72,98.26,274.95
20261008,09:02:00,49439.97,44208.68,26828.81,17600.16,125.84,1886.63,491.12,478.29,557.8,112.2,167.2,205.31,92.36,154.59,273.18,121.6,194.06,294.23,3139.13,1663.44,466.6,80.98,240.0,1031.72,386.72,238.01,286.9,441.37,208.13,101.8,3604.04,234.64,139.85,136.63,39.48,55.72,98.26,274.98
20261008,09:02:05,49442.27,44209.24,26839.21,17606.52,125.84,1886.63,491.92,478.47,557.53,112.2,167.23,205.35,92.37,154.99,273.18,121.6,194.17,294.22,3139.02,1663.24,466.84,80.98,240.08,1031.64,387.07,238.01,286.94,441.37,208.18,101.8,3605.56,234.59,139.85,136.63,39.52,55.73,98.26,274.88
20261008,09:02:10,49455.38,44221.12,26848.57,17614.28,125.84,1887.0,493.09,478.53,557.25,112.27,167.22,205.32,92.37,154.77,273.18,121.7,194.16,294.25,3139.79,1663.3,466.94,80.96,239.97,1032.92,387.04,238.14,287.25,441.31,208.16,101.8,3606.38,234.59,139.85,136.46,39.52,55.75,98.27,274.9
20261008,09:02:15,49457.76,44223.76,26853.48,17621.03,125.84,1888.42,492.79,478.78,557.39,112.23,167.01,205.39,92.18,154.77,273.18,121.71,194.21,294.26,3139.84,1663.33,466.84,80.95,239.97,1033.21,386.95,238.15,287.16,441.31,208.17,101.8,3606.08,234.27,141.03,136.46,39.52,55.76,98.27,275.18
20261008,09:02:20,49467.44,44233.19,26861.29,17630.02,125.84,1887.0,494.06,478.73,557.55,112.19,166.98,205.31,92.18,154.77,273.18,121.73,194.25,294.26,3140.38,1663.57,467.38,80.84,239.97,1033.26,386.85,238.13,287.26,441.31,208.18,101.8,3606.08,234.27,141.03,136.46,39.52,55.76,98.27,275.18
20261008,09:02:25,49468.4,44234.82,26854.62,17624.65,125.84,1887.0,493.59,478.76,557.62,112.11,166.98,205.28,92.18,154.96,273.06,121.54,194.25,294.27,3140.64,1663.67,467.62,80.92,239.96,1033.44,386.6,238.14,287.09,441.3,208.18,101.8,3605.46,234.27,141.03,136.46,39.52,55.75,98.27,274.85
20261008,09:02:30,49460.49,44228.24,26850.62,17623.82,125.71,1887.0,494.21,478.68,557.62,112.19,166.99,205.33,92.18,154.96,273.06,121.54,194.25,294.23,3140.13,1663.77,467.78,80.89,239.96,1032.07,386.58,238.12,286.9,441.32,208.14,101.8,3604.43,234.27,140.44,136.46,39.52,55.75,98.27,274.85
20261008,09:02:35,49465.9,44233.46,26845.34,17617.57,125.71,1886.77,493.06,478.55,557.54,112.1,167.16,205.29,92.33,155.17,273.06,121.66,194.18,294.18,3140.7,1664.05,467.66,80.89,240.05,1032.31,386.06,238.13,287.19,441.32,208.14,101.82,3604.48,234.27,140.44,136.5,39.52,55.73,98.27,274.9
20261008,09:02:40,49505.62,44274.89,26839.61,17620.08,125.71,1888.19,493.39,478.51,557.2,112.1,167.18,205.28,92.34,154.96,273.06,121.66,194.21,294.21,3143.98,1666.41,468.07,80.92,240.07,1032.27,386.4,238.11,287.2,440.84,208.19,101.8,3602.01,234.41,140.44,136.5,39.52,55.73,98.27,275.2
20261008,09:02:45,49508.33,44277.11,26834.37,17612.66,125.58,1886.77,493.49,478.43,557.2,112.09,167.13,205.17,92.33,154.96,273.06,121.54,194.16,294.21,3144.34,1666.5,468.09,80.9,240.36,1032.52,386.39,237.97,287.26,440.73,208.16,101.8,3602.38,234.42,139.85,136.5,39.52,55.71,98.27,275.09
20261008,09:02:50,49515.25,44285.85,26832.93,17617.69,125.71,1886.77,493.91,478.3,557.13,112.17,166.93,205.22,92.15,154.96,273.06,121.44,194.14,294.31,3144.92,1666.76,468.1,80.92,240.53,1033.42,386.37,237.97,286.85,440.71,208.13,101.78,3600.57,234.35,140.44,136.6,39.52,55.71,98.27,275.04
20261008,09:02:55,49473.01,44244.07,26835.96,17619.07,125.71,1886.77,493.74,478.31,557.16,112.07,167.12,205.21,92.31,154.52,273.06,121.42,194.12,294.3,3141.52,1664.26,468.23,80.91,240.53,1032.57,386.31,238.12,287.14,440.72,208.28,101.78,3601.14,234.35,140.44,136.6,39.52,55.71,98.27,275.07
20261008,09:03:00,49520.23,44290.64,26837.16,17622.33,125.71,1886.77,493.91,478.36,557.23,112.14,167.14,205.27,92.31,154.1,273.06,121.53,194.1,294.34,3145.2,1666.79,468.17,80.93,240.69,1033.43,386.0,237.98,287.15,440.72,208.39,101.78,3600.63,234.35,140.44,136.6,39.52,55.71,98.27,275.05
20261008,09:03:05,49513.13,44285.65,26820.45,17609.57,125.71,1886.67,492.46,477.96,557.39,112.15,167.12,205.2,92.31,153.84,272.94,121.56,194.12,294.35,3145.1,1666.67,468.14,80.94,240.68,1033.58,385.98,237.99,287.14,440.75,208.21,101.78,3598.87,234.35,140.44,136.6,39.52,55.71,98.27,274.97
20261008,09:03:10,49504.62,44277.83,26812.8,17602.35,125.71,1886.67,491.97,477.88,557.71,112.13,167.14,205.26,92.31,153.42,272.82,121.56,194.08,294.38,3144.64,1666.54,467.93,81.0,240.51,1033.6,385.98,237.85,286.8,440.75,208.24,101.78,3598.45,234.68,139.85,136.6,39.52,55.71,98.27,274.94
20261008,09:03:15,49508.92,44281.87,26810.93,17599.7,125.71,1886.61,491.63,477.73,557.7,111.94,167.13,205.25,92.31,153.84,272.82,121.56,194.1,294.38,3145.03,1666.57,468.05,80.98,240.52,1034.0,385.98,237.85,287.07,440.72,208.24,101.78,3598.58,234.68,139.85,136.6,39.52,55.71,98.27,274.94
20261008,09:03:20,49501.3,44274.55,26800.08,17587.55,125.71,1886.61,490.0,477.5,557.83,111.95,167.15,205.32,92.31,153.63,272.82,121.55,194.02,294.38,3144.74,1666.35,468.15,81.01,240.53,1034.13,385.98,237.85,286.82,440.71,208.23,101.78,3598.49,234.68,139.85,136.63,39.51,55.67,98.27,274.97
20261008,09:03:25,49503.55,44277.95,26796.02,17586.91,125.71,1886.61,489.91,477.86,557.76,111.95,167.13,205.24,92.31,153.84,272.94,121.55,193.98,294.39,3145.03,1666.52,468.06,80.98,240.53,1034.42,386.01,237.86,286.82,440.61,208.23,101.78,3597.39,234.68,139.85,136.64,39.51,55.65,98.27,274.98
20261008,09:03:30,49501.22,44276.51,26789.63,17582.35,125.71,1886.61,489.45,477.63,557.78,111.95,167.12,205.19,92.32,153.84,272.94,121.58,194.01,294.39,3145.02,1666.58,467.98,80.99,240.53,1034.31,385.88,237.86,286.82,440.63,208.18,101.78,3596.63,234.68,139.85,136.61,39.56,55.65,98.27,274.71
20261008,09:03:35,49489.69,44265.91,26792.21,17587.42,125.58,1888.03,490.15,477.76,557.67,111.87,167.11,205.16,92.32,154.05,272.94,121.56,194.01,294.42,3144.04,1666.28,468.15,80.84,240.25,1033.27,385.86,237.86,286.84,440.59,208.17,101.78,3596.06,234.68,139.85,136.61,39.56,55.65,98.27,274.77
20261008,09:03:40,49489.37,44265.64,26791.28,17586.5,125.58,1888.35,490.17,478.18,557.94,111.86,167.12,205.18,92.32,153.84,272.94,121.56,193.99,294.42,3144.04,1666.22,467.87,80.85,240.42,1033.63,385.83,237.86,286.79,440.44,207.95,101.78,3596.02,234.68,139.85,136.65,39.56,55.65,98.27,274.79
20261008,09:03:45,49476.23,44252.64,26788.36,17582.5,125.58,1888.35,489.71,478.21,557.86,111.86,167.13,205.21,92.32,153.63,272.94,121.54,194.02,294.42,3143.09,1666.17,468.13,80.84,240.53,1031.2,385.83,237.86,286.79,440.4,207.96,101.78,3596.2,234.68,139.85,136.6,39.56,55.64,98.27,274.82
20261008,09:03:50,49433.73,44211.32,26788.0,17582.37,125.71,1888.35,489.8,478.73,557.75,111.85,167.14,205.26,92.32,153.84,272.91,121.54,193.8,294.37,3139.77,1663.61,468.21,80.86,240.54,1030.7,385.83,237.86,287.05,440.4,207.77,101.78,3596.12,234.68,139.85,136.72,39.56,55.65,98.27,274.82
20261008,09:03:55,49475.4,44252.78,26787.73,17584.95,125.71,1888.35,490.26,478.86,557.75,111.77,167.14,205.26,92.32,153.63,272.91,121.54,193.77,294.37,3143.05,1666.24,468.1,80.84,240.56,1030.95,385.83,237.86,286.74,440.42,207.73,101.78,3595.33,234.68,139.85,136.72,39.56,55.65,98.27,274.8
20261008,09:04:00,49473.3,44250.26,26785.66,17580.97,125.71,1888.35,489.56,478.94,557.79,111.87,167.16,205.25,92.33,153.84,272.91,121.54,193.95,294.33,3142.94,1666.18,468.12,80.86,240.55,1030.9,385.33,237.86,286.75,440.48,207.73,101.81,3595.77,234.68,139.85,136.76,39.56,55.64,98.27,274.79
20261008,09:04:05,49424.29,44210.7,26756.74,17575.14,125.58,1888.35,490.2,478.6,557.02,111.78,167.17,205.24,92.34,153.65,272.79,121.58,193.83,294.33,3139.89,1663.64,468.0,80.85,240.57,1031.15,385.33,237.9,287.1,440.48,207.58,101.81,3588.32,234.37,139.25,136.76,39.56,55.63,98.27,274.73
20261008,09:04:10,49467.24,44253.76,26756.39,17578.76,125.58,1888.35,490.02,478.72,557.2,111.75,167.14,205.19,92.33,153.86,272.67,121.46,193.92,294.34,3143.27,1666.09,468.14,80.85,240.61,1031.34,385.33,237.9,287.2,440.48,207.58,101.81,3587.23,234.37,139.85,136.87,39.56,55.61,98.27,274.75
20261008,09:04:15,49452.13,44239.76,26757.78,17582.81,125.71,1888.35,490.53,478.72,556.95,111.83,167.17,205.33,92.32,153.89,272.67,121.44,193.96,294.34,3142.05,1665.38,467.93,80.9,240.61,1030.97,385.33,237.9,287.0,440.47,207.62,101.81,3586.56,234.37,139.85,136.87,39.56,55.61,98.27,274.76
20261008,09:04:20,49443.28,44229.93,26759.5,17580.74,125.71,1888.35,490.9,478.8,556.95,111.75,167.19,205.34,92.34,154.1,272.67,121.44,193.92,294.32,3141.3,1664.78,467.83,80.89,240.65,1030.7,384.96,237.91,287.41,440.43,207.58,101.9,3587.66,234.37,139.25,136.87,39.56,55.61,98.26,274.76
20261008,09:04:25,49436.15,44223.74,26762.66,17586.89,125.58,1888.35,491.16,478.54,556.95,111.76,167.2,205.39,92.33,154.1,272.67,121.43,193.84,294.37,3140.66,1664.71,467.66,80.89,240.67,1029.56,384.95,237.91,287.41,440.33,207.62,101.9,3586.98,234.37,139.85,136.87,39.56,55.61,98.26,274.74
20261008,09:04:30,49441.65,44232.83,26756.85,17592.71,125.71,1888.35,491.79,478.63,557.01,111.76,167.22,205.56,92.32,154.52,272.67,121.43,193.77,294.38,3141.25,1665.04,467.66,80.85,240.58,1030.2,384.95,237.91,287.32,440.33,207.61,101.9,3583.59,234.37,139.85,136.88,39.47,55.62,98.26,274.72
20261008,09:04:35,49435.09,44231.51,26743.62,17594.49,125.71,1888.35,492.42,478.43,557.13,111.85,167.24,205.62,92.32,154.52,272.67,121.42,193.92,294.38,3141.1,1665.1,467.65,80.82,240.56,1029.71,384.93,237.92,287.35,440.37,207.71,101.9,3578.97,234.37,139.24,136.88,39.48,55.64,98.26,274.75
20261008,09:04:40,49389.88,44188.32,26740.0,17593.18,125.71,1888.35,492.35,478.29,557.07,111.85,167.22,205.58,92.31,154.52,272.67,121.4,193.89,294.38,3137.65,1662.49,467.59,80.81,240.54,1029.76,385.45,237.91,287.2,440.37,207.72,101.9,3578.2,234.37,139.24,136.87,39.48,55.62,98.26,274.75
20261008,09:04:45,49390.74,44188.73,26740.84,17592.74,125.71,1888.35,492.44,478.14,557.09,111.85,167.2,205.59,92.3,154.73,272.67,121.4,193.88,294.34,3137.7,1662.59,467.59,80.8,240.55,1029.58,385.43,237.95,287.19,440.4,207.59,101.9,3578.58,234.37,139.24,136.91,39.48,55.63,98.26,274.73
20261008,09:04:50,49391.53,44191.7,26736.05,17594.57,125.58,1888.13,492.83,478.15,557.09,111.85,167.21,205.67,92.29,154.52,272.55,121.4,193.94,294.34,3137.89,1662.8,467.44,80.82,240.55,1029.52,385.91,237.93,287.14,440.38,207.59,101.9,3576.59,234.37,139.24,136.9,39.48,55.61,98.26,274.7
20261008,09:04:55,49386.22,44186.65,26727.25,17584.87,125.71,1888.11,491.48,478.07,557.09,111.85,167.21,205.72,92.27,154.53,272.52,121.42,193.82,294.34,3137.72,1662.78,467.44,80.83,240.56,1029.53,386.24,237.93,286.79,440.43,207.58,101.9,3576.47,234.37,139.24,136.8,39.53,55.61,98.26,274.69
20261008,09:05:00,49385.68,44188.21,26720.92,17584.56,125.58,1888.2,491.48,478.05,557.1,111.95,167.2,205.67,92.28,154.52,272.52,121.4,193.79,294.41,3137.85,1662.73,467.58,80.86,240.54,1029.76,386.3,237.93,286.85,440.43,207.57,101.9,3574.58,234.37,139.24,136.8,39.53,55.61,98.26,274.68
20261008,09:05:05,49389.87,44192.45,26722.42,17586.83,125.71,1888.2,491.48,477.99,556.77,111.88,167.17,205.69,92.25,154.31,272.52,121.4,193.61,294.41,3138.14,1662.65,467.43,80.9,240.56,1030.38,386.27,237.93,287.11,440.43,207.56,101.9,3574.43,234.05,139.84,136.8,39.53,55.61,98.26,274.64
20261008,09:05:10,49384.75,44188.0,26715.5,17580.65,125.58,1887.74,491.38,478.4,556.66,111.88,167.19,205.79,92.25,154.1,272.52,121.4,193.58,294.37,3137.93,1662.76,467.59,80.88,240.57,1029.83,386.29,237.93,286.8,440.43,207.56,101.9,3573.94,234.05,139.24,136.8,39.53,55.6,98.26,274.64
20261008,09:05:15,49385.68,44188.9,26723.82,17590.23,125.71,1886.32,492.03,478.35,556.69,111.96,167.2,205.8,92.25,154.09,272.52,121.4,193.58,294.39,3137.77,1662.75,467.64,80.93,240.53,1029.39,386.32,237.92,286.78,440.43,207.56,101.9,3573.94,234.05,139.84,136.8,39.53,55.6,98.26,274.65
20261008,09:05:20,49435.22,44237.82,26721.19,17589.37,125.58,1886.17,492.01,478.21,556.69,111.95,167.23,205.92,92.25,153.88,272.52,121.4,193.56,294.39,3141.73,1665.53,467.64,80.88,240.72,1029.7,386.41,238.12,287.14,440.4,207.56,101.9,3573.36,234.05,139.84,136.7,39.53,55.61,98.26,274.72
20261008,09:05:25,49430.36,44234.54,26717.81,17590.37,125.71,1886.12,491.94,478.37,556.69,111.94,167.19,205.95,92.21,154.09,272.52,121.4,193.5,294.4,3141.45,1665.35,467.47,80.86,240.75,1029.68,386.45,238.12,287.18,440.43,207.68,101.9,3572.03,234.05,139.84,136.73,39.53,55.61,98.26,274.66
20261008,09:05:30,49425.14,44230.58,26711.45,17586.8,125.71,1887.54,491.94,478.63,556.49,111.95,167.17,205.92,92.2,154.52,272.52,121.52,193.59,294.38,3141.21,1665.29,467.14,80.92,240.76,1029.59,386.21,238.12,287.18,440.34,207.68,101.9,3571.01,234.05,139.24,136.7,39.53,55.62,98.26,274.67
20261008,09:05:35,49388.15,44192.39,26728.23,17598.9,125.71,1887.54,493.11,478.55,556.51,111.95,167.16,205.84,92.21,154.1,272.4,121.52,193.51,294.42,3137.84,1662.81,467.16,80.96,240.77,1029.54,386.14,238.12,286.86,440.34,207.55,101.9,3572.97,233.98,139.84,136.7,39.53,55.62,98.26,274.96
20261008,09:05:40,49427.85,44231.26,26724.68,17595.47,125.58,1887.54,493.21,478.48,556.57,112.03,167.17,205.88,92.21,154.31,272.4,121.52,193.54,294.45,3141.06,1665.39,466.86,80.98,240.76,1029.46,386.18,238.12,286.88,440.33,207.55,101.9,3572.8,233.98,139.24,136.71,39.53,55.62,98.26,275.0
20261008,09:05:45,49388.07,44191.81,26725.98,17594.67,125.58,1887.54,493.36,478.38,556.47,111.95,167.17,205.87,92.21,154.31,272.4,121.4,193.47,294.43,3137.9,1662.81,467.03,80.96,240.79,1029.74,386.14,238.12,286.88,440.29,207.55,101.9,3573.42,233.98,139.24,136.69,39.53,55.62,98.26,274.95
20261008,09:05:50,49385.9,44190.12,26722.01,17591.49,125.71,1886.12,492.81,478.46,556.45,111.93,167.16,205.88,92.2,154.52,272.28,121.53,193.47,294.43,3137.84,1662.81,466.86,80.99,240.74,1029.72,386.16,238.1,286.92,440.28,207.56,101.9,3573.04,233.98,139.24,136.69,39.53,55.62,98.26,274.95
20261008,09:05:55,49426.21,44229.92,26723.84,17595.35,125.71,1886.12,492.82,478.21,556.44,111.94,167.17,205.95,92.19,154.52,272.28,121.52,193.6,294.45,3140.95,1665.4,467.15,80.97,240.73,1028.95,386.19,237.96,286.87,440.24,207.55,101.9,3572.56,233.97,139.84,136.68,39.53,55.62,98.26,274.67
20261008,09:06:00,49384.33,44189.47,26717.25,17588.97,125.71,1886.12,492.73,478.41,556.32,111.94,167.14,205.93,92.17,154.31,272.28,121.52,193.67,294.46,3137.85,1662.97,466.98,80.97,240.73,1029.27,385.94,237.96,286.87,440.27,207.53,101.9,3572.24,233.97,139.24,136.61,39.53,55.66,98.26,274.62
20261008,09:06:05,49377.07,44182.18,26717.46,17588.48,125.71,1886.12,492.63,478.61,556.32,111.85,167.12,205.9,92.16,153.46,272.28,121.51,193.71,294.45,3137.27,1662.52,466.92,81.0,240.74,1029.29,385.99,238.1,286.87,440.27,207.65,101.9,3572.44,233.65,139.24,136.61,39.53,55.67,98.26,274.92
20261008,09:06:10,49374.0,44178.62,26712.17,17580.51,125.71,1886.12,492.01,478.61,556.26,111.68,167.1,205.86,92.16,153.67,272.28,121.38,193.67,294.43,3137.18,1662.58,466.95,81.02,240.56,1028.58,385.93,238.08,287.18,440.28,207.62,101.9,3572.95,233.65,139.24,136.61,39.53,55.65,98.27,274.45
20261008,09:06:15,49363.73,44168.61,26717.84,17587.03,125.71,1886.12,492.02,478.61,556.27,111.68,167.11,205.88,92.16,153.67,272.28,121.51,193.75,294.41,3136.21,1662.11,466.82,81.03,240.52,1028.27,385.9,238.08,286.88,440.27,207.58,101.88,3572.95,234.3,139.84,136.6,39.53,55.65,98.27,274.47
20261008,09:06:20,49361.25,44165.97,26723.21,17592.45,125.6,1886.12,492.81,478.28,556.28,111.68,167.12,205.88,92.17,153.46,272.28,121.55,193.75,294.41,3135.87,1661.94,466.83,81.02,240.52,1028.08,385.92,237.94,286.83,440.13,207.62,101.88,3573.16,234.3,139.84,136.6,39.57,55.65,98.27,274.47
20261008,09:06:25,49371.23,44176.01,26719.36,17589.08,125.6,1886.12,492.59,478.28,556.18,111.68,167.13,205.84,92.18,152.82,272.28,121.55,193.69,294.39,3136.76,1661.88,467.49,81.04,241.22,1028.62,385.89,237.97,287.14,440.15,207.62,101.88,3572.87,234.02,139.84,136.6,39.57,55.65,98.27,274.45
20261008,09:06:30,49373.64,44178.36,26720.25,17590.1,125.73,1886.12,492.51,478.28,556.22,111.68,167.15,205.92,92.18,152.61,272.28,121.53,193.69,294.41,3136.92,1661.99,467.81,81.05,241.36,1028.59,385.92,237.97,286.83,440.13,207.73,101.88,3572.87,234.02,139.84,136.6,39.57,55.67,98.27,274.46
20261008,09:06:35,49371.68,44178.09,26709.6,17583.34,125.73,1886.12,492.14,478.79,556.18,111.75,167.1,205.88,92.15,152.82,272.28,121.53,193.66,294.41,3137.06,1662.06,467.88,81.04,241.37,1028.6,385.89,237.97,286.87,440.1,207.78,101.88,3571.38,234.02,139.24,136.57,39.57,55.67,98.27,274.45
20261008,09:06:40,49377.84,44184.47,26708.9,17583.78,125.73,1886.12,492.21,479.09,556.21,111.75,167.1,205.84,92.16,152.61,272.28,121.53,193.62,294.37,3137.57,1662.21,468.05,80.97,241.55,1028.5,385.88,237.97,287.36,440.1,207.78,101.88,3571.04,234.02,139.24,136.57,39.57,55.67,98.27,274.44
20261008,09:06:45,49373.18,44179.98,26715.87,17592.0,125.86,1886.2,492.67,479.34,556.21,111.68,167.09,205.81,92.16,152.61,272.1,121.53,193.59,294.36,3137.01,1661.96,468.05,80.92,241.55,1028.09,385.87,237.97,287.31,440.1,207.77,101.88,3570.98,234.02,139.84,136.57,39.57,55.67,98.27,274.43
20261008,09:06:50,49371.43,44178.21,26716.78,17592.82,125.73,1886.2,492.76,479.29,556.11,111.64,167.1,205.85,92.16,153.24,272.1,121.53,193.59,294.35,3136.85,1662.05,467.89,80.93,241.71,1027.86,385.84,237.97,286.99,440.1,207.77,101.88,3571.05,234.02,139.84,136.57,39.57,55.67,98.27,274.45
20261008,09:06:55,49374.22,44180.56,26712.22,17586.34,125.73,1886.2,492.76,479.37,556.18,111.64,167.11,205.89,92.16,153.24,272.1,121.53,193.66,294.29,3137.19,1662.35,467.91,80.89,241.66,1027.85,385.88,237.97,287.0,440.07,207.59,101.88,3571.38,234.02,139.24,136.57,39.57,55.67,98.27,274.34
20261008,09:07:00,49413.4,44218.79,26717.83,17592.98,125.73,1886.2,492.75,479.37,556.11,111.82,167.13,205.94,92.16,153.46,272.1,121.53,193.38,294.29,3140.11,1664.66,467.91,80.86,241.47,1027.87,385.66,237.97,287.04,440.05,207.76,101.88,3571.33,234.02,139.84,136.55,39.57,55.67,98.27,274.34
20261008,09:07:05,49373.03,44179.19,26714.5,17588.24,125.86,1886.2,491.95,479.32,556.27,111.74,167.13,205.96,92.16,153.46,272.1,121.53,193.6,294.29,3137.04,1662.22,468.01,80.87,241.36,1027.99,385.65,237.97,287.08,440.09,207.76,101.88,3571.57,234.02,139.84,136.53,39.57,55.71,98.27,274.33
20261008,09:07:10,49374.05,44180.27,26721.82,17596.99,125.86,1886.2,492.67,479.32,556.27,111.72,167.54,206.01,92.48,153.67,272.1,121.53,193.6,294.3,3136.91,1662.18,467.88,80.86,241.33,1027.95,385.58,237.97,287.13,440.03,207.64,101.88,3571.49,234.02,139.84,136.52,39.57,55.71,98.27,274.34
20261008,09:07:15,49372.52,44179.22,26715.56,17591.25,125.86,1886.42,491.96,479.34,556.3,111.72,167.55,206.07,92.48,153.46,272.25,121.4,193.62,294.29,3136.97,1662.21,468.15,80.85,241.33,1027.79,385.6,238.11,287.09,440.08,207.64,101.88,3571.09,234.02,139.84,136.52,39.57,55.71,98.27,274.37
20261008,09:07:20,49369.57,44176.95,26717.1,17595.03,125.86,1886.41,492.56,479.01,556.22,111.71,167.52,206.08,92.45,153.25,272.25,121.51,193.65,294.32,3136.69,1662.25,467.76,80.78,241.32,1027.51,385.59,238.11,287.1,440.07,207.64,101.88,3570.55,233.97,139.84,136.5,39.57,55.71,98.27,274.38
20261008,09:07:25,49372.34,44179.91,26712.08,17590.13,125.86,1886.41,491.68,478.93,556.3,111.62,167.7,206.06,92.6,153.29,272.25,121.51,193.65,294.31,3137.05,1662.44,467.67,80.73,241.32,1028.04,385.58,238.11,287.06,440.07,207.64,101.88,3570.31,233.97,139.85,136.4,39.57,55.71,98.27,274.32
20261008,09:07:30,49373.57,44181.73,26706.57,17585.88,125.86,1886.41,491.05,478.93,556.44,111.62,167.72,206.14,92.6,153.08,272.25,121.51,193.62,294.33,3137.3,1662.37,467.88,80.73,241.32,1028.15,385.57,238.11,287.42,440.07,207.65,101.88,3569.74,233.97,139.85,136.38,39.57,55.71,98.27,274.28
20261008,09:07:35,49370.22,44177.74,26707.8,17584.84,125.86,1886.41,491.05,478.93,556.44,111.7,167.55,206.14,92.46,153.08,272.25,121.51,193.62,294.36,3137.0,1662.35,467.73,80.78,241.3,1027.99,385.56,238.11,287.11,440.07,207.68,101.88,3570.41,233.97,139.85,136.39,39.57,55.72,98.27,274.35
20261008,09:07:40,49403.62,44211.09,26704.31,17583.52,125.8,1886.41,490.88,479.01,556.44,111.7,167.54,206.16,92.45,153.09,272.25,121.5,193.62,294.35,3139.72,1664.6,467.72,80.77,241.3,1027.52,385.64,238.1,287.14,440.07,207.68,101.88,3569.67,233.97,139.85,136.41,39.57,55.72,98.26,274.35
20261008,09:07:45,49403.37,44210.73,26698.91,17576.9,125.8,1886.18,490.71,479.08,556.44,111.7,167.55,206.21,92.45,152.88,272.25,121.5,193.59,294.36,3139.85,1664.73,467.75,80.85,241.31,1027.35,385.64,238.1,287.05,440.05,207.64,101.88,3569.78,233.97,139.25,136.41,39.57,55.72,98.26,274.35
20261008,09:07:50,49360.61,44168.62,26690.87,17566.18,125.93,1886.18,489.2,478.93,556.44,111.69,167.59,206.19,92.49,152.67,272.37,121.53,193.51,294.36,3136.71,1662.28,467.74,80.82,241.31,1027.49,385.66,238.1,287.06,440.03,207.63,101.88,3570.18,233.97,139.25,136.4,39.57,55.72,98.26,274.33
20261008,09:07:55,49402.29,44208.83,26681.71,17554.3,125.92,1886.18,487.86,478.8,556.44,111.6,167.58,206.2,92.48,151.82,272.37,121.53,193.36,294.36,3140.24,1664.61,467.73,80.85,241.31,1028.24,385.65,238.1,287.38,440.02,207.6,101.88,3570.54,234.01,139.25,136.39,39.57,55.73,98.26,274.33
20261008,09:08:00,49398.99,44205.48,26682.36,17554.61,125.93,1886.18,487.67,478.87,556.78,111.68,167.57,206.12,92.49,151.81,272.37,121.53,193.41,294.34,3139.96,1664.64,467.72,80.82,241.07,1028.2,385.59,238.1,287.05,440.02,207.63,101.88,3570.66,234.01,139.25,136.39,39.57,55.73,98.26,274.35
20261008,09:08:05,49393.21,44200.39,26680.86,17554.68,125.93,1886.18,488.21,478.8,556.08,111.6,167.53,205.97,92.48,151.61,272.37,121.53,193.44,294.34,3139.55,1664.54,467.63,80.78,241.05,1027.83,385.58,237.85,286.97,439.92,207.62,101.88,3570.17,234.01,139.25,136.32,39.57,55.72,98.26,274.36
20261008,09:08:10,49357.05,44164.98,26683.73,17557.4,125.93,1886.18,488.67,478.46,556.08,111.52,167.52,205.93,92.48,151.6,272.37,121.55,193.44,294.36,3136.63,1662.06,467.94,80.76,241.04,1028.2,385.39,237.84,287.02,439.92,207.64,101.88,3570.33,234.01,139.25,136.31,39.57,55.72,98.26,274.28
20261008,09:08:15,49345.97,44154.3,26681.12,17554.77,125.93,1886.18,488.41,478.46,556.0,111.51,167.48,205.77,92.48,151.59,272.37,121.55,193.4,294.43,3135.84,1661.77,468.07,80.77,241.01,1027.12,385.41,237.84,286.99,439.92,207.64,101.88,3570.23,234.01,139.25,136.31,39.57,55.7,98.26,274.28
20261008,09:08:20,49344.78,44152.47,26681.25,17552.7,125.93,1886.18,488.33,478.44,556.0,111.51,167.47,205.75,92.48,151.58,272.22,121.55,193.42,294.45,3135.74,1661.97,467.96,80.78,241.02,1026.34,385.75,237.84,286.98,439.93,207.49,101.88,3570.83,234.01,139.25,136.31,39.57,55.7,98.26,274.28
20261008,09:08:25,49382.68,44189.63,26675.11,17546.4,125.93,1886.18,488.24,478.35,555.83,111.43,167.48,205.8,92.48,151.79,272.22,121.57,193.39,294.42,3138.88,1664.32,467.96,80.78,241.02,1026.18,385.72,237.82,287.31,439.91,207.45,101.88,3570.63,234.01,138.66,136.3,39.57,55.7,98.26,274.28
20261008,09:08:30,49379.25,44187.35,26672.35,17546.74,125.93,1886.18,488.14,478.35,555.94,111.51,167.49,205.85,92.48,151.79,272.22,121.57,193.39,294.43,3138.69,1664.28,467.98,80.79,241.01,1026.22,385.71,237.82,286.97,439.91,207.49,101.88,3569.67,234.01,138.66,136.29,39.57,55.7,98.26,274.28
20261008,09:08:35,49348.71,44157.49,26680.4,17555.67,125.93,1886.18,488.78,478.33,555.94,111.45,167.49,205.83,92.48,151.79,272.22,121.57,193.42,294.42,3136.07,1662.11,467.98,80.83,241.01,1026.53,385.72,237.82,287.02,439.91,207.45,101.88,3569.76,234.01,139.25,136.39,39.57,55.7,98.26,274.23
20261008,09:08:40,49343.86,44152.5,26683.33,17558.16,125.93,1887.6,488.86,478.41,555.94,111.44,167.47,205.77,92.48,151.79,272.22,121.56,193.42,294.44,3135.61,1661.85,468.0,80.85,241.01,1026.2,385.74,237.82,287.03,439.91,207.59,101.88,3570.0,234.01,139.25,136.39,39.57,55.7,98.26,274.27
20261008,09:08:45,49346.33,44154.9,26679.88,17554.18,125.93,1886.18,489.11,478.32,555.92,111.5,167.5,205.88,92.48,151.58,272.22,121.55,193.46,294.4,3135.9,1661.98,468.0,80.84,241.01,1026.51,385.75,237.83,287.02,439.92,207.55,101.87,3570.0,234.01,138.66,136.39,39.57,55.69,98.26,274.29
20261008,09:08:50,49392.87,44200.02,26684.21,17558.4,125.93,1886.18,489.66,478.3,555.94,111.5,167.5,205.89,92.48,151.79,272.22,121.55,193.46,294.4,3139.43,1664.64,468.1,80.81,241.02,1026.55,385.67,237.83,287.11,439.92,207.54,101.87,3570.21,234.01,138.66,136.35,39.57,55.69,98.26,274.31
20261008,09:08:55,49357.05,44165.11,26686.61,17561.16,125.93,1886.18,489.82,478.3,556.01,111.5,167.54,206.04,92.48,151.79,272.22,121.55,193.46,294.43,3136.55,1662.29,468.09,80.85,240.93,1027.12,385.61,237.84,286.98,439.93,207.63,101.87,3570.21,234.01,138.66,136.35,39.57,55.69,98.26,274.3
20261008,09:09:00,49397.4,44206.14,26681.23,17560.69,125.93,1886.18,489.82,478.43,556.05,111.5,167.53,206.01,92.47,151.79,272.22,121.55,193.61,294.46,3139.87,1664.79,468.16,80.83,240.72,1027.47,385.55,237.55,286.98,439.93,207.56,101.87,3568.66,234.01,138.66,136.35,39.57,55.69,98.26,274.29
20261008,09:09:05,49342.35,44157.36,26663.75,17556.84,125.93,1886.18,489.3,478.45,555.97,111.5,167.55,206.08,92.47,151.58,272.34,121.57,193.6,294.44,3136.03,1662.15,468.04,80.79,240.91,1026.54,385.57,237.55,286.97,439.93,207.56,101.87,3564.24,234.01,138.66,136.34,39.57,55.69,98.26,274.33
20261008,09:09:10,49352.49,44167.0,26667.44,17560.28,125.93,1886.18,490.02,478.43,556.17,111.5,167.53,206.04,92.47,151.37,272.34,121.57,193.52,294.41,3136.73,1662.26,468.54,80.87,240.93,1026.65,385.67,237.54,287.34,439.92,207.4,101.87,3564.46,234.01,138.66,136.26,39.57,55.68,98.26,274.31
20261008,09:09:15,49358.12,44170.92,26678.06,17567.28,125.93,1886.28,490.02,478.43,556.22,111.58,167.57,206.21,92.47,151.37,272.34,121.58,193.52,294.39,3136.87,1662.28,468.45,80.87,240.97,1027.4,385.67,237.51,287.02,439.96,207.54,101.87,3565.88,233.99,139.25,136.26,39.57,55.68,98.26,274.31
20261008,09:09:20,49364.64,44177.1,26675.62,17563.86,125.93,1887.7,490.03,478.41,556.31,111.58,167.61,206.37,92.47,151.37,272.34,121.58,193.52,294.39,3137.45,1662.37,468.52,80.89,240.97,1027.84,385.68,237.51,287.44,439.96,207.54,101.87,3566.05,233.99,138.66,136.26,39.57,55.68,98.26,274.29
20261008,09:09:25,49395.23,44207.4,26674.27,17563.97,125.8,1887.7,490.02,478.73,556.26,111.58,167.63,206.42,92.47,151.58,272.34,121.58,193.49,294.4,3139.89,1664.65,468.61,80.94,240.97,1026.95,385.7,237.51,287.05,439.93,207.52,101.87,3565.6,233.99,138.66,136.22,39.57,55.68,98.26,274.41
20261008,09:09:30,49353.58,44166.85,26667.31,17556.07,125.8,1887.7,489.31,478.73,556.19,111.58,167.47,206.55,92.31,151.58,272.34,121.58,193.35,294.38,3136.82,1662.26,468.66,80.94,240.99,1026.92,385.71,237.51,287.05,439.95,207.48,101.87,3565.57,233.99,138.66,136.22,39.57,55.68,98.26,274.36
20261008,09:09:35,49358.8,44170.53,26672.7,17557.58,125.8,1887.7,489.42,478.73,556.27,111.5,167.51,206.58,92.34,151.79,272.34,121.59,193.35,294.37,3137.08,1662.2,468.72,81.02,240.96,1027.19,385.43,237.51,287.36,439.89,207.48,101.87,3566.84,233.99,138.66,136.21,39.57,55.68,98.26,274.38
20261008,09:09:40,49355.89,44169.4,26666.91,17556.58,125.8,1886.28,489.5,478.65,556.19,111.59,167.52,206.64,92.33,151.58,272.34,121.49,193.35,294.39,3137.01,1662.24,468.65,80.98,240.97,1027.17,385.33,237.52,287.27,439.83,207.48,101.87,3565.3,233.99,138.66,136.19,39.57,55.68,98.26,274.39
20261008,09:09:45,49360.97,44174.37,26668.68,17558.7,125.93,1887.93,489.6,478.65,556.19,111.59,167.53,206.64,92.34,151.58,272.34,121.49,193.38,294.4,3137.36,1662.42,468.68,81.01,240.98,1027.74,385.33,237.52,286.96,439.81,207.51,101.87,3565.28,233.99,138.66,136.19,39.57,55.67,98.26,274.41
20261008,09:09:50,49404.1,44215.99,26671.41,17560.48,125.93,1887.93,489.66,478.66,556.19,111.67,167.6,206.73,92.38,151.57,272.34,121.61,193.38,294.38,3140.67,1664.84,468.71,80.99,240.98,1027.73,385.58,237.52,287.27,439.81,207.46,101.87,3565.65,233.99,138.66,136.18,39.57,55.68,98.26,274.41
20261008,09:09:55,49363.9,44176.82,26668.54,17557.18,125.8,1886.51,489.58,478.59,556.3,111.67,167.38,206.76,92.19,151.78,272.34,121.61,193.35,294.39,3137.59,1662.56,468.64,80.96,240.98,1027.53,385.55,237.52,287.3,439.81,207.46,101.9,3565.65,233.99,138.66,136.18,39.57,55.68,98.26,274.39
20261008,09:10:00,49360.46,44173.31,26669.07,17557.27,125.8,1886.58,489.49,478.36,556.31,111.67,167.41,206.78,92.22,151.78,272.22,121.61,193.49,294.37,3137.31,1662.34,468.54,80.98,240.94,1027.57,385.54,237.5,287.35,439.81,207.5,101.9,3565.79,234.06,138.66,136.22,39.57,55.68,98.26,274.39
20261008,09:10:05,49355.56,44167.08,26671.52,17555.22,125.67,1886.75,489.33,478.36,556.15,111.67,167.41,206.78,92.22,151.78,272.08,121.61,193.54,294.37,3136.85,1662.28,468.54,80.97,240.93,1026.66,385.91,237.49,287.36,439.77,207.5,101.9,3567.11,234.06,138.66,136.22,39.57,55.68,98.26,274.41
20261008,09:10:10,49354.8,44166.36,26667.52,17550.68,125.8,1886.75,488.87,477.92,555.98,111.76,167.4,206.79,92.2,151.57,272.08,121.61,193.47,294.39,3136.91,1662.63,468.38,80.98,240.9,1026.36,385.56,237.23,287.04,439.7,207.5,101.9,3567.09,234.38,138.66,136.18,39.57,55.66,98.26,274.28
20261008,09:10:15,49401.57,44212.0,26669.52,17553.19,125.8,1886.75,489.32,478.18,555.96,111.83,167.37,206.73,92.2,151.33,272.08,121.61,193.47,294.36,3140.52,1664.79,468.4,80.99,240.9,1027.91,385.55,237.22,287.31,439.7,207.49,101.9,3567.04,234.06,138.66,136.18,39.57,55.66,98.26,274.28
20261008,09:10:20,49411.32,44218.23,26679.77,17554.03,125.8,1888.17,489.33,478.36,555.96,111.75,167.37,206.72,92.19,151.33,272.08,121.61,193.61,294.43,3141.0,1664.89,468.43,81.0,240.89,1029.1,385.59,237.47,286.97,439.72,207.48,101.9,3570.01,234.06,138.66,136.16,39.57,55.66,98.26,274.29
20261008,09:10:25,49373.32,44183.61,26671.6,17552.73,125.8,1888.17,489.08,478.36,555.96,111.83,167.37,206.72,92.19,151.33,271.96,121.61,193.57,294.42,3138.25,1662.65,468.43,80.98,241.1,1029.24,385.62,237.47,287.0,439.72,207.51,101.9,3567.81,234.06,138.66,136.16,39.59,55.66,98.26,274.34
20261008,09:10:30,49375.12,44185.44,26674.39,17556.19,125.8,1888.13,489.15,478.1,555.96,111.83,167.35,206.67,92.19,151.54,271.96,121.61,193.4,294.42,3138.31,1662.56,468.43,81.0,241.1,1029.7,385.61,237.47,286.95,439.71,207.36,101.9,3567.74,234.06,139.25,136.15,39.59,55.66,98.26,274.34
20261008,09:10:35,49371.46,44182.22,26670.87,17553.3,125.93,1888.13,489.15,478.1,555.95,111.83,167.57,206.75,92.35,151.53,271.96,121.49,193.4,294.42,3138.12,1662.47,468.43,81.0,241.25,1029.35,385.9,237.47,286.95,439.76,207.37,101.93,3567.43,234.06,138.66,136.15,39.59,55.67,98.26,274.22
20261008,09:10:40,49375.03,44186.47,26671.43,17556.52,125.8,1888.13,489.07,478.02,555.88,111.83,167.55,206.69,92.35,151.32,271.96,121.49,193.45,294.43,3138.39,1662.53,468.38,81.0,241.39,1029.77,385.55,237.47,286.95,439.82,207.36,101.93,3566.73,234.06,139.25,136.15,39.59,55.67,98.26,274.26
20261008,09:10:45,49373.59,44185.38,26671.95,17558.18,125.8,1886.94,489.15,478.02,555.88,111.84,167.61,206.89,92.36,151.33,271.96,121.61,193.45,294.42,3138.26,1662.61,468.52,81.04,241.39,1028.99,385.61,237.47,286.97,439.84,207.36,101.93,3566.44,234.13,139.25,136.15,39.57,55.67,98.26,274.27
20261008,09:10:50,49416.75,44227.02,26677.65,17563.36,125.8,1888.36,489.78,478.02,556.01,111.85,167.59,206.85,92.34,151.96,271.96,121.49,193.42,294.4,3141.49,1664.99,468.46,81.05,241.38,1028.91,385.61,237.46,287.33,439.82,207.36,101.93,3566.82,234.13,139.25,136.12,39.57,55.67,98.26,274.27
20261008,09:10:55,49374.83,44184.3,26684.67,17565.14,125.8,1888.36,489.23,478.02,555.97,111.85,167.61,206.93,92.35,151.96,271.96,121.61,193.42,294.42,3138.0,1662.53,468.53,81.08,241.38,1028.46,385.61,237.44,287.02,439.82,207.36,101.93,3568.53,234.13,139.85,136.12,39.57,55.67,98.26,274.29
20261008,09:11:00,49371.91,44181.45,26679.87,17559.61,125.8,1888.28,488.61,478.02,556.03,111.77,167.62,207.0,92.34,151.95,271.96,121.49,193.42,294.42,3137.91,1662.32,468.58,81.06,241.39,1028.43,385.61,237.44,287.37,439.82,207.33,102.02,3568.53,234.13,139.85,136.12,39.57,55.67,98.26,274.26
20261008,09:11:05,49371.64,44183.28,26675.74,17561.86,125.8,1886.86,489.16,477.69,555.96,111.77,167.57,207.0,92.3,151.74,271.96,121.61,193.38,294.42,3138.0,1662.41,468.48,81.09,241.36,1028.45,385.59,237.44,287.38,439.66,207.3,102.02,3566.63,234.13,139.85,136.12,39.57,55.67,98.26,274.28
20261008,09:11:10,49373.68,44183.16,26681.96,17561.97,125.8,1886.49,489.15,477.84,555.96,111.85,167.6,207.03,92.32,151.95,271.96,121.5,193.38,294.41,3137.99,1662.37,468.61,81.08,241.37,1028.39,385.59,237.44,287.37,439.67,207.3,102.02,3568.54,234.13,139.85,136.12,39.57,55.67,98.26,274.29
20261008,09:11:15,49415.26,44224.08,26680.8,17561.97,125.8,1886.49,489.06,477.76,556.05,111.77,167.6,207.01,92.32,152.38,271.96,121.62,193.4,294.39,3141.28,1664.83,468.62,81.07,241.26,1028.75,385.72,237.44,287.39,439.67,207.3,102.02,3568.18,233.8,139.85,136.12,39.56,55.67,98.26,274.26
20261008,09:11:20,49373.42,44182.23,26679.14,17556.48,125.8,1886.49,489.16,477.76,555.94,111.77,167.59,207.0,92.32,152.17,271.96,121.52,193.4,294.37,3138.04,1662.58,468.39,81.07,241.26,1028.61,385.75,237.44,287.08,439.67,207.3,102.02,3569.15,233.8,139.25,136.11,39.56,55.67,98.26,274.27
20261008,09:11:25,49370.0,44181.07,26669.54,17552.67,125.8,1886.49,488.62,477.91,555.95,111.77,167.61,207.07,92.32,152.15,272.08,121.52,193.42,294.37,3138.04,1662.56,468.31,81.08,241.51,1028.55,385.74,237.44,287.03,439.67,207.26,102.02,3567.19,233.8,139.25,136.1,39.56,55.67,98.26,274.26
20261008,09:11:30,49409.48,44219.54,26675.65,17559.7,125.8,1887.91,488.62,477.7,556.02,111.69,167.59,207.02,92.31,152.15,272.08,121.64,193.42,294.37,3140.97,1664.89,468.23,81.08,241.39,1028.52,385.69,237.44,287.04,439.67,207.44,102.02,3567.19,233.8,139.85,136.04,39.57,55.67,98.26,274.25
20261008,09:11:35,49411.49,44219.66,26679.94,17558.49,125.8,1888.02,488.54,477.69,556.02,111.69,167.58,206.99,92.31,152.15,272.08,121.64,193.38,294.37,3141.01,1664.95,468.37,81.07,241.11,1028.57,385.7,237.44,287.03,439.67,207.4,102.02,3568.85,233.73,139.85,136.04,39.57,55.67,98.26,274.23
20261008,09:11:40,49368.34,44179.7,26672.81,17557.28,125.67,1888.02,489.16,477.59,556.02,111.77,167.6,207.05,92.31,151.94,272.08,121.52,193.3,294.37,3137.82,1662.47,468.27,81.05,241.12,1028.76,385.69,237.44,287.03,439.67,207.42,102.02,3566.96,233.73,139.25,136.01,39.57,55.66,98.26,274.29
20261008,09:11:45,49419.04,44229.32,26675.6,17561.19,125.67,1888.02,489.62,477.6,556.07,111.77,167.56,206.92,92.31,151.94,272.08,121.52,193.34,294.37,3141.73,1665.07,468.16,81.06,241.34,1029.52,385.69,237.44,287.34,439.6,207.42,102.02,3566.76,233.73,139.25,136.01,39.57,55.66,98.26,274.6
20261008,09:11:50,49417.19,44227.27,26681.55,17567.21,125.8,1888.02,490.26,478.13,556.02,111.77,167.59,206.99,92.32,151.95,271.96,121.64,193.34,294.38,3141.42,1664.96,468.14,81.05,241.31,1029.56,385.68,237.44,287.04,439.58,207.38,102.02,3566.99,233.73,139.25,136.01,39.57,55.66,98.26,274.55
20261008,09:11:55,49419.58,44229.18,26686.7,17571.73,125.8,1888.02,490.89,478.15,555.94,111.77,167.6,207.01,92.32,151.95,271.96,121.64,193.36,294.39,3141.46,1664.9,468.31,81.05,241.34,1029.66,385.69,237.3,287.05,439.58,207.39,102.02,3567.37,233.73,139.25,136.01,39.57,55.66,98.26,274.55
20261008,09:12:00,49422.81,44231.95,26691.4,17575.89,125.86,1888.02,491.6,478.12,555.93,111.78,167.6,206.99,92.32,151.95,271.96,121.64,193.39,294.34,3141.58,1664.76,468.43,81.09,241.31,1030.26,385.68,237.3,287.01,439.52,207.39,102.02,3567.71,233.73,139.25,135.98,39.57,55.66,98.26,274.26
20261008,09:12:05,49425.13,44234.21,26693.9,17578.77,125.86,1888.02,492.02,478.2,555.79,111.79,167.62,207.1,92.32,151.95,271.96,121.64,193.32,294.34,3141.7,1664.92,468.56,81.1,241.32,1029.79,385.52,237.3,287.1,439.57,207.28,102.02,3567.71,234.38,139.25,135.94,39.56,55.66,98.26,274.27
20261008,09:12:10,49433.76,44242.39,26702.4,17587.78,125.86,1887.9,493.17,478.61,555.68,111.79,167.64,207.17,92.32,151.95,271.78,121.64,193.36,294.36,3142.14,1665.04,468.46,81.17,241.31,1030.04,385.47,237.3,287.42,439.56,207.29,102.02,3567.92,234.38,139.25,135.96,39.56,55.66,98.26,274.35
20261008,09:12:15,49437.27,44243.36,26712.64,17591.37,125.99,1887.9,493.5,478.35,555.66,111.79,167.67,207.32,92.31,152.15,271.78,121.64,193.47,294.39,3142.13,1665.14,468.62,81.17,241.33,1029.93,385.47,237.3,287.11,439.56,207.31,102.02,3570.15,234.38,139.25,136.0,39.56,55.66,98.26,274.35
20261008,09:12:20,49439.95,44246.12,26713.1,17592.39,125.99,1887.9,493.59,478.43,555.69,111.79,167.68,207.43,92.3,152.15,271.78,121.64,193.44,294.4,3142.33,1665.25,468.65,81.18,241.33,1029.99,385.51,237.3,287.13,439.57,207.31,102.02,3570.01,234.38,139.25,136.0,39.56,55.66,98.26,274.36
20261008,09:12:25,49437.58,44246.71,26704.54,17592.28,125.94,1887.9,493.59,478.4,555.77,111.79,167.68,207.4,92.3,152.15,271.78,121.64,193.44,294.37,3142.38,1665.3,468.62,81.22,241.22,1030.0,385.49,237.3,287.14,439.57,207.31,102.02,3567.37,234.38,139.25,135.99,39.56,55.66,98.26,274.35
20261008,09:12:30,49405.0,44213.78,26712.44,17597.41,125.94,1887.9,494.23,478.48,555.78,111.81,167.69,207.46,92.3,152.15,271.78,121.64,193.5,294.39,3139.6,1662.93,468.61,81.27,241.22,1030.6,385.48,237.33,287.14,439.57,207.32,102.02,3568.45,234.38,139.25,135.99,39.56,55.66,98.26,274.35
20261008,09:12:35,49409.6,44218.02,26717.43,17602.34,125.94,1887.9,494.83,478.66,555.75,111.8,167.72,207.55,92.31,152.15,271.78,121.63,193.52,294.37,3139.83,1663.01,468.62,81.31,241.25,1030.67,385.22,237.33,287.24,439.51,207.36,102.05,3568.67,234.38,139.25,135.97,39.56,55.66,98.26,274.34
20261008,09:12:40,49449.88,44257.91,26717.83,17604.91,125.94,1887.9,495.22,478.67,555.73,111.8,167.71,207.55,92.3,151.95,271.78,121.64,193.52,294.38,3142.98,1665.31,468.63,81.28,241.25,1031.16,385.2,237.33,287.23,439.51,207.36,102.05,3568.1,234.38,139.25,135.99,39.56,55.66,98.26,274.37
20261008,09:12:45,49448.64,44256.48,26713.82,17599.57,125.94,1886.48,494.59,478.67,555.77,111.81,167.68,207.43,92.3,151.95,271.78,121.62,193.52,294.36,3142.99,1665.31,468.6,81.32,241.26,1030.73,385.19,237.33,287.54,439.51,207.36,102.05,3568.29,234.38,139.25,135.98,39.57,55.66,98.26,274.42
20261008,09:12:50,49407.5,44216.52,26717.44,17604.17,125.94,1886.48,494.51,478.92,555.77,111.81,167.7,207.48,92.3,151.95,271.66,121.62,193.56,294.43,3139.66,1662.91,468.67,81.33,241.26,1030.58,385.2,237.33,287.18,439.43,207.36,102.05,3568.18,234.35,139.85,135.98,39.57,55.67,98.26,274.42
20261008,09:12:55,49450.6,44259.24,26713.6,17602.19,125.94,1886.48,494.88,479.0,555.77,111.81,167.68,207.47,92.29,152.16,271.78,121.62,193.52,294.43,3143.15,1665.33,468.7,81.28,241.26,1031.1,385.27,237.33,287.48,439.43,207.36,102.05,3567.51,234.35,139.25,135.95,39.57,55.67,98.25,274.41
20261008,09:13:00,49411.96,44222.04,26716.35,17606.84,125.94,1886.48,494.8,479.0,555.82,111.81,167.7,207.56,92.29,152.16,271.78,121.64,193.5,294.43,3140.04,1662.96,468.69,81.31,241.26,1031.22,385.25,237.33,287.26,439.43,207.36,102.05,3567.11,234.35,139.85,135.95,39.57,55.67,98.25,274.4
20261008,09:13:05,49405.01,44215.23,26712.44,17602.22,125.94,1886.48,494.24,479.0,555.82,111.81,167.7,207.54,92.29,151.95,271.78,121.64,193.5,294.41,3139.6,1662.77,468.69,81.29,241.38,1030.36,385.25,237.33,287.53,439.43,207.32,102.05,3567.14,234.35,139.85,135.98,39.57,55.67,98.25,274.4
20261008,09:13:10,49401.76,44213.34,26709.21,17602.78,125.94,1886.48,494.17,479.0,555.82,111.92,167.7,207.55,92.29,152.37,271.66,121.64,193.6,294.44,3139.44,1662.85,468.63,81.29,241.38,1030.22,385.27,237.46,287.21,439.43,207.32,102.05,3565.98,234.35,139.85,135.98,39.57,55.67,98.25,274.41
20261008,09:13:15,49403.13,44214.3,26707.63,17599.71,125.94,1886.48,493.82,478.92,555.86,111.92,167.71,207.57,92.29,152.37,271.66,121.52,193.7,294.46,3139.59,1662.77,468.63,81.31,241.4,1030.29,385.51,237.46,287.52,439.43,207.33,102.05,3566.32,234.35,139.85,135.98,39.58,55.66,98.25,274.41
20261008,09:13:20,49404.72,44215.85,26708.26,17600.43,125.94,1886.58,493.82,478.9,555.89,111.92,167.71,207.58,92.29,152.58,271.66,121.54,193.66,294.45,3139.7,1662.9,468.58,81.31,241.28,1030.34,385.51,237.46,287.51,439.48,207.34,102.05,3566.32,234.35,139.85,135.98,39.58,55.66,98.25,274.41
20261008,09:13:25,49452.15,44259.76,26715.16,17600.65,125.94,1886.58,493.82,478.9,556.06,111.91,167.54,207.67,92.13,152.8,271.66,121.54,193.66,294.46,3143.23,1665.37,468.41,81.32,241.28,1031.22,385.53,237.46,287.55,439.48,207.49,102.05,3568.42,234.35,139.84,135.95,39.58,55.64,98.25,274.44
20261008,09:13:30,49404.66,44213.75,26714.17,17600.4,126.07,1886.35,493.82,478.85,555.97,111.92,167.56,207.75,92.13,152.58,271.66,121.54,193.71,294.45,3139.53,1662.83,468.51,81.34,241.27,1030.45,385.53,237.46,287.28,439.48,207.47,102.05,3568.18,234.35,139.84,135.94,39.58,55.64,98.25,274.46
20261008,09:13:35,49399.99,44208.83,26701.75,17584.85,126.07,1886.25,492.85,478.77,555.97,111.92,167.55,207.71,92.13,152.6,271.66,121.66,193.74,294.45,3139.51,1662.79,468.43,81.33,241.27,1030.23,385.53,237.46,287.59,439.51,207.51,102.05,3568.51,234.35,138.65,135.94,39.58,55.64,98.25,274.47
20261008,09:13:40,49398.88,44210.84,26691.8,17583.75,126.07,1886.25,492.94,478.77,555.97,112.0,167.54,207.69,92.13,152.6,271.66,121.68,193.74,294.44,3139.69,1662.98,468.58,81.37,241.28,1030.28,385.52,237.46,287.29,439.51,207.36,102.05,3565.71,234.35,138.65,135.94,39.58,55.64,97.87,274.47
20261008,09:13:45,49399.56,44209.41,26695.15,17580.6,125.94,1886.35,492.77,478.77,555.89,112.0,167.53,207.65,92.13,152.38,271.66,121.56,193.74,294.44,3139.65,1662.89,468.7,81.39,241.27,1030.29,385.51,237.46,287.29,439.48,207.37,102.05,3567.61,234.35,138.65,135.88,39.58,55.64,97.87,274.47
20261008,09:13:50,49404.47,44213.07,26698.05,17580.2,125.94,1886.35,492.67,478.69,555.82,112.01,167.53,207.64,92.13,152.4,271.66,121.56,193.78,294.46,3139.96,1663.02,468.61,81.41,241.28,1030.25,385.51,237.46,287.6,439.48,207.42,102.05,3568.62,234.35,138.65,135.9,39.58,55.64,97.87,274.47
20261008,09:13:55,49395.77,44205.48,26696.39,17581.22,125.94,1886.35,492.75,478.77,555.93,112.01,167.53,207.65,92.13,152.61,271.8,121.56,193.78,294.45,3139.32,1662.87,468.49,81.35,241.25,1029.88,385.52,237.46,287.29,439.48,207.39,102.05,3567.82,234.35,138.65,135.9,39.58,55.64,97.87,274.47
20261008,09:14:00,49430.91,44240.79,26690.8,17578.36,125.94,1886.35,492.14,478.89,555.93,112.09,167.52,207.6,92.13,152.18,271.83,121.56,193.78,294.44,3142.24,1665.24,468.22,81.26,241.25,1029.56,385.52,237.46,287.61,439.44,207.65,102.05,3566.85,234.02,138.65,135.8,39.58,55.66,97.87,274.52
20261008,09:14:05,49429.92,44239.34,26694.29,17580.77,125.94,1886.43,492.13,478.99,556.11,112.09,167.56,207.76,92.13,152.39,271.83,121.68,193.79,294.44,3142.06,1665.14,468.26,81.25,241.33,1029.3,385.53,237.46,287.63,439.48,207.65,102.05,3567.29,234.02,138.65,135.78,39.58,55.66,97.87,274.59
20261008,09:14:10,49385.67,44196.48,26693.96,17581.27,125.94,1886.46,492.15,478.99,556.1,112.09,167.55,207.72,92.13,152.18,271.69,121.68,193.79,294.4,3138.6,1662.56,468.38,81.13,241.24,1029.3,385.52,237.48,287.55,439.49,207.65,102.05,3567.05,234.02,138.65,135.78,39.58,55.66,97.87,274.93
20261008,09:14:15,49376.99,44190.2,26685.33,17578.62,126.07,1886.69,491.98,478.92,556.11,112.09,167.52,207.63,92.13,151.97,271.69,121.7,193.76,294.41,3138.15,1662.55,468.32,81.15,241.04,1028.47,385.49,237.48,287.58,439.5,207.54,102.05,3565.08,234.02,138.65,135.67,39.58,55.66,97.87,274.93
20261008,09:14:20,49416.18,44228.54,26682.1,17575.42,125.94,1887.88,491.6,478.9,556.11,112.01,167.52,207.63,92.13,152.18,271.66,121.58,193.7,294.41,3141.32,1665.04,468.31,81.12,241.0,1028.88,385.5,237.48,287.21,439.46,207.59,102.05,3564.93,234.04,138.65,135.64,39.58,55.66,97.87,274.89
20261008,09:14:25,49419.94,44230.24,26688.24,17575.92,125.94,1889.4,491.6,478.9,556.08,112.0,167.52,207.61,92.13,152.19,271.66,121.58,193.75,294.41,3141.45,1665.01,468.33,81.19,241.0,1028.71,385.5,237.48,287.53,439.46,207.59,102.05,3566.72,234.04,138.66,135.54,39.58,55.66,97.87,274.96
20261008,09:14:30,49377.51,44188.77,26684.1,17570.71,125.81,1889.79,491.05,478.9,555.96,112.08,167.5,207.54,92.13,152.19,271.66,121.58,193.75,294.42,3138.23,1662.66,468.39,81.15,241.0,1028.72,385.52,237.48,287.22,439.46,207.54,102.05,3566.84,234.04,138.66,135.54,39.58,55.64,97.87,274.97
20261008,09:14:35,49379.3,44189.69,26689.19,17573.83,125.81,1888.37,491.59,479.03,555.93,112.0,167.49,207.5,92.13,152.19,271.66,121.57,193.75,294.42,3138.23,1662.49,468.25,81.14,241.17,1029.21,385.52,237.48,287.26,439.46,207.55,102.05,3567.58,234.04,138.66,135.54,39.58,55.64,97.87,274.97
20261008,09:14:40,49375.94,44186.93,26682.66,17568.02,125.94,1888.37,491.52,479.02,555.93,111.97,167.48,207.46,92.13,151.98,271.66,121.57,193.67,294.38,3138.15,1662.45,468.13,81.14,241.15,1028.99,385.41,237.48,287.5,439.55,207.54,102.05,3567.12,234.04,138.07,135.54,39.58,55.63,97.87,274.92
20261008,09:14:45,49368.96,44179.75,26682.91,17567.07,125.81,1888.29,491.5,478.73,555.84,111.97,167.49,207.44,92.14,151.98,271.66,121.56,193.67,294.37,3137.59,1662.21,467.89,81.22,240.96,1028.55,385.4,237.48,287.6,439.55,207.57,102.05,3567.45,234.04,138.06,135.54,39.58,55.63,97.87,274.9
20261008,09:14:50,49407.93,44218.65,26683.56,17570.88,125.94,1888.29,491.5,478.73,555.74,112.0,167.48,207.49,92.12,151.98,271.66,121.56,193.66,294.38,3140.63,1664.65,467.85,81.19,240.96,1028.65,385.64,237.48,287.34,439.44,207.54,102.05,3566.62,234.04,138.64,135.38,39.57,55.63,97.87,274.9
20261008,09:14:55,49363.89,44180.01,26668.35,17567.71,125.94,1888.29,490.95,478.66,555.93,112.0,167.48,207.45,92.13,151.97,271.66,121.56,193.66,294.37,3137.6,1662.41,467.85,81.18,240.97,1028.46,385.67,237.48,287.25,439.45,207.57,102.05,3562.74,234.04,138.64,135.38,39.57,55.64,97.87,274.9
20261008,09:15:00,49364.69,44180.59,26668.39,17567.08,125.94,1888.29,490.78,478.76,555.93,112.0,167.53,207.47,92.17,151.96,271.84,121.54,193.66,294.37,3137.66,1662.21,467.9,81.23,240.97,1028.63,385.67,237.48,287.6,439.48,207.58,102.05,3562.92,234.04,138.64,135.57,39.57,55.64,97.87,274.64
20261008,09:15:05,49370.53,44182.1,26683.56,17570.53,125.94,1888.39,491.25,479.22,555.93,111.99,167.51,207.41,92.17,151.96,271.84,121.54,193.7,294.38,3137.7,1662.45,467.82,81.33,240.94,1028.33,385.67,237.48,287.29,439.48,207.55,102.05,3566.72,234.04,138.64,135.57,39.57,55.64,97.87,274.63
20261008,09:15:10,49370.15,44181.66,26684.17,17571.0,126.0,1888.39,491.24,479.4,555.92,111.99,167.5,207.36,92.17,151.96,271.72,121.54,193.88,294.41,3137.65,1662.35,467.76,81.32,240.94,1028.2,385.67,237.48,287.6,439.49,207.55,102.05,3566.78,234.04,138.65,135.58,39.57,55.64,97.87,274.63
20261008,09:15:15,49366.14,44177.74,26679.88,17566.05,126.0,1888.39,490.7,479.31,555.62,112.0,167.52,207.41,92.18,151.96,271.72,121.54,193.88,294.41,3137.45,1662.29,467.82,81.28,240.89,1028.0,385.67,237.46,287.58,439.48,207.55,102.05,3566.78,234.04,138.65,135.58,39.57,55.64,97.87,274.58
20261008,09:15:20,49404.26,44215.0,26683.17,17570.17,125.87,1888.39,491.33,479.37,555.49,112.0,167.48,207.26,92.18,151.97,271.72,121.58,193.84,294.41,3140.36,1664.7,467.62,81.29,240.86,1027.75,385.99,237.46,287.5,439.57,207.58,102.05,3566.69,234.04,138.65,135.58,39.56,55.64,97.87,274.59
20261008,09:15:25,49364.51,44175.77,26684.93,17570.57,126.0,1889.81,491.33,479.45,555.36,112.0,167.47,207.23,92.17,151.97,271.72,121.59,193.84,294.39,3137.18,1662.32,467.71,81.26,240.84,1027.54,385.99,237.46,287.48,439.6,207.6,102.05,3567.13,234.04,138.65,135.48,39.56,55.64,97.87,274.6
20261008,09:15:30,49406.68,44219.71,26675.47,17569.2,125.87,1889.84,491.32,479.45,555.29,112.0,167.44,207.12,92.17,151.97,271.72,121.59,193.9,294.39,3140.76,1664.91,467.85,81.27,240.86,1027.89,385.95,237.46,287.48,439.67,207.54,102.05,3564.55,234.04,138.65,135.46,39.56,55.65,97.87,274.6
20261008,09:15:35,49404.76,44217.97,26676.03,17570.29,126.0,1889.84,491.25,479.78,555.23,111.92,167.45,207.15,92.17,151.96,271.54,121.71,193.9,294.42,3140.59,1664.89,467.84,81.26,240.84,1027.61,385.97,237.46,287.47,439.72,207.57,102.05,3564.43,234.04,138.65,135.46,39.56,55.65,97.87,274.62
20261008,09:15:40,49356.74,44170.95,26672.03,17564.95,125.93,1889.84,490.78,479.78,555.18,111.93,167.42,207.14,92.15,151.32,271.54,121.59,193.9,294.42,3136.93,1662.41,467.72,81.21,240.86,1027.08,385.96,237.46,287.23,439.67,207.61,102.06,3564.63,234.04,138.64,135.46,39.56,55.66,97.87,274.67
20261008,09:15:45,49356.02,44168.47,26676.63,17564.25,125.93,1891.26,490.78,479.78,554.85,111.93,167.44,207.19,92.15,151.09,271.54,121.6,193.92,294.39,3136.75,1662.5,467.63,81.18,240.84,1026.56,385.63,237.46,287.25,439.67,207.61,102.06,3566.26,234.04,138.64,135.43,39.56,55.66,97.87,274.67
20261008,09:15:50,49351.01,44164.17,26666.37,17554.38,125.93,1891.36,489.52,479.81,554.69,111.91,167.44,207.21,92.15,151.31,271.54,121.6,193.92,294.38,3136.64,1662.58,467.44,81.16,240.8,1026.53,385.61,237.45,287.07,439.66,207.57,102.06,3565.73,234.04,138.64,135.43,39.56,55.66,97.87,274.63
20261008,09:15:55,49392.66,44204.41,26673.41,17561.36,125.93,1891.36,490.57,479.47,554.68,111.89,167.44,207.24,92.15,151.3,271.54,121.59,193.92,294.37,3139.72,1665.1,467.36,81.17,240.81,1026.21,385.62,237.45,287.02,439.66,207.57,102.02,3566.04,234.04,138.64,135.36,39.56,55.66,97.87,274.65
20261008,09:16:00,49390.21,44202.48,26668.96,17557.76,125.93,1891.36,490.03,479.45,554.68,111.89,167.44,207.24,92.15,151.52,271.54,121.59,193.92,294.35,3139.65,1665.06,467.36,81.22,240.86,1026.07,385.61,237.45,287.01,439.66,207.57,102.02,3565.62,234.04,138.64,135.39,39.56,55.66,97.87,274.66
20261008,09:16:05,49397.35,44208.4,26679.66,17566.58,125.93,1891.36,490.28,479.45,554.96,111.89,167.46,207.24,92.16,151.52,271.54,121.59,193.94,294.35,3139.91,1665.19,467.37,81.19,240.68,1026.5,385.59,237.45,286.99,439.66,207.63,102.02,3566.57,234.37,139.24,135.39,39.56,55.66,97.87,274.66
20261008,09:16:10,49401.23,44211.43,26681.7,17566.43,125.93,1891.36,490.19,479.48,554.96,111.92,167.46,207.25,92.15,151.52,271.54,121.59,193.98,294.36,3140.16,1665.39,467.37,81.19,240.72,1026.47,385.34,237.45,287.02,439.66,207.66,102.02,3567.25,234.37,139.24,135.39,39.56,55.66,97.87,274.69
20261008,09:16:15,49404.35,44214.47,26681.96,17566.73,125.93,1891.36,490.19,479.4,554.83,111.91,167.47,207.31,92.15,151.52,271.54,121.61,193.98,294.57,3140.4,1665.47,467.36,81.17,241.02,1026.59,385.3,237.69,287.0,439.66,207.66,102.02,3567.25,234.37,139.24,135.39,39.56,55.67,97.87,274.68
20261008,09:16:20,49404.25,44213.91,26683.36,17566.78,125.93,1891.36,490.29,479.4,554.82,111.9,167.45,207.25,92.15,151.52,271.54,121.61,193.98,294.57,3140.35,1665.4,467.38,81.18,241.01,1026.61,385.32,237.69,287.02,439.68,207.67,102.02,3567.67,234.37,139.24,135.39,39.4,55.67,97.87,274.68
20261008,09:16:25,49401.74,44211.54,26682.32,17565.83,125.93,1891.36,490.8,479.4,554.82,111.9,167.43,207.18,92.15,151.51,271.54,121.61,194.0,294.59,3140.18,1665.31,467.13,81.19,241.25,1026.46,385.32,237.69,287.1,439.76,207.67,102.02,3567.61,234.37,138.64,135.39,39.4,55.67,97.87,274.68
20261008,09:16:30,49400.17,44210.01,26683.63,17567.34,125.93,1891.36,491.06,479.4,554.71,111.9,167.45,207.26,92.15,151.51,271.54,121.6,193.98,294.59,3140.02,1665.29,467.02,81.16,240.97,1026.16,385.26,237.69,287.4,439.68,207.68,102.02,3567.61,234.37,138.64,135.39,39.4,55.67,97.87,274.67
20261008,09:16:35,49401.62,44211.94,26682.2,17567.43,125.93,1891.36,491.05,479.42,554.67,111.83,167.45,207.24,92.15,151.72,271.54,121.6,193.98,294.59,3140.18,1665.25,467.3,81.16,240.82,1026.51,385.24,237.69,287.39,439.68,207.68,102.05,3567.13,234.37,138.64,135.39,39.4,55.68,97.87,274.68
20261008,09:16:40,49395.9,44206.34,26685.17,17570.77,125.93,1891.36,491.59,479.42,554.67,111.83,167.44,207.26,92.14,151.51,271.54,121.6,193.98,294.58,3139.64,1665.25,467.29,81.18,240.81,1025.65,385.19,237.69,287.08,439.67,207.67,102.02,3567.15,234.37,138.64,135.39,39.39,55.68,97.87,274.64
20261008,09:16:45,49395.09,44205.56,26690.3,17576.69,125.93,1891.36,491.75,479.42,554.7,111.89,167.43,207.21,92.14,151.3,271.54,121.6,193.98,294.58,3139.44,1665.25,467.23,81.15,240.82,1025.28,385.12,237.69,287.07,439.71,207.68,102.02,3567.15,234.37,139.24,135.39,39.39,55.68,97.87,274.64
20261008,09:16:50,49400.59,44210.17,26691.72,17575.82,125.93,1891.36,491.51,479.42,554.63,111.92,167.45,207.24,92.15,151.51,271.54,121.6,193.98,294.58,3139.83,1665.03,467.52,81.17,240.82,1026.13,385.43,237.69,287.37,439.71,207.66,102.02,3567.83,234.37,139.24,135.59,39.39,55.72,97.87,274.64
20261008,09:16:55,49394.6,44204.95,26685.77,17571.06,125.93,1891.36,491.51,479.42,554.63,111.92,167.46,207.25,92.16,151.31,271.54,121.64,193.98,294.54,3139.52,1664.98,467.34,81.17,240.82,1026.17,385.22,237.69,287.07,439.71,207.65,102.02,3567.26,234.37,138.64,135.59,39.39,55.7,97.87,274.67
20261008,09:17:00,49399.8,44209.43,26693.7,17578.23,125.93,1891.36,491.76,479.5,554.59,111.92,167.47,207.25,92.17,151.52,271.54,121.68,193.98,294.55,3139.71,1664.94,467.73,81.12,241.03,1026.22,385.22,237.45,287.07,439.71,207.65,102.02,3567.8,234.3,139.24,135.59,39.39,55.7,97.87,274.67
20261008,09:17:05,49402.24,44212.59,26690.37,17577.0,125.93,1891.59,491.6,479.52,554.64,111.91,167.47,207.28,92.16,151.52,271.54,121.7,193.96,294.55,3140.0,1664.97,467.73,81.13,241.02,1026.73,385.77,237.45,287.06,439.66,207.62,102.06,3567.09,234.3,139.24,135.59,39.39,55.69,97.87,274.71
20261008,09:17:10,49407.37,44216.99,26694.51,17579.77,125.93,1891.59,491.86,479.52,554.64,111.82,167.44,207.23,92.15,151.49,271.54,121.7,193.98,294.54,3140.29,1664.98,467.83,81.12,241.03,1027.27,385.77,237.45,287.05,439.72,207.77,102.06,3567.63,234.3,139.24,135.58,39.39,55.69,97.87,274.68
20261008,09:17:15,49408.66,44218.0,26695.16,17579.67,125.93,1891.67,491.85,479.47,554.67,111.8,167.43,207.18,92.15,151.49,271.54,121.7,193.98,294.56,3140.37,1665.08,467.74,81.09,241.18,1027.27,385.81,237.45,286.99,439.72,207.77,102.06,3567.86,234.3,139.24,135.59,39.39,55.69,97.87,274.68
20261008,09:17:20,49406.68,44216.11,26697.15,17582.12,125.93,1891.67,492.03,479.47,554.74,111.82,167.43,207.16,92.16,151.49,271.54,121.82,193.98,294.56,3140.16,1664.98,467.74,81.11,241.0,1027.15,385.83,237.45,287.0,439.76,207.77,102.06,3567.82,234.3,139.24,135.59,39.39,55.69,97.87,274.67
20261008,09:17:25,49402.41,44212.36,26694.9,17580.89,125.93,1890.25,491.94,479.47,554.82,111.82,167.48,207.28,92.17,151.51,271.54,121.7,193.96,294.56,3139.89,1664.97,467.77,81.12,241.0,1026.51,385.83,237.45,287.0,439.76,207.77,102.06,3567.45,234.3,139.24,135.59,39.39,55.69,97.87,274.68
20261008,09:17:30,49405.87,44214.02,26701.25,17582.47,125.93,1890.25,492.02,479.45,554.82,111.82,167.47,207.27,92.16,151.51,271.54,121.7,193.96,294.57,3139.98,1665.03,467.79,81.09,241.0,1026.6,385.83,237.45,287.0,439.75,207.88,102.06,3569.01,234.3,139.24,135.59,39.39,55.69,97.87,274.68
20261008,09:17:35,49364.74,44174.53,26700.67,17583.76,125.93,1890.25,492.2,479.45,554.82,111.84,167.46,207.26,92.15,151.51,271.54,121.7,193.96,294.57,3136.77,1662.62,467.71,81.13,241.22,1026.19,385.83,237.45,287.0,439.77,207.89,102.06,3568.47,234.3,139.24,135.59,39.39,55.7,97.87,274.66
20261008,09:17:40,49369.66,44179.16,26706.0,17589.37,125.93,1890.25,492.28,479.45,554.82,111.82,167.49,207.29,92.17,151.51,271.54,121.68,193.96,294.61,3137.01,1662.79,467.53,81.14,241.25,1026.38,385.82,237.45,287.01,439.77,207.9,102.06,3568.61,234.3,139.83,135.59,39.39,55.72,97.87,274.61
20261008,09:17:45,49406.75,44215.26,26702.71,17585.44,125.93,1890.25,492.37,479.19,554.81,111.82,167.49,207.29,92.17,151.72,271.78,121.68,193.94,294.61,3140.01,1665.19,467.55,81.11,241.08,1026.32,385.82,237.45,287.0,439.77,207.9,102.02,3568.65,234.3,139.24,135.59,39.39,55.72,97.87,274.62
20261008,09:17:50,49400.29,44208.97,26698.52,17580.62,125.93,1890.25,491.03,479.19,554.81,111.82,167.5,207.29,92.18,151.75,271.78,121.69,193.79,294.61,3139.62,1664.93,467.44,81.09,240.91,1026.14,385.31,237.45,287.34,439.77,207.9,102.02,3568.65,234.3,139.83,135.65,39.39,55.72,97.87,274.62
20261008,09:17:55,49404.73,44210.78,26707.46,17582.5,126.06,1890.25,491.58,479.19,554.52,111.82,167.5,207.3,92.18,151.54,271.78,121.69,193.79,294.61,3139.72,1665.17,467.54,81.07,240.92,1025.95,385.31,237.45,287.03,439.75,207.79,102.02,3570.94,234.3,139.83,135.62,39.39,55.7,97.87,274.63
20261008,09:18:00,49393.58,44202.0,26700.41,17581.38,125.93,1890.25,491.67,479.19,554.47,111.8,167.49,207.24,92.18,151.33,271.66,121.69,193.79,294.6,3139.04,1664.89,467.43,81.05,240.93,1025.42,385.28,237.45,286.98,439.68,207.79,102.02,3569.04,233.97,139.83,135.62,39.39,55.7,97.87,274.63
20261008,09:18:05,49399.96,44207.63,26702.1,17581.36,125.93,1890.25,491.59,479.19,554.57,111.79,167.47,207.17,92.18,151.54,271.66,121.69,193.79,294.6,3139.49,1665.12,467.52,81.07,240.93,1025.59,385.28,237.45,287.02,439.76,207.79,102.02,3569.57,233.97,139.83,135.65,39.39,55.7,97.87,274.6
20261008,09:18:10,49363.75,44170.19,26710.57,17583.86,126.06,1890.25,491.67,479.21,554.72,111.81,167.45,207.11,92.18,151.33,271.78,121.69,193.79,294.61,3136.42,1662.8,467.49,81.05,240.93,1025.52,385.31,237.45,287.02,439.76,207.93,102.02,3571.54,233.97,139.83,135.62,39.39,55.7,97.87,274.64
20261008,09:18:15,49404.98,44210.6,26709.68,17583.66,125.93,1890.47,491.6,479.29,554.63,111.81,167.48,207.13,92.2,151.54,271.78,121.69,193.79,294.61,3139.68,1665.24,467.61,81.09,240.93,1025.58,385.31,237.45,286.99,439.73,207.94,102.02,3571.31,233.97,139.83,135.68,39.39,55.7,97.87,274.64
20261008,09:18:20,49404.59,44209.64,26712.19,17584.58,125.93,1890.47,491.59,479.29,554.81,111.89,167.48,207.14,92.2,151.54,271.78,121.69,193.79,294.61,3139.58,1665.18,467.61,81.11,240.97,1025.4,385.33,237.45,287.02,439.73,207.94,102.02,3571.85,233.97,139.83,135.68,39.39,55.7,97.87,274.68
20261008,09:18:25,49406.64,44211.2,26712.8,17583.8,125.93,1890.47,491.59,479.29,554.74,111.81,167.48,207.13,92.2,151.54,271.78,121.69,193.79,294.62,3139.72,1665.27,467.59,81.1,241.32,1025.23,385.33,237.45,287.0,440.15,207.77,102.02,3572.25,234.3,139.83,135.65,39.39,55.7,97.87,274.68
20261008,09:18:30,49408.75,44213.29,26708.97,17579.54,125.93,1890.47,490.97,479.29,554.84,111.82,167.48,207.1,92.2,151.55,271.78,121.69,193.79,294.62,3139.99,1665.11,467.46,81.12,241.56,1025.92,385.02,237.45,287.29,440.15,207.79,102.02,3572.21,234.3,139.83,135.54,39.39,55.7,97.87,274.71
20261008,09:18:35,49400.21,44205.46,26709.81,17582.14,125.93,1893.31,491.05,479.29,554.88,111.82,167.54,207.16,92.24,151.54,271.78,121.71,193.79,294.62,3139.3,1665.03,467.47,81.09,241.08,1025.68,385.35,237.45,286.73,440.15,207.79,102.04,3571.77,234.3,139.83,135.54,39.39,55.7,97.87,274.71
20261008,09:18:40,49398.99,44204.07,26710.72,17582.5,125.93,1891.89,491.22,479.29,554.86,111.82,167.54,207.19,92.24,151.53,271.78,121.74,193.79,294.62,3139.18,1665.11,467.58,81.03,241.08,1025.08,385.32,237.7,286.77,440.1,207.78,102.04,3571.95,234.3,139.83,135.47,39.39,55.7,97.87,274.73
20261008,09:18:45,49354.58,44161.56,26704.43,17577.83,125.93,1891.89,490.59,479.24,554.78,111.83,167.55,207.2,92.24,151.53,271.78,121.75,193.79,294.61,3135.87,1662.61,467.59,81.01,241.08,1025.0,385.35,237.7,286.72,440.12,207.78,102.04,3571.26,234.3,139.83,135.47,39.39,55.7,97.87,274.73
20261008,09:18:50,49396.92,44202.18,26706.8,17578.44,125.93,1891.67,490.41,479.21,554.57,111.84,167.74,207.2,92.4,151.74,271.78,121.79,193.83,294.61,3139.12,1665.06,467.62,81.04,241.1,1025.12,385.36,237.7,286.7,440.12,207.78,102.04,3571.83,234.3,139.83,135.47,39.39,55.71,97.87,274.71
20261008,09:18:55,49358.75,44165.0,26704.72,17576.08,126.06,1893.08,489.87,479.21,554.45,111.93,167.75,207.23,92.4,151.74,271.78,121.92,193.83,294.61,3136.18,1662.82,467.69,81.03,241.1,1024.6,385.36,237.7,287.0,440.12,207.78,102.04,3571.82,234.3,139.83,135.47,39.39,55.7,97.87,274.71
20261008,09:19:00,49394.62,44199.95,26698.94,17569.41,125.93,1893.08,489.62,479.21,554.52,111.93,167.74,207.17,92.4,151.53,271.78,121.79,193.83,294.61,3139.16,1665.1,467.78,80.99,241.49,1024.74,385.02,237.7,286.67,440.14,207.78,102.04,3571.83,234.3,139.24,135.51,39.39,55.72,97.87,275.06
20261008,09:19:05,49387.07,44194.53,26692.27,17568.22,125.93,1891.67,489.62,479.21,554.52,111.94,167.76,207.19,92.41,151.53,271.78,121.8,193.82,294.61,3138.75,1664.73,467.85,80.97,241.22,1024.7,385.06,237.7,286.99,440.13,207.78,102.04,3570.06,234.3,139.24,135.51,39.39,55.72,97.87,274.76
20261008,09:19:10,49385.2,44192.99,26693.98,17571.13,125.93,1891.67,490.07,479.21,554.52,111.88,167.73,207.11,92.41,151.53,271.78,121.8,193.74,294.64,3138.56,1664.8,467.68,80.99,241.33,1024.54,385.15,237.7,286.63,440.11,207.78,102.04,3569.81,234.3,139.24,135.51,39.39,55.72,97.87,274.81
20261008,09:19:15,49388.68,44196.52,26695.1,17572.89,125.87,1891.67,490.16,479.29,554.59,111.96,167.73,207.1,92.41,151.53,271.96,121.8,193.74,294.64,3138.8,1664.85,467.9,80.97,241.33,1024.33,385.22,237.7,286.95,440.12,207.84,102.04,3569.68,234.3,139.24,135.52,39.39,55.72,97.87,274.82
20261008,09:19:20,49382.35,44192.8,26688.1,17573.02,125.87,1891.89,490.08,479.11,554.59,111.96,167.72,207.06,92.41,151.5,271.96,121.92,194.06,294.64,3138.5,1664.65,468.1,80.95,241.32,1024.05,385.22,237.7,286.95,440.12,207.81,102.04,3567.46,234.3,139.24,135.52,39.39,55.72,97.87,274.85
20261008,09:19:25,49341.62,44153.22,26690.64,17576.29,126.0,1891.89,490.7,479.09,554.6,111.96,167.68,206.98,92.39,151.5,271.96,121.8,194.06,294.64,3135.23,1662.12,468.02,80.97,241.15,1024.72,385.16,237.7,286.64,440.12,207.8,102.04,3567.36,234.3,139.24,135.45,39.39,55.72,97.87,274.8
20261008,09:19:30,49384.59,44192.9,26696.45,17575.66,126.13,1891.89,490.69,479.42,554.56,111.88,167.67,206.95,92.4,151.5,271.96,121.81,194.06,294.64,3138.44,1664.57,467.91,80.93,241.27,1024.35,385.17,237.72,287.04,440.12,207.72,102.04,3569.35,234.3,139.24,135.39,39.39,55.72,97.87,274.81
20261008,09:19:35,49376.81,44182.99,26701.32,17573.49,126.19,1892.26,490.95,479.44,554.56,111.94,167.68,206.97,92.39,151.71,272.14,121.81,194.03,294.67,3137.7,1664.19,467.86,80.96,241.49,1023.69,385.19,237.73,286.92,440.12,207.74,102.04,3571.46,233.98,138.64,135.39,39.39,55.72,97.87,274.79
20261008,09:19:40,49381.95,44187.34,26707.19,17578.02,126.06,1892.26,490.96,479.44,554.56,111.94,167.64,206.83,92.39,151.53,272.14,121.81,194.03,294.67,3137.94,1664.27,468.01,80.95,241.48,1023.9,385.2,237.73,286.91,440.12,207.75,102.04,3572.06,233.99,139.24,135.35,39.39,55.7,97.87,275.13
20261008,09:19:45,49338.25,44144.78,26705.35,17575.96,126.19,1892.26,491.3,479.36,554.57,111.86,167.64,206.81,92.4,151.31,272.14,121.79,194.0,294.87,3134.56,1661.81,468.19,80.93,241.48,1023.32,385.22,237.73,286.91,440.11,207.75,102.04,3572.05,233.99,138.64,135.35,39.39,55.7,97.87,275.14
20261008,09:19:50,49381.59,44184.44,26720.72,17585.07,126.19,1892.26,491.93,479.36,554.56,111.84,167.67,206.83,92.41,151.1,272.14,121.79,194.0,294.86,3137.53,1664.12,468.21,80.97,241.23,1023.41,385.22,237.73,286.91,440.11,207.74,102.04,3574.38,233.99,139.24,135.32,39.38,55.7,97.87,275.19
20261008,09:19:55,49345.43,44149.21,26721.29,17585.73,126.19,1892.26,492.18,479.36,554.56,111.83,167.67,206.82,92.42,150.89,272.14,121.79,194.03,294.86,3134.68,1661.86,468.08,80.94,241.48,1023.58,385.17,237.73,286.9,440.11,207.73,102.04,3574.38,234.0,139.24,135.32,39.38,55.7,97.87,274.89
20261008,09:20:00,49345.6,44148.38,26725.05,17586.7,126.19,1893.57,492.19,479.36,554.7,111.85,167.66,206.78,92.42,150.86,272.14,121.79,194.03,294.86,3134.59,1661.84,468.13,80.91,241.46,1023.42,385.2,237.73,286.89,440.11,207.73,102.02,3575.29,234.0,139.24,135.32,39.38,55.7,97.87,274.89
20261008,09:20:05,49382.75,44184.57,26721.95,17583.14,126.19,1893.68,491.39,479.87,555.2,111.85,167.69,206.74,92.45,150.86,272.14,121.79,194.03,294.86,3137.59,1664.22,468.12,80.85,241.46,1023.34,385.43,237.73,286.88,440.11,207.75,102.02,3575.29,234.04,139.24,135.16,39.38,55.7,97.87,274.87
20261008,09:20:10,49374.34,44176.79,26710.13,17570.92,126.06,1893.68,490.59,479.54,555.2,111.67,167.69,206.73,92.45,150.65,272.14,121.77,194.01,294.9,3137.26,1664.1,468.31,80.86,241.2,1023.38,385.1,237.74,286.57,440.11,207.74,102.02,3574.91,234.04,138.64,135.16,39.38,55.7,97.87,274.88
20261008,09:20:15,49375.54,44177.93,26707.66,17567.94,126.06,1893.71,490.13,479.61,555.33,111.68,167.71,206.75,92.46,150.65,272.14,121.77,193.97,294.89,3137.42,1664.16,468.31,80.81,241.43,1023.43,385.35,237.74,286.58,440.11,207.74,102.02,3574.94,234.05,138.64,135.04,39.37,55.7,97.87,274.88
20261008,09:20:20,49381.31,44183.39,26714.28,17575.05,126.06,1893.71,490.69,479.61,555.45,111.68,167.7,206.77,92.45,150.64,272.14,121.75,193.97,294.89,3137.69,1664.35,468.14,80.83,241.31,1023.33,385.28,237.74,286.89,440.11,207.56,102.02,3575.08,234.05,139.24,135.04,39.37,55.7,97.87,274.86
20261008,09:20:25,49336.09,44138.88,26714.69,17574.04,126.19,1893.71,490.52,479.61,555.33,111.68,167.7,206.71,92.47,150.43,272.14,121.75,193.95,294.89,3134.13,1661.81,468.14,80.81,241.3,1023.16,385.28,237.74,286.56,440.13,207.59,102.05,3575.49,234.01,139.24,135.11,39.37,55.7,97.87,274.85
20261008,09:20:30,49331.61,44134.71,26711.57,17571.08,126.19,1893.71,490.0,479.46,555.29,111.68,167.68,206.69,92.45,150.0,272.14,121.75,193.9,294.86,3133.86,1661.67,468.04,80.81,241.06,1023.42,385.27,237.74,286.47,440.13,207.81,102.05,3575.31,234.02,139.24,135.11,39.37,55.7,97.87,274.85
20261008,09:20:35,49327.47,44130.67,26706.94,17565.76,126.06,1893.62,490.18,479.46,555.29,111.68,167.68,206.67,92.46,150.0,272.14,121.76,193.9,294.86,3133.67,1661.66,467.98,80.8,241.06,1023.12,385.27,237.74,286.41,440.13,207.67,102.05,3575.31,234.02,138.64,135.01,39.37,55.7,97.87,274.89
20261008,09:20:40,49330.97,44133.99,26706.54,17564.97,126.06,1893.52,490.1,479.44,555.38,111.68,167.66,206.66,92.45,150.0,272.11,121.76,193.86,294.79,3133.95,1661.68,467.98,80.81,241.31,1023.11,385.23,237.74,286.72,440.17,207.67,102.05,3575.4,234.01,138.64,135.01,39.31,55.7,97.87,274.9
20261008,09:20:45,49329.68,44132.25,26705.03,17561.62,126.19,1893.52,489.64,479.44,555.38,111.68,167.67,206.64,92.46,150.0,272.11,121.76,193.86,294.77,3133.89,1661.68,467.98,80.83,241.3,1023.35,385.22,237.76,286.41,440.17,207.63,102.05,3575.84,234.01,138.64,135.02,39.31,55.7,97.87,274.9
20261008,09:20:50,49328.11,44130.97,26702.61,17559.67,126.06,1893.52,489.55,479.44,555.31,111.6,167.68,206.68,92.45,149.79,272.11,121.76,193.86,294.77,3133.84,1661.57,468.05,80.75,241.04,1023.33,385.19,237.76,286.82,440.16,207.63,102.05,3575.61,234.01,138.64,135.02,39.3,55.7,97.87,274.83
20261008,09:20:55,49324.44,44127.22,26703.44,17560.04,126.19,1893.52,489.55,479.44,555.32,111.68,167.66,206.62,92.45,149.8,272.11,121.76,193.86,294.77,3133.53,1661.53,468.01,80.73,241.04,1023.28,385.05,237.76,286.46,440.11,207.6,102.05,3575.77,234.01,138.64,135.11,39.3,55.7,97.87,274.83
20261008,09:21:00,49326.74,44129.28,26702.16,17557.97,126.06,1892.1,489.37,479.36,555.25,111.6,167.67,206.66,92.45,149.8,272.11,121.76,193.86,294.76,3133.74,1661.55,468.17,80.74,241.04,1023.1,385.2,237.76,286.79,440.14,207.63,102.05,3575.93,234.01,138.64,135.11,39.3,55.7,97.87,274.93
20261008,09:21:05,49323.63,44126.25,26707.93,17564.57,126.06,1892.14,489.74,479.48,555.25,111.5,167.66,206.62,92.45,149.8,272.11,121.76,193.89,294.79,3133.34,1661.34,467.83,80.73,241.04,1023.32,385.17,237.76,286.69,440.14,207.58,102.05,3575.94,234.01,139.24,135.11,39.3,55.7,97.87,274.9
20261008,09:21:10,49317.71,44120.47,26700.4,17555.91,126.06,1893.56,489.1,479.48,555.2,111.51,167.62,206.54,92.43,150.01,272.11,121.75,194.1,294.78,3133.08,1661.24,467.89,80.71,241.04,1023.04,384.91,237.76,286.67,440.15,207.6,102.05,3575.94,234.01,138.64,135.1,39.3,55.7,97.87,274.95
20261008,09:21:15,49357.05,44158.35,26697.73,17551.32,126.06,1892.14,488.59,479.56,555.2,111.5,167.61,206.55,92.43,149.8,272.11,121.75,194.06,294.75,3136.24,1663.65,467.87,80.66,240.99,1023.29,384.92,237.7,286.66,440.15,207.6,102.02,3576.35,234.01,138.64,135.1,39.3,55.71,97.87,274.99
20261008,09:21:20,49306.18,44108.56,26689.59,17541.18,126.06,1892.14,487.94,479.33,555.15,111.41,167.61,206.55,92.42,149.8,271.99,121.75,194.06,294.78,3132.48,1660.91,467.89,80.64,241.15,1023.06,384.92,237.7,286.35,440.2,207.6,102.02,3576.56,234.01,138.05,135.09,39.3,55.71,97.87,274.96
20261008,09:21:25,49307.14,44109.5,26688.17,17539.56,126.06,1892.14,488.02,479.59,555.15,111.33,167.42,206.57,92.27,149.81,271.99,121.76,194.02,294.78,3132.59,1660.95,467.92,80.65,240.97,1022.93,384.91,237.7,286.65,440.19,207.61,102.02,3576.56,234.05,138.05,134.99,39.3,55.71,97.87,274.95
20261008,09:21:30,49345.2,44145.91,26689.26,17538.55,126.06,1892.14,487.94,479.59,555.0,111.41,167.42,206.59,92.27,149.81,271.99,121.76,194.04,294.77,3135.55,1663.32,467.93,80.61,240.96,1023.12,384.92,237.7,286.35,440.19,207.61,102.02,3577.17,234.01,138.05,134.99,39.3,55.7,97.87,274.93
20261008,09:21:35,49352.13,44152.96,26687.0,17536.95,126.06,1892.14,487.57,479.66,555.0,111.33,167.43,206.55,92.28,150.02,272.11,121.88,194.02,294.77,3136.16,1663.45,468.03,80.65,240.96,1023.83,384.92,237.7,286.45,440.24,207.59,102.02,3576.9,234.01,138.05,134.99,39.3,55.69,97.87,275.01
20261008,09:21:40,49352.55,44155.33,26681.78,17537.5,126.06,1892.14,487.49,479.59,555.0,111.33,167.44,206.6,92.28,150.02,272.11,121.88,194.04,294.77,3136.33,1663.3,468.03,80.64,240.99,1024.32,384.92,237.7,286.76,440.22,207.65,102.02,3575.12,234.33,138.04,134.99,39.3,55.71,97.87,275.01
20261008,09:21:45,49309.45,44113.48,26681.91,17538.16,126.06,1892.2,487.66,479.59,554.92,111.31,167.43,206.59,92.27,149.81,272.11,121.88,194.02,294.77,3132.94,1660.8,467.85,80.64,240.99,1024.18,384.92,237.72,286.74,440.24,207.64,102.02,3574.98,234.33,138.04,135.02,39.3,55.71,97.87,275.01
20261008,09:21:50,49353.63,44155.95,26686.73,17541.76,126.06,1892.2,487.92,479.56,554.92,111.32,167.44,206.63,92.27,150.02,272.11,121.88,194.03,294.77,3136.28,1663.39,467.9,80.65,240.99,1024.51,384.97,237.71,286.38,440.23,207.78,102.02,3575.51,234.33,138.04,135.03,39.3,55.71,97.87,275.01
20261008,09:21:55,49353.92,44156.25,26687.69,17542.9,126.06,1892.2,488.37,479.64,554.87,111.22,167.46,206.71,92.27,149.81,272.11,121.88,194.03,294.76,3136.28,1663.39,467.89,80.63,240.95,1024.55,384.95,237.71,286.41,440.23,207.6,102.02,3575.5,234.33,138.04,135.03,39.3,55.71,97.87,275.01
20261008,09:22:00,49314.41,44117.52,26684.24,17538.19,126.06,1892.2,487.92,479.56,554.87,111.28,167.46,206.71,92.27,149.59,271.93,121.75,194.03,294.75,3133.27,1660.91,468.14,80.63,241.2,1024.54,384.92,237.71,286.44,440.15,207.6,102.02,3575.7,234.33,138.04,135.03,39.31,55.7,97.87,274.96
20261008,09:22:05,49311.86,44115.61,26677.26,17532.05,126.06,1891.8,487.12,479.56,554.87,111.2,167.46,206.74,92.26,149.6,271.93,121.77,194.07,294.75,3133.26,1660.91,468.23,80.67,241.23,1024.35,384.89,237.71,286.4,440.16,207.6,102.02,3575.19,234.31,138.04,135.02,39.31,55.7,97.87,274.98
20261008,09:22:10,49308.94,44112.76,26676.25,17530.88,126.06,1891.8,486.95,479.56,554.86,111.29,167.43,206.7,92.25,149.39,271.81,121.81,194.07,294.75,3133.06,1660.84,468.13,80.65,240.98,1024.03,384.88,237.61,286.75,440.13,207.6,102.02,3575.19,234.31,138.04,135.02,39.31,55.7,97.87,275.07
20261008,09:22:15,49303.08,44106.9,26671.14,17524.52,126.12,1891.57,486.14,479.56,554.72,111.28,167.44,206.71,92.25,149.17,271.93,121.8,194.12,294.76,3132.74,1660.7,468.17,80.62,240.98,1023.74,384.66,237.61,286.76,440.12,207.59,102.02,3575.32,234.31,138.05,135.02,39.31,55.7,97.87,275.1
20261008,09:22:20,49301.44,44106.68,26670.98,17528.97,126.12,1891.69,486.6,479.49,554.8,111.28,167.43,206.7,92.25,149.59,271.93,121.81,194.16,294.76,3132.62,1660.62,467.94,80.66,240.97,1023.86,384.64,237.61,286.75,440.11,207.6,102.02,3574.06,234.31,138.05,135.1,39.31,55.7,97.87,275.08
20261008,09:22:25,49336.41,44141.02,26670.5,17529.27,126.12,1891.69,486.68,479.64,554.76,111.28,167.44,206.72,92.25,149.59,271.81,121.78,194.16,294.75,3135.38,1663.0,467.91,80.65,240.98,1023.76,384.61,237.37,286.29,440.17,207.58,102.0,3573.83,234.31,138.05,135.1,39.31,55.7,97.87,275.1
20261008,09:22:30,49300.14,44104.9,26676.06,17533.09,126.12,1891.69,487.23,479.63,554.8,111.27,167.43,206.68,92.25,149.59,271.81,121.78,194.14,294.74,3132.38,1660.75,467.87,80.62,240.98,1023.71,384.61,237.37,286.24,440.15,207.57,102.0,3574.53,234.31,138.05,135.07,39.31,55.7,97.87,275.11
20261008,09:22:35,49299.96,44104.77,26677.06,17534.37,126.12,1891.69,487.31,479.55,554.88,111.27,167.41,206.6,92.25,149.81,271.81,121.78,194.16,294.74,3132.33,1660.73,467.64,80.61,240.97,1023.57,384.64,237.37,286.54,440.17,207.64,102.0,3574.5,234.31,138.05,135.05,39.31,55.7,97.87,275.06
20261008,09:22:40,49299.89,44105.55,26677.17,17537.36,126.12,1891.69,487.23,479.55,554.86,111.35,167.42,206.59,92.26,149.81,271.81,121.78,194.12,294.74,3132.33,1660.8,467.31,80.61,240.97,1023.62,384.58,237.37,286.57,440.18,207.52,102.0,3573.72,234.31,138.64,134.95,39.31,55.7,97.87,275.06
20261008,09:22:45,49335.51,44140.43,26673.82,17534.05,126.12,1891.69,486.77,479.55,554.93,111.27,167.41,206.54,92.26,149.59,271.81,121.91,194.12,294.74,3135.22,1663.1,467.32,80.58,240.96,1023.53,384.58,237.37,286.53,440.18,207.47,102.0,3573.57,234.38,138.64,134.95,39.31,55.7,97.87,275.08
20261008,09:22:50,49327.95,44132.59,26669.72,17527.75,126.12,1891.69,486.68,479.55,554.93,111.27,167.41,206.5,92.27,149.59,271.81,121.78,194.14,294.74,3134.74,1663.1,467.28,80.57,240.95,1022.85,384.57,237.37,286.22,440.18,207.47,102.0,3574.0,234.38,138.04,134.92,39.31,55.7,97.87,275.09
20261008,09:22:55,49329.55,44134.67,26671.83,17531.91,126.12,1891.69,486.68,479.55,554.51,111.27,167.41,206.49,92.28,149.59,271.81,121.78,194.14,294.72,3134.8,1663.13,467.5,80.57,240.95,1022.7,384.57,237.37,286.21,440.19,207.54,102.0,3573.53,234.38,138.63,134.92,39.3,55.7,97.87,275.12
20261008,09:23:00,49286.11,44092.19,26668.56,17527.64,126.25,1891.69,486.68,479.52,554.51,111.27,167.42,206.54,92.27,149.59,271.81,121.8,194.12,294.71,3131.48,1660.59,467.36,80.52,240.95,1022.85,384.62,237.37,286.22,440.19,207.54,102.0,3573.67,234.38,138.04,134.93,39.3,55.7,97.87,275.11
20261008,09:23:05,49286.46,44092.5,26669.7,17528.87,126.25,1891.69,486.83,479.58,554.51,111.19,167.44,206.63,92.27,149.59,272.17,121.8,194.2,294.71,3131.48,1660.61,467.35,80.54,241.2,1022.55,384.61,237.34,286.22,440.2,207.59,102.0,3573.69,234.38,138.04,134.73,39.3,55.7,97.87,275.06
20261008,09:23:10,49278.25,44086.55,26662.11,17526.98,126.12,1891.62,486.75,479.65,554.25,111.27,167.44,206.6,92.28,149.59,271.99,121.8,194.2,294.71,3131.04,1660.57,467.24,80.54,240.93,1022.02,384.61,237.34,286.21,440.14,207.59,102.0,3571.83,234.38,138.04,134.73,39.3,55.7,97.87,275.06
20261008,09:23:15,49273.15,44080.92,26664.83,17527.91,126.25,1891.62,486.75,479.63,554.25,111.27,167.46,206.65,92.29,149.59,271.99,121.8,194.14,294.7,3130.57,1660.53,467.22,80.52,240.93,1021.09,384.62,237.34,286.21,440.14,207.59,102.0,3572.43,234.42,138.04,134.81,39.3,55.7,97.87,275.06
20261008,09:23:20,49277.75,44085.4,26666.02,17529.29,126.06,1891.62,486.83,479.66,554.25,111.27,167.46,206.63,92.28,149.8,272.17,121.78,194.14,294.7,3130.9,1660.72,467.23,80.52,240.94,1020.81,384.88,237.34,286.52,440.14,207.73,102.0,3572.43,234.46,138.04,134.81,39.3,55.7,97.87,274.99
20261008,09:23:25,49277.28,44082.94,26668.02,17524.88,126.06,1891.62,486.2,479.66,554.23,111.27,167.44,206.58,92.28,149.59,272.17,121.78,194.14,294.7,3130.8,1660.74,467.18,80.52,240.93,1020.98,384.87,237.35,286.21,440.13,207.79,102.0,3574.25,234.46,138.04,134.87,39.3,55.7,97.87,274.98
20261008,09:23:30,49271.02,44077.81,26664.82,17524.43,126.06,1891.62,486.2,479.73,554.22,111.26,167.43,206.6,92.27,149.59,272.17,121.78,194.12,294.7,3130.4,1660.4,467.17,80.49,240.92,1021.15,384.86,237.36,286.2,440.13,207.76,102.0,3573.37,234.46,138.04,134.85,39.3,55.7,97.87,274.98
20261008,09:23:35,49317.99,44122.29,26671.55,17527.86,126.06,1891.72,486.83,479.73,554.22,111.26,167.4,206.61,92.24,149.81,272.03,121.78,194.15,294.71,3133.9,1662.99,467.18,80.56,240.92,1021.37,384.82,237.36,286.21,440.14,207.73,102.0,3574.54,234.46,138.04,134.55,39.3,55.7,97.87,274.98
20261008,09:23:40,49312.9,44117.76,26670.56,17528.17,126.25,1891.72,486.38,479.75,554.17,111.26,167.39,206.55,92.24,149.81,272.03,121.78,194.13,294.72,3133.53,1662.89,467.2,80.57,240.93,1020.63,384.8,237.35,286.3,440.13,207.58,102.0,3574.15,234.46,138.62,134.59,39.3,55.7,97.87,274.98
20261008,09:23:45,49275.5,44081.48,26667.39,17525.05,126.12,1891.72,486.75,479.73,554.17,111.26,167.42,206.59,92.26,149.84,272.03,121.78,194.15,294.73,3130.68,1660.54,467.17,80.58,241.1,1020.98,384.79,237.33,286.28,440.18,207.44,102.0,3574.01,234.46,138.03,134.59,39.3,55.7,97.87,274.98
20261008,09:23:50,49281.0,44086.91,26669.84,17528.11,126.12,1891.72,486.92,479.73,554.09,111.26,167.45,206.63,92.28,149.84,272.03,121.76,194.17,294.74,3131.05,1660.64,467.28,80.59,240.93,1021.12,384.93,237.33,286.61,440.15,207.62,102.0,3573.94,234.51,138.05,134.62,39.3,55.7,97.87,274.98
20261008,09:23:55,49282.28,44090.08,26663.17,17526.91,126.12,1891.7,486.75,479.72,554.1,111.26,167.44,206.6,92.27,149.62,272.21,121.76,194.23,294.74,3131.33,1660.97,467.16,80.46,240.94,1021.01,384.93,237.33,286.7,440.17,207.64,102.0,3572.18,234.51,138.05,134.62,39.3,55.7,97.87,274.98
20261008,09:24:00,49324.01,44130.45,26669.44,17533.13,126.12,1891.7,486.84,479.8,554.1,111.26,167.44,206.57,92.29,150.05,272.21,121.76,194.2,294.72,3134.43,1663.3,467.29,80.45,240.94,1021.51,384.91,237.33,286.39,440.15,207.65,102.0,3572.45,234.51,138.64,134.65,39.3,55.7,97.87,275.01
20261008,09:24:05,49286.3,44093.14,26681.49,17545.09,126.11,1891.69,486.84,479.8,554.09,111.28,167.25,206.52,92.14,149.84,272.21,121.76,194.17,294.81,3131.14,1660.81,467.34,80.47,240.93,1021.29,384.69,237.33,286.39,440.11,207.65,102.0,3572.97,234.51,140.42,134.65,39.29,55.71,97.87,274.96
20261008,09:24:10,49287.16,44093.74,26682.83,17545.83,126.11,1891.69,487.47,479.7,554.09,111.35,167.24,206.49,92.14,149.84,272.21,121.76,194.17,294.81,3131.17,1660.81,467.37,80.51,240.93,1021.21,385.0,237.33,286.39,440.11,207.73,102.0,3573.19,234.51,139.83,134.65,39.29,55.71,97.87,275.02
20261008,09:24:15,49330.66,44134.29,26685.4,17542.64,126.11,1891.73,487.4,479.72,553.82,111.35,167.22,206.43,92.13,149.62,272.33,121.77,194.15,294.8,3134.51,1663.32,467.17,80.51,241.11,1021.5,385.01,237.33,286.38,440.11,207.58,102.02,3574.86,234.51,139.83,134.66,39.29,55.71,97.87,275.02
20261008,09:24:20,49320.72,44125.2,26679.8,17538.19,126.11,1891.96,487.39,479.82,553.82,111.43,167.23,206.46,92.13,149.63,272.21,121.77,194.17,294.8,3133.89,1663.11,467.03,80.5,241.11,1020.84,385.01,237.33,286.36,440.11,207.57,102.02,3574.32,234.46,139.24,134.66,39.29,55.71,97.87,275.03
20261008,09:24:25,49322.59,44126.76,26685.61,17544.03,126.11,1891.91,487.48,479.72,553.82,111.44,167.24,206.51,92.14,149.42,272.21,121.77,194.17,294.8,3133.87,1663.06,467.11,80.46,241.12,1020.51,385.01,237.33,286.69,440.03,207.57,102.02,3574.55,234.46,139.83,134.66,39.29,55.71,97.87,275.3
20261008,09:24:30,49281.76,44086.9,26686.83,17545.18,126.11,1891.91,487.57,479.8,553.91,111.52,167.23,206.5,92.13,149.63,272.21,121.75,194.15,294.8,3130.63,1660.67,467.15,80.5,241.13,1020.6,385.05,237.33,286.28,440.02,207.57,101.98,3574.62,234.46,139.83,134.6,39.29,55.73,97.87,275.32
20261008,09:24:35,49320.38,44124.27,26686.46,17543.86,126.11,1891.91,487.48,479.67,553.91,111.35,167.23,206.49,92.13,149.85,272.21,121.77,194.15,294.83,3133.68,1663.05,466.98,80.56,240.95,1020.7,385.05,237.33,286.3,440.01,207.54,101.98,3574.86,234.46,139.83,134.6,39.29,55.71,97.87,275.29
20261008,09:24:40,49326.1,44130.48,26689.27,17549.23,126.24,1891.91,487.56,479.47,553.9,111.37,167.23,206.46,92.13,149.63,272.21,121.8,194.15,294.78,3134.05,1663.12,467.17,80.57,240.95,1020.73,385.16,237.33,286.6,440.03,207.54,101.98,3574.28,234.46,140.42,134.6,39.29,55.71,97.87,275.3
20261008,09:24:45,49284.82,44090.25,26689.53,17549.53,126.11,1891.84,487.56,479.78,553.87,111.47,167.24,206.53,92.13,149.63,272.21,121.82,194.19,294.78,3130.8,1660.62,467.09,80.58,240.94,1021.23,384.83,237.33,286.27,440.03,207.54,101.98,3574.28,234.4,140.42,134.6,39.29,55.71,97.87,275.3
20261008,09:24:50,49327.73,44132.07,26685.0,17544.31,126.11,1891.84,487.47,479.7,553.94,111.47,167.25,206.53,92.14,149.62,272.21,121.84,194.17,294.77,3134.3,1663.16,467.06,80.6,241.05,1021.23,384.83,237.33,286.59,440.01,207.54,101.98,3574.28,234.4,139.83,134.6,39.34,55.69,97.87,275.28
20261008,09:24:55,49287.5,44092.5,26685.71,17543.91,126.11,1891.84,486.84,479.68,553.94,111.38,167.24,206.54,92.13,149.62,272.21,121.84,194.14,294.77,3131.12,1660.69,467.05,80.6,241.05,1021.36,385.15,237.35,286.49,440.01,207.54,101.98,3574.61,234.4,140.42,134.56,39.34,55.69,97.87,275.27
20261008,09:25:00,49279.26,44084.51,26681.18,17538.82,126.11,1891.84,486.84,479.78,553.94,111.46,167.21,206.46,92.12,149.39,272.21,121.82,194.14,294.77,3130.59,1660.73,467.07,80.59,241.05,1020.43,385.13,237.35,286.17,440.07,207.54,101.98,3574.58,234.4,139.83,134.56,39.34,55.69,97.87,275.27
20261008,09:25:05,49280.04,44084.78,26680.62,17536.55,126.11,1891.84,486.58,479.69,553.86,111.54,167.22,206.47,92.12,149.39,272.21,121.82,194.14,294.77,3130.67,1660.56,467.21,80.61,241.05,1020.54,385.14,237.35,286.47,440.06,207.54,101.98,3575.02,234.41,139.83,134.56,39.29,55.67,97.87,275.26
20261008,09:25:10,49320.97,44124.55,26680.6,17536.11,126.11,1891.76,486.59,479.48,553.86,111.46,167.21,206.43,92.13,149.39,272.21,121.81,194.14,294.77,3133.89,1663.16,467.25,80.61,241.03,1020.52,385.46,237.34,286.15,440.06,207.55,102.01,3575.13,234.41,139.83,134.55,39.29,55.67,97.87,275.23
20261008,09:25:15,49276.31,44081.61,26674.59,17531.16,126.11,1891.76,485.88,479.56,553.86,111.45,167.21,206.43,92.13,149.4,272.21,121.81,194.14,294.77,3130.55,1660.65,467.15,80.6,241.02,1020.49,385.45,237.34,286.13,440.02,207.57,102.01,3574.6,234.41,139.83,134.55,39.29,55.67,97.87,275.24
20261008,09:25:20,49312.34,44116.13,26664.68,17517.78,126.11,1891.82,484.78,479.58,553.86,111.45,167.18,206.35,92.12,149.19,272.21,121.81,194.14,294.77,3133.65,1662.96,467.17,80.53,241.02,1020.42,385.52,237.34,286.46,440.07,207.56,102.01,3575.13,234.41,139.23,134.55,39.28,55.67,97.87,275.25
20261008,09:25:25,49306.79,44110.88,26663.31,17516.72,126.11,1891.82,484.7,479.58,553.86,111.45,167.19,206.36,92.12,148.98,272.21,121.77,194.14,294.75,3133.25,1662.82,467.21,80.51,241.02,1020.3,385.54,237.34,286.15,440.07,207.56,102.05,3574.99,234.41,139.23,134.55,39.28,55.67,97.87,275.26
20261008,09:25:30,49270.06,44074.99,26662.75,17515.75,126.11,1891.82,484.7,479.57,553.79,111.47,167.16,206.31,92.11,148.98,272.39,121.77,194.14,294.72,3130.38,1660.5,467.19,80.52,241.12,1020.16,385.54,237.34,286.45,440.08,207.51,102.05,3575.08,234.41,139.23,134.54,39.28,55.67,97.87,275.26
20261008,09:25:35,49304.84,44108.82,26664.85,17517.96,126.11,1891.91,484.62,479.44,553.86,111.47,167.34,206.3,92.26,148.98,272.57,121.77,194.14,294.75,3133.06,1662.71,467.09,80.57,241.12,1019.73,385.58,237.34,286.43,440.19,207.55,102.05,3575.13,234.41,139.23,134.54,39.27,55.67,97.87,275.26
20261008,09:25:40,49307.46,44111.0,26670.19,17522.86,126.11,1891.91,484.7,479.44,553.93,111.46,167.34,206.28,92.26,148.55,272.57,121.77,193.98,294.75,3133.11,1662.76,467.16,80.6,240.89,1019.74,385.58,237.34,286.47,440.19,207.56,102.05,3575.47,234.41,139.82,134.54,39.27,55.68,97.87,275.26
20261008,09:25:45,49304.79,44109.02,26668.87,17523.42,126.24,1891.91,484.7,479.29,553.93,111.46,167.33,206.22,92.27,148.34,272.57,121.89,193.98,294.76,3132.94,1662.91,467.03,80.57,240.9,1019.45,385.58,237.34,286.16,440.21,207.55,102.05,3574.91,234.41,139.82,134.54,39.27,55.68,97.87,275.26
20261008,09:25:50,49262.1,44066.57,26666.75,17518.12,126.11,1891.91,484.07,479.26,553.86,111.38,167.33,206.22,92.27,148.34,272.57,121.89,194.0,294.76,3129.65,1660.38,467.09,80.55,240.97,1019.34,385.57,237.34,286.15,440.21,207.56,102.05,3575.69,234.41,139.82,134.54,39.27,55.68,97.87,275.27
20261008,09:25:55,49300.27,44103.99,26665.91,17517.93,126.11,1891.91,484.08,479.13,553.86,111.46,167.31,206.17,92.26,148.13,272.68,121.87,193.98,294.76,3132.67,1662.71,467.06,80.58,240.98,1019.31,385.58,237.34,286.16,440.19,207.58,102.05,3575.47,234.41,139.82,134.54,39.27,55.7,97.87,275.25
20261008,09:26:00,49288.03,44094.19,26651.54,17508.48,126.11,1891.93,483.53,479.06,553.86,111.46,167.3,206.15,92.26,148.12,272.68,121.87,193.98,294.73,3132.1,1662.57,467.06,80.55,241.0,1018.53,385.54,237.34,286.1,440.2,207.55,102.05,3573.55,234.41,139.23,134.54,39.27,55.7,97.87,275.23
20261008,09:26:05,49257.86,44062.94,26670.87,17524.53,126.11,1891.93,484.41,479.03,553.93,111.39,167.3,206.11,92.26,148.34,272.68,121.87,194.02,294.77,3129.2,1660.27,467.06,80.58,241.0,1018.74,385.53,237.34,286.05,440.2,207.55,102.05,3575.23,234.41,140.4,134.54,39.27,55.66,97.87,275.22
20261008,09:26:10,49296.09,44099.8,26667.57,17519.45,126.24,1891.93,484.41,479.03,553.96,111.39,167.3,206.11,92.26,148.34,272.68,121.75,194.06,294.78,3132.29,1662.66,467.09,80.55,241.0,1018.72,385.54,237.34,286.04,440.15,207.55,102.05,3575.58,234.42,139.81,134.54,39.27,55.66,97.87,275.22
20261008,09:26:15,49258.04,44062.73,26671.56,17524.04,126.24,1891.93,484.4,479.11,553.83,111.4,167.28,206.05,92.26,148.55,272.74,121.75,194.06,294.81,3129.19,1660.19,466.9,80.53,241.0,1018.83,385.53,237.34,286.36,440.2,207.55,102.05,3575.58,234.42,140.41,134.54,39.27,55.64,97.87,275.25
20261008,09:26:20,49294.56,44098.65,26670.46,17523.89,126.18,1893.31,484.41,479.03,553.9,111.4,167.29,206.07,92.26,148.76,272.74,121.77,194.06,294.81,3132.09,1662.52,467.09,80.49,241.0,1018.8,385.65,237.34,286.03,440.2,207.43,102.05,3575.28,234.42,140.41,134.54,39.27,55.64,97.87,275.24
20261008,09:26:25,49292.99,44097.12,26669.97,17523.33,126.18,1894.73,484.33,479.03,553.87,111.4,167.28,206.07,92.26,148.76,272.89,121.77,194.06,294.81,3131.98,1662.46,466.99,80.47,240.87,1018.9,385.59,237.34,286.09,440.3,207.45,102.07,3575.28,234.42,140.41,134.54,39.27,55.64,97.87,274.95
20261008,09:26:30,49250.43,44055.65,26659.17,17510.89,126.18,1894.73,483.24,479.13,553.87,111.48,167.27,206.03,92.26,148.76,273.07,121.77,194.06,294.81,3128.94,1660.1,467.0,80.47,240.86,1019.0,385.44,237.34,286.08,440.3,207.44,102.07,3575.28,234.42,139.82,134.53,39.27,55.64,97.87,274.97
20261008,09:26:35,49247.26,44051.24,26668.68,17517.44,126.18,1894.73,483.25,479.11,553.87,111.47,167.27,206.08,92.25,148.55,273.07,121.79,194.06,294.81,3128.43,1659.66,467.0,80.42,240.87,1019.22,385.4,237.33,286.07,440.3,207.61,102.07,3576.47,234.42,140.41,134.53,39.27,55.66,97.87,274.98
20261008,09:26:40,49243.31,44047.39,26669.85,17518.79,126.11,1894.73,483.69,479.03,553.89,111.47,167.27,206.06,92.25,148.55,273.07,121.79,194.06,294.82,3128.09,1659.55,466.77,80.41,240.86,1019.01,385.34,237.33,286.08,440.3,207.42,102.1,3576.47,234.37,140.42,134.63,39.27,55.64,97.87,274.96
20261008,09:26:45,49245.78,44049.85,26666.35,17514.92,126.05,1894.73,483.86,479.03,553.89,111.47,167.25,206.05,92.24,148.76,273.07,121.79,194.06,294.84,3128.38,1659.81,466.76,80.4,240.8,1018.99,385.33,237.33,286.08,440.29,207.38,102.1,3576.43,234.42,139.83,134.63,39.27,55.64,97.87,274.95
20261008,09:26:50,49244.31,44049.02,26666.88,17517.55,126.05,1894.73,484.04,478.99,553.93,111.41,167.27,206.05,92.26,148.55,273.07,121.79,194.06,294.8,3128.25,1659.67,466.69,80.37,240.81,1018.82,385.36,237.33,286.39,440.3,207.6,102.1,3575.88,234.42,139.83,134.5,39.27,55.64,97.87,274.95
20261008,09:26:55,49280.79,44084.19,26667.16,17516.63,126.05,1894.73,483.94,479.12,553.85,111.41,167.26,206.04,92.25,148.34,273.07,121.79,194.06,294.76,3131.1,1662.0,466.72,80.34,240.8,1018.91,385.36,237.31,286.05,440.3,207.6,102.1,3576.22,234.41,139.83,134.59,39.27,55.64,97.87,274.96
20261008,09:27:00,49236.61,44041.2,26666.09,17515.56,126.05,1894.73,483.86,479.05,553.85,111.41,167.26,206.05,92.25,148.34,273.07,121.79,194.06,294.76,3127.66,1659.45,466.72,80.2,240.79,1018.87,385.36,237.31,286.05,440.3,207.6,102.1,3576.17,234.41,139.83,134.59,39.27,55.64,97.87,274.85
20261008,09:27:05,49232.94,44038.43,26664.78,17516.79,126.05,1894.73,483.95,479.07,553.85,111.33,167.26,205.99,92.26,148.55,273.19,121.79,194.06,294.74,3127.41,1659.4,466.76,80.13,240.78,1018.54,385.34,237.31,286.03,440.3,207.6,102.1,3575.43,234.41,139.84,134.59,39.35,55.64,97.87,274.87
20261008,09:27:10,49231.83,44037.72,26664.66,17517.9,126.05,1896.15,483.87,478.94,553.85,111.31,167.27,205.99,92.27,148.55,273.19,121.91,193.99,294.74,3127.33,1659.34,466.78,80.12,240.66,1018.63,385.34,237.31,286.04,440.31,207.6,102.1,3575.09,234.41,139.84,134.5,39.35,55.64,97.87,275.15
20261008,09:27:15,49235.87,44042.26,26666.06,17521.5,126.05,1894.73,483.96,479.0,553.86,111.31,167.29,205.94,92.29,148.54,273.19,121.91,193.84,294.74,3127.61,1659.27,466.77,80.09,240.64,1019.59,385.34,237.31,286.04,440.31,207.45,102.1,3574.55,234.42,140.43,134.49,39.35,55.64,97.87,275.17
20261008,09:27:20,49235.36,44041.38,26664.87,17518.88,126.05,1894.73,483.78,479.25,553.86,111.31,167.26,205.91,92.28,148.31,273.19,121.79,193.86,294.74,3127.6,1659.25,466.63,80.04,240.87,1019.57,385.33,237.31,286.12,440.26,207.45,102.1,3574.89,234.42,140.43,134.46,39.35,55.64,97.87,275.15
20261008,09:27:25,49229.88,44038.21,26654.31,17513.98,126.12,1894.73,483.32,479.18,553.25,111.22,167.26,205.98,92.26,148.53,273.19,121.8,193.88,294.71,3127.46,1659.23,466.62,80.05,240.88,1019.26,385.35,237.31,286.11,440.35,207.45,102.1,3572.92,234.42,140.43,134.47,39.35,55.68,97.86,275.13
20261008,09:27:30,49220.08,44028.09,26649.24,17506.23,126.12,1894.73,482.44,479.23,553.03,111.22,167.24,205.9,92.26,148.53,273.19,121.78,193.88,294.72,3126.83,1659.3,466.56,79.99,240.73,1017.92,385.27,237.31,286.11,440.35,207.44,102.1,3573.44,234.42,140.43,134.44,39.35,55.65,97.86,275.13
20261008,09:27:35,49216.73,44024.42,26646.41,17501.61,126.25,1895.93,482.44,479.23,552.88,111.24,167.21,205.91,92.23,148.53,273.19,121.76,193.96,294.71,3126.65,1659.26,466.62,79.98,240.57,1017.7,385.33,237.31,286.1,440.34,207.55,102.1,3573.81,234.42,139.84,134.44,39.35,55.65,97.86,274.83
20261008,09:27:40,49219.18,44027.08,26648.37,17504.75,126.25,1895.93,482.99,479.22,552.63,111.24,167.22,205.91,92.24,148.53,273.19,121.76,193.88,294.7,3126.79,1659.2,466.62,79.98,240.57,1018.22,385.33,237.31,286.09,440.36,207.54,102.1,3573.57,234.42,139.84,134.4,39.35,55.65,97.86,274.83
20261008,09:27:45,49211.67,44019.72,26648.0,17504.21,126.25,1894.51,482.54,479.29,552.63,111.24,167.22,205.89,92.24,148.32,273.19,121.76,193.9,294.7,3126.21,1659.09,466.6,79.92,240.82,1017.29,385.26,237.31,285.95,440.35,207.43,102.1,3573.6,234.42,140.43,134.37,39.35,55.65,97.86,274.84
20261008,09:27:50,49207.14,44014.6,26651.38,17505.75,126.26,1894.51,482.54,479.27,552.7,111.24,167.21,205.89,92.24,148.32,273.19,121.77,194.11,294.68,3125.76,1658.92,466.45,79.91,240.42,1017.41,385.33,237.31,285.84,440.36,207.54,102.1,3574.24,234.42,140.43,134.39,39.35,55.65,97.86,274.83
20261008,09:27:55,49197.95,44005.47,26650.56,17504.2,126.26,1894.51,482.62,479.04,552.63,111.13,167.22,205.89,92.25,148.32,273.19,121.77,194.11,294.65,3125.06,1658.84,466.21,79.82,240.42,1016.45,385.31,237.31,285.83,440.34,207.4,102.1,3574.4,234.42,140.42,134.43,39.35,55.65,97.86,274.81
20261008,09:28:00,49195.8,44003.52,26649.11,17503.03,126.26,1894.51,482.62,478.97,552.16,111.13,167.21,205.89,92.24,148.32,273.19,121.89,194.11,294.64,3124.93,1658.81,466.19,79.74,240.42,1016.51,385.33,237.31,285.74,440.33,207.4,102.1,3574.27,234.42,140.42,134.43,39.36,55.65,97.86,274.77
20261008,09:28:05,49189.77,43995.12,26652.78,17498.8,126.27,1894.51,482.52,478.96,552.51,111.12,167.24,205.91,92.26,148.32,273.19,121.89,194.09,294.61,3124.35,1658.77,466.04,79.74,240.66,1015.23,385.31,237.31,285.73,440.35,207.4,102.1,3576.56,234.42,139.83,134.39,39.35,55.65,97.86,274.77
20261008,09:28:10,49195.71,44001.79,26653.94,17503.11,126.27,1894.47,482.6,478.83,552.62,111.12,167.22,205.84,92.26,148.32,273.19,121.77,194.09,294.59,3124.79,1658.9,466.17,79.75,240.38,1015.93,385.3,237.41,285.75,440.36,207.37,102.07,3575.76,234.42,140.42,134.39,39.35,55.65,97.86,274.82
20261008,09:28:15,49199.68,44005.41,26653.24,17501.46,126.27,1894.47,482.42,478.82,552.41,111.12,167.17,205.77,92.24,148.53,273.19,121.77,194.09,294.6,3125.12,1658.81,466.29,79.77,240.4,1016.4,385.3,237.41,286.07,440.35,207.39,102.07,3575.99,234.42,140.42,134.39,39.35,55.65,97.86,274.9
20261008,09:28:20,49247.08,44051.59,26656.62,17505.34,126.27,1894.47,482.97,478.82,552.4,111.12,167.18,205.8,92.24,148.56,273.19,121.77,194.02,294.62,3128.75,1661.15,466.29,79.83,240.56,1017.5,385.29,237.5,286.1,440.35,207.39,102.07,3575.99,234.42,140.42,134.32,39.35,55.65,97.86,274.92
20261008,09:28:25,49245.53,44050.25,26658.22,17507.7,126.27,1894.47,483.22,478.82,552.47,111.13,167.2,205.86,92.24,148.56,273.19,121.77,194.02,294.62,3128.58,1661.17,466.29,79.87,240.56,1017.39,385.24,237.5,285.78,440.41,207.39,102.07,3575.84,234.42,140.42,134.32,39.35,55.65,97.86,274.91
20261008,09:28:30,49253.27,44057.78,26663.21,17513.46,126.33,1894.47,483.93,478.81,552.44,111.13,167.23,205.85,92.27,148.79,273.19,121.75,194.04,294.62,3129.05,1661.35,466.29,79.92,240.44,1017.95,385.47,237.5,285.78,440.41,207.38,102.07,3575.84,234.42,140.42,134.32,39.35,55.65,97.86,274.93
20261008,09:28:35,49256.44,44062.06,26660.28,17514.04,126.33,1894.47,483.94,478.81,552.44,111.14,167.24,205.84,92.28,149.21,273.19,121.75,194.04,294.59,3129.38,1661.36,466.4,79.91,240.45,1018.54,384.93,237.5,285.87,440.43,207.38,102.07,3574.77,234.42,140.42,134.29,39.35,55.65,97.86,274.93
20261008,09:28:40,49279.38,44085.04,26665.88,17522.58,126.2,1894.47,484.47,478.74,552.17,111.14,167.24,205.84,92.27,149.21,273.19,121.75,194.11,294.59,3131.03,1662.09,466.43,80.01,240.76,1019.68,384.93,237.5,285.87,440.42,207.41,102.07,3574.2,234.42,141.01,134.58,39.35,55.65,97.86,274.93
20261008,09:28:45,49242.79,44048.24,26668.56,17521.84,126.33,1894.47,484.46,478.74,552.16,111.14,167.24,205.86,92.27,148.57,273.19,121.73,194.11,294.59,3128.08,1659.81,466.44,80.06,240.65,1019.68,384.95,237.63,285.89,440.42,207.4,102.07,3575.24,234.42,141.01,134.58,39.35,55.65,97.86,274.93
20261008,09:28:50,49246.27,44051.63,26672.08,17525.9,126.33,1894.1,485.0,478.74,552.16,111.13,167.27,205.9,92.29,149.0,273.19,121.73,194.11,294.59,3128.26,1659.88,466.44,80.02,240.78,1019.83,384.95,237.63,285.89,440.38,207.36,102.07,3575.24,234.42,141.01,134.56,39.35,55.65,97.86,274.91
20261008,09:28:55,49245.85,44051.48,26667.1,17521.01,126.2,1894.0,484.46,478.74,552.16,111.13,167.24,205.88,92.27,149.0,273.19,121.73,194.04,294.59,3128.36,1659.87,466.43,80.04,240.77,1020.01,384.93,237.61,285.97,440.38,207.37,102.07,3575.01,234.42,141.01,134.49,39.35,55.65,97.86,274.92
20261008,09:29:00,49285.56,44090.59,26667.04,17522.36,126.2,1892.58,485.0,478.74,552.35,111.13,167.03,205.87,92.1,148.57,273.37,121.73,194.16,294.59,3131.48,1662.3,466.44,80.07,240.51,1020.07,384.95,237.54,285.97,440.38,207.37,102.07,3574.62,234.42,141.01,134.49,39.35,55.65,97.86,274.92
20261008,09:29:05,49286.1,44091.66,26666.46,17523.5,126.2,1892.58,485.0,478.74,552.26,111.13,167.05,205.88,92.11,148.79,273.19,121.72,194.16,294.58,3131.54,1662.4,466.32,80.07,240.67,1019.91,384.95,237.54,285.97,440.38,207.48,102.07,3574.13,234.41,141.01,134.49,39.35,55.65,97.86,274.92
20261008,09:29:10,49288.66,44093.2,26673.2,17528.06,126.2,1892.58,484.92,478.74,552.26,111.13,167.07,205.98,92.11,148.79,273.19,121.72,194.16,294.58,3131.55,1662.45,466.34,80.04,240.69,1019.76,384.93,237.54,286.01,440.37,207.49,102.07,3575.0,234.41,141.61,134.53,39.35,55.65,97.86,274.92
20261008,09:29:15,49291.28,44095.74,26673.09,17527.89,126.2,1892.36,484.93,478.74,552.2,111.13,167.06,205.97,92.1,148.79,273.19,121.73,194.09,294.61,3131.76,1662.36,466.34,80.07,240.8,1019.96,384.93,237.62,286.32,440.41,207.49,102.07,3575.01,234.41,141.61,134.55,39.35,55.65,97.86,274.92
20261008,09:29:20,49296.96,44101.81,26675.98,17533.03,126.2,1892.36,485.64,478.74,552.2,111.13,167.05,205.96,92.1,148.79,273.19,121.73,194.12,294.61,3132.13,1662.35,466.52,80.08,240.82,1020.65,384.93,237.65,286.3,440.41,207.49,102.07,3574.52,234.41,141.61,134.55,39.35,55.65,97.86,274.92
20261008,09:29:25,49256.97,44063.58,26674.87,17534.19,126.2,1892.36,485.55,478.74,552.57,111.21,167.06,206.0,92.1,148.77,273.19,121.73,194.12,294.61,3129.02,1660.02,466.43,80.16,240.81,1020.78,384.92,237.65,286.02,440.41,207.49,102.07,3573.86,234.41,141.61,134.65,39.35,55.65,97.86,274.89
20261008,09:29:30,49299.15,44105.05,26676.01,17536.76,126.2,1892.44,485.9,478.82,552.57,111.25,167.02,206.04,92.06,148.77,273.19,121.73,194.15,294.62,3132.3,1662.6,466.46,80.15,240.82,1020.59,384.95,237.65,286.02,440.52,207.49,102.07,3573.52,234.41,141.6,134.65,39.35,55.65,97.86,274.92
20261008,09:29:35,49307.14,44112.65,26681.5,17542.43,126.2,1892.81,486.53,478.82,552.57,111.33,167.02,206.05,92.06,148.99,273.19,121.8,194.15,294.64,3132.78,1662.64,466.58,80.17,241.05,1020.84,384.87,237.65,286.33,440.49,207.49,102.07,3573.69,234.4,141.6,134.65,39.35,55.65,97.86,274.89
20261008,09:29:40,49265.89,44072.44,26681.37,17542.25,126.2,1892.81,486.54,478.82,552.53,111.25,167.02,206.01,92.06,149.2,273.19,121.8,194.15,294.64,3129.54,1660.25,466.48,80.16,241.13,1020.97,384.87,237.54,286.01,440.45,207.49,102.07,3573.71,234.4,141.6,134.65,39.35,55.65,97.86,274.87
20261008,09:29:45,49270.71,44077.37,26679.45,17540.81,126.2,1892.81,486.62,478.82,552.53,111.33,166.82,206.01,91.9,149.2,273.19,121.79,194.15,294.65,3129.97,1660.24,466.48,80.17,241.07,1021.67,384.86,237.52,286.31,440.41,207.49,102.07,3573.5,234.36,141.6,134.65,39.35,55.65,97.86,274.88
20261008,09:29:50,49268.73,44074.85,26682.11,17541.9,126.07,1892.81,486.71,478.82,552.61,111.35,166.85,206.04,91.91,149.2,273.19,121.79,194.15,294.64,3129.74,1660.19,466.41,80.18,241.07,1021.67,385.11,237.54,286.02,440.46,207.48,102.07,3574.03,234.36,141.6,134.75,39.35,55.65,97.86,274.88
20261008,09:29:55,49267.73,44074.64,26680.18,17542.25,126.2,1892.81,486.62,478.82,552.6,111.43,166.85,206.05,91.91,149.41,273.19,121.79,194.1,294.67,3129.72,1660.22,466.61,80.21,241.19,1021.14,385.11,237.61,286.03,440.47,207.49,102.07,3573.33,234.36,141.6,134.75,39.35,55.65,97.86,274.88
20261008,09:30:00,49269.5,44075.64,26685.66,17546.1,126.2,1892.81,487.26,478.69,552.6,111.35,166.85,206.04,91.91,149.41,273.07,121.77,194.17,294.67,3129.7,1660.18,466.68,80.22,241.19,1021.13,385.11,237.61,286.04,440.43,207.51,102.07,3574.0,234.36,141.6,134.69,39.34,55.65,97.86,274.83
20261008,09:30:05,49281.44,44085.29,26689.91,17544.36,126.2,1892.81,486.73,478.95,552.76,111.43,166.87,206.13,91.92,149.41,273.07,121.89,194.17,294.66,3130.52,1660.22,466.64,80.28,241.49,1022.21,385.04,237.59,286.35,440.48,207.5,102.07,3575.8,234.36,141.6,134.72,39.34,55.63,97.86,274.83
20261008,09:30:10,49320.98,44124.47,26687.84,17544.14,126.01,1892.81,486.72,478.95,552.76,111.43,166.91,206.23,91.93,149.62,273.07,121.89,194.17,294.68,3133.69,1662.66,466.66,80.25,241.52,1022.45,385.2,237.59,286.14,440.47,207.49,102.04,3575.21,234.36,141.6,134.72,39.34,55.64,97.86,274.75
20261008,09:30:15,49285.68,44090.89,26688.54,17547.7,126.01,1892.81,487.36,478.95,552.76,111.43,166.92,206.25,91.93,149.62,273.07,121.9,194.17,294.67,3130.9,1660.35,466.58,80.29,241.53,1022.49,385.23,237.59,286.48,440.47,207.38,102.04,3574.46,234.36,141.6,134.72,39.34,55.64,97.86,274.72
20261008,09:30:20,49325.96,44130.7,26688.7,17549.76,126.14,1892.81,487.62,479.03,552.69,111.51,166.93,206.32,91.92,149.83,273.07,121.78,194.1,294.67,3134.05,1662.78,466.54,80.3,241.53,1022.93,385.23,237.63,286.17,440.46,207.38,102.04,3573.96,234.4,141.6,134.72,39.34,55.64,97.86,274.75
20261008,09:30:25,49327.96,44132.81,26687.93,17549.43,126.01,1892.81,487.62,479.01,552.75,111.42,166.94,206.36,91.92,149.62,273.07,121.79,194.1,294.67,3134.23,1662.85,466.62,80.32,241.43,1023.15,385.21,237.63,286.15,440.41,207.41,102.04,3573.81,234.4,141.6,134.72,39.34,55.64,97.86,274.75
20261008,09:30:30,49290.66,44096.75,26687.88,17550.3,126.01,1892.81,487.71,478.85,552.75,111.42,166.96,206.42,91.92,149.83,273.07,121.79,194.1,294.67,3131.3,1660.34,466.7,80.32,241.43,1023.43,385.21,237.63,286.47,440.41,207.41,102.04,3573.55,234.4,141.6,134.72,39.34,55.64,97.86,274.75
20261008,09:30:35,49291.63,44097.47,26684.14,17545.26,126.0,1892.54,487.09,478.85,552.75,111.34,166.96,206.43,91.92,149.62,273.07,121.78,194.1,294.68,3131.48,1660.51,466.71,80.36,241.54,1023.37,385.24,237.63,286.3,440.48,207.4,102.04,3573.75,234.4,141.6,134.73,39.34,55.64,97.86,274.76
20261008,09:30:40,49289.47,44095.11,26689.04,17550.04,126.13,1892.77,487.64,478.85,552.82,111.42,166.94,206.37,91.92,149.62,273.07,121.76,194.1,294.67,3131.18,1660.34,466.63,80.35,241.54,1023.34,385.2,237.63,286.24,440.48,207.42,102.04,3573.98,234.4,141.6,134.73,39.34,55.64,97.86,274.76
20261008,09:30:45,49285.35,44093.09,26679.02,17545.19,126.13,1892.77,487.0,479.03,552.81,111.34,166.93,206.36,91.91,149.62,273.07,121.78,194.1,294.67,3131.13,1660.28,466.67,80.32,241.54,1023.41,385.22,237.64,286.24,440.48,207.4,102.04,3572.17,234.4,141.6,134.73,39.34,55.64,97.86,274.78
20261008,09:30:50,49284.43,44092.63,26677.87,17545.35,126.13,1892.77,487.08,479.04,552.81,111.34,166.93,206.37,91.91,149.62,273.07,121.76,194.1,294.67,3131.09,1660.34,466.58,80.32,241.53,1023.28,385.22,237.64,286.22,440.54,207.4,102.04,3571.77,234.08,141.6,134.73,39.34,55.64,97.86,274.78
20261008,09:30:55,49284.82,44092.98,26682.45,17550.5,126.13,1894.19,487.17,479.28,552.82,111.34,166.96,206.43,91.92,149.62,273.07,121.76,194.1,294.67,3131.0,1660.31,466.67,80.33,241.41,1023.15,384.98,237.64,286.22,440.54,207.29,102.04,3571.8,234.08,142.19,134.63,39.34,55.64,97.86,274.78
20261008,09:31:00,49291.88,44097.44,26687.95,17548.73,126.13,1894.19,487.09,479.38,552.82,111.35,166.94,206.39,91.92,149.62,272.95,121.76,194.1,294.67,3131.4,1660.24,466.67,80.34,241.41,1023.9,384.96,237.64,286.54,440.56,207.18,102.04,3574.0,234.08,142.19,134.63,39.34,55.62,97.86,274.83
20261008,09:31:05,49289.8,44097.51,26684.88,17552.2,126.13,1894.14,487.55,479.38,552.82,111.35,166.96,206.47,91.91,149.62,272.95,121.78,194.15,294.61,3131.32,1660.4,466.57,80.36,241.54,1023.42,384.97,237.64,286.37,440.54,207.18,102.04,3572.1,234.08,142.19,134.63,39.34,55.62,97.87,274.82
20261008,09:31:10,49292.03,44099.77,26687.03,17554.99,126.13,1892.72,487.89,479.47,553.13,111.35,166.92,206.43,91.9,149.62,272.95,121.78,194.15,294.61,3131.44,1660.42,466.57,80.34,241.44,1023.34,385.05,237.76,286.67,440.54,207.18,102.04,3572.02,234.08,142.2,134.63,39.34,55.62,97.87,274.83
20261008,09:31:15,49326.62,44133.73,26686.66,17555.42,126.13,1892.72,487.8,479.47,553.18,111.27,166.92,206.39,91.9,149.4,272.95,121.8,194.16,294.61,3134.16,1662.8,466.6,80.3,241.44,1022.89,385.4,237.76,286.35,440.54,207.19,102.04,3571.79,234.4,142.19,134.63,39.34,55.62,97.87,275.12
20261008,09:31:20,49328.24,44133.58,26688.5,17551.74,126.13,1892.74,487.26,479.46,553.18,111.35,166.92,206.43,91.9,149.4,272.77,121.78,194.16,294.62,3134.24,1662.8,466.67,80.32,241.44,1022.99,385.35,237.61,286.34,440.65,207.19,102.04,3573.36,234.4,142.19,134.63,39.34,55.62,97.87,275.08
20261008,09:31:25,49291.88,44098.15,26692.41,17556.25,126.13,1892.74,487.89,479.39,553.18,111.35,166.91,206.38,91.89,149.4,272.77,121.78,194.16,294.65,3131.27,1660.43,466.61,80.31,241.44,1022.93,385.31,237.72,286.64,440.73,207.19,102.04,3573.36,234.4,142.19,134.63,39.34,55.62,97.87,275.07
20261008,09:31:30,49294.41,44101.06,26690.96,17556.05,126.13,1892.74,487.8,479.54,553.18,111.35,166.9,206.36,91.89,149.19,272.77,121.78,194.16,294.65,3131.51,1660.54,466.5,80.32,241.8,1022.87,385.4,237.72,286.69,440.73,207.19,102.04,3572.96,234.4,142.2,134.72,39.34,55.66,97.87,275.07
20261008,09:31:35,49327.89,44134.29,26688.68,17555.48,126.13,1892.69,487.8,479.29,553.18,111.27,166.89,206.29,91.89,149.19,272.77,121.78,194.29,294.65,3134.21,1662.83,466.68,80.36,241.41,1022.88,385.38,237.72,286.24,440.74,207.16,102.04,3572.4,234.4,142.2,134.72,39.34,55.66,97.87,275.15
20261008,09:31:40,49321.39,44128.55,26683.49,17551.48,126.13,1892.69,487.17,479.29,553.2,111.28,166.89,206.29,91.89,149.19,272.77,121.78,194.27,294.65,3133.84,1662.55,466.64,80.36,241.05,1022.75,385.7,237.72,286.56,440.72,207.22,102.04,3571.86,234.4,142.2,134.72,39.34,55.66,97.87,275.12
20261008,09:31:45,49320.62,44127.12,26690.04,17556.73,126.13,1892.69,487.8,479.28,553.2,111.28,166.88,206.27,91.89,149.19,272.77,121.9,194.27,294.65,3133.6,1662.44,466.64,80.36,241.07,1022.51,385.95,237.61,286.55,440.72,207.21,102.04,3572.48,234.43,142.2,134.72,39.34,55.66,97.87,275.12
20261008,09:31:50,49325.85,44132.81,26687.7,17556.04,126.13,1892.69,487.63,479.3,553.21,111.36,166.9,206.33,91.89,149.19,272.77,121.9,194.27,294.65,3134.07,1662.8,466.66,80.33,241.31,1022.72,385.95,237.61,286.25,440.72,207.21,102.04,3571.94,234.43,142.2,134.74,39.34,55.66,97.87,275.14
20261008,09:31:55,49286.68,44095.08,26690.16,17560.31,126.13,1892.69,488.19,479.22,553.24,111.36,166.9,206.34,91.9,149.4,272.77,121.9,194.27,294.66,3130.93,1660.41,466.57,80.37,241.31,1022.62,385.95,237.7,286.25,440.72,207.21,102.04,3571.55,234.43,142.2,134.76,39.34,55.64,97.87,275.11
20261008,09:32:00,49330.17,44137.45,26693.48,17564.14,126.13,1892.69,488.82,479.24,553.24,111.36,166.9,206.33,91.9,149.4,272.77,121.78,194.27,294.66,3134.25,1662.67,466.67,80.37,241.31,1023.4,385.95,237.63,286.28,440.6,207.21,102.04,3571.55,234.42,142.2,134.76,39.34,55.64,97.87,275.18
20261008,09:32:05,49294.47,44102.66,26696.08,17567.13,126.26,1892.69,488.91,479.24,553.38,111.36,166.91,206.35,91.9,149.61,272.77,121.78,194.27,294.66,3131.38,1660.49,466.94,80.37,241.18,1023.14,385.97,237.63,286.28,440.72,207.3,102.04,3571.55,234.42,142.2,134.76,39.34,55.66,97.87,275.18
20261008,09:32:10,49334.49,44141.29,26695.91,17565.7,126.26,1892.69,488.91,479.17,553.38,111.36,166.91,206.35,91.9,149.82,272.77,121.78,194.27,294.65,3134.52,1662.78,466.94,80.35,241.18,1023.22,385.7,237.63,286.61,440.57,207.17,102.04,3571.89,234.42,142.2,134.73,39.34,55.66,97.87,275.17
20261008,09:32:15,49338.04,44144.65,26696.95,17566.56,126.27,1892.69,488.99,479.11,553.55,111.36,166.9,206.34,91.9,149.83,272.77,121.81,194.27,294.66,3134.77,1662.96,466.87,80.34,241.18,1023.27,385.95,237.74,286.65,440.6,207.22,102.04,3571.97,234.42,142.2,134.73,39.34,55.66,97.87,274.86
20261008,09:32:20,49294.62,44102.9,26691.79,17562.51,126.14,1892.69,488.36,479.18,553.48,111.37,166.9,206.34,91.9,149.83,272.77,121.93,194.27,294.68,3131.51,1660.55,466.87,80.42,241.18,1023.2,385.96,237.74,286.32,440.6,207.24,102.04,3571.47,234.42,142.2,134.69,39.34,55.66,97.87,274.86
20261008,09:32:25,49338.08,44145.28,26695.47,17566.84,126.4,1892.61,488.9,479.18,553.48,111.37,166.91,206.35,91.9,149.83,272.89,121.91,194.27,294.63,3134.82,1663.03,466.92,80.43,241.17,1023.36,385.93,237.74,286.32,440.6,207.25,102.04,3571.44,234.42,142.2,134.7,39.34,55.65,97.87,274.78
20261008,09:32:30,49340.31,44148.3,26696.85,17571.27,126.4,1892.61,489.44,479.11,553.62,111.37,166.91,206.35,91.9,150.05,272.89,121.93,194.13,294.63,3134.95,1663.1,466.96,80.46,241.17,1023.4,385.7,237.74,286.32,440.59,207.24,102.04,3570.67,234.42,142.2,134.67,39.34,55.65,97.87,274.77
20261008,09:32:35,49341.37,44148.89,26698.7,17571.92,126.38,1892.61,489.52,479.11,553.62,111.37,166.92,206.35,91.91,150.05,272.89,121.93,194.02,294.63,3134.99,1663.0,467.22,80.46,241.18,1023.52,385.7,237.74,286.32,440.7,207.24,102.04,3571.07,234.42,142.2,134.67,39.34,55.65,97.87,274.77
20261008,09:32:40,49339.31,44147.51,26692.76,17567.17,126.38,1892.61,489.52,479.19,553.55,111.37,166.91,206.35,91.91,150.05,272.89,121.93,194.12,294.63,3134.99,1662.99,467.2,80.47,241.17,1023.48,385.71,237.74,286.36,440.74,207.24,102.04,3570.5,234.42,141.61,134.67,39.34,55.65,97.87,274.77
20261008,09:32:45,49295.01,44103.47,26696.35,17568.36,126.38,1894.03,488.9,479.27,553.55,111.37,166.91,206.35,91.91,150.26,272.86,121.93,194.21,294.63,3131.41,1660.34,467.21,80.45,241.05,1023.55,385.71,237.74,286.16,440.74,207.24,102.04,3571.3,234.42,142.2,134.67,39.34,55.65,97.87,274.74
20261008,09:32:50,49327.89,44137.66,26690.71,17569.07,126.51,1894.03,488.98,479.27,553.63,111.44,166.9,206.3,91.91,150.47,272.86,121.94,194.21,294.63,3134.15,1662.6,467.19,80.47,240.87,1023.46,385.77,237.74,285.98,440.74,207.13,102.04,3569.35,234.49,142.2,134.68,39.34,55.65,97.87,274.74
20261008,09:32:55,49288.16,44098.95,26687.07,17564.89,126.51,1894.13,488.43,479.27,553.56,111.36,166.92,206.33,91.91,150.47,272.86,121.94,194.21,294.64,3131.13,1660.22,467.34,80.46,240.86,1023.46,386.41,237.63,285.94,440.74,207.14,102.04,3569.35,234.49,142.2,134.67,39.34,55.65,97.87,274.74
20261008,09:33:00,49331.66,44139.13,26693.18,17564.55,126.51,1894.13,488.9,479.27,553.5,111.36,166.92,206.3,91.92,150.45,272.86,121.94,194.21,294.64,3134.38,1662.74,467.23,80.46,240.87,1023.44,386.85,237.63,285.94,440.74,207.26,102.04,3571.34,234.53,141.61,134.67,39.34,55.65,97.87,274.74
20261008,09:33:05,49336.66,44143.98,26703.61,17576.48,126.51,1894.13,489.87,479.27,553.5,111.36,166.92,206.32,91.92,150.67,272.86,121.96,194.2,294.64,3134.48,1662.75,467.29,80.48,240.89,1023.41,386.86,237.64,286.04,440.76,207.23,102.04,3571.37,234.53,142.2,134.67,39.34,55.65,97.87,274.74
20261008,09:33:10,49298.46,44106.75,26705.26,17578.38,126.51,1894.1,489.87,479.35,553.5,111.36,167.12,206.31,92.08,150.67,272.86,121.94,194.2,294.64,3131.44,1660.53,467.31,80.48,240.78,1023.24,386.82,237.62,285.94,440.68,207.24,102.04,3571.37,234.49,142.2,134.69,39.34,55.64,97.87,274.72
20261008,09:33:15,49341.32,44148.68,26705.62,17579.31,126.57,1894.15,489.87,479.5,553.5,111.36,167.12,206.33,92.08,150.68,272.86,121.9,194.2,294.86,3134.79,1662.75,467.31,80.49,240.89,1024.18,386.89,237.62,285.96,440.68,207.24,102.07,3571.22,234.49,142.2,134.69,39.34,55.64,97.87,274.73
20261008,09:33:20,49304.73,44110.78,26713.29,17580.63,126.57,1894.17,489.87,479.58,553.58,111.36,167.16,206.39,92.09,150.46,272.86,122.05,194.2,294.87,3131.71,1660.42,467.37,80.48,240.91,1023.97,386.87,237.62,285.98,440.72,207.24,102.07,3573.26,234.49,142.2,134.69,39.34,55.64,97.87,274.72
20261008,09:33:25,49347.38,44155.18,26704.73,17580.3,126.57,1894.17,489.87,479.65,553.58,111.44,167.13,206.33,92.08,150.68,272.86,121.92,194.2,294.87,3135.29,1663.02,467.34,80.5,240.91,1024.48,386.86,237.62,285.98,440.74,207.27,102.07,3570.68,234.49,142.2,134.69,39.34,55.62,97.87,274.72
20261008,09:33:30,49307.6,44116.6,26703.97,17580.06,126.47,1894.17,489.78,479.65,553.6,111.36,167.17,206.4,92.1,150.89,272.86,121.92,194.2,294.88,3132.19,1660.49,467.4,80.49,241.04,1024.68,386.99,237.62,285.98,440.74,207.26,102.07,3570.51,234.49,142.2,134.69,39.34,55.62,97.87,274.77
20261008,09:33:35,49309.79,44118.77,26705.53,17581.96,126.6,1894.17,489.96,479.65,553.77,111.36,167.16,206.37,92.1,150.89,272.86,121.94,194.2,294.88,3132.32,1660.56,467.29,80.5,241.19,1024.75,386.64,237.61,286.02,440.75,207.26,102.07,3570.48,234.49,142.2,134.69,39.34,55.62,97.87,274.67
20261008,09:33:40,49312.72,44119.36,26716.1,17586.56,126.47,1894.17,490.48,479.8,553.77,111.44,167.17,206.35,92.11,151.11,272.86,121.97,194.2,294.87,3132.25,1660.5,467.49,80.48,240.83,1024.85,387.02,237.61,286.06,440.75,207.26,102.08,3572.53,234.49,142.2,134.69,39.34,55.63,97.87,274.68
20261008,09:33:45,49361.81,44167.24,26717.04,17587.78,126.6,1894.17,490.57,479.83,553.78,111.44,167.17,206.38,92.11,151.11,272.86,121.98,194.18,294.89,3136.08,1663.32,467.41,80.5,240.83,1025.27,387.02,237.61,286.07,440.78,207.26,102.08,3572.49,234.49,142.2,134.69,39.35,55.63,97.87,274.68
20261008,09:33:50,49321.27,44127.48,26712.65,17581.84,126.6,1894.23,489.78,479.83,553.7,111.36,167.17,206.36,92.11,150.89,272.86,121.98,194.18,294.89,3133.02,1661.02,467.41,80.49,240.84,1025.06,387.04,237.61,286.09,440.79,207.29,102.06,3572.73,234.49,142.2,134.69,39.35,55.63,97.87,274.78
20261008,09:33:55,49364.97,44169.48,26715.18,17582.82,126.47,1894.23,489.86,479.83,553.74,111.44,167.19,206.4,92.12,151.11,272.86,121.98,194.06,294.89,3136.38,1663.43,467.31,80.52,240.98,1025.14,387.03,237.61,286.42,440.79,207.28,102.06,3573.26,234.49,142.21,134.69,39.35,55.63,97.87,274.78
20261008,09:34:00,49327.67,44134.14,26710.35,17580.63,126.6,1894.23,489.78,479.75,553.75,111.45,167.19,206.41,92.11,150.89,272.86,121.98,194.03,294.96,3133.59,1661.11,467.42,80.52,241.34,1025.26,386.98,237.6,286.38,440.78,207.17,102.06,3572.34,234.16,142.21,134.69,39.35,55.63,97.87,274.73
20261008,09:34:05,49368.07,44173.29,26711.76,17581.52,126.6,1892.85,489.86,480.03,554.03,111.45,167.17,206.44,92.09,150.89,272.86,121.98,194.03,294.96,3136.72,1663.54,467.53,80.53,241.34,1025.43,387.31,237.6,286.05,440.74,207.17,102.06,3572.54,234.16,142.21,134.69,39.35,55.63,97.87,274.69
20261008,09:34:10,49370.61,44175.55,26712.57,17581.74,126.47,1892.59,489.86,479.77,554.22,111.44,167.19,206.5,92.09,150.91,272.86,121.99,194.03,294.96,3136.9,1663.53,467.53,80.51,241.35,1025.67,387.31,237.59,286.23,440.74,207.17,102.06,3572.74,234.16,142.21,134.69,39.35,55.63,97.87,274.75
20261008,09:34:15,49380.74,44185.05,26714.01,17582.14,126.6,1892.59,489.78,479.77,554.39,111.44,167.18,206.49,92.09,150.91,272.86,121.98,194.03,294.98,3137.65,1663.65,467.54,80.56,241.57,1026.36,387.32,237.59,286.59,440.74,207.17,102.06,3573.08,234.23,142.21,134.7,39.35,55.63,97.87,274.74
20261008,09:34:20,49341.87,44147.03,26716.51,17584.56,126.6,1892.59,489.78,479.77,554.39,111.44,167.24,206.52,92.13,150.91,272.86,121.98,194.03,294.99,3134.53,1661.46,467.31,80.55,241.57,1026.33,387.31,237.6,286.29,440.83,207.3,102.06,3573.2,234.23,142.2,134.8,39.35,55.63,97.87,274.8
20261008,09:34:25,49386.31,44190.04,26718.28,17585.63,126.6,1892.82,489.7,479.77,554.39,111.44,167.25,206.58,92.13,151.13,272.86,121.98,194.03,294.99,3137.97,1663.81,467.4,80.56,241.46,1026.72,387.33,237.6,286.69,440.85,207.31,102.06,3573.47,234.23,142.2,134.8,39.35,55.64,97.87,275.1
20261008,09:34:30,49345.38,44150.52,26716.05,17584.27,126.6,1892.82,489.69,479.77,554.39,111.44,167.26,206.61,92.13,150.92,272.86,121.98,194.03,294.98,3134.82,1661.4,467.37,80.55,241.77,1026.7,387.35,237.62,286.48,440.76,207.29,102.06,3573.14,234.23,142.2,134.8,39.35,55.64,97.87,274.8
20261008,09:34:35,49346.11,44152.07,26708.75,17578.67,126.6,1892.82,489.7,479.85,554.39,111.45,167.27,206.61,92.14,151.13,272.86,121.98,194.03,294.99,3135.08,1661.52,467.35,80.56,241.77,1026.91,387.36,237.63,286.52,440.76,207.16,102.06,3572.38,234.23,141.61,134.8,39.35,55.64,97.87,274.79
20261008,09:34:40,49388.72,44193.35,26713.75,17583.58,126.6,1892.82,489.7,480.03,554.39,111.45,167.26,206.6,92.14,150.92,272.86,121.98,194.03,294.98,3138.29,1663.86,467.32,80.56,242.09,1027.04,387.37,237.63,286.54,440.76,207.19,102.06,3572.61,234.23,142.2,134.82,39.35,55.64,97.87,274.77
20261008,09:34:45,49392.77,44199.27,26708.4,17584.06,126.6,1892.82,489.7,480.11,554.39,111.45,167.28,206.68,92.14,151.13,272.86,121.98,194.03,294.98,3138.75,1664.05,467.34,80.57,242.08,1027.49,387.32,237.63,286.55,440.79,207.17,102.06,3570.8,234.23,142.2,134.8,39.35,55.65,97.87,274.77
20261008,09:34:50,49387.72,44194.33,26708.35,17583.92,126.6,1892.82,489.7,480.22,554.39,111.45,167.29,206.69,92.14,150.92,272.86,121.98,194.03,294.98,3138.36,1663.94,467.45,80.56,242.07,1026.82,387.32,237.65,286.55,440.81,207.17,102.06,3570.82,234.23,142.2,134.8,39.35,55.65,97.87,274.76
20261008,09:34:55,49395.63,44201.66,26708.54,17582.89,126.47,1892.82,489.7,480.21,554.4,111.44,167.3,206.7,92.14,150.71,272.86,121.98,194.03,294.99,3138.97,1664.03,467.47,80.56,242.07,1027.51,386.99,237.65,286.95,440.81,207.14,102.06,3571.17,234.19,142.2,134.8,39.35,55.65,97.87,274.75
20261008,09:35:00,49399.98,44205.9,26711.88,17586.73,126.46,1892.82,490.24,479.89,554.4,111.45,167.32,206.79,92.14,150.71,272.86,121.98,194.03,294.99,3139.22,1664.2,467.53,80.56,242.07,1027.45,387.32,237.65,286.97,440.81,207.14,102.06,3571.17,234.19,142.2,134.8,39.35,55.65,97.87,274.75
20261008,09:35:05,49395.87,44202.7,26709.46,17586.63,126.46,1892.82,490.14,479.92,554.41,111.45,167.32,206.79,92.14,150.92,273.04,121.99,194.03,295.0,3138.97,1664.11,467.53,80.56,242.0,1027.44,387.32,237.65,286.75,440.81,207.14,102.06,3570.44,234.19,142.21,134.8,39.35,55.65,97.87,274.75
20261008,09:35:10,49394.79,44201.42,26711.3,17588.04,126.59,1893.05,490.15,479.92,554.47,111.45,167.31,206.8,92.13,150.92,273.04,121.99,194.03,295.0,3138.83,1664.11,467.56,80.58,242.09,1026.95,387.4,237.65,286.76,440.81,207.17,102.06,3570.63,234.19,142.21,134.96,39.35,55.65,97.87,274.75
20261008,09:35:15,49401.92,44208.75,26711.22,17589.21,126.59,1893.05,490.24,479.92,554.7,111.45,167.29,206.74,92.13,150.92,273.04,122.0,194.07,295.0,3139.39,1664.22,467.87,80.56,241.99,1027.79,387.51,237.65,286.72,440.8,207.17,102.06,3570.29,234.19,142.21,134.96,39.35,55.65,97.87,274.75
20261008,09:35:20,49402.53,44209.35,26711.57,17589.61,126.59,1893.05,490.32,479.99,554.7,111.45,167.29,206.72,92.13,150.91,273.04,122.0,194.07,295.0,3139.43,1664.42,468.03,80.59,241.85,1027.19,387.51,237.65,286.72,440.82,207.13,102.06,3570.29,234.19,142.21,134.98,39.35,55.65,97.87,274.75
20261008,09:35:25,49400.72,44207.58,26711.4,17589.41,126.46,1893.05,490.32,479.99,554.67,111.45,167.29,206.74,92.13,150.91,273.04,121.99,194.05,295.0,3139.29,1664.27,468.04,80.62,241.84,1027.26,387.52,237.65,286.71,440.88,207.13,102.06,3570.29,234.19,142.19,135.08,39.35,55.65,97.87,274.76
20261008,09:35:30,49405.18,44212.01,26710.05,17588.13,126.46,1893.05,490.32,479.92,554.67,111.45,167.12,206.82,91.97,150.91,273.04,122.01,194.05,295.0,3139.68,1664.35,468.4,80.61,241.63,1027.71,387.59,237.65,286.74,440.92,207.18,102.06,3570.21,234.19,142.2,135.08,39.36,55.63,97.87,274.75
20261008,09:35:35,49405.72,44212.51,26712.05,17590.36,126.46,1893.05,490.77,479.92,554.74,111.44,167.1,206.77,91.97,150.9,273.04,122.0,194.05,295.0,3139.67,1664.36,468.56,80.62,241.65,1027.53,387.25,237.65,286.73,440.94,207.11,102.06,3570.24,234.19,142.2,134.92,39.36,55.63,97.88,274.75
20261008,09:35:40,49406.57,44212.95,26706.88,17583.08,126.59,1893.05,489.69,479.92,554.74,111.44,167.06,206.72,91.94,151.11,273.04,122.0,194.05,295.0,3139.88,1664.47,468.62,80.59,241.73,1027.64,387.26,237.65,286.68,440.92,207.12,102.06,3570.6,234.19,142.2,135.02,39.37,55.64,97.88,274.75
20261008,09:35:45,49406.31,44212.27,26705.05,17579.55,126.52,1893.05,489.18,479.84,554.66,111.44,167.08,206.78,91.95,150.9,273.04,122.12,194.05,295.02,3139.91,1664.41,468.72,80.6,241.62,1027.86,387.27,237.65,286.68,440.9,207.12,102.06,3570.98,234.19,142.2,135.02,39.37,55.64,97.88,274.74
20261008,09:35:50,49404.99,44211.43,26703.65,17579.43,126.52,1892.82,489.18,479.84,554.74,111.44,167.06,206.71,91.94,151.11,273.04,122.0,194.23,295.01,3139.85,1664.2,468.61,80.6,241.98,1027.77,387.2,237.65,286.99,440.84,207.16,102.06,3570.58,234.19,142.21,135.02,39.37,55.64,97.88,274.74
20261008,09:35:55,49362.82,44172.55,26695.26,17577.2,126.52,1892.82,488.64,479.84,554.66,111.44,167.25,206.7,92.1,151.11,273.04,122.02,194.23,295.01,3136.77,1661.9,468.42,80.6,241.95,1027.78,387.18,237.65,286.99,440.82,207.16,102.06,3568.56,234.19,142.21,135.02,39.37,55.62,97.88,274.72
20261008,09:36:00,49405.19,44211.24,26710.08,17585.55,126.52,1892.82,489.73,479.96,554.66,111.44,167.26,206.72,92.1,151.11,273.04,122.14,194.23,295.02,3139.68,1664.31,468.49,80.63,241.75,1027.77,386.96,237.65,286.68,440.83,207.09,102.06,3570.93,234.19,142.21,135.02,39.37,55.62,97.88,274.74
20261008,09:36:05,49400.32,44206.7,26702.54,17577.56,126.39,1892.82,489.11,479.96,555.09,111.43,167.26,206.69,92.11,151.11,273.04,122.15,194.23,295.02,3139.51,1664.33,468.64,80.61,241.55,1027.35,386.96,237.6,286.69,440.84,207.09,102.06,3570.74,234.23,141.62,135.02,39.37,55.64,97.89,274.75
20261008,09:36:10,49403.74,44210.48,26705.29,17582.24,126.39,1892.82,489.73,479.96,555.09,111.43,167.27,206.74,92.11,151.11,273.04,122.15,194.23,295.02,3139.7,1664.47,468.4,80.6,241.56,1027.21,387.02,237.6,287.01,440.92,207.09,102.06,3570.33,234.23,141.62,135.0,39.37,55.64,97.89,274.72
20261008,09:36:15,49404.6,44208.79,26713.2,17582.86,126.39,1892.88,489.73,479.96,555.12,111.43,167.27,206.76,92.11,151.11,273.04,122.16,194.23,295.02,3139.55,1664.25,468.4,80.63,241.89,1027.19,387.28,237.6,286.97,440.96,207.09,102.06,3572.63,234.23,141.62,135.0,39.37,55.67,97.89,274.74
20261008,09:36:20,49402.04,44206.27,26711.93,17581.29,126.52,1892.88,489.41,480.03,555.12,111.43,167.29,206.79,92.11,151.11,273.04,122.16,194.23,295.02,3139.38,1664.34,468.4,80.61,241.8,1027.05,387.27,237.6,286.65,440.96,207.12,102.07,3572.66,234.23,141.62,135.0,39.37,55.65,97.89,274.75
20261008,09:36:25,49398.77,44203.4,26711.96,17582.42,126.52,1893.01,489.66,479.78,555.12,111.43,167.27,206.79,92.1,151.11,273.04,122.16,194.23,295.02,3139.13,1664.17,468.41,80.63,241.44,1026.85,387.27,237.6,286.96,440.96,207.09,102.07,3572.36,234.23,141.62,135.0,39.37,55.65,97.89,274.74
20261008,09:36:30,49397.66,44202.32,26711.95,17582.41,126.52,1893.01,489.66,479.78,555.07,111.43,167.26,206.79,92.09,151.32,273.04,122.16,194.23,295.02,3139.04,1664.25,468.46,80.62,241.44,1026.74,387.3,237.6,286.66,440.96,207.09,102.07,3572.36,234.23,141.62,135.0,39.36,55.65,97.89,274.74
20261008,09:36:35,49354.26,44160.03,26711.83,17582.27,126.52,1893.01,489.75,479.78,555.07,111.43,167.23,206.68,92.09,151.32,273.04,122.16,194.23,295.02,3135.64,1661.58,468.35,80.62,241.66,1026.77,387.29,237.6,286.67,440.96,207.09,102.07,3572.36,234.23,141.62,134.83,39.36,55.65,97.88,274.74
20261008,09:36:40,49346.32,44156.23,26695.59,17576.75,126.39,1893.01,489.2,479.7,554.98,111.43,167.24,206.66,92.1,151.32,273.04,122.02,194.23,295.02,3135.46,1661.57,468.34,80.59,241.66,1026.52,386.98,237.85,286.67,440.96,207.09,102.07,3568.79,234.23,141.62,134.83,39.36,55.65,97.88,274.74
20261008,09:36:45,49348.0,44157.22,26694.95,17573.85,126.39,1893.01,488.75,479.7,554.98,111.43,167.24,206.67,92.1,151.11,273.04,122.0,194.21,295.02,3135.61,1661.61,468.34,80.56,241.55,1026.49,387.0,237.85,286.99,440.96,207.08,102.1,3569.37,234.23,141.62,134.83,39.36,55.65,97.88,275.04
20261008,09:36:50,49386.73,44193.55,26699.17,17573.97,126.39,1893.23,488.66,479.78,554.98,111.43,167.25,206.69,92.1,150.9,273.04,122.11,194.21,295.02,3138.54,1663.98,468.3,80.55,241.78,1026.45,386.94,237.87,286.63,441.03,207.09,102.1,3570.66,234.23,141.62,134.81,39.36,55.65,97.88,275.05
20261008,09:36:55,49387.59,44191.93,26707.79,17575.69,126.39,1892.86,488.92,479.78,554.98,111.42,167.25,206.68,92.11,150.9,273.04,122.12,194.13,295.0,3138.36,1663.98,468.13,80.54,241.77,1026.27,386.69,237.88,286.65,441.03,207.07,102.07,3572.89,234.23,141.62,134.81,39.36,55.66,97.88,275.1
20261008,09:37:00,49349.11,44154.23,26709.38,17576.85,126.39,1892.86,489.08,479.78,554.98,111.42,167.27,206.72,92.11,150.9,273.04,122.11,194.13,294.98,3135.3,1661.57,468.14,80.53,241.78,1026.26,386.69,237.88,286.75,441.01,207.07,102.07,3573.07,234.23,141.62,134.81,39.36,55.66,97.88,275.1
20261008,09:37:05,49388.19,44192.57,26710.53,17579.02,126.39,1892.95,489.26,479.78,554.98,111.42,167.23,206.7,92.09,151.11,273.04,122.11,194.13,294.98,3138.34,1663.96,468.15,80.52,241.75,1026.25,386.94,237.88,286.65,441.0,207.16,102.07,3572.84,234.23,141.62,134.81,39.36,55.66,97.98,275.08
20261008,09:37:10,49385.92,44189.77,26716.49,17583.91,126.52,1892.95,489.8,480.03,554.98,111.48,167.24,206.72,92.09,151.11,273.04,122.11,194.13,294.98,3137.99,1663.84,467.95,80.52,241.63,1026.16,386.93,237.89,286.61,441.06,207.16,102.07,3573.37,234.23,141.62,134.81,39.36,55.66,97.98,275.08
20261008,09:37:15,49383.92,44189.66,26710.34,17582.99,126.39,1892.95,489.8,479.98,554.99,111.4,167.25,206.75,92.09,150.9,273.04,122.11,194.13,294.98,3138.01,1663.78,467.91,80.52,241.77,1026.43,386.94,237.89,286.52,441.09,207.15,102.07,3571.7,234.23,141.62,134.81,39.36,55.66,97.98,275.08
20261008,09:37:20,49389.56,44195.58,26710.93,17585.08,126.39,1892.95,489.97,480.03,555.22,111.48,167.24,206.73,92.09,150.9,273.04,122.11,194.13,294.98,3138.43,1663.91,467.93,80.51,241.77,1026.56,386.71,237.89,286.92,441.09,207.13,102.07,3571.32,234.23,141.62,134.81,39.36,55.66,97.98,275.08
20261008,09:37:25,49389.64,44197.62,26709.67,17590.21,126.39,1892.95,490.51,480.03,555.22,111.48,167.25,206.75,92.09,150.9,273.04,122.11,194.15,294.99,3138.47,1663.9,468.01,80.55,241.64,1026.63,386.69,237.89,286.93,441.09,207.24,102.07,3569.54,234.23,141.62,134.81,39.36,55.66,97.98,275.09
20261008,09:37:30,49383.76,44192.07,26710.11,17591.31,126.39,1892.95,490.59,480.03,555.22,111.49,167.26,206.79,92.09,150.91,273.18,122.11,194.17,294.98,3138.0,1663.83,468.01,80.52,241.65,1025.77,386.71,237.89,286.93,441.13,207.24,102.07,3569.37,234.56,141.62,134.71,39.36,55.66,97.98,275.09
20261008,09:37:35,49386.38,44192.7,26714.99,17590.48,126.39,1892.72,490.59,480.03,555.29,111.49,167.26,206.8,92.09,150.91,273.18,122.11,194.17,294.95,3138.07,1663.78,468.19,80.52,241.9,1025.77,386.96,237.89,286.83,441.16,207.1,102.07,3571.12,234.56,141.62,134.81,39.36,55.67,97.98,275.09
20261008,09:37:40,49423.36,44230.55,26709.15,17589.82,126.39,1892.66,490.5,480.03,555.31,111.41,167.27,206.85,92.09,150.91,273.18,122.13,194.2,294.96,3141.14,1666.15,468.3,80.51,241.79,1025.74,386.97,237.89,286.83,441.17,207.09,102.07,3569.47,234.56,141.62,134.81,39.36,55.67,97.98,275.09
20261008,09:37:45,49417.32,44225.03,26704.75,17586.01,126.39,1892.76,490.05,480.03,555.3,111.38,167.25,206.76,92.09,150.7,273.18,122.13,194.16,294.95,3140.78,1666.15,468.31,80.52,241.42,1025.62,386.96,237.89,286.52,441.11,207.09,102.07,3569.13,234.56,141.62,134.81,39.36,55.67,97.98,275.17
20261008,09:37:50,49420.39,44227.36,26709.84,17589.63,126.39,1892.76,490.42,479.8,555.3,111.38,167.25,206.78,92.09,150.91,273.18,122.13,194.16,295.13,3140.88,1666.03,468.39,80.53,241.78,1025.82,386.96,237.89,286.52,441.1,207.12,102.07,3569.74,234.56,141.62,134.81,39.36,55.67,97.98,275.17
20261008,09:37:55,49423.54,44230.72,26709.6,17590.36,126.39,1892.76,490.52,479.8,555.3,111.38,167.25,206.78,92.08,150.91,273.18,122.14,194.16,295.14,3141.14,1666.25,468.4,80.51,241.76,1025.78,386.96,237.89,286.52,441.11,207.12,102.07,3569.47,234.56,141.62,134.81,39.36,55.66,97.98,275.17
20261008,09:38:00,49417.39,44224.29,26710.78,17590.24,126.52,1892.76,490.69,479.8,555.25,111.38,167.25,206.77,92.09,150.7,273.18,122.02,194.16,295.13,3140.62,1666.08,468.38,80.52,241.75,1025.09,386.96,237.89,286.52,441.11,207.12,102.07,3569.87,234.23,141.62,134.81,39.36,55.66,97.98,275.17
20261008,09:38:05,49418.49,44225.22,26716.72,17596.6,126.39,1892.76,491.4,479.87,555.39,111.38,167.26,206.79,92.09,150.7,273.18,122.14,194.16,295.13,3140.54,1666.21,468.5,80.47,241.48,1024.79,386.96,237.89,286.46,441.19,207.12,102.07,3570.0,234.23,141.62,134.81,39.36,55.66,97.98,275.17
20261008,09:38:10,49423.01,44230.02,26713.73,17594.52,126.52,1892.76,490.86,479.88,555.35,111.38,167.26,206.82,92.08,150.7,273.18,122.14,194.16,295.15,3140.98,1666.34,468.52,80.46,241.73,1024.87,386.71,237.89,286.76,441.25,207.25,102.07,3569.63,234.23,141.62,134.9,39.36,55.66,97.98,275.14
20261008,09:38:15,49419.93,44227.41,26711.68,17593.42,126.52,1892.76,490.77,479.8,555.25,111.38,167.24,206.76,92.08,150.7,273.18,122.14,194.16,295.16,3140.8,1666.32,468.41,80.48,241.85,1024.8,387.03,238.03,286.46,441.2,207.22,102.07,3569.29,234.56,141.62,134.93,39.36,55.65,97.98,275.14
20261008,09:38:20,49420.88,44229.01,26708.59,17592.14,126.39,1892.76,490.68,479.8,555.24,111.38,167.25,206.8,92.08,150.49,273.18,122.14,194.16,295.16,3140.96,1666.35,468.58,80.48,241.86,1024.51,387.03,238.03,286.77,441.2,207.21,102.07,3568.67,234.56,141.62,134.93,39.36,55.65,97.98,275.14
20261008,09:38:25,49417.89,44226.14,26708.88,17592.64,126.39,1892.76,490.6,479.8,555.24,111.46,167.25,206.82,92.08,150.7,273.18,122.14,194.16,295.17,3140.71,1666.29,468.56,80.46,241.49,1024.93,386.74,238.03,286.46,441.21,207.27,102.07,3568.63,234.56,141.62,134.93,39.36,55.65,97.98,275.16
20261008,09:38:30,49422.25,44229.71,26710.66,17592.42,126.52,1892.51,490.61,479.88,555.13,111.46,167.24,206.8,92.08,150.49,273.18,122.12,194.16,295.16,3141.01,1666.34,468.67,80.47,241.53,1024.89,386.99,238.03,286.76,441.27,207.27,102.07,3569.24,234.56,141.62,134.93,39.36,55.65,97.98,275.19
20261008,09:38:35,49418.17,44225.7,26711.87,17593.69,126.39,1892.51,490.78,479.8,555.13,111.38,167.25,206.82,92.08,150.91,273.06,122.12,194.17,295.17,3140.65,1666.24,468.45,80.47,241.53,1024.95,387.04,238.03,286.46,441.28,207.27,102.07,3569.28,234.56,141.62,134.93,39.36,55.66,97.98,275.2
20261008,09:38:40,49383.63,44191.71,26714.48,17595.57,126.52,1892.51,490.87,479.88,555.08,111.47,167.24,206.82,92.07,150.7,273.06,122.12,194.21,295.17,3137.87,1663.98,468.24,80.47,241.78,1024.89,387.08,238.03,286.78,441.3,207.39,102.07,3569.58,234.56,141.62,134.93,39.36,55.66,97.98,275.15
20261008,09:38:45,49378.33,44187.34,26713.03,17596.55,126.39,1892.51,491.03,479.88,555.15,111.47,167.24,206.81,92.07,150.7,273.06,122.12,194.23,295.16,3137.49,1663.96,468.23,80.48,241.78,1024.43,387.06,238.03,286.47,441.3,207.38,102.07,3568.86,234.58,141.62,134.93,39.36,55.66,97.98,275.15
20261008,09:38:50,49381.13,44189.51,26717.48,17599.82,126.39,1892.51,491.5,480.01,555.15,111.47,167.25,206.86,92.07,150.7,273.06,122.02,194.08,295.15,3137.59,1663.84,468.24,80.48,241.96,1024.46,387.08,238.03,286.78,441.33,207.42,102.07,3569.37,234.58,141.62,134.93,39.36,55.66,97.98,275.16
20261008,09:38:55,49421.14,44228.03,26715.4,17595.86,126.52,1892.51,490.87,480.01,555.21,111.47,167.26,206.91,92.07,150.69,273.06,122.02,194.08,295.15,3140.79,1666.29,468.23,80.48,241.84,1024.57,387.06,238.16,286.84,441.3,207.42,102.07,3569.79,234.58,141.62,134.93,39.36,55.66,97.98,275.16
20261008,09:39:00,49427.21,44233.2,26718.48,17596.89,126.52,1893.93,491.04,480.01,555.21,111.47,167.08,206.96,91.91,150.91,273.18,122.14,194.12,295.15,3141.18,1666.39,468.24,80.46,241.6,1025.37,387.06,238.16,286.88,441.3,207.42,102.07,3570.47,234.58,141.62,134.93,39.36,55.66,97.98,275.16
20261008,09:39:05,49424.6,44233.52,26709.36,17596.0,126.52,1893.93,490.96,480.01,555.21,111.47,167.06,206.89,91.91,150.69,273.18,122.12,194.19,295.15,3141.23,1666.58,468.22,80.48,241.58,1025.29,387.06,238.16,286.58,441.3,207.42,102.07,3567.87,234.58,141.62,134.93,39.36,55.68,97.98,275.19
20261008,09:39:10,49428.6,44238.07,26708.09,17596.72,126.52,1893.93,491.3,479.94,555.21,111.47,167.06,206.93,91.9,150.68,273.18,122.12,194.29,295.15,3141.58,1666.65,468.37,80.35,241.87,1025.33,386.99,238.16,286.89,441.32,207.27,102.07,3567.27,234.58,141.62,134.93,39.36,55.66,97.98,275.11
20261008,09:39:15,49430.55,44239.12,26711.09,17597.31,126.52,1893.7,491.38,480.01,555.21,111.47,167.07,206.95,91.9,150.68,273.18,122.12,194.33,295.05,3141.65,1666.67,468.35,80.38,241.87,1025.43,387.01,238.16,286.85,441.32,207.27,102.07,3568.05,234.58,141.62,134.93,39.36,55.66,97.98,275.16
20261008,09:39:20,49427.94,44237.2,26707.98,17595.8,126.52,1893.7,491.21,480.01,555.21,111.45,167.06,206.93,91.9,150.68,273.18,122.12,194.33,295.04,3141.53,1666.61,468.35,80.37,241.75,1025.89,387.01,238.19,286.53,441.3,207.27,102.07,3567.49,234.58,141.62,134.93,39.36,55.64,98.07,275.11
20261008,09:39:25,49430.34,44237.56,26713.37,17595.41,126.39,1893.7,491.21,479.88,555.21,111.45,167.05,206.89,91.9,150.68,273.18,122.14,194.33,295.08,3141.57,1666.53,468.45,80.37,242.11,1025.94,387.02,238.19,286.42,441.3,207.27,102.07,3569.28,234.58,141.62,134.93,39.36,55.64,98.07,275.11
20261008,09:39:30,49429.93,44236.79,26714.08,17594.97,126.39,1893.7,491.2,480.01,555.21,111.45,167.08,206.94,91.92,150.68,273.06,122.12,194.15,295.1,3141.52,1666.52,468.46,80.38,242.12,1025.83,387.02,238.19,286.42,441.3,207.27,102.07,3569.62,234.58,141.62,134.93,39.36,55.65,97.88,275.03
20261008,09:39:35,49428.2,44235.05,26714.67,17595.48,126.39,1893.48,491.29,480.01,555.17,111.45,167.08,206.95,91.91,150.68,273.18,122.12,194.15,295.11,3141.36,1666.54,468.58,80.37,242.12,1025.29,387.03,238.18,286.41,441.3,207.26,102.07,3569.67,234.58,141.62,134.94,39.41,55.65,97.88,275.01
20261008,09:39:40,49433.55,44240.26,26715.57,17596.52,126.39,1893.48,491.37,480.04,555.23,111.37,167.09,206.98,91.91,150.68,273.18,122.12,194.19,295.1,3141.76,1666.73,468.57,80.39,241.88,1025.4,387.35,238.18,286.72,441.3,207.26,102.07,3569.67,234.58,141.62,135.04,39.41,55.65,97.88,275.01
20261008,09:39:45,49434.94,44241.21,26717.68,17597.57,126.39,1893.48,491.46,480.12,555.23,111.38,167.09,206.98,91.91,150.68,273.18,122.12,194.16,295.1,3141.81,1666.68,468.56,80.4,242.04,1025.41,387.35,238.32,286.82,441.33,207.26,102.07,3570.04,234.58,141.62,135.03,39.41,55.65,97.88,275.11
20261008,09:39:50,49430.05,44236.44,26713.37,17592.61,126.39,1893.48,490.92,480.04,555.23,111.38,167.08,206.96,91.91,150.68,273.18,122.0,194.19,295.08,3141.54,1666.69,468.55,80.46,241.8,1025.31,387.36,238.32,286.46,441.32,207.26,102.07,3570.04,234.58,141.62,135.03,39.41,55.65,97.88,275.09
20261008,09:39:55,49432.28,44238.68,26717.07,17597.08,126.52,1893.48,491.48,480.04,555.23,111.39,167.08,206.94,91.91,150.68,273.18,122.0,194.19,295.07,3141.62,1666.58,468.55,80.5,241.79,1025.79,387.1,238.32,286.44,441.32,207.26,102.07,3569.98,234.58,141.62,135.03,39.41,55.65,97.88,275.11
20261008,09:40:00,49431.44,44238.23,26716.12,17597.22,126.52,1893.48,491.48,480.04,555.23,111.39,167.11,206.93,91.94,150.68,273.18,121.99,194.19,295.07,3141.58,1666.55,468.57,80.51,241.8,1025.78,386.84,238.32,286.44,441.32,207.27,102.07,3569.65,234.3,141.62,135.13,39.41,55.65,97.88,275.11
20261008,09:40:05,49437.69,44244.93,26719.02,17602.61,126.52,1892.06,492.3,480.12,555.23,111.39,167.11,206.93,91.94,150.68,273.18,121.99,194.21,295.07,3141.99,1666.59,468.49,80.54,241.67,1026.37,386.84,238.32,286.75,441.3,207.26,102.07,3569.09,234.3,141.62,135.13,39.41,55.65,97.88,275.1
20261008,09:40:10,49434.26,44241.53,26719.46,17602.93,126.52,1892.06,492.31,480.37,555.23,111.39,167.1,206.93,91.93,150.89,273.3,121.99,194.22,295.08,3141.71,1666.45,468.49,80.55,241.67,1026.42,386.86,238.32,286.52,441.31,207.27,102.07,3569.14,234.58,141.62,135.13,39.41,55.65,97.88,274.79
20261008,09:40:15,49393.53,44201.61,26716.42,17598.66,126.52,1892.06,491.68,480.29,555.37,111.39,167.11,206.97,91.93,150.89,273.3,121.98,194.35,295.1,3138.59,1663.95,468.48,80.55,241.91,1026.51,386.85,238.32,286.53,441.28,207.27,102.07,3569.35,234.58,141.62,135.13,39.41,55.64,97.88,274.76
20261008,09:40:20,49437.61,44244.56,26720.03,17602.8,126.52,1892.06,492.24,480.42,555.42,111.37,167.1,206.99,91.92,150.89,273.3,121.99,194.2,295.08,3141.95,1666.24,468.63,80.55,242.04,1026.77,386.85,238.32,286.83,441.27,207.27,102.07,3569.35,234.58,141.62,135.13,39.41,55.64,97.88,274.76
20261008,09:40:25,49439.54,44246.42,26725.57,17609.08,126.52,1892.29,492.32,480.42,555.42,111.37,167.11,207.01,91.93,150.68,273.66,122.13,194.19,295.09,3141.95,1666.37,468.55,80.56,242.05,1026.83,386.85,238.32,286.51,441.25,207.27,102.07,3569.38,234.58,142.21,135.13,39.41,55.64,97.88,274.76
20261008,09:40:30,49433.55,44243.25,26717.7,17608.95,126.52,1892.24,492.32,480.42,555.34,111.37,167.11,207.03,91.93,150.68,273.66,122.13,194.19,295.09,3141.7,1666.39,468.61,80.56,242.16,1026.13,386.52,238.34,286.48,441.25,207.27,102.07,3566.96,234.58,142.21,135.13,39.41,55.64,97.88,274.78
20261008,09:40:35,49433.21,44242.71,26717.02,17607.51,126.39,1892.24,492.24,480.44,555.06,111.37,167.12,207.03,91.92,150.89,273.66,122.14,194.19,295.08,3141.69,1666.47,468.61,80.55,242.16,1025.99,386.52,238.34,286.38,441.26,207.27,102.07,3567.14,234.58,142.21,135.13,39.41,55.65,97.88,274.78
20261008,09:40:40,49393.89,44201.87,26716.21,17598.09,126.39,1892.24,491.61,480.44,554.99,111.37,167.13,207.1,91.92,150.89,273.68,122.14,194.19,295.08,3138.63,1664.03,468.61,80.58,241.92,1025.91,386.5,238.34,286.74,441.26,207.27,102.07,3569.44,234.58,141.62,135.13,39.41,55.65,97.88,274.76
20261008,09:40:45,49391.16,44198.97,26712.44,17592.97,126.39,1892.24,490.89,480.44,555.0,111.37,167.11,207.03,91.92,150.9,273.68,122.13,194.19,295.09,3138.52,1663.88,468.7,80.59,242.05,1025.9,386.52,238.34,286.73,441.26,207.27,102.07,3569.65,234.58,141.62,135.22,39.41,55.65,97.88,274.78
20261008,09:40:50,49428.63,44235.49,26711.91,17592.37,126.39,1892.24,490.8,480.44,555.0,111.37,167.12,207.01,91.93,150.9,273.68,122.13,194.17,295.09,3141.47,1666.3,468.7,80.59,242.06,1025.82,386.84,238.34,286.42,441.26,207.28,102.07,3569.65,234.62,141.62,135.22,39.41,55.65,97.88,274.77
20261008,09:40:55,49435.12,44242.06,26711.31,17592.53,126.33,1892.24,490.89,480.26,555.0,111.37,167.1,206.97,91.93,150.9,273.68,122.13,194.17,295.09,3142.0,1666.54,468.69,80.56,242.05,1026.4,386.84,238.34,286.42,441.26,207.28,102.07,3569.42,234.58,141.62,135.22,39.41,55.65,97.88,274.8
20261008,09:41:00,49396.11,44203.84,26712.64,17593.34,126.46,1892.24,490.82,480.26,555.16,111.37,167.11,206.99,91.93,150.9,273.68,122.13,194.17,295.09,3138.9,1663.99,468.72,80.6,242.15,1026.3,386.84,238.34,286.73,441.26,207.29,102.07,3569.61,234.58,141.62,135.32,39.41,55.65,97.88,274.8
20261008,09:41:05,49393.99,44201.59,26711.72,17591.65,126.33,1892.24,490.81,480.27,555.09,111.37,167.12,207.05,91.93,150.9,273.68,122.13,194.21,295.09,3138.76,1664.11,468.72,80.59,242.04,1025.9,386.8,238.34,286.59,441.26,207.21,102.03,3569.78,234.25,141.62,135.39,39.41,55.65,97.88,274.8
20261008,09:41:10,49395.21,44202.78,26708.7,17588.18,126.46,1892.36,490.89,480.27,555.13,111.37,167.13,207.09,91.93,150.9,273.53,122.13,194.21,295.09,3138.94,1664.18,468.84,80.55,242.04,1026.04,386.79,238.43,286.6,441.28,207.18,102.03,3569.78,234.25,141.03,135.45,39.41,55.65,97.88,274.81
20261008,09:41:15,49392.6,44200.46,26712.71,17593.57,126.46,1892.36,490.83,480.35,555.13,111.37,167.14,207.11,91.93,150.68,273.53,122.13,194.21,295.1,3138.62,1664.06,468.84,80.56,242.04,1026.04,386.79,238.43,286.28,441.28,207.36,102.03,3569.57,234.25,141.62,135.29,39.41,55.65,97.88,274.81
20261008,09:41:20,49432.58,44240.12,26711.45,17594.45,126.46,1893.78,490.9,480.35,555.13,111.37,167.16,207.18,91.93,150.68,273.53,122.01,194.17,295.12,3141.8,1666.46,468.93,80.54,241.79,1026.01,386.47,238.43,286.59,441.28,207.37,102.0,3568.94,234.25,141.62,135.29,39.41,55.65,98.07,274.81
20261008,09:41:25,49434.0,44241.12,26711.99,17593.82,126.46,1893.78,490.81,480.22,555.06,111.39,167.16,207.19,91.93,150.9,273.53,122.01,194.17,295.14,3141.89,1666.51,469.07,80.53,241.8,1025.93,386.52,238.43,286.6,441.29,207.37,102.0,3569.28,234.25,141.62,135.32,39.41,55.64,98.07,274.81
20261008,09:41:30,49433.87,44240.4,26713.27,17593.31,126.33,1892.36,490.9,480.32,555.15,111.39,167.16,207.2,91.93,150.46,273.71,121.99,194.18,295.12,3141.85,1666.41,469.14,80.52,241.91,1025.94,386.48,238.43,286.65,441.29,207.34,102.0,3569.82,234.25,141.62,135.42,39.41,55.64,98.07,274.82
20261008,09:41:35,49433.59,44239.07,26717.63,17594.78,126.33,1892.32,490.99,480.32,555.19,111.39,167.17,207.22,91.93,150.25,273.71,122.11,194.18,295.12,3141.7,1666.53,469.12,80.51,241.8,1025.77,386.48,238.43,286.33,441.28,207.36,102.0,3570.78,234.25,141.62,135.42,39.41,55.64,98.07,274.82
20261008,09:41:40,49391.41,44198.56,26706.7,17584.16,126.33,1892.32,489.74,480.33,555.19,111.39,167.18,207.27,91.92,150.04,273.53,121.99,194.18,295.12,3138.69,1664.25,469.12,80.51,241.69,1025.79,386.48,238.43,286.3,441.28,207.31,102.0,3570.24,234.25,141.62,135.42,39.41,55.64,98.07,274.82
20261008,09:41:45,49393.59,44201.06,26705.77,17584.35,126.46,1892.32,489.74,480.31,555.19,111.39,167.18,207.26,91.93,150.05,273.53,121.99,194.18,295.13,3138.89,1664.32,469.05,80.5,241.69,1025.73,386.49,238.43,286.61,441.28,207.31,102.0,3569.9,234.25,141.62,135.32,39.41,55.64,98.07,274.82
20261008,09:41:50,49433.19,44239.28,26704.66,17581.81,126.46,1892.32,489.56,480.31,555.2,111.4,167.19,207.31,91.93,150.26,273.53,121.99,194.18,295.12,3142.03,1666.69,469.06,80.5,241.81,1026.16,386.56,238.29,286.3,441.29,207.13,102.0,3570.24,234.25,141.62,135.32,39.41,55.64,98.07,274.82
20261008,09:41:55,49436.05,44242.49,26702.67,17580.98,126.46,1892.32,489.55,480.31,555.2,111.4,167.18,207.29,91.93,150.05,273.53,121.99,194.19,295.11,3142.31,1666.78,469.06,80.5,241.81,1026.12,386.61,238.29,286.62,441.29,207.09,102.0,3569.85,234.25,141.62,135.32,39.41,55.64,98.07,274.82
20261008,09:42:00,49439.61,44245.41,26703.19,17579.7,126.46,1892.32,489.09,480.39,555.2,111.4,167.18,207.29,91.92,150.26,273.53,121.99,194.19,295.09,3142.58,1666.85,469.05,80.46,241.92,1026.39,386.58,238.29,286.72,441.29,207.25,102.0,3570.36,234.25,141.62,135.41,39.41,55.64,98.07,274.83
20261008,09:42:05,49435.32,44241.59,26704.46,17582.4,126.46,1892.32,489.56,480.32,555.22,111.4,167.18,207.27,91.92,150.47,273.53,121.99,194.19,295.04,3142.2,1666.81,469.05,80.5,242.16,1025.77,386.57,238.29,286.4,441.29,207.09,102.0,3570.02,234.25,141.62,135.51,39.41,55.64,98.26,274.83
20261008,09:42:10,49432.02,44238.85,26696.02,17574.27,126.52,1892.49,489.1,480.32,555.08,111.4,167.19,207.3,91.93,150.47,273.53,121.99,194.19,295.05,3142.18,1666.7,469.05,80.41,242.17,1025.81,386.6,238.29,286.7,441.29,207.09,102.0,3569.59,234.25,141.03,135.52,39.41,55.64,98.26,274.85
20261008,09:42:15,49433.56,44240.33,26697.72,17576.15,126.39,1892.49,488.75,480.53,554.93,111.4,167.19,207.3,91.93,150.47,273.53,122.0,194.19,295.04,3142.25,1666.85,469.04,80.39,242.17,1025.98,386.6,238.29,286.39,441.29,207.13,102.0,3569.61,234.23,141.62,135.52,39.41,55.64,98.26,274.85
20261008,09:42:20,49428.91,44235.8,26694.78,17572.77,126.52,1892.49,488.57,480.45,554.96,111.4,167.2,207.35,91.93,150.68,273.53,122.14,194.19,295.04,3141.97,1666.68,468.95,80.39,242.05,1026.04,386.6,238.29,286.39,441.29,207.25,102.0,3569.61,234.3,141.03,135.52,39.41,55.64,98.07,274.87
20261008,09:42:25,49390.13,44198.0,26694.38,17572.31,126.46,1892.55,488.58,480.37,554.88,111.39,167.19,207.3,91.93,150.68,273.53,122.14,194.19,295.04,3138.93,1664.25,469.04,80.38,241.91,1026.34,386.57,238.29,286.4,441.31,207.25,102.0,3569.61,234.3,141.03,135.52,39.41,55.63,98.07,274.92
20261008,09:42:30,49382.08,44190.48,26689.25,17567.43,126.46,1892.61,487.93,480.37,554.95,111.39,167.17,207.24,91.92,150.68,273.53,122.12,194.17,295.03,3138.45,1663.98,468.92,80.38,241.91,1026.08,386.91,238.29,286.4,441.31,207.24,102.0,3569.33,234.3,141.03,135.52,39.41,55.63,98.07,274.91
20261008,09:42:35,49425.58,44232.38,26691.09,17567.95,126.46,1894.03,487.93,480.29,554.95,111.39,167.17,207.25,91.92,150.68,273.53,122.12,194.15,295.03,3141.81,1666.38,469.05,80.42,242.02,1026.28,386.96,238.29,286.45,441.3,207.24,102.0,3569.77,234.3,141.03,135.52,39.41,55.63,98.07,274.91
20261008,09:42:40,49426.72,44235.49,26687.23,17570.22,126.46,1892.49,488.3,480.29,554.91,111.39,167.17,207.26,91.92,150.68,273.53,122.12,194.12,295.03,3142.01,1666.52,469.06,80.42,241.66,1026.25,386.96,238.29,286.75,441.3,207.28,102.0,3567.95,234.3,141.02,135.52,39.41,55.63,98.07,274.91
20261008,09:42:45,49434.64,44243.3,26688.04,17571.42,126.33,1892.49,488.38,480.29,555.06,111.39,167.17,207.24,91.92,150.9,273.53,122.12,194.12,295.08,3142.61,1666.71,469.01,80.42,241.66,1027.5,387.21,238.29,286.44,441.3,207.31,102.0,3567.87,234.3,141.02,135.52,39.41,55.63,98.07,274.86
20261008,09:42:50,49438.18,44246.75,26688.63,17572.11,126.33,1892.55,488.46,480.3,555.06,111.4,167.17,207.25,91.92,150.9,273.53,122.12,194.12,295.08,3142.87,1666.79,469.01,80.43,241.78,1027.73,387.27,238.29,286.45,441.3,207.31,102.0,3567.87,234.3,141.02,135.52,39.41,55.63,98.07,274.87
20261008,09:42:55,49396.23,44205.64,26685.3,17567.52,126.33,1892.61,487.85,480.32,555.06,111.4,167.18,207.29,91.92,150.9,273.53,122.11,194.07,295.1,3139.67,1664.22,469.11,80.37,242.03,1027.87,386.94,238.29,286.45,441.3,207.29,102.0,3568.08,234.31,141.02,135.52,39.41,55.63,98.07,274.87
20261008,09:43:00,49445.37,44251.44,26695.17,17571.89,126.33,1892.61,488.46,480.32,555.06,111.4,167.18,207.29,91.92,150.9,273.53,122.11,194.07,295.1,3143.25,1666.82,469.0,80.38,241.79,1028.67,386.94,238.29,286.45,441.3,207.28,102.0,3569.98,234.31,141.02,135.52,39.41,55.63,98.06,274.85
20261008,09:43:05,49450.07,44256.04,26695.17,17571.96,126.52,1892.55,488.47,480.3,555.06,111.4,167.18,207.3,91.92,151.12,273.56,121.99,194.07,295.1,3143.62,1666.86,469.24,80.37,241.89,1028.73,386.94,238.29,286.75,441.3,207.28,102.0,3569.95,234.31,141.02,135.52,39.41,55.63,97.96,274.9
20261008,09:43:10,49446.73,44252.7,26696.89,17573.66,126.39,1892.67,488.55,480.68,555.06,111.41,167.19,207.26,91.93,151.12,273.56,122.11,194.22,295.1,3143.31,1666.76,468.97,80.38,242.14,1028.74,386.9,238.29,286.44,441.3,207.28,102.0,3570.03,234.31,141.02,135.52,39.41,55.63,97.96,274.9
20261008,09:43:15,49452.05,44258.12,26696.49,17573.97,126.39,1892.71,488.65,480.43,555.06,111.41,167.19,207.27,91.93,151.12,273.68,122.11,194.22,295.1,3143.74,1666.98,469.06,80.39,241.78,1028.87,386.83,238.29,286.76,441.3,207.28,102.0,3569.82,234.31,141.02,135.46,39.41,55.63,97.96,274.9
20261008,09:43:20,49452.29,44258.18,26696.66,17573.56,126.39,1892.71,488.73,480.43,555.06,111.41,167.18,207.24,91.93,151.12,273.68,121.99,194.22,295.1,3143.75,1666.97,469.08,80.39,241.78,1028.92,386.91,238.29,286.75,441.28,207.28,102.0,3569.99,234.31,141.02,135.43,39.41,55.63,97.96,274.9
20261008,09:43:25,49452.94,44258.81,26696.99,17573.95,126.39,1892.94,488.65,480.51,555.06,111.41,167.17,207.25,91.93,151.12,273.68,121.99,194.22,295.1,3143.8,1666.99,469.09,80.44,242.03,1028.99,387.18,238.29,286.44,441.29,207.28,102.0,3569.99,234.31,141.02,135.43,39.41,55.63,97.96,275.19
20261008,09:43:30,49411.7,44217.95,26700.64,17575.92,126.39,1892.88,488.74,480.51,555.06,111.41,167.18,207.27,91.93,151.33,273.68,122.12,194.22,295.09,3140.46,1664.62,469.01,80.45,242.03,1028.42,387.18,238.29,286.44,441.29,207.28,102.0,3570.59,234.31,141.02,135.53,39.41,55.63,97.96,275.14
20261008,09:43:35,49452.57,44257.82,26699.92,17575.23,126.39,1892.88,488.75,480.51,554.97,111.41,167.18,207.27,91.93,151.12,273.68,122.12,194.22,295.1,3143.68,1667.04,469.14,80.42,242.15,1028.51,386.93,238.29,286.44,441.29,207.28,102.0,3570.55,234.31,141.01,135.5,39.41,55.63,97.96,275.14
20261008,09:43:40,49453.26,44258.11,26700.6,17574.75,126.39,1892.88,488.66,480.51,555.0,111.41,167.18,207.24,91.93,151.33,273.68,122.12,194.22,295.04,3143.72,1666.99,469.21,80.42,242.15,1028.68,386.9,238.29,286.44,441.23,207.28,102.0,3570.9,234.31,141.01,135.49,39.41,55.63,97.96,275.14
20261008,09:43:45,49454.47,44259.29,26693.29,17566.33,126.39,1892.88,487.5,480.53,555.01,111.41,167.18,207.27,91.92,151.12,273.68,122.14,194.23,295.12,3144.02,1666.95,469.12,80.42,242.03,1029.17,386.92,238.29,286.85,441.23,207.28,102.0,3570.9,234.31,141.01,135.49,39.41,55.63,97.96,275.14
20261008,09:43:50,49455.3,44260.29,26694.98,17568.93,126.39,1892.88,487.86,480.53,555.01,111.41,167.18,207.28,91.92,151.12,273.68,122.14,194.16,295.11,3144.04,1667.06,469.23,80.42,242.03,1029.13,386.92,238.29,286.56,441.24,207.28,102.0,3570.72,234.31,141.01,135.49,39.41,55.63,97.96,275.14
20261008,09:43:55,49455.73,44260.48,26694.32,17567.4,126.52,1892.82,487.77,480.43,554.98,111.41,167.19,207.32,91.93,150.9,273.68,122.0,194.16,295.11,3144.09,1667.09,469.44,80.45,242.03,1029.28,386.92,238.29,286.25,441.23,207.28,102.0,3570.93,234.31,141.01,135.5,39.41,55.63,97.96,275.15
20261008,09:44:00,49453.18,44258.58,26688.46,17562.62,126.39,1892.79,487.15,480.43,555.01,111.41,167.18,207.28,91.92,151.12,273.56,122.11,194.16,295.14,3144.05,1667.09,469.2,80.46,241.78,1029.23,386.91,238.29,286.57,441.33,207.19,102.0,3570.39,234.31,141.01,135.46,39.41,55.63,97.96,275.15
20261008,09:44:05,49452.66,44258.08,26687.59,17561.61,126.39,1892.56,487.78,480.51,555.01,111.4,167.19,207.28,91.93,151.33,273.56,121.98,194.16,295.14,3144.03,1667.14,469.24,80.47,241.79,1029.38,387.2,238.29,286.22,441.33,207.19,102.0,3570.39,234.31,140.42,135.33,39.41,55.63,97.96,275.15
20261008,09:44:10,49452.05,44257.26,26684.29,17557.05,126.39,1892.56,487.69,480.42,555.16,111.32,167.21,207.38,91.93,151.33,273.56,121.98,194.16,295.14,3144.08,1666.99,469.3,80.47,241.79,1029.48,387.18,238.29,286.53,441.36,207.19,102.0,3570.6,234.31,139.83,135.43,39.41,55.63,97.96,275.17
20261008,09:44:15,49454.09,44259.25,26689.93,17563.54,126.39,1892.56,487.86,480.42,555.29,111.32,167.22,207.4,91.93,151.33,273.56,121.99,194.16,295.14,3144.08,1667.17,469.2,80.48,242.04,1029.2,387.2,238.29,286.2,441.33,207.19,102.0,3570.6,234.31,140.42,135.43,39.41,55.63,97.96,275.17
20261008,09:44:20,49450.32,44255.57,26687.5,17560.75,126.39,1892.56,487.86,480.8,555.28,111.32,167.23,207.43,91.94,151.33,273.56,121.99,194.16,295.14,3143.85,1667.03,469.2,80.49,241.91,1029.24,386.88,238.29,286.21,441.42,206.82,102.02,3570.6,234.31,140.42,135.43,39.41,55.63,97.96,275.17
20261008,09:44:25,49489.23,44293.01,26688.25,17559.98,126.39,1892.56,487.77,480.85,555.29,111.32,167.23,207.43,91.94,151.32,273.56,121.99,194.16,295.14,3146.89,1669.55,469.11,80.48,241.68,1029.01,386.87,238.05,286.21,441.44,206.82,102.02,3571.04,234.65,140.42,135.37,39.41,55.64,98.15,274.87
20261008,09:44:30,49493.67,44296.96,26690.9,17561.78,126.33,1892.56,487.86,480.85,555.29,111.31,167.23,207.44,91.94,151.32,273.56,121.99,194.16,295.13,3147.16,1669.55,469.11,80.51,241.93,1029.02,386.61,238.05,286.53,441.46,206.93,102.02,3571.38,234.65,140.43,135.37,39.41,55.65,98.15,274.88
20261008,09:44:35,49455.41,44260.49,26685.63,17558.45,126.33,1892.56,487.69,480.88,555.16,111.31,167.23,207.4,91.94,150.9,273.56,121.99,194.16,295.14,3144.3,1667.16,469.11,80.48,241.8,1029.63,386.94,238.05,286.59,441.46,206.82,102.02,3570.64,234.65,140.43,135.37,39.41,55.65,98.15,274.88
20261008,09:44:40,49494.04,44297.54,26683.44,17553.95,126.33,1892.56,487.07,480.72,555.13,111.31,167.24,207.44,91.94,150.9,273.56,121.99,194.16,295.14,3147.4,1669.59,469.11,80.48,241.91,1029.79,386.96,238.05,286.29,441.46,206.85,102.02,3571.18,234.65,140.43,135.33,39.41,55.65,98.15,274.88
20261008,09:44:45,49500.0,44303.29,26688.45,17559.53,126.31,1892.56,487.69,480.72,555.13,111.31,167.23,207.39,91.94,150.9,273.56,121.99,194.2,295.13,3147.73,1669.61,469.2,80.47,242.16,1029.63,386.96,238.05,286.74,441.47,206.99,102.02,3571.23,234.61,140.43,135.33,39.41,55.65,98.15,274.88
20261008,09:44:50,49500.18,44301.43,26694.34,17559.5,126.31,1892.56,487.7,480.72,555.13,111.31,167.22,207.38,91.94,150.9,273.56,122.0,194.2,295.13,3147.58,1669.62,469.19,80.48,242.05,1029.24,386.73,238.05,286.84,441.5,207.02,102.02,3573.08,234.28,140.43,135.33,39.41,55.65,98.15,274.88
20261008,09:44:55,49501.65,44302.47,26697.51,17561.82,126.31,1892.56,487.7,480.72,555.21,111.31,167.24,207.43,91.94,150.9,273.56,122.0,194.23,295.13,3147.61,1669.64,469.18,80.45,242.05,1029.76,386.74,238.05,286.49,441.5,207.22,102.02,3573.44,234.28,140.43,135.33,39.41,55.65,98.15,274.89
20261008,09:45:00,49501.33,44301.78,26702.88,17566.74,126.31,1892.56,488.24,480.72,555.21,111.31,167.24,207.43,91.94,150.9,273.56,122.0,194.23,295.13,3147.43,1669.67,469.09,80.46,242.05,1029.31,386.75,238.05,286.49,441.45,207.33,102.01,3573.78,234.28,140.43,135.33,39.42,55.64,98.15,274.89
20261008,09:45:05,49509.6,44310.48,26701.05,17566.78,126.37,1892.56,488.24,480.71,555.21,111.31,167.24,207.43,91.94,150.9,273.56,121.99,194.2,295.13,3148.13,1669.88,469.09,80.46,241.93,1030.1,386.63,238.05,286.77,441.43,207.34,102.01,3573.2,234.28,140.43,135.3,39.42,55.64,98.15,274.89
20261008,09:45:10,49507.5,44308.36,26701.28,17566.77,126.37,1892.56,488.33,480.71,555.21,111.31,167.24,207.5,91.93,150.9,273.56,121.99,194.12,295.12,3147.96,1669.72,469.09,80.47,242.05,1030.08,386.63,238.05,286.77,441.45,207.22,102.0,3573.27,234.28,140.43,135.37,39.42,55.67,98.15,274.89
20261008,09:45:15,49509.22,44310.4,26704.02,17571.18,126.37,1892.56,488.96,480.71,555.18,111.33,167.24,207.5,91.93,150.9,273.56,121.99,194.12,295.13,3148.02,1669.88,469.05,80.48,242.04,1029.72,386.64,238.05,286.8,441.48,207.22,102.0,3572.93,234.28,140.42,135.36,39.42,55.65,98.15,274.93
20261008,09:45:20,49509.42,44310.42,26703.85,17570.38,126.37,1891.14,488.96,480.7,555.16,111.33,167.24,207.51,91.92,150.9,273.56,121.98,194.12,295.12,3148.04,1669.8,469.25,80.48,241.9,1029.88,386.97,238.05,286.79,441.48,207.22,102.0,3573.1,234.28,140.42,135.36,39.42,55.66,98.15,274.88
20261008,09:45:25,49502.35,44305.2,26697.84,17569.06,126.37,1891.14,488.88,480.83,555.26,111.45,167.21,207.46,91.91,150.9,273.56,121.97,194.12,295.08,3147.65,1669.58,469.23,80.44,241.91,1029.73,386.96,238.05,286.78,441.5,207.08,102.0,3571.58,234.61,140.42,135.36,39.42,55.64,98.15,274.88
20261008,09:45:30,49466.81,44270.88,26699.09,17571.51,126.37,1891.14,489.05,480.57,555.26,111.46,167.22,207.5,91.91,150.9,273.56,121.96,194.12,295.07,3144.83,1667.49,469.28,80.43,242.16,1029.63,387.11,238.05,286.44,441.49,207.22,102.0,3571.3,234.61,140.42,135.37,39.43,55.64,98.15,274.88
20261008,09:45:35,49506.65,44309.7,26693.75,17565.37,126.37,1891.14,488.25,480.57,555.29,111.49,167.22,207.51,91.91,150.9,273.56,121.96,194.12,295.03,3148.1,1669.87,469.37,80.47,242.16,1029.51,387.1,238.05,286.76,441.5,207.22,102.0,3571.3,234.28,140.42,135.37,39.43,55.64,98.15,274.88
20261008,09:45:40,49506.22,44309.23,26694.09,17565.6,126.37,1891.14,488.33,480.44,555.24,111.49,167.23,207.52,91.91,150.9,273.56,121.96,194.12,295.03,3148.06,1669.98,469.39,80.47,242.16,1029.37,387.06,238.05,286.5,441.41,207.22,102.0,3571.34,234.28,140.42,135.37,39.43,55.64,98.15,274.91
20261008,09:45:45,49503.17,44304.32,26699.99,17565.92,126.37,1891.14,488.33,480.57,555.24,111.49,167.23,207.53,91.91,150.9,273.56,121.96,194.12,295.02,3147.66,1669.78,469.29,80.49,242.16,1029.16,387.05,238.04,286.45,441.4,207.22,102.0,3573.1,234.28,140.42,135.39,39.43,55.65,98.15,274.91
20261008,09:45:50,49504.59,44305.71,26701.68,17567.85,126.31,1891.14,488.42,480.49,555.24,111.49,167.22,207.5,91.91,151.12,273.56,121.95,194.12,295.02,3147.72,1669.8,469.18,80.37,241.96,1029.31,386.72,238.04,286.86,441.47,207.34,102.0,3573.1,234.28,140.42,135.41,39.43,55.67,98.15,274.91
20261008,09:45:55,49466.9,44269.1,26702.17,17568.83,126.31,1891.14,488.33,480.49,555.24,111.41,167.42,207.49,92.07,151.12,273.53,121.95,194.11,295.02,3144.75,1667.36,469.22,80.41,241.96,1029.67,386.72,238.04,286.83,441.41,207.34,102.0,3572.99,234.28,140.42,135.41,39.43,55.67,98.15,274.88
20261008,09:46:00,49464.76,44267.37,26700.6,17568.24,126.31,1891.14,488.24,480.49,555.24,111.41,167.4,207.43,92.07,151.12,273.53,121.95,194.13,295.02,3144.62,1667.37,469.22,80.35,241.59,1029.76,386.75,238.03,286.83,441.41,207.33,102.0,3572.66,234.28,140.42,135.48,39.43,55.67,98.15,274.89
20261008,09:46:05,49506.04,44309.94,26694.69,17569.25,126.37,1891.14,488.41,480.49,555.18,111.43,167.41,207.45,92.07,151.12,273.53,121.95,193.99,294.8,3148.03,1669.9,469.32,80.37,241.84,1029.84,386.75,238.03,286.74,441.41,207.34,102.0,3570.54,234.28,140.42,135.53,39.43,55.69,98.15,274.89
20261008,09:46:10,49505.35,44308.76,26697.71,17571.03,126.37,1891.19,488.5,480.49,555.24,111.51,167.43,207.56,92.07,150.91,273.53,121.94,193.96,294.8,3147.89,1669.79,469.32,80.4,241.83,1030.18,386.75,238.03,286.42,441.41,207.34,102.0,3571.0,234.28,140.42,135.53,39.43,55.69,98.15,275.19
20261008,09:46:15,49509.03,44312.38,26697.55,17570.98,126.37,1891.19,488.5,480.74,555.23,111.51,167.41,207.49,92.06,151.33,273.53,121.93,193.92,294.8,3148.18,1669.94,469.33,80.39,241.83,1030.37,386.74,238.03,286.47,441.41,207.3,102.0,3570.96,234.28,140.42,135.47,39.43,55.7,98.15,275.19
20261008,09:46:20,49507.61,44311.58,26695.87,17571.01,126.37,1891.08,488.5,480.74,555.27,111.43,167.43,207.56,92.06,151.33,273.53,121.93,193.95,294.78,3148.12,1669.79,469.36,80.39,241.72,1030.35,386.72,238.03,286.77,441.41,207.3,102.0,3570.43,234.28,140.42,135.47,39.43,55.7,98.15,275.19
20261008,09:46:25,49516.25,44317.17,26707.31,17574.71,126.37,1891.08,489.04,480.74,555.25,111.43,167.41,207.51,92.06,151.12,273.53,121.91,193.95,294.82,3148.48,1669.87,469.35,80.37,242.03,1030.39,386.72,238.03,287.06,441.41,207.33,102.0,3573.0,234.28,140.42,135.5,39.39,55.7,98.15,275.19
20261008,09:46:30,49517.38,44317.84,26703.54,17568.89,126.18,1891.08,488.25,480.87,555.25,111.43,167.41,207.5,92.06,151.32,273.53,121.91,193.95,294.82,3148.67,1669.82,469.34,80.37,242.03,1030.97,386.72,238.03,287.07,441.42,207.34,102.0,3573.4,234.28,140.42,135.53,39.39,55.69,98.15,275.19
20261008,09:46:35,49523.52,44322.82,26710.94,17574.06,126.37,1891.08,488.24,480.54,555.24,111.44,167.43,207.59,92.06,151.32,273.53,121.91,193.95,294.82,3148.95,1669.98,469.28,80.37,242.03,1031.22,386.7,238.02,287.07,441.42,207.34,102.0,3574.31,234.28,141.01,135.53,39.39,55.69,98.15,275.19
20261008,09:46:40,49520.27,44320.61,26707.72,17573.58,126.24,1891.09,488.25,480.53,555.24,111.44,167.43,207.53,92.08,151.11,273.53,121.91,193.95,294.82,3148.79,1669.89,469.18,80.39,242.02,1031.17,386.7,238.02,287.07,441.48,207.34,102.0,3573.44,234.28,141.01,135.53,39.39,55.69,98.15,275.2
20261008,09:46:45,49523.5,44324.63,26705.1,17573.46,126.24,1891.09,488.25,480.53,555.25,111.44,167.45,207.59,92.08,151.32,273.29,121.91,193.95,294.81,3149.11,1670.02,469.13,80.39,242.02,1031.57,386.73,238.02,287.07,441.48,207.32,102.0,3572.65,234.28,141.01,135.43,39.39,55.69,98.15,275.19
20261008,09:46:50,49524.26,44325.22,26714.57,17583.83,126.37,1891.09,488.89,480.53,555.19,111.52,167.46,207.64,92.08,151.32,273.18,121.91,194.0,294.81,3148.91,1670.1,469.27,80.39,242.02,1030.65,386.73,238.02,287.12,441.48,207.33,102.0,3572.79,234.28,141.61,135.53,39.39,55.69,98.15,275.2
20261008,09:46:55,49523.55,44324.14,26713.04,17580.82,126.24,1891.09,488.8,480.45,555.16,111.52,167.46,207.58,92.09,151.32,273.18,121.9,194.03,294.8,3148.9,1670.0,469.24,80.41,242.15,1030.81,386.71,238.02,287.12,441.43,207.16,102.0,3573.13,234.33,141.61,135.53,39.39,55.69,98.15,275.2
20261008,09:47:00,49526.01,44326.29,26713.69,17580.72,126.24,1891.09,488.78,480.45,555.16,111.52,167.45,207.59,92.08,151.32,273.18,121.9,193.97,294.8,3149.07,1670.11,469.35,80.43,241.79,1031.5,386.73,238.02,286.76,441.43,207.19,102.0,3573.36,234.28,141.61,135.53,39.39,55.69,98.15,275.2
20261008,09:47:05,49525.18,44326.06,26716.84,17586.28,126.24,1891.09,489.49,480.44,555.16,111.52,167.43,207.61,92.06,151.54,273.18,121.92,193.97,294.8,3148.92,1669.98,469.33,80.43,242.04,1031.32,386.73,238.02,286.8,441.45,207.19,102.0,3572.84,234.28,141.61,135.53,39.39,55.69,98.15,275.23
20261008,09:47:10,49529.08,44329.64,26717.64,17586.5,126.24,1891.09,489.49,480.44,555.09,111.52,167.43,207.6,92.06,151.54,273.18,121.92,194.03,294.8,3149.2,1670.04,469.33,80.42,242.04,1031.82,386.73,238.02,286.8,441.44,207.19,102.0,3573.03,234.61,141.61,135.53,39.39,55.69,98.15,275.22
20261008,09:47:15,49533.63,44335.19,26713.19,17585.07,126.24,1889.67,489.5,480.57,555.09,111.52,167.43,207.58,92.06,151.54,273.18,121.92,193.99,294.8,3149.68,1670.15,469.34,80.43,242.03,1032.19,386.73,238.02,287.11,441.46,207.04,102.0,3572.03,234.65,141.61,135.63,39.39,55.7,98.15,275.18
20261008,09:47:20,49532.82,44335.54,26710.66,17585.96,126.24,1889.61,489.51,480.65,555.08,111.52,167.44,207.6,92.06,151.54,273.18,122.04,193.99,294.79,3149.69,1670.13,469.35,80.42,241.79,1032.43,386.96,238.02,287.11,441.45,207.04,102.0,3570.99,234.65,141.61,135.61,39.39,55.7,98.15,275.18
20261008,09:47:25,49533.39,44335.22,26712.69,17585.4,126.24,1889.61,489.51,480.79,555.03,111.52,167.45,207.64,92.07,151.54,273.18,122.0,193.99,294.79,3149.68,1670.2,469.26,80.36,242.02,1032.18,387.0,238.02,287.11,441.45,207.04,102.0,3571.78,234.58,141.61,135.57,39.39,55.7,98.15,275.13
20261008,09:47:30,49530.81,44334.78,26705.63,17584.22,126.24,1889.61,489.41,480.79,555.03,111.52,167.44,207.6,92.07,151.54,273.18,122.0,193.99,294.79,3149.67,1670.15,469.26,80.36,242.2,1032.18,386.61,238.11,287.15,441.43,206.99,102.0,3569.9,234.58,141.61,135.58,39.39,55.7,98.15,275.16
20261008,09:47:35,49496.14,44300.67,26707.98,17585.82,126.24,1889.61,489.52,480.71,554.99,111.52,167.44,207.6,92.07,151.75,273.18,121.88,193.99,294.79,3146.88,1667.83,469.33,80.38,242.02,1032.73,386.62,238.11,287.17,441.41,207.17,102.0,3570.2,234.52,141.61,135.58,39.39,55.7,98.15,275.16
20261008,09:47:40,49535.61,44338.54,26713.73,17590.47,126.24,1889.61,490.15,480.79,555.09,111.52,167.42,207.6,92.05,151.54,273.18,121.88,193.97,294.79,3149.82,1670.13,469.46,80.37,242.03,1032.9,386.62,238.11,286.86,441.47,207.17,102.0,3570.73,234.52,141.61,135.58,39.39,55.7,98.15,275.16
20261008,09:47:45,49492.6,44297.29,26711.95,17590.64,126.24,1889.61,490.32,480.79,555.02,111.52,167.42,207.61,92.05,151.75,273.29,121.88,193.97,294.79,3146.49,1667.6,469.45,80.36,241.92,1032.91,386.63,238.11,286.87,441.47,207.14,102.0,3570.13,234.52,141.61,135.58,39.39,55.7,98.15,274.85
20261008,09:47:50,49533.86,44337.91,26710.78,17590.66,126.24,1889.61,490.23,480.94,555.02,111.52,167.43,207.64,92.05,151.75,273.29,121.88,193.97,294.79,3149.77,1670.29,469.34,80.36,242.02,1032.41,386.65,238.11,286.87,441.51,207.17,102.0,3569.76,234.52,141.61,135.6,39.39,55.7,98.15,274.85
20261008,09:47:55,49495.25,44300.29,26711.76,17591.82,126.24,1889.61,490.25,480.87,555.02,111.6,167.43,207.63,92.06,151.75,273.18,121.99,193.91,294.77,3146.71,1667.84,469.29,80.37,242.15,1032.66,386.66,238.11,286.84,441.5,207.17,102.0,3569.75,234.55,141.61,135.62,39.39,55.7,98.15,274.9
20261008,09:48:00,49493.75,44298.62,26716.25,17596.28,126.24,1891.03,490.96,480.87,555.02,111.6,167.42,207.64,92.05,151.75,273.18,121.87,193.91,294.77,3146.47,1667.86,469.44,80.37,241.9,1032.06,386.67,238.11,286.84,441.5,207.17,102.0,3569.94,234.31,141.61,135.62,39.39,55.7,98.15,274.9
20261008,09:48:05,49537.29,44338.5,26723.43,17596.02,126.24,1891.03,490.96,480.79,555.02,111.59,167.43,207.67,92.05,151.75,273.18,121.88,193.91,294.77,3149.69,1670.33,469.46,80.41,241.79,1032.07,386.66,238.11,286.87,441.4,207.17,102.0,3572.25,234.27,141.61,135.62,39.39,55.7,98.15,274.9
20261008,09:48:10,49500.52,44302.53,26723.28,17595.37,126.24,1891.03,490.86,480.79,555.16,111.51,167.42,207.63,92.05,151.75,273.18,121.88,193.91,294.77,3146.8,1667.78,469.46,80.41,242.03,1032.45,386.66,238.12,287.19,441.4,207.17,102.0,3572.38,234.23,141.61,135.62,39.39,55.7,98.15,274.89
20261008,09:48:15,49498.03,44299.43,26727.69,17598.23,126.24,1891.23,490.96,480.79,555.29,111.53,167.44,207.7,92.05,151.75,273.18,121.87,193.91,294.79,3146.49,1667.77,469.29,80.41,242.01,1032.33,386.66,238.12,286.89,441.44,207.32,102.0,3572.99,234.23,141.61,135.62,39.39,55.7,98.15,274.84
20261008,09:48:20,49535.06,44335.9,26719.49,17590.08,126.24,1891.23,489.79,480.79,555.29,111.62,167.44,207.7,92.05,151.54,273.18,121.88,193.93,294.82,3149.62,1670.35,469.46,80.42,241.95,1031.7,386.65,238.12,286.89,441.39,207.33,102.0,3572.63,234.23,141.61,135.62,39.39,55.74,98.15,274.84
20261008,09:48:25,49537.69,44338.49,26720.26,17591.03,126.24,1891.23,489.78,480.86,555.52,111.61,167.44,207.71,92.04,151.76,273.18,121.88,193.93,294.82,3149.81,1670.33,469.41,80.42,242.2,1031.59,386.67,238.12,287.21,441.38,207.33,102.0,3572.62,234.22,141.61,135.62,39.39,55.74,98.15,274.84
20261008,09:48:30,49534.47,44337.69,26713.41,17590.99,126.24,1891.23,489.7,480.73,555.52,111.61,167.43,207.71,92.04,151.97,273.18,121.89,193.91,294.82,3149.74,1670.51,469.5,80.4,242.19,1031.29,386.67,238.12,286.86,441.38,207.29,102.0,3570.49,234.22,141.61,135.62,39.39,55.73,98.15,275.13
20261008,09:48:35,49535.63,44339.26,26715.33,17594.67,126.11,1889.81,490.34,480.73,555.52,111.61,167.46,207.68,92.07,151.76,273.18,121.88,193.91,294.8,3149.78,1670.55,469.39,80.39,242.09,1031.47,386.71,238.12,286.86,441.36,207.29,102.01,3570.09,234.22,141.61,135.62,39.39,55.73,98.15,275.13
20261008,09:48:40,49537.76,44339.15,26721.68,17594.64,126.11,1889.81,490.34,480.73,555.52,111.61,167.46,207.68,92.07,151.76,273.18,121.86,193.91,294.8,3149.77,1670.5,469.29,80.43,242.07,1031.38,386.71,238.12,287.08,441.36,207.29,102.01,3572.08,234.22,141.61,135.62,39.39,55.73,98.15,275.18
20261008,09:48:45,49533.51,44333.92,26715.42,17583.76,126.24,1889.81,489.53,480.58,555.52,111.61,167.45,207.67,92.06,151.97,273.18,121.86,193.95,294.58,3149.61,1670.57,469.21,80.35,241.82,1031.41,386.71,238.12,286.97,441.33,207.29,102.01,3573.08,234.22,141.01,135.62,39.39,55.71,98.15,275.18
20261008,09:48:50,49534.49,44335.31,26713.38,17582.9,126.11,1889.81,489.46,480.58,555.52,111.61,167.45,207.66,92.06,151.97,273.18,121.86,193.98,294.58,3149.75,1670.56,469.54,80.35,241.9,1031.36,386.72,238.12,286.94,441.35,207.29,102.01,3572.68,234.22,141.01,135.62,39.39,55.71,98.15,275.18
20261008,09:48:55,49535.28,44337.29,26713.46,17587.02,126.11,1889.81,489.46,480.58,555.52,111.61,167.43,207.59,92.06,151.97,273.18,121.86,193.98,294.58,3149.81,1670.55,469.47,80.35,242.02,1031.49,386.72,238.12,286.94,441.28,207.29,102.01,3571.58,234.22,141.61,135.62,39.39,55.69,98.15,275.13
20261008,09:49:00,49535.56,44337.64,26721.95,17597.07,126.24,1889.81,490.15,480.58,555.52,111.61,167.43,207.62,92.06,151.97,273.18,121.86,194.05,294.63,3149.59,1670.43,469.21,80.35,242.16,1031.49,386.72,238.12,286.94,441.17,207.26,102.01,3571.51,234.22,142.2,135.62,39.39,55.71,98.15,275.1
20261008,09:49:05,49535.67,44337.93,26719.85,17595.25,126.24,1889.81,490.15,480.58,555.3,111.61,167.44,207.63,92.06,151.97,273.18,121.86,194.05,294.63,3149.66,1670.41,469.15,80.35,242.16,1031.4,386.7,238.12,287.24,441.17,207.28,102.01,3571.34,234.15,142.2,135.6,39.39,55.71,98.15,274.75
20261008,09:49:10,49538.04,44340.19,26717.58,17592.5,126.24,1889.81,490.15,480.58,555.87,111.61,167.42,207.56,92.06,151.97,273.18,121.86,194.05,294.64,3149.91,1670.51,469.26,80.35,242.19,1031.42,386.71,238.12,287.34,441.15,207.31,102.01,3571.38,234.15,141.61,135.6,39.39,55.71,98.15,274.75
20261008,09:49:15,49536.46,44339.02,26717.87,17594.07,126.24,1889.81,490.15,480.45,556.21,111.61,167.45,207.56,92.09,151.97,273.18,121.86,194.05,294.64,3149.78,1670.51,469.35,80.35,241.92,1031.63,386.7,238.12,287.03,441.15,207.34,102.01,3571.05,234.15,141.61,135.6,39.39,55.71,98.15,274.75
20261008,09:49:20,49538.75,44340.8,26718.8,17593.61,126.11,1889.81,490.14,480.45,556.23,111.62,167.44,207.53,92.09,151.97,273.18,121.86,194.05,294.64,3149.93,1670.59,469.4,80.34,242.02,1031.63,386.7,237.81,287.03,441.15,207.34,102.01,3571.46,234.15,141.61,135.6,39.39,55.71,98.15,274.76
20261008,09:49:25,49537.87,44338.21,26723.21,17592.89,126.05,1889.81,490.14,480.53,556.23,111.54,167.44,207.52,92.08,151.97,273.18,121.86,194.05,294.62,3149.74,1670.52,469.29,80.35,242.04,1031.51,386.7,237.81,287.02,441.15,207.24,102.01,3573.04,234.48,141.61,135.6,39.39,55.71,98.15,274.78
20261008,09:49:30,49539.63,44340.3,26723.54,17594.53,126.05,1889.81,490.22,480.6,556.22,111.57,167.44,207.54,92.08,151.97,273.18,121.86,194.09,294.62,3149.87,1670.54,469.4,80.35,242.16,1031.53,386.7,237.81,287.02,441.15,207.24,102.01,3572.69,234.48,141.61,135.61,39.39,55.71,98.15,275.06
20261008,09:49:35,49538.83,44341.31,26719.4,17595.75,126.05,1889.81,490.22,480.89,556.22,111.57,167.43,207.5,92.08,151.97,273.18,121.86,194.01,294.61,3149.92,1670.6,469.45,80.34,241.91,1031.66,386.7,237.81,287.01,441.15,207.35,102.01,3571.07,234.48,141.61,135.61,39.39,55.71,98.15,275.1
20261008,09:49:40,49540.94,44343.22,26721.21,17597.35,126.05,1889.81,490.24,480.86,556.26,111.57,167.42,207.48,92.08,151.97,273.18,121.86,194.01,294.61,3150.03,1670.55,469.54,80.35,241.8,1031.69,386.63,237.81,287.33,441.15,207.51,102.01,3571.2,234.48,141.61,135.61,39.39,55.71,98.15,275.1
20261008,09:49:45,49537.21,44340.25,26719.91,17598.08,126.11,1889.81,490.23,480.98,556.25,111.58,167.42,207.46,92.08,151.96,273.18,121.87,194.04,294.61,3149.78,1670.44,469.3,80.36,242.05,1031.84,386.62,237.81,287.01,441.15,207.52,102.01,3570.6,234.48,141.61,135.72,39.39,55.71,98.15,275.1
20261008,09:49:50,49505.58,44307.05,26725.52,17596.57,126.11,1889.81,490.15,480.86,556.25,111.58,167.41,207.45,92.08,151.74,273.18,121.86,194.04,294.59,3147.14,1668.23,469.55,80.35,242.05,1032.09,387.0,237.81,287.0,441.05,207.5,102.01,3572.76,234.48,141.61,135.72,39.39,55.71,98.15,275.1
20261008,09:49:55,49543.96,44346.86,26720.51,17598.89,126.24,1889.81,490.7,481.01,556.27,111.66,167.23,207.49,91.92,151.96,273.06,121.83,194.04,294.59,3150.29,1670.51,469.56,80.36,241.92,1032.19,387.0,237.8,287.32,441.03,207.5,102.01,3570.57,234.48,141.61,135.82,39.39,55.71,98.15,274.8
20261008,09:50:00,49544.16,44347.32,26718.41,17597.36,126.18,1889.81,490.61,481.01,556.27,111.66,167.22,207.48,91.92,151.96,273.06,121.85,194.04,294.59,3150.37,1670.51,469.54,80.37,242.16,1032.17,387.03,237.8,287.31,441.01,207.47,101.97,3570.32,234.16,141.62,135.82,39.39,55.69,98.15,274.86
20261008,09:50:05,49541.34,44343.82,26721.51,17598.4,126.18,1889.81,490.6,481.09,556.24,111.66,167.22,207.46,91.92,151.96,273.06,121.97,194.04,294.59,3150.06,1670.51,469.56,80.38,241.74,1032.21,386.94,237.8,287.0,441.01,207.52,101.97,3571.01,234.16,141.62,135.82,39.39,55.69,98.15,274.86
20261008,09:50:10,49541.96,44344.23,26719.12,17595.01,126.17,1889.81,490.16,481.09,555.99,111.66,167.2,207.41,91.91,151.96,273.06,121.97,194.04,294.59,3150.17,1670.59,469.55,80.37,241.76,1032.25,386.94,237.8,287.0,441.01,207.52,101.97,3571.18,234.16,141.62,135.82,39.39,55.69,98.15,275.16
20261008,09:50:15,49545.8,44348.21,26720.56,17597.44,126.17,1889.81,490.69,481.09,556.12,111.66,167.19,207.35,91.92,151.74,273.06,121.97,194.04,294.59,3150.43,1670.65,469.54,80.36,241.99,1032.5,386.94,237.8,287.0,440.97,207.37,101.97,3570.97,234.16,141.62,135.82,39.39,55.69,98.15,275.16
20261008,09:50:20,49542.76,44347.47,26713.84,17597.16,126.04,1889.81,490.78,481.2,556.09,111.66,167.2,207.4,91.91,151.96,273.06,121.85,194.07,294.59,3150.38,1670.59,469.49,80.37,241.99,1032.6,386.94,237.8,287.0,440.96,207.4,101.97,3568.95,234.16,141.62,135.83,39.39,55.69,97.96,275.11
20261008,09:50:25,49541.56,44346.51,26713.93,17597.98,126.17,1889.81,490.79,481.2,556.09,111.66,167.2,207.42,91.91,151.96,273.06,121.85,194.07,294.58,3150.29,1670.6,469.54,80.36,241.98,1032.59,386.61,237.79,286.81,440.96,207.4,101.97,3568.76,234.16,141.62,135.82,39.39,55.72,97.96,275.16
20261008,09:50:30,49542.73,44346.23,26717.46,17597.29,126.17,1889.81,490.78,480.99,556.09,111.66,167.19,207.42,91.9,151.96,273.06,121.95,194.07,294.58,3150.28,1670.6,469.49,80.38,241.99,1032.58,386.62,237.79,286.81,440.95,207.4,101.97,3570.05,234.16,141.62,135.83,39.39,55.7,97.96,274.86
20261008,09:50:35,49545.17,44349.65,26713.95,17596.72,126.04,1889.81,490.79,480.77,556.07,111.66,167.2,207.44,91.91,151.96,273.06,121.95,194.07,294.58,3150.57,1670.62,469.6,80.39,241.92,1033.14,386.62,237.79,286.81,440.92,207.4,101.97,3569.1,234.16,141.62,135.83,39.39,55.7,97.96,274.86
20261008,09:50:40,49547.9,44351.71,26715.4,17596.36,126.04,1889.81,490.79,480.84,556.07,111.58,167.18,207.38,91.91,151.96,273.06,121.95,194.07,294.58,3150.74,1670.74,469.6,80.4,241.92,1033.17,386.64,237.79,286.81,440.9,207.41,101.97,3569.65,234.16,141.62,135.83,39.39,55.7,97.96,274.86
20261008,09:50:45,49546.9,44349.91,26717.78,17596.36,126.04,1889.81,490.79,480.73,556.07,111.66,167.18,207.38,91.91,151.96,273.29,121.95,194.07,294.58,3150.6,1670.76,469.6,80.4,241.93,1032.34,386.39,237.79,287.17,440.9,207.4,101.97,3570.4,234.16,141.62,135.8,39.39,55.7,97.96,274.86
20261008,09:50:50,49547.09,44350.1,26718.2,17596.88,126.1,1889.81,490.87,480.86,556.07,111.66,167.18,207.34,91.91,151.74,273.29,121.95,194.07,294.58,3150.6,1670.74,469.68,80.41,242.14,1032.23,386.39,237.79,287.08,440.9,207.4,101.97,3570.39,234.16,141.62,135.8,39.39,55.7,97.96,274.83
20261008,09:50:55,49544.73,44347.6,26717.48,17595.35,126.1,1889.81,490.7,481.12,556.07,111.66,167.2,207.39,91.92,151.96,273.29,121.97,194.07,294.6,3150.44,1670.72,469.58,80.4,242.02,1032.19,386.39,237.79,287.03,440.86,207.28,101.97,3570.58,234.16,141.62,135.78,39.39,55.7,97.96,274.83
20261008,09:51:00,49541.98,44345.25,26716.99,17595.91,126.1,1889.81,490.7,480.99,556.07,111.67,167.2,207.39,91.91,151.96,273.29,121.83,194.07,294.6,3150.23,1670.73,469.65,80.37,241.91,1032.18,386.41,237.77,286.72,440.88,207.39,101.97,3570.27,234.16,141.62,135.68,39.39,55.7,97.96,275.12
20261008,09:51:05,49548.32,44351.29,26721.81,17600.98,126.1,1889.81,491.25,481.06,556.07,111.67,167.21,207.44,91.91,151.96,273.44,121.83,194.03,294.6,3150.6,1670.77,469.67,80.39,242.13,1032.62,386.41,237.77,286.73,440.88,207.54,101.97,3570.4,234.16,141.62,135.48,39.39,55.7,97.96,275.14
20261008,09:51:10,49550.06,44352.39,26720.67,17597.7,126.1,1889.81,490.79,480.91,556.07,111.7,167.19,207.39,91.91,151.96,273.44,121.83,194.03,294.6,3150.77,1670.78,470.0,80.39,242.12,1032.67,386.41,237.77,286.73,440.89,207.53,101.97,3570.94,234.16,141.62,135.6,39.39,55.7,97.96,275.14
20261008,09:51:15,49549.39,44352.15,26722.46,17601.12,126.1,1889.81,491.24,480.91,556.07,111.67,167.21,207.43,91.91,151.96,273.44,121.83,194.03,294.6,3150.66,1670.76,470.0,80.38,241.76,1032.42,386.41,237.77,287.04,440.94,207.53,101.97,3570.57,234.16,141.62,135.6,39.38,55.7,97.96,275.14
20261008,09:51:20,49547.63,44347.92,26730.37,17601.83,126.1,1889.81,491.24,481.04,556.29,111.67,167.21,207.39,91.92,151.95,273.44,121.83,194.03,294.6,3150.31,1670.68,469.79,80.37,241.79,1032.44,386.42,237.77,286.73,440.93,207.53,101.97,3572.84,234.16,141.62,135.61,39.38,55.7,97.96,275.09
20261008,09:51:25,49550.0,44349.83,26733.64,17604.24,126.1,1889.81,491.42,480.78,556.56,111.67,167.23,207.42,91.94,151.95,273.44,121.83,194.03,294.6,3150.4,1670.68,469.89,80.38,241.91,1032.44,386.44,237.76,286.72,440.93,207.56,101.97,3573.21,234.16,141.62,135.61,39.38,55.7,97.96,275.09
20261008,09:51:30,49552.79,44352.64,26732.4,17603.12,126.1,1889.81,491.33,480.91,556.87,111.67,167.23,207.43,91.94,151.73,273.44,121.83,194.03,294.6,3150.66,1670.68,469.77,80.39,242.27,1032.77,386.69,237.76,286.73,440.93,207.41,101.97,3573.13,234.16,141.62,135.62,39.38,55.7,97.96,275.1
20261008,09:51:35,49550.76,44350.98,26735.16,17607.36,126.1,1889.81,491.86,480.91,556.92,111.67,167.24,207.44,91.94,151.95,273.44,121.83,194.03,294.6,3150.42,1670.56,469.78,80.39,242.27,1032.57,386.68,238.01,286.72,440.91,207.38,101.97,3572.84,234.16,141.62,135.62,39.38,55.7,97.96,275.12
20261008,09:51:40,49551.33,44351.39,26735.97,17607.77,126.23,1889.77,491.88,480.91,556.99,111.67,167.23,207.4,91.94,151.73,273.44,121.83,194.03,294.63,3150.44,1670.67,469.77,80.4,241.9,1032.6,386.68,238.01,286.72,440.93,207.38,101.97,3572.98,234.16,141.62,135.62,39.38,55.7,97.96,275.13
20261008,09:51:45,49551.42,44352.44,26731.43,17605.79,126.1,1889.77,491.86,480.78,556.69,111.66,167.23,207.39,91.94,151.73,273.44,121.82,194.03,294.63,3150.57,1670.92,469.77,80.4,241.92,1032.14,386.71,238.02,286.71,440.97,207.35,101.97,3572.1,234.16,141.62,135.62,39.38,55.7,97.96,275.13
20261008,09:51:50,49549.54,44350.19,26732.36,17605.46,126.1,1889.71,491.86,480.78,556.69,111.67,167.22,207.39,91.94,151.52,273.44,121.82,194.03,294.63,3150.4,1670.73,469.79,80.4,242.05,1032.2,386.7,238.02,286.71,440.97,207.35,101.97,3572.48,234.16,141.62,135.62,39.38,55.7,97.96,275.14
20261008,09:51:55,49552.32,44352.94,26735.36,17609.05,126.1,1889.71,492.5,480.78,556.69,111.67,167.18,207.26,91.93,151.74,273.44,121.82,194.03,294.63,3150.54,1670.83,469.82,80.4,241.91,1032.3,386.7,238.0,286.7,440.87,207.37,101.97,3572.44,234.16,141.62,135.64,39.38,55.7,97.96,274.8
20261008,09:52:00,49550.12,44350.64,26730.95,17603.44,126.1,1889.71,491.78,480.78,556.69,111.67,167.16,207.23,91.92,151.52,273.44,121.82,194.03,294.63,3150.49,1670.84,469.72,80.4,241.85,1031.91,386.7,238.0,287.03,440.87,207.39,101.97,3572.59,234.16,141.62,135.64,39.38,55.7,97.96,274.8
20261008,09:52:05,49549.96,44350.24,26735.99,17608.47,126.1,1889.71,492.41,480.86,556.71,111.67,167.16,207.23,91.92,151.73,273.44,121.82,193.99,294.63,3150.33,1670.67,469.73,80.41,241.73,1032.12,386.72,238.0,287.03,440.87,207.39,101.97,3572.8,234.16,141.62,135.64,39.38,55.7,97.96,274.8
20261008,09:52:10,49554.87,44355.45,26733.44,17606.92,126.1,1889.71,492.41,480.86,556.56,111.67,167.17,207.2,91.93,151.52,273.44,121.82,193.99,294.63,3150.79,1670.81,469.66,80.43,241.61,1033.34,386.72,238.0,286.71,440.87,207.3,101.97,3572.42,234.16,141.62,135.61,39.38,55.7,97.96,274.8
20261008,09:52:15,49554.34,44355.04,26734.03,17607.96,126.1,1889.71,492.41,480.91,556.55,111.68,167.19,207.29,91.93,151.52,273.44,121.83,194.02,294.64,3150.73,1670.73,469.77,80.42,241.61,1033.34,386.69,238.0,286.71,440.87,207.39,101.97,3572.33,234.16,141.62,135.61,39.38,55.68,97.96,274.8
20261008,09:52:20,49547.28,44348.22,26727.1,17600.2,126.1,1889.71,491.95,480.91,556.55,111.6,167.15,207.25,91.91,151.73,273.44,121.81,194.02,294.64,3150.37,1670.7,469.77,80.38,241.61,1032.65,386.67,238.0,286.72,440.87,207.39,101.97,3572.27,234.16,141.02,135.61,39.38,55.68,97.96,275.1
20261008,09:52:25,49552.96,44353.33,26735.83,17608.83,126.1,1889.71,492.5,480.91,556.55,111.68,167.15,207.27,91.91,151.54,273.44,121.83,194.0,294.64,3150.57,1670.84,469.91,80.36,241.68,1032.51,386.69,238.0,286.73,440.87,207.36,101.97,3572.65,234.22,141.62,135.61,39.38,55.68,97.96,275.1
20261008,09:52:30,49545.92,44346.68,26730.85,17603.8,126.1,1889.71,491.87,480.91,556.54,111.66,167.11,207.22,91.88,151.54,273.44,121.83,194.0,294.64,3150.16,1670.53,469.71,80.37,241.83,1032.55,386.73,238.0,286.72,440.87,207.36,101.97,3572.46,234.22,141.62,135.61,39.38,55.68,97.96,275.1
20261008,09:52:35,49549.01,44349.48,26731.44,17603.77,126.1,1889.71,491.87,480.99,556.54,111.66,167.11,207.2,91.88,151.33,273.44,121.83,193.96,294.64,3150.39,1670.6,469.82,80.33,241.58,1033.06,386.71,238.0,286.72,440.87,207.38,101.96,3572.65,234.22,141.62,135.61,39.38,55.68,97.96,275.12
20261008,09:52:40,49543.34,44343.96,26728.09,17599.92,126.1,1889.71,491.32,481.04,556.54,111.58,167.11,207.2,91.89,151.33,273.44,121.83,193.96,294.6,3150.03,1670.41,469.76,80.3,241.84,1032.7,386.71,238.01,286.71,440.93,207.42,101.96,3572.65,234.22,141.62,135.61,39.38,55.68,97.96,275.12
20261008,09:52:45,49546.25,44346.61,26735.47,17607.8,126.1,1891.13,491.88,481.17,557.35,111.6,167.11,207.17,91.89,151.54,273.44,121.81,193.96,294.54,3150.06,1670.45,469.69,80.31,241.84,1032.68,386.71,238.01,286.71,440.87,207.45,101.96,3572.82,234.22,141.62,135.61,39.38,55.68,97.96,275.18
20261008,09:52:50,49534.28,44335.34,26732.13,17605.27,126.1,1891.13,491.49,481.12,557.62,111.66,167.12,207.15,91.9,151.54,273.44,121.81,193.96,294.53,3149.21,1670.27,469.68,80.3,241.59,1031.49,386.72,238.01,286.71,440.87,207.44,101.96,3572.46,234.22,141.62,135.42,39.38,55.66,97.96,275.2
20261008,09:52:55,49577.2,44376.63,26732.37,17603.75,126.1,1891.13,491.41,481.17,557.62,111.66,167.11,207.11,91.9,151.54,273.44,121.81,193.96,294.52,3152.57,1672.82,469.73,80.26,241.64,1031.62,386.74,238.01,286.71,440.87,207.44,101.96,3572.95,234.22,141.62,135.42,39.38,55.66,97.96,274.9
20261008,09:53:00,49577.48,44379.36,26724.74,17603.22,126.1,1891.13,491.41,481.25,557.65,111.66,167.1,207.1,91.9,151.76,273.44,121.8,193.96,294.53,3152.81,1672.83,469.74,80.23,241.52,1032.31,386.77,238.01,286.68,440.88,207.33,101.96,3570.71,234.22,141.62,135.42,39.38,55.66,97.96,274.95
20261008,09:53:05,49580.78,44383.17,26726.96,17607.75,126.1,1891.13,491.87,481.04,557.66,111.66,167.11,207.12,91.9,151.54,273.44,121.84,193.99,294.56,3153.0,1672.86,469.74,80.27,241.54,1032.25,386.52,238.01,286.99,440.88,207.44,101.96,3570.18,234.22,141.62,135.45,39.38,55.66,97.96,274.95
20261008,09:53:10,49579.51,44381.52,26727.57,17607.06,126.1,1891.13,491.79,481.04,557.76,111.66,167.11,207.12,91.9,151.54,273.44,121.84,194.03,294.54,3152.89,1672.86,469.7,80.26,241.65,1032.27,386.52,238.01,286.72,440.88,207.41,101.96,3570.55,234.22,141.62,135.42,39.38,55.66,97.96,274.95
20261008,09:53:15,49582.71,44384.03,26730.59,17608.51,126.1,1891.13,491.86,481.07,557.77,111.67,167.11,207.15,91.9,151.74,273.44,121.84,194.03,294.55,3153.05,1672.88,469.63,80.24,241.4,1032.56,386.51,238.01,287.03,440.89,207.41,101.96,3571.1,234.22,141.62,135.53,39.38,55.68,97.96,274.95
20261008,09:53:20,49580.42,44382.44,26728.37,17608.1,126.23,1891.13,491.88,481.08,557.48,111.67,167.11,207.15,91.9,151.74,273.44,121.84,194.03,294.55,3152.94,1672.9,469.61,80.25,241.64,1032.39,386.51,238.01,286.7,440.9,207.42,101.95,3570.52,234.22,141.62,135.53,39.38,55.68,97.96,274.95
20261008,09:53:25,49580.1,44381.71,26729.39,17607.88,126.23,1891.13,491.79,481.08,557.84,111.67,167.11,207.15,91.9,151.32,273.45,121.84,194.03,294.55,3152.88,1672.85,469.63,80.23,241.64,1032.45,386.52,238.01,286.69,440.94,207.39,101.95,3570.9,234.22,141.62,135.53,39.38,55.68,97.96,274.95
20261008,09:53:30,49572.41,44376.67,26725.87,17612.03,126.23,1891.13,492.33,481.08,557.76,111.67,167.11,207.16,91.9,151.32,273.45,121.84,194.03,294.55,3152.38,1672.75,469.41,80.25,241.4,1031.98,386.52,238.01,286.68,440.94,207.42,101.95,3568.67,234.22,141.62,135.53,39.38,55.7,97.96,274.96
20261008,09:53:35,49569.2,44373.5,26721.62,17607.01,126.1,1891.13,491.71,481.08,557.76,111.67,167.11,207.16,91.9,151.32,273.45,121.82,194.03,294.55,3152.24,1672.65,469.53,80.19,241.4,1031.98,386.52,238.01,286.68,440.92,207.42,101.95,3568.71,234.22,141.62,135.55,39.38,55.7,97.96,274.95
20261008,09:53:40,49578.18,44380.36,26731.4,17611.96,126.1,1891.13,492.25,481.21,557.95,111.67,167.12,207.17,91.9,151.53,273.45,121.82,194.03,294.55,3152.68,1672.79,469.64,80.18,241.4,1032.07,386.52,238.01,286.99,440.92,207.42,101.95,3570.42,234.22,141.62,135.56,39.38,55.69,97.96,274.95
20261008,09:53:45,49575.88,44378.16,26731.41,17612.09,126.1,1891.13,492.33,481.19,557.96,111.67,167.11,207.16,91.9,151.32,273.31,121.82,193.99,294.55,3152.5,1672.68,469.47,80.2,241.65,1032.3,386.52,238.01,286.68,440.92,207.42,101.95,3570.39,234.22,141.62,135.56,39.38,55.69,97.96,274.94
20261008,09:53:50,49578.46,44381.35,26735.92,17619.55,126.23,1891.13,492.88,481.19,558.57,111.67,167.11,207.16,91.9,151.53,273.31,121.94,193.99,294.54,3152.57,1672.78,469.66,80.19,241.65,1031.93,386.52,238.01,286.74,440.92,207.42,101.95,3569.77,234.26,141.62,135.56,39.38,55.69,97.96,274.94
20261008,09:53:55,49579.88,44381.84,26739.08,17620.21,126.23,1891.13,492.96,481.32,558.59,111.67,167.12,207.18,91.9,151.53,273.31,121.94,193.99,294.54,3152.6,1672.81,469.55,80.21,241.53,1032.07,386.77,238.01,286.69,440.92,207.42,101.95,3570.58,234.26,141.62,135.56,39.38,55.69,97.96,274.86
20261008,09:54:00,49579.58,44381.93,26736.92,17618.97,126.23,1891.13,492.96,481.3,558.28,111.67,167.1,207.21,91.88,151.53,273.13,121.94,193.99,294.52,3152.63,1672.61,469.54,80.24,241.65,1032.64,386.77,238.01,286.7,440.96,207.43,101.95,3570.24,234.26,141.62,135.53,39.38,55.69,97.96,274.86
20261008,09:54:05,49582.31,44384.36,26736.36,17617.56,126.04,1891.13,492.75,481.63,558.34,111.67,167.09,207.17,91.88,151.53,273.13,121.94,193.91,294.51,3152.86,1672.67,469.54,80.27,241.76,1032.79,386.77,238.01,286.72,440.96,207.47,101.95,3570.45,234.26,141.62,135.54,39.38,55.69,97.96,274.86
20261008,09:54:10,49586.45,44387.43,26739.27,17617.69,126.04,1891.13,492.76,481.74,558.48,111.59,167.09,207.15,91.88,151.32,273.13,121.94,193.95,294.51,3153.11,1672.67,469.6,80.26,241.74,1032.82,386.76,238.01,287.12,440.96,207.47,101.95,3571.32,234.26,141.62,135.54,39.38,55.69,97.96,274.86
20261008,09:54:15,49542.9,44344.57,26741.62,17618.97,126.04,1891.13,493.39,481.61,557.54,111.59,167.09,207.16,91.88,151.32,273.13,121.94,193.95,294.53,3149.62,1670.12,469.6,80.26,241.74,1032.82,387.09,238.01,286.76,440.96,207.47,101.95,3571.71,234.22,141.62,135.54,39.38,55.67,97.96,274.86
20261008,09:54:20,49543.56,44346.15,26738.31,17618.3,126.04,1891.13,493.29,481.74,557.46,111.59,167.09,207.16,91.88,151.53,273.13,121.92,193.95,294.53,3149.77,1670.1,469.82,80.26,241.65,1032.73,386.62,238.01,287.11,440.96,207.47,101.95,3570.86,234.22,141.62,135.54,39.38,55.67,97.96,274.86
20261008,09:54:25,49579.44,44382.46,26732.3,17615.91,126.04,1891.13,493.02,481.82,557.46,111.59,167.09,207.16,91.88,151.53,273.13,121.92,193.95,294.53,3152.75,1672.56,469.82,80.27,241.65,1032.73,386.59,238.01,286.7,440.96,207.43,101.95,3569.63,234.22,141.62,135.52,39.38,55.67,97.96,274.84
20261008,09:54:30,49581.57,44385.36,26731.16,17617.33,126.17,1891.13,493.48,481.74,557.46,111.59,167.09,207.17,91.87,151.33,273.13,121.92,193.93,294.53,3152.95,1672.86,469.83,80.25,241.65,1032.31,386.54,238.01,286.7,440.96,207.29,101.95,3568.89,233.88,141.62,135.52,39.38,55.67,97.96,274.84
20261008,09:54:35,49579.44,44384.93,26729.36,17620.78,126.04,1891.13,494.1,481.74,557.46,111.59,167.1,207.2,91.87,151.76,273.13,121.92,193.93,294.52,3152.83,1672.87,469.75,80.24,241.51,1032.33,386.71,238.01,286.61,440.97,207.17,101.95,3567.39,233.88,141.62,135.49,39.38,55.65,97.96,274.84
20261008,09:54:40,49543.93,44349.95,26731.7,17622.22,126.17,1891.5,494.11,481.82,557.43,111.59,167.09,207.18,91.87,152.19,273.13,121.92,193.93,294.52,3149.98,1670.4,469.92,80.28,241.51,1032.86,386.7,238.01,286.64,440.97,207.21,101.95,3567.73,233.88,141.62,135.49,39.38,55.65,97.96,274.84
20261008,09:54:45,49542.28,44348.89,26729.74,17621.8,126.17,1891.5,494.11,481.82,557.43,111.59,167.09,207.17,91.87,151.95,273.13,121.96,193.93,294.53,3149.9,1670.49,469.92,80.25,241.76,1032.29,386.44,238.01,286.64,440.97,207.18,101.95,3567.23,233.88,141.62,135.49,39.38,55.65,97.96,274.84
20261008,09:54:50,49585.28,44390.42,26734.33,17625.82,126.17,1891.52,494.11,481.82,557.43,111.58,167.08,207.16,91.87,152.16,273.13,121.94,193.93,294.53,3153.15,1672.91,469.87,80.25,241.63,1032.7,386.54,238.01,286.64,440.97,207.59,101.95,3567.57,233.88,141.62,135.47,39.38,55.66,97.96,274.85
20261008,09:54:55,49584.88,44390.31,26733.06,17625.33,126.17,1891.58,494.12,481.72,557.41,111.58,167.07,207.12,91.87,152.16,273.13,121.93,193.93,294.53,3153.16,1672.95,469.93,80.26,241.38,1032.72,386.53,238.01,286.63,440.97,207.57,101.95,3567.31,233.88,141.62,135.45,39.38,55.66,97.96,274.84
20261008,09:55:00,49580.17,44385.96,26729.24,17621.7,126.04,1891.58,493.67,481.75,557.39,111.58,167.07,207.09,91.88,152.37,273.13,121.81,193.9,294.53,3152.89,1672.8,469.71,80.27,241.63,1032.58,386.23,238.01,286.64,441.03,207.59,101.95,3567.1,233.88,141.62,135.49,39.38,55.66,97.96,274.87
20261008,09:55:05,49583.36,44388.91,26733.97,17626.61,126.04,1891.58,493.84,481.75,557.38,111.58,167.08,207.12,91.87,152.36,273.24,121.81,193.92,294.56,3153.01,1672.76,469.85,80.27,241.64,1032.7,386.45,238.01,286.73,441.01,207.48,101.95,3567.25,233.78,142.21,135.49,39.38,55.66,97.96,274.88
20261008,09:55:10,49585.96,44392.68,26733.39,17630.09,126.04,1891.58,494.47,481.7,557.38,111.58,167.08,207.14,91.87,152.36,273.27,121.81,193.92,294.51,3153.23,1672.85,469.76,80.31,241.64,1032.96,386.48,238.01,286.73,440.95,207.29,101.92,3566.12,233.78,142.21,135.49,39.38,55.66,97.96,275.18
20261008,09:55:15,49542.85,44351.04,26732.01,17629.73,126.03,1891.58,494.48,481.7,557.35,111.58,167.07,207.11,91.87,152.15,273.27,121.81,193.92,294.51,3149.89,1670.45,469.64,80.31,241.27,1032.97,386.48,238.01,286.63,440.95,207.32,101.92,3565.79,233.78,142.21,135.45,39.38,55.66,97.96,275.15
20261008,09:55:20,49548.97,44354.91,26739.88,17631.79,126.03,1891.95,494.47,481.74,557.4,111.66,167.07,207.09,91.87,152.15,273.27,121.81,193.92,294.51,3150.15,1670.43,469.75,80.3,241.54,1032.75,386.47,238.01,287.08,440.96,207.47,101.92,3567.69,233.78,142.21,135.52,39.38,55.66,97.96,275.15
20261008,09:55:25,49586.96,44392.3,26737.28,17630.06,126.09,1893.37,494.39,481.74,557.4,111.66,167.06,207.08,91.87,152.15,273.27,121.79,193.95,294.51,3153.2,1672.84,469.85,80.27,241.54,1032.58,386.48,238.01,287.05,440.96,207.37,101.92,3567.35,233.78,142.21,135.55,39.38,55.66,97.96,274.85
20261008,09:55:30,49583.48,44388.38,26737.2,17628.2,126.09,1893.37,493.76,481.74,557.4,111.66,167.06,207.09,91.87,151.94,273.27,121.96,193.97,294.51,3152.93,1672.72,469.79,80.27,241.57,1032.73,386.48,238.01,286.75,440.96,207.52,101.95,3567.82,233.78,142.21,135.55,39.38,55.72,97.96,274.85
20261008,09:55:35,49546.4,44352.07,26746.46,17638.26,126.09,1893.37,494.84,481.66,557.71,111.67,167.07,207.11,91.87,152.15,273.27,121.96,193.97,294.54,3149.76,1670.29,469.64,80.27,241.34,1032.67,386.45,238.01,287.06,440.95,207.64,101.95,3567.99,233.78,142.21,135.46,39.38,55.72,97.96,274.85
20261008,09:55:40,49542.17,44347.48,26745.71,17635.83,126.09,1893.37,494.38,481.66,557.86,111.66,167.07,207.13,91.87,151.94,273.27,121.96,193.97,294.53,3149.45,1670.26,469.74,80.29,241.34,1031.88,386.44,238.01,287.05,440.95,207.63,101.95,3568.41,233.78,142.21,135.44,39.38,55.72,97.96,275.12
20261008,09:55:45,49582.09,44386.57,26743.49,17633.89,126.09,1893.37,494.31,481.66,557.86,111.65,167.07,207.11,91.87,151.94,273.27,121.96,193.97,294.54,3152.65,1672.7,469.74,80.29,241.34,1032.02,386.43,238.01,287.01,440.98,207.48,101.95,3568.25,233.78,142.21,135.45,39.38,55.72,97.96,275.12
20261008,09:55:50,49545.26,44351.41,26740.73,17633.16,126.09,1893.37,494.31,481.66,557.75,111.65,167.07,207.11,91.87,151.94,273.27,121.96,193.99,294.54,3149.83,1670.28,469.69,80.29,241.57,1032.61,386.49,238.01,287.0,440.98,207.43,101.95,3567.58,233.78,142.21,135.45,39.38,55.72,97.96,275.12
20261008,09:55:55,49536.77,44345.26,26737.99,17637.13,126.09,1891.95,494.95,481.74,557.75,111.57,167.07,207.11,91.87,151.94,273.27,121.91,193.99,294.54,3149.24,1670.35,469.59,80.29,241.32,1031.74,386.49,238.01,286.68,441.01,207.43,101.95,3565.65,233.78,142.21,135.52,39.38,55.72,97.96,275.15
20261008,09:56:00,49572.33,44380.79,26735.06,17636.66,126.03,1891.95,494.93,481.66,557.83,111.58,167.08,207.13,91.87,151.95,273.27,121.79,193.99,294.54,3152.12,1672.55,469.48,80.29,241.44,1031.83,386.5,238.01,286.68,441.01,207.47,101.95,3564.86,233.78,142.21,135.52,39.38,55.72,97.96,275.14
20261008,09:56:05,49572.88,44380.05,26739.36,17637.37,126.16,1891.95,494.86,481.5,557.83,111.58,167.08,207.14,91.87,151.95,273.27,121.92,193.99,294.54,3152.04,1672.55,469.64,80.31,241.8,1031.1,386.57,238.02,286.68,441.01,207.47,101.95,3566.02,233.78,142.21,135.53,39.38,55.72,97.96,275.19
20261008,09:56:10,49574.02,44381.1,26739.88,17637.74,126.16,1892.32,494.88,481.63,557.79,111.58,167.1,207.2,91.87,151.94,273.27,121.91,193.99,294.54,3152.12,1672.68,469.65,80.31,241.69,1030.98,386.58,238.02,286.68,440.99,207.47,101.95,3566.08,233.78,142.21,135.53,39.38,55.72,97.96,275.19
20261008,09:56:15,49577.56,44384.86,26740.14,17639.11,126.16,1892.32,494.95,481.63,558.17,111.58,167.09,207.18,91.87,151.96,273.27,121.78,193.99,294.53,3152.39,1672.67,469.73,80.3,241.45,1031.78,386.55,238.02,286.69,440.99,207.5,101.95,3565.79,233.78,142.21,135.49,39.38,55.72,97.96,275.27
20261008,09:56:20,49537.63,44343.95,26745.97,17639.11,126.16,1892.32,494.97,481.71,558.17,111.58,167.1,207.2,91.87,151.95,273.09,121.78,193.99,294.53,3149.09,1670.11,469.73,80.29,241.7,1031.61,386.55,238.02,286.69,440.99,207.46,101.95,3567.61,233.78,142.21,135.5,39.38,55.74,97.96,275.27
20261008,09:56:25,49580.36,44385.44,26746.29,17638.98,126.17,1892.32,494.96,481.7,558.17,111.58,167.09,207.18,91.87,151.95,273.09,121.78,193.99,294.53,3152.44,1672.69,469.58,80.29,241.7,1031.72,386.55,238.02,286.73,440.99,207.46,101.95,3567.74,233.78,142.21,135.5,39.38,55.74,97.96,275.27
20261008,09:56:30,49538.16,44345.09,26738.84,17633.0,126.17,1892.32,494.41,481.83,557.53,111.58,167.08,207.14,91.87,151.95,273.09,121.8,193.99,294.53,3149.33,1670.29,469.57,80.29,241.69,1031.75,386.54,238.02,286.73,441.03,207.46,101.95,3567.04,233.78,142.21,135.5,39.38,55.74,97.96,275.26
20261008,09:56:35,49536.29,44345.48,26733.28,17634.01,126.1,1892.32,494.33,481.9,557.85,111.58,167.08,207.14,91.87,151.95,273.09,121.92,193.99,294.53,3149.33,1670.34,469.57,80.29,241.6,1031.75,386.55,237.92,286.7,441.01,207.46,101.95,3565.03,233.78,142.21,135.53,39.38,55.72,97.96,275.26
20261008,09:56:40,49574.63,44382.92,26731.64,17632.37,126.1,1892.32,494.34,481.9,557.85,111.58,167.08,207.14,91.87,151.74,273.09,121.81,193.99,294.53,3152.39,1672.73,469.46,80.31,241.71,1031.63,386.55,237.92,286.7,441.02,207.47,101.95,3564.96,233.78,142.21,135.44,39.38,55.77,97.96,274.96
20261008,09:56:45,49536.09,44345.24,26729.06,17628.98,126.04,1892.32,493.77,481.93,557.84,111.59,167.08,207.15,91.87,151.75,273.09,121.83,193.96,294.53,3149.44,1670.2,469.47,80.3,241.83,1031.91,386.55,237.92,287.0,441.03,207.47,101.95,3565.07,233.78,142.21,135.44,39.38,55.76,97.96,275.26
20261008,09:56:50,49567.24,44372.53,26736.07,17626.79,126.04,1892.32,493.59,481.77,557.82,111.59,167.06,207.16,91.85,151.54,273.06,121.83,193.96,294.53,3151.69,1672.3,469.56,80.31,241.44,1031.01,386.55,237.92,287.01,440.98,207.47,101.95,3567.85,233.78,142.21,135.44,39.38,55.75,97.96,275.26
20261008,09:56:55,49565.33,44371.28,26730.83,17622.82,126.04,1892.32,493.05,481.85,557.82,111.59,167.06,207.23,91.84,151.54,272.94,121.83,193.94,294.53,3151.68,1672.4,469.57,80.33,241.44,1031.11,386.55,237.68,286.66,441.01,207.46,101.95,3567.3,233.78,142.21,135.41,39.38,55.75,97.96,275.27
20261008,09:57:00,49568.0,44374.3,26733.9,17627.75,126.04,1892.32,493.59,481.83,558.06,111.59,167.05,207.22,91.83,151.54,272.94,121.83,193.94,294.53,3151.81,1672.35,469.46,80.33,241.69,1031.08,386.54,237.68,286.96,441.01,207.5,101.95,3566.92,233.78,142.21,135.41,39.38,55.75,97.96,275.27
20261008,09:57:05,49527.39,44336.75,26728.9,17628.77,126.17,1892.55,493.6,481.93,558.06,111.59,167.03,207.14,91.83,151.33,272.94,121.97,193.94,294.54,3148.76,1669.93,469.57,80.32,241.69,1031.31,386.54,237.68,286.86,440.96,207.5,101.95,3565.08,233.78,142.21,135.41,39.38,55.77,97.96,275.27
20261008,09:57:10,49530.48,44334.92,26739.62,17624.9,126.17,1892.55,493.15,481.93,558.01,111.59,167.03,207.14,91.83,151.33,272.94,121.85,193.94,294.54,3148.7,1669.86,469.74,80.29,241.44,1031.49,386.56,237.66,286.86,441.0,207.5,101.95,3569.48,233.78,142.21,135.44,39.38,55.77,97.96,275.3
20261008,09:57:15,49534.43,44339.0,26742.1,17628.49,126.17,1892.55,493.6,482.03,558.01,111.59,167.02,207.12,91.83,151.33,272.94,121.87,193.94,294.59,3148.95,1669.88,470.17,80.28,241.54,1031.48,386.54,237.66,286.86,441.0,207.5,101.95,3569.28,233.78,142.21,135.44,39.38,55.77,97.96,275.28
20261008,09:57:20,49536.23,44340.02,26741.38,17625.25,126.17,1892.55,493.04,482.03,557.94,111.52,167.03,207.15,91.83,151.54,272.94,121.99,193.94,294.59,3149.11,1669.81,470.16,80.33,241.46,1032.0,386.54,237.66,286.9,441.06,207.5,101.96,3569.93,233.78,142.21,135.44,39.38,55.77,97.96,275.28
20261008,09:57:25,49531.57,44336.37,26733.75,17619.44,126.23,1892.55,493.04,482.03,557.63,111.52,167.02,207.1,91.83,151.54,272.94,121.99,193.94,294.59,3148.95,1669.86,469.96,80.3,241.71,1031.92,386.54,237.66,286.6,441.05,207.5,101.96,3569.12,233.78,141.62,135.44,39.38,55.77,97.96,275.28
20261008,09:57:30,49577.86,44381.33,26739.24,17625.24,126.23,1892.55,493.06,482.03,557.94,111.52,167.01,207.09,91.83,151.54,272.94,121.97,193.94,294.59,3152.43,1672.28,470.02,80.31,241.76,1032.59,386.55,237.65,286.61,441.06,207.51,101.96,3569.27,233.78,142.21,135.42,39.38,55.79,97.96,275.28
20261008,09:57:35,49576.17,44382.05,26729.98,17622.51,126.1,1891.13,492.99,481.78,557.94,111.6,167.0,207.07,91.82,151.54,272.94,121.84,193.94,294.59,3152.56,1672.38,469.92,80.3,241.64,1032.82,386.54,237.65,286.6,441.06,207.47,101.96,3567.11,233.78,142.21,135.42,39.38,55.79,97.96,275.28
20261008,09:57:40,49577.94,44383.14,26730.63,17621.13,125.98,1891.13,492.98,481.7,557.53,111.6,167.0,207.08,91.82,151.54,272.94,121.84,193.95,294.54,3152.68,1672.22,469.87,80.33,241.89,1032.99,386.54,237.66,286.9,441.42,207.47,101.96,3567.69,233.78,142.21,135.38,39.38,55.79,97.96,275.28
20261008,09:57:45,49573.4,44378.09,26733.43,17622.29,126.11,1891.13,492.98,481.7,557.58,111.6,167.0,207.06,91.82,151.54,272.94,121.84,193.95,294.77,3152.25,1672.08,469.67,80.32,241.89,1033.0,386.55,237.66,286.59,441.42,207.47,101.96,3568.25,233.78,142.22,135.38,39.38,55.79,97.96,275.28
20261008,09:57:50,49571.16,44376.28,26731.08,17620.84,125.98,1891.13,492.99,481.62,557.38,111.6,167.0,207.07,91.82,151.54,272.94,121.84,193.9,294.77,3152.13,1672.04,469.45,80.33,241.89,1033.07,386.55,237.66,286.59,441.46,207.43,101.96,3567.91,233.78,142.22,135.38,39.38,55.79,97.96,275.25
20261008,09:57:55,49569.23,44374.22,26730.46,17619.51,125.98,1890.93,492.99,481.57,557.27,111.6,167.0,207.07,91.82,151.54,272.97,121.87,193.9,294.76,3152.0,1672.02,469.44,80.34,241.89,1032.8,386.55,237.66,286.6,441.46,207.43,101.96,3568.08,233.78,142.22,135.38,39.38,55.79,97.96,274.9
20261008,09:58:00,49564.98,44370.97,26725.4,17616.66,125.98,1890.93,492.44,481.57,557.28,111.6,166.99,207.04,91.82,151.54,272.97,121.87,193.9,294.74,3151.81,1671.99,469.44,80.34,241.88,1032.05,386.57,237.66,286.91,441.52,207.55,101.96,3567.27,233.78,142.22,135.43,39.38,55.79,97.96,274.9
20261008,09:58:05,49532.24,44338.24,26727.13,17615.91,126.11,1890.93,492.29,481.65,557.35,111.6,166.98,207.06,91.81,151.54,272.97,121.85,193.75,294.74,3149.19,1669.58,469.69,80.34,241.88,1032.95,386.55,237.66,286.93,441.52,207.54,101.96,3568.02,233.78,142.22,135.43,39.38,55.79,97.96,274.91
20261008,09:58:10,49532.08,44338.67,26724.95,17615.33,125.98,1890.93,492.19,481.65,557.52,111.6,166.99,207.09,91.81,151.54,272.97,121.84,193.75,294.75,3149.24,1669.66,469.69,80.36,241.88,1032.84,386.46,237.66,286.92,441.52,207.54,101.96,3567.49,233.78,142.21,135.43,39.38,55.79,97.96,274.9
20261008,09:58:15,49530.22,44336.76,26726.36,17616.63,125.98,1890.93,492.2,481.77,557.82,111.6,166.99,207.08,91.81,151.52,272.97,121.99,193.75,294.53,3149.05,1669.55,469.63,80.36,241.75,1033.3,386.5,237.66,286.6,441.52,207.54,101.96,3567.58,233.78,142.21,135.4,39.39,55.79,97.96,274.84
20261008,09:58:20,49529.39,44338.14,26719.17,17615.68,125.98,1890.93,492.11,481.77,557.82,111.59,167.0,207.11,91.81,151.31,272.97,121.99,193.9,294.53,3149.18,1669.58,469.63,80.37,241.88,1033.37,386.5,237.66,286.6,441.46,207.54,101.96,3565.59,233.78,142.21,135.38,39.39,55.79,97.96,274.84
20261008,09:58:25,49569.79,44377.63,26716.42,17612.92,125.97,1890.93,491.93,481.88,557.55,111.59,166.99,207.08,91.81,150.89,272.97,121.99,193.9,294.53,3152.43,1671.98,469.63,80.37,241.76,1033.39,386.52,237.66,286.92,441.46,207.54,101.96,3565.48,233.78,142.21,135.38,39.39,55.77,97.96,274.89
20261008,09:58:30,49523.68,44334.04,26708.76,17608.62,126.1,1890.93,491.31,481.62,557.55,111.59,167.0,207.07,91.82,150.89,272.97,121.95,193.93,294.53,3149.02,1669.54,469.61,80.36,241.64,1033.38,386.52,237.66,286.61,441.46,207.54,101.96,3564.26,233.78,142.22,135.38,39.39,55.77,97.96,274.94
20261008,09:58:35,49521.38,44331.21,26709.55,17607.55,125.97,1891.15,491.31,481.55,557.37,111.59,166.99,207.05,91.82,150.89,272.97,121.95,193.93,294.53,3148.82,1669.4,469.37,80.36,242.05,1033.21,386.51,237.66,286.6,441.46,207.54,101.96,3564.79,233.78,142.22,135.4,39.39,55.77,97.96,274.94
20261008,09:58:40,49567.06,44375.1,26711.35,17607.54,126.1,1891.15,491.29,481.75,557.37,111.59,166.98,207.03,91.82,150.67,272.97,121.95,193.93,294.53,3152.36,1671.95,469.35,80.36,242.06,1033.35,386.51,237.66,286.92,441.52,207.51,101.96,3565.36,233.78,142.22,135.4,39.39,55.77,97.96,274.94
20261008,09:58:45,49568.28,44373.26,26724.04,17612.03,126.1,1891.15,491.91,481.61,557.37,111.59,166.97,207.0,91.82,150.67,272.97,121.95,193.93,294.52,3152.1,1671.84,469.42,80.39,242.17,1033.25,386.84,237.66,286.6,441.52,207.54,101.96,3568.1,233.78,142.22,135.36,39.39,55.77,97.96,274.94
20261008,09:58:50,49527.44,44334.03,26719.35,17608.49,126.1,1891.13,491.38,481.45,557.37,111.59,166.97,206.95,91.82,150.67,272.97,121.97,193.9,294.52,3149.03,1669.56,469.42,80.38,241.92,1033.17,386.84,237.67,286.6,441.52,207.6,101.96,3567.6,233.78,142.22,135.38,39.39,55.77,97.96,274.94
20261008,09:58:55,49565.39,44371.84,26716.29,17607.73,126.1,1891.13,491.29,481.58,557.37,111.59,166.97,206.95,91.82,150.89,272.97,121.97,193.9,294.53,3152.09,1671.86,469.42,80.38,242.06,1033.26,386.81,237.67,286.6,441.52,207.56,101.96,3566.85,233.78,142.22,135.38,39.39,55.77,97.96,274.86
20261008,09:59:00,49565.95,44372.35,26716.08,17607.39,125.97,1891.13,491.2,481.58,557.36,111.59,166.97,206.99,91.82,150.89,272.97,121.97,193.94,294.53,3152.14,1671.87,469.51,80.36,241.92,1033.06,386.54,237.67,286.91,441.46,207.63,101.96,3566.88,233.78,142.21,135.39,39.39,55.77,97.96,274.86
20261008,09:59:05,49564.46,44371.43,26718.42,17611.84,125.97,1890.76,491.83,481.58,557.67,111.59,166.97,206.97,91.82,150.89,272.97,121.95,193.94,294.53,3151.96,1671.91,469.61,80.38,241.81,1032.51,386.28,237.67,286.91,441.46,207.56,101.96,3566.4,233.78,142.21,135.39,39.39,55.77,97.96,274.83
20261008,09:59:10,49559.79,44366.3,26715.98,17607.1,126.1,1890.76,491.29,481.58,557.36,111.59,166.97,206.97,91.82,150.89,272.97,121.95,193.96,294.53,3151.66,1671.83,469.61,80.34,241.69,1032.64,386.22,237.67,286.6,441.46,207.56,101.96,3566.92,233.78,142.21,135.39,39.39,55.75,97.96,274.82
20261008,09:59:15,49521.19,44328.89,26715.57,17607.34,126.1,1890.76,491.21,481.58,557.59,111.59,166.97,206.98,91.82,150.89,272.97,121.95,193.93,294.53,3148.64,1669.36,469.5,80.34,241.93,1032.68,386.23,237.67,286.82,441.46,207.56,101.96,3566.73,233.78,142.21,135.4,39.39,55.75,97.96,274.84
20261008,09:59:20,49523.91,44330.92,26716.93,17606.78,125.97,1890.76,491.22,481.58,557.59,111.57,166.97,206.98,91.82,150.89,272.97,121.95,193.88,294.53,3148.82,1669.47,469.62,80.34,242.05,1032.54,386.21,237.67,286.82,441.43,207.56,101.96,3567.31,233.78,142.21,135.38,39.39,55.75,97.96,274.84
20261008,09:59:25,49562.43,44368.02,26718.58,17607.28,125.97,1890.76,491.21,481.56,557.59,111.58,166.94,206.88,91.82,150.89,272.97,121.96,193.88,294.55,3151.79,1671.86,469.52,80.34,242.05,1032.73,386.27,237.67,286.51,441.43,207.63,101.96,3567.69,233.78,142.21,135.38,39.39,55.75,97.96,274.84
20261008,09:59:30,49565.02,44370.48,26719.32,17607.88,125.97,1890.76,491.21,481.56,557.59,111.58,166.94,206.88,91.82,150.89,272.97,121.97,193.88,294.55,3151.98,1671.97,469.49,80.34,242.17,1032.78,386.27,237.68,286.52,441.49,207.63,101.96,3567.75,233.78,142.21,135.48,39.39,55.77,97.96,274.84
20261008,09:59:35,49564.18,44369.14,26721.05,17608.16,125.97,1890.76,491.21,481.56,557.59,111.58,166.93,206.83,91.82,150.89,272.97,121.97,193.88,294.55,3151.86,1671.93,469.4,80.36,242.06,1032.76,386.27,237.78,286.52,441.38,207.6,101.96,3568.22,233.78,142.21,135.48,39.39,55.77,97.96,275.15
20261008,09:59:40,49559.68,44365.61,26718.6,17608.18,125.97,1890.76,491.21,481.56,557.66,111.58,166.93,206.83,91.82,150.67,272.97,121.97,193.88,294.55,3151.58,1671.81,469.57,80.36,241.81,1032.51,386.27,237.78,286.52,441.38,207.6,101.96,3567.45,233.78,142.21,135.51,39.39,55.77,97.96,275.15
20261008,09:59:45,49561.11,44366.89,26718.5,17607.71,125.97,1892.18,491.21,481.3,557.66,111.58,166.94,206.85,91.82,150.67,272.97,121.98,193.88,294.55,3151.69,1671.81,469.57,80.33,242.17,1032.49,386.27,237.78,286.52,441.38,207.48,101.96,3567.55,233.78,142.21,135.57,39.39,55.77,97.96,275.15
20261008,09:59:50,49560.92,44366.71,26716.77,17605.71,125.84,1890.76,491.21,481.3,557.59,111.58,166.93,206.83,91.82,150.67,272.97,121.86,193.86,294.55,3151.73,1671.85,469.73,80.32,241.92,1032.52,386.27,237.78,286.52,441.38,207.48,101.98,3567.55,233.78,142.21,135.57,39.39,55.77,97.96,275.16
20261008,09:59:55,49567.26,44370.65,26723.56,17606.06,125.97,1890.76,491.2,481.3,557.59,111.58,166.91,206.78,91.81,150.67,272.97,121.86,193.86,294.55,3152.04,1672.07,469.74,80.36,241.92,1032.51,386.27,237.78,286.52,441.38,207.49,101.98,3569.57,233.78,142.21,135.59,39.39,55.77,98.06,275.16
20261008,10:00:00,49565.87,44371.81,26717.29,17607.22,125.84,1890.76,491.2,481.34,557.59,111.58,166.9,206.75,91.81,150.67,273.12,121.86,193.86,294.55,3152.1,1671.99,469.64,80.34,242.06,1032.54,386.26,237.78,286.84,441.38,207.64,101.98,3567.3,233.78,142.21,135.56,39.39,55.77,98.06,275.21
20261008,10:00:05,49563.74,44369.21,26722.5,17611.47,125.84,1890.76,491.75,481.26,557.58,111.58,166.9,206.75,91.81,150.89,273.12,121.86,193.86,294.55,3151.79,1672.07,469.72,80.32,241.93,1032.0,386.26,237.78,286.52,441.38,207.65,101.98,3567.77,233.78,142.21,135.56,39.39,55.77,98.06,275.2
20261008,10:00:10,49560.39,44366.36,26717.7,17607.32,125.84,1890.76,491.4,481.39,557.44,111.58,166.9,206.74,91.81,150.67,273.12,121.86,193.86,294.55,3151.66,1672.05,469.68,80.35,241.69,1032.04,386.24,237.78,286.47,441.38,207.65,101.98,3567.4,233.78,142.21,135.56,39.39,55.77,98.06,274.88
20261008,10:00:15,49523.17,44327.18,26725.91,17607.04,125.84,1890.72,491.4,481.26,557.37,111.58,166.9,206.75,91.81,150.67,273.12,121.86,193.88,294.55,3148.51,1669.6,469.56,80.35,241.85,1032.0,386.24,237.78,286.53,441.37,207.65,101.98,3570.04,233.83,142.21,135.56,39.39,55.77,98.06,274.91
20261008,10:00:20,49563.11,44367.07,26723.82,17607.88,125.84,1890.72,491.49,481.34,557.37,111.58,166.9,206.75,91.81,150.67,273.12,121.86,193.88,294.55,3151.7,1672.0,469.47,80.35,242.19,1031.93,386.24,237.78,286.58,441.39,207.65,101.98,3569.16,233.83,142.21,135.56,39.39,55.77,98.06,274.91
20261008,10:00:25,49525.6,44330.7,26726.32,17611.37,125.97,1890.38,492.0,481.26,557.3,111.57,166.91,206.79,91.81,150.67,273.12,121.86,193.86,294.55,3148.69,1669.59,469.32,80.33,241.96,1032.17,386.26,237.78,286.9,441.38,207.65,101.97,3568.99,233.83,142.21,135.56,39.39,55.77,98.06,274.84
20261008,10:00:30,49523.2,44329.51,26724.99,17613.7,125.84,1890.38,492.37,481.26,557.37,111.5,166.91,206.77,91.81,150.67,273.12,121.86,193.86,294.55,3148.54,1669.52,469.12,80.35,242.2,1032.09,386.26,237.78,286.82,441.42,207.65,101.97,3567.95,233.78,142.21,135.56,39.39,55.77,98.06,274.85
20261008,10:00:35,49518.05,44323.57,26724.21,17609.69,125.97,1890.38,491.74,481.29,557.48,111.42,166.91,206.79,91.81,150.67,273.12,121.86,193.87,294.55,3148.15,1669.41,469.06,80.33,242.19,1032.02,386.26,237.76,286.52,441.42,207.65,101.97,3568.79,233.78,142.21,135.56,39.39,55.77,98.06,274.84
20261008,10:00:40,49518.99,44324.69,26720.88,17606.55,125.84,1890.38,491.37,481.37,557.52,111.42,166.89,206.76,91.8,150.67,273.12,121.86,193.87,294.54,3148.32,1669.55,468.94,80.34,242.26,1032.0,386.51,237.75,286.52,441.42,207.65,101.97,3568.6,233.78,142.21,135.56,39.39,55.77,98.06,274.83
20261008,10:00:45,49519.49,44325.76,26722.8,17610.72,125.84,1890.38,492.0,481.37,557.24,111.42,166.9,206.8,91.8,150.89,273.12,121.88,193.87,294.54,3148.31,1669.57,469.05,80.34,242.22,1031.86,386.2,237.75,286.52,441.43,207.65,101.97,3568.07,233.78,142.21,135.57,39.39,55.75,98.06,274.83
20261008,10:00:50,49515.4,44324.06,26716.48,17611.1,125.84,1890.43,492.08,481.42,557.22,111.42,166.9,206.8,91.8,150.67,273.0,121.88,193.91,294.54,3148.16,1669.39,469.22,80.34,242.28,1031.8,386.5,237.75,286.52,441.43,207.65,101.97,3565.99,233.78,142.21,135.57,39.42,55.75,98.06,274.82
20261008,10:00:55,49514.84,44323.7,26716.54,17611.77,125.84,1890.43,492.1,481.5,557.43,111.42,166.9,206.8,91.8,150.69,273.0,121.88,193.88,294.54,3148.11,1669.43,468.91,80.31,242.28,1031.83,386.5,237.75,286.6,441.49,207.62,101.97,3565.83,233.78,142.21,135.57,39.42,55.75,98.06,274.82
20261008,10:01:00,49514.72,44323.96,26717.5,17614.13,125.84,1890.43,492.18,481.37,557.46,111.42,166.91,206.83,91.8,150.68,273.0,121.88,193.87,294.54,3148.08,1669.29,468.85,80.31,242.29,1031.72,386.49,237.75,287.0,441.49,207.79,101.97,3565.49,233.78,142.21,135.58,39.42,55.77,98.06,274.82
20261008,10:01:05,49512.09,44321.29,26720.16,17616.85,125.84,1890.43,492.36,481.37,557.34,111.5,166.92,206.81,91.81,150.68,273.0,121.88,193.87,294.54,3147.8,1669.24,468.85,80.31,242.41,1031.14,386.49,237.75,286.97,441.49,207.93,101.97,3565.59,233.78,142.21,135.61,39.42,55.77,98.06,274.82
20261008,10:01:10,49501.71,44311.56,26714.54,17611.67,125.97,1890.43,491.82,481.37,557.42,111.5,166.73,206.84,91.65,150.68,273.24,121.89,193.87,294.54,3147.14,1668.78,468.85,80.32,242.16,1031.21,386.46,237.75,286.97,441.49,207.94,101.97,3565.23,233.78,142.21,135.62,39.42,55.76,98.06,274.82
20261008,10:01:15,49458.98,44269.54,26709.68,17604.81,125.97,1890.43,491.1,481.5,557.46,111.5,166.56,206.89,91.51,150.68,273.24,121.89,193.87,294.54,3143.92,1666.41,468.92,80.32,242.26,1031.21,386.46,237.75,286.56,441.44,207.95,101.97,3565.57,233.78,142.21,135.6,39.42,55.76,98.06,274.82
20261008,10:01:20,49467.42,44278.06,26712.12,17608.6,125.97,1890.43,491.56,481.63,557.46,111.5,166.55,206.85,91.51,150.68,273.24,121.87,193.87,294.54,3144.51,1666.73,468.96,80.33,242.69,1031.2,386.46,237.75,286.56,441.43,208.0,101.97,3565.31,233.78,142.21,135.62,39.42,55.76,98.06,274.82
20261008,10:01:25,49463.73,44274.57,26708.4,17604.67,125.84,1890.32,491.11,481.63,557.54,111.41,166.56,206.87,91.51,150.68,273.24,121.87,193.87,294.56,3144.33,1666.52,468.94,80.32,242.68,1031.31,386.52,237.75,286.66,441.43,207.96,101.97,3565.22,233.78,142.22,135.6,39.42,55.76,98.06,274.83
20261008,10:01:30,49463.59,44273.98,26710.18,17605.22,125.84,1890.32,491.18,481.63,557.54,111.41,166.56,206.87,91.51,150.68,273.24,121.87,193.87,294.56,3144.27,1666.56,468.89,80.31,242.43,1031.31,386.51,237.75,286.69,441.43,207.96,101.97,3565.62,233.78,142.22,135.6,39.42,55.76,98.06,274.83
20261008,10:01:35,49499.9,44308.82,26711.28,17604.67,125.84,1890.32,491.1,481.37,557.53,111.41,166.56,206.87,91.51,150.68,273.24,121.87,193.87,294.54,3147.09,1668.82,468.88,80.3,242.31,1031.21,386.51,237.75,286.66,441.38,208.0,101.97,3566.12,233.78,142.22,135.62,39.42,55.76,98.06,274.83
20261008,10:01:40,49499.66,44309.25,26709.55,17604.88,125.84,1890.32,491.11,481.3,557.53,111.4,166.56,206.89,91.51,150.68,273.24,121.87,193.87,294.54,3147.12,1668.68,468.87,80.31,242.55,1031.1,386.51,237.75,286.96,441.38,208.01,101.97,3565.52,233.78,142.22,135.62,39.42,55.78,98.06,274.83
20261008,10:01:45,49500.82,44310.35,26709.82,17605.09,125.84,1890.32,491.12,481.3,557.53,111.4,166.56,206.88,91.51,150.68,273.24,121.87,193.87,294.54,3147.2,1668.82,468.98,80.28,242.55,1031.24,386.51,237.75,286.63,441.37,208.01,101.97,3565.54,233.78,142.22,135.63,39.42,55.8,98.06,274.83
20261008,10:01:50,49458.22,44268.08,26712.51,17605.65,125.97,1890.32,491.2,481.3,557.53,111.4,166.56,206.89,91.51,150.68,273.24,121.87,193.87,294.52,3143.78,1666.29,468.88,80.33,242.18,1031.25,386.51,237.75,286.64,441.37,207.98,101.97,3566.23,233.78,142.22,135.63,39.42,55.8,98.06,274.81
20261008,10:01:55,49461.26,44272.0,26712.47,17608.83,125.97,1890.32,491.66,481.37,557.53,111.4,166.56,206.9,91.51,150.68,273.24,121.87,193.87,294.48,3144.02,1666.46,468.92,80.28,242.43,1031.12,386.51,237.75,286.63,441.39,207.95,101.97,3565.36,233.78,142.22,135.63,39.42,55.8,98.06,274.81
20261008,10:02:00,49460.63,44271.02,26715.31,17610.84,125.97,1890.32,491.74,481.63,557.83,111.4,166.57,206.91,91.51,150.68,273.24,121.87,193.87,294.48,3143.89,1666.24,469.0,80.28,242.55,1031.29,386.51,237.75,286.64,441.44,207.97,101.97,3565.7,233.74,142.22,135.63,39.42,55.8,98.06,274.8
20261008,10:02:05,49501.42,44308.73,26721.28,17610.88,125.97,1890.32,491.74,481.62,557.83,111.4,166.57,206.91,91.51,150.68,273.38,121.87,193.87,294.5,3146.93,1668.67,468.78,80.28,242.55,1031.25,386.53,237.75,286.64,441.44,207.97,101.97,3567.55,233.74,142.22,135.61,39.42,55.8,98.06,274.81
20261008,10:02:10,49502.2,44309.03,26720.1,17608.0,125.84,1890.32,491.2,481.5,557.76,111.4,166.78,206.97,91.66,150.68,273.38,121.87,193.87,294.49,3147.02,1668.69,468.89,80.29,242.54,1031.28,386.53,237.75,286.64,441.37,207.96,101.94,3567.96,233.74,142.22,135.61,39.42,55.78,98.04,274.81
20261008,10:02:15,49501.69,44308.92,26722.71,17612.28,125.84,1891.3,491.82,481.51,557.66,111.4,166.78,206.97,91.67,150.47,273.38,121.87,193.87,294.49,3146.91,1668.7,468.89,80.29,242.43,1031.09,386.53,237.74,286.64,441.37,207.96,101.96,3567.62,233.74,142.21,135.61,39.42,55.78,98.04,274.8
20261008,10:02:20,49503.73,44311.1,26726.71,17617.56,125.84,1891.3,492.46,481.51,557.65,111.4,166.78,206.97,91.67,150.68,273.38,121.85,193.87,294.49,3146.96,1668.62,469.0,80.29,242.43,1031.35,386.55,237.74,286.64,441.37,208.0,101.96,3567.43,233.74,142.21,135.64,39.42,55.78,98.04,274.82
20261008,10:02:25,49504.41,44311.55,26727.81,17618.13,125.84,1891.3,492.65,481.25,557.65,111.39,166.58,206.95,91.51,150.89,273.26,121.97,193.91,294.49,3146.98,1668.67,468.9,80.29,242.54,1031.25,386.55,237.74,286.64,441.37,207.99,101.96,3567.63,234.13,142.21,135.63,39.42,55.78,98.04,274.82
20261008,10:02:30,49464.6,44272.98,26727.98,17619.05,125.84,1891.3,492.48,481.25,557.65,111.39,166.78,206.95,91.67,150.89,273.26,121.97,193.91,294.49,3143.85,1666.19,468.8,80.29,242.43,1031.22,386.52,237.74,286.97,441.37,207.99,101.96,3567.43,234.13,142.21,135.63,39.42,55.78,98.04,274.85
20261008,10:02:35,49501.98,44311.18,26722.02,17618.13,125.84,1891.3,492.46,481.17,557.64,111.39,166.78,206.95,91.67,150.89,273.26,121.99,193.84,294.49,3146.95,1668.61,468.86,80.29,242.55,1031.41,386.25,237.74,286.66,441.37,207.88,101.96,3565.82,234.17,142.21,135.7,39.42,55.78,98.04,274.85
20261008,10:02:40,49501.66,44311.1,26720.29,17616.91,125.84,1891.3,492.39,481.17,557.57,111.39,166.77,206.94,91.67,150.89,273.26,121.98,193.82,294.49,3146.98,1668.67,468.84,80.29,242.55,1031.31,386.25,237.74,286.66,441.41,207.84,101.96,3565.61,234.17,142.21,135.7,39.42,55.78,98.04,274.84
20261008,10:02:45,49501.32,44310.76,26720.61,17617.28,125.84,1889.88,492.47,481.25,557.64,111.39,166.77,206.93,91.67,150.89,273.26,121.98,193.82,294.49,3146.94,1668.61,468.83,80.27,242.55,1031.47,386.24,237.74,286.65,441.38,207.84,101.96,3565.61,234.17,142.21,135.7,39.42,55.78,98.04,274.85
20261008,10:02:50,49500.15,44309.63,26719.92,17616.49,125.84,1889.88,492.39,481.25,557.67,111.39,166.76,206.94,91.66,150.89,273.26,121.96,193.82,294.51,3146.87,1668.7,468.76,80.26,242.54,1031.45,386.24,237.74,286.38,441.41,207.83,101.96,3565.61,234.17,142.21,135.7,39.42,55.78,98.04,274.85
20261008,10:02:55,49457.92,44268.47,26719.93,17616.49,125.84,1889.88,492.39,481.17,557.67,111.39,166.77,206.96,91.66,150.89,273.26,121.96,193.82,294.51,3143.55,1666.28,468.67,80.26,242.41,1031.32,386.24,237.6,286.33,441.45,207.85,101.96,3565.61,234.13,142.21,135.71,39.39,55.78,98.04,274.82
20261008,10:03:00,49465.25,44275.81,26722.99,17620.66,125.97,1889.88,492.94,481.3,557.64,111.39,166.75,206.9,91.66,150.67,273.26,121.96,193.82,294.51,3144.04,1666.35,468.67,80.22,242.52,1031.85,386.24,237.6,286.63,441.53,207.85,101.97,3565.43,234.13,142.21,135.72,39.39,55.78,98.04,274.82
20261008,10:03:05,49466.11,44273.6,26731.83,17620.64,125.97,1889.88,492.95,481.3,557.59,111.39,166.75,206.91,91.66,150.67,273.26,121.98,193.83,294.5,3143.86,1666.25,468.67,80.24,242.53,1031.69,386.26,237.6,286.64,441.53,207.84,101.97,3568.2,234.13,142.21,135.74,39.39,55.78,98.04,274.82
20261008,10:03:10,49463.22,44270.61,26728.68,17616.4,125.97,1889.88,492.39,481.3,557.59,111.39,166.75,206.89,91.66,150.89,273.26,121.88,193.83,294.5,3143.72,1666.19,468.76,80.28,242.28,1031.64,386.24,237.84,286.6,441.62,207.84,101.97,3568.37,234.13,142.21,135.74,39.39,55.78,98.04,274.82
20261008,10:03:15,49502.03,44311.12,26723.18,17619.08,125.84,1889.88,492.85,481.3,557.59,111.39,166.74,206.84,91.66,150.67,273.26,121.88,193.83,294.51,3146.93,1668.69,468.78,80.28,242.55,1031.27,386.27,237.84,286.6,441.62,207.85,101.97,3565.92,234.13,142.21,135.75,39.4,55.78,98.04,274.82
20261008,10:03:20,49502.12,44310.98,26723.9,17619.17,125.84,1889.88,492.85,481.3,557.59,111.39,166.74,206.85,91.66,150.67,273.26,121.88,193.83,294.5,3146.91,1668.68,468.68,80.28,242.55,1031.71,386.27,237.84,286.33,441.64,207.85,101.97,3566.12,234.13,142.21,135.75,39.4,55.78,98.04,274.84
20261008,10:03:25,49502.66,44311.92,26723.18,17619.71,125.97,1889.88,492.85,481.3,557.62,111.39,166.72,206.81,91.65,150.89,273.26,121.87,193.83,294.49,3146.97,1668.75,468.91,80.27,242.55,1031.43,386.27,238.12,286.33,441.64,207.85,101.97,3565.75,234.13,142.23,135.75,39.39,55.78,98.04,274.84
20261008,10:03:30,49469.83,44279.29,26724.65,17619.27,125.84,1889.88,492.85,481.41,557.59,111.38,166.73,206.86,91.65,150.89,273.26,121.87,193.85,294.49,3144.36,1666.45,468.82,80.29,242.66,1031.52,386.52,238.12,286.87,441.62,207.85,101.97,3566.33,234.13,142.25,135.74,39.39,55.77,97.95,274.84
20261008,10:03:35,49505.12,44313.45,26725.47,17619.44,125.84,1889.88,492.86,481.21,557.7,111.38,166.72,206.83,91.64,150.88,273.26,121.87,193.85,294.49,3147.1,1668.75,468.77,80.29,242.43,1031.61,386.52,238.12,286.56,441.62,207.85,101.97,3566.54,234.13,142.25,135.74,39.39,55.77,97.95,274.86
20261008,10:03:40,49497.05,44308.3,26718.25,17620.24,125.84,1889.88,492.96,481.33,557.7,111.38,166.73,206.89,91.64,150.88,273.26,121.87,193.85,294.49,3146.67,1668.67,468.95,80.27,242.43,1030.81,386.52,238.12,286.46,441.62,207.84,101.97,3564.07,234.13,142.23,135.74,39.39,55.77,97.95,274.86
20261008,10:03:45,49459.36,44271.75,26717.12,17619.49,125.84,1889.88,492.86,481.58,557.74,111.38,166.72,206.85,91.64,150.88,273.26,121.87,193.85,294.49,3143.74,1666.42,468.97,80.32,242.43,1030.68,386.52,238.12,286.47,441.62,207.79,101.97,3563.92,234.13,142.23,135.75,39.39,55.77,97.95,274.89
20261008,10:03:50,49458.08,44270.77,26717.33,17620.67,125.97,1889.88,492.86,481.58,557.75,111.38,166.71,206.82,91.64,150.87,273.26,121.87,193.85,294.51,3143.64,1666.36,469.16,80.29,242.18,1030.68,386.52,238.12,286.47,441.62,207.86,101.97,3563.67,234.15,142.23,135.75,39.39,55.79,97.95,274.89
20261008,10:03:55,49461.76,44274.19,26717.9,17620.75,125.97,1889.88,492.94,481.58,557.75,111.38,166.72,206.85,91.64,150.87,273.26,121.87,193.85,294.51,3143.91,1666.37,469.07,80.3,242.61,1030.64,386.27,238.11,286.78,441.62,207.86,101.97,3563.82,233.82,142.23,135.75,39.39,55.79,97.95,274.86
20261008,10:04:00,49466.45,44274.87,26735.49,17628.01,125.97,1889.88,494.03,481.58,557.72,111.38,166.71,206.81,91.64,150.87,273.26,121.87,193.85,294.5,3143.79,1666.34,469.06,80.29,242.84,1030.64,386.49,238.11,286.46,441.62,207.83,101.97,3567.34,233.82,142.23,135.71,39.39,55.79,97.95,274.86
20261008,10:04:05,49473.33,44283.48,26732.07,17630.44,125.97,1889.88,494.11,481.58,557.72,111.38,166.72,206.85,91.64,151.08,273.26,121.99,193.83,294.51,3144.42,1666.51,469.23,80.32,242.73,1031.45,386.52,238.12,286.47,441.62,207.89,101.97,3565.62,233.82,142.23,135.73,39.39,55.79,97.95,274.86
20261008,10:04:10,49469.89,44279.92,26731.64,17629.24,125.97,1889.88,494.02,481.58,557.71,111.37,166.7,206.76,91.65,151.08,273.26,121.98,193.83,294.5,3144.17,1666.34,469.01,80.32,242.48,1031.43,386.52,238.11,286.79,441.64,207.86,101.97,3565.81,233.83,142.23,135.73,39.39,55.79,97.95,274.86
20261008,10:04:15,49469.66,44280.3,26730.25,17629.65,125.84,1889.88,494.19,481.57,557.71,111.45,166.7,206.76,91.64,151.08,273.26,121.86,193.83,294.5,3144.19,1666.29,468.92,80.32,242.84,1031.78,386.52,238.11,286.47,441.6,207.87,101.97,3565.26,233.83,142.23,135.75,39.39,55.79,97.95,274.91
20261008,10:04:20,49468.1,44279.07,26728.83,17629.03,125.84,1889.88,494.11,481.57,557.71,111.45,166.71,206.8,91.64,151.08,273.26,121.87,193.83,294.5,3144.1,1666.41,469.13,80.32,242.71,1030.76,386.52,238.11,286.75,441.61,207.87,101.97,3564.99,233.83,142.23,135.68,39.39,55.79,97.95,274.91
20261008,10:04:25,49466.46,44277.46,26726.3,17626.08,125.84,1889.88,493.83,481.45,557.4,111.53,166.7,206.76,91.64,151.08,273.26,121.87,193.83,294.53,3144.04,1666.55,469.13,80.32,242.71,1030.63,386.51,238.11,286.43,441.65,207.87,101.97,3565.0,233.83,142.23,135.68,39.39,55.78,97.95,274.91
20261008,10:04:30,49468.33,44276.49,26733.42,17624.91,125.84,1889.88,493.66,481.45,557.4,111.53,166.7,206.77,91.64,151.08,273.26,121.87,193.83,294.53,3143.99,1666.4,469.13,80.34,242.34,1030.83,386.51,238.11,286.74,441.65,207.87,101.97,3567.54,233.83,142.23,135.69,39.39,55.78,97.95,274.91
20261008,10:04:35,49471.09,44278.98,26737.82,17629.27,125.84,1889.88,494.2,481.45,557.4,111.53,166.7,206.7,91.66,151.08,273.26,121.87,193.83,294.49,3144.09,1666.51,469.04,80.35,242.82,1030.82,386.26,238.11,286.43,441.65,207.87,101.97,3567.73,234.16,142.23,135.69,39.39,55.78,97.95,274.89
20261008,10:04:40,49473.97,44281.99,26742.08,17634.87,125.97,1889.88,494.28,481.61,557.33,111.53,166.71,206.74,91.66,151.08,273.26,121.86,193.83,294.49,3144.2,1666.42,469.13,80.4,242.82,1030.71,386.27,238.1,286.78,441.65,207.86,101.97,3567.54,234.16,142.83,135.69,39.39,55.79,97.95,274.89
20261008,10:04:45,49473.86,44281.8,26741.91,17634.39,125.97,1889.88,494.2,481.61,557.33,111.46,166.71,206.74,91.66,151.08,273.26,121.86,193.83,294.49,3144.19,1666.35,469.14,80.43,242.82,1030.85,386.27,238.1,286.78,441.65,207.84,101.97,3567.62,234.16,142.83,135.78,39.39,55.79,97.95,274.98
20261008,10:04:50,49471.17,44279.0,26742.79,17634.83,125.84,1889.88,494.27,481.69,557.36,111.46,166.7,206.69,91.66,151.29,273.26,121.86,193.83,294.5,3143.96,1666.23,469.01,80.4,242.48,1031.63,386.17,238.1,286.43,441.61,207.87,101.97,3567.77,234.16,142.84,135.65,39.39,55.78,97.95,274.98
20261008,10:04:55,49470.62,44280.43,26736.95,17634.7,125.84,1889.88,494.26,481.61,557.36,111.46,166.7,206.69,91.66,151.08,273.26,121.86,193.83,294.5,3144.08,1666.34,469.07,80.42,242.3,1031.62,386.17,238.1,286.44,441.67,207.87,101.97,3565.99,234.16,142.84,135.65,39.39,55.8,97.95,275.03
20261008,10:05:00,49511.36,44321.17,26733.1,17633.74,125.84,1889.88,494.12,481.61,557.36,111.53,166.68,206.67,91.65,151.08,273.26,121.86,193.83,294.55,3147.38,1668.83,468.98,80.42,242.55,1031.65,386.31,238.1,286.44,441.67,207.87,101.97,3565.04,234.16,142.84,135.65,39.39,55.8,97.95,275.01
20261008,10:05:05,49473.55,44283.69,26735.44,17634.3,125.84,1889.88,494.2,481.61,557.37,111.53,166.69,206.69,91.65,151.29,273.26,121.86,193.87,294.55,3144.35,1666.38,469.01,80.43,242.66,1031.59,386.31,238.1,286.62,441.67,207.87,101.97,3565.62,233.83,142.84,135.65,39.39,55.8,97.95,275.02
20261008,10:05:10,49469.0,44282.66,26725.38,17634.11,125.97,1890.25,494.03,481.61,557.37,111.53,166.7,206.72,91.65,151.08,273.26,121.88,193.83,294.77,3144.27,1666.36,469.0,80.43,242.3,1031.74,386.56,238.1,286.62,441.67,207.87,101.97,3562.53,233.83,142.84,135.65,39.39,55.8,97.95,275.02
20261008,10:05:15,49471.25,44285.06,26725.2,17634.61,125.97,1890.25,494.03,481.64,557.36,111.53,166.73,206.81,91.66,151.29,273.26,121.86,193.83,294.78,3144.45,1666.32,469.08,80.45,242.28,1031.8,386.56,238.1,286.93,441.67,207.88,101.97,3562.34,233.83,142.84,135.65,39.39,55.8,97.95,275.02
20261008,10:05:20,49508.61,44319.03,26732.49,17634.81,125.97,1890.21,494.11,481.58,557.36,111.55,166.72,206.79,91.66,151.08,273.26,121.86,193.83,294.78,3147.18,1668.61,468.97,80.46,242.53,1031.48,386.31,238.1,286.71,441.72,207.88,101.97,3564.56,233.83,142.83,135.65,39.39,55.8,97.95,275.01
20261008,10:05:25,49514.41,44321.74,26741.37,17635.2,125.97,1890.21,494.2,481.33,557.36,111.63,166.72,206.78,91.66,151.29,273.26,121.86,193.83,294.78,3147.39,1668.61,469.03,80.51,242.53,1031.54,386.37,238.1,286.92,441.67,207.85,101.97,3567.23,233.83,142.83,135.65,39.39,55.78,97.95,275.01
20261008,10:05:30,49513.12,44323.27,26732.08,17633.85,125.97,1890.21,494.03,481.31,557.36,111.63,166.72,206.77,91.66,151.29,273.26,121.84,193.83,294.78,3147.55,1668.59,469.03,80.52,242.54,1031.93,386.37,238.1,286.92,441.69,207.85,101.97,3564.7,233.83,142.83,135.65,39.39,55.78,97.95,275.02
20261008,10:05:35,49512.43,44322.56,26732.0,17633.6,125.84,1890.21,494.04,481.31,557.36,111.63,166.73,206.81,91.66,151.08,273.26,121.84,193.83,294.73,3147.5,1668.59,469.04,80.5,242.72,1032.05,386.37,238.1,286.62,441.67,207.88,101.97,3564.74,233.83,142.83,135.65,39.39,55.78,97.96,275.03
20261008,10:05:40,49511.5,44322.23,26731.93,17635.48,125.84,1890.21,494.2,481.23,557.36,111.63,166.77,206.87,91.68,151.08,273.26,121.98,193.83,294.73,3147.43,1668.47,469.08,80.5,242.9,1031.95,386.39,238.1,286.71,441.73,207.81,101.97,3564.2,233.83,142.83,135.65,39.39,55.78,97.96,275.07
20261008,10:05:45,49510.48,44322.95,26722.97,17630.91,125.84,1890.21,493.57,481.23,557.36,111.63,166.77,206.87,91.68,151.29,273.26,121.95,193.83,294.73,3147.59,1668.59,469.09,80.5,242.83,1032.08,386.39,238.1,286.66,441.73,207.78,101.97,3562.65,233.83,142.83,135.65,39.39,55.78,97.96,275.09
20261008,10:05:50,49511.64,44324.29,26722.68,17631.29,125.84,1890.21,493.57,481.36,557.36,111.63,166.77,206.87,91.68,151.08,273.26,121.95,193.82,294.71,3147.69,1668.67,469.01,80.51,242.83,1032.14,386.39,238.1,286.66,441.7,207.85,101.97,3562.46,233.83,142.83,135.66,39.39,55.78,97.96,275.1
20261008,10:05:55,49472.44,44285.75,26721.88,17629.18,125.84,1890.21,493.57,481.36,557.36,111.63,166.77,206.88,91.68,151.08,273.26,121.83,193.82,294.71,3144.64,1666.28,469.01,80.52,242.89,1032.11,386.62,238.1,286.66,441.7,207.7,101.97,3562.78,233.83,142.84,135.66,39.39,55.78,97.96,275.1
20261008,10:06:00,49468.69,44283.17,26718.87,17629.34,125.84,1890.21,493.57,481.43,557.36,111.63,166.79,206.91,91.69,150.66,273.26,121.95,193.82,294.71,3144.43,1666.22,469.01,80.5,242.72,1031.97,386.62,238.1,286.68,441.64,207.69,101.97,3561.79,233.83,142.84,135.66,39.39,55.76,97.96,275.1
20261008,10:06:05,49510.06,44322.7,26722.35,17630.71,125.84,1890.21,493.57,481.43,557.67,111.63,166.8,206.94,91.69,150.87,273.26,121.95,193.82,294.67,3147.58,1668.77,469.01,80.56,242.89,1031.44,386.37,238.1,286.62,441.7,207.69,101.97,3562.51,233.83,142.84,135.66,39.39,55.76,97.96,275.1
20261008,10:06:10,49508.74,44322.04,26719.1,17629.07,125.84,1890.21,493.4,481.4,557.67,111.63,166.8,206.93,91.69,150.66,273.38,121.94,193.82,294.65,3147.56,1668.68,469.01,80.54,243.19,1031.45,386.38,238.1,286.63,441.7,207.69,101.97,3561.94,233.83,142.84,135.66,39.39,55.76,97.96,275.11
20261008,10:06:15,49511.67,44324.62,26717.34,17626.12,125.84,1890.21,493.02,481.4,557.72,111.63,166.8,206.91,91.69,150.66,273.2,121.94,193.82,294.64,3147.84,1668.79,469.01,80.56,242.99,1031.47,386.63,238.1,286.95,441.67,207.69,101.97,3562.19,233.83,142.84,135.65,39.39,55.76,97.95,275.06
20261008,10:06:20,49511.75,44324.7,26717.23,17625.99,125.84,1890.21,492.94,481.38,557.72,111.64,166.79,206.9,91.69,150.66,273.2,121.94,193.82,294.64,3147.85,1668.9,469.0,80.56,242.98,1031.58,386.63,238.1,286.64,441.71,207.73,101.97,3562.19,233.83,142.84,135.66,39.39,55.76,97.95,275.06
20261008,10:06:25,49467.93,44282.22,26718.8,17628.57,125.84,1890.21,493.4,481.38,557.72,111.65,166.79,206.9,91.69,150.66,273.2,121.82,193.82,294.64,3144.37,1666.32,468.89,80.57,242.8,1031.59,386.62,238.1,286.59,441.71,207.73,101.97,3561.98,233.83,142.84,135.66,39.39,55.76,97.95,275.06
20261008,10:06:30,49463.03,44277.72,26709.94,17619.26,125.84,1890.21,492.94,481.38,557.42,111.65,166.79,206.89,91.69,150.66,273.2,121.82,193.82,294.64,3144.23,1666.22,468.88,80.56,242.85,1031.59,386.27,238.1,286.59,441.71,207.73,101.97,3561.74,233.83,142.24,135.66,39.39,55.76,97.95,275.01
20261008,10:06:35,49471.44,44283.2,26721.81,17623.83,125.84,1890.21,492.86,481.31,557.41,111.65,166.79,206.89,91.69,150.66,273.2,121.94,193.82,294.64,3144.56,1666.22,468.89,80.59,242.85,1032.31,386.29,238.1,286.59,441.71,207.7,101.97,3564.21,233.83,142.84,135.66,39.39,55.76,97.95,275.01
20261008,10:06:40,49478.77,44289.53,26725.46,17625.33,125.84,1890.21,492.94,481.31,557.41,111.65,166.82,207.0,91.69,150.66,273.2,121.95,193.82,294.63,3145.03,1666.4,468.89,80.61,242.92,1032.32,386.29,238.1,286.94,441.65,207.77,101.97,3564.94,233.83,142.84,135.66,39.39,55.76,97.95,275.01
20261008,10:06:45,49478.34,44289.48,26725.46,17626.58,125.84,1890.21,492.94,481.31,557.72,111.65,166.84,207.04,91.7,150.66,273.2,121.95,193.82,294.63,3145.0,1666.44,468.89,80.62,242.85,1032.21,386.35,238.1,286.9,441.66,207.77,101.97,3564.6,233.83,142.84,135.65,39.39,55.76,97.95,275.01
20261008,10:06:50,49475.23,44286.96,26724.78,17627.5,125.84,1890.21,492.85,481.39,557.69,111.67,166.85,207.09,91.7,150.66,273.2,121.95,193.82,294.63,3144.78,1666.44,469.0,80.6,242.74,1032.07,386.35,238.1,286.59,441.65,207.92,101.97,3564.14,233.83,142.84,135.65,39.39,55.76,97.95,275.01
20261008,10:06:55,49476.72,44287.52,26726.87,17626.91,125.84,1890.21,492.94,481.39,557.69,111.67,166.85,207.09,91.7,150.66,273.2,121.95,193.82,294.63,3144.83,1666.42,468.93,80.6,242.75,1031.89,386.43,238.1,286.95,441.69,207.77,101.97,3564.95,233.83,142.84,135.65,39.39,55.76,97.95,275.04
20261008,10:07:00,49470.48,44283.63,26719.99,17626.32,125.84,1890.21,492.87,481.4,557.72,111.67,166.84,207.06,91.7,150.66,273.2,121.96,193.82,294.63,3144.54,1666.26,468.94,80.6,242.76,1032.09,386.43,238.1,286.59,441.7,207.77,101.97,3562.96,233.83,142.84,135.63,39.39,55.76,97.96,275.01
20261008,10:07:05,49472.51,44284.61,26725.18,17628.93,125.84,1889.84,493.49,481.48,557.71,111.67,166.83,207.03,91.7,150.66,273.2,121.96,193.82,294.66,3144.55,1666.34,468.94,80.59,242.51,1032.1,386.43,237.85,286.63,441.67,207.56,101.97,3563.87,233.83,142.84,135.63,39.39,55.78,97.96,275.02
20261008,10:07:10,49471.85,44283.59,26722.9,17625.06,125.84,1889.84,492.95,481.35,557.71,111.67,166.83,207.0,91.7,150.66,273.2,121.95,193.82,294.66,3144.56,1666.33,468.83,80.57,242.93,1031.9,386.68,237.85,286.63,441.67,207.59,101.97,3564.21,233.83,142.84,135.63,39.39,55.78,97.95,275.04
20261008,10:07:15,49474.44,44284.3,26732.14,17629.62,125.84,1889.84,493.5,481.48,557.71,111.67,166.83,207.0,91.7,150.45,273.2,121.83,193.82,294.65,3144.51,1666.32,468.83,80.58,242.66,1031.96,386.68,237.85,286.67,441.75,207.74,101.97,3565.86,233.83,142.84,135.64,39.39,55.77,97.95,275.04
20261008,10:07:20,49477.01,44286.64,26732.82,17629.88,125.84,1889.84,493.51,481.47,557.68,111.67,166.82,206.98,91.7,150.66,273.2,121.83,193.82,294.65,3144.69,1666.35,468.83,80.58,242.91,1032.08,386.67,237.85,286.68,441.75,207.75,101.97,3566.0,233.83,142.84,135.64,39.39,55.77,97.95,275.04
20261008,10:07:25,49512.86,44321.32,26733.11,17629.34,125.84,1889.84,493.51,481.47,557.38,111.67,166.82,206.98,91.7,150.66,273.2,121.95,193.83,294.65,3147.5,1668.64,468.83,80.56,242.91,1031.83,386.43,237.85,286.63,441.75,207.7,101.97,3566.24,233.83,142.84,135.64,39.39,55.77,97.95,275.06
20261008,10:07:30,49513.54,44322.39,26728.6,17625.54,125.84,1889.84,492.96,481.47,557.69,111.67,166.82,206.95,91.7,150.66,273.2,121.83,193.79,294.65,3147.68,1668.75,468.83,80.57,242.8,1031.98,386.45,237.85,286.63,441.75,207.71,101.97,3565.86,233.83,142.84,135.64,39.39,55.77,97.95,275.06
20261008,10:07:35,49515.38,44324.58,26731.1,17629.71,125.84,1890.21,493.5,481.47,557.69,111.59,166.81,206.95,91.7,150.66,273.2,121.83,193.83,294.65,3147.75,1668.76,468.91,80.57,242.91,1031.96,386.46,237.85,286.64,441.75,207.74,101.97,3565.51,233.83,142.84,135.63,39.39,55.77,97.95,275.06
20261008,10:07:40,49511.35,44320.21,26726.34,17622.77,125.84,1890.21,492.88,481.47,556.78,111.59,166.81,206.91,91.7,150.66,273.2,121.95,193.83,294.65,3147.57,1668.6,468.81,80.57,243.02,1031.95,386.79,237.85,286.64,441.77,207.74,101.97,3565.91,233.83,142.84,135.63,39.39,55.75,97.95,275.06
20261008,10:07:45,49508.64,44317.17,26723.73,17618.42,125.84,1891.63,492.33,481.47,556.88,111.59,166.82,206.93,91.7,150.66,273.2,121.95,193.83,294.65,3147.43,1668.49,468.7,80.56,242.78,1031.89,386.79,237.85,286.95,441.77,207.6,101.97,3566.27,233.83,142.84,135.63,39.39,55.75,97.95,275.06
20261008,10:07:50,49507.56,44317.76,26718.03,17617.36,125.84,1890.21,492.34,481.39,556.88,111.59,166.84,206.96,91.71,150.45,273.2,121.83,193.83,294.65,3147.5,1668.48,468.9,80.55,242.78,1031.91,386.79,237.85,286.95,441.77,207.62,101.92,3564.78,233.88,142.84,135.63,39.39,55.75,98.04,275.08
20261008,10:07:55,49468.83,44279.0,26723.53,17620.28,125.97,1890.21,492.43,481.26,557.19,111.59,166.82,206.92,91.71,150.66,273.2,121.83,193.83,294.65,3144.31,1666.19,468.89,80.55,242.78,1031.87,386.79,237.85,286.59,441.77,207.62,101.92,3565.71,233.85,142.84,135.6,39.39,55.77,98.04,275.38
20261008,10:08:00,49465.99,44276.9,26721.61,17620.31,125.84,1890.21,492.36,481.39,557.19,111.59,166.83,206.96,91.71,150.45,273.2,121.83,193.83,294.65,3144.14,1666.03,468.79,80.55,242.91,1031.94,386.82,237.85,286.59,441.77,207.73,101.92,3565.1,233.85,142.84,135.6,39.39,55.77,98.04,275.37
20261008,10:08:05,49499.77,44310.23,26722.79,17623.04,125.84,1890.21,492.34,481.26,557.19,111.59,167.02,206.97,91.86,150.45,273.2,121.83,193.83,294.65,3146.76,1668.46,468.79,80.52,242.55,1031.1,386.85,237.85,286.56,441.78,207.86,101.92,3564.72,233.85,142.84,135.56,39.39,55.73,98.04,275.37
20261008,10:08:10,49462.91,44273.92,26724.41,17623.59,125.84,1890.21,492.42,481.27,557.06,111.59,167.02,206.97,91.86,150.66,273.2,121.83,193.83,294.65,3143.82,1666.16,468.64,80.53,242.78,1031.12,386.84,237.85,286.55,441.78,207.87,101.92,3565.08,233.85,142.84,135.56,39.39,55.73,98.04,275.38
20261008,10:08:15,49463.06,44274.9,26722.13,17623.75,125.84,1891.63,492.33,481.27,557.06,111.59,167.02,206.96,91.86,150.66,273.2,121.85,193.83,294.65,3143.89,1666.06,468.64,80.5,243.03,1031.08,386.56,237.85,286.87,441.78,207.89,101.92,3564.33,233.81,142.84,135.56,39.39,55.73,98.04,275.38
20261008,10:08:20,49453.91,44270.48,26706.63,17620.98,125.84,1890.21,492.25,481.27,557.06,111.59,167.02,206.99,91.86,150.66,273.2,121.85,193.83,294.65,3143.6,1665.87,468.72,80.5,243.03,1030.89,386.56,237.85,286.88,441.75,207.71,101.92,3560.24,233.81,142.84,135.56,39.39,55.75,98.04,275.38
20261008,10:08:25,49452.89,44269.45,26702.1,17615.64,125.84,1890.21,491.71,481.27,556.94,111.59,167.04,207.03,91.86,150.66,273.2,121.85,193.79,294.65,3143.65,1665.91,468.78,80.5,242.78,1031.04,386.55,237.87,286.88,441.75,207.59,101.92,3560.27,233.81,142.84,135.56,39.39,55.75,98.04,275.38
20261008,10:08:30,49454.86,44269.48,26711.05,17619.64,125.84,1890.21,492.25,481.27,556.94,111.59,167.04,207.04,91.86,150.66,273.2,121.85,193.76,294.65,3143.56,1665.78,468.72,80.5,243.05,1031.04,386.55,237.87,286.88,441.71,207.59,101.92,3561.98,233.81,142.85,135.58,39.39,55.75,98.04,275.38
20261008,10:08:35,49453.87,44269.27,26707.45,17618.0,125.84,1890.21,491.8,481.45,557.35,111.59,167.03,207.0,91.86,150.66,273.2,121.85,193.76,294.65,3143.58,1665.81,468.79,80.5,242.8,1031.03,386.52,237.87,286.97,441.71,207.59,101.92,3561.3,233.81,142.87,135.61,39.39,55.75,98.05,275.38
20261008,10:08:40,49455.77,44270.77,26708.9,17618.47,125.84,1890.21,491.78,481.53,557.59,111.6,167.02,206.96,91.86,150.66,273.2,121.85,193.76,294.65,3143.69,1665.9,468.79,80.5,242.78,1031.03,386.53,237.87,286.98,441.72,207.59,101.92,3561.63,233.81,142.87,135.61,39.39,55.75,98.05,275.3
20261008,10:08:45,49461.12,44275.64,26716.8,17626.43,125.84,1890.21,492.32,481.53,557.28,111.6,167.02,207.02,91.85,150.66,273.2,121.89,193.79,294.66,3143.89,1666.12,468.68,80.5,242.78,1030.93,386.52,237.87,286.99,441.7,207.59,101.92,3561.94,233.81,143.46,135.61,39.39,55.75,98.05,275.3
20261008,10:08:50,49454.2,44271.28,26709.63,17626.18,125.84,1890.21,492.32,481.54,557.29,111.6,167.02,207.02,91.85,150.45,273.2,121.89,193.79,294.65,3143.54,1665.96,468.79,80.5,242.67,1031.04,386.52,237.87,286.63,441.71,207.59,101.92,3559.76,233.81,143.46,135.61,39.39,55.75,98.06,275.3
20261008,10:08:55,49456.16,44273.16,26709.23,17625.61,125.84,1890.21,492.24,481.66,557.29,111.6,167.01,207.01,91.84,150.45,273.2,121.87,193.83,294.65,3143.71,1666.09,468.81,80.51,242.67,1030.99,386.52,237.87,286.63,441.71,207.59,101.92,3559.8,233.81,143.46,135.6,39.39,55.75,98.07,275.3
20261008,10:09:00,49412.87,44230.24,26708.97,17622.85,125.84,1890.21,491.7,481.59,557.29,111.6,167.02,207.05,91.84,150.45,273.2,121.99,193.83,294.65,3140.32,1663.46,468.68,80.53,242.8,1031.01,386.52,237.87,286.63,441.76,207.64,101.92,3560.46,233.81,143.46,135.61,39.39,55.73,98.07,275.3
20261008,10:09:05,49451.55,44270.66,26702.29,17624.27,125.97,1891.63,491.77,481.58,557.23,111.59,167.03,207.05,91.85,150.24,273.2,121.99,194.12,294.68,3143.54,1665.84,468.66,80.53,242.75,1031.03,386.51,237.87,286.94,441.76,207.63,101.92,3557.99,233.81,143.46,135.61,39.39,55.73,98.07,275.31
20261008,10:09:10,49458.64,44273.47,26718.11,17628.78,125.97,1891.63,492.32,481.8,557.16,111.59,167.07,207.07,91.88,150.45,273.08,121.98,194.12,294.68,3143.66,1665.74,468.58,80.5,243.0,1031.59,386.52,237.87,286.9,441.78,207.61,101.92,3561.71,233.81,143.46,135.65,39.39,55.73,98.07,275.31
20261008,10:09:15,49461.47,44276.12,26717.23,17627.4,125.84,1891.63,492.32,481.8,557.16,111.59,167.07,207.06,91.88,150.24,273.08,121.84,194.12,294.66,3143.9,1665.87,468.81,80.5,243.11,1031.42,386.55,237.87,286.89,441.82,207.61,101.97,3561.81,233.81,143.46,135.65,39.39,55.75,98.07,275.3
20261008,10:09:20,49457.1,44271.5,26716.14,17624.95,125.84,1891.9,491.78,481.8,557.47,111.61,167.07,207.07,91.88,150.24,272.94,121.84,194.08,294.66,3143.59,1665.75,468.7,80.51,243.11,1031.15,386.54,237.87,286.89,441.82,207.66,101.97,3562.13,233.81,143.46,135.65,39.39,55.73,98.07,275.32
20261008,10:09:25,49413.3,44231.41,26712.59,17629.52,125.97,1891.9,492.32,481.93,557.54,111.61,167.08,207.0,91.9,150.45,272.82,121.84,194.08,294.66,3140.25,1663.36,468.59,80.52,242.86,1031.28,386.54,237.87,286.58,441.82,207.61,101.97,3559.78,233.81,143.46,135.65,39.39,55.73,98.07,275.32
20261008,10:09:30,49414.88,44232.84,26711.95,17628.42,125.84,1890.48,492.32,482.09,557.62,111.61,167.04,206.96,91.88,150.45,272.82,121.84,194.08,294.66,3140.39,1663.48,468.69,80.52,242.78,1031.19,386.86,237.87,286.57,441.82,207.61,101.97,3559.88,233.81,143.46,135.63,39.39,55.73,98.07,275.3
20261008,10:09:35,49415.87,44233.47,26713.34,17628.92,125.84,1890.25,492.4,482.09,557.62,111.61,167.04,206.93,91.88,150.45,272.82,121.84,194.11,294.62,3140.43,1663.28,468.64,80.52,243.03,1031.31,386.85,237.87,286.89,441.86,207.61,101.97,3560.18,233.81,143.46,135.63,39.39,55.73,98.07,275.3
20261008,10:09:40,49455.09,44269.76,26720.19,17630.32,125.84,1890.25,492.58,482.24,557.59,111.61,167.04,206.93,91.88,150.24,272.82,121.84,194.11,294.62,3143.32,1665.77,468.59,80.52,242.93,1031.12,386.52,237.87,286.58,441.86,207.64,101.97,3561.94,233.81,143.46,135.63,39.39,55.73,98.07,275.32
20261008,10:09:45,49459.49,44274.04,26720.57,17630.76,125.84,1890.25,492.67,482.17,557.51,111.61,167.04,206.92,91.88,150.24,272.82,121.86,194.11,294.62,3143.66,1665.85,468.81,80.52,242.92,1031.42,386.52,237.87,286.58,441.85,207.64,101.97,3561.94,233.81,143.46,135.64,39.39,55.73,98.07,275.32
20261008,10:09:50,49454.02,44268.47,26722.1,17631.67,125.97,1890.25,492.67,482.17,557.51,111.61,167.07,206.93,91.91,150.24,272.82,121.86,194.16,294.62,3143.18,1665.59,468.78,80.55,243.22,1030.83,386.52,237.87,286.58,441.86,207.65,101.97,3562.17,233.81,143.46,135.63,39.38,55.73,98.07,275.32
20261008,10:09:55,49454.88,44269.27,26725.95,17636.0,125.9,1890.25,493.29,482.17,557.51,111.61,167.07,206.93,91.91,150.24,272.82,121.86,194.16,294.62,3143.15,1665.62,468.79,80.55,243.16,1030.65,386.51,237.87,286.63,441.92,207.64,101.97,3562.2,233.81,143.46,135.65,39.38,55.73,98.07,275.32
20261008,10:10:00,49413.29,44229.33,26723.81,17635.5,125.9,1890.25,493.18,482.17,557.51,111.61,167.07,206.94,91.91,150.24,272.82,121.87,194.24,294.62,3139.94,1663.28,468.51,80.52,242.98,1030.74,386.5,237.88,286.62,441.92,207.64,101.97,3561.66,233.9,143.46,135.65,39.39,55.73,98.07,275.32
20261008,10:10:05,49413.59,44229.21,26730.75,17642.11,125.9,1890.25,493.22,482.24,557.51,111.69,167.08,206.98,91.91,150.24,272.82,121.87,194.24,294.61,3139.77,1663.14,468.61,80.57,242.8,1030.41,386.52,237.88,286.88,441.95,207.75,101.97,3562.04,233.9,144.05,135.65,39.39,55.73,98.07,275.32
20261008,10:10:10,49417.88,44233.35,26734.9,17646.76,125.9,1890.25,493.77,482.32,557.62,111.69,167.08,206.96,91.91,150.24,272.82,121.87,194.24,294.59,3139.99,1663.25,468.41,80.54,243.17,1030.53,386.52,237.88,286.88,441.96,207.77,101.97,3562.07,233.85,144.05,135.65,39.39,55.74,98.07,275.34
20261008,10:10:15,49417.45,44233.34,26733.85,17646.94,125.84,1890.25,493.87,482.32,557.47,111.69,167.07,206.93,91.91,150.24,272.82,121.87,194.24,294.66,3139.99,1663.32,468.52,80.54,243.46,1030.49,386.48,237.88,286.44,441.94,207.77,101.97,3561.7,233.85,144.05,135.65,39.39,55.74,98.07,275.36
20261008,10:10:20,49418.42,44233.94,26731.08,17642.56,125.84,1890.25,493.25,482.6,557.47,111.7,167.09,206.98,91.91,150.24,272.82,121.85,194.24,294.66,3140.14,1663.31,468.57,80.53,243.46,1030.37,386.5,237.88,286.8,441.94,207.75,101.97,3562.02,233.83,144.05,135.65,39.39,55.74,98.07,275.36
20261008,10:10:25,49414.14,44229.8,26732.16,17643.93,125.84,1890.19,493.51,482.58,557.47,111.68,167.08,206.97,91.91,150.03,272.82,121.97,194.29,294.66,3139.77,1663.32,468.57,80.53,243.1,1030.22,386.43,237.88,286.48,441.94,207.75,101.97,3561.99,233.83,144.06,135.63,39.39,55.74,98.07,275.06
20261008,10:10:30,49416.07,44230.83,26735.88,17645.35,125.84,1891.61,493.52,482.5,557.48,111.68,167.07,206.93,91.91,150.24,272.82,121.97,194.33,294.66,3139.82,1663.2,468.66,80.54,243.11,1030.21,386.43,237.88,286.79,441.89,207.74,101.97,3562.76,233.83,144.05,135.63,39.39,55.74,98.07,275.34
20261008,10:10:35,49417.2,44231.52,26739.01,17647.57,125.84,1893.02,493.7,482.42,557.48,111.68,167.07,206.96,91.91,150.24,272.82,121.97,194.37,294.66,3139.82,1663.14,468.73,80.53,243.37,1030.1,386.43,237.91,286.79,441.89,207.78,101.97,3563.14,233.83,144.05,135.63,39.39,55.74,98.07,275.35
20261008,10:10:40,49415.46,44229.79,26740.8,17649.51,125.97,1891.6,494.18,482.5,557.48,111.68,167.07,206.96,91.91,150.24,272.82,121.97,194.37,294.63,3139.64,1663.16,468.64,80.53,243.12,1030.31,386.44,237.91,286.48,441.89,207.63,101.97,3563.17,233.83,144.05,135.63,39.39,55.74,98.07,275.35
20261008,10:10:45,49458.96,44272.11,26740.29,17648.69,125.97,1891.6,494.16,482.71,557.48,111.68,167.1,206.92,91.93,150.03,272.82,121.85,194.21,294.6,3143.07,1665.71,468.77,80.53,243.37,1030.23,386.44,237.91,286.48,441.89,207.64,101.97,3563.23,233.83,144.05,135.63,39.39,55.74,98.07,275.35
20261008,10:10:50,49423.12,44236.59,26738.81,17645.01,125.97,1891.6,493.72,482.74,557.56,111.68,167.1,206.94,91.93,150.03,272.82,121.87,194.21,294.6,3140.29,1663.42,468.69,80.54,243.37,1030.34,386.43,237.91,286.83,441.89,207.64,101.97,3563.77,233.83,144.05,135.65,39.39,55.74,98.07,275.04
20261008,10:10:55,49414.89,44228.8,26734.2,17640.48,125.84,1891.6,493.08,482.71,557.56,111.68,167.1,206.94,91.93,150.24,272.82,121.87,194.21,294.56,3139.78,1663.41,468.61,80.54,243.19,1029.36,386.51,237.91,286.83,441.89,207.66,101.97,3563.56,233.83,144.05,135.65,39.39,55.76,98.07,275.04
20261008,10:11:00,49411.06,44225.13,26733.27,17639.6,125.84,1891.6,492.99,482.55,557.56,111.68,167.12,206.99,91.93,150.03,272.82,121.87,194.21,294.56,3139.5,1663.31,468.53,80.56,243.3,1029.43,386.5,237.91,286.48,441.89,207.66,101.97,3563.51,233.83,144.05,135.65,39.39,55.76,98.07,275.09
20261008,10:11:05,49417.53,44231.29,26730.78,17636.25,125.97,1891.6,492.44,482.68,557.56,111.65,167.1,206.97,91.92,150.03,272.82,121.87,194.21,294.55,3140.08,1663.39,468.55,80.55,243.05,1030.34,386.51,237.91,286.79,441.92,207.68,101.97,3563.64,233.83,144.05,135.65,39.39,55.78,98.07,275.08
20261008,10:11:10,49458.68,44272.05,26727.56,17634.77,125.97,1891.6,492.28,482.55,557.52,111.62,167.1,206.97,91.93,150.24,272.82,121.87,194.21,294.52,3143.4,1665.84,468.72,80.53,243.3,1030.33,386.51,237.91,286.78,441.92,207.67,101.97,3563.03,233.83,144.05,135.65,39.39,55.77,98.07,275.08
20261008,10:11:15,49415.3,44230.33,26726.74,17635.69,126.15,1893.02,492.29,482.47,557.48,111.54,167.1,206.94,91.93,150.03,272.82,121.87,194.17,294.75,3140.01,1663.28,468.61,80.55,243.17,1030.29,386.51,237.91,286.83,441.92,207.66,101.97,3562.53,233.83,144.05,135.65,39.39,55.77,98.07,275.1
20261008,10:11:20,49414.39,44229.45,26727.34,17636.37,126.02,1893.02,492.38,482.55,557.48,111.54,167.12,207.01,91.93,150.03,272.82,121.87,194.17,294.75,3139.93,1663.45,468.71,80.54,242.92,1030.3,386.52,237.91,286.38,441.93,207.67,102.0,3562.53,233.85,144.05,135.65,39.39,55.77,98.07,275.1
20261008,10:11:25,49416.03,44230.85,26732.9,17642.11,126.02,1893.02,493.0,482.67,557.47,111.54,167.12,207.01,91.93,150.03,272.82,121.86,194.21,294.74,3139.9,1663.33,468.82,80.54,242.92,1030.08,386.53,237.91,286.7,441.93,207.76,102.0,3562.71,233.85,144.05,135.64,39.47,55.77,98.07,275.1
20261008,10:11:30,49413.45,44228.33,26728.38,17636.9,125.96,1893.02,492.44,482.92,556.94,111.62,167.13,207.05,91.93,150.03,272.82,121.86,194.23,294.74,3139.82,1663.27,468.83,80.54,243.05,1029.95,386.52,237.91,286.7,441.93,207.78,102.0,3562.71,233.85,144.05,135.64,39.47,55.77,98.07,275.08
20261008,10:11:35,49412.01,44226.93,26731.38,17640.35,125.96,1893.02,493.0,483.07,556.63,111.62,167.13,207.05,91.93,150.03,272.82,121.87,194.19,294.74,3139.63,1663.25,468.83,80.51,242.85,1029.81,386.52,237.91,286.7,441.93,207.78,102.0,3562.71,233.85,144.06,135.64,39.47,55.77,98.07,275.12
20261008,10:11:40,49411.88,44226.85,26727.6,17636.19,125.96,1893.02,492.45,483.05,556.56,111.62,167.14,207.08,91.93,150.03,272.82,121.87,194.18,294.74,3139.72,1663.41,468.83,80.55,242.97,1029.83,386.52,237.91,286.34,442.02,207.78,102.0,3562.66,233.85,144.05,135.64,39.47,55.77,98.07,275.12
20261008,10:11:45,49409.47,44226.7,26721.36,17636.34,126.02,1893.41,492.48,483.04,556.56,111.62,167.09,206.97,91.92,150.03,272.82,121.87,194.18,294.74,3139.71,1663.4,468.82,80.51,242.86,1029.9,386.52,237.91,286.41,442.04,207.77,102.0,3560.67,233.92,144.06,135.63,39.47,55.77,98.07,275.12
20261008,10:11:50,49411.99,44228.94,26729.92,17645.49,126.02,1892.21,493.02,483.11,556.63,111.62,167.09,206.94,91.92,150.03,272.82,121.99,194.18,294.73,3139.67,1663.3,468.8,80.52,243.08,1029.91,386.52,237.91,286.41,442.01,207.77,102.0,3560.86,233.92,144.66,135.63,39.47,55.77,98.07,275.12
20261008,10:11:55,49412.72,44229.48,26732.36,17647.69,126.02,1892.21,493.44,483.1,556.63,111.54,167.09,206.96,91.92,150.03,272.82,121.87,194.18,294.73,3139.66,1663.34,468.7,80.51,243.08,1029.92,386.49,237.9,286.39,442.01,207.78,102.0,3561.03,233.92,144.65,135.63,39.47,55.77,98.07,275.12
20261008,10:12:00,49456.01,44271.0,26734.27,17647.68,126.02,1892.21,493.44,483.04,556.56,111.54,167.09,207.0,91.91,150.24,272.82,121.88,194.22,294.7,3143.0,1665.81,468.53,80.5,243.1,1030.41,386.43,237.65,286.4,442.01,207.78,102.0,3561.63,233.92,144.65,135.63,39.47,55.77,98.07,275.1
20261008,10:12:05,49453.4,44268.67,26733.13,17647.1,125.9,1892.21,493.43,482.97,556.55,111.54,167.08,206.97,91.91,150.24,272.82,121.88,194.22,294.68,3142.83,1665.81,468.61,80.54,242.75,1030.17,386.43,237.65,286.4,442.0,207.78,102.0,3561.43,233.92,144.65,135.63,39.47,55.77,98.07,275.1
20261008,10:12:10,49454.84,44270.72,26728.1,17643.47,125.96,1892.21,492.88,483.18,556.55,111.54,167.1,207.02,91.91,150.24,272.82,121.88,194.2,294.69,3143.08,1665.92,468.49,80.57,242.99,1030.24,386.76,237.65,286.4,442.01,207.77,102.0,3560.84,233.92,144.65,135.63,39.47,55.77,98.07,275.08
20261008,10:12:15,49449.7,44266.27,26730.04,17647.57,125.96,1893.63,493.42,483.1,556.55,111.54,167.08,206.98,91.91,150.03,272.82,121.88,194.2,294.69,3142.63,1665.8,468.52,80.55,242.99,1029.59,386.44,237.65,286.4,442.01,207.73,102.0,3560.34,233.92,144.65,135.64,39.47,55.81,98.07,275.15
20261008,10:12:20,49411.16,44228.71,26731.55,17649.3,125.96,1892.21,492.96,483.36,556.55,111.54,167.08,206.98,91.91,150.24,273.0,121.88,194.2,294.74,3139.56,1663.3,468.49,80.55,243.14,1029.49,386.45,237.65,286.71,442.04,207.73,101.99,3560.34,233.92,145.25,135.64,39.47,55.82,98.07,275.15
20261008,10:12:25,49415.1,44232.14,26734.24,17651.0,126.09,1893.63,493.43,483.28,556.55,111.54,167.09,206.99,91.91,150.24,273.0,121.88,194.2,294.76,3139.79,1663.4,468.5,80.55,242.89,1029.95,386.43,237.65,286.71,442.08,207.92,101.99,3560.72,233.99,144.65,135.64,39.47,55.84,98.07,275.15
20261008,10:12:30,49413.65,44230.85,26732.71,17649.64,126.09,1893.73,493.42,483.39,556.55,111.54,167.1,207.02,91.92,150.24,273.18,121.9,194.2,294.76,3139.72,1663.39,468.51,80.56,243.15,1029.96,386.44,237.65,286.41,442.12,207.76,101.99,3560.61,233.99,144.66,135.57,39.47,55.84,98.07,275.07
20261008,10:12:35,49414.11,44231.53,26732.49,17650.2,126.09,1893.73,493.51,483.39,556.56,111.54,167.1,207.01,91.92,150.24,273.18,121.88,194.2,294.79,3139.76,1663.35,468.49,80.55,243.15,1029.85,386.42,237.65,286.71,442.12,207.76,101.96,3560.39,233.99,144.66,135.57,39.47,55.84,98.07,275.07
20261008,10:12:40,49449.35,44265.42,26730.66,17646.57,126.09,1893.73,492.97,483.4,556.53,111.54,167.09,206.96,91.92,150.24,273.18,121.92,194.17,294.79,3142.58,1665.75,468.61,80.55,243.16,1029.39,386.42,237.65,286.4,442.19,207.76,101.98,3560.8,233.99,144.66,135.6,39.47,55.84,98.07,275.09
20261008,10:12:45,49415.36,44231.78,26731.57,17645.9,126.03,1893.73,492.87,483.27,556.53,111.54,167.1,207.01,91.92,150.24,273.18,121.94,194.2,294.76,3139.89,1663.43,468.61,80.56,243.16,1029.74,386.42,237.65,286.7,442.19,207.76,101.98,3561.27,233.99,144.66,135.6,39.47,55.86,98.07,275.09
20261008,10:12:50,49413.78,44230.18,26727.88,17641.44,126.16,1892.32,492.94,483.27,556.53,111.54,167.09,206.99,91.92,150.03,273.18,121.94,194.2,294.76,3139.86,1663.52,468.71,80.54,243.16,1029.74,386.46,237.65,286.38,442.18,207.8,101.98,3561.33,233.99,144.07,135.6,39.47,55.86,98.07,275.09
20261008,10:12:55,49418.74,44234.02,26735.04,17646.33,126.03,1893.73,492.77,483.38,556.56,111.54,167.09,206.98,91.92,150.24,273.18,121.94,194.2,294.76,3140.06,1663.49,468.76,80.54,243.27,1029.76,386.44,237.65,286.69,442.18,207.86,101.98,3562.23,233.99,144.66,135.6,39.47,55.85,98.07,275.12
20261008,10:13:00,49418.07,44233.95,26733.23,17646.22,126.03,1893.73,493.32,483.43,556.56,111.54,167.11,207.03,91.92,150.24,273.18,122.06,194.16,294.76,3140.05,1663.47,468.86,80.5,243.27,1029.77,386.44,237.65,286.69,442.18,207.83,101.98,3561.7,233.99,144.07,135.6,39.47,55.84,98.07,275.12
20261008,10:13:05,49416.29,44232.22,26738.33,17652.09,126.03,1893.73,493.39,483.51,556.87,111.54,167.12,207.03,91.93,150.24,273.18,122.06,194.16,294.76,3139.77,1663.39,468.95,80.5,243.27,1029.78,386.44,237.65,286.28,442.04,207.82,101.98,3561.7,234.02,144.66,135.57,39.47,55.84,98.07,275.1
20261008,10:13:10,49455.15,44270.17,26738.43,17652.51,126.03,1893.73,493.39,483.51,556.94,111.54,167.13,207.07,91.93,150.24,273.0,122.06,194.2,294.76,3142.82,1665.59,468.81,80.54,243.26,1029.89,386.68,237.65,286.59,442.04,207.82,101.98,3561.62,234.02,144.66,135.57,39.48,55.84,98.07,275.1
20261008,10:13:15,49453.41,44269.03,26736.28,17651.88,126.03,1893.73,493.47,483.51,556.82,111.54,167.12,207.05,91.93,150.24,273.0,121.94,194.19,294.76,3142.74,1665.74,468.75,80.52,243.25,1029.77,386.66,237.65,286.28,442.03,207.82,101.98,3561.11,234.02,144.66,135.56,39.48,55.85,98.07,275.13
20261008,10:13:20,49449.32,44265.04,26735.13,17650.56,126.09,1893.73,493.22,483.31,556.82,111.54,167.14,207.12,91.92,150.45,273.05,121.91,194.19,294.75,3142.45,1665.56,468.79,80.51,243.13,1029.71,386.66,237.65,286.29,442.03,207.82,101.98,3561.11,234.02,144.66,135.55,39.48,55.87,98.07,275.13
20261008,10:13:25,49448.31,44263.74,26733.75,17647.89,126.09,1893.73,492.68,483.32,557.18,111.54,167.14,207.14,91.92,150.45,273.05,121.89,194.19,294.75,3142.41,1665.59,468.79,80.51,243.0,1029.63,386.66,237.65,286.28,442.03,207.83,101.98,3561.41,234.02,144.66,135.55,39.48,55.88,98.07,275.15
20261008,10:13:30,49448.7,44264.12,26734.8,17649.1,126.15,1892.32,492.69,483.32,557.18,111.56,167.16,207.18,91.93,150.45,273.05,121.89,194.22,294.75,3142.42,1665.59,468.65,80.52,243.14,1029.72,386.67,237.65,286.24,442.05,207.97,101.98,3561.41,234.02,144.66,135.55,39.48,55.88,98.07,275.15
20261008,10:13:35,49459.97,44275.1,26736.43,17650.98,126.15,1893.73,492.84,483.32,557.18,111.56,167.18,207.19,91.95,150.45,273.05,121.87,194.22,294.75,3143.25,1665.67,468.64,80.51,243.14,1031.06,386.67,237.65,286.55,442.02,207.97,102.07,3561.41,234.02,144.66,135.58,39.48,55.86,98.07,275.15
20261008,10:13:40,49460.17,44275.88,26733.62,17649.71,126.15,1893.73,492.85,483.19,557.18,111.56,167.18,207.19,91.95,150.24,273.05,121.87,194.22,294.78,3143.35,1665.68,468.74,80.54,243.14,1031.11,386.65,237.65,286.55,442.02,207.85,102.11,3560.87,234.02,144.66,135.58,39.48,55.87,98.07,275.15
20261008,10:13:45,49417.91,44235.35,26732.47,17650.58,126.15,1893.63,492.76,483.4,557.18,111.56,167.17,207.15,91.95,150.24,273.05,121.87,194.22,294.79,3140.06,1663.31,468.78,80.5,243.14,1031.0,386.65,237.65,286.24,442.02,208.0,102.11,3560.28,234.02,144.66,135.57,39.48,55.87,98.07,275.15
20261008,10:13:50,49423.76,44240.43,26733.36,17649.49,126.15,1893.63,492.76,483.32,557.15,111.64,167.17,207.14,91.95,150.24,273.05,121.87,194.22,294.76,3140.5,1663.19,468.89,80.54,243.19,1031.76,386.65,237.65,286.56,442.03,207.89,102.14,3560.85,234.02,144.66,135.57,39.48,55.87,98.07,275.15
20261008,10:13:55,49422.26,44238.67,26736.36,17651.98,126.15,1893.63,493.03,483.24,557.22,111.64,167.16,207.12,91.95,150.24,273.05,121.87,194.22,294.74,3140.3,1663.19,468.85,80.54,243.19,1031.75,386.65,237.65,286.24,442.14,207.86,102.14,3561.11,234.02,144.66,135.77,39.48,55.87,98.07,275.15
20261008,10:14:00,49425.33,44241.24,26736.74,17650.98,126.15,1893.63,492.86,483.32,557.22,111.65,167.16,207.1,91.95,150.24,273.17,121.87,194.22,294.74,3140.53,1663.18,468.87,80.54,243.19,1031.85,386.65,237.65,286.58,442.17,207.86,102.14,3561.5,234.02,144.66,135.77,39.48,55.88,98.07,275.15
20261008,10:14:05,49420.63,44236.98,26736.75,17652.1,126.15,1892.21,493.02,483.41,557.22,111.65,167.18,207.16,91.95,150.04,273.17,121.87,194.22,294.74,3140.16,1663.08,469.03,80.53,243.06,1031.26,386.67,237.65,286.58,442.22,207.9,102.14,3561.2,234.02,144.66,135.77,39.48,55.88,98.07,275.15
20261008,10:14:10,49460.3,44276.07,26735.77,17652.38,126.21,1892.21,492.93,483.33,557.08,111.64,167.17,207.15,91.95,150.04,273.35,121.87,194.36,294.77,3143.3,1665.56,468.93,80.53,242.96,1031.29,386.67,237.65,286.57,442.23,207.9,102.11,3560.82,234.67,144.66,135.79,39.48,55.88,98.07,275.15
20261008,10:14:15,49459.02,44274.82,26735.69,17652.28,126.34,1892.21,493.02,483.33,556.77,111.64,167.17,207.12,91.95,150.04,273.35,121.87,194.32,294.77,3143.2,1665.56,468.93,80.53,242.84,1031.17,386.65,237.65,286.58,442.23,207.9,102.11,3560.82,234.67,144.66,135.79,39.48,55.88,98.07,275.16
20261008,10:14:20,49424.43,44240.88,26731.76,17646.99,126.4,1892.21,492.4,483.25,556.77,111.56,167.17,207.12,91.95,149.83,273.35,121.87,194.28,294.76,3140.59,1663.36,468.98,80.52,243.07,1031.5,386.65,237.65,286.58,442.23,207.86,102.11,3561.03,234.67,144.66,135.81,39.48,55.88,98.07,275.16
20261008,10:14:25,49421.29,44237.15,26734.37,17647.74,126.34,1893.63,492.4,483.12,556.81,111.64,167.17,207.12,91.95,150.04,273.35,121.86,194.25,294.76,3140.27,1663.22,468.97,80.52,242.82,1031.42,386.58,237.65,286.58,442.25,207.84,102.11,3561.64,234.67,144.66,135.81,39.48,55.89,98.07,275.16
20261008,10:14:30,49422.56,44237.84,26737.04,17648.97,126.47,1893.63,492.48,483.25,556.81,111.64,167.17,207.11,91.95,149.83,273.35,121.86,194.25,294.76,3140.3,1663.18,468.99,80.52,242.94,1031.48,386.55,237.65,286.58,442.26,207.87,102.11,3562.14,234.67,144.66,135.81,39.48,55.91,98.07,275.16
20261008,10:14:35,49425.97,44241.41,26739.5,17652.63,126.47,1892.21,492.95,483.14,556.75,111.56,167.16,207.1,91.95,150.04,273.35,121.86,194.11,294.76,3140.5,1663.34,468.9,80.52,243.01,1031.49,386.55,237.65,286.58,442.26,207.99,102.11,3561.92,234.67,144.66,135.81,39.48,55.91,98.07,275.17
20261008,10:14:40,49426.6,44243.24,26735.78,17652.43,126.34,1892.21,493.02,483.14,556.75,111.64,167.16,207.08,91.95,150.04,273.59,121.86,194.11,294.76,3140.65,1663.34,469.22,80.53,243.01,1031.49,386.55,237.65,286.58,442.28,207.91,102.11,3560.81,234.67,144.66,135.81,39.48,55.91,98.07,275.2
20261008,10:14:45,49426.11,44242.32,26737.79,17653.26,126.4,1893.63,493.03,483.01,556.75,111.64,167.16,207.09,91.95,150.04,273.59,121.86,194.25,294.76,3140.56,1663.35,469.09,80.52,242.77,1031.6,386.55,237.65,286.59,442.29,207.91,102.11,3561.21,234.67,144.67,135.81,39.48,55.91,98.06,275.2
20261008,10:14:50,49464.93,44280.49,26738.29,17654.99,126.47,1893.63,493.11,483.09,556.75,111.56,167.17,207.14,91.95,149.84,273.59,121.86,194.25,294.79,3143.59,1665.71,469.2,80.53,243.03,1031.59,386.58,237.65,286.27,442.28,208.05,102.11,3560.9,234.67,144.67,135.81,39.48,55.89,98.06,275.18
20261008,10:14:55,49462.63,44277.54,26736.49,17650.54,126.48,1893.63,492.58,483.01,556.89,111.56,167.19,207.16,91.95,150.05,273.59,121.87,194.18,294.79,3143.46,1665.7,468.9,80.53,243.03,1031.62,386.58,237.65,286.27,442.28,207.9,102.11,3561.54,234.67,144.67,135.81,39.48,55.89,98.06,275.18
20261008,10:15:00,49464.58,44279.05,26737.5,17650.38,126.35,1893.65,492.57,483.01,556.89,111.64,167.18,207.13,91.95,150.05,273.59,121.87,194.18,294.79,3143.59,1665.61,468.92,80.53,243.14,1031.67,386.57,237.65,286.58,442.29,207.91,102.11,3561.9,234.67,144.67,135.81,39.5,55.89,98.06,275.18
20261008,10:15:05,49465.25,44280.08,26741.2,17655.89,126.48,1893.65,493.15,483.16,556.93,111.8,167.19,207.17,91.95,150.05,273.59,121.87,194.22,294.79,3143.54,1665.67,469.1,80.52,243.02,1031.75,386.31,237.65,286.28,442.29,207.92,102.11,3561.56,234.67,144.67,135.81,39.5,55.88,98.06,275.18
20261008,10:15:10,49467.18,44281.58,26741.68,17655.2,126.54,1892.23,493.22,483.19,556.93,111.79,167.15,207.11,91.94,150.05,273.59,121.87,194.22,294.79,3143.68,1665.74,468.99,80.53,243.02,1031.54,386.31,237.65,286.59,442.29,207.92,102.11,3561.9,234.35,144.66,135.79,39.5,55.88,98.06,275.23
20261008,10:15:15,49429.3,44244.79,26743.85,17658.1,126.35,1892.0,492.7,483.23,556.93,111.79,167.15,207.11,91.93,150.27,273.59,122.0,194.22,294.79,3140.64,1663.19,468.99,80.55,243.02,1032.12,386.6,237.65,286.59,442.33,207.98,102.11,3561.79,234.35,145.26,135.79,39.5,55.88,98.06,275.55
20261008,10:15:20,49433.95,44246.86,26750.29,17657.26,126.35,1891.99,492.61,483.17,556.95,111.79,167.16,207.12,91.94,150.27,273.59,122.0,194.26,294.81,3140.83,1663.32,468.9,80.55,243.02,1032.63,386.6,237.65,286.27,442.34,207.91,102.11,3564.03,234.35,145.26,135.82,39.5,55.88,98.06,275.55
20261008,10:15:25,49475.66,44289.91,26742.69,17656.6,126.48,1891.99,492.61,483.17,556.92,111.79,167.17,207.13,91.95,150.27,273.59,122.0,194.22,294.81,3144.31,1665.86,468.97,80.55,243.02,1032.63,386.6,237.65,286.59,442.34,207.91,102.11,3561.83,234.35,145.26,135.82,39.5,55.88,98.06,275.22
20261008,10:15:30,49474.55,44289.31,26743.05,17658.6,126.35,1891.99,493.06,483.17,556.92,111.79,167.16,207.11,91.95,150.27,273.65,121.88,194.08,294.81,3144.22,1665.85,469.21,80.55,242.91,1032.3,386.6,237.65,286.57,442.34,207.92,102.11,3561.41,234.35,145.26,135.82,39.5,55.88,98.06,275.22
20261008,10:15:35,49471.74,44288.91,26737.14,17659.64,126.35,1893.4,493.15,483.17,556.92,111.8,167.17,207.14,91.95,150.05,273.65,121.88,194.08,294.81,3144.16,1665.73,469.02,80.54,243.13,1032.58,386.35,237.65,286.57,442.34,207.92,102.11,3559.28,234.35,145.26,135.82,39.5,55.88,98.06,275.22
20261008,10:15:40,49476.01,44288.8,26750.06,17660.21,126.36,1893.18,493.15,483.06,557.22,111.8,167.17,207.14,91.95,150.05,273.65,121.88,194.08,294.81,3144.14,1665.85,469.02,80.54,243.15,1032.55,386.35,237.65,286.26,442.36,207.89,102.11,3563.16,234.35,145.26,135.82,39.5,55.88,98.06,275.24
20261008,10:15:45,49473.7,44289.02,26739.03,17655.78,126.36,1891.64,492.61,483.08,557.2,111.88,167.16,207.11,91.95,150.05,273.65,121.88,194.08,294.81,3144.26,1665.85,469.12,80.54,242.9,1032.56,386.33,237.65,286.57,442.36,207.89,102.11,3560.92,234.35,145.26,135.82,39.5,55.88,98.06,275.24
20261008,10:15:50,49470.61,44286.4,26741.42,17659.84,126.36,1891.84,493.15,483.08,557.28,111.8,167.16,207.12,91.94,150.26,273.65,121.86,194.08,294.78,3143.95,1665.75,469.12,80.55,243.15,1031.9,386.32,237.65,286.57,442.36,207.87,102.11,3560.56,234.35,145.26,135.82,39.5,55.86,98.06,275.32
20261008,10:15:55,49428.32,44244.52,26744.87,17661.58,126.36,1891.84,493.24,483.21,557.36,111.89,167.17,207.13,91.95,150.26,273.65,121.86,194.08,294.78,3140.54,1663.29,469.06,80.56,243.14,1031.83,386.32,237.65,286.25,442.39,207.91,102.11,3561.17,234.35,145.26,135.82,39.5,55.86,98.06,275.32
20261008,10:16:00,49468.79,44284.27,26744.68,17662.4,126.36,1892.07,493.25,483.21,557.43,111.97,167.17,207.13,91.95,150.26,273.77,121.87,194.08,294.78,3143.72,1665.67,469.06,80.58,243.02,1031.71,386.34,237.65,286.57,442.39,207.91,102.11,3560.88,234.34,145.26,135.82,39.5,55.88,98.06,275.32
20261008,10:16:05,49467.08,44283.49,26738.72,17658.53,126.36,1892.07,492.71,483.13,557.43,111.97,167.16,207.12,91.95,150.47,273.77,121.87,194.08,294.78,3143.75,1665.68,469.05,80.58,242.9,1031.81,386.7,237.65,286.56,442.38,207.9,102.11,3560.07,234.34,145.26,135.82,39.5,55.88,98.06,275.32
20261008,10:16:10,49471.94,44288.2,26741.83,17662.01,126.36,1892.07,493.16,483.13,557.5,111.97,167.16,207.11,91.95,150.47,273.77,121.87,194.08,294.78,3144.05,1665.8,468.81,80.53,242.9,1032.52,386.66,237.65,286.56,442.38,207.9,102.11,3560.1,234.34,145.26,135.82,39.5,55.88,98.06,275.32
20261008,10:16:15,49468.57,44284.54,26740.77,17659.53,126.36,1892.07,492.71,482.88,557.73,111.97,167.17,207.14,91.95,150.48,273.77,121.87,194.08,294.78,3143.81,1665.63,468.79,80.53,243.14,1032.34,386.34,237.65,286.56,442.34,207.93,102.11,3560.44,234.34,145.25,135.82,39.5,55.88,98.06,275.32
20261008,10:16:20,49464.18,44278.44,26752.48,17666.94,126.36,1893.71,493.52,482.94,557.73,111.97,167.17,207.14,91.95,150.48,273.77,121.99,194.08,294.8,3143.14,1665.56,468.95,80.54,242.89,1031.4,386.28,237.79,286.24,442.34,207.93,102.11,3562.09,234.34,145.25,135.82,39.5,55.88,98.06,275.32
20261008,10:16:25,49470.03,44284.15,26748.15,17661.95,126.42,1893.71,492.95,482.82,557.73,111.97,167.16,207.1,91.95,150.27,273.77,121.99,194.08,294.81,3143.72,1665.75,468.95,80.53,243.11,1031.58,386.3,237.79,286.6,442.37,207.9,102.11,3562.09,234.34,145.25,135.82,39.5,55.88,98.06,275.24
20261008,10:16:30,49435.41,44250.04,26761.25,17675.8,126.36,1893.79,494.83,482.81,557.73,111.97,167.16,207.1,91.95,150.48,273.77,121.99,194.08,294.81,3140.64,1663.19,469.07,80.53,243.29,1031.77,386.3,237.79,286.66,442.38,207.9,102.11,3562.42,234.34,145.25,135.82,39.5,55.88,98.06,275.24
20261008,10:16:35,49478.96,44293.12,26758.06,17674.28,126.36,1893.79,494.93,483.02,557.73,112.05,166.96,207.1,91.79,150.48,273.77,121.87,194.08,294.81,3144.15,1665.71,469.08,80.54,243.38,1032.23,386.6,237.79,286.62,442.38,207.9,102.11,3561.84,234.34,145.25,135.9,39.49,55.88,98.06,275.25
20261008,10:16:40,49439.4,44255.0,26754.79,17671.95,126.36,1893.88,494.46,483.1,557.73,112.05,166.96,207.09,91.79,150.48,273.77,121.87,194.04,294.83,3141.13,1663.32,469.13,80.54,243.38,1032.38,386.6,237.79,286.62,442.38,208.01,102.11,3561.45,234.34,145.25,135.9,39.49,55.88,98.06,275.23
20261008,10:16:45,49436.31,44252.37,26759.65,17678.81,126.36,1893.88,495.19,483.38,557.49,112.03,167.15,207.06,91.95,150.48,273.77,121.87,194.04,294.83,3140.75,1663.26,469.07,80.54,243.2,1031.93,386.28,237.79,286.62,442.38,208.01,102.06,3561.11,234.34,145.25,135.9,39.49,55.88,98.06,275.23
20261008,10:16:50,49438.11,44254.65,26757.4,17677.99,126.36,1893.88,495.08,483.38,557.42,112.03,167.16,207.09,91.95,150.48,273.77,121.87,194.12,294.83,3140.96,1663.32,469.2,80.54,243.51,1032.08,386.31,237.79,286.41,442.38,208.02,102.06,3560.63,234.34,145.25,135.9,39.49,55.87,98.06,275.23
20261008,10:16:55,49439.14,44257.53,26748.88,17674.43,126.36,1893.88,494.54,483.26,557.41,112.03,167.16,207.08,91.95,150.48,273.77,121.87,194.12,294.83,3141.27,1663.38,469.14,80.55,243.51,1032.66,386.56,237.79,286.41,442.38,208.05,102.07,3558.94,234.34,145.25,136.0,39.49,55.87,98.06,275.23
20261008,10:17:00,49436.3,44256.81,26746.04,17678.03,126.36,1893.88,495.09,483.26,557.41,112.06,167.17,207.11,91.95,150.48,273.77,121.87,194.12,294.83,3141.13,1663.34,469.13,80.55,243.39,1032.62,386.28,237.79,286.4,442.4,207.99,102.07,3557.07,234.34,145.25,135.99,39.49,55.87,98.06,275.23
20261008,10:17:05,49477.25,44296.18,26745.0,17675.04,126.42,1893.88,494.56,483.26,557.41,112.06,167.18,207.15,91.95,150.48,273.77,121.99,194.12,294.83,3144.37,1665.71,469.03,80.55,243.52,1032.61,386.22,237.79,286.71,442.4,208.02,102.07,3557.56,234.34,145.25,135.83,39.49,55.87,98.06,275.23
20261008,10:17:10,49479.9,44299.76,26750.9,17685.18,126.41,1893.88,495.28,483.25,557.41,112.06,167.2,207.15,91.96,150.47,273.77,121.99,194.12,294.83,3144.42,1665.65,469.24,80.55,243.52,1032.68,386.22,237.79,286.71,442.4,208.02,102.07,3556.65,234.34,145.84,135.83,39.49,55.85,98.06,275.27
20261008,10:17:15,49482.36,44301.5,26749.73,17681.64,126.41,1893.51,494.84,483.25,557.41,112.06,167.21,207.19,91.97,150.26,273.77,121.99,194.12,294.78,3144.64,1665.79,469.23,80.55,243.76,1032.63,386.25,237.79,286.67,442.39,208.02,102.07,3557.24,234.34,145.84,135.87,39.49,55.85,98.06,275.27
20261008,10:17:20,49473.86,44293.72,26740.04,17672.18,126.41,1893.51,494.37,483.3,557.18,112.06,167.22,207.21,91.97,150.04,273.77,121.99,194.12,294.78,3144.25,1665.77,469.2,80.55,243.39,1032.12,386.25,237.79,286.67,442.36,207.98,102.07,3556.78,234.34,145.25,135.87,39.49,55.85,98.06,275.25
20261008,10:17:25,49480.54,44295.7,26758.59,17678.35,126.48,1892.09,494.45,483.46,557.1,112.06,167.21,207.17,91.97,150.27,273.77,122.13,194.12,294.76,3144.26,1665.79,469.09,80.54,243.46,1032.16,386.23,237.79,286.67,442.37,207.98,102.1,3560.9,234.34,145.84,135.88,39.49,55.85,98.06,275.32
20261008,10:17:30,49475.79,44291.29,26758.99,17679.56,126.54,1892.09,494.45,483.04,557.18,112.06,167.23,207.24,91.97,150.27,273.77,122.17,194.12,294.76,3143.87,1665.78,468.9,80.56,243.22,1032.19,386.23,237.79,286.26,442.38,207.97,102.1,3560.7,234.34,145.84,135.86,39.49,55.85,98.06,275.6
20261008,10:17:35,49479.23,44294.26,26760.29,17679.79,126.54,1892.09,494.54,483.03,557.1,111.98,167.23,207.24,91.97,150.3,273.77,122.17,194.12,294.76,3144.11,1665.78,469.12,80.55,243.47,1032.18,386.23,237.79,286.35,442.38,207.97,102.1,3561.04,234.34,145.84,135.86,39.49,55.85,98.06,275.6
20261008,10:17:40,49435.85,44254.79,26753.04,17680.78,126.54,1892.09,494.7,483.03,557.03,111.98,167.24,207.27,91.97,150.3,273.77,122.18,194.12,294.75,3140.9,1663.23,469.14,80.56,243.22,1032.22,386.19,237.79,286.66,442.38,207.97,102.1,3558.51,234.34,145.84,135.86,39.5,55.84,98.06,275.6
20261008,10:17:45,49436.8,44255.96,26752.42,17680.92,126.67,1892.09,494.7,483.03,557.03,111.98,167.24,207.27,91.97,150.08,273.77,122.18,194.12,294.75,3140.99,1663.36,469.08,80.54,243.58,1032.2,386.19,237.79,286.36,442.4,207.97,102.1,3558.28,234.34,145.84,135.86,39.5,55.84,98.06,275.6
20261008,10:17:50,49477.34,44292.84,26758.08,17678.65,126.54,1892.13,494.54,483.11,557.03,111.98,167.23,207.25,91.97,150.3,273.77,122.06,194.09,294.75,3144.02,1665.85,468.98,80.52,243.33,1032.08,386.17,237.79,286.35,442.38,207.97,102.1,3560.66,234.34,145.84,135.89,39.5,55.84,98.06,275.5
20261008,10:17:55,49439.82,44256.7,26756.39,17678.1,126.54,1891.9,494.36,483.29,557.12,111.98,167.23,207.24,91.97,150.3,273.77,122.06,194.09,294.74,3141.12,1663.32,469.09,80.5,243.55,1032.72,386.17,237.79,286.35,442.4,208.01,102.1,3560.28,234.34,145.84,135.89,39.5,55.84,98.06,275.5
20261008,10:18:00,49480.51,44296.46,26757.22,17679.43,126.54,1891.9,494.37,483.55,557.12,111.98,167.23,207.22,91.97,150.3,273.77,122.18,194.09,294.73,3144.29,1665.83,469.09,80.47,243.29,1032.53,386.13,237.88,286.57,442.49,208.01,102.1,3560.19,234.34,145.84,135.9,39.5,55.84,98.06,275.5
20261008,10:18:05,49477.72,44293.97,26759.33,17682.62,126.54,1891.9,494.91,483.57,557.12,111.98,167.21,207.21,91.97,150.3,273.77,122.07,194.09,294.8,3144.01,1665.79,469.08,80.47,243.19,1032.49,386.14,237.88,286.26,442.56,207.98,102.15,3559.98,234.34,145.84,135.91,39.5,55.84,98.06,275.55
20261008,10:18:10,49481.32,44296.82,26760.71,17682.01,126.54,1891.9,494.83,483.57,557.12,111.98,167.21,207.21,91.96,150.3,273.77,122.07,194.09,294.8,3144.26,1665.72,469.1,80.47,243.53,1032.95,386.13,237.88,286.28,442.54,207.97,102.15,3560.57,234.34,145.84,135.91,39.5,55.84,98.06,275.56
20261008,10:18:15,49436.01,44252.63,26760.9,17682.09,126.54,1891.9,494.75,483.44,557.11,111.98,167.2,207.17,91.96,150.3,273.77,122.19,194.24,294.8,3140.7,1663.36,468.88,80.47,243.53,1031.98,386.13,237.99,286.26,442.54,207.97,102.15,3560.61,234.34,145.84,135.91,39.5,55.84,98.06,275.56
20261008,10:18:20,49472.24,44287.53,26761.06,17680.93,126.41,1893.32,494.66,483.45,557.03,112.07,167.19,207.14,91.96,150.3,273.77,122.04,194.24,294.8,3143.54,1665.64,468.94,80.47,243.29,1031.87,386.13,237.99,286.27,442.55,208.01,102.15,3560.98,234.34,145.83,135.9,39.5,55.84,98.06,275.58
20261008,10:18:25,49476.56,44291.49,26761.81,17680.94,126.54,1893.32,494.57,483.49,557.03,112.07,167.2,207.18,91.96,150.09,273.77,122.04,194.24,294.8,3143.85,1665.75,469.26,80.47,243.18,1032.06,386.13,237.99,286.26,442.55,208.05,102.15,3561.21,234.34,145.83,135.9,39.5,55.84,98.06,275.59
20261008,10:18:30,49438.63,44254.79,26760.96,17680.84,126.54,1893.32,494.58,483.49,557.11,112.07,167.2,207.18,91.96,150.29,273.77,122.04,194.24,294.8,3140.9,1663.23,469.27,80.47,243.54,1032.07,386.15,237.99,286.57,442.54,208.01,102.13,3560.97,234.34,145.83,135.86,39.5,55.83,98.06,275.59
20261008,10:18:35,49435.15,44253.79,26748.2,17674.19,126.41,1891.9,494.49,483.49,557.03,111.99,167.19,207.14,91.96,150.27,273.77,122.06,194.24,294.8,3140.98,1663.23,469.05,80.47,243.54,1032.46,386.15,237.99,286.58,442.54,208.01,102.13,3558.79,234.34,145.23,135.88,39.5,55.83,98.06,275.6
20261008,10:18:40,49474.58,44291.45,26746.32,17669.43,126.54,1891.9,493.79,483.23,557.11,112.07,167.18,207.12,91.96,150.27,273.77,122.06,194.24,294.79,3144.13,1665.7,469.05,80.48,243.18,1032.65,386.15,237.99,286.58,442.54,208.0,102.13,3559.49,234.34,145.23,135.88,39.5,55.83,98.06,275.58
20261008,10:18:45,49434.98,44252.18,26747.34,17668.33,126.54,1891.9,493.7,483.36,557.11,111.99,167.18,207.12,91.96,150.07,273.77,122.06,194.24,294.79,3140.99,1663.4,469.08,80.48,243.19,1032.63,386.14,237.99,286.26,442.54,208.01,102.13,3560.11,234.34,145.23,135.88,39.5,55.83,98.06,275.56
20261008,10:18:50,49433.95,44251.76,26745.6,17668.29,126.41,1891.9,493.7,483.23,557.11,112.07,167.17,207.08,91.96,150.29,273.77,122.06,194.27,294.79,3140.96,1663.3,468.99,80.48,243.44,1032.73,386.15,237.99,286.26,442.52,208.01,102.13,3559.57,234.34,145.23,135.88,39.5,55.83,98.06,275.59
20261008,10:18:55,49431.5,44249.9,26744.21,17668.46,126.41,1891.9,493.6,483.49,557.03,112.08,167.19,207.11,91.97,150.29,273.77,122.18,194.27,294.79,3140.8,1663.22,468.93,80.47,243.18,1032.52,386.16,237.99,286.58,442.51,208.01,102.13,3559.1,234.34,145.23,135.85,39.5,55.83,98.06,275.58
20261008,10:19:00,49432.4,44251.75,26741.51,17668.59,126.54,1891.9,494.15,483.46,557.04,112.08,167.17,207.09,91.96,150.07,273.59,122.18,194.27,294.79,3140.95,1663.22,468.97,80.48,243.43,1032.58,386.16,237.99,286.58,442.51,208.12,102.14,3558.21,234.34,144.64,135.83,39.5,55.83,98.06,275.58
20261008,10:19:05,49471.88,44289.96,26741.84,17668.1,126.41,1891.9,493.59,483.48,557.08,112.08,167.17,207.09,91.96,150.06,273.59,122.06,194.27,294.79,3144.04,1665.69,468.94,80.46,243.44,1032.74,386.16,237.99,286.28,442.52,208.12,102.14,3558.45,234.34,145.23,135.8,39.5,55.83,98.06,275.58
20261008,10:19:10,49472.83,44290.89,26747.19,17674.26,126.41,1893.54,494.22,483.32,557.31,112.08,167.18,207.09,91.96,150.06,273.59,122.06,194.27,294.79,3143.97,1665.67,468.94,80.47,243.55,1032.54,386.16,237.99,286.28,442.54,208.12,102.14,3558.45,234.34,145.25,135.78,39.5,55.83,98.15,275.58
20261008,10:19:15,49473.03,44291.62,26746.76,17675.57,126.43,1893.54,494.31,483.32,557.3,112.08,167.17,207.05,91.96,150.27,273.59,122.06,194.31,294.79,3143.99,1665.69,468.94,80.48,243.43,1032.62,386.16,237.99,286.28,442.54,208.12,102.14,3557.96,234.34,145.25,135.79,39.5,55.85,98.34,275.58
20261008,10:19:20,49437.25,44256.64,26747.83,17676.43,126.43,1893.54,494.33,483.31,557.3,112.08,167.17,207.05,91.96,150.27,273.59,122.06,194.46,294.79,3141.15,1663.5,468.95,80.45,243.38,1032.65,386.16,237.99,286.33,442.58,208.18,102.14,3558.06,234.35,145.25,135.78,39.5,55.83,98.34,275.58
20261008,10:19:25,49435.53,44254.83,26747.41,17675.49,126.43,1893.65,494.25,483.31,557.3,112.0,167.18,207.09,91.96,150.27,273.59,122.06,194.31,294.79,3141.03,1663.28,469.12,80.46,243.63,1032.62,386.16,237.99,286.33,442.49,208.18,102.1,3558.19,234.35,145.25,135.81,39.5,55.83,98.34,275.6
20261008,10:19:30,49436.49,44256.36,26753.22,17684.18,126.43,1893.65,494.78,483.28,557.3,112.08,167.19,207.15,91.96,150.27,273.59,122.06,194.31,294.79,3140.95,1663.19,469.12,80.45,243.26,1032.63,386.4,237.99,286.63,442.49,208.17,102.1,3557.65,234.35,145.84,135.81,39.5,55.81,98.35,275.58
20261008,10:19:35,49478.48,44296.91,26759.32,17689.99,126.43,1893.65,495.12,483.29,557.3,112.0,167.19,207.15,91.96,150.06,273.59,122.06,194.31,294.79,3144.07,1665.67,469.05,80.48,243.5,1032.61,386.4,237.99,286.32,442.49,208.17,102.1,3557.97,234.35,146.43,135.81,39.5,55.81,98.35,275.27
20261008,10:19:40,49479.45,44297.81,26757.57,17687.84,126.56,1893.65,495.02,483.31,557.3,112.0,166.99,207.15,91.8,150.27,273.59,122.06,194.31,294.79,3144.2,1665.63,469.12,80.49,243.26,1032.72,386.73,237.99,286.63,442.48,208.17,102.1,3558.01,234.35,146.43,135.81,39.5,55.81,98.35,275.27
20261008,10:19:45,49485.03,44303.38,26763.19,17694.71,126.56,1893.65,495.93,483.35,557.3,112.08,166.98,207.07,91.8,150.27,273.59,122.06,194.31,294.82,3144.48,1665.89,469.21,80.46,243.74,1032.63,386.73,237.99,286.23,442.53,208.17,102.1,3557.9,234.35,146.43,135.81,39.5,55.81,98.36,275.29
20261008,10:19:50,49489.07,44307.06,26762.29,17692.83,126.56,1893.65,495.46,483.42,557.25,112.0,167.17,207.07,91.96,150.06,273.59,122.06,194.31,294.83,3144.82,1665.88,469.45,80.47,243.56,1033.36,386.4,237.99,286.27,442.52,208.17,102.1,3558.13,234.35,146.43,135.81,39.5,55.81,98.36,275.29
20261008,10:19:55,49491.14,44309.66,26763.94,17696.69,126.43,1895.06,495.98,483.42,557.25,112.0,167.17,207.07,91.96,150.06,273.59,122.04,194.31,294.83,3144.94,1665.75,469.55,80.45,243.73,1033.4,386.4,237.99,286.57,442.53,208.17,102.1,3557.6,234.35,146.43,135.81,39.5,55.81,98.36,275.27
20261008,10:20:00,49486.63,44308.03,26758.39,17699.56,126.43,1895.06,495.81,483.42,557.25,112.0,167.17,207.08,91.96,150.27,273.59,122.04,194.31,294.82,3144.74,1665.76,469.56,80.46,243.2,1033.82,386.4,237.99,286.21,442.53,208.05,102.1,3555.09,234.35,147.02,135.81,39.5,55.81,98.36,275.36
20261008,10:20:05,49451.35,44272.69,26758.4,17696.35,126.43,1895.03,495.27,483.29,557.31,112.0,167.17,207.05,91.96,150.27,273.59,122.04,194.31,294.82,3141.97,1663.45,469.45,80.53,243.51,1033.7,386.15,237.99,286.52,442.47,208.05,102.12,3555.96,234.35,147.02,135.81,39.5,55.81,98.34,275.67
20261008,10:20:10,49446.12,44268.41,26751.46,17691.09,126.43,1895.03,495.18,483.42,557.17,112.0,167.16,207.04,91.96,150.06,273.59,122.16,194.31,294.83,3141.75,1663.36,469.36,80.53,243.26,1033.74,386.4,237.99,286.52,442.47,208.05,102.12,3555.22,234.35,146.43,135.81,39.5,55.81,98.34,275.65
20261008,10:20:15,49446.7,44268.24,26757.49,17695.56,126.43,1895.03,495.2,483.21,557.17,112.0,167.17,207.04,91.96,150.06,273.59,122.16,194.24,294.83,3141.63,1663.35,469.46,80.54,243.35,1033.69,386.4,237.89,286.2,442.46,208.16,102.12,3555.89,234.35,147.02,135.81,39.5,55.81,98.34,275.25
20261008,10:20:20,49454.19,44273.35,26765.16,17697.06,126.43,1895.03,495.65,483.13,556.98,111.99,167.16,207.01,91.96,150.06,273.59,122.15,194.24,294.83,3142.0,1663.37,469.56,80.56,243.49,1033.86,386.4,237.89,286.52,442.44,208.05,102.12,3557.88,234.35,147.02,135.81,39.5,55.83,98.34,275.27
20261008,10:20:25,49453.95,44273.53,26763.54,17696.58,126.43,1895.4,495.41,483.13,557.03,111.99,167.16,207.01,91.96,150.06,273.59,122.15,194.25,294.83,3142.03,1663.48,469.47,80.56,243.62,1033.53,386.4,237.89,286.52,442.44,208.16,102.12,3557.5,234.35,147.02,135.77,39.5,55.82,98.34,275.27
20261008,10:20:30,49447.69,44270.26,26750.55,17691.09,126.43,1893.98,494.87,483.13,556.8,111.99,167.14,207.01,91.95,150.06,273.59,122.15,194.25,294.84,3141.9,1663.38,469.55,80.52,243.8,1033.69,386.4,237.89,286.26,442.39,208.16,102.07,3554.93,234.35,147.02,135.77,39.5,55.84,98.34,275.27
20261008,10:20:35,49451.57,44271.52,26760.28,17693.85,126.43,1893.98,495.25,483.13,556.8,111.99,167.14,207.01,91.95,150.06,273.59,122.15,194.33,294.83,3141.93,1663.37,469.35,80.53,243.67,1034.1,386.4,237.89,286.27,442.39,208.16,102.07,3557.23,234.35,147.02,135.77,39.5,55.84,98.34,275.24
20261008,10:20:40,49456.86,44279.25,26747.92,17688.26,126.43,1893.61,495.25,483.21,556.83,111.99,167.15,207.03,91.95,149.85,273.59,122.03,194.33,294.83,3142.69,1663.42,469.71,80.55,243.92,1034.97,386.42,237.89,286.37,442.47,208.16,102.07,3554.88,234.35,146.43,135.77,39.5,55.84,98.34,275.22
20261008,10:20:45,49457.92,44280.19,26747.91,17687.97,126.43,1893.61,494.71,483.21,556.76,111.99,167.15,207.04,91.95,149.64,273.59,122.02,194.33,294.83,3142.78,1663.44,469.72,80.57,243.92,1035.02,386.42,237.89,286.42,442.47,208.17,102.04,3554.96,234.03,147.02,135.77,39.5,55.84,98.34,275.18
20261008,10:20:50,49458.74,44280.95,26748.52,17688.51,126.43,1893.61,494.78,483.34,556.76,111.99,167.15,207.01,91.95,149.64,273.59,122.03,194.33,294.82,3142.82,1663.44,469.81,80.59,243.82,1035.09,386.4,237.89,286.43,442.49,208.17,102.04,3555.0,234.03,147.02,135.77,39.5,55.84,98.34,275.18
20261008,10:20:55,49454.87,44277.55,26743.23,17683.67,126.43,1895.03,494.62,483.26,556.76,112.07,167.15,207.03,91.95,149.85,273.59,122.03,194.31,294.79,3142.67,1663.43,469.49,80.63,243.63,1035.13,386.15,237.89,286.48,442.56,208.17,102.04,3554.66,234.03,146.43,135.77,39.5,55.84,98.34,275.18
20261008,10:21:00,49457.98,44276.93,26762.47,17693.6,126.43,1895.03,495.23,483.25,556.76,112.07,167.15,207.04,91.95,149.64,273.59,122.15,194.46,294.81,3142.38,1663.29,469.55,80.63,243.82,1034.63,386.17,237.89,286.48,442.56,208.17,102.04,3557.98,234.03,147.02,135.77,39.5,55.84,98.34,275.18
20261008,10:21:05,49459.77,44279.41,26761.62,17695.06,126.43,1895.03,495.31,483.33,556.86,112.07,167.15,207.01,91.95,150.06,273.59,122.15,194.46,294.81,3142.54,1663.29,469.75,80.63,243.83,1034.79,386.2,237.89,286.48,442.53,208.18,102.04,3557.31,234.03,147.02,135.77,39.5,55.84,98.34,275.16
20261008,10:21:10,49462.4,44282.01,26752.71,17684.95,126.43,1893.61,494.77,483.25,556.81,111.99,167.15,207.03,91.95,149.85,273.59,122.15,194.46,294.79,3142.99,1663.45,470.11,80.67,244.08,1034.78,386.19,237.89,286.44,442.54,208.18,102.04,3557.28,234.03,146.43,135.77,39.5,55.84,98.34,275.16
20261008,10:21:15,49506.31,44324.93,26752.27,17684.88,126.43,1893.61,494.69,483.25,556.81,112.07,167.15,207.01,91.95,150.07,273.59,122.15,194.46,294.81,3146.45,1665.95,470.13,80.65,244.19,1035.21,386.18,237.89,286.43,442.5,208.18,102.04,3557.16,234.03,146.43,135.77,39.5,55.84,98.34,275.16
20261008,10:21:20,49507.93,44326.1,26758.18,17690.3,126.43,1893.61,495.39,483.18,556.86,112.07,167.15,207.01,91.95,150.08,273.59,122.15,194.46,294.81,3146.42,1665.86,470.17,80.65,243.76,1035.35,386.16,237.89,286.73,442.51,208.18,102.04,3557.53,234.03,146.43,135.77,39.5,55.85,98.34,275.16
20261008,10:21:25,49500.89,44319.39,26752.96,17684.78,126.43,1893.61,494.76,483.18,556.86,112.07,167.13,206.97,91.95,150.08,273.59,122.03,194.46,294.83,3146.01,1665.78,470.17,80.66,244.07,1034.72,386.16,237.89,286.43,442.51,208.18,102.04,3557.4,234.03,146.43,135.77,39.5,55.85,98.34,275.16
20261008,10:21:30,49498.07,44318.86,26743.83,17681.73,126.43,1893.61,494.21,483.18,557.17,112.07,167.14,207.0,91.95,150.08,273.59,122.01,194.48,294.84,3146.04,1665.83,470.12,80.72,244.18,1034.51,386.16,237.91,286.43,442.51,208.18,102.04,3555.38,234.03,146.43,135.77,39.5,55.85,98.34,275.12
20261008,10:21:35,49500.58,44320.97,26744.81,17681.72,126.43,1893.61,494.21,483.19,557.24,112.07,167.12,206.96,91.95,150.08,273.59,122.02,194.48,294.83,3146.21,1665.72,470.01,80.71,244.2,1034.94,386.15,237.91,286.75,442.5,208.18,102.07,3555.68,234.03,146.43,135.77,39.5,55.84,98.34,275.12
20261008,10:21:40,49499.3,44319.35,26746.01,17681.85,126.43,1893.61,494.05,483.19,557.23,112.07,167.12,206.96,91.95,150.08,273.59,122.04,194.46,294.83,3146.08,1665.75,469.89,80.75,243.83,1034.85,386.15,237.91,286.79,442.5,208.21,102.07,3556.03,234.03,146.43,135.79,39.5,55.84,98.34,275.42
20261008,10:21:45,49500.06,44320.1,26744.7,17680.41,126.43,1893.61,494.5,483.33,557.29,112.07,167.13,206.97,91.95,150.08,273.59,122.02,194.5,294.82,3146.17,1665.68,469.96,80.74,244.08,1035.01,386.16,237.91,286.79,442.5,208.18,102.07,3556.01,234.03,145.84,135.79,39.5,55.84,98.34,275.42
20261008,10:21:50,49500.17,44320.14,26745.35,17680.9,126.43,1893.61,494.34,483.08,557.52,112.08,167.12,206.95,91.95,150.08,273.59,122.02,194.51,294.8,3146.16,1665.54,469.96,80.75,244.01,1035.48,386.16,237.91,286.79,442.5,208.3,102.07,3556.08,234.03,145.84,135.79,39.5,55.86,98.34,275.42
20261008,10:21:55,49464.04,44285.29,26743.38,17679.81,126.43,1893.61,494.25,483.08,557.52,112.0,167.12,206.95,91.95,150.08,273.59,122.02,194.51,294.79,3143.38,1663.32,469.96,80.72,244.08,1035.69,386.16,237.91,286.8,442.5,208.3,102.07,3555.76,234.03,145.83,135.79,39.5,55.86,98.34,275.4
20261008,10:22:00,49455.03,44278.6,26737.87,17680.47,126.43,1893.61,494.34,483.07,557.52,112.0,167.12,206.96,91.94,150.08,273.59,122.02,194.51,294.79,3142.83,1663.18,470.1,80.73,243.83,1035.27,386.17,237.91,286.48,442.5,208.31,102.07,3553.86,234.03,145.83,135.8,39.5,55.85,98.34,275.4
20261008,10:22:05,49457.12,44278.7,26736.16,17672.02,126.43,1893.61,493.87,483.07,557.45,112.0,167.12,206.96,91.94,150.08,273.59,122.02,194.44,294.79,3143.04,1663.32,470.07,80.76,243.71,1035.42,386.17,237.91,286.48,442.5,208.31,102.07,3555.62,234.03,145.23,135.8,39.5,55.86,98.34,275.4
20261008,10:22:10,49454.04,44275.69,26742.8,17679.66,126.43,1893.84,494.34,483.07,557.31,112.0,167.12,206.97,91.94,150.08,273.59,122.02,194.44,294.78,3142.61,1663.18,470.11,80.76,243.82,1034.73,386.16,238.11,286.44,442.5,208.3,102.07,3555.62,234.03,145.83,135.8,39.5,55.85,98.34,275.4
20261008,10:22:15,49453.69,44275.1,26739.49,17675.0,126.43,1893.84,494.35,483.07,557.31,112.0,167.12,206.97,91.95,150.08,273.59,122.02,194.44,294.78,3142.68,1663.04,470.1,80.77,244.17,1034.87,386.16,238.11,286.53,442.5,208.31,102.07,3555.85,234.03,145.23,135.8,39.5,55.85,98.34,275.35
20261008,10:22:20,49460.18,44281.69,26739.1,17675.43,126.43,1893.84,494.33,482.93,557.44,112.0,167.13,206.99,91.94,150.08,273.59,122.02,194.44,294.78,3143.2,1663.26,470.08,80.77,243.93,1035.28,386.17,238.11,286.84,442.5,208.34,102.07,3555.61,234.03,145.23,135.76,39.5,55.85,98.34,275.35
20261008,10:22:25,49469.53,44287.38,26748.88,17675.25,126.56,1893.61,494.24,482.85,557.44,112.08,167.13,207.0,91.94,150.08,273.59,122.02,194.44,294.77,3143.66,1663.42,470.2,80.78,243.83,1035.95,386.17,238.11,286.75,442.52,208.34,102.07,3558.71,234.03,145.23,135.76,39.5,55.85,98.34,275.35
20261008,10:22:30,49469.86,44288.69,26747.02,17676.41,126.43,1893.61,493.78,482.93,557.44,112.0,167.13,207.01,91.94,150.08,273.59,122.02,194.47,294.75,3143.74,1663.33,470.2,80.78,244.05,1036.65,385.85,238.11,286.44,442.52,208.34,102.07,3557.82,234.03,145.83,135.76,39.5,55.85,98.34,275.44
20261008,10:22:35,49514.01,44331.92,26749.68,17680.18,126.43,1893.61,494.48,482.93,557.13,112.0,167.13,207.01,91.94,150.08,273.59,122.02,194.47,294.75,3147.13,1665.75,470.21,80.77,244.05,1036.86,385.84,238.11,286.75,442.52,208.31,102.07,3557.62,234.03,145.83,135.76,39.5,55.85,98.34,275.44
20261008,10:22:40,49503.26,44321.03,26754.62,17684.49,126.56,1893.61,494.57,482.93,557.13,112.0,167.13,207.02,91.94,150.08,273.59,122.02,194.47,294.75,3146.15,1665.76,470.21,80.78,243.81,1035.13,385.84,238.11,286.44,442.52,208.15,102.07,3558.0,234.03,146.42,135.76,39.5,55.85,98.34,275.44
20261008,10:22:45,49473.22,44292.03,26754.49,17685.22,126.43,1893.83,495.04,482.92,557.16,112.08,167.14,207.02,91.95,150.08,273.59,122.02,194.47,294.75,3143.8,1663.49,470.53,80.79,244.06,1035.89,386.17,238.11,286.45,442.52,208.3,102.07,3557.76,234.36,145.84,135.76,39.5,55.85,98.34,275.44
20261008,10:22:50,49475.61,44296.95,26751.88,17690.94,126.43,1893.83,495.3,482.92,556.86,112.08,167.14,207.01,91.95,150.08,273.59,122.02,194.47,294.74,3144.05,1663.55,470.54,80.78,244.17,1035.67,386.18,238.11,286.85,442.57,208.3,102.07,3555.39,234.36,146.43,135.77,39.5,55.85,98.34,275.44
20261008,10:22:55,49468.13,44292.16,26740.41,17686.06,126.43,1893.83,495.3,482.79,556.87,112.08,167.14,207.01,91.95,150.08,273.47,122.02,194.47,294.77,3143.79,1663.37,470.55,80.8,244.05,1035.67,386.19,238.11,286.84,442.59,208.29,102.07,3553.14,234.36,145.84,135.77,39.5,55.85,98.35,275.45
20261008,10:23:00,49476.17,44295.52,26757.42,17690.66,126.43,1893.83,495.31,482.76,556.87,112.08,167.13,206.98,91.95,150.08,273.47,122.0,194.47,294.78,3143.95,1663.55,470.46,80.8,244.05,1035.99,386.18,238.11,286.53,442.59,208.29,102.07,3557.2,234.31,146.43,135.77,39.5,55.85,98.35,275.45
20261008,10:23:05,49475.96,44295.1,26758.3,17690.97,126.43,1893.83,495.31,483.02,556.87,112.07,167.13,206.99,91.95,150.08,273.47,122.0,194.47,294.78,3143.9,1663.45,470.36,80.81,243.92,1036.41,386.17,238.11,286.54,442.59,208.29,102.07,3557.39,234.31,146.43,135.78,39.5,55.86,98.35,275.45
20261008,10:23:10,49513.52,44332.15,26748.61,17681.31,126.43,1895.25,494.68,483.02,556.87,112.08,167.14,207.02,91.95,149.86,273.47,122.0,194.47,294.79,3147.12,1665.86,470.36,80.77,244.17,1036.47,386.17,238.11,286.54,442.59,208.31,102.07,3556.98,234.33,145.84,135.78,39.5,55.86,98.35,275.15
20261008,10:23:15,49521.51,44339.53,26759.28,17692.21,126.56,1895.25,495.47,483.02,556.85,112.0,167.14,207.0,91.95,150.08,273.59,122.0,194.47,294.8,3147.45,1665.97,470.34,80.79,244.05,1036.59,386.19,238.11,286.85,442.59,208.3,102.07,3557.36,234.33,146.43,135.75,39.5,55.86,98.35,275.17
20261008,10:23:20,49477.08,44298.65,26748.32,17687.7,126.43,1895.25,495.45,483.02,557.13,112.0,167.13,206.99,91.95,150.08,273.59,122.0,194.33,294.81,3144.27,1663.52,470.34,80.74,244.08,1036.66,386.2,238.11,286.84,442.53,208.3,102.07,3555.16,234.33,145.84,135.76,39.5,55.86,98.35,275.2
20261008,10:23:25,49473.55,44295.84,26746.66,17687.91,126.43,1895.25,494.84,483.02,557.13,111.97,167.13,206.97,91.95,150.08,273.59,122.0,194.33,294.79,3144.04,1663.45,470.45,80.75,244.08,1036.77,386.2,238.11,286.39,442.55,208.3,102.07,3554.58,234.33,146.44,135.76,39.5,55.86,98.35,275.2
20261008,10:23:30,49476.87,44299.08,26749.81,17691.53,126.43,1895.25,495.38,482.68,557.13,111.97,167.13,206.98,91.95,150.08,273.59,122.0,194.33,294.82,3144.21,1663.57,470.45,80.75,244.08,1036.83,386.2,238.11,286.38,442.51,208.31,102.07,3554.58,234.33,146.44,135.76,39.5,55.86,98.35,275.2
20261008,10:23:35,49475.17,44297.69,26747.24,17689.46,126.43,1895.25,495.47,482.68,557.2,111.98,167.14,207.02,91.95,150.29,273.59,122.0,194.33,294.82,3144.15,1663.55,470.43,80.73,244.07,1036.8,386.18,238.11,286.38,442.51,208.44,102.07,3554.34,234.33,145.85,135.79,39.5,55.86,98.35,275.2
20261008,10:23:40,49475.69,44298.14,26751.18,17693.82,126.56,1895.25,495.4,482.68,557.2,111.98,167.14,207.01,91.95,150.08,273.59,122.0,194.33,294.82,3144.08,1663.6,470.44,80.71,243.79,1036.77,386.21,238.11,286.38,442.51,208.44,102.07,3554.39,234.33,146.44,135.8,39.5,55.86,98.35,275.2
20261008,10:23:45,49477.98,44299.96,26754.15,17695.84,126.56,1895.25,495.48,482.94,557.23,111.98,167.14,207.01,91.95,150.08,273.59,122.12,194.29,294.82,3144.18,1663.49,470.43,80.69,244.16,1036.66,386.22,238.11,286.69,442.5,208.48,102.07,3554.77,234.33,146.44,135.8,39.5,55.86,98.35,275.2
20261008,10:23:50,49519.99,44340.3,26756.65,17696.73,126.43,1895.25,495.72,482.68,557.23,111.98,167.14,207.01,91.95,150.08,273.59,122.12,194.29,294.81,3147.41,1666.02,470.44,80.69,244.16,1036.51,386.21,238.11,286.69,442.5,208.44,102.07,3555.31,234.33,146.44,135.81,39.54,55.86,98.35,275.2
20261008,10:23:55,49476.6,44299.03,26750.98,17693.59,126.43,1895.25,495.25,482.76,557.23,111.98,167.14,207.04,91.95,150.08,273.59,122.0,194.29,294.82,3144.16,1663.66,470.42,80.68,243.8,1036.43,386.21,238.08,286.69,442.5,208.44,102.07,3554.39,234.33,146.44,135.81,39.54,55.86,98.35,275.5
20261008,10:24:00,49476.24,44298.69,26753.6,17696.66,126.43,1895.25,495.71,482.68,557.23,111.98,167.14,207.02,91.95,149.86,273.59,122.0,194.29,294.81,3144.06,1663.55,470.42,80.7,243.82,1036.51,385.96,238.08,286.69,442.5,208.46,102.07,3554.38,234.31,146.44,135.82,39.54,55.86,98.35,275.49
20261008,10:24:05,49519.31,44340.88,26753.27,17697.02,126.43,1895.25,495.7,482.83,557.23,111.98,167.13,207.01,91.94,150.08,273.59,122.0,194.29,294.82,3147.45,1666.22,470.4,80.76,243.96,1036.54,385.94,238.08,286.38,442.5,208.46,102.07,3554.18,234.31,146.44,135.81,39.54,55.86,98.35,275.49
20261008,10:24:10,49520.83,44341.8,26757.01,17699.43,126.43,1893.83,495.54,482.76,557.23,111.98,167.14,206.98,91.95,149.86,273.59,122.0,194.29,294.82,3147.46,1666.23,470.26,80.76,244.07,1036.54,386.19,238.08,286.38,442.51,208.46,102.07,3554.69,234.31,147.03,135.8,39.54,55.85,98.35,275.41
20261008,10:24:15,49478.45,44300.49,26750.35,17691.75,126.43,1893.83,494.91,482.83,557.61,111.98,167.13,206.96,91.95,149.86,273.59,122.01,194.44,294.79,3144.32,1663.7,470.27,80.76,244.06,1036.47,386.2,238.08,286.7,442.52,208.49,102.07,3554.7,234.31,146.44,135.8,39.54,55.85,98.35,275.41
20261008,10:24:20,49478.63,44300.42,26751.39,17692.08,126.43,1893.85,495.08,482.83,557.7,111.98,167.13,206.96,91.95,149.86,273.59,122.01,194.44,294.79,3144.31,1663.68,470.26,80.77,244.06,1036.47,386.19,238.08,286.7,442.57,208.33,102.07,3554.93,234.31,146.44,135.81,39.54,55.85,98.35,275.44
20261008,10:24:25,49478.39,44300.4,26749.96,17691.17,126.43,1893.85,495.0,482.83,557.62,111.98,167.13,206.96,91.95,149.86,273.59,122.01,194.47,294.79,3144.33,1663.81,470.25,80.77,244.19,1036.43,386.19,238.08,286.39,442.55,208.33,102.07,3554.73,234.31,146.44,135.82,39.54,55.85,98.35,275.43
20261008,10:24:30,49483.37,44305.05,26755.83,17697.22,126.56,1893.85,495.08,482.96,557.62,111.98,167.13,206.95,91.95,149.86,273.59,122.03,194.47,294.76,3144.56,1663.85,470.4,80.77,244.19,1036.63,386.21,238.08,286.44,442.55,208.34,102.07,3554.92,234.31,147.03,135.82,39.54,55.86,98.35,275.43
20261008,10:24:35,49487.38,44305.48,26765.27,17696.5,126.43,1893.85,495.08,482.96,557.68,111.98,167.14,206.96,91.95,149.86,273.59,122.03,194.47,294.78,3144.61,1663.73,470.42,80.79,244.19,1036.63,386.21,238.08,286.75,442.55,208.29,102.07,3558.07,234.31,147.03,135.82,39.54,55.84,98.35,275.43
20261008,10:24:40,49482.32,44302.75,26754.81,17691.81,126.43,1892.44,495.09,482.96,557.64,111.9,167.15,206.98,91.96,149.86,273.59,122.03,194.49,294.93,3144.5,1663.84,470.33,80.76,243.93,1036.83,386.2,238.08,286.44,442.55,208.32,102.07,3556.07,234.31,146.44,135.82,39.54,55.84,98.35,275.43
20261008,10:24:45,49489.51,44307.39,26765.79,17696.52,126.43,1892.44,495.17,482.89,557.64,111.9,167.16,206.98,91.97,149.86,273.59,121.99,194.49,294.92,3144.76,1663.87,470.44,80.77,244.06,1036.7,386.2,238.08,286.76,442.52,208.27,102.07,3558.23,234.31,147.03,135.82,39.54,55.86,98.35,275.43
20261008,10:24:50,49523.38,44340.94,26759.62,17691.25,126.43,1892.44,495.08,482.81,557.64,111.9,167.15,206.94,91.97,150.08,273.59,121.99,194.49,294.93,3147.59,1666.11,470.47,80.76,244.07,1036.92,385.87,238.08,286.48,442.52,208.27,102.07,3557.73,234.31,146.44,135.82,39.54,55.86,98.35,275.43
20261008,10:24:55,49530.93,44348.48,26763.76,17696.61,126.43,1892.44,495.17,482.84,557.73,111.9,167.16,206.95,91.98,149.86,273.59,121.99,194.49,294.93,3148.07,1666.21,470.58,80.8,244.18,1036.98,386.38,238.08,286.8,442.49,208.27,102.04,3557.56,234.31,147.03,135.82,39.54,55.84,98.35,275.44
20261008,10:25:00,49527.59,44345.26,26764.49,17697.58,126.43,1892.44,495.96,482.84,557.73,111.9,167.17,206.95,91.98,149.86,273.59,121.99,194.49,294.93,3147.79,1666.12,470.58,80.8,243.95,1036.79,386.38,238.08,286.8,442.48,208.27,102.04,3557.53,234.31,146.44,135.81,39.54,55.84,98.35,275.42
20261008,10:25:05,49530.92,44348.88,26768.35,17703.28,126.43,1893.85,495.96,482.83,557.73,111.9,167.14,206.97,91.96,150.08,273.59,121.99,194.49,294.9,3147.94,1666.23,470.78,80.7,243.83,1036.97,386.71,238.08,286.7,442.48,208.32,102.04,3557.19,234.31,147.03,135.81,39.54,55.84,98.35,275.44
20261008,10:25:10,49528.71,44346.98,26769.62,17705.58,126.43,1893.85,496.43,482.83,557.43,111.9,167.14,207.03,91.95,150.08,273.59,121.99,194.34,294.91,3147.73,1666.04,470.79,80.7,244.21,1036.78,386.71,238.08,286.66,442.48,208.31,102.04,3556.96,234.31,147.04,135.81,39.54,55.84,98.35,275.44
20261008,10:25:15,49528.55,44346.83,26769.59,17705.57,126.43,1893.85,496.5,482.89,557.43,111.98,167.14,207.02,91.95,150.08,273.59,121.99,194.34,294.92,3147.72,1666.1,470.67,80.7,243.94,1036.85,386.65,238.08,286.7,442.41,208.34,102.04,3556.96,234.24,147.04,135.81,39.54,55.85,98.35,275.09
20261008,10:25:20,49526.06,44343.77,26771.84,17706.04,126.43,1893.85,496.58,482.97,557.43,111.98,167.15,207.02,91.96,149.86,273.59,121.99,194.31,294.92,3147.46,1666.04,470.53,80.74,243.94,1036.82,386.52,238.07,286.48,442.41,208.34,102.04,3557.53,234.24,147.04,135.81,39.54,55.85,98.35,275.09
20261008,10:25:25,49527.02,44344.71,26767.98,17701.6,126.43,1893.82,496.13,482.97,557.35,111.98,167.14,206.96,91.96,150.08,273.59,121.99,194.31,294.79,3147.65,1666.13,470.55,80.73,244.08,1036.84,386.52,238.07,286.48,442.41,208.3,102.04,3557.53,234.24,147.04,135.81,39.54,55.84,98.35,275.04
20261008,10:25:30,49520.6,44340.13,26763.15,17701.66,126.43,1893.82,496.13,482.89,557.35,111.9,167.15,206.96,91.97,150.08,273.59,121.99,194.34,294.85,3147.28,1666.05,470.64,80.66,244.19,1036.18,386.85,238.07,286.44,442.41,208.3,102.04,3556.0,234.24,147.04,135.81,39.54,55.84,98.35,275.04
20261008,10:25:35,49517.03,44339.22,26750.06,17695.17,126.43,1893.82,496.13,482.89,557.25,111.9,167.15,206.94,91.97,149.86,273.59,121.99,194.34,294.83,3147.36,1665.93,470.53,80.66,243.95,1036.98,387.0,238.07,286.48,442.41,208.2,102.04,3553.68,234.24,146.45,135.81,39.54,55.84,98.35,275.04
20261008,10:25:40,49525.08,44346.42,26756.1,17699.98,126.43,1892.4,496.13,483.05,557.25,111.9,167.15,206.94,91.97,150.09,273.59,121.99,194.34,294.83,3147.82,1666.13,470.64,80.68,243.97,1037.41,387.0,238.07,286.39,442.41,208.2,102.04,3554.26,234.24,147.04,135.81,39.54,55.84,98.35,275.09
20261008,10:25:45,49521.64,44342.95,26755.82,17699.26,126.43,1892.4,496.13,483.05,557.29,111.9,167.16,206.97,91.97,149.87,273.59,121.99,194.34,294.83,3147.56,1666.0,470.74,80.67,243.85,1036.81,386.99,238.07,286.7,442.41,208.62,102.04,3554.37,234.24,146.45,135.81,39.54,55.84,98.35,275.12
20261008,10:25:50,49483.14,44305.68,26758.13,17702.77,126.43,1892.39,496.05,483.05,557.36,111.9,167.15,206.94,91.97,150.09,273.59,121.99,194.34,294.83,3144.47,1663.58,470.63,80.67,244.09,1036.82,386.99,238.07,286.71,442.41,208.52,102.04,3554.14,234.24,147.04,135.71,39.54,55.84,98.35,275.13
20261008,10:25:55,49487.21,44310.23,26760.6,17707.57,126.43,1892.39,496.6,483.06,557.59,111.92,167.15,206.95,91.97,150.09,273.59,121.99,194.34,294.83,3144.72,1663.54,470.63,80.68,244.2,1037.41,386.99,238.07,286.71,442.4,208.53,102.04,3553.61,234.24,147.04,135.71,39.54,55.84,98.35,275.13
20261008,10:26:00,49488.68,44311.41,26761.62,17707.9,126.43,1892.39,496.52,483.09,557.6,111.92,167.15,206.95,91.97,150.09,273.59,121.97,194.34,294.84,3144.81,1663.63,470.72,80.66,243.96,1037.5,386.99,238.07,286.71,442.39,208.65,102.04,3553.84,234.24,147.04,135.7,39.54,55.83,98.35,275.13
20261008,10:26:05,49484.36,44306.87,26763.51,17708.96,126.43,1892.46,496.68,483.09,557.59,111.92,167.15,206.93,91.97,150.09,273.59,121.97,194.34,294.84,3144.42,1663.53,470.63,80.72,243.85,1037.38,386.97,238.07,286.4,442.38,208.65,102.04,3554.14,234.24,147.04,135.71,39.54,55.83,98.35,275.08
20261008,10:26:10,49529.67,44348.91,26765.71,17704.44,126.43,1892.46,496.05,482.98,557.59,111.99,167.15,206.93,91.97,150.09,273.59,121.97,194.37,294.83,3147.92,1665.98,471.3,80.68,244.08,1037.37,386.76,238.07,286.38,442.37,208.65,102.04,3556.05,234.24,147.06,135.71,39.54,55.82,98.35,275.06
20261008,10:26:15,49532.91,44351.87,26772.45,17711.5,126.43,1892.52,496.51,482.98,557.29,111.99,167.14,206.9,91.97,149.87,273.59,121.97,194.37,294.83,3147.98,1665.95,471.11,80.69,244.06,1037.38,386.77,238.07,286.69,442.37,208.65,102.04,3556.24,234.24,147.65,135.71,39.54,55.82,98.35,275.15
20261008,10:26:20,49531.62,44352.56,26761.86,17705.83,126.43,1892.51,495.88,482.98,557.29,111.99,167.14,206.9,91.97,150.09,273.59,121.98,194.37,294.82,3148.18,1666.08,471.17,80.67,244.18,1037.28,387.02,238.07,286.69,442.37,208.5,102.04,3554.47,234.24,147.65,135.71,39.54,55.82,98.35,275.15
20261008,10:26:25,49526.61,44347.3,26767.56,17711.14,126.43,1892.51,496.51,483.24,557.29,111.99,167.13,206.88,91.97,150.09,273.59,121.98,194.37,294.83,3147.63,1665.71,471.15,80.67,243.82,1037.53,387.0,238.07,286.65,442.37,208.47,102.04,3554.81,234.24,147.65,135.71,39.54,55.82,98.35,275.44
20261008,10:26:30,49526.6,44348.33,26764.69,17711.33,126.43,1892.51,496.42,483.24,557.67,111.99,167.13,206.88,91.97,149.87,273.59,121.98,194.37,294.83,3147.7,1665.65,471.15,80.67,244.18,1037.57,386.99,238.07,286.65,442.37,208.47,102.04,3553.86,234.24,147.64,135.71,39.53,55.82,98.35,275.44
20261008,10:26:35,49483.52,44306.11,26766.17,17712.24,126.43,1893.93,496.42,483.24,557.67,111.99,167.14,206.91,91.97,150.09,273.59,121.98,194.37,294.83,3144.28,1663.35,471.11,80.67,244.06,1037.08,386.99,238.07,286.34,442.37,208.47,102.04,3554.08,234.24,147.64,135.71,39.53,55.82,98.35,275.44
20261008,10:26:40,49527.21,44349.12,26764.02,17711.21,126.43,1892.51,496.33,483.24,557.63,112.02,167.13,206.89,91.97,150.09,273.59,121.98,194.37,294.83,3147.77,1665.86,471.06,80.66,243.81,1037.53,386.99,238.07,286.65,442.37,208.5,102.04,3553.69,234.24,147.64,135.71,39.53,55.82,98.35,275.44
20261008,10:26:45,49531.86,44352.51,26774.41,17719.33,126.43,1892.42,496.79,483.25,557.63,112.02,167.13,206.89,91.97,150.09,273.59,121.97,194.37,294.83,3147.85,1665.86,470.99,80.67,243.95,1037.65,386.99,238.07,286.64,442.37,209.01,102.02,3554.73,234.24,147.64,135.71,39.53,55.83,98.35,275.46
20261008,10:26:50,49534.4,44353.28,26776.61,17716.16,126.43,1892.42,496.7,483.25,557.4,112.02,167.14,206.89,91.97,150.09,273.59,121.97,194.39,294.83,3147.99,1665.98,470.98,80.66,244.08,1037.52,386.99,238.07,286.64,442.37,208.82,102.05,3556.28,234.24,147.64,135.71,39.53,55.83,98.36,275.44
20261008,10:26:55,49491.59,44312.28,26776.7,17718.66,126.43,1892.42,496.79,483.25,557.32,112.02,167.14,206.91,91.97,150.09,273.59,121.97,194.39,294.82,3144.62,1663.42,471.08,80.66,243.83,1037.53,386.99,238.07,286.64,442.37,209.03,102.05,3555.62,234.29,147.64,135.71,39.53,55.83,98.36,275.44
20261008,10:27:00,49495.26,44315.64,26770.72,17711.04,126.43,1892.42,496.24,483.17,557.32,112.02,167.13,206.88,91.97,150.09,273.59,121.97,194.39,294.82,3145.08,1663.62,471.18,80.66,244.08,1037.67,386.99,238.07,286.63,442.36,209.11,102.05,3555.82,234.57,147.06,135.71,39.53,55.83,98.36,275.44
20261008,10:27:05,49498.04,44318.04,26776.37,17716.55,126.43,1892.42,496.79,483.38,557.55,112.02,167.14,206.89,91.97,150.09,273.59,121.97,194.39,294.82,3145.14,1663.77,471.27,80.69,244.19,1037.15,386.74,238.07,286.63,442.36,209.15,102.05,3556.1,234.57,147.06,135.71,39.53,55.83,98.36,275.44
20261008,10:27:10,49490.35,44311.98,26770.52,17714.6,126.43,1892.42,496.8,483.18,557.52,112.02,167.15,206.94,91.97,150.09,273.59,121.97,194.39,294.82,3144.7,1663.56,471.24,80.66,243.95,1037.06,386.74,238.07,286.64,442.34,209.12,102.05,3554.8,234.24,147.04,135.71,39.54,55.83,98.36,275.14
20261008,10:27:15,49486.32,44309.91,26761.09,17709.94,126.43,1891.01,496.25,483.18,557.51,112.02,167.15,206.94,91.98,150.09,273.59,121.97,194.39,294.82,3144.64,1663.53,471.31,80.65,243.83,1037.06,386.75,238.07,286.64,442.34,209.12,102.05,3553.12,234.24,147.04,135.68,39.54,55.83,98.36,275.14
20261008,10:27:20,49484.89,44308.66,26761.11,17710.47,126.43,1891.01,496.25,483.17,557.46,112.02,167.14,206.9,91.97,150.3,273.59,122.01,194.39,294.83,3144.53,1663.45,471.31,80.66,243.96,1036.93,386.62,238.07,286.64,442.34,209.17,102.05,3552.98,234.24,147.04,135.68,39.5,55.82,98.36,275.14
20261008,10:27:25,49484.25,44308.27,26759.46,17709.34,126.43,1891.01,496.25,483.17,557.46,111.94,167.14,206.9,91.97,150.3,273.59,121.97,194.53,294.76,3144.52,1663.58,471.15,80.67,244.19,1036.48,386.62,238.07,286.63,442.37,209.1,102.05,3552.77,234.24,147.04,135.68,39.5,55.82,98.36,275.14
20261008,10:27:30,49474.1,44299.0,26754.87,17706.14,126.43,1891.01,496.0,483.04,557.54,111.94,167.14,206.91,91.97,150.3,273.59,121.97,194.39,294.76,3143.85,1663.55,471.06,80.66,244.01,1035.8,386.62,238.07,286.19,442.37,208.95,102.05,3552.2,234.24,147.04,135.7,39.5,55.83,98.36,275.14
20261008,10:27:35,49476.87,44298.91,26765.46,17708.98,126.56,1893.84,495.99,483.05,557.54,111.94,167.14,206.9,91.97,150.3,273.59,121.97,194.39,294.75,3143.78,1663.55,471.14,80.66,243.76,1035.78,386.62,238.07,286.19,442.38,209.09,102.05,3554.74,234.31,147.04,135.7,39.5,55.81,98.36,275.14
20261008,10:27:40,49475.36,44297.57,26759.84,17702.96,126.56,1893.84,496.0,483.05,557.53,111.96,167.14,206.89,91.97,150.3,273.59,121.97,194.39,294.75,3143.81,1663.54,471.07,80.66,243.89,1035.86,386.62,238.07,286.18,442.38,208.95,102.05,3554.62,234.31,146.46,135.7,39.5,55.81,98.36,275.14
20261008,10:27:45,49479.39,44300.93,26762.25,17703.83,126.43,1893.84,495.93,483.18,557.53,111.96,167.14,206.89,91.97,150.3,273.59,121.97,194.39,294.75,3144.06,1663.54,471.18,80.68,243.89,1035.91,386.61,238.05,286.49,442.38,209.1,102.08,3555.14,234.31,146.46,135.7,39.5,55.81,98.46,275.14
20261008,10:27:50,49477.23,44301.74,26757.68,17708.36,126.43,1893.84,495.92,483.18,557.53,111.94,167.14,206.89,91.97,150.3,273.59,121.97,194.39,294.75,3144.02,1663.54,471.07,80.71,243.83,1035.92,386.61,237.96,286.49,442.37,209.09,102.08,3552.48,234.31,147.06,135.7,39.5,55.81,98.46,275.1
20261008,10:27:55,49512.54,44337.97,26752.68,17708.68,126.43,1893.84,496.0,483.18,557.46,111.92,167.14,206.89,91.97,150.3,273.59,121.97,194.39,294.75,3146.93,1665.81,471.04,80.74,243.76,1035.83,386.89,237.96,286.5,442.38,209.09,102.08,3550.83,234.31,147.06,135.72,39.5,55.81,98.46,275.1
20261008,10:28:00,49472.53,44298.41,26749.45,17703.08,126.43,1893.84,496.55,483.1,557.46,111.92,167.13,206.88,91.97,150.09,273.59,122.09,194.37,294.76,3143.88,1663.44,471.18,80.69,243.83,1035.79,386.61,237.96,286.5,442.37,209.07,102.08,3551.34,234.31,145.87,135.73,39.5,55.81,98.46,275.04
20261008,10:28:05,49472.16,44296.83,26750.66,17700.34,126.43,1893.84,495.83,483.22,557.46,111.92,167.13,206.85,91.97,150.09,273.59,121.97,194.37,294.75,3143.82,1663.36,471.26,80.78,243.84,1035.65,386.62,237.96,286.49,442.37,208.9,102.08,3552.46,234.31,146.46,135.74,39.5,55.81,98.46,275.03
20261008,10:28:10,49515.24,44338.8,26748.52,17697.87,126.49,1893.84,495.75,483.22,557.46,111.92,167.13,206.85,91.97,150.09,273.59,121.99,194.25,294.76,3147.26,1665.93,471.26,80.79,243.85,1035.89,386.61,237.96,286.49,442.43,209.09,102.08,3552.46,234.31,145.87,135.74,39.49,55.81,98.46,275.33
20261008,10:28:15,49471.28,44296.13,26748.72,17698.65,126.49,1893.84,496.12,483.12,557.45,111.93,167.12,206.84,91.97,150.09,273.59,121.99,194.25,294.75,3143.8,1663.41,471.21,80.79,243.6,1036.13,386.61,237.96,286.17,442.43,208.9,102.08,3552.31,234.31,145.87,135.75,39.49,55.81,98.46,275.33
20261008,10:28:20,49470.86,44293.75,26746.7,17689.7,126.49,1893.84,495.5,483.02,557.37,111.93,167.12,206.82,91.97,150.09,273.59,121.99,194.43,294.74,3143.83,1663.4,471.21,80.8,243.73,1036.15,386.28,237.96,286.15,442.43,208.94,102.08,3554.11,234.31,145.28,135.79,39.49,55.81,98.46,275.33
20261008,10:28:25,49468.87,44291.2,26751.13,17692.77,126.49,1893.84,495.96,482.94,557.41,111.85,167.12,206.82,91.97,150.09,273.59,121.99,194.43,294.74,3143.55,1663.14,471.19,80.81,243.71,1035.9,386.27,237.96,286.47,442.39,208.95,102.08,3554.66,234.31,145.28,135.79,39.49,55.81,98.46,275.29
20261008,10:28:30,49469.54,44291.89,26747.7,17688.95,126.49,1893.84,495.48,482.94,557.41,111.85,167.12,206.82,91.97,150.09,273.59,121.97,194.29,294.74,3143.69,1663.35,471.09,80.81,243.46,1036.31,386.4,238.05,286.15,442.5,208.92,102.08,3554.63,234.31,145.28,135.79,39.49,55.82,98.46,275.29
20261008,10:28:35,49513.92,44334.53,26749.38,17688.88,126.49,1893.84,495.49,482.94,557.41,111.85,167.12,206.8,91.97,150.09,273.59,121.97,194.29,294.72,3147.13,1665.84,471.05,80.84,243.57,1036.31,386.41,238.05,286.47,442.49,208.92,102.08,3555.17,234.31,145.28,135.79,39.49,55.82,98.46,275.29
20261008,10:28:40,49471.07,44292.97,26752.59,17693.22,126.49,1893.84,495.4,482.81,557.07,111.85,167.11,206.78,91.97,150.09,273.59,121.97,194.25,294.76,3143.68,1663.31,471.17,80.81,243.57,1036.15,386.74,238.05,286.15,442.46,209.06,102.08,3555.0,234.31,145.87,135.8,39.49,55.84,98.46,275.29
20261008,10:28:45,49470.8,44293.09,26747.33,17688.43,126.49,1893.84,495.3,482.81,557.11,111.83,167.11,206.79,91.97,150.09,273.59,121.99,194.25,294.76,3143.8,1663.41,471.07,80.81,243.71,1035.69,387.0,238.05,286.47,442.4,209.12,102.08,3554.66,234.31,145.28,135.8,39.49,55.84,98.46,275.29
20261008,10:28:50,49512.56,44333.24,26747.27,17686.56,126.49,1892.42,495.32,482.94,557.12,111.91,167.11,206.77,91.98,150.09,273.59,121.98,194.25,294.76,3147.08,1665.89,471.18,80.84,243.71,1035.68,387.02,238.05,286.47,442.38,208.94,102.08,3555.14,234.31,145.28,135.81,39.49,55.84,98.46,275.29
20261008,10:28:55,49509.76,44331.3,26749.03,17691.23,126.55,1892.42,495.32,482.94,557.12,111.91,167.11,206.8,91.97,150.09,273.59,122.0,194.25,294.8,3146.82,1665.8,471.17,80.84,243.58,1035.46,387.03,238.05,286.47,442.37,208.89,102.05,3554.43,234.31,145.87,135.81,39.49,55.84,98.46,275.29
20261008,10:29:00,49470.79,44292.3,26752.24,17691.47,126.55,1892.42,495.32,482.81,557.23,111.91,167.13,206.8,91.99,149.87,273.59,122.0,194.25,294.79,3143.67,1663.41,471.13,80.82,243.82,1035.61,387.03,238.02,286.15,442.37,208.89,102.06,3555.36,234.31,145.87,135.81,39.49,55.84,98.46,275.32
20261008,10:29:05,49469.81,44291.92,26755.85,17697.53,126.55,1892.42,495.31,482.93,557.29,111.91,167.12,206.77,91.99,149.87,273.59,122.0,194.25,294.8,3143.49,1663.15,471.13,80.8,243.82,1035.61,387.03,238.02,286.47,442.38,209.01,102.06,3554.84,234.31,146.46,135.81,39.49,55.84,98.46,275.32
20261008,10:29:10,49470.85,44293.56,26758.36,17702.55,126.55,1892.42,495.77,483.08,557.29,111.91,167.13,206.8,91.99,149.87,273.59,122.0,194.25,294.8,3143.5,1663.2,471.01,80.79,243.82,1035.6,387.03,238.02,286.47,442.39,209.15,102.06,3554.27,234.31,146.46,135.81,39.49,55.84,98.46,275.32
20261008,10:29:15,49464.62,44287.49,26759.32,17703.65,126.55,1892.42,495.94,482.82,557.22,111.91,167.13,206.79,91.99,150.09,273.59,122.0,194.25,294.81,3142.99,1663.27,470.92,80.79,243.56,1034.59,387.0,238.02,286.42,442.39,209.16,102.06,3554.27,234.31,146.46,135.81,39.49,55.84,98.46,275.32
20261008,10:29:20,49463.99,44286.28,26759.71,17702.11,126.55,1892.42,496.03,482.8,556.99,111.91,167.14,206.81,91.99,149.87,273.59,122.0,194.25,294.83,3142.93,1663.32,470.85,80.79,243.71,1034.5,387.03,238.02,286.2,442.45,209.02,102.06,3554.81,234.31,146.46,135.82,39.49,55.84,98.46,275.32
20261008,10:29:25,49467.66,44290.08,26763.74,17707.51,126.49,1892.42,496.11,483.05,556.99,111.91,167.13,206.79,91.99,150.09,273.59,122.0,194.35,294.84,3143.1,1663.39,470.86,80.79,243.71,1034.31,387.03,238.02,286.51,442.44,208.98,102.06,3554.6,234.31,147.06,135.83,39.49,55.84,98.46,275.32
20261008,10:29:30,49466.5,44291.31,26758.52,17709.39,126.49,1892.42,496.11,483.19,556.99,111.92,167.16,206.83,92.0,150.09,273.59,122.0,194.35,294.83,3143.16,1663.46,470.84,80.79,243.71,1034.23,387.04,238.02,286.5,442.42,209.12,102.06,3552.46,234.31,147.07,135.83,39.49,55.84,98.46,275.33
20261008,10:29:35,49463.48,44288.58,26757.95,17709.44,126.49,1892.42,496.03,483.19,557.29,111.92,167.15,206.81,92.0,150.09,273.59,122.0,194.4,294.83,3142.93,1663.31,470.85,80.79,243.64,1034.21,387.04,238.02,286.51,442.36,209.09,102.06,3552.27,234.31,147.07,135.83,39.49,55.84,98.46,275.33
20261008,10:29:40,49465.64,44288.25,26765.81,17710.35,126.49,1892.42,496.11,483.19,557.3,111.92,167.15,206.8,92.0,150.09,273.59,122.0,194.4,294.83,3142.89,1663.33,470.81,80.7,243.82,1034.1,387.0,238.02,286.51,442.36,209.15,102.06,3554.48,234.31,147.06,135.83,39.49,55.84,98.46,275.31
20261008,10:29:45,49459.59,44284.58,26755.33,17705.74,126.49,1892.42,496.11,483.18,557.3,111.84,167.15,206.79,92.0,150.3,273.59,122.0,194.4,294.83,3142.7,1663.36,470.84,80.7,243.82,1033.93,387.0,238.02,286.2,442.36,209.15,102.06,3552.46,234.31,146.47,135.83,39.49,55.84,98.46,275.33
20261008,10:29:50,49468.46,44293.82,26758.29,17711.12,126.49,1892.42,496.28,483.18,557.31,111.84,167.11,206.66,92.0,150.09,273.59,122.0,194.44,294.84,3143.32,1663.48,470.98,80.7,243.57,1034.68,386.68,238.02,286.55,442.36,209.15,102.06,3551.92,234.31,147.06,135.82,39.49,55.84,98.46,275.34
20261008,10:29:55,49468.45,44290.54,26768.15,17711.53,126.62,1892.42,496.83,483.18,557.31,111.84,166.92,206.68,91.84,150.3,273.59,122.0,194.44,294.84,3143.04,1663.28,470.98,80.71,244.0,1034.66,386.65,238.02,286.24,442.36,208.97,102.06,3554.89,234.31,147.06,135.76,39.49,55.8,98.46,275.35
20261008,10:30:00,49507.93,44330.68,26758.4,17705.88,126.49,1892.42,496.28,483.05,557.08,111.84,166.91,206.65,91.84,150.3,273.59,122.0,194.44,294.84,3146.41,1665.74,470.97,80.7,243.89,1034.72,387.05,237.77,286.6,442.36,208.93,102.06,3553.38,234.38,147.06,135.76,39.49,55.8,98.46,275.33
20261008,10:30:05,49509.16,44331.01,26767.0,17712.91,126.62,1892.42,496.99,483.13,557.08,111.84,166.92,206.66,91.84,150.3,273.59,122.0,194.46,294.83,3146.27,1665.77,470.98,80.73,243.59,1034.61,387.06,237.77,286.49,442.36,209.08,102.06,3554.16,234.38,147.06,135.76,39.49,55.8,98.46,275.31
20261008,10:30:10,49512.24,44334.61,26769.53,17717.81,126.62,1892.42,497.7,483.22,557.22,111.84,166.92,206.64,91.84,150.3,273.59,122.0,194.46,294.83,3146.44,1665.87,470.99,80.74,243.69,1034.61,387.06,237.77,286.49,442.36,209.07,102.06,3553.62,234.38,147.06,135.76,39.49,55.8,98.46,275.02
20261008,10:30:15,49509.66,44332.34,26767.06,17715.77,126.62,1892.42,497.24,483.35,557.29,111.84,166.93,206.71,91.84,150.3,273.59,122.0,194.46,294.83,3146.31,1665.89,470.98,80.77,243.33,1034.51,387.0,237.77,286.49,442.37,209.18,102.06,3553.4,234.29,147.06,135.76,39.49,55.8,98.46,275.0
20261008,10:30:20,49512.06,44336.15,26764.68,17717.98,126.62,1892.42,497.25,483.22,557.29,111.84,166.93,206.71,91.84,150.3,273.59,122.0,194.46,294.83,3146.56,1665.95,471.2,80.77,243.58,1034.45,387.24,237.77,286.49,442.34,209.34,102.06,3552.06,234.29,147.06,135.76,39.49,55.8,98.46,275.29
20261008,10:30:25,49516.59,44337.74,26778.0,17723.85,126.62,1892.65,497.78,483.22,557.29,111.84,167.13,206.72,92.0,150.09,273.59,122.02,194.46,294.82,3146.55,1665.94,471.12,80.76,243.7,1034.46,387.23,237.77,286.49,442.34,209.34,102.06,3554.63,234.29,147.06,135.76,39.49,55.79,98.46,275.29
20261008,10:30:30,49513.65,44335.33,26776.53,17723.67,126.62,1892.65,497.79,482.89,557.21,111.83,167.14,206.75,92.0,150.3,273.59,122.02,194.46,294.82,3146.36,1665.88,471.03,80.74,243.7,1034.31,387.18,237.78,286.49,442.34,209.34,102.06,3554.21,234.29,147.06,135.76,39.49,55.79,98.46,275.3
20261008,10:30:35,49473.48,44296.58,26775.6,17723.91,126.62,1892.65,497.87,482.97,557.21,111.83,167.13,206.73,92.0,150.3,273.59,122.02,194.46,294.82,3143.23,1663.59,471.08,80.77,243.45,1034.05,387.18,237.78,286.5,442.35,209.29,102.06,3553.86,234.29,147.06,135.76,39.49,55.79,98.46,275.3
20261008,10:30:40,49471.45,44294.24,26773.11,17719.86,126.75,1892.65,497.33,482.97,557.18,111.83,167.13,206.73,92.0,150.3,273.59,122.02,194.46,294.82,3143.14,1663.56,470.94,80.78,243.7,1034.21,387.18,237.78,286.19,442.35,209.26,102.06,3554.18,234.29,147.06,135.74,39.49,55.79,98.46,275.31
20261008,10:30:45,49513.73,44335.42,26777.39,17724.71,126.62,1892.65,497.88,482.97,557.18,111.83,167.15,206.78,92.0,150.3,273.59,122.02,194.46,294.82,3146.34,1665.8,470.94,80.77,243.81,1034.42,387.2,237.77,286.5,442.34,209.38,102.06,3554.2,234.29,147.06,135.74,39.49,55.79,98.46,275.31
20261008,10:30:50,49515.49,44339.26,26770.87,17724.3,126.62,1892.65,497.79,482.97,557.18,111.83,167.16,206.76,92.02,150.3,273.59,122.02,194.46,294.82,3146.66,1666.0,471.04,80.76,243.81,1034.48,387.23,237.77,286.5,442.34,209.38,102.06,3552.27,234.29,147.06,135.74,39.49,55.79,98.46,275.3
20261008,10:30:55,49512.92,44336.37,26771.43,17723.69,126.62,1892.65,497.79,483.09,557.18,111.83,167.16,206.78,92.01,150.29,273.59,122.02,194.42,294.82,3146.44,1665.89,470.96,80.75,243.81,1034.44,386.98,237.77,286.5,442.34,209.31,102.06,3552.62,234.29,147.06,135.74,39.49,55.79,98.46,275.3
20261008,10:31:00,49514.39,44337.81,26771.26,17723.5,126.62,1892.65,497.79,483.09,557.23,111.83,167.16,206.76,92.02,150.29,273.59,122.02,194.42,294.82,3146.56,1665.99,471.1,80.76,243.68,1034.32,386.98,237.77,286.54,442.34,209.27,102.06,3552.62,234.29,147.06,135.74,39.49,55.79,98.46,275.3
20261008,10:31:05,49514.81,44338.4,26766.77,17718.92,126.62,1892.65,497.33,483.01,557.23,111.83,167.17,206.78,92.02,150.29,273.59,122.02,194.46,294.81,3146.72,1666.02,471.16,80.76,243.86,1034.45,386.97,237.77,286.5,442.35,209.13,102.06,3552.45,234.29,147.06,135.74,39.49,55.79,98.46,275.32
20261008,10:31:10,49509.07,44333.42,26766.1,17720.24,126.62,1892.65,497.34,483.01,557.23,111.83,167.17,206.81,92.02,150.5,273.59,122.0,194.46,294.81,3146.29,1665.72,471.0,80.78,243.88,1034.46,386.96,237.77,286.5,442.36,209.24,102.06,3551.89,234.29,147.06,135.74,39.49,55.79,98.46,275.32
20261008,10:31:15,49509.61,44333.65,26768.68,17722.2,126.62,1892.68,497.71,482.88,557.23,111.75,167.18,206.84,92.02,150.5,273.47,122.0,194.5,294.81,3146.26,1665.84,471.0,80.74,243.52,1034.42,386.99,237.77,286.49,442.37,209.21,102.06,3552.16,234.29,147.06,135.67,39.49,55.79,98.46,275.32
20261008,10:31:20,49512.63,44334.4,26772.63,17719.4,126.62,1892.68,497.25,483.14,557.23,111.75,167.18,206.84,92.02,150.5,273.47,122.0,194.5,294.8,3146.39,1665.89,471.0,80.77,243.88,1034.47,387.0,237.77,286.27,442.37,209.22,102.06,3554.15,234.29,147.06,135.67,39.49,55.82,98.46,275.32
20261008,10:31:25,49515.06,44336.56,26776.35,17722.98,126.62,1892.75,497.71,483.14,557.23,111.75,167.18,206.84,92.02,150.51,273.47,121.99,194.52,294.78,3146.48,1665.87,471.01,80.79,243.88,1034.35,386.98,237.77,286.54,442.34,209.25,102.06,3554.34,234.29,147.06,135.67,39.49,55.82,98.46,275.31
20261008,10:31:30,49515.62,44338.12,26769.75,17718.81,126.62,1892.75,497.16,482.91,557.25,111.75,167.18,206.83,92.02,150.51,273.47,121.99,194.52,294.77,3146.7,1666.03,471.03,80.79,243.63,1034.57,387.04,237.77,286.54,442.34,209.26,102.06,3553.41,234.29,147.06,135.67,39.49,55.82,98.46,275.31
20261008,10:31:35,49515.2,44337.19,26776.07,17724.31,126.62,1892.68,497.79,482.91,557.25,111.75,167.17,206.77,92.02,150.51,273.47,122.13,194.52,294.77,3146.49,1665.88,471.03,80.79,243.63,1034.58,387.04,237.77,286.52,442.34,209.26,102.06,3553.9,234.29,147.07,135.67,39.49,55.82,98.46,275.33
20261008,10:31:40,49517.41,44339.34,26775.77,17723.96,126.62,1892.68,497.71,483.04,557.25,111.75,167.17,206.78,92.02,150.51,273.47,122.13,194.52,294.77,3146.68,1665.99,471.04,80.77,243.63,1034.61,387.04,237.77,286.6,442.34,209.26,102.06,3553.9,234.3,147.08,135.67,39.49,55.82,98.46,275.33
20261008,10:31:45,49479.34,44304.77,26768.17,17723.67,126.62,1892.68,497.78,482.93,557.25,111.75,167.17,206.78,92.02,150.51,273.47,122.01,194.56,294.76,3143.9,1663.68,471.04,80.79,243.99,1034.77,387.04,237.77,286.6,442.34,209.26,102.06,3551.6,234.3,147.08,135.67,39.49,55.82,98.46,275.36
20261008,10:31:50,49477.42,44303.12,26768.09,17724.32,126.75,1892.68,497.78,483.09,557.26,111.75,167.18,206.81,92.02,150.51,273.47,122.01,194.56,294.76,3143.75,1663.62,470.93,80.8,243.87,1034.78,387.05,237.77,286.61,442.34,209.26,102.06,3551.4,234.3,147.08,135.67,39.49,55.82,98.46,275.34
20261008,10:31:55,49475.15,44300.47,26765.52,17719.9,126.62,1892.68,497.25,483.17,557.26,111.75,167.16,206.79,92.01,150.51,273.47,122.01,194.56,294.76,3143.64,1663.55,470.91,80.8,243.99,1034.67,387.05,237.77,286.61,442.34,209.26,102.06,3551.8,234.3,147.08,135.67,39.49,55.82,98.46,275.34
20261008,10:32:00,49472.34,44297.72,26765.32,17719.64,126.62,1892.68,497.16,483.17,557.26,111.83,167.17,206.82,92.01,150.51,273.47,122.01,194.56,294.79,3143.43,1663.56,470.9,80.81,243.88,1034.67,387.04,237.77,286.25,442.34,209.26,102.06,3551.81,234.3,147.08,135.67,39.49,55.82,98.46,275.34
20261008,10:32:05,49516.27,44340.54,26766.7,17721.27,126.62,1892.68,497.25,483.09,557.26,111.83,167.16,206.8,92.01,150.51,273.59,122.01,194.56,294.79,3146.84,1666.08,471.06,80.8,243.7,1034.59,387.07,237.77,286.57,442.34,209.36,102.06,3551.8,234.3,147.09,135.67,39.49,55.82,98.46,275.34
20261008,10:32:10,49517.73,44339.99,26768.48,17716.68,126.62,1892.68,496.54,483.08,557.46,111.83,167.16,206.8,92.01,150.51,273.59,122.01,194.56,294.78,3146.9,1666.19,470.94,80.78,243.7,1034.55,387.32,237.77,286.56,442.35,209.36,102.06,3553.59,234.3,147.09,135.66,39.49,55.82,98.46,275.34
20261008,10:32:15,49518.41,44340.97,26766.67,17715.68,126.68,1892.68,496.53,483.08,557.46,111.83,167.15,206.77,92.01,150.93,273.59,122.01,194.56,294.78,3147.01,1666.1,471.27,80.76,243.8,1034.67,387.31,237.77,286.56,442.29,209.22,102.06,3553.3,234.24,147.09,135.66,39.49,55.82,98.46,275.36
20261008,10:32:20,49479.3,44303.13,26765.8,17715.58,126.68,1892.68,496.54,483.08,557.46,111.83,167.16,206.81,92.01,150.72,273.59,122.0,194.56,294.78,3143.96,1663.69,471.27,80.75,243.98,1034.71,387.32,237.77,286.56,442.28,209.21,102.06,3553.06,234.24,147.09,135.66,39.49,55.82,98.46,275.38
20261008,10:32:25,49476.75,44300.99,26766.53,17717.58,126.67,1892.68,496.54,483.21,557.53,111.83,167.16,206.81,92.01,150.93,273.59,122.0,194.53,294.77,3143.74,1663.53,471.27,80.77,243.98,1034.66,387.27,237.77,286.57,442.28,209.36,102.06,3552.74,234.24,147.09,135.66,39.49,55.82,98.46,275.38
20261008,10:32:30,49472.22,44297.1,26760.14,17712.01,126.67,1892.68,495.84,483.08,557.46,111.83,167.15,206.77,92.01,150.93,273.59,122.01,194.53,294.78,3143.56,1663.43,471.38,80.77,243.98,1034.41,387.29,237.77,286.57,442.28,209.36,102.06,3552.26,234.24,147.1,135.66,39.49,55.8,98.46,275.41
20261008,10:32:35,49517.47,44340.62,26762.42,17712.69,126.8,1894.1,495.92,483.08,557.46,111.83,167.15,206.78,92.01,150.94,273.59,122.01,194.35,294.78,3147.05,1666.0,471.6,80.77,243.73,1034.39,387.29,237.77,286.88,442.4,209.25,102.06,3552.79,234.24,147.1,135.68,39.49,55.8,98.46,275.44
20261008,10:32:40,49474.79,44299.16,26761.64,17712.24,126.67,1894.1,495.91,483.0,557.46,111.83,167.16,206.79,92.01,150.94,273.59,122.01,194.35,294.78,3143.72,1663.52,471.6,80.77,243.86,1034.32,387.28,237.77,286.62,442.4,209.23,102.06,3552.66,234.24,147.1,135.68,39.49,55.82,98.46,275.44
20261008,10:32:45,49476.14,44299.7,26764.31,17712.7,126.67,1892.68,495.99,483.0,557.53,111.83,167.18,206.84,92.02,150.94,273.59,121.99,194.35,294.77,3143.75,1663.6,471.59,80.75,243.75,1034.31,387.27,237.77,286.62,442.4,209.23,102.06,3553.37,234.24,147.1,135.68,39.49,55.82,98.46,275.47
20261008,10:32:50,49472.23,44296.48,26758.19,17707.64,126.67,1892.68,495.91,483.13,557.53,111.83,167.17,206.8,92.02,151.15,273.59,121.99,194.31,294.78,3143.61,1663.52,471.48,80.76,243.87,1034.19,387.27,237.77,286.63,442.4,209.23,102.06,3552.83,234.2,146.5,135.68,39.49,55.82,98.46,275.47
20261008,10:32:55,49470.59,44294.88,26760.49,17710.29,126.67,1892.68,495.82,483.2,557.53,111.83,167.17,206.77,92.02,151.15,273.59,121.99,194.31,294.78,3143.42,1663.46,471.46,80.76,243.62,1034.16,387.25,237.77,286.64,442.4,209.09,102.06,3552.83,234.2,147.1,135.68,39.49,55.82,98.46,275.47
20261008,10:33:00,49473.69,44299.55,26760.02,17715.24,126.67,1892.68,496.52,483.33,557.46,111.84,167.17,206.79,92.02,151.15,273.59,121.99,194.27,294.78,3143.68,1663.65,471.46,80.75,243.87,1034.1,387.01,237.77,286.59,442.4,209.11,102.05,3551.34,234.2,147.09,135.68,39.49,55.8,98.46,275.47
20261008,10:33:05,49511.42,44337.14,26756.28,17713.68,126.67,1892.58,496.35,483.33,557.46,111.76,167.16,206.76,92.02,151.15,273.59,121.99,194.27,294.78,3146.75,1666.05,471.45,80.73,243.87,1034.16,386.98,237.77,286.5,442.41,209.11,102.05,3550.6,234.2,147.08,135.68,39.49,55.81,98.46,275.46
20261008,10:33:10,49470.81,44298.85,26752.64,17713.81,126.67,1892.58,496.35,483.33,557.45,111.76,167.16,206.76,92.02,151.15,273.59,121.99,194.41,294.79,3143.66,1663.66,471.55,80.74,243.87,1034.06,386.99,237.77,286.5,442.41,209.11,102.05,3549.43,234.2,147.08,135.66,39.49,55.81,98.46,275.46
20261008,10:33:15,49475.6,44299.79,26761.42,17711.45,126.73,1892.64,496.36,483.33,557.38,111.76,166.96,206.74,91.86,150.94,273.59,121.99,194.41,294.81,3143.79,1663.68,471.46,80.74,243.62,1034.19,387.01,237.77,286.82,442.42,209.11,102.05,3552.81,234.2,147.08,135.66,39.49,55.81,98.46,275.46
20261008,10:33:20,49471.59,44295.89,26757.3,17706.71,126.73,1892.64,495.72,483.33,557.45,111.84,166.94,206.69,91.86,151.15,273.59,121.99,194.45,294.81,3143.59,1663.66,471.35,80.77,243.8,1034.09,387.01,237.77,286.5,442.42,209.07,102.05,3552.81,233.88,147.08,135.69,39.49,55.81,98.46,275.47
20261008,10:33:25,49471.98,44296.55,26756.62,17706.89,126.6,1892.64,495.81,483.26,557.45,111.84,166.95,206.74,91.85,151.15,273.59,121.99,194.41,294.81,3143.64,1663.73,471.23,80.77,243.8,1033.76,386.68,237.77,286.82,442.42,209.07,102.05,3552.55,233.88,147.08,135.69,39.49,55.8,98.46,275.47
20261008,10:33:30,49469.65,44294.41,26755.45,17705.98,126.6,1892.87,495.81,483.26,557.38,111.84,166.96,206.76,91.86,151.15,273.71,121.87,194.41,294.81,3143.49,1663.67,471.14,80.75,243.8,1033.7,386.94,237.77,286.82,442.38,209.08,102.05,3552.43,233.88,147.08,135.69,39.49,55.8,98.46,275.45
20261008,10:33:35,49506.97,44330.73,26755.77,17706.15,126.6,1892.87,495.8,483.26,557.38,111.84,166.94,206.74,91.85,151.15,273.71,121.99,194.3,294.81,3146.41,1665.93,471.19,80.71,243.8,1033.71,386.94,237.77,286.81,442.38,209.07,102.05,3552.48,233.88,147.08,135.69,39.45,55.8,98.46,275.45
20261008,10:33:40,49508.15,44333.47,26752.39,17707.61,126.6,1892.87,495.8,483.13,557.84,111.84,166.94,206.73,91.85,151.15,273.71,121.99,194.35,294.81,3146.6,1666.02,471.38,80.71,243.57,1033.86,386.96,237.77,286.81,442.44,209.06,102.05,3551.03,233.88,147.08,135.69,39.45,55.8,98.46,275.45
20261008,10:33:45,49504.96,44330.69,26751.33,17707.48,126.75,1892.87,495.73,483.13,557.84,111.84,166.94,206.72,91.85,151.16,273.71,121.99,194.35,294.81,3146.37,1665.94,471.4,80.72,243.57,1033.86,386.7,237.77,286.59,442.44,209.06,102.05,3550.73,233.88,147.08,135.69,39.45,55.79,98.46,275.45
20261008,10:33:50,49506.62,44333.77,26750.92,17711.92,127.01,1892.87,496.36,483.26,557.84,111.84,166.74,206.72,91.69,150.95,273.71,121.99,194.35,294.81,3146.52,1665.97,471.42,80.72,243.8,1033.86,386.94,237.68,286.59,442.44,209.21,102.05,3549.4,233.88,147.08,135.69,39.45,55.79,98.46,275.45
20261008,10:33:55,49501.48,44329.29,26749.56,17712.13,127.07,1892.87,496.27,483.26,558.14,111.84,166.75,206.73,91.69,151.16,273.71,121.99,194.3,294.8,3146.15,1665.8,471.43,80.69,243.55,1033.85,386.94,237.68,286.55,442.44,209.14,102.05,3548.92,233.88,147.08,135.69,39.45,55.79,98.46,275.46
20261008,10:34:00,49496.4,44324.34,26745.26,17707.18,126.88,1892.87,495.72,483.18,558.14,111.84,166.75,206.73,91.69,151.16,273.71,121.97,194.3,294.79,3145.87,1665.85,471.3,80.71,243.43,1033.22,386.94,237.68,286.55,442.44,209.15,102.05,3548.92,233.88,147.08,135.69,39.45,55.79,98.46,275.4
20261008,10:34:05,49503.57,44329.37,26752.83,17709.33,126.88,1892.87,496.19,483.18,558.14,111.84,166.73,206.69,91.68,151.16,273.71,122.01,194.3,294.79,3146.22,1666.04,471.3,80.73,243.68,1033.3,386.46,237.68,286.55,442.47,209.0,102.05,3550.7,233.88,147.08,135.69,39.45,55.79,98.46,275.4
20261008,10:34:10,49461.5,44289.01,26748.94,17706.97,127.01,1891.45,495.74,483.18,558.14,111.84,166.73,206.69,91.68,151.16,273.71,122.01,194.3,294.8,3143.03,1663.55,471.3,80.73,243.79,1033.28,386.47,237.68,286.55,442.48,209.12,102.05,3550.13,233.88,147.08,135.69,39.45,55.79,98.46,275.4
20261008,10:34:15,49459.92,44287.28,26748.49,17705.83,127.01,1891.45,496.19,483.3,558.21,111.83,166.74,206.73,91.68,150.95,273.71,122.02,194.3,294.79,3142.92,1663.48,471.34,80.73,243.56,1033.27,386.47,237.68,286.64,442.4,209.14,102.05,3550.29,233.88,146.48,135.69,39.45,55.79,98.46,275.43
20261008,10:34:20,49464.24,44291.31,26754.3,17711.9,127.01,1891.45,496.28,483.3,558.32,111.83,166.75,206.74,91.69,150.94,273.71,122.02,194.3,294.8,3143.09,1663.52,471.19,80.7,243.56,1033.72,386.79,237.68,286.64,442.45,209.14,102.05,3550.46,233.88,147.09,135.69,39.45,55.8,98.46,275.45
20261008,10:34:25,49462.64,44289.93,26751.22,17708.97,127.01,1891.45,495.73,483.3,558.29,111.83,166.76,206.74,91.7,151.15,273.83,122.14,194.3,294.81,3143.05,1663.32,471.19,80.7,243.7,1033.71,386.79,237.68,286.95,442.44,209.14,102.05,3550.3,233.88,147.08,135.69,39.45,55.79,98.46,275.46
20261008,10:34:30,49462.61,44290.02,26749.53,17707.42,127.01,1891.45,495.74,483.14,558.3,111.83,166.76,206.74,91.7,151.15,273.83,121.91,194.3,294.84,3143.1,1663.25,471.4,80.69,243.58,1033.96,386.79,237.68,286.95,442.45,209.12,102.05,3550.19,233.88,147.08,135.69,39.45,55.79,98.46,275.49
20261008,10:34:35,49464.96,44292.36,26753.22,17711.83,127.01,1891.45,496.28,482.89,558.3,111.83,166.76,206.74,91.7,151.15,273.83,122.01,194.3,294.88,3143.18,1663.5,471.46,80.7,243.33,1033.56,386.46,237.68,286.95,442.44,209.12,102.05,3550.15,233.88,147.08,135.69,39.45,55.78,98.46,275.49
20261008,10:34:40,49461.81,44290.65,26744.85,17706.75,127.01,1891.45,495.74,482.89,558.3,111.83,166.76,206.74,91.7,150.94,273.83,122.01,194.3,294.87,3143.17,1663.57,471.34,80.7,243.33,1033.59,386.43,237.68,286.85,442.42,209.12,102.05,3548.91,233.88,147.09,135.69,39.45,55.78,98.46,275.19
20261008,10:34:45,49464.43,44292.41,26750.17,17710.23,126.88,1891.45,496.29,482.9,558.3,111.83,166.75,206.72,91.7,150.93,273.83,122.01,194.3,294.87,3143.22,1663.44,471.45,80.7,243.51,1033.72,386.43,237.68,286.95,442.42,209.12,102.05,3549.63,233.88,147.08,135.69,39.45,55.78,98.46,275.19
20261008,10:34:50,49469.86,44297.73,26749.44,17709.45,127.01,1891.45,496.2,482.77,558.3,111.75,166.75,206.73,91.69,150.93,273.83,122.01,194.28,294.87,3143.67,1663.63,471.45,80.69,243.76,1033.97,386.46,237.68,286.97,442.39,209.11,102.05,3549.61,233.88,147.08,135.69,39.45,55.78,98.46,275.18
20261008,10:34:55,49465.31,44293.26,26750.82,17710.94,127.01,1891.45,496.28,482.85,558.3,111.83,166.95,206.73,91.85,150.93,273.68,122.03,194.28,294.84,3143.28,1663.42,471.45,80.7,243.87,1033.9,386.47,237.68,286.7,442.34,208.98,102.05,3549.64,233.88,147.08,135.69,39.45,55.78,98.46,275.15
20261008,10:35:00,49465.87,44292.09,26751.75,17706.25,126.88,1891.45,495.73,482.69,558.3,111.83,166.94,206.74,91.85,150.93,273.68,122.03,194.28,294.77,3143.29,1663.53,471.26,80.71,243.99,1033.68,386.45,237.68,286.7,442.39,208.98,102.05,3551.2,233.88,147.08,135.69,39.45,55.78,98.46,275.15
20261008,10:35:05,49468.19,44294.12,26756.56,17711.01,127.07,1891.45,496.28,482.93,558.19,111.83,166.95,206.75,91.85,151.15,273.68,122.03,194.28,294.78,3143.34,1663.47,471.16,80.73,244.17,1033.86,386.45,237.68,286.71,442.39,208.98,102.09,3551.41,233.88,147.08,135.69,39.45,55.78,98.46,275.13
20261008,10:35:10,49464.33,44290.5,26752.76,17707.13,126.94,1891.45,495.65,482.93,558.2,111.83,166.95,206.76,91.85,151.15,273.68,122.15,194.28,294.77,3143.14,1663.41,471.27,80.73,243.92,1033.75,386.47,237.69,286.67,442.44,208.98,102.09,3551.28,233.88,147.08,135.69,39.45,55.8,98.46,275.13
20261008,10:35:15,49465.83,44291.51,26753.41,17706.38,127.07,1891.45,495.56,483.06,558.2,111.83,166.95,206.77,91.85,151.15,273.68,122.03,194.38,294.8,3143.24,1663.5,471.2,80.74,243.8,1033.87,386.47,237.69,286.67,442.44,208.98,102.09,3551.68,233.88,147.08,135.69,39.45,55.8,98.46,275.11
20261008,10:35:20,49464.35,44290.55,26752.66,17707.12,127.07,1891.45,495.64,483.06,558.2,111.83,166.94,206.74,91.85,151.15,273.68,122.03,194.38,294.8,3143.15,1663.41,471.1,80.75,243.8,1033.88,386.47,237.69,286.77,442.44,208.99,102.09,3551.25,233.88,147.09,135.69,39.45,55.8,98.46,275.11
20261008,10:35:25,49477.58,44304.4,26753.65,17711.46,127.07,1891.45,496.11,483.13,558.2,111.83,166.93,206.7,91.85,151.15,273.68,122.03,194.38,294.8,3144.16,1663.77,471.19,80.73,244.04,1034.87,386.47,237.71,286.78,442.39,209.11,102.09,3550.38,233.88,147.09,135.69,39.45,55.8,98.46,275.11
20261008,10:35:30,49477.89,44303.89,26755.27,17710.62,126.94,1891.45,496.28,483.13,558.15,111.83,166.94,206.72,91.85,151.15,273.68,122.0,194.42,294.79,3144.14,1663.78,471.09,80.73,244.09,1034.97,386.47,237.71,286.69,442.39,208.96,102.09,3551.11,233.88,147.09,135.69,39.45,55.8,98.46,275.11
20261008,10:35:35,49520.93,44345.59,26756.43,17711.15,126.94,1891.45,496.19,483.0,558.15,111.83,166.95,206.75,91.85,151.15,273.68,122.0,194.42,294.79,3147.49,1666.16,471.27,80.74,244.35,1035.14,386.46,237.71,286.68,442.38,208.96,102.09,3551.33,233.88,147.09,135.73,39.45,55.8,98.46,275.5
20261008,10:35:40,49523.06,44348.25,26752.76,17708.86,127.07,1891.45,495.65,482.92,558.14,111.83,166.94,206.73,91.85,151.15,273.68,122.0,194.42,294.78,3147.76,1666.31,471.36,80.72,244.36,1035.22,386.45,237.71,286.72,442.38,209.11,102.09,3550.81,233.88,147.09,135.73,39.45,55.8,98.46,275.52
20261008,10:35:45,49522.4,44347.4,26748.36,17703.11,126.94,1891.45,495.65,482.92,558.2,111.75,166.95,206.77,91.85,151.15,273.68,122.0,194.42,294.76,3147.83,1666.36,471.35,80.72,244.36,1035.18,386.7,237.57,286.73,442.38,209.07,102.09,3550.99,233.88,146.49,135.73,39.45,55.8,98.46,275.44
20261008,10:35:50,49525.64,44350.76,26746.49,17701.65,126.94,1891.45,496.19,482.85,558.2,111.75,166.95,206.74,91.85,151.15,273.68,122.04,194.42,294.76,3148.13,1666.34,471.35,80.72,244.12,1035.74,386.71,237.57,287.08,442.38,209.08,102.09,3550.81,233.88,145.9,135.73,39.45,55.8,98.46,275.14
20261008,10:35:55,49483.62,44312.34,26739.79,17702.36,127.07,1891.45,495.55,482.85,558.2,111.75,166.94,206.71,91.85,151.15,273.68,122.04,194.42,294.76,3145.02,1663.95,471.35,80.73,244.12,1035.74,386.39,237.57,287.09,442.46,209.09,102.09,3548.52,233.88,146.49,135.73,39.45,55.8,98.46,275.14
20261008,10:36:00,49517.16,44344.54,26735.68,17696.04,127.01,1891.45,495.55,482.85,557.74,111.76,166.94,206.71,91.85,151.15,273.68,122.04,194.42,294.76,3147.77,1666.26,471.35,80.71,244.0,1035.28,386.39,237.57,287.09,442.46,209.11,102.09,3548.95,233.88,145.9,135.73,39.45,55.8,98.46,275.14
20261008,10:36:05,49518.73,44344.25,26749.19,17705.51,127.01,1891.45,496.18,483.04,557.74,111.76,166.95,206.76,91.85,150.93,273.68,122.04,194.5,294.75,3147.52,1666.15,471.15,80.73,244.0,1035.25,386.39,237.55,287.04,442.46,209.11,102.09,3550.6,233.88,146.49,135.79,39.45,55.78,98.46,275.14
20261008,10:36:10,49519.63,44344.95,26750.31,17706.2,127.01,1891.45,496.17,483.04,557.6,111.76,166.95,206.77,91.85,151.15,273.68,122.04,194.5,294.72,3147.56,1666.37,471.14,80.73,244.0,1035.09,386.37,237.55,286.73,442.4,209.22,102.09,3550.76,233.88,146.49,135.79,39.45,55.78,98.46,275.14
20261008,10:36:15,49518.43,44343.91,26746.38,17702.11,127.01,1891.45,495.62,483.0,557.83,111.79,166.94,206.74,91.85,151.15,273.68,121.92,194.5,294.72,3147.57,1666.25,471.15,80.74,244.13,1034.94,386.37,237.55,287.04,442.41,209.22,102.09,3550.64,233.88,146.48,135.79,39.45,55.78,98.46,275.15
20261008,10:36:20,49522.66,44348.25,26748.79,17705.63,127.01,1891.45,496.08,482.64,557.83,111.79,166.96,206.79,91.85,151.15,273.68,121.92,194.5,294.71,3147.83,1666.37,471.37,80.76,244.13,1034.94,386.37,237.55,287.05,442.41,209.26,102.09,3550.44,233.88,146.48,135.79,39.45,55.77,98.46,275.19
20261008,10:36:25,49519.67,44345.61,26744.8,17701.92,126.88,1891.45,495.62,482.81,557.83,111.79,166.95,206.76,91.85,151.15,273.68,121.9,194.5,294.69,3147.71,1666.37,471.37,80.74,244.24,1034.86,387.02,237.55,286.75,442.39,209.29,102.09,3550.2,233.88,146.48,135.79,39.45,55.77,98.46,275.15
20261008,10:36:30,49518.31,44344.14,26745.13,17701.85,126.88,1891.45,495.62,482.73,557.83,111.79,166.94,206.72,91.85,151.15,273.68,121.9,194.5,294.71,3147.59,1666.36,471.31,80.72,244.12,1034.82,387.02,237.55,286.75,442.4,209.29,102.09,3550.33,233.88,146.48,135.79,39.45,55.77,98.47,275.16
20261008,10:36:35,49521.03,44346.59,26744.6,17700.54,126.88,1891.45,495.62,482.73,557.9,111.79,166.94,206.72,91.85,150.93,273.68,121.89,194.5,294.68,3147.82,1666.43,471.31,80.72,244.36,1034.54,387.02,237.55,287.06,442.29,209.18,102.09,3550.52,233.88,146.49,135.8,39.45,55.77,98.47,275.15
20261008,10:36:40,49517.09,44344.31,26746.32,17707.75,127.07,1891.45,496.25,482.86,557.9,111.79,166.94,206.72,91.85,150.93,273.68,122.01,194.5,294.68,3147.47,1666.27,471.19,80.72,244.43,1034.66,387.02,237.55,286.74,442.35,209.29,102.09,3549.1,233.88,146.48,135.83,39.45,55.77,98.47,275.15
20261008,10:36:45,49515.99,44343.29,26741.84,17702.74,127.07,1891.45,495.62,482.86,557.9,111.79,166.94,206.71,91.85,151.15,273.68,122.01,194.5,294.68,3147.5,1666.27,471.17,80.72,244.43,1034.77,387.02,237.55,286.74,442.22,209.26,102.09,3549.06,233.88,146.48,135.77,39.45,55.77,98.47,275.15
20261008,10:36:50,49513.15,44340.69,26740.5,17701.79,126.94,1891.45,495.61,482.86,557.9,111.79,166.91,206.62,91.85,150.72,273.68,122.01,194.5,294.68,3147.32,1666.18,471.16,80.73,244.18,1034.83,387.02,237.55,286.73,442.33,209.26,102.09,3548.9,233.88,146.48,135.77,39.45,55.79,98.47,275.15
20261008,10:36:55,49512.41,44340.48,26741.9,17705.1,126.88,1891.45,496.16,483.02,557.9,111.79,166.93,206.69,91.85,150.72,273.68,121.89,194.5,294.68,3147.22,1666.06,471.18,80.73,244.18,1034.83,387.02,237.55,286.82,442.33,209.26,102.09,3548.44,233.88,146.48,135.77,39.45,55.79,98.47,275.14
20261008,10:37:00,49512.17,44339.6,26743.72,17705.05,127.01,1891.45,496.16,482.89,557.9,111.79,166.94,206.71,91.85,150.51,273.68,121.89,194.5,294.66,3147.15,1666.09,471.06,80.73,244.54,1034.39,387.02,237.55,286.82,442.33,209.26,102.09,3549.02,233.88,146.48,135.75,39.45,55.79,98.47,275.14
20261008,10:37:05,49514.15,44341.95,26741.35,17703.71,126.88,1891.45,496.17,482.89,557.83,111.79,166.93,206.71,91.84,150.51,273.68,121.99,194.5,294.68,3147.37,1666.07,471.17,80.73,244.53,1034.57,387.02,237.55,287.04,442.31,209.1,102.09,3548.64,233.88,146.48,135.75,39.45,55.79,98.47,275.21
20261008,10:37:10,49513.4,44341.49,26741.46,17704.74,126.94,1891.45,496.26,482.81,557.83,111.79,166.93,206.71,91.84,150.51,273.68,121.99,194.5,294.67,3147.31,1666.07,471.18,80.73,244.29,1034.64,387.02,237.55,287.04,442.3,209.13,102.09,3548.4,233.88,146.48,135.75,39.45,55.79,98.47,275.21
20261008,10:37:15,49512.97,44342.08,26734.2,17699.75,126.94,1891.45,495.64,482.81,557.83,111.79,166.93,206.71,91.84,150.3,273.68,121.96,194.5,294.67,3147.48,1666.11,471.19,80.73,244.53,1034.62,387.06,237.55,287.09,442.3,209.13,102.09,3547.48,233.88,146.48,135.75,39.45,55.79,98.47,275.21
20261008,10:37:20,49513.46,44343.26,26732.82,17700.54,127.07,1891.45,495.64,482.81,557.85,111.79,166.92,206.68,91.84,150.51,273.68,121.97,194.5,294.69,3147.55,1666.0,471.06,80.72,244.3,1035.5,387.08,237.55,287.09,442.3,209.13,102.09,3546.84,233.88,146.48,135.75,39.45,55.79,98.47,275.23
20261008,10:37:25,49509.65,44338.28,26736.17,17700.14,126.94,1891.45,495.63,483.02,557.85,111.79,166.93,206.72,91.84,150.73,273.68,121.97,194.5,294.7,3147.16,1666.01,471.18,80.74,244.3,1034.76,387.06,237.55,286.77,442.18,209.09,102.09,3547.99,233.88,146.49,135.75,39.45,55.79,98.47,275.22
20261008,10:37:30,49474.3,44305.05,26734.96,17702.82,126.94,1891.45,496.19,483.02,557.82,111.81,166.92,206.73,91.83,150.52,273.68,121.85,194.5,294.7,3144.42,1663.6,471.2,80.75,244.29,1035.66,387.06,237.55,286.77,442.18,209.08,102.09,3546.89,233.88,146.48,135.75,39.45,55.79,98.47,275.22
20261008,10:37:35,49478.63,44306.53,26742.78,17702.63,126.88,1891.45,496.09,482.94,557.82,111.81,166.92,206.72,91.83,150.51,273.68,121.97,194.5,294.7,3144.54,1663.61,471.21,80.74,244.53,1035.72,387.06,237.55,286.77,442.18,209.08,102.09,3549.38,233.88,146.48,135.75,39.45,55.79,98.47,275.22
20261008,10:37:40,49474.64,44302.22,26742.52,17700.95,127.07,1892.87,495.55,482.94,557.82,111.81,166.91,206.66,91.83,150.51,273.8,121.97,194.5,294.71,3144.24,1663.64,471.09,80.73,244.42,1035.19,387.03,237.55,286.73,442.18,209.2,102.09,3549.76,233.94,146.48,135.75,39.45,55.79,98.47,275.22
20261008,10:37:45,49471.77,44302.28,26735.41,17702.33,127.07,1892.87,496.09,482.81,557.8,111.81,166.92,206.71,91.83,150.51,273.8,121.97,194.5,294.71,3144.21,1663.53,471.09,80.73,244.42,1035.45,387.03,237.55,286.73,442.18,208.94,102.09,3547.16,233.94,146.48,135.75,39.45,55.79,98.47,275.22
20261008,10:37:50,49511.48,44340.53,26737.01,17702.71,127.07,1891.45,496.18,482.97,557.8,111.81,166.91,206.68,91.83,150.51,273.8,121.96,194.5,294.68,3147.28,1666.03,471.09,80.73,244.17,1035.34,386.7,237.55,286.73,442.18,208.96,102.09,3547.56,233.94,146.48,135.75,39.45,55.79,98.47,275.23
20261008,10:37:55,49515.47,44342.29,26745.35,17705.16,127.07,1891.45,496.08,483.05,557.81,111.81,166.91,206.66,91.84,150.51,273.8,121.96,194.5,294.68,3147.37,1666.01,471.11,80.74,244.28,1035.84,386.7,237.55,286.41,442.18,209.26,102.09,3549.5,233.94,146.48,135.85,39.45,55.79,98.47,275.23
20261008,10:38:00,49513.8,44340.18,26744.08,17702.07,127.07,1894.29,495.45,483.18,557.81,111.81,166.91,206.69,91.83,150.72,273.8,121.96,194.5,294.68,3147.27,1666.06,470.95,80.74,244.29,1035.64,386.7,237.55,286.42,442.18,209.25,102.09,3549.94,233.94,146.48,135.85,39.45,55.79,98.47,275.22
20261008,10:38:05,49511.09,44337.92,26741.97,17700.92,126.94,1894.29,495.46,483.11,557.73,111.81,166.91,206.68,91.83,150.51,273.8,121.96,194.5,294.68,3147.12,1665.96,470.98,80.7,244.17,1035.34,386.67,237.55,286.73,442.18,209.25,102.09,3549.59,233.94,146.48,135.78,39.45,55.79,98.47,275.22
20261008,10:38:10,49508.89,44336.34,26740.56,17701.16,126.94,1894.29,495.46,483.11,557.73,111.89,166.92,206.73,91.83,150.51,273.8,121.97,194.5,294.68,3146.98,1665.99,470.98,80.7,244.17,1035.33,386.66,237.55,286.41,442.16,209.25,102.09,3549.08,233.94,146.48,135.75,39.45,55.79,98.47,275.22
20261008,10:38:15,49508.46,44336.25,26740.48,17702.18,126.94,1894.29,495.54,483.11,557.93,111.89,166.92,206.73,91.83,150.51,273.8,121.96,194.53,294.69,3146.95,1665.95,471.01,80.73,244.17,1035.3,386.69,237.55,286.42,442.16,209.23,102.09,3548.78,233.94,146.48,135.75,39.45,55.77,98.47,275.23
20261008,10:38:20,49512.04,44338.66,26741.77,17700.06,127.07,1894.06,495.46,483.11,557.79,111.89,166.92,206.71,91.83,150.51,273.8,121.96,194.5,294.69,3147.2,1666.01,471.1,80.7,244.42,1035.42,386.68,237.55,286.42,442.13,209.08,102.09,3549.76,233.94,146.48,135.75,39.45,55.77,98.47,275.28
20261008,10:38:25,49513.36,44339.93,26741.61,17699.85,126.94,1891.22,495.45,483.11,557.79,111.89,166.92,206.71,91.83,150.51,273.8,121.96,194.5,294.69,3147.3,1666.04,471.09,80.7,244.3,1035.28,386.66,237.55,286.72,442.13,209.24,102.09,3549.77,233.94,146.48,135.75,39.45,55.77,98.47,275.23
20261008,10:38:30,49512.23,44339.47,26742.98,17703.55,126.94,1891.22,496.0,483.18,557.78,111.89,166.91,206.67,91.83,150.51,273.8,121.96,194.5,294.68,3147.18,1665.98,471.09,80.7,244.18,1035.3,386.65,237.55,286.72,442.13,209.22,102.09,3549.19,233.94,146.48,135.75,39.45,55.77,98.47,275.22
20261008,10:38:35,49515.84,44342.31,26745.02,17703.65,127.07,1891.22,496.0,483.04,557.78,111.89,166.91,206.69,91.83,150.51,273.68,121.96,194.5,294.68,3147.4,1666.03,471.1,80.7,244.54,1035.36,386.64,237.55,286.72,442.13,209.22,102.09,3549.8,233.94,146.47,135.75,39.45,55.77,98.47,275.22
20261008,10:38:40,49513.02,44340.08,26739.55,17699.06,127.07,1891.22,495.38,482.91,557.79,111.89,166.91,206.68,91.83,150.51,273.68,121.96,194.45,294.67,3147.33,1666.03,471.1,80.66,244.53,1035.27,386.67,237.55,286.72,442.13,209.22,102.09,3549.34,233.94,146.47,135.76,39.45,55.77,98.47,275.26
20261008,10:38:45,49509.5,44335.4,26742.82,17698.65,126.94,1891.22,495.37,482.9,557.79,111.89,166.91,206.68,91.83,150.51,273.83,121.97,194.49,294.68,3146.97,1666.02,471.1,80.67,244.29,1034.66,386.67,237.55,286.71,442.16,209.22,102.09,3550.48,233.94,146.47,135.75,39.45,55.75,98.47,275.25
20261008,10:38:50,49510.27,44336.14,26741.86,17697.53,127.07,1891.22,495.37,483.02,557.78,111.89,166.91,206.68,91.83,150.29,273.83,121.97,194.49,294.68,3147.05,1666.01,471.15,80.66,244.54,1034.64,386.68,237.55,286.71,442.16,209.1,102.09,3550.48,233.94,146.47,135.75,39.45,55.75,98.47,275.19
20261008,10:38:55,49468.45,44296.25,26738.99,17697.09,126.94,1891.24,495.37,482.82,557.79,111.89,166.91,206.7,91.83,150.51,273.83,121.97,194.49,294.68,3143.85,1663.59,471.15,80.65,244.41,1034.54,387.0,237.53,286.72,442.16,209.07,102.09,3549.7,233.94,146.47,135.78,39.45,55.75,98.47,275.19
20261008,10:39:00,49464.56,44291.82,26736.88,17692.52,126.94,1891.24,494.82,482.82,557.79,111.89,166.91,206.68,91.83,150.29,273.83,121.97,194.49,294.68,3143.6,1663.51,471.35,80.65,244.54,1033.96,387.01,237.53,286.67,442.16,209.04,102.09,3550.28,233.94,146.47,135.78,39.45,55.77,98.47,275.19
20261008,10:39:05,49466.72,44294.16,26736.4,17692.73,126.88,1891.24,494.73,482.82,557.79,111.89,166.92,206.71,91.83,150.29,273.83,121.97,194.49,294.68,3143.79,1663.63,471.32,80.64,244.54,1034.05,387.01,237.53,286.67,442.16,209.04,102.09,3550.07,233.94,146.48,135.78,39.45,55.77,98.47,275.49
20261008,10:39:10,49463.29,44290.82,26739.94,17696.81,126.94,1891.24,495.36,482.82,557.77,111.89,166.89,206.68,91.82,150.29,273.83,121.97,194.35,294.69,3143.42,1663.52,471.29,80.64,244.11,1033.95,387.02,237.53,286.66,442.12,209.04,102.09,3550.07,233.94,146.47,135.71,39.45,55.77,98.47,275.54
20261008,10:39:15,49462.87,44290.38,26739.72,17696.47,126.94,1891.34,495.28,482.82,557.77,111.89,166.89,206.67,91.82,150.51,273.83,121.97,194.35,294.69,3143.39,1663.58,471.14,80.64,244.0,1033.98,387.02,237.53,286.66,442.12,209.04,102.09,3550.1,233.94,146.47,135.71,39.45,55.77,98.47,275.54
20261008,10:39:20,49464.81,44291.67,26741.58,17696.64,126.94,1891.34,495.27,482.79,557.82,111.89,166.88,206.64,91.82,150.29,273.83,121.97,194.31,294.69,3143.49,1663.57,471.14,80.65,244.0,1034.15,387.02,237.53,286.7,442.18,209.07,102.09,3550.63,233.94,146.47,135.71,39.45,55.77,98.47,275.54
20261008,10:39:25,49464.34,44291.92,26735.75,17692.26,126.94,1891.34,494.73,482.79,557.82,111.89,166.87,206.63,91.81,150.29,273.83,121.97,194.45,294.69,3143.62,1663.56,471.12,80.64,244.36,1034.16,387.08,237.53,286.74,442.18,209.04,102.09,3550.0,233.94,146.47,135.71,39.45,55.75,98.47,275.54
20261008,10:39:30,49503.22,44329.13,26740.42,17695.36,126.94,1891.34,495.28,482.92,557.86,111.89,166.87,206.6,91.81,150.08,273.83,121.97,194.53,294.69,3146.54,1665.93,471.01,80.64,244.11,1034.13,387.08,237.77,286.74,442.18,209.04,102.09,3550.62,233.94,146.48,135.69,39.45,55.75,98.47,275.24
20261008,10:39:35,49501.6,44329.42,26732.07,17692.03,126.94,1891.34,494.73,483.0,557.86,111.89,166.87,206.6,91.81,150.29,273.83,121.97,194.53,294.69,3146.64,1666.0,471.01,80.64,244.11,1034.2,387.08,237.77,286.7,442.18,209.07,102.09,3548.91,233.94,146.48,135.69,39.45,55.75,98.47,275.23
20261008,10:39:40,49456.96,44289.46,26721.31,17691.45,126.94,1891.34,494.73,482.92,557.86,111.72,166.87,206.6,91.81,150.29,273.83,121.97,194.53,294.69,3143.44,1663.48,471.01,80.65,244.38,1034.1,387.05,237.77,286.7,442.18,209.07,102.09,3545.71,233.94,146.48,135.69,39.45,55.75,98.47,275.23
20261008,10:39:45,49501.12,44329.24,26730.23,17690.89,127.07,1891.34,494.65,482.84,557.85,111.72,166.87,206.62,91.81,150.07,273.83,121.97,194.53,294.67,3146.66,1665.91,471.1,80.65,244.26,1034.12,387.05,237.77,286.8,442.19,209.07,102.09,3548.65,233.94,146.48,135.69,39.45,55.75,98.47,275.23
20261008,10:39:50,49458.41,44291.43,26713.65,17684.53,126.94,1891.34,494.47,482.71,557.84,111.72,166.87,206.6,91.81,150.29,273.83,121.97,194.53,294.68,3143.76,1663.65,471.02,80.64,244.14,1034.43,387.05,237.77,286.8,442.19,209.07,102.09,3545.2,233.94,145.88,135.71,39.45,55.75,98.47,275.23
20261008,10:39:55,49459.15,44289.81,26719.86,17683.84,127.07,1891.34,494.47,482.46,557.84,111.72,166.86,206.59,91.81,150.07,273.83,121.85,194.53,294.67,3143.65,1663.64,471.01,80.68,243.97,1034.37,386.92,237.77,286.76,442.19,209.07,102.09,3547.32,233.94,145.88,135.71,39.45,55.75,98.47,275.34
20261008,10:40:00,49456.8,44284.9,26721.38,17676.82,126.94,1891.34,494.32,482.54,557.54,111.8,166.86,206.59,91.81,150.07,273.71,121.85,194.5,294.65,3143.42,1663.49,471.12,80.64,243.9,1034.32,386.92,237.77,286.76,442.19,209.07,102.09,3549.7,233.94,145.3,135.71,39.45,55.75,98.47,275.36
20261008,10:40:05,49494.13,44323.37,26723.26,17685.99,126.94,1892.76,494.65,482.79,557.54,111.8,166.86,206.59,91.81,150.29,273.71,121.85,194.5,294.65,3146.3,1665.8,471.12,80.63,243.66,1034.25,386.94,237.77,286.76,442.19,209.07,102.09,3547.8,233.94,145.89,135.71,39.45,55.75,98.47,275.64
20261008,10:40:10,49499.09,44328.21,26727.34,17690.74,126.94,1892.76,495.3,482.79,557.54,111.8,166.87,206.62,91.81,150.29,273.71,121.85,194.5,294.63,3146.58,1666.0,470.97,80.63,244.02,1034.07,386.94,237.77,286.8,442.19,209.06,102.09,3547.79,233.94,145.89,135.71,39.45,55.75,98.47,275.65
20261008,10:40:15,49501.13,44327.58,26736.52,17692.52,126.94,1892.76,495.21,482.92,557.68,111.8,167.06,206.57,91.97,150.29,273.71,121.85,194.5,294.63,3146.48,1665.93,470.95,80.64,244.02,1034.09,386.95,237.77,286.8,442.17,209.06,102.09,3550.17,233.94,145.89,135.71,39.45,55.75,98.47,275.62
20261008,10:40:20,49499.79,44326.86,26731.92,17689.19,126.94,1892.71,494.66,482.92,557.89,111.79,167.06,206.57,91.98,150.29,273.71,121.85,194.54,294.64,3146.51,1666.03,470.83,80.64,244.02,1033.96,386.95,237.77,286.8,442.17,209.05,102.09,3549.64,233.94,145.89,135.71,39.45,55.75,98.47,275.6
20261008,10:40:25,49498.56,44327.2,26728.29,17690.15,126.94,1892.71,494.74,482.92,557.89,111.79,167.06,206.57,91.98,150.29,273.71,121.85,194.54,294.64,3146.51,1666.07,470.79,80.66,244.02,1033.86,386.95,237.77,286.8,442.18,209.1,102.09,3548.24,233.94,145.89,135.71,39.45,55.75,98.47,275.57
20261008,10:40:30,49495.91,44325.07,26726.47,17689.57,126.88,1892.71,494.66,482.92,558.0,111.79,167.06,206.57,91.98,150.29,273.71,121.85,194.54,294.63,3146.35,1666.0,470.79,80.65,243.77,1033.88,386.95,237.77,286.85,442.18,209.09,102.09,3547.83,233.94,145.89,135.71,39.45,55.74,98.47,275.57
20261008,10:40:35,49457.41,44287.44,26726.53,17689.26,126.88,1892.71,494.65,482.92,557.92,111.79,167.06,206.57,91.98,150.28,273.71,121.85,194.54,294.7,3143.33,1663.67,470.83,80.63,243.91,1034.2,386.95,237.77,286.49,442.18,209.08,102.05,3547.93,233.94,145.89,135.71,39.45,55.74,98.47,275.57
20261008,10:40:40,49501.54,44330.2,26730.3,17692.81,126.88,1892.71,495.2,482.81,557.84,111.79,167.06,206.57,91.98,150.28,273.71,121.85,194.54,294.7,3146.69,1666.08,470.74,80.64,244.08,1034.28,386.95,237.77,286.8,442.16,209.08,102.05,3548.15,233.94,145.89,135.71,39.45,55.74,98.47,275.57
20261008,10:40:45,49495.91,44325.54,26727.68,17692.56,126.88,1892.76,495.2,482.68,557.84,111.79,167.05,206.55,91.98,150.28,273.71,121.84,194.54,294.7,3146.32,1665.76,470.8,80.63,244.08,1034.33,386.95,237.77,286.8,442.16,209.08,102.05,3547.4,233.94,145.89,135.71,39.45,55.74,98.47,275.57
20261008,10:40:50,49453.53,44286.3,26718.33,17688.67,126.88,1892.99,494.73,482.55,557.85,111.79,167.05,206.53,91.98,150.28,273.71,121.85,194.5,294.7,3143.25,1663.5,470.81,80.64,243.84,1034.18,386.95,237.77,286.8,442.16,209.03,102.05,3545.53,233.94,145.88,135.71,39.45,55.76,98.47,275.57
20261008,10:40:55,49456.41,44286.47,26725.2,17687.75,127.01,1892.99,494.64,482.55,557.85,111.79,166.86,206.54,91.82,150.28,273.71,121.97,194.5,294.7,3143.29,1663.42,470.83,80.64,244.18,1034.18,386.95,237.77,286.8,442.16,209.04,102.05,3547.93,234.27,145.88,135.71,39.45,55.76,98.47,275.57
20261008,10:41:00,49452.56,44282.55,26724.17,17686.01,126.88,1892.99,494.64,482.25,557.77,111.79,166.84,206.5,91.82,150.28,273.71,121.97,194.5,294.7,3143.01,1663.4,470.9,80.61,244.18,1033.61,386.93,237.77,286.8,442.16,208.96,102.05,3548.08,234.27,145.88,135.72,39.45,55.76,98.47,275.59
20261008,10:41:05,49491.79,44321.81,26719.75,17684.39,126.88,1892.99,494.55,482.37,557.77,111.79,166.84,206.48,91.82,150.28,273.71,121.87,194.5,294.68,3146.22,1665.79,470.9,80.62,244.18,1033.83,386.93,237.77,286.8,442.16,208.93,102.05,3547.14,234.27,145.88,135.72,39.45,55.76,98.47,275.61
20261008,10:41:10,49494.21,44322.36,26728.39,17688.23,126.88,1892.99,495.09,482.37,557.77,111.78,166.84,206.48,91.82,150.28,273.71,121.89,194.5,294.68,3146.17,1665.84,470.95,80.6,243.93,1033.77,386.93,237.77,286.8,442.12,208.93,102.05,3548.79,234.27,145.88,135.68,39.45,55.76,98.46,275.61
20261008,10:41:15,49490.59,44319.0,26724.05,17683.83,126.88,1892.99,494.56,482.37,557.85,111.78,166.85,206.51,91.82,150.06,273.56,121.87,194.46,294.68,3146.0,1665.84,470.85,80.6,244.06,1033.77,386.93,237.77,286.49,442.12,208.93,102.05,3548.63,234.27,145.88,135.68,39.45,55.76,98.46,275.48
20261008,10:41:20,49494.68,44322.67,26724.29,17683.05,126.88,1892.99,494.47,482.4,557.83,111.78,166.84,206.48,91.82,150.06,273.56,121.85,194.44,294.64,3146.32,1665.93,470.74,80.55,244.07,1034.03,386.93,237.77,286.8,442.12,208.94,102.05,3548.92,234.27,145.88,135.68,39.45,55.76,98.46,275.5
20261008,10:41:25,49495.6,44323.13,26726.88,17684.55,126.88,1892.99,494.56,482.4,557.83,111.78,166.85,206.49,91.82,150.06,273.56,121.98,194.44,294.62,3146.32,1665.93,470.75,80.55,244.07,1034.04,386.93,237.77,286.79,442.12,208.95,102.05,3549.32,234.27,145.88,135.68,39.45,55.76,98.46,275.5
20261008,10:41:30,49488.69,44316.58,26726.04,17684.2,126.88,1892.99,494.56,482.4,557.83,111.78,166.84,206.48,91.82,150.06,273.56,121.98,194.44,294.62,3145.8,1665.72,470.76,80.54,243.93,1034.06,386.61,237.77,286.44,442.12,208.92,102.05,3549.15,234.27,145.88,135.68,39.45,55.76,98.46,275.48
20261008,10:41:35,49491.59,44319.39,26726.74,17684.98,127.01,1891.57,494.55,482.4,557.83,111.78,166.83,206.44,91.82,150.28,273.56,121.98,194.44,294.62,3146.01,1665.79,470.76,80.54,243.81,1034.05,386.61,237.77,286.76,442.1,208.96,102.05,3549.16,234.59,145.88,135.68,39.45,55.76,98.46,275.48
20261008,10:41:40,49492.42,44321.1,26724.05,17684.87,126.88,1891.57,494.63,482.53,557.83,111.78,166.83,206.43,91.82,150.28,273.56,121.98,194.44,294.61,3146.15,1665.83,470.75,80.54,244.06,1033.99,386.64,237.77,286.8,442.1,208.92,102.05,3548.35,234.59,145.88,135.68,39.45,55.76,98.46,275.48
20261008,10:41:45,49453.9,44283.18,26725.67,17685.45,126.88,1891.57,494.64,482.53,557.83,111.78,166.84,206.46,91.82,150.06,273.56,121.97,194.48,294.61,3143.08,1663.49,470.76,80.54,244.06,1033.9,386.61,237.77,286.8,442.1,209.05,102.05,3548.7,234.27,145.88,135.68,39.45,55.76,98.46,275.48
20261008,10:41:50,49458.86,44287.17,26729.53,17687.07,126.88,1891.57,494.56,482.46,557.83,111.78,167.03,206.47,91.98,150.06,273.56,121.97,194.48,294.62,3143.36,1663.49,470.83,80.55,243.81,1034.7,386.62,237.77,286.8,442.1,209.05,102.05,3549.46,234.27,145.89,135.68,39.45,55.76,98.46,275.5
20261008,10:41:55,49453.64,44282.33,26729.27,17687.59,127.01,1891.57,494.56,482.46,557.79,111.86,167.03,206.44,91.98,150.28,273.56,121.95,194.48,294.61,3142.96,1663.32,470.91,80.53,243.7,1034.67,386.95,237.77,286.49,442.1,209.05,102.05,3549.24,234.27,145.89,135.68,39.45,55.76,98.46,275.49
20261008,10:42:00,49501.18,44328.18,26730.95,17687.96,127.01,1891.57,494.56,482.46,557.87,111.86,167.03,206.47,91.98,150.28,273.56,121.96,194.48,294.61,3146.64,1665.84,470.93,80.55,243.94,1034.99,386.95,237.77,286.8,442.1,209.04,102.05,3549.67,234.27,145.89,135.68,39.45,55.76,98.46,275.49
20261008,10:42:05,49500.43,44327.91,26728.88,17687.12,127.01,1891.57,494.56,482.13,557.79,111.78,167.03,206.46,91.98,150.28,273.56,121.96,194.48,294.61,3146.64,1665.85,470.93,80.55,244.08,1034.82,386.95,237.77,286.8,442.1,209.04,102.05,3549.25,234.27,145.89,135.68,39.45,55.76,98.46,275.49
20261008,10:42:10,49501.85,44329.07,26729.78,17687.38,126.88,1891.57,494.64,482.13,557.79,111.78,167.04,206.48,91.98,150.28,273.56,121.96,194.48,294.61,3146.73,1665.8,470.93,80.55,244.08,1035.17,386.95,237.77,286.8,442.1,209.04,102.05,3549.46,234.27,145.89,135.68,39.45,55.76,98.46,275.49
20261008,10:42:15,49503.93,44330.68,26731.15,17687.57,126.88,1891.57,494.64,482.13,557.79,111.78,167.04,206.5,91.98,150.28,273.56,121.96,194.45,294.61,3146.85,1665.84,471.23,80.54,243.93,1035.17,386.95,237.77,286.81,442.12,209.04,102.08,3549.83,234.27,145.89,135.68,39.45,55.76,98.46,275.54
20261008,10:42:20,49466.3,44294.63,26732.8,17691.56,126.94,1891.57,495.19,482.0,557.79,111.78,167.05,206.5,91.98,150.28,273.56,121.96,194.45,294.61,3143.85,1663.44,471.23,80.56,244.18,1035.18,386.95,237.77,286.8,442.13,209.03,102.08,3549.27,234.27,145.89,135.68,39.45,55.78,98.46,275.47
20261008,10:42:25,49461.34,44289.8,26736.54,17695.89,126.94,1891.57,495.74,482.13,557.79,111.79,167.05,206.52,91.98,150.28,273.56,121.96,194.42,294.61,3143.36,1663.33,471.03,80.54,243.82,1034.99,386.95,237.77,286.76,442.13,209.03,102.05,3549.26,234.27,145.89,135.68,39.45,55.78,98.46,275.55
20261008,10:42:30,49503.27,44330.67,26735.51,17694.71,126.88,1891.57,495.73,482.14,557.88,111.79,167.05,206.53,91.98,150.28,273.56,121.96,194.42,294.6,3146.68,1665.88,471.14,80.55,244.18,1034.95,386.98,237.77,286.45,442.13,208.91,102.05,3549.26,234.27,145.89,135.68,39.45,55.78,98.46,275.53
20261008,10:42:35,49503.89,44330.86,26736.38,17694.35,126.88,1891.57,495.64,482.47,557.88,111.87,167.05,206.56,91.97,150.06,273.56,121.96,194.24,294.6,3146.71,1665.79,471.14,80.54,244.07,1035.0,386.95,237.77,286.76,442.13,208.91,102.05,3549.63,234.27,145.89,135.68,39.45,55.78,98.46,275.61
20261008,10:42:40,49502.03,44329.25,26733.05,17691.16,126.88,1891.57,495.18,482.46,557.88,111.87,167.05,206.56,91.97,150.49,273.56,121.96,194.19,294.6,3146.65,1665.81,471.14,80.58,244.07,1034.75,386.95,237.77,286.76,442.13,208.87,102.05,3549.45,234.27,145.89,135.68,39.45,55.78,98.46,275.61
20261008,10:42:45,49501.04,44328.28,26732.18,17690.16,126.88,1891.57,495.01,482.46,557.88,111.87,167.05,206.57,91.97,150.49,273.56,121.98,194.26,294.59,3146.6,1665.74,471.14,80.54,244.16,1034.83,386.97,237.78,286.76,442.13,208.87,102.04,3549.45,234.27,145.89,135.71,39.45,55.78,98.46,275.61
20261008,10:42:50,49497.95,44328.05,26726.02,17692.37,126.88,1891.57,495.18,482.46,557.88,111.79,167.05,206.59,91.97,150.49,273.56,121.96,194.26,294.6,3146.53,1665.75,471.15,80.56,244.16,1035.0,386.97,237.62,286.45,442.13,208.99,102.04,3546.93,234.27,145.89,135.75,39.45,55.78,98.46,275.61
20261008,10:42:55,49498.77,44329.34,26724.58,17692.34,126.88,1891.57,495.18,482.38,557.88,111.79,167.05,206.59,91.97,150.49,273.56,121.96,194.26,294.6,3146.63,1665.76,471.15,80.54,243.91,1035.07,386.97,237.62,286.76,442.13,208.99,102.04,3546.49,234.27,145.89,135.75,39.45,55.78,98.46,275.64
20261008,10:43:00,49460.42,44290.96,26727.49,17692.34,126.88,1891.57,495.18,482.38,557.88,111.79,167.05,206.59,91.97,150.49,273.56,121.96,194.26,294.6,3143.54,1663.34,470.96,80.55,243.91,1035.34,386.97,237.62,286.76,442.13,208.99,102.04,3547.4,234.27,145.89,135.75,39.45,55.78,98.46,275.64
20261008,10:43:05,49462.82,44291.42,26733.22,17692.62,126.88,1891.57,495.19,482.38,557.88,111.79,167.05,206.59,91.97,150.28,273.56,121.96,194.26,294.59,3143.57,1663.36,471.18,80.55,244.16,1035.25,386.97,237.62,286.5,442.13,208.99,102.04,3549.11,234.59,145.89,135.75,39.45,55.78,98.46,275.64
20261008,10:43:10,49502.76,44330.18,26733.75,17692.71,126.88,1891.57,495.17,482.38,557.88,111.79,167.05,206.56,91.97,150.29,273.56,121.96,194.26,294.6,3146.69,1665.73,471.12,80.54,243.91,1035.27,386.97,237.62,286.81,442.13,209.02,102.04,3549.25,234.56,145.89,135.75,39.45,55.78,98.46,275.64
20261008,10:43:15,49464.33,44292.05,26734.57,17691.37,126.94,1891.57,495.17,482.38,557.88,111.79,167.04,206.54,91.97,150.29,273.56,121.96,194.26,294.59,3143.65,1663.45,471.02,80.51,243.93,1035.2,387.0,237.62,286.81,442.13,208.92,102.04,3549.87,234.23,145.89,135.75,39.45,55.78,98.46,275.64
20261008,10:43:20,49460.41,44290.76,26726.8,17690.92,126.94,1891.57,495.08,482.38,557.88,111.79,167.04,206.54,91.97,150.29,273.56,121.96,194.26,294.59,3143.56,1663.35,471.02,80.51,244.06,1035.15,387.0,237.62,286.82,442.17,208.92,102.04,3547.57,234.16,145.89,135.75,39.45,55.81,98.46,275.63
20261008,10:43:25,49467.12,44295.26,26738.45,17697.52,126.94,1891.57,495.64,482.38,558.18,111.87,167.03,206.52,91.97,150.5,273.56,121.96,194.26,294.59,3143.76,1663.51,470.91,80.51,244.07,1035.3,386.68,237.62,286.82,442.19,209.04,102.04,3549.42,234.16,145.89,135.75,39.45,55.81,98.46,275.63
20261008,10:43:30,49502.35,44329.24,26737.87,17695.65,126.94,1891.57,495.39,482.38,558.23,111.87,167.05,206.51,91.98,150.5,273.56,122.0,194.26,294.59,3146.54,1665.76,470.91,80.51,244.07,1035.0,386.68,237.62,286.82,442.19,209.01,101.99,3549.74,234.15,145.88,135.75,39.45,55.81,98.46,275.59
20261008,10:43:35,49507.0,44333.55,26738.7,17695.86,126.94,1891.57,495.4,482.31,558.23,111.87,167.06,206.53,91.99,150.5,273.56,122.0,194.26,294.62,3146.88,1665.92,470.98,80.53,243.94,1035.31,386.68,237.62,286.82,442.19,209.01,101.99,3549.94,234.15,145.88,135.75,39.45,55.81,98.46,275.59
20261008,10:43:40,49507.08,44333.26,26735.54,17690.99,127.01,1891.57,494.68,482.13,558.24,111.87,167.06,206.53,91.99,150.5,273.56,122.0,194.26,294.58,3146.98,1666.04,470.88,80.54,243.93,1035.26,386.67,237.62,286.82,442.23,209.03,101.99,3550.28,234.15,145.88,135.75,39.45,55.81,98.46,275.59
20261008,10:43:45,49507.18,44333.73,26734.63,17691.2,126.88,1891.57,494.85,482.13,558.24,111.87,167.05,206.47,91.99,150.5,273.56,121.96,194.26,294.58,3147.01,1666.0,470.86,80.51,244.18,1035.32,386.68,237.62,286.82,442.2,209.03,101.99,3549.94,234.15,145.88,135.75,39.45,55.81,98.46,275.55
20261008,10:43:50,49504.63,44331.85,26730.7,17688.68,126.88,1891.57,494.43,482.25,558.24,111.95,167.06,206.5,91.99,150.5,273.56,121.96,194.26,294.59,3146.92,1665.94,470.81,80.54,244.18,1035.29,386.68,237.62,286.81,442.19,209.03,101.99,3549.39,234.15,145.89,135.75,39.45,55.81,98.46,275.55
20261008,10:43:55,49464.33,44291.42,26727.67,17681.3,126.88,1891.45,493.53,482.25,558.24,111.95,167.06,206.51,91.99,150.5,273.56,121.84,194.26,294.59,3143.84,1663.61,471.11,80.48,243.82,1035.28,386.68,237.62,286.81,442.19,209.03,101.99,3550.45,234.15,145.89,135.75,39.45,55.81,98.46,275.55
20261008,10:44:00,49465.72,44293.12,26725.64,17680.14,126.88,1891.45,493.54,482.43,558.13,111.95,167.06,206.53,91.99,150.5,273.56,121.84,194.26,294.56,3144.0,1663.6,471.07,80.45,244.05,1035.52,386.68,237.62,286.85,442.23,208.92,101.99,3550.13,234.15,145.89,135.73,39.45,55.81,98.46,275.55
20261008,10:44:05,49463.17,44290.09,26726.77,17679.63,126.88,1891.45,493.45,482.43,558.14,111.95,167.06,206.53,91.99,150.5,273.56,121.84,194.26,294.56,3143.77,1663.55,471.15,80.44,243.87,1035.26,386.68,237.62,286.81,442.23,208.92,101.99,3550.62,234.15,145.88,135.77,39.45,55.81,98.46,275.55
20261008,10:44:10,49505.06,44331.47,26722.33,17676.39,126.88,1891.45,493.01,482.43,558.14,111.95,167.06,206.52,91.99,150.5,273.56,121.84,194.26,294.56,3147.19,1665.96,471.17,80.56,243.84,1035.7,386.93,237.62,286.82,442.24,208.92,101.99,3550.11,234.15,145.88,135.77,39.45,55.81,98.46,275.55
20261008,10:44:15,49503.25,44331.16,26724.11,17683.29,126.88,1891.45,493.73,482.43,558.28,111.95,167.06,206.52,91.99,150.5,273.56,121.84,194.26,294.56,3146.99,1666.11,471.12,80.56,243.47,1035.63,386.92,237.62,286.46,442.25,209.04,101.99,3548.8,234.15,145.88,135.76,39.45,55.81,98.46,275.56
20261008,10:44:20,49504.85,44332.02,26722.51,17679.12,126.88,1891.45,493.2,482.49,558.28,111.87,167.06,206.52,91.99,150.5,273.56,121.84,194.19,294.55,3147.16,1666.06,471.1,80.54,243.7,1035.63,386.92,237.62,286.78,442.25,209.04,101.99,3549.43,234.15,145.87,135.76,39.45,55.81,98.46,275.59
20261008,10:44:25,49462.68,44291.29,26721.98,17679.71,126.88,1891.45,493.28,482.49,558.28,111.87,167.06,206.52,91.99,150.5,273.56,121.84,194.19,294.55,3143.87,1663.59,471.12,80.52,243.95,1035.57,386.92,237.62,286.48,442.25,209.04,101.99,3549.1,234.15,145.87,135.76,39.45,55.81,98.46,275.59
20261008,10:44:30,49467.02,44294.67,26724.53,17679.83,126.88,1891.45,493.2,482.49,558.28,111.87,167.06,206.52,91.99,150.5,273.56,121.98,194.19,294.55,3144.14,1663.58,471.12,80.52,243.97,1035.81,386.92,237.62,286.8,442.24,209.04,101.99,3549.87,234.08,145.87,135.76,39.45,55.81,98.46,275.59
20261008,10:44:35,49465.19,44293.1,26724.52,17680.52,126.88,1891.45,493.36,482.2,558.28,111.87,167.05,206.47,91.99,150.5,273.56,121.98,194.19,294.54,3143.99,1663.65,470.97,80.53,243.85,1035.59,386.92,237.62,286.75,442.23,209.04,101.99,3549.68,234.08,145.87,135.76,39.44,55.81,98.46,275.59
20261008,10:44:40,49468.45,44297.13,26725.0,17683.92,126.88,1891.45,493.83,482.2,558.28,111.87,167.05,206.47,91.99,150.5,273.56,121.98,194.19,294.54,3144.24,1663.77,470.98,80.53,243.96,1035.61,386.92,237.62,286.8,442.23,209.04,101.99,3548.9,234.08,145.87,135.76,39.44,55.81,98.46,275.59
20261008,10:44:45,49463.92,44293.86,26718.65,17680.46,126.88,1891.45,494.0,482.2,558.28,111.87,167.06,206.51,91.99,150.5,273.56,122.0,194.19,294.53,3144.06,1663.78,470.99,80.51,244.15,1035.47,386.64,237.62,286.47,442.18,209.03,101.99,3547.86,234.08,145.28,135.76,39.44,55.81,98.46,275.59
20261008,10:44:50,49462.16,44292.89,26720.67,17685.28,126.88,1892.87,494.0,482.2,558.22,111.87,167.04,206.48,91.98,150.5,273.56,121.98,194.19,294.53,3143.86,1663.69,471.0,80.51,243.9,1035.49,386.67,237.62,286.48,442.18,209.04,101.99,3547.18,234.08,145.87,135.71,39.44,55.81,98.46,275.61
20261008,10:44:55,49504.41,44331.34,26725.34,17681.54,126.88,1892.87,493.45,482.2,558.22,111.87,167.05,206.49,91.98,150.5,273.56,121.98,194.19,294.53,3147.05,1666.0,471.0,80.51,243.79,1035.52,386.67,237.62,286.89,442.11,209.07,101.99,3549.66,234.08,145.87,135.71,39.44,55.81,98.46,275.61
20261008,10:45:00,49506.57,44332.66,26722.88,17676.05,126.88,1892.87,493.37,482.28,558.17,111.87,167.04,206.52,91.97,150.5,273.56,121.98,194.19,294.52,3147.29,1666.01,471.25,80.51,244.04,1035.57,386.67,237.62,286.89,442.11,209.07,102.0,3550.37,234.08,145.28,135.71,39.44,55.81,98.46,275.61
20261008,10:45:05,49502.47,44329.04,26721.85,17676.15,126.88,1892.87,493.47,482.28,558.23,111.87,167.02,206.44,91.97,150.5,273.56,121.98,194.19,294.52,3147.0,1666.02,471.21,80.53,243.74,1035.11,386.73,237.62,286.89,442.11,209.04,102.0,3550.03,234.08,145.28,135.71,39.44,55.81,98.46,275.51
20261008,10:45:10,49503.41,44329.77,26724.85,17679.0,126.88,1892.87,494.01,482.28,558.23,111.87,167.02,206.43,91.97,150.5,273.56,121.98,194.19,294.52,3146.99,1666.09,471.04,80.51,243.62,1035.22,386.65,237.62,286.89,442.07,209.04,102.0,3550.19,234.08,145.28,135.71,39.44,55.8,98.46,275.22
20261008,10:45:15,49500.6,44326.37,26722.19,17673.71,126.94,1891.45,493.46,482.4,558.23,111.87,167.01,206.42,91.97,150.5,273.56,121.97,194.19,294.54,3146.84,1666.02,471.06,80.52,243.85,1035.24,386.66,237.62,286.58,442.1,208.93,102.0,3550.79,234.08,145.28,135.71,39.44,55.8,98.46,275.22
20261008,10:45:20,49505.63,44331.35,26731.35,17684.5,126.94,1892.87,494.09,482.4,558.23,111.87,167.02,206.45,91.97,150.5,273.56,121.96,194.23,294.53,3146.98,1666.13,471.06,80.52,243.97,1035.09,386.68,237.62,286.59,442.04,209.04,102.0,3550.73,234.08,145.87,135.71,39.44,55.8,98.46,275.17
20261008,10:45:25,49503.63,44330.61,26727.49,17684.11,126.94,1892.87,494.09,482.4,558.23,111.88,167.02,206.43,91.97,150.5,273.56,121.98,194.19,294.53,3146.93,1666.03,471.09,80.52,243.9,1034.93,386.6,237.62,286.9,442.01,209.0,102.0,3549.63,234.08,145.87,135.71,39.44,55.8,98.46,275.17
20261008,10:45:30,49505.87,44333.24,26722.0,17679.29,126.94,1893.24,493.46,482.4,558.23,111.88,167.01,206.42,91.97,150.29,273.56,121.98,194.19,294.53,3147.26,1666.22,471.09,80.51,244.04,1034.93,386.85,237.62,286.94,442.01,209.0,102.0,3549.22,234.08,145.87,135.71,39.44,55.8,98.46,275.17
20261008,10:45:35,49507.14,44334.23,26726.62,17683.78,126.94,1893.24,494.0,482.34,558.24,111.88,167.02,206.45,91.97,150.5,273.56,121.98,194.18,294.53,3147.23,1666.23,471.16,80.51,244.04,1035.14,386.92,237.62,286.64,442.01,209.01,102.0,3549.45,234.08,145.87,135.73,39.44,55.8,98.47,275.17
20261008,10:45:40,49506.3,44332.57,26728.69,17683.36,126.94,1893.24,494.0,482.34,558.01,111.88,167.02,206.44,91.97,150.5,273.56,121.98,194.24,294.53,3147.11,1666.13,471.06,80.5,243.79,1035.66,386.67,237.62,286.54,442.05,209.05,102.0,3550.21,234.08,145.87,135.71,39.44,55.8,98.47,275.17
20261008,10:45:45,49508.1,44335.07,26726.23,17683.02,126.94,1891.82,494.0,482.32,558.01,111.95,167.01,206.4,91.97,150.5,273.56,121.98,194.24,294.53,3147.32,1666.08,471.06,80.51,243.8,1035.89,386.67,237.62,286.85,442.07,209.05,102.0,3549.53,234.08,145.87,135.73,39.44,55.8,98.47,275.17
20261008,10:45:50,49503.23,44333.07,26717.21,17681.83,126.94,1891.55,493.83,482.32,558.11,111.95,167.01,206.4,91.97,150.5,273.56,121.98,194.24,294.53,3147.18,1666.01,471.18,80.51,243.8,1036.06,386.68,237.62,286.55,442.03,209.04,102.0,3547.04,234.08,145.87,135.73,39.44,55.8,98.47,275.17
20261008,10:45:55,49502.01,44331.3,26718.73,17681.62,126.94,1891.55,493.91,482.32,558.11,111.95,167.01,206.38,91.97,150.5,273.56,121.86,194.24,294.53,3147.05,1666.05,471.2,80.5,244.04,1035.39,386.67,237.62,286.54,442.07,209.03,102.0,3547.57,234.08,145.87,135.73,39.44,55.8,98.47,275.17
20261008,10:46:00,49508.09,44337.05,26719.75,17682.21,126.94,1891.55,493.91,482.32,558.11,111.95,167.01,206.39,91.97,150.5,273.56,121.98,194.2,294.53,3147.5,1666.13,471.35,80.51,243.93,1035.72,386.67,237.62,286.85,442.07,209.02,102.0,3547.73,234.08,145.87,135.73,39.44,55.8,98.47,275.16
20261008,10:46:05,49509.9,44338.02,26721.35,17681.4,126.94,1891.55,493.83,482.21,558.11,111.95,167.01,206.39,91.97,150.5,273.56,121.98,194.2,294.53,3147.59,1666.16,471.31,80.52,243.8,1036.02,386.68,237.62,286.85,442.07,209.02,102.0,3548.45,234.08,145.86,135.73,39.44,55.8,98.47,275.16
20261008,10:46:10,49510.7,44339.01,26720.18,17680.76,126.94,1891.55,493.75,482.21,558.11,111.95,167.0,206.36,91.97,150.5,273.56,121.98,194.2,294.53,3147.69,1666.35,471.13,80.52,243.73,1036.01,386.67,237.62,286.77,442.07,208.93,102.0,3548.26,234.08,145.86,135.73,39.44,55.8,98.47,275.45
20261008,10:46:15,49475.08,44304.12,26722.59,17682.94,127.07,1891.55,493.66,482.21,558.47,111.95,167.0,206.36,91.97,150.5,273.56,121.96,194.2,294.53,3144.82,1664.04,471.13,80.5,243.99,1036.12,386.67,237.62,286.77,442.07,209.08,101.99,3548.42,234.08,145.86,135.73,39.44,55.8,98.47,275.47
20261008,10:46:20,49511.82,44338.11,26726.62,17681.51,126.94,1891.55,493.66,482.2,558.47,111.95,167.0,206.36,91.97,150.5,273.56,121.95,194.2,294.53,3147.6,1666.27,471.23,80.52,243.76,1035.92,386.67,237.61,286.77,442.1,208.94,101.99,3550.06,234.15,145.86,135.73,39.44,55.8,98.47,275.49
20261008,10:46:25,49513.45,44339.65,26727.4,17682.22,127.07,1891.55,493.65,482.2,558.47,111.95,167.01,206.41,91.97,150.5,273.56,121.95,194.17,294.53,3147.7,1666.36,471.35,80.51,243.65,1035.86,386.67,237.61,286.77,442.1,208.94,101.99,3550.11,234.15,145.86,135.82,39.44,55.8,98.47,275.49
20261008,10:46:30,49518.62,44344.19,26725.51,17678.38,126.94,1891.55,493.03,482.2,558.47,111.95,167.01,206.41,91.97,150.5,273.56,121.95,194.17,294.53,3148.16,1666.53,471.41,80.52,243.9,1036.12,386.7,237.75,286.77,442.1,209.06,101.99,3550.56,234.15,145.86,135.82,39.44,55.8,98.47,275.49
20261008,10:46:35,49514.21,44339.73,26728.16,17680.92,126.94,1891.33,493.57,482.21,558.47,111.95,167.0,206.35,91.97,150.5,273.56,121.95,194.13,294.54,3147.74,1666.4,471.42,80.52,243.64,1036.15,386.67,237.75,286.46,442.1,208.94,101.99,3550.71,234.15,145.86,135.82,39.44,55.8,98.47,275.5
20261008,10:46:40,49516.34,44341.81,26723.28,17675.29,126.94,1891.39,492.86,482.42,558.39,111.95,166.99,206.32,91.97,150.5,273.56,121.95,194.09,294.54,3148.05,1666.33,471.57,80.52,243.89,1036.29,386.67,237.75,286.77,442.1,208.93,101.99,3550.71,234.15,145.86,135.82,39.44,55.78,98.47,275.48
20261008,10:46:45,49476.84,44303.27,26724.75,17676.83,126.94,1891.39,492.85,482.42,558.39,111.95,166.99,206.32,91.97,150.5,273.56,121.95,194.17,294.53,3144.9,1664.03,471.47,80.53,243.63,1036.25,386.67,237.75,286.77,442.1,209.07,101.99,3550.75,234.15,145.87,135.82,39.44,55.78,98.47,275.49
20261008,10:46:50,49474.82,44301.51,26727.2,17680.33,126.94,1891.39,493.29,482.42,558.4,111.95,166.99,206.32,91.97,150.5,273.56,121.95,194.17,294.53,3144.68,1664.03,471.46,80.51,243.89,1035.52,386.68,237.75,286.77,442.11,209.09,101.99,3550.56,234.15,145.87,135.82,39.44,55.8,98.47,275.49
20261008,10:46:55,49471.15,44298.15,26720.71,17673.6,126.94,1891.39,492.5,482.42,558.4,111.87,166.99,206.3,91.97,150.5,273.56,121.85,194.17,294.53,3144.57,1663.96,471.36,80.47,243.88,1035.66,386.68,237.75,286.77,442.1,209.08,101.99,3550.36,234.15,145.87,135.82,39.44,55.8,98.47,275.49
20261008,10:47:00,49470.06,44297.3,26720.77,17674.36,126.94,1891.34,492.59,482.36,558.35,111.87,166.99,206.31,91.97,150.5,273.56,121.86,194.21,294.59,3144.48,1663.85,471.64,80.49,243.88,1035.48,386.68,237.75,286.77,442.16,209.08,101.99,3550.17,234.15,145.87,135.82,39.44,55.8,98.47,275.49
20261008,10:47:05,49479.71,44306.07,26722.65,17674.39,126.94,1891.34,492.59,482.36,558.35,111.86,166.99,206.32,91.97,150.5,273.56,121.86,194.21,294.59,3145.19,1664.17,471.66,80.51,244.0,1036.0,386.68,237.75,286.77,442.19,209.08,101.99,3550.75,234.15,145.87,135.82,39.44,55.8,98.47,275.5
20261008,10:47:10,49474.35,44300.78,26721.76,17673.16,126.94,1891.34,492.67,482.36,558.09,111.86,166.99,206.33,91.97,150.5,273.56,121.86,194.21,294.59,3144.79,1663.92,471.75,80.49,244.0,1035.77,386.68,237.75,286.77,442.19,208.97,101.99,3550.81,234.15,145.87,135.82,39.44,55.8,98.47,275.5
20261008,10:47:15,49474.11,44300.82,26716.77,17668.34,126.94,1891.34,492.59,482.29,558.07,111.86,166.99,206.31,91.97,150.5,273.56,121.86,194.12,294.59,3144.91,1663.99,471.75,80.49,243.77,1036.0,386.89,237.75,286.77,442.19,209.07,101.99,3550.56,234.15,145.28,135.8,39.44,55.8,98.47,275.5
20261008,10:47:20,49473.91,44300.34,26711.97,17661.85,126.88,1891.34,491.88,482.29,558.08,111.87,166.97,206.26,91.97,150.5,273.56,121.86,194.12,294.59,3145.03,1664.11,471.53,80.48,243.88,1036.07,386.89,237.75,286.77,442.19,208.96,101.99,3550.82,234.15,145.28,135.8,39.44,55.8,98.47,275.51
20261008,10:47:25,49473.19,44299.59,26712.96,17662.83,126.88,1891.37,491.88,482.29,558.08,111.87,166.98,206.27,91.97,150.5,273.56,121.98,194.12,294.59,3144.94,1664.1,471.58,80.49,243.63,1036.04,386.9,237.75,286.77,442.19,208.96,101.99,3550.87,234.15,145.29,135.8,39.44,55.81,98.47,275.51
20261008,10:47:30,49470.93,44298.04,26710.63,17662.34,126.75,1891.37,491.86,482.34,558.08,111.87,166.98,206.27,91.97,150.5,273.56,121.98,194.12,294.59,3144.83,1664.03,471.67,80.49,243.75,1035.78,386.9,237.75,286.77,442.19,208.96,101.99,3550.27,234.15,145.29,135.8,39.44,55.8,98.47,275.51
20261008,10:47:35,49468.51,44295.68,26706.52,17657.6,126.75,1891.38,491.87,482.34,558.08,111.91,166.98,206.3,91.97,150.5,273.56,121.98,194.12,294.59,3144.75,1663.92,471.56,80.49,244.0,1035.79,386.89,237.75,286.81,442.16,208.96,101.99,3550.27,234.15,144.69,135.82,39.44,55.78,98.47,275.5
20261008,10:47:40,49470.41,44297.5,26711.09,17662.77,126.75,1892.8,491.8,482.34,558.11,111.91,166.98,206.3,91.97,150.5,273.56,121.86,194.12,294.59,3144.78,1663.99,471.53,80.49,243.75,1035.89,386.92,237.75,286.81,442.14,209.07,101.99,3550.3,234.15,145.28,135.82,39.44,55.78,98.47,275.51
20261008,10:47:45,49507.08,44333.45,26706.5,17658.22,126.75,1892.8,491.8,482.21,558.56,111.91,166.99,206.3,91.97,150.5,273.56,121.86,194.12,294.6,3147.78,1666.33,471.55,80.48,243.62,1035.89,386.67,237.75,286.86,442.11,208.96,101.99,3550.1,234.15,144.69,135.82,39.44,55.78,98.47,275.51
20261008,10:47:50,49466.07,44294.08,26699.87,17652.56,126.75,1892.8,491.26,482.21,558.33,111.91,166.98,206.28,91.97,150.51,273.56,121.86,194.12,294.59,3144.75,1663.94,471.55,80.41,243.87,1035.9,386.99,237.75,286.86,442.11,208.96,101.99,3549.56,234.15,144.68,135.82,39.44,55.78,98.47,275.22
20261008,10:47:55,49463.64,44291.49,26701.22,17653.35,126.75,1892.8,491.24,482.21,558.38,111.91,166.98,206.28,91.97,150.51,273.56,121.98,194.09,294.59,3144.52,1663.81,471.48,80.41,243.76,1035.94,386.99,237.75,286.86,442.11,208.95,101.99,3549.77,234.15,144.69,135.82,39.44,55.78,98.47,275.22
20261008,10:48:00,49464.44,44291.74,26703.92,17654.69,126.75,1892.8,491.4,482.29,558.38,111.91,166.98,206.3,91.97,150.5,273.56,121.98,194.09,294.61,3144.51,1663.75,471.47,80.41,243.98,1035.91,386.99,237.75,286.85,442.12,208.95,101.99,3550.25,234.15,144.69,135.82,39.44,55.78,98.47,275.22
20261008,10:48:05,49464.18,44291.47,26702.63,17653.15,126.75,1892.8,491.15,482.29,558.3,111.91,166.98,206.3,91.97,150.5,273.56,121.98,194.09,294.62,3144.52,1664.02,471.46,80.41,243.85,1035.78,386.99,237.75,286.43,442.12,209.06,101.99,3550.26,233.83,144.69,135.82,39.44,55.78,98.47,275.22
20261008,10:48:10,49462.68,44290.0,26700.89,17651.11,126.75,1892.8,491.06,482.26,558.22,111.91,166.98,206.28,91.97,150.71,273.56,121.98,194.09,294.61,3144.45,1663.98,471.32,80.41,243.86,1035.89,386.99,237.75,286.43,442.12,208.92,101.99,3550.27,233.83,144.7,135.82,39.44,55.78,98.47,275.22
20261008,10:48:15,49460.93,44288.88,26694.86,17646.14,126.75,1892.8,490.97,482.26,558.29,111.91,166.98,206.3,91.97,150.71,273.56,121.85,194.09,294.62,3144.48,1663.98,471.32,80.41,243.86,1035.84,386.98,237.75,286.52,442.09,209.02,101.99,3549.74,233.83,144.1,135.82,39.44,55.78,98.47,275.21
20261008,10:48:20,49505.84,44332.08,26699.47,17649.54,126.62,1892.8,490.88,482.26,558.3,111.91,166.98,206.3,91.97,150.71,273.56,121.86,194.05,294.62,3147.88,1666.45,471.21,80.39,243.97,1035.92,386.98,237.75,286.86,442.08,209.0,101.99,3550.26,233.83,144.7,135.79,39.44,55.78,98.47,275.21
20261008,10:48:25,49504.06,44330.34,26701.33,17651.68,126.62,1892.8,491.05,482.13,558.37,111.88,166.98,206.28,91.97,150.71,273.56,121.98,194.05,294.61,3147.69,1666.51,471.21,80.4,243.71,1035.49,386.98,237.75,286.86,442.08,209.01,101.99,3550.26,233.83,144.69,135.79,39.45,55.8,98.47,275.21
20261008,10:48:30,49505.41,44331.43,26704.99,17655.15,126.62,1892.8,491.51,482.13,558.37,111.87,166.98,206.28,91.97,150.71,273.56,121.99,194.05,294.62,3147.69,1666.47,471.13,80.41,243.96,1035.5,386.97,237.75,286.85,442.08,209.03,101.99,3550.46,233.83,144.69,135.78,39.45,55.78,98.47,275.21
20261008,10:48:35,49508.57,44334.08,26705.91,17654.77,126.62,1892.8,491.59,482.13,558.36,111.87,166.98,206.28,91.97,150.71,273.56,121.99,194.05,294.61,3147.92,1666.45,471.1,80.43,243.85,1036.15,386.97,237.76,286.86,442.08,208.92,101.99,3550.85,233.83,144.7,135.78,39.45,55.78,98.47,275.21
20261008,10:48:40,49508.76,44334.49,26701.54,17650.48,126.62,1892.8,491.05,482.13,558.33,111.86,166.98,206.28,91.97,150.71,273.56,121.97,194.05,294.61,3148.05,1666.61,471.31,80.43,243.73,1035.9,386.97,237.76,286.85,442.08,208.92,101.99,3550.65,233.83,144.7,135.78,39.45,55.78,98.47,275.19
20261008,10:48:45,49462.92,44289.54,26702.02,17650.09,126.62,1892.43,491.05,482.13,558.33,111.86,166.98,206.28,91.97,150.71,273.56,121.98,194.05,294.61,3144.44,1664.19,471.26,80.43,243.6,1035.34,386.97,237.76,286.54,442.05,208.92,101.99,3550.91,233.83,144.68,135.76,39.45,55.78,98.47,275.19
20261008,10:48:50,49467.51,44293.7,26700.37,17647.16,126.62,1892.43,491.05,482.05,558.56,111.86,166.98,206.28,91.97,150.71,273.56,121.98,194.09,294.62,3144.85,1664.19,471.15,80.41,243.85,1035.82,386.97,237.76,286.85,442.05,209.03,101.99,3551.18,233.82,144.08,135.76,39.45,55.78,98.47,275.2
20261008,10:48:55,49465.8,44292.82,26702.07,17651.72,126.62,1892.43,491.05,481.97,558.56,111.86,166.99,206.31,91.97,150.71,273.56,121.99,194.09,294.62,3144.66,1664.03,471.16,80.41,243.85,1035.91,386.64,237.76,286.85,442.05,209.0,101.99,3550.47,233.91,144.68,135.76,39.45,55.78,98.47,275.2
20261008,10:49:00,49506.52,44332.19,26703.46,17652.32,126.62,1892.43,491.13,481.97,558.56,111.86,166.98,206.28,91.97,150.71,273.56,121.99,194.09,294.62,3147.82,1666.47,471.15,80.39,243.96,1035.91,386.64,237.75,286.81,442.05,209.0,101.99,3550.75,233.91,144.68,135.78,39.45,55.77,98.47,275.21
20261008,10:49:05,49503.17,44329.03,26701.55,17650.43,126.64,1892.43,491.05,481.97,558.56,111.86,166.98,206.28,91.97,150.71,273.56,121.99,194.09,294.39,3147.61,1666.45,471.25,80.41,243.96,1035.34,386.64,237.75,286.81,442.06,208.92,101.99,3550.66,233.91,144.68,135.78,39.45,55.77,98.47,275.2
20261008,10:49:10,49500.39,44326.69,26695.55,17644.78,126.64,1892.43,491.04,481.97,558.56,111.91,166.98,206.28,91.97,150.71,273.56,121.99,194.09,294.16,3147.56,1666.62,471.14,80.41,243.78,1035.37,386.57,237.75,286.5,442.06,208.89,101.99,3550.32,233.87,144.08,135.78,39.45,55.77,98.47,275.19
20261008,10:49:15,49498.03,44324.39,26699.61,17649.45,126.64,1892.43,491.04,481.97,558.49,111.91,166.98,206.28,91.97,150.71,273.71,121.99,194.09,294.17,3147.26,1666.46,471.06,80.42,243.67,1035.3,386.57,237.75,286.54,442.08,208.89,101.99,3550.32,233.87,144.68,135.78,39.45,55.77,98.47,275.19
20261008,10:49:20,49503.77,44329.6,26701.64,17650.53,126.64,1891.01,491.13,481.97,558.49,111.92,166.98,206.28,91.97,150.71,273.71,121.97,194.09,294.17,3147.66,1666.52,471.07,80.41,243.93,1035.4,386.57,237.75,286.85,442.08,209.0,101.99,3550.67,233.87,144.68,135.78,39.45,55.77,98.47,275.19
20261008,10:49:25,49503.87,44329.37,26702.44,17650.32,126.7,1891.24,491.06,481.97,558.49,111.92,166.99,206.31,91.97,150.71,273.71,121.97,194.09,294.17,3147.64,1666.51,471.06,80.41,244.04,1035.3,386.57,237.75,286.85,442.07,209.0,101.99,3550.97,233.87,144.68,135.78,39.45,55.77,98.47,275.19
20261008,10:49:30,49460.07,44287.73,26694.97,17645.22,126.64,1891.24,490.98,481.97,558.55,111.92,167.0,206.29,91.99,150.71,273.71,121.97,194.02,294.17,3144.41,1664.1,471.06,80.41,243.93,1035.16,386.57,237.75,286.85,442.1,209.01,101.99,3550.02,233.87,144.08,135.78,39.45,55.77,98.47,275.19
20261008,10:49:35,49464.42,44291.49,26700.27,17649.7,126.64,1891.24,490.98,481.89,558.55,111.92,167.0,206.29,91.99,150.71,273.71,121.97,194.02,294.17,3144.61,1664.08,471.19,80.38,244.04,1035.91,386.57,237.75,286.53,442.01,209.01,101.99,3550.46,233.87,144.68,135.78,39.45,55.77,98.47,275.19
20261008,10:49:40,49508.6,44334.54,26701.17,17650.74,126.7,1891.24,490.97,481.89,558.89,111.92,167.0,206.29,91.99,150.71,273.71,121.97,194.02,294.16,3148.05,1666.41,471.43,80.41,244.05,1036.14,386.57,237.75,286.89,442.05,209.02,101.99,3550.46,233.87,144.68,135.73,39.45,55.76,98.47,275.19
20261008,10:49:45,49508.63,44334.25,26697.71,17645.69,126.7,1891.24,490.95,481.76,558.89,111.92,166.99,206.26,91.99,150.71,273.71,121.97,194.02,294.17,3148.15,1666.47,471.34,80.41,243.8,1036.51,386.57,237.75,286.89,442.05,209.01,101.99,3550.75,233.87,144.08,135.73,39.45,55.76,98.47,275.19
20261008,10:49:50,49510.59,44335.79,26702.33,17649.75,126.7,1891.24,490.95,481.89,558.85,111.92,167.0,206.28,91.99,150.5,273.71,121.95,194.02,294.16,3148.17,1666.49,471.3,80.41,243.91,1036.5,386.5,237.75,286.85,442.04,208.98,101.99,3551.09,233.87,144.68,135.73,39.45,55.76,98.47,275.19
20261008,10:49:55,49513.06,44338.65,26697.35,17645.57,126.7,1891.24,491.04,481.89,558.8,111.84,167.01,206.32,91.99,150.5,273.71,121.99,194.02,294.18,3148.51,1666.67,471.05,80.41,244.34,1036.6,386.5,237.75,286.85,442.04,208.97,101.99,3550.67,233.87,144.08,135.73,39.45,55.76,98.47,275.19
20261008,10:50:00,49514.66,44339.97,26702.44,17650.63,126.64,1891.24,491.04,481.89,558.87,111.84,167.01,206.32,91.99,150.5,273.71,121.99,194.02,294.18,3148.49,1666.66,471.07,80.4,244.34,1036.61,386.5,237.75,286.85,442.04,209.0,101.99,3550.89,233.87,144.68,135.73,39.45,55.76,98.47,275.2
20261008,10:50:05,49510.86,44339.48,26694.11,17651.8,126.64,1891.24,490.95,481.89,558.87,111.84,167.0,206.29,91.99,150.5,273.71,121.99,194.02,294.18,3148.42,1666.62,471.18,80.39,244.09,1036.68,386.5,237.75,286.85,442.05,209.18,101.99,3547.97,233.87,144.68,135.73,39.45,55.79,98.47,275.2
20261008,10:50:10,49509.43,44338.72,26692.38,17651.9,126.64,1891.24,490.95,481.89,558.87,111.83,167.0,206.29,91.99,150.5,273.71,121.99,194.02,294.18,3148.36,1666.62,471.18,80.4,244.09,1036.42,386.5,237.75,286.93,442.05,209.18,101.99,3547.4,233.87,144.68,135.73,39.45,55.79,98.47,275.25
20261008,10:50:15,49516.27,44343.08,26699.09,17651.92,126.64,1891.24,491.04,481.89,558.8,111.83,167.0,206.29,91.99,150.5,273.71,121.99,194.02,294.18,3148.71,1666.71,471.5,80.41,244.1,1036.51,387.07,237.75,286.94,442.05,209.14,101.99,3549.49,233.87,144.68,135.73,39.45,55.79,98.47,275.22
20261008,10:50:20,49520.12,44346.59,26698.23,17650.13,126.64,1891.24,490.95,481.88,558.8,111.83,167.0,206.28,91.99,150.5,273.71,121.95,194.02,294.18,3149.04,1666.72,471.53,80.39,244.35,1037.09,387.07,237.75,286.89,442.08,209.03,101.99,3549.71,233.87,144.68,135.74,39.45,55.79,98.47,275.25
20261008,10:50:25,49477.52,44304.49,26700.62,17650.91,126.64,1891.24,491.04,481.88,558.8,111.83,167.0,206.29,91.99,150.5,273.71,121.95,194.02,294.18,3145.62,1664.31,471.33,80.41,243.87,1037.01,387.07,237.75,286.9,442.06,209.04,101.99,3550.24,233.87,144.69,135.74,39.45,55.79,98.47,275.25
20261008,10:50:30,49477.55,44306.61,26694.32,17650.66,126.51,1891.24,491.05,481.96,558.8,111.83,167.0,206.27,91.99,150.5,273.71,121.95,194.02,294.18,3145.8,1664.32,471.39,80.41,244.23,1037.05,386.82,237.75,286.9,442.06,209.04,101.99,3548.34,233.87,144.7,135.74,39.45,55.78,98.47,275.25
20261008,10:50:35,49477.91,44306.96,26694.05,17650.35,126.51,1891.14,491.04,481.98,558.79,111.83,167.0,206.29,91.99,150.49,273.71,121.95,194.05,294.18,3145.84,1664.27,471.59,80.41,244.35,1037.03,386.47,237.75,286.9,442.06,209.0,101.99,3548.34,233.87,144.7,135.74,39.45,55.78,98.47,275.25
20261008,10:50:40,49518.06,44346.08,26694.0,17650.29,126.51,1891.14,491.04,481.98,558.79,111.83,167.0,206.27,91.99,150.49,273.71,121.95,194.05,294.18,3148.99,1666.75,471.48,80.41,244.35,1037.0,386.47,237.75,286.9,442.06,209.0,101.99,3548.34,233.87,144.7,135.74,39.45,55.78,98.47,275.25
20261008,10:50:45,49515.04,44344.58,26688.85,17649.16,126.51,1891.14,491.02,481.73,558.87,111.83,167.0,206.28,91.99,150.49,273.71,121.83,194.05,294.18,3148.9,1666.69,471.48,80.39,244.35,1036.99,386.47,237.75,286.91,442.06,208.97,101.99,3547.04,233.87,144.7,135.74,39.45,55.78,98.47,275.25
20261008,10:50:50,49519.24,44345.95,26696.66,17649.06,126.64,1891.14,490.94,481.65,558.87,111.83,167.0,206.27,91.99,150.7,273.71,121.83,194.05,294.18,3149.01,1666.78,471.49,80.41,244.35,1036.92,386.47,237.75,286.91,442.06,208.97,101.99,3549.51,233.83,144.7,135.74,39.45,55.78,98.47,275.25
20261008,10:50:55,49516.42,44342.98,26697.54,17649.33,126.51,1891.14,491.02,481.72,558.87,111.83,167.0,206.27,91.99,150.7,273.71,121.82,194.05,294.19,3148.76,1666.87,471.51,80.39,244.35,1036.11,386.47,237.6,286.91,442.06,208.97,101.99,3549.71,233.83,144.7,135.74,39.45,55.78,98.47,275.25
20261008,10:51:00,49513.36,44342.0,26692.8,17650.54,126.64,1891.14,491.1,481.72,558.85,111.83,167.01,206.28,91.99,150.7,273.71,121.82,194.05,294.19,3148.66,1666.84,471.4,80.39,244.35,1036.04,386.47,237.47,286.92,442.06,209.0,101.99,3547.9,233.83,144.7,135.73,39.45,55.78,98.47,275.25
20261008,10:51:05,49510.7,44339.35,26693.15,17650.76,126.7,1891.14,491.02,481.72,558.74,111.83,167.03,206.36,92.0,150.7,273.71,121.95,194.05,294.19,3148.44,1666.77,471.39,80.38,244.34,1036.21,386.47,237.6,286.58,442.06,209.0,101.99,3547.95,233.83,144.7,135.73,39.45,55.78,98.47,275.24
20261008,10:51:10,49467.68,44298.05,26690.83,17650.15,126.56,1891.14,491.02,481.72,558.74,111.83,167.03,206.36,91.99,150.49,273.71,121.99,194.09,294.19,3145.12,1664.34,471.38,80.39,243.98,1036.06,386.44,237.6,286.63,442.06,208.97,101.99,3547.39,233.83,144.7,135.77,39.45,55.78,98.47,275.24
20261008,10:51:15,49475.09,44304.98,26691.29,17649.75,126.5,1891.14,491.02,481.76,558.67,111.83,167.03,206.37,92.0,150.49,273.71,121.99,194.09,294.19,3145.69,1664.34,471.27,80.39,244.23,1036.9,386.47,237.6,286.93,442.1,208.86,101.99,3547.64,233.83,144.7,135.77,39.45,55.78,98.47,275.55
20261008,10:51:20,49514.11,44342.0,26692.64,17647.93,126.56,1891.14,490.93,481.65,558.67,111.75,167.03,206.36,92.0,150.49,273.56,121.99,194.09,294.19,3148.72,1666.82,471.34,80.39,244.23,1036.52,386.47,237.6,286.84,442.06,208.86,101.99,3548.56,233.83,144.7,135.77,39.45,55.78,98.47,275.25
20261008,10:51:25,49510.72,44338.75,26693.01,17648.52,126.56,1891.14,491.02,481.98,558.67,111.75,167.03,206.34,92.0,150.49,273.56,121.95,193.94,294.19,3148.44,1666.62,471.35,80.39,243.97,1036.68,386.47,237.6,286.84,442.06,208.86,102.04,3548.52,233.83,144.7,135.77,39.45,55.78,98.47,275.25
20261008,10:51:30,49514.94,44343.29,26694.39,17651.57,126.56,1891.14,491.49,481.72,558.67,111.75,167.05,206.41,92.0,150.28,273.56,121.95,193.94,294.19,3148.74,1666.8,471.35,80.39,243.97,1036.84,386.47,237.6,286.84,442.05,208.86,102.04,3548.12,233.83,144.7,135.77,39.45,55.78,98.47,275.25
20261008,10:51:35,49515.71,44342.52,26694.76,17646.89,126.56,1892.56,490.77,481.72,558.67,111.75,167.05,206.41,92.0,150.28,273.56,121.95,193.94,294.19,3148.79,1666.74,471.46,80.39,244.33,1036.72,386.47,237.6,286.83,442.03,208.86,102.04,3549.51,233.83,144.7,135.77,39.45,55.78,98.47,275.26
20261008,10:51:40,49516.82,44345.02,26693.61,17650.33,126.5,1892.56,491.31,481.59,558.67,111.75,167.04,206.37,92.0,150.28,273.56,121.95,193.94,294.19,3148.91,1666.8,471.46,80.39,244.33,1036.82,386.47,237.6,286.83,442.03,208.86,102.04,3548.21,233.83,144.7,135.77,39.42,55.78,98.47,275.26
20261008,10:51:45,49509.33,44337.94,26693.21,17650.58,126.62,1892.56,491.31,481.72,558.67,111.75,167.03,206.36,92.0,150.28,273.56,121.95,193.94,294.18,3148.33,1666.75,471.46,80.39,244.33,1036.01,386.49,237.6,286.52,442.03,208.86,102.04,3548.02,233.83,144.7,135.7,39.42,55.78,98.47,275.26
20261008,10:51:50,49469.24,44299.03,26693.09,17650.96,126.5,1892.56,491.22,481.72,558.7,111.75,167.04,206.37,92.0,150.28,273.56,121.95,193.94,294.18,3145.18,1664.36,471.46,80.41,244.22,1035.98,386.43,237.6,286.51,442.03,208.98,102.04,3547.88,233.83,144.7,135.7,39.42,55.8,98.47,275.26
20261008,10:51:55,49513.48,44342.14,26693.43,17651.36,126.5,1892.56,491.23,481.72,558.7,111.83,167.04,206.4,92.0,150.28,273.56,121.95,193.94,294.18,3148.65,1666.76,471.46,80.39,244.22,1036.44,386.43,237.6,286.82,442.03,208.98,102.04,3547.88,233.83,144.7,135.71,39.42,55.8,98.47,275.26
20261008,10:52:00,49515.56,44341.97,26695.22,17646.08,126.5,1892.56,490.68,481.7,558.47,111.83,167.04,206.38,92.0,150.07,273.56,121.95,193.94,294.13,3148.76,1666.81,471.45,80.41,244.22,1036.51,386.42,237.6,286.82,442.03,208.98,102.04,3549.87,233.83,144.7,135.71,39.42,55.8,98.47,275.26
20261008,10:52:05,49513.58,44341.78,26686.9,17642.28,126.5,1892.56,490.14,481.63,558.47,111.83,167.04,206.38,92.0,150.07,273.56,121.99,193.94,294.13,3148.84,1666.82,471.44,80.39,244.35,1036.54,386.17,237.6,286.92,442.03,208.98,102.04,3548.3,233.83,144.7,135.71,39.42,55.8,98.47,275.26
20261008,10:52:10,49506.41,44335.17,26688.83,17645.81,126.5,1892.56,490.77,481.58,558.16,111.75,167.03,206.37,92.0,150.28,273.56,121.99,193.94,294.13,3148.22,1666.58,471.44,80.42,244.35,1035.76,386.17,237.6,286.91,442.03,208.98,102.04,3547.95,233.83,144.69,135.71,39.42,55.8,98.47,275.26
20261008,10:52:15,49510.92,44336.96,26695.84,17645.16,126.5,1892.56,490.69,481.75,558.16,111.75,167.03,206.37,92.0,150.28,273.56,121.99,193.94,294.13,3148.38,1666.75,471.31,80.39,244.35,1035.81,386.17,237.6,286.91,442.04,208.98,102.04,3550.31,233.83,144.69,135.71,39.42,55.78,98.47,275.24
20261008,10:52:20,49472.92,44299.78,26697.26,17646.27,126.5,1892.56,490.69,481.99,558.16,111.99,167.04,206.39,92.0,150.28,273.56,121.97,193.94,294.13,3145.36,1664.37,471.42,80.42,244.35,1035.71,386.75,237.6,286.91,442.04,208.98,102.04,3550.45,233.83,144.69,135.79,39.42,55.78,98.47,275.24
20261008,10:52:25,49506.54,44334.63,26690.67,17645.68,126.5,1892.56,490.62,482.12,558.16,111.91,167.05,206.38,92.01,150.28,273.56,121.96,193.94,294.13,3148.18,1666.61,471.36,80.42,244.24,1035.74,386.75,237.6,286.87,442.04,208.98,101.99,3548.55,233.83,144.69,135.8,39.42,55.78,98.47,275.24
20261008,10:52:30,49503.37,44332.3,26685.3,17642.05,126.62,1892.56,490.07,482.12,558.16,111.91,167.04,206.38,92.0,150.28,273.56,121.96,193.91,294.13,3148.08,1666.71,471.37,80.41,243.99,1035.79,386.75,237.6,286.56,442.04,208.98,101.99,3547.86,233.83,144.69,135.83,39.42,55.78,98.47,275.24
20261008,10:52:35,49504.92,44331.31,26692.35,17641.78,126.62,1892.56,489.97,482.19,558.26,111.9,167.04,206.38,92.0,150.28,273.56,121.97,193.87,294.13,3148.01,1666.49,471.26,80.4,244.24,1035.81,386.75,237.6,286.87,442.04,208.98,101.99,3550.14,233.83,144.69,135.83,39.42,55.78,98.47,275.24
20261008,10:52:40,49504.5,44330.89,26690.59,17639.76,126.62,1892.56,489.89,482.04,558.26,111.9,167.04,206.38,92.0,150.28,273.56,121.84,193.87,293.91,3148.02,1666.48,471.27,80.45,244.35,1035.71,386.42,237.6,286.9,442.04,208.99,101.99,3550.14,233.83,144.69,135.83,39.42,55.78,98.47,275.24
20261008,10:52:45,49504.15,44330.56,26691.77,17641.11,126.5,1892.56,489.97,482.04,558.26,111.9,167.05,206.38,92.01,150.28,273.56,121.84,193.87,294.35,3147.96,1666.32,471.28,80.49,244.35,1035.89,386.42,237.6,286.94,442.04,208.99,101.99,3550.14,233.83,144.69,135.83,39.42,55.78,98.47,275.24
20261008,10:52:50,49503.14,44329.99,26686.51,17636.45,126.5,1892.56,489.35,482.19,558.26,111.9,167.04,206.38,92.0,150.28,273.56,121.84,193.87,294.35,3148.03,1666.42,471.46,80.49,244.24,1036.07,386.42,237.6,286.63,441.98,208.99,101.99,3549.76,233.83,144.69,135.83,39.42,55.78,98.47,275.19
20261008,10:52:55,49463.18,44291.46,26685.43,17636.59,126.5,1892.56,489.35,482.19,558.26,111.9,167.04,206.37,92.0,150.28,273.56,121.86,193.87,294.35,3144.92,1663.99,471.44,80.49,243.99,1036.04,386.42,237.6,286.92,441.98,209.0,101.99,3549.38,233.83,144.69,135.83,39.42,55.78,98.47,275.19
20261008,10:53:00,49461.47,44288.58,26689.07,17636.71,126.5,1892.56,489.35,482.19,558.26,111.9,167.05,206.41,92.0,150.28,273.56,121.86,193.87,294.35,3144.68,1663.94,471.45,80.49,243.99,1036.04,386.42,237.61,286.6,441.98,209.0,101.99,3550.49,233.83,144.69,135.83,39.42,55.78,98.47,275.19
20261008,10:53:05,49462.47,44289.49,26693.01,17641.03,126.5,1892.56,489.89,482.19,558.26,111.9,167.06,206.42,92.01,150.28,273.56,121.88,193.87,294.35,3144.65,1663.92,471.29,80.47,243.87,1035.94,386.42,237.61,286.91,441.98,209.0,101.99,3550.55,233.83,144.69,135.83,39.42,55.81,98.47,275.19
20261008,10:53:10,49461.3,44287.94,26689.96,17636.15,126.5,1892.56,489.18,482.19,558.26,111.9,167.03,206.34,92.0,150.28,273.56,121.98,193.87,294.35,3144.65,1663.94,471.4,80.46,243.99,1036.05,386.48,237.61,286.6,441.98,209.0,101.99,3550.92,233.83,144.69,135.83,39.42,55.81,98.47,275.19
20261008,10:53:15,49465.5,44291.9,26689.25,17634.87,126.5,1892.56,489.1,482.19,558.26,111.9,167.03,206.36,92.0,150.28,273.56,121.86,193.87,294.35,3145.0,1663.97,471.4,80.47,244.1,1036.26,386.48,237.61,286.91,441.99,209.0,101.99,3551.04,233.82,144.69,135.83,39.42,55.81,98.47,275.19
20261008,10:53:20,49503.31,44329.44,26686.86,17634.45,126.5,1892.56,489.1,482.12,558.26,111.9,167.03,206.34,92.0,150.07,273.56,121.86,193.87,294.35,3148.03,1666.4,471.31,80.46,244.09,1036.1,386.48,237.61,286.91,441.99,209.0,101.99,3550.41,233.82,144.69,135.83,39.42,55.81,98.47,275.19
20261008,10:53:25,49499.85,44325.35,26689.0,17634.55,126.5,1892.56,489.09,481.99,558.25,111.89,167.04,206.38,92.0,150.07,273.56,121.86,193.87,294.35,3147.7,1666.26,471.04,80.46,244.34,1035.76,386.81,237.71,286.91,442.0,209.03,101.99,3551.05,233.82,144.69,135.83,39.42,55.81,98.47,275.19
20261008,10:53:30,49500.17,44325.29,26689.74,17634.15,126.5,1892.56,489.09,481.99,558.25,111.89,167.03,206.35,92.0,150.07,273.56,121.86,193.87,294.35,3147.7,1666.35,470.94,80.45,244.34,1036.04,386.81,237.71,286.59,441.98,208.98,101.99,3551.39,233.82,144.69,135.83,39.43,55.83,98.47,275.19
20261008,10:53:35,49460.71,44287.43,26687.86,17633.94,126.5,1892.56,489.0,481.99,558.26,111.88,167.02,206.33,92.0,150.07,273.56,121.95,193.87,294.35,3144.66,1664.01,471.04,80.46,244.09,1035.76,386.48,237.71,286.9,441.98,208.98,101.99,3550.86,233.82,144.69,135.83,39.43,55.81,98.47,275.18
20261008,10:53:40,49457.63,44284.57,26686.75,17633.15,126.5,1892.56,489.0,482.11,558.18,111.72,167.0,206.28,91.99,150.07,273.56,121.95,193.87,294.34,3144.45,1663.86,470.93,80.45,244.23,1035.73,386.48,237.71,286.9,441.98,208.98,101.99,3550.73,233.83,144.69,135.83,39.43,55.81,98.47,275.18
20261008,10:53:45,49456.95,44284.0,26688.48,17635.43,126.5,1893.98,489.55,482.11,558.11,111.72,166.99,206.3,91.98,150.07,273.56,121.82,193.87,294.34,3144.35,1663.84,470.98,80.44,244.09,1035.61,386.47,237.71,286.91,441.98,208.87,101.99,3550.65,233.83,144.69,135.83,39.43,55.81,98.47,275.18
20261008,10:53:50,49494.73,44321.44,26682.83,17631.04,126.5,1893.98,488.92,482.11,558.11,111.88,167.0,206.29,91.98,150.07,273.56,121.83,193.87,294.31,3147.47,1666.3,470.97,80.42,243.98,1035.63,386.47,237.71,286.91,441.98,208.83,101.99,3550.08,233.83,144.69,135.76,39.43,55.83,98.47,275.23
20261008,10:53:55,49457.17,44284.06,26685.14,17631.06,126.5,1893.98,488.91,481.96,558.11,111.86,167.01,206.32,91.98,150.28,273.56,121.83,193.87,294.31,3144.46,1663.83,470.97,80.42,244.12,1035.95,386.47,237.71,286.9,441.98,208.83,101.99,3550.8,233.83,144.69,135.76,39.43,55.83,98.47,275.22
20261008,10:54:00,49457.13,44283.62,26687.33,17632.26,126.5,1893.98,489.09,481.94,558.05,111.86,167.01,206.32,91.99,150.28,273.56,121.85,193.87,294.29,3144.39,1663.86,470.97,80.44,243.85,1035.89,386.47,237.71,286.9,441.98,208.83,101.99,3551.15,233.83,144.69,135.76,39.43,55.83,98.47,275.22
20261008,10:54:05,49457.07,44283.34,26688.72,17633.12,126.5,1893.98,489.0,481.81,558.05,111.86,167.02,206.35,91.99,150.28,273.71,121.85,193.87,294.27,3144.35,1663.82,470.97,80.47,244.1,1035.75,386.47,237.71,286.81,442.01,208.94,101.99,3551.35,233.83,144.69,135.76,39.43,55.83,98.66,275.24
20261008,10:54:10,49498.63,44324.06,26689.02,17634.21,126.5,1893.98,489.08,481.73,558.05,111.87,167.03,206.4,91.99,150.28,273.71,121.85,193.87,294.28,3147.6,1666.22,470.79,80.46,244.22,1036.18,386.47,237.71,286.82,442.06,208.98,101.99,3551.15,233.83,144.69,135.76,39.43,55.83,98.66,275.23
20261008,10:54:15,49496.31,44321.8,26688.2,17633.25,126.5,1892.56,489.0,481.73,558.2,111.87,167.04,206.43,91.99,150.07,273.71,121.85,193.87,294.26,3147.44,1666.28,470.79,80.43,244.33,1035.59,386.47,237.71,286.81,442.06,208.98,101.99,3551.15,233.83,144.69,135.76,39.43,55.83,98.66,275.23
20261008,10:54:20,49496.7,44322.18,26688.3,17633.37,126.5,1892.56,488.98,481.74,558.25,111.87,167.02,206.38,91.99,150.07,273.71,121.87,193.87,294.27,3147.47,1666.37,470.82,80.43,244.09,1035.59,386.46,237.71,286.81,442.06,208.98,101.99,3551.15,233.83,144.69,135.76,39.43,55.83,98.66,275.23
20261008,10:54:25,49455.6,44282.13,26688.86,17634.02,126.5,1892.56,488.91,481.82,558.25,111.87,167.02,206.37,91.99,150.07,273.83,121.99,193.87,294.3,3144.23,1663.89,470.7,80.42,244.22,1035.53,386.46,237.71,286.81,442.06,209.01,101.99,3551.15,233.83,144.69,135.76,39.44,55.81,98.66,275.23
20261008,10:54:30,49494.45,44320.54,26690.12,17637.34,126.5,1892.56,489.37,481.81,558.25,111.87,167.03,206.39,91.99,150.07,273.83,121.99,193.87,294.29,3147.24,1666.42,470.7,80.42,244.04,1035.49,386.46,237.71,286.5,442.06,208.99,101.99,3550.65,233.83,144.69,135.76,39.44,55.83,98.66,275.23
20261008,10:54:35,49449.98,44276.56,26687.55,17632.18,126.5,1892.66,488.83,481.94,558.25,111.87,167.02,206.38,91.98,150.07,273.83,122.0,193.87,294.29,3143.82,1663.89,470.68,80.41,243.68,1035.5,386.46,237.71,286.5,442.1,208.84,101.99,3551.24,233.83,144.69,135.75,39.44,55.83,98.66,275.23
20261008,10:54:40,49451.06,44278.46,26685.04,17632.15,126.5,1892.66,488.83,481.94,558.25,111.87,167.01,206.35,91.98,150.07,273.83,122.0,193.87,294.31,3143.98,1664.03,470.69,80.41,243.67,1035.49,386.14,237.71,286.5,442.1,208.84,101.99,3550.47,233.83,144.69,135.75,39.44,55.83,98.66,275.23
20261008,10:54:45,49494.77,44321.05,26685.01,17632.12,126.5,1892.66,488.83,481.86,557.95,111.87,167.02,206.31,92.0,150.07,273.83,121.98,193.87,294.33,3147.41,1666.43,470.69,80.39,244.15,1035.58,386.14,237.71,286.72,442.03,208.95,101.99,3550.47,233.83,144.69,135.75,39.44,55.83,98.75,275.23
20261008,10:54:50,49492.8,44318.76,26686.5,17632.57,126.56,1892.66,488.91,481.6,557.95,111.87,167.03,206.34,92.0,150.07,273.83,121.96,193.87,294.33,3147.22,1666.32,470.69,80.39,244.03,1035.54,386.14,237.71,286.73,442.03,208.95,101.99,3550.81,233.83,144.69,135.75,39.44,55.83,98.75,275.23
20261008,10:54:55,49452.51,44279.51,26684.71,17630.55,126.56,1892.66,488.82,481.6,557.89,111.71,167.04,206.36,92.0,150.07,273.83,121.96,193.87,294.35,3144.1,1663.86,470.8,80.39,244.03,1035.61,386.14,237.71,286.73,442.04,208.83,101.99,3550.8,233.83,144.69,135.75,39.44,55.85,98.75,275.25
20261008,10:55:00,49488.52,44317.18,26677.6,17631.02,126.5,1892.66,488.9,481.68,557.86,111.71,167.03,206.3,92.0,150.07,273.83,121.95,193.87,294.35,3147.13,1666.18,471.11,80.39,243.79,1035.52,386.14,237.71,286.74,442.04,208.87,101.99,3548.45,233.83,144.69,135.75,39.44,55.85,98.75,275.25
20261008,10:55:05,49482.81,44311.62,26677.59,17631.01,126.5,1892.66,488.82,481.52,557.85,111.71,167.03,206.29,92.01,149.86,273.83,121.94,193.87,294.34,3146.68,1665.97,470.8,80.38,243.79,1035.44,386.14,237.71,286.74,442.04,208.98,101.99,3548.45,233.83,144.68,135.75,39.44,55.85,98.75,275.25
20261008,10:55:10,49481.5,44311.01,26676.28,17631.74,126.62,1892.66,488.9,481.52,557.85,111.71,167.01,206.27,92.0,149.84,273.83,121.94,193.87,294.35,3146.61,1666.07,470.8,80.36,243.67,1035.54,386.13,237.71,286.42,442.04,208.98,101.99,3547.84,233.83,144.68,135.75,39.44,55.85,98.75,275.25
20261008,10:55:15,49442.15,44271.79,26677.59,17630.31,126.5,1894.08,489.45,481.52,557.8,111.71,167.0,206.23,92.0,149.63,273.83,121.94,193.87,294.35,3143.49,1663.56,470.88,80.37,244.04,1035.42,386.12,237.71,286.42,442.04,208.95,101.99,3548.64,233.83,144.08,135.77,39.44,55.85,98.75,275.25
20261008,10:55:20,49485.0,44313.69,26680.56,17634.19,126.5,1894.05,489.44,481.84,557.8,111.73,166.99,206.21,91.99,149.63,273.83,121.84,193.87,294.34,3146.77,1666.06,470.79,80.33,244.15,1035.19,386.12,237.71,286.73,442.01,208.95,101.99,3548.51,233.83,144.68,135.79,39.44,55.85,98.56,275.22
20261008,10:55:25,49484.66,44311.45,26686.36,17634.47,126.5,1894.05,489.44,481.77,557.8,111.73,166.99,206.23,91.99,149.63,273.83,121.82,193.91,294.34,3146.58,1665.89,470.88,80.36,243.89,1035.35,386.12,237.71,286.73,442.0,208.95,101.99,3550.25,234.15,144.68,135.79,39.44,55.83,98.56,275.22
20261008,10:55:30,49446.97,44274.71,26683.1,17630.72,126.62,1894.05,488.97,481.52,557.75,111.73,166.98,206.19,91.99,149.63,273.83,121.82,193.87,294.34,3143.71,1663.6,471.0,80.33,244.14,1035.29,386.12,237.71,286.73,442.0,208.84,102.02,3550.25,234.15,144.68,135.79,39.44,55.83,98.56,275.52
20261008,10:55:35,49447.08,44275.04,26684.98,17633.59,126.5,1893.99,489.52,481.59,557.75,111.73,166.99,206.19,91.99,149.63,273.83,121.82,193.87,294.34,3143.67,1663.59,470.79,80.33,244.15,1035.44,386.12,237.71,286.73,441.98,208.84,102.02,3550.06,234.15,144.69,135.79,39.44,55.84,98.56,275.2
20261008,10:55:40,49447.44,44275.38,26681.54,17629.63,126.5,1894.15,488.98,481.58,557.75,111.71,166.99,206.2,91.99,149.63,273.83,121.83,193.87,294.31,3143.79,1663.59,470.67,80.35,243.9,1036.0,386.12,237.71,286.73,441.98,208.84,102.02,3550.06,234.15,144.69,135.79,39.44,55.84,98.56,275.2
20261008,10:55:45,49487.87,44314.78,26679.39,17627.15,126.5,1894.15,488.98,481.45,557.7,111.64,166.96,206.14,91.99,149.63,273.83,121.83,193.87,294.32,3147.03,1666.0,470.62,80.35,244.15,1036.11,386.12,237.72,286.73,441.98,208.68,102.02,3550.06,234.15,144.69,135.77,39.44,55.82,98.56,275.2
20261008,10:55:50,49485.55,44312.52,26680.84,17628.82,126.5,1894.15,489.07,481.45,557.7,111.64,166.96,206.14,91.99,149.63,273.83,121.85,193.87,294.31,3146.8,1665.87,470.64,80.34,244.15,1035.98,386.1,237.72,286.73,441.91,208.79,102.05,3550.06,234.15,144.69,135.77,39.44,55.82,98.56,275.2
20261008,10:55:55,49484.2,44311.48,26683.9,17633.28,126.5,1894.15,489.61,481.68,557.7,111.64,166.97,206.2,91.99,149.63,273.83,121.85,193.87,294.31,3146.61,1666.04,470.62,80.32,243.9,1035.31,386.1,237.72,286.73,441.91,208.8,102.05,3549.81,234.15,144.69,135.77,39.44,55.82,98.56,275.2
20261008,10:56:00,49444.13,44272.18,26681.98,17630.21,126.5,1894.15,489.15,481.84,557.72,111.64,166.98,206.22,91.99,149.63,273.83,121.85,193.87,294.31,3143.52,1663.58,470.49,80.35,244.15,1035.38,386.1,237.72,286.73,441.91,208.8,102.05,3550.04,234.15,144.69,135.77,39.44,55.82,98.56,275.2
20261008,10:56:05,49441.37,44270.46,26678.02,17628.88,126.5,1894.15,489.14,481.84,557.72,111.64,166.97,206.21,91.98,148.99,273.83,121.85,194.02,294.32,3143.41,1663.54,470.49,80.35,244.05,1035.33,386.1,237.72,286.73,441.93,208.8,102.05,3549.16,233.83,144.69,135.77,39.44,55.82,98.56,275.2
20261008,10:56:10,49436.74,44265.82,26683.12,17634.33,126.5,1894.15,489.7,481.62,557.68,111.64,166.97,206.21,91.98,148.99,273.83,121.85,194.02,294.54,3142.91,1663.38,470.56,80.35,244.05,1034.58,386.08,237.72,286.73,441.93,208.95,102.05,3549.28,233.83,144.69,135.71,39.44,55.82,98.56,275.21
20261008,10:56:15,49437.84,44266.48,26684.85,17634.94,126.5,1894.15,489.7,481.7,557.82,111.64,166.96,206.17,91.98,148.99,273.83,121.87,194.02,294.54,3142.95,1663.44,470.57,80.35,244.05,1034.48,386.08,237.72,286.72,441.96,208.95,102.05,3549.65,233.83,144.69,135.68,39.44,55.84,98.56,275.21
20261008,10:56:20,49438.54,44269.05,26677.82,17633.16,126.5,1894.15,489.69,481.7,558.01,111.64,166.95,206.16,91.98,148.99,273.83,121.87,193.91,294.53,3143.2,1663.38,470.68,80.34,244.16,1035.48,386.08,237.72,286.4,442.01,208.69,102.05,3547.94,233.9,144.69,135.68,39.42,55.84,98.56,275.23
20261008,10:56:25,49426.09,44259.7,26664.47,17627.12,126.37,1894.15,489.06,481.7,558.01,111.65,166.93,206.11,91.96,148.99,273.83,121.83,193.91,294.53,3142.59,1663.09,470.51,80.32,244.16,1034.74,386.1,237.72,286.71,442.01,208.63,102.05,3545.41,233.9,144.69,135.68,39.43,55.84,98.56,275.23
20261008,10:56:30,49426.36,44260.85,26667.28,17633.32,126.37,1894.15,489.69,481.54,558.01,111.66,166.92,206.08,91.96,148.99,273.83,121.94,193.91,294.55,3142.53,1663.45,470.52,80.32,244.04,1033.99,386.08,237.71,286.4,442.01,208.75,102.05,3544.6,233.9,144.69,135.68,39.43,55.84,98.56,275.23
20261008,10:56:35,49425.13,44256.39,26675.77,17632.18,126.37,1894.15,489.52,481.48,558.08,111.66,166.91,206.05,91.96,148.99,273.83,121.94,193.94,294.55,3142.2,1663.29,470.51,80.31,243.77,1033.96,386.08,237.71,286.4,442.01,208.75,102.05,3547.56,233.9,144.68,135.68,39.43,55.84,98.56,275.23
20261008,10:56:40,49428.76,44260.05,26672.12,17628.39,126.43,1894.15,489.07,481.48,558.01,111.66,166.92,206.07,91.96,148.99,273.83,121.82,193.94,294.55,3142.59,1663.44,470.51,80.33,243.87,1033.9,386.08,237.71,286.71,442.01,208.79,102.05,3547.45,233.9,144.68,135.68,39.43,55.84,98.56,275.21
20261008,10:56:45,49432.51,44263.64,26676.85,17633.61,126.43,1894.15,489.52,481.48,558.01,111.66,166.91,206.07,91.96,148.99,273.83,121.81,193.94,294.58,3142.75,1663.41,470.66,80.34,244.11,1034.0,386.07,237.71,286.7,442.01,208.9,102.05,3547.51,233.9,144.68,135.68,39.43,55.84,98.56,275.54
20261008,10:56:50,49431.54,44262.46,26677.78,17633.91,126.43,1894.15,489.52,481.56,558.01,111.66,166.91,206.07,91.96,149.2,273.83,121.81,193.94,294.55,3142.65,1663.35,470.54,80.34,244.0,1034.11,386.39,237.71,286.71,442.01,208.9,102.05,3547.72,233.9,144.68,135.67,39.43,55.84,98.56,275.54
20261008,10:56:55,49428.15,44258.67,26676.22,17630.48,126.43,1894.15,489.05,481.56,558.01,111.66,166.9,206.05,91.96,149.2,273.83,121.81,193.94,294.56,3142.42,1663.26,470.54,80.32,243.87,1034.03,386.39,237.71,286.71,442.01,208.9,102.05,3548.16,233.9,144.68,135.67,39.43,55.84,98.56,275.54
20261008,10:57:00,49432.27,44262.54,26680.5,17634.9,126.43,1894.15,489.6,481.56,558.01,111.66,166.88,206.05,91.94,149.63,273.83,121.81,193.94,294.56,3142.63,1663.36,470.66,80.32,243.87,1034.11,386.38,237.71,286.7,442.01,208.91,102.05,3548.3,233.9,144.68,135.68,39.43,55.84,98.56,275.54
20261008,10:57:05,49471.18,44300.82,26678.71,17634.09,126.37,1894.15,489.53,481.56,557.9,111.65,166.89,206.06,91.94,149.63,273.83,121.83,193.94,294.56,3145.73,1665.68,470.66,80.32,244.11,1034.11,386.37,237.71,286.69,442.0,208.93,102.05,3547.96,233.9,144.68,135.68,39.43,55.82,98.56,275.54
20261008,10:57:10,49466.44,44296.41,26677.08,17632.94,126.37,1892.51,489.68,481.51,557.9,111.65,166.86,206.02,91.93,149.63,273.83,121.83,193.94,294.57,3145.41,1665.63,470.56,80.3,244.0,1034.12,386.37,237.71,286.37,442.0,208.78,102.05,3547.77,233.9,144.68,135.71,39.43,55.82,98.56,275.54
20261008,10:57:15,49468.39,44298.11,26681.2,17636.96,126.37,1892.51,489.6,481.42,557.9,111.65,166.86,206.02,91.93,149.63,273.83,121.83,193.92,294.57,3145.45,1665.69,470.54,80.3,244.0,1034.11,386.05,237.71,286.37,441.97,208.78,102.05,3547.96,233.9,145.27,135.71,39.43,55.82,98.56,275.53
20261008,10:57:20,49472.4,44303.58,26669.84,17629.15,126.37,1892.51,489.15,481.42,557.99,111.64,166.87,206.04,91.93,149.63,273.83,121.83,193.92,294.57,3146.08,1665.79,470.54,80.33,244.06,1034.78,386.07,237.71,286.69,441.97,208.78,102.05,3546.53,233.9,144.68,135.71,39.42,55.82,98.56,275.52
20261008,10:57:25,49469.48,44301.1,26672.58,17633.49,126.37,1892.51,489.77,481.55,557.99,111.64,166.86,206.01,91.93,149.63,273.83,121.83,193.92,294.58,3145.77,1665.77,470.54,80.32,244.05,1034.56,386.04,237.71,286.38,441.99,208.75,102.05,3546.21,233.9,144.68,135.71,39.42,55.82,98.56,275.52
20261008,10:57:30,49435.28,44263.86,26683.72,17633.21,126.37,1892.51,489.77,481.55,557.99,111.56,166.86,206.02,91.93,149.63,273.83,121.81,193.92,294.58,3142.78,1663.4,470.77,80.29,243.76,1034.79,386.04,237.71,286.37,441.97,208.75,102.05,3549.77,233.9,144.68,135.75,39.42,55.81,98.56,275.52
20261008,10:57:35,49431.49,44259.74,26681.66,17629.43,126.37,1892.61,489.22,481.55,557.99,111.55,166.86,206.02,91.93,149.62,273.83,121.81,193.92,294.57,3142.54,1663.23,470.68,80.31,243.78,1034.79,386.29,237.71,286.37,441.96,208.77,102.05,3550.15,233.9,144.68,135.75,39.42,55.81,98.56,275.54
20261008,10:57:40,49434.03,44261.81,26682.52,17629.04,126.37,1892.61,489.15,481.63,557.99,111.56,166.85,206.0,91.93,149.62,273.71,121.83,193.92,294.55,3142.71,1663.34,470.68,80.32,243.52,1034.73,386.04,237.71,286.68,441.96,208.78,102.05,3550.52,233.9,144.68,135.75,39.42,55.81,98.56,275.54
20261008,10:57:45,49424.35,44257.5,26667.69,17629.14,126.37,1892.84,489.15,481.71,557.99,111.56,166.85,205.99,91.93,149.41,273.71,121.71,193.92,294.55,3142.36,1663.31,470.63,80.29,243.55,1034.36,386.37,237.71,286.4,441.96,208.93,102.05,3545.87,234.22,144.68,135.75,39.42,55.81,98.56,275.24
20261008,10:57:50,49465.8,44298.1,26670.79,17633.41,126.37,1892.84,489.77,481.71,557.91,111.56,166.85,205.99,91.93,149.41,273.71,121.71,193.92,294.52,3145.53,1665.7,470.63,80.28,243.79,1034.31,386.37,237.71,286.41,441.97,208.93,102.05,3545.67,234.22,144.68,135.75,39.42,55.81,98.56,275.24
20261008,10:57:55,49425.58,44258.92,26670.68,17633.33,126.37,1892.84,489.14,481.71,557.91,111.56,166.85,205.99,91.93,149.41,273.71,121.69,193.92,294.52,3142.38,1663.28,470.52,80.3,243.9,1034.24,386.37,237.71,286.41,441.91,208.93,102.05,3545.66,234.22,145.27,135.75,39.42,55.81,98.56,275.24
20261008,10:58:00,49465.07,44295.53,26672.06,17628.65,126.37,1894.25,489.15,481.71,557.91,111.56,166.84,205.95,91.93,149.41,273.71,121.71,193.92,294.49,3145.44,1665.7,470.52,80.3,243.66,1034.28,386.37,237.71,286.41,441.91,208.93,102.05,3547.36,233.89,144.68,135.75,39.42,55.82,98.56,275.24
20261008,10:58:05,49465.03,44295.91,26669.63,17627.27,126.37,1894.25,489.15,481.71,557.91,111.56,166.84,205.95,91.93,149.41,273.71,121.71,193.92,294.48,3145.5,1665.65,470.52,80.27,243.78,1034.28,386.37,237.71,286.63,441.94,208.78,102.05,3546.98,233.89,144.68,135.75,39.42,55.82,98.56,275.24
20261008,10:58:10,49468.69,44298.88,26673.04,17629.19,126.37,1894.25,489.23,481.71,557.91,111.64,166.84,205.94,91.93,149.41,273.71,121.71,193.89,294.48,3145.7,1665.79,470.63,80.27,243.93,1034.47,386.37,237.7,286.31,441.94,208.8,102.05,3547.52,233.89,144.68,135.75,39.42,55.83,98.56,275.54
20261008,10:58:15,49430.88,44259.93,26679.29,17629.32,126.38,1894.25,489.23,481.38,558.06,111.65,166.84,205.94,91.93,149.41,273.71,121.71,193.92,294.48,3142.55,1663.39,470.6,80.3,243.91,1034.38,386.37,237.7,286.31,441.94,208.8,102.05,3549.44,233.89,144.68,135.75,39.42,55.81,98.56,275.56
20261008,10:58:20,49467.56,44295.67,26684.86,17635.73,126.38,1894.25,489.69,481.3,557.79,111.65,166.84,205.94,91.93,149.62,273.71,121.7,193.92,294.48,3145.28,1665.68,470.45,80.3,243.55,1034.28,386.37,237.7,286.32,441.93,208.8,102.05,3549.44,233.9,145.28,135.69,39.42,55.81,98.56,275.23
20261008,10:58:25,49427.46,44256.44,26685.16,17635.56,126.38,1892.74,489.69,481.17,557.85,111.61,166.85,205.97,91.93,149.41,273.71,121.82,193.92,294.46,3142.12,1663.28,470.36,80.27,243.91,1034.01,386.37,237.7,286.32,441.93,208.8,102.05,3549.58,233.9,145.28,135.69,39.42,55.81,98.56,275.23
20261008,10:58:30,49430.49,44259.34,26684.95,17635.16,126.38,1892.74,489.77,481.17,557.85,111.61,166.84,205.96,91.93,149.62,273.71,121.8,193.92,294.46,3142.37,1663.44,470.36,80.32,243.77,1034.15,386.14,237.7,286.32,441.93,208.69,102.05,3549.62,233.9,145.28,135.69,39.42,55.81,98.56,275.23
20261008,10:58:35,49431.21,44259.82,26683.43,17632.63,126.38,1892.74,489.23,481.17,557.92,111.61,166.85,205.97,91.93,149.62,273.71,121.8,193.92,294.45,3142.46,1663.45,470.63,80.32,243.77,1034.07,386.14,237.7,286.32,441.93,208.8,102.05,3549.83,233.9,145.28,135.69,39.42,55.81,98.56,275.23
20261008,10:58:40,49475.93,44301.77,26693.13,17638.38,126.38,1892.74,489.78,481.16,557.96,111.53,167.04,205.93,92.09,149.62,273.71,121.8,193.94,294.46,3145.71,1665.87,470.52,80.32,243.88,1034.35,386.14,237.7,286.31,441.93,208.8,102.05,3551.3,233.9,145.27,135.69,39.42,55.81,98.56,275.22
20261008,10:58:45,49436.38,44263.54,26689.79,17635.58,126.51,1892.74,489.4,481.16,557.96,111.53,167.04,205.94,92.09,149.41,273.71,121.8,193.94,294.46,3142.69,1663.49,470.6,80.31,244.0,1034.32,386.14,237.7,286.31,441.91,208.8,102.09,3551.02,233.9,145.27,135.66,39.42,55.81,98.56,275.17
20261008,10:58:50,49436.67,44264.83,26686.43,17635.05,126.51,1892.58,489.32,481.16,557.88,111.53,167.05,205.95,92.1,149.61,273.71,121.8,193.94,294.46,3142.81,1663.44,470.6,80.29,244.02,1034.39,386.14,237.7,286.62,441.91,208.8,102.09,3550.11,233.9,145.27,135.66,39.42,55.8,98.56,275.17
20261008,10:58:55,49435.63,44265.38,26684.27,17637.81,126.38,1892.58,489.87,481.29,557.88,111.53,167.06,205.97,92.1,149.4,273.71,121.68,193.98,294.46,3142.79,1663.43,470.61,80.29,243.91,1034.46,386.14,237.7,286.62,441.91,208.8,102.09,3548.69,233.9,145.27,135.66,39.42,55.8,98.56,275.17
20261008,10:59:00,49433.37,44263.54,26678.96,17632.92,126.38,1892.58,489.24,481.16,557.8,111.53,167.05,205.97,92.1,149.4,273.71,121.7,193.98,294.46,3142.76,1663.49,470.49,80.28,244.02,1034.23,386.14,237.7,286.62,441.91,208.8,102.09,3548.36,233.9,145.27,135.66,39.42,55.8,98.56,275.19
20261008,10:59:05,49428.9,44258.49,26680.94,17632.86,126.38,1892.58,489.22,481.41,558.1,111.53,167.04,205.93,92.1,149.4,273.71,121.68,193.98,294.47,3142.35,1663.45,470.56,80.29,243.78,1033.95,386.14,237.7,286.31,441.91,208.69,102.09,3549.0,233.9,145.27,135.66,39.43,55.82,98.56,275.17
20261008,10:59:10,49431.01,44261.18,26678.63,17632.33,126.38,1892.58,489.14,481.41,558.1,111.53,167.06,205.93,92.11,149.4,273.71,121.68,193.98,294.46,3142.58,1663.54,470.54,80.28,243.65,1033.95,386.14,237.46,286.63,441.91,208.7,102.09,3548.42,233.9,145.27,135.66,39.44,55.8,98.56,275.17
20261008,10:59:15,49470.95,44299.69,26678.66,17630.98,126.51,1892.58,489.14,481.41,557.49,111.53,167.07,205.93,92.12,149.4,273.71,121.68,193.98,294.46,3145.72,1665.89,470.46,80.3,243.9,1034.01,386.14,237.46,286.63,441.91,208.71,102.09,3548.79,233.9,145.27,135.66,39.44,55.8,98.55,275.17
20261008,10:59:20,49469.15,44298.5,26673.91,17627.41,126.5,1892.6,489.14,481.38,557.42,111.53,167.07,205.94,92.12,149.4,273.71,121.72,193.98,294.45,3145.71,1665.88,470.57,80.3,243.65,1034.1,386.14,237.46,286.63,441.91,208.83,102.09,3548.28,233.9,144.68,135.66,39.44,55.82,98.55,275.18
20261008,10:59:25,49427.97,44258.99,26672.56,17627.95,126.37,1892.6,489.05,481.38,557.42,111.53,166.87,205.89,91.96,149.4,273.71,121.72,193.98,294.46,3142.51,1663.51,470.57,80.31,243.64,1033.84,385.82,237.46,286.63,441.96,208.71,102.09,3547.71,233.9,145.27,135.66,39.44,55.82,98.55,275.19
20261008,10:59:30,49429.09,44257.75,26680.8,17629.61,126.37,1892.6,489.14,481.38,557.49,111.53,166.87,205.89,91.96,149.61,273.71,121.72,193.98,294.45,3142.37,1663.38,470.46,80.27,243.89,1034.28,385.82,237.46,286.31,441.96,208.7,102.09,3549.83,234.22,145.28,135.66,39.44,55.82,98.55,275.19
20261008,10:59:35,49471.61,44299.26,26683.54,17633.0,126.37,1892.6,489.67,481.51,557.49,111.53,166.87,205.9,91.96,149.61,273.71,121.72,193.83,294.45,3145.63,1665.82,470.58,80.28,244.0,1034.28,385.8,237.46,286.31,441.96,208.7,102.09,3549.77,233.9,145.28,135.66,39.44,55.82,98.55,275.2
20261008,10:59:40,49473.16,44300.56,26684.7,17633.64,126.37,1894.02,489.67,481.51,557.5,111.53,166.86,205.88,91.96,149.61,273.71,121.69,193.83,294.44,3145.72,1665.83,470.53,80.28,243.78,1034.32,385.81,237.47,286.62,441.96,208.71,102.09,3549.96,233.9,145.28,135.7,39.44,55.83,98.55,275.2
20261008,10:59:45,49470.87,44298.06,26682.85,17630.62,126.37,1894.02,489.21,481.51,557.61,111.53,166.86,205.88,91.96,149.61,273.71,121.69,193.83,294.44,3145.59,1665.78,470.53,80.29,243.92,1034.37,386.13,237.47,286.31,441.96,208.71,102.09,3550.2,233.9,145.28,135.7,39.44,55.83,98.55,275.2
20261008,10:59:50,49470.31,44299.38,26676.61,17629.7,126.37,1894.02,489.21,481.46,557.53,111.53,166.86,205.88,91.96,149.4,273.71,121.69,193.88,294.44,3145.72,1665.93,470.59,80.3,243.92,1034.14,386.13,237.47,286.3,441.91,208.67,102.09,3548.5,233.9,145.29,135.7,39.44,55.83,98.55,275.2
20261008,10:59:55,49470.96,44299.86,26678.69,17631.58,126.37,1894.02,489.21,481.46,557.5,111.53,166.86,205.89,91.96,149.82,273.71,121.69,193.88,294.44,3145.72,1665.95,470.43,80.3,243.92,1034.24,386.13,237.33,286.3,441.96,208.79,102.09,3548.64,233.9,145.29,135.7,39.44,55.83,98.55,275.25
20261008,11:00:00,49434.05,44264.17,26679.36,17633.25,126.5,1894.02,489.29,481.34,557.53,111.53,166.86,205.89,91.96,149.82,273.71,121.68,193.84,294.44,3142.8,1663.6,470.53,80.3,243.67,1034.27,386.13,237.33,286.61,441.96,208.78,102.09,3548.4,233.9,145.29,135.7,39.44,55.83,98.55,275.55
20261008,11:00:05,49468.59,44300.09,26676.31,17637.33,126.5,1892.6,489.83,481.47,557.6,111.53,166.86,205.89,91.96,149.83,273.71,121.68,193.84,294.44,3145.6,1665.9,470.53,80.3,243.38,1034.45,386.38,237.33,286.3,441.96,208.82,102.09,3546.33,233.9,145.29,135.7,39.44,55.83,98.55,275.54
20261008,11:00:10,49470.73,44300.48,26676.74,17632.14,126.5,1892.59,489.12,481.47,557.59,111.53,166.86,205.89,91.96,149.83,273.71,121.68,193.84,294.44,3145.75,1665.88,470.54,80.3,243.38,1034.46,386.37,237.33,286.61,441.99,208.82,102.09,3547.88,233.9,145.29,135.7,39.44,55.83,98.55,275.54
20261008,11:00:15,49434.71,44263.79,26684.88,17636.16,126.37,1892.59,489.82,481.34,557.45,111.53,166.85,205.88,91.96,149.61,273.71,121.68,193.84,294.43,3142.7,1663.47,470.54,80.3,243.74,1034.38,386.37,237.33,286.56,441.99,208.84,102.09,3549.33,233.9,145.29,135.7,39.44,55.85,98.55,275.54
20261008,11:00:20,49434.81,44261.89,26692.04,17637.73,126.37,1894.01,489.92,481.46,557.45,111.53,166.85,205.88,91.95,149.83,273.71,121.68,193.84,294.44,3142.51,1663.39,470.54,80.32,243.61,1034.27,386.37,237.32,286.56,441.99,208.85,102.09,3551.14,233.9,145.29,135.7,39.43,55.83,98.55,275.53
20261008,11:00:25,49472.73,44301.17,26681.36,17633.27,126.37,1894.01,489.37,481.61,557.45,111.53,166.85,205.87,91.95,149.61,273.71,121.68,193.84,294.45,3145.78,1665.98,470.44,80.3,243.61,1034.21,386.35,237.32,286.56,441.99,208.84,102.09,3549.01,233.9,145.29,135.7,39.43,55.81,98.55,275.5
20261008,11:00:30,49471.79,44300.25,26682.51,17634.56,126.37,1894.01,489.29,481.61,557.45,111.54,166.86,205.89,91.95,149.84,273.74,121.68,193.84,294.45,3145.68,1665.96,470.4,80.3,243.74,1034.28,386.37,237.32,286.29,441.93,209.01,102.09,3549.02,233.9,145.29,135.72,39.43,55.81,98.55,275.45
20261008,11:00:35,49476.66,44304.64,26689.26,17641.11,126.37,1894.01,489.92,481.61,557.45,111.54,166.84,205.84,91.95,149.84,273.74,121.68,193.84,294.42,3145.87,1666.01,470.4,80.32,243.74,1034.54,386.37,237.3,286.29,441.93,209.19,102.06,3549.35,233.9,145.29,135.82,39.43,55.83,98.55,275.51
20261008,11:00:40,49477.68,44306.28,26688.15,17642.01,126.37,1894.01,489.84,481.48,557.45,111.54,166.84,205.84,91.95,149.84,273.74,121.68,193.84,294.43,3145.98,1666.08,470.41,80.32,243.74,1034.54,386.44,237.3,286.3,441.93,209.34,102.09,3548.76,233.9,145.29,135.82,39.43,55.85,98.55,275.51
20261008,11:00:45,49478.96,44307.94,26686.2,17641.16,126.37,1894.01,489.83,481.48,557.45,111.54,166.85,205.86,91.95,149.84,273.74,121.68,193.84,294.43,3146.14,1666.13,470.4,80.34,243.5,1034.54,386.44,237.3,286.62,441.93,209.34,102.09,3548.39,233.9,145.29,135.82,39.43,55.85,98.55,275.2
20261008,11:00:50,49484.42,44311.3,26692.23,17641.53,126.37,1894.01,489.83,481.47,557.45,111.54,166.86,205.91,91.95,150.05,273.74,121.68,193.8,294.43,3146.4,1666.2,470.52,80.35,243.75,1034.59,386.44,237.3,286.62,441.93,209.34,102.09,3550.17,233.9,145.29,135.82,39.43,55.85,98.55,275.2
20261008,11:00:55,49445.89,44273.72,26692.9,17642.18,126.37,1894.01,489.83,481.47,557.5,111.54,166.86,205.91,91.95,150.05,273.74,121.68,193.8,294.44,3143.35,1663.81,470.52,80.33,243.75,1034.63,386.44,237.3,286.72,441.9,209.34,102.09,3550.2,234.22,145.29,135.82,39.43,55.85,98.55,275.19
20261008,11:01:00,49446.97,44274.79,26693.06,17642.43,126.37,1894.01,489.83,481.55,557.47,111.54,166.86,205.91,91.95,150.05,273.71,121.68,193.83,294.44,3143.44,1663.76,470.52,80.32,243.63,1035.09,386.44,237.3,286.72,441.9,209.38,102.09,3550.18,234.22,145.29,135.8,39.43,55.85,98.55,275.19
20261008,11:01:05,49449.67,44277.17,26692.82,17641.31,126.37,1894.01,489.83,481.69,557.47,111.54,166.87,205.93,91.95,150.05,273.71,121.68,193.83,294.44,3143.65,1663.87,470.42,80.35,243.63,1035.34,386.44,237.3,286.72,441.9,209.23,102.09,3550.41,234.22,145.29,135.8,39.43,55.85,98.55,275.2
20261008,11:01:10,49449.18,44277.11,26691.22,17640.88,126.37,1894.01,489.83,481.69,557.47,111.54,166.86,205.92,91.95,150.05,273.71,121.68,193.79,294.45,3143.66,1663.73,470.52,80.32,243.63,1035.64,386.44,237.3,286.79,441.9,209.23,102.09,3550.03,233.9,145.29,135.8,39.43,55.85,98.55,275.28
20261008,11:01:15,49447.9,44277.83,26685.07,17640.39,126.37,1894.01,489.83,481.43,557.47,111.53,166.87,205.92,91.95,149.84,273.71,121.68,193.79,294.45,3143.73,1663.84,470.42,80.32,243.64,1035.65,386.44,237.53,286.71,441.9,209.23,102.09,3548.24,233.94,145.29,135.8,39.43,55.85,98.55,275.28
20261008,11:01:20,49447.12,44276.81,26682.51,17636.56,126.37,1894.01,489.28,481.43,557.55,111.53,166.87,205.95,91.95,149.84,273.71,121.66,193.79,294.45,3143.74,1663.83,470.4,80.32,243.76,1035.61,386.45,237.53,286.71,441.87,209.22,102.09,3548.48,233.94,145.29,135.8,39.44,55.85,98.55,275.29
20261008,11:01:25,49491.69,44318.27,26688.8,17637.21,126.5,1893.91,489.31,481.3,557.54,111.53,166.86,205.9,91.95,149.84,273.71,121.66,193.65,294.44,3147.07,1666.27,470.42,80.33,243.76,1036.12,386.12,237.53,286.61,441.95,209.22,102.09,3550.27,234.27,145.29,135.8,39.44,55.85,98.55,275.28
20261008,11:01:30,49494.75,44320.88,26693.48,17641.35,126.5,1892.49,489.84,481.38,557.47,111.53,166.86,205.91,91.95,149.84,273.59,121.78,193.65,294.44,3147.18,1666.3,470.43,80.33,243.76,1036.2,386.45,237.53,286.65,441.95,209.24,102.09,3550.61,234.27,145.29,135.8,39.44,55.85,98.55,275.3
20261008,11:01:35,49493.64,44319.8,26693.05,17640.88,126.5,1892.49,489.75,481.38,557.48,111.53,166.86,205.95,91.95,149.84,273.59,121.8,193.65,294.44,3147.1,1666.35,470.48,80.33,243.77,1036.2,386.45,237.53,286.34,441.96,209.24,102.09,3550.6,234.27,145.29,135.8,39.44,55.85,98.55,275.3
20261008,11:01:40,49453.13,44279.96,26692.15,17638.62,126.5,1892.49,489.75,481.26,557.48,111.53,166.86,205.92,91.95,149.63,273.47,121.68,193.65,294.44,3143.94,1663.94,470.57,80.33,243.52,1036.2,386.45,237.53,286.38,441.97,209.13,102.09,3550.93,234.27,145.29,135.79,39.44,55.85,98.55,275.32
20261008,11:01:45,49457.63,44284.12,26693.35,17639.23,126.5,1892.49,489.58,481.4,557.48,111.53,166.86,205.96,91.95,150.05,273.47,121.68,193.65,294.42,3144.26,1663.95,470.57,80.33,243.8,1036.29,386.45,237.53,286.7,441.97,209.24,102.09,3551.14,234.27,145.29,135.79,39.44,55.85,98.55,275.32
20261008,11:01:50,49497.4,44323.46,26691.4,17638.95,126.5,1892.49,489.58,481.39,557.78,111.45,166.85,205.98,91.93,149.84,273.47,121.68,193.65,294.41,3147.44,1666.43,470.57,80.32,243.91,1036.14,386.45,237.53,286.65,441.97,209.24,102.09,3550.61,234.27,145.29,135.59,39.44,55.85,98.55,275.32
20261008,11:01:55,49454.26,44282.03,26687.66,17636.67,126.5,1892.49,489.4,481.39,557.78,111.45,166.86,206.03,91.93,149.84,273.47,121.68,193.65,294.41,3144.16,1663.9,470.55,80.37,243.68,1036.28,386.45,237.53,286.65,441.98,209.13,102.09,3550.06,234.27,145.29,135.59,39.44,55.84,98.55,275.32
20261008,11:02:00,49450.6,44277.45,26692.02,17638.31,126.5,1892.49,489.49,481.39,557.77,111.45,166.87,206.02,91.94,149.84,273.47,121.68,193.65,294.41,3143.75,1663.79,470.57,80.37,243.43,1035.85,386.45,237.53,286.65,441.98,209.25,102.09,3550.98,233.94,145.29,135.72,39.44,55.84,98.55,275.32
20261008,11:02:05,49465.77,44291.87,26693.56,17638.85,126.5,1892.49,489.49,481.39,557.76,111.45,166.87,206.04,91.93,149.84,273.47,121.68,193.65,294.41,3144.9,1664.17,470.79,80.38,243.79,1036.83,386.45,237.53,286.65,442.01,209.25,102.09,3551.31,234.27,145.29,135.72,39.44,55.84,98.55,275.32
20261008,11:02:10,49461.16,44288.38,26689.3,17637.31,126.5,1892.49,489.32,481.39,557.76,111.45,166.88,206.02,91.95,149.84,273.47,121.68,193.65,294.41,3144.65,1663.99,470.68,80.38,243.79,1036.91,386.35,237.53,286.66,442.01,209.25,102.09,3550.4,233.94,145.29,135.72,39.44,55.85,98.55,275.32
20261008,11:02:15,49496.86,44323.11,26681.03,17627.59,126.5,1892.49,488.7,481.39,557.62,111.53,166.88,206.0,91.95,149.84,273.47,121.68,193.65,294.4,3147.69,1666.49,470.43,80.38,243.79,1037.11,386.36,237.53,286.34,442.01,209.23,102.09,3550.45,233.94,144.7,135.72,39.44,55.85,98.55,275.32
20261008,11:02:20,49504.73,44330.4,26691.08,17637.9,126.5,1892.49,489.24,481.39,557.48,111.45,167.07,206.0,92.11,149.84,273.47,121.69,193.62,294.4,3148.03,1666.64,470.52,80.38,243.66,1037.04,386.38,237.53,286.65,442.06,209.23,102.09,3550.79,233.94,145.29,135.72,39.44,55.85,98.55,275.34
20261008,11:02:25,49502.02,44328.72,26688.62,17638.3,126.56,1892.49,489.32,481.39,557.48,111.45,167.07,206.01,92.11,149.84,273.47,121.69,193.63,294.4,3147.88,1666.6,470.52,80.37,243.55,1036.97,386.38,237.54,286.65,442.01,209.2,102.09,3549.92,233.94,145.29,135.72,39.44,55.85,98.55,275.33
20261008,11:02:30,49504.06,44330.71,26688.65,17638.33,126.62,1892.49,489.32,481.4,557.41,111.45,167.07,205.99,92.11,149.84,273.47,121.71,193.63,294.4,3148.04,1666.6,470.63,80.37,243.8,1037.01,386.38,237.54,286.65,442.01,209.2,102.09,3549.92,233.94,145.29,135.72,39.44,55.85,98.55,275.33
20261008,11:02:35,49464.04,44291.33,26689.64,17638.16,126.62,1892.49,489.32,481.32,557.4,111.45,167.07,205.98,92.11,149.84,273.47,121.71,193.63,294.4,3144.87,1664.14,470.52,80.37,243.8,1037.15,386.38,237.54,286.65,442.01,209.2,102.09,3550.27,233.94,145.29,135.72,39.44,55.85,98.55,275.32
20261008,11:02:40,49462.0,44291.9,26681.74,17637.66,126.62,1891.07,489.32,481.19,557.4,111.45,167.08,205.99,92.11,149.84,273.47,121.71,193.63,294.4,3144.93,1664.31,470.52,80.37,243.91,1036.69,386.36,237.54,286.65,442.06,209.2,102.09,3547.94,233.94,145.29,135.73,39.44,55.85,98.55,275.32
20261008,11:02:45,49458.11,44287.49,26680.44,17634.09,126.62,1892.49,488.78,481.19,557.4,111.45,167.09,205.99,92.12,149.84,273.47,121.68,193.6,294.4,3144.66,1664.19,470.47,80.37,243.57,1036.76,386.36,237.54,286.65,442.06,209.21,102.09,3548.5,233.94,145.29,135.73,39.44,55.83,98.55,275.33
20261008,11:02:50,49459.16,44287.89,26686.89,17639.42,126.62,1892.49,489.33,481.45,557.7,111.53,167.09,205.99,92.12,149.84,273.47,121.7,193.63,294.4,3144.56,1664.11,470.41,80.36,243.67,1036.76,386.38,237.54,286.66,442.06,209.21,102.09,3549.07,233.94,145.29,135.73,39.44,55.81,98.55,275.24
20261008,11:02:55,49461.83,44290.45,26683.77,17635.69,126.61,1892.49,489.49,481.45,557.7,111.53,167.07,205.94,92.12,149.84,273.47,121.7,193.63,294.39,3144.86,1664.22,470.41,80.36,243.92,1036.89,386.37,237.54,286.66,442.06,209.21,102.09,3549.11,233.94,144.7,135.73,39.44,55.81,98.55,275.26
20261008,11:03:00,49457.4,44284.93,26686.65,17634.97,126.61,1892.26,489.33,481.45,557.75,111.53,167.07,205.91,92.12,149.84,273.47,121.7,193.63,294.39,3144.43,1664.17,470.41,80.34,243.56,1036.86,386.02,237.29,286.35,442.05,209.21,102.09,3550.2,234.27,144.7,135.73,39.44,55.81,98.55,275.26
20261008,11:03:05,49455.96,44283.32,26687.54,17635.32,126.61,1892.26,489.41,481.45,557.75,111.53,167.05,205.9,92.11,149.84,273.47,121.7,193.63,294.39,3144.29,1664.13,470.41,80.34,243.44,1036.78,385.99,237.29,286.35,442.01,209.21,102.09,3550.39,234.27,144.7,135.73,39.44,55.81,98.55,275.26
20261008,11:03:10,49500.08,44325.83,26684.74,17630.51,126.61,1892.26,488.7,481.65,557.75,111.53,167.03,205.9,92.1,149.84,273.47,121.7,193.63,294.39,3147.84,1666.56,470.52,80.34,244.1,1036.6,385.99,237.29,286.66,442.04,209.23,102.09,3550.82,234.27,144.7,135.73,39.44,55.81,98.55,275.27
20261008,11:03:15,49457.41,44284.15,26688.09,17633.98,126.61,1892.26,489.25,481.65,557.75,111.53,167.04,205.89,92.1,149.84,273.47,121.7,193.63,294.39,3144.39,1664.02,470.31,80.34,243.99,1036.56,386.02,237.29,286.66,442.04,209.23,102.09,3550.92,233.94,144.7,135.73,39.44,55.81,98.55,275.27
20261008,11:03:20,49456.5,44284.01,26686.06,17634.18,126.61,1892.04,489.25,481.38,557.75,111.53,167.04,205.9,92.1,149.84,273.47,121.82,193.63,294.41,3144.38,1663.99,470.31,80.34,244.08,1036.56,385.74,237.29,286.67,442.04,209.23,102.09,3550.24,233.94,144.7,135.73,39.44,55.8,98.55,275.2
20261008,11:03:25,49497.52,44323.15,26688.54,17634.2,126.61,1892.04,489.25,481.38,557.75,111.53,167.04,205.9,92.1,149.84,273.47,121.82,193.63,294.41,3147.53,1666.39,470.31,80.34,244.07,1036.66,385.74,237.29,286.67,442.05,209.23,102.09,3551.0,233.94,144.7,135.73,39.44,55.8,98.55,275.2
20261008,11:03:30,49491.61,44317.49,26688.38,17634.36,126.55,1892.04,489.33,481.38,557.75,111.53,167.06,205.9,92.11,149.84,273.47,121.82,193.63,294.42,3147.07,1666.25,470.29,80.27,244.07,1036.17,385.68,237.29,286.67,442.05,209.19,102.09,3550.91,233.94,144.7,135.73,39.43,55.8,98.54,275.19
20261008,11:03:35,49495.56,44320.97,26689.22,17634.08,126.55,1892.04,489.33,481.38,557.75,111.53,167.06,205.93,92.11,149.63,273.47,121.8,193.63,294.39,3147.36,1666.46,470.31,80.28,244.07,1036.17,385.68,237.29,286.67,442.05,209.21,102.07,3551.25,233.94,144.7,135.73,39.43,55.8,98.54,275.18
20261008,11:03:40,49494.53,44320.42,26683.53,17629.06,126.55,1892.04,488.62,481.38,557.75,111.53,167.04,205.91,92.1,149.84,273.47,121.8,193.63,294.39,3147.43,1666.66,470.2,80.3,243.95,1036.29,385.68,237.29,286.36,442.09,209.21,102.07,3550.83,233.94,144.7,135.73,39.43,55.8,98.54,275.18
20261008,11:03:45,49494.75,44321.53,26684.13,17632.74,126.55,1892.04,489.16,481.38,557.76,111.53,167.04,205.89,92.1,149.63,273.47,121.8,193.63,294.39,3147.44,1666.52,470.32,80.28,243.84,1036.76,385.68,237.29,286.36,442.09,209.22,102.07,3550.02,233.94,144.7,135.73,39.43,55.8,98.54,275.19
20261008,11:03:50,49494.32,44321.92,26681.52,17632.45,126.55,1892.04,489.08,481.38,557.78,111.53,167.04,205.89,92.1,149.84,273.47,121.8,193.52,294.39,3147.47,1666.52,470.32,80.26,243.97,1036.76,385.75,237.29,286.36,442.1,209.22,102.07,3549.29,233.94,144.7,135.73,39.43,55.8,98.54,275.2
20261008,11:03:55,49494.57,44321.65,26683.64,17633.18,126.55,1892.04,489.16,481.38,557.85,111.53,167.04,205.88,92.1,149.84,273.47,121.8,193.52,294.41,3147.43,1666.39,470.32,80.26,244.08,1036.59,385.75,237.29,286.67,442.09,209.22,102.07,3549.75,233.94,144.69,135.73,39.44,55.8,98.54,275.2
20261008,11:04:00,49499.05,44326.44,26682.57,17633.36,126.55,1892.04,489.16,481.46,557.87,111.53,167.04,205.88,92.1,149.84,273.47,121.81,193.52,294.41,3147.82,1666.56,470.21,80.26,244.08,1037.06,385.75,237.29,286.68,442.13,209.22,102.07,3549.37,233.94,144.69,135.73,39.44,55.79,98.54,275.19
20261008,11:04:05,49458.66,44286.77,26682.83,17632.62,126.55,1892.04,489.08,481.39,557.86,111.53,167.03,205.88,92.1,149.84,273.47,121.81,193.52,294.4,3144.64,1664.2,470.32,80.27,244.07,1037.03,385.84,237.29,286.37,442.13,209.2,102.07,3549.65,233.94,144.69,135.73,39.44,55.79,98.54,275.27
20261008,11:04:10,49454.34,44282.93,26681.0,17631.77,126.55,1892.04,489.07,481.39,557.86,111.45,167.03,205.87,92.1,149.84,273.47,121.81,193.63,294.4,3144.35,1664.07,470.3,80.27,243.83,1036.97,385.85,237.29,286.37,442.13,209.07,102.07,3549.31,234.27,144.69,135.73,39.44,55.79,98.54,275.27
20261008,11:04:15,49495.81,44323.27,26681.68,17632.31,126.55,1892.04,489.16,481.39,557.93,111.45,167.01,205.82,92.1,149.84,273.47,121.69,193.63,294.4,3147.59,1666.54,470.31,80.26,243.82,1036.69,385.86,237.29,286.67,442.13,209.19,102.07,3549.37,233.94,144.69,135.73,39.44,55.79,98.54,275.27
20261008,11:04:20,49490.18,44319.65,26671.2,17626.52,126.55,1892.04,488.53,481.42,557.8,111.43,167.0,205.78,92.09,149.84,273.47,121.69,193.63,294.41,3147.43,1666.52,470.37,80.26,243.82,1036.75,385.86,237.29,286.36,442.12,209.11,102.07,3547.67,233.94,144.69,135.73,39.44,55.79,98.54,275.29
20261008,11:04:25,49492.79,44322.64,26674.6,17631.91,126.55,1892.26,489.16,481.42,557.72,111.42,167.0,205.78,92.09,149.84,273.47,121.69,193.63,294.41,3147.55,1666.52,470.49,80.28,243.96,1036.7,385.84,237.29,286.35,442.12,209.22,102.07,3547.27,233.94,144.69,135.73,39.44,55.79,98.54,275.29
20261008,11:04:30,49490.25,44320.2,26675.29,17632.83,126.61,1892.26,489.25,481.29,557.72,111.43,167.01,205.81,92.1,149.84,273.5,121.69,193.63,294.41,3147.33,1666.47,470.47,80.26,243.59,1036.74,385.85,237.29,286.35,442.12,209.2,102.07,3547.24,233.94,144.69,135.73,39.44,55.81,98.54,275.34
20261008,11:04:35,49492.69,44322.59,26673.03,17630.23,126.55,1892.26,489.24,481.33,557.49,111.43,167.0,205.79,92.09,149.85,273.5,121.69,193.63,294.41,3147.58,1666.64,470.48,80.27,243.71,1036.69,385.85,237.29,286.35,442.12,209.04,102.07,3547.24,233.94,144.69,135.73,39.44,55.79,98.54,275.34
20261008,11:04:40,49451.5,44281.89,26671.57,17626.68,126.55,1890.85,488.99,481.35,557.49,111.43,166.8,205.78,91.93,149.85,273.5,121.82,193.63,294.42,3144.39,1664.08,470.46,80.29,243.71,1036.64,385.84,237.29,286.62,442.12,209.06,102.07,3547.74,233.94,144.69,135.73,39.44,55.79,98.54,275.33
20261008,11:04:45,49458.66,44288.74,26672.69,17627.56,126.61,1890.85,489.06,481.35,557.49,111.43,166.82,205.78,91.95,149.85,273.5,121.82,193.63,294.42,3144.92,1664.21,470.48,80.28,244.07,1037.14,385.84,237.29,286.63,442.12,209.06,102.07,3547.86,233.94,144.69,135.73,39.44,55.79,98.54,275.33
20261008,11:04:50,49452.51,44283.61,26671.39,17628.93,126.61,1890.85,488.98,481.35,557.49,111.44,166.82,205.8,91.95,149.86,273.5,121.82,193.63,294.42,3144.47,1664.08,470.49,80.26,243.71,1037.23,385.82,237.29,286.32,442.12,209.16,102.07,3547.08,233.94,144.69,135.73,39.44,55.79,98.54,275.63
20261008,11:04:55,49443.04,44274.15,26671.47,17628.25,126.61,1890.85,488.98,481.14,557.49,111.44,166.82,205.79,91.95,149.85,273.5,121.82,193.63,294.42,3143.72,1663.9,470.31,80.26,243.71,1036.23,385.78,237.29,286.32,442.12,209.17,102.07,3547.29,234.27,144.69,135.73,39.44,55.78,98.54,275.33
20261008,11:05:00,49443.18,44274.8,26665.69,17623.33,126.61,1890.85,488.99,481.06,557.49,111.44,166.82,205.77,91.95,149.85,273.5,121.82,193.59,294.43,3143.9,1663.91,470.31,80.28,244.06,1036.19,385.84,237.29,286.36,442.12,209.17,102.07,3546.82,234.27,144.09,135.73,39.44,55.77,98.54,275.33
20261008,11:05:05,49449.52,44281.83,26660.04,17619.7,126.61,1890.85,488.44,481.32,557.49,111.45,166.8,205.76,91.93,150.06,273.5,121.82,193.59,294.43,3144.55,1664.1,470.21,80.28,243.95,1036.93,385.82,237.29,286.67,442.12,209.17,102.07,3546.04,234.27,144.09,135.73,39.44,55.77,98.54,275.32
20261008,11:05:10,49448.17,44281.44,26656.62,17618.84,126.61,1890.85,488.44,481.06,557.41,111.45,166.79,205.76,91.93,149.85,273.5,121.82,193.59,294.42,3144.54,1664.01,470.22,80.26,243.95,1037.22,385.82,237.29,286.68,442.12,209.17,102.07,3545.2,234.27,144.09,135.73,39.44,55.77,98.54,275.33
20261008,11:05:15,49446.04,44278.19,26657.89,17616.37,126.48,1890.85,488.9,481.06,557.4,111.45,166.79,205.76,91.93,149.85,273.5,121.7,193.57,294.42,3144.34,1664.0,470.22,80.25,244.06,1036.71,385.82,237.29,286.68,442.12,209.17,102.07,3546.27,234.3,143.5,135.73,39.44,55.77,98.54,275.35
20261008,11:05:20,49488.29,44318.97,26664.55,17622.74,126.48,1890.85,489.07,481.32,557.4,111.45,166.79,205.74,91.93,149.85,273.5,121.7,193.57,294.39,3147.47,1666.54,470.21,80.26,244.06,1036.71,385.82,237.29,286.37,442.12,209.2,102.07,3546.62,234.3,144.09,135.73,39.44,55.77,98.54,275.35
20261008,11:05:25,49489.78,44318.04,26671.38,17622.65,126.48,1890.85,488.98,481.32,557.33,111.45,166.79,205.74,91.93,150.91,273.5,121.7,193.61,294.37,3147.4,1666.45,470.31,80.24,244.07,1036.72,385.82,237.54,286.37,442.17,209.12,102.07,3548.78,234.3,144.09,135.73,39.44,55.77,98.54,275.35
20261008,11:05:30,49487.56,44316.04,26671.64,17623.45,126.48,1892.26,488.98,481.32,557.43,111.45,166.8,205.74,91.94,150.91,273.5,121.71,193.68,294.37,3147.22,1666.42,470.27,80.26,243.82,1036.6,385.81,237.54,286.37,442.17,209.09,102.07,3548.64,234.3,144.09,135.73,39.44,55.77,98.54,275.35
20261008,11:05:35,49480.18,44313.32,26660.7,17625.85,126.48,1892.26,489.23,481.32,557.32,111.45,166.8,205.73,91.94,150.91,273.5,121.7,193.68,294.38,3146.94,1666.47,470.21,80.28,243.82,1035.83,385.81,237.54,286.37,442.12,209.21,102.07,3544.58,234.3,144.09,135.71,39.44,55.77,98.54,275.35
20261008,11:05:40,49442.32,44276.11,26662.03,17626.31,126.48,1892.26,489.3,481.32,557.32,111.44,166.8,205.73,91.94,150.91,273.5,121.7,193.68,294.38,3143.93,1664.05,470.13,80.28,243.96,1035.7,385.81,237.54,286.69,442.12,209.21,102.07,3544.87,234.3,144.09,135.71,39.44,55.77,98.53,275.34
20261008,11:05:45,49445.18,44279.27,26667.34,17633.67,126.48,1892.26,490.39,481.32,557.32,111.44,166.8,205.76,91.93,150.91,273.5,121.69,193.68,294.38,3144.01,1664.13,470.13,80.26,243.82,1035.74,386.14,237.54,286.69,442.13,209.21,102.04,3544.53,233.97,144.09,135.71,39.44,55.77,98.53,275.34
20261008,11:05:50,49449.37,44283.85,26665.68,17633.44,126.48,1892.26,490.4,481.32,557.33,111.44,166.8,205.76,91.93,150.91,273.5,121.69,193.68,294.38,3144.38,1664.07,470.13,80.27,244.07,1036.55,386.15,237.54,286.69,442.13,209.2,102.04,3544.07,233.97,144.09,135.71,39.44,55.75,98.53,275.33
20261008,11:05:55,49486.19,44319.47,26667.94,17635.15,126.48,1892.37,490.39,481.32,557.33,111.44,166.8,205.76,91.93,151.12,273.5,121.7,193.68,294.38,3147.21,1666.32,470.14,80.29,243.82,1036.55,386.16,237.29,286.69,442.13,209.34,102.04,3544.31,233.97,144.09,135.71,39.44,55.75,98.53,275.33
20261008,11:06:00,49487.44,44321.14,26670.61,17639.74,126.48,1892.14,490.39,481.39,557.33,111.44,166.8,205.76,91.93,151.12,273.5,121.7,193.68,294.38,3147.24,1666.3,470.24,80.27,243.82,1036.59,386.15,237.29,286.69,442.13,209.34,102.04,3543.9,233.97,144.69,135.71,39.44,55.75,98.53,275.28
20261008,11:06:05,49492.47,44323.74,26680.81,17643.78,126.48,1892.14,490.93,481.31,557.33,111.36,166.82,205.82,91.94,151.12,273.5,121.7,193.68,294.38,3147.35,1666.39,469.97,80.27,244.07,1037.03,386.18,237.29,286.37,442.13,209.35,102.04,3545.99,233.97,144.69,135.71,39.44,55.75,98.53,275.28
20261008,11:06:10,49489.44,44320.41,26678.07,17639.37,126.48,1892.14,490.39,481.31,557.33,111.36,166.81,205.82,91.93,150.91,273.5,121.7,193.68,294.39,3147.19,1666.4,469.97,80.31,244.07,1036.55,386.16,237.29,286.37,442.15,209.35,102.04,3546.33,233.97,144.69,135.72,39.44,55.75,98.53,275.28
20261008,11:06:15,49496.25,44325.24,26688.6,17645.41,126.48,1892.14,491.02,481.31,557.41,111.36,166.83,205.83,91.94,150.91,273.5,121.82,193.68,294.39,3147.43,1666.36,470.1,80.32,244.25,1036.52,386.41,237.28,286.69,442.09,209.36,102.04,3547.98,233.97,144.69,135.72,39.44,55.75,98.53,275.34
20261008,11:06:20,49494.17,44324.61,26685.0,17645.97,126.48,1892.14,491.01,481.31,557.41,111.44,166.83,205.83,91.94,150.91,273.5,121.82,193.65,294.39,3147.37,1666.37,469.98,80.33,244.0,1036.65,386.39,237.28,286.69,442.09,209.39,102.04,3546.71,233.97,144.69,135.74,39.44,55.75,98.53,275.35
20261008,11:06:25,49451.74,44285.38,26677.57,17644.51,126.48,1892.14,491.02,481.31,557.49,111.36,166.82,205.84,91.93,150.91,273.5,121.83,193.65,294.38,3144.24,1664.05,469.97,80.34,244.13,1036.64,386.41,237.28,286.38,442.13,209.24,102.04,3544.78,233.97,144.69,135.74,39.44,55.75,98.53,275.33
20261008,11:06:30,49449.09,44280.31,26677.36,17635.91,126.48,1892.14,490.64,481.31,557.49,111.36,166.82,205.83,91.93,150.91,273.5,121.83,193.65,294.38,3144.04,1663.94,469.97,80.31,244.13,1036.66,386.41,237.28,286.29,442.13,209.12,102.04,3547.05,233.97,144.09,135.74,39.44,55.75,98.53,275.33
20261008,11:06:35,49494.02,44324.3,26685.21,17645.65,126.48,1892.14,491.11,481.31,557.49,111.37,166.83,205.86,91.94,150.91,273.5,121.83,193.57,294.39,3147.35,1666.39,470.13,80.34,244.24,1036.72,386.11,237.28,286.28,442.13,209.24,102.04,3546.86,234.3,144.69,135.74,39.44,55.75,98.53,275.31
20261008,11:06:40,49497.26,44327.61,26685.22,17646.18,126.48,1892.11,491.19,481.31,557.49,111.37,166.82,205.85,91.94,150.91,273.5,121.83,193.57,294.38,3147.6,1666.47,470.12,80.33,244.25,1037.09,386.11,237.28,286.28,442.13,209.24,102.04,3546.72,234.3,144.69,135.74,39.44,55.75,98.53,275.31
20261008,11:06:45,49495.5,44327.01,26681.59,17645.77,126.48,1892.11,491.27,481.41,557.22,111.37,166.82,205.82,91.94,150.91,273.38,121.83,193.57,294.38,3147.56,1666.36,470.02,80.34,244.0,1037.24,386.11,237.28,286.59,442.13,209.25,102.04,3545.7,234.3,144.69,135.79,39.44,55.75,98.44,275.23
20261008,11:06:50,49494.27,44326.03,26680.4,17645.09,126.48,1892.11,491.19,481.42,557.22,111.37,166.82,205.82,91.94,150.91,273.38,121.87,193.61,294.38,3147.5,1666.36,469.94,80.34,244.24,1037.03,386.11,237.28,286.55,442.13,209.24,102.04,3545.51,234.3,144.69,135.69,39.44,55.75,98.44,275.23
20261008,11:06:55,49453.16,44285.16,26678.65,17640.38,126.48,1890.69,490.64,481.43,557.14,111.37,166.82,205.82,91.94,150.91,273.38,121.87,193.61,294.38,3144.32,1664.07,470.04,80.34,243.99,1037.04,386.11,237.28,286.23,442.18,209.24,102.04,3546.24,234.3,144.69,135.69,39.44,55.75,98.44,275.23
20261008,11:07:00,49461.05,44293.15,26678.39,17641.08,126.48,1890.92,490.73,481.43,557.14,111.37,166.82,205.82,91.94,150.91,273.38,121.87,193.61,294.38,3144.95,1664.22,470.04,80.34,244.24,1037.44,386.11,237.28,286.55,442.18,209.24,102.04,3545.97,234.3,144.69,135.69,39.44,55.75,98.44,275.23
20261008,11:07:05,49457.13,44288.98,26681.53,17643.53,126.47,1890.92,491.19,481.43,557.08,111.35,166.81,205.81,91.94,150.91,273.38,121.89,193.61,294.15,3144.55,1663.99,470.0,80.31,244.14,1037.39,386.1,237.28,286.55,442.25,209.22,102.04,3546.29,234.3,144.69,135.69,39.44,55.73,98.44,275.23
20261008,11:07:10,49494.92,44325.75,26679.9,17641.48,126.47,1890.92,491.1,481.43,557.08,111.35,166.81,205.8,91.94,150.67,273.38,121.89,193.61,294.15,3147.57,1666.48,470.02,80.31,244.01,1037.4,386.1,237.28,286.23,442.25,209.11,102.04,3546.33,234.3,144.69,135.69,39.44,55.73,98.44,275.23
20261008,11:07:15,49493.61,44322.16,26683.98,17638.44,126.41,1890.92,490.64,481.43,557.08,111.35,166.83,205.85,91.94,150.89,273.38,121.89,193.61,294.15,3147.35,1666.48,470.02,80.32,243.77,1036.66,386.1,237.28,286.54,442.25,209.11,102.04,3548.43,234.3,144.69,135.69,39.44,55.73,98.44,275.23
20261008,11:07:20,49492.15,44323.8,26675.48,17638.9,126.47,1890.92,490.64,481.43,557.08,111.35,166.82,205.84,91.94,150.68,273.38,121.89,193.64,294.17,3147.47,1666.49,470.14,80.35,244.0,1036.54,386.1,237.28,286.54,442.25,209.22,102.04,3545.65,233.97,144.69,135.69,39.42,55.73,98.44,275.23
20261008,11:07:25,49485.51,44317.82,26670.4,17634.71,126.47,1890.92,490.1,481.43,557.03,111.35,166.81,205.83,91.93,150.68,273.38,121.89,193.64,294.16,3147.09,1666.3,470.18,80.3,244.25,1036.06,386.1,237.28,286.54,442.25,209.22,102.04,3545.2,233.97,144.69,135.7,39.42,55.73,98.44,275.23
20261008,11:07:30,49485.86,44318.35,26669.72,17634.54,126.47,1890.92,490.1,481.42,557.03,111.34,166.81,205.83,91.93,150.89,273.38,121.89,193.67,294.16,3147.14,1666.32,470.25,80.31,244.25,1036.04,386.1,237.27,286.54,442.19,209.19,102.04,3545.03,233.97,144.69,135.7,39.42,55.73,98.44,275.23
20261008,11:07:35,49439.37,44273.46,26669.66,17635.86,126.47,1890.92,490.1,481.43,557.03,111.43,166.81,205.83,91.93,150.68,273.38,121.89,193.67,294.13,3143.49,1663.71,470.34,80.32,243.87,1035.64,386.05,237.27,286.53,442.19,209.34,102.04,3544.66,233.97,144.69,135.7,39.42,55.73,98.44,275.23
20261008,11:07:40,49437.55,44272.41,26666.06,17634.11,126.47,1892.34,490.1,481.43,557.04,111.35,166.81,205.81,91.94,150.89,273.38,121.74,193.67,294.13,3143.44,1663.62,470.44,80.3,244.12,1035.53,386.02,237.27,286.53,442.21,209.19,102.04,3544.01,233.99,144.69,135.7,39.42,55.73,98.44,275.18
20261008,11:07:45,49438.02,44272.44,26667.23,17634.02,126.47,1892.34,490.1,481.18,557.03,111.35,166.81,205.8,91.94,150.68,273.38,121.74,193.67,294.1,3143.45,1663.73,470.32,80.32,243.87,1035.9,386.03,237.27,286.21,442.21,209.19,102.04,3544.4,234.31,144.69,135.7,39.42,55.74,98.44,275.18
20261008,11:07:50,49479.99,44310.77,26675.38,17634.82,126.47,1892.34,490.18,481.18,557.03,111.35,166.81,205.79,91.94,150.89,273.38,121.74,193.67,294.14,3146.52,1666.01,470.27,80.3,244.35,1035.86,386.01,237.29,286.22,442.21,209.18,102.04,3546.73,234.31,144.69,135.7,39.42,55.73,98.44,275.18
20261008,11:07:55,49479.55,44311.02,26672.85,17634.2,126.47,1892.34,490.1,481.18,557.03,111.41,166.81,205.79,91.94,150.67,273.38,121.74,193.67,294.14,3146.55,1666.02,470.11,80.3,244.35,1035.7,386.01,237.29,286.52,442.21,209.19,102.04,3546.11,234.3,144.69,135.7,39.42,55.73,98.44,275.21
20261008,11:08:00,49475.62,44311.75,26664.16,17639.46,126.47,1892.34,490.81,481.18,557.03,111.41,166.81,205.8,91.94,150.67,273.38,121.74,193.67,294.14,3146.49,1665.98,470.11,80.29,244.35,1035.66,386.01,237.29,286.51,442.21,209.19,102.04,3541.96,234.3,144.69,135.7,39.42,55.73,98.44,275.21
20261008,11:08:05,49472.76,44308.34,26667.31,17640.99,126.47,1892.34,490.81,481.31,557.03,111.41,166.82,205.82,91.94,150.67,273.38,121.73,193.67,294.14,3146.17,1665.84,470.11,80.32,244.24,1035.8,386.01,237.29,286.21,442.21,209.34,102.04,3542.53,234.3,144.69,135.7,39.42,55.73,98.44,275.21
20261008,11:08:10,49475.68,44310.97,26668.36,17641.48,126.41,1892.34,490.9,481.31,557.03,111.33,166.81,205.77,91.94,150.67,273.38,121.73,193.67,294.14,3146.37,1665.84,470.16,80.33,244.24,1035.8,386.01,237.29,286.52,442.21,209.37,102.04,3542.73,234.31,144.69,135.7,39.42,55.73,98.44,275.21
20261008,11:08:15,49438.72,44272.76,26674.7,17641.43,126.41,1892.34,490.9,481.03,557.03,111.33,166.8,205.77,91.94,150.88,273.38,121.85,193.67,294.15,3143.3,1663.58,470.16,80.3,243.99,1035.74,386.01,237.28,286.52,442.21,209.34,102.04,3544.72,233.99,144.69,135.69,39.42,55.73,98.44,275.22
20261008,11:08:20,49473.16,44308.18,26670.15,17642.42,126.41,1892.34,491.0,481.03,557.03,111.41,166.78,205.68,91.94,150.88,273.38,121.85,193.64,294.15,3146.13,1665.86,470.22,80.31,243.99,1035.74,386.01,237.28,286.21,442.19,209.33,102.04,3543.03,234.32,144.69,135.69,39.42,55.73,98.44,275.22
20261008,11:08:25,49476.23,44308.49,26679.0,17643.64,126.41,1892.11,490.99,481.03,557.03,111.41,166.78,205.69,91.94,150.88,273.38,121.85,193.64,294.15,3146.12,1665.9,470.31,80.29,244.35,1035.23,386.01,237.28,286.22,442.24,209.52,102.04,3545.46,233.99,144.69,135.68,39.42,55.73,98.44,275.23
20261008,11:08:30,49476.48,44309.74,26676.08,17643.63,126.41,1892.11,491.0,481.03,557.03,111.41,166.78,205.68,91.94,150.88,273.38,121.85,193.62,294.15,3146.22,1666.0,470.29,80.29,244.24,1035.28,386.01,237.28,286.22,442.24,209.52,102.04,3544.55,233.99,144.69,135.67,39.42,55.73,98.44,275.23
20261008,11:08:35,49477.71,44308.41,26682.4,17642.44,126.41,1892.11,491.08,481.29,557.03,111.41,166.79,205.72,91.94,150.88,273.38,121.74,193.62,294.16,3146.14,1665.99,470.29,80.28,244.1,1035.27,386.01,237.27,286.23,442.24,209.36,102.04,3546.85,233.99,144.69,135.67,39.42,55.73,98.44,275.23
20261008,11:08:40,49480.7,44311.91,26680.95,17642.73,126.41,1892.11,491.08,481.29,557.03,111.4,166.79,205.72,91.94,150.88,273.38,121.86,193.62,294.1,3146.42,1666.03,470.31,80.3,244.35,1035.39,386.0,237.27,286.32,442.24,209.33,102.04,3546.32,233.99,144.69,135.67,39.42,55.73,98.44,275.23
20261008,11:08:45,49487.35,44317.79,26682.46,17642.46,126.41,1892.11,491.08,481.29,557.03,111.4,166.77,205.63,91.94,150.88,273.38,121.86,193.62,294.1,3146.9,1666.13,470.19,80.27,244.36,1035.96,386.01,237.27,286.63,442.23,209.33,102.04,3546.86,233.99,144.69,135.67,39.42,55.73,98.44,275.23
20261008,11:08:50,49488.3,44318.64,26687.71,17648.27,126.41,1892.11,491.71,481.29,557.09,111.4,166.77,205.65,91.94,150.88,273.38,121.86,193.62,294.1,3146.83,1666.06,470.3,80.28,244.25,1035.99,386.01,237.27,286.63,442.17,209.33,102.04,3546.93,233.99,144.69,135.67,39.42,55.73,98.44,275.61
20261008,11:08:55,49487.9,44317.85,26689.11,17648.49,126.41,1892.11,491.79,481.29,557.09,111.4,166.77,205.65,91.94,150.88,273.38,121.84,193.62,294.1,3146.76,1666.05,470.34,80.29,244.0,1036.05,385.95,237.27,286.63,442.18,209.3,102.04,3547.3,233.99,144.69,135.67,39.42,55.73,98.44,275.61
20261008,11:09:00,49485.95,44316.54,26687.83,17649.02,126.41,1892.11,491.79,481.29,557.16,111.4,166.77,205.65,91.94,150.88,273.38,121.84,193.62,294.1,3146.64,1666.05,470.35,80.29,244.0,1036.17,385.96,237.27,286.31,442.24,209.3,102.04,3546.76,233.99,144.69,135.67,39.42,55.75,98.44,275.61
20261008,11:09:05,49485.26,44316.25,26690.74,17653.65,126.41,1892.11,491.79,481.29,557.16,111.4,166.77,205.68,91.93,150.88,273.38,121.84,193.62,294.1,3146.51,1666.01,470.32,80.27,243.88,1036.14,385.71,237.27,286.31,442.24,209.29,102.04,3546.41,233.99,145.28,135.67,39.42,55.75,98.44,275.61
20261008,11:09:10,49487.54,44317.91,26691.68,17652.87,126.41,1892.11,491.79,481.29,557.16,111.4,166.77,205.68,91.93,150.88,273.38,121.71,193.62,294.11,3146.66,1666.05,470.32,80.27,243.88,1036.39,385.71,237.27,286.31,442.24,209.29,102.04,3546.92,233.99,145.28,135.67,39.42,55.75,98.44,275.61
20261008,11:09:15,49489.59,44322.01,26686.23,17653.59,126.54,1892.11,491.79,481.29,557.27,111.41,166.76,205.66,91.92,150.88,273.38,121.71,193.64,294.11,3146.97,1666.06,470.23,80.31,244.24,1036.8,385.71,237.27,286.31,442.24,209.29,102.04,3545.02,233.99,145.28,135.67,39.42,55.75,98.44,275.63
20261008,11:09:20,49493.13,44323.77,26688.11,17650.11,126.54,1892.11,491.34,481.29,557.27,111.41,166.76,205.67,91.92,150.88,273.38,121.71,193.64,294.1,3147.2,1666.31,470.35,80.29,244.13,1036.31,385.71,237.27,286.53,442.23,209.29,102.04,3546.55,233.99,145.28,135.67,39.42,55.75,98.44,275.56
20261008,11:09:25,49497.1,44327.79,26691.16,17654.14,126.54,1890.69,492.05,481.29,557.19,111.41,166.75,205.61,91.92,150.88,273.38,121.71,193.64,294.11,3147.42,1666.27,470.35,80.31,244.36,1036.61,385.71,237.27,286.62,442.22,209.29,102.04,3546.41,233.95,145.28,135.67,39.42,55.75,98.44,275.55
20261008,11:09:30,49448.23,44282.09,26687.44,17656.3,126.54,1890.69,492.13,481.29,557.19,111.41,166.75,205.61,91.92,150.88,273.38,121.71,193.64,294.11,3143.69,1663.49,470.35,80.31,244.25,1036.55,385.71,237.27,286.53,442.16,209.45,102.04,3544.67,233.95,145.28,135.67,39.42,55.75,98.44,275.6
20261008,11:09:35,49488.54,44320.51,26692.24,17658.97,126.54,1890.69,492.59,481.29,557.19,111.42,166.75,205.63,91.92,150.45,273.38,121.71,193.64,294.11,3146.72,1665.81,470.51,80.29,244.25,1036.86,385.71,237.27,286.21,442.11,209.45,102.04,3545.44,233.92,145.28,135.67,39.42,55.75,98.44,275.6
20261008,11:09:40,49450.63,44284.04,26695.38,17664.14,126.54,1890.69,493.24,481.18,557.15,111.42,166.74,205.61,91.92,150.45,273.38,121.72,193.6,294.11,3143.66,1663.58,470.39,80.29,244.0,1036.79,385.7,237.18,286.21,442.11,209.53,102.04,3545.02,233.92,145.28,135.67,39.42,55.75,98.44,275.6
20261008,11:09:45,49493.51,44326.78,26692.35,17663.87,126.41,1890.69,493.23,481.17,557.15,111.42,166.74,205.61,91.92,150.45,273.38,121.72,193.6,294.1,3147.11,1666.18,470.39,80.3,244.0,1036.57,385.73,237.18,286.52,442.11,209.53,102.04,3544.15,233.94,145.28,135.67,39.42,55.75,98.44,275.63
20261008,11:09:50,49491.89,44324.97,26689.24,17659.51,126.41,1890.69,492.77,481.18,557.15,111.42,166.74,205.61,91.92,150.67,273.38,121.72,193.6,294.1,3147.07,1666.17,470.38,80.3,243.89,1036.87,385.73,237.18,286.3,442.12,209.39,102.04,3544.36,233.94,145.28,135.67,39.42,55.77,98.44,275.63
20261008,11:09:55,49493.89,44326.51,26690.43,17659.49,126.41,1890.69,492.77,481.18,557.15,111.42,166.74,205.61,91.91,150.67,273.38,121.72,193.6,294.1,3147.19,1666.04,470.51,80.33,244.01,1036.88,385.73,237.17,286.62,442.13,209.39,102.04,3544.73,233.94,145.28,135.67,39.42,55.77,98.44,275.63
20261008,11:10:00,49492.44,44327.32,26685.11,17660.82,126.41,1890.69,492.85,481.26,557.23,111.42,166.73,205.61,91.91,150.67,273.23,121.72,193.6,294.11,3147.23,1666.14,470.51,80.33,244.37,1036.85,385.73,237.17,286.21,442.19,209.42,102.04,3542.71,233.92,145.28,135.67,39.42,55.77,98.44,275.64
20261008,11:10:05,49488.82,44324.17,26683.32,17660.01,126.41,1890.69,492.76,481.26,557.23,111.42,166.75,205.65,91.91,150.67,273.23,121.72,193.6,294.11,3146.99,1666.14,470.29,80.33,243.94,1036.91,385.76,237.17,286.21,442.12,209.42,102.04,3542.37,233.92,145.28,135.65,39.42,55.77,98.44,275.61
20261008,11:10:10,49490.32,44323.95,26689.9,17661.97,126.41,1890.69,492.85,481.26,557.23,111.42,166.74,205.61,91.91,150.67,273.23,121.87,193.6,294.11,3146.93,1666.18,470.23,80.33,243.82,1036.8,385.76,237.16,286.21,442.22,209.47,102.04,3543.9,233.92,145.28,135.65,39.42,55.75,98.44,275.61
20261008,11:10:15,49492.82,44324.18,26694.76,17660.17,126.41,1890.69,492.76,481.26,557.08,111.42,166.73,205.59,91.91,150.45,273.23,121.87,193.6,294.11,3146.99,1666.14,470.33,80.34,243.82,1036.88,386.08,237.16,286.21,442.06,209.47,102.04,3545.9,233.92,145.28,135.65,39.41,55.75,98.44,275.61
20261008,11:10:20,49490.75,44326.02,26687.64,17664.9,126.41,1892.11,492.85,481.39,557.08,111.42,166.74,205.62,91.91,150.45,273.23,121.87,193.6,294.1,3147.02,1666.17,470.44,80.31,244.07,1036.67,385.74,237.16,286.2,442.05,209.33,102.04,3542.4,233.92,145.87,135.65,39.41,55.75,98.44,275.61
20261008,11:10:25,49454.55,44288.88,26689.03,17660.24,126.41,1892.11,492.85,481.46,557.08,111.42,166.74,205.62,91.92,150.44,273.23,121.87,193.6,294.1,3144.14,1663.72,470.44,80.34,244.08,1037.31,385.74,237.52,286.19,442.05,209.32,102.04,3544.1,233.9,145.28,135.65,39.41,55.75,98.44,275.63
20261008,11:10:30,49456.18,44290.71,26688.52,17660.48,126.41,1892.21,492.86,481.46,557.08,111.42,166.73,205.58,91.92,150.44,273.23,121.87,193.6,294.1,3144.28,1663.81,470.49,80.34,244.19,1037.21,385.76,237.52,286.19,442.04,209.35,102.04,3543.87,233.9,145.28,135.65,39.41,55.75,98.44,275.64
20261008,11:10:35,49452.38,44286.42,26690.19,17660.44,126.41,1892.21,492.85,481.46,557.02,111.42,166.73,205.62,91.91,150.44,273.23,121.87,193.6,294.1,3143.94,1663.76,470.51,80.32,244.19,1036.57,385.76,237.52,286.19,442.09,209.36,102.04,3544.4,233.9,145.28,135.65,39.41,55.77,98.44,275.6
20261008,11:10:40,49490.06,44324.21,26686.76,17660.09,126.41,1892.21,492.77,481.46,557.02,111.34,166.73,205.63,91.91,150.44,273.23,121.87,193.6,294.14,3146.99,1666.0,470.63,80.34,244.19,1036.75,385.76,237.52,286.19,442.12,209.4,102.04,3543.43,233.9,145.28,135.65,39.41,55.77,98.44,275.6
20261008,11:10:45,49490.65,44324.63,26687.69,17660.62,126.41,1892.21,492.76,481.46,557.17,111.35,166.72,205.61,91.91,150.44,273.23,121.87,193.6,294.14,3147.01,1666.14,470.52,80.34,244.07,1036.59,385.76,237.52,286.2,442.15,209.4,102.04,3543.57,233.94,145.28,135.65,39.41,55.77,98.44,275.6
20261008,11:10:50,49490.95,44324.58,26689.2,17661.2,126.41,1892.21,492.85,481.46,557.17,111.34,166.73,205.63,91.91,150.43,273.23,121.87,193.6,294.14,3147.0,1666.1,470.52,80.34,243.78,1036.47,386.07,237.52,286.52,442.15,209.39,102.04,3543.88,233.94,145.28,135.65,39.41,55.77,98.44,275.59
20261008,11:10:55,49454.88,44287.39,26698.57,17665.17,126.41,1892.21,493.39,481.38,557.17,111.44,166.75,205.64,91.92,150.43,273.23,121.87,193.6,294.14,3143.9,1663.69,470.61,80.33,243.65,1036.59,386.07,237.52,286.52,442.14,209.36,102.04,3545.74,233.94,145.28,135.65,39.41,55.77,98.44,275.59
20261008,11:11:00,49450.95,44283.53,26698.4,17664.88,126.41,1892.21,493.39,481.33,557.15,111.44,166.73,205.63,91.91,150.43,273.23,121.87,193.6,294.16,3143.6,1663.4,470.72,80.31,244.01,1036.74,386.07,237.52,286.2,442.1,209.35,102.04,3545.76,233.94,145.28,135.65,39.41,55.77,98.44,275.59
20261008,11:11:05,49497.76,44329.1,26696.89,17662.97,126.54,1890.79,493.47,481.46,557.15,111.44,166.75,205.63,91.92,150.43,273.23,121.87,193.6,294.16,3147.32,1665.99,470.74,80.34,243.91,1037.64,386.08,237.52,286.2,442.1,209.09,102.04,3545.81,233.93,145.28,135.65,39.41,55.77,98.44,275.57
20261008,11:11:10,49494.78,44326.8,26690.47,17657.61,126.54,1890.79,492.76,481.46,557.15,111.36,166.75,205.63,91.92,150.43,273.23,121.87,193.64,294.16,3147.26,1665.99,470.66,80.37,243.7,1037.68,386.08,237.65,286.21,442.1,209.09,102.04,3545.25,233.93,145.28,135.65,39.41,55.77,98.44,275.57
20261008,11:11:15,49458.01,44290.97,26690.98,17658.21,126.41,1890.79,492.76,481.46,557.15,111.4,166.75,205.65,91.92,150.43,273.23,121.85,193.64,294.16,3144.36,1663.58,470.47,80.35,243.82,1038.0,386.08,237.65,286.47,442.1,209.19,102.04,3545.25,233.92,145.28,135.65,39.41,55.77,98.44,275.57
20261008,11:11:20,49497.76,44329.02,26692.95,17658.19,126.41,1890.79,492.76,481.46,557.15,111.4,166.75,205.65,91.92,150.43,273.23,121.85,193.62,294.16,3147.43,1665.9,470.48,80.36,243.81,1038.04,386.08,238.39,286.52,442.1,209.19,102.04,3545.88,233.94,145.28,135.65,39.41,55.77,98.44,275.57
20261008,11:11:25,49455.58,44289.95,26685.88,17656.87,126.41,1890.79,492.76,481.46,557.15,111.4,166.74,205.64,91.92,150.22,273.23,121.85,193.62,294.16,3144.31,1663.53,470.59,80.35,244.07,1038.02,386.07,238.64,286.21,442.1,209.09,102.04,3544.03,233.94,145.28,135.65,39.41,55.77,98.44,275.57
20261008,11:11:30,49460.03,44292.51,26695.32,17661.79,126.41,1892.21,493.31,481.46,557.15,111.4,166.74,205.64,91.92,150.43,273.23,121.85,193.62,294.16,3144.4,1663.59,470.6,80.34,244.06,1038.03,386.07,238.65,286.21,442.15,209.08,102.04,3545.64,233.94,145.28,135.67,39.41,55.77,98.44,275.57
20261008,11:11:35,49499.8,44330.86,26692.81,17657.54,126.54,1892.21,492.69,481.46,557.15,111.48,166.74,205.63,91.92,150.43,273.23,121.73,193.62,294.16,3147.59,1665.96,470.59,80.34,243.95,1038.01,386.07,238.65,286.53,442.18,209.11,102.04,3546.01,233.95,145.28,135.7,39.41,55.77,98.44,275.57
20261008,11:11:40,49496.99,44330.32,26686.98,17658.16,126.54,1892.21,492.69,481.46,557.15,111.48,166.76,205.66,91.93,150.43,273.23,121.73,193.62,294.18,3147.53,1665.94,470.65,80.36,243.7,1038.04,386.07,238.65,286.53,442.17,209.14,102.03,3544.02,233.95,145.28,135.7,39.41,55.77,98.44,275.6
20261008,11:11:45,49453.47,44288.28,26687.32,17659.81,126.54,1892.21,492.51,481.79,557.46,111.4,166.77,205.67,91.93,150.43,273.23,121.85,193.66,294.18,3144.1,1663.44,470.48,80.38,243.7,1037.79,386.07,238.65,286.52,442.19,209.24,102.03,3543.68,233.95,145.28,135.7,39.41,55.77,98.44,275.59
20261008,11:11:50,49457.75,44291.64,26689.98,17660.14,126.54,1892.21,492.6,481.79,557.47,111.4,166.76,205.65,91.93,150.22,273.23,121.85,193.62,294.18,3144.37,1663.51,470.59,80.36,244.06,1037.79,386.07,238.65,286.52,442.19,209.24,102.03,3544.42,233.95,145.28,135.7,39.41,55.77,98.44,275.59
20261008,11:11:55,49455.1,44289.49,26688.46,17659.82,126.54,1890.79,492.6,481.54,557.47,111.39,166.76,205.65,91.93,150.43,273.23,121.87,193.62,294.2,3144.2,1663.56,470.5,80.37,243.95,1037.8,386.07,238.65,286.21,442.19,209.25,102.03,3544.03,233.95,145.28,135.7,39.41,55.77,98.44,275.59
20261008,11:12:00,49455.96,44288.76,26691.78,17658.39,126.41,1890.79,492.61,481.7,557.47,111.39,166.76,205.66,91.93,150.43,273.23,121.85,193.62,294.21,3144.18,1663.54,470.5,80.38,243.95,1037.86,386.07,238.65,286.17,442.13,209.13,102.03,3545.45,233.95,145.28,135.7,39.41,55.77,98.44,275.58
20261008,11:12:05,49497.43,44328.83,26694.68,17660.63,126.41,1890.79,492.61,481.7,557.42,111.31,166.77,205.67,91.93,150.43,273.23,121.85,193.62,294.21,3147.35,1666.0,470.5,80.38,244.06,1037.34,386.07,238.65,286.48,442.13,209.4,102.03,3545.75,233.95,145.28,135.73,39.41,55.77,98.44,275.58
20261008,11:12:10,49495.2,44326.89,26693.04,17659.48,126.41,1890.79,492.6,481.7,557.42,111.31,166.77,205.67,91.93,150.43,273.23,121.85,193.62,294.21,3147.22,1666.08,470.51,80.37,243.98,1037.27,386.07,238.41,286.17,442.19,209.25,102.03,3545.55,233.95,145.28,135.73,39.4,55.77,98.44,275.66
20261008,11:12:15,49507.28,44337.87,26699.49,17664.27,126.41,1890.79,492.6,481.7,557.42,111.31,166.77,205.67,91.93,150.43,273.23,121.85,193.62,294.21,3147.99,1666.18,470.57,80.37,243.84,1038.82,386.07,238.41,286.17,442.2,209.25,102.03,3546.27,233.95,145.87,135.73,39.4,55.77,98.44,275.66
20261008,11:12:20,49504.74,44334.58,26697.73,17659.53,126.41,1890.79,492.6,481.7,557.42,111.31,166.77,205.68,91.93,150.43,273.23,121.85,193.62,294.21,3147.84,1666.06,470.45,80.39,243.99,1038.8,386.07,238.41,286.17,442.2,209.25,102.03,3547.0,233.95,145.28,135.73,39.4,55.77,98.44,275.66
20261008,11:12:25,49497.7,44331.11,26689.09,17660.96,126.41,1890.79,492.69,481.7,557.42,111.31,166.77,205.68,91.93,150.65,273.23,121.85,193.59,294.21,3147.53,1665.84,470.41,80.4,244.1,1038.69,386.07,238.41,286.12,442.21,209.25,102.03,3543.92,234.27,145.28,135.73,39.4,55.77,98.44,275.66
20261008,11:12:30,49460.21,44294.25,26688.77,17659.45,126.41,1890.79,492.6,481.57,557.42,111.32,166.77,205.68,91.93,150.65,273.23,121.73,193.59,294.21,3144.59,1663.5,470.42,80.38,243.99,1038.7,385.74,238.41,286.44,442.21,209.25,102.03,3544.23,234.27,145.28,135.76,39.4,55.76,98.44,275.66
20261008,11:12:35,49465.64,44299.18,26694.75,17665.13,126.41,1890.79,493.32,481.57,557.42,111.32,166.78,205.68,91.94,150.65,273.23,121.73,193.59,294.23,3144.85,1663.77,470.43,80.39,243.74,1038.64,385.74,238.41,286.48,442.21,209.25,102.03,3544.55,234.27,145.28,135.76,39.4,55.77,98.44,275.73
20261008,11:12:40,49464.75,44298.17,26691.42,17660.85,126.41,1892.21,492.6,481.57,557.42,111.32,166.79,205.69,91.94,150.65,273.23,121.73,193.57,294.23,3144.88,1663.66,470.5,80.4,243.99,1038.75,385.74,238.41,286.44,442.21,209.28,102.03,3544.68,234.27,145.28,135.76,39.4,55.77,98.44,275.73
20261008,11:12:45,49460.47,44294.27,26691.66,17662.0,126.54,1892.21,492.69,481.57,557.42,111.4,166.79,205.7,91.94,150.65,273.23,121.85,193.57,294.22,3144.53,1663.54,470.5,80.4,243.75,1038.52,385.72,238.41,286.45,442.23,209.28,102.03,3544.44,234.27,145.28,135.75,39.4,55.77,98.44,275.43
20261008,11:12:50,49453.61,44288.28,26688.13,17660.26,126.41,1892.21,492.69,481.57,557.42,111.4,166.79,205.7,91.94,150.65,273.23,121.85,193.57,294.23,3144.09,1663.34,470.37,80.38,243.73,1038.69,385.71,238.41,286.13,442.23,209.13,102.03,3543.81,234.34,145.28,135.73,39.4,55.77,98.44,275.43
20261008,11:12:55,49457.44,44291.0,26692.47,17661.88,126.41,1892.21,492.86,481.49,557.42,111.4,166.78,205.72,91.93,150.65,273.23,121.87,193.57,294.23,3144.27,1663.47,470.31,80.42,243.98,1038.64,385.71,238.41,286.02,442.23,209.17,102.03,3544.73,234.34,145.28,135.73,39.4,55.77,98.44,275.42
20261008,11:13:00,49458.91,44292.65,26691.94,17662.0,126.47,1892.21,492.86,481.49,557.42,111.4,166.79,205.74,91.93,150.65,273.23,121.86,193.57,294.23,3144.4,1663.4,470.37,80.41,243.98,1038.72,385.68,238.41,286.34,442.22,209.17,102.03,3544.52,234.34,145.28,135.73,39.4,55.77,98.44,275.42
20261008,11:13:05,49499.07,44332.51,26692.07,17664.58,126.47,1892.21,493.34,481.49,557.42,111.4,166.79,205.74,91.93,150.43,273.23,121.86,193.57,294.23,3147.55,1665.79,470.6,80.41,243.73,1038.83,385.68,238.3,286.34,442.18,209.12,102.03,3543.87,234.34,145.28,135.73,39.4,55.77,98.44,275.42
20261008,11:13:10,49498.94,44332.13,26692.36,17664.06,126.41,1892.21,493.34,481.57,557.34,111.4,166.79,205.74,91.93,150.65,273.23,121.84,193.57,294.23,3147.54,1665.84,470.53,80.38,243.97,1038.69,385.68,238.29,286.24,442.18,209.11,102.03,3544.1,234.34,145.28,135.63,39.4,55.77,98.44,275.42
20261008,11:13:15,49499.78,44333.16,26692.1,17664.48,126.41,1892.21,493.34,481.57,557.34,111.4,166.81,205.8,91.93,150.43,273.23,121.84,193.57,294.23,3147.61,1665.87,470.64,80.37,243.97,1038.66,385.7,238.29,286.24,442.17,209.22,102.06,3543.9,234.02,145.28,135.63,39.4,55.77,98.44,275.41
20261008,11:13:20,49498.48,44329.72,26697.91,17663.91,126.54,1892.21,493.26,481.57,557.27,111.4,166.81,205.8,91.93,150.43,273.23,121.84,193.53,294.23,3147.35,1665.77,470.74,80.4,243.61,1038.48,385.71,238.29,286.24,442.1,209.22,102.06,3545.87,234.02,145.28,135.66,39.4,55.77,98.44,275.41
20261008,11:13:25,49459.63,44292.94,26694.07,17663.08,126.54,1890.79,493.26,481.57,557.27,111.32,166.8,205.79,91.93,150.43,273.23,121.84,193.53,294.23,3144.4,1663.48,470.68,80.4,243.73,1038.51,385.72,238.29,286.24,442.1,209.23,102.06,3544.9,234.02,145.28,135.66,39.4,55.77,98.44,275.41
20261008,11:13:30,49498.9,44332.27,26687.56,17659.12,126.54,1890.79,492.7,481.57,557.34,111.32,166.8,205.8,91.93,150.43,273.23,121.84,193.53,294.23,3147.67,1665.92,470.8,80.41,243.73,1038.6,385.72,238.29,286.24,442.16,209.2,102.06,3543.94,234.02,145.28,135.66,39.4,55.77,98.44,275.41
20261008,11:13:35,49496.65,44330.33,26687.63,17660.04,126.54,1890.79,492.7,481.57,557.34,111.32,166.81,205.82,91.93,150.43,273.23,121.84,193.55,294.23,3147.49,1665.87,470.72,80.38,243.98,1038.64,385.72,238.29,285.93,442.15,209.2,102.06,3543.71,234.03,145.28,135.66,39.4,55.77,98.44,275.69
20261008,11:13:40,49460.79,44293.98,26692.26,17660.69,126.54,1890.79,492.69,481.57,557.33,111.48,166.81,205.82,91.93,150.43,273.23,121.84,193.55,294.22,3144.54,1663.53,470.84,80.39,243.95,1038.74,385.72,238.29,285.93,442.15,209.23,102.06,3544.98,234.03,145.28,135.66,39.4,55.77,98.44,275.69
20261008,11:13:45,49456.25,44289.18,26692.38,17659.56,126.54,1890.79,492.7,481.57,557.33,111.49,166.81,205.85,91.93,150.43,273.23,121.84,193.55,294.22,3144.18,1663.42,470.91,80.39,243.82,1038.28,385.72,238.29,285.93,442.09,209.2,102.06,3545.32,234.03,145.28,135.66,39.4,55.77,98.43,275.41
20261008,11:13:50,49496.57,44331.03,26685.19,17659.88,126.54,1890.79,492.77,481.57,557.33,111.41,166.81,205.83,91.93,150.43,273.23,121.84,193.55,294.25,3147.55,1665.77,470.8,80.37,244.06,1038.54,385.79,238.29,286.24,442.09,209.2,102.06,3542.99,234.03,145.28,135.67,39.4,55.77,98.43,275.41
20261008,11:13:55,49495.66,44329.78,26690.17,17664.35,126.54,1890.79,493.32,481.57,557.33,111.41,166.82,205.86,91.93,150.43,273.23,121.85,193.55,294.28,3147.34,1665.67,470.58,80.39,244.06,1038.54,385.79,238.29,286.25,442.09,209.22,102.06,3543.33,234.03,145.28,135.67,39.4,55.77,98.43,275.41
20261008,11:14:00,49493.21,44327.8,26686.66,17661.7,126.54,1891.02,492.95,481.49,557.33,111.41,166.82,205.86,91.93,150.43,273.23,121.85,193.55,294.28,3147.24,1665.69,470.57,80.36,244.07,1038.71,385.79,238.29,285.94,442.1,209.22,102.06,3542.96,234.05,145.28,135.67,39.4,55.77,98.43,275.4
20261008,11:14:05,49496.39,44330.4,26689.04,17662.74,126.54,1892.44,492.96,481.75,557.33,111.41,166.83,205.91,91.93,150.43,273.35,121.85,193.55,294.28,3147.43,1665.67,470.69,80.39,243.96,1038.77,385.54,238.29,286.24,442.1,209.22,102.06,3543.42,234.05,145.28,135.67,39.4,55.77,98.43,275.4
20261008,11:14:10,49459.07,44294.28,26688.87,17663.41,126.54,1892.44,493.11,481.62,557.24,111.41,166.83,205.91,91.93,150.43,273.35,121.85,193.55,294.29,3144.5,1663.64,470.69,80.4,243.82,1038.67,385.51,238.29,285.87,442.1,209.22,102.06,3543.18,234.05,145.28,135.67,39.4,55.76,98.43,275.4
20261008,11:14:15,49455.19,44290.42,26688.69,17662.95,126.54,1892.44,493.12,481.62,557.1,111.41,166.83,205.91,91.93,150.43,273.35,121.85,193.55,294.28,3144.2,1663.42,470.7,80.36,243.85,1038.65,385.51,238.29,285.87,442.1,209.22,102.06,3543.25,234.05,145.28,135.67,39.4,55.76,98.43,275.4
20261008,11:14:20,49455.19,44289.54,26686.81,17657.82,126.52,1892.44,493.12,481.62,557.04,111.41,166.83,205.91,91.93,150.43,273.35,121.85,193.55,294.25,3144.25,1663.54,470.69,80.37,243.6,1038.64,385.5,238.29,285.87,442.12,209.22,102.06,3544.06,234.05,144.68,135.67,39.4,55.76,98.43,275.39
20261008,11:14:25,49456.48,44288.96,26696.45,17662.76,126.58,1892.44,493.13,481.54,556.91,111.41,166.83,205.91,91.93,150.43,273.35,121.85,193.55,294.25,3144.09,1663.6,470.49,80.36,243.72,1037.78,385.5,238.53,286.19,442.12,209.22,102.06,3545.73,234.36,145.27,135.67,39.4,55.76,98.43,275.39
20261008,11:14:30,49496.23,44327.44,26700.78,17666.89,126.58,1892.25,493.58,481.67,556.98,111.4,166.83,205.92,91.93,150.66,273.35,121.85,193.55,294.25,3147.09,1665.95,470.49,80.37,244.08,1037.73,385.53,238.53,285.88,442.16,209.24,102.06,3545.96,234.36,145.27,135.67,39.4,55.77,98.43,275.31
20261008,11:14:35,49496.34,44328.34,26695.28,17663.2,126.58,1892.25,493.13,481.67,556.91,111.4,166.83,205.91,91.93,150.66,273.35,121.85,193.55,294.23,3147.25,1665.99,470.59,80.4,244.08,1037.84,385.51,238.53,285.87,442.19,209.24,102.06,3545.24,234.36,145.27,135.67,39.4,55.77,98.43,275.31
20261008,11:14:40,49451.89,44283.71,26698.9,17662.97,126.58,1892.25,493.13,481.67,556.91,111.4,166.82,205.88,91.93,150.66,273.35,121.85,193.55,294.23,3143.66,1663.37,470.49,80.38,244.08,1037.51,385.51,238.54,285.87,442.19,209.25,102.06,3546.44,234.36,145.27,135.57,39.4,55.77,98.43,275.31
20261008,11:14:45,49486.48,44320.03,26690.73,17662.34,126.58,1892.62,493.12,481.68,556.91,111.4,166.82,205.88,91.93,150.66,273.35,121.73,193.55,294.23,3146.6,1665.82,470.42,80.39,243.97,1037.21,385.51,238.54,285.78,442.19,209.24,102.06,3544.06,234.36,145.27,135.57,39.4,55.77,98.43,275.35
20261008,11:14:50,49479.43,44313.16,26691.79,17663.56,126.52,1892.62,493.12,481.68,556.91,111.42,166.83,205.89,91.93,150.66,273.35,121.73,193.53,294.23,3146.02,1665.52,470.42,80.39,244.01,1036.73,385.51,238.54,285.78,442.19,209.37,102.06,3544.06,234.36,145.27,135.57,39.4,55.77,98.43,275.37
20261008,11:14:55,49440.98,44274.33,26696.54,17664.47,126.52,1892.62,493.28,481.67,556.91,111.42,166.83,205.89,91.93,150.44,273.35,121.73,193.53,294.23,3142.87,1663.13,470.42,80.39,243.89,1036.73,385.51,238.54,285.77,442.19,209.37,102.06,3545.29,234.36,145.27,135.57,39.4,55.77,98.43,275.37
20261008,11:15:00,49442.43,44274.68,26698.3,17662.89,126.52,1891.2,493.2,481.59,556.98,111.49,166.83,205.91,91.93,150.44,273.35,121.73,193.53,294.23,3142.93,1663.1,470.4,80.38,244.14,1036.57,385.51,238.54,285.96,441.85,209.4,102.06,3546.27,234.04,145.27,135.57,39.41,55.78,98.43,275.38
20261008,11:15:05,49444.25,44278.6,26692.49,17663.43,126.52,1891.2,493.29,481.34,556.98,111.49,166.85,205.91,91.95,150.45,273.35,121.72,193.53,294.23,3143.24,1663.3,470.5,80.39,244.12,1036.56,385.49,238.54,285.96,441.85,209.4,102.06,3544.31,234.04,145.27,135.57,39.41,55.78,98.43,275.38
20261008,11:15:10,49442.22,44276.43,26697.12,17668.13,126.52,1892.62,493.83,481.34,556.98,111.49,166.85,205.91,91.95,150.45,273.35,121.73,193.53,294.23,3142.95,1663.24,470.43,80.39,243.87,1036.39,385.49,238.54,285.95,441.84,209.42,102.06,3544.48,234.04,145.27,135.57,39.41,55.78,98.43,275.38
20261008,11:15:15,49443.55,44277.32,26700.31,17670.42,126.52,1892.62,493.53,481.34,556.98,111.49,166.85,205.89,91.95,150.45,273.35,121.73,193.53,294.23,3142.97,1663.17,470.45,80.4,244.12,1036.37,385.49,238.54,285.95,441.79,209.41,102.06,3544.86,234.04,145.86,135.57,39.41,55.78,98.43,275.36
20261008,11:15:20,49444.15,44278.75,26696.65,17669.04,126.52,1891.2,493.61,481.34,556.91,111.49,166.85,205.89,91.95,150.45,273.35,121.73,193.53,294.23,3143.11,1663.24,470.42,80.39,244.12,1036.56,385.49,238.54,285.95,441.79,209.27,102.06,3544.09,234.04,145.87,135.57,39.41,55.78,98.52,275.35
20261008,11:15:25,49445.35,44280.45,26696.47,17670.62,126.52,1891.2,493.61,481.34,556.98,111.49,166.85,205.89,91.95,150.45,273.32,121.73,193.53,294.23,3143.21,1663.33,470.3,80.39,244.13,1036.27,385.5,238.54,286.22,441.76,209.41,102.05,3543.6,234.04,145.87,135.57,39.41,55.78,98.52,275.35
20261008,11:15:30,49484.2,44318.6,26699.23,17674.76,126.52,1892.62,493.61,481.42,556.98,111.49,166.85,205.92,91.94,150.66,273.35,121.73,193.49,294.23,3146.19,1665.78,470.28,80.32,243.88,1036.6,385.5,238.3,285.9,441.8,209.75,102.05,3543.34,234.04,145.87,135.57,39.41,55.78,98.52,275.32
20261008,11:15:35,49441.7,44279.28,26692.83,17674.4,126.52,1892.65,493.61,481.42,556.98,111.49,166.85,205.9,91.94,150.66,273.35,121.73,193.49,294.22,3143.03,1663.4,470.37,80.31,243.88,1036.5,385.5,238.3,285.77,441.8,209.72,102.05,3541.44,234.04,145.87,135.55,39.41,55.78,98.52,275.32
20261008,11:15:40,49484.91,44321.3,26693.94,17675.38,126.52,1892.65,493.63,481.29,556.98,111.49,166.85,205.9,91.95,150.45,273.35,121.73,193.49,294.22,3146.39,1665.81,470.38,80.34,243.88,1036.5,385.5,238.3,286.18,441.81,209.76,102.05,3541.52,234.05,145.87,135.55,39.41,55.78,98.52,275.62
20261008,11:15:45,49446.46,44283.81,26694.92,17676.47,126.52,1892.65,493.7,481.29,556.98,111.49,166.85,205.9,91.95,150.66,273.35,121.73,193.49,294.22,3143.34,1663.32,470.5,80.32,244.24,1036.51,385.5,238.3,286.18,441.81,209.73,102.05,3541.53,234.38,145.87,135.57,39.41,55.78,98.52,275.62
20261008,11:15:50,49442.26,44277.24,26701.81,17676.06,126.52,1892.65,493.78,481.29,556.7,111.49,166.85,205.92,91.94,150.66,273.35,121.73,193.49,294.24,3142.82,1663.2,470.47,80.33,243.81,1036.4,385.5,238.55,285.87,441.77,209.71,102.05,3543.79,234.38,145.87,135.57,39.41,55.78,98.52,275.65
20261008,11:15:55,49442.63,44277.84,26700.63,17675.53,126.52,1892.65,493.61,481.29,556.93,111.49,166.85,205.92,91.94,150.45,273.35,121.73,193.49,294.24,3142.88,1663.19,470.45,80.3,243.82,1036.27,385.45,238.55,286.19,441.78,209.74,102.05,3543.57,234.38,145.87,135.57,39.41,55.78,98.52,275.63
20261008,11:16:00,49479.92,44311.18,26703.96,17669.32,126.52,1892.65,493.7,481.36,556.93,111.49,166.86,205.95,91.94,150.66,273.35,121.73,193.53,294.24,3145.72,1665.67,470.34,80.32,243.95,1035.33,385.45,238.55,286.19,441.78,209.48,102.05,3546.29,234.38,145.28,135.58,39.41,55.78,98.52,275.61
20261008,11:16:05,49482.16,44314.01,26707.06,17675.06,126.52,1892.65,493.7,481.49,556.93,111.41,166.87,205.98,91.94,150.45,273.35,121.73,193.56,294.3,3145.81,1665.67,470.44,80.31,243.96,1035.45,385.45,238.29,286.19,441.78,209.59,102.05,3545.71,234.38,145.87,135.58,39.41,55.78,98.52,275.63
20261008,11:16:10,49479.76,44312.25,26707.35,17677.36,126.52,1892.65,493.7,481.49,556.93,111.41,166.86,205.96,91.94,150.45,273.35,121.85,193.61,294.3,3145.61,1665.7,470.44,80.32,243.95,1035.24,385.51,238.29,285.92,441.78,209.75,102.05,3545.17,234.38,145.87,135.58,39.41,55.78,98.52,275.63
20261008,11:16:15,49441.57,44274.86,26706.39,17675.65,126.52,1892.65,493.53,481.49,557.08,111.41,166.84,205.94,91.93,150.45,273.35,121.85,193.61,294.29,3142.64,1663.28,470.45,80.32,243.95,1035.23,385.51,238.29,286.23,441.84,209.71,102.05,3545.34,234.06,145.87,135.58,39.41,55.78,98.52,275.63
20261008,11:16:20,49436.49,44269.92,26703.53,17672.36,126.52,1892.65,493.08,481.49,557.08,111.41,166.84,205.92,91.93,150.24,273.35,121.85,193.57,294.29,3142.32,1663.2,470.45,80.31,243.95,1035.15,385.48,238.04,285.91,441.84,209.74,102.05,3545.34,234.06,145.87,135.68,39.41,55.78,98.52,275.58
20261008,11:16:25,49437.17,44271.19,26698.72,17668.87,126.52,1892.65,492.99,481.42,557.08,111.41,166.83,205.89,91.93,150.45,273.35,121.73,193.57,294.27,3142.51,1663.22,470.43,80.31,243.89,1035.21,385.47,238.04,286.22,441.85,209.52,102.02,3544.78,234.06,145.86,135.68,39.41,55.78,98.53,275.58
20261008,11:16:30,49434.59,44269.05,26699.47,17670.99,126.52,1892.65,493.44,481.41,557.08,111.41,166.83,205.89,91.93,150.45,273.35,121.73,193.59,294.27,3142.29,1663.14,470.53,80.32,243.64,1035.09,385.47,238.04,286.16,441.78,209.41,102.02,3544.44,234.06,145.86,135.68,39.41,55.78,98.53,275.58
20261008,11:16:35,49477.6,44311.37,26699.22,17672.09,126.52,1892.65,493.53,481.62,557.08,111.41,166.82,205.87,91.93,150.66,273.35,121.73,193.59,294.27,3145.67,1665.63,470.27,80.29,243.64,1036.19,385.47,238.04,285.85,441.78,209.41,102.02,3544.06,234.05,145.86,135.68,39.41,55.78,98.53,275.57
20261008,11:16:40,49441.42,44275.28,26699.36,17669.46,126.52,1892.65,493.36,481.54,557.08,111.41,166.62,205.87,91.77,150.45,273.35,121.72,193.62,294.29,3142.82,1663.32,470.29,80.3,243.52,1036.22,385.22,238.04,286.18,441.78,209.53,102.02,3544.82,234.07,145.86,135.68,39.41,55.77,98.53,275.57
20261008,11:16:45,49438.96,44273.26,26694.63,17665.27,126.52,1892.65,492.91,481.7,557.08,111.41,166.63,205.9,91.77,150.45,273.35,121.72,193.64,294.29,3142.76,1663.46,470.29,80.32,243.63,1035.48,385.22,238.04,286.23,441.78,209.41,102.02,3544.48,234.0,145.86,135.68,39.41,55.77,98.53,275.57
20261008,11:16:50,49435.53,44271.11,26691.91,17666.1,126.52,1892.65,492.92,481.7,557.08,111.41,166.63,205.9,91.77,150.45,273.35,121.72,193.59,294.29,3142.57,1663.38,470.4,80.31,243.52,1035.6,385.47,238.04,285.91,441.78,209.5,102.02,3543.4,234.0,145.86,135.68,39.41,55.77,98.53,275.57
20261008,11:16:55,49468.32,44303.42,26688.96,17663.89,126.52,1892.65,493.47,481.7,557.08,111.42,166.63,205.89,91.77,150.24,273.35,121.72,193.59,294.28,3145.23,1665.62,470.29,80.29,243.4,1035.29,385.47,238.04,285.9,441.78,209.38,102.02,3543.08,234.0,145.27,135.68,39.41,55.77,98.53,275.57
20261008,11:17:00,49432.83,44269.13,26689.35,17665.34,126.52,1892.65,493.01,481.7,557.08,111.42,166.62,205.89,91.77,150.24,273.35,121.72,193.59,294.28,3142.43,1663.37,470.23,80.33,243.77,1035.25,385.48,238.04,285.9,441.84,209.38,102.02,3542.81,234.0,145.86,135.68,39.41,55.77,98.53,275.57
20261008,11:17:05,49431.97,44268.12,26692.08,17667.93,126.52,1892.65,492.92,481.7,557.08,111.42,166.82,205.89,91.93,150.24,273.35,121.72,193.59,294.28,3142.28,1663.35,470.21,80.33,243.77,1034.98,385.48,238.04,285.9,441.84,209.49,102.02,3542.96,234.0,145.86,135.68,39.41,55.77,98.53,275.57
20261008,11:17:10,49435.12,44268.74,26699.23,17667.94,126.52,1892.65,492.92,481.7,557.08,111.42,166.81,205.86,91.93,150.24,273.35,121.72,193.64,294.32,3142.33,1663.47,470.23,80.31,243.63,1034.88,385.48,238.04,285.89,441.78,209.5,102.02,3545.19,233.99,145.86,135.68,39.41,55.78,98.53,275.57
20261008,11:17:15,49470.15,44303.11,26695.56,17664.49,126.52,1892.65,492.38,481.7,556.85,111.42,166.83,205.92,91.93,150.88,273.35,121.72,193.64,294.32,3145.19,1665.75,470.23,80.3,243.52,1034.38,385.48,237.9,286.2,441.78,209.47,102.02,3544.98,234.38,145.86,135.68,39.41,55.77,98.53,275.54
20261008,11:17:20,49467.73,44300.41,26699.38,17667.77,126.52,1892.65,492.93,481.7,556.85,111.42,166.83,205.94,91.93,151.09,273.35,121.72,193.68,294.31,3144.89,1665.62,470.29,80.28,243.52,1034.44,385.48,237.9,285.89,441.78,209.36,102.02,3545.28,234.38,145.86,135.68,39.41,55.77,98.53,275.54
20261008,11:17:25,49473.38,44305.68,26700.6,17668.37,126.39,1892.65,492.92,481.71,556.85,111.42,166.83,205.93,91.93,151.09,273.35,121.7,193.68,294.31,3145.3,1665.56,470.22,80.3,243.77,1035.0,385.48,237.9,286.2,441.78,209.47,102.02,3545.5,234.38,145.86,135.68,39.41,55.77,98.53,275.54
20261008,11:17:30,49473.31,44306.02,26695.66,17664.05,126.52,1891.24,492.31,481.71,556.85,111.42,166.83,205.9,91.93,151.09,273.35,121.7,193.68,294.32,3145.43,1665.72,470.29,80.27,243.52,1035.01,385.48,237.9,286.2,441.78,209.51,102.02,3545.13,234.38,145.86,135.65,39.41,55.79,98.53,275.54
20261008,11:17:35,49473.98,44305.62,26698.62,17663.94,126.52,1891.24,492.93,481.71,556.86,111.41,166.43,205.88,91.61,151.09,273.35,121.7,193.68,294.32,3145.4,1665.66,470.23,80.27,243.77,1034.98,385.48,237.9,286.2,441.78,209.47,102.02,3546.09,234.38,145.86,135.65,39.41,55.79,98.52,275.53
20261008,11:17:40,49432.67,44268.52,26689.33,17663.8,126.52,1891.17,492.93,481.71,556.86,111.41,166.43,205.87,91.61,151.09,273.35,121.74,193.56,294.32,3142.42,1663.3,470.22,80.27,243.77,1035.57,385.48,237.9,285.89,441.79,209.45,102.02,3543.22,234.4,145.86,135.68,39.41,55.77,98.52,275.53
20261008,11:17:45,49435.61,44268.41,26699.22,17665.23,126.52,1892.59,493.02,481.71,556.86,111.41,166.43,205.88,91.61,151.09,273.35,121.74,193.56,294.32,3142.37,1663.42,470.4,80.27,243.22,1034.98,385.49,237.9,286.21,441.79,209.48,102.02,3545.92,234.4,145.86,135.68,39.41,55.77,98.52,275.52
20261008,11:17:50,49437.32,44270.31,26698.58,17665.26,126.52,1892.59,493.02,481.58,556.86,111.41,166.43,205.87,91.61,151.09,273.35,121.72,193.56,294.32,3142.52,1663.47,470.39,80.28,243.34,1035.08,385.49,237.9,286.21,441.79,209.49,102.02,3545.71,234.4,145.86,135.68,39.41,55.78,98.52,275.56
20261008,11:17:55,49433.26,44266.17,26697.16,17663.02,126.52,1892.59,493.01,481.58,556.86,111.42,166.23,205.86,91.45,151.09,273.35,121.72,193.56,294.32,3142.25,1663.3,470.4,80.28,243.58,1035.12,385.49,237.9,285.9,441.8,209.49,102.02,3545.88,234.4,145.86,135.65,39.41,55.78,98.52,275.55
20261008,11:18:00,49438.77,44271.79,26695.7,17662.19,126.52,1892.59,492.93,481.58,556.86,111.42,166.23,205.87,91.45,150.88,273.35,121.73,193.56,294.32,3142.72,1663.42,470.46,80.28,243.89,1035.53,385.49,237.9,285.9,441.8,209.49,102.02,3545.65,234.4,145.86,135.65,39.41,55.78,98.52,275.53
20261008,11:18:05,49440.73,44273.69,26693.65,17659.79,126.52,1892.59,492.93,481.58,556.87,111.42,166.24,205.89,91.46,150.88,273.35,121.73,193.56,294.32,3142.93,1663.48,470.41,80.29,243.77,1035.69,385.49,237.9,286.12,441.8,209.37,102.02,3545.66,234.08,145.86,135.65,39.41,55.78,98.52,275.23
20261008,11:18:10,49474.43,44306.53,26698.15,17664.96,126.52,1891.17,493.46,481.58,556.87,111.42,166.24,205.91,91.45,151.09,273.35,121.77,193.54,294.31,3145.45,1665.69,470.3,80.28,243.34,1035.67,385.49,237.9,285.9,441.83,209.52,102.02,3545.66,234.07,145.85,135.65,39.41,55.78,98.52,275.23
20261008,11:18:15,49436.44,44271.7,26688.74,17661.46,126.52,1891.17,492.82,481.71,556.87,111.42,166.24,205.91,91.45,150.88,273.35,121.9,193.7,294.31,3142.73,1663.42,470.28,80.3,243.48,1035.68,385.49,237.9,286.21,441.88,209.53,102.02,3543.67,234.07,145.85,135.68,39.41,55.78,98.52,275.23
20261008,11:18:20,49436.55,44271.63,26692.63,17665.35,126.52,1891.17,493.45,481.71,556.87,111.42,166.25,205.92,91.45,150.88,273.35,121.77,193.7,294.32,3142.63,1663.39,470.28,80.28,243.71,1035.77,385.49,237.9,285.89,441.88,209.53,102.02,3543.83,234.08,145.85,135.68,39.41,55.78,98.52,275.23
20261008,11:18:25,49431.63,44267.71,26686.16,17660.83,126.52,1891.17,492.83,481.74,556.94,111.42,166.25,205.93,91.45,150.88,273.35,121.78,193.67,294.31,3142.42,1663.28,470.28,80.26,243.6,1036.01,385.49,237.9,285.7,441.79,209.53,102.02,3543.04,234.07,145.85,135.68,39.41,55.78,98.52,275.22
20261008,11:18:30,49431.98,44267.78,26687.45,17661.43,126.52,1891.17,492.91,481.74,556.94,111.42,166.24,205.91,91.45,150.88,273.35,121.78,193.67,294.32,3142.41,1663.25,470.3,80.29,243.35,1035.88,385.49,237.9,285.97,441.79,209.54,102.05,3543.28,234.07,145.85,135.68,39.41,55.78,98.52,275.22
20261008,11:18:35,49432.61,44268.55,26687.72,17662.26,126.52,1891.17,492.91,481.74,557.01,111.42,166.24,205.9,91.45,150.88,273.35,121.9,193.67,294.31,3142.46,1663.28,470.28,80.28,243.59,1035.7,385.49,237.9,285.96,441.79,209.52,102.05,3543.14,234.09,145.85,135.68,39.41,55.78,98.52,275.22
20261008,11:18:40,49475.37,44304.51,26704.8,17662.79,126.65,1891.17,492.91,481.74,557.01,111.42,166.24,205.88,91.45,151.09,273.35,121.9,193.67,294.29,3145.34,1665.74,470.34,80.28,243.59,1034.86,385.49,237.9,286.01,441.75,209.53,102.05,3548.33,234.09,145.85,135.67,39.41,55.78,98.53,275.2
20261008,11:18:45,49435.04,44265.34,26704.7,17663.13,126.65,1891.17,492.92,481.66,557.01,111.42,166.24,205.88,91.45,151.09,273.35,121.9,193.67,294.3,3142.18,1663.53,470.18,80.28,243.59,1034.39,385.24,237.9,286.01,441.68,209.49,102.05,3548.2,234.09,145.85,135.65,39.41,55.78,98.53,275.5
20261008,11:18:50,49436.42,44266.85,26704.94,17663.96,126.65,1891.17,493.0,481.74,557.01,111.42,166.24,205.88,91.45,151.09,273.35,121.9,193.67,294.31,3142.28,1663.61,470.19,80.28,243.34,1034.56,385.24,237.9,286.01,441.68,209.41,102.05,3548.05,234.04,145.85,135.65,39.41,55.8,98.53,275.79
20261008,11:18:55,49475.35,44306.29,26701.9,17665.49,126.64,1891.17,493.01,481.74,557.04,111.42,166.23,205.88,91.45,151.31,273.35,121.9,193.67,294.33,3145.42,1666.03,470.19,80.28,243.34,1034.59,385.24,237.9,286.02,441.71,209.53,102.05,3546.69,234.03,145.85,135.65,39.41,55.8,98.53,275.79
20261008,11:19:00,49475.44,44305.98,26713.97,17678.05,126.7,1892.59,494.61,481.82,557.04,111.42,166.22,205.86,91.45,151.31,273.35,121.9,193.67,294.3,3145.09,1665.71,470.19,80.28,243.71,1034.46,385.21,237.9,286.02,441.71,209.53,102.05,3547.05,234.1,145.85,135.65,39.41,55.8,98.53,275.79
20261008,11:19:05,49437.23,44266.0,26718.52,17674.11,126.7,1892.65,494.16,481.82,557.04,111.42,166.23,205.85,91.46,151.31,273.35,121.9,193.67,294.3,3141.97,1663.29,470.09,80.27,243.9,1034.43,385.2,237.92,286.02,441.77,209.44,102.05,3549.54,234.1,145.85,135.65,39.41,55.8,98.53,275.79
20261008,11:19:10,49477.27,44304.87,26721.87,17677.46,126.7,1892.65,494.15,481.82,557.05,111.42,166.44,205.84,91.63,151.31,273.35,121.9,193.67,294.35,3145.02,1665.67,470.1,80.26,243.65,1034.99,385.19,237.92,285.71,441.7,209.56,102.05,3549.68,234.1,145.85,135.63,39.41,55.8,98.53,275.8
20261008,11:19:15,49473.86,44302.67,26718.01,17676.78,126.7,1892.65,494.14,481.82,557.05,111.42,166.45,205.86,91.63,151.31,273.35,121.78,193.67,294.36,3144.86,1665.68,470.1,80.27,243.61,1034.59,385.18,237.94,285.71,441.74,209.56,102.05,3548.66,234.11,145.85,135.63,39.41,55.8,98.53,275.8
20261008,11:19:20,49482.47,44308.66,26724.19,17675.85,126.64,1892.65,494.06,481.69,556.97,111.42,166.45,205.86,91.63,151.31,273.35,121.76,193.71,294.36,3145.36,1665.78,470.34,80.32,243.78,1034.57,385.19,237.94,286.02,441.88,209.57,102.08,3550.84,234.11,145.85,135.63,39.41,55.8,98.53,275.8
20261008,11:19:25,49483.55,44307.82,26729.28,17675.39,126.64,1892.65,494.15,481.61,556.96,111.42,166.45,205.89,91.63,151.31,273.35,121.76,193.71,294.36,3145.3,1665.77,470.32,80.32,243.79,1034.5,385.12,237.94,286.02,441.88,209.47,102.08,3552.55,234.11,145.85,135.63,39.41,55.8,98.53,275.75
20261008,11:19:30,49479.77,44303.77,26727.49,17672.08,126.64,1891.24,494.07,481.69,556.96,111.42,166.26,205.89,91.47,151.31,273.35,121.76,193.71,294.34,3145.06,1665.72,470.26,80.28,243.79,1034.61,385.12,237.94,285.71,441.89,209.46,102.05,3552.89,234.11,145.85,135.63,39.41,55.8,98.53,275.77
20261008,11:19:35,49439.72,44265.07,26727.54,17673.23,126.64,1891.24,494.15,481.69,556.96,111.42,166.26,205.89,91.47,151.09,273.35,121.76,193.71,294.34,3141.91,1663.19,470.25,80.3,243.67,1034.59,385.15,237.94,286.02,441.89,209.55,102.05,3552.6,234.11,145.85,135.63,39.41,55.8,98.53,275.77
20261008,11:19:40,49448.55,44274.08,26729.79,17677.21,126.64,1891.24,494.7,481.66,556.96,111.42,166.25,205.87,91.47,151.09,273.35,121.77,193.71,294.34,3142.54,1663.26,470.44,80.3,243.78,1035.57,385.14,237.94,286.02,441.89,209.54,102.05,3552.22,234.18,145.85,135.63,39.41,55.8,98.53,275.77
20261008,11:19:45,49482.57,44309.83,26718.15,17672.49,126.64,1891.26,494.16,481.74,556.96,111.42,166.26,205.89,91.47,151.09,273.35,121.77,193.71,294.34,3145.54,1665.66,470.34,80.28,243.9,1035.73,385.14,237.94,285.71,441.89,209.45,102.05,3549.86,234.17,145.85,135.63,39.41,55.8,98.53,275.77
20261008,11:19:50,49489.93,44316.1,26725.41,17677.83,126.64,1891.26,494.69,481.61,556.88,111.42,166.26,205.91,91.47,151.09,273.35,121.9,193.71,294.34,3145.91,1665.78,470.51,80.3,243.9,1035.63,385.16,237.94,286.03,441.83,209.56,102.05,3550.68,234.17,145.85,135.63,39.41,55.8,98.52,275.77
20261008,11:19:55,49488.61,44314.33,26723.07,17673.52,126.64,1891.26,494.14,481.61,556.78,111.42,166.26,205.9,91.47,151.09,273.35,121.9,193.71,294.3,3145.87,1665.78,470.5,80.3,243.65,1035.63,385.16,237.94,286.12,441.82,209.56,102.05,3551.12,234.17,145.85,135.63,39.41,55.8,98.52,275.81
20261008,11:20:00,49486.19,44311.6,26724.84,17674.31,126.64,1891.26,494.14,481.61,556.78,111.42,166.27,205.93,91.47,151.09,273.35,121.9,193.71,294.31,3145.63,1665.8,470.61,80.3,243.65,1034.91,385.16,237.95,286.12,441.88,209.56,102.05,3551.46,234.49,145.85,135.63,39.41,55.8,98.52,275.84
20261008,11:20:05,49451.87,44276.22,26729.71,17673.43,126.64,1891.26,494.06,481.61,556.78,111.42,166.27,205.93,91.47,151.09,273.35,121.91,193.71,294.31,3142.81,1663.39,470.61,80.3,243.6,1035.64,385.16,237.95,286.12,441.82,209.54,102.05,3553.22,234.49,145.85,135.53,39.41,55.8,98.52,275.91
20261008,11:20:10,49453.32,44278.04,26733.4,17679.06,126.64,1891.26,494.23,481.53,556.78,111.42,166.27,205.93,91.47,150.88,273.35,121.92,193.71,294.31,3142.82,1663.29,470.61,80.3,243.53,1036.03,385.16,237.95,286.12,441.82,209.55,102.05,3552.84,234.49,146.44,135.53,39.41,55.78,98.52,275.91
20261008,11:20:15,49449.78,44274.59,26728.59,17673.53,126.77,1891.26,494.23,481.53,556.78,111.42,166.27,205.94,91.47,151.09,273.35,121.92,193.71,294.3,3142.67,1663.28,470.6,80.31,243.65,1035.63,385.16,237.95,286.12,441.91,209.39,102.05,3552.84,234.56,145.85,135.53,39.41,55.78,98.52,275.86
20261008,11:20:20,49492.61,44315.74,26729.06,17672.08,126.64,1891.26,494.07,481.53,556.78,111.42,166.27,205.94,91.47,150.88,273.35,121.92,193.71,294.3,3146.02,1665.87,470.62,80.31,243.89,1035.78,385.16,237.95,285.8,441.84,209.5,102.05,3553.38,234.24,145.85,135.53,39.41,55.78,98.52,275.87
20261008,11:20:25,49493.76,44318.47,26725.76,17673.66,126.83,1891.26,494.24,481.66,556.64,111.42,166.27,205.94,91.47,150.88,273.35,121.92,193.71,294.3,3146.2,1665.71,470.49,80.31,243.89,1036.47,384.86,237.95,286.12,441.87,209.5,102.05,3551.92,234.24,145.85,135.53,39.41,55.78,98.52,275.87
20261008,11:20:30,49496.79,44321.75,26725.06,17673.95,126.7,1891.26,494.33,481.66,556.64,111.42,166.27,205.95,91.47,150.88,273.35,121.92,193.71,294.3,3146.46,1666.01,470.51,80.29,243.54,1036.48,384.86,237.95,286.12,441.89,209.5,102.05,3551.63,234.24,145.85,135.53,39.41,55.78,98.52,275.84
20261008,11:20:35,49459.59,44283.31,26733.72,17676.59,126.64,1891.26,494.76,481.54,556.64,111.42,166.28,205.98,91.47,151.09,273.35,121.9,193.71,294.3,3143.3,1663.53,470.62,80.31,243.53,1036.45,384.89,237.95,286.13,441.81,209.5,102.05,3553.61,234.24,145.85,135.43,39.41,55.72,98.53,275.98
20261008,11:20:40,49503.88,44326.46,26733.69,17676.56,126.64,1891.26,494.76,481.54,556.64,111.42,166.31,206.07,91.47,150.88,273.35,121.9,193.71,294.28,3146.78,1665.95,470.63,80.32,243.53,1037.24,384.87,237.95,286.13,441.75,209.5,102.05,3553.61,234.24,145.85,135.43,39.41,55.72,98.53,276.03
20261008,11:20:45,49501.37,44323.75,26734.73,17676.84,126.64,1891.26,494.75,481.67,556.64,111.42,166.31,206.06,91.47,150.88,273.35,121.89,193.71,294.28,3146.55,1665.67,470.7,80.25,243.78,1037.38,384.86,237.95,286.13,441.75,209.53,102.05,3553.86,234.24,145.85,135.43,39.41,55.72,98.53,276.03
20261008,11:20:50,49502.19,44324.35,26738.89,17680.98,126.64,1891.26,494.92,481.67,556.95,111.42,166.5,206.06,91.63,150.88,273.35,121.89,193.71,294.28,3146.5,1665.96,470.49,80.23,243.79,1037.02,384.88,237.99,285.81,441.75,209.53,102.05,3554.04,234.24,145.85,135.43,39.41,55.72,98.53,275.97
20261008,11:20:55,49504.99,44327.4,26738.14,17681.17,126.64,1891.49,494.92,481.67,556.9,111.42,166.5,206.07,91.63,150.88,273.35,121.89,193.71,294.28,3146.74,1665.84,470.51,80.23,243.9,1037.87,384.88,237.99,285.78,441.75,209.53,102.05,3553.75,234.24,145.85,135.43,39.41,55.72,98.53,276.05
20261008,11:21:00,49501.62,44324.37,26734.28,17677.58,126.64,1891.49,494.38,481.67,556.95,111.42,166.51,206.1,91.63,150.88,273.47,121.89,193.75,294.28,3146.58,1665.68,470.61,80.22,243.54,1037.84,384.88,237.99,286.09,441.75,209.53,102.05,3553.52,234.24,145.85,135.4,39.41,55.72,98.53,276.08
20261008,11:21:05,49499.21,44322.01,26733.55,17676.74,126.64,1891.59,494.21,481.75,556.95,111.41,166.51,206.1,91.63,150.88,273.58,121.89,193.75,294.28,3146.42,1665.82,470.52,80.23,243.54,1037.21,384.88,238.01,286.0,441.86,209.53,102.05,3553.52,234.24,145.85,135.4,39.41,55.72,98.53,276.06
20261008,11:21:10,49463.7,44287.12,26738.86,17681.85,126.64,1891.59,494.85,481.83,556.95,111.41,166.52,206.11,91.63,150.88,273.58,121.91,193.75,294.28,3143.48,1663.39,470.73,80.24,243.54,1037.41,385.21,238.01,286.0,441.87,209.56,102.05,3553.79,234.24,145.85,135.37,39.41,55.72,98.53,276.08
20261008,11:21:15,49502.98,44326.05,26737.94,17683.01,126.64,1891.59,494.85,481.83,556.95,111.39,166.56,206.13,91.66,150.88,273.58,121.95,193.75,294.28,3146.59,1665.7,470.63,80.24,243.65,1037.57,385.47,238.01,286.08,441.86,209.56,102.05,3553.19,234.56,145.85,135.37,39.41,55.72,98.53,276.11
20261008,11:21:20,49502.4,44325.49,26738.61,17683.79,126.64,1891.59,494.93,481.98,556.95,111.39,166.55,206.13,91.66,150.87,273.58,121.95,193.75,294.28,3146.53,1665.75,470.63,80.26,243.42,1037.4,385.46,238.01,286.09,441.86,209.57,102.05,3553.19,234.56,145.85,135.37,39.41,55.72,98.53,276.11
20261008,11:21:25,49500.7,44325.56,26732.8,17682.89,126.64,1891.59,494.85,481.9,556.94,111.39,166.55,206.11,91.66,150.87,273.58,121.95,193.75,294.28,3146.55,1665.73,470.53,80.26,243.68,1037.4,385.46,238.01,286.09,441.86,209.57,102.05,3551.62,234.56,145.85,135.37,39.41,55.72,98.53,276.04
20261008,11:21:30,49505.65,44328.87,26736.72,17682.34,126.64,1891.59,494.77,481.77,556.94,111.39,166.55,206.11,91.66,150.87,273.58,121.95,193.73,294.27,3146.83,1665.85,470.52,80.26,243.93,1037.49,385.46,238.01,286.09,441.86,209.58,102.05,3552.99,234.56,145.85,135.39,39.41,55.72,98.53,276.04
20261008,11:21:35,49507.06,44329.83,26738.68,17683.21,126.51,1891.59,494.86,481.7,557.17,111.38,166.55,206.12,91.66,150.87,273.58,121.95,193.69,294.27,3146.89,1665.87,470.56,80.27,243.93,1037.51,385.46,238.01,286.09,441.86,209.58,102.05,3553.37,234.56,145.85,135.39,39.41,55.72,98.53,276.04
20261008,11:21:40,49507.37,44330.24,26743.19,17688.76,126.51,1891.59,494.95,481.85,557.17,111.38,166.55,206.11,91.66,150.87,273.58,121.93,193.69,294.28,3146.79,1665.87,470.46,80.25,243.82,1037.5,385.46,238.01,286.09,441.92,209.58,102.05,3553.27,234.56,146.44,135.39,39.41,55.72,98.53,276.04
20261008,11:21:45,49505.49,44328.19,26740.53,17684.95,126.51,1891.59,495.03,481.78,557.23,111.38,166.55,206.12,91.66,150.87,273.58,121.95,193.69,294.28,3146.72,1665.75,470.62,80.25,243.82,1037.53,385.46,238.01,286.08,441.92,209.57,102.05,3553.47,234.56,145.85,135.39,39.41,55.72,98.53,276.09
20261008,11:21:50,49507.91,44331.15,26739.9,17686.27,126.77,1891.71,495.03,481.99,557.18,111.38,166.56,206.17,91.66,150.87,273.58,121.95,193.69,294.28,3146.92,1665.97,470.31,80.25,243.81,1037.55,385.46,238.01,286.18,441.93,209.6,102.05,3552.92,234.56,145.85,135.39,39.41,55.72,98.53,276.09
20261008,11:21:55,49507.17,44331.17,26737.7,17686.19,126.77,1891.71,494.95,481.86,557.17,111.46,166.57,206.19,91.66,150.87,273.58,121.95,193.69,294.27,3146.93,1665.97,470.31,80.25,243.82,1037.56,385.46,238.01,286.18,441.93,209.6,102.05,3552.25,234.56,145.85,135.49,39.41,55.76,98.53,276.04
20261008,11:22:00,49506.83,44330.4,26736.42,17683.25,126.64,1891.71,494.87,481.78,557.18,111.46,166.38,206.19,91.5,150.87,273.7,121.95,193.69,294.27,3146.93,1665.97,470.31,80.25,243.68,1037.71,385.39,238.01,286.18,441.97,209.6,102.05,3552.65,234.56,145.85,135.52,39.41,55.76,98.53,276.02
20261008,11:22:05,49507.52,44332.2,26734.5,17684.8,126.64,1891.71,494.96,481.78,557.19,111.46,166.38,206.19,91.5,150.87,273.7,122.07,193.68,294.26,3147.04,1665.87,470.2,80.29,243.93,1038.15,385.39,238.01,286.14,441.97,209.6,102.06,3551.63,234.56,145.86,135.52,39.41,55.74,98.53,276.07
20261008,11:22:10,49464.95,44290.92,26736.57,17687.89,126.64,1891.71,495.5,481.85,557.19,111.46,166.38,206.21,91.5,150.87,273.7,121.95,193.73,294.26,3143.64,1663.46,470.43,80.3,243.56,1037.69,385.39,238.01,286.04,441.95,209.6,102.06,3551.44,234.56,145.86,135.52,39.41,55.74,98.53,275.99
20261008,11:22:15,49508.85,44331.3,26739.27,17682.96,126.51,1891.71,495.04,481.85,557.23,111.46,166.38,206.2,91.5,150.87,273.58,121.93,193.73,294.26,3147.01,1665.96,470.41,80.27,243.81,1037.86,385.39,238.01,286.04,441.94,209.49,102.06,3553.62,234.56,145.86,135.52,39.41,55.74,98.53,275.99
20261008,11:22:20,49506.15,44328.6,26734.26,17676.94,126.51,1891.71,494.42,481.74,557.23,111.46,166.39,206.23,91.5,150.87,273.6,121.93,193.73,294.26,3146.94,1665.96,470.38,80.27,243.7,1037.78,385.4,238.01,286.06,441.94,209.49,102.06,3553.69,234.24,145.86,135.52,39.41,55.74,98.53,275.68
20261008,11:22:25,49507.87,44330.43,26737.5,17681.23,126.64,1891.71,494.96,481.74,557.23,111.46,166.37,206.15,91.5,150.87,273.6,121.95,193.73,294.26,3146.99,1665.85,470.22,80.29,243.7,1038.36,385.09,238.01,286.09,441.96,209.49,102.06,3553.54,234.24,145.87,135.52,39.41,55.74,98.53,275.63
20261008,11:22:30,49507.87,44329.67,26740.42,17682.01,126.64,1891.71,494.87,481.74,557.33,111.46,166.38,206.2,91.5,150.87,273.6,121.95,193.73,294.26,3146.91,1665.8,470.32,80.29,243.57,1038.38,384.84,238.01,286.09,441.96,209.61,102.06,3554.23,234.24,145.87,135.52,39.41,55.74,98.53,275.58
20261008,11:22:35,49473.05,44295.94,26739.81,17681.99,126.64,1891.74,495.04,481.74,557.33,111.46,166.37,206.15,91.5,150.87,273.6,121.95,193.76,294.26,3144.19,1663.61,470.18,80.27,243.84,1038.62,384.85,238.01,286.09,441.97,209.5,102.06,3554.05,234.24,145.87,135.52,39.41,55.74,98.53,275.54
20261008,11:22:40,49508.98,44332.99,26733.66,17681.74,126.64,1891.64,495.03,481.74,557.33,111.46,166.37,206.15,91.5,150.87,273.6,121.95,193.76,294.26,3147.18,1666.08,470.18,80.28,243.59,1038.29,385.03,238.01,286.09,441.97,209.48,102.06,3552.2,234.24,145.87,135.52,39.41,55.74,98.53,275.54
20261008,11:22:45,49466.9,44291.77,26734.3,17681.75,126.64,1891.64,494.86,481.74,557.33,111.46,166.38,206.19,91.5,150.87,273.6,121.96,193.76,294.26,3143.86,1663.56,470.16,80.28,243.85,1038.28,385.36,238.01,285.78,441.97,209.59,102.09,3552.4,234.24,145.87,135.52,39.41,55.74,98.52,275.54
20261008,11:22:50,49464.87,44290.65,26731.83,17681.77,126.64,1891.64,494.87,481.74,557.1,111.46,166.38,206.2,91.5,150.87,273.6,122.06,193.76,294.26,3143.77,1663.53,470.03,80.28,243.43,1038.23,385.4,238.01,286.14,441.97,209.59,102.09,3551.62,234.24,145.87,135.52,39.41,55.74,98.52,275.54
20261008,11:22:55,49508.07,44332.59,26733.02,17682.61,126.64,1891.64,494.96,481.72,557.1,111.54,166.38,206.21,91.5,150.87,273.6,121.94,193.76,294.26,3147.13,1665.98,470.05,80.28,243.7,1038.38,385.4,238.01,286.14,441.91,209.59,102.09,3551.76,234.24,145.87,135.52,39.41,55.74,98.52,275.84
20261008,11:23:00,49507.99,44332.25,26732.92,17681.64,126.64,1891.64,494.87,481.66,557.1,111.49,166.38,206.17,91.51,150.87,273.6,121.94,193.76,294.24,3147.12,1665.96,470.16,80.28,243.58,1038.83,385.4,238.01,285.83,441.91,209.59,102.09,3551.99,234.24,145.87,135.52,39.41,55.74,98.52,275.84
20261008,11:23:05,49511.15,44332.98,26739.33,17681.15,126.51,1891.64,494.87,481.75,557.1,111.49,166.37,206.17,91.5,150.87,273.6,121.94,193.76,294.24,3147.19,1665.95,470.33,80.28,243.46,1038.94,385.4,238.01,285.84,441.91,209.58,102.09,3554.13,234.24,145.87,135.52,39.41,55.74,98.52,275.84
20261008,11:23:10,49471.96,44295.17,26737.9,17680.76,126.52,1891.64,494.78,481.75,557.18,111.49,166.37,206.18,91.5,150.87,273.6,121.94,193.76,294.24,3144.16,1663.64,470.26,80.26,243.58,1038.84,385.4,238.01,285.84,441.91,209.58,102.09,3553.79,234.24,145.87,135.52,39.41,55.74,98.52,275.84
20261008,11:23:15,49478.21,44300.62,26744.45,17686.16,126.52,1891.64,495.41,481.88,557.09,111.49,166.37,206.18,91.5,151.08,273.6,121.96,193.76,294.24,3144.46,1663.7,470.26,80.26,243.72,1038.85,385.36,238.01,286.15,441.91,209.58,102.09,3554.37,234.57,145.87,135.52,39.41,55.74,98.52,275.84
20261008,11:23:20,49469.69,44292.48,26739.46,17680.95,126.52,1891.64,494.69,481.67,557.09,111.5,166.39,206.18,91.51,151.08,273.6,121.96,193.76,294.23,3143.93,1663.47,470.16,80.26,243.48,1039.03,385.36,238.01,285.84,442.0,209.58,102.09,3554.22,234.57,145.86,135.52,39.41,55.74,98.52,275.85
20261008,11:23:25,49470.85,44293.87,26742.24,17685.04,126.52,1891.64,495.24,481.75,557.09,111.5,166.39,206.2,91.51,151.08,273.6,121.96,193.76,294.23,3143.95,1663.48,470.21,80.27,243.48,1038.95,385.36,238.01,285.84,442.0,209.58,102.09,3553.98,234.57,145.86,135.52,39.41,55.74,98.52,275.85
20261008,11:23:30,49514.76,44336.66,26738.22,17680.41,126.52,1891.64,494.6,481.75,557.09,111.52,166.39,206.21,91.51,151.08,273.6,121.96,193.76,294.24,3147.51,1666.01,470.26,80.27,243.58,1039.09,385.36,238.01,286.15,441.99,209.58,102.09,3553.98,234.5,145.86,135.52,39.41,55.74,98.52,275.85
20261008,11:23:35,49513.89,44335.22,26739.09,17679.45,126.52,1891.64,494.61,481.67,557.09,111.52,166.39,206.21,91.51,151.08,273.78,121.96,193.76,294.24,3147.41,1665.92,470.37,80.27,243.46,1039.11,385.36,238.01,286.15,441.99,209.46,102.09,3554.51,234.5,145.86,135.52,39.41,55.75,98.52,275.85
20261008,11:23:40,49512.5,44335.1,26737.37,17681.59,126.52,1891.64,495.07,481.67,557.17,111.52,166.39,206.2,91.51,151.08,273.78,121.96,193.76,294.24,3147.35,1666.04,470.33,80.27,243.71,1038.44,385.43,238.01,286.15,441.99,209.43,102.09,3553.4,234.5,145.86,135.42,39.41,55.75,98.52,275.55
20261008,11:23:45,49471.12,44294.52,26739.5,17683.18,126.52,1891.64,495.16,481.67,557.17,111.44,166.4,206.21,91.51,151.08,273.78,121.99,193.76,294.24,3144.05,1663.57,470.26,80.27,243.75,1038.6,385.44,238.01,285.84,441.99,209.43,102.09,3553.63,234.5,145.86,135.42,39.41,55.76,98.53,275.81
20261008,11:23:50,49517.85,44340.31,26739.61,17684.15,126.52,1891.64,495.16,481.67,557.12,111.44,166.38,206.17,91.51,151.08,273.78,121.99,193.76,294.24,3147.71,1665.96,470.28,80.29,243.64,1039.57,385.44,238.01,286.15,441.96,209.57,102.09,3553.4,234.49,145.86,135.42,39.41,55.76,98.53,275.81
20261008,11:23:55,49513.69,44336.26,26737.73,17681.99,126.52,1891.64,495.07,481.67,557.23,111.44,166.38,206.16,91.51,151.08,273.78,121.99,193.76,294.24,3147.44,1665.82,470.28,80.27,243.64,1039.41,385.44,238.01,286.15,441.91,209.42,102.09,3553.4,234.17,145.86,135.42,39.41,55.76,98.53,275.89
20261008,11:24:00,49475.83,44298.92,26740.52,17683.69,126.65,1891.64,495.07,481.8,557.23,111.44,166.38,206.17,91.51,151.08,273.78,121.99,193.76,294.24,3144.39,1663.59,470.06,80.3,243.5,1039.34,385.44,238.01,286.15,441.91,209.54,102.09,3553.81,234.17,145.86,135.42,39.41,55.76,98.53,275.89
20261008,11:24:05,49473.76,44296.67,26744.93,17688.0,126.65,1891.64,495.61,481.8,557.23,111.44,166.39,206.21,91.51,151.08,273.78,122.01,193.76,294.24,3144.1,1663.45,470.16,80.27,243.71,1039.26,385.44,238.01,285.85,441.99,209.54,102.08,3554.02,234.17,145.86,135.42,39.41,55.76,98.53,275.89
20261008,11:24:10,49511.26,44333.9,26738.88,17683.36,126.52,1891.64,495.07,481.72,557.16,111.44,166.4,206.21,91.51,151.08,273.6,122.01,193.76,294.24,3147.21,1665.84,470.25,80.29,243.71,1038.75,385.37,238.01,286.16,441.93,209.57,102.08,3553.39,234.16,145.86,135.42,39.41,55.75,98.53,275.89
20261008,11:24:15,49512.78,44335.86,26735.85,17681.45,126.52,1891.64,494.99,481.72,557.02,111.44,166.4,206.22,91.51,151.08,273.6,121.98,193.76,294.25,3147.42,1666.0,470.27,80.29,243.61,1039.21,385.37,238.01,285.86,441.99,209.49,102.08,3552.96,234.16,145.86,135.39,39.41,55.75,98.53,275.9
20261008,11:24:20,49475.53,44299.32,26738.55,17683.75,126.52,1891.64,495.08,481.72,557.02,111.44,166.4,206.25,91.51,151.29,273.6,121.99,193.76,294.25,3144.42,1663.59,470.27,80.27,243.85,1039.34,385.37,238.01,285.85,441.99,209.61,102.08,3553.18,234.16,145.87,135.39,39.41,55.75,98.53,275.9
20261008,11:24:25,49517.4,44339.9,26744.22,17689.54,126.52,1891.64,495.54,481.74,557.16,111.43,166.6,206.25,91.67,151.29,273.6,121.99,193.76,294.24,3147.55,1666.02,470.27,80.29,243.6,1039.06,385.37,238.01,286.16,441.99,209.6,102.08,3553.38,234.16,145.87,135.39,39.41,55.75,98.53,275.9
20261008,11:24:30,49478.33,44300.46,26743.38,17683.98,126.52,1891.64,494.99,481.74,557.16,111.43,166.59,206.23,91.67,151.08,273.6,121.97,193.76,294.24,3144.5,1663.55,470.38,80.29,243.85,1039.1,385.37,238.01,286.16,441.99,209.49,102.08,3554.63,234.16,145.87,135.39,39.41,55.75,98.53,275.88
20261008,11:24:35,49481.45,44302.85,26746.3,17685.15,126.52,1891.64,495.0,481.74,557.12,111.43,166.6,206.25,91.67,151.08,273.6,121.99,193.76,294.24,3144.67,1663.61,470.26,80.3,243.96,1039.32,385.39,237.98,286.15,441.99,209.6,102.08,3555.22,234.16,145.87,135.39,39.41,55.75,98.53,275.88
20261008,11:24:40,49478.3,44302.41,26737.88,17684.29,126.52,1891.64,494.91,481.75,557.05,111.43,166.6,206.25,91.67,151.08,273.6,121.99,193.76,294.24,3144.65,1663.7,470.48,80.29,243.96,1038.83,385.39,237.98,286.14,441.99,209.6,102.08,3552.83,234.16,145.87,135.39,39.41,55.75,98.53,275.88
20261008,11:24:45,49477.53,44302.03,26740.81,17688.91,126.52,1891.64,495.71,481.57,557.05,111.43,166.6,206.25,91.67,151.08,273.6,121.99,193.76,294.21,3144.51,1663.7,470.46,80.29,243.72,1038.72,385.39,237.98,286.15,441.95,209.6,102.08,3552.49,234.16,145.87,135.39,39.41,55.75,98.53,275.58
20261008,11:24:50,49515.99,44339.32,26737.86,17684.91,126.52,1891.64,495.16,481.74,557.05,111.43,166.6,206.27,91.66,151.08,273.6,121.99,193.76,294.21,3147.61,1666.14,470.46,80.31,243.75,1038.48,385.41,237.98,286.16,441.9,209.6,102.08,3552.65,234.16,145.87,135.39,39.41,55.75,98.53,275.58
20261008,11:24:55,49512.95,44336.1,26739.54,17685.96,126.52,1891.53,495.24,481.87,557.05,111.43,166.6,206.27,91.66,151.29,273.6,121.99,193.76,294.22,3147.33,1666.02,470.47,80.3,243.73,1038.61,385.41,237.98,285.85,441.9,209.6,102.08,3552.89,234.16,145.87,135.39,39.41,55.75,98.53,275.58
20261008,11:25:00,49479.57,44303.28,26740.42,17685.99,126.52,1891.53,495.25,481.91,557.05,111.43,166.6,206.28,91.66,151.29,273.6,121.99,193.76,294.22,3144.68,1663.76,470.58,80.31,243.73,1038.72,385.41,237.98,286.17,441.9,209.59,102.08,3553.16,234.16,145.87,135.39,39.41,55.75,98.53,275.63
20261008,11:25:05,49515.38,44338.27,26739.98,17685.81,126.52,1891.53,495.25,481.91,557.05,111.43,166.6,206.26,91.67,151.29,273.6,121.99,193.76,294.21,3147.51,1666.13,470.25,80.3,243.49,1038.73,385.41,237.98,286.17,441.9,209.59,102.08,3553.07,234.16,145.87,135.39,39.41,55.75,98.53,275.58
20261008,11:25:10,49519.93,44342.94,26742.58,17689.59,126.65,1891.53,495.8,482.07,557.05,111.43,166.6,206.26,91.67,151.29,273.6,121.99,193.81,294.21,3147.79,1666.22,470.25,80.29,243.97,1038.71,385.4,237.98,286.17,441.94,209.47,102.08,3552.86,234.16,145.87,135.39,39.41,55.77,98.53,275.58
20261008,11:25:15,49516.67,44340.11,26738.9,17686.53,126.65,1891.53,495.25,481.95,557.05,111.43,166.59,206.25,91.67,151.29,273.6,121.98,193.81,294.21,3147.64,1666.1,470.25,80.27,243.97,1038.73,385.4,237.98,286.19,441.94,209.59,102.08,3552.54,234.16,145.87,135.39,39.41,55.77,98.53,275.59
20261008,11:25:20,49480.5,44302.58,26746.4,17687.51,126.65,1891.69,495.34,481.95,557.05,111.43,166.59,206.24,91.67,151.29,273.6,121.98,193.81,294.21,3144.59,1663.59,470.25,80.28,243.97,1039.19,385.44,237.98,286.18,441.93,209.63,102.08,3554.61,234.16,145.87,135.39,39.4,55.77,98.53,275.59
20261008,11:25:25,49480.62,44302.93,26745.58,17687.34,126.71,1891.69,495.34,481.88,557.05,111.43,166.59,206.25,91.66,151.08,273.6,121.98,193.81,294.21,3144.62,1663.59,470.28,80.28,243.97,1039.25,385.44,237.98,286.18,441.94,209.62,102.08,3554.4,234.15,145.87,135.39,39.4,55.77,98.53,275.61
20261008,11:25:30,49482.32,44304.21,26746.41,17687.04,126.71,1891.69,495.33,481.88,557.05,111.43,166.59,206.25,91.67,151.29,273.6,121.98,193.81,294.21,3144.73,1663.71,470.28,80.28,243.97,1039.15,385.44,237.98,286.18,441.94,209.58,102.08,3554.74,234.15,145.87,135.39,39.4,55.77,98.53,275.55
20261008,11:25:35,49479.06,44303.21,26739.32,17686.18,126.71,1891.69,495.24,481.79,557.05,111.43,166.59,206.24,91.67,151.29,273.6,121.96,193.81,294.21,3144.67,1663.72,470.34,80.3,243.85,1039.36,385.44,237.98,285.87,441.92,209.58,102.07,3552.76,234.15,145.87,135.39,39.4,55.77,98.53,275.57
20261008,11:25:40,49478.1,44302.92,26737.61,17686.36,126.71,1891.69,495.33,481.62,557.05,111.43,166.59,206.23,91.67,151.29,273.6,121.96,193.81,294.21,3144.65,1663.83,470.13,80.27,243.86,1038.83,385.44,237.98,286.18,441.87,209.58,102.07,3552.18,234.15,145.87,135.39,39.4,55.77,98.53,275.51
20261008,11:25:45,49478.19,44304.72,26735.66,17689.85,126.71,1893.11,495.87,481.87,557.05,111.43,166.6,206.26,91.67,151.08,273.6,121.97,193.81,294.2,3144.71,1663.83,470.16,80.3,243.61,1039.1,385.44,237.98,286.18,441.9,209.45,102.07,3550.62,234.15,145.87,135.39,39.4,55.77,98.53,275.55
20261008,11:25:50,49477.71,44304.26,26735.2,17689.33,126.71,1893.11,495.79,481.77,557.05,111.43,166.61,206.26,91.68,151.08,273.6,121.96,193.76,294.22,3144.68,1663.74,470.16,80.3,243.86,1039.11,385.44,237.98,286.18,441.92,209.45,102.09,3550.62,234.15,145.87,135.39,39.4,55.77,98.52,275.55
20261008,11:25:55,49481.17,44305.44,26739.06,17686.44,126.71,1893.21,495.24,481.77,557.05,111.43,166.61,206.26,91.68,151.08,273.6,121.96,193.76,294.22,3144.85,1663.86,470.16,80.3,243.86,1039.08,385.44,237.98,286.21,441.92,209.56,102.09,3552.61,234.15,145.87,135.39,39.4,55.77,98.52,275.55
20261008,11:26:00,49486.78,44308.56,26749.78,17690.92,126.58,1891.69,495.95,481.69,557.05,111.43,166.61,206.26,91.68,151.08,273.6,121.96,193.76,294.22,3144.99,1663.86,470.37,80.3,243.86,1039.23,385.45,237.98,286.21,441.92,209.6,102.09,3554.74,234.15,145.87,135.39,39.4,55.77,98.52,275.55
20261008,11:26:05,49483.26,44305.72,26742.29,17684.27,126.58,1891.69,495.7,481.58,557.05,111.43,166.62,206.3,91.68,151.08,273.6,121.95,193.76,294.22,3144.92,1663.8,470.28,80.3,243.73,1039.5,385.45,237.98,286.17,441.92,209.6,102.09,3554.21,234.15,145.28,135.39,39.4,55.77,98.52,275.55
20261008,11:26:10,49479.91,44302.83,26739.02,17681.76,126.52,1891.69,495.16,481.58,557.13,111.43,166.62,206.29,91.68,151.08,273.6,121.96,193.78,294.22,3144.75,1663.72,470.23,80.3,243.98,1039.58,385.45,237.98,285.85,441.94,209.74,102.09,3553.87,234.15,145.28,135.39,39.4,55.77,98.52,275.55
20261008,11:26:15,49480.89,44304.16,26742.59,17687.13,126.52,1891.69,495.16,481.58,557.33,111.43,166.62,206.3,91.68,151.08,273.6,121.97,193.78,294.22,3144.73,1663.6,470.41,80.3,243.86,1039.4,385.45,237.98,286.17,441.94,209.73,102.09,3553.53,234.15,145.87,135.39,39.4,55.77,98.52,275.54
20261008,11:26:20,49520.41,44342.27,26742.41,17685.58,126.52,1891.69,494.99,481.58,557.33,111.43,166.61,206.26,91.68,150.87,273.6,121.97,193.78,294.22,3147.84,1666.14,470.3,80.31,243.86,1039.47,385.45,237.98,285.85,442.0,209.73,102.09,3553.89,234.17,145.87,135.39,39.4,55.77,98.52,275.54
20261008,11:26:25,49521.38,44343.01,26742.36,17684.84,126.58,1891.68,494.98,481.58,557.33,111.43,166.61,206.28,91.68,151.08,273.6,121.96,193.78,294.22,3147.91,1666.08,470.4,80.31,243.6,1039.54,385.45,237.98,286.17,442.0,209.61,102.09,3554.08,234.17,145.87,135.39,39.4,55.76,98.52,275.54
20261008,11:26:30,49487.28,44309.61,26741.68,17683.49,126.52,1891.68,494.9,481.58,557.26,111.43,166.62,206.29,91.68,151.08,273.6,121.96,193.78,294.22,3145.25,1663.81,470.66,80.32,243.96,1039.59,385.45,237.98,286.17,442.0,209.57,102.09,3554.23,234.17,145.87,135.39,39.4,55.76,98.52,275.52
20261008,11:26:35,49521.77,44343.6,26740.48,17683.37,126.52,1891.68,494.9,481.57,557.33,111.43,166.61,206.26,91.68,151.08,273.6,121.96,193.78,294.21,3148.0,1666.17,470.64,80.32,243.6,1039.61,385.45,237.98,285.86,442.0,209.55,102.13,3553.89,234.17,145.87,135.39,39.4,55.76,98.52,275.5
20261008,11:26:40,49522.81,44344.46,26740.81,17683.25,126.52,1891.68,494.9,481.57,557.33,111.43,166.61,206.27,91.68,151.08,273.6,121.96,193.78,294.21,3148.07,1666.13,470.64,80.32,243.84,1039.7,385.2,237.98,285.86,441.94,209.55,102.13,3554.02,234.17,145.87,135.39,39.4,55.76,98.52,275.5
20261008,11:26:45,49523.37,44345.26,26740.36,17683.57,126.52,1891.68,494.9,481.57,557.33,111.43,166.62,206.3,91.68,151.08,273.6,121.96,193.78,294.21,3148.12,1666.23,470.53,80.34,243.6,1039.43,385.2,237.98,286.17,441.94,209.57,102.13,3553.79,234.17,145.87,135.39,39.4,55.76,98.52,275.5
20261008,11:26:50,49481.54,44305.33,26738.36,17684.04,126.52,1891.68,494.9,481.7,557.33,111.43,166.62,206.31,91.68,151.29,273.6,121.96,193.78,294.21,3144.9,1663.75,470.6,80.33,243.85,1039.58,385.22,237.98,285.82,441.94,209.57,102.13,3553.04,234.17,145.87,135.39,39.4,55.76,98.52,275.5
20261008,11:26:55,49484.63,44306.34,26744.27,17684.14,126.52,1891.68,494.9,481.7,557.33,111.43,166.61,206.28,91.68,151.29,273.6,121.96,193.78,294.2,3144.97,1663.75,470.61,80.34,243.85,1039.33,385.22,237.98,286.13,441.94,209.59,102.13,3554.86,234.17,145.87,135.39,39.4,55.76,98.52,275.51
20261008,11:27:00,49483.34,44305.08,26743.45,17683.2,126.52,1891.68,494.91,481.75,557.33,111.43,166.62,206.31,91.68,151.29,273.6,121.96,193.78,294.2,3144.9,1663.84,470.7,80.34,243.84,1039.13,385.22,237.98,285.86,441.94,209.48,102.13,3554.86,234.17,145.87,135.39,39.39,55.76,98.52,275.51
20261008,11:27:05,49479.27,44301.94,26741.51,17683.72,126.52,1891.68,494.99,481.96,557.33,111.43,166.61,206.28,91.68,151.29,273.6,121.96,193.78,294.19,3144.63,1663.72,470.72,80.34,243.59,1038.66,385.22,237.98,286.17,441.92,209.45,102.13,3554.11,234.17,145.87,135.39,39.39,55.77,98.52,275.52
20261008,11:27:10,49476.95,44301.87,26734.52,17683.0,126.52,1891.68,494.91,481.99,557.29,111.43,166.62,206.29,91.68,151.29,273.6,121.94,193.78,294.19,3144.64,1663.69,470.73,80.34,243.84,1038.55,385.22,237.98,286.17,441.97,209.45,102.13,3552.12,234.17,145.87,135.39,39.39,55.77,98.52,275.52
20261008,11:27:15,49470.82,44295.48,26736.63,17684.05,126.52,1891.68,494.91,482.2,557.29,111.44,166.62,206.27,91.68,151.29,273.6,121.94,193.78,294.19,3144.1,1663.62,470.85,80.34,243.89,1037.82,385.19,237.98,285.8,441.97,209.53,102.13,3552.5,234.17,145.87,135.39,39.39,55.77,98.52,275.52
20261008,11:27:20,49512.24,44335.84,26735.67,17682.94,126.52,1891.68,494.91,482.2,557.29,111.44,166.62,206.27,91.68,151.29,273.6,121.94,193.78,294.19,3147.38,1666.03,470.77,80.3,243.71,1038.04,385.19,237.96,286.15,441.96,209.42,102.13,3552.5,234.15,145.87,135.39,39.39,55.77,98.52,275.52
20261008,11:27:25,49515.06,44336.0,26743.22,17682.96,126.65,1891.68,494.91,482.02,557.29,111.44,166.61,206.25,91.68,151.29,273.6,121.94,193.78,294.2,3147.39,1666.0,470.83,80.34,243.46,1038.19,385.19,237.96,286.2,441.91,209.42,102.1,3554.85,234.15,145.87,135.39,39.39,55.77,98.52,275.52
20261008,11:27:30,49517.21,44338.42,26742.41,17683.15,126.52,1891.68,494.91,482.36,557.29,111.44,166.61,206.23,91.68,151.29,273.6,121.97,193.78,294.19,3147.58,1666.01,470.63,80.34,243.83,1038.48,385.19,237.96,286.2,441.91,209.43,102.1,3554.55,234.15,145.87,135.39,39.39,55.77,98.52,275.52
20261008,11:27:35,49516.84,44338.48,26741.23,17683.18,126.52,1891.68,494.91,482.36,557.29,111.44,166.61,206.23,91.68,151.29,273.6,121.97,193.78,294.19,3147.59,1665.86,470.54,80.33,244.0,1039.28,385.18,237.96,285.9,441.9,209.43,102.1,3554.17,234.15,145.87,135.39,39.39,55.77,98.52,275.54
20261008,11:27:40,49480.88,44303.03,26744.67,17685.75,126.52,1891.68,495.37,482.36,557.29,111.45,166.61,206.23,91.68,151.08,273.6,121.97,193.78,293.97,3144.67,1663.57,470.54,80.35,243.76,1039.26,385.21,237.96,286.17,441.9,209.43,102.1,3554.55,234.15,145.87,135.39,39.39,55.77,98.52,275.54
20261008,11:27:45,49517.68,44338.89,26745.92,17687.2,126.52,1891.68,495.37,482.36,557.4,111.45,166.61,206.23,91.68,151.29,273.6,121.96,193.78,294.0,3147.52,1665.84,470.54,80.34,243.87,1039.37,385.21,237.96,285.85,441.9,209.51,102.1,3554.55,234.15,145.87,135.39,39.39,55.77,98.52,275.54
20261008,11:27:50,49525.02,44346.86,26751.37,17696.23,126.52,1891.68,496.54,482.61,557.33,111.45,166.6,206.22,91.68,151.29,273.6,122.08,193.78,294.03,3147.95,1666.05,470.65,80.32,243.87,1039.28,385.21,237.96,286.15,441.9,209.48,102.1,3553.8,234.15,145.87,135.39,39.39,55.77,98.51,275.54
20261008,11:27:55,49527.5,44350.64,26752.39,17701.97,126.65,1891.68,497.17,482.61,557.33,111.45,166.6,206.22,91.68,151.29,273.6,122.08,193.78,294.03,3148.12,1666.03,470.43,80.35,244.14,1039.4,385.22,237.96,286.35,441.9,209.5,102.1,3552.56,234.48,145.87,135.39,39.39,55.77,98.51,275.54
20261008,11:28:00,49528.4,44351.97,26754.15,17705.52,126.71,1891.68,497.8,482.61,557.33,111.45,166.61,206.23,91.68,151.29,273.6,122.06,193.78,294.03,3148.14,1666.04,470.33,80.31,244.33,1039.82,385.21,237.96,286.03,441.89,209.39,102.1,3552.15,234.48,145.87,135.39,39.39,55.77,98.51,275.54
20261008,11:28:05,49487.42,44311.62,26759.75,17710.58,126.71,1891.59,498.33,482.6,557.33,111.45,166.61,206.23,91.68,151.51,273.6,122.06,193.78,294.03,3144.76,1663.52,470.43,80.34,243.97,1039.69,385.21,237.96,286.08,441.89,209.5,102.03,3552.52,234.48,145.87,135.39,39.39,55.77,98.51,275.55
20261008,11:28:10,49532.92,44355.92,26759.38,17710.03,126.71,1891.59,498.35,482.6,557.33,111.45,166.6,206.22,91.68,151.51,273.6,122.06,193.78,294.03,3148.35,1666.04,470.44,80.34,243.97,1040.15,385.21,237.96,286.3,441.89,209.49,102.03,3552.56,234.48,145.87,135.19,39.39,55.77,98.51,275.55
20261008,11:28:15,49531.62,44355.14,26757.52,17709.5,126.58,1891.4,498.35,482.73,557.33,111.45,166.61,206.2,91.69,151.51,273.6,122.06,193.78,294.03,3148.3,1666.04,470.36,80.31,244.33,1039.82,385.21,237.96,286.3,441.89,209.53,102.03,3552.12,234.15,145.87,135.19,39.39,55.77,98.51,275.53
20261008,11:28:20,49525.25,44346.74,26759.87,17704.87,126.52,1891.52,497.79,482.73,557.33,111.45,166.6,206.17,91.69,151.51,273.6,122.04,193.78,294.02,3147.73,1666.05,470.34,80.33,244.22,1038.96,385.21,237.96,285.98,441.89,209.53,102.03,3554.11,234.15,145.87,135.13,39.39,55.77,98.51,275.54
20261008,11:28:25,49526.98,44348.38,26763.76,17709.19,126.52,1891.52,498.33,482.76,557.4,111.45,166.6,206.2,91.68,151.51,273.6,122.04,193.78,294.02,3147.76,1666.05,470.49,80.34,244.1,1038.65,385.19,237.96,286.25,441.89,209.54,102.03,3554.15,234.19,145.87,135.13,39.39,55.77,98.51,275.52
20261008,11:28:30,49526.62,44347.16,26766.49,17709.42,126.52,1891.52,498.42,482.87,557.4,111.53,166.61,206.22,91.69,151.51,273.6,122.06,193.78,294.02,3147.66,1665.87,470.54,80.33,244.37,1038.64,385.19,237.96,286.25,441.89,209.42,102.03,3554.94,234.19,145.87,135.13,39.39,55.77,98.51,275.52
20261008,11:28:35,49486.51,44310.64,26760.78,17711.44,126.52,1891.15,498.59,482.82,557.4,111.53,166.62,206.25,91.69,151.51,273.6,121.93,193.78,294.02,3144.66,1663.43,470.56,80.31,244.55,1038.82,385.43,237.96,286.29,441.96,209.58,102.03,3552.61,234.19,145.87,135.13,39.39,55.79,98.51,275.52
20261008,11:28:40,49493.38,44317.08,26761.19,17711.06,126.52,1891.15,498.57,482.74,557.4,111.53,166.62,206.26,91.69,151.29,273.6,121.93,193.78,294.02,3145.19,1663.54,470.56,80.3,244.57,1039.75,385.43,237.96,286.29,441.96,209.58,102.03,3552.84,234.19,145.88,135.13,39.39,55.79,98.51,275.52
20261008,11:28:45,49532.52,44355.22,26762.23,17712.25,126.65,1891.11,498.66,482.74,557.4,111.53,166.62,206.25,91.69,151.51,273.49,121.93,193.78,294.03,3148.24,1665.78,470.92,80.3,244.57,1039.7,385.43,237.96,286.29,441.96,209.58,102.03,3552.84,234.19,145.88,135.13,39.39,55.79,98.51,275.52
20261008,11:28:50,49493.85,44317.54,26761.7,17711.65,126.65,1891.11,498.58,482.87,557.39,111.53,166.63,206.26,91.69,151.51,273.49,121.93,193.78,294.0,3145.21,1663.64,470.93,80.31,244.21,1039.78,385.48,237.96,285.98,441.96,209.57,102.03,3552.84,234.19,145.88,135.13,39.39,55.79,98.51,275.52
20261008,11:28:55,49495.27,44316.39,26768.53,17711.04,126.52,1891.11,498.67,482.82,557.39,111.53,166.62,206.24,91.69,151.51,273.49,121.93,193.78,294.0,3145.14,1663.57,470.91,80.32,244.23,1039.79,385.48,237.96,285.98,441.96,209.47,102.03,3555.14,234.19,145.88,135.1,39.39,55.79,98.51,275.57
20261008,11:29:00,49543.63,44363.34,26773.02,17715.6,126.52,1891.11,499.13,482.95,557.39,111.53,166.62,206.22,91.69,151.51,273.49,121.93,193.78,294.01,3148.81,1666.12,470.91,80.34,244.48,1039.97,385.48,237.96,286.31,441.96,209.58,102.03,3555.3,234.19,145.88,135.1,39.39,55.79,98.51,275.58
20261008,11:29:05,49541.37,44361.66,26766.94,17710.37,126.52,1891.23,498.68,482.7,557.39,111.53,166.62,206.22,91.69,151.29,273.49,121.92,193.78,294.01,3148.8,1666.11,470.93,80.31,244.47,1040.04,385.48,237.96,286.32,441.96,209.46,102.03,3554.82,234.19,145.88,135.1,39.39,55.77,98.51,275.58
20261008,11:29:10,49537.26,44358.08,26763.39,17707.71,126.52,1891.23,498.13,482.7,557.39,111.53,166.62,206.21,91.69,151.51,273.49,121.92,193.78,294.0,3148.58,1665.92,470.91,80.33,244.47,1040.05,385.41,237.96,286.32,441.98,209.59,102.03,3554.44,234.19,145.88,135.1,39.39,55.76,98.51,275.53
20261008,11:29:15,49536.36,44356.69,26763.69,17706.3,126.52,1891.23,498.13,482.7,557.32,111.52,166.62,206.19,91.7,151.51,273.49,121.92,193.78,294.0,3148.5,1665.88,470.94,80.34,244.35,1040.05,385.41,237.96,286.32,442.01,209.47,102.03,3554.91,234.19,145.87,135.1,39.39,55.76,98.51,275.53
20261008,11:29:20,49539.85,44359.71,26761.11,17702.07,126.52,1891.23,497.51,482.7,557.32,111.52,166.62,206.19,91.69,151.29,273.49,121.92,193.78,294.0,3148.84,1666.07,471.19,80.32,244.46,1039.97,385.39,237.96,286.32,442.01,209.47,102.03,3555.25,234.51,145.87,135.12,39.39,55.76,98.52,275.53
20261008,11:29:25,49538.08,44360.64,26758.02,17707.39,126.52,1892.53,497.97,482.7,557.32,111.52,166.62,206.22,91.69,151.51,273.49,121.92,193.78,294.0,3148.79,1666.07,471.29,80.34,244.22,1039.97,385.14,237.96,286.32,442.01,209.59,102.03,3552.85,234.51,145.87,135.12,39.39,55.76,98.52,275.53
20261008,11:29:30,49538.56,44358.6,26765.75,17707.9,126.52,1892.76,497.97,482.84,557.39,111.52,166.62,206.18,91.7,151.51,273.49,121.92,193.92,294.0,3148.61,1666.06,471.17,80.31,244.03,1039.92,385.14,237.96,286.32,441.98,209.59,102.03,3555.12,234.51,145.87,135.12,39.39,55.76,98.52,275.53
20261008,11:29:35,49539.46,44359.47,26761.04,17702.48,126.65,1892.76,497.33,482.76,557.39,111.52,166.6,206.14,91.7,151.51,273.49,121.92,193.92,294.0,3148.81,1666.02,471.19,80.33,244.17,1040.43,384.82,237.96,286.28,442.07,209.47,102.03,3555.12,234.51,145.87,135.12,39.39,55.76,98.52,275.51
20261008,11:29:40,49539.47,44359.67,26760.47,17702.43,126.65,1892.76,497.25,482.71,557.39,111.52,166.61,206.17,91.7,151.29,273.49,122.04,193.92,294.0,3148.83,1666.01,471.45,80.36,244.29,1040.44,385.07,237.96,285.96,442.08,209.47,102.03,3554.96,234.51,145.87,135.12,39.39,55.76,98.52,275.51
20261008,11:29:45,49545.37,44366.23,26757.14,17701.32,126.65,1892.76,497.25,482.71,557.39,111.52,166.61,206.17,91.7,151.29,273.49,122.04,193.92,294.0,3149.39,1666.24,471.34,80.36,244.47,1040.62,385.0,237.96,286.27,442.18,209.34,102.03,3554.22,234.51,145.87,135.12,39.39,55.76,98.52,275.51
20261008,11:29:50,49539.86,44359.88,26757.21,17698.12,126.65,1892.76,496.63,482.71,557.39,111.52,166.61,206.17,91.7,151.29,273.84,122.04,193.96,294.04,3148.95,1666.05,471.13,80.33,244.47,1040.38,385.15,237.96,286.32,442.18,209.51,102.03,3555.11,234.19,145.87,135.12,39.39,55.76,98.52,275.51
20261008,11:29:55,49492.72,44314.69,26753.65,17696.53,126.65,1892.76,496.54,482.71,557.39,111.52,166.61,206.15,91.7,151.29,273.84,122.04,193.96,294.04,3145.35,1663.5,471.24,80.35,244.03,1039.92,385.16,237.96,286.32,442.15,209.43,102.03,3554.43,234.19,145.87,135.12,39.35,55.76,98.52,275.51
20261008,11:30:00,49536.41,44359.25,26751.54,17700.74,126.65,1892.76,497.08,482.71,557.62,111.52,166.61,206.15,91.7,151.29,273.84,122.04,193.96,294.05,3148.84,1666.15,471.15,80.35,244.28,1039.92,385.17,237.96,286.32,442.08,209.39,102.03,3552.63,234.19,145.87,135.12,39.35,55.76,98.52,275.51
20261008,11:30:05,49491.58,44316.02,26751.05,17701.69,126.65,1892.76,497.17,482.63,557.62,111.52,166.61,206.15,91.7,151.29,273.84,121.92,194.0,294.05,3145.33,1663.54,471.35,80.44,244.1,1039.79,385.2,237.96,286.01,442.08,209.51,102.03,3552.22,234.19,145.87,135.12,39.35,55.76,98.52,275.5
20261008,11:30:10,49494.66,44319.31,26751.79,17703.52,126.65,1892.99,497.71,482.63,557.61,111.52,166.6,206.17,91.69,151.51,273.79,121.92,194.0,294.05,3145.55,1663.54,471.4,80.44,244.1,1039.86,385.2,237.96,286.32,442.12,209.25,102.03,3551.95,234.19,145.87,135.12,39.35,55.76,98.52,275.5
20261008,11:30:15,49536.57,44359.67,26756.78,17707.63,126.65,1892.76,498.34,482.63,557.61,111.52,166.6,206.18,91.69,151.51,273.79,121.92,193.98,294.05,3148.71,1666.08,471.31,80.45,243.87,1039.85,385.2,237.96,286.32,442.12,209.21,102.03,3552.4,234.19,145.87,135.12,39.35,55.76,98.51,275.5
20261008,11:30:20,49538.95,44359.8,26763.49,17708.07,126.52,1892.76,498.25,482.63,557.61,111.52,166.6,206.17,91.69,151.3,273.79,122.02,193.98,294.05,3148.71,1666.05,471.29,80.43,244.31,1039.59,385.2,237.96,286.32,442.12,209.3,102.03,3554.37,234.19,145.87,135.21,39.35,55.76,98.51,275.49
20261008,11:30:25,49497.48,44321.17,26758.34,17708.08,126.52,1892.76,498.34,482.52,557.61,111.52,166.6,206.17,91.69,151.51,273.79,121.9,193.98,294.04,3145.59,1663.69,471.1,80.45,244.31,1039.6,385.2,237.96,286.34,442.09,209.3,102.03,3552.76,234.12,145.87,135.21,39.35,55.79,98.51,275.49
20261008,11:30:30,49492.44,44317.09,26751.66,17703.16,126.52,1892.76,497.71,482.6,557.58,111.52,166.6,206.17,91.69,151.3,273.79,121.9,193.98,294.04,3145.38,1663.69,471.09,80.41,244.31,1039.56,385.21,237.96,286.03,442.09,209.3,102.03,3552.01,234.12,145.87,135.21,39.35,55.79,98.51,275.49
20261008,11:30:35,49488.22,44312.18,26754.91,17704.24,126.52,1892.76,497.87,482.6,557.58,111.52,166.61,206.22,91.69,151.3,273.82,121.9,193.98,294.04,3144.96,1663.53,471.09,80.39,244.31,1038.75,385.2,237.96,286.31,441.99,209.3,102.03,3552.73,234.12,145.87,135.21,39.35,55.79,98.51,275.46
20261008,11:30:40,49531.43,44355.45,26755.88,17709.27,126.65,1892.76,498.42,482.6,557.58,111.52,166.6,206.19,91.68,151.51,273.82,121.93,193.98,294.04,3148.33,1665.98,471.09,80.41,244.3,1038.81,384.87,237.96,286.63,441.95,209.33,102.03,3551.67,234.12,145.87,135.21,39.35,55.8,98.51,275.46
20261008,11:30:45,49533.99,44355.13,26758.81,17703.22,126.65,1891.34,497.72,482.6,557.58,111.52,166.6,206.17,91.68,151.3,273.82,121.93,193.98,294.04,3148.45,1666.01,471.09,80.41,244.23,1038.94,384.87,237.96,286.72,441.92,209.33,102.03,3554.23,234.12,145.87,135.28,39.35,55.78,98.51,275.46
20261008,11:30:50,49537.59,44358.47,26758.29,17702.02,126.52,1891.71,497.62,482.52,557.58,111.54,166.59,206.15,91.68,151.3,273.82,121.93,193.84,294.04,3148.74,1665.89,471.21,80.39,244.5,1039.57,384.87,237.96,286.82,441.92,209.33,102.03,3554.39,234.17,145.87,135.28,39.35,55.78,98.51,275.42
20261008,11:30:55,49539.8,44360.4,26760.17,17703.45,126.52,1893.13,497.69,482.52,557.58,111.54,166.6,206.18,91.68,151.3,273.82,121.93,193.84,294.02,3148.87,1665.88,471.21,80.42,244.61,1039.72,384.87,237.98,286.82,442.0,209.33,102.03,3554.59,234.17,145.87,135.28,39.35,55.78,98.51,275.47
20261008,11:31:00,49536.95,44357.84,26759.5,17703.41,126.52,1893.19,497.61,482.51,557.58,111.54,166.6,206.19,91.68,151.53,273.82,121.93,193.84,294.02,3148.66,1665.86,471.1,80.42,244.24,1039.74,384.87,237.98,286.82,442.0,209.33,102.03,3554.39,234.17,145.87,135.27,39.35,55.78,98.51,275.54
20261008,11:31:05,49537.82,44358.46,26759.84,17703.07,126.52,1893.19,497.61,482.43,557.58,111.54,166.59,206.17,91.68,151.32,273.94,121.93,193.84,294.02,3148.72,1665.86,471.19,80.42,244.36,1039.69,384.87,237.98,286.82,441.94,209.34,102.03,3554.59,234.17,145.87,135.27,39.35,55.78,98.51,275.58
20261008,11:31:10,49497.73,44320.19,26758.24,17703.87,126.62,1893.19,497.7,482.51,557.58,111.54,166.61,206.23,91.68,151.32,273.94,121.94,193.84,294.04,3145.62,1663.51,471.3,80.42,244.61,1039.56,385.2,237.98,286.5,441.96,209.32,102.03,3553.87,234.17,145.87,135.21,39.35,55.78,98.51,275.52
20261008,11:31:15,49496.36,44321.09,26751.96,17704.13,126.49,1893.19,497.71,482.51,557.57,111.54,166.62,206.23,91.69,151.53,273.94,121.94,193.84,294.04,3145.68,1663.51,471.2,80.41,244.32,1039.69,385.22,237.97,286.81,441.91,209.32,102.03,3551.84,234.17,145.87,135.2,39.35,55.78,98.51,275.6
20261008,11:31:20,49494.69,44321.09,26746.33,17703.1,126.62,1892.96,497.71,482.51,557.5,111.54,166.62,206.24,91.69,151.52,273.94,121.94,193.84,294.04,3145.71,1663.53,471.39,80.41,244.49,1039.99,385.22,237.97,286.31,441.91,209.24,102.0,3550.36,234.17,145.87,135.11,39.35,55.78,98.51,275.63
20261008,11:31:25,49494.36,44319.02,26752.1,17703.88,126.62,1892.96,497.71,482.39,557.5,111.54,166.63,206.28,91.69,151.3,273.94,121.92,193.8,294.06,3145.52,1663.26,471.29,80.41,244.61,1039.98,385.2,237.97,286.63,441.91,209.34,102.0,3551.95,234.17,145.87,135.2,39.35,55.78,98.51,275.63
20261008,11:31:30,49529.7,44353.57,26752.24,17704.42,126.62,1892.96,497.72,482.52,557.57,111.54,166.63,206.28,91.69,151.3,273.94,121.92,193.8,294.07,3148.29,1665.71,471.28,80.37,244.43,1039.56,385.2,237.97,286.39,441.9,209.34,102.0,3551.85,234.17,145.87,135.2,39.35,55.78,98.51,275.66
20261008,11:31:35,49522.38,44349.32,26743.2,17703.66,126.49,1892.96,497.63,482.52,557.63,111.54,166.63,206.3,91.69,151.3,273.94,121.94,193.8,294.03,3147.97,1665.66,471.14,80.37,244.33,1039.43,385.2,237.97,286.21,441.9,209.34,102.0,3549.23,234.17,145.87,135.2,39.35,55.78,98.51,275.66
20261008,11:31:40,49484.02,44311.46,26741.43,17700.02,126.49,1892.96,497.09,482.59,557.63,111.54,166.63,206.3,91.69,151.52,273.94,121.96,193.8,294.01,3145.0,1663.33,471.14,80.37,244.33,1039.54,385.19,237.97,286.2,441.9,209.33,102.0,3549.67,234.17,145.87,135.2,39.35,55.78,98.51,275.66
20261008,11:31:45,49481.02,44310.74,26734.55,17699.47,126.49,1892.96,497.09,482.59,557.62,111.56,166.63,206.3,91.69,151.3,273.94,121.96,193.8,294.03,3144.96,1663.33,471.14,80.36,244.2,1039.59,385.19,237.97,286.2,441.9,209.29,102.0,3547.67,234.17,145.87,135.2,39.35,55.78,98.51,275.66
20261008,11:31:50,49486.57,44310.5,26747.57,17695.56,126.49,1893.06,496.54,482.59,557.62,111.56,166.63,206.3,91.69,151.3,273.94,121.96,193.8,294.03,3145.03,1663.33,471.1,80.37,244.63,1039.42,385.19,237.97,286.2,441.9,209.29,102.0,3552.79,234.17,145.87,135.2,39.35,55.78,98.51,275.66
20261008,11:31:55,49486.3,44310.16,26748.93,17696.87,126.49,1893.06,496.71,482.7,557.62,111.64,166.63,206.3,91.69,151.3,273.94,121.96,193.8,294.03,3144.98,1663.33,471.16,80.37,244.39,1039.42,385.19,237.98,286.2,441.87,209.26,102.0,3552.86,234.17,145.87,135.23,39.35,55.78,98.51,275.66
20261008,11:32:00,49481.79,44305.84,26748.05,17696.12,126.49,1893.06,496.55,482.7,557.5,111.64,166.63,206.3,91.69,151.3,273.94,122.08,193.83,294.03,3144.65,1663.2,470.95,80.37,244.27,1039.43,385.19,237.95,286.16,441.84,209.26,102.0,3552.79,234.17,145.87,135.23,39.35,55.79,98.51,275.66
20261008,11:32:05,49485.55,44309.84,26746.52,17695.45,126.62,1893.06,496.54,482.7,557.5,111.56,166.63,206.3,91.69,151.3,273.94,121.96,193.86,294.03,3144.98,1663.34,470.95,80.37,244.27,1039.37,385.23,237.95,286.47,441.88,209.25,102.0,3552.5,234.17,145.87,135.23,39.35,55.79,98.51,275.66
20261008,11:32:10,49517.53,44343.68,26737.5,17694.02,126.62,1891.64,496.46,482.57,557.5,111.56,166.64,206.33,91.68,151.3,273.94,121.94,193.92,294.03,3147.75,1665.68,470.84,80.38,244.27,1039.26,385.23,237.95,286.16,441.88,209.24,102.0,3550.07,234.21,145.87,135.23,39.35,55.79,98.51,275.66
20261008,11:32:15,49482.72,44307.19,26744.98,17694.05,126.62,1891.64,496.47,482.57,557.5,111.56,166.64,206.34,91.68,151.3,273.94,121.94,193.92,294.02,3144.8,1663.23,470.95,80.39,244.27,1039.27,385.23,237.95,286.47,441.88,209.24,102.0,3552.4,234.21,145.87,135.19,39.35,55.78,98.51,275.68
20261008,11:32:20,49484.41,44308.73,26745.23,17693.98,126.62,1891.54,496.47,482.57,557.5,111.56,166.64,206.3,91.69,151.09,273.94,121.94,193.89,294.03,3144.93,1663.23,471.15,80.38,244.27,1039.75,385.23,237.95,286.17,441.88,209.27,102.0,3552.49,234.21,145.87,135.19,39.35,55.79,98.51,275.67
20261008,11:32:25,49524.24,44347.65,26748.81,17698.48,126.62,1891.54,497.09,482.59,557.5,111.56,166.62,206.24,91.69,151.3,273.94,121.96,193.86,294.03,3147.96,1665.63,471.04,80.38,244.15,1039.79,385.23,237.95,286.17,441.88,209.27,102.0,3552.39,234.21,145.87,135.1,39.35,55.79,98.51,275.67
20261008,11:32:30,49525.2,44348.97,26747.0,17697.65,126.62,1891.54,497.0,482.59,557.5,111.56,166.61,206.21,91.69,151.3,273.94,121.96,193.86,294.03,3148.08,1665.56,471.09,80.38,244.5,1039.52,385.23,237.95,286.47,441.91,209.27,102.0,3552.05,234.21,145.87,135.1,39.35,55.79,98.51,275.62
20261008,11:32:35,49483.18,44308.06,26743.15,17693.38,126.62,1892.96,496.37,482.59,557.47,111.48,166.62,206.23,91.69,151.3,273.94,121.96,193.86,294.03,3144.89,1663.17,470.97,80.38,244.5,1039.45,385.21,237.95,286.48,441.93,209.27,102.0,3552.01,234.21,145.87,135.1,39.35,55.79,98.51,275.62
20261008,11:32:40,49517.33,44343.44,26735.83,17691.95,126.62,1892.96,496.21,482.59,557.47,111.48,166.61,206.21,91.69,151.3,273.94,121.96,193.71,294.03,3147.78,1665.55,470.99,80.39,244.26,1039.44,385.21,237.95,286.26,441.9,209.27,102.0,3550.11,234.21,145.87,135.1,39.36,55.79,98.51,275.62
20261008,11:32:45,49521.0,44344.92,26742.12,17692.19,126.68,1892.96,496.21,482.59,557.45,111.56,166.6,206.21,91.68,151.3,273.94,121.94,193.71,294.03,3147.89,1665.49,471.1,80.39,244.21,1039.41,385.21,237.95,286.57,442.01,209.27,102.0,3552.01,234.21,145.87,135.1,39.36,55.79,98.51,275.62
20261008,11:32:50,49519.25,44343.45,26741.76,17692.56,126.68,1892.96,496.22,482.59,557.52,111.56,166.6,206.21,91.68,151.3,273.94,121.96,193.71,294.05,3147.76,1665.58,471.0,80.4,244.08,1039.31,385.21,237.95,286.35,442.01,209.27,102.0,3551.79,234.21,145.87,135.1,39.36,55.79,98.51,275.57
20261008,11:32:55,49481.47,44306.22,26746.92,17697.12,126.68,1891.54,496.93,482.67,557.52,111.56,166.61,206.22,91.68,151.09,273.94,121.96,193.71,294.06,3144.65,1663.14,471.0,80.4,244.26,1039.39,385.19,237.95,286.26,442.01,209.27,102.0,3552.17,234.21,145.87,135.1,39.36,55.79,98.51,275.59
20261008,11:33:00,49525.19,44348.79,26746.55,17696.59,126.68,1891.54,496.84,482.59,557.55,111.56,166.6,206.18,91.68,151.3,273.94,121.96,193.76,294.06,3148.1,1665.6,471.0,80.39,244.38,1039.52,385.19,237.95,286.56,442.0,209.28,102.0,3552.2,234.21,145.87,135.1,39.36,55.79,98.51,275.54
20261008,11:33:05,49520.76,44346.67,26736.72,17692.6,126.68,1891.54,496.37,482.8,557.25,111.56,166.6,206.18,91.68,151.3,273.94,121.96,193.67,294.06,3148.02,1665.6,471.0,80.35,244.37,1039.41,385.19,237.95,286.56,442.0,209.3,102.0,3550.21,234.22,145.87,135.1,39.36,55.79,98.51,275.54
20261008,11:33:10,49520.33,44346.43,26736.2,17692.62,126.68,1891.54,496.37,482.8,557.25,111.56,166.6,206.19,91.68,151.3,273.94,121.96,193.67,294.06,3148.0,1665.65,471.02,80.37,244.37,1039.55,385.2,237.95,286.25,441.9,209.32,102.0,3550.04,234.29,145.87,135.06,39.36,55.79,98.51,275.54
20261008,11:33:15,49526.1,44351.15,26742.44,17696.77,126.68,1891.54,497.0,482.59,557.19,111.64,166.61,206.22,91.69,151.09,273.94,121.94,193.67,294.06,3148.28,1665.65,471.13,80.38,244.62,1039.54,385.16,237.95,286.52,441.9,209.33,102.0,3550.86,234.29,145.87,135.06,39.36,55.79,98.51,275.54
20261008,11:33:20,49524.69,44349.33,26744.05,17697.14,126.68,1891.54,497.08,482.52,557.26,111.56,166.6,206.17,91.69,151.09,273.94,121.94,193.67,294.06,3148.13,1665.66,470.99,80.38,244.2,1039.68,385.16,237.95,286.51,441.9,209.33,102.0,3551.27,234.29,145.87,135.06,39.36,55.79,98.51,275.54
20261008,11:33:25,49521.94,44347.02,26738.18,17691.64,126.68,1891.54,497.01,482.52,557.2,111.56,166.6,206.17,91.69,151.09,273.94,121.94,193.67,294.02,3148.07,1665.55,470.99,80.38,244.2,1039.81,385.16,237.95,286.55,441.9,209.34,102.0,3550.92,234.29,145.28,135.06,39.36,55.79,98.51,275.54
20261008,11:33:30,49522.85,44348.33,26741.57,17696.94,126.62,1891.54,497.08,482.52,557.27,111.56,166.6,206.19,91.69,151.09,273.94,121.94,193.67,294.02,3148.05,1665.57,470.99,80.38,244.48,1039.46,385.18,237.95,286.55,441.9,209.33,102.0,3550.55,234.27,145.87,135.06,39.36,55.79,98.51,275.54
20261008,11:33:35,49525.35,44348.58,26743.33,17691.64,126.62,1891.54,496.37,482.52,557.27,111.56,166.61,206.22,91.69,151.09,273.94,121.94,193.67,294.03,3148.2,1665.67,470.99,80.38,244.55,1039.45,385.17,237.95,286.54,442.01,209.29,102.0,3552.54,234.27,145.87,135.06,39.36,55.78,98.52,275.54
20261008,11:33:40,49483.4,44309.59,26741.76,17696.18,126.62,1891.54,497.0,482.52,557.27,111.56,166.6,206.22,91.68,151.09,273.94,121.94,193.67,294.03,3144.95,1663.24,471.1,80.38,244.55,1039.11,385.17,237.95,286.54,442.03,209.29,102.0,3550.81,234.27,145.87,135.06,39.36,55.78,98.52,275.54
20261008,11:33:45,49481.59,44307.92,26741.59,17696.31,126.62,1891.54,497.0,482.52,557.27,111.56,166.6,206.22,91.68,151.09,273.94,121.94,193.67,294.04,3144.81,1663.22,471.2,80.39,244.3,1038.93,385.17,237.95,286.54,442.03,209.29,102.0,3550.72,234.27,145.87,135.06,39.36,55.79,98.52,275.54
20261008,11:33:50,49519.6,44345.17,26738.26,17693.15,126.62,1891.54,496.46,482.65,557.32,111.56,166.6,206.22,91.68,151.3,273.82,121.94,193.67,294.04,3147.89,1665.47,471.21,80.38,244.54,1039.11,385.14,237.95,286.54,441.9,209.33,102.0,3550.54,234.27,145.87,135.06,39.36,55.79,98.52,275.58
20261008,11:33:55,49517.44,44343.07,26737.91,17692.75,126.62,1891.54,496.46,482.65,557.27,111.56,166.6,206.21,91.68,151.3,273.82,121.94,193.67,294.03,3147.73,1665.41,471.21,80.37,244.54,1039.1,385.14,237.95,286.41,441.92,209.33,102.0,3550.54,234.27,145.87,135.06,39.36,55.79,98.52,275.5
20261008,11:34:00,49513.96,44339.9,26737.61,17693.15,126.62,1891.54,496.46,482.73,557.32,111.56,166.6,206.21,91.68,151.3,273.82,121.94,193.67,294.03,3147.46,1665.48,471.21,80.39,244.04,1039.09,385.14,237.95,286.09,441.93,209.33,101.98,3550.34,234.27,145.87,135.06,39.36,55.79,98.52,275.55
20261008,11:34:05,49518.67,44343.99,26738.85,17692.91,126.62,1891.54,496.45,482.6,557.32,111.56,166.6,206.21,91.68,151.09,273.82,121.94,193.67,294.03,3147.8,1665.6,471.16,80.35,244.3,1038.99,385.17,237.95,286.41,441.97,209.33,101.98,3550.79,234.27,145.87,135.06,39.36,55.81,98.53,275.55
20261008,11:34:10,49507.59,44337.15,26723.66,17688.67,126.62,1891.54,495.91,482.6,557.32,111.56,166.6,206.21,91.68,151.09,273.82,121.92,193.67,294.03,3147.35,1665.61,470.8,80.35,243.94,1039.02,384.86,237.95,286.13,442.04,209.29,101.98,3547.2,234.27,145.87,135.06,39.36,55.81,98.53,275.57
20261008,11:34:15,49510.94,44337.99,26733.17,17691.51,126.62,1891.54,496.45,482.53,557.32,111.56,166.6,206.21,91.68,151.3,273.82,121.92,193.67,294.03,3147.35,1665.39,470.9,80.36,244.11,1039.01,384.86,237.94,286.44,442.04,209.16,101.98,3549.4,234.27,145.87,135.06,39.36,55.79,98.53,275.59
20261008,11:34:20,49467.52,44299.31,26723.46,17692.5,126.62,1891.54,496.45,482.56,557.28,111.56,166.59,206.21,91.67,151.3,273.82,121.92,193.67,294.03,3144.21,1662.99,470.77,80.36,244.12,1039.04,384.87,237.94,286.44,442.04,209.27,101.98,3546.1,234.27,145.87,135.07,39.36,55.79,98.53,275.64
20261008,11:34:25,49508.44,44340.34,26720.16,17692.56,126.62,1891.54,496.45,482.56,557.32,111.56,166.59,206.23,91.67,151.09,273.82,121.92,193.67,294.02,3147.51,1665.59,470.87,80.35,244.1,1039.18,385.2,237.94,286.13,441.99,209.32,101.98,3545.05,234.26,145.87,135.07,39.36,55.79,98.53,275.59
20261008,11:34:30,49510.81,44341.79,26723.04,17693.0,126.62,1891.54,496.45,482.53,557.32,111.56,166.59,206.23,91.67,151.3,273.82,121.92,193.67,294.02,3147.62,1665.64,470.84,80.35,244.28,1038.81,385.18,237.94,286.4,442.01,209.32,101.98,3545.83,234.26,145.87,135.07,39.36,55.79,98.53,275.62
20261008,11:34:35,49467.47,44299.59,26715.09,17683.96,126.62,1891.54,495.82,482.53,557.51,111.56,166.59,206.23,91.67,151.09,273.82,121.92,193.63,294.01,3144.43,1663.21,470.95,80.35,244.51,1038.81,385.13,237.94,286.09,442.04,209.29,101.98,3545.8,234.26,145.28,135.17,39.38,55.79,98.53,275.62
20261008,11:34:40,49472.53,44301.4,26728.55,17689.01,126.62,1891.54,495.91,482.53,557.51,111.56,166.59,206.21,91.67,151.09,273.82,121.92,193.63,294.01,3144.46,1663.09,471.19,80.35,244.28,1038.8,385.14,237.94,286.4,442.07,209.28,101.98,3548.63,234.26,145.87,135.07,39.38,55.79,98.53,275.62
20261008,11:34:45,49474.82,44306.38,26724.81,17693.92,126.62,1891.77,496.37,482.53,557.51,111.56,166.59,206.24,91.67,151.3,273.82,121.92,193.63,294.01,3144.74,1663.22,471.09,80.36,244.51,1038.95,385.14,237.94,286.42,442.08,209.31,101.98,3546.13,234.26,145.87,135.07,39.38,55.79,98.53,275.92
20261008,11:34:50,49472.15,44303.29,26726.71,17694.46,126.62,1891.77,496.46,482.53,557.51,111.56,166.6,206.28,91.67,151.3,273.82,121.92,193.63,294.01,3144.48,1663.19,470.97,80.35,244.51,1038.95,385.13,237.94,286.11,442.11,209.28,101.98,3546.58,234.26,145.87,135.07,39.38,55.79,98.53,275.92
20261008,11:34:55,49472.4,44303.8,26722.46,17690.44,126.75,1891.77,495.91,482.53,557.51,111.56,166.6,206.29,91.67,151.3,273.82,121.9,193.63,294.0,3144.62,1663.14,470.96,80.35,244.51,1038.97,385.13,237.94,286.46,442.11,209.25,101.98,3546.34,234.26,145.87,135.07,39.38,55.79,98.53,275.92
20261008,11:35:00,49472.13,44303.12,26724.47,17691.37,126.62,1891.87,496.08,482.53,557.51,111.56,166.62,206.35,91.67,151.3,273.82,121.9,193.63,294.01,3144.54,1663.2,471.07,80.34,244.27,1038.76,385.13,237.93,286.46,442.09,209.25,101.98,3546.72,234.26,145.87,135.07,39.38,55.79,98.53,275.87
20261008,11:35:05,49472.15,44303.16,26727.08,17694.44,126.68,1891.87,496.54,482.53,557.38,111.56,166.62,206.35,91.67,151.3,273.82,121.9,193.63,293.99,3144.47,1663.25,471.04,80.35,244.39,1038.74,385.14,237.93,286.14,442.09,209.25,101.98,3546.7,234.26,145.87,135.07,39.38,55.79,98.53,275.89
20261008,11:35:10,49516.99,44344.56,26733.45,17694.06,126.68,1891.87,496.73,482.61,556.78,111.56,166.62,206.33,91.67,151.3,273.82,121.92,193.63,293.99,3147.82,1665.66,471.02,80.36,244.52,1038.73,385.14,237.93,286.46,442.09,209.25,102.02,3548.79,234.26,145.87,135.07,39.38,55.8,98.53,275.89
20261008,11:35:15,49474.65,44304.09,26729.75,17692.45,126.68,1891.87,496.64,482.61,556.78,111.56,166.62,206.33,91.67,151.3,273.82,121.9,193.63,293.98,3144.59,1663.3,470.87,80.36,244.28,1038.73,385.14,237.93,286.46,442.09,209.25,102.02,3548.07,234.26,145.87,135.07,39.38,55.8,98.53,275.59
20261008,11:35:20,49470.46,44302.3,26724.79,17694.43,126.68,1891.87,496.81,482.74,556.92,111.56,166.61,206.33,91.67,151.3,273.82,121.9,193.66,293.98,3144.4,1663.23,470.87,80.37,244.53,1038.65,385.14,237.94,286.15,442.09,209.24,102.02,3545.99,234.26,145.87,135.07,39.38,55.8,98.53,275.64
20261008,11:35:25,49471.55,44301.01,26731.23,17693.97,126.68,1891.87,496.89,482.74,556.92,111.56,166.61,206.32,91.67,151.3,273.82,121.9,193.66,294.0,3144.31,1663.22,470.79,80.37,244.28,1038.74,385.14,237.94,286.15,442.13,209.13,101.99,3548.12,234.26,145.87,135.07,39.38,55.8,98.53,275.64
20261008,11:35:30,49480.2,44309.43,26735.26,17698.61,126.68,1891.87,497.35,482.61,556.92,111.56,166.63,206.32,91.68,151.09,273.82,121.92,193.71,294.03,3144.88,1663.52,470.73,80.35,244.28,1038.86,385.14,237.94,286.46,442.13,209.26,101.99,3548.12,234.26,145.87,135.08,39.38,55.8,98.53,275.64
20261008,11:35:35,49474.48,44306.25,26723.66,17693.24,126.68,1891.87,496.81,482.61,556.9,111.56,166.62,206.31,91.68,151.09,273.82,121.92,193.71,294.02,3144.75,1663.43,470.84,80.35,244.82,1038.66,385.14,237.94,286.15,442.13,209.14,102.04,3545.96,234.22,145.87,135.11,39.38,55.8,98.53,275.56
20261008,11:35:40,49509.04,44340.52,26720.64,17691.74,126.69,1891.87,496.89,482.62,556.6,111.48,166.41,206.3,91.51,151.3,273.82,121.92,193.71,294.02,3147.55,1665.7,470.54,80.33,244.57,1038.67,384.81,237.94,286.36,442.11,209.24,102.04,3545.42,234.22,145.87,135.11,39.38,55.8,98.53,275.61
20261008,11:35:45,49471.92,44304.22,26716.43,17686.51,126.69,1892.1,496.18,482.62,556.65,111.48,166.41,206.28,91.51,151.08,273.82,121.92,193.71,294.02,3144.75,1663.3,470.74,80.33,244.58,1039.13,385.14,237.94,286.36,442.06,209.24,102.04,3545.53,234.22,145.87,135.11,39.38,55.8,98.53,275.66
20261008,11:35:50,49506.95,44340.22,26716.12,17692.37,126.69,1892.2,496.89,482.62,556.65,111.48,166.4,206.26,91.51,151.08,273.82,121.9,193.71,294.02,3147.51,1665.67,470.75,80.31,244.83,1038.64,384.75,237.94,286.05,442.04,209.24,102.04,3543.84,234.22,145.87,135.11,39.38,55.8,98.53,275.96
20261008,11:35:55,49506.89,44340.14,26717.98,17694.45,126.69,1891.97,496.89,482.62,556.65,111.48,166.59,206.23,91.67,151.08,273.82,121.9,193.71,294.02,3147.45,1665.63,470.72,80.31,244.83,1038.28,384.7,237.93,286.36,442.09,209.24,102.04,3543.86,234.22,145.87,135.12,39.38,55.8,98.53,275.96
20261008,11:36:00,49506.66,44339.09,26719.19,17693.07,126.69,1891.97,496.81,482.62,556.65,111.48,166.59,206.26,91.67,151.08,273.82,121.9,193.71,294.02,3147.4,1665.63,470.81,80.31,244.58,1038.28,384.7,237.93,286.36,442.04,209.24,102.04,3544.61,234.22,145.87,135.12,39.42,55.8,98.53,275.66
20261008,11:36:05,49466.35,44299.93,26719.31,17693.63,126.69,1891.97,496.89,482.62,556.66,111.48,166.59,206.23,91.67,151.08,273.82,121.91,193.71,294.02,3144.23,1663.18,470.92,80.31,244.48,1038.29,384.77,237.93,286.36,442.04,209.24,102.04,3544.49,234.22,145.87,135.12,39.42,55.8,98.53,275.65
20261008,11:36:10,49461.24,44295.91,26712.59,17689.11,126.69,1891.97,496.35,482.77,556.66,111.48,166.59,206.23,91.67,151.3,273.82,121.91,193.71,294.02,3144.01,1663.2,470.6,80.31,244.66,1038.29,384.77,237.93,286.05,442.04,209.13,102.06,3543.62,234.22,145.87,135.12,39.42,55.8,98.53,275.65
20261008,11:36:15,49462.71,44297.1,26715.71,17691.85,126.63,1891.97,496.9,482.85,556.43,111.48,166.59,206.25,91.67,151.08,273.82,121.91,193.71,293.98,3144.04,1663.2,470.61,80.33,244.67,1038.27,384.78,237.92,286.05,442.0,209.13,102.06,3543.85,234.22,145.87,135.12,39.42,55.8,98.53,275.65
20261008,11:36:20,49496.23,44329.57,26709.53,17684.13,126.63,1891.97,495.98,482.85,556.29,111.48,166.6,206.29,91.67,151.08,273.82,121.91,193.71,293.98,3146.85,1665.51,470.59,80.33,244.42,1038.02,385.1,237.92,286.04,442.0,209.1,102.06,3544.02,234.22,145.87,135.12,39.42,55.8,98.53,275.52
20261008,11:36:25,49497.28,44330.06,26711.39,17684.48,126.63,1891.97,495.98,482.77,556.42,111.48,166.59,206.26,91.66,151.08,273.82,121.93,193.71,293.98,3146.88,1665.56,470.35,80.32,244.67,1038.01,385.1,237.92,286.04,441.98,209.1,102.06,3544.5,234.22,145.87,135.12,39.42,55.8,98.53,275.52
20261008,11:36:30,49456.07,44290.38,26709.41,17683.77,126.63,1891.97,495.9,482.77,556.35,111.48,166.59,206.26,91.66,151.08,273.82,121.95,193.71,294.0,3143.7,1663.05,470.61,80.33,244.42,1038.2,384.78,237.92,286.0,441.98,209.1,102.06,3544.08,234.22,145.87,135.12,39.42,55.8,98.53,275.52
20261008,11:36:35,49503.89,44334.41,26718.52,17685.67,126.63,1891.97,495.99,482.78,556.35,111.48,166.6,206.29,91.66,151.3,273.64,121.93,193.71,294.0,3147.2,1665.47,470.72,80.3,244.67,1038.38,384.76,237.92,286.31,441.97,209.21,102.06,3546.4,234.22,145.87,135.12,39.42,55.8,98.53,275.53
20261008,11:36:40,49505.52,44336.52,26722.98,17692.53,126.76,1891.74,495.98,482.78,556.45,111.48,166.59,206.26,91.66,151.3,273.64,121.93,193.71,294.0,3147.2,1665.46,470.51,80.31,244.42,1038.87,384.71,237.92,286.31,441.98,209.38,102.06,3545.94,234.22,146.46,135.12,39.42,55.8,98.53,275.53
20261008,11:36:45,49505.29,44336.67,26718.51,17688.64,126.76,1891.74,496.16,482.78,556.38,111.37,166.59,206.28,91.66,151.3,273.64,121.93,193.71,294.0,3147.31,1665.38,470.53,80.32,244.67,1039.04,385.03,237.92,286.31,442.01,209.38,102.06,3545.6,234.22,145.87,135.12,39.42,55.8,98.53,275.53
20261008,11:36:50,49498.84,44329.16,26721.83,17688.39,126.63,1891.74,496.17,482.65,556.38,111.37,166.58,206.26,91.65,151.3,273.64,121.93,193.71,294.0,3146.71,1665.23,470.46,80.33,244.55,1038.64,385.04,237.92,286.0,442.11,209.38,102.09,3546.7,234.24,145.87,135.12,39.42,55.8,98.53,275.53
20261008,11:36:55,49496.17,44330.43,26709.43,17687.07,126.63,1891.74,496.63,482.73,556.38,111.37,166.39,206.26,91.5,151.08,273.64,121.93,193.71,294.0,3146.85,1665.26,470.5,80.33,244.42,1038.55,385.04,237.92,286.31,442.11,209.13,102.09,3543.19,234.24,145.87,135.12,39.43,55.8,98.53,275.53
20261008,11:37:00,49498.75,44332.43,26708.8,17684.59,126.63,1891.74,496.25,482.65,556.39,111.45,166.38,206.25,91.5,151.3,273.64,121.93,193.71,294.0,3147.07,1665.28,470.5,80.35,244.42,1038.96,385.06,237.92,286.31,442.04,209.14,102.09,3543.66,234.24,145.87,135.12,39.42,55.8,98.53,275.53
20261008,11:37:05,49453.22,44286.38,26714.06,17685.03,126.63,1891.74,496.24,482.62,556.33,111.45,166.39,206.26,91.5,151.3,273.46,121.93,193.85,293.77,3143.34,1662.98,470.54,80.33,244.39,1037.7,384.73,237.92,286.0,442.1,209.25,102.09,3545.19,234.24,145.87,135.12,39.42,55.8,98.53,275.53
20261008,11:37:10,49447.4,44285.97,26697.0,17682.99,126.63,1890.33,496.24,482.78,556.3,111.39,166.39,206.27,91.5,151.3,273.46,121.93,193.71,293.77,3143.36,1662.97,470.63,80.33,244.45,1037.61,385.03,237.92,286.0,442.18,209.1,102.09,3540.41,234.24,145.87,135.12,39.42,55.8,98.53,275.53
20261008,11:37:15,49451.93,44287.96,26704.86,17683.92,126.63,1891.74,496.24,482.7,556.3,111.39,166.39,206.29,91.5,151.3,273.46,121.94,193.71,293.77,3143.5,1662.93,470.65,80.27,244.79,1037.49,384.71,237.92,286.3,442.25,209.13,102.09,3542.62,234.24,145.87,135.12,39.42,55.8,98.53,275.53
20261008,11:37:20,49442.29,44278.94,26703.99,17684.19,126.63,1890.39,496.24,482.7,556.29,111.39,166.41,206.3,91.51,151.1,273.46,121.94,193.85,293.75,3142.76,1662.85,470.36,80.29,244.54,1036.89,384.64,237.92,285.99,442.25,209.21,102.09,3542.27,234.24,145.87,135.12,39.42,55.8,98.53,275.53
20261008,11:37:25,49480.31,44315.72,26704.26,17683.62,126.63,1890.39,496.15,482.7,556.29,111.37,166.41,206.31,91.51,151.31,273.46,121.92,193.85,293.73,3145.74,1665.14,470.25,80.31,244.55,1036.98,384.64,237.92,285.98,442.25,209.22,102.09,3542.51,234.24,145.87,135.12,39.42,55.8,98.53,275.53
20261008,11:37:30,49482.82,44318.25,26704.45,17684.09,126.63,1890.39,496.16,482.62,556.29,111.37,166.41,206.29,91.51,151.31,273.46,121.92,193.85,293.73,3145.94,1665.3,470.19,80.29,244.69,1036.92,384.64,237.92,285.98,442.25,209.22,102.09,3542.44,234.24,145.87,135.12,39.42,55.8,98.53,275.73
20261008,11:37:35,49447.56,44282.41,26710.33,17685.92,126.63,1890.41,496.33,482.7,556.29,111.37,166.4,206.28,91.51,151.31,273.46,122.04,193.85,293.73,3143.0,1662.88,470.45,80.29,244.44,1036.91,384.97,237.92,286.29,442.18,209.21,102.09,3543.78,234.24,145.86,135.12,39.42,55.8,98.53,275.72
20261008,11:37:40,49448.75,44286.56,26705.6,17690.48,126.63,1890.41,496.95,482.71,556.29,111.38,166.4,206.25,91.51,151.31,273.46,122.04,193.85,293.72,3143.23,1663.01,470.44,80.29,244.61,1036.92,384.98,237.92,286.29,442.12,209.2,102.09,3541.07,234.24,145.86,135.12,39.42,55.82,98.53,275.77
20261008,11:37:45,49486.48,44323.92,26700.22,17686.25,126.63,1890.41,496.5,482.71,556.29,111.46,166.4,206.26,91.5,151.31,273.46,122.04,193.71,293.73,3146.34,1665.43,470.31,80.28,244.67,1036.92,384.99,237.92,286.29,442.16,209.1,102.09,3540.53,234.24,145.86,135.12,39.42,55.82,98.53,275.75
20261008,11:37:50,49485.76,44323.21,26703.66,17690.19,126.63,1890.41,497.04,482.55,556.29,111.45,166.4,206.26,91.5,151.31,273.46,121.92,193.71,293.73,3146.19,1665.39,470.32,80.28,244.55,1036.79,384.99,237.92,286.3,442.16,209.22,102.09,3540.54,234.24,145.86,135.12,39.42,55.8,98.53,275.75
20261008,11:37:55,49485.28,44323.04,26701.08,17688.25,126.63,1890.41,496.51,482.63,556.29,111.45,166.59,206.25,91.66,151.1,273.46,121.92,193.71,293.72,3146.22,1665.43,470.32,80.28,244.55,1036.74,385.01,237.92,286.3,442.12,209.23,102.09,3540.26,234.31,145.86,135.1,39.42,55.8,98.53,275.75
20261008,11:38:00,49484.79,44320.47,26706.26,17687.21,126.63,1890.41,496.51,482.63,555.99,111.37,166.58,206.21,91.66,151.31,273.46,121.92,193.71,293.72,3146.04,1665.34,470.43,80.28,244.55,1036.89,384.98,237.92,285.98,442.12,209.23,102.09,3542.16,234.31,145.86,135.1,39.42,55.8,98.53,275.75
20261008,11:38:05,49490.13,44322.08,26715.58,17685.91,126.63,1890.05,496.35,482.63,555.99,111.37,166.58,206.21,91.66,151.3,273.46,121.92,193.71,293.72,3146.2,1665.31,470.64,80.28,244.55,1036.74,384.98,237.92,286.3,442.15,209.23,102.09,3545.42,234.31,145.86,135.1,39.42,55.8,98.53,275.75
20261008,11:38:10,49484.07,44316.22,26714.93,17685.3,126.63,1889.88,496.27,482.63,555.99,111.37,166.58,206.21,91.66,151.3,273.46,121.92,193.71,293.72,3145.74,1665.13,470.43,80.28,244.55,1036.85,384.98,237.93,285.97,442.2,209.22,102.09,3545.38,234.31,145.86,135.1,39.42,55.8,98.53,275.75
20261008,11:38:15,49482.38,44317.37,26706.7,17685.18,126.63,1889.88,496.35,482.63,555.78,111.37,166.58,206.21,91.66,151.3,273.46,121.92,193.71,293.72,3145.84,1665.2,470.27,80.26,244.78,1036.85,384.98,237.93,285.97,442.17,209.21,102.09,3542.85,234.31,145.86,135.1,39.42,55.81,98.53,275.78
20261008,11:38:20,49446.29,44282.01,26707.32,17685.25,126.63,1889.88,496.43,482.79,555.71,111.37,166.58,206.2,91.66,151.3,273.46,121.92,193.71,293.72,3142.99,1662.81,470.36,80.26,244.77,1036.94,384.98,237.93,286.28,442.17,209.13,102.09,3543.02,234.31,145.86,135.1,39.42,55.82,98.53,275.83
20261008,11:38:25,49486.88,44322.11,26707.64,17687.44,126.63,1889.88,496.43,482.79,555.71,111.37,166.58,206.22,91.66,151.3,273.46,121.91,193.71,293.72,3146.17,1665.25,470.4,80.27,244.42,1037.23,385.05,237.93,286.28,442.23,209.29,102.09,3542.53,234.63,145.86,135.09,39.42,55.83,98.53,275.83
20261008,11:38:30,49486.1,44318.99,26714.7,17687.68,126.69,1891.3,496.26,482.79,555.71,111.37,166.59,206.25,91.66,151.09,273.46,121.92,193.71,293.74,3145.91,1665.14,470.25,80.25,244.42,1037.17,385.05,237.93,286.28,442.21,209.44,102.09,3544.67,234.31,145.86,135.09,39.42,55.83,98.53,275.85
20261008,11:38:35,49485.84,44316.69,26720.79,17687.83,126.69,1891.3,496.26,482.79,555.71,111.45,166.59,206.25,91.66,151.09,273.46,121.92,193.71,293.74,3145.72,1665.09,470.36,80.26,244.48,1037.06,385.05,237.93,285.97,442.18,209.44,102.09,3546.53,234.31,145.86,135.09,39.42,55.82,98.53,275.85
20261008,11:38:40,49487.02,44317.69,26717.89,17684.01,126.69,1891.3,495.72,482.79,555.71,111.45,166.59,206.25,91.66,151.08,273.46,121.92,193.71,293.76,3145.89,1665.26,470.36,80.26,244.24,1037.18,385.04,237.93,285.97,442.21,209.44,102.09,3546.66,234.31,145.86,135.11,39.42,55.82,98.53,275.85
20261008,11:38:45,49451.67,44283.57,26720.19,17687.74,126.69,1891.3,496.18,482.79,555.67,111.45,166.58,206.23,91.66,151.08,273.46,121.96,193.71,293.76,3143.05,1662.9,470.36,80.26,244.78,1037.24,385.04,237.93,285.95,442.21,209.44,102.09,3546.36,234.31,145.86,135.09,39.42,55.85,98.53,275.89
20261008,11:38:50,49449.2,44281.85,26718.87,17688.51,126.69,1891.3,496.2,482.87,555.67,111.45,166.58,206.22,91.66,151.3,273.34,121.98,193.71,293.76,3142.9,1662.74,470.36,80.25,244.48,1037.24,385.05,237.93,286.26,442.22,209.47,102.09,3545.75,234.3,145.86,135.09,39.42,55.85,98.53,275.87
20261008,11:38:55,49451.37,44283.96,26714.83,17683.85,126.69,1891.3,495.65,482.87,555.67,111.45,166.58,206.21,91.66,151.3,273.34,121.98,193.71,293.76,3143.18,1662.88,470.56,80.26,244.48,1037.22,385.05,237.93,286.28,442.14,209.43,102.08,3545.75,234.3,145.86,135.09,39.42,55.85,98.53,275.85
20261008,11:39:00,49450.94,44282.58,26717.15,17683.3,126.69,1891.3,495.55,482.87,555.67,111.45,166.58,206.21,91.66,151.3,273.34,121.98,193.85,293.76,3143.08,1662.85,470.68,80.29,244.12,1037.22,385.05,237.93,286.3,442.14,209.43,102.08,3546.62,234.3,145.86,135.09,39.42,55.85,98.53,275.85
20261008,11:39:05,49448.02,44280.11,26716.88,17684.24,126.82,1891.3,495.64,482.87,555.67,111.45,166.57,206.2,91.66,151.3,273.34,121.98,193.85,293.75,3142.86,1662.78,470.58,80.27,244.37,1037.23,385.07,237.79,285.99,442.14,209.43,102.08,3546.28,234.3,145.86,135.09,39.42,55.85,98.53,275.85
20261008,11:39:10,49447.44,44279.76,26716.85,17684.93,126.82,1891.3,495.73,482.86,555.74,111.45,166.57,206.21,91.66,151.3,273.34,121.97,193.85,293.74,3142.81,1662.68,470.49,80.28,244.24,1037.22,385.05,237.79,286.3,442.14,209.43,102.08,3546.09,234.23,145.86,135.09,39.41,55.84,98.53,275.85
20261008,11:39:15,49450.67,44282.9,26718.47,17686.79,126.69,1891.3,496.18,482.88,555.74,111.45,166.58,206.22,91.66,151.08,273.34,121.97,193.89,293.74,3143.02,1662.85,470.53,80.27,244.61,1037.22,385.05,237.79,285.99,442.14,209.43,102.08,3546.09,234.23,145.86,135.09,39.41,55.82,98.53,275.6
20261008,11:39:20,49452.69,44284.72,26716.03,17683.48,126.69,1891.3,495.73,482.88,555.74,111.45,166.57,206.18,91.66,151.3,273.34,121.96,193.87,293.74,3143.25,1662.84,470.53,80.27,244.78,1037.23,385.05,237.79,286.31,442.14,209.42,102.08,3546.22,234.23,145.86,135.09,39.41,55.82,98.53,275.59
20261008,11:39:25,49448.42,44283.34,26709.24,17684.96,126.68,1891.3,496.19,482.88,555.51,111.45,166.56,206.18,91.66,151.3,273.46,121.96,193.87,293.74,3143.1,1662.74,470.53,80.27,244.78,1037.21,385.05,237.79,286.31,442.11,209.33,102.08,3543.7,234.23,145.86,135.09,39.41,55.82,98.43,275.59
20261008,11:39:30,49491.82,44322.28,26715.87,17681.36,126.68,1891.3,495.56,483.01,555.52,111.45,166.57,206.21,91.66,151.08,273.58,121.95,193.87,293.75,3146.33,1665.2,470.64,80.27,244.66,1037.68,385.05,237.79,285.99,442.11,209.44,102.08,3546.75,234.23,145.86,135.09,39.41,55.82,98.43,275.59
20261008,11:39:35,49492.59,44323.25,26715.59,17681.78,126.68,1891.3,495.64,482.8,555.52,111.45,166.57,206.21,91.66,151.08,273.76,121.95,193.87,293.75,3146.39,1665.09,470.72,80.28,244.66,1037.67,385.02,237.79,286.29,442.1,209.44,102.08,3546.55,234.22,145.86,135.09,39.41,55.82,98.43,275.59
20261008,11:39:40,49489.3,44319.77,26716.78,17682.26,126.68,1891.3,495.64,482.8,555.44,111.45,166.57,206.21,91.65,151.08,273.76,122.07,193.87,293.75,3146.1,1665.14,470.64,80.27,244.66,1036.96,385.02,237.79,286.29,442.09,209.44,102.08,3546.79,234.22,145.86,135.09,39.41,55.82,98.43,275.59
20261008,11:39:45,49487.36,44320.07,26710.64,17682.52,126.81,1891.67,495.64,482.8,555.37,111.45,166.56,206.26,91.64,151.3,273.76,121.95,193.83,293.75,3146.12,1665.26,470.64,80.3,244.66,1036.97,385.02,237.79,285.98,442.05,209.45,102.08,3544.8,234.54,145.86,135.09,39.41,55.82,98.43,275.6
20261008,11:39:50,49485.92,44319.46,26711.97,17686.7,126.81,1891.67,496.18,482.72,555.44,111.44,166.56,206.24,91.64,151.3,273.76,121.97,193.83,293.74,3145.97,1665.24,470.63,80.29,244.41,1036.93,385.02,237.79,285.98,442.05,209.45,102.08,3544.08,234.57,145.86,135.09,39.41,55.82,98.43,275.59
20261008,11:39:55,49449.82,44283.29,26714.21,17685.93,126.75,1891.67,496.1,482.72,555.44,111.44,166.56,206.25,91.64,151.08,273.76,121.97,193.83,293.75,3143.07,1662.86,470.64,80.27,244.66,1036.77,385.02,237.79,286.29,442.05,209.45,102.08,3544.99,234.57,145.86,135.11,39.41,55.84,98.43,275.62
20261008,11:40:00,49491.89,44322.35,26716.1,17681.65,126.75,1891.67,495.55,482.72,555.42,111.44,166.55,206.25,91.63,151.08,273.76,121.97,193.83,293.75,3146.32,1665.28,470.63,80.3,244.78,1036.93,385.02,237.79,286.29,442.05,209.44,102.08,3546.74,234.57,145.86,135.11,39.41,55.85,98.43,275.62
20261008,11:40:05,49441.88,44275.81,26710.0,17681.97,126.75,1891.67,495.63,482.85,555.42,111.36,166.53,206.19,91.63,151.08,273.76,121.97,193.83,293.74,3142.57,1662.77,470.52,80.3,244.46,1036.59,385.05,237.79,285.93,442.05,209.44,102.08,3544.75,234.57,145.86,135.11,39.41,55.85,98.43,275.61
20261008,11:40:10,49480.56,44315.22,26706.21,17683.35,126.75,1890.15,496.01,482.93,555.42,111.36,166.53,206.19,91.63,151.08,273.76,121.93,193.82,293.74,3145.71,1665.19,470.44,80.29,244.44,1036.72,385.02,237.79,285.93,442.11,209.37,102.08,3543.19,234.57,145.86,135.11,39.41,55.84,98.43,275.61
20261008,11:40:15,49479.65,44314.12,26703.4,17679.41,126.75,1890.15,495.47,482.85,555.42,111.36,166.53,206.19,91.63,151.08,273.76,121.93,193.82,293.74,3145.72,1665.25,470.33,80.28,244.44,1036.72,385.03,237.79,285.89,442.05,209.4,102.08,3543.38,234.57,145.86,135.11,39.41,55.84,98.43,275.61
20261008,11:40:20,49483.99,44315.66,26711.16,17679.36,126.75,1890.25,495.47,482.72,555.42,111.36,166.53,206.19,91.62,151.08,273.76,121.93,193.82,293.74,3145.84,1665.29,470.42,80.32,244.31,1036.44,385.0,237.79,286.2,442.08,209.4,102.08,3545.82,234.57,145.86,135.11,39.41,55.84,98.43,275.61
20261008,11:40:25,49488.52,44318.46,26715.92,17679.41,126.62,1889.88,495.55,482.72,555.43,111.36,166.53,206.2,91.62,151.08,273.76,121.93,193.82,293.74,3146.06,1665.16,470.3,80.32,244.73,1037.08,385.02,237.79,286.24,442.08,209.39,102.08,3547.29,234.57,145.86,135.11,39.41,55.84,98.43,275.61
20261008,11:40:30,49478.28,44312.42,26707.89,17683.37,126.62,1889.88,495.46,482.72,555.44,111.35,166.53,206.2,91.62,151.08,273.76,121.93,193.82,293.74,3145.48,1664.83,470.41,80.29,244.74,1037.09,385.02,237.79,285.89,442.04,209.43,102.08,3543.71,234.24,146.45,135.11,39.41,55.84,98.43,275.64
20261008,11:40:35,49473.13,44307.66,26702.92,17678.49,126.62,1889.88,495.47,482.64,555.44,111.35,166.53,206.19,91.62,151.08,273.76,121.89,193.82,293.74,3145.22,1664.79,470.2,80.29,244.49,1037.04,385.02,237.79,285.89,442.06,209.43,102.08,3543.48,234.24,145.86,135.21,39.41,55.84,98.43,275.61
20261008,11:40:40,49477.53,44311.12,26705.15,17678.31,126.62,1889.85,495.46,482.64,555.44,111.35,166.53,206.19,91.62,151.08,273.76,121.89,193.82,293.74,3145.5,1664.9,470.17,80.3,244.56,1036.93,385.02,237.79,286.2,442.06,209.41,102.08,3544.23,234.24,145.86,135.21,39.41,55.85,98.43,275.61
20261008,11:40:45,49477.17,44310.84,26704.39,17677.63,126.62,1889.85,495.38,482.64,555.44,111.35,166.52,206.19,91.62,151.08,273.76,121.89,193.82,293.74,3145.49,1664.78,470.43,80.31,244.56,1036.98,385.02,237.79,286.2,442.09,209.41,102.08,3544.17,234.24,145.86,135.19,39.41,55.85,98.43,275.61
20261008,11:40:50,49479.38,44313.16,26705.02,17678.93,126.62,1889.65,495.55,482.72,555.44,111.35,166.52,206.19,91.62,151.08,273.76,121.9,193.82,293.74,3145.65,1664.94,470.32,80.31,244.45,1037.05,385.02,237.79,286.21,442.07,209.41,102.08,3544.02,234.24,145.86,135.19,39.41,55.85,98.43,275.61
20261008,11:40:55,49437.64,44270.47,26710.92,17679.0,126.62,1891.06,495.46,482.64,555.44,111.35,166.53,206.22,91.62,151.08,273.76,121.9,193.82,293.74,3142.21,1662.47,470.25,80.31,244.38,1037.05,385.02,237.79,285.89,442.15,209.41,102.08,3545.84,234.24,145.86,135.21,39.41,55.85,98.43,275.59
20261008,11:41:00,49480.51,44311.5,26711.57,17677.24,126.62,1889.65,495.0,482.64,555.44,111.35,166.72,206.22,91.77,151.3,273.76,121.9,193.82,293.73,3145.56,1664.89,470.25,80.31,244.38,1037.16,385.02,237.79,286.19,442.15,209.41,102.08,3546.52,234.24,145.86,135.21,39.41,55.82,98.43,275.59
20261008,11:41:05,49482.08,44313.63,26708.1,17675.23,126.62,1889.65,494.82,482.64,555.51,111.28,166.71,206.2,91.77,151.3,273.64,121.9,193.63,293.96,3145.78,1664.86,470.45,80.31,244.37,1037.53,385.02,237.79,286.19,442.15,209.29,102.08,3545.98,234.25,145.86,135.21,39.41,55.84,98.43,275.59
20261008,11:41:10,49444.59,44276.31,26711.86,17676.92,126.62,1889.65,494.92,482.64,555.51,111.28,166.71,206.18,91.77,151.3,273.64,121.92,193.63,293.96,3142.73,1662.44,470.39,80.32,244.62,1037.53,385.02,237.79,286.23,442.09,209.41,102.08,3546.7,234.25,145.86,135.21,39.41,55.82,98.43,275.59
20261008,11:41:15,49445.48,44277.43,26710.69,17676.42,126.75,1889.65,494.82,482.76,555.51,111.28,166.72,206.22,91.77,151.3,273.64,121.92,193.63,293.98,3142.83,1662.52,470.39,80.32,244.37,1037.62,385.04,237.79,286.32,442.09,209.35,102.08,3546.47,234.32,145.86,135.21,39.41,55.82,98.43,275.59
20261008,11:41:20,49447.21,44278.86,26713.46,17678.77,126.75,1889.65,495.45,482.76,555.51,111.28,166.53,206.24,91.62,151.3,273.46,121.92,193.63,293.98,3142.89,1662.42,470.64,80.29,244.49,1037.69,384.86,237.54,286.41,442.09,209.34,102.08,3546.7,234.32,145.86,135.21,39.41,55.82,98.43,275.59
20261008,11:41:25,49482.13,44315.59,26700.2,17672.55,126.75,1889.65,494.82,482.76,555.51,111.28,166.54,206.27,91.62,151.08,273.46,121.91,193.63,293.88,3146.0,1664.92,470.61,80.29,244.49,1037.59,384.86,237.54,286.27,442.09,209.22,102.08,3544.24,234.32,145.86,135.2,39.41,55.82,98.43,275.59
20261008,11:41:30,49488.61,44319.35,26711.76,17677.31,126.62,1889.65,495.45,482.72,555.61,111.28,166.54,206.28,91.62,151.29,273.46,121.91,193.63,293.87,3146.19,1665.03,470.67,80.31,244.37,1037.7,384.86,237.54,286.27,442.08,209.22,102.08,3546.56,234.32,145.86,135.2,39.41,55.82,98.43,275.58
20261008,11:41:35,49485.01,44316.22,26705.85,17671.77,126.62,1889.65,494.84,482.72,555.61,111.28,166.54,206.27,91.61,151.08,273.46,121.92,193.63,293.88,3146.07,1665.09,470.49,80.29,244.25,1037.57,384.86,237.54,286.28,442.07,209.19,102.08,3546.22,234.32,145.86,135.2,39.41,55.8,98.43,275.5
20261008,11:41:40,49449.23,44280.35,26712.5,17676.03,126.62,1889.65,495.44,482.72,555.61,111.27,166.54,206.28,91.61,151.08,273.46,121.9,193.63,293.86,3143.07,1662.68,470.63,80.31,244.26,1037.7,384.61,237.54,286.28,442.07,209.19,102.08,3547.14,234.25,145.86,135.2,39.41,55.81,98.43,275.5
20261008,11:41:45,49489.6,44319.79,26712.24,17676.11,126.62,1889.65,495.44,482.72,555.61,111.27,166.54,206.28,91.61,151.08,273.58,121.9,193.6,293.86,3146.25,1665.06,470.63,80.31,244.63,1037.67,384.58,237.54,286.24,442.07,209.19,102.08,3547.04,234.25,145.86,135.2,39.41,55.83,98.43,275.5
20261008,11:41:50,49489.32,44319.52,26712.29,17676.16,126.62,1889.54,495.36,482.72,555.61,111.35,166.54,206.27,91.61,151.08,273.58,121.92,193.6,293.86,3146.23,1665.14,470.52,80.29,244.49,1037.64,384.59,237.54,286.24,442.07,209.22,102.08,3547.04,234.25,145.86,135.2,39.41,55.82,98.43,275.55
20261008,11:41:55,49491.36,44321.6,26712.97,17677.26,126.62,1889.54,495.53,482.72,555.61,111.35,166.54,206.27,91.61,151.08,273.58,121.92,193.6,293.86,3146.37,1665.16,470.63,80.27,244.74,1037.6,384.59,237.54,286.24,442.08,209.22,102.08,3546.95,234.25,145.86,135.2,39.41,55.82,98.43,275.5
20261008,11:42:00,49446.96,44280.59,26711.61,17683.24,126.62,1889.54,496.15,482.8,555.61,111.35,166.54,206.27,91.61,151.29,273.58,122.04,193.6,293.86,3142.92,1662.61,470.52,80.31,244.38,1037.64,384.59,237.54,286.24,442.08,209.24,102.08,3544.91,234.25,145.86,135.2,39.41,55.82,98.43,275.5
20261008,11:42:05,49448.41,44280.07,26714.98,17680.63,126.62,1889.54,495.78,482.8,555.62,111.35,166.54,206.28,91.62,151.29,273.58,122.04,193.6,293.86,3142.94,1662.65,470.62,80.31,244.63,1037.18,384.59,237.54,286.27,442.13,209.24,102.08,3546.67,234.25,145.86,135.2,39.41,55.82,98.43,275.5
20261008,11:42:10,49485.32,44315.8,26715.85,17680.87,126.62,1889.54,495.79,482.8,555.62,111.35,166.53,206.27,91.61,152.14,273.58,121.91,193.6,293.86,3145.82,1664.89,470.62,80.29,244.74,1037.44,384.58,237.54,285.97,442.08,209.24,102.08,3546.87,234.25,145.86,135.2,39.41,55.82,98.43,275.5
20261008,11:42:15,49448.32,44279.96,26714.82,17680.39,126.62,1889.54,495.71,482.78,555.62,111.35,166.53,206.27,91.61,152.14,273.58,121.93,193.67,293.86,3142.94,1662.67,470.51,80.32,244.49,1037.32,384.58,237.54,286.28,442.14,209.23,102.08,3546.68,234.25,145.86,135.2,39.41,55.82,98.43,275.5
20261008,11:42:20,49487.28,44318.26,26714.93,17681.66,126.62,1889.54,495.88,482.78,555.61,111.35,166.52,206.24,91.61,152.14,273.58,121.93,193.67,293.86,3145.99,1664.91,470.62,80.3,244.74,1037.38,384.58,237.54,286.3,442.14,209.23,102.08,3546.37,234.25,145.87,135.2,39.41,55.82,98.43,275.5
20261008,11:42:25,49448.78,44279.69,26717.56,17681.13,126.62,1889.54,495.88,482.7,555.47,111.43,166.53,206.26,91.61,151.93,273.58,121.93,193.67,293.86,3142.9,1662.61,470.67,80.3,244.63,1037.16,384.58,237.54,286.3,442.17,209.23,102.08,3547.34,234.25,145.87,135.2,39.41,55.82,98.43,275.47
20261008,11:42:30,49484.4,44316.84,26710.25,17680.94,126.62,1889.54,496.5,482.62,555.39,111.43,166.53,206.27,91.61,152.14,273.58,121.93,193.63,293.86,3145.9,1665.08,470.67,80.3,244.51,1037.16,384.58,237.54,285.98,442.17,209.23,102.08,3545.11,234.24,145.28,135.2,39.41,55.82,98.43,275.52
20261008,11:42:35,49446.5,44279.77,26714.28,17685.06,126.62,1889.54,496.42,482.62,555.39,111.43,166.54,206.27,91.62,151.92,273.58,121.93,193.67,293.86,3142.81,1662.68,470.56,80.3,244.28,1037.13,384.65,237.54,286.29,442.17,209.23,102.08,3545.25,234.24,145.87,135.2,39.41,55.82,98.43,275.53
20261008,11:42:40,49448.56,44282.15,26712.7,17684.49,126.62,1889.54,496.33,482.78,555.39,111.43,166.54,206.27,91.62,151.92,273.46,121.95,193.67,293.86,3143.02,1662.73,470.67,80.3,244.51,1037.15,384.65,237.54,286.3,442.16,209.21,102.08,3544.91,234.22,145.87,135.2,39.41,55.84,98.43,275.53
20261008,11:42:45,49450.19,44283.33,26716.4,17687.38,126.62,1889.54,496.97,482.86,555.37,111.35,166.53,206.24,91.62,151.7,273.46,121.95,193.67,293.86,3143.04,1662.74,470.57,80.33,244.51,1037.24,384.65,237.54,286.3,442.1,209.1,102.08,3545.28,234.22,145.87,135.2,39.41,55.85,98.43,275.53
20261008,11:42:50,49490.29,44322.41,26716.81,17687.89,126.62,1889.54,496.95,483.01,555.4,111.35,166.54,206.26,91.62,151.92,273.46,121.95,193.69,293.86,3146.18,1665.2,470.57,80.33,244.63,1037.4,384.65,237.54,285.99,442.1,209.1,102.05,3545.27,234.22,145.87,135.2,39.41,55.85,98.43,275.53
20261008,11:42:55,49451.98,44283.32,26718.23,17683.64,126.62,1889.54,496.41,483.01,555.4,111.35,166.53,206.25,91.62,151.7,273.46,121.95,193.69,293.86,3143.13,1662.79,470.68,80.39,244.49,1037.45,384.9,237.54,285.99,442.1,209.1,102.05,3546.87,234.22,145.87,135.21,39.41,55.85,98.43,275.53
20261008,11:43:00,49452.68,44284.15,26719.48,17685.56,126.62,1892.38,496.42,482.94,555.37,111.35,166.53,206.25,91.61,151.7,273.46,121.95,193.69,293.86,3143.15,1662.67,470.6,80.39,244.74,1037.36,384.9,237.54,286.26,442.1,209.21,102.05,3546.73,234.22,145.87,135.21,39.41,55.83,98.43,275.53
20261008,11:43:05,49454.75,44286.17,26722.76,17689.34,126.62,1892.38,496.96,482.94,555.3,111.35,166.52,206.25,91.6,151.7,273.46,121.95,193.69,293.86,3143.22,1662.7,470.68,80.4,244.92,1037.18,384.9,237.54,286.26,442.07,209.23,102.05,3546.73,234.22,145.87,135.21,39.41,55.83,98.43,275.58
20261008,11:43:10,49453.54,44284.58,26724.71,17690.22,126.62,1892.38,496.96,482.94,555.3,111.35,166.52,206.25,91.6,151.92,273.46,121.95,193.69,293.86,3143.07,1662.71,470.59,80.37,244.92,1036.95,384.9,237.54,286.26,442.07,209.21,102.05,3547.1,234.22,145.87,135.21,39.41,55.83,98.43,275.83
20261008,11:43:15,49453.64,44285.05,26722.91,17689.38,126.62,1892.38,496.71,482.94,555.6,111.35,166.52,206.25,91.61,151.7,273.46,121.95,193.69,293.86,3143.13,1662.94,470.59,80.37,244.44,1036.8,384.9,237.54,286.26,442.07,209.35,102.05,3546.77,234.22,145.87,135.21,39.41,55.83,98.43,275.48
20261008,11:43:20,49451.16,44283.22,26716.65,17684.14,126.62,1892.38,496.08,482.94,555.52,111.35,166.52,206.24,91.61,151.7,273.46,121.95,193.66,293.86,3143.11,1662.77,470.61,80.37,244.81,1036.87,384.9,237.54,286.3,442.04,209.32,102.05,3546.23,234.22,145.87,135.21,39.41,55.83,98.43,275.48
20261008,11:43:25,49452.39,44285.8,26716.09,17688.12,126.62,1892.38,496.63,482.94,555.52,111.35,166.52,206.25,91.61,151.7,273.46,121.94,193.66,293.86,3143.22,1662.83,470.7,80.36,244.69,1036.99,384.9,237.54,286.3,442.04,209.32,102.05,3544.98,234.22,145.87,135.21,39.41,55.83,98.43,275.48
20261008,11:43:30,49450.92,44284.44,26715.41,17687.59,126.62,1892.38,496.53,483.12,555.45,111.35,166.52,206.27,91.6,151.7,273.46,121.94,193.66,293.86,3143.13,1662.79,470.6,80.38,244.63,1037.0,384.9,237.54,286.3,442.04,209.34,102.05,3544.92,234.22,145.87,135.21,39.41,55.83,98.43,275.48
20261008,11:43:35,49450.74,44284.16,26715.63,17687.49,126.62,1892.38,496.62,483.12,555.45,111.35,166.51,206.24,91.6,151.92,273.46,121.94,193.66,293.62,3143.11,1662.82,470.5,80.39,244.56,1036.98,384.95,237.54,286.3,442.04,209.3,102.05,3545.01,234.22,145.87,135.21,39.41,55.83,98.43,275.48
20261008,11:43:40,49449.52,44283.4,26714.33,17687.44,126.62,1892.38,496.62,483.12,555.44,111.35,166.5,206.21,91.6,151.92,273.46,121.92,193.66,293.62,3143.05,1662.8,470.6,80.36,244.68,1036.86,384.95,237.54,286.25,442.04,209.31,102.05,3544.62,234.22,145.87,135.21,39.45,55.83,98.43,275.48
20261008,11:43:45,49446.97,44283.0,26704.63,17683.27,126.62,1892.48,496.08,483.12,555.44,111.35,166.5,206.18,91.6,151.7,273.46,121.92,193.8,293.62,3143.11,1662.77,470.59,80.36,244.75,1037.04,384.95,237.54,286.25,442.04,209.3,102.05,3542.72,234.23,145.87,135.19,39.45,55.83,98.43,275.5
20261008,11:43:50,49444.16,44280.85,26706.24,17687.09,126.62,1892.48,496.53,483.12,555.44,111.35,166.51,206.23,91.61,151.71,273.46,121.92,193.8,293.61,3142.85,1662.62,470.69,80.39,244.75,1037.1,384.95,237.53,285.94,442.04,209.34,102.05,3542.19,234.23,145.87,135.19,39.45,55.83,98.43,275.5
20261008,11:43:55,49449.61,44280.53,26723.61,17688.23,126.62,1892.48,496.62,483.12,555.44,111.43,166.51,206.23,91.61,151.92,273.46,121.92,193.8,293.61,3142.8,1662.75,470.57,80.38,244.5,1036.95,384.95,237.53,285.94,442.04,209.34,102.05,3547.3,234.23,145.87,135.19,39.45,55.83,98.43,275.5
20261008,11:44:00,49491.61,44321.46,26722.88,17687.39,126.62,1892.48,496.62,483.12,555.45,111.43,166.5,206.19,91.6,151.92,273.46,121.92,193.8,293.61,3146.11,1665.2,470.48,80.39,244.39,1037.07,384.93,237.53,286.25,442.04,209.26,102.05,3547.3,234.23,145.87,135.19,39.45,55.83,98.43,275.5
20261008,11:44:05,49485.8,44320.29,26707.44,17684.67,126.62,1891.06,495.99,483.45,555.75,111.43,166.5,206.19,91.6,151.92,273.46,121.92,193.8,293.61,3146.09,1665.19,470.49,80.4,244.63,1037.17,384.93,237.53,285.94,442.06,209.37,102.05,3543.22,234.23,145.87,135.19,39.45,55.83,98.43,275.5
20261008,11:44:10,49488.98,44321.09,26714.03,17684.54,126.62,1891.06,495.99,483.37,555.75,111.43,166.51,206.24,91.6,151.92,273.46,121.93,193.66,293.61,3146.15,1665.14,470.34,80.38,244.56,1037.2,384.94,237.53,286.35,442.04,209.38,102.05,3545.31,234.23,145.87,135.19,39.44,55.83,98.43,275.49
20261008,11:44:15,49450.88,44281.97,26720.17,17684.92,126.75,1891.06,495.99,483.37,555.75,111.43,166.51,206.24,91.6,151.92,273.46,121.93,193.66,293.61,3142.99,1662.73,470.35,80.35,244.45,1037.2,384.94,237.66,286.4,442.04,209.38,102.05,3547.12,234.23,145.87,135.19,39.44,55.83,98.43,275.49
20261008,11:44:20,49450.47,44282.14,26718.14,17684.5,126.75,1891.06,495.91,483.29,555.75,111.43,166.51,206.22,91.6,151.92,273.46,121.93,193.66,293.6,3143.02,1662.64,470.37,80.38,244.81,1037.18,384.69,237.66,286.4,442.04,209.38,102.05,3546.6,234.23,145.87,135.29,39.44,55.83,98.43,275.49
20261008,11:44:25,49487.58,44318.3,26714.7,17680.55,126.62,1891.06,495.37,483.37,555.89,111.43,166.5,206.17,91.6,151.92,273.46,121.93,193.66,293.6,3146.02,1665.02,470.37,80.36,244.63,1037.18,384.69,237.66,286.4,442.04,209.38,102.05,3546.6,234.23,145.87,135.29,39.44,55.83,98.43,275.49
20261008,11:44:30,49487.54,44318.26,26714.65,17680.48,126.62,1891.04,495.37,483.45,555.89,111.43,166.49,206.19,91.6,151.71,273.46,121.93,193.66,293.6,3146.02,1664.97,470.46,80.36,244.75,1037.17,384.68,237.66,286.4,442.04,209.4,102.05,3546.6,234.23,145.87,135.29,39.44,55.83,98.43,275.49
20261008,11:44:35,49486.05,44316.69,26712.35,17677.42,126.62,1891.04,495.28,483.37,555.89,111.43,166.48,206.15,91.6,151.71,273.46,121.93,193.66,293.58,3145.97,1664.94,470.41,80.36,244.75,1037.18,384.7,237.66,286.4,442.03,209.18,102.05,3546.72,234.23,145.87,135.28,39.44,55.83,98.43,275.47
20261008,11:44:40,49446.38,44277.23,26714.89,17677.67,126.62,1891.04,495.28,483.37,555.88,111.43,166.48,206.14,91.6,151.92,273.46,121.93,193.66,293.57,3142.78,1662.52,470.41,80.35,244.63,1037.17,384.7,237.66,286.4,442.03,209.18,102.05,3547.44,234.23,145.87,135.28,39.44,55.83,98.43,275.47
20261008,11:44:45,49484.93,44314.98,26715.23,17678.69,126.62,1891.04,495.27,483.45,555.88,111.43,166.49,206.19,91.6,151.71,273.46,121.93,193.66,293.59,3145.8,1664.89,470.41,80.29,244.63,1037.17,384.7,237.66,286.39,442.07,209.3,102.05,3547.27,234.23,145.87,135.28,39.44,55.83,98.43,275.45
20261008,11:44:50,49485.24,44315.71,26717.98,17683.27,126.62,1891.04,495.9,483.11,555.96,111.43,166.49,206.18,91.6,151.92,273.46,121.93,193.66,293.59,3145.75,1665.0,470.49,80.27,244.63,1037.18,384.7,237.66,285.98,442.07,209.3,102.05,3546.89,234.23,145.87,135.22,39.44,55.83,98.43,275.45
20261008,11:44:55,49483.14,44314.54,26710.62,17677.74,126.62,1891.04,495.36,483.04,555.88,111.43,166.47,206.12,91.6,151.71,273.46,121.8,193.66,293.59,3145.79,1665.01,470.41,80.27,244.38,1037.17,384.57,237.66,286.29,442.07,209.3,102.05,3546.09,234.23,145.87,135.22,39.44,55.83,98.43,275.46
20261008,11:45:00,49431.48,44270.39,26690.37,17675.15,126.62,1891.04,495.36,482.78,555.88,111.35,166.48,206.13,91.6,151.71,273.34,121.91,193.66,293.59,3142.29,1662.48,470.32,80.24,244.5,1037.05,384.25,237.66,286.08,442.07,209.01,102.05,3540.47,234.23,145.87,135.22,39.44,55.83,98.43,275.48
20261008,11:45:05,49471.64,44309.19,26691.68,17675.55,126.62,1890.94,495.27,482.87,555.88,111.27,166.48,206.14,91.6,151.71,273.34,121.91,193.66,293.62,3145.41,1664.89,470.28,80.24,244.5,1037.11,384.25,237.66,286.03,442.07,209.12,102.05,3540.77,234.23,145.87,135.22,39.44,55.83,98.43,275.48
20261008,11:45:10,49477.3,44312.09,26704.38,17681.4,126.62,1891.17,495.91,482.87,556.18,111.27,166.48,206.14,91.6,151.71,273.34,121.91,193.66,293.62,3145.5,1664.78,470.41,80.24,244.56,1037.09,384.25,237.66,286.34,442.07,209.12,102.05,3543.15,234.22,145.87,135.29,39.44,55.83,98.43,275.47
20261008,11:45:15,49439.8,44277.15,26699.2,17680.82,126.68,1891.17,495.99,482.82,556.18,111.27,166.48,206.16,91.6,151.71,273.34,121.91,193.66,293.61,3142.7,1662.54,470.41,80.25,244.8,1037.03,384.25,237.66,286.39,442.06,209.01,102.05,3541.69,234.22,145.87,135.29,39.44,55.83,98.43,275.4
20261008,11:45:20,49481.63,44313.47,26713.39,17682.27,126.68,1891.17,495.99,482.82,556.18,111.35,166.48,206.16,91.6,151.71,273.34,121.91,193.66,293.61,3145.59,1664.83,470.5,80.25,244.67,1036.88,384.25,237.66,286.39,442.06,209.12,102.05,3545.72,234.22,145.87,135.29,39.44,55.83,98.43,275.45
20261008,11:45:25,49480.55,44318.13,26696.77,17682.25,126.68,1891.17,495.99,482.82,556.18,111.35,166.49,206.16,91.6,151.71,273.34,121.95,193.66,293.61,3145.97,1664.94,470.35,80.25,244.81,1037.41,384.5,237.91,286.39,442.06,209.08,102.05,3540.54,234.22,145.87,135.29,39.44,55.83,98.43,275.45
20261008,11:45:30,49481.24,44315.77,26705.84,17682.58,126.68,1891.17,495.99,482.82,556.18,111.35,166.49,206.16,91.6,151.71,273.34,121.94,193.66,293.62,3145.77,1664.96,470.34,80.24,244.81,1037.39,384.47,237.91,286.02,442.06,209.12,102.05,3543.28,234.22,145.87,135.29,39.44,55.83,98.43,275.45
20261008,11:45:35,49478.47,44312.36,26707.29,17681.83,126.68,1891.17,495.91,482.82,556.18,111.35,166.49,206.17,91.6,151.92,273.34,121.94,193.66,293.62,3145.51,1664.93,470.34,80.24,244.68,1037.11,384.47,237.91,285.94,442.06,209.08,102.05,3543.94,234.22,145.87,135.29,39.44,55.83,98.43,275.4
20261008,11:45:40,49479.11,44313.32,26702.73,17677.74,126.68,1891.17,495.44,482.82,556.26,111.27,166.48,206.13,91.6,151.71,273.34,121.9,193.66,293.59,3145.69,1665.03,470.27,80.22,244.81,1036.83,384.17,237.91,286.25,442.08,209.09,102.05,3543.63,234.22,145.87,135.29,39.44,55.83,98.43,275.37
20261008,11:45:45,49430.24,44268.12,26694.95,17676.89,126.62,1890.94,495.36,482.82,556.03,111.35,166.49,206.15,91.6,151.92,273.34,121.92,193.66,293.62,3142.07,1662.47,470.27,80.23,244.56,1036.75,384.17,237.91,285.93,442.08,209.07,102.05,3541.43,234.22,145.87,135.29,39.44,55.83,98.43,275.42
20261008,11:45:50,49430.72,44270.24,26692.71,17679.84,126.62,1890.94,495.82,482.82,556.03,111.27,166.49,206.15,91.6,151.92,273.34,121.92,193.66,293.62,3142.17,1662.58,470.25,80.23,244.56,1036.73,384.14,237.91,285.89,442.07,209.07,102.05,3539.93,234.22,145.87,135.29,39.44,55.83,98.43,275.37
20261008,11:45:55,49429.97,44269.4,26686.5,17672.31,126.62,1890.94,495.27,482.82,555.95,111.27,166.29,206.15,91.44,151.7,273.34,121.92,193.66,293.62,3142.28,1662.6,470.14,80.22,244.92,1036.74,384.14,237.91,285.89,442.19,208.95,102.05,3540.03,234.22,145.87,135.29,39.44,55.83,98.44,275.37
20261008,11:46:00,49430.96,44268.45,26692.55,17672.86,126.62,1890.94,495.36,482.82,555.88,111.27,166.29,206.15,91.44,151.7,273.34,121.92,193.66,293.62,3142.19,1662.65,470.14,80.23,244.56,1036.68,384.14,237.91,285.89,442.16,208.95,102.05,3541.77,234.22,145.87,135.29,39.44,55.83,98.44,275.45
20261008,11:46:05,49475.19,44311.5,26696.87,17677.69,126.62,1890.94,495.98,482.82,555.88,111.35,166.29,206.14,91.44,151.7,273.34,121.92,193.66,293.6,3145.55,1665.1,470.32,80.21,244.82,1036.65,384.47,237.91,285.89,442.16,208.95,102.05,3541.81,234.22,145.87,135.3,39.44,55.83,98.44,275.5
20261008,11:46:10,49474.91,44310.81,26698.69,17678.37,126.62,1890.94,495.98,482.82,555.88,111.35,166.29,206.14,91.44,151.49,273.34,121.92,193.66,293.57,3145.47,1665.05,470.32,80.2,244.82,1036.66,384.47,237.91,285.9,442.12,209.06,102.05,3542.19,234.22,145.87,135.3,39.44,55.83,98.44,275.5
20261008,11:46:15,49480.41,44312.81,26707.36,17677.1,126.62,1890.94,495.89,483.03,555.88,111.35,166.28,206.11,91.44,151.7,273.34,121.92,193.66,293.57,3145.67,1665.1,470.32,80.21,244.82,1036.99,384.47,237.91,285.86,442.11,208.95,102.05,3545.25,234.22,145.87,135.3,39.44,55.83,98.44,275.53
20261008,11:46:20,49474.91,44308.23,26700.68,17672.0,126.62,1890.94,495.27,482.95,555.74,111.35,166.29,206.15,91.44,151.7,273.34,121.92,193.66,293.57,3145.42,1664.92,470.3,80.2,244.85,1037.03,384.14,237.91,285.86,442.11,208.95,102.05,3544.54,234.22,145.87,135.27,39.44,55.83,98.44,275.53
20261008,11:46:25,49475.63,44308.6,26703.6,17674.26,126.62,1890.94,495.45,482.95,555.81,111.35,166.29,206.17,91.44,151.49,273.34,121.92,193.66,293.57,3145.39,1664.94,470.3,80.2,244.6,1037.12,384.17,237.91,285.86,442.11,209.06,102.05,3544.84,234.22,145.87,135.3,39.4,55.83,98.44,275.51
20261008,11:46:30,49475.98,44308.46,26703.55,17672.59,126.62,1890.94,495.37,482.87,555.81,111.35,166.29,206.17,91.44,151.49,273.34,121.92,193.66,293.57,3145.42,1664.74,470.3,80.21,244.85,1037.11,384.17,237.91,286.22,442.1,208.95,102.05,3545.28,234.22,145.87,135.3,39.4,55.84,98.44,275.51
20261008,11:46:35,49480.99,44312.93,26709.16,17677.67,126.62,1890.94,495.36,483.03,555.81,111.35,166.49,206.18,91.6,151.7,273.34,121.92,193.66,293.57,3145.66,1664.93,470.35,80.21,244.96,1036.94,384.1,237.91,286.22,442.1,209.21,102.05,3545.65,234.22,145.87,135.3,39.4,55.84,98.44,275.51
20261008,11:46:40,49482.29,44313.99,26710.83,17678.91,126.62,1892.36,495.45,483.03,555.81,111.34,166.49,206.18,91.6,151.7,273.34,121.92,193.66,293.59,3145.72,1664.95,470.35,80.24,244.96,1036.95,384.17,237.91,286.22,442.1,209.21,102.05,3545.84,234.22,145.87,135.3,39.4,55.84,98.44,275.51
20261008,11:46:45,49478.52,44311.76,26706.07,17678.25,126.62,1892.36,495.35,483.19,555.81,111.34,166.49,206.17,91.6,151.7,273.34,121.92,193.66,293.59,3145.55,1664.94,470.33,80.24,244.85,1036.73,384.17,237.92,286.21,442.1,209.21,102.05,3544.53,234.22,145.87,135.27,39.4,55.84,98.44,275.52
20261008,11:46:50,49479.65,44314.49,26701.86,17678.88,126.62,1892.36,495.44,483.19,555.81,111.34,166.48,206.15,91.6,151.7,273.34,121.92,193.66,293.59,3145.76,1665.13,470.33,80.25,244.85,1036.61,384.17,237.92,286.21,442.1,209.21,102.05,3543.04,234.22,145.87,135.27,39.4,55.84,98.44,275.52
20261008,11:46:55,49477.76,44312.44,26705.27,17682.09,126.62,1890.94,495.98,483.19,555.81,111.34,166.5,206.18,91.61,151.7,273.34,121.92,193.66,293.59,3145.52,1665.04,470.45,80.25,244.49,1036.9,384.17,237.92,285.89,442.1,209.21,102.05,3543.24,234.22,145.87,135.15,39.4,55.84,98.44,275.52
20261008,11:47:00,49482.97,44314.83,26713.12,17682.13,126.62,1891.04,495.98,483.06,555.8,111.34,166.5,206.18,91.61,151.49,273.34,121.92,193.66,293.62,3145.71,1664.93,470.48,80.24,244.73,1037.0,384.5,237.92,286.2,442.08,209.24,102.05,3545.68,234.22,145.87,135.17,39.4,55.84,98.44,275.56
20261008,11:47:05,49487.17,44318.47,26714.19,17681.86,126.62,1891.04,495.98,483.39,555.8,111.34,166.49,206.2,91.6,151.49,273.34,121.92,193.66,293.62,3146.01,1665.12,470.48,80.25,244.85,1037.07,384.17,237.92,286.2,442.08,209.24,102.05,3546.09,234.22,145.87,135.17,39.4,55.83,98.44,275.43
20261008,11:47:10,49485.77,44317.36,26713.97,17682.44,126.62,1891.27,496.07,483.26,555.8,111.34,166.49,206.17,91.6,151.49,273.34,121.92,193.66,293.63,3145.9,1665.18,470.48,80.27,244.85,1036.96,384.18,237.92,285.94,442.08,209.24,102.05,3545.86,234.22,145.87,135.17,39.4,55.83,98.44,275.43
20261008,11:47:15,49485.02,44318.21,26704.02,17676.27,126.62,1891.27,496.07,483.52,555.8,111.34,166.49,206.17,91.6,151.49,273.34,121.92,193.66,293.63,3146.12,1665.24,470.48,80.27,244.74,1036.99,384.18,237.92,286.25,442.09,209.1,102.05,3544.43,234.22,145.28,135.07,39.4,55.83,98.44,275.43
20261008,11:47:20,49484.22,44317.8,26706.79,17680.71,126.62,1891.27,496.07,483.44,555.72,111.34,166.47,206.13,91.59,151.49,273.34,121.92,193.66,293.63,3145.98,1665.12,470.48,80.25,244.61,1037.15,384.18,237.92,286.25,442.16,209.1,102.05,3544.09,234.22,145.87,135.07,39.4,55.83,98.44,275.43
20261008,11:47:25,49483.24,44317.06,26707.0,17681.7,126.62,1891.27,496.16,483.44,555.8,111.26,166.48,206.14,91.59,151.7,273.6,121.92,193.66,293.65,3145.9,1665.13,470.36,80.26,244.85,1037.21,384.18,238.03,285.94,442.1,209.09,102.05,3543.88,234.22,145.87,135.07,39.4,55.83,98.44,275.43
20261008,11:47:30,49487.97,44321.67,26706.93,17681.62,126.68,1891.27,496.16,483.44,555.81,111.34,166.48,206.17,91.59,151.49,273.6,121.9,193.64,293.65,3146.27,1665.31,470.38,80.26,244.85,1037.22,384.18,238.03,286.19,442.1,208.98,102.05,3543.88,234.22,145.87,135.07,39.4,55.83,98.44,275.73
20261008,11:47:35,49484.89,44318.35,26714.29,17689.0,126.68,1891.27,497.04,483.31,555.81,111.34,166.48,206.17,91.59,151.49,273.6,121.9,193.69,293.65,3145.83,1665.17,470.53,80.26,244.61,1037.05,384.18,238.03,285.88,442.1,209.1,102.05,3544.18,234.15,145.87,135.07,39.36,55.84,98.44,275.73
20261008,11:47:40,49481.3,44315.07,26713.55,17688.89,126.68,1891.27,497.06,483.23,555.88,111.34,166.47,206.15,91.58,151.49,273.6,121.9,193.64,293.65,3145.56,1665.06,470.53,80.26,244.85,1036.13,384.21,238.03,286.2,442.1,209.1,102.05,3543.98,234.15,145.87,135.07,39.36,55.83,98.44,275.73
20261008,11:47:45,49483.6,44316.93,26715.27,17689.6,126.68,1891.27,497.22,483.23,555.88,111.34,166.47,206.15,91.59,151.49,273.6,121.9,193.64,293.64,3145.7,1665.33,470.41,80.23,244.85,1036.19,384.21,238.03,285.88,442.16,209.03,102.08,3544.32,234.15,145.87,135.11,39.36,55.83,98.44,275.73
20261008,11:47:50,49482.03,44315.93,26709.56,17684.81,126.62,1891.25,496.58,483.49,555.88,111.34,166.47,206.15,91.58,151.49,273.6,121.9,193.64,293.64,3145.73,1665.34,470.41,80.27,244.85,1036.19,384.21,238.03,285.89,442.07,209.03,102.08,3543.84,234.15,145.87,135.11,39.36,55.82,98.44,275.72
20261008,11:47:55,49484.86,44316.12,26720.71,17689.05,126.62,1891.25,497.12,483.62,555.88,111.34,166.48,206.18,91.58,151.49,273.6,121.9,193.64,293.65,3145.64,1665.18,470.41,80.27,244.6,1036.66,384.27,238.03,285.89,442.02,209.03,102.08,3546.17,234.15,145.87,135.11,39.36,55.84,98.45,275.72
20261008,11:48:00,49483.23,44314.8,26717.3,17686.01,126.62,1891.25,496.74,483.62,555.81,111.34,166.47,206.15,91.58,151.49,273.6,121.9,193.64,293.66,3145.61,1664.9,470.42,80.28,244.6,1037.39,384.27,238.03,285.89,442.02,209.03,102.08,3545.93,234.15,145.87,135.11,39.36,55.84,98.45,275.72
20261008,11:48:05,49445.48,44278.23,26719.96,17689.79,126.62,1891.25,497.38,483.54,555.84,111.34,166.47,206.16,91.58,151.49,273.6,121.9,193.64,293.66,3142.57,1662.6,470.42,80.31,244.85,1037.0,384.27,238.03,285.89,442.03,208.92,102.08,3545.74,234.22,145.87,135.11,39.36,55.84,98.45,275.72
20261008,11:48:10,49445.13,44278.11,26720.93,17691.64,126.49,1891.25,497.51,483.62,555.76,111.34,166.48,206.15,91.59,151.49,273.6,121.9,193.69,293.66,3142.52,1662.57,470.3,80.31,244.96,1037.02,384.27,238.03,285.88,442.03,209.03,102.08,3545.54,234.22,145.87,135.08,39.36,55.88,98.45,275.72
20261008,11:48:15,49444.49,44277.27,26721.11,17691.14,126.49,1891.25,498.05,483.62,555.76,111.34,166.47,206.12,91.6,151.7,273.6,121.9,193.69,293.66,3142.46,1662.53,470.32,80.28,244.72,1037.25,384.27,238.03,285.88,442.06,209.03,102.08,3545.73,234.22,145.27,135.08,39.36,55.88,98.45,275.77
20261008,11:48:20,49449.35,44281.34,26723.1,17691.18,126.49,1891.25,498.05,483.62,555.83,111.34,166.48,206.14,91.59,151.7,273.6,121.9,193.69,293.66,3142.79,1662.67,470.45,80.31,244.96,1036.79,384.24,238.03,286.19,442.06,209.01,102.08,3546.34,234.22,145.27,135.08,39.36,55.88,98.45,275.77
20261008,11:48:25,49444.79,44276.27,26717.83,17683.03,126.49,1891.25,496.89,483.55,555.82,111.34,166.48,206.15,91.59,151.7,273.6,121.89,193.72,293.67,3142.58,1662.49,470.41,80.28,244.96,1036.95,384.27,238.03,286.19,442.06,209.06,102.08,3546.91,234.22,145.27,135.08,39.36,55.86,98.45,275.77
20261008,11:48:30,49447.04,44278.44,26720.07,17685.54,126.49,1891.21,497.42,483.7,555.82,111.34,166.48,206.15,91.59,151.7,273.6,121.89,193.69,293.66,3142.69,1662.62,470.42,80.28,244.96,1036.8,384.27,238.03,286.19,442.07,208.91,102.08,3546.92,234.22,145.27,135.08,39.36,55.86,98.45,275.77
20261008,11:48:35,49447.56,44280.21,26717.82,17687.19,126.62,1891.21,497.42,483.7,555.82,111.34,166.48,206.16,91.59,151.91,273.6,121.89,193.64,293.61,3142.8,1662.71,470.3,80.28,244.96,1036.87,384.27,238.03,286.19,442.07,209.02,102.08,3545.78,234.22,145.27,135.08,39.36,55.88,98.45,275.77
20261008,11:48:40,49484.8,44315.5,26721.05,17687.55,126.62,1891.21,497.33,483.69,555.83,111.34,166.48,206.15,91.59,151.91,273.6,121.89,193.64,293.61,3145.63,1665.06,470.45,80.28,244.73,1036.85,384.27,238.03,285.88,442.07,209.13,102.08,3546.69,234.22,145.27,135.1,39.36,55.86,98.45,275.77
20261008,11:48:45,49482.51,44314.34,26716.2,17685.55,126.62,1891.21,497.34,483.69,555.22,111.34,166.47,206.13,91.59,151.91,273.6,121.89,193.64,293.61,3145.58,1665.01,470.45,80.28,244.73,1036.87,384.27,238.03,285.88,442.07,209.13,102.08,3545.71,234.22,145.27,135.1,39.36,55.86,98.45,275.76
20261008,11:48:50,49486.54,44317.68,26717.98,17685.64,126.62,1891.21,497.33,483.69,555.22,111.34,166.47,206.15,91.59,151.91,273.78,121.89,193.64,293.64,3145.85,1665.1,470.6,80.3,244.86,1036.87,384.27,238.03,285.92,442.06,209.15,102.08,3546.25,234.22,145.27,135.1,39.36,55.85,98.45,275.76
20261008,11:48:55,49486.75,44319.85,26711.4,17684.66,126.62,1891.21,497.33,483.43,555.22,111.34,166.49,206.21,91.59,151.91,273.78,121.89,193.64,293.64,3146.05,1665.29,470.6,80.3,244.72,1036.91,384.21,238.03,285.92,442.07,209.14,102.05,3544.46,234.22,145.27,135.1,39.36,55.86,98.45,275.46
20261008,11:49:00,49486.41,44319.75,26707.2,17680.59,126.49,1891.21,496.79,483.43,555.21,111.34,166.48,206.19,91.59,151.92,273.78,121.93,193.64,293.63,3146.14,1665.18,470.64,80.3,244.72,1036.96,384.62,238.03,286.23,442.1,209.14,102.05,3544.25,234.22,145.26,135.1,39.36,55.86,98.45,275.46
20261008,11:49:05,49485.04,44318.42,26707.22,17680.61,126.49,1891.21,496.79,483.43,555.21,111.34,166.48,206.19,91.59,151.71,273.64,121.93,193.64,293.64,3146.03,1665.09,470.53,80.3,244.96,1036.86,384.62,238.03,286.23,442.12,209.18,102.05,3544.25,234.22,145.26,135.1,39.36,55.86,98.45,275.45
20261008,11:49:10,49490.48,44321.13,26715.27,17681.23,126.49,1891.21,496.79,483.46,555.21,111.34,166.47,206.15,91.59,151.92,273.64,121.93,193.64,293.64,3146.24,1665.21,470.65,80.3,244.85,1036.96,384.68,238.03,286.23,442.14,209.22,102.05,3546.59,234.22,145.26,135.1,39.36,55.86,98.45,275.45
20261008,11:49:15,49492.81,44323.26,26718.01,17683.89,126.49,1891.21,497.33,483.38,555.21,111.34,166.48,206.18,91.59,151.92,273.64,121.93,193.64,293.64,3146.34,1665.25,470.85,80.27,244.6,1037.13,384.7,238.03,286.23,442.16,209.07,102.05,3546.73,234.26,145.26,135.1,39.36,55.86,98.45,275.45
20261008,11:49:20,49487.14,44318.01,26716.99,17683.64,126.49,1891.21,497.25,483.38,555.21,111.34,166.49,206.21,91.59,151.92,273.64,121.91,193.64,293.64,3145.93,1664.93,470.82,80.29,244.6,1037.14,384.68,238.03,286.23,442.16,209.07,102.05,3546.48,234.26,145.26,135.1,39.36,55.86,98.54,275.53
20261008,11:49:25,49486.06,44316.99,26713.25,17679.47,126.49,1891.21,496.7,483.38,555.1,111.34,166.5,206.25,91.59,151.92,273.64,121.91,193.64,293.64,3145.95,1665.17,470.65,80.27,244.6,1037.05,384.68,238.03,285.92,442.22,209.07,102.05,3546.44,234.26,145.26,135.1,39.36,55.86,98.54,275.53
20261008,11:49:30,49447.48,44281.97,26708.87,17683.02,126.49,1891.21,497.24,483.12,555.18,111.34,166.48,206.19,91.59,151.92,273.64,121.91,193.64,293.63,3143.04,1662.77,470.58,80.27,244.85,1037.0,384.68,238.03,286.23,442.22,209.05,102.05,3544.11,234.2,145.27,135.1,39.36,55.87,98.54,275.54
20261008,11:49:35,49486.64,44319.59,26710.59,17683.22,126.49,1891.21,497.24,483.1,555.18,111.34,166.48,206.18,91.59,151.93,273.64,121.91,193.64,293.63,3146.06,1665.18,470.57,80.27,244.49,1037.09,384.68,238.03,286.22,442.22,209.06,102.05,3544.59,234.2,145.27,135.1,39.36,55.87,98.54,275.59
20261008,11:49:40,49483.73,44316.86,26711.42,17684.48,126.49,1891.21,497.41,483.35,555.18,111.34,166.48,206.19,91.59,151.93,273.64,121.91,193.64,293.62,3145.81,1665.02,470.58,80.23,244.49,1037.06,384.68,238.03,286.22,442.22,209.05,102.05,3544.51,234.2,145.27,135.1,39.36,55.87,98.54,275.54
20261008,11:49:45,49485.17,44318.25,26713.03,17686.34,126.62,1891.21,497.41,483.38,555.18,111.34,166.49,206.21,91.59,151.93,273.64,121.9,193.64,293.62,3145.88,1665.02,470.59,80.25,244.6,1037.06,384.68,238.03,286.22,442.24,209.2,102.04,3544.51,234.2,145.27,135.1,39.36,55.87,98.54,275.54
20261008,11:49:50,49482.43,44316.14,26705.57,17679.61,126.49,1891.21,497.32,483.38,555.24,111.42,166.47,206.15,91.59,151.93,273.64,121.9,193.64,293.62,3145.87,1665.03,470.47,80.24,244.72,1037.06,384.68,238.03,286.22,442.14,209.08,102.04,3544.01,234.2,144.69,135.1,39.36,55.87,98.54,275.54
20261008,11:49:55,49484.82,44320.63,26700.84,17681.4,126.49,1891.21,496.7,483.38,555.39,111.34,166.47,206.13,91.59,151.93,273.46,121.9,193.64,293.62,3146.19,1665.19,470.47,80.26,244.97,1037.08,384.68,238.03,286.22,442.14,209.23,102.04,3542.04,234.2,145.28,135.1,39.36,55.87,98.54,275.54
20261008,11:50:00,49488.09,44321.36,26711.35,17685.26,126.49,1891.21,497.24,483.38,555.39,111.34,166.47,206.15,91.59,151.93,273.46,121.89,193.64,293.63,3146.16,1665.18,470.56,80.22,244.95,1037.0,384.68,238.03,286.22,442.13,209.23,102.04,3544.28,234.2,145.28,135.1,39.36,55.87,98.54,275.52
20261008,11:50:05,49483.28,44316.12,26710.64,17682.61,126.49,1891.27,496.79,483.38,555.39,111.34,166.48,206.18,91.59,151.93,273.46,121.92,193.64,293.63,3145.8,1665.19,470.46,80.26,244.59,1036.88,384.68,238.03,285.91,442.18,209.23,102.04,3544.78,234.2,145.28,135.1,39.36,55.87,98.54,275.59
20261008,11:50:10,49489.01,44319.86,26718.6,17685.6,126.49,1891.27,497.32,483.39,555.39,111.35,166.5,206.15,91.61,151.93,273.46,121.92,193.64,293.61,3146.03,1665.13,470.57,80.26,244.84,1036.9,384.68,238.03,286.22,442.17,209.12,102.04,3546.45,234.2,145.28,135.1,39.36,55.87,98.54,275.59
20261008,11:50:15,49483.81,44317.14,26708.15,17681.41,126.49,1891.27,496.79,483.39,555.39,111.35,166.5,206.13,91.61,151.93,273.46,121.92,193.64,293.6,3145.91,1665.18,470.63,80.26,244.7,1036.9,384.68,238.03,285.91,442.24,209.12,102.04,3544.32,234.2,145.26,135.1,39.36,55.87,98.54,275.54
20261008,11:50:20,49487.75,44318.67,26715.15,17681.75,126.62,1891.27,496.7,483.39,555.38,111.35,166.52,206.21,91.61,151.93,273.46,121.92,193.64,293.6,3146.03,1665.16,470.73,80.25,244.95,1036.92,384.68,238.03,285.91,442.27,209.13,102.04,3546.42,234.2,145.26,135.1,39.36,55.89,98.54,275.59
20261008,11:50:25,49488.24,44319.53,26714.91,17682.73,126.62,1891.27,496.7,483.39,555.38,111.35,166.52,206.21,91.61,151.93,273.46,121.92,193.64,293.6,3146.07,1665.19,470.63,80.26,244.72,1036.9,384.7,238.03,286.17,442.21,209.24,102.04,3546.08,234.2,145.26,135.1,39.36,55.89,98.54,275.59
20261008,11:50:30,49442.74,44277.36,26710.86,17685.36,126.62,1891.04,497.16,483.39,555.38,111.35,166.5,206.16,91.61,151.93,273.46,121.9,193.64,293.6,3142.61,1662.65,470.63,80.26,244.72,1036.9,384.7,238.03,285.86,442.21,209.21,102.04,3544.1,234.2,145.26,135.09,39.36,55.89,98.54,275.6
20261008,11:50:35,49443.7,44278.3,26706.99,17680.9,126.62,1891.04,496.61,483.39,555.38,111.35,166.49,206.13,91.61,151.71,273.46,121.9,193.64,293.59,3142.79,1662.72,470.63,80.25,244.58,1036.86,384.7,238.03,286.18,442.21,209.21,102.04,3544.1,234.2,145.26,135.09,39.36,55.88,98.54,275.6
20261008,11:50:40,49445.02,44279.43,26707.08,17680.5,126.62,1891.04,496.69,483.4,555.38,111.35,166.5,206.13,91.61,151.92,273.46,121.9,193.64,293.59,3142.89,1662.75,470.63,80.26,244.72,1036.85,384.7,238.03,286.18,442.21,209.09,102.04,3544.24,234.2,145.26,135.09,39.36,55.86,98.54,275.6
20261008,11:50:45,49446.04,44280.79,26710.19,17685.29,126.62,1891.41,497.24,483.4,555.38,111.35,166.5,206.15,91.61,151.92,273.34,121.9,193.64,293.59,3142.89,1662.8,470.52,80.26,244.47,1036.96,384.7,238.03,286.23,442.21,209.17,102.04,3543.91,234.2,145.26,135.09,39.36,55.86,98.54,275.58
20261008,11:50:50,49441.75,44276.43,26706.02,17679.89,126.62,1891.41,496.6,483.47,555.37,111.35,166.51,206.17,91.61,151.71,273.34,121.78,193.64,293.6,3142.67,1662.75,470.5,80.23,244.57,1036.99,384.7,238.03,285.91,442.21,209.18,102.04,3544.07,234.2,145.26,135.09,39.36,55.86,98.54,275.59
20261008,11:50:55,49447.55,44281.54,26707.91,17680.25,126.62,1891.41,496.69,483.47,555.37,111.35,166.5,206.13,91.61,151.93,273.34,121.89,193.64,293.6,3143.07,1662.86,470.5,80.23,244.82,1036.97,384.7,238.03,286.23,442.19,209.05,102.04,3544.56,234.2,145.26,135.09,39.36,55.88,98.54,275.54
20261008,11:51:00,49444.87,44278.93,26707.21,17679.44,126.62,1891.41,496.6,483.45,555.37,111.35,166.51,206.17,91.61,151.71,273.46,121.89,193.64,293.6,3142.88,1662.76,470.37,80.24,244.82,1036.96,384.7,238.03,286.23,442.2,209.05,102.01,3544.56,234.2,145.26,135.09,39.36,55.88,98.54,275.54
20261008,11:51:05,49447.24,44278.73,26706.54,17670.27,126.62,1891.41,496.68,483.45,555.37,111.35,166.5,206.15,91.61,151.5,273.46,121.89,193.64,293.64,3143.08,1662.86,470.57,80.26,244.82,1036.93,384.7,238.05,286.18,442.2,209.05,102.01,3546.84,234.2,144.07,135.09,39.36,55.88,98.54,275.54
20261008,11:51:10,49486.12,44316.99,26713.25,17679.25,126.49,1891.41,497.31,483.45,555.37,111.35,166.5,206.12,91.62,151.5,273.46,121.89,193.64,293.64,3145.95,1665.27,470.49,80.24,244.68,1036.97,384.7,238.05,285.87,442.2,209.05,102.01,3546.5,234.2,144.67,135.09,39.36,55.89,98.54,275.54
20261008,11:51:15,49447.24,44279.62,26707.46,17674.32,126.62,1891.41,497.23,483.45,555.37,111.35,166.5,206.09,91.62,151.5,273.46,121.89,193.64,293.62,3143.06,1662.87,470.43,80.24,244.8,1036.95,385.01,238.05,286.22,442.21,209.07,102.03,3546.03,234.2,144.07,135.06,39.36,55.89,98.54,275.54
20261008,11:51:20,49484.44,44316.25,26701.35,17668.55,126.49,1891.41,497.14,483.47,555.37,111.35,166.5,206.09,91.62,151.5,273.46,121.89,193.64,293.61,3146.15,1665.32,470.46,80.26,244.91,1036.95,385.01,238.05,285.91,442.21,209.07,102.03,3545.69,234.2,143.48,135.06,39.36,55.89,98.54,275.54
20261008,11:51:25,49484.1,44315.08,26703.38,17668.07,126.49,1889.99,496.6,483.47,555.4,111.35,166.5,206.11,91.62,151.5,273.46,121.76,193.64,293.62,3146.07,1665.18,470.39,80.26,244.8,1037.05,384.66,238.05,286.21,442.2,209.07,102.02,3546.45,234.2,144.07,135.04,39.36,55.89,98.54,275.57
20261008,11:51:30,49485.62,44315.92,26705.61,17668.51,126.49,1889.99,496.69,483.39,555.4,111.34,166.5,206.11,91.62,151.5,273.46,121.76,193.64,293.59,3146.12,1665.31,470.39,80.24,244.55,1037.06,384.66,238.05,286.2,442.21,209.07,102.02,3547.03,234.22,144.07,135.04,39.36,55.88,98.54,275.57
20261008,11:51:35,49480.44,44312.91,26696.47,17664.8,126.49,1889.99,496.23,483.37,555.4,111.26,166.51,206.14,91.62,151.29,273.46,121.76,193.64,293.61,3145.97,1665.31,470.35,80.24,244.55,1037.12,384.69,238.05,285.9,442.27,209.05,102.02,3545.18,234.22,144.07,135.06,39.36,55.88,98.54,275.57
20261008,11:51:40,49435.29,44273.51,26683.25,17664.96,126.49,1889.99,496.15,483.38,555.34,111.34,166.49,206.08,91.62,151.29,273.46,122.0,193.68,293.37,3142.79,1662.77,470.34,80.24,244.55,1036.94,384.69,238.05,286.27,442.27,209.05,102.02,3541.01,234.22,144.07,135.06,39.36,55.86,98.54,275.57
20261008,11:51:45,49426.54,44265.42,26680.26,17663.0,126.62,1889.99,496.06,483.38,555.34,111.27,166.49,206.09,91.62,151.29,273.46,121.99,193.68,293.4,3142.19,1662.63,470.22,80.22,244.8,1036.36,384.26,238.05,285.94,442.24,208.91,102.02,3540.61,234.22,144.07,135.06,39.36,55.86,98.54,275.56
20261008,11:51:50,49428.21,44264.21,26690.67,17665.48,126.49,1889.99,496.14,483.35,555.34,111.25,166.5,206.13,91.62,151.29,273.46,121.99,193.68,293.62,3142.03,1662.64,470.19,80.26,244.49,1036.19,384.28,238.05,285.93,442.24,209.09,102.02,3543.18,234.22,144.07,135.06,39.36,55.86,98.53,275.56
20261008,11:51:55,49431.91,44267.75,26690.61,17665.19,126.49,1889.99,496.22,483.35,555.34,111.25,166.5,206.13,91.62,151.29,273.46,121.99,193.68,293.62,3142.32,1662.72,470.19,80.28,244.49,1036.2,384.28,238.05,286.24,442.26,208.99,102.02,3543.25,234.22,144.07,135.06,39.36,55.86,98.53,275.56
20261008,11:52:00,49423.38,44262.55,26676.31,17659.17,126.62,1889.99,496.07,483.36,555.34,111.25,166.51,206.13,91.62,151.5,273.46,121.87,193.68,293.62,3142.05,1662.61,470.27,80.24,244.74,1036.15,384.19,238.19,285.89,442.26,208.98,102.02,3540.41,234.22,143.48,135.07,39.36,55.86,98.53,275.56
20261008,11:52:05,49414.41,44254.3,26676.42,17660.91,126.62,1889.88,496.06,483.23,554.86,111.09,166.5,206.11,91.62,151.29,273.46,121.75,193.7,293.61,3141.34,1662.35,470.15,80.23,244.62,1035.53,384.23,238.19,285.88,442.26,209.03,102.02,3539.97,234.22,144.07,135.03,39.36,55.86,98.53,275.56
20261008,11:52:10,49410.69,44250.07,26678.38,17661.14,126.62,1889.88,496.06,483.23,554.76,111.09,166.5,206.09,91.62,151.5,273.46,121.75,193.73,293.61,3140.99,1662.24,470.19,80.15,244.37,1035.38,384.22,238.19,285.88,442.26,209.06,102.02,3540.52,234.22,144.07,135.03,39.36,55.86,98.53,275.56
20261008,11:52:15,49412.6,44251.76,26679.98,17662.4,126.62,1889.88,496.15,483.15,554.76,111.25,166.5,206.07,91.62,151.5,273.46,121.87,193.73,293.6,3141.1,1662.29,470.3,80.13,244.44,1035.33,384.05,238.19,285.88,442.28,209.02,102.02,3540.68,234.22,144.07,135.03,39.36,55.86,98.54,275.51
20261008,11:52:20,49417.22,44255.15,26682.08,17661.12,126.62,1891.36,496.06,483.14,554.44,111.25,166.49,206.04,91.62,151.5,273.46,121.87,193.73,293.6,3141.4,1662.41,470.1,80.15,244.55,1035.37,384.05,238.19,286.17,442.28,209.02,102.02,3541.69,234.18,144.07,135.03,39.36,55.86,98.54,275.51
20261008,11:52:25,49447.17,44286.74,26675.63,17661.77,126.62,1891.36,496.23,483.14,554.3,111.17,166.48,206.02,91.62,151.5,273.46,121.89,193.73,293.6,3143.93,1664.8,470.11,80.11,244.54,1034.54,384.05,238.19,285.86,442.28,209.02,102.05,3539.5,234.18,144.07,135.03,39.36,55.86,98.54,275.51
20261008,11:52:30,49402.17,44242.7,26675.43,17660.87,126.62,1891.36,496.15,483.14,554.3,111.15,166.48,206.01,91.62,151.5,273.46,121.9,193.73,293.6,3140.41,1662.19,469.93,80.11,244.29,1034.61,384.0,238.19,285.87,442.28,209.02,102.05,3539.68,234.18,144.07,135.01,39.36,55.86,98.54,275.43
20261008,11:52:35,49407.62,44244.03,26686.53,17660.31,126.62,1891.36,496.06,483.17,554.3,111.15,166.48,206.0,91.62,151.5,273.46,121.9,193.73,293.6,3140.53,1662.19,470.13,80.09,244.61,1034.43,384.0,238.19,285.86,442.28,209.04,102.05,3543.29,234.18,144.07,135.01,39.36,55.86,98.54,275.4
20261008,11:52:40,49408.74,44245.12,26686.4,17660.15,126.5,1891.36,496.06,483.17,554.3,111.15,166.48,206.01,91.62,151.5,273.46,121.9,193.73,293.6,3140.62,1662.35,470.05,80.09,244.61,1034.25,384.0,238.19,285.86,442.28,209.04,102.05,3543.29,234.18,144.07,135.04,39.36,55.88,98.54,275.39
20261008,11:52:45,49406.18,44242.57,26681.89,17654.81,126.5,1891.36,495.97,483.17,554.3,111.15,166.49,206.06,91.62,151.5,273.46,121.89,193.7,293.6,3140.54,1662.29,470.04,80.11,244.61,1034.22,384.0,238.19,285.86,442.28,209.04,102.05,3543.34,234.18,143.48,135.04,39.36,55.88,98.54,275.39
20261008,11:52:50,49406.79,44242.58,26681.72,17652.65,126.5,1891.36,495.79,482.91,554.3,111.07,166.47,205.99,91.62,151.29,273.46,121.92,193.77,293.6,3140.59,1662.44,470.03,80.08,244.36,1034.19,384.0,238.19,285.86,442.27,209.04,102.07,3543.87,234.18,143.48,135.04,39.36,55.88,98.54,275.34
20261008,11:52:55,49453.09,44287.53,26686.72,17657.84,126.5,1891.36,495.79,482.99,554.38,111.07,166.47,205.99,91.62,151.29,273.46,121.93,193.77,293.6,3144.09,1664.95,470.14,80.05,244.47,1034.19,383.99,238.19,286.17,442.27,209.05,102.07,3544.03,234.18,144.07,135.01,39.36,55.88,98.54,275.34
20261008,11:53:00,49450.0,44286.29,26681.37,17657.62,126.5,1891.36,495.88,482.99,554.41,111.07,166.47,205.99,91.62,151.29,273.46,121.9,193.77,293.59,3144.0,1665.01,470.14,80.02,244.47,1034.19,383.99,238.19,285.9,442.27,208.97,102.07,3542.41,234.18,144.07,135.01,39.36,55.88,98.54,275.34
20261008,11:53:05,49413.64,44249.09,26687.06,17658.23,126.5,1891.36,495.71,483.25,554.41,111.15,166.48,206.03,91.62,151.29,273.46,121.9,193.77,293.58,3140.98,1662.64,470.18,80.01,244.6,1034.2,383.96,238.19,285.9,442.32,209.08,102.07,3544.03,234.18,144.07,135.04,39.36,55.88,98.54,275.35
20261008,11:53:10,49451.93,44285.98,26688.87,17658.92,126.5,1891.36,495.79,483.25,554.39,111.15,166.47,205.99,91.62,151.29,273.46,121.89,193.77,293.78,3143.94,1665.0,470.17,80.01,244.24,1034.31,384.22,238.18,285.86,442.32,209.07,102.07,3544.4,234.11,144.07,135.07,39.36,55.88,98.54,275.35
20261008,11:53:15,49412.6,44248.0,26690.06,17661.44,126.5,1889.84,496.25,483.17,554.39,111.14,166.47,205.99,91.62,151.29,273.46,121.9,193.77,293.78,3140.82,1662.6,470.15,80.01,244.21,1034.32,384.24,238.18,285.86,442.32,209.04,102.07,3544.09,234.11,144.07,135.04,39.4,55.88,98.54,275.35
20261008,11:53:20,49418.72,44253.7,26690.69,17661.27,126.5,1889.84,496.26,483.16,554.32,111.14,166.47,205.98,91.62,151.29,273.46,121.9,193.75,293.78,3141.28,1662.58,469.95,80.01,244.46,1035.07,384.22,238.18,286.17,442.35,209.04,102.07,3544.33,234.11,144.07,135.04,39.4,55.88,98.54,275.36
20261008,11:53:25,49411.73,44249.24,26680.26,17657.11,126.5,1889.84,495.72,483.15,554.32,111.14,166.46,205.99,91.61,151.29,273.46,121.9,193.71,293.78,3141.02,1662.42,470.08,80.01,244.69,1035.05,384.22,238.18,285.82,442.36,209.03,102.08,3542.2,234.11,144.07,135.04,39.4,55.88,98.54,275.36
20261008,11:53:30,49408.77,44246.94,26682.61,17661.78,126.63,1889.84,495.72,483.15,554.31,111.14,166.47,205.97,91.62,151.29,273.46,121.78,193.71,293.79,3140.73,1662.21,469.98,80.03,244.27,1035.05,384.19,238.18,286.13,442.36,209.05,102.08,3541.67,234.11,144.67,135.04,39.4,55.88,98.54,275.36
20261008,11:53:35,49413.16,44248.44,26690.59,17661.67,126.64,1889.84,495.71,483.15,554.31,111.22,166.47,205.98,91.62,151.29,273.46,121.79,193.67,293.79,3140.85,1662.39,470.0,80.03,244.51,1034.94,384.19,238.18,285.83,442.3,209.03,102.08,3544.19,234.11,144.67,135.04,39.4,55.87,98.54,275.36
20261008,11:53:40,49410.34,44245.69,26694.4,17666.06,126.51,1889.84,496.34,483.15,554.3,111.22,166.46,205.97,91.62,151.29,273.46,121.79,193.67,293.79,3140.52,1662.57,469.99,80.0,244.4,1033.7,384.21,238.18,285.87,442.3,209.05,102.08,3544.19,234.11,144.67,135.07,39.4,55.87,98.54,275.36
20261008,11:53:45,49411.13,44246.46,26689.92,17660.9,126.51,1889.84,495.8,483.4,554.29,111.22,166.46,205.95,91.62,151.29,273.46,121.79,193.67,293.8,3140.71,1662.64,470.11,80.0,244.57,1033.67,384.21,238.18,285.87,442.3,208.9,102.08,3544.19,234.11,144.67,135.09,39.4,55.87,98.54,275.36
20261008,11:53:50,49449.93,44286.45,26688.07,17666.11,126.51,1889.84,496.35,483.33,554.36,111.22,166.45,205.93,91.62,151.29,273.46,121.79,193.69,293.8,3143.81,1665.04,470.11,80.0,244.32,1033.54,384.21,238.18,286.13,442.3,209.01,102.08,3542.2,234.11,144.67,135.09,39.4,55.87,98.54,275.36
20261008,11:53:55,49448.94,44285.28,26688.96,17666.42,126.51,1889.96,496.34,483.4,554.4,111.23,166.45,205.93,91.62,151.29,273.46,121.79,193.69,293.8,3143.7,1665.0,470.1,80.0,244.68,1033.49,384.23,238.18,285.82,442.3,209.03,102.08,3542.39,234.11,144.67,135.09,39.4,55.87,98.54,275.34
20261008,11:54:00,49408.21,44243.62,26694.02,17665.64,126.64,1889.96,496.33,483.33,554.4,111.15,166.44,205.88,91.62,151.29,273.46,121.79,193.69,293.8,3140.37,1662.36,470.11,79.98,244.55,1033.44,384.23,238.18,286.13,442.3,208.96,102.08,3544.19,234.11,144.67,135.09,39.4,55.87,98.54,275.33
20261008,11:54:05,49404.1,44239.39,26691.62,17662.11,126.51,1889.96,495.88,483.33,554.4,111.15,166.46,205.88,91.63,151.29,273.46,121.79,193.69,293.8,3140.11,1662.25,470.18,80.0,244.19,1033.37,384.3,238.18,286.14,442.31,208.96,102.08,3544.39,234.11,144.67,135.09,39.4,55.87,98.54,275.33
20261008,11:54:10,49406.97,44242.25,26691.46,17662.14,126.64,1889.96,495.79,483.33,554.47,111.15,166.46,205.91,91.63,151.29,273.46,121.79,193.69,293.8,3140.34,1662.43,470.12,80.01,244.31,1033.73,384.3,238.18,285.81,442.31,208.96,102.08,3544.34,234.11,144.67,135.09,39.4,55.87,98.54,275.34
20261008,11:54:15,49401.18,44236.87,26691.82,17663.44,126.64,1889.96,495.88,483.18,554.41,111.15,166.45,205.87,91.63,151.29,273.46,121.91,193.69,293.8,3139.87,1662.28,470.12,79.98,244.17,1033.26,384.3,238.18,285.81,442.31,209.01,102.08,3544.1,234.11,144.67,135.09,39.4,55.85,98.54,275.34
20261008,11:54:20,49407.28,44244.42,26689.88,17666.61,126.64,1889.9,496.42,483.18,554.41,111.15,166.44,205.84,91.63,151.08,273.34,121.91,193.69,293.83,3140.41,1662.44,470.09,79.98,244.28,1033.95,384.3,238.18,285.81,442.28,208.97,102.08,3542.63,234.11,144.67,135.09,39.4,55.85,98.54,275.34
20261008,11:54:25,49406.11,44243.29,26689.51,17666.18,126.51,1889.9,496.24,483.18,554.54,111.15,166.45,205.87,91.63,151.08,273.34,121.91,193.72,293.84,3140.33,1662.24,470.11,80.0,244.64,1033.96,384.54,238.18,285.81,442.32,209.0,102.08,3542.63,234.18,144.67,135.09,39.4,55.87,98.54,275.34
20261008,11:54:30,49402.85,44239.31,26691.99,17666.34,126.51,1889.9,496.24,483.11,554.54,111.15,166.45,205.86,91.63,151.08,273.34,121.93,193.75,293.83,3140.0,1662.26,470.22,79.96,244.4,1033.24,384.54,238.18,285.85,442.32,209.0,102.08,3543.36,234.18,144.67,135.09,39.4,55.87,98.54,275.39
20261008,11:54:35,49411.61,44247.91,26690.33,17664.67,126.51,1889.8,496.08,483.11,554.54,111.15,166.45,205.86,91.63,151.08,273.34,121.93,193.75,293.83,3140.73,1662.47,470.22,79.94,244.65,1034.16,384.54,238.18,285.85,442.3,208.98,102.08,3543.3,234.18,144.67,135.09,39.4,55.87,98.54,275.34
20261008,11:54:40,49450.34,44286.02,26688.79,17664.15,126.51,1889.8,496.0,483.11,554.5,111.23,166.45,205.86,91.63,151.08,273.34,121.93,193.7,293.83,3143.82,1664.55,470.28,79.95,244.67,1034.57,384.54,238.18,286.16,442.36,208.98,102.08,3542.96,234.18,144.67,135.06,39.4,55.87,98.54,275.34
20261008,11:54:45,49447.09,44283.14,26685.23,17660.97,126.64,1889.8,495.54,483.11,554.57,111.23,166.46,205.88,91.63,151.08,273.34,121.93,193.7,293.83,3143.66,1664.61,470.26,79.94,244.56,1034.54,384.55,238.17,285.85,442.36,208.98,102.08,3542.71,233.86,144.67,135.06,39.4,55.85,98.53,275.39
20261008,11:54:50,49448.86,44284.86,26688.3,17664.51,126.7,1889.8,496.17,483.18,554.5,111.23,166.25,205.85,91.47,151.08,273.34,121.89,193.72,293.82,3143.72,1664.71,470.39,79.97,244.19,1034.58,384.55,238.17,285.79,442.37,209.13,102.08,3542.71,233.86,144.67,135.06,39.4,55.85,98.53,275.39
20261008,11:54:55,49411.58,44248.53,26683.42,17658.89,126.7,1889.8,495.54,483.1,554.5,111.23,166.26,205.9,91.47,151.07,273.34,121.89,193.7,293.82,3140.92,1662.32,470.39,79.97,244.56,1034.57,384.55,238.17,286.1,442.25,208.98,102.08,3542.71,234.18,144.68,135.06,39.4,55.85,98.53,275.38
20261008,11:55:00,49412.03,44246.97,26689.16,17658.81,126.7,1889.8,495.54,483.18,554.5,111.15,166.26,205.86,91.47,151.07,273.34,121.89,193.7,293.82,3140.8,1662.2,470.39,80.0,244.67,1034.57,384.55,238.17,286.06,442.25,208.99,102.08,3544.52,234.18,144.68,135.06,39.4,55.85,98.53,275.38
20261008,11:55:05,49451.76,44285.69,26690.98,17660.91,126.83,1889.8,495.54,483.26,554.57,111.15,166.26,205.86,91.47,151.06,273.34,121.89,193.7,293.82,3143.87,1664.98,470.27,79.98,244.67,1033.79,384.87,238.17,285.75,442.3,209.14,102.08,3544.52,234.18,144.68,135.07,39.4,55.85,98.53,275.37
20261008,11:55:10,49454.93,44288.54,26692.06,17661.37,126.83,1892.64,495.54,483.18,554.57,111.15,166.25,205.88,91.46,151.07,273.34,121.91,193.7,293.82,3144.09,1664.94,470.17,79.98,244.67,1034.57,384.87,238.17,285.74,442.3,209.13,102.08,3544.73,233.86,144.68,135.07,39.4,55.85,98.53,275.37
20261008,11:55:15,49412.76,44249.02,26686.48,17660.22,126.83,1892.64,495.54,483.18,554.57,111.15,166.24,205.87,91.46,151.07,273.34,121.89,193.7,293.81,3140.93,1662.53,470.17,79.97,244.73,1034.12,384.55,238.17,286.05,442.3,209.02,102.08,3543.3,233.86,144.68,135.07,39.4,55.85,98.53,275.38
20261008,11:55:20,49410.14,44246.47,26691.34,17665.81,126.83,1892.64,496.16,483.18,554.5,111.15,166.23,205.83,91.46,151.07,273.34,121.89,193.7,293.81,3140.59,1662.2,470.21,79.95,244.73,1034.23,384.86,238.17,286.05,442.32,209.17,102.08,3543.3,233.86,144.68,135.07,39.4,55.85,98.53,275.38
20261008,11:55:25,49404.83,44239.21,26696.52,17664.77,126.89,1891.22,496.16,483.18,554.5,111.16,166.24,205.84,91.46,151.07,273.34,121.78,193.7,293.81,3140.03,1662.23,470.15,79.93,244.73,1033.35,384.86,238.17,285.75,442.38,209.17,102.08,3545.2,233.86,144.68,135.07,39.4,55.85,98.53,275.33
20261008,11:55:30,49402.88,44236.78,26694.76,17660.98,126.89,1891.24,495.62,483.1,554.5,111.16,166.26,205.88,91.47,151.07,273.34,121.78,193.7,293.81,3139.93,1662.11,470.23,79.89,244.85,1033.34,384.86,238.17,285.75,442.44,209.16,102.08,3545.68,233.84,144.68,135.07,39.4,55.85,98.53,275.31
20261008,11:55:35,49407.87,44242.84,26695.2,17665.51,126.77,1892.7,496.25,482.85,554.49,111.16,166.26,205.88,91.48,151.07,273.34,121.78,193.7,293.81,3140.31,1662.42,470.27,79.91,244.73,1033.31,384.86,238.17,285.75,442.35,209.19,102.08,3544.59,233.77,144.68,135.07,39.4,55.85,98.54,275.31
20261008,11:55:40,49405.12,44239.95,26691.92,17661.02,126.77,1892.7,495.62,483.05,554.53,111.16,166.25,205.87,91.47,151.07,273.34,121.78,193.7,293.81,3140.18,1662.32,470.15,79.87,244.6,1033.24,384.84,238.17,286.05,442.35,209.19,102.08,3544.78,233.77,144.68,135.07,39.4,55.85,98.54,275.29
20261008,11:55:45,49448.2,44281.84,26694.9,17664.17,126.7,1892.7,496.08,483.05,554.53,111.16,166.25,205.88,91.47,151.07,273.34,121.78,193.7,293.81,3143.48,1664.8,470.35,79.85,244.61,1033.26,384.84,238.17,286.06,442.36,209.19,102.08,3544.86,233.77,144.68,135.07,39.4,55.83,98.54,275.29
20261008,11:55:50,49442.17,44278.18,26684.8,17659.94,126.83,1891.28,495.54,483.05,554.53,111.24,166.23,205.84,91.45,151.07,273.34,121.78,193.7,293.8,3143.29,1664.8,470.3,79.81,244.48,1033.5,384.84,238.17,285.7,442.35,209.19,102.08,3542.85,233.77,144.68,135.07,39.4,55.83,98.54,275.29
20261008,11:55:55,49394.94,44235.46,26673.11,17657.55,126.83,1891.28,495.53,483.05,554.53,111.16,166.22,205.83,91.45,151.07,273.34,121.78,193.74,293.8,3139.9,1662.25,470.22,79.81,244.48,1033.43,384.82,238.17,285.7,442.35,208.98,102.08,3539.85,233.77,144.68,135.07,39.4,55.83,98.54,275.27
20261008,11:56:00,49441.38,44275.38,26693.12,17662.73,126.89,1891.28,496.07,483.06,554.53,111.16,166.23,205.83,91.46,151.07,273.34,121.79,193.74,293.8,3142.99,1664.62,470.09,79.82,244.75,1033.29,384.84,238.15,285.74,442.33,208.99,102.08,3544.69,233.77,144.67,135.07,39.4,55.83,98.54,275.56
20261008,11:56:05,49404.79,44239.73,26693.59,17663.28,126.89,1891.28,496.08,483.06,554.53,111.16,166.24,205.85,91.46,151.07,273.34,121.79,193.74,293.82,3140.11,1662.42,470.1,79.82,244.57,1033.35,384.93,238.15,285.74,442.32,209.03,102.08,3544.69,233.77,144.67,135.07,39.4,55.84,98.54,275.56
20261008,11:56:10,49395.99,44236.05,26674.72,17657.98,126.89,1891.28,495.53,483.19,554.42,111.16,166.24,205.85,91.46,151.07,273.34,121.79,193.74,293.82,3139.94,1662.33,470.0,79.79,244.33,1033.19,384.86,238.15,286.04,442.36,208.91,102.08,3540.24,233.77,144.67,135.07,39.4,55.83,98.54,275.56
20261008,11:56:15,49393.16,44234.52,26670.45,17657.12,126.77,1891.28,496.15,483.19,554.37,111.16,166.23,205.81,91.46,151.07,273.34,121.79,193.74,293.83,3139.84,1662.3,470.13,79.77,244.32,1033.15,383.71,238.15,286.04,442.36,208.92,102.08,3539.14,233.77,144.07,135.07,39.4,55.83,98.54,275.56
20261008,11:56:20,49388.49,44229.38,26672.7,17657.75,126.83,1891.28,495.52,483.06,554.42,111.16,166.23,205.82,91.46,151.07,273.34,121.9,193.74,293.79,3139.41,1662.17,469.9,79.78,244.38,1033.07,383.94,238.15,285.73,442.35,208.87,102.08,3539.67,233.77,144.67,135.07,39.4,55.83,98.54,275.58
20261008,11:56:25,49432.2,44268.47,26683.89,17658.92,126.7,1891.28,495.52,483.06,554.42,111.16,166.24,205.85,91.46,150.85,273.34,121.89,193.74,293.79,3142.53,1664.59,469.91,79.78,244.48,1032.94,383.81,238.15,285.73,442.4,209.02,102.08,3542.85,233.77,144.68,135.07,39.4,55.86,98.54,275.58
20261008,11:56:30,49393.74,44233.25,26678.1,17659.78,126.72,1891.28,495.52,483.05,554.34,111.16,166.24,205.85,91.46,151.07,273.34,121.89,193.74,293.79,3139.67,1662.24,469.91,79.78,244.84,1033.04,383.89,238.15,285.73,442.4,209.09,102.08,3540.8,233.77,144.68,135.07,39.4,55.87,98.54,275.58
20261008,11:56:35,49396.82,44233.72,26685.76,17660.15,126.72,1891.48,495.53,483.05,554.42,111.16,166.23,205.81,91.46,151.08,273.34,121.89,193.74,293.79,3139.7,1662.11,469.85,79.82,244.72,1033.22,383.89,238.15,286.04,442.45,209.09,102.08,3543.1,233.77,144.68,135.07,39.4,55.86,98.54,275.57
20261008,11:56:40,49358.59,44197.43,26686.14,17663.8,126.72,1891.48,496.08,483.05,554.42,111.08,166.22,205.79,91.46,151.08,273.34,121.89,193.74,293.79,3136.69,1659.85,469.8,79.79,244.61,1033.22,383.89,238.15,286.04,442.45,209.08,102.08,3542.23,233.77,144.68,135.07,39.4,55.87,98.54,275.57
20261008,11:56:45,49358.98,44197.35,26679.95,17655.15,126.72,1891.48,495.53,483.26,554.42,111.17,166.22,205.79,91.46,150.87,273.34,121.89,193.77,293.79,3136.89,1659.87,469.84,79.83,244.61,1033.37,384.14,238.15,286.14,442.47,209.06,102.08,3542.64,233.77,144.08,135.07,39.4,55.87,98.54,275.57
20261008,11:56:50,49360.41,44199.49,26682.3,17660.33,126.72,1891.48,495.53,483.26,554.41,111.17,166.21,205.75,91.46,151.08,273.34,121.94,193.77,293.79,3136.94,1659.91,469.84,79.83,244.61,1033.36,384.14,238.15,286.14,442.47,209.06,102.08,3541.97,233.77,144.68,135.09,39.4,55.87,98.54,275.56
20261008,11:56:55,49358.99,44195.59,26689.56,17660.26,126.72,1891.48,495.54,483.26,554.41,111.17,166.21,205.75,91.46,151.08,273.34,121.94,193.77,293.79,3136.62,1659.91,470.02,79.83,244.36,1033.06,384.14,238.15,285.83,442.41,209.06,102.08,3544.25,233.77,144.68,135.09,39.4,55.87,98.54,275.56
20261008,11:57:00,49365.05,44201.07,26689.86,17659.18,126.72,1891.48,495.44,483.05,554.41,111.17,166.21,205.75,91.46,151.08,273.34,121.94,193.77,293.79,3137.09,1660.01,470.0,79.86,244.73,1033.09,384.14,238.15,286.14,442.38,209.06,102.08,3544.64,233.73,144.68,135.09,39.4,55.87,98.54,275.56
20261008,11:57:05,49359.83,44195.76,26690.62,17659.35,126.72,1891.48,495.45,483.05,554.41,111.1,166.22,205.77,91.46,151.08,273.34,121.93,193.76,293.78,3136.66,1659.8,469.89,79.86,244.85,1033.19,384.14,238.15,285.78,442.38,209.06,102.08,3544.83,233.73,144.68,135.09,39.4,55.87,98.73,275.56
20261008,11:57:10,49359.17,44195.14,26690.63,17659.42,126.72,1891.48,495.44,483.05,554.36,111.1,166.22,205.77,91.46,151.08,273.34,121.95,193.76,293.8,3136.61,1659.9,469.81,79.86,244.59,1033.07,384.14,238.15,285.78,442.41,209.06,102.08,3544.82,233.73,144.68,135.09,39.4,55.87,98.73,275.56
20261008,11:57:15,49359.56,44195.2,26693.86,17662.05,126.72,1891.48,495.99,483.14,554.59,111.1,166.22,205.77,91.46,151.08,273.34,121.91,193.76,293.8,3136.55,1659.66,469.9,79.89,244.58,1033.06,384.14,238.15,286.14,442.36,208.94,102.08,3545.11,233.73,144.68,135.09,39.4,55.89,98.73,275.26
20261008,11:57:20,49358.46,44194.08,26691.39,17659.04,126.73,1891.48,495.44,483.14,554.66,111.18,166.22,205.79,91.46,151.08,273.34,121.91,193.76,293.8,3136.53,1659.8,469.85,79.89,244.51,1033.1,384.14,238.14,285.82,442.52,208.95,102.08,3545.16,233.73,144.68,135.09,39.4,55.9,98.73,275.26
20261008,11:57:25,49400.5,44234.29,26694.57,17660.19,126.73,1891.48,495.45,483.39,554.66,111.1,166.21,205.75,91.46,151.08,273.34,121.91,193.76,293.8,3139.74,1662.19,469.87,79.89,244.44,1033.42,384.14,238.14,285.83,442.52,209.08,102.08,3545.84,233.73,144.68,135.09,39.4,55.9,98.73,275.26
20261008,11:57:30,49401.7,44235.28,26695.59,17660.74,126.86,1891.48,495.44,483.31,554.63,111.1,166.23,205.81,91.46,151.08,273.34,121.92,193.76,293.8,3139.81,1662.21,469.85,79.9,244.57,1033.44,384.14,238.14,285.79,442.51,209.08,102.08,3546.01,233.73,144.68,135.09,39.4,55.93,98.73,275.26
20261008,11:57:35,49356.8,44192.48,26692.2,17660.06,126.86,1891.48,495.36,483.25,554.62,111.1,166.23,205.81,91.46,151.08,273.34,121.94,193.76,293.8,3136.38,1659.81,469.81,79.91,244.68,1032.23,384.14,238.14,286.1,442.51,209.08,102.08,3545.13,233.73,144.68,135.09,39.4,55.92,98.73,275.25
20261008,11:57:40,49399.24,44233.83,26694.77,17663.02,126.86,1891.48,495.53,483.25,554.62,111.1,166.4,205.76,91.61,151.08,273.34,121.94,193.76,293.8,3139.64,1662.32,469.8,79.91,244.32,1032.96,384.14,238.14,285.79,442.51,209.07,102.08,3545.13,233.73,144.68,135.09,39.4,55.92,98.73,275.26
20261008,11:57:45,49360.66,44197.84,26689.25,17662.04,126.86,1891.48,495.53,483.25,554.62,111.1,166.4,205.76,91.61,151.08,273.34,121.94,193.76,293.8,3136.76,1659.89,469.82,79.92,244.57,1032.95,384.14,238.14,286.1,442.51,208.95,102.08,3543.68,233.73,144.68,135.09,39.4,55.93,98.73,275.26
20261008,11:57:50,49398.15,44234.14,26689.65,17661.71,126.86,1891.11,495.53,483.12,554.63,111.1,166.39,205.74,91.61,151.3,273.34,121.94,193.76,293.8,3139.7,1662.23,469.95,79.94,244.5,1032.98,384.16,238.14,285.79,442.45,208.95,102.08,3543.89,233.73,144.68,135.09,39.4,55.91,98.73,275.26
20261008,11:57:55,49402.44,44236.36,26695.16,17661.47,126.86,1891.11,495.51,483.12,554.63,111.1,166.4,205.75,91.61,151.08,273.34,121.94,193.76,293.79,3139.88,1662.24,469.87,79.93,244.39,1033.18,384.16,238.14,286.11,442.51,208.95,102.08,3545.68,233.73,144.68,135.09,39.4,55.91,98.73,275.26
20261008,11:58:00,49401.15,44235.3,26697.1,17664.36,126.86,1891.11,495.6,483.07,554.7,111.1,166.41,205.81,91.61,151.08,273.34,122.06,193.76,293.79,3139.73,1662.25,469.76,79.95,244.7,1033.04,383.91,238.14,285.8,442.49,209.07,102.08,3545.49,233.73,144.68,135.09,39.4,55.91,98.73,275.25
20261008,11:58:05,49407.5,44241.23,26696.66,17663.01,126.86,1891.11,495.44,483.07,554.7,111.1,166.39,205.71,91.61,151.08,273.34,122.06,193.76,293.78,3140.24,1662.36,469.72,79.94,244.81,1033.88,383.89,238.14,285.8,442.49,209.07,102.08,3545.72,233.8,144.68,135.1,39.4,55.91,98.73,275.25
20261008,11:58:10,49409.38,44243.18,26697.62,17664.48,126.86,1891.11,495.53,483.16,554.85,111.18,166.38,205.71,91.61,151.08,273.34,122.06,193.76,293.8,3140.36,1662.32,469.84,79.93,244.83,1033.78,383.91,238.13,286.09,442.49,209.07,102.08,3545.63,233.8,144.68,135.1,39.4,55.89,98.82,275.25
20261008,11:58:15,49372.3,44207.04,26698.65,17665.66,126.86,1891.11,495.53,483.16,554.85,111.1,166.39,205.72,91.61,151.08,273.34,122.06,193.76,293.83,3137.42,1660.03,469.9,79.95,244.83,1033.69,383.91,238.13,286.14,442.49,209.22,102.08,3545.63,233.8,144.67,135.1,39.4,55.89,98.82,275.25
20261008,11:58:20,49369.86,44204.14,26702.62,17668.48,126.86,1891.11,495.98,483.16,554.85,111.18,166.39,205.73,91.61,151.08,273.34,122.06,193.81,293.6,3137.12,1659.86,469.93,79.94,244.8,1033.77,383.91,238.13,285.92,442.49,209.19,102.08,3546.1,233.8,144.67,135.1,39.4,55.89,98.82,275.27
20261008,11:58:25,49366.51,44200.91,26696.88,17661.99,126.86,1891.11,495.61,483.16,554.18,111.1,166.39,205.72,91.61,151.08,273.34,121.93,193.81,293.6,3137.01,1660.03,469.9,79.91,244.57,1033.31,383.94,238.13,285.92,442.49,209.19,102.08,3546.07,233.6,144.67,135.03,39.4,55.89,98.82,275.27
20261008,11:58:30,49406.1,44239.49,26699.0,17664.43,126.86,1892.53,496.05,483.24,554.18,111.1,166.39,205.72,91.61,151.08,273.34,121.91,193.81,293.6,3140.06,1662.45,469.92,79.89,244.44,1033.29,383.94,238.13,285.87,442.49,209.04,102.08,3546.07,233.6,144.67,135.03,39.4,55.89,98.82,275.3
20261008,11:58:35,49408.96,44243.0,26695.89,17663.27,126.86,1892.53,495.97,483.29,554.48,111.1,166.38,205.7,91.61,151.08,273.34,121.91,193.81,293.61,3140.37,1662.36,470.01,79.9,244.44,1033.79,383.92,238.13,286.18,442.45,208.91,102.08,3545.41,233.6,144.67,135.0,39.4,55.88,98.82,275.24
20261008,11:58:40,49407.12,44241.79,26692.39,17661.21,126.86,1892.53,495.6,483.29,554.56,111.18,166.38,205.69,91.61,151.3,273.34,121.91,193.81,293.64,3140.32,1662.36,470.01,79.93,244.69,1033.8,383.92,238.13,285.86,442.45,208.9,102.08,3544.88,233.6,144.67,135.0,39.4,55.88,98.82,275.25
20261008,11:58:45,49366.51,44203.57,26688.57,17661.33,126.73,1892.53,495.6,483.29,554.67,111.18,166.38,205.67,91.61,151.3,273.34,121.92,193.77,293.64,3137.24,1659.99,470.03,79.9,244.69,1033.81,383.92,238.13,285.86,442.45,208.9,102.08,3543.65,233.6,144.68,135.0,39.4,55.88,98.82,275.29
20261008,11:58:50,49369.97,44207.32,26691.43,17665.89,126.73,1892.53,495.97,483.21,554.67,111.18,166.38,205.68,91.61,151.3,273.34,121.96,193.77,293.65,3137.43,1660.05,470.02,79.84,244.69,1033.8,383.92,238.11,286.17,442.5,209.06,102.08,3543.31,233.6,144.68,134.98,39.4,55.88,98.82,275.29
20261008,11:58:55,49369.73,44203.73,26694.51,17658.2,126.73,1892.53,495.6,483.21,554.67,111.18,166.37,205.65,91.61,151.3,273.34,121.96,193.77,293.64,3137.33,1659.98,470.02,79.8,244.69,1033.88,383.91,238.11,286.16,442.5,209.05,102.08,3546.36,233.6,144.08,134.98,39.4,55.88,98.82,275.29
20261008,11:59:00,49364.39,44200.77,26691.88,17662.69,126.73,1891.11,495.51,483.21,554.67,111.18,166.37,205.65,91.61,151.3,273.34,121.95,193.77,293.64,3136.98,1659.98,469.94,79.8,244.44,1033.87,383.91,238.11,285.76,442.51,209.16,102.08,3544.32,233.6,144.67,134.95,39.4,55.88,98.82,275.32
20261008,11:59:05,49368.93,44205.63,26693.65,17666.19,126.73,1891.11,496.05,483.24,554.52,111.17,166.37,205.64,91.61,151.3,273.34,121.93,193.77,293.64,3137.29,1660.11,470.05,79.8,244.44,1034.1,383.9,238.11,285.76,442.52,209.18,102.08,3543.92,233.6,144.67,134.95,39.4,55.88,98.82,275.32
20261008,11:59:10,49369.91,44208.78,26686.13,17664.86,126.73,1891.11,496.05,483.24,554.62,111.17,166.37,205.66,91.61,151.3,273.34,121.93,193.77,293.64,3137.58,1660.11,470.05,79.79,244.62,1034.22,383.9,238.11,286.07,442.51,209.0,102.08,3541.93,233.6,144.67,134.95,39.4,55.88,98.82,275.32
20261008,11:59:15,49364.4,44203.72,26680.42,17659.34,126.73,1891.11,495.43,483.37,554.32,111.17,166.38,205.68,91.61,151.3,273.34,121.93,193.77,293.64,3137.3,1660.15,469.92,79.77,244.42,1034.19,383.9,238.11,285.76,442.49,208.99,102.08,3541.65,233.6,144.67,134.95,39.39,55.88,98.82,275.32
20261008,11:59:20,49367.61,44202.2,26692.97,17658.2,126.85,1891.15,495.51,483.24,554.32,111.18,166.19,205.7,91.45,151.3,273.34,121.93,193.77,293.64,3137.21,1660.03,469.93,79.77,244.53,1034.21,383.9,238.11,285.76,442.52,208.99,102.08,3545.88,233.6,144.67,134.95,39.39,55.88,98.82,275.32
20261008,11:59:25,49371.37,44206.11,26692.39,17658.39,126.85,1891.15,495.51,483.24,554.36,111.18,166.2,205.71,91.46,151.3,273.34,121.93,193.73,293.64,3137.52,1660.19,469.92,79.75,244.53,1034.17,383.9,238.11,286.03,442.47,208.99,102.08,3545.65,233.67,144.67,134.95,39.39,55.88,98.82,275.32
20261008,11:59:30,49367.89,44202.35,26693.98,17658.96,126.85,1891.15,495.51,483.24,554.55,111.18,166.19,205.68,91.46,151.3,273.34,121.92,193.7,293.64,3137.2,1660.15,469.92,79.72,244.4,1033.72,383.9,238.11,286.03,442.47,208.99,102.08,3545.99,233.67,144.67,134.95,39.39,55.88,98.82,275.32
20261008,11:59:35,49365.65,44199.87,26695.37,17659.55,126.85,1891.15,495.51,483.24,554.55,111.18,166.2,205.7,91.46,151.3,273.34,121.93,193.7,293.62,3136.99,1660.13,469.92,79.74,244.58,1033.01,384.2,238.11,286.03,442.46,209.02,102.08,3546.26,233.67,144.67,135.05,39.39,55.88,98.82,275.33
20261008,11:59:40,49396.01,44231.79,26688.26,17659.2,126.72,1891.15,495.51,483.24,554.48,111.18,166.19,205.68,91.46,151.3,273.34,121.93,193.7,293.62,3139.57,1662.37,469.76,79.73,244.41,1033.01,384.2,238.1,285.72,442.46,209.06,102.08,3544.14,233.67,144.67,135.05,39.39,55.88,98.82,275.32
20261008,11:59:45,49402.59,44238.78,26686.76,17659.43,126.72,1891.15,495.5,483.24,554.48,111.26,166.19,205.68,91.46,151.3,273.34,121.93,193.7,293.6,3140.12,1662.46,469.69,79.71,244.41,1033.75,384.2,238.1,286.03,442.52,209.06,102.08,3543.6,233.67,144.67,135.05,39.39,55.88,98.82,275.32
20261008,11:59:50,49402.43,44236.05,26696.48,17661.97,126.72,1891.15,495.59,483.21,554.48,111.26,166.4,205.72,91.62,151.3,273.34,121.93,193.7,293.6,3139.84,1662.41,469.79,79.68,244.58,1033.05,384.21,238.1,286.03,442.52,209.06,102.08,3545.95,233.67,144.67,135.05,39.35,55.86,98.82,275.32
20261008,11:59:55,49365.21,44199.97,26695.69,17661.71,126.85,1891.15,495.5,483.21,554.48,111.26,166.4,205.74,91.62,151.3,273.34,121.93,193.7,293.6,3136.94,1660.04,469.9,79.7,244.85,1033.05,384.21,238.1,286.03,442.51,209.06,102.08,3545.78,233.67,144.67,135.05,39.35,55.86,98.82,275.32
20261008,12:00:00,49359.52,44194.41,26694.6,17660.42,126.72,1891.15,495.42,483.21,554.43,111.26,166.39,205.7,91.62,151.3,273.34,121.93,193.68,293.6,3136.53,1659.93,469.81,79.69,244.74,1033.05,384.21,238.1,285.72,442.51,209.06,102.08,3545.79,233.67,144.67,135.05,39.35,55.85,98.82,275.3
20261008,12:00:05,49364.65,44198.82,26696.46,17660.56,126.72,1891.15,495.43,483.34,554.44,111.18,166.39,205.7,91.62,151.3,273.34,121.95,193.68,293.6,3136.88,1660.07,469.88,79.68,244.78,1032.96,384.21,238.1,286.03,442.4,209.04,102.08,3546.33,233.67,144.67,135.05,39.39,55.89,98.82,275.29
20261008,12:00:10,49363.52,44197.5,26697.2,17660.68,126.72,1891.15,495.33,483.34,554.44,111.18,166.39,205.68,91.62,151.28,273.34,121.94,193.68,293.61,3136.77,1660.01,469.88,79.72,244.67,1032.85,384.21,238.1,286.07,442.36,209.07,102.08,3546.53,233.65,144.67,135.05,39.39,55.87,98.82,275.59
20261008,12:00:15,49361.67,44197.73,26691.65,17661.1,126.72,1891.15,495.41,483.42,554.44,111.1,166.38,205.64,91.62,151.28,273.34,121.94,193.68,293.61,3136.78,1660.03,469.7,79.69,244.85,1032.89,384.18,238.1,286.07,442.37,209.07,102.08,3544.68,233.72,144.67,135.05,39.39,55.87,98.82,275.59
20261008,12:00:20,49399.45,44235.2,26689.53,17660.85,126.72,1891.15,495.41,483.36,554.58,111.18,166.38,205.64,91.62,151.28,273.34,121.94,193.65,293.61,3139.8,1662.53,469.78,79.68,244.85,1032.71,384.18,238.1,285.76,442.37,209.07,102.08,3544.08,233.72,144.67,135.05,39.39,55.87,98.82,275.29
20261008,12:00:25,49402.16,44233.47,26700.9,17659.32,126.85,1891.15,495.42,483.2,554.58,111.18,166.33,205.57,91.59,151.29,273.34,121.94,193.65,293.62,3139.7,1662.5,469.66,79.68,244.78,1032.74,384.21,238.1,285.76,442.32,208.94,102.08,3548.05,233.72,144.67,135.05,39.39,55.87,98.82,275.31
20261008,12:00:30,49361.76,44196.2,26694.92,17659.44,126.85,1891.15,495.34,483.19,554.72,111.18,166.33,205.57,91.59,151.28,273.34,121.94,193.65,293.62,3136.69,1660.09,469.69,79.68,245.02,1032.75,384.18,238.11,285.76,442.32,208.98,102.08,3546.15,233.72,144.67,135.05,39.39,55.87,98.82,275.28
20261008,12:00:35,49367.84,44202.12,26695.01,17659.55,126.85,1891.15,495.34,483.19,554.72,111.18,166.33,205.58,91.59,151.28,273.34,121.94,193.65,293.62,3137.17,1660.08,469.69,79.69,245.02,1033.5,384.15,238.11,286.08,442.35,208.98,102.08,3546.15,233.72,144.67,135.04,39.39,55.87,98.82,275.28
20261008,12:00:40,49404.9,44238.86,26690.69,17656.67,126.85,1891.15,495.25,483.19,554.72,111.18,166.13,205.55,91.44,151.28,273.34,121.94,193.65,293.62,3140.2,1662.49,469.7,79.69,244.66,1033.58,384.15,238.11,286.08,442.4,208.96,102.08,3545.58,233.72,144.67,135.04,39.39,55.87,98.82,275.28
20261008,12:00:45,49364.61,44199.16,26692.31,17657.07,126.85,1891.15,495.34,483.13,554.72,111.18,166.12,205.53,91.44,151.28,273.34,121.92,193.65,293.62,3136.99,1659.99,469.96,79.69,244.78,1033.7,384.15,238.11,285.76,442.35,208.96,102.08,3545.98,233.72,144.67,135.04,39.39,55.89,98.82,275.28
20261008,12:00:50,49361.98,44196.23,26692.79,17656.37,126.85,1891.15,495.26,483.21,554.71,111.18,166.13,205.56,91.44,151.28,273.34,121.92,193.65,293.62,3136.77,1660.04,469.74,79.71,244.5,1033.05,384.18,238.11,286.07,442.34,208.95,102.08,3546.32,233.72,144.67,135.04,39.39,55.87,98.82,275.28
20261008,12:00:55,49399.69,44232.93,26694.0,17657.63,126.85,1891.15,495.26,483.23,554.71,111.18,166.12,205.53,91.43,151.28,273.34,121.92,193.65,293.63,3139.7,1662.33,469.64,79.7,244.5,1033.09,384.18,238.11,286.07,442.32,209.1,102.08,3546.35,233.72,144.67,135.04,39.39,55.87,98.82,275.28
20261008,12:01:00,49404.35,44236.95,26694.03,17655.89,126.72,1891.15,495.26,483.02,554.71,111.18,166.11,205.52,91.43,151.28,273.34,121.92,193.65,293.63,3140.06,1662.55,469.73,79.69,244.63,1033.11,384.16,238.11,286.07,442.44,208.95,102.08,3546.83,233.72,144.67,135.06,39.39,55.87,98.82,275.28
20261008,12:01:05,49356.54,44190.97,26688.77,17651.87,126.72,1891.15,494.71,483.15,554.78,111.1,166.1,205.52,91.42,151.28,273.34,121.92,193.65,293.64,3136.45,1659.96,469.8,79.69,244.38,1033.18,384.16,238.11,285.67,442.44,208.95,102.08,3546.28,233.72,144.66,135.06,39.39,55.87,98.82,275.28
20261008,12:01:10,49359.89,44193.57,26694.71,17656.5,126.72,1891.15,495.34,483.15,554.78,111.1,166.1,205.52,91.42,151.28,273.34,121.92,193.65,293.64,3136.55,1659.83,469.61,79.69,244.8,1033.21,384.16,238.11,285.98,442.44,208.95,102.08,3546.88,233.72,144.67,135.06,39.39,55.87,98.82,275.28
20261008,12:01:15,49359.89,44193.24,26697.67,17658.81,126.85,1891.15,495.34,483.15,554.71,111.1,166.28,205.52,91.57,151.27,273.34,121.92,193.69,293.63,3136.47,1659.78,469.67,79.68,244.73,1033.2,384.16,237.87,285.99,442.44,208.95,102.08,3547.18,233.79,144.67,135.09,39.39,55.87,98.82,275.28
20261008,12:01:20,49357.63,44191.86,26694.95,17658.43,126.85,1891.15,495.26,483.07,554.71,111.18,166.28,205.52,91.57,151.27,273.34,121.96,193.65,293.63,3136.37,1659.85,469.75,79.67,244.61,1033.19,384.16,237.87,285.68,442.34,208.95,102.08,3546.43,233.79,144.67,135.09,39.39,55.87,98.82,275.3
20261008,12:01:25,49396.22,44229.79,26690.42,17654.29,126.85,1891.15,494.7,482.94,554.71,111.18,166.29,205.53,91.57,151.27,273.34,121.96,193.65,293.63,3139.52,1662.26,469.64,79.66,244.36,1033.2,384.16,237.88,285.99,442.34,208.95,102.08,3546.14,233.79,144.67,135.09,39.39,55.87,98.82,275.3
20261008,12:01:30,49352.42,44189.04,26684.49,17653.95,126.85,1891.38,494.62,482.94,554.71,111.18,166.29,205.55,91.57,151.27,273.34,121.96,193.65,293.61,3136.25,1659.73,469.67,79.67,244.73,1033.19,384.16,237.88,285.72,442.41,208.95,102.08,3544.38,233.79,144.67,135.06,39.39,55.87,98.82,275.32
20261008,12:01:35,49358.14,44194.61,26685.32,17654.9,126.72,1892.8,494.7,483.02,554.78,111.18,166.28,205.5,91.57,151.27,273.34,121.94,193.65,293.61,3136.67,1659.97,469.69,79.67,244.73,1033.05,384.4,237.88,285.99,442.47,208.95,102.08,3544.38,233.79,144.67,135.06,39.39,55.87,98.82,275.32
20261008,12:01:40,49399.6,44231.54,26693.81,17653.05,126.72,1891.38,494.62,482.86,554.75,111.18,166.28,205.5,91.57,151.06,273.34,121.98,193.65,293.61,3139.69,1662.39,469.74,79.68,244.73,1033.1,384.42,237.88,285.67,442.48,208.91,102.08,3547.54,233.79,144.67,135.06,39.39,55.87,98.82,275.32
20261008,12:01:45,49361.53,44192.89,26697.94,17652.62,126.72,1891.38,494.54,482.86,554.75,111.18,166.28,205.5,91.57,151.27,273.34,121.98,193.65,293.61,3136.59,1659.94,469.64,79.66,244.59,1033.14,384.42,237.88,285.98,442.48,208.92,102.08,3548.95,233.79,144.67,135.06,39.39,55.85,98.82,275.32
20261008,12:01:50,49364.06,44196.47,26694.45,17652.33,126.72,1891.75,494.46,482.94,554.7,111.18,166.29,205.51,91.58,151.27,273.34,121.98,193.65,293.61,3136.89,1660.09,469.75,79.65,244.84,1033.12,384.42,237.87,285.94,442.54,208.92,102.08,3547.93,233.79,144.67,135.06,39.39,55.85,98.82,275.32
20261008,12:01:55,49397.53,44230.82,26689.95,17652.93,126.72,1891.75,494.54,482.94,554.7,111.18,166.29,205.5,91.58,151.27,273.34,121.98,193.65,293.61,3139.64,1662.51,469.47,79.66,244.61,1033.11,384.42,237.87,285.63,442.54,208.91,102.08,3546.37,233.79,144.67,135.06,39.4,55.85,98.82,275.32
20261008,12:02:00,49393.99,44227.15,26686.12,17647.78,126.72,1891.75,493.83,482.94,554.69,111.18,166.3,205.52,91.58,151.27,273.34,121.98,193.65,293.62,3139.47,1662.34,469.47,79.66,244.73,1033.11,384.39,237.87,285.62,442.48,208.91,102.08,3546.57,233.79,144.67,135.06,39.4,55.85,98.82,275.32
20261008,12:02:05,49397.85,44230.9,26687.17,17648.99,126.72,1894.59,493.83,482.94,554.69,111.1,166.3,205.52,91.58,151.27,273.34,121.98,193.65,293.6,3139.74,1662.48,469.47,79.66,244.48,1033.15,384.37,237.87,285.93,442.48,208.95,102.08,3546.57,233.79,144.67,135.06,39.4,55.85,98.82,275.32
20261008,12:02:10,49358.49,44192.55,26687.23,17649.06,126.72,1894.59,493.83,482.94,554.69,111.1,166.3,205.51,91.58,151.27,273.34,121.97,193.65,293.6,3136.65,1659.99,469.47,79.66,244.73,1033.2,384.38,237.87,285.97,442.48,208.96,102.08,3546.57,233.79,144.67,135.06,39.4,55.87,98.82,275.32
20261008,12:02:15,49357.6,44191.95,26685.63,17648.1,126.72,1893.17,493.74,482.94,554.69,111.18,166.3,205.51,91.58,151.06,273.34,121.97,193.65,293.62,3136.62,1660.01,469.57,79.72,244.73,1033.29,384.4,237.87,285.65,442.48,208.96,102.08,3546.33,233.79,144.67,135.06,39.44,55.87,98.82,275.37
20261008,12:02:20,49360.11,44194.41,26685.98,17648.53,126.72,1893.17,493.74,482.81,554.73,111.18,166.3,205.53,91.58,151.27,273.34,121.98,193.65,293.62,3136.81,1660.02,469.51,79.72,244.82,1033.27,384.4,237.73,285.97,442.49,208.96,102.08,3546.32,233.79,144.67,135.06,39.44,55.87,98.82,275.37
20261008,12:02:25,49362.45,44194.85,26691.24,17648.44,126.73,1893.17,493.74,482.82,554.72,111.18,166.3,205.51,91.58,151.27,273.34,121.98,193.65,293.62,3136.85,1660.13,469.58,79.73,244.47,1033.27,384.42,237.73,285.97,442.49,208.96,102.08,3547.98,233.79,144.67,135.06,39.44,55.87,98.82,275.36
20261008,12:02:30,49402.28,44233.15,26692.6,17648.29,126.73,1893.17,493.74,483.0,554.72,111.18,166.31,205.54,91.58,151.27,273.34,121.97,193.67,293.6,3139.94,1662.62,469.59,79.72,244.47,1033.34,384.42,237.73,285.65,442.48,208.92,102.08,3548.45,233.79,144.67,135.06,39.44,55.87,98.82,275.36
20261008,12:02:35,49358.5,44190.22,26688.43,17642.61,126.73,1893.17,493.65,483.08,554.62,111.18,166.31,205.53,91.58,151.27,273.34,121.98,193.67,293.6,3136.62,1660.03,469.59,79.73,244.71,1033.18,384.42,237.73,285.65,442.48,208.92,102.08,3548.69,233.79,144.08,135.04,39.44,55.87,98.82,275.36
20261008,12:02:40,49363.57,44195.05,26692.88,17647.35,126.73,1893.17,493.65,483.2,554.62,111.18,166.31,205.54,91.58,151.05,273.34,121.98,193.67,293.6,3136.89,1660.19,469.6,79.77,244.71,1033.27,384.4,237.73,285.65,442.47,208.93,102.08,3548.79,233.79,144.67,135.04,39.44,55.87,98.82,275.36
20261008,12:02:45,49362.27,44194.48,26691.37,17647.96,126.73,1893.17,493.65,482.97,554.62,111.18,166.31,205.54,91.58,151.27,273.34,121.96,193.67,293.6,3136.83,1660.15,469.71,79.72,244.71,1033.26,384.4,237.73,285.61,442.56,208.93,102.08,3548.16,234.11,144.67,135.04,39.44,55.87,98.82,275.36
20261008,12:02:50,49364.53,44196.5,26691.06,17646.98,126.73,1893.17,493.57,482.89,554.64,111.19,166.3,205.53,91.58,151.05,273.34,121.96,193.67,293.6,3137.02,1660.01,469.72,79.72,244.35,1034.04,384.4,237.73,285.92,442.56,208.93,102.08,3548.32,234.11,144.67,135.04,39.44,55.87,98.82,275.36
20261008,12:02:55,49369.89,44201.82,26690.94,17647.15,126.73,1894.59,493.57,482.82,554.56,111.19,166.3,205.52,91.58,151.05,273.34,121.97,193.67,293.59,3137.44,1660.13,469.61,79.72,244.59,1034.56,384.4,237.73,285.92,442.56,208.93,102.05,3548.24,234.11,144.67,135.04,39.44,55.87,98.82,275.35
20261008,12:03:00,49372.91,44204.41,26694.6,17650.22,126.73,1894.59,493.57,482.82,554.64,111.19,166.3,205.53,91.58,151.27,273.34,122.0,193.67,293.59,3137.58,1660.24,469.63,79.74,244.71,1034.38,384.4,237.73,285.92,442.56,209.12,102.1,3548.55,234.44,144.67,135.08,39.44,55.85,98.82,275.35
20261008,12:03:05,49373.02,44204.52,26701.63,17658.31,126.73,1894.59,494.13,482.82,554.64,111.17,166.3,205.52,91.58,151.06,273.34,122.0,193.67,293.61,3137.39,1660.06,469.52,79.74,244.82,1034.44,384.4,237.73,285.97,442.56,209.12,102.1,3548.55,234.11,145.27,135.08,39.44,55.85,98.82,275.35
20261008,12:03:10,49367.54,44201.12,26692.32,17654.08,126.79,1893.17,494.12,482.77,554.64,111.17,166.3,205.52,91.58,151.27,273.34,122.01,193.67,293.61,3137.22,1660.05,469.65,79.75,244.83,1033.98,384.17,237.73,285.96,442.56,209.12,102.1,3546.79,234.11,144.67,135.08,39.44,55.85,98.82,275.6
20261008,12:03:15,49370.88,44204.85,26691.65,17654.92,126.79,1893.17,493.58,482.69,554.64,111.17,166.3,205.52,91.58,151.27,273.34,122.01,193.67,293.61,3137.5,1660.31,469.66,79.72,244.72,1034.02,384.18,237.73,285.93,442.52,209.09,102.1,3546.36,234.44,145.27,135.08,39.44,55.85,98.82,275.6
20261008,12:03:20,49369.53,44203.09,26689.83,17651.32,126.92,1893.17,493.67,482.69,554.64,111.17,166.3,205.52,91.58,151.27,273.34,122.01,193.67,293.62,3137.44,1660.31,469.74,79.75,244.72,1034.09,384.18,237.82,285.66,442.5,209.09,102.1,3546.76,234.44,144.67,135.08,39.44,55.87,98.82,275.6
20261008,12:03:25,49406.11,44241.2,26682.28,17650.85,126.79,1893.17,493.58,482.69,554.64,111.17,166.31,205.53,91.59,151.27,273.34,121.99,193.67,293.62,3140.53,1662.62,469.73,79.72,244.58,1034.1,384.18,237.82,285.97,442.5,209.12,102.1,3544.53,234.44,144.67,135.08,39.44,55.89,98.82,275.62
20261008,12:03:30,49404.39,44239.51,26680.43,17648.72,126.79,1893.17,493.66,482.69,554.64,111.17,166.3,205.52,91.58,151.27,273.34,121.97,193.67,293.62,3140.44,1662.56,469.53,79.74,244.82,1034.04,384.18,237.82,285.97,442.48,208.95,102.1,3544.53,234.44,144.67,135.08,39.44,55.89,98.82,275.32
20261008,12:03:35,49406.25,44240.91,26683.66,17651.06,126.79,1893.17,494.12,482.85,554.57,111.17,166.3,205.52,91.58,151.27,273.34,121.97,193.67,293.64,3140.5,1662.52,469.72,79.75,244.82,1034.05,384.16,237.82,285.99,442.55,208.84,102.1,3544.91,234.44,144.67,135.08,39.44,55.89,98.82,275.32
20261008,12:03:40,49402.86,44235.98,26689.4,17652.2,126.79,1893.17,494.21,482.85,554.57,111.17,166.31,205.53,91.59,151.06,273.34,121.97,193.65,293.61,3140.07,1662.39,469.71,79.75,244.58,1034.06,384.18,237.82,285.67,442.55,208.93,102.1,3546.39,234.44,144.67,135.08,39.44,55.89,98.82,275.32
20261008,12:03:45,49401.21,44234.11,26685.21,17646.48,126.79,1893.17,493.58,482.77,554.57,111.17,166.31,205.53,91.59,151.27,273.34,121.97,193.65,293.6,3140.06,1662.38,469.49,79.76,244.45,1034.04,383.86,237.82,285.98,442.55,208.81,102.05,3546.63,234.44,144.67,135.08,39.44,55.87,98.82,275.32
20261008,12:03:50,49365.99,44200.01,26689.7,17652.38,126.73,1893.17,493.58,482.77,554.57,111.17,166.31,205.53,91.59,151.27,273.22,121.97,193.65,293.6,3137.17,1660.0,469.58,79.8,244.81,1034.03,384.19,237.82,285.94,442.55,208.93,102.05,3546.43,234.44,145.27,135.18,39.44,55.87,98.82,275.32
20261008,12:03:55,49364.32,44198.97,26686.88,17651.1,126.73,1893.17,494.12,482.69,554.57,111.17,166.31,205.53,91.59,151.06,273.22,121.97,193.65,293.6,3137.12,1659.95,469.6,79.72,244.79,1034.23,384.16,237.84,285.94,442.49,208.93,102.05,3545.9,234.44,144.67,135.18,39.44,55.87,98.82,275.32
20261008,12:04:00,49362.34,44196.45,26688.53,17651.04,126.73,1893.17,494.12,482.69,554.56,111.17,166.3,205.48,91.59,151.06,273.22,121.99,193.65,293.6,3136.92,1659.85,469.53,79.72,244.67,1034.23,384.16,237.84,285.94,442.49,208.93,102.05,3546.43,234.44,144.67,135.18,39.44,55.87,98.82,275.27
20261008,12:04:05,49357.71,44191.71,26689.94,17651.91,126.73,1893.17,494.19,482.81,554.56,111.16,166.3,205.48,91.59,151.07,273.22,121.97,193.65,293.6,3136.51,1659.75,469.33,79.71,244.67,1034.19,384.16,237.81,285.63,442.49,208.97,102.05,3546.64,234.44,144.67,135.18,39.44,55.87,98.82,275.27
20261008,12:04:10,49356.02,44191.88,26685.36,17652.72,126.73,1893.17,494.2,482.81,554.87,111.16,166.29,205.47,91.59,151.07,273.22,121.99,193.65,293.6,3136.51,1659.78,469.33,79.7,244.49,1034.26,384.16,237.81,285.63,442.49,208.93,102.05,3544.99,234.46,144.67,135.18,39.44,55.87,98.82,275.27
20261008,12:04:15,49354.86,44190.34,26683.02,17648.64,126.73,1893.17,493.57,482.94,554.87,111.16,166.29,205.47,91.59,151.28,273.22,121.99,193.65,293.62,3136.48,1659.77,469.47,79.7,244.49,1034.26,384.16,237.81,285.49,442.49,208.93,102.08,3545.36,234.46,144.67,135.18,39.44,55.87,98.82,275.27
20261008,12:04:20,49397.64,44232.44,26681.85,17648.67,126.73,1893.17,493.57,483.02,554.94,111.16,166.3,205.49,91.59,151.07,273.22,121.99,193.65,293.59,3139.87,1662.31,469.46,79.72,244.49,1034.46,384.16,237.81,285.49,442.47,208.94,102.13,3544.99,234.46,144.67,135.18,39.44,55.87,98.82,275.27
20261008,12:04:25,49352.73,44188.89,26679.03,17646.17,126.73,1893.17,493.57,483.02,554.94,111.16,166.11,205.51,91.43,151.07,273.22,121.99,193.65,293.6,3136.42,1659.75,469.46,79.7,244.53,1034.29,384.16,237.81,285.4,442.43,208.94,102.13,3544.79,234.14,144.67,135.22,39.44,55.87,98.82,275.27
20261008,12:04:30,49357.06,44192.96,26684.17,17651.59,126.73,1894.59,494.11,483.3,555.01,111.16,166.11,205.51,91.43,151.28,273.22,121.98,193.65,293.6,3136.62,1659.92,469.43,79.7,244.54,1034.28,384.16,237.81,285.4,442.43,208.94,102.13,3544.92,234.14,144.67,135.22,39.44,55.87,98.82,275.27
20261008,12:04:35,49356.94,44192.53,26684.85,17651.3,126.73,1893.17,494.11,483.27,555.01,111.16,166.11,205.51,91.43,151.28,273.22,121.96,193.65,293.61,3136.59,1659.89,469.32,79.71,244.64,1034.29,384.16,237.81,285.4,442.43,208.98,102.13,3545.21,234.14,144.67,135.22,39.44,55.87,98.82,275.29
20261008,12:04:40,49400.34,44230.77,26695.16,17649.58,126.73,1893.17,494.11,483.19,555.01,111.16,166.11,205.51,91.43,151.28,273.22,121.96,193.65,293.61,3139.72,1662.29,469.44,79.71,244.53,1034.25,384.41,237.81,285.41,442.41,208.84,102.13,3548.9,234.14,144.67,135.12,39.44,55.87,98.82,275.3
20261008,12:04:45,49362.98,44194.21,26693.3,17646.94,126.73,1893.17,493.57,483.19,555.01,111.16,166.11,205.53,91.43,151.27,273.4,121.96,193.65,293.64,3136.83,1659.88,469.43,79.72,244.53,1034.4,384.41,237.81,285.72,442.41,208.96,102.13,3549.04,234.14,144.67,135.12,39.44,55.87,98.82,275.3
20261008,12:04:50,49398.91,44229.22,26693.43,17647.09,126.73,1893.17,493.57,483.18,555.01,111.16,166.13,205.53,91.44,151.27,273.4,121.96,193.65,293.64,3139.65,1662.29,469.41,79.75,244.53,1033.65,384.41,237.81,285.73,442.41,208.96,102.13,3549.04,234.14,144.67,135.12,39.44,55.87,98.82,275.3
20261008,12:04:55,49360.4,44192.11,26695.59,17650.96,126.73,1893.17,494.11,483.18,555.01,111.18,166.13,205.54,91.44,151.27,273.4,121.96,193.65,293.64,3136.57,1660.01,469.31,79.73,244.53,1033.49,384.42,237.81,285.73,442.47,208.93,102.13,3548.66,234.14,144.67,135.12,39.44,55.87,98.82,275.3
20261008,12:05:00,49402.57,44232.36,26699.42,17652.54,126.73,1893.21,494.21,483.05,554.8,111.18,166.32,205.53,91.59,150.84,273.4,121.96,193.65,293.63,3139.77,1662.29,469.33,79.75,244.53,1034.02,384.42,237.81,285.73,442.44,208.96,102.13,3549.43,234.14,144.67,135.12,39.43,55.87,98.82,275.3
20261008,12:05:05,49402.28,44232.07,26696.46,17649.14,126.73,1894.63,493.66,482.8,554.79,111.18,166.33,205.58,91.59,150.85,273.4,121.96,193.65,293.63,3139.83,1662.38,469.22,79.76,244.39,1034.03,384.45,237.81,285.77,442.44,208.96,102.13,3549.43,234.14,144.67,135.11,39.43,55.89,98.82,275.32
20261008,12:05:10,49398.82,44229.75,26693.42,17649.14,126.73,1894.66,493.65,482.88,554.77,111.18,166.33,205.56,91.6,150.85,273.4,121.96,193.65,293.64,3139.64,1662.42,469.33,79.77,244.12,1034.02,384.43,237.81,285.42,442.42,208.96,102.13,3548.48,234.14,144.67,135.11,39.43,55.89,98.82,275.33
20261008,12:05:15,49361.45,44193.7,26691.44,17648.11,126.73,1894.66,493.57,482.88,554.77,111.18,166.34,205.59,91.6,150.85,273.4,121.96,193.65,293.64,3136.76,1660.12,469.33,79.76,244.48,1033.95,384.4,237.81,285.42,442.35,208.93,102.13,3548.14,234.14,144.67,135.11,39.43,55.89,98.82,275.33
20261008,12:05:20,49362.7,44197.58,26688.6,17653.75,126.73,1894.66,493.65,482.88,554.77,111.18,166.33,205.57,91.59,150.85,273.4,121.96,193.65,293.66,3136.94,1660.18,469.33,79.77,244.6,1034.07,384.42,237.81,285.42,442.35,208.96,102.13,3545.72,234.14,145.26,135.11,39.43,55.89,98.82,275.33
20261008,12:05:25,49400.01,44234.16,26683.78,17648.94,126.73,1893.24,493.73,482.8,554.77,111.18,166.32,205.54,91.59,150.85,273.4,121.96,193.65,293.66,3140.0,1662.49,469.28,79.78,244.2,1034.26,384.17,237.81,285.73,442.41,208.96,102.13,3545.52,234.14,144.67,135.11,39.43,55.89,98.82,275.33
20261008,12:05:30,49404.09,44238.13,26691.71,17658.08,126.73,1893.24,494.29,482.88,554.88,111.18,166.32,205.54,91.59,150.85,273.4,121.96,193.65,293.66,3140.11,1662.49,469.4,79.78,244.63,1034.24,384.42,237.81,285.52,442.45,208.96,102.13,3545.52,234.14,145.26,135.11,39.43,55.87,98.82,275.33
20261008,12:05:35,49406.16,44238.25,26697.89,17658.79,126.73,1893.24,494.29,482.88,554.88,111.18,166.33,205.57,91.59,150.85,273.4,121.97,193.65,293.66,3140.1,1662.49,469.38,79.75,244.75,1034.19,384.42,237.81,285.51,442.44,208.92,102.13,3547.25,234.18,145.26,135.11,39.43,55.87,98.82,275.63
20261008,12:05:40,49365.51,44198.26,26699.36,17659.23,126.73,1893.24,494.29,482.88,554.88,111.18,166.33,205.57,91.59,151.06,273.4,121.95,193.65,293.66,3136.86,1660.01,469.37,79.78,244.64,1034.21,384.41,237.81,285.51,442.44,208.92,102.13,3547.59,234.18,145.26,135.11,39.43,55.92,98.82,275.6
20261008,12:05:45,49365.15,44198.03,26694.94,17654.55,126.73,1893.24,493.75,482.88,554.96,111.19,166.33,205.57,91.59,150.85,273.4,121.95,193.69,293.66,3136.96,1660.08,469.39,79.74,244.77,1034.15,384.39,237.81,285.51,442.47,208.92,102.13,3547.48,234.18,145.26,135.11,39.43,55.92,98.82,275.3
20261008,12:05:50,49399.84,44235.67,26684.72,17655.61,126.73,1894.66,493.82,482.88,554.96,111.19,166.33,205.57,91.59,150.85,273.4,121.97,193.69,293.67,3139.97,1662.52,469.29,79.78,244.41,1034.16,384.39,237.81,285.51,442.41,208.91,102.13,3544.0,234.18,145.26,135.11,39.43,55.93,98.82,275.3
20261008,12:05:55,49362.97,44199.74,26685.17,17656.13,126.73,1893.24,493.9,482.89,554.99,111.19,166.34,205.6,91.59,150.85,273.4,121.99,193.69,293.67,3137.06,1660.12,469.29,79.76,244.53,1034.15,384.4,237.81,285.82,442.44,208.91,102.16,3544.0,234.18,145.26,135.11,39.43,55.93,98.82,275.32
20261008,12:06:00,49365.16,44199.46,26692.93,17656.99,126.79,1893.24,493.93,482.88,554.99,111.19,166.34,205.61,91.59,150.85,273.4,121.87,193.69,293.67,3137.01,1660.11,469.29,79.78,244.77,1034.24,384.4,237.81,285.51,442.44,209.05,102.16,3546.19,234.18,145.26,135.11,39.43,55.91,98.82,275.32
20261008,12:06:05,49410.1,44240.6,26701.06,17657.49,126.79,1893.24,493.93,482.89,555.05,111.19,166.32,205.56,91.59,151.06,273.4,121.88,193.73,293.67,3140.32,1662.52,469.23,79.78,244.42,1035.02,384.39,237.81,285.51,442.44,209.06,102.16,3548.6,234.18,145.26,135.11,39.43,55.91,98.82,275.32
20261008,12:06:10,49411.8,44242.71,26702.84,17661.01,126.73,1893.24,494.46,482.89,555.05,111.19,166.34,205.6,91.59,150.85,273.4,121.86,193.73,293.66,3140.4,1662.52,469.1,79.78,244.42,1034.96,384.39,237.81,285.82,442.44,209.07,102.16,3548.2,234.18,145.26,135.11,39.43,55.93,98.82,275.32
20261008,12:06:15,49409.85,44240.39,26702.41,17659.14,126.73,1893.24,494.09,482.89,555.05,111.19,166.34,205.62,91.59,150.85,273.4,121.98,193.73,293.66,3140.26,1662.42,469.1,79.76,244.66,1034.76,384.39,237.81,285.81,442.46,209.07,102.16,3548.57,234.18,145.26,135.11,39.43,55.92,98.82,275.32
20261008,12:06:20,49407.95,44238.95,26701.3,17659.24,126.73,1893.24,494.09,482.89,555.19,111.19,166.34,205.62,91.59,150.85,273.4,121.85,193.73,293.67,3140.14,1662.51,469.23,79.77,244.55,1034.15,384.33,237.81,285.81,442.5,209.1,102.16,3548.2,234.18,145.26,135.11,39.43,55.92,98.82,275.32
20261008,12:06:25,49363.98,44195.65,26705.6,17662.65,126.73,1893.37,494.63,482.89,555.19,111.12,166.34,205.61,91.6,150.85,273.4,121.85,193.73,293.67,3136.57,1659.96,469.21,79.8,244.3,1034.12,384.32,237.8,285.5,442.44,209.1,102.16,3548.62,234.18,145.26,135.01,39.43,55.92,98.82,275.32
20261008,12:06:30,49361.4,44193.97,26700.14,17659.15,126.73,1893.0,494.09,482.89,555.19,111.12,166.35,205.64,91.6,150.64,273.4,121.85,193.73,293.66,3136.52,1659.86,469.22,79.76,244.66,1034.07,384.32,237.8,285.5,442.44,209.1,102.16,3547.86,234.18,145.26,135.01,39.43,55.92,98.82,275.62
20261008,12:06:35,49365.67,44197.99,26698.39,17656.69,126.86,1893.0,493.92,482.97,555.19,111.12,166.34,205.63,91.59,150.64,273.4,121.85,193.73,293.66,3136.9,1659.9,469.33,79.78,244.67,1034.27,384.32,237.8,285.81,442.43,208.95,102.16,3547.98,234.18,145.26,135.01,39.43,55.9,98.82,275.62
20261008,12:06:40,49358.89,44190.8,26700.95,17657.67,126.86,1893.0,494.02,483.22,555.19,111.12,166.34,205.63,91.59,150.64,273.4,121.85,193.73,293.73,3136.3,1659.86,469.33,79.75,244.67,1033.41,384.32,237.8,285.5,442.43,208.94,102.16,3548.51,234.18,145.26,134.99,39.43,55.9,98.82,275.62
20261008,12:06:45,49407.33,44237.83,26701.49,17657.74,126.73,1892.77,493.91,483.22,555.24,111.19,166.34,205.66,91.59,150.64,273.52,121.97,193.73,293.73,3140.09,1662.46,469.22,79.75,244.66,1034.5,384.32,237.81,285.51,442.43,208.94,102.16,3548.66,234.18,145.26,134.99,39.43,55.9,98.82,275.63
20261008,12:06:50,49373.24,44205.22,26702.63,17661.08,126.73,1892.77,494.45,483.22,555.24,111.27,166.34,205.66,91.59,150.64,273.52,121.97,193.73,293.73,3137.38,1660.0,469.33,79.78,244.78,1034.98,384.32,237.81,285.82,442.43,208.94,102.16,3548.11,234.18,145.26,134.99,39.43,55.9,98.82,275.33
20261008,12:06:55,49367.57,44199.43,26700.89,17658.19,126.86,1892.77,493.93,483.36,555.24,111.27,166.35,205.67,91.59,150.85,273.64,121.97,193.73,293.73,3136.98,1659.98,469.31,79.77,244.78,1034.54,384.33,237.81,285.51,442.43,208.94,102.16,3548.35,234.18,145.26,134.99,39.43,55.9,98.82,275.33
20261008,12:07:00,49369.79,44201.59,26701.62,17659.01,126.86,1892.85,494.09,483.36,555.24,111.27,166.36,205.72,91.59,150.84,273.64,121.97,193.65,293.73,3137.14,1660.1,469.31,79.79,244.78,1034.5,384.35,237.8,285.51,442.43,208.91,102.16,3548.36,234.14,145.26,134.99,39.43,55.9,98.82,275.33
20261008,12:07:05,49371.78,44203.32,26704.82,17661.99,126.86,1892.85,494.54,483.36,555.24,111.27,166.36,205.71,91.59,150.63,273.64,121.97,193.65,293.74,3137.21,1660.14,469.31,79.77,244.78,1034.19,384.35,237.8,285.81,442.43,208.91,102.16,3548.55,234.14,145.26,134.99,39.43,55.9,98.82,275.33
20261008,12:07:10,49366.13,44198.26,26695.57,17652.85,126.86,1892.85,494.01,483.11,555.17,111.19,166.35,205.71,91.59,150.84,273.64,121.97,193.65,293.73,3137.02,1659.98,469.33,79.77,244.67,1034.32,384.35,237.8,285.82,442.43,208.91,102.16,3548.14,234.14,144.67,134.99,39.43,55.9,98.82,275.33
20261008,12:07:15,49362.69,44194.9,26698.45,17656.16,126.86,1892.85,493.91,483.11,555.17,111.19,166.36,205.71,91.59,150.84,273.64,121.85,193.65,293.73,3136.67,1659.97,469.21,79.76,244.3,1034.39,384.35,237.8,285.51,442.43,208.91,102.16,3548.14,234.14,145.26,134.99,39.43,55.9,98.82,275.33
20261008,12:07:20,49368.47,44200.49,26702.38,17660.53,126.86,1892.85,494.54,483.04,555.17,111.19,166.35,205.67,91.59,150.84,273.64,121.83,193.65,293.73,3137.01,1659.96,469.2,79.76,244.54,1035.01,384.35,237.8,285.51,442.43,208.91,102.16,3548.19,234.14,145.26,134.99,39.43,55.9,98.82,275.35
20261008,12:07:25,49366.57,44198.45,26699.56,17656.61,126.86,1892.85,494.08,483.11,554.97,111.19,166.35,205.66,91.59,150.84,273.64,121.83,193.65,293.73,3136.94,1659.93,469.18,79.77,244.66,1034.83,384.35,237.8,285.51,442.42,208.91,102.16,3548.37,234.14,145.26,134.99,39.43,55.9,98.82,275.35
20261008,12:07:30,49369.97,44201.6,26699.63,17656.18,126.86,1892.85,494.0,483.11,554.97,111.12,166.35,205.66,91.59,150.84,273.64,121.83,193.65,293.73,3137.21,1659.93,469.09,79.78,244.77,1035.02,384.35,237.8,285.83,442.42,208.94,102.16,3548.51,234.14,145.26,134.99,39.43,55.9,98.82,275.38
20261008,12:07:35,49368.01,44200.06,26699.26,17656.97,126.73,1892.85,494.11,483.04,555.01,111.19,166.36,205.7,91.59,150.84,273.64,121.82,193.68,294.19,3137.06,1659.86,469.31,79.78,244.6,1034.84,384.35,237.8,285.83,442.39,208.83,102.16,3548.18,234.14,145.26,134.99,39.43,55.91,98.82,275.38
20261008,12:07:40,49369.12,44201.2,26699.18,17657.09,126.73,1892.85,494.02,483.04,555.01,111.2,166.35,205.71,91.58,150.84,273.64,121.81,193.68,294.19,3137.15,1659.89,469.2,79.74,244.76,1034.96,384.35,237.8,285.83,442.39,208.94,102.16,3548.12,234.07,145.26,134.99,39.43,55.91,98.82,275.38
20261008,12:07:45,49407.03,44238.32,26700.12,17658.77,126.73,1894.27,494.02,483.04,555.01,111.2,166.36,205.74,91.58,151.06,273.64,121.93,193.66,294.18,3140.1,1662.35,469.09,79.77,244.4,1034.94,384.35,237.8,285.74,442.39,208.94,102.16,3547.96,234.07,145.26,134.99,39.43,55.91,98.82,275.38
20261008,12:07:50,49411.01,44242.19,26699.57,17658.14,126.86,1892.75,494.02,483.04,555.01,111.2,166.36,205.72,91.59,151.06,273.64,121.93,193.63,294.19,3140.43,1662.49,469.2,79.78,244.65,1034.92,384.35,237.8,285.74,442.43,208.91,102.16,3547.96,234.07,145.26,134.99,39.43,55.91,98.82,275.33
20261008,12:07:55,49370.62,44202.93,26704.34,17663.95,126.86,1892.75,494.65,483.04,554.97,111.19,166.38,205.78,91.59,151.06,273.64,121.93,193.63,294.19,3137.13,1660.15,469.22,79.77,244.65,1034.58,384.35,237.8,285.51,442.41,209.02,102.16,3547.87,234.07,145.26,134.99,39.47,55.91,98.81,275.33
20261008,12:08:00,49367.16,44199.34,26705.06,17664.03,126.86,1892.85,494.65,483.04,554.97,111.19,166.38,205.78,91.59,151.06,273.64,121.93,193.66,294.19,3136.84,1659.93,469.22,79.75,244.65,1034.59,384.35,237.8,285.51,442.41,209.02,102.16,3548.07,234.07,145.26,134.99,39.47,55.91,98.81,275.33
20261008,12:08:05,49369.44,44201.35,26705.99,17664.37,126.86,1892.85,494.65,483.04,554.97,111.19,166.39,205.81,91.59,151.06,273.64,121.93,193.66,294.21,3136.99,1659.94,469.27,79.76,244.51,1034.58,384.37,237.8,285.82,442.41,209.04,102.16,3548.27,234.07,145.26,134.99,39.47,55.91,98.81,275.35
20261008,12:08:10,49415.05,44247.01,26701.75,17663.59,126.99,1892.85,494.57,483.04,555.05,111.17,166.38,205.81,91.59,151.06,273.46,121.81,193.66,294.21,3140.69,1662.56,469.28,79.75,244.76,1035.05,384.35,237.8,285.82,442.41,209.04,102.16,3547.16,234.14,145.26,134.99,39.47,55.91,98.81,275.35
20261008,12:08:15,49373.82,44206.39,26705.41,17666.3,126.99,1892.79,494.66,483.37,555.06,111.17,166.42,205.79,91.62,151.06,273.64,121.93,193.66,294.23,3137.35,1660.0,469.38,79.73,244.76,1034.97,384.34,237.8,285.82,442.41,209.08,102.16,3547.57,234.14,145.26,134.99,39.47,55.91,98.81,275.35
20261008,12:08:20,49414.69,44246.19,26705.82,17666.7,126.99,1892.79,494.66,483.11,555.06,111.17,166.42,205.79,91.62,151.06,273.64,121.94,193.66,294.23,3140.55,1662.42,469.38,79.73,244.65,1035.27,384.34,237.8,285.77,442.41,209.05,102.16,3547.59,234.14,145.26,134.99,39.47,55.91,98.81,275.64
20261008,12:08:25,49415.74,44246.67,26706.45,17665.6,126.92,1892.75,494.66,483.11,555.01,111.17,166.42,205.79,91.62,151.06,273.64,121.96,193.66,294.24,3140.61,1662.42,469.36,79.73,244.7,1035.39,384.34,237.8,285.77,442.43,209.05,102.16,3548.08,234.14,145.26,134.99,39.47,55.91,98.81,275.35
20261008,12:08:30,49376.5,44208.12,26707.46,17665.74,126.92,1892.75,494.66,483.11,555.01,111.17,166.42,205.8,91.62,151.06,273.64,121.97,193.66,294.24,3137.5,1660.0,469.36,79.74,244.7,1035.42,384.34,237.8,285.78,442.43,209.05,102.16,3548.36,234.14,145.26,134.99,39.47,55.91,98.81,275.36
20261008,12:08:35,49371.69,44202.08,26711.17,17665.46,126.92,1892.75,494.66,483.11,555.01,111.25,166.42,205.8,91.62,151.06,273.64,121.95,193.66,294.24,3137.02,1659.99,469.36,79.73,244.45,1034.93,384.34,237.8,285.51,442.43,209.05,102.16,3549.59,234.14,145.26,134.89,39.47,55.9,98.81,275.36
20261008,12:08:40,49408.63,44241.4,26701.38,17665.29,127.05,1892.75,494.66,483.5,555.01,111.25,166.43,205.82,91.62,151.06,273.64,121.95,193.66,294.24,3140.19,1662.39,469.27,79.75,244.67,1034.9,384.34,237.8,285.52,442.43,208.94,102.19,3546.58,234.14,145.26,134.88,39.47,55.9,98.81,275.36
20261008,12:08:45,49370.02,44203.76,26701.41,17665.32,127.05,1893.12,494.58,483.58,555.01,111.25,166.43,205.84,91.62,151.28,273.64,121.95,193.66,294.24,3137.16,1660.0,469.27,79.73,244.63,1034.74,384.34,237.8,285.83,442.43,208.96,102.19,3546.58,234.14,145.26,134.89,39.47,55.9,98.71,275.35
20261008,12:08:50,49372.73,44204.65,26708.21,17667.23,126.92,1894.69,494.66,483.58,555.01,111.25,166.45,205.8,91.64,151.06,273.64,121.95,193.66,294.24,3137.19,1660.21,469.16,79.73,244.63,1034.68,384.34,237.8,285.52,442.43,209.09,102.19,3548.18,234.14,145.26,134.89,39.47,55.9,98.71,275.35
20261008,12:08:55,49411.95,44242.86,26707.57,17666.5,126.92,1894.69,494.58,483.57,555.01,111.25,166.45,205.79,91.64,151.06,273.64,121.93,193.66,294.24,3140.28,1662.49,469.16,79.73,244.88,1034.78,384.35,237.8,285.52,442.44,209.09,102.19,3548.18,234.14,145.26,134.89,39.47,55.9,98.71,275.35
20261008,12:09:00,49410.15,44241.33,26706.36,17665.85,126.92,1894.69,494.5,483.44,555.01,111.25,166.44,205.77,91.64,151.28,273.64,121.93,193.66,294.24,3140.18,1662.55,469.13,79.73,244.52,1034.68,384.34,237.8,285.52,442.4,209.08,102.19,3547.98,234.14,145.26,134.89,39.47,55.9,98.71,275.35
20261008,12:09:05,49414.52,44244.89,26708.59,17666.07,126.92,1894.69,494.58,483.36,555.01,111.25,166.43,205.77,91.63,151.28,273.64,121.93,193.6,294.24,3140.46,1662.58,469.34,79.73,244.75,1034.86,384.34,237.8,285.52,442.34,209.08,102.19,3548.62,234.14,145.26,134.89,39.47,55.89,98.71,275.35
20261008,12:09:10,49374.91,44206.66,26710.89,17669.97,126.86,1894.69,495.12,483.36,555.01,111.25,166.43,205.79,91.63,151.06,273.64,121.93,193.6,294.24,3137.28,1660.22,469.24,79.72,245.0,1034.46,384.34,237.81,285.52,442.36,209.08,102.19,3548.28,234.14,145.26,135.02,39.47,55.89,98.71,275.35
20261008,12:09:15,49373.26,44205.06,26705.65,17663.94,126.86,1893.27,495.03,483.24,555.06,111.25,166.42,205.79,91.62,151.06,273.64,121.92,193.6,294.24,3137.3,1660.25,469.26,79.72,244.89,1034.46,384.37,237.81,285.53,442.36,209.09,102.19,3548.28,234.14,144.67,135.02,39.47,55.89,98.71,275.35
20261008,12:09:20,49375.6,44207.19,26705.62,17663.44,126.86,1892.9,494.95,483.24,555.07,111.25,166.44,205.78,91.64,151.06,273.64,121.92,193.65,294.26,3137.48,1660.25,469.36,79.72,244.64,1034.63,384.37,237.81,285.84,442.36,209.09,102.19,3548.41,234.14,144.67,135.02,39.47,55.89,98.71,275.35
20261008,12:09:25,49374.01,44206.48,26703.59,17663.9,126.86,1892.9,494.95,483.24,555.07,111.25,166.44,205.79,91.64,151.28,273.64,121.92,193.6,294.26,3137.41,1660.21,469.24,79.75,244.89,1034.85,384.37,237.81,285.53,442.36,209.09,102.19,3547.65,234.14,144.67,135.02,39.47,55.89,98.71,275.43
20261008,12:09:30,49372.23,44204.77,26700.44,17660.35,126.86,1892.9,494.49,483.21,554.96,111.25,166.44,205.81,91.64,151.28,273.64,121.96,193.75,294.26,3137.36,1660.25,469.24,79.75,244.64,1034.86,384.12,237.81,285.53,442.36,209.06,102.19,3547.63,234.14,144.67,135.02,39.47,55.87,98.71,275.43
20261008,12:09:35,49415.09,44245.35,26703.7,17660.14,126.87,1892.9,494.41,483.21,554.96,111.25,166.44,205.81,91.64,151.28,273.64,121.91,193.89,294.26,3140.64,1662.62,469.14,79.72,244.89,1034.86,384.13,237.81,285.84,442.36,209.1,102.19,3548.7,234.14,144.67,135.02,39.47,55.89,98.71,275.43
20261008,12:09:40,49371.51,44203.35,26701.95,17659.69,126.87,1892.9,494.41,483.13,554.88,111.25,166.45,205.83,91.64,151.28,273.64,121.91,194.04,294.26,3137.26,1660.11,469.12,79.7,244.64,1034.87,384.12,237.81,285.84,442.37,209.07,102.19,3548.28,234.13,144.67,135.02,39.47,55.89,98.71,275.43
20261008,12:09:45,49366.54,44199.26,26699.2,17659.02,126.87,1892.9,494.41,483.13,554.96,111.25,166.45,205.83,91.64,150.64,273.52,121.91,194.01,294.26,3136.95,1659.93,469.12,79.7,244.89,1034.84,384.12,237.81,285.53,442.37,209.07,102.19,3547.6,234.13,144.67,135.02,39.47,55.89,98.71,275.43
20261008,12:09:50,49370.76,44203.37,26703.09,17663.5,126.86,1892.98,494.95,483.64,554.96,111.25,166.45,205.8,91.64,150.64,273.52,121.91,194.01,294.26,3137.17,1660.03,469.19,79.71,244.88,1034.86,384.12,237.81,285.62,442.37,209.07,102.19,3547.6,234.14,144.67,135.02,39.47,55.89,98.71,275.43
20261008,12:09:55,49366.3,44198.61,26703.36,17662.42,126.86,1892.98,494.87,483.38,554.96,111.25,166.44,205.79,91.64,150.64,273.52,121.91,194.01,294.26,3136.82,1659.89,468.99,79.73,244.77,1034.84,384.12,237.81,285.52,442.37,209.05,102.19,3547.97,234.14,144.67,135.02,39.47,55.89,98.71,275.43
20261008,12:10:00,49364.02,44196.6,26699.57,17658.8,126.86,1892.98,494.32,483.44,554.97,111.27,166.45,205.79,91.64,150.64,273.52,121.91,194.01,294.26,3136.74,1659.87,468.99,79.75,244.52,1034.8,384.12,237.81,285.61,442.37,209.09,102.19,3547.78,234.14,144.67,135.02,39.47,55.87,98.71,275.43
20261008,12:10:05,49408.01,44239.47,26699.25,17658.42,126.86,1892.9,494.32,483.44,554.97,111.27,166.44,205.77,91.64,150.64,273.52,121.91,194.01,294.26,3140.2,1662.46,469.1,79.74,244.71,1034.8,384.12,237.81,285.61,442.43,209.09,102.19,3547.78,234.14,144.67,134.87,39.47,55.87,98.71,275.43
20261008,12:10:10,49373.03,44204.68,26704.88,17662.54,126.86,1892.9,494.86,483.44,555.05,111.27,166.44,205.74,91.64,150.64,273.52,121.93,194.01,294.26,3137.3,1659.85,469.26,79.72,245.0,1035.14,384.12,237.81,285.92,442.43,209.09,102.19,3548.42,234.14,144.67,134.87,39.47,55.86,98.71,275.43
20261008,12:10:15,49374.0,44206.17,26707.68,17667.6,126.86,1893.27,494.95,483.44,555.05,111.26,166.44,205.77,91.64,150.43,273.52,121.93,194.01,294.26,3137.3,1659.9,469.28,79.72,245.0,1035.03,384.13,237.81,285.89,442.44,209.05,102.19,3547.92,234.14,145.26,134.87,39.47,55.87,98.71,275.43
20261008,12:10:20,49374.05,44207.83,26699.4,17663.47,126.86,1893.27,494.96,483.44,555.2,111.26,166.44,205.74,91.64,150.43,273.52,121.93,194.01,294.26,3137.53,1660.08,469.25,79.71,244.9,1035.15,384.13,237.81,285.88,442.32,209.08,102.19,3546.46,234.14,144.67,134.87,39.47,55.89,98.71,275.43
20261008,12:10:25,49370.21,44204.54,26698.05,17663.39,126.86,1893.27,494.95,483.26,555.2,111.26,166.45,205.8,91.64,150.43,273.52,121.93,193.94,294.26,3137.27,1659.98,469.16,79.71,244.54,1035.6,384.38,237.81,285.57,442.39,209.08,102.19,3546.06,234.14,144.67,134.87,39.47,55.89,98.71,275.41
20261008,12:10:30,49368.72,44202.41,26698.91,17662.13,126.86,1893.27,494.86,483.39,555.33,111.26,166.45,205.8,91.64,150.64,273.52,121.93,193.98,294.24,3137.13,1659.99,469.11,79.71,244.9,1034.91,384.33,237.81,285.61,442.39,208.93,102.19,3546.66,234.14,144.67,134.89,39.47,55.88,98.71,275.41
20261008,12:10:35,49368.14,44200.06,26701.7,17659.37,126.86,1893.27,494.41,483.6,555.33,111.26,166.45,205.8,91.64,150.43,273.52,121.93,193.96,294.25,3137.01,1660.01,469.26,79.72,244.54,1034.74,384.33,237.81,285.61,442.5,208.96,102.19,3548.29,234.18,144.67,134.89,39.47,55.88,98.71,275.41
20261008,12:10:40,49373.32,44206.42,26701.86,17663.93,126.86,1893.27,494.95,483.6,555.56,111.26,166.45,205.8,91.64,150.64,273.52,121.91,193.92,294.26,3137.41,1659.95,469.32,79.71,244.77,1035.32,384.33,237.81,285.83,442.39,208.96,102.19,3547.1,234.18,144.66,134.89,39.47,55.88,98.71,275.41
20261008,12:10:45,49375.01,44207.83,26704.5,17666.19,126.98,1893.27,494.95,483.68,555.56,111.26,166.45,205.82,91.64,150.64,273.52,121.91,193.92,294.26,3137.47,1660.1,469.23,79.7,244.88,1035.44,384.32,237.81,285.52,442.39,209.08,102.19,3547.31,234.49,144.66,134.99,39.47,55.88,98.71,275.39
20261008,12:10:50,49377.84,44210.59,26704.73,17666.46,126.98,1893.49,494.95,483.76,555.6,111.26,166.45,205.82,91.64,150.64,273.52,121.91,193.92,294.26,3137.68,1660.11,469.34,79.71,244.76,1035.46,384.34,237.81,285.83,442.39,209.08,102.19,3547.31,234.48,144.66,134.98,39.47,55.88,98.71,275.38
20261008,12:10:55,49378.12,44210.18,26702.76,17661.91,126.98,1893.49,494.33,483.76,555.59,111.26,166.45,205.81,91.64,150.64,273.64,121.91,193.92,294.26,3137.76,1660.16,469.46,79.7,244.77,1035.39,384.33,237.81,285.83,442.39,209.07,102.19,3547.93,234.48,144.66,134.98,39.47,55.88,98.71,275.38
20261008,12:11:00,49377.23,44209.34,26702.54,17661.75,126.98,1893.27,494.33,483.76,555.59,111.26,166.45,205.79,91.64,150.64,273.64,121.91,193.92,294.26,3137.7,1660.09,469.35,79.72,244.88,1035.45,384.33,237.81,285.83,442.36,209.07,102.19,3547.9,234.48,144.66,134.98,39.47,55.87,98.71,275.41
20261008,12:11:05,49378.37,44210.23,26708.6,17667.98,126.98,1896.1,494.96,483.76,555.56,111.26,166.45,205.81,91.64,150.43,273.64,121.91,193.92,294.26,3137.62,1660.21,469.31,79.71,244.88,1035.02,384.33,237.81,285.78,442.38,209.08,102.19,3548.1,234.48,144.66,134.98,39.47,55.87,98.71,275.65
20261008,12:11:10,49377.4,44209.44,26707.57,17667.29,126.98,1894.69,494.87,483.76,555.67,111.26,166.45,205.79,91.64,150.43,273.64,121.9,193.96,294.26,3137.57,1660.15,469.31,79.71,244.99,1034.96,384.33,237.81,285.78,442.49,209.08,102.19,3547.97,234.48,144.66,134.98,39.47,55.87,98.71,275.65
20261008,12:11:15,49377.31,44208.93,26709.17,17667.75,126.98,1894.69,494.87,483.77,555.67,111.26,166.45,205.79,91.64,150.64,273.64,121.9,194.01,294.25,3137.52,1660.24,469.3,79.73,244.81,1035.1,384.36,237.81,285.47,442.52,209.08,102.19,3548.35,234.48,144.66,134.98,39.47,55.87,98.71,275.68
20261008,12:11:20,49376.15,44208.21,26704.36,17663.6,126.98,1894.77,494.33,483.78,555.67,111.26,166.44,205.81,91.63,150.43,273.64,121.9,194.01,294.25,3137.56,1660.25,469.3,79.71,244.91,1035.1,384.33,237.81,285.47,442.52,209.08,102.19,3547.97,234.5,144.66,134.98,39.47,55.87,98.71,275.73
20261008,12:11:25,49418.52,44248.87,26709.66,17667.6,126.98,1894.77,494.87,483.77,555.67,111.26,166.44,205.81,91.63,150.43,273.64,121.9,194.01,294.25,3140.74,1662.58,469.45,79.72,245.16,1035.1,384.33,237.81,285.47,442.52,209.08,102.19,3548.54,234.5,144.66,134.98,39.47,55.87,98.71,275.73
20261008,12:11:30,49418.41,44250.77,26703.95,17667.72,126.98,1896.19,494.79,483.77,555.67,111.27,166.45,205.8,91.64,150.43,273.64,121.9,194.04,294.25,3140.89,1662.69,469.46,79.72,245.16,1035.1,384.33,237.81,285.47,442.52,209.08,102.19,3546.72,234.5,144.66,134.98,39.47,55.87,98.71,275.73
20261008,12:11:35,49383.27,44213.71,26711.9,17667.42,126.92,1894.77,494.87,483.77,555.66,111.27,166.46,205.82,91.64,150.22,273.64,121.94,194.04,294.25,3137.91,1660.32,469.54,79.7,245.16,1035.27,384.33,237.81,285.47,442.41,209.08,102.19,3549.29,234.5,144.66,134.98,39.47,55.87,98.71,275.73
20261008,12:11:40,49382.26,44214.51,26703.92,17664.23,127.05,1894.77,494.33,483.77,555.66,111.27,166.46,205.85,91.64,150.22,273.64,121.94,194.04,294.25,3138.05,1660.22,469.57,79.7,244.91,1035.71,384.33,237.81,285.78,442.47,209.11,102.19,3547.66,234.49,144.66,134.98,39.47,55.87,98.71,275.73
20261008,12:11:45,49387.94,44219.82,26709.76,17670.22,127.05,1894.77,494.78,483.64,555.66,111.19,166.46,205.82,91.64,150.01,273.64,121.92,194.04,294.25,3138.34,1660.39,469.57,79.7,245.16,1035.65,384.33,237.81,285.78,442.47,209.07,102.19,3547.86,234.49,145.25,134.98,39.47,55.87,98.71,275.43
20261008,12:11:50,49382.34,44214.17,26701.11,17659.59,127.05,1894.77,493.98,483.64,555.66,111.19,166.45,205.79,91.64,150.01,273.64,121.92,194.06,294.25,3138.14,1660.37,469.56,79.7,245.16,1035.65,384.33,237.81,285.47,442.46,209.08,102.19,3548.04,234.49,144.66,134.98,39.47,55.87,98.71,275.43
20261008,12:11:55,49382.23,44213.84,26703.2,17661.26,127.05,1894.77,493.99,483.72,555.66,111.19,166.44,205.78,91.64,150.22,273.64,121.92,194.06,294.25,3138.07,1660.31,469.54,79.7,245.04,1035.79,384.33,237.81,285.47,442.52,209.11,102.19,3548.24,234.49,144.66,134.98,39.47,55.87,98.71,275.73
20261008,12:12:00,49383.37,44214.95,26706.3,17664.83,127.05,1894.77,494.52,483.8,555.64,111.19,166.44,205.76,91.64,150.22,273.64,121.92,194.06,294.25,3138.07,1660.34,469.53,79.69,244.79,1035.95,384.33,237.81,285.47,442.52,209.08,102.19,3548.24,234.42,144.66,135.0,39.47,55.87,98.71,275.73
20261008,12:12:05,49377.62,44209.94,26700.43,17660.06,127.05,1894.77,494.06,483.93,555.64,111.19,166.44,205.76,91.64,150.01,273.64,121.92,194.06,294.0,3137.79,1660.08,469.46,79.69,245.04,1035.86,384.36,237.81,285.51,442.49,209.12,102.19,3547.7,234.42,144.66,135.0,39.47,55.87,98.71,275.42
20261008,12:12:10,49421.64,44253.07,26699.42,17659.7,126.92,1894.77,493.98,483.93,555.64,111.19,166.45,205.8,91.64,150.22,273.64,121.92,194.06,294.22,3141.27,1662.63,469.44,79.7,245.04,1035.9,384.36,237.81,285.83,442.43,209.12,102.19,3547.48,234.09,144.66,135.0,39.47,55.89,98.71,275.42
20261008,12:12:15,49381.78,44212.17,26705.43,17659.71,126.92,1894.77,493.9,483.8,555.87,111.19,166.45,205.79,91.64,150.22,273.64,121.94,194.06,294.26,3137.97,1660.11,469.53,79.7,245.04,1035.74,384.29,237.81,285.82,442.43,209.12,102.19,3549.36,234.09,144.66,134.98,39.47,55.89,98.71,275.42
20261008,12:12:20,49420.07,44250.48,26703.55,17660.9,126.91,1896.19,493.99,483.72,555.9,111.19,166.45,205.79,91.64,150.22,273.64,121.92,194.06,294.26,3141.03,1662.79,469.53,79.66,244.87,1035.44,384.29,237.81,285.47,442.51,209.12,102.19,3548.45,234.09,144.66,134.98,39.47,55.89,98.71,275.42
20261008,12:12:25,49382.71,44214.83,26702.14,17661.79,126.91,1896.19,494.34,483.72,555.6,111.19,166.43,205.73,91.64,150.22,273.52,121.92,194.06,294.26,3138.14,1660.42,469.58,79.67,244.86,1035.42,384.29,237.81,285.77,442.51,209.09,102.19,3547.77,234.09,144.66,134.98,39.47,55.89,98.71,275.35
20261008,12:12:30,49380.21,44211.66,26703.49,17660.88,126.91,1894.77,494.34,483.64,555.46,111.19,166.44,205.76,91.65,150.22,273.52,121.92,194.06,294.26,3137.9,1660.26,469.59,79.67,244.74,1035.45,384.29,237.81,285.77,442.46,209.08,102.19,3548.44,234.42,144.66,134.98,39.47,55.89,98.71,275.27
20261008,12:12:35,49419.64,44249.49,26704.38,17659.94,126.91,1894.77,494.34,483.64,555.24,111.19,166.44,205.75,91.65,150.22,273.52,121.92,193.92,294.26,3140.98,1662.76,469.38,79.67,244.94,1035.48,384.3,237.81,285.46,442.46,209.08,102.19,3548.97,234.42,144.66,134.98,39.47,55.89,98.71,275.27
20261008,12:12:40,49417.59,44247.91,26703.53,17660.34,126.91,1894.77,494.43,483.48,555.24,111.19,166.45,205.75,91.66,150.01,273.52,121.94,193.92,294.26,3140.84,1662.56,469.4,79.66,244.81,1035.5,384.3,237.81,285.77,442.45,209.08,102.14,3548.59,234.42,144.66,134.98,39.47,55.89,98.71,275.27
20261008,12:12:45,49379.04,44210.34,26701.0,17657.43,126.91,1894.77,493.89,483.48,555.24,111.19,166.46,205.79,91.66,150.22,273.52,121.94,193.92,294.28,3137.88,1660.29,469.4,79.7,245.17,1035.48,384.3,237.81,285.46,442.56,209.12,102.14,3548.59,234.42,144.66,134.98,39.47,55.89,98.71,275.27
20261008,12:12:50,49379.75,44211.04,26700.55,17656.91,126.91,1894.77,493.89,483.61,555.23,111.19,166.45,205.72,91.66,150.22,273.52,121.92,193.88,294.28,3137.95,1660.38,469.48,79.68,245.05,1035.4,384.27,237.81,285.46,442.58,209.09,102.14,3548.59,234.42,144.66,134.98,39.47,55.89,98.71,275.27
20261008,12:12:55,49414.94,44244.99,26702.75,17658.3,126.91,1894.77,493.89,483.69,555.23,111.19,166.45,205.72,91.66,150.22,273.64,121.92,194.03,294.29,3140.65,1662.56,469.39,79.67,245.05,1035.25,384.27,237.81,285.46,442.53,209.12,102.14,3548.91,234.42,144.66,134.98,39.47,55.89,98.71,275.57
20261008,12:13:00,49414.12,44244.18,26705.93,17661.95,126.91,1894.77,494.34,483.69,555.23,111.19,166.45,205.72,91.66,150.22,273.64,121.93,194.03,294.29,3140.5,1662.48,469.49,79.68,244.8,1035.21,384.27,237.81,285.46,442.52,209.12,102.14,3548.91,234.42,144.66,134.97,39.47,55.92,98.71,275.56
20261008,12:13:05,49375.14,44206.2,26707.48,17663.74,126.91,1894.77,494.43,483.35,555.23,111.19,166.45,205.72,91.66,150.22,273.64,121.93,194.03,294.28,3137.39,1660.2,469.48,79.68,244.8,1034.47,384.27,237.81,285.77,442.54,209.27,102.14,3548.91,234.42,144.67,134.97,39.47,55.92,98.71,275.56
20261008,12:13:10,49377.51,44208.12,26708.95,17664.13,126.97,1894.77,494.43,483.35,555.23,111.19,166.46,205.74,91.66,150.22,273.64,121.93,194.03,294.31,3137.54,1660.12,469.48,79.67,245.05,1035.26,384.27,237.81,285.46,442.55,209.25,102.13,3549.26,234.42,144.67,134.97,39.47,55.94,98.71,275.57
20261008,12:13:15,49373.69,44207.02,26701.35,17664.17,126.97,1894.83,494.43,483.36,555.22,111.19,166.45,205.72,91.66,150.22,273.64,121.93,194.03,294.31,3137.45,1660.05,469.48,79.67,245.05,1035.25,384.3,237.81,285.46,442.62,209.24,102.13,3546.87,234.42,144.67,134.97,39.48,55.94,98.71,275.57
20261008,12:13:20,49409.53,44242.33,26699.07,17662.8,126.97,1894.83,494.43,483.36,555.22,111.2,166.46,205.75,91.66,150.22,273.46,121.93,194.03,294.29,3140.33,1662.51,469.39,79.68,244.91,1034.72,384.31,237.81,285.46,442.62,209.1,102.13,3546.53,234.42,144.67,134.97,39.48,55.94,98.71,275.6
20261008,12:13:25,49370.61,44202.03,26702.68,17659.02,126.91,1894.83,493.98,483.43,555.22,111.12,166.47,205.77,91.66,150.22,273.46,121.93,194.03,294.29,3137.17,1660.12,469.39,79.68,245.16,1034.4,384.31,237.71,285.46,442.65,209.1,102.13,3548.69,234.42,144.67,134.97,39.48,55.92,98.71,275.57
20261008,12:13:30,49405.73,44239.99,26692.25,17659.54,126.91,1896.25,493.98,483.4,555.22,111.12,166.46,205.76,91.66,150.21,273.46,121.93,194.03,294.29,3140.22,1662.47,469.51,79.68,244.92,1034.52,384.0,237.71,285.46,442.62,209.1,102.13,3545.29,234.42,144.67,134.98,39.48,55.92,98.71,275.57
20261008,12:13:35,49375.77,44207.2,26703.61,17660.57,127.04,1896.25,494.07,483.4,555.22,111.12,166.45,205.73,91.66,150.21,273.46,121.93,194.07,294.31,3137.55,1660.2,469.51,79.68,245.05,1035.04,384.06,237.71,285.45,442.62,209.1,102.13,3548.56,234.42,144.67,134.99,39.48,55.92,98.71,275.57
20261008,12:13:40,49370.96,44208.83,26686.89,17662.47,127.04,1896.25,493.97,483.4,555.22,111.12,166.45,205.72,91.66,150.21,273.46,121.93,194.07,294.31,3137.64,1660.14,469.51,79.72,245.05,1034.95,384.07,237.71,285.78,442.62,208.98,102.13,3542.82,234.42,145.26,134.99,39.48,55.92,98.71,275.22
20261008,12:13:45,49372.15,44207.23,26694.24,17661.7,126.91,1896.25,494.52,483.4,555.22,111.12,166.46,205.74,91.66,150.21,273.46,121.93,194.07,294.33,3137.53,1660.03,469.65,79.71,245.05,1035.02,384.07,237.71,285.69,442.62,208.99,102.13,3545.33,234.42,144.67,134.99,39.48,55.92,98.71,275.3
20261008,12:13:50,49374.96,44209.69,26692.75,17659.06,126.91,1896.25,494.06,483.32,555.22,111.11,166.44,205.74,91.65,150.21,273.46,121.92,194.07,294.33,3137.79,1660.21,469.69,79.72,245.17,1034.91,384.07,237.71,285.69,442.62,209.11,102.13,3545.57,234.42,144.67,134.99,39.48,55.92,98.71,275.3
20261008,12:13:55,49417.41,44248.55,26700.23,17659.29,126.91,1894.83,494.06,483.46,555.22,111.11,166.44,205.72,91.65,150.21,273.46,122.04,194.07,294.33,3140.92,1662.54,469.81,79.71,245.06,1035.14,384.07,237.71,285.68,442.62,209.11,102.13,3547.85,234.42,144.67,134.99,39.48,55.9,98.71,275.3
20261008,12:14:00,49375.48,44207.9,26699.34,17658.97,126.91,1894.89,494.06,483.53,555.22,111.11,166.43,205.69,91.65,150.21,273.46,121.92,194.07,294.4,3137.65,1660.15,469.81,79.71,244.63,1035.11,384.07,237.71,285.68,442.65,209.11,102.13,3547.66,234.42,144.67,134.98,39.48,55.9,98.71,275.38
20261008,12:14:05,49377.94,44208.78,26704.81,17660.19,126.91,1894.89,494.23,483.53,555.22,111.11,166.43,205.69,91.65,150.21,273.46,121.92,194.09,294.4,3137.69,1660.15,469.82,79.71,244.63,1035.23,384.07,237.71,285.68,442.65,209.11,102.13,3549.04,234.42,144.67,134.98,39.48,55.9,98.71,275.38
20261008,12:14:10,49377.63,44209.49,26701.44,17659.69,126.91,1894.89,494.14,483.77,555.27,111.11,166.43,205.71,91.65,150.0,273.46,121.92,194.12,294.4,3137.76,1660.39,469.58,79.71,244.74,1035.1,384.07,237.71,285.46,442.59,209.11,102.13,3548.12,234.43,144.67,134.98,39.48,55.9,98.71,275.38
20261008,12:14:15,49376.24,44208.1,26705.69,17664.44,126.91,1894.89,494.77,483.71,555.27,111.11,166.43,205.71,91.65,150.21,273.46,121.92,194.08,294.4,3137.53,1660.16,469.43,79.73,245.05,1035.1,384.07,237.75,285.46,442.59,209.1,102.13,3548.16,234.43,144.67,134.98,39.48,55.9,98.71,275.38
20261008,12:14:20,49376.95,44209.01,26706.64,17666.28,126.91,1896.31,494.77,483.71,555.27,111.11,166.44,205.72,91.65,150.21,273.46,122.07,194.08,294.4,3137.56,1660.27,469.54,79.69,244.69,1035.09,384.07,237.75,285.46,442.59,209.14,102.13,3547.95,234.43,144.67,134.98,39.48,55.9,98.71,275.38
20261008,12:14:25,49419.14,44250.54,26703.8,17664.4,127.04,1894.89,494.7,483.58,555.2,111.11,166.44,205.73,91.65,150.21,273.46,121.98,194.08,294.37,3140.95,1662.71,469.53,79.7,245.05,1035.03,384.04,237.75,285.67,442.65,209.11,102.13,3547.58,234.43,144.67,134.98,39.48,55.9,98.71,275.38
20261008,12:14:30,49375.15,44206.83,26705.94,17664.05,127.04,1894.89,494.69,483.21,555.2,111.11,166.44,205.73,91.65,150.21,273.46,121.98,194.08,294.35,3137.44,1660.21,469.48,79.78,245.06,1034.85,383.99,237.75,285.26,442.65,209.11,102.12,3548.34,234.43,144.67,134.98,39.48,55.92,98.71,275.38
20261008,12:14:35,49370.52,44203.94,26700.39,17663.07,127.04,1894.89,494.6,483.21,555.2,111.11,166.44,205.73,91.65,150.21,273.46,121.98,194.08,294.36,3137.23,1659.98,469.64,79.79,245.06,1034.86,383.99,237.75,285.26,442.65,209.08,102.12,3546.87,234.43,144.67,134.98,39.48,55.92,98.71,275.38
20261008,12:14:40,49362.1,44198.28,26693.07,17663.19,127.04,1895.11,494.6,483.13,555.2,111.11,166.43,205.71,91.65,150.21,273.46,121.98,194.08,294.36,3136.77,1660.03,469.44,79.77,245.06,1033.83,383.99,237.75,285.31,442.65,209.08,102.12,3544.56,234.43,144.67,134.98,39.48,55.94,98.71,275.38
20261008,12:14:45,49362.71,44197.93,26695.78,17663.16,126.91,1895.11,494.6,483.38,555.24,111.11,166.43,205.71,91.65,150.21,273.46,121.98,194.08,294.35,3136.74,1660.08,469.42,79.75,244.81,1033.93,383.99,237.75,285.26,442.7,209.08,102.12,3545.41,234.43,144.67,134.94,39.48,55.94,98.71,275.38
20261008,12:14:50,49365.81,44199.51,26696.76,17659.43,127.04,1894.89,494.06,483.34,555.24,111.12,166.43,205.7,91.65,150.21,273.46,122.0,194.08,294.37,3136.96,1660.15,469.34,79.76,245.04,1034.11,384.29,237.75,285.21,442.63,209.08,102.12,3546.73,234.43,144.67,134.91,39.48,55.94,98.71,275.38
20261008,12:14:55,49404.83,44236.97,26697.94,17658.92,127.04,1894.89,494.6,483.34,555.24,111.12,166.43,205.7,91.65,150.43,273.46,122.0,194.08,294.39,3139.99,1662.57,469.44,79.76,245.04,1034.17,384.29,237.75,284.89,442.6,209.08,102.12,3547.23,234.43,144.08,134.91,39.48,55.94,98.71,275.38
20261008,12:15:00,49410.7,44241.64,26697.07,17654.38,127.04,1894.89,494.06,483.34,555.25,111.12,166.42,205.67,91.65,150.21,273.46,121.97,194.04,294.39,3140.48,1662.45,469.45,79.76,245.04,1035.27,384.29,237.75,285.21,442.6,209.08,102.12,3548.19,234.43,144.08,134.91,39.48,55.94,98.71,275.38
20261008,12:15:05,49413.13,44243.38,26702.61,17658.69,126.91,1894.89,494.05,483.45,555.25,111.12,166.42,205.67,91.65,150.21,273.46,121.95,194.0,294.39,3140.51,1662.5,469.68,79.75,245.17,1034.8,384.29,237.75,285.25,442.6,209.08,102.12,3548.75,234.43,144.67,134.91,39.48,55.94,98.71,275.39
20261008,12:15:10,49375.66,44207.7,26702.71,17661.58,126.91,1894.89,494.59,483.45,555.25,111.12,166.42,205.67,91.65,150.43,273.46,121.94,194.0,294.39,3137.57,1660.21,469.56,79.74,245.17,1034.99,384.27,237.75,285.25,442.58,208.96,102.12,3548.0,234.43,144.66,134.91,39.48,55.94,98.71,275.39
20261008,12:15:15,49413.14,44244.45,26704.03,17663.85,126.91,1894.89,494.67,483.57,555.25,111.12,166.42,205.68,91.65,150.43,273.46,121.96,194.0,294.37,3140.48,1662.54,469.47,79.74,245.06,1034.93,384.24,237.75,285.25,442.6,209.11,102.12,3547.8,234.43,144.66,134.91,39.48,55.94,98.71,275.39
20261008,12:15:20,49410.76,44241.42,26707.89,17665.91,127.04,1896.54,494.67,483.49,555.25,111.12,166.42,205.68,91.65,150.43,273.46,122.08,194.0,294.37,3140.18,1662.41,469.68,79.73,244.92,1034.93,384.24,237.75,284.96,442.59,209.15,102.14,3548.45,234.43,144.66,134.91,39.48,55.94,98.71,275.37
20261008,12:15:25,49413.28,44244.13,26707.12,17665.87,127.04,1896.54,494.67,483.49,555.25,111.2,166.42,205.68,91.65,150.43,273.46,122.08,194.0,294.37,3140.4,1662.5,469.68,79.71,244.92,1034.82,384.26,237.75,285.27,442.6,209.11,102.14,3548.22,234.43,144.66,134.91,39.48,55.95,98.71,275.37
20261008,12:15:30,49371.36,44203.49,26705.74,17664.99,127.04,1895.12,494.67,483.38,555.25,111.2,166.44,205.67,91.66,150.43,273.46,121.96,194.0,294.37,3137.15,1660.03,469.7,79.7,245.06,1034.98,384.26,237.75,284.96,442.61,209.15,102.14,3548.02,234.43,144.66,134.91,39.48,55.95,98.71,275.39
20261008,12:15:35,49374.66,44206.45,26703.27,17661.3,127.04,1895.12,494.13,483.38,555.25,111.2,166.44,205.67,91.66,150.43,273.46,121.96,194.0,294.42,3137.47,1660.11,469.83,79.72,245.06,1034.94,384.26,237.75,285.26,442.61,209.15,102.11,3548.26,234.43,144.66,134.91,39.48,55.97,98.71,275.39
20261008,12:15:40,49414.68,44245.25,26702.78,17660.09,127.04,1895.12,494.13,483.45,555.18,111.2,166.44,205.67,91.66,150.21,273.46,121.95,194.0,294.42,3140.63,1662.55,469.82,79.69,245.06,1034.86,384.26,237.75,285.35,442.61,209.08,102.11,3548.43,234.43,144.66,134.91,39.48,55.97,98.71,275.39
20261008,12:15:45,49377.17,44208.75,26704.38,17662.09,126.91,1895.12,494.68,483.38,555.25,111.2,166.24,205.67,91.5,150.43,273.46,121.95,194.04,294.43,3137.64,1660.28,469.73,79.69,244.94,1034.96,384.27,237.74,285.35,442.61,209.08,102.11,3548.38,234.43,144.66,134.91,39.48,55.97,98.71,275.38
20261008,12:15:50,49375.82,44206.84,26702.55,17658.0,127.04,1896.29,494.68,483.3,555.18,111.2,166.25,205.69,91.5,150.43,273.46,121.95,194.04,294.43,3137.59,1660.25,469.82,79.69,245.07,1034.84,384.27,237.64,285.26,442.59,209.09,102.11,3548.92,234.43,144.07,134.91,39.48,55.97,98.71,275.38
20261008,12:15:55,49411.41,44241.15,26703.96,17658.36,127.04,1894.87,494.04,483.38,555.23,111.21,166.25,205.69,91.5,150.43,273.46,121.95,194.08,294.43,3140.34,1662.46,469.71,79.69,245.06,1035.09,384.27,237.64,284.95,442.6,209.12,102.11,3549.26,234.43,144.66,134.95,39.48,55.97,98.71,275.38
20261008,12:16:00,49371.07,44203.92,26697.35,17657.71,127.06,1894.87,494.05,483.38,555.23,111.13,166.24,205.67,91.5,150.21,273.46,121.93,194.08,294.42,3137.36,1660.16,469.57,79.69,244.81,1035.08,384.27,237.64,285.22,442.6,209.12,102.11,3547.38,234.43,144.66,134.95,39.48,55.97,98.71,275.38
20261008,12:16:05,49376.92,44207.92,26703.9,17659.55,127.06,1894.87,494.05,483.38,555.26,111.13,166.44,205.69,91.66,150.21,273.46,121.93,194.08,294.42,3137.63,1660.12,469.81,79.7,244.82,1035.69,384.02,237.64,285.18,442.54,209.08,102.11,3548.92,234.43,144.66,134.95,39.48,55.97,98.71,275.38
20261008,12:16:10,49374.4,44205.83,26706.67,17663.99,127.06,1894.87,494.51,483.38,555.26,111.22,166.42,205.65,91.65,150.21,273.46,121.91,194.08,294.41,3137.36,1660.05,469.51,79.69,245.07,1035.37,384.0,237.65,285.17,442.58,209.11,102.11,3548.59,234.44,144.66,134.95,39.48,55.97,98.71,275.68
20261008,12:16:15,49375.55,44207.76,26702.5,17661.89,127.06,1894.67,493.97,483.38,555.26,111.22,166.22,205.64,91.49,150.43,273.46,121.93,194.08,294.42,3137.57,1660.18,469.64,79.72,245.07,1035.26,384.0,237.65,285.17,442.58,208.99,102.11,3547.85,234.44,145.25,134.95,39.48,55.97,98.71,275.68
20261008,12:16:20,49412.5,44243.6,26698.46,17656.7,127.06,1894.67,493.96,483.46,555.12,111.22,166.22,205.64,91.49,150.43,273.46,121.93,194.08,294.42,3140.58,1662.61,469.56,79.69,244.89,1035.09,384.0,237.65,285.28,442.58,208.99,102.11,3548.0,234.44,144.66,134.95,39.48,55.97,98.71,275.7
20261008,12:16:25,49372.9,44204.37,26701.14,17657.62,127.12,1894.67,494.05,483.46,555.12,111.22,166.22,205.64,91.49,150.43,273.46,121.93,194.08,294.42,3137.39,1660.08,469.68,79.72,244.93,1035.12,384.0,237.65,285.28,442.59,209.02,102.11,3548.59,234.44,144.66,134.95,39.48,55.97,98.71,275.61
20261008,12:16:30,49378.43,44209.73,26702.01,17658.53,127.12,1894.89,494.05,483.46,555.12,111.22,166.22,205.64,91.49,150.43,273.46,121.93,194.08,294.43,3137.81,1660.22,469.67,79.71,244.82,1035.71,384.05,237.65,285.33,442.62,209.1,102.11,3548.61,234.44,144.66,134.95,39.48,55.97,98.71,275.63
20261008,12:16:35,49378.58,44212.2,26697.91,17661.58,127.12,1894.89,494.6,483.46,555.04,111.22,166.19,205.61,91.47,150.21,273.46,121.93,194.08,294.43,3137.93,1660.35,469.77,79.71,245.06,1035.24,384.05,237.65,285.38,442.62,209.1,102.14,3546.5,234.44,144.66,134.95,39.48,55.97,98.72,275.61
20261008,12:16:40,49377.31,44209.15,26703.45,17661.88,127.12,1894.89,494.59,483.46,555.04,111.22,166.19,205.64,91.47,150.43,273.46,121.91,194.08,294.44,3137.68,1660.35,469.78,79.71,244.82,1035.24,384.03,237.9,285.07,442.62,209.1,102.19,3548.15,234.44,144.66,134.95,39.48,55.97,98.72,275.6
20261008,12:16:45,49380.12,44211.76,26704.47,17662.63,127.12,1894.89,494.67,483.82,555.04,111.22,166.19,205.64,91.47,150.43,273.34,121.95,194.08,294.44,3137.87,1660.37,469.67,79.74,245.06,1035.1,384.03,237.9,285.38,442.59,209.09,102.11,3548.27,234.44,144.66,134.95,39.47,55.97,98.72,275.55
20261008,12:16:50,49379.19,44210.64,26704.03,17661.43,127.12,1894.89,494.67,483.82,555.04,111.22,166.19,205.62,91.47,150.43,273.34,121.91,194.08,294.43,3137.81,1660.31,469.77,79.73,245.06,1035.09,384.01,237.9,285.33,442.59,209.09,102.11,3548.46,234.44,144.66,134.95,39.47,55.97,98.72,275.25
20261008,12:16:55,49415.5,44245.87,26703.75,17660.56,127.12,1894.89,494.58,483.82,555.04,111.15,166.19,205.61,91.47,150.43,273.34,121.91,194.08,294.44,3140.67,1662.66,469.72,79.73,245.04,1035.11,384.01,237.9,285.03,442.61,209.09,102.11,3548.6,234.44,144.66,134.95,39.47,55.97,98.72,275.24
20261008,12:17:00,49415.25,44247.81,26697.82,17661.06,127.12,1894.89,494.57,483.99,555.04,111.15,166.18,205.64,91.46,150.43,273.34,121.97,194.08,294.44,3140.81,1662.67,469.91,79.72,244.8,1035.09,384.01,237.7,285.33,442.61,209.09,102.11,3546.61,234.44,144.66,134.95,39.47,55.97,98.72,275.26
20261008,12:17:05,49380.47,44210.88,26706.33,17660.69,126.99,1894.89,494.57,483.99,555.04,111.15,166.18,205.63,91.46,150.43,273.34,121.97,194.08,294.44,3137.85,1660.34,469.81,79.72,244.87,1035.24,384.0,237.7,285.33,442.61,209.09,102.11,3549.37,234.44,144.66,134.95,39.47,55.97,98.72,275.26
20261008,12:17:10,49418.84,44249.11,26704.41,17661.33,127.12,1894.89,494.58,483.99,555.04,111.15,166.18,205.65,91.46,150.43,273.34,121.97,194.08,294.44,3140.91,1662.82,469.82,79.72,244.51,1035.22,384.0,237.7,285.33,442.61,209.11,102.11,3548.6,234.44,144.66,134.95,39.47,55.97,98.72,275.26
20261008,12:17:15,49411.41,44244.23,26697.02,17660.68,126.99,1894.89,494.58,483.99,555.01,111.15,166.18,205.64,91.46,150.43,273.34,121.93,194.08,294.44,3140.53,1662.6,469.82,79.71,244.69,1035.23,384.0,237.7,285.01,442.57,209.13,102.11,3546.47,234.44,144.66,134.95,39.47,55.97,98.72,275.26
20261008,12:17:20,49373.24,44205.43,26701.91,17660.95,126.99,1894.89,494.58,483.99,555.04,111.15,166.19,205.66,91.46,150.43,273.34,121.93,194.08,294.44,3137.4,1660.07,469.91,79.71,244.56,1035.21,384.02,237.7,285.32,442.62,209.13,102.11,3547.92,234.44,144.66,134.95,39.47,55.97,98.72,275.26
20261008,12:17:25,49370.64,44202.93,26697.26,17655.7,126.93,1896.31,494.48,483.73,555.11,111.15,166.18,205.63,91.46,150.43,273.34,121.93,194.08,294.44,3137.32,1660.09,469.91,79.72,244.7,1035.24,384.02,237.7,285.01,442.54,209.16,102.11,3547.9,234.44,144.07,134.91,39.47,55.97,98.72,275.26
20261008,12:17:30,49369.13,44201.04,26699.79,17657.22,126.93,1896.31,494.65,483.99,555.11,111.23,166.17,205.6,91.46,150.43,273.34,121.91,194.08,294.44,3137.14,1660.08,469.67,79.71,244.56,1035.22,384.02,237.7,285.01,442.53,209.16,102.11,3548.27,234.44,144.07,134.91,39.48,55.97,98.72,275.26
20261008,12:17:35,49411.54,44242.03,26698.73,17654.87,126.93,1894.89,494.5,483.86,555.11,111.15,166.17,205.59,91.46,150.43,273.34,121.91,194.08,294.44,3140.5,1662.6,469.88,79.71,244.56,1035.23,384.0,237.46,285.01,442.52,209.13,102.11,3548.58,234.44,144.07,134.91,39.48,55.97,98.72,275.26
20261008,12:17:40,49367.52,44199.39,26698.94,17655.95,127.06,1894.89,494.59,483.86,555.12,111.15,166.17,205.6,91.46,150.43,273.34,121.91,194.08,294.44,3137.03,1660.22,469.88,79.71,244.49,1034.38,384.02,237.46,285.03,442.52,209.13,102.11,3548.35,234.44,144.07,134.91,39.48,55.97,98.72,275.26
20261008,12:17:45,49369.16,44201.75,26696.08,17655.23,126.93,1894.89,494.59,483.86,555.12,111.15,166.17,205.59,91.46,150.43,273.34,121.91,194.08,294.44,3137.24,1660.19,469.87,79.72,244.61,1034.43,384.02,237.46,285.36,442.53,209.09,102.11,3547.65,234.44,144.07,134.91,39.48,55.97,98.72,275.26
20261008,12:17:50,49369.38,44201.75,26691.71,17649.46,126.93,1894.89,494.04,483.86,555.12,111.15,165.97,205.59,91.3,150.43,273.34,121.9,194.08,294.44,3137.38,1660.19,469.87,79.71,244.72,1034.65,384.02,237.46,285.35,442.55,209.09,102.11,3547.85,234.44,144.07,134.91,39.48,55.95,99.0,275.26
20261008,12:17:55,49367.8,44199.98,26696.88,17654.67,127.06,1894.89,494.04,483.86,555.12,111.15,165.97,205.59,91.3,150.43,273.34,121.9,194.08,294.4,3137.11,1660.17,469.85,79.72,244.61,1034.61,384.02,237.46,285.03,442.55,209.13,102.11,3548.06,234.44,144.66,134.91,39.48,55.94,99.0,275.26
20261008,12:18:00,49363.55,44196.37,26693.93,17653.03,126.93,1894.89,494.04,483.86,555.12,111.15,165.99,205.64,91.3,150.43,273.34,121.9,194.08,294.4,3136.86,1660.15,469.64,79.71,244.48,1034.44,383.99,237.46,285.03,442.55,208.98,102.11,3547.58,234.44,144.66,134.91,39.48,55.94,99.0,275.27
20261008,12:18:05,49371.05,44202.8,26701.06,17658.32,126.93,1894.89,494.66,483.96,555.08,111.15,165.97,205.58,91.3,150.43,273.34,121.94,194.08,294.42,3137.25,1660.26,469.87,79.72,244.36,1034.47,383.93,237.46,285.35,442.6,209.01,102.11,3548.37,234.44,144.66,134.91,39.48,55.96,99.0,275.27
20261008,12:18:10,49367.2,44199.05,26701.79,17659.16,126.93,1894.89,494.58,483.96,555.08,111.15,165.97,205.58,91.3,150.43,273.34,121.94,194.1,294.42,3136.93,1659.96,469.87,79.68,244.43,1034.61,383.93,237.46,285.36,442.6,209.16,102.11,3548.37,234.44,144.66,134.91,39.48,55.96,99.0,275.27
20261008,12:18:15,49368.53,44200.34,26700.81,17657.99,126.93,1894.89,494.58,483.93,555.08,111.15,166.0,205.58,91.32,150.43,273.34,121.94,194.1,294.42,3137.06,1660.12,469.81,79.7,244.31,1034.59,383.93,237.46,285.36,442.55,209.02,102.11,3548.38,234.51,144.66,134.91,39.48,55.96,99.0,275.27
20261008,12:18:20,49373.08,44205.31,26695.1,17653.22,126.93,1894.89,493.94,483.79,555.26,111.15,166.0,205.61,91.32,150.43,273.34,121.9,194.1,294.42,3137.58,1660.24,469.81,79.71,244.31,1035.4,383.99,237.46,285.36,442.55,208.98,102.11,3547.89,234.51,144.66,134.91,39.48,55.96,99.0,275.27
20261008,12:18:25,49368.74,44201.08,26698.6,17657.25,126.93,1894.89,494.49,483.71,555.26,111.14,166.02,205.61,91.33,150.43,273.34,121.9,194.1,294.43,3137.14,1660.03,469.72,79.68,244.56,1035.36,383.99,237.46,285.05,442.55,208.98,102.11,3547.89,234.51,144.66,134.91,39.48,55.96,99.0,275.27
20261008,12:18:30,49368.06,44200.41,26700.52,17659.46,126.93,1894.89,494.49,483.71,555.26,111.14,166.23,205.67,91.49,150.21,273.34,121.93,194.1,294.43,3137.03,1660.14,469.74,79.69,244.67,1034.61,383.99,237.46,285.05,442.55,208.98,102.11,3547.89,234.5,144.66,134.91,39.48,55.96,99.0,275.27
20261008,12:18:35,49372.04,44203.86,26701.74,17659.38,126.93,1894.89,494.49,483.63,555.23,111.14,166.21,205.61,91.49,150.43,273.34,121.94,194.1,294.43,3137.31,1660.23,469.73,79.69,244.56,1034.62,383.93,237.46,285.45,442.55,208.98,102.11,3548.3,234.5,144.66,134.91,39.48,55.96,98.99,275.27
20261008,12:18:40,49413.75,44245.17,26699.99,17659.6,126.93,1894.89,494.58,483.63,555.23,111.22,166.19,205.55,91.49,150.21,273.35,121.91,194.1,294.43,3140.63,1662.6,469.63,79.68,244.62,1035.27,383.93,237.46,285.45,442.55,208.98,102.11,3547.69,234.5,144.66,134.91,39.48,55.96,98.99,275.27
20261008,12:18:45,49408.67,44240.22,26700.13,17659.8,126.93,1894.89,494.59,483.6,555.23,111.22,166.19,205.55,91.49,150.21,273.35,121.91,194.1,294.43,3140.23,1662.39,469.7,79.72,244.74,1035.1,383.93,237.46,285.14,442.55,208.98,102.11,3547.68,234.5,144.66,134.97,39.48,55.96,98.99,275.27
20261008,12:18:50,49410.64,44242.33,26696.13,17655.83,126.93,1894.94,494.04,483.6,555.15,111.22,166.19,205.55,91.48,150.21,273.35,121.91,194.1,294.43,3140.5,1662.44,469.79,79.69,244.85,1035.04,383.93,237.46,285.45,442.55,208.98,102.11,3547.51,234.5,144.66,135.06,39.48,55.96,98.99,275.27
20261008,12:18:55,49409.66,44241.81,26698.16,17659.65,126.93,1894.95,494.58,483.53,555.12,111.13,166.19,205.55,91.48,150.43,273.35,121.91,194.1,294.43,3140.36,1662.39,469.71,79.7,244.73,1035.06,383.92,237.46,285.45,442.55,208.99,102.11,3547.11,234.5,144.66,135.06,39.48,55.96,98.99,275.26
20261008,12:19:00,49365.8,44199.08,26696.66,17657.92,126.93,1894.95,494.49,483.53,555.1,111.2,166.2,205.59,91.48,150.21,273.35,121.91,194.1,294.43,3136.96,1660.01,469.53,79.7,244.55,1035.06,383.92,237.45,285.14,442.53,208.87,102.11,3547.11,234.51,144.66,135.06,39.48,55.96,98.99,275.26
20261008,12:19:05,49364.66,44196.75,26697.69,17655.04,126.93,1894.95,493.95,483.53,555.1,111.2,166.2,205.59,91.48,150.21,273.35,121.91,194.1,294.43,3136.84,1660.07,469.74,79.7,244.61,1034.29,383.98,237.45,285.14,442.61,208.99,102.11,3548.21,234.51,144.66,135.06,39.48,55.94,98.99,275.26
20261008,12:19:10,49365.59,44198.12,26699.77,17658.98,126.93,1894.95,494.49,483.6,555.16,111.2,166.2,205.59,91.48,150.21,273.35,121.91,194.1,294.43,3136.86,1660.07,469.74,79.69,244.62,1034.36,383.92,237.45,285.14,442.59,208.95,102.11,3547.79,234.51,144.67,135.06,39.48,55.94,98.99,275.26
20261008,12:19:15,49403.0,44234.99,26698.4,17658.76,126.93,1894.95,494.49,483.6,555.16,111.2,166.2,205.6,91.48,150.21,273.35,121.91,194.1,294.43,3139.84,1662.34,469.72,79.71,244.74,1034.33,383.92,237.45,285.14,442.56,208.95,102.11,3547.42,234.51,144.66,135.04,39.48,55.94,98.99,275.26
20261008,12:19:20,49365.47,44197.89,26700.83,17659.82,126.93,1894.73,494.49,483.6,555.2,111.2,166.2,205.6,91.48,150.21,273.35,121.89,194.07,294.43,3136.82,1659.95,469.72,79.72,244.49,1034.32,383.86,237.45,285.46,442.54,209.07,102.11,3547.89,234.51,144.66,135.04,39.48,55.95,98.99,275.26
20261008,12:19:25,49366.9,44200.02,26698.35,17659.41,126.93,1894.36,494.49,483.67,555.12,111.2,166.19,205.58,91.48,150.21,273.35,121.89,194.07,294.43,3137.0,1659.83,469.74,79.72,244.49,1035.06,384.1,237.45,285.46,442.54,209.07,102.11,3547.23,234.51,144.66,135.04,39.48,55.95,98.99,275.26
20261008,12:19:30,49368.69,44203.72,26692.07,17658.74,126.93,1894.36,494.58,483.6,555.21,111.2,166.18,205.53,91.48,150.0,273.35,121.89,194.07,294.43,3137.32,1660.05,469.63,79.71,244.74,1035.04,384.1,237.45,285.46,442.54,208.95,102.11,3545.45,234.51,144.66,135.04,39.48,55.95,98.99,275.26
20261008,12:19:35,49410.03,44241.18,26699.86,17658.27,126.93,1894.36,494.5,483.6,555.21,111.21,166.18,205.53,91.48,150.21,273.35,121.89,193.93,294.4,3140.35,1662.46,469.72,79.71,244.48,1034.96,383.98,237.45,285.47,442.54,208.95,102.11,3548.01,234.51,144.66,135.04,39.48,55.95,98.99,275.26
20261008,12:19:40,49369.18,44203.44,26694.17,17658.62,126.93,1894.36,494.5,483.6,555.28,111.21,166.19,205.55,91.48,150.21,273.35,121.91,194.07,294.4,3137.3,1660.3,469.72,79.71,244.85,1034.45,384.0,237.45,285.14,442.54,208.95,102.11,3546.14,234.51,144.66,134.97,39.48,55.95,98.99,275.25
20261008,12:19:45,49372.7,44204.84,26696.41,17654.43,126.93,1894.36,493.95,483.6,555.28,111.13,166.19,205.58,91.48,150.21,273.35,121.91,194.07,294.4,3137.51,1660.35,469.72,79.71,244.85,1034.41,384.0,237.45,285.46,442.53,208.95,102.11,3547.98,234.51,144.66,134.97,39.48,55.95,98.99,275.25
20261008,12:19:50,49366.27,44198.75,26696.27,17654.85,126.93,1894.36,493.95,483.6,555.2,111.21,166.19,205.61,91.48,150.21,273.35,121.91,194.07,294.41,3137.01,1660.17,469.76,79.71,244.56,1034.45,384.06,237.45,285.1,442.53,208.99,102.11,3547.82,234.51,144.66,134.97,39.48,55.95,98.99,275.25
20261008,12:19:55,49408.78,44240.34,26696.31,17655.44,126.93,1894.3,494.5,483.6,555.22,111.21,166.0,205.61,91.32,150.21,273.35,121.89,194.07,294.41,3140.35,1662.62,469.71,79.7,244.36,1034.61,384.06,237.45,285.46,442.53,208.87,102.11,3547.67,234.51,144.66,134.97,39.48,55.95,98.99,275.26
20261008,12:20:00,49364.97,44198.28,26694.32,17655.24,126.93,1894.3,494.5,483.68,555.22,111.21,166.0,205.57,91.33,150.21,273.35,121.89,194.07,294.38,3136.96,1660.11,469.75,79.71,244.34,1034.65,384.04,237.45,285.15,442.53,208.84,102.11,3547.1,234.51,144.67,134.97,39.48,55.95,98.99,275.26
20261008,12:20:05,49367.86,44199.87,26697.97,17655.35,126.93,1894.36,494.5,483.68,555.22,111.21,166.01,205.62,91.33,150.21,273.35,121.89,194.07,294.38,3137.09,1660.17,469.74,79.71,244.48,1034.65,384.04,237.45,285.15,442.52,208.83,102.11,3548.21,234.51,144.67,134.97,39.48,55.95,98.99,275.26
20261008,12:20:10,49373.58,44205.41,26698.88,17656.32,126.93,1894.36,494.5,483.68,555.15,111.21,166.0,205.55,91.33,150.21,273.35,121.89,194.07,294.37,3137.51,1660.29,469.74,79.72,244.68,1034.68,384.04,237.45,285.46,442.52,208.95,102.11,3548.23,234.58,144.67,134.97,39.48,55.95,98.99,275.31
20261008,12:20:15,49370.68,44205.19,26689.89,17654.66,126.93,1895.78,494.03,483.6,555.48,111.21,166.0,205.57,91.33,150.0,273.35,121.89,194.07,294.37,3137.53,1660.29,469.7,79.72,244.92,1034.54,383.9,237.45,285.5,442.51,208.95,102.11,3545.88,234.58,144.67,134.97,39.48,55.97,98.99,275.39
20261008,12:20:20,49373.34,44205.28,26697.16,17654.67,126.93,1895.78,494.04,483.6,555.38,111.21,166.0,205.57,91.33,150.0,273.35,121.95,194.03,294.38,3137.54,1660.38,469.79,79.74,244.92,1034.55,383.9,237.45,285.19,442.51,208.94,102.11,3548.15,234.57,144.67,134.97,39.48,55.97,98.99,275.39
20261008,12:20:25,49416.17,44247.02,26694.43,17651.52,126.99,1894.36,494.03,483.6,555.39,111.21,166.19,205.53,91.49,150.0,273.35,121.95,194.08,294.38,3140.98,1662.82,469.8,79.7,244.81,1034.93,383.9,237.45,285.5,442.51,208.94,102.11,3548.15,234.57,144.08,134.97,39.48,55.97,98.99,275.39
20261008,12:20:30,49371.52,44203.48,26701.93,17660.05,126.99,1894.36,494.51,483.35,555.52,111.21,166.18,205.5,91.49,150.21,273.35,121.95,194.08,294.38,3137.26,1660.27,469.61,79.7,244.44,1034.9,383.9,237.45,285.19,442.51,208.95,102.11,3548.17,234.57,144.67,134.97,39.48,55.96,98.99,275.37
20261008,12:20:35,49410.98,44241.71,26697.95,17654.73,126.93,1894.36,494.04,483.35,555.3,111.21,166.19,205.53,91.49,150.21,273.35,121.78,194.08,294.38,3140.47,1662.67,469.83,79.7,244.56,1034.41,383.9,237.45,285.5,442.51,208.95,102.11,3548.37,234.57,144.67,134.97,39.48,55.96,98.99,275.37
20261008,12:20:40,49371.52,44203.48,26698.34,17655.92,126.93,1894.36,494.12,483.35,555.3,111.21,166.19,205.52,91.49,150.43,273.35,121.78,194.08,294.38,3137.36,1660.24,469.97,79.73,244.44,1034.42,383.98,237.45,285.5,442.51,208.96,102.11,3548.17,234.53,144.67,135.07,39.48,55.96,98.99,275.37
20261008,12:20:45,49374.6,44207.48,26697.82,17658.66,126.93,1894.36,494.59,483.48,555.24,111.21,166.19,205.53,91.49,150.0,273.35,121.78,194.08,294.38,3137.62,1660.27,469.97,79.74,244.81,1034.96,383.98,237.45,285.19,442.51,208.95,102.11,3547.27,234.53,144.67,135.07,39.48,55.96,98.99,275.37
20261008,12:20:50,49378.09,44210.08,26698.99,17657.34,126.91,1894.36,494.67,483.48,555.24,111.21,165.98,205.49,91.33,150.0,273.35,121.84,194.08,294.38,3137.86,1660.33,469.88,79.7,244.99,1034.95,384.01,237.45,285.51,442.57,208.95,102.11,3547.99,234.53,144.67,135.07,39.48,55.96,98.99,275.34
20261008,12:20:55,49412.37,44243.56,26699.04,17657.64,126.91,1894.36,494.58,483.48,555.24,111.21,165.98,205.51,91.33,150.21,273.35,121.96,194.08,294.38,3140.55,1662.49,469.88,79.73,244.74,1035.25,384.01,237.45,285.19,442.51,208.95,102.11,3547.92,234.53,144.67,135.07,39.48,55.94,98.99,275.38
20261008,12:21:00,49373.0,44205.35,26700.17,17659.47,126.91,1894.36,494.66,483.48,555.55,111.21,165.99,205.51,91.33,150.21,273.35,121.96,194.08,294.38,3137.43,1660.09,469.86,79.71,244.99,1035.11,384.01,237.45,285.15,442.51,208.98,102.11,3547.78,234.53,144.67,135.07,39.48,55.94,98.99,275.38
20261008,12:21:05,49375.75,44207.77,26700.89,17659.44,126.91,1894.36,494.66,483.48,555.55,111.21,165.98,205.48,91.33,150.21,273.35,121.92,194.11,294.38,3137.63,1660.01,470.1,79.74,244.97,1035.15,384.01,237.45,285.46,442.55,208.99,102.11,3548.01,234.57,144.67,135.07,39.48,55.94,98.99,275.38
20261008,12:21:10,49413.87,44244.69,26702.13,17660.1,127.04,1894.73,494.66,483.61,555.55,111.21,165.97,205.46,91.33,150.21,273.35,121.92,194.11,294.38,3140.58,1662.47,470.09,79.71,244.85,1035.12,384.01,237.47,285.19,442.55,208.99,102.11,3548.22,234.57,144.67,135.07,39.48,55.94,98.99,275.38
20261008,12:21:15,49371.9,44205.91,26694.68,17658.58,126.91,1894.73,494.65,483.73,555.47,111.21,165.97,205.46,91.33,150.21,273.35,121.92,194.11,294.35,3137.5,1660.08,470.17,79.74,244.72,1035.13,384.01,237.47,285.19,442.54,208.91,102.11,3546.31,234.57,144.67,135.07,39.48,55.94,98.99,275.38
20261008,12:21:20,49373.24,44209.9,26687.05,17658.79,126.91,1894.73,494.66,483.72,555.47,111.21,165.97,205.46,91.33,150.21,273.35,121.94,194.1,294.35,3137.81,1660.23,470.17,79.73,244.96,1035.22,384.01,237.47,285.19,442.54,208.91,102.11,3543.87,234.57,144.67,135.07,39.48,55.94,98.99,275.38
20261008,12:21:25,49371.75,44209.18,26686.0,17660.05,126.91,1894.73,494.66,483.72,555.54,111.21,165.97,205.46,91.33,150.43,273.35,121.94,194.1,294.34,3137.72,1660.15,470.18,79.72,244.96,1035.27,384.01,237.47,285.19,442.54,208.98,102.11,3543.2,234.57,144.67,135.07,39.48,55.94,98.99,275.4
20261008,12:21:30,49374.15,44209.64,26694.7,17663.77,126.91,1894.73,495.2,483.72,555.54,111.21,165.97,205.47,91.33,150.21,273.35,121.94,194.1,294.34,3137.67,1660.16,470.18,79.72,244.9,1034.77,384.01,237.72,285.49,442.58,208.98,102.11,3544.91,234.57,144.66,135.1,39.48,55.94,98.99,275.4
20261008,12:21:35,49377.64,44210.16,26707.86,17669.28,126.91,1894.73,495.29,483.72,555.54,111.21,165.97,205.49,91.32,150.21,273.35,121.94,194.1,294.36,3137.58,1660.15,470.09,79.7,244.9,1034.82,384.07,237.72,285.4,442.57,208.99,102.11,3547.52,234.57,145.25,135.1,39.48,55.94,98.99,275.4
20261008,12:21:40,49374.38,44206.89,26705.28,17665.99,126.91,1894.73,495.38,483.72,555.7,111.21,165.98,205.52,91.32,150.21,273.35,121.96,194.1,294.36,3137.4,1660.0,469.97,79.69,245.08,1034.83,384.01,237.72,285.4,442.57,209.0,102.11,3547.61,234.57,144.66,135.1,39.48,55.94,98.99,275.41
20261008,12:21:45,49373.3,44205.97,26704.2,17665.22,126.91,1894.73,495.28,483.9,555.7,111.21,165.96,205.5,91.31,150.21,273.35,121.94,194.1,294.4,3137.34,1660.04,470.08,79.71,245.08,1034.83,383.94,237.73,285.09,442.57,209.0,102.11,3547.48,234.57,144.66,135.1,39.48,55.94,98.99,275.41
20261008,12:21:50,49377.41,44210.73,26701.12,17664.17,126.91,1894.73,495.37,483.57,555.62,111.21,165.96,205.5,91.31,150.21,273.35,121.94,194.1,294.4,3137.75,1660.31,470.2,79.71,244.97,1034.92,384.01,237.73,285.09,442.57,208.88,102.11,3546.8,234.57,144.66,135.1,39.48,55.94,98.99,275.41
20261008,12:21:55,49377.97,44211.27,26701.62,17664.75,126.78,1894.73,495.37,483.57,555.63,111.21,165.95,205.48,91.31,150.21,273.35,121.94,194.06,294.4,3137.78,1660.39,470.06,79.71,244.72,1034.73,384.01,237.73,285.4,442.57,208.99,102.11,3546.8,234.57,144.66,135.1,39.48,55.94,98.99,275.41
20261008,12:22:00,49372.31,44205.58,26702.76,17665.48,126.78,1894.73,495.45,483.7,555.63,111.21,165.95,205.48,91.31,150.21,273.35,121.94,194.1,294.4,3137.3,1660.16,470.04,79.7,244.72,1034.76,384.26,237.7,285.05,442.56,208.99,102.08,3546.96,234.57,144.66,135.1,39.48,55.94,98.99,275.41
20261008,12:22:05,49413.94,44246.36,26702.08,17665.38,126.78,1894.73,495.44,483.7,555.63,111.21,165.96,205.52,91.31,150.21,273.35,121.94,194.13,294.39,3140.59,1662.69,470.18,79.72,244.74,1034.59,384.32,237.7,285.05,442.58,208.95,102.11,3546.78,234.57,144.66,135.1,39.48,55.95,98.99,275.41
20261008,12:22:10,49376.43,44209.21,26703.6,17665.14,126.91,1894.36,495.44,483.71,555.68,111.13,165.94,205.48,91.3,150.21,273.35,121.91,194.13,294.39,3137.6,1660.19,470.07,79.72,245.1,1034.6,384.32,237.7,285.36,442.6,208.95,102.11,3547.31,234.57,144.66,135.1,39.48,55.95,98.99,275.42
20261008,12:22:15,49373.8,44206.4,26700.63,17660.91,126.91,1894.36,494.81,483.71,555.68,111.21,165.94,205.5,91.3,150.21,273.35,121.92,194.13,294.37,3137.48,1660.16,470.02,79.72,244.85,1034.72,384.2,237.7,285.31,442.6,208.97,102.11,3547.53,234.57,144.66,135.09,39.48,55.95,98.99,275.4
20261008,12:22:20,49372.07,44204.93,26700.47,17661.44,126.91,1894.59,494.9,483.45,555.76,111.21,165.93,205.47,91.29,150.21,273.35,121.92,194.13,294.37,3137.35,1660.15,470.13,79.72,244.84,1034.72,384.38,237.7,285.0,442.58,208.97,102.11,3547.34,234.57,144.66,135.09,39.48,55.95,98.99,275.4
20261008,12:22:25,49375.24,44208.69,26699.3,17662.33,126.91,1894.95,494.99,483.45,555.76,111.21,165.93,205.46,91.29,150.21,273.35,121.94,194.13,294.36,3137.63,1660.22,469.97,79.71,244.96,1034.87,384.06,237.7,285.32,442.58,208.97,102.11,3546.73,234.57,144.66,135.09,39.48,55.95,98.99,275.41
20261008,12:22:30,49372.7,44205.84,26701.97,17664.12,126.78,1894.95,495.37,483.45,555.76,111.21,165.93,205.46,91.29,150.21,273.35,121.93,194.13,294.14,3137.36,1660.09,469.97,79.71,245.07,1034.55,384.06,237.7,285.32,442.58,208.97,102.11,3547.08,234.57,144.66,135.09,39.48,55.95,98.99,275.41
20261008,12:22:35,49371.58,44206.87,26692.52,17660.39,126.78,1894.89,494.92,483.45,555.76,111.13,165.93,205.46,91.29,150.21,273.35,121.93,194.13,294.14,3137.53,1660.16,470.26,79.7,244.82,1034.67,384.06,237.7,285.32,442.64,208.94,102.11,3545.15,234.57,144.66,135.09,39.48,55.95,98.99,275.41
20261008,12:22:40,49408.28,44242.82,26692.67,17661.17,126.78,1894.89,495.01,483.45,555.76,111.13,165.93,205.49,91.29,150.21,273.35,121.91,194.17,294.14,3140.41,1662.5,470.15,79.71,244.82,1034.69,384.36,237.7,285.06,442.58,208.98,102.08,3544.98,234.57,144.66,135.09,39.48,55.94,98.99,275.41
20261008,12:22:45,49411.99,44246.85,26691.71,17661.47,126.91,1894.89,495.0,483.46,555.76,111.13,165.94,205.49,91.29,150.21,273.35,121.91,194.17,294.14,3140.73,1662.66,470.02,79.74,244.82,1035.02,384.36,237.7,285.06,442.58,208.98,102.08,3544.6,234.57,144.66,135.07,39.48,55.94,98.99,275.41
20261008,12:22:50,49376.94,44210.09,26698.63,17660.72,126.91,1894.89,495.0,483.46,555.68,111.13,165.93,205.49,91.29,150.21,273.35,121.91,194.17,294.11,3137.78,1660.22,470.13,79.71,245.07,1034.89,384.28,237.7,285.37,442.58,208.93,102.08,3546.96,234.57,144.66,135.09,39.48,55.94,98.99,275.41
20261008,12:22:55,49415.53,44249.42,26697.67,17665.39,126.91,1894.89,495.63,483.46,555.68,111.11,165.93,205.49,91.29,150.21,273.35,121.91,194.17,294.11,3140.84,1662.57,470.05,79.67,245.08,1034.92,384.28,237.7,285.46,442.58,208.94,102.11,3545.39,234.57,144.66,135.08,39.48,55.94,98.99,275.41
20261008,12:23:00,49365.62,44203.45,26685.93,17660.78,126.85,1894.89,495.01,483.46,555.79,111.02,165.94,205.5,91.29,150.21,273.35,121.91,194.17,294.11,3137.24,1660.1,469.95,79.66,244.72,1034.91,383.95,237.7,285.14,442.58,208.94,102.11,3542.98,234.57,144.66,135.08,39.48,55.94,98.99,275.41
20261008,12:23:05,49409.18,44241.55,26697.67,17659.75,126.72,1894.89,494.92,483.53,555.79,111.02,165.94,205.5,91.29,150.21,273.35,121.91,194.03,294.11,3140.34,1662.46,470.06,79.67,244.72,1034.42,384.26,237.7,285.45,442.58,208.95,102.11,3546.93,234.57,144.66,135.08,39.48,55.94,98.99,275.41
20261008,12:23:10,49366.21,44204.62,26679.61,17655.5,126.72,1894.89,494.38,483.53,555.79,111.02,165.94,205.51,91.29,150.21,273.35,121.92,194.03,294.11,3137.47,1660.35,469.9,79.66,244.96,1034.44,384.26,237.7,285.15,442.56,208.95,102.11,3542.44,234.57,144.66,135.08,39.48,55.92,98.8,275.43
20261008,12:23:15,49364.62,44202.13,26686.55,17660.33,126.91,1894.89,495.01,483.69,555.79,111.02,165.94,205.51,91.29,150.21,273.35,121.92,194.03,294.11,3137.15,1660.18,469.9,79.62,244.83,1034.46,384.28,237.7,285.11,442.56,208.93,102.11,3543.3,234.57,144.66,134.98,39.48,55.9,98.89,275.43
20261008,12:23:20,49367.71,44203.39,26687.1,17655.11,126.91,1894.89,494.46,483.69,555.79,111.02,165.94,205.51,91.29,150.21,273.35,121.93,194.03,294.11,3137.38,1660.21,469.98,79.62,244.71,1034.52,384.28,237.7,285.43,442.56,208.82,102.11,3544.88,234.57,144.66,134.98,39.48,55.9,98.8,275.43
20261008,12:23:25,49412.75,44245.01,26699.09,17661.34,126.91,1894.89,495.0,483.66,555.87,111.02,166.13,205.49,91.45,150.21,273.35,121.93,194.07,294.11,3140.58,1662.57,470.0,79.63,245.07,1034.48,383.97,237.7,285.47,442.52,208.82,102.11,3546.94,234.57,144.66,134.98,39.48,55.9,98.8,275.44
20261008,12:23:30,49371.85,44205.37,26695.68,17658.12,126.91,1894.89,494.47,483.77,555.79,111.02,166.13,205.51,91.45,150.21,273.35,121.93,194.07,294.11,3137.46,1660.28,470.0,79.63,245.08,1034.55,383.97,237.7,285.16,442.52,208.9,102.11,3546.75,234.57,144.66,134.98,39.48,55.9,98.8,275.44
20261008,12:23:35,49372.24,44205.81,26696.12,17658.8,126.91,1894.89,494.55,483.89,555.79,111.0,166.13,205.51,91.45,150.21,273.35,121.95,194.07,294.11,3137.48,1660.32,469.9,79.61,245.08,1034.59,383.95,237.7,285.15,442.52,208.89,102.11,3546.7,234.57,144.66,134.98,39.48,55.9,98.8,275.44
20261008,12:23:40,49367.55,44201.46,26695.48,17658.84,126.91,1894.89,494.55,484.02,555.78,111.0,166.13,205.49,91.45,150.22,273.35,121.95,194.07,294.1,3137.13,1660.12,470.01,79.58,244.83,1034.57,383.95,237.7,285.15,442.52,208.89,102.11,3546.49,234.57,144.66,134.98,39.48,55.9,98.8,275.43
20261008,12:23:45,49370.66,44203.84,26697.13,17658.55,126.91,1894.89,494.55,483.94,555.78,111.0,166.13,205.49,91.45,150.01,273.35,121.95,194.03,294.1,3137.33,1660.23,469.9,79.59,245.08,1034.56,383.97,237.71,285.15,442.46,208.9,102.11,3547.08,234.57,144.66,134.98,39.48,55.91,98.8,275.43
20261008,12:23:50,49367.51,44201.03,26695.76,17657.82,126.78,1894.89,494.54,483.81,555.71,111.08,166.11,205.45,91.45,150.01,273.35,121.95,194.03,294.1,3137.12,1660.2,469.97,79.57,244.72,1034.45,383.97,237.71,285.15,442.45,208.9,102.11,3546.85,234.57,144.66,134.98,39.48,55.91,98.8,275.43
20261008,12:23:55,49369.93,44203.35,26695.89,17657.86,126.72,1894.89,494.54,483.81,555.71,111.0,166.12,205.47,91.44,150.22,273.35,121.95,194.03,294.1,3137.31,1660.25,470.12,79.56,244.96,1034.38,383.94,237.71,285.17,442.45,208.92,102.11,3546.88,234.57,144.66,134.98,39.48,55.91,98.8,275.43
20261008,12:24:00,49370.39,44203.05,26698.18,17657.99,126.78,1896.31,494.45,483.73,555.71,111.08,166.12,205.47,91.45,150.22,273.35,121.95,194.03,294.1,3137.28,1660.16,470.26,79.57,244.53,1034.39,383.96,237.71,285.48,442.45,208.9,102.11,3547.56,234.57,144.66,134.98,39.48,55.91,98.8,275.42
20261008,12:24:05,49360.13,44194.99,26689.91,17654.95,126.91,1897.73,493.84,483.73,555.71,111.08,166.12,205.48,91.45,150.22,273.35,121.95,194.03,294.1,3136.7,1660.07,470.21,79.57,244.42,1033.84,383.96,237.72,285.17,442.45,208.95,102.11,3545.8,234.57,144.66,134.98,39.48,55.91,98.8,275.42
20261008,12:24:10,49363.2,44195.86,26694.85,17653.52,126.91,1896.31,493.92,483.73,555.78,111.08,166.12,205.48,91.45,150.22,273.35,121.95,194.03,294.09,3136.81,1660.1,470.05,79.61,244.71,1033.84,383.96,237.72,285.17,442.45,208.8,102.11,3547.74,234.57,144.66,134.98,39.48,55.91,98.8,275.32
20261008,12:24:15,49367.67,44199.86,26695.95,17653.63,126.91,1896.25,493.92,483.73,555.86,111.1,166.13,205.5,91.45,150.01,273.35,121.95,194.03,294.09,3137.13,1660.14,470.07,79.6,245.19,1033.64,383.94,237.72,285.49,442.5,208.8,102.1,3548.05,234.57,144.66,134.98,39.48,55.91,98.8,275.32
20261008,12:24:20,49372.78,44205.05,26696.38,17654.83,126.91,1896.25,493.92,483.73,555.86,111.02,166.14,205.5,91.46,150.01,273.35,121.95,194.03,294.09,3137.52,1660.19,470.07,79.58,245.08,1034.56,383.94,237.72,285.49,442.5,208.92,102.1,3547.86,234.61,144.66,134.98,39.48,55.91,98.8,275.37
20261008,12:24:25,49370.5,44203.21,26694.58,17654.01,126.91,1896.25,493.83,483.7,555.86,111.02,166.14,205.48,91.46,150.0,273.35,121.94,194.03,294.09,3137.39,1660.14,470.09,79.58,244.83,1034.54,384.31,237.71,285.48,442.44,208.9,102.1,3547.52,234.65,144.66,134.98,39.48,55.93,98.8,275.37
20261008,12:24:30,49371.42,44204.11,26697.13,17656.95,126.91,1896.25,494.29,483.7,555.78,111.02,166.14,205.5,91.46,150.0,273.35,121.94,194.03,294.09,3137.39,1660.16,469.96,79.59,245.08,1034.78,384.29,237.71,285.17,442.49,208.89,102.1,3547.51,234.65,144.66,134.98,39.48,55.93,98.8,275.35
20261008,12:24:35,49369.91,44202.02,26695.24,17652.72,126.91,1896.25,493.82,483.7,555.78,110.94,166.15,205.47,91.47,150.21,273.35,121.93,194.03,294.09,3137.32,1660.17,470.09,79.56,244.83,1034.73,384.29,237.71,285.18,442.48,208.79,102.1,3548.07,234.65,144.66,134.98,39.48,55.93,98.8,275.35
20261008,12:24:40,49374.6,44207.18,26693.37,17652.53,126.91,1896.25,493.82,483.71,555.77,110.93,166.16,205.51,91.47,150.21,273.35,121.94,194.03,294.09,3137.74,1660.32,469.99,79.58,245.08,1034.72,384.29,237.71,285.49,442.48,208.79,102.1,3547.54,234.65,144.66,134.88,39.48,55.93,98.8,275.35
20261008,12:24:45,49375.43,44207.36,26699.46,17657.45,126.91,1896.25,494.37,483.71,555.76,110.93,166.15,205.46,91.47,150.21,273.35,121.94,194.03,294.09,3137.64,1660.22,469.99,79.63,245.19,1034.58,384.29,237.71,285.49,442.48,208.9,102.1,3548.11,234.65,144.66,134.88,39.48,55.93,98.8,275.35
20261008,12:24:50,49374.65,44206.6,26699.41,17657.39,127.04,1896.25,494.27,483.71,555.73,111.01,166.13,205.46,91.46,150.21,273.35,121.94,194.03,294.09,3137.58,1660.27,469.98,79.69,245.08,1034.58,384.25,237.71,285.26,442.48,208.93,102.1,3548.11,234.65,144.66,134.88,39.47,55.93,98.8,275.35
20261008,12:24:55,49368.6,44201.08,26695.27,17653.87,126.91,1896.25,493.82,483.71,555.73,111.01,166.13,205.46,91.46,150.22,273.35,121.94,194.17,294.08,3137.22,1660.15,469.96,79.69,244.71,1034.57,384.19,237.71,285.17,442.47,208.93,102.1,3547.77,234.65,144.66,134.88,39.47,55.93,98.8,275.35
20261008,12:25:00,49372.52,44205.07,26694.2,17653.24,126.91,1896.25,493.82,483.63,555.43,111.01,166.12,205.43,91.46,150.22,273.35,121.94,194.17,294.32,3137.56,1660.25,469.96,79.72,245.19,1034.58,384.19,237.71,285.17,442.47,208.93,102.1,3547.61,234.65,144.66,134.88,39.47,55.92,98.8,275.37
20261008,12:25:05,49410.12,44241.36,26695.04,17653.02,126.91,1897.27,493.73,483.63,555.43,111.01,166.13,205.43,91.46,150.22,273.35,121.94,194.17,294.32,3140.49,1662.65,470.26,79.72,244.83,1034.16,384.19,237.71,285.17,442.49,208.96,102.1,3547.93,234.63,144.66,134.88,39.47,55.91,98.8,275.32
20261008,12:25:10,49407.48,44239.04,26693.12,17651.65,126.91,1895.85,493.73,483.42,555.43,110.93,166.13,205.43,91.46,150.01,273.35,121.94,194.17,294.33,3140.33,1662.61,470.23,79.72,244.83,1033.99,383.79,237.71,285.17,442.53,208.93,102.1,3547.7,234.63,144.66,134.88,39.47,55.92,98.8,275.32
20261008,12:25:15,49412.04,44245.45,26683.05,17646.65,126.91,1895.82,493.1,483.42,555.42,111.01,166.14,205.47,91.46,150.22,273.35,121.94,194.17,294.33,3140.97,1662.89,470.25,79.72,245.08,1034.04,383.78,237.7,285.48,442.54,208.82,102.1,3545.91,234.63,144.66,134.88,39.47,55.92,98.8,275.32
20261008,12:25:20,49368.8,44203.77,26683.18,17648.32,126.91,1895.82,493.18,483.69,555.43,110.93,166.14,205.47,91.47,150.22,273.35,121.94,194.17,294.33,3137.57,1660.28,470.24,79.72,245.08,1034.0,383.78,237.7,285.48,442.48,208.93,102.1,3545.5,234.63,144.66,134.88,39.47,55.92,98.8,275.32
20261008,12:25:25,49412.31,44243.06,26692.52,17648.66,126.97,1895.82,493.19,483.69,555.43,110.93,166.14,205.47,91.47,150.22,273.35,121.94,194.17,294.33,3140.73,1662.83,470.11,79.68,244.83,1034.07,383.78,237.7,285.48,442.48,208.93,102.1,3548.32,234.63,144.66,134.88,39.47,55.92,98.8,275.36
20261008,12:25:30,49370.82,44203.17,26691.91,17649.75,126.97,1895.82,493.18,483.69,555.73,110.93,166.14,205.47,91.47,150.22,273.35,121.94,194.17,294.31,3137.49,1660.28,470.11,79.69,244.94,1034.07,383.99,237.7,285.48,442.48,208.97,102.1,3547.84,234.63,144.66,134.88,39.47,55.92,98.8,275.31
20261008,12:25:35,49374.01,44205.12,26695.34,17649.87,126.97,1894.4,493.18,483.56,555.73,111.01,166.15,205.48,91.47,150.01,273.35,121.94,194.17,294.31,3137.64,1660.38,470.32,79.67,244.94,1034.28,384.32,237.7,285.17,442.48,208.97,102.1,3548.88,234.63,144.66,134.88,39.47,55.92,98.8,275.61
20261008,12:25:40,49414.5,44247.82,26686.2,17650.19,126.97,1894.36,493.18,483.56,555.73,111.0,166.13,205.43,91.47,150.22,273.35,121.96,194.17,294.3,3141.08,1662.78,470.31,79.68,244.83,1035.05,384.07,237.7,285.26,442.48,208.97,102.1,3545.94,234.63,144.66,134.88,39.47,55.92,98.8,275.64
20261008,12:25:45,49372.64,44205.53,26689.9,17649.41,126.97,1895.78,493.09,483.56,555.73,110.92,166.12,205.43,91.45,150.22,273.35,121.96,194.17,294.3,3137.69,1660.19,470.37,79.68,244.83,1034.93,384.07,237.7,285.26,442.44,208.96,102.1,3547.3,234.63,144.65,134.88,39.47,55.92,98.8,275.64
20261008,12:25:50,49380.2,44212.9,26693.99,17654.13,126.97,1897.2,493.63,483.56,555.73,110.92,166.13,205.46,91.45,150.22,273.35,121.98,194.17,294.3,3138.17,1660.32,470.44,79.68,245.19,1034.92,384.13,237.7,285.53,442.44,208.97,102.1,3547.3,234.63,144.65,134.88,39.47,55.92,98.8,275.59
20261008,12:25:55,49374.14,44206.74,26694.97,17654.4,126.97,1897.2,493.64,483.68,555.8,111.0,166.13,205.43,91.46,150.22,273.35,121.98,194.17,294.31,3137.66,1660.18,470.44,79.68,244.94,1034.79,384.07,237.7,285.22,442.49,209.0,102.11,3547.53,234.63,144.66,134.88,39.47,55.92,98.8,275.29
20261008,12:26:00,49373.56,44205.43,26692.24,17648.77,126.97,1895.78,493.1,483.68,555.8,110.99,166.13,205.43,91.46,150.22,273.35,121.86,194.17,294.31,3137.69,1660.22,470.43,79.67,244.94,1034.76,384.07,237.7,285.22,442.49,208.97,102.11,3548.21,234.63,144.66,134.89,39.47,55.92,98.8,275.31
20261008,12:26:05,49379.53,44211.1,26694.96,17651.42,126.97,1895.78,493.55,483.61,555.8,110.99,166.12,205.41,91.46,150.22,273.35,121.84,194.17,294.32,3138.09,1660.33,470.3,79.68,245.2,1034.82,383.74,237.67,285.58,442.43,208.97,102.11,3548.34,234.31,144.66,134.89,39.47,55.92,98.8,275.36
20261008,12:26:10,49378.11,44210.35,26694.6,17653.13,126.97,1897.2,493.63,483.68,555.8,110.99,166.12,205.41,91.46,150.22,273.35,121.84,194.17,294.3,3137.99,1660.33,470.19,79.66,245.2,1034.74,383.74,237.67,285.58,442.38,208.97,102.11,3547.76,234.33,144.66,134.79,39.47,55.92,98.8,275.66
20261008,12:26:15,49373.54,44205.89,26689.73,17647.51,126.84,1897.2,493.55,483.61,555.8,110.98,166.13,205.43,91.46,150.22,273.35,121.86,194.17,294.3,3137.76,1660.23,470.17,79.65,244.98,1034.73,383.9,237.76,285.58,442.36,208.99,102.11,3547.76,234.28,144.07,134.79,39.47,55.92,98.8,275.66
20261008,12:26:20,49380.25,44211.85,26693.4,17649.77,126.84,1897.2,493.01,483.76,556.1,110.98,166.12,205.41,91.46,150.22,273.35,121.96,194.17,294.3,3138.19,1660.43,470.37,79.64,245.23,1034.71,383.92,237.76,285.58,442.36,208.97,102.11,3548.3,234.28,144.66,134.79,39.47,55.9,98.8,275.66
20261008,12:26:25,49375.13,44207.48,26692.14,17650.41,126.84,1897.2,493.01,483.76,556.1,110.98,166.12,205.41,91.46,150.22,273.35,122.06,194.17,294.3,3137.82,1660.52,470.21,79.66,245.12,1033.78,384.0,237.76,285.59,442.43,208.96,102.11,3547.73,234.28,144.66,134.79,39.47,55.9,98.8,275.66
20261008,12:26:30,49370.07,44202.78,26689.64,17648.3,126.84,1895.78,493.01,483.63,556.1,110.98,166.12,205.39,91.46,150.22,273.35,122.03,194.17,294.3,3137.49,1660.38,470.33,79.68,245.11,1033.7,384.0,237.73,285.27,442.34,208.94,102.11,3547.52,234.26,144.66,134.79,39.47,55.91,98.8,275.36
20261008,12:26:35,49376.22,44208.14,26691.54,17648.35,126.84,1895.55,493.02,483.63,556.1,110.98,166.11,205.41,91.45,150.22,273.35,122.07,194.17,294.3,3137.92,1660.47,470.38,79.69,245.0,1034.47,384.0,237.73,285.27,442.34,208.94,102.09,3548.1,234.26,144.66,134.79,39.47,55.91,98.8,275.36
20261008,12:26:40,49377.56,44209.76,26689.8,17647.43,126.78,1895.55,493.01,483.63,556.1,110.99,166.11,205.41,91.45,150.22,273.35,121.95,194.17,294.31,3138.07,1660.46,470.45,79.68,245.17,1034.61,384.25,237.73,285.27,442.34,208.94,102.09,3547.81,234.26,144.66,134.79,39.47,55.91,98.8,275.36
20261008,12:26:45,49375.71,44207.97,26690.41,17648.15,126.78,1896.97,493.01,483.63,556.11,110.99,166.1,205.45,91.44,150.43,273.35,121.93,194.17,294.3,3137.91,1660.39,470.43,79.66,245.2,1034.48,384.25,237.73,285.27,442.4,208.94,102.09,3547.8,234.26,144.66,134.76,39.47,55.91,98.8,275.36
20261008,12:26:50,49372.58,44205.14,26689.85,17648.25,126.91,1896.97,493.01,483.63,556.11,110.99,166.1,205.45,91.44,150.22,273.35,121.93,194.17,294.32,3137.68,1660.41,470.48,79.64,245.32,1033.72,384.34,237.73,285.27,442.4,208.94,102.09,3547.6,234.26,144.66,134.76,39.47,55.91,98.8,275.36
20261008,12:26:55,49376.47,44209.48,26687.76,17647.7,126.91,1896.97,493.01,483.63,555.88,110.99,166.1,205.45,91.43,150.43,273.35,121.92,194.17,294.32,3138.05,1660.65,470.43,79.67,245.32,1033.9,384.34,237.71,285.22,442.4,208.94,102.09,3547.1,234.26,144.66,134.76,39.47,55.91,98.8,275.36
20261008,12:27:00,49373.09,44205.98,26684.39,17643.1,126.91,1895.55,493.1,483.63,555.92,110.98,166.1,205.45,91.43,150.43,273.59,121.94,194.17,294.3,3137.87,1660.54,470.56,79.69,245.25,1033.73,384.27,237.71,285.23,442.33,208.94,102.09,3547.29,234.27,144.06,134.76,39.47,55.91,98.8,275.35
20261008,12:27:05,49377.14,44209.59,26690.38,17648.88,126.91,1895.55,493.11,483.64,555.92,110.98,166.1,205.44,91.43,150.22,273.71,122.06,194.17,294.3,3138.03,1660.59,470.59,79.7,244.99,1033.72,384.27,237.62,285.54,442.33,208.98,102.09,3547.6,234.27,144.65,134.76,39.47,55.91,98.8,275.36
20261008,12:27:10,49376.42,44209.13,26687.83,17646.75,126.91,1895.55,493.1,483.67,555.93,110.98,165.9,205.45,91.27,150.21,273.71,122.06,194.17,294.3,3138.04,1660.62,470.6,79.69,245.13,1033.84,384.27,237.62,285.32,442.34,208.99,102.09,3547.38,234.27,144.65,134.79,39.47,55.91,98.8,275.31
20261008,12:27:15,49378.79,44211.41,26686.9,17645.59,126.91,1896.97,493.02,483.67,555.93,110.98,165.9,205.45,91.27,150.21,273.71,122.06,194.17,294.3,3138.25,1660.71,470.55,79.7,244.99,1034.24,384.2,237.62,285.32,442.34,208.86,102.09,3547.4,234.27,144.65,134.79,39.47,55.91,98.8,275.31
20261008,12:27:20,49377.99,44209.69,26690.61,17646.69,126.91,1896.97,493.02,483.74,555.97,110.98,165.89,205.41,91.27,150.42,273.71,122.04,194.17,294.29,3138.09,1660.66,470.14,79.66,245.13,1034.36,384.22,237.62,285.32,442.38,208.98,102.09,3548.26,234.27,144.65,134.69,39.47,55.91,98.8,275.31
20261008,12:27:25,49381.0,44213.41,26687.27,17645.48,126.78,1895.55,493.02,483.59,555.97,110.98,165.9,205.44,91.28,150.21,273.71,122.04,194.17,294.29,3138.42,1660.71,470.13,79.66,245.24,1034.45,384.2,237.62,285.67,442.42,208.98,102.09,3547.55,234.27,144.65,134.69,39.47,55.91,98.8,275.32
20261008,12:27:30,49375.96,44209.08,26685.67,17645.61,126.78,1895.55,493.02,483.59,556.07,110.98,165.89,205.4,91.28,150.21,273.71,122.04,194.17,294.29,3138.06,1660.66,470.14,79.66,245.3,1033.95,384.2,237.62,285.48,442.42,208.98,102.09,3547.01,234.27,144.65,134.67,39.47,55.9,98.8,275.32
20261008,12:27:35,49376.79,44210.01,26686.7,17647.2,126.78,1896.97,493.02,483.64,556.15,110.98,165.89,205.4,91.28,150.41,273.71,122.04,194.15,294.29,3138.1,1660.69,470.32,79.66,245.15,1034.17,384.2,237.62,285.26,442.47,209.03,102.09,3546.9,234.27,144.65,134.67,39.47,55.89,98.8,275.32
20261008,12:27:40,49378.97,44211.52,26687.86,17646.44,126.78,1896.97,492.93,483.64,556.15,110.98,165.9,205.43,91.28,150.41,273.71,122.04,194.15,294.34,3138.24,1660.61,470.34,79.64,245.28,1034.24,384.31,237.62,285.57,442.39,209.01,102.09,3547.47,234.28,144.65,134.67,39.47,55.89,98.8,275.32
20261008,12:27:45,49382.7,44215.15,26687.84,17646.42,126.78,1896.97,492.93,483.64,556.15,110.98,165.9,205.43,91.28,150.2,273.71,122.05,194.12,294.34,3138.53,1660.8,470.46,79.66,245.28,1034.16,384.31,237.62,285.57,442.39,209.02,102.09,3547.47,234.28,144.65,134.67,39.47,55.91,98.8,275.32
20261008,12:27:50,49374.31,44206.97,26687.86,17646.42,126.78,1896.97,492.93,483.64,556.15,110.98,165.9,205.43,91.28,150.2,273.71,122.05,194.12,294.34,3137.87,1660.52,470.45,79.64,245.04,1034.14,384.31,237.62,285.26,442.39,209.02,102.09,3547.48,234.28,144.65,134.67,39.47,55.91,98.8,275.32
20261008,12:27:55,49377.92,44210.96,26686.19,17646.11,126.78,1895.55,493.02,483.64,555.96,110.98,165.9,205.43,91.28,150.2,273.71,122.05,194.12,294.34,3138.2,1660.58,470.43,79.66,245.21,1034.14,384.31,237.62,285.57,442.34,208.98,102.09,3547.04,234.28,144.65,134.86,39.47,55.91,98.8,275.33
20261008,12:28:00,49418.54,44250.16,26684.31,17642.65,126.78,1895.55,493.18,483.64,555.95,110.98,165.91,205.43,91.28,150.2,273.71,122.05,194.12,294.34,3141.45,1663.18,470.42,79.64,245.4,1034.13,384.31,237.63,285.26,442.34,208.99,102.09,3547.39,234.28,144.06,134.86,39.47,55.91,98.8,275.33
20261008,12:28:05,49415.5,44246.28,26690.61,17646.84,126.78,1895.55,493.19,483.64,555.9,110.98,165.91,205.45,91.28,150.41,273.71,122.09,194.15,294.34,3141.03,1663.0,470.34,79.65,245.03,1034.14,384.37,237.63,285.22,442.34,208.88,102.09,3548.22,234.28,144.65,134.86,39.47,55.91,98.8,275.33
20261008,12:28:10,49423.81,44254.38,26695.12,17652.03,126.78,1895.55,493.74,483.64,555.9,111.06,165.92,205.46,91.29,150.41,273.71,122.11,194.0,294.34,3141.56,1663.2,470.23,79.67,245.28,1034.25,384.37,237.63,285.52,442.29,208.99,102.09,3548.22,234.28,144.65,134.86,39.47,55.91,98.79,275.33
20261008,12:28:15,49420.09,44250.75,26691.18,17647.5,126.78,1895.55,493.19,483.64,556.13,111.08,165.95,205.47,91.31,150.41,273.71,122.13,194.0,294.33,3141.38,1663.0,470.43,79.69,245.28,1034.28,384.42,237.63,285.44,442.28,208.87,102.09,3548.22,234.28,144.65,134.67,39.47,55.91,98.79,275.33
20261008,12:28:20,49380.34,44212.24,26692.58,17649.82,126.91,1895.55,493.28,483.64,556.13,111.08,165.95,205.47,91.31,150.41,273.71,122.13,194.0,294.34,3138.22,1660.58,470.63,79.66,245.28,1034.1,384.42,237.63,285.43,442.27,209.0,102.09,3548.03,234.28,144.65,134.69,39.47,55.9,98.79,275.33
20261008,12:28:25,49379.28,44210.76,26692.27,17647.98,126.91,1895.55,493.02,483.64,555.99,111.08,165.94,205.43,91.31,150.41,273.71,122.13,194.0,294.34,3138.14,1660.52,470.71,79.66,245.16,1034.13,384.45,237.63,285.43,442.33,209.0,102.09,3548.43,234.28,144.65,134.82,39.47,55.9,98.79,275.34
20261008,12:28:30,49379.78,44211.57,26694.49,17651.61,126.91,1899.78,493.02,483.64,555.99,111.0,166.14,205.45,91.47,150.41,273.83,122.13,194.0,294.36,3138.12,1660.56,470.6,79.67,245.03,1034.11,384.42,237.63,285.48,442.33,208.99,102.09,3548.14,234.28,144.65,134.82,39.47,55.9,98.79,275.34
20261008,12:28:35,49380.41,44212.18,26694.88,17652.05,126.91,1901.2,493.02,483.89,555.91,111.0,166.15,205.45,91.47,150.41,273.83,122.11,194.0,294.36,3138.16,1660.55,470.61,79.69,245.07,1034.14,384.36,237.63,285.49,442.33,209.03,102.09,3548.14,234.28,144.65,134.7,39.47,55.9,98.79,275.34
20261008,12:28:40,49381.46,44213.39,26694.04,17651.73,126.91,1901.2,493.02,483.89,555.91,111.0,166.15,205.47,91.47,150.41,273.83,122.11,194.0,294.36,3138.26,1660.67,470.6,79.69,245.07,1034.03,384.36,237.63,285.49,442.33,208.98,102.09,3547.97,234.28,144.65,134.72,39.47,55.9,98.79,275.34
20261008,12:28:45,49381.91,44214.07,26694.29,17652.82,126.91,1901.2,493.1,483.88,556.07,111.0,166.15,205.43,91.48,150.42,273.98,122.11,194.0,294.36,3138.29,1660.72,470.44,79.69,245.07,1034.09,384.36,237.63,285.51,442.33,208.98,102.09,3547.75,234.28,144.65,134.72,39.47,55.9,98.79,275.34
20261008,12:28:50,49385.83,44217.42,26694.21,17651.15,126.91,1899.78,493.01,483.88,556.07,111.0,166.13,205.41,91.47,150.21,273.98,122.13,194.0,294.36,3138.6,1660.79,470.34,79.66,245.01,1034.79,384.36,237.73,285.52,442.27,208.98,102.09,3548.18,234.3,144.65,134.72,39.47,55.9,98.79,275.34
20261008,12:28:55,49381.68,44215.21,26689.6,17652.0,126.91,1901.21,493.01,483.82,556.07,111.01,166.13,205.41,91.47,150.42,273.98,122.13,194.0,294.36,3138.4,1660.84,470.36,79.66,245.01,1034.61,384.03,237.73,285.2,442.27,208.98,102.09,3546.51,234.3,144.65,134.72,39.47,55.9,98.79,275.34
20261008,12:29:00,49425.6,44255.72,26696.37,17652.12,126.91,1901.21,493.03,483.67,556.06,111.0,166.13,205.41,91.47,150.42,273.98,122.13,194.0,294.35,3141.67,1663.03,470.38,79.68,245.37,1034.79,384.41,237.73,285.52,442.31,208.98,102.09,3548.59,234.3,144.65,134.72,39.47,55.9,98.79,275.37
20261008,12:29:05,49383.96,44217.32,26686.33,17647.83,126.91,1902.63,493.02,483.93,556.02,111.0,166.13,205.39,91.47,150.42,273.98,122.13,194.0,294.36,3138.67,1660.85,470.35,79.65,245.08,1034.79,384.02,237.73,285.51,442.36,208.95,102.12,3546.62,234.3,144.06,134.72,39.47,55.9,98.79,275.37
20261008,12:29:10,49425.59,44256.53,26690.69,17648.33,126.91,1902.63,493.11,483.75,556.02,111.0,166.12,205.38,91.46,150.42,273.98,122.09,194.0,294.35,3141.82,1663.27,470.35,79.65,244.97,1035.24,384.36,237.73,285.2,442.35,208.95,102.12,3547.84,234.56,144.06,134.72,39.47,55.9,98.79,275.37
20261008,12:29:15,49423.89,44255.1,26693.34,17652.13,126.91,1902.63,492.94,483.83,556.02,111.0,166.12,205.35,91.47,150.42,273.98,122.09,194.0,294.34,3141.62,1663.08,470.26,79.67,244.76,1035.24,384.38,237.74,285.47,442.41,208.95,102.12,3547.64,234.63,144.65,134.72,39.47,55.9,98.79,275.37
20261008,12:29:20,49386.21,44219.87,26686.46,17649.21,126.91,1899.79,493.49,483.83,556.02,111.0,166.12,205.37,91.47,150.42,273.98,122.11,194.0,294.34,3138.85,1660.85,470.47,79.65,245.29,1035.15,384.39,237.74,285.25,442.35,208.85,102.12,3546.28,234.63,144.06,134.7,39.47,55.9,98.79,275.34
20261008,12:29:25,49389.87,44221.56,26694.12,17651.73,126.91,1899.79,493.03,483.83,556.02,110.98,166.12,205.35,91.47,150.42,273.98,122.11,194.0,294.33,3138.92,1660.83,470.32,79.68,245.3,1035.04,384.39,237.74,285.61,442.35,208.97,102.12,3547.99,234.63,144.65,134.7,39.47,55.9,98.79,275.39
20261008,12:29:30,49389.48,44221.61,26694.45,17653.53,126.91,1899.79,492.95,484.08,556.02,110.98,166.32,205.34,91.63,150.42,273.98,122.11,194.0,294.33,3138.88,1660.96,470.47,79.69,245.22,1034.42,384.39,237.74,285.62,442.35,208.96,102.12,3547.61,234.63,144.65,134.72,39.47,55.9,98.79,275.39
20261008,12:29:35,49389.07,44221.81,26696.03,17657.38,126.91,1899.79,493.48,483.93,556.02,110.98,166.33,205.39,91.63,150.42,273.98,122.11,194.0,294.33,3138.81,1660.85,470.56,79.67,245.3,1034.44,384.39,237.74,285.62,442.35,208.96,102.12,3547.06,234.63,144.65,134.72,39.47,55.9,98.79,275.39
20261008,12:29:40,49426.74,44258.42,26693.17,17653.74,126.91,1899.79,493.02,483.93,556.02,110.98,166.31,205.36,91.62,150.42,273.98,122.11,193.97,294.33,3141.84,1663.33,470.2,79.65,245.29,1034.42,384.39,237.74,285.65,442.38,208.95,102.12,3547.15,234.63,144.65,134.72,39.47,55.9,98.79,275.39
20261008,12:29:45,49384.05,44216.66,26693.38,17653.46,126.91,1899.79,493.02,483.95,556.02,110.98,166.31,205.36,91.62,150.21,273.98,122.11,193.97,294.33,3138.49,1660.98,470.32,79.65,245.29,1034.01,384.45,237.74,285.29,442.38,208.95,102.07,3547.29,234.63,144.65,134.72,39.47,55.9,98.79,275.41
20261008,12:29:50,49383.28,44216.13,26691.2,17651.69,126.91,1899.79,492.86,484.03,555.95,110.98,166.31,205.36,91.62,150.21,273.86,122.11,193.97,294.33,3138.49,1660.86,470.35,79.75,245.05,1033.99,384.45,237.74,285.61,442.38,208.93,102.04,3547.09,234.63,144.65,134.69,39.47,55.88,98.79,275.41
20261008,12:29:55,49387.59,44220.15,26691.73,17651.69,126.9,1899.79,492.86,484.03,555.95,110.98,166.31,205.36,91.62,150.21,273.86,122.11,193.93,294.33,3138.81,1660.92,470.33,79.75,245.05,1034.58,384.46,237.73,285.61,442.38,208.93,102.05,3547.26,234.63,144.65,134.72,39.47,55.88,98.79,275.41
20261008,12:30:00,49388.51,44220.81,26693.48,17652.93,126.9,1900.16,492.85,484.03,556.07,111.0,166.33,205.39,91.63,150.42,273.86,122.13,193.93,294.33,3138.83,1661.06,470.33,79.75,245.05,1034.6,384.43,237.73,285.29,442.38,208.93,102.05,3547.47,234.63,144.66,134.72,39.47,55.88,98.79,275.41
20261008,12:30:05,49391.41,44222.43,26697.36,17653.35,126.9,1900.16,492.94,484.04,556.07,111.0,166.33,205.39,91.63,150.21,273.86,122.13,193.93,294.36,3138.95,1661.05,470.49,79.78,245.3,1034.46,384.46,237.73,285.29,442.35,208.93,102.05,3548.56,234.6,144.66,134.75,39.47,55.88,98.79,275.41
20261008,12:30:10,49387.73,44220.84,26689.41,17650.88,126.9,1900.16,492.31,484.23,556.07,111.0,166.34,205.4,91.64,150.42,273.86,122.26,193.93,294.34,3138.88,1660.96,470.42,79.76,245.05,1034.45,384.4,237.73,285.65,442.35,209.0,102.05,3546.75,234.6,144.66,134.75,39.47,55.9,98.79,275.41
20261008,12:30:15,49388.75,44221.83,26688.77,17650.14,126.9,1900.16,492.38,484.23,556.07,111.0,166.31,205.36,91.62,150.42,273.86,122.13,193.95,294.34,3138.98,1661.08,470.44,79.76,245.22,1034.56,384.4,237.74,285.34,442.36,208.97,102.05,3546.75,234.6,144.66,134.76,39.47,55.9,98.79,275.41
20261008,12:30:20,49384.78,44220.44,26679.59,17647.83,126.77,1900.16,492.3,484.23,556.0,111.0,166.33,205.36,91.64,150.42,273.86,122.13,193.95,294.32,3138.93,1660.96,470.4,79.76,245.48,1034.64,384.07,237.74,285.34,442.35,208.86,102.05,3544.51,234.6,144.66,134.73,39.47,55.9,98.79,275.39
20261008,12:30:25,49393.81,44225.21,26696.64,17654.02,126.77,1900.16,492.93,484.05,556.08,111.0,166.32,205.34,91.64,150.42,273.98,122.13,193.95,294.31,3139.16,1661.16,470.39,79.78,245.48,1034.57,384.08,237.77,285.34,442.33,208.97,102.08,3548.16,234.6,144.66,134.89,39.47,55.9,98.79,275.39
20261008,12:30:30,49429.1,44259.1,26693.81,17649.05,126.77,1900.16,492.3,483.97,555.94,111.0,166.33,205.38,91.64,150.42,273.98,122.13,193.95,294.34,3142.01,1663.47,470.4,79.74,245.23,1034.53,384.14,237.77,285.3,442.33,208.97,102.08,3548.62,234.6,144.66,134.89,39.47,55.9,98.79,275.39
20261008,12:30:35,49435.6,44265.06,26695.05,17649.26,126.83,1900.16,492.39,483.77,555.94,111.0,166.33,205.38,91.64,150.21,273.98,122.13,193.95,294.34,3142.49,1663.57,470.5,79.74,245.59,1034.53,384.14,237.77,285.62,442.33,208.97,102.08,3548.95,234.53,144.66,134.89,39.47,55.9,98.8,275.39
20261008,12:30:40,49387.6,44219.15,26689.56,17645.82,126.83,1898.74,492.31,483.77,555.94,111.0,166.13,205.38,91.48,150.21,273.98,122.13,193.95,294.34,3138.87,1661.01,470.45,79.74,245.59,1033.83,384.41,237.77,285.62,442.29,208.96,102.08,3548.17,234.53,144.66,134.89,39.47,55.9,98.8,275.39
20261008,12:30:45,49385.58,44217.18,26694.08,17651.03,126.96,1898.74,493.01,483.9,555.94,111.0,166.13,205.38,91.48,150.42,273.98,122.11,193.95,294.34,3138.59,1660.93,470.25,79.74,245.59,1034.03,384.4,237.77,285.31,442.29,208.96,102.08,3548.17,234.2,144.66,134.89,39.47,55.9,98.8,275.39
20261008,12:30:50,49388.71,44220.46,26690.56,17647.75,126.77,1900.16,492.3,483.89,555.94,111.0,166.32,205.32,91.64,150.42,273.98,122.11,193.95,294.33,3138.93,1661.1,470.22,79.74,245.59,1033.96,384.42,237.77,285.62,442.33,208.97,102.05,3547.96,234.2,144.66,134.89,39.47,55.88,98.8,275.39
20261008,12:30:55,49382.61,44215.02,26685.43,17643.53,126.9,1900.16,491.74,483.89,555.84,111.0,166.31,205.3,91.64,150.22,274.16,122.11,193.9,294.34,3138.59,1660.98,470.21,79.74,245.57,1033.94,384.42,237.77,285.3,442.33,208.97,102.04,3547.5,234.2,144.66,134.89,39.47,55.88,98.8,275.39
20261008,12:31:00,49426.25,44256.98,26687.64,17644.17,126.9,1900.16,491.74,483.96,555.92,111.0,166.32,205.33,91.64,150.21,274.16,122.11,193.9,294.35,3141.96,1663.42,470.25,79.72,245.58,1034.01,384.49,237.77,285.62,442.3,209.01,102.04,3548.02,234.2,144.65,134.89,39.48,55.88,98.8,275.39
20261008,12:31:05,49385.22,44216.42,26689.29,17644.11,126.9,1900.16,491.74,483.96,555.92,111.0,166.3,205.34,91.62,150.21,274.16,122.13,193.9,294.35,3138.69,1661.03,470.33,79.7,245.36,1033.86,384.49,237.77,285.52,442.3,209.01,102.04,3548.55,234.2,144.65,134.89,39.48,55.88,98.8,275.39
20261008,12:31:10,49380.59,44212.31,26686.62,17642.41,126.9,1898.7,491.66,483.95,555.92,111.0,166.29,205.3,91.62,150.21,274.16,122.13,193.9,294.35,3138.4,1660.84,470.36,79.69,245.23,1033.87,384.49,237.77,285.52,442.24,209.01,102.07,3548.18,234.2,144.65,134.79,39.48,55.88,98.8,275.39
20261008,12:31:15,49385.96,44217.47,26690.7,17646.86,126.9,1898.7,492.2,483.95,555.92,111.0,166.31,205.33,91.63,150.21,274.16,122.13,193.9,294.35,3138.71,1661.05,470.45,79.7,245.23,1033.92,384.13,237.77,285.52,442.24,209.0,102.08,3548.24,234.2,144.65,134.89,39.48,55.88,98.8,275.39
20261008,12:31:20,49423.8,44254.52,26686.38,17642.47,126.9,1898.7,491.64,483.69,555.92,111.0,166.31,205.32,91.63,150.21,274.16,122.13,193.9,294.35,3141.8,1663.2,470.24,79.7,245.48,1034.59,384.19,237.77,285.52,442.24,209.0,102.08,3548.09,234.2,144.65,134.86,39.48,55.88,98.8,275.39
20261008,12:31:25,49382.36,44215.68,26679.07,17639.25,126.9,1900.12,491.73,483.69,555.89,111.01,165.92,205.29,91.32,150.21,274.16,122.13,193.9,294.33,3138.75,1660.8,470.23,79.72,245.61,1034.62,384.19,237.76,285.52,442.24,209.0,102.08,3546.68,234.2,144.65,134.86,39.48,55.88,98.8,275.39
20261008,12:31:30,49420.35,44252.1,26680.62,17639.01,126.9,1900.12,491.72,483.69,555.89,111.01,165.92,205.3,91.32,150.21,274.16,122.13,193.91,294.33,3141.69,1663.12,470.15,79.69,245.35,1034.69,384.19,237.76,285.62,442.24,208.96,102.08,3547.23,234.2,144.65,134.86,39.48,55.9,98.8,275.39
20261008,12:31:35,49388.24,44218.88,26691.95,17645.55,126.9,1900.12,492.26,483.72,555.89,111.01,166.12,205.32,91.48,150.21,274.04,122.14,193.91,294.33,3138.85,1660.84,470.5,79.69,245.35,1034.67,384.22,237.76,285.57,442.28,208.99,102.09,3548.99,234.2,144.65,134.86,39.48,55.9,98.8,275.39
20261008,12:31:40,49387.52,44218.54,26691.83,17646.66,126.9,1900.17,492.43,483.72,555.89,111.02,166.14,205.32,91.49,150.21,274.04,122.14,193.91,294.33,3138.8,1660.79,470.48,79.7,245.47,1034.65,384.14,237.76,285.53,442.28,208.95,102.09,3548.65,234.2,144.65,134.86,39.48,55.9,98.8,275.39
20261008,12:31:45,49385.19,44216.61,26688.26,17643.69,126.9,1900.17,491.89,483.72,555.89,111.02,166.13,205.3,91.49,150.42,274.04,122.14,193.91,294.33,3138.72,1660.93,470.39,79.68,245.48,1034.5,384.14,237.76,285.25,442.31,209.02,102.09,3548.34,234.2,144.65,134.86,39.48,55.9,98.8,275.39
20261008,12:31:50,49382.61,44214.29,26690.16,17646.51,126.77,1900.17,492.34,483.71,555.89,110.94,166.13,205.33,91.48,150.42,274.04,122.14,193.91,294.33,3138.46,1660.69,470.48,79.69,245.48,1034.5,384.16,237.76,285.25,442.33,209.01,102.09,3548.17,234.2,144.66,134.91,39.48,55.9,98.9,275.39
20261008,12:31:55,49382.19,44213.49,26687.23,17641.84,126.77,1898.75,491.88,483.58,555.89,110.94,166.12,205.33,91.48,150.21,274.04,122.14,193.91,294.33,3138.51,1660.78,470.39,79.71,245.12,1034.76,384.16,237.76,285.22,442.29,208.99,102.09,3548.52,234.2,144.66,134.91,39.48,55.9,98.9,275.38
20261008,12:32:00,49383.02,44213.89,26688.43,17641.83,126.77,1900.17,491.8,483.57,555.89,111.02,166.11,205.27,91.48,150.21,274.04,122.14,193.91,294.31,3138.54,1660.84,470.41,79.71,245.04,1034.7,384.16,237.76,285.22,442.29,208.98,102.09,3548.9,234.2,144.66,134.91,39.48,55.91,98.9,275.39
20261008,12:32:05,49389.64,44220.45,26694.07,17648.7,126.9,1900.17,491.98,483.59,555.89,111.02,166.1,205.24,91.48,150.42,274.04,122.13,194.06,294.32,3138.91,1660.92,470.46,79.69,245.24,1034.72,384.19,237.76,285.53,442.51,208.95,102.09,3548.8,234.2,145.25,134.91,39.48,55.91,98.9,275.39
20261008,12:32:10,49384.33,44215.46,26687.52,17641.8,126.9,1898.75,491.88,483.59,555.81,111.02,166.09,205.18,91.48,150.21,274.04,122.13,194.06,294.32,3138.67,1660.85,470.29,79.7,245.6,1034.63,384.19,237.76,285.22,442.51,208.94,102.09,3548.62,234.2,144.66,134.91,39.48,55.89,98.9,275.39
20261008,12:32:15,49386.47,44217.55,26687.05,17641.26,126.9,1898.78,491.97,483.59,555.8,111.02,166.09,205.2,91.48,150.21,274.04,122.13,194.1,294.32,3138.85,1660.85,470.45,79.7,245.31,1034.59,384.22,237.76,285.67,442.51,208.82,102.09,3548.62,234.2,144.66,134.91,39.48,55.89,98.88,275.39
20261008,12:32:20,49384.7,44215.56,26687.07,17640.4,126.9,1898.78,491.88,483.59,555.8,111.0,166.09,205.18,91.48,150.21,274.04,122.13,194.1,294.3,3138.71,1660.78,470.22,79.7,245.42,1034.58,384.22,237.76,285.67,442.51,208.82,102.09,3548.86,234.2,144.66,134.89,39.48,55.88,98.88,275.39
20261008,12:32:25,49387.89,44218.63,26688.23,17641.57,126.9,1898.78,491.98,483.49,555.8,111.0,166.08,205.14,91.48,150.21,274.04,122.13,193.96,294.31,3138.93,1661.0,470.24,79.7,245.49,1034.7,384.56,237.76,285.36,442.51,208.93,102.09,3548.91,234.21,144.66,134.79,39.48,55.88,98.88,275.39
20261008,12:32:30,49384.7,44215.51,26688.33,17641.69,126.96,1898.78,491.9,483.49,555.94,110.93,166.1,205.15,91.49,150.21,274.04,122.13,193.96,294.31,3138.68,1660.98,470.24,79.7,245.42,1033.88,384.56,237.74,285.63,442.51,208.93,102.09,3548.91,234.21,144.66,134.79,39.48,55.88,98.88,275.42
20261008,12:32:35,49382.01,44212.35,26690.13,17641.94,126.96,1900.2,491.9,483.49,555.94,110.93,166.09,205.14,91.49,150.21,274.04,122.13,193.96,294.33,3138.42,1660.89,470.51,79.69,245.17,1033.88,384.56,237.84,285.32,442.48,208.9,102.09,3549.4,234.21,144.66,134.79,39.48,55.88,98.88,275.42
20261008,12:32:40,49381.55,44212.99,26690.13,17645.6,126.9,1900.27,492.44,483.52,555.94,110.93,166.09,205.12,91.49,150.22,274.04,122.13,193.94,294.33,3138.38,1660.76,470.53,79.7,245.41,1033.93,384.58,237.84,285.34,442.48,208.89,102.09,3548.41,234.21,144.66,134.79,39.48,55.88,98.88,275.42
20261008,12:32:45,49424.38,44253.94,26690.14,17642.97,126.77,1900.27,491.9,483.52,555.94,111.02,166.09,205.12,91.49,150.21,274.04,122.13,193.94,294.33,3141.74,1663.36,470.53,79.7,245.41,1033.91,384.5,237.84,285.34,442.48,209.04,102.09,3549.13,234.21,144.66,134.79,39.48,55.88,98.89,275.42
20261008,12:32:50,49420.79,44250.59,26689.15,17642.31,126.77,1900.27,491.98,483.52,555.98,111.02,166.1,205.17,91.49,150.21,274.04,122.13,193.94,294.32,3141.49,1663.26,470.4,79.7,245.11,1034.02,384.57,237.84,285.34,442.44,208.89,102.09,3548.99,234.21,144.66,134.79,39.48,55.88,98.89,275.42
20261008,12:32:55,49383.44,44216.63,26685.09,17645.81,126.77,1900.27,492.45,483.51,556.02,111.02,166.1,205.18,91.49,150.21,274.04,122.13,193.88,294.32,3138.67,1660.93,470.51,79.7,245.49,1034.03,384.24,237.84,285.39,442.48,208.89,102.09,3546.78,234.21,144.66,134.79,39.48,55.88,98.88,275.4
20261008,12:33:00,49378.63,44215.21,26672.05,17641.75,126.77,1900.27,491.82,483.51,556.01,111.02,166.11,205.19,91.49,150.42,274.04,122.13,193.88,294.32,3138.65,1660.83,470.4,79.7,245.49,1034.01,384.25,237.84,285.69,442.52,208.91,102.09,3543.81,234.21,144.66,134.79,39.48,55.88,98.88,275.4
20261008,12:33:05,49423.83,44253.44,26689.36,17642.18,126.77,1898.85,491.99,483.52,556.01,111.02,166.11,205.19,91.49,150.21,274.04,122.13,193.88,294.33,3141.72,1663.34,470.49,79.68,245.48,1034.01,384.24,237.84,285.32,442.52,208.91,102.09,3549.09,234.21,144.66,134.79,39.48,55.88,98.88,275.4
20261008,12:33:10,49384.67,44215.62,26685.38,17638.77,126.77,1900.27,491.99,483.44,556.01,110.94,166.11,205.21,91.49,150.42,274.04,122.13,193.88,294.33,3138.76,1660.8,470.5,79.7,245.35,1034.96,384.24,237.85,285.22,442.52,208.94,102.09,3548.78,234.54,144.07,134.76,39.48,55.89,98.88,275.4
20261008,12:33:15,49427.67,44257.08,26693.77,17646.92,126.77,1900.27,492.45,483.31,556.01,110.94,166.11,205.22,91.49,150.42,274.02,122.13,193.88,294.33,3141.9,1663.14,470.38,79.7,245.42,1034.92,384.18,237.85,285.54,442.5,208.94,102.09,3549.19,234.54,144.66,134.82,39.48,55.89,98.88,275.4
20261008,12:33:20,49424.63,44254.58,26687.76,17641.56,126.9,1900.27,491.9,483.3,555.7,110.87,166.1,205.24,91.48,150.42,274.02,122.15,193.91,294.32,3141.83,1663.1,470.55,79.7,245.35,1034.76,384.18,237.85,285.53,442.59,208.86,102.09,3548.76,234.58,144.66,134.82,39.47,55.89,98.88,275.4
20261008,12:33:25,49386.33,44217.59,26689.91,17645.15,126.9,1900.27,491.9,483.38,556.01,110.93,166.11,205.26,91.48,150.21,274.02,122.27,193.91,294.32,3138.76,1660.95,470.51,79.7,245.22,1034.64,384.17,237.85,285.22,442.59,208.97,102.09,3548.46,234.58,144.66,134.78,39.47,55.89,98.88,275.7
20261008,12:33:30,49393.37,44224.06,26689.93,17643.87,126.9,1900.27,492.06,483.38,556.01,110.93,166.11,205.26,91.48,150.21,274.02,122.25,193.91,294.32,3139.31,1661.04,470.7,79.81,245.23,1034.87,384.17,237.85,285.53,442.55,208.74,102.09,3548.81,234.58,144.66,134.77,39.47,55.89,98.88,275.7
20261008,12:33:35,49396.5,44227.28,26693.01,17647.97,126.9,1900.27,492.6,483.38,556.01,110.85,166.1,205.25,91.48,150.42,274.02,122.13,193.96,294.32,3139.47,1660.99,470.69,79.81,245.23,1035.43,384.17,237.85,285.53,442.56,208.82,102.09,3548.66,234.58,144.66,134.77,39.47,55.89,98.88,275.7
20261008,12:33:40,49393.06,44224.01,26688.92,17643.54,126.9,1900.27,491.98,483.64,556.01,110.92,166.1,205.25,91.48,150.42,274.02,122.13,193.91,294.32,3139.32,1661.07,470.63,79.8,245.22,1035.26,384.17,237.85,285.23,442.56,208.83,102.09,3548.59,234.58,144.66,134.66,39.47,55.89,98.88,275.7
20261008,12:33:45,49390.65,44223.5,26682.72,17642.53,126.9,1900.27,492.06,483.64,556.01,110.92,166.1,205.25,91.48,150.0,274.02,122.14,193.91,294.32,3139.3,1661.1,470.64,79.8,245.58,1034.82,384.12,237.85,285.23,442.56,208.72,102.09,3546.93,234.58,144.66,134.69,39.47,55.89,98.88,275.65
20261008,12:33:50,49390.45,44222.95,26684.51,17643.41,126.9,1900.27,492.15,483.64,556.01,110.92,166.09,205.27,91.47,150.0,274.02,122.12,193.91,294.32,3139.23,1661.04,470.62,79.8,245.5,1034.82,384.12,237.85,285.31,442.55,208.83,102.09,3547.25,234.26,144.66,134.68,39.47,55.89,98.88,275.65
20261008,12:33:55,49430.9,44262.78,26680.78,17640.49,126.9,1898.85,491.98,483.64,555.99,110.92,166.09,205.25,91.47,149.77,274.02,122.12,193.91,294.32,3142.51,1663.41,470.6,79.81,245.61,1034.82,384.12,237.85,285.64,442.55,208.85,102.09,3546.87,234.26,144.66,134.68,39.47,55.89,98.88,275.35
20261008,12:34:00,49433.73,44265.53,26684.2,17644.43,126.77,1898.85,492.61,483.64,556.07,110.91,166.09,205.28,91.46,149.35,274.02,122.12,193.91,294.32,3142.64,1663.45,470.58,79.81,245.61,1035.0,384.12,237.85,285.64,442.52,208.85,102.09,3546.87,234.27,144.66,134.68,39.47,55.89,98.88,275.35
20261008,12:34:05,49401.28,44231.73,26690.92,17644.88,126.77,1898.85,492.61,483.64,556.08,110.91,166.09,205.27,91.46,149.56,274.02,122.12,193.91,294.32,3139.91,1661.25,470.7,79.8,245.61,1035.16,384.15,237.85,285.65,442.52,208.85,102.09,3548.85,234.26,144.66,134.69,39.47,55.89,98.88,275.4
20261008,12:34:10,49435.27,44267.14,26683.88,17644.43,126.77,1898.62,492.61,483.56,556.12,110.91,166.09,205.27,91.46,149.35,274.02,122.12,193.91,294.32,3142.77,1663.7,470.58,79.82,245.29,1035.17,384.16,237.85,285.35,442.53,208.84,102.09,3546.78,234.26,144.66,134.69,39.47,55.89,98.88,275.39
20261008,12:34:15,49402.45,44232.59,26691.36,17644.44,126.77,1898.62,492.61,483.56,556.09,110.91,166.09,205.27,91.47,149.35,274.02,122.12,193.88,294.32,3139.99,1661.29,470.56,79.89,245.64,1035.15,384.18,237.85,285.66,442.59,208.85,102.09,3549.11,234.26,144.66,134.69,39.47,55.88,98.88,275.39
20261008,12:34:20,49408.74,44238.72,26691.33,17644.41,126.77,1900.04,492.52,483.56,556.09,110.91,166.11,205.32,91.47,149.35,274.02,122.12,193.88,294.32,3140.48,1661.64,470.56,79.91,245.64,1035.23,384.12,237.85,285.66,442.58,208.84,102.09,3549.11,234.26,144.66,134.69,39.47,55.88,98.88,275.4
20261008,12:34:25,49409.16,44239.28,26694.45,17648.51,126.77,1900.13,493.07,483.56,556.1,110.91,166.12,205.32,91.48,149.35,274.02,122.13,193.88,294.32,3140.43,1661.55,470.59,79.89,245.53,1035.38,384.12,237.85,285.74,442.58,208.82,102.11,3548.97,234.26,144.66,134.69,39.47,55.88,98.88,275.4
20261008,12:34:30,49408.88,44238.83,26695.64,17649.28,126.77,1898.71,492.97,483.56,556.1,110.91,166.32,205.31,91.64,149.36,274.02,122.13,193.88,294.32,3140.37,1661.55,470.6,79.91,245.39,1035.27,384.46,237.85,285.74,442.52,208.82,102.11,3549.13,234.26,144.66,134.7,39.47,55.88,98.88,275.41
20261008,12:34:35,49406.42,44238.16,26689.0,17647.41,126.77,1898.71,492.51,483.3,556.32,110.91,166.34,205.32,91.65,149.36,274.02,122.25,193.88,294.32,3140.36,1661.53,470.69,79.91,245.41,1035.22,384.23,237.85,285.75,442.52,208.82,102.11,3547.56,234.26,144.66,134.7,39.47,55.88,98.88,275.41
20261008,12:34:40,49412.7,44243.96,26690.47,17648.05,126.77,1898.71,492.59,483.3,556.29,110.99,166.33,205.31,91.65,149.36,274.02,122.25,193.93,294.31,3140.82,1661.69,470.77,79.93,245.41,1036.06,384.23,237.85,285.45,442.52,208.82,102.11,3547.85,234.26,144.66,134.7,39.47,55.88,98.88,275.41
20261008,12:34:45,49411.76,44243.71,26690.34,17650.14,126.77,1898.71,493.06,483.3,556.29,110.99,166.33,205.32,91.65,149.78,274.02,122.01,193.93,294.32,3140.75,1661.67,470.69,79.91,245.52,1035.93,384.23,237.85,285.49,442.52,208.79,102.11,3547.24,234.26,144.66,134.7,39.47,55.88,98.88,275.4
20261008,12:34:50,49413.43,44243.29,26698.03,17652.12,126.9,1898.95,493.14,483.3,556.29,110.98,166.33,205.32,91.65,149.78,274.02,122.13,193.93,294.32,3140.66,1661.59,470.68,79.9,245.63,1035.96,383.84,237.85,285.5,442.52,208.79,102.11,3549.11,234.26,144.66,134.7,39.47,55.88,98.88,275.45
20261008,12:34:55,49457.79,44286.35,26695.88,17649.06,126.9,1900.37,492.59,483.23,556.31,110.98,166.33,205.31,91.65,149.78,274.02,122.13,193.93,294.32,3144.21,1664.18,470.73,79.82,245.52,1036.23,383.84,237.85,285.78,442.52,208.78,102.11,3549.26,234.58,144.66,134.7,39.47,55.87,98.88,275.45
20261008,12:35:00,49462.77,44291.37,26695.38,17649.09,126.9,1900.37,492.6,483.23,556.31,110.98,166.32,205.29,91.65,149.77,274.02,122.13,193.93,294.31,3144.61,1664.49,470.61,79.82,245.52,1036.23,383.96,237.85,285.87,442.52,208.78,102.11,3549.1,234.58,144.66,134.67,39.47,55.87,98.88,275.48
20261008,12:35:05,49466.26,44294.62,26698.34,17651.95,126.9,1898.95,493.06,483.23,556.31,110.98,166.3,205.21,91.65,149.78,274.04,122.13,193.93,294.31,3144.8,1664.7,470.74,79.84,245.53,1036.24,383.96,237.85,285.58,442.51,208.78,102.11,3549.25,234.58,144.66,134.77,39.47,55.87,98.88,275.48
20261008,12:35:10,49464.0,44292.0,26696.79,17648.79,126.9,1898.95,492.6,483.3,556.36,110.98,166.3,205.19,91.65,149.78,274.04,122.13,193.9,294.31,3144.67,1664.63,470.72,79.9,245.29,1036.27,383.95,237.85,285.57,442.51,208.78,102.11,3549.62,234.58,144.66,134.77,39.47,55.87,98.88,275.49
20261008,12:35:15,49462.29,44292.57,26688.32,17646.53,126.9,1898.95,492.5,483.3,556.03,110.91,166.31,205.2,91.65,149.78,274.04,122.09,193.9,294.28,3144.77,1664.64,470.67,79.91,245.65,1036.17,383.95,237.85,285.57,442.49,208.78,102.11,3547.59,234.58,144.66,134.77,39.46,55.87,98.88,275.51
20261008,12:35:20,49422.94,44254.4,26691.21,17650.46,126.9,1900.37,493.04,483.3,556.03,110.98,166.33,205.2,91.67,149.78,274.04,122.09,193.9,294.28,3141.6,1662.22,470.76,79.94,245.3,1036.29,383.83,237.85,285.57,442.48,208.67,102.08,3547.43,234.58,144.66,134.77,39.46,55.88,98.88,275.51
20261008,12:35:25,49463.77,44293.92,26689.34,17647.4,126.9,1898.95,492.57,483.3,556.03,110.98,166.32,205.26,91.66,149.78,274.04,122.09,193.9,294.28,3144.86,1664.56,470.72,79.91,245.54,1036.28,383.85,237.85,285.89,442.48,208.79,102.08,3547.67,234.58,144.66,134.77,39.38,55.88,98.88,275.52
20261008,12:35:30,49420.81,44251.43,26694.91,17651.71,126.9,1898.95,493.12,483.43,556.03,111.02,166.33,205.27,91.66,149.78,274.04,122.09,193.9,294.28,3141.33,1662.07,470.72,79.91,245.19,1036.28,383.85,237.85,285.57,442.53,208.79,102.08,3548.24,234.58,144.65,134.77,39.38,55.88,98.88,275.52
20261008,12:35:35,49425.74,44254.19,26700.49,17651.29,126.9,1898.95,493.04,483.43,556.03,111.02,166.33,205.28,91.66,149.57,274.04,122.09,193.86,294.29,3141.56,1662.08,470.85,79.92,245.55,1036.33,383.97,237.85,285.57,442.53,208.79,102.08,3550.1,234.91,144.65,134.77,39.38,55.88,98.88,275.51
20261008,12:35:40,49428.84,44257.29,26700.36,17651.39,126.9,1898.95,492.96,483.43,556.04,111.1,166.33,205.28,91.66,149.78,274.04,122.09,193.86,294.29,3141.81,1662.1,470.83,79.91,245.66,1036.39,383.97,237.85,285.88,442.54,208.82,102.11,3550.03,234.86,144.65,134.77,39.38,55.86,98.88,275.51
20261008,12:35:45,49429.59,44257.53,26701.75,17651.36,126.9,1899.02,493.04,483.43,556.04,111.1,166.33,205.28,91.66,149.57,274.04,122.09,193.86,294.29,3141.83,1662.19,470.74,79.96,245.54,1036.28,383.97,237.85,285.87,442.5,208.82,102.11,3550.47,234.86,144.65,134.77,39.38,55.86,98.88,275.41
20261008,12:35:50,49426.62,44255.01,26698.64,17649.04,126.9,1899.02,493.04,483.61,556.04,111.02,166.14,205.28,91.5,149.57,274.04,122.07,193.86,294.29,3141.68,1662.19,470.7,79.94,245.42,1036.24,383.97,237.85,285.78,442.49,208.82,102.11,3550.13,234.86,144.65,134.77,39.38,55.86,98.88,275.41
20261008,12:35:55,49427.38,44255.6,26699.05,17649.01,127.03,1899.02,493.12,483.45,556.04,111.01,166.14,205.29,91.5,149.57,274.04,121.95,193.86,294.29,3141.73,1662.19,470.82,79.96,245.29,1036.39,383.85,237.85,285.74,442.5,208.83,102.08,3550.27,234.86,144.65,134.77,39.38,55.86,98.88,275.36
20261008,12:36:00,49423.25,44251.68,26699.06,17649.36,127.03,1899.47,493.12,483.45,556.04,111.01,166.14,205.29,91.5,149.57,274.04,122.05,193.86,294.3,3141.41,1662.11,470.72,79.92,245.4,1036.27,383.85,237.85,285.47,442.5,208.79,102.08,3550.18,234.86,144.65,134.77,39.38,55.86,98.88,275.33
20261008,12:36:05,49423.83,44253.03,26697.21,17649.85,126.9,1899.47,493.2,483.53,556.04,111.09,166.14,205.29,91.5,149.36,274.04,122.05,193.86,294.3,3141.5,1662.08,470.73,79.94,245.53,1036.39,383.83,237.85,285.52,442.47,208.83,102.08,3549.47,234.86,144.65,134.77,39.38,55.86,98.88,275.33
20261008,12:36:10,49428.56,44257.64,26697.44,17650.12,127.03,1899.47,493.21,483.48,555.99,111.01,166.14,205.3,91.5,149.57,274.04,122.09,193.86,294.31,3141.87,1662.19,470.73,79.93,245.64,1036.68,384.08,237.85,285.59,442.46,208.79,102.08,3549.46,234.86,144.65,134.77,39.38,55.86,98.88,275.33
20261008,12:36:15,49429.02,44258.34,26696.36,17649.72,127.03,1899.47,493.12,483.36,556.06,111.01,166.13,205.29,91.49,149.8,274.04,122.09,193.86,294.31,3141.93,1662.13,470.83,79.93,245.64,1036.5,383.83,237.85,285.93,442.51,208.79,102.08,3549.23,234.86,144.65,134.77,39.38,55.85,98.88,275.34
20261008,12:36:20,49427.06,44256.85,26695.97,17650.67,127.03,1899.47,493.21,483.36,556.06,110.98,166.13,205.29,91.49,149.59,274.04,122.09,193.86,294.31,3141.79,1662.07,470.81,79.92,245.52,1036.51,383.83,237.85,285.93,442.46,208.79,102.08,3548.86,234.86,144.65,134.77,39.38,55.85,98.88,275.64
20261008,12:36:25,49425.28,44253.93,26694.34,17644.82,127.03,1899.47,492.58,483.36,555.77,110.98,166.12,205.28,91.48,149.59,274.04,122.21,193.82,294.31,3141.7,1662.14,470.79,79.9,245.64,1036.41,383.83,237.85,285.62,442.44,208.79,102.08,3549.93,234.86,144.65,134.76,39.38,55.85,98.88,275.35
20261008,12:36:30,49427.63,44256.03,26698.37,17648.81,127.03,1899.25,493.12,483.36,555.77,110.98,166.11,205.28,91.48,149.8,274.04,122.21,193.82,294.31,3141.77,1662.21,470.64,79.89,245.64,1036.16,383.82,237.85,285.93,442.44,208.77,102.08,3550.11,234.86,144.65,134.76,39.38,55.85,98.88,275.35
20261008,12:36:35,49425.86,44254.99,26696.61,17649.13,127.03,1900.58,493.12,483.37,555.77,110.98,166.11,205.28,91.48,149.59,274.04,122.09,193.82,294.31,3141.68,1661.99,470.87,79.92,245.64,1036.31,383.82,237.85,285.93,442.47,208.77,102.08,3549.47,234.86,144.65,134.74,39.38,55.85,98.88,275.65
20261008,12:36:40,49424.1,44253.39,26697.47,17650.49,126.9,1902.0,493.21,483.53,555.77,110.98,166.12,205.3,91.48,149.59,274.04,122.09,193.86,294.3,3141.52,1662.11,470.6,79.93,245.64,1036.26,383.8,237.85,285.62,442.46,208.77,102.08,3549.37,234.86,144.65,134.74,39.38,55.87,98.88,275.7
20261008,12:36:45,49424.69,44253.87,26697.42,17650.1,126.9,1899.16,493.21,483.47,555.77,111.06,166.12,205.32,91.48,149.8,274.04,122.09,193.86,294.3,3141.57,1662.09,470.61,79.92,245.4,1036.63,383.8,237.85,285.62,442.46,208.8,102.08,3549.47,234.86,144.65,134.74,39.38,55.87,98.88,275.7
20261008,12:36:50,49423.8,44254.65,26691.74,17649.11,126.9,1899.16,493.11,483.47,555.77,111.06,166.12,205.3,91.48,149.59,274.04,122.08,193.86,294.3,3141.65,1662.25,470.59,79.94,245.42,1035.91,383.8,237.85,285.93,442.51,208.8,102.08,3547.96,234.86,144.65,134.73,39.39,55.87,98.88,275.7
20261008,12:36:55,49462.09,44292.03,26694.89,17652.94,126.9,1900.58,493.74,483.55,555.77,111.06,166.11,205.3,91.48,149.59,274.04,122.08,193.86,294.3,3144.57,1664.57,470.62,79.93,245.67,1035.88,383.8,237.85,285.62,442.51,208.8,102.08,3547.9,234.54,144.65,134.73,39.39,55.87,98.88,275.4
20261008,12:37:00,49425.16,44254.42,26696.42,17649.26,126.9,1900.55,493.2,483.55,555.8,111.05,166.12,205.31,91.48,149.59,274.04,122.08,193.86,294.3,3141.63,1662.31,470.62,79.92,245.42,1036.07,383.8,237.85,285.63,442.5,208.82,102.08,3549.38,234.54,144.65,134.73,39.39,55.86,98.88,275.42
20261008,12:37:05,49463.68,44291.49,26697.67,17649.14,126.9,1900.55,493.2,483.47,555.8,111.05,166.11,205.28,91.48,149.8,274.04,122.06,193.83,294.3,3144.62,1664.77,470.71,79.96,245.19,1035.69,384.0,237.85,285.58,442.45,208.83,102.08,3549.8,234.54,144.65,134.76,39.39,55.86,98.79,275.39
20261008,12:37:10,49427.79,44256.69,26697.4,17649.41,126.9,1900.55,493.2,483.47,555.8,111.05,166.11,205.28,91.48,149.8,274.04,122.07,193.83,294.3,3141.81,1662.47,470.8,79.92,245.55,1035.73,384.0,237.85,285.58,442.45,208.85,102.08,3549.64,234.54,144.65,134.76,39.39,55.86,98.79,275.39
20261008,12:37:15,49469.04,44296.66,26698.15,17649.5,126.9,1901.97,493.2,483.47,555.8,111.05,166.11,205.26,91.48,149.58,274.04,122.07,193.85,294.3,3145.03,1664.86,470.94,79.93,245.55,1035.88,384.0,237.85,285.58,442.43,208.83,102.08,3549.85,234.54,144.65,134.76,39.39,55.86,98.79,275.39
20261008,12:37:20,49432.62,44261.16,26698.52,17649.91,126.9,1901.97,493.2,483.47,555.8,111.05,166.12,205.29,91.48,149.8,274.04,122.07,193.85,294.3,3142.16,1662.38,470.93,79.94,245.31,1036.48,384.0,237.85,285.89,442.46,208.83,102.08,3549.86,234.54,144.65,134.75,39.39,55.86,98.79,275.39
20261008,12:37:25,49434.79,44263.75,26697.46,17650.27,126.9,1901.97,493.29,483.47,555.8,111.08,166.12,205.29,91.48,149.8,274.04,122.07,193.85,294.3,3142.36,1662.45,470.96,79.92,245.67,1036.43,383.88,237.85,285.9,442.46,208.8,102.08,3549.43,234.54,144.65,134.75,39.39,55.86,98.79,275.39
20261008,12:37:30,49432.03,44261.14,26691.65,17643.88,126.9,1901.97,493.21,483.39,555.91,111.0,166.11,205.29,91.48,149.8,274.04,122.07,193.88,294.27,3142.3,1662.45,470.97,79.93,245.31,1036.6,383.88,237.85,285.9,442.46,208.69,102.08,3549.35,234.54,144.06,134.75,39.39,55.86,98.79,275.39
20261008,12:37:35,49438.52,44267.47,26696.45,17649.4,126.96,1901.97,493.21,483.39,555.91,111.0,166.11,205.29,91.48,149.8,274.04,122.05,193.85,294.27,3142.68,1662.44,471.18,79.93,245.67,1037.35,384.13,237.85,285.58,442.46,208.77,102.08,3549.35,234.54,144.65,134.75,39.39,55.86,98.79,275.39
20261008,12:37:40,49434.45,44265.86,26692.07,17652.25,126.9,1901.97,493.74,483.4,555.91,111.0,166.12,205.29,91.49,149.8,274.04,122.05,193.85,294.27,3142.48,1662.47,471.09,79.92,245.36,1037.1,384.19,237.85,285.63,442.51,208.65,102.08,3547.21,234.54,144.65,134.75,39.39,55.86,98.79,275.41
20261008,12:37:45,49437.13,44265.06,26701.62,17651.82,126.9,1900.55,493.74,483.4,555.91,111.08,166.13,205.3,91.49,149.58,274.04,122.1,193.81,294.28,3142.43,1662.42,471.0,79.95,245.29,1037.22,384.19,237.85,285.63,442.48,208.65,102.08,3550.31,234.54,144.65,134.75,39.39,55.86,98.79,275.4
20261008,12:37:50,49485.48,44312.99,26701.56,17654.47,126.9,1903.38,493.83,483.4,555.91,111.08,166.11,205.3,91.47,149.58,274.04,122.1,193.81,294.28,3146.22,1664.98,471.1,79.93,245.54,1037.68,384.2,237.85,285.94,442.46,208.77,102.08,3549.57,234.54,144.65,134.75,39.39,55.86,98.79,275.4
20261008,12:37:55,49482.67,44311.52,26698.1,17654.76,126.9,1903.42,493.75,483.4,555.91,111.08,166.11,205.3,91.47,149.8,274.04,122.09,193.81,294.27,3146.1,1664.99,470.93,79.97,245.65,1037.77,384.26,237.85,285.62,442.46,208.8,102.08,3548.41,234.54,144.65,134.77,39.39,55.88,98.79,275.4
20261008,12:38:00,49482.83,44311.23,26695.42,17650.15,126.9,1902.0,493.22,483.24,555.8,111.08,166.11,205.3,91.47,149.8,274.04,122.09,193.81,294.27,3146.19,1664.91,470.98,79.95,245.65,1037.76,384.26,237.85,285.94,442.52,208.8,102.08,3548.83,234.54,144.65,134.86,39.39,55.88,98.79,275.4
20261008,12:38:05,49447.52,44276.29,26698.5,17651.94,126.9,1902.0,493.21,483.16,555.8,111.08,166.12,205.36,91.47,149.8,274.04,122.19,193.81,294.27,3143.33,1662.98,471.06,79.92,245.17,1037.77,384.0,237.85,285.63,442.52,208.95,102.08,3549.3,234.54,144.65,134.86,39.39,55.88,98.6,275.4
20261008,12:38:10,49447.59,44276.53,26695.8,17649.38,126.9,1900.58,493.3,483.16,555.8,111.05,166.12,205.36,91.47,149.8,274.04,122.09,193.82,294.27,3143.41,1662.92,470.9,79.94,245.3,1037.76,384.0,237.85,285.94,442.46,208.77,102.08,3549.15,234.54,144.65,134.86,39.39,55.88,98.6,275.37
20261008,12:38:15,49449.05,44278.0,26695.31,17649.0,126.9,1900.58,493.21,483.24,555.8,111.05,166.14,205.4,91.47,149.81,274.04,122.09,193.82,294.27,3143.54,1662.98,471.04,79.96,245.66,1037.31,384.33,237.85,285.94,442.46,208.77,102.08,3549.11,234.54,144.65,134.86,39.39,55.88,98.6,275.37
20261008,12:38:20,49445.1,44274.08,26697.33,17651.08,126.9,1900.58,493.31,483.03,555.81,111.05,166.14,205.42,91.47,149.81,274.04,122.09,193.82,294.27,3143.17,1662.94,471.05,79.95,245.55,1037.24,384.33,237.85,285.53,442.46,208.89,102.08,3549.17,234.54,144.65,134.76,39.39,55.86,98.6,275.67
20261008,12:38:25,49443.84,44273.55,26699.53,17655.94,126.9,1903.42,493.31,483.03,555.81,111.05,166.14,205.42,91.47,149.81,274.04,122.09,193.82,294.27,3143.01,1662.84,471.06,79.95,245.18,1037.06,384.33,237.85,285.84,442.41,208.89,102.08,3548.54,234.54,145.24,134.74,39.39,55.86,98.6,275.37
20261008,12:38:30,49444.73,44274.49,26702.63,17659.75,126.9,1903.52,493.85,483.13,555.81,111.05,166.14,205.4,91.47,149.6,274.04,122.09,193.82,294.27,3142.99,1662.88,470.93,79.95,245.66,1037.01,384.33,237.85,285.54,442.41,208.89,102.08,3548.47,234.54,145.24,134.74,39.39,55.86,98.6,275.38
20261008,12:38:35,49477.93,44306.6,26693.86,17648.85,126.9,1903.62,493.31,483.13,555.81,111.05,165.94,205.4,91.32,149.6,274.04,122.09,193.82,294.27,3145.84,1665.17,470.85,79.92,245.41,1037.1,384.33,237.85,285.54,442.41,208.88,102.08,3548.69,234.54,144.65,134.74,39.39,55.86,98.6,275.38
20261008,12:38:40,49479.27,44307.71,26693.18,17647.42,126.9,1900.78,493.31,483.13,555.8,110.97,165.93,205.38,91.32,149.6,274.04,122.08,193.82,294.28,3145.97,1664.93,471.06,79.93,245.65,1037.67,384.33,237.85,285.54,442.47,208.86,102.08,3548.87,234.54,144.65,134.74,39.39,55.88,98.6,275.38
20261008,12:38:45,49445.35,44274.27,26698.16,17651.84,126.96,1900.78,493.85,483.13,555.8,110.97,165.94,205.39,91.32,149.81,273.68,122.1,193.82,294.28,3143.17,1662.89,471.06,79.94,245.4,1037.55,384.33,237.85,285.49,442.47,208.86,102.08,3549.22,234.54,144.65,134.73,39.39,55.88,98.6,275.38
20261008,12:38:50,49481.83,44310.65,26696.36,17652.56,126.96,1900.78,493.31,483.13,555.8,110.9,165.93,205.36,91.32,149.81,273.68,122.1,193.82,294.28,3146.08,1665.23,471.03,79.94,245.41,1036.89,384.33,237.85,285.81,442.48,208.88,102.08,3548.47,234.54,145.24,134.73,39.39,55.88,98.6,275.38
20261008,12:38:55,49436.33,44266.31,26691.99,17647.53,126.96,1900.78,493.31,483.13,555.82,110.98,165.93,205.34,91.32,149.6,273.68,122.1,193.82,294.28,3142.63,1662.64,471.12,79.89,245.4,1036.69,384.33,237.85,285.8,442.46,208.88,102.08,3548.47,234.54,144.64,134.73,39.39,55.87,98.6,275.38
20261008,12:39:00,49432.71,44262.48,26693.59,17648.36,126.9,1902.2,493.31,483.13,555.82,110.98,165.93,205.36,91.32,149.81,273.68,122.1,193.82,294.28,3142.3,1662.57,470.93,79.88,245.41,1036.69,384.26,237.85,285.53,442.46,208.88,102.09,3548.74,234.54,144.64,134.73,39.39,55.89,98.6,275.38
20261008,12:39:05,49425.39,44255.31,26689.77,17643.83,126.96,1900.41,492.77,483.13,555.86,110.9,165.93,205.36,91.32,149.81,273.68,122.1,193.84,294.29,3141.83,1662.46,470.92,79.86,245.17,1036.11,384.26,237.85,285.58,442.46,208.88,102.09,3548.78,234.54,144.64,134.73,39.39,55.89,98.6,275.38
20261008,12:39:10,49428.02,44258.05,26688.51,17643.0,126.96,1900.41,492.77,483.13,555.93,110.98,165.92,205.32,91.32,149.81,273.68,122.1,193.84,294.28,3142.07,1662.54,471.05,79.86,245.4,1036.11,384.26,237.85,285.58,442.41,208.76,102.09,3548.61,234.54,144.64,134.73,39.39,55.89,98.6,275.38
20261008,12:39:15,49428.32,44259.06,26691.77,17649.12,126.96,1900.41,493.3,483.39,556.16,110.98,165.94,205.38,91.32,149.81,273.68,122.1,193.8,294.28,3142.01,1662.4,471.04,79.88,245.3,1036.08,383.99,237.85,285.9,442.41,208.88,102.09,3547.97,234.54,144.64,134.73,39.39,55.89,98.6,275.38
20261008,12:39:20,49424.24,44255.09,26687.12,17643.79,126.96,1900.19,492.84,483.39,556.16,110.98,165.94,205.4,91.32,149.6,273.68,122.08,193.8,294.29,3141.81,1662.48,470.69,79.86,245.37,1036.1,384.05,237.85,285.58,442.41,208.73,102.09,3547.96,234.54,144.64,134.73,39.39,55.89,98.6,275.34
20261008,12:39:25,49465.79,44295.16,26688.34,17643.81,126.96,1900.19,492.77,483.39,556.16,110.98,165.93,205.36,91.32,149.81,273.68,122.1,193.84,294.29,3145.04,1664.94,470.78,79.87,245.38,1036.07,384.05,237.85,285.57,442.46,208.73,102.09,3548.34,234.54,144.64,134.73,39.39,55.89,98.6,275.34
20261008,12:39:30,49464.12,44293.81,26690.31,17647.0,126.96,1900.19,493.39,483.39,556.16,110.92,165.93,205.36,91.32,149.81,273.68,122.08,193.84,294.28,3144.86,1664.86,470.72,79.89,245.25,1036.05,384.05,237.85,285.57,442.46,208.62,102.09,3548.09,234.55,144.64,134.73,39.39,55.89,98.6,275.35
20261008,12:39:35,49425.08,44254.9,26692.97,17647.18,126.9,1900.19,493.39,483.39,556.12,110.92,165.93,205.35,91.32,149.81,273.68,122.1,193.84,294.28,3141.72,1662.4,470.83,79.87,245.5,1035.92,383.99,237.85,285.52,442.41,208.62,102.09,3548.87,234.55,144.64,134.73,39.39,55.89,98.6,275.53
20261008,12:39:40,49429.14,44258.64,26689.57,17642.54,126.9,1900.13,492.77,483.39,556.12,110.92,165.93,205.33,91.32,149.81,273.68,122.1,193.84,294.29,3142.13,1662.49,470.87,79.87,245.13,1036.51,383.99,237.85,285.84,442.41,208.62,102.09,3549.06,234.55,144.64,134.72,39.39,55.89,98.6,275.53
20261008,12:39:45,49467.69,44296.23,26693.8,17647.49,126.9,1900.13,493.31,483.39,556.13,110.9,165.94,205.37,91.32,149.81,273.68,122.08,193.82,294.29,3145.04,1664.94,470.61,79.87,245.25,1036.02,384.24,237.85,285.84,442.41,208.73,102.09,3549.04,234.55,144.64,134.72,39.39,55.88,98.6,275.53
20261008,12:39:50,49464.93,44294.05,26688.99,17643.65,126.9,1900.5,492.77,483.39,556.13,110.9,165.93,205.36,91.32,149.81,273.68,122.1,193.82,294.29,3144.96,1664.96,470.71,79.86,245.39,1035.9,384.24,237.85,285.57,442.41,208.73,102.09,3548.58,234.55,144.64,134.72,39.39,55.86,98.6,275.53
20261008,12:39:55,49468.03,44296.34,26696.41,17649.76,126.9,1900.5,493.31,483.14,556.13,110.9,166.13,205.36,91.48,149.8,273.68,122.12,193.82,294.29,3145.0,1664.9,470.76,79.86,245.38,1035.7,384.24,237.85,285.89,442.46,208.73,102.09,3549.24,234.55,144.64,134.75,39.39,55.86,98.6,275.53
20261008,12:40:00,49463.5,44293.16,26693.32,17650.32,126.9,1900.5,492.77,483.14,556.13,110.9,166.12,205.33,91.48,149.8,273.68,122.1,193.82,294.29,3144.73,1664.9,470.7,79.87,245.14,1035.74,384.24,237.85,285.57,442.46,208.73,102.09,3548.12,234.55,145.23,134.72,39.39,55.86,98.6,275.55
20261008,12:40:05,49426.85,44257.07,26695.42,17651.48,126.9,1900.5,493.31,483.14,556.13,110.9,166.12,205.33,91.48,149.8,273.68,122.12,193.82,294.27,3141.79,1662.45,470.69,79.87,245.39,1035.81,384.3,237.85,285.79,442.41,208.92,102.12,3548.47,234.55,144.64,134.75,39.39,55.88,98.6,275.55
20261008,12:40:10,49454.26,44284.17,26690.24,17646.81,126.9,1901.88,492.77,483.14,556.14,110.9,166.13,205.36,91.48,149.8,273.68,122.11,193.82,294.27,3144.09,1664.48,470.58,79.87,244.95,1035.91,384.32,237.85,285.48,442.38,208.77,102.12,3548.11,234.55,144.64,134.81,39.39,55.88,98.6,275.53
20261008,12:40:15,49416.47,44245.33,26696.03,17646.74,126.9,1901.88,492.77,483.14,556.14,110.9,166.13,205.36,91.48,149.8,273.53,122.11,193.82,294.26,3140.96,1662.0,470.58,79.87,245.07,1035.68,384.32,237.85,285.74,442.38,208.77,102.12,3549.94,234.55,144.64,134.81,39.39,55.88,98.6,275.53
20261008,12:40:20,49454.81,44287.05,26688.57,17652.75,126.96,1902.1,493.39,483.14,556.14,110.98,166.12,205.33,91.48,149.8,273.53,122.11,193.82,294.26,3144.18,1664.51,470.57,79.86,245.09,1035.61,384.27,237.85,285.73,442.38,208.88,102.12,3545.98,234.55,144.64,134.81,39.39,55.88,98.6,275.53
20261008,12:40:25,49456.05,44287.88,26688.8,17651.73,126.9,1902.1,493.3,483.15,556.14,110.9,166.13,205.35,91.48,149.8,273.53,122.09,193.82,294.27,3144.27,1664.65,470.47,79.86,244.84,1035.73,384.27,237.85,285.73,442.41,208.88,102.12,3546.33,234.55,144.65,134.81,39.39,55.88,98.6,275.51
20261008,12:40:30,49418.74,44249.59,26695.22,17652.63,126.96,1900.68,493.39,483.15,556.41,110.9,166.12,205.33,91.48,149.59,273.53,122.11,193.82,294.27,3141.16,1662.18,470.68,79.86,245.32,1035.73,384.27,237.85,285.42,442.41,208.91,102.12,3548.09,234.55,144.65,134.81,39.39,55.88,98.6,275.41
20261008,12:40:35,49419.97,44249.89,26698.55,17653.49,126.96,1900.56,493.39,483.15,556.41,110.9,166.13,205.33,91.48,149.8,273.53,122.11,193.82,294.27,3141.16,1662.18,470.74,79.84,245.3,1035.73,384.21,237.85,285.41,442.58,208.92,102.12,3548.9,234.56,144.65,134.81,39.39,55.88,98.6,275.46
20261008,12:40:40,49460.73,44287.86,26703.08,17652.85,126.96,1900.56,493.31,483.15,556.41,110.9,166.13,205.34,91.48,149.8,273.53,122.11,193.82,294.27,3144.24,1664.57,470.72,79.87,245.1,1035.76,384.21,237.85,285.46,442.56,208.91,102.12,3550.49,234.55,144.65,134.81,39.39,55.88,98.6,275.46
20261008,12:40:45,49459.61,44288.91,26697.4,17653.46,126.96,1901.98,493.32,483.15,556.41,110.9,166.13,205.34,91.48,149.8,273.53,122.09,193.85,294.29,3144.31,1664.64,470.78,79.82,244.98,1035.79,384.21,237.85,285.5,442.56,208.92,102.12,3548.54,234.51,144.65,134.81,39.39,55.88,98.6,275.47
20261008,12:40:50,49461.06,44290.59,26694.57,17651.09,126.96,1900.56,493.32,483.15,556.41,110.9,166.12,205.34,91.48,149.8,273.53,122.09,193.85,294.29,3144.5,1664.65,470.67,79.82,245.1,1035.81,384.24,237.85,285.81,442.56,208.78,102.12,3548.3,234.51,144.64,134.8,39.39,55.88,98.6,275.39
20261008,12:40:55,49461.83,44291.5,26694.67,17651.76,127.09,1900.56,493.32,483.15,556.42,110.9,166.12,205.33,91.48,149.8,273.53,122.06,193.85,294.28,3144.56,1664.62,470.68,79.82,245.36,1036.26,384.24,237.85,285.46,442.56,208.8,102.12,3548.15,234.51,144.64,134.8,39.39,55.9,98.6,275.41
20261008,12:41:00,49458.26,44288.2,26694.45,17652.12,126.96,1900.61,493.32,483.15,556.42,110.9,166.12,205.32,91.48,149.59,273.53,122.06,193.85,294.27,3144.28,1664.47,470.56,79.86,245.23,1036.24,384.24,237.85,285.46,442.51,208.92,102.12,3547.99,234.51,144.64,134.82,39.39,55.9,98.6,275.4
20261008,12:41:05,49421.9,44252.93,26694.31,17652.46,126.96,1900.61,493.32,483.15,556.35,110.9,166.12,205.32,91.48,149.8,273.53,122.08,193.85,294.28,3141.43,1662.16,470.66,79.87,244.98,1036.27,384.24,237.85,285.77,442.51,208.92,102.12,3547.85,234.51,144.65,134.84,39.39,55.9,98.6,275.39
20261008,12:41:10,49423.04,44254.49,26693.76,17653.33,126.96,1900.61,493.4,483.15,556.42,110.9,166.12,205.33,91.48,149.8,273.53,122.08,193.85,294.28,3141.54,1662.08,470.66,79.86,245.48,1036.23,384.24,237.85,285.87,442.52,208.91,102.12,3547.44,234.51,144.65,134.84,39.39,55.91,98.6,275.37
20261008,12:41:15,49416.68,44248.38,26690.74,17650.17,126.96,1900.61,492.95,483.14,556.42,110.91,166.13,205.33,91.48,149.8,273.53,122.08,193.85,294.29,3141.12,1662.08,470.66,79.85,245.48,1035.65,384.24,237.84,285.56,442.56,208.91,102.12,3547.36,234.51,144.65,134.84,39.39,55.91,98.6,275.37
20261008,12:41:20,49416.06,44249.8,26688.38,17654.23,126.9,1902.03,493.49,483.14,556.43,110.91,166.13,205.33,91.48,149.8,273.53,122.08,193.85,294.29,3141.14,1662.09,470.61,79.87,245.37,1035.79,384.22,237.84,285.56,442.56,208.88,102.12,3545.52,234.51,144.65,134.84,39.39,55.91,98.6,275.37
20261008,12:41:25,49459.44,44287.9,26698.71,17652.16,126.96,1900.61,493.4,483.14,556.43,110.93,166.12,205.33,91.48,149.8,273.53,122.08,193.85,294.29,3144.26,1664.56,470.51,79.88,245.3,1035.8,384.28,237.84,285.51,442.56,208.77,102.12,3549.31,234.51,144.65,134.83,39.39,55.91,98.6,275.37
20261008,12:41:30,49461.18,44290.46,26697.71,17653.92,126.96,1900.61,493.4,483.11,556.43,110.85,166.14,205.33,91.49,149.8,273.53,122.08,193.85,294.29,3144.42,1664.48,470.62,79.87,245.05,1036.55,384.28,237.6,285.51,442.5,208.88,102.12,3548.52,234.51,144.65,134.83,39.39,55.91,98.6,275.7
20261008,12:41:35,49464.51,44291.61,26702.1,17651.95,126.96,1900.24,493.32,483.11,556.43,110.85,166.12,205.33,91.47,149.81,273.53,122.06,193.82,294.29,3144.56,1664.47,470.64,79.88,245.48,1036.43,384.3,237.6,285.56,442.5,208.88,102.15,3550.42,234.51,144.65,134.83,39.39,55.91,98.6,275.4
20261008,12:41:40,49425.54,44253.64,26697.98,17647.21,126.96,1900.24,492.85,483.11,556.42,110.85,166.12,205.33,91.47,149.81,273.53,122.08,193.82,294.29,3141.62,1662.16,470.64,79.87,245.25,1036.36,384.24,237.6,285.87,442.47,208.73,102.15,3550.42,234.51,144.65,134.83,39.39,55.91,98.6,275.4
20261008,12:41:45,49462.2,44292.02,26693.34,17650.76,126.9,1900.24,493.31,482.86,556.42,110.93,166.12,205.33,91.48,149.81,273.53,122.08,193.97,294.28,3144.62,1664.51,470.64,79.9,244.97,1036.48,384.24,237.6,285.87,442.53,208.76,102.15,3548.01,234.5,144.65,134.81,39.39,55.91,98.61,275.4
20261008,12:41:50,49460.45,44290.66,26692.04,17650.44,126.96,1900.24,493.39,482.86,556.5,110.95,166.12,205.33,91.48,149.81,273.53,122.08,193.97,294.28,3144.52,1664.54,470.64,79.92,245.09,1036.39,384.24,237.6,285.55,442.47,208.62,102.15,3547.69,234.5,144.64,134.83,39.39,55.91,98.61,275.4
20261008,12:41:55,49421.45,44252.61,26692.69,17651.0,126.96,1900.24,492.77,482.86,556.6,110.95,166.12,205.33,91.48,149.81,273.53,122.08,193.68,294.28,3141.44,1662.09,470.52,79.91,245.09,1036.39,384.24,237.6,285.86,442.51,208.65,102.15,3547.75,234.5,145.24,134.84,39.39,55.91,98.61,275.37
20261008,12:42:00,49424.31,44253.04,26703.84,17655.94,126.96,1901.66,493.31,483.12,556.6,110.95,166.12,205.33,91.48,149.8,273.53,122.08,193.68,294.28,3141.36,1662.09,470.53,79.93,245.2,1036.39,384.3,237.6,285.55,442.5,208.65,102.15,3549.88,234.5,145.24,134.84,39.39,55.91,98.61,275.43
20261008,12:42:05,49424.97,44253.95,26698.63,17650.87,126.96,1900.24,493.31,483.14,556.6,110.95,166.13,205.37,91.48,149.8,273.53,122.08,193.68,294.28,3141.55,1662.21,470.65,79.9,245.19,1036.44,384.37,237.6,285.56,442.5,208.66,102.15,3549.64,234.5,144.65,134.84,39.39,55.91,98.61,275.43
20261008,12:42:10,49428.96,44257.61,26696.36,17647.51,126.96,1900.61,492.77,483.14,556.59,110.95,166.13,205.37,91.48,149.59,273.68,122.08,193.68,294.28,3141.93,1662.35,470.7,79.91,245.33,1036.43,384.29,237.6,285.78,442.5,208.74,102.12,3549.84,234.5,144.65,134.84,39.39,55.9,98.61,275.43
20261008,12:42:15,49423.47,44254.45,26689.38,17646.8,126.96,1902.03,492.59,483.12,556.66,110.92,166.14,205.38,91.48,149.59,273.68,122.08,193.68,294.27,3141.69,1662.25,470.66,79.9,245.32,1036.63,384.29,237.6,285.47,442.5,208.74,102.12,3547.85,234.5,144.65,134.84,39.39,55.9,98.61,275.41
20261008,12:42:20,49461.96,44291.98,26692.21,17650.1,126.96,1901.81,493.05,483.12,556.67,110.84,166.14,205.4,91.48,149.59,273.68,122.08,193.68,294.27,3144.64,1664.56,470.57,79.92,245.08,1036.8,384.29,237.6,285.47,442.5,208.75,102.12,3547.84,234.5,144.65,134.84,39.39,55.9,98.61,275.43
20261008,12:42:25,49464.67,44294.6,26691.5,17649.24,126.96,1900.39,492.96,483.37,556.67,110.84,166.15,205.42,91.48,149.8,273.68,122.08,193.68,294.27,3144.87,1664.62,470.53,79.92,245.07,1036.8,384.29,237.6,285.78,442.5,208.72,102.12,3547.85,234.5,144.65,134.84,39.39,55.9,98.61,275.43
20261008,12:42:30,49463.61,44293.76,26690.82,17649.07,126.96,1900.39,492.96,483.39,556.67,110.93,166.15,205.42,91.48,149.59,273.68,122.04,193.68,294.27,3144.8,1664.66,470.64,79.93,245.07,1036.8,384.29,237.6,285.47,442.56,208.72,102.12,3547.68,234.5,144.65,134.84,39.39,55.9,98.61,275.43
20261008,12:42:35,49463.22,44292.79,26689.58,17645.68,126.96,1903.23,492.33,483.41,556.6,110.93,166.13,205.42,91.47,149.59,273.68,122.08,193.68,294.27,3144.81,1664.75,470.56,79.89,245.31,1036.53,384.29,237.6,285.42,442.56,208.75,102.12,3548.21,234.5,144.65,134.84,39.39,55.89,98.61,275.43
20261008,12:42:40,49423.88,44255.7,26689.32,17649.56,126.96,1903.23,492.87,483.15,556.6,110.93,166.13,205.41,91.47,149.8,273.68,122.08,193.68,294.27,3141.73,1662.27,470.57,79.91,245.31,1036.79,384.27,237.6,285.42,442.56,208.75,102.12,3547.08,234.5,144.65,134.84,39.39,55.89,98.61,275.41
20261008,12:42:45,49464.46,44292.53,26696.25,17648.45,126.96,1903.31,492.71,483.12,556.6,110.92,166.13,205.41,91.47,149.8,273.68,122.1,193.68,294.27,3144.72,1664.64,470.59,79.92,245.04,1036.8,384.33,237.6,285.43,442.55,208.75,102.12,3549.55,234.5,144.65,134.84,39.39,55.89,98.61,275.41
20261008,12:42:50,49466.24,44293.58,26696.14,17646.03,126.96,1900.47,492.79,483.1,556.6,110.92,166.12,205.36,91.47,149.8,273.68,122.1,193.68,294.27,3144.86,1664.76,470.51,79.91,245.05,1036.79,384.33,237.6,285.47,442.5,208.6,102.12,3550.17,234.5,144.65,134.74,39.39,55.89,98.61,275.41
20261008,12:42:55,49468.11,44297.43,26692.07,17648.15,126.96,1900.47,492.79,483.1,556.91,110.93,166.12,205.38,91.47,149.8,273.68,122.06,193.68,294.29,3145.12,1664.75,470.66,79.9,245.16,1036.81,384.39,237.6,285.79,442.47,208.64,102.12,3548.32,234.5,144.65,134.74,39.39,55.9,98.61,275.71
20261008,12:43:00,49429.98,44260.36,26693.03,17649.53,126.96,1900.47,492.25,483.1,556.9,110.93,166.12,205.37,91.47,149.8,273.68,122.08,193.64,294.28,3142.1,1662.52,470.52,79.91,245.3,1036.75,384.41,237.6,285.6,442.53,208.63,102.12,3548.25,234.83,145.24,134.74,39.39,55.9,98.61,275.71
20261008,12:43:05,49473.36,44300.86,26694.04,17644.73,126.96,1900.47,492.25,483.08,556.83,110.93,166.13,205.41,91.47,150.01,273.68,122.04,193.64,294.28,3145.48,1664.96,470.73,79.92,245.04,1037.24,384.41,237.6,285.6,442.47,208.72,102.12,3549.87,234.5,144.65,134.74,39.39,55.9,98.61,275.66
20261008,12:43:10,49473.25,44303.16,26691.59,17649.99,126.96,1903.31,492.79,483.21,556.94,110.85,166.14,205.39,91.48,149.8,273.68,122.03,193.78,294.27,3145.54,1664.85,470.67,79.91,245.17,1037.22,384.39,237.6,285.96,442.46,208.75,102.12,3547.68,234.5,144.65,134.64,39.39,55.9,98.61,275.66
20261008,12:43:15,49425.86,44256.76,26686.35,17643.21,126.9,1901.81,492.24,483.21,556.94,110.85,165.95,205.39,91.32,149.8,273.68,122.05,193.78,294.27,3141.96,1662.34,470.76,79.93,245.31,1036.6,384.29,237.6,285.65,442.46,208.75,102.12,3547.87,234.5,144.65,134.64,39.39,55.9,98.61,275.66
20261008,12:43:20,49462.45,44292.62,26681.31,17638.12,126.96,1900.39,491.7,483.21,556.94,110.84,165.94,205.38,91.32,149.58,273.68,122.05,193.78,294.27,3144.98,1664.65,470.74,79.92,245.42,1036.61,384.35,237.6,285.64,442.43,208.72,102.12,3547.68,234.57,144.65,134.64,39.39,55.9,98.61,275.64
20261008,12:43:25,49466.38,44297.17,26681.62,17640.86,126.9,1900.39,491.7,483.21,556.61,110.84,165.94,205.38,91.32,149.8,273.68,122.05,193.78,294.04,3145.28,1664.81,470.83,79.9,245.03,1036.71,384.35,237.6,285.94,442.43,208.75,102.12,3547.03,234.57,145.24,134.64,39.39,55.9,98.61,275.36
20261008,12:43:30,49461.15,44292.12,26676.82,17635.49,126.9,1900.39,491.7,483.21,556.6,110.84,165.95,205.39,91.32,149.8,273.68,122.17,193.83,294.02,3145.0,1664.68,470.81,79.92,245.29,1036.72,384.29,237.6,285.58,442.43,208.64,102.12,3546.99,234.57,144.65,134.64,39.39,55.89,98.61,275.28
20261008,12:43:35,49459.89,44289.28,26683.42,17637.7,126.9,1900.43,491.7,483.18,556.6,110.92,166.14,205.39,91.48,149.8,273.68,122.05,193.83,294.02,3144.72,1664.63,470.59,79.93,245.06,1036.6,384.29,237.6,285.58,442.4,208.73,102.12,3548.45,234.57,144.65,134.64,39.39,55.89,98.61,275.28
20261008,12:43:40,49456.71,44288.33,26677.58,17638.19,127.03,1900.43,491.7,483.18,556.66,110.92,166.12,205.33,91.48,149.8,273.68,122.05,193.87,294.02,3144.63,1664.51,470.54,79.95,245.31,1036.57,384.26,237.6,285.58,442.4,208.73,102.12,3546.5,234.57,144.65,134.64,39.39,55.89,98.61,275.28
20261008,12:43:45,49462.3,44290.68,26686.64,17638.23,127.03,1900.43,491.7,483.26,556.66,110.92,166.12,205.32,91.48,149.8,273.68,122.05,193.87,294.02,3144.82,1664.58,470.54,79.93,245.42,1036.73,384.23,237.84,285.58,442.4,208.73,102.12,3549.32,234.57,144.65,134.64,39.39,55.89,98.61,275.28
20261008,12:43:50,49458.29,44290.04,26676.6,17637.6,126.9,1900.4,491.62,483.26,556.66,110.92,166.12,205.34,91.48,149.8,273.68,122.06,193.87,294.02,3144.78,1664.63,470.76,79.9,245.17,1036.57,384.23,237.83,285.54,442.4,208.76,102.12,3546.35,234.57,144.65,134.64,39.39,55.89,98.61,275.26
20261008,12:43:55,49457.84,44290.96,26672.74,17637.72,126.9,1900.62,491.61,483.39,556.66,110.92,166.12,205.34,91.47,149.8,273.68,122.06,193.87,294.02,3144.85,1664.56,470.75,79.91,245.17,1036.6,384.62,237.83,285.77,442.4,208.76,102.12,3545.12,234.57,144.65,134.62,39.39,55.89,98.61,275.26
20261008,12:44:00,49458.53,44291.88,26668.06,17633.17,126.9,1900.62,491.07,483.26,556.66,110.92,166.13,205.38,91.47,149.58,273.68,122.07,193.72,294.03,3145.04,1664.82,470.76,79.94,245.17,1036.6,384.57,237.83,285.46,442.43,208.73,102.12,3544.89,234.57,144.65,134.62,39.39,55.89,98.61,275.26
20261008,12:44:05,49455.97,44289.17,26674.04,17639.33,126.96,1900.62,491.7,483.18,556.74,110.92,166.14,205.38,91.48,149.59,273.56,122.06,193.72,294.03,3144.67,1664.63,470.68,79.93,245.17,1036.41,384.6,237.83,285.45,442.43,208.88,102.12,3545.08,234.57,144.65,134.62,39.39,55.87,98.61,275.28
20261008,12:44:10,49457.34,44290.15,26673.17,17637.15,126.9,1900.62,491.61,483.07,556.64,110.92,166.14,205.38,91.48,149.8,273.56,122.06,193.72,294.03,3144.8,1664.59,470.55,79.93,245.17,1036.59,384.6,237.83,285.76,442.43,208.76,102.12,3545.4,234.57,144.65,134.62,39.39,55.87,98.61,275.28
20261008,12:44:15,49457.75,44291.05,26671.66,17637.08,126.9,1900.62,491.08,482.99,556.41,110.92,166.14,205.38,91.48,149.8,273.56,122.08,193.68,294.03,3144.87,1664.64,470.68,79.94,245.17,1036.43,384.21,237.83,285.82,442.43,208.73,102.12,3544.95,234.57,145.24,134.63,39.39,55.87,98.61,275.28
20261008,12:44:20,49457.14,44290.04,26675.37,17639.96,126.9,1900.62,491.52,482.99,556.48,110.92,166.13,205.35,91.48,149.59,273.56,122.06,193.68,294.03,3144.72,1664.65,470.78,79.92,245.19,1036.37,384.21,237.83,285.5,442.43,208.72,102.12,3545.33,234.57,145.24,134.63,39.39,55.87,98.61,275.25
20261008,12:44:25,49459.33,44293.19,26670.77,17638.07,126.9,1900.52,490.98,483.09,557.06,110.9,166.13,205.33,91.48,149.59,273.56,122.08,193.68,294.03,3145.02,1664.76,470.77,79.93,244.94,1036.4,384.21,237.83,285.91,442.45,208.73,102.12,3544.41,234.57,145.24,134.63,39.39,55.87,98.61,275.24
20261008,12:44:30,49459.96,44292.72,26673.79,17637.92,126.9,1900.62,490.97,483.09,556.93,110.92,166.14,205.36,91.48,149.8,273.56,122.04,193.68,294.03,3144.99,1664.75,470.7,79.94,245.41,1036.41,384.21,237.83,285.61,442.45,208.74,102.12,3545.39,234.57,145.24,134.64,39.39,55.87,98.61,275.26
20261008,12:44:35,49465.9,44296.31,26680.9,17638.75,126.9,1900.62,491.05,483.09,556.93,110.92,166.13,205.35,91.48,149.8,273.56,122.06,193.68,294.03,3145.26,1664.77,470.68,79.92,245.42,1036.62,384.21,237.83,285.93,442.45,208.74,102.12,3547.39,234.57,145.24,134.64,39.39,55.89,98.61,275.26
20261008,12:44:40,49464.23,44295.0,26679.11,17637.72,126.9,1900.62,490.97,483.22,556.86,110.92,166.14,205.36,91.48,149.59,273.56,122.05,193.68,294.03,3145.18,1664.78,470.7,79.9,245.18,1036.67,384.21,237.83,285.89,442.43,208.74,102.12,3547.1,234.57,145.24,134.64,39.39,55.89,98.61,275.26
20261008,12:44:45,49463.94,44294.1,26681.02,17637.84,126.9,1900.62,490.97,483.22,556.86,110.92,166.13,205.32,91.48,149.59,273.56,122.03,193.68,294.03,3145.1,1664.78,470.72,79.89,245.43,1036.69,384.21,237.83,285.56,442.46,208.65,102.12,3547.67,234.57,145.24,134.64,39.39,55.9,98.61,275.59
20261008,12:44:50,49466.24,44296.7,26680.5,17638.46,126.9,1900.62,491.06,483.22,556.93,110.84,166.13,205.34,91.48,149.59,273.56,122.01,193.68,294.0,3145.3,1664.92,470.8,79.89,245.44,1036.56,384.21,237.83,285.61,442.49,208.65,102.12,3547.34,234.57,145.24,134.66,39.39,55.9,98.61,275.59
20261008,12:44:55,49466.02,44296.39,26680.6,17638.25,126.9,1900.62,491.14,483.22,556.93,110.91,166.13,205.34,91.48,149.59,273.56,122.05,193.68,294.02,3145.28,1664.96,470.7,79.91,245.19,1036.67,384.21,237.83,285.62,442.49,208.62,102.12,3547.43,234.57,145.24,134.66,39.39,55.88,98.61,275.29
20261008,12:45:00,49465.3,44295.26,26682.27,17638.75,126.9,1900.62,491.06,483.22,556.93,110.91,166.12,205.32,91.48,149.59,273.56,122.01,193.87,294.02,3145.17,1664.94,470.7,79.91,245.08,1036.7,384.21,237.83,285.52,442.55,208.74,102.12,3547.81,234.57,145.24,134.66,39.39,55.88,98.61,275.29
20261008,12:45:05,49423.41,44254.61,26685.07,17642.55,126.9,1900.85,491.6,483.22,556.93,110.92,166.11,205.34,91.47,149.59,273.56,122.05,193.82,294.03,3141.81,1662.29,470.44,79.89,245.33,1036.57,384.21,237.83,285.84,442.55,208.71,102.12,3547.65,234.57,145.24,134.66,39.39,55.88,98.61,275.29
20261008,12:45:10,49421.77,44252.14,26683.86,17638.22,126.9,1900.85,491.06,483.14,556.94,110.92,166.11,205.33,91.47,149.59,273.56,122.05,193.87,294.03,3141.71,1662.36,470.55,79.82,245.21,1036.65,384.21,237.83,285.52,442.55,208.7,102.12,3548.45,234.57,145.24,134.57,39.38,55.88,98.62,275.29
20261008,12:45:15,49421.42,44253.66,26677.5,17637.14,126.9,1900.85,491.08,483.14,556.94,110.92,166.11,205.35,91.46,149.8,273.56,122.05,193.87,293.8,3141.86,1662.35,470.57,79.8,245.08,1036.76,384.21,237.83,285.84,442.52,208.61,102.12,3546.76,234.57,145.24,134.54,39.38,55.88,98.62,275.29
20261008,12:45:20,49454.81,44286.47,26676.28,17636.66,126.9,1900.85,491.07,483.22,556.93,110.93,166.1,205.31,91.46,149.59,273.56,122.05,193.87,293.8,3144.52,1664.46,470.6,79.81,245.33,1036.7,384.16,237.83,285.52,442.52,208.61,102.12,3546.51,234.57,145.23,134.51,39.38,55.89,98.62,275.27
20261008,12:45:25,49457.78,44288.58,26677.2,17635.08,126.9,1900.85,491.6,483.22,556.99,110.93,166.1,205.32,91.46,149.8,273.56,122.05,193.87,293.8,3144.72,1664.6,470.59,79.83,245.08,1036.56,384.13,237.83,285.83,442.52,208.5,102.12,3547.22,234.57,144.64,134.48,39.38,55.89,98.62,275.28
20261008,12:45:30,49418.86,44250.78,26676.55,17634.74,126.9,1900.85,490.96,483.22,556.97,110.93,166.11,205.34,91.46,149.59,273.56,122.03,193.82,293.78,3141.69,1662.35,470.5,79.83,245.32,1036.56,384.13,237.83,285.52,442.52,208.49,102.12,3547.11,234.57,145.23,134.5,39.38,55.9,98.62,275.28
20261008,12:45:35,49416.2,44252.9,26663.83,17635.89,126.9,1900.85,490.96,483.23,556.92,110.93,166.11,205.33,91.47,149.8,273.41,122.01,193.82,293.78,3141.83,1662.23,470.78,79.81,245.2,1036.71,384.15,237.83,285.83,442.52,208.62,102.12,3542.83,234.57,145.23,134.5,39.38,55.9,98.62,275.27
20261008,12:45:40,49457.6,44290.66,26671.46,17636.03,126.9,1900.85,490.95,483.23,556.93,110.93,166.13,205.42,91.47,149.8,273.41,122.03,193.85,293.78,3144.87,1664.76,470.8,79.81,245.2,1036.53,384.13,237.83,285.51,442.52,208.6,102.12,3545.17,234.57,145.23,134.5,39.38,55.9,98.62,275.27
20261008,12:45:45,49418.0,44249.9,26677.87,17636.17,126.9,1900.85,490.95,483.23,556.93,110.93,166.13,205.4,91.47,149.8,273.41,122.05,193.85,293.76,3141.58,1662.27,470.8,79.8,244.91,1036.67,384.13,237.83,285.51,442.58,208.6,102.12,3547.14,234.57,145.23,134.5,39.38,55.9,98.62,275.27
20261008,12:45:50,49418.83,44250.71,26677.75,17636.03,126.9,1900.85,491.03,483.23,556.93,110.85,166.11,205.34,91.46,149.8,273.41,122.03,193.71,293.76,3141.65,1662.23,470.8,79.8,245.17,1036.73,384.13,237.83,285.53,442.58,208.6,102.12,3547.14,234.57,145.23,134.5,39.38,55.9,98.62,275.27
20261008,12:45:55,49419.47,44252.27,26675.31,17636.34,126.9,1900.85,490.97,483.24,556.86,110.86,166.1,205.34,91.46,149.79,273.41,122.17,193.71,293.99,3141.77,1662.36,470.85,79.82,244.91,1036.72,384.37,237.83,285.53,442.58,208.56,102.12,3546.29,234.57,145.23,134.47,39.38,55.9,98.62,275.27
20261008,12:46:00,49460.85,44292.06,26679.81,17639.71,126.9,1900.85,491.51,483.24,556.93,110.84,166.1,205.31,91.46,149.79,273.41,122.17,193.71,293.99,3144.89,1664.74,470.84,79.82,245.02,1036.71,384.37,237.83,285.53,442.56,208.5,102.12,3546.78,234.57,145.23,134.47,39.38,55.9,98.62,275.24
20261008,12:46:05,49462.02,44291.99,26684.13,17640.63,126.9,1900.85,491.5,483.25,556.94,110.92,166.1,205.31,91.46,150.01,273.41,122.17,193.71,293.99,3144.86,1664.68,470.72,79.82,245.14,1036.85,384.37,237.83,285.52,442.56,208.56,102.12,3547.88,234.57,145.23,134.43,39.38,55.9,98.62,275.23
20261008,12:46:10,49422.98,44253.94,26683.37,17639.73,126.9,1900.85,491.51,483.38,556.86,110.92,166.09,205.29,91.46,149.79,273.41,122.06,193.71,293.99,3141.82,1662.29,470.66,79.84,245.39,1036.75,384.14,237.83,285.56,442.5,208.59,102.12,3547.89,234.57,145.23,134.43,39.38,55.89,98.62,275.23
20261008,12:46:15,49462.25,44292.78,26682.4,17640.57,126.9,1900.85,491.6,483.38,556.85,110.92,166.1,205.32,91.46,150.01,273.41,122.06,193.71,293.99,3144.93,1664.64,470.69,79.84,245.39,1036.87,384.12,237.83,285.57,442.5,208.57,102.11,3547.36,234.57,145.23,134.43,39.38,55.89,98.62,275.23
20261008,12:46:20,49426.49,44258.54,26677.84,17637.33,126.9,1902.04,490.97,483.38,556.91,110.84,166.1,205.32,91.46,149.79,273.41,122.06,193.71,293.99,3142.25,1662.5,470.75,79.82,245.28,1036.88,384.11,237.83,285.79,442.58,208.58,102.11,3546.81,234.57,145.23,134.44,39.38,55.91,98.62,275.54
20261008,12:46:25,49426.09,44258.23,26678.35,17638.17,126.9,1901.94,491.05,483.38,556.91,110.84,166.1,205.32,91.46,150.01,273.68,122.06,193.71,293.99,3142.2,1662.53,470.68,79.85,245.27,1036.72,384.11,237.83,285.79,442.6,208.58,102.11,3546.75,234.5,145.23,134.44,39.38,55.91,98.62,275.54
20261008,12:46:30,49428.86,44260.26,26680.31,17638.2,126.9,1900.52,490.97,483.38,556.91,110.92,166.09,205.34,91.45,150.01,273.68,122.06,193.71,294.01,3142.37,1662.47,470.8,79.83,245.28,1037.22,384.11,237.83,285.78,442.62,208.69,102.11,3547.35,234.55,145.23,134.44,39.38,55.89,98.62,275.53
20261008,12:46:35,49427.31,44259.29,26677.98,17637.31,126.9,1900.52,491.05,483.38,556.91,110.92,166.08,205.31,91.44,150.01,273.68,122.04,193.71,294.01,3142.31,1662.42,470.7,79.82,245.27,1037.34,384.11,237.83,285.78,442.56,208.57,102.11,3546.86,234.55,145.23,134.44,39.38,55.89,98.62,275.53
20261008,12:46:40,49467.86,44298.56,26682.05,17641.2,126.9,1900.3,491.6,483.36,556.91,110.92,166.08,205.34,91.44,150.02,273.68,122.06,193.71,294.01,3145.38,1664.97,470.71,79.83,245.03,1037.31,384.43,237.83,285.47,442.56,208.6,102.11,3547.08,234.55,145.23,134.24,39.38,55.89,98.62,275.6
20261008,12:46:45,49462.58,44292.78,26677.47,17633.77,126.9,1900.3,490.97,483.26,556.83,110.92,166.08,205.34,91.44,149.8,273.68,122.06,193.69,294.01,3145.09,1664.76,470.64,79.83,245.14,1037.32,384.11,237.83,285.47,442.6,208.42,102.11,3547.66,234.55,145.23,134.04,39.38,55.89,98.62,275.6
20261008,12:46:50,49424.08,44255.28,26678.56,17635.12,126.9,1900.3,490.97,483.34,556.83,110.92,166.08,205.33,91.44,150.02,273.68,122.04,193.69,293.99,3142.04,1662.28,470.79,79.78,245.39,1037.42,384.11,237.83,285.46,442.61,208.55,102.11,3547.64,234.55,145.23,134.04,39.38,55.89,98.62,275.6
20261008,12:46:55,49466.12,44296.59,26681.36,17639.49,126.9,1900.3,491.51,483.34,556.83,110.92,166.09,205.33,91.45,150.02,273.68,122.06,193.69,293.99,3145.26,1664.99,470.77,79.82,245.15,1036.89,383.98,237.83,285.46,442.6,208.57,102.09,3547.33,234.55,145.23,134.04,39.38,55.89,98.62,275.6
20261008,12:47:00,49424.74,44256.1,26681.04,17638.58,126.9,1900.3,491.51,483.34,556.64,110.92,166.09,205.33,91.45,150.02,273.68,122.06,193.69,293.98,3142.02,1662.58,470.62,79.82,244.57,1036.93,383.98,237.83,285.77,442.66,208.54,102.09,3547.48,234.55,145.23,134.04,39.38,55.89,98.62,275.6
20261008,12:47:05,49466.52,44296.41,26682.86,17639.3,126.9,1900.3,491.51,483.34,556.84,110.92,166.09,205.34,91.45,150.02,273.68,122.08,193.69,293.98,3145.25,1664.97,470.51,79.81,245.06,1036.93,383.98,237.83,285.77,442.65,208.54,102.09,3547.85,234.55,145.23,134.01,39.38,55.89,98.62,275.6
20261008,12:47:10,49424.84,44255.01,26684.12,17638.1,126.9,1900.3,491.5,483.34,556.84,110.92,166.09,205.34,91.45,150.02,273.68,122.08,193.69,293.97,3141.95,1662.52,470.52,79.81,245.17,1036.9,383.97,237.83,285.46,442.65,208.5,102.09,3548.56,234.55,145.23,134.01,39.38,55.89,98.62,275.35
20261008,12:47:15,49422.31,44252.92,26680.25,17634.91,126.9,1901.71,490.96,483.34,556.85,110.84,166.09,205.34,91.45,150.02,273.68,122.09,193.69,293.99,3141.85,1662.51,470.58,79.85,245.05,1036.62,384.0,237.83,285.5,442.64,208.54,102.09,3548.22,234.55,145.23,134.01,39.38,55.89,98.62,275.35
20261008,12:47:20,49422.4,44253.33,26679.41,17635.06,126.9,1900.3,490.95,483.36,557.03,110.91,166.08,205.32,91.45,149.8,273.68,122.09,193.69,293.96,3141.88,1662.44,470.58,79.85,244.92,1036.62,384.0,237.83,285.82,442.64,208.57,102.09,3547.92,234.55,145.23,134.01,39.38,55.89,98.63,275.36
20261008,12:47:25,49421.26,44255.4,26673.05,17638.38,126.9,1900.3,491.41,483.36,556.96,110.91,166.08,205.33,91.45,149.8,273.68,122.21,193.69,293.96,3141.97,1662.48,470.67,79.86,244.93,1036.62,383.94,237.83,285.81,442.69,208.49,102.09,3545.04,234.55,145.23,134.01,39.38,55.89,98.63,275.36
20261008,12:47:30,49423.37,44257.23,26673.26,17637.84,126.9,1900.3,491.41,483.36,556.85,110.91,166.1,205.37,91.45,149.8,273.56,122.09,193.71,293.96,3142.13,1662.57,470.58,79.81,245.05,1036.64,383.94,237.83,285.92,442.67,208.49,102.09,3545.24,234.88,145.23,134.01,39.38,55.89,98.63,275.36
20261008,12:47:35,49464.51,44294.96,26677.44,17634.76,126.9,1900.3,490.87,483.36,556.96,110.91,166.08,205.33,91.45,150.02,273.56,122.07,193.71,293.97,3145.25,1664.88,470.68,79.82,245.17,1036.65,384.26,237.83,285.92,442.73,208.53,102.09,3547.39,234.88,145.23,134.04,39.38,55.89,98.63,275.36
20261008,12:47:40,49465.36,44295.88,26681.07,17639.24,126.9,1900.3,491.42,483.29,556.96,110.92,166.09,205.35,91.44,150.65,273.56,122.09,193.71,293.97,3145.21,1665.01,470.64,79.82,244.81,1036.71,384.26,237.83,285.79,442.73,208.53,102.09,3547.3,234.55,145.23,134.04,39.38,55.89,98.63,275.36
20261008,12:47:45,49422.95,44254.49,26677.79,17635.25,126.9,1900.52,490.87,483.26,556.96,111.0,166.09,205.35,91.44,150.44,273.56,122.09,193.71,293.94,3141.97,1662.54,470.48,79.84,245.05,1036.6,383.94,237.83,285.78,442.73,208.49,102.09,3547.36,234.55,145.23,134.17,39.38,55.89,98.63,275.36
20261008,12:47:50,49422.54,44254.71,26676.55,17635.94,126.9,1901.94,490.88,483.26,556.96,111.0,166.09,205.35,91.45,150.44,273.56,122.07,193.71,293.94,3141.97,1662.61,470.48,79.83,244.69,1036.72,383.94,237.83,285.78,442.73,208.53,102.09,3546.79,234.55,145.23,134.17,39.34,55.89,98.63,275.35
20261008,12:47:55,49459.07,44289.75,26681.28,17639.49,126.9,1900.52,491.51,483.29,556.96,110.96,166.08,205.32,91.45,150.65,273.56,122.08,193.71,293.94,3144.71,1664.68,470.57,79.82,244.79,1036.68,383.94,237.83,285.78,442.73,208.44,102.09,3547.3,234.55,145.23,134.2,39.34,55.89,98.63,275.36
20261008,12:48:00,49417.81,44249.94,26679.27,17638.51,126.9,1900.52,491.5,483.29,556.96,110.96,166.08,205.32,91.44,150.44,273.56,122.06,193.71,293.94,3141.53,1662.28,470.58,79.82,244.79,1036.53,383.94,237.83,285.78,442.67,208.44,102.09,3546.94,234.56,145.23,134.08,39.34,55.89,98.63,275.36
20261008,12:48:05,49421.57,44252.44,26682.82,17638.7,126.9,1900.52,491.51,483.34,556.96,110.98,166.08,205.32,91.45,150.66,273.56,122.04,193.71,293.92,3141.72,1662.31,470.69,79.83,245.04,1036.52,383.94,237.83,285.77,442.7,208.46,102.09,3548.0,234.56,145.23,133.98,39.34,55.88,98.63,275.36
20261008,12:48:10,49421.75,44252.24,26684.73,17639.62,126.92,1900.52,491.43,483.26,556.96,111.06,166.08,205.33,91.45,150.66,273.56,122.17,193.67,293.92,3141.69,1662.28,470.53,79.84,245.04,1036.61,383.94,237.83,285.82,442.64,208.54,102.09,3548.34,234.56,145.23,133.98,39.34,55.88,98.63,275.36
20261008,12:48:15,49418.71,44249.17,26680.83,17634.77,127.05,1900.52,490.89,483.14,556.96,110.98,166.08,205.33,91.45,150.45,273.56,122.06,193.67,293.92,3141.56,1662.37,470.43,79.84,245.04,1036.61,383.94,237.83,285.45,442.64,208.54,102.09,3548.44,234.56,145.23,133.98,39.34,55.88,98.63,275.36
20261008,12:48:20,49457.44,44287.46,26681.1,17636.92,126.92,1900.52,491.43,483.15,556.96,110.98,166.09,205.33,91.45,150.45,273.56,122.06,193.67,293.92,3144.59,1664.65,470.54,79.85,244.79,1036.51,383.91,237.83,285.75,442.64,208.39,102.09,3547.94,234.56,145.23,133.97,39.34,55.87,98.63,275.36
20261008,12:48:25,49460.38,44290.43,26681.95,17638.25,126.92,1900.52,491.35,483.15,557.03,111.06,166.08,205.31,91.45,150.45,273.56,122.06,193.67,293.94,3144.8,1664.82,470.51,79.86,244.79,1036.5,383.9,237.83,285.75,442.64,208.53,102.09,3547.85,234.56,145.23,133.97,39.34,55.87,98.63,275.38
20261008,12:48:30,49414.59,44247.41,26677.5,17638.48,126.92,1900.52,491.35,483.17,557.03,111.06,166.08,205.31,91.45,150.64,273.56,122.06,193.67,293.94,3141.32,1662.39,470.4,79.84,245.03,1035.67,383.9,237.83,285.75,442.64,208.53,102.09,3546.4,234.56,145.23,133.97,39.34,55.88,98.63,275.37
20261008,12:48:35,49455.82,44284.63,26682.12,17633.91,126.92,1900.75,490.89,483.17,557.03,111.06,166.09,205.33,91.45,150.64,273.56,122.06,193.67,293.94,3144.43,1664.67,470.56,79.83,245.03,1036.29,383.9,237.83,285.43,442.64,208.39,102.09,3549.08,234.56,145.23,133.97,39.34,55.88,98.63,275.37
20261008,12:48:40,49458.87,44288.3,26681.14,17635.14,126.92,1900.75,490.89,483.17,557.03,111.06,166.09,205.33,91.45,150.64,273.56,122.06,193.67,293.94,3144.7,1664.77,470.59,79.83,244.9,1036.28,383.9,237.83,285.76,442.64,208.52,102.09,3548.44,234.56,145.23,133.97,39.34,55.88,98.63,275.37
20261008,12:48:45,49456.14,44285.71,26684.02,17638.7,127.05,1900.75,491.43,483.17,556.73,111.06,166.09,205.33,91.45,150.64,273.56,122.06,193.67,293.97,3144.41,1664.84,470.4,79.83,244.67,1036.25,383.9,237.83,285.4,442.64,208.53,102.09,3548.37,234.56,145.23,133.97,39.34,55.88,98.63,275.37
20261008,12:48:50,49458.19,44287.66,26682.14,17636.35,126.92,1900.75,491.06,483.17,557.03,111.06,166.09,205.33,91.45,150.64,273.56,122.06,193.67,293.97,3144.62,1664.77,470.49,79.83,244.91,1036.24,383.93,237.82,285.7,442.64,208.51,102.09,3548.42,234.56,145.23,133.97,39.34,55.88,98.63,275.37
20261008,12:48:55,49461.81,44291.08,26682.1,17635.94,126.92,1899.33,491.06,483.17,557.03,111.06,166.09,205.33,91.45,150.64,273.56,122.06,193.67,293.97,3144.9,1664.85,470.49,79.85,245.02,1036.51,383.9,237.82,285.75,442.61,208.52,102.09,3548.52,234.56,145.23,134.0,39.34,55.88,98.63,275.36
20261008,12:49:00,49462.02,44291.07,26686.94,17640.8,126.92,1902.17,491.52,483.17,557.03,111.05,166.12,205.38,91.46,150.65,273.56,122.06,193.64,293.97,3144.79,1664.9,470.39,79.84,244.65,1036.53,383.9,237.82,285.74,442.61,208.54,102.09,3548.71,234.56,145.23,134.0,39.34,55.88,98.63,275.36
20261008,12:49:05,49459.37,44289.7,26680.08,17636.95,127.05,1902.17,491.06,483.17,557.03,111.05,166.11,205.36,91.46,150.65,273.56,122.06,193.58,293.96,3144.77,1664.79,470.31,79.82,244.9,1036.69,383.94,237.82,285.75,442.61,208.5,102.09,3547.62,234.56,145.23,133.89,39.34,55.88,98.63,275.31
20261008,12:49:10,49465.19,44294.36,26685.43,17639.73,126.92,1902.17,491.51,483.17,557.11,111.05,166.11,205.35,91.46,150.65,273.56,122.06,193.58,293.99,3145.08,1664.89,470.45,79.84,245.16,1036.69,383.94,237.82,285.75,442.61,208.47,102.09,3548.53,234.56,145.23,133.89,39.34,55.88,98.63,275.25
20261008,12:49:15,49424.54,44255.33,26679.34,17634.65,127.05,1902.17,490.98,483.1,557.04,111.05,166.11,205.35,91.46,150.65,273.56,122.06,193.58,293.95,3142.05,1662.54,470.5,79.84,245.16,1036.72,383.94,237.82,285.74,442.54,208.36,102.09,3548.01,234.56,145.23,133.89,39.34,55.87,98.63,275.3
20261008,12:49:20,49419.96,44250.28,26681.27,17634.91,127.05,1901.94,490.97,483.1,557.11,111.05,166.11,205.36,91.46,150.65,273.56,122.06,193.58,293.91,3141.64,1662.45,470.41,79.84,244.91,1036.73,383.94,237.82,285.43,442.59,208.39,102.09,3548.54,234.56,145.23,133.89,39.34,55.86,98.63,275.3
20261008,12:49:25,49461.17,44288.87,26684.61,17633.49,126.92,1899.1,490.97,483.18,557.04,111.05,166.11,205.34,91.46,150.44,273.56,122.05,193.58,293.92,3144.79,1664.82,470.32,79.82,244.9,1036.64,383.94,237.82,285.75,442.53,208.47,102.09,3549.97,234.56,145.23,133.89,39.34,55.86,98.63,275.28
20261008,12:49:30,49465.83,44293.99,26683.03,17633.65,126.92,1899.21,490.97,483.18,557.04,111.05,166.11,205.37,91.46,150.44,273.56,122.06,193.58,293.92,3145.19,1665.08,470.4,79.78,244.9,1036.79,383.94,237.82,285.75,442.54,208.47,102.06,3549.43,234.56,145.23,133.89,39.34,55.86,98.63,275.28
20261008,12:49:35,49460.51,44292.4,26672.49,17633.55,126.93,1900.62,490.89,483.18,557.04,111.05,166.1,205.33,91.46,150.44,273.56,122.06,193.58,293.91,3145.07,1664.94,470.41,79.76,245.04,1036.79,384.19,237.82,285.75,442.55,208.47,102.06,3546.17,234.56,145.23,133.89,39.34,55.86,98.63,275.28
20261008,12:49:40,49459.43,44289.51,26678.13,17633.89,126.93,1900.62,490.89,483.18,557.04,111.05,166.11,205.34,91.46,150.44,273.56,122.06,193.58,293.91,3144.83,1665.03,470.4,79.8,244.8,1036.14,384.19,237.96,285.71,442.55,208.5,102.09,3547.84,234.56,145.23,133.89,39.34,55.86,98.63,275.28
20261008,12:49:45,49461.68,44289.77,26684.14,17634.35,126.93,1900.62,490.89,483.18,557.04,111.05,166.11,205.36,91.46,150.65,273.56,122.06,193.58,293.91,3144.84,1665.07,470.32,79.8,244.8,1036.12,384.19,237.96,285.71,442.57,208.5,102.09,3549.59,234.54,145.24,133.89,39.34,55.86,98.63,275.29
20261008,12:49:50,49417.68,44249.33,26675.75,17632.82,126.93,1899.21,490.97,483.18,557.02,111.05,166.12,205.41,91.46,150.44,273.56,122.07,193.58,293.92,3141.62,1662.58,470.33,79.77,245.04,1035.92,384.19,237.96,285.75,442.51,208.36,102.09,3547.39,234.56,145.24,133.89,39.34,55.86,98.63,275.3
20261008,12:49:55,49454.15,44283.46,26679.62,17632.56,126.93,1899.09,490.98,483.11,557.02,111.05,166.13,205.41,91.46,150.44,273.44,122.07,193.58,293.92,3144.37,1664.67,470.43,79.79,245.04,1035.89,384.19,237.96,285.75,442.51,208.34,102.09,3548.66,234.56,145.24,133.89,39.35,55.86,98.63,275.3
20261008,12:50:00,49452.53,44284.51,26673.32,17634.12,126.93,1899.09,490.98,483.11,557.03,111.05,166.13,205.41,91.46,150.44,273.44,122.08,193.58,293.92,3144.42,1664.89,470.41,79.76,244.91,1035.96,384.19,237.96,285.4,442.51,208.49,102.09,3546.27,234.56,145.24,133.89,39.35,55.86,98.63,275.3
20261008,12:50:05,49417.88,44248.7,26677.84,17632.48,126.93,1899.09,491.07,483.11,557.1,111.03,165.93,205.41,91.3,150.44,273.44,122.08,193.58,293.94,3141.57,1662.42,470.81,79.78,244.91,1035.96,384.19,238.2,285.71,442.51,208.45,102.09,3548.13,234.56,145.24,133.89,39.35,55.86,98.63,275.3
20261008,12:50:10,49415.23,44245.79,26683.99,17638.44,126.8,1900.51,491.52,483.23,557.1,111.03,166.12,205.41,91.46,150.44,273.44,122.08,193.58,293.9,3141.19,1662.31,470.78,79.77,244.73,1036.02,384.19,238.2,285.39,442.53,208.48,102.09,3548.43,234.56,145.24,133.89,39.35,55.86,98.63,275.3
20261008,12:50:15,49458.39,44288.85,26682.1,17639.63,126.8,1900.51,491.61,483.09,557.1,111.05,166.12,205.37,91.47,150.44,273.44,122.08,193.72,293.9,3144.64,1664.84,470.82,79.78,244.62,1036.05,384.19,238.2,285.7,442.53,208.51,102.09,3547.52,234.63,145.24,133.89,39.35,55.87,98.63,275.3
20261008,12:50:20,49421.33,44252.46,26678.45,17634.53,126.8,1899.09,490.98,483.14,557.1,110.97,166.12,205.36,91.47,150.44,273.44,122.08,193.72,293.9,3141.83,1662.44,470.82,79.82,245.05,1036.65,384.19,238.2,285.43,442.54,208.53,102.09,3547.76,234.63,145.25,133.89,39.35,55.87,98.63,275.3
20261008,12:50:25,49463.36,44293.45,26679.31,17635.6,126.8,1899.09,491.07,483.14,557.24,110.97,166.12,205.36,91.47,150.44,273.44,122.09,193.72,293.9,3145.1,1664.91,470.72,79.84,244.91,1036.61,384.22,238.2,285.75,442.54,208.53,102.09,3547.74,234.56,145.25,133.89,39.35,55.87,98.63,275.3
20261008,12:50:30,49470.89,44298.29,26686.83,17635.87,126.93,1899.09,490.97,483.14,557.24,110.97,166.13,205.37,91.47,150.65,273.44,122.08,193.72,293.92,3145.49,1665.0,470.82,79.84,244.92,1037.12,384.24,238.2,285.75,442.54,208.53,102.14,3550.02,234.56,145.25,133.95,39.35,55.87,98.63,275.3
20261008,12:50:35,49470.71,44297.71,26689.01,17637.06,126.93,1900.73,491.06,483.14,557.24,110.97,166.12,205.35,91.47,150.65,273.44,121.96,193.72,293.92,3145.41,1664.98,470.83,79.83,244.89,1037.14,384.24,238.2,285.66,442.6,208.58,102.14,3550.37,234.56,145.25,133.95,39.39,55.87,98.63,275.3
20261008,12:50:40,49470.35,44297.24,26694.1,17642.52,126.93,1900.73,491.61,483.01,557.24,110.97,166.12,205.33,91.47,150.65,273.44,122.08,193.58,293.9,3145.24,1664.83,470.86,79.83,244.89,1037.15,384.22,238.2,285.66,442.55,208.69,102.14,3550.48,234.57,145.25,133.95,39.39,55.87,98.63,275.35
20261008,12:50:45,49463.22,44292.2,26683.41,17636.61,126.93,1900.73,490.98,483.01,557.24,110.97,166.13,205.36,91.48,150.44,273.44,122.08,193.58,293.89,3144.98,1664.9,470.71,79.83,244.78,1037.01,384.24,238.2,285.34,442.51,208.58,102.14,3548.75,234.52,145.25,133.95,39.39,55.87,98.63,275.36
20261008,12:50:50,49459.12,44288.53,26675.16,17628.19,126.93,1900.73,490.89,483.01,557.23,111.04,166.14,205.39,91.48,150.44,273.44,122.08,193.58,293.89,3144.89,1664.87,470.61,79.83,244.78,1037.02,384.24,238.2,285.3,442.51,208.69,102.14,3548.46,234.85,144.07,133.95,39.39,55.86,98.63,275.36
20261008,12:50:55,49428.29,44256.41,26683.67,17631.02,126.93,1900.73,490.89,482.78,557.24,111.04,166.11,205.35,91.47,150.44,273.44,122.08,193.58,293.89,3142.23,1662.55,470.72,79.83,245.03,1037.04,384.24,238.2,285.67,442.51,208.54,102.14,3550.35,234.86,144.66,133.95,39.39,55.86,98.63,275.36
20261008,12:51:00,49464.27,44293.3,26677.89,17630.48,126.8,1900.73,490.89,482.78,557.24,111.03,166.11,205.32,91.47,150.43,273.44,122.08,193.58,293.89,3145.21,1664.94,470.61,79.83,244.9,1037.01,384.22,238.1,285.67,442.5,208.51,102.14,3548.69,234.86,144.66,134.05,39.39,55.86,98.63,275.36
20261008,12:51:05,49463.18,44290.86,26682.0,17630.6,126.8,1900.73,490.89,482.77,557.24,111.04,166.12,205.37,91.47,150.64,273.44,122.08,193.58,293.89,3145.01,1664.82,470.68,79.83,244.71,1037.02,384.22,238.11,285.66,442.46,208.39,102.15,3549.94,234.86,144.66,134.06,39.39,55.85,98.63,275.63
20261008,12:51:10,49468.95,44295.74,26687.32,17634.26,126.8,1900.51,491.35,482.84,557.24,110.96,166.12,205.35,91.47,150.43,273.44,122.08,193.61,293.89,3145.32,1664.93,470.69,79.82,244.96,1037.17,384.22,238.19,285.66,442.46,208.54,102.15,3550.61,234.86,144.66,134.16,39.39,55.85,98.63,275.35
20261008,12:51:15,49464.18,44291.74,26684.9,17633.64,126.8,1900.44,491.35,482.84,557.24,110.96,166.12,205.36,91.47,150.43,273.44,122.08,193.61,293.89,3145.01,1664.9,470.63,79.84,245.03,1036.53,384.22,238.19,285.66,442.46,208.51,102.15,3550.02,234.86,144.66,134.15,39.39,55.85,98.63,275.24
20261008,12:51:20,49459.04,44288.46,26680.23,17634.06,126.8,1900.44,491.43,482.84,557.24,110.96,166.11,205.32,91.47,150.43,273.44,122.08,193.61,293.89,3144.74,1665.01,470.51,79.83,244.65,1035.98,384.22,238.05,285.67,442.42,208.51,102.15,3548.45,234.86,144.66,134.15,39.39,55.85,98.63,275.24
20261008,12:51:25,49456.23,44284.04,26685.32,17634.31,126.8,1900.44,491.34,482.83,557.24,110.96,166.11,205.33,91.47,150.43,273.44,122.08,193.61,293.89,3144.38,1664.59,470.69,79.83,245.05,1035.87,384.22,238.05,285.68,442.46,208.5,102.15,3549.97,234.86,144.66,134.15,39.39,55.85,98.63,275.55
20261008,12:51:30,49417.5,44245.66,26686.06,17632.99,126.8,1900.56,491.34,482.83,557.17,111.04,166.1,205.29,91.47,150.44,273.29,122.08,193.61,293.89,3141.32,1662.34,470.57,79.83,245.16,1035.99,384.22,238.05,285.36,442.46,208.5,102.15,3550.56,234.83,144.66,134.15,39.39,55.85,98.63,275.17
20261008,12:51:35,49414.16,44242.65,26681.88,17628.99,126.8,1900.56,490.79,482.83,557.24,111.02,166.1,205.29,91.47,150.23,273.29,122.08,193.61,293.89,3141.17,1662.31,470.61,79.86,245.05,1035.77,383.98,238.05,285.36,442.46,208.49,102.15,3550.34,234.83,144.66,134.17,39.39,55.85,98.63,275.17
20261008,12:51:40,49458.36,44288.06,26677.64,17631.95,126.8,1900.56,491.34,482.84,557.24,111.02,166.11,205.32,91.47,150.01,273.41,122.08,193.61,293.91,3144.76,1664.92,470.62,79.84,245.16,1035.77,383.84,238.05,285.67,442.4,208.42,102.15,3548.21,234.83,144.66,134.17,39.39,55.84,98.63,275.17
20261008,12:51:45,49458.6,44287.26,26681.26,17632.66,126.8,1900.51,491.43,482.84,557.24,111.02,166.1,205.29,91.47,150.23,273.41,122.08,193.61,293.9,3144.68,1664.89,470.7,79.85,245.16,1035.65,383.82,238.05,285.63,442.4,208.41,102.15,3549.15,234.83,144.66,134.17,39.39,55.84,98.63,275.17
20261008,12:51:50,49459.04,44286.17,26684.96,17631.82,126.8,1900.43,491.34,483.09,557.24,111.02,166.11,205.32,91.47,150.01,273.41,122.08,193.61,293.9,3144.61,1664.91,470.54,79.83,244.91,1035.79,383.84,238.05,285.68,442.4,208.39,102.15,3550.53,234.83,144.66,134.17,39.39,55.84,98.63,275.16
20261008,12:51:55,49414.01,44242.56,26685.69,17633.56,126.8,1901.85,491.33,483.12,557.25,111.02,166.1,205.28,91.47,150.01,273.41,122.08,193.61,293.9,3141.05,1662.37,470.53,79.82,244.91,1035.59,383.84,238.04,285.37,442.4,208.52,102.15,3550.29,234.83,144.66,134.17,39.39,55.84,98.63,275.16
20261008,12:52:00,49448.95,44279.02,26674.96,17629.3,126.8,1901.85,490.79,483.04,557.25,111.0,166.1,205.31,91.46,150.01,273.41,122.08,193.61,293.9,3144.09,1664.67,470.36,79.82,245.15,1035.67,384.02,238.04,285.37,442.4,208.5,102.15,3548.09,234.83,144.66,134.17,39.39,55.84,98.63,275.16
20261008,12:52:05,49415.49,44243.47,26688.73,17635.3,126.8,1901.85,491.33,483.04,557.25,111.0,166.09,205.28,91.46,150.01,273.41,122.09,193.61,293.9,3141.08,1662.26,470.47,79.81,244.79,1035.68,384.19,238.04,285.72,442.4,208.64,102.15,3550.76,234.83,144.66,134.14,39.39,55.84,98.63,275.46
20261008,12:52:10,49448.03,44278.55,26677.97,17634.18,126.8,1900.43,491.42,483.04,557.25,110.92,166.11,205.32,91.47,150.01,273.41,122.09,193.63,293.9,3143.94,1664.83,470.35,79.83,244.91,1034.93,384.19,238.04,285.41,442.4,208.52,102.15,3547.71,234.83,144.66,134.14,39.39,55.84,98.63,275.46
20261008,12:52:15,49405.24,44236.86,26677.77,17634.0,126.8,1900.43,491.33,483.04,557.25,111.0,166.11,205.33,91.47,150.22,273.41,122.09,193.6,293.9,3140.58,1662.27,470.47,79.83,244.56,1035.06,384.19,238.04,285.41,442.4,208.5,102.15,3547.69,234.83,144.66,134.14,39.39,55.86,98.63,275.46
20261008,12:52:20,49406.62,44238.69,26675.67,17633.2,126.8,1900.43,491.33,483.04,557.2,111.0,166.11,205.34,91.47,150.22,273.41,122.07,193.6,293.87,3140.75,1662.29,470.45,79.83,244.56,1035.05,383.94,238.04,285.72,442.39,208.53,102.15,3547.26,234.5,144.66,134.12,39.39,55.84,98.63,275.45
20261008,12:52:25,49441.98,44273.11,26673.96,17631.1,126.8,1900.43,491.42,482.96,556.91,111.0,166.11,205.32,91.47,150.01,273.41,122.06,193.6,293.87,3143.57,1664.62,470.34,79.83,244.68,1035.06,383.94,238.04,285.35,442.39,208.38,102.15,3547.29,234.5,144.66,134.15,39.39,55.84,98.63,275.45
20261008,12:52:30,49405.69,44237.27,26675.46,17631.23,126.8,1901.84,491.43,482.96,557.0,111.0,166.11,205.32,91.47,150.01,273.41,122.06,193.68,293.86,3140.68,1662.25,470.46,79.83,245.04,1035.05,383.94,238.04,285.35,442.39,208.38,102.15,3547.73,234.5,144.66,134.15,39.39,55.84,98.63,275.16
20261008,12:52:35,49408.19,44236.85,26685.1,17632.75,126.86,1901.92,491.43,482.96,557.0,111.0,166.11,205.31,91.47,150.01,273.41,122.05,193.68,293.84,3140.61,1662.23,470.26,79.81,245.04,1035.19,383.93,238.04,285.35,442.39,208.53,102.15,3550.32,234.5,144.66,134.15,39.39,55.84,98.63,275.16
20261008,12:52:40,49406.29,44237.77,26676.37,17632.0,126.86,1900.5,491.44,482.73,556.89,111.0,166.1,205.3,91.47,150.01,273.41,122.05,193.68,293.84,3140.7,1662.21,470.25,79.85,245.34,1035.13,383.91,238.04,285.34,442.39,208.57,102.15,3547.8,234.5,144.66,134.15,39.39,55.84,98.63,275.18
20261008,12:52:45,49409.66,44239.62,26679.94,17631.3,126.88,1900.5,491.44,482.86,556.89,111.0,166.09,205.25,91.47,150.01,273.41,122.05,193.68,293.84,3140.87,1662.22,470.26,79.82,245.34,1035.14,383.91,238.04,285.66,442.4,208.42,102.15,3549.1,234.83,144.66,134.15,39.39,55.85,98.63,275.18
20261008,12:52:50,49450.01,44277.94,26682.34,17630.73,126.81,1900.5,491.44,482.86,556.89,111.0,166.09,205.26,91.47,150.0,273.41,122.05,193.68,293.84,3143.97,1664.66,470.24,79.82,245.21,1035.07,383.91,238.04,285.71,442.46,208.4,102.15,3550.01,234.5,144.66,134.18,39.39,55.87,98.63,275.18
20261008,12:52:55,49447.58,44275.57,26682.18,17630.55,126.81,1900.5,491.35,482.86,556.89,111.0,166.11,205.27,91.48,150.0,273.41,122.05,193.68,293.84,3143.78,1664.69,470.42,79.79,245.21,1034.81,383.91,238.04,285.39,442.46,208.43,102.15,3550.01,234.5,144.66,134.18,39.39,55.87,98.63,275.18
20261008,12:53:00,49445.84,44276.9,26673.95,17631.17,126.81,1900.56,491.44,482.86,556.89,111.0,166.1,205.25,91.47,150.0,273.41,122.05,193.68,293.84,3143.88,1664.59,470.42,79.79,245.21,1034.94,383.91,238.04,285.71,442.46,208.43,102.15,3547.27,234.56,144.66,134.18,39.39,55.87,98.63,275.18
20261008,12:53:05,49414.06,44241.23,26688.55,17632.26,126.81,1901.98,491.44,482.86,556.89,110.92,166.1,205.25,91.47,150.0,273.41,122.05,193.68,293.84,3140.98,1662.03,470.39,79.87,245.33,1035.73,383.91,238.04,285.66,442.46,208.42,102.14,3551.53,234.56,144.66,134.18,39.39,55.87,98.63,275.48
20261008,12:53:10,49450.17,44279.85,26679.08,17632.84,126.81,1900.56,491.44,482.81,556.96,110.92,166.11,205.28,91.48,150.0,273.41,122.05,193.64,293.84,3144.07,1664.68,470.39,79.85,244.97,1035.73,383.9,238.04,285.34,442.35,208.53,102.14,3548.42,234.56,144.66,134.18,39.39,55.87,98.63,275.48
20261008,12:53:15,49447.24,44278.81,26671.26,17629.92,126.81,1900.56,491.43,482.86,556.73,110.85,166.11,205.28,91.47,150.0,273.41,122.05,193.64,293.85,3144.06,1664.63,470.52,79.85,245.08,1035.66,383.9,238.04,285.3,442.35,208.41,102.14,3546.77,234.56,144.66,134.18,39.39,55.87,98.63,275.18
20261008,12:53:20,49409.05,44239.1,26672.93,17623.49,126.81,1900.56,490.9,482.73,556.73,110.85,165.91,205.27,91.32,150.0,273.41,122.05,193.68,293.85,3141.02,1662.16,470.52,79.85,245.08,1035.63,383.97,238.04,285.61,442.34,208.4,102.14,3549.03,234.56,144.66,134.18,39.39,55.85,98.62,275.18
20261008,12:53:25,49407.24,44238.52,26670.21,17624.29,126.81,1900.56,490.89,482.73,556.73,110.85,165.91,205.26,91.32,150.0,273.41,122.05,193.68,293.85,3140.95,1662.13,470.52,79.86,245.22,1035.82,383.97,238.05,285.29,442.48,208.48,102.14,3547.97,234.56,144.66,134.18,39.35,55.85,98.62,275.17
20261008,12:53:30,49410.88,44243.71,26668.55,17627.89,126.81,1900.56,491.35,482.73,556.73,110.85,165.9,205.24,91.32,150.0,273.41,122.05,193.68,293.85,3141.28,1662.28,470.36,79.85,245.22,1035.86,383.97,238.05,285.65,442.36,208.48,102.14,3546.47,234.89,144.66,134.18,39.35,55.85,98.62,275.16
20261008,12:53:35,49410.78,44239.0,26679.1,17624.62,126.81,1900.53,490.9,482.73,556.73,110.86,165.91,205.25,91.32,150.0,273.56,122.05,193.68,293.84,3140.98,1662.16,470.15,79.85,245.09,1035.88,383.91,238.04,285.65,442.36,208.48,102.14,3550.66,234.89,144.66,134.18,39.35,55.85,98.62,275.16
20261008,12:53:40,49408.89,44236.68,26683.64,17628.22,126.81,1901.95,491.44,482.73,556.72,110.86,165.91,205.26,91.32,150.0,273.56,122.05,193.68,293.84,3140.71,1662.17,470.04,79.85,245.08,1035.69,383.91,238.04,285.35,442.42,208.37,102.14,3551.1,234.89,144.66,134.18,39.35,55.85,98.62,275.16
20261008,12:53:45,49411.71,44240.03,26682.27,17628.66,126.81,1900.53,491.43,482.73,556.76,110.86,165.91,205.28,91.32,150.0,273.56,122.05,193.62,293.8,3140.97,1662.1,470.29,79.85,245.33,1035.65,383.91,238.04,285.65,442.42,208.48,102.14,3550.55,234.89,144.66,134.18,39.35,55.85,98.61,275.18
20261008,12:53:50,49410.89,44239.04,26682.29,17628.05,126.8,1900.53,491.43,482.72,556.69,110.94,165.91,205.28,91.32,150.0,273.56,122.05,193.62,293.8,3140.9,1662.12,470.39,79.79,245.08,1035.66,383.91,238.04,285.66,442.44,208.48,102.14,3550.72,234.57,144.66,134.15,39.35,55.85,98.61,275.18
20261008,12:53:55,49448.17,44275.01,26682.54,17627.15,126.8,1900.53,491.35,482.65,556.69,110.94,165.91,205.28,91.32,149.79,273.56,122.05,193.62,293.8,3143.82,1664.51,470.29,79.79,245.08,1035.34,383.91,238.04,285.66,442.39,208.48,102.14,3551.04,234.57,144.66,134.21,39.35,55.85,98.61,275.18
20261008,12:54:00,49406.01,44234.27,26681.92,17627.6,126.92,1901.95,491.26,482.78,556.73,110.86,165.92,205.31,91.32,150.0,273.56,122.05,193.62,293.8,3140.53,1662.11,470.2,79.79,244.84,1035.23,383.91,238.04,285.66,442.39,208.4,102.14,3550.73,234.89,144.66,134.21,39.35,55.85,98.61,275.18
20261008,12:54:05,49447.23,44274.52,26681.17,17626.99,126.92,1900.53,491.26,482.78,556.73,110.86,165.92,205.33,91.32,150.0,273.56,122.05,193.62,293.8,3143.78,1664.53,470.31,79.81,245.09,1035.13,383.97,238.04,285.66,442.38,208.41,102.14,3550.66,234.82,144.66,134.21,39.35,55.85,98.61,275.18
20261008,12:54:10,49445.4,44272.86,26680.04,17626.09,126.8,1900.53,491.26,482.78,556.73,110.86,165.92,205.31,91.32,150.0,273.56,122.05,193.62,293.8,3143.67,1664.51,469.92,79.79,245.32,1035.24,383.88,238.04,285.61,442.36,208.35,102.14,3550.55,234.82,144.66,134.21,39.35,55.85,98.61,275.18
20261008,12:54:15,49405.24,44234.26,26680.56,17628.52,126.8,1901.95,491.34,482.88,556.73,110.86,165.9,205.25,91.32,150.0,273.44,122.05,193.62,293.8,3140.5,1661.95,470.1,79.79,245.21,1035.39,384.21,238.04,285.65,442.36,208.5,102.14,3550.05,234.82,144.66,134.21,39.35,55.85,98.61,275.18
20261008,12:54:20,49405.98,44237.26,26675.56,17630.37,126.8,1901.95,491.35,482.8,556.72,110.86,166.11,205.23,91.49,150.0,273.44,122.06,193.62,293.8,3140.7,1662.12,470.21,79.79,245.18,1035.27,384.18,238.04,285.65,442.36,208.47,102.14,3547.99,234.82,144.66,134.18,39.35,55.85,98.62,275.18
20261008,12:54:25,49402.79,44234.95,26670.31,17627.01,126.8,1901.95,490.79,483.08,556.8,110.86,166.12,205.29,91.49,150.0,273.44,122.06,193.62,293.81,3140.6,1662.11,470.19,79.78,244.94,1035.25,384.18,238.04,285.69,442.36,208.47,102.14,3547.26,234.82,144.66,134.18,39.35,55.85,98.62,275.18
20261008,12:54:30,49406.85,44235.71,26682.61,17630.45,126.8,1900.53,491.34,483.08,556.72,110.95,166.12,205.26,91.49,150.0,273.44,122.04,193.62,293.81,3140.57,1661.98,470.41,79.8,245.2,1035.49,383.88,238.02,285.42,442.36,208.48,102.14,3550.17,234.82,144.66,134.18,39.35,55.85,98.62,275.18
20261008,12:54:35,49407.21,44238.47,26673.92,17628.52,126.8,1900.53,491.17,483.03,557.03,110.87,166.12,205.26,91.49,150.0,273.44,122.02,193.62,293.81,3140.84,1661.93,470.41,79.87,245.21,1035.61,383.88,238.02,285.84,442.36,208.35,102.14,3547.98,234.82,144.66,134.17,39.35,55.85,98.62,275.18
20261008,12:54:40,49449.12,44278.67,26676.31,17629.16,126.8,1900.53,491.26,483.03,557.03,110.87,166.11,205.26,91.49,150.01,273.44,122.04,193.62,293.81,3144.07,1664.48,470.42,79.87,245.06,1035.59,383.86,238.02,285.8,442.32,208.35,102.14,3548.55,234.82,144.66,134.17,39.35,55.85,98.62,275.18
20261008,12:54:45,49406.79,44236.54,26675.93,17625.73,126.8,1900.43,490.71,482.9,557.03,110.87,166.12,205.26,91.49,150.01,273.44,121.92,193.62,293.83,3140.76,1661.88,470.43,79.84,245.31,1035.69,383.86,238.02,285.7,442.3,208.49,102.14,3549.36,234.82,144.66,134.17,39.35,55.85,98.62,275.23
20261008,12:54:50,49410.18,44240.25,26678.23,17629.76,126.8,1901.85,491.26,482.9,556.95,110.87,166.12,205.26,91.49,150.01,273.44,121.92,193.62,293.83,3140.96,1662.14,470.17,79.84,245.31,1035.63,383.88,238.02,285.7,442.29,208.47,102.14,3548.99,234.82,144.66,134.17,39.35,55.85,98.62,275.23
20261008,12:54:55,49441.92,44271.39,26677.83,17630.0,126.8,1900.43,491.17,482.82,557.18,110.87,166.1,205.26,91.47,150.0,273.44,122.04,193.62,293.83,3143.46,1664.33,470.05,79.84,245.08,1035.53,383.88,238.02,285.43,442.29,208.49,102.13,3548.8,234.82,144.66,134.17,39.35,55.85,98.62,275.23
20261008,12:55:00,49441.15,44273.07,26669.19,17628.22,126.8,1900.43,491.17,482.82,557.18,110.87,165.9,205.23,91.32,149.99,273.44,122.04,193.62,293.83,3143.64,1664.47,470.26,79.85,244.94,1035.09,383.88,238.01,285.69,442.35,208.46,102.13,3546.59,234.78,144.66,134.37,39.35,55.85,98.62,275.23
20261008,12:55:05,49401.7,44232.1,26675.33,17626.81,126.8,1900.46,491.26,482.82,556.83,110.87,165.91,205.23,91.33,149.78,273.44,122.04,193.62,293.83,3140.37,1662.05,470.35,79.84,244.81,1034.78,383.88,238.01,285.69,442.36,208.38,102.13,3548.88,234.78,144.66,134.37,39.35,55.85,98.62,275.24
20261008,12:55:10,49444.16,44273.74,26673.52,17625.61,126.8,1900.46,491.17,482.71,556.81,110.87,165.9,205.17,91.33,149.78,273.44,122.04,193.62,293.82,3143.76,1664.4,470.43,79.85,245.29,1034.95,383.88,238.01,285.77,442.36,208.35,102.13,3548.64,234.78,144.66,134.37,39.35,55.85,98.62,275.24
20261008,12:55:15,49399.29,44230.85,26672.0,17626.65,126.8,1900.46,491.17,482.68,556.8,110.87,165.9,205.16,91.33,149.78,273.44,122.04,193.62,293.82,3140.27,1661.92,470.31,79.87,244.93,1034.78,383.9,238.01,285.74,442.36,208.47,102.13,3547.88,234.78,144.66,134.37,39.35,55.85,98.62,275.23
20261008,12:55:20,49397.4,44229.58,26670.57,17626.9,126.8,1900.24,491.17,482.68,556.8,110.95,165.91,205.18,91.34,149.78,273.44,122.04,193.58,293.82,3140.17,1661.92,470.31,79.84,245.18,1034.31,384.23,238.01,285.74,442.36,208.47,102.13,3547.37,234.78,144.66,134.37,39.35,55.86,98.62,275.23
20261008,12:55:25,49397.78,44228.23,26675.41,17626.72,126.8,1901.66,491.17,482.68,556.8,110.95,165.9,205.15,91.34,149.79,273.44,122.02,193.58,293.83,3140.06,1661.99,470.32,79.76,244.87,1034.66,384.23,238.01,285.42,442.36,208.47,102.13,3548.93,234.45,144.66,134.37,39.35,55.86,98.62,275.23
20261008,12:55:30,49392.61,44223.64,26671.68,17623.94,126.8,1903.3,490.62,482.68,556.8,110.95,165.93,205.22,91.34,149.79,273.44,122.04,193.58,293.83,3139.76,1661.9,470.21,79.75,244.69,1034.52,384.23,238.01,285.42,442.42,208.47,102.13,3548.52,234.45,144.66,134.37,39.35,55.86,98.62,275.23
20261008,12:55:35,49398.1,44226.98,26677.04,17623.37,126.86,1903.3,490.71,482.73,556.64,110.95,165.91,205.13,91.34,149.79,273.44,122.04,193.58,293.81,3140.04,1661.88,470.44,79.76,244.77,1034.54,384.23,238.01,285.73,442.42,208.36,102.13,3550.35,234.77,144.65,134.38,39.35,55.84,98.62,275.23
20261008,12:55:40,49397.26,44226.3,26675.96,17622.6,126.86,1903.3,490.63,482.71,556.64,110.87,165.91,205.17,91.34,149.79,273.44,122.04,193.6,293.81,3140.01,1661.93,470.36,79.78,244.76,1034.35,384.26,238.01,285.73,442.42,208.38,102.13,3550.22,234.77,144.65,134.38,39.35,55.84,98.62,275.18
20261008,12:55:45,49435.31,44263.87,26675.57,17623.77,126.86,1903.3,490.63,482.84,556.63,110.95,165.92,205.19,91.34,149.79,273.44,122.04,193.6,293.8,3143.0,1664.26,470.23,79.76,244.64,1034.43,384.25,238.01,285.84,442.38,208.47,102.13,3549.78,234.77,144.65,134.38,39.35,55.85,98.62,275.18
20261008,12:55:50,49399.82,44229.07,26679.5,17627.55,126.86,1901.88,491.17,482.83,556.71,110.95,165.94,205.19,91.36,149.79,273.44,122.04,193.58,293.79,3140.11,1661.87,470.36,79.78,244.9,1034.51,384.25,238.02,285.84,442.36,208.47,102.13,3549.98,234.77,144.65,134.38,39.35,55.85,98.62,275.19
20261008,12:55:55,49397.19,44225.83,26680.62,17626.6,126.86,1901.88,491.17,482.7,556.71,110.95,165.94,205.2,91.36,149.79,273.29,122.04,193.58,293.79,3139.87,1661.86,470.25,79.76,244.76,1034.63,384.25,238.02,285.54,442.36,208.38,102.13,3550.59,234.81,144.65,134.38,39.35,55.85,98.62,275.19
20261008,12:56:00,49393.47,44224.33,26673.43,17625.45,126.8,1903.3,490.63,482.83,556.71,110.95,166.13,205.18,91.52,149.79,273.29,121.92,193.58,293.79,3139.78,1661.83,470.31,79.75,244.65,1034.55,384.25,238.02,285.53,442.36,208.48,102.13,3548.66,234.82,144.65,134.38,39.35,55.86,98.62,275.19
20261008,12:56:05,49437.66,44267.69,26676.19,17629.62,126.8,1903.3,491.17,482.49,556.71,110.95,166.13,205.17,91.52,149.79,273.29,122.06,193.58,293.79,3143.17,1664.21,470.51,79.74,244.89,1034.53,383.9,238.02,285.85,442.36,208.45,102.13,3548.39,234.88,144.65,134.37,39.35,55.85,98.62,275.17
20261008,12:56:10,49440.92,44269.96,26675.42,17625.69,126.8,1902.93,490.64,482.52,556.71,110.95,166.14,205.2,91.52,149.58,273.29,122.06,193.58,293.79,3143.45,1664.31,470.19,79.74,245.01,1035.12,383.9,238.02,285.84,442.38,208.45,102.13,3549.22,234.88,144.65,134.37,39.35,55.85,98.62,275.23
20261008,12:56:15,49402.02,44232.87,26676.5,17629.66,126.8,1901.51,491.18,482.52,556.71,110.95,166.16,205.25,91.52,149.79,273.29,122.06,193.58,293.79,3140.36,1662.22,470.17,79.74,244.47,1035.12,383.91,238.02,285.54,442.38,208.45,102.13,3548.47,234.88,144.65,134.37,39.35,55.86,98.62,275.25
20261008,12:56:20,49443.63,44271.23,26683.07,17629.89,126.92,1901.51,491.26,482.6,556.7,110.95,166.15,205.24,91.52,149.79,273.29,122.06,193.58,293.76,3143.45,1664.58,470.17,79.74,244.58,1035.09,383.88,238.02,285.54,442.34,208.48,102.13,3550.46,234.56,144.65,134.27,39.35,55.86,98.62,275.23
20261008,12:56:25,49404.31,44234.76,26677.73,17629.92,126.92,1901.51,491.18,482.6,556.84,110.95,166.16,205.27,91.52,149.79,273.29,122.06,193.58,293.76,3140.51,1662.12,470.19,79.76,244.56,1035.23,383.87,238.02,285.85,442.32,208.48,102.13,3548.79,234.56,144.65,134.27,39.35,55.86,98.62,275.28
20261008,12:56:30,49440.05,44269.6,26676.09,17628.09,126.86,1901.51,491.52,482.6,556.85,110.87,166.15,205.23,91.52,149.79,273.29,122.06,193.61,293.76,3143.36,1664.42,470.18,79.72,244.45,1035.09,383.87,238.02,285.85,442.33,208.46,102.13,3548.77,234.56,144.06,134.37,39.35,55.84,98.62,275.6
20261008,12:56:35,49443.73,44270.32,26679.88,17622.86,126.86,1902.93,491.52,482.6,556.85,110.95,166.13,205.18,91.52,149.79,273.29,122.06,193.61,293.76,3143.55,1664.6,470.17,79.72,244.45,1035.11,383.95,238.02,285.76,442.31,208.43,102.13,3551.38,234.56,143.46,134.39,39.35,55.84,98.62,275.3
20261008,12:56:40,49406.82,44234.62,26684.16,17628.69,126.86,1902.93,491.52,482.6,556.85,110.95,166.15,205.22,91.52,149.79,273.29,122.06,193.61,293.76,3140.53,1662.2,470.12,79.72,244.7,1035.19,383.95,238.02,285.74,442.31,208.46,102.13,3551.13,234.88,144.06,134.39,39.35,55.85,98.62,275.3
20261008,12:56:45,49407.79,44235.67,26683.19,17627.94,126.86,1901.51,490.97,482.6,556.85,110.93,166.14,205.19,91.52,149.79,273.29,122.06,193.61,293.77,3140.63,1662.24,470.12,79.73,244.81,1035.18,383.95,238.02,285.75,442.31,208.43,102.13,3551.03,234.56,144.65,134.4,39.35,55.85,98.62,275.3
20261008,12:56:50,49403.84,44234.2,26679.42,17631.54,126.8,1901.51,491.52,482.58,556.85,110.93,166.13,205.18,91.52,149.79,273.29,122.06,193.61,293.77,3140.43,1662.15,470.08,79.73,244.63,1035.54,384.22,238.02,285.44,442.38,208.31,102.13,3548.88,234.56,144.65,134.4,39.35,55.85,98.62,275.6
20261008,12:56:55,49411.67,44242.64,26677.73,17632.33,126.8,1901.45,491.52,482.58,556.85,110.86,166.13,205.18,91.52,149.58,273.29,122.06,193.61,293.77,3141.09,1662.27,470.14,79.69,244.74,1036.28,383.89,238.02,285.75,442.43,208.44,102.13,3548.14,234.56,144.65,134.4,39.35,55.85,98.62,275.6
20261008,12:57:00,49414.01,44243.93,26680.27,17631.93,126.8,1901.45,491.51,482.58,556.85,110.93,166.14,205.19,91.52,149.58,273.41,122.06,193.61,293.77,3141.2,1662.28,470.24,79.75,244.99,1036.09,383.89,238.02,285.75,442.43,208.46,102.13,3549.03,234.56,144.65,134.4,39.35,55.85,98.62,275.3
20261008,12:57:05,49449.01,44276.65,26680.19,17627.2,126.8,1901.45,490.97,482.58,556.85,110.93,166.13,205.14,91.53,149.58,273.41,122.06,193.61,293.77,3143.95,1664.62,470.25,79.76,244.87,1035.4,383.86,238.02,285.84,442.38,208.46,102.13,3550.29,234.56,144.65,134.3,39.35,55.85,98.62,275.22
20261008,12:57:10,49407.44,44234.88,26683.32,17626.56,126.8,1901.45,490.97,482.69,556.86,110.93,166.13,205.14,91.53,149.79,273.41,122.06,193.61,293.77,3140.6,1662.09,470.27,79.76,244.63,1035.54,383.86,238.02,285.75,442.38,208.34,102.13,3551.44,234.56,144.65,134.3,39.34,55.85,98.62,275.23
20261008,12:57:15,49408.62,44236.0,26683.49,17626.69,126.8,1901.45,490.97,482.69,556.86,110.93,166.15,205.17,91.53,149.79,273.41,122.04,193.61,293.78,3140.69,1662.11,470.2,79.76,244.99,1035.29,383.9,238.02,285.85,442.4,208.34,102.08,3551.46,234.56,144.65,134.3,39.34,55.85,98.62,275.25
20261008,12:57:20,49416.47,44243.95,26683.49,17627.65,126.8,1901.55,491.05,482.72,556.86,110.93,166.15,205.15,91.53,149.79,273.41,122.06,193.61,293.78,3141.31,1662.18,470.3,79.77,245.0,1036.41,383.9,238.02,285.84,442.4,208.37,102.08,3551.2,234.56,144.65,134.3,39.34,55.85,98.62,275.23
20261008,12:57:25,49453.11,44279.45,26685.01,17628.76,126.8,1901.55,491.04,482.72,556.86,110.93,166.17,205.22,91.54,149.79,273.41,122.06,193.76,293.78,3144.14,1664.45,470.28,79.76,245.0,1036.14,384.13,238.02,285.85,442.41,208.45,102.08,3551.38,234.56,144.65,134.3,39.34,55.85,98.62,275.23
20261008,12:57:30,49447.62,44274.91,26685.75,17632.29,126.8,1901.55,491.59,482.72,556.86,110.93,166.17,205.23,91.54,149.58,273.41,122.04,193.61,293.78,3143.69,1664.52,470.3,79.77,244.63,1035.18,384.14,238.02,285.84,442.43,208.45,102.08,3550.65,234.56,144.65,134.31,39.34,55.85,98.62,275.23
20261008,12:57:35,49403.23,44233.77,26675.48,17627.55,126.8,1900.05,490.96,482.82,556.86,110.93,166.19,205.23,91.55,149.58,273.29,122.06,193.61,293.78,3140.49,1662.08,470.46,79.76,244.52,1035.02,384.11,238.02,285.84,442.43,208.45,102.08,3548.73,234.56,144.66,134.31,39.34,55.85,98.62,275.23
20261008,12:57:40,49405.73,44236.93,26673.51,17627.72,126.8,1900.42,490.96,482.74,556.87,110.93,166.19,205.23,91.55,149.58,273.29,122.08,193.61,293.78,3140.74,1662.14,470.45,79.78,245.0,1035.17,384.14,238.02,285.7,442.43,208.45,102.08,3548.07,234.56,144.65,134.31,39.34,55.85,98.62,275.23
20261008,12:57:45,49445.82,44275.27,26675.45,17627.53,126.8,1901.84,491.05,482.74,556.87,110.86,166.19,205.21,91.56,149.58,273.29,122.06,193.61,293.78,3143.83,1664.52,470.45,79.76,245.0,1035.14,384.14,238.02,285.76,442.43,208.34,102.08,3548.72,234.56,144.65,134.31,39.34,55.85,98.62,275.23
20261008,12:57:50,49406.26,44237.73,26672.56,17627.58,126.8,1900.42,490.96,482.74,556.87,110.86,166.18,205.16,91.56,149.79,273.29,122.06,193.65,293.78,3140.81,1662.23,470.44,79.75,244.75,1035.21,384.45,238.02,285.76,442.43,208.45,102.08,3547.81,234.56,144.65,134.31,39.34,55.85,98.62,275.21
20261008,12:57:55,49448.64,44278.88,26673.14,17627.75,126.8,1900.5,490.96,482.77,556.87,110.94,166.17,205.12,91.56,149.79,273.29,122.05,193.65,293.78,3144.12,1664.78,470.28,79.77,244.75,1035.37,384.45,238.02,285.76,442.43,208.45,102.08,3547.94,234.56,144.65,134.31,39.34,55.85,98.62,275.21
20261008,12:58:00,49406.87,44240.05,26668.18,17628.3,126.8,1900.5,491.05,482.59,556.87,110.94,166.19,205.11,91.58,149.79,273.29,122.05,193.65,293.78,3140.98,1662.38,470.23,79.76,244.75,1035.4,384.12,238.01,285.76,442.43,208.45,102.08,3546.25,234.56,144.65,134.3,39.34,55.86,98.62,275.16
20261008,12:58:05,49454.26,44281.35,26685.05,17631.42,126.8,1900.5,491.5,482.59,556.87,110.94,166.19,205.16,91.57,149.79,273.29,122.06,193.65,293.78,3144.23,1664.81,470.26,79.76,245.0,1035.4,384.13,238.01,285.76,442.4,208.44,102.08,3550.67,234.56,144.65,134.3,39.34,55.86,98.62,275.15
20261008,12:58:10,49452.78,44278.9,26684.89,17627.82,126.86,1900.5,490.96,482.59,556.87,110.86,166.21,205.19,91.58,149.79,273.29,122.06,193.68,293.78,3144.12,1664.9,470.3,79.75,245.0,1035.27,384.16,238.02,285.42,442.44,208.45,102.08,3551.6,234.56,144.65,134.3,39.34,55.86,98.62,275.15
20261008,12:58:15,49453.55,44280.76,26682.87,17629.26,126.99,1900.5,491.05,482.56,556.86,110.92,166.21,205.15,91.58,149.79,273.29,122.06,193.68,293.78,3144.23,1664.82,470.31,79.69,245.0,1035.31,384.48,238.02,285.82,442.44,208.48,102.11,3550.58,234.56,144.65,134.3,39.34,55.86,98.62,275.15
20261008,12:58:20,49413.89,44244.01,26680.81,17633.18,126.8,1901.92,491.5,482.61,556.87,110.92,166.2,205.12,91.58,149.79,273.29,122.2,193.68,293.74,3141.18,1662.52,470.27,79.69,245.0,1035.32,384.46,238.02,285.73,442.5,208.45,102.11,3548.87,234.56,144.65,134.3,39.34,55.86,98.62,275.13
20261008,12:58:25,49406.05,44236.46,26679.97,17632.55,126.8,1901.92,491.51,482.61,556.73,110.92,166.2,205.09,91.59,149.8,273.41,122.2,193.68,293.74,3140.58,1662.23,470.32,79.69,244.76,1035.34,384.54,238.02,285.41,442.44,208.34,102.11,3548.77,234.56,144.65,134.3,39.34,55.86,98.62,275.45
20261008,12:58:30,49447.17,44277.06,26675.61,17629.28,126.8,1901.92,491.05,482.61,556.73,110.84,166.19,205.07,91.59,149.8,273.41,122.08,193.68,293.77,3143.93,1664.73,470.21,79.68,244.76,1035.35,384.54,238.02,285.72,442.45,208.45,102.11,3548.3,234.56,144.65,134.3,39.34,55.86,98.62,275.43
20261008,12:58:35,49454.2,44281.94,26684.3,17632.7,126.8,1901.92,491.6,482.48,556.66,110.84,166.2,205.08,91.59,149.8,273.41,122.06,193.68,293.77,3144.25,1664.87,470.42,79.71,244.63,1035.49,384.52,238.02,285.72,442.46,208.45,102.11,3550.09,234.56,144.65,134.3,39.34,55.86,98.62,275.42
20261008,12:58:40,49408.42,44241.61,26668.71,17629.09,126.8,1901.92,491.05,482.74,556.66,110.84,166.2,205.09,91.59,149.8,273.41,122.08,193.68,293.77,3141.08,1662.28,470.48,79.68,244.99,1035.63,384.52,238.02,285.72,442.41,208.44,102.11,3546.2,234.56,144.65,134.3,39.34,55.86,98.62,275.42
20261008,12:58:45,49452.69,44284.94,26670.22,17631.47,126.8,1900.5,491.51,482.51,556.66,110.84,166.19,205.06,91.59,149.8,273.41,122.07,193.68,293.77,3144.52,1664.95,470.47,79.7,245.0,1035.5,384.32,238.02,285.77,442.41,208.44,102.11,3546.02,234.56,144.65,134.3,39.34,55.86,98.62,275.42
20261008,12:58:50,49415.93,44247.14,26676.6,17632.19,126.8,1900.5,491.68,482.51,556.65,110.84,166.22,205.08,91.61,149.8,273.41,122.07,193.68,293.76,3141.45,1662.49,470.47,79.7,244.99,1035.87,384.32,238.02,285.72,442.41,208.44,102.11,3547.82,234.56,144.65,134.28,39.34,55.87,98.62,275.14
20261008,12:58:55,49414.43,44243.8,26680.99,17630.96,126.86,1901.92,491.6,482.74,556.66,110.84,166.22,205.07,91.61,149.59,273.56,122.07,193.68,293.76,3141.21,1662.38,470.32,79.67,244.88,1035.88,384.32,238.02,285.77,442.41,208.3,102.11,3549.53,234.56,144.65,134.28,39.34,55.87,98.62,275.15
20261008,12:59:00,49449.08,44276.92,26679.37,17626.93,126.8,1901.92,491.07,482.74,556.73,110.84,166.21,205.04,91.61,149.8,273.56,122.01,193.68,293.76,3143.98,1664.65,470.13,79.68,244.63,1035.87,384.32,238.02,285.77,442.41,208.3,102.11,3550.11,234.56,144.65,134.28,39.34,55.86,98.62,275.15
20261008,12:59:05,49410.27,44240.42,26678.79,17630.65,126.8,1901.92,491.53,482.77,556.77,110.84,166.21,205.03,91.61,149.8,273.56,122.01,193.68,293.76,3140.95,1662.35,470.11,79.67,244.63,1035.91,383.99,238.02,285.72,442.39,208.33,102.11,3548.92,234.56,144.65,134.28,39.34,55.86,98.62,275.15
20261008,12:59:10,49412.34,44242.4,26678.65,17630.36,126.8,1900.5,491.52,482.74,556.77,110.84,166.21,205.03,91.61,149.8,273.56,122.05,193.71,293.76,3141.12,1662.4,470.29,79.67,244.76,1035.86,384.01,238.02,285.71,442.39,208.33,102.11,3548.96,234.55,144.65,134.28,39.34,55.88,98.62,275.15
20261008,12:59:15,49410.27,44241.53,26674.33,17629.22,126.8,1900.5,491.52,482.74,556.47,110.86,166.21,205.03,91.61,149.8,273.56,122.05,193.71,293.73,3141.07,1662.39,470.31,79.68,244.63,1035.84,383.99,238.04,285.7,442.39,208.33,102.11,3547.92,234.55,144.65,134.28,39.34,55.86,98.62,275.15
20261008,12:59:20,49458.94,44285.63,26682.95,17628.01,126.8,1900.46,491.6,482.56,556.5,110.93,166.23,205.05,91.62,149.59,273.56,121.93,193.71,293.76,3144.66,1664.92,470.31,79.7,244.88,1036.28,384.32,238.04,285.71,442.39,208.21,102.11,3550.94,234.55,144.65,134.25,39.34,55.86,98.62,275.15
20261008,12:59:25,49458.36,44285.57,26683.02,17629.83,126.81,1900.46,491.6,482.64,556.5,110.86,166.22,205.02,91.62,149.8,273.56,122.18,193.71,293.76,3144.61,1664.96,470.31,79.68,244.88,1036.05,384.29,238.05,285.71,442.39,208.22,102.11,3550.47,234.59,144.65,134.25,39.34,55.86,98.62,275.15
20261008,12:59:30,49451.9,44279.82,26677.67,17625.48,126.81,1900.46,491.05,482.64,556.5,110.86,166.22,205.02,91.62,149.8,273.56,122.05,193.71,293.76,3144.25,1664.77,470.33,79.69,244.88,1036.1,384.29,238.05,285.44,442.39,208.33,102.11,3549.97,234.59,144.65,134.05,39.34,55.86,98.62,275.15
20261008,12:59:35,49417.36,44247.72,26674.84,17627.42,126.87,1901.88,491.05,482.64,556.5,110.93,166.23,205.04,91.63,149.79,273.56,122.04,193.67,293.75,3141.62,1662.63,470.35,79.66,244.63,1036.36,384.29,238.05,285.71,442.39,208.37,102.11,3548.56,234.92,144.65,134.05,39.34,55.86,98.62,275.19
20261008,12:59:40,49417.44,44247.02,26676.58,17626.82,126.81,1900.36,491.05,482.6,556.49,110.86,166.23,205.06,91.63,149.79,273.56,122.05,193.71,293.75,3141.57,1662.55,470.32,79.66,244.88,1036.26,384.4,238.04,285.72,442.39,208.41,102.11,3549.27,234.92,144.65,134.05,39.34,55.86,98.62,275.19
20261008,12:59:45,49414.31,44244.91,26672.9,17625.75,126.81,1901.41,490.97,482.6,556.57,110.93,166.24,205.09,91.63,149.79,273.56,122.05,193.71,293.78,3141.43,1662.56,470.29,79.67,244.88,1036.37,384.08,238.04,285.41,442.4,208.26,102.11,3548.41,234.92,144.65,134.02,39.34,55.86,98.62,275.18
20261008,12:59:50,49417.23,44248.49,26675.99,17631.76,126.69,1901.41,491.6,482.6,556.64,110.93,166.23,205.07,91.62,149.79,273.56,122.05,193.71,293.79,3141.57,1662.45,470.39,79.66,244.99,1036.8,384.4,238.04,285.42,442.5,208.41,102.12,3547.75,234.92,144.65,134.02,39.34,55.86,98.62,275.18
20261008,12:59:55,49454.01,44284.29,26672.99,17628.18,126.87,1901.41,491.07,482.6,556.58,110.93,166.23,205.07,91.62,149.79,273.56,122.05,193.71,293.79,3144.54,1664.69,470.38,79.66,244.74,1036.79,384.4,238.04,285.72,442.51,208.41,102.12,3547.78,234.9,144.65,134.02,39.34,55.86,98.62,275.17
20261008,13:00:00,49410.31,44244.32,26666.33,17629.27,126.87,1901.41,491.07,482.47,556.57,110.93,166.23,205.07,91.62,149.79,273.56,122.05,193.74,293.8,3141.3,1662.27,470.24,79.65,245.01,1036.8,384.34,238.04,285.45,442.52,208.52,102.12,3545.41,234.9,144.65,134.02,39.34,55.88,98.62,275.17
20261008,13:00:05,49456.48,44285.58,26677.56,17629.69,126.87,1903.06,490.98,482.47,556.51,110.93,166.23,205.12,91.61,149.8,273.44,122.17,193.64,293.79,3144.61,1664.85,470.16,79.69,244.93,1036.76,384.34,238.05,285.51,442.52,208.49,102.12,3548.8,234.58,144.65,134.02,39.34,55.87,98.62,275.49
20261008,13:00:10,49415.82,44243.82,26683.88,17629.81,126.87,1903.06,491.06,482.6,556.52,110.93,166.22,205.11,91.6,149.8,273.44,122.17,193.64,293.79,3141.24,1662.25,470.26,79.67,244.8,1036.85,384.08,238.05,285.51,442.46,208.51,102.12,3550.74,234.9,144.65,134.02,39.34,55.85,98.62,275.14
20261008,13:00:15,49409.7,44241.05,26671.77,17626.55,127.0,1901.64,491.06,482.62,556.36,110.93,166.22,205.09,91.6,149.8,273.44,122.15,193.64,293.79,3141.1,1662.24,470.41,79.73,244.66,1036.41,384.08,238.04,285.5,442.46,208.25,102.12,3547.84,234.9,144.66,134.02,39.34,55.85,98.62,275.1
20261008,13:00:20,49410.37,44241.54,26675.57,17630.36,126.94,1901.64,491.15,482.64,556.44,110.93,166.24,205.12,91.62,149.8,273.44,122.17,193.64,293.77,3141.05,1662.3,470.4,79.71,244.91,1035.52,384.08,238.04,285.82,442.46,208.51,102.12,3547.99,234.9,144.66,134.02,39.34,55.87,98.62,275.14
20261008,13:00:25,49411.97,44243.1,26674.77,17629.49,126.81,1901.87,491.15,482.64,556.3,110.93,166.24,205.1,91.62,149.59,273.44,122.05,193.68,293.76,3141.19,1662.17,470.26,79.72,245.01,1036.31,384.03,238.04,285.81,442.46,208.52,102.12,3547.98,234.9,144.66,134.02,39.34,55.87,98.62,275.44
20261008,13:00:30,49413.77,44242.11,26682.14,17628.75,126.81,1900.68,491.06,482.64,556.34,110.92,166.24,205.17,91.6,149.8,273.44,122.05,193.68,293.76,3141.13,1662.17,470.28,79.71,244.86,1036.28,383.99,238.04,285.82,442.46,208.52,102.11,3550.48,234.9,144.66,134.02,39.34,55.87,98.62,275.45
20261008,13:00:35,49410.81,44241.04,26678.54,17630.71,126.81,1899.26,491.68,482.64,556.21,110.92,166.26,205.19,91.62,149.59,273.44,122.05,193.68,293.76,3141.0,1662.14,470.24,79.71,244.53,1036.4,383.99,238.04,285.82,442.46,208.36,102.11,3548.83,234.9,144.66,134.02,39.34,55.87,98.62,275.45
20261008,13:00:40,49455.42,44282.19,26684.34,17629.58,126.81,1900.68,491.69,482.51,556.22,110.92,166.27,205.22,91.62,149.59,273.44,122.03,193.68,293.76,3144.34,1664.55,470.27,79.72,244.89,1036.57,383.97,238.04,285.82,442.45,208.2,102.08,3550.94,234.9,144.66,134.02,39.34,55.87,98.62,275.45
20261008,13:00:45,49413.29,44243.25,26681.06,17632.9,126.94,1900.68,491.69,482.51,556.22,110.92,166.26,205.18,91.62,149.8,273.44,122.05,193.68,293.78,3141.12,1662.06,470.27,79.73,245.02,1036.45,383.97,238.04,285.83,442.45,208.47,102.08,3549.02,234.9,144.66,134.02,39.34,55.87,98.62,275.45
20261008,13:00:50,49414.69,44245.01,26676.61,17629.11,126.81,1900.68,491.68,482.64,556.19,110.84,166.25,205.15,91.62,149.59,273.44,122.05,193.68,293.78,3141.36,1662.29,470.18,79.74,245.01,1036.39,383.97,238.04,285.82,442.45,208.19,102.08,3548.66,234.86,144.66,134.02,39.34,55.85,98.62,275.45
20261008,13:00:55,49408.9,44239.94,26671.35,17624.97,126.81,1900.45,491.68,482.64,556.14,110.84,166.26,205.17,91.62,149.58,273.56,122.01,193.68,293.78,3141.05,1662.04,470.18,79.71,245.12,1036.33,383.99,238.04,285.86,442.45,208.31,102.08,3548.14,234.86,144.07,134.02,39.34,55.85,98.62,275.45
20261008,13:01:00,49452.6,44282.67,26674.71,17629.35,126.81,1900.45,491.59,482.56,556.14,110.84,166.26,205.16,91.62,149.58,273.56,122.05,193.68,293.8,3144.39,1664.58,470.18,79.7,245.12,1036.39,384.31,238.04,285.86,442.45,208.32,102.08,3548.0,234.86,144.66,134.02,39.34,55.85,98.62,275.43
20261008,13:01:05,49411.55,44242.81,26674.49,17629.57,126.81,1899.03,491.76,482.56,556.08,110.92,166.27,205.2,91.62,149.8,273.56,122.05,193.68,293.8,3141.17,1662.19,470.18,79.71,244.89,1036.36,384.31,238.04,285.81,442.45,208.29,102.08,3547.87,234.86,144.66,134.02,39.34,55.85,98.62,275.24
20261008,13:01:10,49407.94,44240.61,26666.45,17624.69,126.81,1899.03,491.21,482.54,556.11,110.91,166.26,205.22,91.61,149.8,273.56,122.06,193.68,293.8,3141.11,1662.2,470.18,79.72,244.67,1036.36,384.28,238.04,285.81,442.44,208.19,102.08,3546.69,234.86,144.66,134.02,39.34,55.85,98.62,275.24
20261008,13:01:15,49445.28,44275.22,26674.16,17627.65,126.81,1899.4,491.76,482.54,556.18,110.91,166.27,205.26,91.61,149.58,273.44,121.9,193.68,293.8,3143.83,1664.62,470.05,79.73,245.04,1035.5,384.28,238.05,285.54,442.44,208.16,102.08,3548.29,234.86,144.66,134.02,39.34,55.85,98.62,275.25
20261008,13:01:20,49412.21,44241.42,26676.27,17624.77,126.81,1900.82,491.22,482.46,556.23,110.83,166.25,205.16,91.61,149.58,273.56,122.05,193.68,293.82,3141.17,1662.39,470.4,79.75,245.17,1035.56,384.28,238.05,285.54,442.46,208.16,102.03,3549.73,234.86,144.66,134.02,39.34,55.85,98.62,275.25
20261008,13:01:25,49452.81,44283.44,26674.14,17630.57,126.81,1900.82,491.68,482.54,556.24,110.91,166.26,205.21,91.61,149.58,273.56,122.05,193.68,293.86,3144.42,1664.74,470.32,79.77,245.16,1035.68,384.29,238.05,285.87,442.46,208.28,102.03,3547.49,234.86,144.66,134.02,39.34,55.85,98.62,275.53
20261008,13:01:30,49409.02,44243.01,26665.14,17627.7,126.81,1899.4,491.22,482.67,556.24,110.91,166.27,205.23,91.62,149.58,273.56,122.17,193.68,293.86,3141.23,1662.27,470.53,79.74,245.05,1035.65,384.29,238.04,285.87,442.46,208.28,102.03,3545.46,234.86,144.66,134.02,39.34,55.85,98.62,275.53
20261008,13:01:35,49407.91,44238.35,26675.21,17627.32,126.81,1899.4,491.38,482.66,556.16,110.91,166.26,205.23,91.61,149.8,273.56,121.93,193.68,293.89,3140.86,1662.24,470.29,79.75,244.8,1035.67,384.54,238.04,285.56,442.46,208.28,102.06,3548.71,234.86,144.66,134.02,39.34,55.85,98.62,275.53
20261008,13:01:40,49405.27,44236.95,26675.82,17631.95,126.81,1899.4,491.92,482.58,556.16,110.92,166.26,205.23,91.61,149.58,273.56,122.05,193.68,293.88,3140.64,1662.17,470.18,79.72,245.13,1035.4,384.53,238.04,285.42,442.46,208.3,102.06,3547.64,234.86,144.66,134.02,39.34,55.85,98.62,275.53
20261008,13:01:45,49447.06,44275.49,26679.5,17628.85,126.81,1899.4,491.38,482.58,556.16,110.92,166.27,205.24,91.61,149.8,273.56,122.13,193.68,293.88,3143.82,1664.55,470.39,79.73,245.13,1035.4,384.53,238.04,285.43,442.46,208.3,102.04,3549.63,234.86,144.65,134.04,39.34,55.85,98.62,275.53
20261008,13:01:50,49452.71,44281.06,26681.89,17631.87,126.81,1899.4,491.92,482.58,556.17,110.92,166.27,205.23,91.62,149.58,273.56,122.05,193.68,293.88,3144.2,1664.63,470.35,79.75,245.13,1035.39,384.53,238.04,285.93,442.46,208.3,102.04,3549.56,234.86,144.65,134.02,39.34,55.85,98.62,275.48
20261008,13:01:55,49406.85,44236.23,26681.25,17630.64,126.81,1899.34,491.84,482.58,556.17,110.92,166.27,205.23,91.62,149.8,273.56,122.01,193.68,293.88,3140.61,1662.08,470.28,79.76,244.76,1035.51,384.6,238.06,285.62,442.46,208.3,102.04,3549.69,234.53,144.65,134.02,39.34,55.83,98.62,275.48
20261008,13:02:00,49409.15,44238.96,26676.13,17626.36,126.81,1897.92,491.3,482.66,556.14,110.92,166.27,205.23,91.62,150.23,273.74,122.05,193.68,293.88,3140.93,1662.12,470.32,79.78,245.04,1035.45,384.6,238.04,285.92,442.46,208.3,102.04,3549.26,234.53,144.66,134.08,39.34,55.83,98.62,275.17
20261008,13:02:05,49412.25,44240.89,26680.9,17628.19,126.81,1897.92,491.38,482.61,556.21,110.92,166.26,205.2,91.62,150.23,273.74,122.03,193.68,293.87,3141.05,1662.08,470.19,79.77,244.79,1036.65,384.34,238.04,285.6,442.4,208.45,102.04,3550.25,234.53,144.66,134.08,39.34,55.83,98.62,275.17
20261008,13:02:10,49413.38,44242.4,26683.4,17632.46,126.81,1897.92,491.93,482.61,556.14,110.93,166.27,205.21,91.62,150.21,273.74,122.05,193.68,293.87,3141.07,1662.06,470.24,79.78,244.92,1036.62,384.01,238.04,285.6,442.4,208.45,102.04,3549.87,234.52,144.66,134.09,39.34,55.87,98.62,275.17
20261008,13:02:15,49410.53,44240.35,26679.55,17630.48,126.81,1897.92,491.85,482.48,556.15,110.92,166.28,205.23,91.63,150.21,273.74,122.05,193.68,293.86,3140.95,1662.05,470.27,79.78,245.04,1035.72,384.34,238.04,285.96,442.4,208.33,102.04,3549.2,234.45,144.66,134.09,39.34,55.85,98.62,275.17
20261008,13:02:20,49412.38,44244.07,26671.04,17627.09,126.81,1897.92,491.29,482.56,556.15,110.92,166.27,205.19,91.63,150.0,273.74,122.05,193.68,293.86,3141.33,1662.22,470.27,79.78,245.04,1036.57,384.34,238.04,285.59,442.45,208.33,102.04,3547.47,234.45,144.66,134.09,39.34,55.85,98.62,275.47
20261008,13:02:25,49407.03,44239.26,26673.65,17631.45,126.87,1897.8,491.84,482.51,556.21,110.92,166.28,205.24,91.62,150.21,273.74,122.04,193.68,293.86,3140.84,1661.92,470.21,79.77,245.15,1035.92,384.34,237.9,285.91,442.47,208.31,102.04,3547.1,234.45,144.66,134.09,39.34,55.85,98.62,275.46
20261008,13:02:30,49403.93,44235.96,26674.89,17631.93,126.87,1899.16,491.84,482.46,556.22,110.91,166.28,205.24,91.62,150.21,273.74,122.04,193.68,293.89,3140.56,1661.89,470.29,79.76,245.15,1035.29,384.34,237.9,285.91,442.42,208.28,102.04,3547.36,234.49,144.66,134.09,39.34,55.85,98.62,275.55
20261008,13:02:35,49447.26,44278.07,26672.26,17628.52,127.0,1899.16,491.3,482.46,556.36,110.91,166.27,205.2,91.63,150.21,273.74,122.05,193.68,293.87,3144.03,1664.27,470.39,79.74,244.9,1036.34,384.34,237.9,285.91,442.42,208.28,102.04,3547.46,234.49,144.65,134.09,39.34,55.83,98.62,275.55
20261008,13:02:40,49444.92,44278.08,26664.96,17627.8,126.81,1899.16,491.29,482.43,556.35,110.91,166.27,205.21,91.63,150.21,273.74,122.04,193.68,293.86,3144.05,1664.28,470.37,79.78,244.91,1036.33,384.34,237.9,285.9,442.38,208.28,102.04,3545.38,234.49,144.65,134.09,39.34,55.83,98.62,275.55
20261008,13:02:45,49401.89,44234.42,26667.69,17625.15,126.81,1897.66,491.29,482.43,556.34,110.91,166.27,205.19,91.63,150.21,273.74,122.02,193.68,293.83,3140.6,1661.77,470.27,79.75,245.16,1036.24,384.34,237.9,285.55,442.38,208.17,102.04,3546.95,234.49,144.65,134.09,39.34,55.86,98.62,275.25
20261008,13:02:50,49444.11,44275.4,26667.73,17624.66,126.94,1897.72,491.2,482.38,556.34,110.91,166.26,205.16,91.62,150.21,273.74,122.04,193.64,293.83,3143.91,1664.33,470.3,79.75,244.68,1036.21,384.34,237.9,285.87,442.39,208.17,102.04,3547.09,234.49,144.65,134.09,39.34,55.86,98.62,275.17
20261008,13:02:55,49439.82,44270.08,26671.87,17625.6,126.87,1897.72,491.21,482.51,556.41,110.91,166.26,205.19,91.62,150.21,273.74,122.05,193.64,293.83,3143.46,1664.2,470.17,79.75,244.79,1035.61,384.34,237.91,285.86,442.39,208.17,102.04,3548.13,234.82,144.65,134.13,39.34,55.86,98.62,275.17
20261008,13:03:00,49442.14,44272.88,26671.67,17627.18,126.87,1897.72,491.29,482.51,556.41,110.91,166.26,205.19,91.62,150.21,273.74,122.05,193.64,293.83,3143.65,1664.3,470.34,79.74,244.88,1035.49,384.34,237.91,285.86,442.39,208.28,102.04,3547.64,234.82,144.65,134.12,39.34,55.85,98.62,275.17
20261008,13:03:05,49442.66,44272.41,26678.0,17631.21,126.81,1899.14,491.83,482.51,556.41,110.91,166.26,205.18,91.62,150.21,273.74,122.03,193.64,293.8,3143.51,1664.24,470.35,79.75,245.15,1035.61,384.34,237.9,285.45,442.37,208.27,102.04,3548.52,234.82,144.65,134.12,39.34,55.85,98.62,275.17
20261008,13:03:10,49436.67,44266.78,26676.76,17630.49,126.81,1899.2,491.83,482.84,556.41,110.9,166.27,205.21,91.62,150.21,273.74,122.03,193.64,293.8,3143.08,1664.06,470.32,79.77,244.91,1035.36,384.34,237.89,285.45,442.37,208.16,102.04,3548.33,234.82,144.65,134.12,39.34,55.86,98.62,275.13
20261008,13:03:15,49443.48,44271.32,26683.58,17631.3,126.94,1899.1,491.83,482.69,556.33,110.9,166.27,205.24,91.62,150.0,273.74,122.03,193.64,293.8,3143.42,1664.11,470.17,79.75,244.88,1036.23,384.34,237.89,285.44,442.4,208.27,102.04,3550.24,234.82,144.65,134.12,39.34,55.86,98.62,275.13
20261008,13:03:20,49440.86,44271.82,26670.59,17626.57,127.0,1899.1,491.3,482.77,556.33,110.91,166.26,205.21,91.62,150.0,273.74,122.05,193.64,293.79,3143.58,1664.01,470.25,79.77,245.13,1036.16,384.34,237.89,285.76,442.4,208.15,102.05,3547.47,234.82,144.65,134.12,39.34,55.86,98.62,275.13
20261008,13:03:25,49444.05,44275.34,26669.76,17627.01,127.0,1897.91,491.21,482.65,556.41,110.91,166.28,205.23,91.62,150.21,273.74,122.05,193.64,293.79,3143.85,1664.28,470.25,79.74,245.13,1036.11,384.02,237.89,285.75,442.39,208.27,102.05,3547.09,234.82,144.65,134.13,39.34,55.86,98.62,275.12
20261008,13:03:30,49444.87,44272.78,26679.62,17627.1,126.87,1897.91,491.3,482.57,556.41,110.91,166.27,205.22,91.62,150.21,273.74,122.06,193.64,293.79,3143.64,1664.21,470.14,79.76,244.88,1036.06,384.0,237.89,285.8,442.39,208.27,102.01,3550.14,234.75,144.65,134.13,39.34,55.86,98.62,275.13
20261008,13:03:35,49442.67,44271.27,26676.63,17625.77,126.94,1897.83,491.21,482.57,556.46,110.91,166.25,205.19,91.61,150.21,273.74,122.04,193.68,293.35,3143.55,1663.96,470.27,79.75,245.13,1036.19,384.39,237.89,285.8,442.42,208.29,102.03,3549.57,234.75,144.65,134.13,39.34,55.86,98.62,275.15
20261008,13:03:40,49443.13,44271.93,26677.63,17627.63,126.94,1900.66,491.22,482.57,556.54,110.84,166.24,205.17,91.61,150.21,273.74,122.04,193.68,293.35,3143.56,1663.99,470.28,79.75,245.01,1036.24,384.34,237.65,285.8,442.42,208.29,102.03,3549.38,234.75,144.64,134.12,39.34,55.85,98.62,275.45
20261008,13:03:45,49440.7,44269.98,26679.52,17631.18,126.94,1900.66,491.75,482.57,556.54,110.84,166.24,205.19,91.6,150.21,273.74,122.04,193.64,293.35,3143.32,1664.19,470.16,79.75,245.0,1035.61,384.32,237.65,285.49,442.42,208.27,102.03,3549.0,234.75,144.64,134.12,39.35,55.85,98.62,275.43
20261008,13:03:50,49439.51,44268.2,26679.14,17628.69,126.81,1899.25,491.84,482.34,556.54,110.82,166.24,205.19,91.6,150.0,273.74,122.06,193.64,293.35,3143.24,1664.14,470.3,79.73,245.0,1035.46,384.32,237.65,285.48,442.38,208.15,102.03,3549.56,234.42,144.64,134.12,39.35,55.85,98.62,275.42
20261008,13:03:55,49440.15,44268.86,26675.39,17624.51,126.82,1899.25,491.13,482.26,556.54,110.82,166.24,205.17,91.61,150.21,273.74,122.06,193.64,293.35,3143.39,1664.11,470.31,79.74,244.77,1035.67,384.3,237.65,285.8,442.42,208.26,102.05,3549.53,234.75,144.64,134.12,39.35,55.85,98.62,275.12
20261008,13:04:00,49435.97,44265.59,26677.11,17629.17,126.95,1899.25,491.67,482.21,556.62,110.82,166.23,205.12,91.61,150.21,273.74,122.06,193.64,293.37,3143.01,1664.08,470.36,79.73,244.88,1035.21,383.95,237.65,285.49,442.51,208.24,102.08,3548.8,234.75,144.64,134.12,39.35,55.87,98.62,275.12
20261008,13:04:05,49437.0,44266.49,26673.75,17624.94,126.76,1899.25,491.12,482.29,556.62,110.82,166.25,205.18,91.61,150.0,273.74,122.08,193.64,293.37,3143.19,1664.09,470.5,79.74,245.13,1035.21,384.01,237.65,285.48,442.51,208.26,102.08,3548.9,234.75,144.64,134.14,39.35,55.87,98.62,275.12
20261008,13:04:10,49439.08,44267.75,26677.32,17626.5,126.76,1899.25,491.5,482.22,556.62,110.82,166.24,205.14,91.61,150.21,273.74,122.06,193.64,293.37,3143.25,1664.04,470.39,79.74,244.77,1035.92,384.34,237.89,285.44,442.45,208.17,102.08,3549.59,234.75,144.64,134.12,39.35,55.85,98.62,275.12
20261008,13:04:15,49442.08,44270.71,26675.3,17624.28,126.76,1899.25,491.04,482.22,556.62,110.82,166.24,205.13,91.61,150.0,273.74,122.06,193.64,293.39,3143.54,1664.23,470.31,79.74,244.76,1036.12,384.34,237.89,285.45,442.45,208.32,102.08,3549.56,234.74,144.64,134.12,39.35,55.85,98.62,275.12
20261008,13:04:20,49445.92,44274.73,26677.38,17627.62,126.76,1899.36,491.5,482.22,556.56,110.89,166.24,205.13,91.61,150.21,273.74,122.06,193.67,293.38,3143.79,1664.24,470.18,79.73,245.12,1036.07,384.58,237.89,285.76,442.47,208.28,102.08,3549.3,234.74,144.64,134.12,39.35,55.85,98.62,275.1
20261008,13:04:25,49434.52,44263.62,26673.41,17623.04,126.7,1898.99,491.04,482.22,556.31,110.82,166.24,205.13,91.61,150.42,273.74,122.06,193.67,293.38,3143.0,1664.01,470.18,79.74,244.64,1035.73,384.6,237.65,285.44,442.52,208.25,102.08,3549.3,234.74,144.64,134.12,39.35,55.85,98.62,275.1
20261008,13:04:30,49438.41,44268.46,26675.14,17628.55,126.7,1900.41,491.59,482.24,556.56,110.82,166.24,205.15,91.61,150.64,273.74,122.04,193.67,293.33,3143.26,1664.11,470.19,79.75,244.89,1035.78,384.6,237.64,285.44,442.52,208.25,102.08,3548.35,234.74,144.64,134.12,39.35,55.85,98.62,275.08
20261008,13:04:35,49438.21,44269.87,26665.72,17623.07,126.7,1900.37,491.03,482.03,556.56,110.82,166.24,205.15,91.61,150.64,273.74,122.04,193.67,293.3,3143.51,1664.12,470.13,79.74,244.75,1036.52,384.57,237.89,285.45,442.52,208.14,102.03,3546.9,234.74,144.64,134.12,39.35,55.85,98.62,275.1
20261008,13:04:40,49442.21,44271.55,26675.04,17626.37,126.7,1900.37,491.5,482.11,556.26,110.81,166.26,205.24,91.61,150.42,273.74,122.07,193.72,293.3,3143.56,1663.99,470.13,79.74,245.0,1036.42,384.51,237.89,285.76,442.53,208.22,102.03,3548.91,234.74,144.64,134.12,39.35,55.85,98.62,275.06
20261008,13:04:45,49445.25,44274.53,26673.72,17624.91,126.7,1898.96,491.05,482.26,556.31,110.73,166.25,205.21,91.61,150.64,273.74,122.19,193.72,293.3,3143.84,1664.21,470.01,79.74,245.12,1036.48,384.54,237.89,285.71,442.49,208.37,102.03,3548.9,234.74,144.64,134.11,39.35,55.85,98.62,275.06
20261008,13:04:50,49441.86,44271.81,26675.67,17629.13,126.7,1898.96,491.59,482.05,556.31,110.82,166.25,205.2,91.61,150.64,273.74,122.19,193.68,293.3,3143.52,1664.0,470.02,79.75,245.05,1036.79,384.29,237.89,285.44,442.49,208.37,102.03,3548.36,234.74,144.64,134.11,39.35,55.85,98.62,275.14
20261008,13:04:55,49444.41,44273.89,26677.01,17629.3,126.7,1898.96,491.67,482.05,556.34,110.82,166.25,205.17,91.61,150.63,273.44,122.06,193.68,293.31,3143.68,1664.07,470.03,79.73,244.8,1036.82,384.26,237.89,285.75,442.49,208.4,102.03,3548.73,234.74,144.64,134.11,39.35,55.87,98.62,275.14
20261008,13:05:00,49442.65,44272.31,26673.46,17625.66,126.69,1898.96,491.13,482.02,556.29,110.82,166.24,205.13,91.61,150.63,273.44,122.06,193.68,293.28,3143.64,1663.95,470.01,79.74,245.05,1037.0,384.26,237.89,285.65,442.49,208.39,102.03,3548.61,234.75,144.64,134.11,39.35,55.87,98.62,275.44
20261008,13:05:05,49438.25,44269.71,26666.39,17623.17,126.69,1897.6,491.13,482.02,556.22,110.82,166.24,205.14,91.61,150.42,273.44,122.06,193.68,293.24,3143.49,1664.07,470.01,79.74,244.8,1036.89,384.35,237.89,285.34,442.49,208.24,102.03,3547.08,234.75,144.65,134.11,39.35,55.87,98.62,275.44
20261008,13:05:10,49443.14,44274.12,26670.1,17626.25,126.69,1897.6,491.58,482.0,556.17,110.82,166.25,205.16,91.62,150.42,273.32,122.06,193.68,293.24,3143.77,1664.14,470.01,79.75,245.13,1037.06,384.26,237.89,285.32,442.45,208.24,102.03,3547.4,234.75,144.65,134.11,39.35,55.86,98.62,275.45
20261008,13:05:15,49440.56,44271.92,26674.46,17632.31,126.69,1894.76,492.77,482.0,556.17,110.82,166.27,205.21,91.62,150.63,273.32,121.93,193.68,293.24,3143.45,1664.01,470.07,79.74,244.88,1036.86,384.33,237.7,285.32,442.43,208.22,102.03,3547.12,234.75,144.65,134.11,39.35,55.86,98.62,275.15
20261008,13:05:20,49403.03,44235.66,26670.49,17628.8,126.69,1894.76,492.76,481.95,556.14,110.74,166.07,205.21,91.46,150.42,273.32,121.93,193.68,293.24,3140.61,1661.63,469.99,79.77,245.13,1036.87,384.35,237.7,285.64,442.43,208.13,102.03,3546.83,234.75,144.65,134.11,39.35,55.87,98.62,275.19
20261008,13:05:25,49451.02,44281.84,26679.93,17637.71,126.75,1899.02,493.23,481.95,556.14,110.74,166.27,205.21,91.63,150.63,273.32,121.93,193.68,293.24,3144.12,1664.24,470.03,79.72,245.13,1037.19,384.36,237.69,285.65,442.43,208.17,102.03,3547.37,234.75,144.65,134.11,39.35,55.85,98.62,275.49
20261008,13:05:30,49448.79,44278.69,26681.66,17636.45,126.75,1899.02,492.77,481.9,556.19,110.82,166.3,205.25,91.64,150.84,273.32,121.93,193.68,293.29,3143.89,1664.13,470.09,79.72,245.01,1037.06,384.36,237.69,285.64,442.41,208.28,102.03,3548.24,234.75,144.65,134.12,39.35,55.85,98.62,275.49
20261008,13:05:35,49446.65,44275.91,26688.27,17641.74,126.75,1898.79,493.4,482.12,556.27,110.82,166.29,205.21,91.64,150.85,273.32,121.93,193.68,293.29,3143.54,1664.0,470.18,79.74,244.78,1037.09,384.34,237.69,285.33,442.39,208.45,102.03,3548.88,234.75,144.64,134.08,39.35,55.85,98.62,275.17
20261008,13:05:40,49452.75,44281.92,26693.25,17647.66,126.75,1898.79,493.95,482.18,556.73,110.74,166.31,205.23,91.65,150.85,273.32,121.95,193.68,293.29,3143.88,1664.24,470.2,79.73,245.03,1036.91,384.34,237.69,285.34,442.41,208.46,102.03,3548.83,234.75,144.65,134.08,39.35,55.85,98.62,275.16
20261008,13:05:45,49449.62,44278.59,26692.96,17646.38,126.94,1895.95,494.03,482.18,556.81,110.74,166.33,205.25,91.66,150.85,273.32,121.92,193.68,293.29,3143.65,1664.1,470.31,79.75,245.03,1036.6,384.27,237.69,285.39,442.42,208.27,102.03,3549.08,234.75,144.65,134.08,39.35,55.87,98.62,275.21
20261008,13:05:50,49451.64,44281.28,26689.8,17645.19,126.81,1896.05,493.94,482.15,556.81,110.74,166.32,205.21,91.66,150.64,273.32,121.96,193.68,293.29,3143.89,1664.06,470.36,79.71,245.15,1036.81,384.27,237.69,285.7,442.38,208.27,102.03,3548.42,234.71,144.65,134.08,39.35,55.87,98.62,275.23
20261008,13:05:55,49445.31,44274.94,26689.08,17643.77,126.82,1896.05,493.94,482.31,556.85,110.82,166.13,205.25,91.5,150.85,273.32,121.96,193.66,293.26,3143.41,1663.98,470.25,79.75,245.04,1036.05,384.29,237.69,285.7,442.42,208.27,102.03,3548.58,234.71,144.65,134.08,39.35,55.85,98.62,275.23
20261008,13:06:00,49453.47,44282.08,26694.19,17646.95,126.82,1900.31,493.93,482.31,556.78,110.74,166.13,205.22,91.51,150.85,273.32,122.08,193.66,293.26,3143.91,1664.12,470.31,79.76,244.79,1036.96,384.27,237.69,285.7,442.42,208.33,102.03,3549.31,234.71,144.65,134.08,39.35,55.85,98.53,275.52
20261008,13:06:05,49409.46,44239.19,26694.76,17647.57,126.69,1898.89,493.93,482.18,556.85,110.82,166.11,205.2,91.5,150.84,273.32,122.08,193.7,293.26,3140.44,1661.49,470.33,79.75,245.04,1036.97,384.34,237.69,285.4,442.36,208.47,102.03,3549.32,234.74,144.65,134.12,39.35,55.85,98.53,275.52
20261008,13:06:10,49450.59,44279.51,26693.15,17646.53,126.82,1896.05,493.92,482.21,556.8,110.74,166.1,205.17,91.5,150.84,273.32,122.08,193.7,293.26,3143.72,1664.05,470.32,79.75,245.04,1036.95,384.33,237.69,285.34,442.33,208.47,102.06,3549.1,234.74,144.65,134.21,39.35,55.85,98.53,275.52
20261008,13:06:15,49455.5,44284.95,26692.26,17647.69,126.82,1896.05,494.46,482.13,556.73,110.74,166.1,205.21,91.48,150.84,273.32,121.94,193.7,293.32,3144.13,1664.21,470.21,79.75,245.13,1037.07,384.28,237.69,285.66,442.33,208.29,102.06,3548.51,234.74,144.65,134.21,39.35,55.85,98.53,275.52
20261008,13:06:20,49452.21,44281.61,26694.19,17649.47,126.75,1896.1,494.46,482.14,556.73,110.81,166.31,205.23,91.65,150.84,273.32,121.95,193.7,293.32,3143.82,1664.1,470.08,79.8,244.77,1037.09,384.02,237.69,285.64,442.33,208.31,102.06,3548.62,234.74,144.65,134.21,39.35,55.85,98.53,275.22
20261008,13:06:25,49413.75,44244.27,26691.24,17646.53,126.88,1896.56,493.93,482.16,556.86,110.81,166.33,205.28,91.66,150.84,273.44,121.95,193.73,293.32,3140.88,1661.83,470.1,79.76,244.89,1037.03,384.02,237.7,285.64,442.32,208.28,102.06,3548.5,234.74,144.65,134.23,39.35,55.85,98.53,275.22
20261008,13:06:30,49414.27,44244.91,26694.38,17650.59,126.94,1896.56,494.46,482.09,556.86,110.81,166.33,205.3,91.65,150.84,273.44,122.07,193.73,293.32,3140.83,1661.74,470.17,79.78,245.14,1036.89,384.02,237.7,285.64,442.32,208.2,102.06,3548.38,234.74,144.65,134.24,39.35,55.85,98.53,275.22
20261008,13:06:35,49456.28,44284.83,26699.28,17652.86,126.81,1901.18,494.47,482.17,556.89,110.81,166.33,205.3,91.65,150.64,273.44,122.09,193.73,293.28,3143.99,1664.3,470.12,79.8,245.04,1037.01,384.06,237.7,285.33,442.3,208.28,102.06,3549.3,234.74,144.65,134.24,39.35,55.85,98.53,275.22
20261008,13:06:40,49451.49,44280.5,26696.38,17650.63,126.81,1898.35,494.46,482.17,556.89,110.81,166.34,205.32,91.65,150.64,273.44,122.09,193.73,293.28,3143.7,1664.25,469.94,79.83,244.88,1036.71,384.39,237.7,285.32,442.29,208.2,102.11,3549.0,234.74,144.65,134.14,39.35,55.85,98.53,275.22
20261008,13:06:45,49454.55,44283.21,26697.54,17651.06,126.81,1898.35,494.46,482.17,556.89,110.81,166.34,205.31,91.65,150.64,273.44,122.07,193.73,293.31,3143.91,1664.22,469.94,79.79,245.12,1036.72,384.36,237.7,285.63,442.29,208.28,102.07,3549.24,234.74,144.65,134.14,39.35,55.85,98.53,275.14
20261008,13:06:50,49447.75,44279.04,26690.36,17651.01,126.75,1898.35,494.46,482.09,556.86,110.73,166.32,205.28,91.65,150.64,273.44,122.08,193.73,293.34,3143.57,1664.08,470.11,79.81,245.0,1036.68,384.36,237.7,285.32,442.29,208.32,102.07,3547.01,234.74,144.65,134.17,39.39,55.85,98.53,275.14
20261008,13:06:55,49450.57,44279.8,26697.18,17652.22,126.88,1898.35,494.46,482.17,556.87,110.81,166.33,205.3,91.65,150.65,273.44,122.09,193.73,293.34,3143.6,1663.99,470.1,79.79,244.75,1037.33,384.27,237.7,285.32,442.29,208.34,102.07,3548.81,234.74,144.65,134.17,39.39,55.85,98.53,275.14
20261008,13:07:00,49450.05,44279.52,26693.66,17648.91,126.88,1898.35,493.92,482.17,556.94,110.82,166.33,205.3,91.65,150.65,273.44,122.21,193.73,293.36,3143.66,1664.01,469.98,79.78,244.99,1037.29,384.29,237.7,285.32,442.28,208.28,102.12,3548.61,234.74,144.65,134.17,39.39,55.85,98.53,275.16
20261008,13:07:05,49453.89,44282.46,26698.41,17651.68,126.75,1898.35,494.47,482.17,556.94,110.82,166.33,205.28,91.65,150.44,273.44,122.09,193.73,293.36,3143.83,1664.02,470.1,79.8,244.76,1037.3,384.35,237.7,285.63,442.39,208.31,102.12,3549.34,234.74,144.65,134.17,39.39,55.83,98.53,275.16
20261008,13:07:10,49453.17,44283.78,26692.88,17652.08,126.88,1900.82,494.46,482.17,556.97,110.82,166.34,205.34,91.65,150.65,273.44,122.09,193.73,293.34,3143.93,1664.32,470.08,79.82,244.77,1036.59,384.35,237.7,285.63,442.36,208.16,102.12,3547.51,234.74,144.65,134.17,39.39,55.83,98.53,275.16
20261008,13:07:15,49446.05,44277.78,26686.0,17647.3,126.88,1900.83,493.84,482.14,556.9,110.82,166.34,205.34,91.65,150.65,273.44,122.09,193.73,293.32,3143.56,1664.03,470.01,79.81,244.85,1036.65,384.22,237.7,285.63,442.36,208.16,102.12,3546.66,234.7,144.65,134.17,39.38,55.85,98.53,275.16
20261008,13:07:20,49449.17,44280.33,26686.38,17646.12,126.75,1900.83,493.76,482.14,556.82,110.74,166.34,205.33,91.65,150.65,273.32,122.09,193.73,293.32,3143.79,1664.17,470.09,79.82,244.86,1036.66,384.22,237.7,285.64,442.37,208.18,102.12,3547.1,234.7,144.65,134.27,39.38,55.85,98.53,275.14
20261008,13:07:25,49449.4,44279.36,26694.19,17651.1,126.75,1900.82,494.38,482.14,556.74,110.74,166.34,205.34,91.65,150.44,273.32,122.08,193.76,293.31,3143.6,1664.14,470.03,79.84,244.71,1036.84,384.23,237.7,285.33,442.37,208.29,102.12,3548.18,234.7,144.65,134.27,39.38,55.85,98.53,275.11
20261008,13:07:30,49451.42,44281.08,26698.03,17654.69,126.73,1900.84,494.84,482.14,556.74,110.83,166.34,205.35,91.65,150.44,273.32,122.08,193.76,293.34,3143.65,1664.02,470.03,79.82,244.6,1037.45,384.29,237.7,285.33,442.36,208.26,102.11,3548.41,234.7,144.65,134.37,39.38,55.85,98.53,275.11
20261008,13:07:35,49451.86,44280.75,26699.96,17654.39,126.73,1898.0,494.93,482.14,556.7,110.83,166.34,205.33,91.65,150.65,273.32,122.08,193.9,293.32,3143.63,1663.99,470.02,79.82,244.85,1037.31,384.22,237.7,285.33,442.36,208.26,102.11,3549.09,234.38,144.65,134.37,39.38,55.85,98.81,275.13
20261008,13:07:40,49451.62,44280.94,26698.63,17654.26,126.73,1898.0,494.85,482.12,556.7,110.83,166.33,205.31,91.65,150.44,273.32,122.08,193.9,293.33,3143.65,1664.02,469.91,79.84,244.85,1037.29,384.54,237.7,285.32,442.36,208.29,102.11,3548.71,234.7,144.65,134.37,39.38,55.85,98.81,275.13
20261008,13:07:45,49450.75,44279.28,26702.06,17655.51,126.73,1900.84,494.92,482.1,556.59,110.84,166.34,205.3,91.66,150.44,273.32,122.07,193.9,293.31,3143.48,1663.88,470.03,79.86,244.75,1037.28,384.54,237.7,285.32,442.34,208.29,102.11,3549.45,234.7,144.65,134.37,39.38,55.85,98.81,275.13
20261008,13:07:50,49452.52,44280.98,26703.66,17657.26,126.73,1900.84,495.39,482.1,556.59,110.84,166.34,205.31,91.66,150.44,273.32,122.08,193.9,293.31,3143.58,1663.9,469.94,79.84,244.86,1037.43,384.67,237.7,285.32,442.37,208.14,102.11,3549.47,234.38,144.66,134.37,39.38,55.85,98.81,275.16
20261008,13:07:55,49456.27,44285.84,26700.81,17658.02,126.86,1900.84,495.39,482.1,556.66,110.84,166.34,205.3,91.66,150.44,273.32,122.06,193.9,293.31,3143.95,1664.12,470.02,79.82,244.86,1037.59,384.61,237.7,285.33,442.38,208.14,102.11,3548.37,234.38,144.65,134.37,39.38,55.85,98.81,275.26
20261008,13:08:00,49421.32,44252.22,26701.41,17660.2,126.73,1900.73,495.4,482.1,556.67,110.83,166.33,205.27,91.66,150.43,273.32,122.08,193.9,293.31,3141.19,1661.94,469.93,79.85,245.11,1037.56,384.61,237.7,285.33,442.39,208.4,102.11,3547.97,234.38,144.65,134.37,39.38,55.86,98.81,275.26
20261008,13:08:05,49456.34,44288.05,26695.93,17659.56,126.86,1898.0,495.4,482.23,556.67,110.83,166.33,205.27,91.66,150.64,273.44,121.96,193.87,293.32,3144.09,1664.34,470.08,79.85,245.14,1037.23,384.61,237.7,285.06,442.39,208.44,102.11,3546.43,234.38,144.65,134.37,39.38,55.85,98.81,275.29
20261008,13:08:10,49455.41,44284.19,26703.23,17658.09,126.73,1897.67,495.4,482.23,556.71,110.84,166.33,205.27,91.66,150.43,273.44,121.96,193.87,293.32,3143.82,1664.15,469.97,79.87,244.78,1037.23,384.69,237.7,285.33,442.42,208.29,102.11,3549.11,234.7,144.65,134.37,39.38,55.85,98.81,275.29
20261008,13:08:15,49450.39,44281.5,26694.16,17655.04,126.73,1897.67,495.4,482.23,556.71,110.82,166.13,205.27,91.5,150.64,273.44,121.96,193.87,293.32,3143.67,1664.13,470.15,79.86,244.78,1036.76,384.69,237.7,285.33,442.39,208.18,102.11,3547.11,234.7,144.65,134.37,39.38,55.85,98.81,275.29
20261008,13:08:20,49415.61,44247.19,26696.48,17656.27,126.73,1900.51,495.4,482.23,556.73,110.82,166.13,205.27,91.5,150.43,273.44,121.97,193.87,293.32,3140.88,1661.89,470.05,79.89,245.14,1036.75,384.61,237.72,285.34,442.45,208.21,102.11,3547.5,234.7,144.65,134.33,39.38,55.85,98.81,275.27
20261008,13:08:25,49452.28,44282.01,26700.25,17657.56,126.73,1900.61,495.22,482.23,556.66,110.82,166.34,205.28,91.66,150.43,273.44,121.97,193.87,293.3,3143.65,1664.06,470.04,79.88,245.12,1036.66,384.61,237.71,285.36,442.45,208.28,102.11,3548.32,234.7,144.65,134.33,39.38,55.85,98.81,275.22
20261008,13:08:30,49453.84,44283.37,26696.5,17652.74,126.73,1900.61,495.31,482.29,556.61,110.74,166.35,205.33,91.66,150.43,273.44,121.97,193.87,293.3,3143.88,1664.15,470.04,79.86,244.87,1036.83,384.53,237.73,285.65,442.39,208.25,102.11,3548.46,234.7,144.06,134.31,39.38,55.85,98.81,275.24
20261008,13:08:35,49449.85,44284.67,26682.23,17653.66,126.73,1900.61,494.76,482.29,556.74,110.74,166.34,205.31,91.66,150.43,273.44,122.07,193.87,293.28,3143.96,1664.28,469.99,79.86,245.12,1036.84,384.53,237.73,285.34,442.36,208.15,102.11,3543.76,234.7,144.65,134.31,39.38,55.85,98.81,275.29
20261008,13:08:40,49450.46,44284.48,26683.82,17652.87,126.73,1900.61,494.68,482.29,556.74,110.74,166.32,205.32,91.64,150.43,273.44,122.09,193.87,293.27,3143.97,1664.37,470.0,79.83,245.12,1036.26,384.53,237.73,285.65,442.36,208.12,102.11,3544.46,234.7,144.65,134.36,39.38,55.85,98.81,275.32
20261008,13:08:45,49450.14,44282.54,26690.56,17655.16,126.73,1900.61,495.15,482.29,556.74,110.74,166.33,205.32,91.64,150.43,273.44,121.95,193.87,293.27,3143.75,1664.15,470.05,79.86,245.12,1036.36,384.52,237.73,285.6,442.36,208.09,102.11,3545.95,234.7,144.65,134.37,39.38,55.85,98.81,275.32
20261008,13:08:50,49450.3,44279.58,26701.39,17657.2,126.73,1900.61,495.15,482.29,556.74,110.74,166.33,205.33,91.64,150.43,273.44,121.94,193.87,293.27,3143.47,1664.12,470.23,79.87,244.87,1036.22,384.52,237.73,285.28,442.44,208.2,102.11,3548.78,234.7,144.65,134.36,39.38,55.85,98.81,275.62
20261008,13:08:55,49452.39,44282.48,26698.98,17657.31,126.73,1899.19,495.23,482.31,556.76,110.84,166.32,205.29,91.64,150.43,273.44,122.06,193.87,293.27,3143.7,1664.05,470.23,79.84,245.12,1036.4,384.52,237.73,285.59,442.51,208.09,102.11,3548.0,234.7,144.65,134.36,39.38,55.86,98.81,275.62
20261008,13:09:00,49416.95,44247.65,26698.9,17656.23,126.73,1899.19,495.23,482.31,556.69,110.84,166.33,205.33,91.64,150.43,273.44,121.96,193.87,293.26,3140.92,1661.58,470.14,79.85,245.0,1037.55,384.52,237.74,285.6,442.45,208.08,102.11,3548.26,234.7,144.65,134.36,39.38,55.86,98.81,275.58
20261008,13:09:05,49454.64,44283.11,26702.36,17655.97,126.73,1899.19,495.25,482.23,556.67,110.76,166.33,205.33,91.64,150.43,273.44,121.95,193.9,293.27,3143.78,1664.13,470.14,79.87,245.0,1036.5,384.45,237.74,285.6,442.45,208.08,102.11,3549.42,234.7,144.65,134.33,39.38,55.86,98.81,275.59
20261008,13:09:10,49412.19,44244.79,26694.43,17657.05,126.73,1897.77,495.25,482.1,556.74,110.84,166.33,205.33,91.65,150.43,273.44,121.95,193.9,293.27,3140.67,1661.73,470.11,79.87,245.01,1036.52,384.44,237.74,285.6,442.45,208.23,102.11,3546.65,234.7,144.65,134.33,39.38,55.86,98.81,275.54
20261008,13:09:15,49411.68,44244.72,26690.03,17653.41,126.73,1897.77,494.71,482.1,556.73,110.84,166.33,205.32,91.65,150.21,273.44,122.07,193.87,293.27,3140.75,1661.76,470.01,79.83,245.12,1036.7,384.44,237.74,285.59,442.45,208.26,102.11,3546.26,234.7,144.65,134.33,39.38,55.86,98.53,275.59
20261008,13:09:20,49458.06,44287.38,26697.28,17653.25,126.73,1897.77,494.62,482.1,556.76,110.84,166.34,205.35,91.65,150.43,273.44,122.07,193.87,293.27,3144.19,1664.2,470.02,79.87,245.12,1037.3,384.38,237.74,285.59,442.45,208.26,102.11,3548.57,234.7,144.65,134.33,39.38,55.86,98.53,275.59
20261008,13:09:25,49455.84,44286.09,26696.8,17655.65,126.73,1897.77,495.16,482.1,556.75,110.84,166.34,205.37,91.65,150.43,273.44,122.06,193.87,293.27,3144.03,1664.13,469.85,79.84,245.13,1037.33,384.38,237.84,285.59,442.45,208.24,102.11,3547.76,234.38,144.65,134.36,39.38,55.86,98.53,275.28
20261008,13:09:30,49455.24,44284.66,26699.19,17655.55,126.73,1899.19,495.15,482.1,556.76,110.83,166.34,205.37,91.65,150.43,273.44,121.95,193.87,293.27,3143.91,1664.12,470.06,79.84,244.76,1037.08,384.39,237.85,285.69,442.51,208.24,102.11,3548.54,234.38,144.65,134.36,39.38,55.88,98.43,275.28
20261008,13:09:35,49453.86,44282.73,26701.01,17655.68,126.73,1899.35,495.15,482.07,556.76,110.83,166.36,205.37,91.66,150.43,273.44,121.95,193.87,293.27,3143.76,1663.99,469.98,79.84,244.7,1037.19,384.37,237.85,285.73,442.51,208.24,102.11,3549.07,234.38,144.65,134.36,39.38,55.87,98.43,275.28
20261008,13:09:40,49453.03,44282.33,26695.45,17650.65,126.73,1899.35,494.6,482.23,556.77,110.83,166.35,205.37,91.65,150.43,273.44,121.95,193.87,293.27,3143.85,1664.08,470.01,79.84,244.94,1037.05,384.37,237.85,285.59,442.51,208.12,102.11,3548.7,234.38,144.65,134.36,39.38,55.87,98.43,275.27
20261008,13:09:45,49448.33,44278.19,26696.67,17653.54,126.73,1899.35,494.69,482.23,556.66,110.83,166.35,205.34,91.66,150.43,273.44,122.07,193.87,293.27,3143.44,1663.91,470.02,79.84,244.94,1036.64,384.12,237.75,285.6,442.45,208.26,102.08,3548.3,234.73,144.65,134.36,39.38,55.87,98.43,275.27
20261008,13:09:50,49452.89,44281.88,26699.03,17653.73,126.73,1899.35,494.69,482.14,556.7,110.82,166.36,205.38,91.66,150.22,273.44,122.18,193.87,293.27,3143.74,1664.14,470.04,79.86,244.7,1036.78,384.2,237.75,285.61,442.45,208.23,102.08,3548.98,234.73,144.65,134.33,39.38,55.87,98.43,275.27
20261008,13:09:55,49448.83,44278.87,26694.51,17651.72,126.73,1900.88,494.6,482.14,556.68,110.82,166.34,205.38,91.65,150.22,273.44,121.94,193.84,293.28,3143.54,1664.17,470.1,79.88,244.84,1036.4,384.2,237.75,285.29,442.47,208.23,102.08,3548.12,234.73,144.65,134.33,39.38,55.86,98.43,275.29
20261008,13:10:00,49455.47,44285.37,26694.28,17651.53,126.73,1900.88,494.59,482.14,556.75,110.83,166.34,205.35,91.65,150.21,273.44,122.02,193.84,293.27,3144.07,1664.24,469.98,79.85,244.83,1037.22,384.21,237.75,285.6,442.46,208.14,102.08,3548.1,234.72,144.65,134.33,39.38,55.86,98.43,275.29
20261008,13:10:05,49455.32,44284.15,26701.42,17656.14,126.73,1900.88,495.14,482.19,556.75,110.83,166.34,205.35,91.65,150.43,273.44,122.06,193.84,293.29,3143.86,1664.12,470.03,79.86,244.83,1037.41,384.21,237.75,285.3,442.46,208.12,102.08,3549.07,234.72,144.65,134.36,39.38,55.86,98.43,275.29
20261008,13:10:10,49455.75,44284.37,26699.08,17652.8,126.73,1901.36,494.61,482.21,556.71,110.75,166.33,205.32,91.65,150.22,273.44,122.06,193.84,293.29,3143.96,1663.97,469.81,79.86,244.84,1037.92,384.28,237.75,285.62,442.46,208.23,102.08,3549.25,234.72,144.65,134.36,39.38,55.86,98.43,275.27
20261008,13:10:15,49453.99,44282.66,26698.33,17651.94,126.73,1901.36,495.15,482.21,556.71,110.75,166.33,205.32,91.64,150.22,273.56,122.04,193.84,293.28,3143.84,1664.19,469.81,79.86,244.57,1037.14,383.96,237.75,285.71,442.46,208.25,102.08,3549.25,234.72,144.06,134.36,39.38,55.86,98.43,275.27
20261008,13:10:20,49457.29,44288.77,26693.13,17655.63,126.73,1901.36,495.05,482.26,556.72,110.83,166.34,205.31,91.66,150.43,273.56,122.04,193.84,293.29,3144.24,1664.06,469.98,79.85,244.94,1037.93,384.28,237.75,285.71,442.46,208.14,102.08,3546.62,234.72,144.65,134.36,39.38,55.86,98.43,275.26
20261008,13:10:25,49455.17,44286.74,26686.32,17647.94,126.73,1901.36,494.6,482.21,556.79,110.82,166.34,205.32,91.66,150.22,273.56,121.91,193.84,293.29,3144.27,1663.95,470.09,79.86,244.95,1038.16,384.53,237.75,285.7,442.52,208.26,102.08,3546.58,234.72,144.06,134.36,39.38,55.87,98.43,275.26
20261008,13:10:30,49456.79,44288.2,26685.61,17646.72,126.73,1901.36,494.59,482.34,556.8,110.82,166.35,205.34,91.66,150.21,273.56,121.91,193.84,293.3,3144.41,1664.17,470.34,79.87,244.69,1038.21,384.45,237.75,285.39,442.49,208.11,102.08,3546.69,234.72,144.06,134.36,39.38,55.89,98.43,275.25
20261008,13:10:35,49458.42,44287.7,26691.01,17645.93,126.73,1901.36,494.43,482.41,556.83,110.82,166.33,205.28,91.65,150.21,273.56,121.91,193.84,293.3,3144.39,1663.98,470.23,79.87,244.94,1038.23,384.45,237.75,285.7,442.43,208.18,102.08,3548.59,234.72,144.07,134.35,39.38,55.89,98.43,275.17
20261008,13:10:40,49460.72,44292.67,26687.28,17650.81,126.73,1901.36,494.42,482.41,556.9,110.82,166.33,205.27,91.65,150.21,273.44,121.91,193.84,293.3,3144.68,1664.28,470.19,79.87,244.94,1038.03,384.45,237.75,285.7,442.43,208.18,102.08,3546.11,234.72,144.66,134.35,39.38,55.89,98.43,275.17
20261008,13:10:45,49455.76,44289.35,26682.33,17650.14,126.73,1901.36,494.34,482.34,556.89,110.83,166.32,205.27,91.65,150.21,273.44,121.9,193.87,293.3,3144.42,1664.2,470.17,79.89,244.83,1038.0,384.46,237.75,285.51,442.45,208.19,102.08,3544.74,234.72,144.66,134.35,39.38,55.89,98.43,275.17
20261008,13:10:50,49456.15,44289.37,26683.46,17650.26,126.73,1901.36,494.34,482.41,556.89,110.83,166.32,205.27,91.65,150.21,273.44,121.9,193.86,293.28,3144.42,1664.1,470.17,79.89,245.13,1038.3,384.46,237.75,285.29,442.41,208.22,102.05,3545.06,234.7,144.66,134.35,39.38,55.87,98.43,275.17
20261008,13:10:55,49456.06,44289.66,26682.05,17649.89,126.73,1901.36,494.97,482.41,556.89,110.75,166.32,205.27,91.65,150.43,273.44,121.89,193.84,293.29,3144.45,1663.99,470.17,79.91,245.12,1038.29,384.45,237.75,285.6,442.49,208.12,102.05,3544.72,234.74,144.07,134.29,39.38,55.86,98.43,275.47
20261008,13:11:00,49456.97,44288.15,26688.96,17649.83,126.73,1901.4,494.88,482.34,556.85,110.83,166.34,205.3,91.66,150.21,273.44,121.89,193.85,293.28,3144.33,1664.02,470.27,79.92,245.0,1038.28,384.45,237.75,285.29,442.45,208.2,102.05,3546.89,234.74,144.07,134.29,39.38,55.86,98.43,275.47
20261008,13:11:05,49458.4,44288.15,26691.02,17647.54,126.75,1901.4,494.34,482.4,556.85,110.83,166.34,205.31,91.66,150.43,273.44,121.89,193.81,293.28,3144.39,1664.03,470.16,79.92,244.87,1038.23,384.46,237.75,285.59,442.45,208.35,102.05,3548.16,234.74,144.07,134.29,39.38,55.86,98.43,275.42
20261008,13:11:10,49458.33,44287.77,26691.89,17647.52,126.75,1901.4,494.42,482.36,556.85,110.83,166.33,205.28,91.66,150.21,273.44,121.89,193.81,293.28,3144.36,1663.96,470.18,79.93,244.87,1038.33,384.48,237.75,285.6,442.42,208.34,102.05,3548.44,234.74,144.07,134.29,39.38,55.86,98.43,275.4
20261008,13:11:15,49457.24,44286.81,26692.6,17648.64,126.75,1901.44,494.42,482.34,556.84,110.75,166.13,205.29,91.5,150.21,273.44,121.9,193.83,293.28,3144.25,1663.85,470.08,79.95,245.0,1038.41,384.21,237.75,285.59,442.3,208.23,102.05,3548.35,234.74,144.66,134.29,39.38,55.85,98.43,275.4
20261008,13:11:20,49420.19,44252.87,26684.28,17646.3,126.75,1901.44,494.42,482.3,556.84,110.84,166.34,205.32,91.66,150.43,273.44,121.9,193.83,293.28,3141.58,1661.78,470.18,79.94,245.0,1038.36,384.21,237.75,285.6,442.3,208.19,102.05,3546.39,234.74,144.07,134.29,39.38,55.85,98.43,275.41
20261008,13:11:25,49461.81,44291.43,26693.58,17650.33,126.75,1901.44,494.42,482.3,556.89,110.85,166.35,205.34,91.66,150.21,273.44,121.9,193.83,293.28,3144.59,1664.12,470.06,79.95,244.99,1038.4,384.19,237.75,285.6,442.3,208.11,102.05,3548.2,234.74,144.66,134.29,39.38,55.87,98.44,275.39
20261008,13:11:30,49461.34,44291.03,26693.71,17650.68,126.75,1901.44,494.5,482.35,556.89,110.85,166.34,205.34,91.66,150.21,273.44,121.9,193.83,293.29,3144.55,1664.12,470.05,79.94,245.0,1038.39,384.51,237.75,285.51,442.27,208.11,102.05,3548.15,234.74,144.66,134.29,39.38,55.85,98.44,275.37
20261008,13:11:35,49459.4,44288.69,26692.58,17647.87,126.74,1901.44,494.96,482.28,556.89,110.86,166.32,205.29,91.65,150.21,273.44,121.9,193.83,293.29,3144.43,1663.96,470.21,79.99,245.0,1038.39,384.11,237.74,285.51,442.27,208.09,102.01,3548.56,234.73,144.07,134.29,39.38,55.85,98.44,275.07
20261008,13:11:40,49459.17,44287.78,26695.13,17648.52,126.74,1901.44,494.33,482.49,556.97,110.86,166.32,205.28,91.65,150.21,273.44,121.86,193.83,293.28,3144.34,1663.96,470.19,79.98,244.99,1038.24,384.14,237.74,285.51,442.27,208.11,102.01,3549.18,234.73,144.66,134.32,39.38,55.85,98.44,275.09
20261008,13:11:45,49459.26,44287.88,26696.52,17650.16,126.74,1901.44,494.33,482.49,556.97,110.85,166.34,205.35,91.65,150.21,273.56,121.89,193.83,293.29,3144.3,1663.98,470.06,79.99,244.88,1038.31,384.14,237.74,285.52,442.35,208.25,102.01,3549.17,234.73,144.66,134.22,39.38,55.85,98.44,275.09
20261008,13:11:50,49458.68,44289.69,26687.29,17647.49,126.74,1901.44,494.31,482.37,556.97,110.85,166.15,205.34,91.5,150.21,273.56,121.89,193.83,293.29,3144.51,1664.07,470.28,79.98,245.11,1038.12,384.14,237.75,285.51,442.4,208.19,102.01,3547.01,234.73,144.66,134.22,39.38,55.87,98.44,275.09
20261008,13:11:55,49416.43,44249.39,26685.53,17648.39,126.74,1900.03,494.86,482.37,556.97,110.85,166.35,205.36,91.65,150.21,273.56,121.89,193.84,293.29,3141.25,1661.63,470.01,79.99,245.11,1038.13,384.14,237.75,285.51,442.41,208.19,102.01,3546.21,234.73,144.07,134.22,39.38,55.87,98.44,275.12
20261008,13:12:00,49420.78,44250.65,26692.42,17646.34,126.74,1900.03,494.33,482.37,556.9,110.85,166.34,205.29,91.66,150.21,273.56,121.89,193.84,293.29,3141.4,1661.71,470.22,79.99,244.87,1038.24,384.21,237.75,285.51,442.46,208.39,102.01,3548.93,234.73,144.07,134.22,39.38,55.87,98.44,275.18
20261008,13:12:05,49414.81,44247.54,26688.56,17650.96,126.74,1901.44,494.95,482.37,556.91,110.86,166.35,205.34,91.66,150.21,273.44,121.89,193.84,293.3,3141.03,1661.52,470.11,80.01,245.0,1037.94,384.21,237.75,285.51,442.46,208.31,102.01,3546.46,234.73,144.07,134.22,39.38,55.87,98.44,275.2
20261008,13:12:10,49454.04,44285.86,26693.63,17657.1,126.74,1901.44,495.12,482.37,556.91,110.85,166.34,205.31,91.66,150.21,273.44,121.9,193.86,293.3,3143.97,1663.87,470.05,80.01,244.75,1037.9,384.18,237.75,285.55,442.44,208.35,102.01,3546.38,234.73,144.66,134.19,39.38,55.87,98.44,275.2
20261008,13:12:15,49450.56,44283.76,26689.35,17656.51,126.8,1901.44,495.58,482.5,556.91,110.85,166.34,205.29,91.66,150.21,273.44,121.93,193.86,293.32,3143.82,1663.97,469.87,80.01,244.86,1037.33,384.18,237.75,285.55,442.57,208.35,102.01,3545.21,234.73,144.07,134.19,39.38,55.87,98.44,275.2
20261008,13:12:20,49458.25,44289.23,26700.0,17661.97,126.8,1901.08,495.66,482.53,557.14,110.77,166.33,205.33,91.64,150.21,273.44,121.9,193.81,293.32,3144.13,1663.99,469.82,80.04,245.11,1037.78,384.18,237.75,285.54,442.57,208.33,102.01,3547.05,234.73,144.66,134.2,39.38,55.89,98.44,275.19
20261008,13:12:25,49460.51,44291.07,26696.13,17656.33,126.8,1901.08,495.06,482.53,557.14,110.85,166.36,205.39,91.66,150.21,273.44,121.9,193.81,293.32,3144.41,1664.22,470.05,80.04,244.86,1037.79,384.2,237.75,285.5,442.57,208.16,102.01,3547.37,234.73,144.66,134.2,39.38,55.89,98.44,275.14
20261008,13:12:30,49464.34,44295.72,26696.62,17659.95,126.8,1899.66,495.61,482.5,557.21,110.77,166.35,205.36,91.66,150.21,273.44,121.92,193.81,293.32,3144.7,1664.21,470.15,80.03,245.0,1037.89,384.14,237.75,285.81,442.6,208.19,102.01,3546.54,234.73,144.66,134.2,39.38,55.86,98.44,275.17
20261008,13:12:35,49464.36,44293.16,26703.51,17659.24,126.8,1899.66,495.6,482.5,557.14,110.77,166.38,205.43,91.67,150.42,273.44,121.9,193.81,293.33,3144.51,1664.01,470.2,80.02,244.99,1037.99,384.27,237.75,285.81,442.6,208.08,102.01,3548.89,234.73,144.66,134.2,39.38,55.87,98.44,275.17
20261008,13:12:40,49459.69,44290.88,26689.91,17651.19,126.8,1899.56,495.06,482.5,557.14,110.87,166.36,205.37,91.66,150.42,273.44,121.9,193.81,293.34,3144.52,1664.05,470.28,80.01,244.99,1037.85,384.27,237.75,285.81,442.55,208.11,102.01,3546.82,234.73,144.07,134.2,39.38,55.87,98.72,275.17
20261008,13:12:45,49421.08,44251.82,26698.3,17656.04,126.8,1899.56,495.6,482.16,557.14,110.87,166.36,205.35,91.66,150.42,273.44,121.9,193.81,293.34,3141.26,1661.53,470.26,79.99,244.88,1038.0,384.25,237.75,285.81,442.53,208.25,102.03,3548.13,234.73,144.07,134.2,39.38,55.87,98.72,275.14
20261008,13:12:50,49423.9,44254.93,26692.9,17651.02,126.93,1899.92,495.06,482.16,557.15,110.79,166.37,205.39,91.66,150.22,273.44,121.9,193.81,293.34,3141.63,1661.81,470.15,80.04,244.88,1038.07,384.21,237.75,285.81,442.52,208.13,102.03,3547.8,234.73,144.07,134.2,39.38,55.87,98.72,275.13
20261008,13:12:55,49463.72,44295.1,26687.67,17649.59,126.93,1899.92,494.52,482.16,557.43,110.87,166.35,205.33,91.66,150.22,273.44,121.93,193.81,293.32,3144.9,1664.16,470.16,80.06,245.1,1038.74,384.21,237.75,285.5,442.54,208.28,102.03,3546.56,234.74,144.07,134.2,39.38,55.87,98.72,275.13
20261008,13:13:00,49458.95,44291.01,26685.08,17648.48,126.8,1901.44,494.58,482.16,557.04,110.86,166.35,205.34,91.66,150.22,273.44,121.93,193.81,293.32,3144.6,1664.17,470.04,80.04,245.1,1037.78,384.21,237.75,285.8,442.49,208.24,102.03,3546.05,234.74,144.07,134.2,39.38,55.87,98.72,275.1
20261008,13:13:05,49459.1,44289.18,26697.52,17656.18,126.8,1901.48,495.05,482.16,557.04,110.78,166.35,205.35,91.66,150.22,273.44,121.92,193.81,293.32,3144.26,1663.93,470.15,80.03,245.13,1037.6,384.34,237.75,285.79,442.54,208.21,102.03,3547.85,234.74,144.66,134.2,39.38,55.87,98.72,275.11
20261008,13:13:10,49416.61,44248.47,26695.63,17656.32,126.8,1901.7,495.05,482.16,557.08,110.78,166.35,205.37,91.66,150.21,273.44,121.92,193.67,293.32,3140.98,1661.42,470.02,80.0,244.75,1038.45,384.33,237.75,285.47,442.6,208.25,102.03,3547.22,234.42,144.66,134.2,39.38,55.89,98.72,275.11
20261008,13:13:15,49455.13,44287.32,26687.88,17651.8,126.8,1901.7,494.51,482.21,557.04,110.86,166.33,205.29,91.66,150.0,273.44,121.92,193.63,293.31,3144.22,1663.83,470.15,80.02,244.76,1038.57,384.27,237.75,285.48,442.61,208.25,102.03,3546.03,234.42,144.66,134.16,39.38,55.87,98.73,275.12
20261008,13:13:20,49416.02,44249.24,26684.72,17648.27,126.8,1901.7,494.06,482.4,556.97,110.78,166.32,205.26,91.65,150.21,273.44,121.92,193.63,293.31,3141.24,1661.69,470.16,79.96,245.11,1037.9,383.95,237.75,285.48,442.67,208.25,102.03,3545.99,234.42,144.66,134.16,39.38,55.87,98.73,275.04
20261008,13:13:25,49407.18,44240.37,26684.34,17646.97,126.8,1900.28,494.05,482.43,556.97,110.78,166.32,205.26,91.65,150.21,273.44,121.92,193.63,293.31,3140.55,1661.37,470.01,79.97,244.64,1037.81,383.96,237.83,285.47,442.67,208.18,102.03,3546.23,234.42,144.66,134.16,39.37,55.87,98.73,275.04
20261008,13:13:30,49454.18,44284.0,26685.1,17640.61,126.74,1900.28,493.97,482.33,557.04,110.86,166.33,205.29,91.65,150.0,273.44,121.92,193.59,293.31,3144.22,1664.03,470.03,80.0,245.13,1037.85,383.98,237.83,285.47,442.67,208.08,102.03,3548.19,234.49,144.07,134.16,39.37,55.86,98.73,275.04
20261008,13:13:35,49457.15,44289.36,26684.14,17647.76,126.74,1900.28,493.97,482.33,557.04,110.86,166.33,205.29,91.66,150.0,273.44,122.04,193.59,293.31,3144.48,1664.05,469.99,79.99,245.13,1037.96,384.04,237.83,285.85,442.67,208.24,102.03,3545.95,234.49,144.66,134.16,39.37,55.86,98.73,275.05
20261008,13:13:40,49413.86,44246.96,26688.62,17652.16,126.87,1900.28,494.51,482.39,557.03,110.86,166.33,205.29,91.65,150.2,273.44,122.04,193.59,293.3,3140.96,1661.7,470.19,80.0,244.76,1037.41,383.98,237.83,285.49,442.68,208.22,102.03,3546.16,234.49,144.66,134.16,39.37,55.86,98.73,275.05
20261008,13:13:45,49449.42,44281.87,26682.82,17646.36,126.74,1900.28,493.97,482.39,557.03,110.79,166.32,205.27,91.65,149.98,273.44,122.02,193.64,293.33,3143.91,1664.07,469.99,79.99,244.77,1037.32,383.98,237.83,285.49,442.62,208.13,102.03,3545.92,234.49,144.65,134.18,39.37,55.86,98.73,275.05
20261008,13:13:50,49444.13,44280.15,26674.67,17648.47,126.74,1901.58,493.97,482.16,557.03,110.87,166.34,205.27,91.67,150.2,273.44,121.91,193.67,293.31,3143.72,1663.96,470.03,79.98,245.02,1037.01,383.92,237.83,285.48,442.62,208.24,102.03,3542.8,234.49,144.65,134.18,39.37,55.86,98.73,275.33
20261008,13:13:55,49448.72,44283.16,26678.21,17647.65,126.8,1901.58,493.97,482.2,556.87,110.79,166.33,205.25,91.66,149.98,273.44,121.92,193.69,293.31,3143.98,1663.85,470.01,79.98,245.13,1037.46,383.93,237.83,285.8,442.62,208.24,102.03,3544.13,234.49,144.65,134.18,39.37,55.86,98.73,275.33
20261008,13:14:00,49449.42,44284.71,26678.76,17651.18,126.8,1901.36,494.52,482.17,557.06,110.87,166.15,205.33,91.5,150.2,273.44,121.92,193.69,293.31,3144.02,1664.14,470.02,79.96,245.13,1037.03,383.91,237.83,285.54,442.66,208.26,102.03,3543.35,234.49,144.65,134.18,39.37,55.86,98.73,275.41
20261008,13:14:05,49455.72,44285.61,26683.3,17638.88,126.74,1899.94,493.97,482.16,556.85,110.87,166.14,205.33,91.49,150.0,273.44,121.92,193.69,293.3,3144.39,1664.07,470.14,79.98,245.01,1037.65,383.93,237.83,285.85,442.61,208.18,102.03,3548.1,234.49,144.06,134.18,39.37,55.86,98.73,275.1
20261008,13:14:10,49407.07,44240.77,26679.38,17642.96,126.87,1901.36,494.51,482.41,556.83,110.87,166.12,205.28,91.48,150.0,273.44,121.92,193.68,293.29,3140.68,1661.51,469.99,79.94,244.76,1037.62,383.86,237.83,285.53,442.65,208.11,102.03,3545.77,234.49,144.06,134.18,39.37,55.84,98.75,275.1
20261008,13:14:15,49403.36,44239.91,26672.32,17644.06,126.87,1901.36,493.88,482.33,556.83,110.79,166.13,205.3,91.48,150.0,273.44,121.92,193.89,293.29,3140.59,1661.42,470.11,79.94,244.76,1037.59,383.86,237.83,285.48,442.7,208.21,102.03,3543.26,234.42,144.65,134.17,39.37,55.84,98.75,275.11
20261008,13:14:20,49444.32,44277.04,26676.94,17640.06,126.87,1901.13,493.97,482.33,556.83,110.86,166.12,205.3,91.48,150.21,273.44,121.92,193.93,293.26,3143.67,1663.86,470.0,79.96,244.76,1037.42,383.88,237.83,285.53,442.51,208.18,102.02,3545.79,234.75,144.07,134.16,39.37,55.84,98.75,275.1
20261008,13:14:25,49412.54,44245.88,26681.57,17644.74,126.74,1899.71,493.88,482.44,556.61,110.86,166.31,205.25,91.64,150.0,273.44,121.92,193.93,293.26,3141.05,1661.61,470.01,79.95,244.88,1037.98,384.22,237.83,285.53,442.46,208.21,102.02,3545.97,234.75,144.66,134.16,39.37,55.84,98.75,275.14
20261008,13:14:30,49445.7,44280.2,26668.47,17636.4,126.74,1899.71,493.33,482.44,556.61,110.86,166.3,205.23,91.64,150.0,273.44,121.92,193.93,293.28,3144.02,1664.06,469.94,79.92,245.11,1037.69,384.22,237.82,285.3,442.54,208.24,101.99,3544.14,234.82,144.07,134.15,39.37,55.82,98.83,275.14
20261008,13:14:35,49401.06,44237.52,26663.29,17633.17,126.74,1901.13,493.33,482.18,556.65,110.86,166.11,205.26,91.48,150.2,273.44,121.92,193.93,293.05,3140.65,1661.34,470.02,79.92,244.88,1037.87,384.19,237.82,285.58,442.48,208.13,101.99,3543.4,234.82,144.07,134.15,39.37,55.82,98.83,275.09
20261008,13:14:40,49442.03,44275.3,26673.8,17638.08,126.74,1901.03,493.88,482.11,556.65,110.78,166.11,205.24,91.48,150.2,273.44,121.92,193.89,293.05,3143.58,1663.94,469.9,79.91,245.11,1036.81,383.88,237.81,285.57,442.54,208.25,101.99,3545.35,234.82,144.07,134.15,39.37,55.83,98.83,275.11
20261008,13:14:45,49398.77,44232.25,26677.28,17639.08,126.74,1901.13,493.89,482.11,556.92,110.78,166.1,205.23,91.48,150.2,273.44,121.92,193.86,293.05,3140.09,1661.46,470.1,79.89,244.76,1036.57,384.2,237.81,285.31,442.54,208.25,101.99,3546.16,234.82,144.07,134.15,39.37,55.84,98.83,275.11
20261008,13:14:50,49430.0,44266.38,26660.2,17631.8,126.74,1899.71,493.26,482.11,556.92,110.78,166.1,205.23,91.48,149.99,273.44,121.92,193.88,293.05,3143.01,1663.59,470.09,79.91,244.87,1036.49,384.2,237.82,285.58,442.59,208.11,101.99,3542.8,234.5,144.07,134.15,39.37,55.84,98.83,275.09
20261008,13:14:55,49400.73,44234.9,26670.92,17634.25,126.74,1899.71,493.34,482.11,556.89,110.86,166.1,205.24,91.48,149.99,273.44,121.93,193.88,293.05,3140.42,1661.46,470.09,79.88,245.11,1036.77,383.9,237.82,285.58,442.59,208.28,101.99,3545.49,234.5,144.07,134.15,39.37,55.84,98.83,275.09
20261008,13:15:00,49436.09,44268.87,26669.75,17631.27,126.74,1899.36,492.8,482.25,556.74,110.78,166.27,205.15,91.63,149.99,273.44,121.93,193.88,293.05,3143.23,1663.88,470.09,79.89,244.86,1036.73,383.9,237.82,285.17,442.63,208.27,101.99,3545.93,234.5,144.07,134.15,39.37,55.84,98.83,275.05
20261008,13:15:05,49394.28,44231.22,26664.15,17635.17,126.74,1899.36,493.34,482.58,556.74,110.78,166.29,205.24,91.63,150.2,273.44,121.91,193.86,293.05,3140.1,1661.35,470.15,79.89,244.86,1036.7,383.9,237.96,285.43,442.65,208.16,101.99,3543.12,234.5,144.07,134.14,39.37,55.88,98.83,275.03
20261008,13:15:10,49444.64,44275.75,26683.32,17642.04,126.74,1900.78,493.25,482.58,556.74,110.86,166.29,205.22,91.64,150.21,273.44,121.91,193.86,293.05,3143.52,1663.82,470.03,79.87,245.11,1037.06,384.2,237.71,285.46,442.66,208.24,101.99,3547.25,234.5,144.66,134.24,39.37,55.88,98.83,275.33
20261008,13:15:15,49447.27,44278.7,26681.84,17641.64,126.74,1900.9,493.26,482.58,556.76,110.86,166.3,205.23,91.64,150.0,273.44,122.03,193.89,293.06,3143.77,1664.03,469.93,79.84,244.98,1037.34,383.88,237.71,285.47,442.66,208.12,101.99,3546.89,234.5,144.66,134.24,39.37,55.87,98.83,275.36
20261008,13:15:20,49446.51,44277.66,26680.55,17639.15,126.87,1901.27,493.35,482.59,556.64,110.86,166.29,205.21,91.64,150.0,273.8,122.03,193.89,293.06,3143.75,1664.07,469.96,79.86,244.85,1037.49,384.45,237.96,285.16,442.66,208.25,101.97,3547.17,234.5,144.07,134.23,39.37,55.88,98.83,275.39
20261008,13:15:25,49440.11,44273.9,26672.08,17637.69,126.8,1901.28,493.25,482.59,556.64,110.86,166.3,205.23,91.64,150.21,273.8,122.03,193.91,293.05,3143.48,1663.8,469.98,79.87,245.07,1037.34,384.5,237.96,285.25,442.66,208.16,102.03,3544.92,234.5,144.07,134.23,39.37,55.86,98.83,275.39
20261008,13:15:30,49449.68,44281.24,26685.27,17646.22,126.8,1901.28,493.43,482.34,556.64,110.86,166.31,205.25,91.65,150.21,273.8,122.01,193.96,293.05,3143.86,1663.99,469.98,79.89,244.81,1037.51,384.18,237.96,285.55,442.57,208.45,102.03,3546.72,234.5,144.66,134.24,39.37,55.86,98.83,275.39
20261008,13:15:35,49444.65,44276.64,26678.8,17639.79,126.93,1901.51,493.42,482.34,556.66,110.86,166.31,205.22,91.65,150.0,273.44,122.01,193.92,293.05,3143.65,1663.86,470.03,79.86,244.81,1037.39,384.24,237.96,285.56,442.63,208.27,102.03,3546.45,234.5,144.07,134.24,39.37,55.86,98.83,275.41
20261008,13:15:40,49448.18,44279.52,26681.34,17640.83,126.93,1901.04,493.43,482.59,556.73,110.86,166.31,205.22,91.65,150.21,273.44,122.01,193.96,293.04,3143.86,1664.0,469.9,79.84,245.06,1037.37,384.5,237.96,285.56,442.63,208.3,102.0,3546.96,234.5,144.07,134.26,39.37,55.87,98.83,275.41
20261008,13:15:45,49405.45,44237.66,26678.37,17636.69,126.8,1901.04,492.97,482.58,556.59,110.86,166.32,205.25,91.65,150.0,273.44,122.01,193.96,293.04,3140.58,1661.44,470.01,79.92,245.06,1037.27,383.97,237.96,285.56,442.63,208.32,102.02,3547.15,234.5,144.07,134.26,39.37,55.87,98.83,275.41
20261008,13:15:50,49409.67,44241.39,26685.16,17643.21,126.81,1901.04,493.34,482.59,556.59,110.86,166.33,205.32,91.65,150.0,273.8,122.01,193.96,293.01,3140.72,1661.43,470.34,79.84,244.83,1038.11,383.65,237.82,285.25,442.57,208.3,102.02,3547.51,234.5,144.66,134.24,39.37,55.87,98.83,275.12
20261008,13:15:55,49450.37,44281.23,26678.45,17636.08,126.81,1901.04,492.88,482.59,556.67,110.94,166.33,205.32,91.65,150.0,273.8,122.02,193.96,293.05,3144.11,1663.91,470.28,79.82,245.06,1038.0,383.65,237.82,285.57,442.64,208.33,102.02,3547.34,234.46,144.07,134.24,39.37,55.87,98.83,275.12
20261008,13:16:00,49413.03,44243.94,26688.65,17644.82,126.81,1901.04,493.42,482.51,556.63,110.93,166.33,205.29,91.65,149.98,273.8,122.02,193.91,293.06,3140.89,1661.67,470.22,79.81,244.81,1038.0,383.97,237.82,285.18,442.6,208.31,102.02,3548.16,234.78,144.66,134.24,39.37,55.87,98.83,275.14
20261008,13:16:05,49412.02,44241.22,26689.39,17639.85,126.94,1901.2,492.97,482.67,556.73,110.85,166.32,205.23,91.66,150.0,273.8,122.02,193.91,293.06,3140.79,1661.55,470.23,79.82,244.58,1037.88,383.97,237.82,285.51,442.6,208.46,102.09,3549.74,234.78,144.07,134.24,39.36,55.87,98.83,275.47
20261008,13:16:10,49401.88,44233.7,26683.59,17641.06,126.94,1899.8,492.88,482.67,556.77,110.87,166.32,205.24,91.66,150.0,273.8,122.01,193.91,293.06,3140.16,1661.51,470.31,79.83,244.59,1036.47,383.99,237.82,285.47,442.62,208.29,102.09,3547.6,234.78,144.66,134.24,39.36,55.87,98.83,275.15
20261008,13:16:15,49446.78,44277.17,26679.19,17635.06,126.94,1901.22,492.87,482.67,556.48,110.87,166.32,205.24,91.65,150.22,273.8,122.03,193.93,293.09,3143.8,1664.08,470.22,79.83,244.95,1036.92,384.24,237.82,285.47,442.56,208.2,102.06,3547.85,234.78,144.07,134.24,39.36,55.87,98.83,275.08
20261008,13:16:20,49447.58,44279.66,26681.2,17643.13,126.81,1901.22,493.41,482.72,556.48,110.86,166.32,205.24,91.66,150.01,273.92,122.03,193.93,293.11,3143.81,1664.12,470.19,79.82,244.95,1036.9,384.34,237.82,285.43,442.56,208.22,101.99,3546.29,234.78,144.66,134.21,39.36,55.87,98.83,275.05
20261008,13:16:25,49442.35,44273.4,26680.59,17638.5,126.75,1901.22,493.39,482.8,556.61,110.86,166.31,205.21,91.66,150.02,273.92,122.04,193.93,293.11,3143.42,1664.05,470.15,79.8,244.7,1036.46,384.01,237.8,285.52,442.6,208.08,101.99,3547.35,234.78,144.06,134.3,39.36,55.87,98.83,275.36
20261008,13:16:30,49402.03,44233.82,26678.63,17635.27,126.88,1901.22,492.85,482.8,556.77,110.86,166.31,205.27,91.64,150.01,273.92,121.92,193.91,293.14,3140.31,1661.49,470.15,79.81,244.96,1036.67,384.02,237.94,285.52,442.64,208.13,101.99,3547.62,234.76,144.06,134.27,39.36,55.87,98.83,275.42
20261008,13:16:35,49445.24,44275.64,26684.45,17641.03,126.94,1901.22,493.41,482.55,556.75,110.85,166.34,205.29,91.66,150.01,273.92,122.04,193.91,293.14,3143.54,1664.04,470.13,79.81,244.82,1036.76,384.0,237.95,285.43,442.59,208.24,101.99,3547.88,234.76,144.07,134.27,39.36,55.85,98.83,275.42
20261008,13:16:40,49403.97,44235.61,26685.54,17642.89,126.81,1901.22,492.86,482.8,556.79,110.93,166.33,205.26,91.66,150.01,273.8,122.04,193.91,293.14,3140.27,1661.72,470.09,79.81,244.82,1036.58,384.0,237.82,285.12,442.62,208.34,101.99,3547.71,234.76,144.66,134.3,39.36,55.85,98.83,275.38
20261008,13:16:45,49441.09,44271.57,26684.68,17641.18,126.94,1901.22,493.41,482.77,556.79,110.93,166.33,205.28,91.66,150.01,273.8,122.04,193.91,293.14,3143.21,1663.9,470.0,79.78,244.73,1036.66,384.25,237.8,285.43,442.57,208.2,102.06,3547.9,234.76,144.07,134.3,39.36,55.85,98.83,275.38
20261008,13:16:50,49402.05,44235.96,26681.39,17645.55,126.81,1901.19,493.41,482.77,556.78,110.93,166.33,205.27,91.66,150.01,273.8,122.04,193.96,293.14,3140.23,1661.55,470.02,79.81,245.08,1036.43,384.24,237.8,285.43,442.57,208.2,102.06,3545.69,234.76,144.66,134.3,39.36,55.85,98.83,275.38
20261008,13:16:55,49446.83,44279.3,26686.14,17650.04,126.81,1901.19,494.56,482.77,556.79,110.93,166.35,205.33,91.66,150.22,273.8,122.04,193.93,293.13,3143.62,1663.88,470.13,79.82,245.08,1037.1,383.9,237.8,285.52,442.67,208.21,102.06,3545.96,234.81,144.07,134.3,39.36,55.84,98.83,275.39
20261008,13:17:00,49448.55,44282.11,26680.48,17647.32,126.94,1901.41,494.02,482.75,556.79,110.93,166.33,205.27,91.66,150.01,273.8,122.04,193.85,293.11,3143.91,1663.99,470.21,79.82,244.97,1037.37,383.98,237.8,285.57,442.67,208.34,102.06,3544.93,234.81,144.07,134.3,39.36,55.85,98.83,275.41
20261008,13:17:05,49451.91,44282.52,26693.3,17652.47,126.81,1901.46,494.09,482.75,556.82,110.92,166.33,205.27,91.66,150.01,273.8,122.04,193.85,293.09,3143.82,1664.04,470.15,79.82,244.83,1037.2,383.9,237.8,285.57,442.67,208.36,102.06,3547.53,234.81,144.66,134.3,39.36,55.85,98.83,275.45
20261008,13:17:10,49451.88,44280.17,26695.09,17646.76,126.81,1901.46,494.01,482.67,556.76,110.86,166.33,205.28,91.66,150.01,273.8,122.03,193.9,293.09,3143.77,1664.06,470.06,79.82,244.83,1037.11,383.9,237.8,285.57,442.67,208.36,102.06,3549.64,234.81,144.06,134.31,39.36,55.85,98.83,275.45
20261008,13:17:15,49444.59,44275.21,26691.11,17649.33,126.81,1901.46,494.11,482.67,556.86,110.86,166.14,205.3,91.5,150.01,273.92,122.03,193.9,293.09,3143.3,1663.9,470.08,79.79,244.82,1036.52,384.16,237.8,285.58,442.67,208.24,102.06,3547.7,234.81,144.66,134.31,39.36,55.83,98.83,275.45
20261008,13:17:20,49443.01,44276.3,26679.97,17645.36,126.81,1901.46,494.27,482.66,556.91,110.86,166.16,205.3,91.51,150.02,273.92,122.04,193.9,293.52,3143.49,1664.05,470.08,79.78,244.95,1036.81,384.16,237.8,285.27,442.7,208.06,101.99,3545.3,234.81,144.06,134.32,39.36,55.83,98.83,275.45
20261008,13:17:25,49405.32,44238.29,26685.79,17647.75,126.81,1901.46,494.81,482.33,556.91,110.86,166.15,205.32,91.5,150.02,273.8,122.04,193.75,293.54,3140.37,1661.56,470.16,79.8,244.71,1036.94,383.58,237.8,285.48,442.74,208.05,101.99,3546.47,234.81,144.06,134.32,39.36,55.83,98.83,275.15
20261008,13:17:30,49408.37,44240.27,26684.21,17642.63,126.82,1901.46,494.12,482.33,556.86,110.84,166.13,205.25,91.5,150.23,273.8,122.04,193.75,293.54,3140.65,1661.41,470.39,79.79,244.71,1037.85,383.58,237.82,285.49,442.74,208.05,102.0,3547.36,234.81,144.06,134.32,39.36,55.83,98.83,275.15
20261008,13:17:35,49446.41,44277.15,26685.33,17643.27,126.82,1900.05,494.18,482.22,556.94,110.94,166.16,205.29,91.51,150.02,273.8,122.04,193.75,293.5,3143.61,1663.9,470.32,79.8,244.95,1037.03,383.59,237.82,285.49,442.71,208.12,102.0,3547.54,234.88,144.06,134.28,39.36,55.83,98.83,275.09
20261008,13:17:40,49411.38,44242.86,26690.85,17649.09,126.82,1900.22,494.18,482.26,556.87,110.93,166.17,205.35,91.51,150.02,273.62,122.04,193.73,293.5,3140.7,1661.71,470.27,79.79,244.82,1037.05,383.92,237.82,285.49,442.67,208.23,102.0,3547.69,234.88,144.66,134.28,39.36,55.84,98.83,275.1
20261008,13:17:45,49451.78,44281.92,26693.13,17650.7,126.82,1900.27,494.27,482.26,556.87,110.85,166.16,205.33,91.51,150.02,273.62,122.04,193.77,293.51,3143.81,1664.14,470.27,79.82,244.82,1036.9,383.59,237.82,285.51,442.65,208.37,102.0,3547.96,234.88,144.66,134.28,39.36,55.84,98.83,275.1
20261008,13:17:50,49407.48,44238.54,26689.67,17645.99,126.82,1899.9,494.21,482.26,556.76,110.84,166.35,205.27,91.67,150.02,273.62,122.04,193.77,293.5,3140.43,1661.45,470.37,79.76,244.95,1037.04,383.92,237.82,285.48,442.62,208.22,102.0,3548.16,234.9,144.06,134.19,39.36,55.83,98.83,275.39
20261008,13:17:55,49405.63,44238.7,26689.35,17652.22,126.83,1900.27,494.66,482.51,556.8,110.83,166.17,205.33,91.51,150.02,273.62,122.04,193.91,293.5,3140.29,1661.52,470.33,79.78,244.96,1036.9,383.85,237.82,285.17,442.67,208.15,102.0,3546.37,234.9,144.66,134.19,39.36,55.83,98.83,275.4
20261008,13:18:00,49406.12,44239.16,26687.22,17649.69,126.77,1901.69,494.74,482.71,556.76,110.84,166.16,205.31,91.51,150.02,273.62,122.03,193.77,293.52,3140.39,1661.5,470.28,79.78,244.71,1037.02,384.15,237.82,285.48,442.72,208.27,102.0,3546.39,234.9,144.06,134.19,39.36,55.83,98.83,275.43
20261008,13:18:05,49405.66,44237.42,26691.82,17650.69,126.9,1901.69,494.19,482.58,556.8,110.84,166.17,205.33,91.51,150.02,273.8,121.91,193.77,293.49,3140.23,1661.58,470.22,79.77,244.96,1036.68,383.84,237.82,285.17,442.75,208.38,102.0,3547.55,234.57,144.66,134.19,39.36,55.83,98.83,275.43
20261008,13:18:10,49410.63,44242.2,26694.67,17653.71,126.9,1900.27,494.73,482.58,556.71,110.92,166.15,205.28,91.51,150.23,273.8,121.89,193.77,293.5,3140.54,1661.33,470.16,79.76,245.07,1037.76,383.84,237.82,285.48,442.7,208.34,102.0,3547.62,234.9,144.66,134.19,39.36,55.83,98.64,275.41
20261008,13:18:15,49400.61,44234.11,26681.53,17644.21,126.9,1901.7,494.1,482.4,556.71,110.84,166.15,205.29,91.51,150.02,273.8,122.03,193.77,293.49,3140.11,1661.21,470.16,79.77,244.83,1037.27,384.17,237.82,285.47,442.67,208.34,102.0,3546.1,234.88,144.06,134.19,39.36,55.81,98.64,275.14
20261008,13:18:20,49445.08,44276.94,26687.8,17649.75,126.83,1901.6,494.18,482.58,556.71,110.84,166.17,205.33,91.51,150.02,273.8,122.02,193.77,293.48,3143.43,1663.82,470.06,79.75,244.99,1037.18,383.84,237.82,285.48,442.69,208.36,102.0,3546.55,234.88,144.66,134.19,39.36,55.82,98.64,275.14
20261008,13:18:25,49400.31,44235.27,26676.99,17643.84,126.83,1901.6,494.1,482.65,556.47,110.84,166.17,205.32,91.51,150.22,273.8,122.02,193.88,293.48,3140.22,1661.29,470.06,79.75,244.73,1037.56,383.86,237.82,285.48,442.75,208.28,102.0,3544.78,234.55,144.06,134.19,39.35,55.82,98.64,275.48
20261008,13:18:30,49396.72,44233.76,26664.44,17636.08,126.9,1901.31,493.47,482.32,556.62,110.86,166.18,205.38,91.51,150.01,273.8,122.02,193.73,292.81,3140.28,1661.34,470.11,79.72,244.82,1037.56,383.84,237.72,285.43,442.73,208.21,102.0,3542.97,234.56,144.06,134.19,39.35,55.82,98.64,275.18
20261008,13:18:35,49406.7,44238.22,26680.92,17637.38,126.9,1901.31,493.56,482.6,556.76,110.84,166.18,205.37,91.51,150.01,273.8,122.02,193.73,292.81,3140.61,1661.58,470.09,79.75,244.71,1037.59,384.17,237.58,285.44,442.72,208.21,102.0,3547.76,234.56,144.06,134.18,39.35,55.82,98.64,275.18
20261008,13:18:40,49401.98,44235.63,26677.11,17639.75,126.9,1901.08,493.57,482.61,556.74,110.92,166.39,205.39,91.68,150.01,273.8,122.03,193.73,292.82,3140.34,1661.32,470.1,79.74,244.97,1037.66,384.17,237.58,285.35,442.71,208.21,102.0,3545.93,234.55,144.06,134.18,39.35,55.82,98.64,275.15
20261008,13:18:45,49441.37,44274.63,26679.02,17644.0,126.77,1901.09,494.11,482.36,556.81,110.92,166.37,205.37,91.67,150.01,273.8,122.02,193.73,292.82,3143.38,1663.96,470.24,79.78,244.58,1036.88,384.16,237.58,285.35,442.71,208.21,102.0,3545.37,234.59,144.06,134.18,39.35,55.82,98.64,275.44
20261008,13:18:50,49445.68,44278.6,26678.8,17642.99,126.77,1901.42,494.12,482.69,556.82,110.84,166.37,205.35,91.67,150.01,273.8,122.02,193.69,292.81,3143.73,1663.92,470.25,79.76,244.82,1037.63,384.16,237.58,285.35,442.69,208.11,102.0,3545.58,234.59,144.06,134.15,39.35,55.82,98.64,275.41
20261008,13:18:55,49406.71,44241.18,26677.17,17642.98,126.9,1901.42,493.49,482.66,556.82,110.85,166.36,205.37,91.66,150.22,273.8,121.9,193.69,292.82,3140.71,1661.52,470.24,79.75,244.95,1037.79,384.16,237.58,285.35,442.69,208.12,102.03,3545.07,234.59,144.66,134.15,39.35,55.8,98.64,275.39
20261008,13:19:00,49402.39,44236.58,26679.53,17644.38,126.77,1901.5,493.59,482.66,556.74,110.85,166.33,205.25,91.66,150.01,273.68,122.02,193.69,292.85,3140.31,1661.58,470.24,79.74,244.77,1037.08,384.16,237.58,285.13,442.67,208.18,102.03,3545.43,234.92,144.66,134.15,39.35,55.82,98.64,275.39
20261008,13:19:05,49440.0,44272.48,26677.55,17639.6,126.77,1902.69,493.49,482.55,556.66,110.92,166.34,205.27,91.66,150.01,273.68,122.02,193.69,292.85,3143.32,1663.97,470.24,79.73,244.72,1036.73,383.82,237.58,285.35,442.71,208.2,102.03,3546.11,234.92,144.06,134.15,39.35,55.82,98.64,275.39
20261008,13:19:10,49402.67,44238.55,26673.52,17643.16,126.77,1901.23,493.57,482.57,556.62,110.92,166.33,205.26,91.66,150.02,273.68,121.9,193.73,292.86,3140.5,1661.59,470.15,79.74,245.09,1036.89,384.14,237.58,285.46,442.71,208.2,102.03,3543.88,234.92,144.66,134.05,39.35,55.82,98.64,275.39
20261008,13:19:15,49435.28,44269.67,26668.42,17635.06,126.77,1901.23,493.02,482.57,556.66,110.92,166.34,205.29,91.66,150.02,273.68,121.9,193.73,292.86,3143.2,1663.81,470.0,79.74,244.83,1036.94,383.81,237.58,285.45,442.76,208.22,102.03,3544.49,234.92,144.06,134.15,39.35,55.8,98.64,275.39
20261008,13:19:20,49437.98,44273.07,26670.82,17640.42,126.96,1901.43,493.65,482.57,556.66,110.83,166.34,205.29,91.67,150.02,273.68,122.02,193.72,292.86,3143.35,1663.87,470.03,79.74,244.71,1037.16,383.81,237.58,285.46,442.76,208.26,102.03,3543.78,234.92,144.06,134.15,39.35,55.82,98.64,275.09
20261008,13:19:25,49405.57,44241.6,26674.09,17644.54,126.9,1901.43,493.47,482.69,556.72,110.91,166.34,205.27,91.67,150.02,273.68,122.02,193.86,292.88,3140.71,1661.63,470.26,79.72,244.96,1037.29,383.83,237.82,285.51,442.7,208.27,102.03,3543.69,234.92,144.66,134.15,39.35,55.82,98.64,275.09
20261008,13:19:30,49440.93,44275.84,26671.97,17641.4,126.96,1902.85,493.47,482.67,556.95,110.91,166.34,205.28,91.67,150.02,273.86,122.0,193.68,292.88,3143.54,1664.08,470.1,79.71,244.73,1036.75,384.17,237.92,285.56,442.7,208.3,102.03,3543.88,234.9,144.06,134.15,39.35,55.84,98.64,275.09
20261008,13:19:35,49441.45,44274.87,26683.2,17649.35,126.71,1901.76,494.1,482.42,556.84,110.9,166.35,205.32,91.67,150.02,273.98,121.88,193.68,292.88,3143.28,1663.91,470.23,79.73,244.94,1036.75,383.93,237.92,285.24,442.79,208.4,102.03,3545.23,234.9,144.66,134.15,39.35,55.81,98.64,275.14
20261008,13:19:40,49444.01,44277.23,26676.07,17640.69,126.71,1901.76,493.48,482.42,556.91,110.91,166.37,205.36,91.67,150.02,273.98,121.96,193.68,292.87,3143.67,1664.01,470.23,79.74,244.95,1036.98,383.83,238.06,285.54,442.77,208.35,102.03,3545.35,234.9,144.06,134.15,39.35,55.82,98.64,275.19
20261008,13:19:45,49440.73,44273.72,26682.89,17647.52,126.71,1901.76,493.65,482.59,557.0,110.83,166.36,205.33,91.67,150.02,273.98,121.97,193.68,292.86,3143.23,1663.78,470.22,79.72,244.7,1036.99,384.18,238.06,285.41,442.7,208.35,102.03,3545.63,234.9,144.66,134.15,39.35,55.8,98.64,275.5
20261008,13:19:50,49438.65,44271.53,26678.47,17641.89,126.84,1901.76,493.56,482.59,557.05,110.83,166.35,205.28,91.67,150.01,273.98,121.99,193.83,292.86,3143.19,1663.71,470.23,79.73,244.72,1037.12,383.85,238.06,285.42,442.7,208.24,102.03,3545.77,234.9,144.06,134.15,39.35,55.82,98.64,275.5
20261008,13:19:55,49399.12,44231.28,26683.46,17641.82,126.84,1901.76,493.55,482.51,557.04,110.91,166.36,205.3,91.67,150.01,273.98,121.99,193.83,292.83,3139.94,1661.34,470.06,79.72,244.95,1037.12,383.85,238.06,285.09,442.72,208.24,102.09,3547.35,234.92,144.06,134.12,39.35,55.8,98.64,275.48
20261008,13:20:00,49440.48,44275.3,26672.22,17641.33,126.71,1901.76,493.47,482.57,557.04,110.91,166.37,205.34,91.67,150.01,273.98,121.86,193.64,292.83,3143.5,1663.9,470.14,79.72,244.96,1037.12,383.85,238.06,285.45,442.72,208.39,102.09,3543.97,234.92,144.06,134.12,39.35,55.8,98.64,275.48
20261008,13:20:05,49438.22,44268.35,26686.14,17641.48,126.71,1901.53,493.56,482.39,556.8,110.82,166.52,205.24,91.82,150.23,273.98,121.99,193.48,292.84,3142.94,1663.97,470.19,79.69,244.68,1035.9,383.85,238.07,285.4,442.71,208.33,102.09,3548.28,234.59,144.06,134.14,39.35,55.82,98.66,275.1
20261008,13:20:10,49435.09,44267.69,26679.37,17641.68,126.71,1900.11,493.57,482.23,556.8,110.82,166.52,205.24,91.82,150.01,273.98,121.97,193.48,292.85,3142.88,1663.96,470.07,79.69,244.54,1035.87,384.16,238.06,285.5,442.71,208.5,102.09,3546.11,234.59,144.06,134.14,39.35,55.8,98.66,275.06
20261008,13:20:15,49440.25,44272.62,26677.61,17639.29,126.71,1901.53,493.48,482.46,556.8,110.84,166.53,205.26,91.82,150.01,273.98,121.97,193.49,292.82,3143.34,1664.1,470.03,79.71,244.9,1036.23,383.8,238.06,285.54,442.68,208.26,102.09,3546.21,234.59,144.06,134.04,39.35,55.8,98.66,275.06
20261008,13:20:20,49437.95,44273.14,26674.36,17644.83,126.71,1901.53,494.02,482.46,556.77,110.84,166.54,205.27,91.83,150.01,273.98,121.97,193.49,292.85,3143.25,1663.97,469.98,79.72,244.64,1036.66,383.85,238.06,285.54,442.68,208.39,102.09,3543.69,234.57,144.06,134.04,39.35,55.8,98.83,275.06
20261008,13:20:25,49444.99,44278.75,26676.19,17642.74,126.71,1901.53,493.56,482.46,557.22,110.84,166.52,205.24,91.82,149.99,273.98,121.97,193.49,292.88,3143.75,1664.1,470.06,79.73,244.65,1037.29,383.85,238.06,285.56,442.67,208.34,102.09,3544.83,234.9,144.06,134.05,39.35,55.8,98.83,275.06
20261008,13:20:30,49442.48,44274.86,26678.15,17640.15,126.83,1901.53,493.56,482.08,556.91,110.84,166.53,205.29,91.82,149.99,273.98,121.94,193.49,292.89,3143.5,1664.06,470.0,79.69,244.52,1037.08,383.93,238.09,285.55,442.73,208.18,102.09,3546.15,234.9,144.06,134.05,39.33,55.8,98.83,275.05
20261008,13:20:35,49439.34,44271.16,26679.97,17640.1,126.83,1900.11,493.56,482.21,556.89,110.84,166.55,205.29,91.83,149.99,273.98,121.94,193.49,292.89,3143.2,1663.97,470.16,79.67,244.77,1036.33,383.86,238.09,285.55,442.67,208.18,102.09,3546.73,234.57,144.05,134.05,39.33,55.82,98.83,275.36
20261008,13:20:40,49400.84,44232.84,26685.22,17643.46,126.83,1900.11,493.46,482.21,557.0,110.84,166.35,205.29,91.67,149.99,273.98,121.94,193.45,292.86,3140.03,1661.64,470.01,79.71,244.77,1036.09,383.53,238.09,285.55,442.67,208.36,102.09,3547.46,234.57,144.66,134.05,39.33,55.8,98.83,275.17
20261008,13:20:45,49441.15,44272.98,26682.94,17643.71,126.95,1900.11,494.08,482.21,556.95,110.75,166.38,205.38,91.67,150.0,274.1,121.94,193.45,292.87,3143.26,1663.99,470.27,79.68,244.66,1036.39,383.53,238.09,285.55,442.71,208.36,102.12,3546.67,234.57,144.06,134.03,39.34,55.82,98.83,275.17
20261008,13:20:50,49446.7,44278.44,26687.87,17649.56,126.95,1901.53,494.07,482.46,557.02,110.74,166.38,205.41,91.67,150.0,274.1,121.96,193.49,292.87,3143.56,1664.14,470.24,79.71,245.03,1036.25,383.76,238.09,285.56,442.82,208.3,102.12,3546.63,234.57,144.66,134.03,39.34,55.85,98.84,275.19
20261008,13:20:55,49401.05,44233.45,26689.75,17650.02,126.82,1900.11,494.08,482.43,556.99,110.74,166.38,205.4,91.67,150.0,274.1,121.96,193.53,292.88,3139.92,1661.5,470.21,79.68,244.52,1036.17,383.78,238.09,285.65,442.83,208.38,102.12,3547.09,234.55,144.65,134.05,39.34,55.82,98.84,275.49
20261008,13:21:00,49441.13,44273.15,26683.4,17644.88,126.69,1900.11,494.08,482.36,557.15,110.74,166.37,205.38,91.67,150.0,274.1,121.97,193.53,292.88,3143.24,1664.03,470.29,79.68,244.78,1036.02,384.08,238.09,285.56,442.84,208.34,102.12,3546.5,234.55,144.05,134.06,39.34,55.82,98.84,275.47
20261008,13:21:05,49441.52,44274.01,26684.47,17647.71,126.69,1898.69,493.99,482.36,557.03,110.75,166.37,205.37,91.67,150.0,274.1,121.96,193.53,292.88,3143.25,1664.08,470.25,79.72,244.7,1036.0,383.76,237.95,285.55,442.8,208.31,102.13,3546.07,234.55,144.66,134.06,39.34,55.81,98.84,275.47
20261008,13:21:10,49443.99,44274.92,26690.09,17649.17,126.69,1898.69,494.08,482.36,557.01,110.83,166.38,205.37,91.67,150.22,274.1,121.95,193.57,292.88,3143.28,1663.99,470.2,79.73,244.81,1036.04,383.76,237.95,285.73,442.74,208.35,102.13,3547.43,234.55,144.66,134.04,39.34,55.83,98.84,275.46
20261008,13:21:15,49403.43,44236.35,26678.84,17639.44,126.69,1898.92,493.37,482.36,556.97,110.82,166.38,205.38,91.67,150.23,274.1,121.83,193.54,292.86,3140.41,1661.83,470.2,79.72,244.63,1036.28,384.09,237.95,285.52,442.88,208.39,102.13,3546.55,234.85,144.06,134.08,39.34,55.82,98.84,275.44
20261008,13:21:20,49403.96,44236.08,26685.47,17644.41,126.71,1898.92,493.46,482.36,557.27,110.75,166.39,205.4,91.68,150.02,273.98,121.83,193.54,292.91,3140.27,1661.76,470.15,79.68,244.62,1036.38,383.51,237.95,285.51,443.0,208.35,102.13,3547.27,234.85,144.66,134.08,39.34,55.8,98.84,275.14
20261008,13:21:25,49404.69,44236.71,26685.48,17644.18,126.71,1898.69,494.0,482.36,557.3,110.75,166.38,205.38,91.68,150.02,273.98,121.95,193.54,292.93,3140.32,1661.74,470.25,79.72,244.69,1036.37,383.54,237.95,285.51,443.0,208.33,102.14,3547.34,234.85,144.06,134.08,39.34,55.8,98.84,275.13
20261008,13:21:30,49402.27,44235.11,26679.61,17639.94,126.71,1898.69,493.47,482.36,557.35,110.75,166.4,205.41,91.68,150.02,273.98,121.95,193.54,292.93,3140.3,1661.68,470.18,79.72,244.69,1036.26,383.56,237.95,285.73,443.02,208.32,102.14,3546.66,234.86,144.06,133.98,39.34,55.81,98.65,275.12
20261008,13:21:35,49391.63,44228.07,26670.38,17640.45,126.71,1898.64,493.48,482.3,557.45,110.75,166.38,205.41,91.67,150.23,273.98,121.97,193.54,292.96,3139.72,1661.33,470.32,79.72,244.63,1036.31,383.86,237.97,285.34,443.07,208.29,102.14,3543.64,234.86,144.06,133.98,39.34,55.81,98.65,275.13
20261008,13:21:40,49401.04,44233.43,26685.36,17644.95,126.57,1898.64,493.47,482.3,557.45,110.83,166.38,205.43,91.67,150.23,273.98,121.85,193.64,292.96,3140.04,1661.53,470.3,79.72,244.88,1036.28,383.93,237.97,285.33,443.04,208.32,102.14,3547.09,234.93,144.66,133.98,39.34,55.85,98.65,275.12
20261008,13:21:45,49445.11,44276.5,26685.26,17645.25,126.76,1898.64,493.47,482.3,557.39,110.82,166.37,205.36,91.67,150.23,274.13,121.85,193.6,292.95,3143.51,1663.77,470.32,79.73,244.64,1037.31,383.93,237.97,285.69,443.04,208.33,102.14,3546.98,234.93,144.66,133.99,39.36,55.85,98.65,275.11
20261008,13:21:50,49403.98,44236.4,26683.27,17642.9,126.76,1898.64,493.47,482.44,557.39,110.82,166.36,205.31,91.67,150.02,274.13,121.83,193.64,292.73,3140.33,1661.37,470.32,79.75,244.88,1037.2,383.85,237.97,285.48,443.03,208.21,102.14,3547.0,234.6,144.66,134.09,39.36,55.85,98.65,275.09
20261008,13:21:55,49392.24,44228.62,26668.69,17638.34,126.7,1898.76,493.39,482.44,557.44,110.73,166.35,205.28,91.67,150.23,274.13,121.86,193.6,292.73,3139.81,1661.47,470.24,79.71,244.7,1035.66,383.53,237.97,285.77,443.06,208.24,102.14,3543.68,234.93,144.06,134.09,39.36,55.83,98.65,275.04
20261008,13:22:00,49431.43,44265.92,26670.71,17637.71,126.7,1898.76,493.39,482.44,557.21,110.73,166.35,205.29,91.67,150.23,273.95,121.98,193.64,292.74,3142.83,1663.71,470.33,79.71,244.94,1035.62,383.54,237.97,285.77,443.04,208.23,102.14,3544.48,234.93,144.06,133.99,39.28,55.83,98.65,275.04
20261008,13:22:05,49439.14,44271.58,26677.04,17638.78,126.76,1898.67,493.47,482.36,557.05,110.74,166.36,205.3,91.67,150.0,273.95,121.96,193.79,292.74,3143.26,1664.04,470.29,79.72,244.76,1035.79,383.79,237.97,285.77,443.11,208.35,102.14,3546.17,234.93,144.06,133.98,39.28,55.83,98.65,275.04
20261008,13:22:10,49393.63,44226.16,26680.22,17638.84,126.76,1898.67,493.39,482.36,557.12,110.8,166.35,205.3,91.66,150.23,273.95,121.97,193.68,292.71,3139.6,1661.37,470.25,79.7,244.64,1035.67,383.79,237.97,285.62,443.08,208.34,102.12,3547.15,234.9,144.06,133.98,39.28,55.83,98.65,275.16
20261008,13:22:15,49397.42,44230.37,26678.25,17638.33,126.75,1898.67,493.39,482.49,557.1,110.73,166.35,205.3,91.67,150.02,273.95,121.97,193.65,292.71,3139.95,1661.44,470.48,79.69,244.82,1035.84,383.78,237.97,285.68,443.09,208.35,102.12,3546.67,234.9,144.05,133.98,39.28,55.81,98.65,275.18
20261008,13:22:20,49403.27,44235.71,26684.88,17644.76,126.87,1898.9,493.93,482.62,557.04,110.81,166.53,205.33,91.81,150.02,273.95,121.97,193.65,292.71,3140.23,1661.47,470.41,79.68,244.93,1036.42,383.53,237.97,285.68,443.15,208.32,102.12,3547.0,234.9,144.05,133.98,39.28,55.81,98.65,275.18
20261008,13:22:25,49395.41,44229.19,26682.85,17646.22,126.75,1898.9,493.38,482.54,557.02,110.8,166.5,205.23,91.8,150.23,273.95,121.97,193.66,292.71,3139.67,1661.14,470.11,79.66,244.68,1036.68,383.53,237.97,285.66,443.14,208.47,102.12,3545.97,234.94,144.65,133.96,39.28,55.81,98.65,275.18
20261008,13:22:30,49441.52,44273.61,26684.19,17646.05,126.7,1898.9,493.46,482.29,557.13,110.72,166.52,205.3,91.81,150.02,273.92,121.97,193.63,293.16,3143.25,1663.6,470.36,79.68,244.55,1037.37,383.86,237.97,285.67,443.1,208.32,102.12,3546.43,234.94,144.65,133.96,39.28,55.81,98.65,275.19
20261008,13:22:35,49447.83,44279.51,26686.85,17648.29,126.7,1898.79,493.46,482.24,557.04,110.82,166.52,205.28,91.81,150.23,273.92,121.97,193.63,293.15,3143.67,1663.82,470.35,79.68,244.59,1037.52,384.11,237.97,285.77,443.11,208.53,102.12,3546.65,234.94,144.66,133.96,39.28,55.82,98.65,275.18
20261008,13:22:40,49438.35,44269.51,26680.22,17638.1,126.7,1899.01,493.37,482.19,556.99,110.82,166.53,205.29,91.81,150.0,273.92,121.98,193.6,292.69,3143.11,1663.69,470.27,79.68,244.35,1037.08,383.85,237.97,285.66,443.05,208.24,102.15,3547.35,234.94,144.05,133.86,39.28,55.81,98.65,275.18
20261008,13:22:45,49390.6,44224.45,26676.43,17638.67,126.7,1899.01,493.45,482.44,556.99,110.82,166.51,205.23,91.81,150.0,273.92,121.98,193.6,292.69,3139.47,1661.14,470.31,79.66,244.57,1036.49,383.89,237.98,285.34,443.11,208.21,102.15,3546.01,234.94,144.05,133.86,39.28,55.81,98.65,275.18
20261008,13:22:50,49436.33,44268.41,26682.7,17643.88,126.7,1899.01,493.37,482.42,556.92,110.74,166.53,205.27,91.82,150.21,273.8,121.98,193.6,292.91,3142.89,1663.56,470.33,79.68,244.57,1036.56,383.81,237.97,285.76,443.14,208.27,102.15,3546.55,234.9,144.66,133.83,39.28,55.8,98.65,275.18
20261008,13:22:55,49400.45,44233.66,26682.18,17643.98,126.7,1898.79,493.38,482.5,556.81,110.74,166.52,205.25,91.81,150.43,273.8,121.97,193.6,292.92,3140.08,1661.26,470.35,79.67,244.33,1037.18,383.82,237.97,285.76,443.08,208.3,102.15,3546.37,234.88,144.66,133.83,39.28,55.81,98.65,275.21
20261008,13:23:00,49404.16,44237.22,26679.2,17640.35,126.7,1898.76,493.31,482.62,556.81,110.82,166.54,205.26,91.83,150.43,273.8,121.99,193.6,292.89,3140.46,1661.46,470.15,79.68,244.68,1037.36,383.82,237.97,285.74,443.17,208.4,102.12,3546.42,234.88,144.06,133.83,39.27,55.81,98.65,275.21
20261008,13:23:05,49396.37,44232.31,26672.67,17641.84,126.7,1898.86,493.48,482.26,556.95,110.82,166.53,205.23,91.83,150.43,273.8,121.99,193.77,292.92,3140.03,1661.36,470.3,79.69,244.34,1036.75,383.88,237.97,285.77,443.25,208.33,102.14,3543.98,234.88,144.06,133.88,39.27,55.83,98.65,275.23
20261008,13:23:10,49401.76,44234.39,26680.72,17640.44,126.7,1898.86,493.32,481.92,556.89,110.74,166.53,205.24,91.82,150.43,273.8,121.99,193.54,292.95,3140.23,1661.46,470.27,79.67,244.34,1037.0,383.89,237.97,285.75,443.27,208.4,102.13,3546.87,234.88,144.06,134.0,39.27,55.81,98.65,275.2
20261008,13:23:15,49439.31,44271.96,26678.96,17641.74,126.83,1898.76,493.31,482.03,556.79,110.82,166.53,205.25,91.82,150.64,273.8,121.96,193.69,292.97,3143.22,1663.93,470.31,79.69,244.89,1036.28,384.2,237.97,285.44,443.2,208.55,102.13,3545.97,234.81,144.06,133.9,39.27,55.81,98.65,275.14
20261008,13:23:20,49406.51,44241.5,26676.95,17644.44,126.83,1898.53,493.3,481.97,556.76,110.74,166.54,205.25,91.83,150.43,273.8,121.95,193.51,292.96,3140.7,1661.69,470.24,79.7,244.89,1037.3,383.9,237.97,285.43,443.17,208.44,102.13,3544.61,234.81,144.66,133.9,39.27,55.81,98.65,275.15
20261008,13:23:25,49442.25,44271.91,26684.06,17637.82,126.83,1898.53,493.31,481.84,556.77,110.74,166.34,205.23,91.67,150.64,273.92,121.94,193.47,292.96,3143.31,1663.95,470.33,79.68,244.52,1036.42,383.98,237.97,285.74,443.17,208.51,102.13,3548.63,234.56,144.05,133.9,39.27,55.8,98.65,275.16
20261008,13:23:30,49409.18,44242.22,26681.97,17643.89,126.7,1898.53,493.39,481.84,556.82,110.82,166.35,205.24,91.68,150.85,273.92,121.94,193.49,292.96,3140.78,1661.8,470.29,79.65,244.59,1037.06,383.88,237.99,285.73,443.22,208.51,102.16,3546.32,234.56,144.65,133.88,39.27,55.82,98.65,275.15
20261008,13:23:35,49444.74,44278.08,26678.23,17643.64,126.7,1898.68,493.4,481.96,556.8,110.75,166.36,205.26,91.68,150.64,274.1,121.94,193.49,292.98,3143.67,1663.92,470.56,79.64,244.6,1037.21,383.81,237.99,285.69,443.21,208.51,102.16,3545.22,234.54,144.65,133.88,39.27,55.82,98.65,275.15
20261008,13:23:40,49404.3,44237.61,26675.41,17636.86,126.7,1898.68,492.86,482.04,556.72,110.75,166.33,205.22,91.66,150.85,274.26,121.82,193.47,292.92,3140.57,1661.54,470.54,79.65,244.85,1036.94,383.82,237.89,285.7,443.2,208.33,102.16,3546.18,234.54,144.65,133.88,39.27,55.81,98.65,275.17
20261008,13:23:45,49447.1,44279.18,26678.57,17640.02,126.7,1897.26,493.57,481.91,557.01,110.83,166.33,205.22,91.66,150.86,274.14,121.82,193.47,292.91,3143.85,1664.06,470.55,79.66,244.51,1037.24,383.81,237.89,285.7,443.23,208.54,102.16,3546.31,234.54,144.05,133.88,39.27,55.81,98.65,275.24
20261008,13:23:50,49401.47,44236.92,26671.05,17638.75,126.82,1897.41,493.56,481.94,557.06,110.83,166.32,205.19,91.67,150.65,274.14,121.82,193.42,292.93,3140.47,1661.57,470.37,79.64,244.6,1037.01,383.87,237.89,285.71,443.2,208.39,102.16,3544.31,234.54,144.05,133.88,39.27,55.82,98.63,275.21
20261008,13:23:55,49405.67,44238.57,26682.75,17644.07,126.82,1898.83,493.66,482.29,557.06,110.75,166.33,205.23,91.67,150.44,273.78,121.82,193.47,292.79,3140.48,1661.6,470.21,79.65,244.86,1036.95,383.88,237.89,285.61,443.22,208.33,102.12,3546.52,234.54,144.65,133.88,39.26,55.82,98.91,275.22
20261008,13:24:00,49404.41,44237.87,26681.27,17644.09,126.82,1898.79,493.64,482.28,557.03,110.83,166.34,205.26,91.67,150.44,273.78,121.8,193.44,292.74,3140.42,1661.81,470.07,79.62,244.73,1036.53,383.84,237.89,285.6,443.22,208.36,102.12,3546.05,234.54,144.66,133.88,39.26,55.8,98.91,275.22
20261008,13:24:05,49402.89,44238.04,26671.52,17638.41,126.64,1898.79,493.65,482.17,557.08,110.76,166.34,205.25,91.67,150.44,273.78,121.82,193.41,292.79,3140.57,1661.64,470.27,79.63,244.5,1037.2,384.18,237.89,285.7,443.2,208.32,102.09,3544.55,234.86,144.06,133.88,39.26,55.79,98.91,275.08
20261008,13:24:10,49442.2,44273.54,26681.57,17640.58,126.75,1898.86,493.73,481.94,557.11,110.84,166.33,205.24,91.67,150.42,274.08,121.87,193.49,292.79,3143.38,1664.06,470.16,79.6,244.86,1036.36,384.17,237.63,285.65,442.94,208.18,102.15,3547.1,234.86,144.06,134.2,39.26,55.79,99.0,275.53
20261008,13:24:15,49436.04,44270.89,26669.06,17637.39,126.88,1898.86,493.11,482.39,557.26,110.84,166.34,205.25,91.67,150.42,274.08,121.89,193.46,292.8,3143.24,1664.21,470.26,79.63,244.74,1035.62,384.0,237.63,285.6,443.1,208.25,102.15,3544.06,234.79,144.05,134.19,39.26,55.8,99.0,275.17
20261008,13:24:20,49395.39,44230.31,26679.09,17645.72,126.88,1895.77,494.12,482.61,557.21,110.84,166.34,205.27,91.67,150.44,273.96,122.0,193.6,292.78,3139.77,1661.53,470.09,79.59,244.67,1036.39,383.7,237.63,285.27,443.08,208.34,102.15,3544.93,234.86,144.05,133.98,39.26,55.81,99.0,275.51
20261008,13:24:25,49441.91,44275.48,26673.65,17638.9,126.77,1897.67,493.74,482.06,557.11,110.92,166.35,205.24,91.68,150.44,273.96,121.88,193.45,292.79,3143.58,1664.06,470.12,79.64,244.92,1036.88,383.78,237.63,285.57,443.02,208.15,102.1,3545.08,234.86,144.05,133.9,39.26,55.81,99.09,275.22
20261008,13:24:30,49399.68,44235.05,26672.44,17639.94,126.77,1898.28,493.5,482.54,557.04,110.75,166.34,205.28,91.66,150.44,274.08,122.03,193.52,292.79,3140.29,1661.77,470.18,79.57,244.76,1036.41,384.07,237.88,285.47,443.06,208.46,102.1,3544.42,234.53,144.05,133.91,39.26,55.8,98.63,275.19
20261008,13:24:35,49395.84,44231.93,26671.64,17641.1,126.9,1898.05,493.04,482.48,557.46,110.82,166.56,205.3,91.84,150.22,273.93,122.02,193.54,292.78,3140.01,1661.59,470.2,79.63,245.0,1036.01,384.08,237.86,285.46,442.95,208.42,102.1,3543.85,234.81,144.06,133.91,39.26,55.81,98.63,275.47
20261008,13:24:40,49434.65,44271.33,26664.92,17638.64,126.82,1895.44,493.57,482.56,557.16,110.82,166.56,205.36,91.83,150.22,273.93,121.9,193.56,292.77,3143.25,1664.13,470.13,79.63,244.67,1036.27,384.34,237.86,285.38,442.92,208.12,102.1,3542.43,234.86,144.06,133.91,39.26,55.84,98.63,275.17
20261008,13:24:45,49391.8,44225.14,26679.13,17640.17,126.82,1898.28,493.1,482.48,557.49,110.89,166.61,205.45,91.85,150.23,273.93,121.98,193.52,292.73,3139.49,1661.37,470.18,79.62,244.67,1036.27,383.65,237.87,285.1,442.97,208.26,102.1,3546.45,234.9,144.06,133.91,39.26,55.84,98.63,275.23
20261008,13:24:50,49438.1,44272.26,26677.41,17644.88,126.83,1898.19,493.65,482.33,557.44,110.81,166.42,205.44,91.69,150.44,273.93,121.86,193.48,292.76,3143.17,1664.07,470.23,79.6,244.66,1036.37,383.53,237.89,285.38,442.98,208.16,102.1,3544.63,234.9,144.66,133.91,39.26,55.84,98.63,275.24
20261008,13:24:55,49434.15,44268.35,26673.23,17639.87,126.82,1898.45,493.65,482.38,557.49,110.88,166.35,205.38,91.65,150.45,274.05,121.85,193.52,292.55,3142.98,1663.88,470.33,79.58,244.55,1036.86,383.78,237.89,285.08,443.04,208.1,102.11,3544.69,234.9,144.06,133.9,39.26,55.85,98.62,275.53
20261008,13:25:00,49433.5,44268.54,26670.22,17639.17,126.82,1898.24,493.64,482.47,557.12,110.89,166.39,205.45,91.66,150.23,274.05,121.98,193.47,292.55,3143.01,1663.84,470.27,79.58,245.05,1036.41,383.75,237.91,285.3,443.03,208.18,102.13,3543.93,234.97,144.06,133.9,39.26,55.83,98.62,275.17
20261008,13:25:05,49433.57,44268.61,26670.22,17639.17,126.82,1898.24,493.64,482.47,557.12,110.89,166.39,205.45,91.66,150.23,274.05,121.98,193.47,292.55,3143.02,1663.84,470.27,79.58,245.04,1036.41,383.75,237.91,285.32,443.03,208.18,102.13,3543.93,234.97,144.06,133.9,39.26,55.83,98.62,275.17
20261008,13:25:10,49433.57,44268.61,26670.22,17639.17,126.82,1898.24,493.64,482.47,557.12,110.89,166.39,205.45,91.66,150.23,274.05,121.98,193.47,292.55,3143.02,1663.84,470.27,79.58,245.04,1036.41,383.75,237.91,285.32,443.03,208.18,102.13,3543.93,234.97,144.06,133.9,39.26,55.83,98.62,275.17
20261008,13:25:15,49433.57,44268.61,26670.22,17639.17,126.82,1898.24,493.64,482.47,557.12,110.89,166.39,205.45,91.66,150.23,274.05,121.98,193.47,292.55,3143.02,1663.84,470.27,79.58,245.04,1036.41,383.75,237.91,285.32,443.03,208.18,102.13,3543.93,234.97,144.06,133.9,39.26,55.83,98.62,275.17
20261008,13:25:20,49433.57,44268.61,26670.22,17639.17,126.82,1898.24,493.64,482.47,557.12,110.89,166.39,205.45,91.66,150.23,274.05,121.98,193.47,292.55,3143.02,1663.84,470.27,79.58,245.04,1036.41,383.75,237.91,285.32,443.03,208.18,102.13,3543.93,234.97,144.06,133.9,39.26,55.83,98.62,275.17
20261008,13:25:25,49433.57,44268.61,26670.22,17639.17,126.82,1898.24,493.64,482.47,557.12,110.89,166.39,205.45,91.66,150.23,274.05,121.98,193.47,292.55,3143.02,1663.84,470.27,79.58,245.04,1036.41,383.75,237.91,285.32,443.03,208.18,102.13,3543.93,234.97,144.06,133.9,39.26,55.83,98.62,275.17
20261008,13:25:30,49433.57,44268.61,26670.22,17639.17,126.82,1898.24,493.64,482.47,557.12,110.89,166.39,205.45,91.66,150.23,274.05,121.98,193.47,292.55,3143.02,1663.84,470.27,79.58,245.04,1036.41,383.75,237.91,285.32,443.03,208.18,102.13,3543.93,234.97,144.06,133.9,39.26,55.83,98.62,275.17
20261008,13:25:35,49433.57,44268.61,26670.22,17639.17,126.82,1898.24,493.64,482.47,557.12,110.89,166.39,205.45,91.66,150.23,274.05,121.98,193.47,292.55,3143.02,1663.84,470.27,79.58,245.04,1036.41,383.75,237.91,285.32,443.03,208.18,102.13,3543.93,234.97,144.06,133.9,39.26,55.83,98.62,275.17
20261008,13:25:40,49433.57,44268.61,26670.22,17639.17,126.82,1898.24,493.64,482.47,557.12,110.89,166.39,205.45,91.66,150.23,274.05,121.98,193.47,292.55,3143.02,1663.84,470.27,79.58,245.04,1036.41,383.75,237.91,285.32,443.03,208.18,102.13,3543.93,234.97,144.06,133.9,39.26,55.83,98.62,275.17
20261008,13:25:45,49433.57,44268.61,26670.22,17639.17,126.82,1898.24,493.64,482.47,557.12,110.89,166.39,205.45,91.66,150.23,274.05,121.98,193.47,292.55,3143.02,1663.84,470.27,79.58,245.04,1036.41,383.75,237.91,285.32,443.03,208.18,102.13,3543.93,234.97,144.06,133.9,39.26,55.83,98.62,275.17
20261008,13:25:50,49433.57,44268.61,26670.22,17639.17,126.82,1898.24,493.64,482.47,557.12,110.89,166.39,205.45,91.66,150.23,274.05,121.98,193.47,292.55,3143.02,1663.84,470.27,79.58,245.04,1036.41,383.75,237.91,285.32,443.03,208.18,102.13,3543.93,234.97,144.06,133.9,39.26,55.83,98.62,275.17
20261008,13:25:55,49433.57,44268.61,26670.22,17639.17,126.82,1898.24,493.64,482.47,557.12,110.89,166.39,205.45,91.66,150.23,274.05,121.98,193.47,292.55,3143.02,1663.84,470.27,79.58,245.04,1036.41,383.75,237.91,285.32,443.03,208.18,102.13,3543.93,234.97,144.06,133.9,39.26,55.83,98.62,275.17
20261008,13:26:00,49433.57,44268.61,26670.22,17639.17,126.82,1898.24,493.64,482.47,557.12,110.89,166.39,205.45,91.66,150.23,274.05,121.98,193.47,292.55,3143.02,1663.84,470.27,79.58,245.04,1036.41,383.75,237.91,285.32,443.03,208.18,102.13,3543.93,234.97,144.06,133.9,39.26,55.83,98.62,275.17
20261008,13:26:05,49433.57,44268.61,26670.22,17639.17,126.82,1898.24,493.64,482.47,557.12,110.89,166.39,205.45,91.66,150.23,274.05,121.98,193.47,292.55,3143.02,1663.84,470.27,79.58,245.04,1036.41,383.75,237.91,285.32,443.03,208.18,102.13,3543.93,234.97,144.06,133.9,39.26,55.83,98.62,275.17
20261008,13:26:10,49433.57,44268.61,26670.22,17639.17,126.82,1898.24,493.64,482.47,557.12,110.89,166.39,205.45,91.66,150.23,274.05,121.98,193.47,292.55,3143.02,1663.84,470.27,79.58,245.04,1036.41,383.75,237.91,285.32,443.03,208.18,102.13,3543.93,234.97,144.06,133.9,39.26,55.83,98.62,275.17
20261008,13:26:15,49433.57,44268.61,26670.22,17639.17,126.82,1898.24,493.64,482.47,557.12,110.89,166.39,205.45,91.66,150.23,274.05,121.98,193.47,292.55,3143.02,1663.84,470.27,79.58,245.04,1036.41,383.75,237.91,285.32,443.03,208.18,102.13,3543.93,234.97,144.06,133.9,39.26,55.83,98.62,275.17
20261008,13:26:20,49433.57,44268.61,26670.22,17639.17,126.82,1898.24,493.64,482.47,557.12,110.89,166.39,205.45,91.66,150.23,274.05,121.98,193.47,292.55,3143.02,1663.84,470.27,79.58,245.04,1036.41,383.75,237.91,285.32,443.03,208.18,102.13,3543.93,234.97,144.06,133.9,39.26,55.83,98.62,275.17
20261008,13:26:25,49433.57,44268.61,26670.22,17639.17,126.82,1898.24,493.64,482.47,557.12,110.89,166.39,205.45,91.66,150.23,274.05,121.98,193.47,292.55,3143.02,1663.84,470.27,79.58,245.04,1036.41,383.75,237.91,285.32,443.03,208.18,102.13,3543.93,234.97,144.06,133.9,39.26,55.83,98.62,275.17
20261008,13:26:30,49433.57,44268.61,26670.22,17639.17,126.82,1898.24,493.64,482.47,557.12,110.89,166.39,205.45,91.66,150.23,274.05,121.98,193.47,292.55,3143.02,1663.84,470.27,79.58,245.04,1036.41,383.75,237.91,285.32,443.03,208.18,102.13,3543.93,234.97,144.06,133.9,39.26,55.83,98.62,275.17
20261008,13:26:35,49433.57,44268.61,26670.22,17639.17,126.82,1898.24,493.64,482.47,557.12,110.89,166.39,205.45,91.66,150.23,274.05,121.98,193.47,292.55,3143.02,1663.84,470.27,79.58,245.04,1036.41,383.75,237.91,285.32,443.03,208.18,102.13,3543.93,234.97,144.06,133.9,39.26,55.83,98.62,275.17
20261008,13:26:40,49433.57,44268.61,26670.22,17639.17,126.82,1898.24,493.64,482.47,557.12,110.89,166.39,205.45,91.66,150.23,274.05,121.98,193.47,292.55,3143.02,1663.84,470.27,79.58,245.04,1036.41,383.75,237.91,285.32,443.03,208.18,102.13,3543.93,234.97,144.06,133.9,39.26,55.83,98.62,275.17
20261008,13:26:45,49433.57,44268.61,26670.22,17639.17,126.82,1898.24,493.64,482.47,557.12,110.89,166.39,205.45,91.66,150.23,274.05,121.98,193.47,292.55,3143.02,1663.84,470.27,79.58,245.04,1036.41,383.75,237.91,285.32,443.03,208.18,102.13,3543.93,234.97,144.06,133.9,39.26,55.83,98.62,275.17
20261008,13:26:50,49433.57,44268.61,26670.22,17639.17,126.82,1898.24,493.64,482.47,557.12,110.89,166.39,205.45,91.66,150.23,274.05,121.98,193.47,292.55,3143.02,1663.84,470.27,79.58,245.04,1036.41,383.75,237.91,285.32,443.03,208.18,102.13,3543.93,234.97,144.06,133.9,39.26,55.83,98.62,275.17
20261008,13:26:55,49433.57,44268.61,26670.22,17639.17,126.82,1898.24,493.64,482.47,557.12,110.89,166.39,205.45,91.66,150.23,274.05,121.98,193.47,292.55,3143.02,1663.84,470.27,79.58,245.04,1036.41,383.75,237.91,285.32,443.03,208.18,102.13,3543.93,234.97,144.06,133.9,39.26,55.83,98.62,275.17
20261008,13:27:00,49433.57,44268.61,26670.22,17639.17,126.82,1898.24,493.64,482.47,557.12,110.89,166.39,205.45,91.66,150.23,274.05,121.98,193.47,292.55,3143.02,1663.84,470.27,79.58,245.04,1036.41,383.75,237.91,285.32,443.03,208.18,102.13,3543.93,234.97,144.06,133.9,39.26,55.83,98.62,275.17
20261008,13:27:05,49433.57,44268.61,26670.22,17639.17,126.82,1898.24,493.64,482.47,557.12,110.89,166.39,205.45,91.66,150.23,274.05,121.98,193.47,292.55,3143.02,1663.84,470.27,79.58,245.04,1036.41,383.75,237.91,285.32,443.03,208.18,102.13,3543.93,234.97,144.06,133.9,39.26,55.83,98.62,275.17
20261008,13:27:10,49433.57,44268.61,26670.22,17639.17,126.82,1898.24,493.64,482.47,557.12,110.89,166.39,205.45,91.66,150.23,274.05,121.98,193.47,292.55,3143.02,1663.84,470.27,79.58,245.04,1036.41,383.75,237.91,285.32,443.03,208.18,102.13,3543.93,234.97,144.06,133.9,39.26,55.83,98.62,275.17
20261008,13:27:15,49433.57,44268.61,26670.22,17639.17,126.82,1898.24,493.64,482.47,557.12,110.89,166.39,205.45,91.66,150.23,274.05,121.98,193.47,292.55,3143.02,1663.84,470.27,79.58,245.04,1036.41,383.75,237.91,285.32,443.03,208.18,102.13,3543.93,234.97,144.06,133.9,39.26,55.83,98.62,275.17
20261008,13:27:20,49433.57,44268.61,26670.22,17639.17,126.82,1898.24,493.64,482.47,557.12,110.89,166.39,205.45,91.66,150.23,274.05,121.98,193.47,292.55,3143.02,1663.84,470.27,79.58,245.04,1036.41,383.75,237.91,285.32,443.03,208.18,102.13,3543.93,234.97,144.06,133.9,39.26,55.83,98.62,275.17
20261008,13:27:25,49433.57,44268.61,26670.22,17639.17,126.82,1898.24,493.64,482.47,557.12,110.89,166.39,205.45,91.66,150.23,274.05,121.98,193.47,292.55,3143.02,1663.84,470.27,79.58,245.04,1036.41,383.75,237.91,285.32,443.03,208.18,102.13,3543.93,234.97,144.06,133.9,39.26,55.83,98.62,275.17
20261008,13:27:30,49433.57,44268.61,26670.22,17639.17,126.82,1898.24,493.64,482.47,557.12,110.89,166.39,205.45,91.66,150.23,274.05,121.98,193.47,292.55,3143.02,1663.84,470.27,79.58,245.04,1036.41,383.75,237.91,285.32,443.03,208.18,102.13,3543.93,234.97,144.06,133.9,39.26,55.83,98.62,275.17
20261008,13:27:35,49433.57,44268.61,26670.22,17639.17,126.82,1898.24,493.64,482.47,557.12,110.89,166.39,205.45,91.66,150.23,274.05,121.98,193.47,292.55,3143.02,1663.84,470.27,79.58,245.04,1036.41,383.75,237.91,285.32,443.03,208.18,102.13,3543.93,234.97,144.06,133.9,39.26,55.83,98.62,275.17
20261008,13:27:40,49433.57,44268.61,26670.22,17639.17,126.82,1898.24,493.64,482.47,557.12,110.89,166.39,205.45,91.66,150.23,274.05,121.98,193.47,292.55,3143.02,1663.84,470.27,79.58,245.04,1036.41,383.75,237.91,285.32,443.03,208.18,102.13,3543.93,234.97,144.06,133.9,39.26,55.83,98.62,275.17
20261008,13:27:45,49433.57,44268.61,26670.22,17639.17,126.82,1898.24,493.64,482.47,557.12,110.89,166.39,205.45,91.66,150.23,274.05,121.98,193.47,292.55,3143.02,1663.84,470.27,79.58,245.04,1036.41,383.75,237.91,285.32,443.03,208.18,102.13,3543.93,234.97,144.06,133.9,39.26,55.83,98.62,275.17
20261008,13:27:50,49433.57,44268.61,26670.22,17639.17,126.82,1898.24,493.64,482.47,557.12,110.89,166.39,205.45,91.66,150.23,274.05,121.98,193.47,292.55,3143.02,1663.84,470.27,79.58,245.04,1036.41,383.75,237.91,285.32,443.03,208.18,102.13,3543.93,234.97,144.06,133.9,39.26,55.83,98.62,275.17
20261008,13:27:55,49433.57,44268.61,26670.22,17639.17,126.82,1898.24,493.64,482.47,557.12,110.89,166.39,205.45,91.66,150.23,274.05,121.98,193.47,292.55,3143.02,1663.84,470.27,79.58,245.04,1036.41,383.75,237.91,285.32,443.03,208.18,102.13,3543.93,234.97,144.06,133.9,39.26,55.83,98.62,275.17
20261008,13:28:00,49433.57,44268.61,26670.22,17639.17,126.82,1898.24,493.64,482.47,557.12,110.89,166.39,205.45,91.66,150.23,274.05,121.98,193.47,292.55,3143.02,1663.84,470.27,79.58,245.04,1036.41,383.75,237.91,285.32,443.03,208.18,102.13,3543.93,234.97,144.06,133.9,39.26,55.83,98.62,275.17
20261008,13:28:05,49433.57,44268.61,26670.22,17639.17,126.82,1898.24,493.64,482.47,557.12,110.89,166.39,205.45,91.66,150.23,274.05,121.98,193.47,292.55,3143.02,1663.84,470.27,79.58,245.04,1036.41,383.75,237.91,285.32,443.03,208.18,102.13,3543.93,234.97,144.06,133.9,39.26,55.83,98.62,275.17
20261008,13:28:10,49433.57,44268.61,26670.22,17639.17,126.82,1898.24,493.64,482.47,557.12,110.89,166.39,205.45,91.66,150.23,274.05,121.98,193.47,292.55,3143.02,1663.84,470.27,79.58,245.04,1036.41,383.75,237.91,285.32,443.03,208.18,102.13,3543.93,234.97,144.06,133.9,39.26,55.83,98.62,275.17
20261008,13:28:15,49433.57,44268.61,26670.22,17639.17,126.82,1898.24,493.64,482.47,557.12,110.89,166.39,205.45,91.66,150.23,274.05,121.98,193.47,292.55,3143.02,1663.84,470.27,79.58,245.04,1036.41,383.75,237.91,285.32,443.03,208.18,102.13,3543.93,234.97,144.06,133.9,39.26,55.83,98.62,275.17
20261008,13:28:20,49433.57,44268.61,26670.22,17639.17,126.82,1898.24,493.64,482.47,557.12,110.89,166.39,205.45,91.66,150.23,274.05,121.98,193.47,292.55,3143.02,1663.84,470.27,79.58,245.04,1036.41,383.75,237.91,285.32,443.03,208.18,102.13,3543.93,234.97,144.06,133.9,39.26,55.83,98.62,275.17
20261008,13:28:25,49433.57,44268.61,26670.22,17639.17,126.82,1898.24,493.64,482.47,557.12,110.89,166.39,205.45,91.66,150.23,274.05,121.98,193.47,292.55,3143.02,1663.84,470.27,79.58,245.04,1036.41,383.75,237.91,285.32,443.03,208.18,102.13,3543.93,234.97,144.06,133.9,39.26,55.83,98.62,275.17
20261008,13:28:30,49433.57,44268.61,26670.22,17639.17,126.82,1898.24,493.64,482.47,557.12,110.89,166.39,205.45,91.66,150.23,274.05,121.98,193.47,292.55,3143.02,1663.84,470.27,79.58,245.04,1036.41,383.75,237.91,285.32,443.03,208.18,102.13,3543.93,234.97,144.06,133.9,39.26,55.83,98.62,275.17
20261008,13:28:35,49433.57,44268.61,26670.22,17639.17,126.82,1898.24,493.64,482.47,557.12,110.89,166.39,205.45,91.66,150.23,274.05,121.98,193.47,292.55,3143.02,1663.84,470.27,79.58,245.04,1036.41,383.75,237.91,285.32,443.03,208.18,102.13,3543.93,234.97,144.06,133.9,39.26,55.83,98.62,275.17
20261008,13:28:40,49433.57,44268.61,26670.22,17639.17,126.82,1898.24,493.64,482.47,557.12,110.89,166.39,205.45,91.66,150.23,274.05,121.98,193.47,292.55,3143.02,1663.84,470.27,79.58,245.04,1036.41,383.75,237.91,285.32,443.03,208.18,102.13,3543.93,234.97,144.06,133.9,39.26,55.83,98.62,275.17
20261008,13:28:45,49433.57,44268.61,26670.22,17639.17,126.82,1898.24,493.64,482.47,557.12,110.89,166.39,205.45,91.66,150.23,274.05,121.98,193.47,292.55,3143.02,1663.84,470.27,79.58,245.04,1036.41,383.75,237.91,285.32,443.03,208.18,102.13,3543.93,234.97,144.06,133.9,39.26,55.83,98.62,275.17
20261008,13:28:50,49433.57,44268.61,26670.22,17639.17,126.82,1898.24,493.64,482.47,557.12,110.89,166.39,205.45,91.66,150.23,274.05,121.98,193.47,292.55,3143.02,1663.84,470.27,79.58,245.04,1036.41,383.75,237.91,285.32,443.03,208.18,102.13,3543.93,234.97,144.06,133.9,39.26,55.83,98.62,275.17
20261008,13:28:55,49433.57,44268.61,26670.22,17639.17,126.82,1898.24,493.64,482.47,557.12,110.89,166.39,205.45,91.66,150.23,274.05,121.98,193.47,292.55,3143.02,1663.84,470.27,79.58,245.04,1036.41,383.75,237.91,285.32,443.03,208.18,102.13,3543.93,234.97,144.06,133.9,39.26,55.83,98.62,275.17
20261008,13:29:00,49433.57,44268.61,26670.22,17639.17,126.82,1898.24,493.64,482.47,557.12,110.89,166.39,205.45,91.66,150.23,274.05,121.98,193.47,292.55,3143.02,1663.84,470.27,79.58,245.04,1036.41,383.75,237.91,285.32,443.03,208.18,102.13,3543.93,234.97,144.06,133.9,39.26,55.83,98.62,275.17
20261008,13:29:05,49433.57,44268.61,26670.22,17639.17,126.82,1898.24,493.64,482.47,557.12,110.89,166.39,205.45,91.66,150.23,274.05,121.98,193.47,292.55,3143.02,1663.84,470.27,79.58,245.04,1036.41,383.75,237.91,285.32,443.03,208.18,102.13,3543.93,234.97,144.06,133.9,39.26,55.83,98.62,275.17
20261008,13:29:10,49433.57,44268.61,26670.22,17639.17,126.82,1898.24,493.64,482.47,557.12,110.89,166.39,205.45,91.66,150.23,274.05,121.98,193.47,292.55,3143.02,1663.84,470.27,79.58,245.04,1036.41,383.75,237.91,285.32,443.03,208.18,102.13,3543.93,234.97,144.06,133.9,39.26,55.83,98.62,275.17
20261008,13:29:15,49433.57,44268.61,26670.22,17639.17,126.82,1898.24,493.64,482.47,557.12,110.89,166.39,205.45,91.66,150.23,274.05,121.98,193.47,292.55,3143.02,1663.84,470.27,79.58,245.04,1036.41,383.75,237.91,285.32,443.03,208.18,102.13,3543.93,234.97,144.06,133.9,39.26,55.83,98.62,275.17
20261008,13:29:20,49433.57,44268.61,26670.22,17639.17,126.82,1898.24,493.64,482.47,557.12,110.89,166.39,205.45,91.66,150.23,274.05,121.98,193.47,292.55,3143.02,1663.84,470.27,79.58,245.04,1036.41,383.75,237.91,285.32,443.03,208.18,102.13,3543.93,234.97,144.06,133.9,39.26,55.83,98.62,275.17
20261008,13:29:25,49433.57,44268.61,26670.22,17639.17,126.82,1898.24,493.64,482.47,557.12,110.89,166.39,205.45,91.66,150.23,274.05,121.98,193.47,292.55,3143.02,1663.84,470.27,79.58,245.04,1036.41,383.75,237.91,285.32,443.03,208.18,102.13,3543.93,234.97,144.06,133.9,39.26,55.83,98.62,275.17
20261008,13:29:30,49433.57,44268.61,26670.22,17639.17,126.82,1898.24,493.64,482.47,557.12,110.89,166.39,205.45,91.66,150.23,274.05,121.98,193.47,292.55,3143.02,1663.84,470.27,79.58,245.04,1036.41,383.75,237.91,285.32,443.03,208.18,102.13,3543.93,234.97,144.06,133.9,39.26,55.83,98.62,275.17
20261008,13:29:35,49433.57,44268.61,26670.22,17639.17,126.82,1898.24,493.64,482.47,557.12,110.89,166.39,205.45,91.66,150.23,274.05,121.98,193.47,292.55,3143.02,1663.84,470.27,79.58,245.04,1036.41,383.75,237.91,285.32,443.03,208.18,102.13,3543.93,234.97,144.06,133.9,39.26,55.83,98.62,275.17
20261008,13:29:40,49433.57,44268.61,26670.22,17639.17,126.82,1898.24,493.64,482.47,557.12,110.89,166.39,205.45,91.66,150.23,274.05,121.98,193.47,292.55,3143.02,1663.84,470.27,79.58,245.04,1036.41,383.75,237.91,285.32,443.03,208.18,102.13,3543.93,234.97,144.06,133.9,39.26,55.83,98.62,275.17
20261008,13:29:45,49433.57,44268.61,26670.22,17639.17,126.82,1898.24,493.64,482.47,557.12,110.89,166.39,205.45,91.66,150.23,274.05,121.98,193.47,292.55,3143.02,1663.84,470.27,79.58,245.04,1036.41,383.75,237.91,285.32,443.03,208.18,102.13,3543.93,234.97,144.06,133.9,39.26,55.83,98.62,275.17
20261008,13:29:50,49433.57,44268.61,26670.22,17639.17,126.82,1898.24,493.64,482.47,557.12,110.89,166.39,205.45,91.66,150.23,274.05,121.98,193.47,292.55,3143.02,1663.84,470.27,79.58,245.04,1036.41,383.75,237.91,285.32,443.03,208.18,102.13,3543.93,234.97,144.06,133.9,39.26,55.83,98.62,275.17
20261008,13:29:55,49433.57,44268.61,26670.22,17639.17,126.82,1898.24,493.64,482.47,557.12,110.89,166.39,205.45,91.66,150.23,274.05,121.98,193.47,292.55,3143.02,1663.84,470.27,79.58,245.04,1036.41,383.75,237.91,285.32,443.03,208.18,102.13,3543.93,234.97,144.06,133.9,39.26,55.83,98.62,275.17
20261008,13:30:00,49313.44,44161.08,26634.3,17629.75,126.75,1896.11,492.89,482.28,557.3,110.76,166.36,205.36,91.66,150.65,273.63,121.97,193.39,292.82,3134.58,1658.1,469.59,79.65,244.5,1035.1,384.41,237.45,285.26,442.62,207.83,102.23,3535.27,234.99,144.1,133.71,39.28,55.83,98.9,275.26
