日期,時間,發行量加權股價指數,未含金融保險股指數,未含電子股指數,未含金融電子股指數,水泥類指數,食品類指數,塑膠類指數,紡織纖維類指數,電機機械類指數,電器電纜類指數,化學生技醫療類指數,化學類指數,生技醫療類指數,玻璃陶瓷類指數,造紙類指數,鋼鐵類指數,橡膠類指數,汽車類指數,電子類指數,半導體類指數,電腦及週邊設備類指數,光電類指數,通信網路類指數,電子零組件類指數,電子通路類指數,資訊服務類指數,其他電子類指數,建材營造類指數,航運類指數,觀光餐旅類指數,金融保險類指數,貿易百貨類指數,油電燃氣類指數,綠能環保類指數,數位雲端類指數,運動休閒類指數,居家生活類指數,其他類指數
20260929,09:00:00,48024.6,42874.71,25756.32,16516.5,124.79,1886.18,390.28,461.76,544.43,106.21,161.11,190.92,90.44,139.13,273.15,120.5,190.02,289.73,3057.7,1631.12,467.03,74.83,234.79,961.88,372.37,239.01,282.62,444.67,212.21,101.52,3563.15,235.61,116.19,132.45,39.68,56.0,99.73,273.22
20260929,09:00:05,47873.89,42726.29,25744.91,16498.1,124.73,1887.52,388.1,461.66,544.2,106.05,161.04,190.82,90.4,139.13,273.39,120.53,189.84,289.65,3046.18,1624.68,466.48,74.78,234.79,957.99,372.35,238.76,280.37,444.6,212.12,101.52,3564.58,235.61,116.19,132.42,39.62,56.09,99.72,273.17
20260929,09:00:10,47845.4,42698.67,25748.65,16502.83,124.56,1887.59,388.65,461.83,543.48,106.13,161.06,190.68,90.45,139.14,273.63,120.56,190.09,289.59,3043.84,1624.11,466.23,74.47,234.68,955.01,372.18,238.84,280.51,444.33,212.37,101.59,3564.46,235.55,116.19,132.47,39.62,56.14,99.71,273.24
20260929,09:00:15,47865.68,42718.74,25796.33,16558.75,124.81,1887.59,392.05,461.71,543.9,106.19,160.95,190.65,90.36,139.05,273.63,120.92,190.48,289.65,3044.11,1625.89,462.25,74.39,234.24,954.37,372.25,238.98,280.89,444.32,212.02,101.59,3564.18,235.53,120.22,131.74,39.63,56.14,99.75,273.4
20260929,09:00:20,47847.23,42707.89,25790.5,16575.95,124.69,1890.23,393.1,461.55,540.45,106.31,161.11,190.74,90.47,138.47,273.82,121.47,190.53,289.52,3042.82,1625.22,463.54,74.18,232.41,954.94,372.22,239.07,280.21,444.69,212.04,101.56,3557.69,235.6,122.03,131.76,39.62,56.19,99.75,273.3
20260929,09:00:25,47862.43,42720.49,25806.06,16586.41,124.69,1890.23,393.46,461.55,541.29,106.32,161.15,190.9,90.47,138.66,273.82,121.49,190.53,289.61,3043.59,1625.38,463.36,74.23,232.59,955.2,372.48,239.07,280.95,444.77,212.09,101.56,3559.71,235.6,122.5,131.76,39.62,56.15,99.75,273.3
20260929,09:00:30,47873.62,42728.02,25826.82,16599.01,124.69,1890.19,394.95,461.54,541.33,106.32,161.15,191.05,90.45,138.65,273.82,121.53,190.51,289.59,3043.89,1625.26,463.7,74.23,232.88,954.99,372.86,239.07,281.44,444.83,211.9,101.56,3562.78,235.6,122.86,131.76,39.63,56.15,99.75,273.33
20260929,09:00:35,47849.84,42702.95,25840.78,16608.7,124.81,1890.19,395.39,461.54,541.62,106.34,161.19,191.06,90.47,139.09,273.82,121.51,190.36,289.61,3041.64,1623.18,463.51,74.2,232.69,956.24,372.81,239.07,281.6,444.95,212.02,101.56,3564.5,235.6,123.21,131.78,39.63,56.17,99.75,273.33
20260929,09:00:40,47894.54,42742.44,25852.46,16608.55,124.81,1887.35,395.58,461.61,541.6,106.25,161.16,191.03,90.45,138.87,273.82,121.59,190.55,289.62,3044.82,1625.04,463.57,74.18,232.62,957.36,372.39,239.07,282.22,444.97,211.94,101.56,3568.19,235.6,123.21,131.78,39.63,56.17,99.75,273.48
20260929,09:00:45,47865.59,42714.86,25855.12,16613.72,124.81,1890.19,395.76,461.54,541.91,106.25,161.16,191.05,90.45,139.08,274.06,121.75,190.55,289.61,3042.48,1622.92,463.67,74.3,232.78,957.78,372.41,239.07,282.27,444.99,211.9,101.56,3567.62,235.93,123.21,131.81,39.63,56.17,99.75,273.48
20260929,09:00:50,47863.9,42713.8,25853.45,16613.77,124.81,1890.19,395.78,461.46,541.86,106.25,161.18,191.04,90.47,139.08,274.18,121.75,190.59,289.67,3042.39,1622.84,463.85,74.3,232.71,957.46,372.71,239.07,282.44,445.01,211.87,101.56,3567.09,235.93,123.21,131.81,39.63,56.17,99.75,273.48
20260929,09:00:55,47942.88,42789.64,25853.47,16610.07,124.81,1890.19,395.8,461.48,541.58,106.33,161.18,191.08,90.46,138.44,274.06,121.65,190.59,289.68,3048.59,1627.78,463.53,74.3,232.6,958.04,372.64,239.07,281.94,444.95,211.71,101.56,3568.1,235.93,123.21,131.82,39.64,56.15,99.75,273.51
20260929,09:01:00,47933.08,42780.85,25847.5,16605.71,124.69,1890.21,395.35,461.48,541.77,106.33,161.37,191.08,90.62,138.66,274.06,121.7,190.57,289.45,3047.99,1627.87,463.16,74.44,232.79,956.61,372.77,239.04,281.69,445.02,211.31,101.56,3567.42,235.93,123.2,131.92,39.63,56.15,99.75,273.49
20260929,09:01:05,47933.58,42779.69,25844.19,16596.41,124.69,1890.21,394.35,461.51,541.73,106.24,161.39,191.06,90.63,138.42,274.06,121.63,190.57,289.44,3048.12,1627.84,463.34,74.37,232.54,956.62,372.75,239.09,282.13,445.02,211.16,101.56,3568.91,235.93,123.2,131.92,39.63,56.16,99.75,273.63
20260929,09:01:10,47941.62,42787.59,25845.19,16597.77,124.43,1889.99,394.72,461.43,541.4,106.24,161.41,191.13,90.63,138.42,274.06,121.62,190.57,289.48,3048.72,1628.35,463.33,74.23,232.37,956.78,372.47,239.09,282.27,445.03,211.16,101.63,3568.85,235.93,123.2,132.05,39.63,56.16,99.75,273.58
20260929,09:01:15,47943.24,42791.74,25832.77,16592.12,124.43,1889.72,393.44,461.51,541.65,106.29,161.45,191.16,90.66,138.43,274.06,121.7,190.54,289.5,3049.19,1628.27,463.21,74.09,232.25,958.52,372.91,239.09,282.26,445.03,211.36,101.63,3566.5,235.93,123.19,132.07,39.62,56.15,99.75,273.57
20260929,09:01:20,47955.42,42801.72,25842.52,16596.99,124.55,1889.72,393.89,461.54,541.79,106.29,161.46,191.15,90.67,138.5,274.06,121.71,190.36,289.51,3049.88,1628.61,463.8,74.07,232.38,958.39,372.95,239.09,282.27,444.92,211.39,101.63,3568.23,235.93,123.19,132.07,39.62,56.22,99.75,273.6
20260929,09:01:25,47955.02,42797.79,25852.85,16597.01,124.55,1889.72,394.08,461.54,541.73,106.29,161.47,191.11,90.68,138.53,273.94,121.61,190.5,289.51,3049.56,1628.62,463.69,74.07,232.56,957.74,372.93,239.09,282.14,444.87,211.35,101.63,3571.45,235.93,123.19,132.07,39.62,56.22,99.75,273.57
20260929,09:01:30,47994.16,42840.12,25837.92,16593.91,124.55,1889.72,393.45,461.79,541.45,106.28,161.64,191.02,90.85,138.12,273.94,121.56,190.42,289.52,3053.05,1630.99,463.99,74.03,232.31,958.35,372.68,238.95,282.46,444.85,211.4,101.63,3567.63,235.79,123.19,132.38,39.62,56.22,99.75,273.57
20260929,09:01:35,48001.16,42845.35,25850.03,16602.48,124.68,1889.72,394.41,461.79,541.75,106.31,161.65,191.12,90.83,138.35,273.94,121.55,190.61,289.52,3053.26,1631.15,464.03,74.02,232.31,958.29,372.68,238.96,282.49,444.74,211.35,101.63,3569.08,235.79,123.19,132.39,39.62,56.24,99.75,273.57
20260929,09:01:40,48004.7,42845.63,25880.62,16627.08,124.94,1889.72,397.51,462.2,541.71,106.39,161.64,191.08,90.83,138.16,273.94,121.56,190.83,289.57,3052.69,1630.93,464.09,74.09,232.53,956.95,372.89,238.96,282.68,444.72,211.39,101.63,3571.96,235.79,123.2,132.39,39.59,56.24,99.75,273.67
20260929,09:01:45,48004.55,42842.7,25898.72,16638.6,125.1,1889.72,398.76,462.61,541.88,106.4,161.69,191.13,90.86,137.94,273.94,121.68,190.77,289.6,3052.18,1630.48,464.3,74.0,232.3,956.69,373.45,238.96,283.07,444.65,211.37,101.63,3574.49,235.79,123.2,132.39,39.59,56.27,99.75,273.67
20260929,09:01:50,47976.56,42814.23,25902.34,16638.72,125.1,1889.62,398.43,462.69,542.03,106.46,161.74,191.32,90.86,137.97,273.94,121.71,190.89,289.6,3049.88,1628.53,464.46,73.85,232.39,956.94,374.31,238.96,283.24,444.65,211.4,101.63,3575.59,235.79,123.2,132.46,39.59,56.32,99.75,273.67
20260929,09:01:55,48010.73,42843.49,25911.79,16636.11,125.1,1889.62,397.93,462.61,542.07,106.48,161.71,191.23,90.86,137.99,273.94,121.84,190.9,289.62,3052.3,1630.95,464.51,73.75,232.39,955.6,374.66,238.98,283.02,444.58,211.42,101.63,3579.25,235.81,123.2,132.44,39.6,56.33,99.75,273.76
20260929,09:02:00,47959.33,42794.92,25903.31,16631.42,125.35,1889.62,396.84,462.67,542.04,106.49,161.7,191.23,90.85,137.75,273.94,121.88,190.9,289.61,3048.5,1628.53,464.69,73.66,232.27,953.96,374.61,238.96,283.16,444.65,211.69,101.63,3577.87,235.81,123.2,132.42,39.61,56.33,99.75,273.76
20260929,09:02:05,47963.35,42799.03,25905.63,16634.71,125.48,1889.62,396.84,462.81,542.35,106.65,161.74,191.33,90.86,137.97,273.94,121.92,190.86,289.61,3048.75,1628.2,464.38,73.73,232.44,955.58,374.32,238.96,283.21,444.75,211.72,101.63,3577.71,235.81,123.2,132.4,39.61,56.33,99.75,273.73
20260929,09:02:10,47982.15,42816.38,25908.78,16635.1,125.48,1889.85,396.85,463.05,542.45,106.74,161.75,191.32,90.87,137.99,273.94,121.95,190.9,289.6,3050.14,1629.16,464.14,73.83,232.5,955.87,374.67,238.96,283.21,444.66,211.64,101.69,3578.58,235.81,123.2,132.35,39.61,56.33,99.75,273.75
20260929,09:02:15,48020.17,42853.12,25923.39,16650.9,125.61,1889.85,396.88,463.05,542.53,106.73,162.94,191.33,91.83,138.01,273.94,121.97,191.12,289.59,3052.72,1631.32,464.51,73.96,232.51,954.81,374.7,238.98,283.15,444.64,211.75,101.69,3578.86,235.81,123.2,132.37,39.61,56.34,100.12,273.77
20260929,09:02:20,47992.94,42827.57,25922.62,16653.32,125.61,1889.85,396.87,463.05,542.46,106.73,162.95,191.36,91.83,138.21,273.94,122.01,191.12,289.57,3050.61,1628.92,464.98,74.13,232.52,956.26,374.7,238.95,283.21,444.65,211.8,101.69,3577.96,235.81,123.21,132.37,39.61,56.34,100.12,274.32
20260929,09:02:25,48010.23,42844.9,25938.94,16673.68,125.54,1889.85,399.59,463.05,542.44,106.65,162.99,191.41,91.85,138.22,273.94,122.02,191.12,289.6,3051.51,1629.14,465.15,74.13,232.53,957.32,374.98,238.95,283.35,444.65,211.82,101.69,3577.53,235.81,123.21,132.39,39.61,56.38,100.12,274.26
20260929,09:02:30,48009.89,42844.25,25940.79,16674.76,125.41,1889.85,399.59,463.05,542.56,106.65,163.02,191.48,91.86,138.44,273.94,122.03,191.16,289.6,3051.43,1628.97,465.25,74.19,232.53,957.41,374.99,238.95,283.36,444.62,211.84,101.69,3577.82,235.81,123.21,132.39,39.61,56.4,100.12,274.29
20260929,09:02:35,47973.66,42810.32,25942.0,16680.75,125.2,1889.85,400.22,463.14,542.39,106.65,163.04,191.49,91.88,138.44,273.94,122.04,191.01,289.61,3048.56,1626.72,465.18,74.16,232.53,957.38,374.7,238.95,283.6,444.62,211.82,101.69,3576.57,235.81,123.57,132.39,39.61,56.4,100.12,274.18
20260929,09:02:40,48015.41,42848.02,25953.88,16684.45,125.2,1889.85,400.61,463.22,542.36,106.73,163.04,191.49,91.88,138.44,273.94,122.1,191.01,289.66,3051.51,1629.33,465.1,74.15,232.71,956.76,375.04,238.95,283.2,444.62,211.82,101.69,3579.28,235.81,123.57,132.36,39.61,56.41,100.12,274.19
20260929,09:02:45,48027.47,42860.14,25960.84,16693.7,125.2,1889.85,400.76,463.3,542.46,106.73,163.07,191.49,91.9,138.46,273.94,122.08,191.01,289.66,3052.26,1629.5,465.71,74.15,232.71,957.32,375.03,238.95,283.26,444.62,211.83,101.69,3578.94,235.81,124.52,132.37,39.61,56.42,100.12,274.1
20260929,09:02:50,47986.85,42822.15,25956.73,16694.3,125.2,1889.85,400.91,463.24,542.45,106.73,163.07,191.5,91.9,138.47,273.94,122.2,191.01,289.59,3049.18,1627.11,465.79,74.2,232.95,956.99,375.06,238.95,283.24,444.55,211.81,101.69,3577.49,235.81,124.4,132.53,39.61,56.44,100.12,273.94
20260929,09:02:55,48033.3,42870.02,25948.71,16693.79,125.2,1889.85,401.08,463.07,542.38,106.81,163.08,191.47,91.91,138.04,273.94,122.11,191.01,289.59,3053.05,1629.78,466.43,74.25,232.95,956.79,375.08,238.95,283.57,444.66,211.82,101.69,3575.12,235.81,124.28,132.6,39.61,56.44,100.12,273.97
20260929,09:03:00,48037.79,42873.54,25949.71,16692.08,125.2,1888.43,400.91,463.07,542.26,106.81,163.13,191.53,91.94,138.03,274.12,122.11,191.01,289.6,3053.38,1629.94,466.83,74.28,232.93,957.17,375.08,238.95,283.12,444.66,211.79,101.69,3575.9,235.81,124.28,132.61,39.6,56.45,100.12,273.97
20260929,09:03:05,48033.28,42868.79,25951.65,16693.14,125.2,1887.01,400.75,462.94,542.43,106.82,163.1,191.47,91.93,138.21,274.12,122.09,190.87,289.61,3052.97,1629.67,466.76,74.21,232.94,957.3,375.08,238.97,283.08,444.66,211.79,101.69,3576.22,235.81,124.64,132.65,39.6,56.45,100.12,273.9
20260929,09:03:10,48031.26,42869.83,25943.66,16694.01,124.95,1887.01,400.3,462.86,542.44,106.82,163.08,191.46,91.92,138.25,274.12,122.22,190.87,289.6,3053.03,1629.65,466.96,74.21,233.12,957.16,375.07,238.97,283.06,444.66,211.57,101.69,3573.49,235.81,125.23,132.83,39.6,56.46,100.12,274.2
20260929,09:03:15,48031.98,42871.3,25940.92,16693.44,125.08,1887.01,400.91,462.84,542.44,106.82,163.07,191.43,91.92,138.45,274.12,122.11,190.68,289.59,3053.16,1629.92,466.43,74.19,233.43,957.02,375.08,238.83,283.0,444.77,211.78,101.69,3572.79,235.81,124.4,132.85,39.6,56.46,100.12,274.14
20260929,09:03:20,48030.98,42871.83,25942.92,16700.78,125.08,1887.01,401.25,463.25,542.41,106.86,163.09,191.53,91.91,138.24,274.0,122.11,190.68,289.59,3053.03,1629.71,466.57,74.17,233.42,957.22,375.06,238.83,283.01,444.77,211.77,101.69,3571.42,235.81,124.99,132.85,39.6,56.44,100.12,274.14
20260929,09:03:25,48042.07,42884.77,25943.27,16708.34,125.08,1887.01,401.99,463.0,542.32,106.88,163.13,191.57,91.94,138.24,274.0,122.13,190.72,289.6,3053.89,1629.89,466.57,74.21,233.43,958.62,375.07,238.83,283.01,444.77,211.78,101.72,3569.48,235.81,125.23,132.86,39.6,56.44,100.12,274.14
20260929,09:03:30,48045.13,42887.63,25945.82,16710.87,125.2,1887.01,402.47,462.84,542.2,106.89,163.14,191.59,91.94,138.25,274.0,122.15,190.72,289.58,3054.06,1629.86,466.56,74.23,233.18,958.81,375.43,238.83,283.35,444.77,211.81,101.72,3569.59,235.81,125.11,133.06,39.6,56.44,100.12,273.8
20260929,09:03:35,48002.65,42847.16,25934.27,16700.66,125.08,1888.43,401.47,462.33,541.84,106.89,163.12,191.57,91.93,138.47,274.0,122.23,190.68,289.58,3051.05,1627.33,466.62,74.26,233.25,959.31,375.15,238.83,283.36,444.76,211.82,101.72,3568.75,235.86,124.87,133.06,39.6,56.44,100.12,273.75
20260929,09:03:40,48039.91,42884.35,25934.9,16704.33,125.2,1888.45,402.04,462.5,541.68,106.91,163.12,191.56,91.93,138.47,274.0,122.2,190.68,289.61,3053.95,1629.57,466.56,74.32,233.5,959.05,375.14,238.83,283.37,444.82,211.7,101.72,3567.95,235.81,124.98,133.05,39.6,56.41,100.12,273.75
20260929,09:03:45,47994.68,42839.78,25940.31,16708.91,125.2,1888.45,402.12,462.5,541.82,106.91,163.12,191.56,91.93,138.47,274.0,122.23,190.87,289.61,3050.25,1626.95,466.36,74.37,233.49,958.87,375.14,238.83,283.03,444.77,211.75,101.72,3568.4,235.81,125.34,133.05,39.61,56.41,100.12,273.71
20260929,09:03:50,47992.56,42838.33,25935.92,16705.9,125.2,1888.82,401.63,462.5,541.82,106.93,163.17,191.67,91.95,138.47,274.0,122.19,190.87,289.62,3050.21,1627.02,466.15,74.37,233.61,958.79,375.15,238.8,282.93,444.73,211.77,101.72,3567.84,235.81,125.34,133.05,39.61,56.41,100.12,273.68
20260929,09:03:55,48040.86,42884.68,25932.06,16699.05,125.08,1888.82,400.93,462.49,542.26,106.93,163.13,191.58,91.94,138.47,274.0,122.33,190.91,289.62,3054.11,1629.53,466.11,74.38,233.61,959.98,375.81,238.8,283.13,444.73,211.72,101.72,3568.5,235.8,124.98,133.05,39.62,56.38,100.12,273.72
20260929,09:04:00,48002.02,42847.88,25930.65,16700.94,125.2,1888.82,401.01,462.56,542.54,106.92,163.14,191.54,91.95,138.46,274.0,122.34,190.87,289.62,3051.1,1627.42,466.09,74.47,233.19,959.89,375.79,238.8,282.86,444.7,211.75,101.72,3567.54,235.48,124.98,133.04,39.62,56.39,100.12,273.79
20260929,09:04:05,47987.08,42832.99,25923.9,16692.08,125.01,1888.82,400.81,462.41,541.78,106.92,163.13,191.5,91.95,138.46,274.0,122.34,190.87,289.59,3050.11,1627.28,466.08,74.48,233.19,958.34,375.58,238.8,282.61,444.68,211.75,101.65,3567.84,235.48,124.52,133.04,39.62,56.39,100.12,273.76
20260929,09:04:10,47992.07,42839.63,25919.0,16692.39,125.01,1888.82,400.81,462.41,542.1,106.92,163.14,191.5,91.96,138.42,274.0,122.35,190.87,289.58,3050.64,1627.21,466.34,74.49,233.21,959.08,375.35,238.8,282.96,444.68,211.75,101.65,3566.22,235.34,124.39,133.04,39.62,56.46,100.12,273.74
20260929,09:04:15,47984.17,42831.5,25914.54,16685.82,125.01,1888.6,400.96,462.49,542.29,106.92,162.34,191.5,91.31,138.43,274.0,122.34,190.72,289.57,3050.14,1626.98,465.95,74.58,233.21,958.79,375.29,238.77,283.02,444.67,211.73,101.65,3566.61,235.3,124.51,133.04,39.62,56.46,100.12,273.67
20260929,09:04:20,47990.41,42838.52,25916.64,16691.37,125.01,1888.6,401.68,462.56,542.38,107.02,162.35,191.52,91.31,138.44,274.0,122.47,190.72,289.69,3050.57,1627.2,466.18,74.59,233.34,958.77,375.04,238.76,283.05,444.7,211.7,101.66,3565.76,235.37,124.27,133.14,39.62,56.47,100.12,273.69
20260929,09:04:25,47993.93,42839.58,25931.96,16701.06,125.01,1888.6,402.93,462.57,542.43,107.02,162.38,191.6,91.32,138.44,274.0,122.34,190.72,289.7,3050.43,1627.01,466.24,74.64,233.52,958.99,375.29,238.76,282.8,444.69,211.81,101.66,3567.92,235.37,124.27,133.14,39.62,56.47,100.12,273.65
20260929,09:04:30,48000.88,42845.02,25932.93,16697.72,125.01,1888.6,402.38,462.83,542.43,107.02,162.39,191.65,91.32,138.43,274.0,122.34,190.68,289.71,3050.94,1627.22,466.33,74.61,233.55,959.05,375.55,238.76,283.11,444.66,211.8,101.66,3569.13,235.69,124.27,133.14,39.62,56.45,100.12,273.68
20260929,09:04:35,47962.16,42805.84,25938.21,16698.91,125.2,1888.78,402.11,462.75,542.3,107.06,162.62,191.64,91.51,138.41,274.0,122.35,190.64,289.7,3047.76,1624.83,466.43,74.58,233.43,959.04,375.11,238.76,283.06,444.33,211.81,101.66,3570.45,235.69,124.27,133.14,39.62,56.45,100.12,274.0
20260929,09:04:40,47959.29,42804.99,25933.17,16699.64,125.08,1888.78,402.13,462.75,542.64,107.06,162.39,191.59,91.34,138.43,274.0,122.33,190.64,289.7,3047.67,1624.84,466.28,74.58,233.43,958.93,375.11,238.89,283.1,444.37,211.95,101.66,3568.68,235.69,124.51,133.16,39.62,56.45,100.09,273.69
20260929,09:04:45,47992.94,42838.82,25936.11,16706.54,125.2,1888.78,402.12,462.75,542.54,107.06,162.41,191.64,91.34,138.44,274.0,122.44,190.69,289.69,3050.23,1627.25,466.25,74.52,233.46,957.99,375.32,238.89,282.82,444.37,212.1,101.66,3567.73,235.69,124.98,133.16,39.62,56.46,100.09,273.94
20260929,09:04:50,47995.4,42838.8,25941.58,16704.73,125.08,1888.78,402.04,462.51,542.41,107.08,162.41,191.66,91.34,138.44,274.0,122.43,190.74,289.66,3050.27,1627.13,466.37,74.51,233.46,958.36,375.51,238.75,282.81,444.33,211.97,101.66,3569.93,235.69,125.1,133.15,39.62,56.48,100.09,273.92
20260929,09:04:55,47941.96,42786.65,25939.07,16701.56,125.08,1888.78,401.96,462.77,542.49,106.91,162.42,191.64,91.34,138.43,274.0,122.34,190.74,289.65,3046.15,1624.51,466.4,74.51,233.69,956.37,375.95,238.78,282.78,444.37,211.8,101.66,3570.0,235.69,125.1,133.05,39.62,56.48,100.09,273.88
20260929,09:05:00,47943.76,42787.66,25941.78,16702.18,125.08,1888.78,401.88,462.77,542.7,106.98,162.42,191.64,91.35,138.43,274.0,122.48,190.77,289.66,3046.21,1624.46,466.58,74.49,233.67,956.49,375.69,238.78,282.87,444.36,211.8,101.66,3570.68,235.69,125.11,133.05,39.62,56.48,100.09,273.62
20260929,09:05:05,47935.41,42780.12,25940.17,16702.35,124.95,1888.78,402.03,462.84,542.63,106.97,162.4,191.64,91.33,138.43,274.0,122.32,190.77,289.68,3045.6,1624.15,466.39,74.41,233.43,956.21,375.69,238.89,283.13,444.45,211.9,101.66,3570.13,235.69,124.99,133.16,39.62,56.5,100.09,273.62
20260929,09:05:10,47985.22,42824.76,25949.02,16699.47,124.95,1888.78,401.86,462.78,542.32,106.9,162.4,191.59,91.34,138.21,274.0,122.46,190.77,289.69,3049.27,1626.86,466.21,74.38,233.41,956.74,375.7,238.91,283.2,444.38,211.9,101.66,3573.68,235.69,124.87,133.22,39.62,56.5,100.09,273.64
20260929,09:05:15,47968.58,42811.11,25938.01,16695.42,124.95,1888.78,401.61,462.78,542.28,106.89,162.39,191.58,91.33,138.03,274.0,122.46,190.77,289.65,3048.27,1626.33,466.18,74.39,233.41,956.05,375.43,238.91,283.21,444.38,211.79,101.66,3571.34,235.65,124.76,133.31,39.62,56.51,100.09,273.65
20260929,09:05:20,47927.01,42769.1,25939.79,16692.39,125.01,1888.78,401.6,462.78,542.04,106.9,162.36,191.55,91.32,138.26,274.0,122.34,190.77,289.68,3044.95,1624.11,466.1,74.41,233.31,955.18,375.43,238.91,283.2,444.38,211.79,101.66,3572.72,235.65,124.64,133.15,39.61,56.51,100.08,273.61
20260929,09:05:25,47963.04,42802.43,25942.92,16690.08,125.01,1888.84,401.77,462.78,542.43,106.9,161.99,191.53,91.02,138.28,274.0,122.36,190.81,289.69,3047.7,1626.53,466.23,74.38,233.28,953.84,375.47,238.91,283.46,444.38,211.91,101.66,3574.32,235.65,124.4,133.08,39.61,56.51,100.07,273.59
20260929,09:05:30,47962.86,42801.78,25946.17,16692.17,125.08,1888.84,401.55,462.52,542.47,106.98,162.16,191.52,91.16,138.5,274.0,122.29,190.96,289.7,3047.59,1626.04,465.96,74.41,233.27,955.35,375.79,238.9,283.4,444.38,211.82,101.66,3574.77,235.67,124.64,133.08,39.61,56.54,100.07,273.65
20260929,09:05:35,47952.65,42790.79,25948.83,16691.79,125.08,1888.84,401.61,462.52,542.27,107.01,162.18,191.45,91.19,138.29,274.0,122.28,190.86,289.7,3046.72,1626.02,465.82,74.4,233.39,953.73,375.96,238.9,283.14,444.34,211.79,101.66,3575.71,235.67,124.64,133.15,39.61,56.58,100.07,273.63
20260929,09:05:40,47953.47,42791.88,25947.28,16690.97,125.08,1888.84,401.54,462.45,542.32,107.0,162.18,191.44,91.19,138.29,274.0,122.29,190.89,289.71,3046.82,1625.86,466.16,74.35,233.2,953.98,375.72,238.9,283.47,444.35,211.77,101.66,3575.44,235.67,124.64,133.02,39.61,56.57,100.07,273.67
20260929,09:05:45,47951.74,42789.0,25951.08,16691.35,125.2,1888.84,401.36,462.37,542.67,106.99,162.19,191.49,91.19,138.29,273.88,122.31,190.89,289.68,3046.58,1625.91,465.95,74.34,233.38,953.34,375.97,238.91,283.44,444.35,211.8,101.66,3576.53,235.67,124.64,132.98,39.61,56.58,100.07,273.67
20260929,09:05:50,47955.01,42791.92,25948.83,16687.85,125.2,1888.84,401.1,462.37,542.55,106.98,162.13,191.44,91.15,138.29,273.88,122.26,190.89,289.7,3046.9,1626.12,466.0,74.34,233.38,953.36,376.01,238.91,283.47,444.35,211.8,101.66,3576.77,235.67,124.52,133.14,39.61,56.58,100.07,273.72
20260929,09:05:55,47952.95,42788.97,25950.72,16686.87,125.2,1888.84,401.01,462.37,542.65,106.98,162.17,191.47,91.18,138.3,273.88,122.25,190.89,289.71,3046.69,1626.14,465.77,74.41,233.26,952.68,375.63,238.91,283.78,444.33,211.78,101.66,3577.63,235.67,124.4,133.12,39.61,56.59,100.07,273.77
20260929,09:06:00,47996.91,42830.86,25951.66,16684.79,125.2,1888.83,401.09,462.37,542.65,106.98,162.17,191.47,91.18,138.29,274.03,122.37,190.89,289.73,3050.11,1628.77,465.83,74.46,233.27,952.94,375.63,238.91,283.47,444.33,211.65,101.66,3578.49,235.67,124.04,133.28,39.61,56.6,100.07,273.75
20260929,09:06:05,47962.27,42796.34,25953.52,16684.34,125.08,1888.61,400.92,462.29,542.68,106.99,162.14,191.38,91.17,138.28,274.03,122.27,190.89,289.85,3047.34,1626.51,465.82,74.44,233.14,953.49,375.63,238.91,283.46,444.75,211.79,101.66,3579.19,235.67,124.04,133.25,39.61,56.6,100.07,273.72
20260929,09:06:10,47971.57,42804.99,25954.32,16683.9,125.2,1888.61,400.92,462.21,542.69,106.99,162.15,191.36,91.19,138.28,274.03,122.23,190.89,289.83,3048.05,1626.67,466.18,74.46,233.4,953.63,375.93,238.91,283.75,444.76,211.79,101.66,3579.56,235.67,123.92,133.35,39.61,56.61,100.07,273.72
20260929,09:06:15,47975.64,42809.15,25952.36,16682.29,125.08,1888.61,400.93,462.21,542.83,107.01,162.13,191.28,91.19,138.29,274.03,122.24,190.89,289.82,3048.42,1626.94,466.16,74.47,233.4,953.63,375.96,238.91,283.78,444.68,211.83,101.66,3579.39,235.71,123.69,133.41,39.61,56.6,100.07,273.67
20260929,09:06:20,47981.02,42814.32,25951.76,16681.36,125.2,1888.61,401.02,462.13,543.07,107.01,162.14,191.3,91.19,138.28,274.03,122.22,190.85,289.8,3048.86,1627.04,466.23,74.5,233.4,954.33,375.51,238.89,283.76,444.68,211.86,101.68,3579.45,235.71,123.33,133.41,39.61,56.6,100.07,273.64
20260929,09:06:25,47981.1,42814.67,25955.42,16686.48,125.08,1888.61,401.01,462.13,543.45,107.01,162.15,191.39,91.18,138.28,274.03,122.19,190.85,289.84,3048.77,1627.12,466.28,74.52,233.28,954.44,375.46,238.89,283.34,444.64,211.86,101.68,3579.21,235.71,123.81,133.6,39.61,56.6,100.09,273.64
20260929,09:06:30,48025.09,42854.01,25957.89,16677.54,125.08,1888.61,399.92,462.0,543.46,106.93,162.12,191.34,91.16,138.47,274.03,122.16,190.88,289.81,3052.15,1629.95,466.01,74.55,233.14,953.76,375.42,238.89,283.61,444.63,211.97,101.68,3582.4,235.71,123.69,133.46,39.61,56.59,100.09,273.65
20260929,09:06:35,47986.97,42817.59,25956.9,16678.83,125.08,1888.61,399.81,462.0,543.35,106.93,162.17,191.4,91.19,138.26,274.03,122.28,190.88,289.79,3049.19,1627.74,465.67,74.55,233.15,953.81,375.67,238.89,283.62,444.58,212.12,101.68,3581.75,235.71,123.69,133.46,39.61,56.6,100.09,273.7
20260929,09:06:40,47988.52,42819.45,25949.44,16671.41,125.08,1888.61,399.09,461.92,543.08,106.91,162.16,191.39,91.19,138.29,274.03,122.16,190.88,289.81,3049.52,1627.87,465.56,74.52,233.15,954.51,375.61,238.89,283.52,444.58,212.11,101.68,3581.43,235.71,123.57,133.7,39.61,56.6,100.09,273.66
20260929,09:06:45,47984.74,42815.27,25954.21,16675.24,125.08,1888.61,399.64,461.92,543.12,106.91,162.15,191.35,91.19,138.31,274.03,122.22,190.86,289.83,3049.09,1627.82,465.6,74.53,233.26,953.52,375.48,238.89,283.51,444.58,212.11,101.68,3581.88,235.71,123.45,133.7,39.6,56.63,100.09,273.73
20260929,09:06:50,47982.4,42813.45,25950.13,16672.08,124.95,1888.61,398.92,461.92,543.27,106.91,162.11,191.31,91.17,138.52,274.03,122.19,190.93,289.83,3049.02,1627.7,465.64,74.5,233.26,953.69,375.41,238.89,283.56,444.57,212.11,101.68,3581.46,235.71,123.69,133.77,39.6,56.63,100.09,273.75
20260929,09:06:55,47985.44,42815.17,25950.45,16668.27,124.95,1888.61,398.3,462.0,543.31,106.91,162.16,191.28,91.21,138.52,274.03,122.23,190.93,289.83,3049.25,1627.75,465.8,74.48,233.54,953.68,375.53,238.89,283.56,444.61,211.99,101.68,3582.59,235.71,123.8,133.77,39.6,56.63,100.09,273.74
20260929,09:07:00,47991.52,42817.42,25959.53,16666.39,124.95,1888.61,397.66,462.25,543.74,106.9,162.37,191.35,91.37,138.54,274.03,122.2,191.0,289.83,3049.47,1627.78,465.78,74.48,233.54,954.1,375.77,238.86,283.57,444.57,212.0,101.68,3585.94,235.71,123.68,133.77,39.59,56.63,100.09,273.75
20260929,09:07:05,47997.58,42819.7,25968.7,16664.85,124.95,1888.61,397.64,462.25,543.89,106.9,162.17,191.31,91.21,138.53,274.03,122.23,191.0,289.83,3049.69,1627.61,465.8,74.49,233.54,954.67,375.55,238.8,283.92,444.57,211.94,101.68,3589.23,235.71,123.8,133.73,39.59,56.61,100.09,273.72
20260929,09:07:10,47996.94,42819.03,25966.93,16662.64,124.82,1888.61,397.47,462.17,544.05,106.9,162.18,191.31,91.22,138.54,273.91,122.1,191.1,289.83,3049.69,1627.59,465.56,74.46,233.43,955.14,375.66,238.8,283.91,444.55,211.92,101.68,3589.27,235.71,123.8,133.73,39.59,56.61,100.09,273.67
20260929,09:07:15,47989.88,42813.09,25962.15,16660.28,124.83,1888.61,397.46,462.02,544.18,106.9,162.17,191.21,91.23,138.54,273.91,122.02,191.06,289.8,3049.27,1627.43,465.67,74.36,233.43,954.75,375.43,238.8,283.9,444.58,211.92,101.68,3588.42,235.71,123.56,133.71,39.59,56.61,100.09,273.68
20260929,09:07:20,47988.93,42814.51,25956.59,16661.75,124.83,1888.61,397.53,462.23,544.4,106.83,162.17,191.22,91.24,138.33,273.91,122.03,190.95,289.82,3049.35,1627.64,465.52,74.23,233.43,954.76,375.43,238.8,283.85,444.58,211.95,101.68,3586.29,235.71,123.56,133.73,39.59,56.61,100.09,273.69
20260929,09:07:25,48031.73,42856.59,25955.51,16661.76,124.83,1888.61,397.64,462.24,544.61,106.84,162.22,191.28,91.26,138.31,273.91,122.0,190.95,289.76,3052.74,1630.26,465.6,74.24,233.43,954.83,374.62,238.8,283.79,444.59,211.9,101.68,3585.95,235.71,123.44,133.73,39.59,56.6,100.09,273.67
20260929,09:07:30,48027.69,42852.79,25957.02,16663.98,124.7,1888.61,398.09,462.11,544.63,106.83,162.24,191.35,91.26,138.3,273.91,122.02,190.95,289.78,3052.38,1630.44,465.35,74.24,233.31,953.46,374.93,238.8,284.02,444.63,211.9,101.68,3585.82,235.71,123.32,133.72,39.59,56.58,100.09,273.71
20260929,09:07:35,48028.28,42852.29,25949.67,16651.92,124.83,1888.61,396.92,462.18,544.87,106.82,162.22,191.36,91.25,138.3,273.91,121.95,190.95,289.83,3052.63,1630.6,465.27,74.22,233.43,953.69,374.86,238.8,283.94,444.63,211.57,101.68,3586.79,235.71,123.2,133.73,39.59,56.57,100.09,273.67
20260929,09:07:40,48027.53,42852.34,25943.08,16646.93,124.83,1888.49,396.91,462.02,544.66,106.82,162.22,191.34,91.25,138.3,273.79,121.83,190.95,289.82,3052.76,1630.53,465.18,74.16,233.54,954.31,374.97,238.77,283.91,444.59,211.53,101.68,3586.09,235.71,122.85,133.73,39.59,56.57,100.09,273.69
20260929,09:07:45,48023.04,42849.1,25937.65,16644.49,124.83,1888.49,396.84,462.02,544.68,106.82,162.04,191.39,91.09,138.31,273.79,121.96,190.95,289.82,3052.55,1630.39,465.31,74.15,233.43,954.25,374.72,238.77,283.95,444.59,211.48,101.68,3585.05,235.71,122.85,133.63,39.59,56.57,100.0,273.72
20260929,09:07:50,47976.04,42803.0,25936.55,16642.2,124.83,1888.49,396.31,462.1,545.02,106.81,162.25,191.38,91.26,138.31,273.8,121.97,190.95,289.82,3048.89,1627.8,465.25,74.24,233.43,953.42,374.74,238.77,283.95,444.59,211.4,101.68,3585.33,235.71,122.73,133.63,39.59,56.57,100.0,273.69
20260929,09:07:55,47981.22,42808.47,25935.87,16642.81,124.83,1888.49,396.21,462.23,545.18,106.81,162.23,191.34,91.25,138.31,273.8,121.97,190.91,289.82,3049.32,1628.07,465.4,74.25,233.37,953.43,374.74,238.78,283.99,444.53,211.43,101.68,3584.95,235.71,122.85,133.53,39.62,56.56,100.0,273.72
20260929,09:08:00,47977.97,42804.77,25933.19,16637.95,124.83,1888.57,396.13,462.1,545.39,106.73,162.03,191.32,91.09,138.31,273.8,121.99,190.84,289.8,3049.14,1628.12,465.33,74.27,233.26,953.34,374.74,238.78,283.7,444.56,211.39,101.68,3585.44,235.64,122.61,133.53,39.62,56.56,100.0,273.67
20260929,09:08:05,47984.89,42811.53,25934.59,16639.62,124.7,1888.57,396.59,461.94,545.39,106.73,162.01,191.26,91.09,138.31,273.8,121.95,190.84,289.8,3049.64,1628.32,465.45,74.28,233.25,953.5,374.73,238.78,283.94,444.59,211.42,101.68,3585.42,235.64,122.49,133.49,39.62,56.56,100.04,273.64
20260929,09:08:10,47987.23,42813.4,25931.68,16634.89,124.7,1888.57,395.95,461.94,545.6,106.73,162.0,191.28,91.09,138.3,273.8,121.81,190.84,289.81,3049.91,1628.33,465.34,74.32,233.2,953.92,374.75,238.78,284.14,444.41,211.38,101.67,3585.79,235.64,122.61,133.49,39.62,56.58,100.04,273.59
20260929,09:08:15,47969.72,42795.9,25926.4,16627.36,124.83,1888.57,395.32,462.01,545.66,106.65,161.8,191.25,90.93,138.28,273.8,121.92,190.87,289.77,3048.68,1628.37,465.54,74.25,233.2,950.83,374.73,238.78,284.14,444.36,211.53,101.67,3586.19,235.64,122.25,133.49,39.62,56.56,100.04,273.59
20260929,09:08:20,47972.51,42798.88,25921.63,16622.73,124.7,1888.57,395.4,462.01,545.6,106.57,161.78,191.24,90.91,138.26,273.8,121.84,190.74,289.76,3049.03,1628.38,465.65,74.21,233.06,951.74,374.7,238.78,284.12,444.34,211.53,101.65,3585.96,235.64,121.9,133.39,39.6,56.54,100.04,273.57
20260929,09:08:25,47970.99,42798.12,25920.65,16624.01,124.83,1888.57,395.32,461.93,545.64,106.57,161.76,191.23,90.9,138.26,273.8,121.84,190.74,289.78,3048.94,1628.44,465.63,74.22,233.18,951.65,374.71,238.78,283.81,444.34,211.53,101.65,3585.3,235.64,122.14,133.39,39.6,56.54,99.87,273.54
20260929,09:08:30,47972.46,42799.61,25922.31,16626.12,124.7,1888.54,395.4,462.0,545.85,106.57,161.97,191.21,91.07,138.27,273.68,121.96,190.74,289.77,3049.01,1628.45,465.64,74.2,233.08,951.47,374.7,238.78,284.13,444.34,211.53,101.65,3585.25,235.64,121.9,133.43,39.6,56.54,99.87,273.51
20260929,09:08:35,47983.61,42810.88,25921.16,16626.16,124.83,1888.54,395.4,461.92,545.85,106.57,161.93,191.16,91.05,138.29,273.68,121.85,190.74,289.8,3049.91,1628.72,465.62,74.24,233.07,952.88,374.71,238.78,284.03,444.31,211.53,101.65,3584.88,235.64,122.02,133.43,39.6,56.54,99.86,273.51
20260929,09:08:40,47985.82,42815.22,25911.43,16622.3,124.83,1888.54,395.32,461.89,545.68,106.57,161.92,191.22,91.03,138.29,273.68,121.83,190.74,289.82,3050.36,1628.74,465.56,74.25,233.06,954.16,374.74,238.78,283.82,444.24,211.49,101.65,3582.89,235.64,121.9,133.03,39.6,56.56,99.86,273.5
20260929,09:08:45,47995.66,42824.91,25921.88,16634.67,124.83,1888.57,397.03,461.89,545.57,106.57,161.89,191.17,91.01,138.29,273.68,121.84,190.74,289.82,3050.84,1628.72,465.76,74.28,233.07,954.74,374.7,238.78,284.1,444.27,211.45,101.62,3582.79,235.64,122.02,133.03,39.6,56.56,99.86,273.5
20260929,09:08:50,48000.35,42826.92,25933.52,16639.5,124.77,1888.57,397.57,461.89,545.61,106.64,161.89,191.13,91.02,138.07,273.8,121.83,190.8,289.82,3050.89,1628.72,465.79,74.24,233.25,955.12,374.72,238.78,283.79,444.28,211.44,101.62,3585.12,235.64,122.14,133.03,39.6,56.58,99.86,273.48
20260929,09:08:55,47996.02,42822.22,25931.84,16635.96,124.76,1888.57,397.65,461.89,545.88,106.65,161.88,191.13,91.02,138.28,273.8,121.84,190.8,289.77,3050.59,1628.7,465.29,74.21,233.25,954.58,374.75,238.78,284.15,444.26,211.43,101.62,3585.55,235.64,121.42,133.23,39.6,56.56,99.86,273.54
20260929,09:09:00,47986.71,42814.81,25926.8,16635.7,124.76,1888.57,397.03,461.89,545.89,106.66,161.87,191.1,91.02,138.07,273.62,121.83,190.8,289.79,3050.0,1628.28,465.29,74.2,233.09,954.43,374.5,238.78,284.34,444.28,211.42,101.62,3584.05,235.64,122.02,133.23,39.6,56.56,99.86,273.54
20260929,09:09:05,47989.23,42817.66,25924.5,16634.39,124.76,1888.34,397.03,461.82,545.58,106.58,161.85,191.04,91.01,138.28,273.48,121.83,190.8,289.79,3050.26,1628.28,465.43,74.19,232.96,955.19,374.25,238.78,284.25,444.17,211.44,101.62,3583.68,235.64,122.02,133.25,39.6,56.56,99.86,273.56
20260929,09:09:10,47985.72,42814.17,25924.21,16633.81,124.76,1888.34,396.95,461.82,545.59,106.66,161.88,191.15,91.01,138.28,273.48,121.84,190.8,289.79,3050.0,1628.28,465.45,74.18,232.96,954.64,374.23,238.78,284.19,444.19,211.36,101.62,3583.75,235.6,122.02,133.26,39.6,56.56,99.86,273.58
20260929,09:09:15,47992.56,42820.84,25922.07,16631.36,124.76,1888.34,396.77,461.67,545.54,106.64,161.87,191.07,91.02,138.29,273.48,121.85,190.84,289.79,3050.59,1628.28,465.51,74.24,232.96,955.92,373.85,238.78,284.19,444.18,211.37,101.62,3583.75,235.6,121.9,133.26,39.6,56.58,99.86,273.56
20260929,09:09:20,47989.38,42818.28,25919.33,16630.02,124.63,1888.44,396.76,461.68,545.67,106.64,161.88,191.04,91.03,138.29,273.48,121.81,190.8,289.79,3050.42,1628.26,465.51,74.24,232.96,955.54,374.16,238.78,284.19,444.18,211.36,101.62,3583.26,235.6,121.78,133.26,39.6,56.57,99.86,273.58
20260929,09:09:25,47987.93,42817.44,25916.85,16629.09,124.63,1888.48,396.77,461.68,545.4,106.64,161.87,191.03,91.03,138.29,273.48,121.83,190.8,289.82,3050.37,1628.1,465.39,74.25,232.96,956.07,374.22,239.07,284.14,444.21,211.35,101.62,3582.73,235.6,121.78,133.26,39.6,56.56,99.86,273.56
20260929,09:09:30,47989.39,42818.28,25921.43,16632.4,124.63,1888.48,396.86,461.68,545.53,106.64,162.07,191.06,91.18,138.3,273.48,121.82,190.8,289.82,3050.36,1628.26,464.78,74.26,232.96,956.12,374.16,239.07,284.18,444.2,211.35,101.62,3583.27,235.74,121.78,133.26,39.6,56.55,99.86,273.53
20260929,09:09:35,47992.43,42821.74,25917.72,16629.77,124.5,1888.37,396.75,461.69,545.52,106.64,162.05,190.97,91.19,138.29,273.48,121.82,190.8,289.84,3050.7,1628.64,464.69,74.29,232.71,955.99,374.41,239.07,284.17,444.2,211.37,101.62,3582.82,235.74,121.66,133.18,39.6,56.54,99.86,273.48
20260929,09:09:40,47987.19,42816.63,25924.19,16637.22,124.63,1888.37,397.54,461.69,545.44,106.64,162.04,190.93,91.19,138.29,273.48,121.84,190.84,289.83,3050.11,1628.66,464.63,74.29,232.72,955.01,374.41,238.95,283.86,444.21,211.37,101.62,3582.82,235.41,121.9,133.18,39.6,56.56,99.86,273.46
20260929,09:09:45,47994.87,42821.89,25932.12,16638.89,124.44,1888.37,397.56,461.61,545.38,106.67,162.06,190.98,91.19,138.3,273.48,121.84,190.84,289.83,3050.5,1628.7,464.78,74.3,232.97,954.97,374.41,238.95,284.18,444.26,211.37,101.62,3584.84,235.41,122.14,133.19,39.6,56.58,99.86,273.46
20260929,09:09:50,47987.91,42814.89,25932.88,16639.05,124.57,1888.37,397.47,461.61,545.43,106.67,162.07,191.03,91.19,138.31,273.48,121.95,190.84,289.83,3049.93,1628.43,464.82,74.3,232.72,955.07,374.54,238.95,283.83,444.22,211.41,101.62,3585.04,235.41,122.02,133.19,39.6,56.59,99.86,273.46
20260929,09:09:55,47988.96,42816.33,25930.98,16638.25,124.57,1887.63,397.48,461.61,545.45,106.67,162.07,191.01,91.19,138.32,273.48,121.85,190.98,289.82,3050.06,1628.39,464.9,74.31,232.72,955.05,374.52,238.95,284.13,444.19,211.37,101.62,3584.66,235.41,122.02,133.19,39.6,56.59,99.86,273.54
20260929,09:10:00,48019.91,42846.55,25930.38,16637.79,124.57,1887.63,397.4,461.62,545.75,106.67,162.09,191.13,91.19,138.32,273.48,121.85,190.94,289.83,3052.51,1630.34,464.8,74.33,232.71,954.86,374.52,238.94,284.17,444.14,211.37,101.62,3584.6,235.41,121.9,133.19,39.6,56.59,99.86,273.53
20260929,09:10:05,48026.84,42852.91,25928.56,16634.37,124.57,1888.0,397.31,461.7,545.75,106.67,162.09,191.1,91.19,138.3,273.48,121.87,190.94,289.83,3053.1,1630.7,465.04,74.35,232.84,954.78,374.52,238.92,284.16,444.26,211.34,101.62,3584.96,235.41,121.54,133.19,39.6,56.58,99.86,273.48
20260929,09:10:10,47977.85,42806.21,25923.91,16632.5,124.57,1888.0,396.85,461.7,545.99,106.65,162.06,191.01,91.19,138.31,273.48,121.87,190.98,289.8,3049.39,1627.72,465.13,74.39,232.78,955.46,374.54,238.92,283.8,444.26,211.43,101.62,3584.01,235.41,121.54,133.19,39.6,56.6,99.86,273.48
20260929,09:10:15,48019.85,42847.07,25929.62,16638.84,124.57,1888.12,397.32,461.7,546.13,106.57,162.27,191.05,91.35,138.3,273.48,121.87,190.84,289.8,3052.53,1630.27,465.13,74.41,232.8,955.15,374.48,238.92,283.7,444.23,211.41,101.62,3584.08,235.41,121.66,133.16,39.6,56.61,99.86,273.48
20260929,09:10:20,48022.49,42849.62,25923.33,16631.53,124.57,1888.12,396.77,461.7,545.92,106.59,162.26,191.04,91.34,138.29,273.48,121.85,190.84,289.8,3052.91,1630.31,465.17,74.39,232.98,955.33,374.47,238.78,284.05,444.2,211.26,101.62,3584.1,235.41,121.54,133.16,39.6,56.6,99.86,273.48
20260929,09:10:25,48029.5,42857.41,25918.93,16629.67,124.57,1888.12,396.06,461.7,545.91,106.59,162.25,191.05,91.33,138.31,273.48,121.84,190.84,289.83,3053.58,1630.63,465.22,74.43,233.22,955.6,374.4,238.77,284.05,444.25,211.4,101.62,3583.23,235.41,121.79,133.17,39.61,56.61,99.86,273.46
20260929,09:10:30,48028.37,42855.84,25920.08,16629.45,124.57,1888.12,395.98,461.7,546.0,106.67,162.45,191.08,91.49,138.1,273.48,121.93,190.84,289.83,3053.46,1630.72,465.25,74.42,233.34,955.07,374.46,238.77,283.92,444.25,211.37,101.62,3583.65,235.41,121.55,133.1,39.57,56.6,99.86,273.46
20260929,09:10:35,48025.44,42854.2,25912.37,16624.64,124.44,1888.12,395.88,461.71,545.97,106.67,162.46,191.05,91.5,138.31,273.36,121.86,190.84,289.82,3053.44,1630.72,465.42,74.44,233.1,955.12,374.47,238.77,283.87,444.25,211.22,101.62,3582.55,235.41,121.32,133.1,39.57,56.59,99.86,273.46
20260929,09:10:40,48026.0,42853.77,25920.89,16631.15,124.63,1888.12,396.5,461.75,545.62,106.67,162.44,191.07,91.48,138.31,273.24,121.86,190.84,289.8,3053.25,1630.76,465.32,74.43,233.1,954.66,374.41,238.52,283.87,444.24,211.4,101.62,3583.44,235.41,121.43,133.1,39.57,56.59,99.86,273.51
20260929,09:10:45,47987.7,42815.12,25928.5,16635.46,124.63,1888.12,397.13,461.75,545.67,106.59,162.44,191.07,91.48,138.31,273.24,121.75,190.84,289.82,3050.03,1628.32,465.43,74.47,233.1,954.67,374.65,238.49,283.58,444.24,211.4,101.62,3584.65,235.45,121.55,133.04,39.57,56.57,99.86,273.45
20260929,09:10:50,47993.82,42821.61,25925.5,16633.79,124.63,1888.12,397.13,461.67,545.64,106.59,162.25,191.07,91.33,138.3,273.24,121.78,190.84,289.79,3050.6,1628.59,465.76,74.5,233.21,954.64,374.74,238.49,283.61,444.26,211.36,101.62,3584.16,235.45,121.67,133.0,39.57,56.55,99.86,273.45
20260929,09:10:55,47991.5,42821.34,25919.09,16633.07,124.63,1888.12,397.13,461.75,545.61,106.67,162.28,191.17,91.33,138.3,273.24,121.91,190.79,289.8,3050.59,1628.34,465.75,74.48,233.21,955.1,374.74,238.51,283.88,444.28,211.35,101.62,3582.35,235.45,121.43,133.0,39.57,56.55,99.86,273.43
20260929,09:11:00,47990.58,42819.26,25921.87,16632.28,124.63,1888.14,397.13,461.75,545.49,106.68,162.29,191.21,91.33,138.3,273.24,121.91,190.79,289.8,3050.44,1628.44,465.72,74.46,233.21,954.53,374.67,238.51,283.87,444.28,211.38,101.62,3583.44,235.54,121.2,133.0,39.57,56.54,99.86,273.76
20260929,09:11:05,47994.73,42822.61,25921.76,16629.88,124.63,1888.14,397.04,461.57,545.46,106.68,162.28,191.18,91.33,138.3,273.24,121.92,190.79,289.79,3050.77,1628.43,465.76,74.5,233.46,955.28,374.67,238.51,283.65,444.28,211.35,101.62,3584.05,235.54,121.08,133.0,39.57,56.53,99.88,273.75
20260929,09:11:10,47995.11,42823.38,25923.03,16632.67,124.63,1888.14,397.05,461.57,545.49,106.76,162.28,191.18,91.33,138.29,273.24,121.91,190.65,289.78,3050.77,1628.44,465.77,74.5,233.53,955.21,374.42,238.62,283.65,444.28,211.35,101.62,3583.69,235.54,121.43,133.0,39.57,56.53,99.88,273.68
20260929,09:11:15,47989.92,42818.44,25921.65,16631.45,124.63,1888.08,397.12,461.57,545.49,106.76,162.09,191.17,91.17,138.3,273.24,121.91,190.65,289.79,3050.4,1628.29,465.66,74.49,233.53,955.13,374.36,238.62,283.51,444.29,211.38,101.62,3583.6,235.54,121.55,132.99,39.57,56.53,99.88,273.37
20260929,09:11:20,48028.15,42855.37,25919.34,16627.74,124.57,1888.08,396.33,461.64,545.49,106.75,162.28,191.21,91.32,138.29,273.24,121.77,190.65,289.79,3053.46,1630.62,465.79,74.45,233.52,954.75,374.36,238.62,283.84,444.27,211.4,101.62,3583.88,235.54,121.67,132.98,39.57,56.54,99.88,273.37
20260929,09:11:25,47989.66,42817.92,25922.51,16631.58,124.57,1888.08,396.41,461.64,545.73,106.75,162.25,191.11,91.32,138.27,273.24,121.8,190.65,289.8,3050.35,1628.24,465.67,74.46,233.52,954.71,374.36,238.62,283.9,444.27,211.39,101.62,3583.83,235.54,122.03,132.98,39.57,56.53,99.83,273.35
20260929,09:11:30,47986.6,42814.54,25918.91,16626.09,124.57,1888.08,395.69,461.57,545.79,106.75,162.24,191.07,91.32,138.03,273.24,121.79,190.65,289.8,3050.21,1628.31,465.61,74.44,233.63,954.21,374.36,238.62,283.87,444.27,211.39,101.62,3584.19,235.54,122.03,132.98,39.57,56.53,99.83,273.35
20260929,09:11:35,47980.94,42811.12,25912.5,16625.73,124.57,1888.08,395.69,461.69,545.76,106.75,162.25,191.07,91.33,138.24,273.24,121.8,190.65,289.8,3049.94,1628.08,465.66,74.46,233.27,954.64,374.35,238.59,283.77,444.33,211.39,101.62,3582.29,235.54,121.91,132.97,39.57,56.53,99.83,273.35
20260929,09:11:40,48020.79,42848.14,25919.55,16627.75,124.44,1888.08,396.17,461.69,545.76,106.75,162.24,191.02,91.33,138.27,273.24,121.77,190.65,289.81,3052.88,1630.58,465.54,74.46,233.15,954.16,374.35,238.59,283.77,444.33,211.2,101.62,3583.94,235.54,122.03,132.97,39.57,56.53,99.83,273.35
20260929,09:11:45,47975.62,42804.12,25917.32,16625.19,124.57,1888.08,395.69,461.69,545.74,106.75,162.22,191.02,91.31,138.28,273.12,121.86,190.69,289.82,3049.39,1628.06,465.65,74.41,233.15,953.72,373.91,238.59,283.75,444.33,211.33,101.62,3583.94,235.54,121.91,132.97,39.57,56.53,99.83,273.35
20260929,09:11:50,47980.29,42808.06,25915.76,16621.35,124.57,1888.08,395.77,461.7,545.57,106.67,162.22,191.02,91.31,138.29,273.12,121.73,190.69,289.82,3049.8,1628.22,465.67,74.37,233.15,954.18,374.01,238.58,283.77,444.37,211.32,101.62,3584.49,235.58,121.55,132.97,39.57,56.53,99.83,273.36
20260929,09:11:55,48022.12,42845.89,25925.53,16622.77,124.57,1888.08,396.3,461.72,545.57,106.67,162.22,190.98,91.32,138.29,273.12,121.73,190.65,289.8,3052.82,1630.6,465.8,74.25,233.52,953.83,374.0,238.58,283.73,444.38,211.27,101.62,3587.16,235.57,121.32,133.0,39.57,56.51,99.84,273.36
20260929,09:12:00,47978.07,42801.98,25928.04,16622.35,124.57,1888.08,395.85,461.98,545.63,106.67,162.24,191.05,91.32,138.27,273.12,121.73,190.69,289.8,3049.29,1628.19,465.23,74.24,233.51,953.54,373.98,238.58,283.7,444.39,211.32,101.62,3588.06,235.53,121.55,133.0,39.57,56.51,99.84,273.35
20260929,09:12:05,47970.37,42791.19,25938.44,16623.28,124.63,1888.08,395.85,461.98,545.36,106.67,162.22,191.04,91.31,138.26,273.12,121.85,190.69,290.25,3048.4,1627.93,465.23,74.24,233.31,952.39,373.98,238.58,283.73,444.4,211.33,101.62,3591.06,235.57,121.55,132.87,39.57,56.51,99.84,273.34
20260929,09:12:10,47963.5,42783.27,25939.71,16620.67,124.63,1888.08,395.84,461.98,544.93,106.59,162.23,191.04,91.32,138.27,273.24,121.72,190.69,290.28,3047.82,1627.93,464.96,74.33,233.04,951.66,373.94,238.59,283.54,444.4,211.21,101.62,3592.16,235.57,121.67,132.87,39.57,56.5,99.84,273.34
20260929,09:12:15,48003.54,42822.19,25939.56,16620.16,124.63,1888.08,395.75,461.96,544.95,106.59,162.23,191.02,91.32,138.26,273.24,121.73,190.69,290.27,3050.97,1630.52,464.98,74.31,233.16,951.1,373.94,238.61,283.5,444.4,211.23,101.62,3592.26,235.57,121.67,132.87,39.57,56.5,99.84,273.34
20260929,09:12:20,48007.8,42826.2,25939.17,16619.25,124.63,1886.66,395.82,462.17,544.95,106.67,162.21,191.04,91.31,138.26,273.24,121.75,190.69,290.26,3051.32,1630.54,464.96,74.34,232.97,951.98,373.93,238.6,283.5,444.35,211.19,101.62,3592.38,235.57,121.55,132.89,39.57,56.5,99.84,273.33
20260929,09:12:25,48008.27,42826.46,25939.29,16618.76,124.63,1886.66,395.74,462.18,544.95,106.67,162.25,191.06,91.33,138.25,273.24,121.76,190.69,290.26,3051.35,1630.57,465.01,74.33,233.09,951.95,373.99,238.6,283.4,444.34,211.04,101.62,3592.55,235.57,121.67,132.9,39.57,56.51,99.84,273.33
20260929,09:12:30,47964.88,42785.52,25935.95,16619.34,124.62,1886.66,395.75,462.18,544.95,106.52,162.26,191.09,91.33,138.27,273.24,121.9,190.69,290.26,3048.03,1628.12,464.98,74.35,233.09,951.61,373.99,238.59,283.41,444.41,211.2,101.62,3591.35,235.57,121.43,132.9,39.57,56.52,99.84,273.38
20260929,09:12:35,47962.24,42784.29,25931.01,16618.16,124.62,1886.66,395.58,462.18,545.03,106.52,162.25,191.08,91.33,138.28,273.24,121.78,190.69,290.25,3047.96,1628.22,465.0,74.36,232.83,951.74,374.01,238.59,283.1,444.41,211.15,101.62,3590.12,235.57,121.55,132.9,39.57,56.54,99.83,273.43
20260929,09:12:40,47963.51,42785.49,25926.56,16612.94,124.62,1886.66,395.03,462.18,544.93,106.52,162.25,191.09,91.33,138.28,273.24,121.8,190.73,290.23,3048.19,1628.25,465.08,74.34,232.72,951.84,373.94,238.59,283.4,444.41,211.15,101.62,3590.15,235.57,121.43,132.89,39.57,56.53,99.83,273.43
20260929,09:12:45,47962.33,42785.12,25929.58,16619.03,124.49,1888.08,395.67,462.18,544.96,106.52,162.25,191.09,91.33,138.28,273.24,121.8,190.73,290.23,3048.01,1628.07,465.09,74.33,232.73,952.0,373.95,238.59,283.4,444.4,211.19,101.62,3589.44,235.57,121.55,132.89,39.57,56.54,99.83,273.37
20260929,09:12:50,47965.87,42788.04,25929.3,16616.93,124.49,1888.02,395.66,462.25,544.89,106.52,162.05,191.11,91.16,138.3,273.12,121.81,190.73,290.02,3048.3,1628.21,465.12,74.36,232.73,952.02,373.99,238.59,283.48,444.37,211.2,101.62,3589.92,235.5,121.67,132.9,39.57,56.53,99.83,273.37
20260929,09:12:55,47973.26,42794.73,25937.64,16624.82,124.62,1887.97,396.29,462.29,544.92,106.54,162.25,191.11,91.32,138.29,273.12,121.84,190.87,290.02,3048.65,1628.38,465.12,74.35,232.98,952.14,374.0,238.59,283.48,444.37,211.19,101.62,3590.39,235.5,121.67,132.99,39.57,56.53,99.83,273.36
20260929,09:13:00,47966.27,42787.32,25933.16,16617.63,124.62,1887.97,395.58,462.29,544.92,106.62,162.25,191.11,91.32,138.51,273.12,121.79,190.73,290.01,3048.22,1628.2,464.88,74.31,233.1,951.99,374.0,238.59,283.39,444.2,211.18,101.62,3590.94,235.5,121.55,132.8,39.57,56.53,99.83,273.34
20260929,09:13:05,47954.81,42777.36,25929.08,16617.01,124.62,1887.97,395.49,462.37,544.58,106.62,162.25,191.1,91.32,138.5,273.12,121.76,190.73,290.03,3047.43,1628.13,464.38,74.23,232.85,951.64,374.0,238.64,283.08,444.31,211.19,101.62,3589.84,235.5,121.67,132.8,39.52,56.53,99.83,273.4
20260929,09:13:10,47948.75,42770.74,25926.23,16611.31,124.62,1887.97,394.87,462.3,544.5,106.62,162.24,191.08,91.32,138.08,273.12,121.76,190.73,290.04,3047.04,1628.06,464.28,74.23,232.62,950.86,374.0,238.64,283.39,444.31,211.25,101.62,3590.49,235.5,121.55,132.8,39.52,56.56,99.83,273.4
20260929,09:13:15,47987.71,42808.95,25929.23,16615.6,124.62,1887.97,395.33,462.3,544.52,106.62,162.22,191.04,91.31,138.08,273.12,121.75,190.87,290.02,3050.01,1630.49,464.12,74.24,232.58,950.66,373.84,238.64,283.35,444.31,211.31,101.62,3590.26,235.45,121.67,132.6,39.53,56.58,99.83,273.4
20260929,09:13:20,47943.48,42765.81,25929.83,16616.16,124.62,1887.97,395.42,462.43,544.52,106.62,162.24,191.05,91.32,138.27,273.12,121.74,190.73,290.05,3046.52,1628.05,464.01,74.27,232.48,950.48,373.85,238.64,283.04,444.37,211.25,101.62,3590.3,235.45,121.67,132.58,39.54,56.57,99.83,273.4
20260929,09:13:25,47940.38,42762.95,25925.59,16611.81,124.62,1887.97,394.97,462.43,544.52,106.72,162.22,191.08,91.3,138.27,273.12,121.72,190.73,290.09,3046.4,1627.87,464.12,74.27,232.64,950.46,373.84,238.62,283.04,444.35,211.13,101.62,3590.16,235.45,121.67,132.65,39.54,56.55,99.83,273.39
20260929,09:13:30,47984.83,42805.57,25928.22,16612.51,124.62,1887.97,394.97,462.43,544.52,106.63,162.22,191.08,91.3,138.27,273.12,121.84,190.69,290.08,3049.81,1630.56,464.06,74.28,232.76,949.88,373.85,238.62,283.3,444.35,211.14,101.62,3590.79,235.45,121.67,132.65,39.54,56.57,99.83,273.39
20260929,09:13:35,47948.47,42769.5,25929.88,16612.29,124.49,1887.97,394.97,462.51,544.54,106.71,162.25,191.14,91.31,138.28,273.12,121.72,190.83,290.12,3046.91,1628.27,464.1,74.31,232.78,950.31,373.91,238.62,283.01,444.28,211.34,101.62,3591.37,235.45,121.43,132.71,39.53,56.57,99.83,273.39
20260929,09:13:40,47946.48,42767.55,25927.94,16610.03,124.49,1887.97,394.87,462.51,544.46,106.63,162.26,191.19,91.31,138.28,273.12,121.72,190.83,290.11,3046.81,1628.24,464.03,74.3,232.78,950.27,373.92,238.62,283.01,444.22,211.32,101.62,3591.37,235.45,121.31,132.71,39.53,56.57,99.83,273.43
20260929,09:13:45,47989.14,42809.5,25931.47,16615.35,124.43,1887.97,395.33,462.58,544.56,106.71,162.26,191.24,91.3,138.27,273.12,121.72,190.83,290.12,3050.06,1630.76,463.97,74.27,232.78,950.32,373.97,238.62,283.02,444.19,211.34,101.62,3591.03,235.45,121.42,132.83,39.53,56.57,99.83,273.45
20260929,09:13:50,47956.58,42780.73,25924.56,16617.31,124.43,1887.97,395.42,462.67,544.56,106.71,162.33,191.21,91.36,138.27,273.12,121.82,190.83,290.15,3047.7,1628.65,464.1,74.27,232.68,950.71,373.66,238.53,283.41,444.19,211.34,101.62,3588.34,235.45,121.31,132.83,39.53,56.57,99.83,273.73
20260929,09:13:55,47960.46,42782.04,25927.02,16611.84,124.56,1887.97,394.95,462.67,544.59,106.71,162.33,191.22,91.36,138.27,273.12,121.81,190.83,290.15,3047.93,1628.61,464.15,74.27,232.67,951.6,373.91,238.5,283.16,444.19,211.2,101.62,3590.59,235.45,121.31,132.73,39.53,56.57,99.83,273.42
20260929,09:14:00,47998.82,42819.16,25927.5,16611.56,124.56,1887.97,394.87,462.69,544.57,106.73,162.33,191.2,91.37,138.27,273.0,121.7,190.83,290.15,3050.93,1631.03,464.33,74.28,232.79,951.05,373.91,238.5,283.1,444.26,211.3,101.62,3590.82,235.45,121.31,132.72,39.53,56.57,99.83,273.42
20260929,09:14:05,47957.42,42778.82,25927.13,16611.11,124.56,1887.97,394.87,462.69,544.62,106.73,162.33,191.2,91.37,138.27,273.0,121.7,190.83,290.12,3047.69,1628.39,464.44,74.26,232.79,951.31,373.92,238.5,283.15,444.26,211.24,101.62,3590.82,235.45,121.31,132.72,39.53,56.57,99.83,273.45
20260929,09:14:10,47959.81,42781.76,25925.34,16611.09,124.43,1887.97,394.79,462.69,544.58,106.73,162.31,191.17,91.35,138.25,273.0,121.67,190.83,290.12,3047.93,1628.5,464.67,74.28,232.75,951.34,373.87,238.48,283.15,444.26,211.27,101.62,3590.27,235.49,121.42,132.78,39.53,56.57,99.83,273.42
20260929,09:14:15,47958.2,42780.68,25920.42,16607.06,124.56,1887.97,394.25,462.61,544.54,106.73,162.31,191.15,91.36,138.27,273.0,121.69,190.83,290.12,3047.94,1628.52,464.65,74.26,232.75,951.32,373.88,238.47,283.16,444.26,211.27,101.62,3589.83,235.49,121.42,132.65,39.53,56.57,99.83,273.42
20260929,09:14:20,47960.13,42782.49,25920.59,16607.03,124.56,1887.97,394.26,462.61,544.51,106.73,162.32,191.16,91.36,138.25,273.0,121.83,190.83,290.13,3048.09,1628.49,464.62,74.25,232.75,951.38,374.01,238.49,283.47,444.25,211.27,101.62,3589.89,235.45,121.31,132.65,39.53,56.57,99.83,273.45
20260929,09:14:25,47954.82,42777.57,25917.96,16604.85,124.56,1887.97,394.17,462.61,544.69,106.73,162.29,191.15,91.34,138.03,273.0,121.82,190.79,290.19,3047.74,1628.26,464.55,74.25,232.75,951.55,373.88,238.49,283.33,444.25,211.29,101.62,3589.66,235.45,121.07,132.69,39.53,56.57,99.83,273.48
20260929,09:14:30,47953.94,42778.71,25911.06,16603.63,124.56,1887.97,394.17,462.61,544.76,106.73,162.29,191.19,91.33,138.0,273.0,121.69,190.79,290.19,3047.86,1628.47,464.64,74.22,232.75,951.51,373.87,238.49,283.04,444.14,211.28,101.61,3587.84,235.45,121.07,132.62,39.53,56.57,99.83,273.49
20260929,09:14:35,47957.04,42779.28,25919.2,16604.76,124.56,1886.55,394.09,462.61,544.77,106.73,162.25,191.15,91.31,138.22,273.0,121.8,190.83,290.19,3047.88,1628.37,464.57,74.22,232.78,951.41,374.02,238.49,283.41,444.16,211.27,101.61,3590.07,235.78,121.19,132.62,39.54,56.59,99.83,273.49
20260929,09:14:40,47958.56,42780.93,25914.64,16600.13,124.37,1886.55,393.61,462.61,544.77,106.73,162.26,191.2,91.31,138.22,273.0,121.68,190.83,290.19,3048.13,1628.46,464.7,74.22,232.75,951.62,374.0,238.49,283.41,444.18,211.37,101.63,3589.91,235.78,121.07,132.62,39.54,56.59,99.83,273.47
20260929,09:14:45,47993.21,42815.92,25911.0,16600.03,124.37,1886.55,393.6,462.61,544.72,106.73,162.28,191.21,91.32,138.23,273.23,121.67,190.69,290.19,3050.95,1630.61,464.85,74.21,232.74,951.59,373.98,238.49,283.41,444.18,211.38,101.63,3588.8,235.78,121.07,132.62,39.54,56.6,99.83,273.44
20260929,09:14:50,47986.68,42809.82,25911.31,16601.23,124.37,1886.53,393.61,462.61,544.76,106.73,162.28,191.21,91.32,138.23,273.23,121.68,190.69,290.19,3050.43,1630.74,464.52,74.2,232.76,950.69,374.1,238.49,283.1,444.18,211.38,101.62,3588.57,235.78,121.19,132.62,39.54,56.6,99.83,273.44
20260929,09:14:55,47945.12,42769.06,25913.82,16603.28,124.37,1887.95,393.61,462.61,544.74,106.73,162.29,191.21,91.33,138.26,273.23,121.8,190.83,290.18,3047.09,1627.95,464.27,74.2,232.76,951.22,374.1,238.49,283.41,444.21,211.36,101.65,3588.8,235.78,121.21,132.62,39.54,56.6,99.83,273.58
20260929,09:15:00,47945.05,42768.11,25918.69,16605.9,124.37,1887.95,394.14,462.61,544.73,106.65,162.28,191.16,91.33,138.25,273.23,121.68,190.83,290.2,3046.96,1628.04,464.27,74.22,232.76,950.59,374.06,238.49,283.4,444.1,211.36,101.65,3589.6,235.78,121.21,132.62,39.54,56.62,99.83,273.56
20260929,09:15:05,47940.54,42763.37,25912.88,16598.03,124.37,1887.95,393.36,462.61,544.57,106.65,162.27,191.15,91.33,138.25,273.23,121.69,190.83,290.19,3046.76,1627.91,464.34,74.2,232.76,950.5,374.11,238.49,283.39,444.16,211.28,101.65,3589.92,235.78,121.09,132.61,39.54,56.62,99.83,273.55
20260929,09:15:10,47941.9,42767.47,25907.97,16601.69,124.5,1887.95,393.83,462.61,544.59,106.65,162.28,191.17,91.33,138.25,273.23,121.69,190.83,290.18,3047.0,1628.17,464.35,74.2,232.75,950.26,374.38,238.46,283.37,444.16,211.25,101.65,3587.4,235.78,121.09,132.6,39.54,56.62,99.83,273.59
20260929,09:15:15,47943.8,42769.66,25907.18,16601.9,124.5,1887.84,393.91,462.6,544.59,106.65,162.27,191.15,91.33,138.25,273.23,121.68,190.83,290.18,3047.18,1628.24,464.34,74.19,232.93,950.3,374.68,238.46,283.36,444.16,211.25,101.65,3587.09,235.78,121.09,132.6,39.54,56.62,99.83,273.53
20260929,09:15:20,47985.95,42807.89,25914.69,16601.07,124.44,1888.2,393.91,462.52,544.56,106.65,162.22,191.12,91.3,138.25,273.23,121.67,190.8,290.16,3050.28,1630.61,464.37,74.18,232.93,950.51,374.66,238.46,283.22,444.16,211.25,101.65,3589.67,235.78,121.09,132.6,39.54,56.62,99.83,273.55
20260929,09:15:25,47939.24,42764.48,25905.87,16597.97,124.31,1888.2,393.82,462.6,544.46,106.64,162.22,191.13,91.29,138.25,273.23,121.67,190.8,290.17,3046.85,1628.14,464.15,74.24,232.82,950.26,374.58,238.46,283.22,444.08,211.26,101.65,3587.75,235.78,120.85,132.62,39.54,56.62,99.83,273.52
20260929,09:15:30,47977.63,42802.31,25898.74,16591.16,124.31,1888.2,392.56,462.6,544.42,106.64,162.24,191.13,91.31,138.24,273.23,121.68,190.8,290.15,3050.07,1630.63,464.02,74.25,232.81,950.33,374.56,238.46,283.22,444.08,211.23,101.65,3587.37,235.78,121.21,132.62,39.54,56.61,99.83,273.49
20260929,09:15:35,47934.11,42758.46,25901.35,16589.33,124.5,1888.2,392.1,462.6,544.37,106.64,162.27,191.12,91.33,138.02,273.23,121.68,190.8,290.14,3046.58,1628.1,463.95,74.24,232.93,950.21,374.6,238.46,282.9,444.08,211.08,101.65,3588.69,235.78,121.56,132.63,39.53,56.59,99.83,273.45
20260929,09:15:40,47971.71,42794.85,25902.23,16589.53,124.5,1888.2,392.1,462.6,544.37,106.66,162.26,191.09,91.33,137.8,273.23,121.69,190.76,290.14,3049.5,1630.47,463.79,74.2,232.93,950.11,374.62,238.46,282.9,444.14,211.23,101.65,3588.91,235.78,121.45,132.6,39.53,56.59,99.83,273.46
20260929,09:15:45,47938.58,42762.82,25907.95,16596.96,124.37,1888.2,393.19,462.6,544.35,106.66,162.26,191.08,91.33,137.79,273.23,121.7,190.76,290.14,3046.74,1628.08,463.87,74.26,232.9,950.74,374.6,238.47,282.9,444.14,211.23,101.63,3588.68,235.74,121.45,132.6,39.53,56.59,99.83,273.43
20260929,09:15:50,47948.87,42772.86,25909.99,16599.34,124.37,1888.2,393.73,462.6,544.39,106.66,162.25,191.1,91.32,138.0,273.23,121.69,190.76,290.13,3047.5,1628.11,463.87,74.26,233.0,952.33,374.6,238.47,282.91,444.14,211.24,101.63,3588.67,235.74,121.21,132.61,39.53,56.59,99.83,273.45
20260929,09:15:55,47915.07,42739.7,25911.39,16600.19,124.37,1888.2,393.82,462.6,544.46,106.66,162.28,191.14,91.33,138.0,273.23,121.69,190.76,290.1,3044.8,1625.92,463.87,74.38,232.88,952.12,374.6,238.47,283.26,444.08,211.24,101.63,3588.87,235.74,121.21,132.61,39.52,56.59,99.83,273.42
20260929,09:16:00,47953.41,42777.63,25911.64,16602.43,124.31,1888.2,393.98,462.6,544.52,106.67,162.29,191.18,91.34,138.01,273.23,121.69,190.76,290.1,3047.81,1628.21,464.04,74.38,232.64,952.62,374.6,238.5,282.96,444.08,211.22,101.63,3588.35,235.74,121.33,132.61,39.57,56.59,99.83,273.37
20260929,09:16:05,47958.06,42782.14,25907.62,16597.69,124.31,1888.2,393.44,462.55,544.45,106.67,162.3,191.17,91.35,138.0,273.23,121.67,190.76,290.11,3048.28,1628.28,464.04,74.4,232.64,952.99,374.35,238.5,283.37,444.12,211.08,101.63,3588.37,235.74,121.45,132.61,39.57,56.59,99.83,273.34
20260929,09:16:10,47915.33,42740.29,25909.37,16598.97,124.44,1888.2,393.44,462.81,544.57,106.67,162.3,191.19,91.34,137.8,273.23,121.67,190.76,290.11,3044.88,1625.96,464.01,74.45,232.79,952.23,374.65,238.5,283.06,444.12,211.23,101.63,3588.57,235.74,121.33,132.61,39.57,56.59,99.83,273.34
20260929,09:16:15,47912.07,42737.26,25909.88,16600.08,124.31,1887.98,393.45,462.8,544.8,106.67,162.31,191.21,91.35,137.81,273.23,121.67,190.76,290.11,3044.61,1625.97,463.91,74.44,232.79,951.73,374.66,238.5,283.02,444.12,211.08,101.63,3588.43,235.74,121.56,132.61,39.57,56.59,99.83,273.37
20260929,09:16:20,47910.77,42736.15,25911.66,16602.62,124.44,1887.98,393.46,462.8,544.89,106.68,162.31,191.19,91.35,137.82,273.23,121.7,190.76,290.11,3044.46,1625.72,463.89,74.44,232.79,951.73,374.92,238.52,283.34,444.17,211.23,101.63,3588.3,235.74,121.56,132.61,39.57,56.59,99.83,273.43
20260929,09:16:25,47945.38,42770.21,25910.18,16602.05,124.45,1887.98,393.36,462.8,544.93,106.68,162.28,191.16,91.34,137.82,273.23,121.72,190.76,290.1,3047.22,1628.07,464.02,74.38,232.79,951.47,374.66,238.51,283.02,444.17,211.34,101.63,3587.99,235.74,121.45,132.58,39.57,56.59,99.83,273.43
20260929,09:16:30,47905.78,42731.37,25915.32,16607.14,124.45,1887.98,393.21,462.8,545.04,106.67,162.26,191.15,91.32,137.82,273.23,121.86,190.76,290.21,3043.96,1625.59,464.01,74.41,232.67,951.53,374.58,238.23,282.96,444.28,211.34,101.63,3588.22,235.74,122.04,132.58,39.57,56.58,99.83,273.45
20260929,09:16:35,47949.2,42773.65,25916.22,16608.09,124.32,1887.98,393.22,462.8,545.06,106.67,162.26,191.09,91.34,138.03,273.23,121.74,190.88,290.21,3047.35,1628.18,463.94,74.42,232.7,951.58,374.71,238.23,282.96,444.28,211.38,101.63,3588.24,235.74,122.16,132.64,39.57,56.58,99.83,273.47
20260929,09:16:40,47947.79,42771.91,25917.46,16608.28,124.32,1887.98,393.3,462.8,545.02,106.67,162.27,191.1,91.34,138.03,273.11,121.74,190.88,290.19,3047.2,1627.88,463.95,74.42,232.95,951.64,374.4,238.23,283.22,444.26,211.27,101.63,3588.57,235.74,122.28,132.64,39.57,56.58,99.83,273.47
20260929,09:16:45,47904.89,42730.27,25914.35,16605.24,124.32,1887.98,393.21,462.8,545.02,106.67,162.27,191.12,91.34,138.03,273.11,121.74,190.88,290.21,3043.92,1625.46,464.15,74.41,232.88,951.75,374.43,238.23,282.77,444.31,211.29,101.63,3588.43,235.74,121.92,132.64,39.57,56.58,99.83,273.47
20260929,09:16:50,47909.4,42734.75,25915.95,16607.36,124.32,1887.98,393.3,462.8,544.94,106.66,162.29,191.18,91.33,138.03,273.11,121.76,190.83,290.19,3044.23,1625.45,464.04,74.42,232.88,952.6,374.43,238.23,282.77,444.37,211.29,101.63,3588.35,235.42,122.16,132.64,39.57,56.58,99.83,273.5
20260929,09:16:55,47952.59,42776.7,25917.07,16608.21,124.32,1887.98,393.37,462.55,544.92,106.66,162.29,191.2,91.33,138.03,273.11,121.88,190.69,290.18,3047.59,1627.82,464.01,74.45,233.13,952.92,374.45,238.22,282.87,444.41,211.29,101.63,3588.47,235.42,122.16,132.64,39.57,56.58,99.83,273.48
20260929,09:17:00,47915.15,42740.79,25917.82,16610.98,124.45,1888.2,393.91,462.55,544.91,106.66,162.27,191.15,91.32,138.02,273.11,121.73,190.64,290.18,3044.63,1625.53,463.94,74.54,233.0,952.98,374.46,238.22,282.86,444.28,211.29,101.63,3587.95,235.42,122.16,132.64,39.57,56.58,99.83,273.46
20260929,09:17:05,47909.33,42736.58,25912.28,16609.5,124.45,1888.2,393.91,462.8,544.88,106.66,162.26,191.13,91.33,138.01,273.11,121.73,190.64,290.2,3044.33,1625.47,463.73,74.49,232.99,952.85,374.2,238.2,282.8,444.34,211.11,101.63,3586.62,235.42,122.16,132.64,39.57,56.56,99.83,273.48
20260929,09:17:10,47945.53,42771.85,25914.0,16611.49,124.32,1888.2,393.92,462.8,544.89,106.66,162.27,191.18,91.32,138.01,273.11,121.73,190.83,290.21,3047.12,1627.7,463.49,74.48,233.24,952.72,374.2,238.2,282.76,444.31,211.25,101.63,3586.62,235.42,122.28,132.64,39.57,56.54,99.83,273.45
20260929,09:17:15,47947.38,42771.66,25920.47,16612.25,124.45,1888.2,393.92,462.8,544.89,106.66,162.27,191.17,91.32,138.0,273.11,121.72,190.79,290.22,3047.09,1627.52,463.68,74.48,233.23,953.02,374.2,238.2,282.76,444.31,211.25,101.63,3588.44,235.74,122.28,132.61,39.57,56.54,99.83,273.45
20260929,09:17:20,47943.33,42769.79,25917.49,16615.75,124.32,1888.2,394.46,462.88,544.86,106.66,162.27,191.17,91.32,138.01,273.11,121.72,190.79,290.22,3046.85,1627.63,463.57,74.46,233.0,952.68,374.13,238.2,282.62,444.27,211.25,101.63,3586.55,235.74,122.26,132.57,39.57,56.57,99.83,273.45
20260929,09:17:25,47894.59,42721.9,25919.43,16616.66,124.32,1888.2,394.46,462.88,544.6,106.66,162.28,191.19,91.32,138.01,273.11,121.84,190.79,290.23,3042.97,1625.15,463.63,74.46,233.24,950.94,374.51,238.2,282.49,444.29,211.25,101.63,3586.91,235.75,122.38,132.58,39.57,56.57,99.83,273.43
20260929,09:17:30,47929.76,42756.51,25918.65,16616.93,124.26,1888.2,394.55,462.87,544.57,106.64,162.27,191.18,91.32,138.01,273.11,121.85,190.79,290.22,3045.76,1627.18,463.47,74.46,233.12,951.67,374.48,238.2,282.41,444.29,211.25,101.63,3586.6,235.75,122.38,132.58,39.57,56.57,99.83,273.43
20260929,09:17:35,47886.9,42713.38,25922.37,16616.6,124.32,1888.2,394.54,462.87,544.78,106.66,162.27,191.21,91.32,137.8,273.11,121.72,190.79,290.22,3042.29,1624.72,463.52,74.45,232.87,951.26,374.43,238.2,282.36,444.26,211.25,101.66,3587.85,235.75,122.38,132.59,39.57,56.55,99.83,273.42
20260929,09:17:40,47883.99,42710.77,25912.58,16606.1,124.26,1888.2,393.37,462.36,544.71,106.66,162.28,191.2,91.32,137.8,273.11,121.71,190.79,290.22,3042.33,1624.93,463.47,74.46,232.87,950.84,374.39,238.2,282.32,444.22,211.25,101.66,3587.64,235.75,122.26,132.59,39.57,56.55,99.83,273.42
20260929,09:17:45,47918.62,42743.95,25916.87,16609.13,124.39,1888.2,393.84,462.62,544.71,106.65,162.29,191.2,91.33,137.81,273.11,121.69,190.79,290.22,3044.93,1626.82,463.49,74.45,233.12,951.01,374.08,238.2,282.33,444.22,211.25,101.66,3588.16,235.75,122.15,132.56,39.57,56.55,99.83,273.43
20260929,09:17:50,47886.85,42713.48,25914.74,16608.31,124.26,1887.01,393.74,462.61,544.68,106.65,162.29,191.2,91.33,137.81,273.11,121.67,190.64,290.23,3042.49,1624.72,463.5,74.45,233.12,951.68,374.08,238.2,282.32,444.24,211.37,101.66,3587.72,235.75,122.15,132.56,39.57,56.55,99.83,273.41
20260929,09:17:55,47888.99,42715.46,25914.84,16608.11,124.26,1887.01,393.74,462.59,544.54,106.57,162.28,191.17,91.33,138.22,273.23,121.69,190.64,290.24,3042.66,1624.86,463.46,74.44,233.01,951.78,374.06,238.19,282.32,444.25,211.36,101.66,3587.8,235.75,122.15,132.52,39.57,56.55,99.83,273.41
20260929,09:18:00,47927.26,42752.38,25914.65,16606.63,124.26,1887.01,393.66,462.59,544.64,106.56,162.31,191.22,91.34,137.8,273.23,121.81,190.64,290.24,3045.67,1627.21,463.5,74.43,233.02,951.68,374.38,238.19,282.27,444.21,211.36,101.66,3588.14,235.42,122.03,132.52,39.57,56.54,99.83,273.41
20260929,09:18:05,47870.4,42698.83,25904.83,16601.55,124.26,1887.01,393.58,462.59,544.4,106.56,162.32,191.21,91.35,138.01,273.23,121.62,190.64,289.8,3041.48,1624.49,463.55,74.4,233.15,950.09,374.04,238.12,282.28,444.13,211.23,101.66,3586.45,235.42,122.03,132.48,39.57,56.52,99.83,273.37
20260929,09:18:10,47873.39,42699.56,25912.98,16603.6,124.26,1887.01,393.66,462.57,544.22,106.56,162.31,191.2,91.35,138.01,273.23,121.59,190.64,289.78,3041.49,1624.6,463.75,74.32,233.16,950.18,374.06,238.12,281.87,444.13,211.37,101.66,3588.44,235.42,122.15,132.48,39.57,56.52,99.83,273.41
20260929,09:18:15,47871.87,42698.35,25910.42,16601.54,124.39,1887.01,393.65,462.32,543.97,106.48,162.3,191.15,91.35,138.01,273.23,121.59,190.64,289.79,3041.44,1624.54,463.84,74.3,233.16,950.09,374.06,238.12,281.96,444.17,211.36,101.66,3588.2,235.42,122.03,132.48,39.57,56.52,99.83,273.41
20260929,09:18:20,47868.76,42695.79,25908.94,16601.42,124.32,1888.43,393.66,462.32,543.97,106.48,162.29,191.12,91.35,137.99,273.23,121.59,190.79,289.8,3041.23,1624.52,463.67,74.31,233.16,949.93,373.97,238.12,281.9,444.16,211.34,101.66,3587.78,235.42,122.02,132.38,39.57,56.52,99.83,273.41
20260929,09:18:25,47863.62,42691.03,25909.39,16602.78,124.45,1888.65,393.65,462.09,544.19,106.56,162.26,191.12,91.32,137.98,273.23,121.58,190.79,289.79,3040.82,1624.64,463.68,74.3,233.27,948.56,373.97,238.11,281.86,444.13,211.33,101.66,3587.55,235.42,122.02,132.39,39.56,56.52,99.83,273.71
20260929,09:18:30,47863.43,42690.0,25912.96,16604.07,124.39,1888.9,393.66,462.59,544.12,106.48,162.25,191.11,91.32,137.97,273.23,121.58,190.79,289.79,3040.71,1624.47,463.66,74.29,232.97,949.29,373.97,238.11,281.72,444.1,211.45,101.65,3588.31,235.42,122.02,132.39,39.56,56.54,99.83,273.76
20260929,09:18:35,47852.78,42679.81,25910.5,16601.82,124.39,1888.9,393.57,462.55,544.0,106.48,162.26,191.13,91.32,137.96,273.23,121.56,190.79,289.78,3039.94,1624.3,463.72,74.26,232.69,948.27,373.58,238.11,281.71,444.06,211.44,101.65,3588.15,235.42,122.02,132.19,39.56,56.54,99.83,273.68
20260929,09:18:40,47851.84,42678.73,25907.64,16598.03,124.39,1888.9,393.12,462.55,543.92,106.46,162.27,191.16,91.32,137.96,273.23,121.56,190.82,289.77,3039.94,1624.38,463.79,74.27,232.66,948.15,373.57,238.11,281.6,444.06,211.43,101.65,3588.29,235.42,122.02,132.09,39.56,56.54,99.83,273.7
20260929,09:18:45,47844.29,42673.72,25899.32,16596.28,124.39,1887.48,393.04,462.55,543.78,106.38,162.25,191.14,91.31,137.74,273.23,121.66,190.82,289.77,3039.58,1623.92,463.75,74.23,232.78,948.3,373.57,238.11,281.91,444.06,211.43,101.65,3586.16,235.75,122.02,132.13,39.56,56.54,99.83,273.49
20260929,09:18:50,47884.45,42710.32,25904.38,16593.64,124.39,1887.48,393.03,462.47,543.59,106.38,162.26,191.13,91.32,137.53,273.23,121.41,190.83,289.77,3042.59,1626.41,463.84,74.23,233.01,948.03,373.53,238.11,281.5,443.98,211.47,101.65,3588.46,235.75,121.9,132.28,39.56,56.54,99.83,273.49
20260929,09:18:55,47882.93,42709.01,25903.09,16592.74,124.33,1887.35,393.04,462.47,543.58,106.38,162.23,191.02,91.32,137.74,273.23,121.41,190.83,289.77,3042.51,1626.16,463.64,74.21,233.01,948.84,373.27,238.11,281.54,444.06,211.47,101.65,3588.3,235.75,121.78,132.28,39.56,56.57,99.83,273.49
20260929,09:19:00,47883.38,42708.35,25908.44,16595.22,124.2,1887.13,393.56,462.47,543.62,106.38,162.22,191.04,91.31,137.53,273.23,121.39,190.83,289.76,3042.4,1626.25,463.75,74.23,232.76,947.96,373.38,238.11,281.85,444.06,211.42,101.65,3589.3,235.75,121.78,132.28,39.56,56.57,99.83,273.5
20260929,09:19:05,47881.69,42706.51,25904.89,16590.46,124.2,1886.9,392.86,462.55,543.41,106.3,162.31,191.05,91.38,137.52,273.23,121.39,190.83,289.76,3042.36,1626.2,463.73,74.26,232.65,948.49,373.36,238.11,281.54,444.05,211.45,101.65,3589.48,235.75,121.78,132.28,39.56,56.57,99.83,273.52
20260929,09:19:10,47885.05,42709.53,25904.74,16589.44,124.18,1886.9,392.76,462.41,543.39,106.3,162.32,191.13,91.37,137.51,273.23,121.51,190.54,289.76,3042.63,1626.38,463.73,74.26,232.65,948.56,373.36,238.11,281.54,444.05,211.47,101.65,3589.71,235.75,121.66,132.28,39.56,56.57,99.83,273.53
20260929,09:19:15,47848.01,42673.95,25903.41,16589.64,124.05,1886.9,392.93,462.33,543.45,106.3,162.33,191.14,91.37,137.52,273.23,121.51,190.54,289.81,3039.76,1624.02,463.75,74.28,232.91,948.66,373.35,238.11,281.58,444.05,211.4,101.65,3589.24,235.75,121.66,132.28,39.56,56.57,99.83,273.45
20260929,09:19:20,47889.53,42714.57,25907.37,16594.71,124.18,1886.9,393.09,462.2,543.47,106.3,162.31,191.14,91.36,137.54,273.23,121.39,190.54,289.8,3042.91,1626.41,463.78,74.28,232.91,948.41,373.35,238.11,281.86,443.99,211.4,101.65,3589.11,235.75,122.25,132.18,39.56,56.59,99.83,273.47
20260929,09:19:25,47881.79,42709.62,25898.7,16593.44,124.18,1887.0,393.09,462.13,543.31,106.3,162.32,191.18,91.36,137.54,273.23,121.52,190.54,289.76,3042.54,1626.37,463.64,74.29,232.9,948.23,373.5,238.11,281.51,443.98,211.4,101.65,3586.74,235.42,122.14,132.18,39.56,56.59,99.83,273.47
20260929,09:19:30,47844.76,42673.79,25897.33,16592.69,124.18,1887.0,393.18,462.13,543.29,106.33,162.31,191.15,91.36,137.54,273.23,121.49,190.54,289.76,3039.67,1624.04,463.62,74.28,233.01,948.88,373.51,238.11,281.22,443.97,211.29,101.65,3586.52,235.42,122.14,132.13,39.56,56.59,99.83,273.47
20260929,09:19:35,47883.89,42710.16,25904.95,16595.57,124.18,1886.63,393.1,462.13,543.37,106.33,162.32,191.19,91.36,137.54,273.23,121.49,190.54,289.75,3042.53,1626.42,463.64,74.28,232.99,948.43,373.53,238.11,281.15,443.97,211.43,101.65,3588.11,235.42,122.37,132.13,39.56,56.59,99.83,273.47
20260929,09:19:40,47883.9,42712.09,25898.38,16594.47,124.18,1886.63,393.09,462.13,543.37,106.33,162.33,191.15,91.37,137.54,273.23,121.49,190.58,289.73,3042.72,1626.52,463.75,74.3,233.1,948.41,373.6,238.11,281.06,443.98,211.39,101.68,3586.36,235.42,122.25,132.13,39.56,56.59,99.83,273.52
20260929,09:19:45,47884.66,42710.9,25904.57,16595.12,124.18,1886.63,393.26,462.12,543.3,106.33,162.36,191.15,91.4,137.74,273.23,121.37,190.58,289.73,3042.6,1626.37,463.91,74.32,233.1,948.41,373.62,238.11,281.06,443.98,211.39,101.68,3588.12,235.42,122.25,132.13,39.56,56.59,99.83,273.44
20260929,09:19:50,47850.24,42677.62,25905.05,16596.52,124.05,1886.63,393.35,462.12,543.54,106.33,162.38,191.16,91.42,137.74,273.23,121.38,190.73,289.72,3039.89,1623.81,464.15,74.35,233.1,949.57,373.64,238.11,281.01,443.98,211.4,101.68,3587.89,235.42,122.25,132.13,39.56,56.59,99.83,273.43
20260929,09:19:55,47850.22,42677.62,25904.61,16596.08,124.07,1886.63,393.18,462.12,543.54,106.33,162.38,191.14,91.42,137.75,273.23,121.37,190.73,289.71,3039.9,1623.8,464.17,74.36,233.1,949.66,373.5,238.11,280.98,443.98,211.41,101.68,3587.87,235.42,122.37,132.11,39.56,56.57,99.83,273.43
20260929,09:20:00,47888.0,42714.17,25906.79,16597.73,124.07,1886.63,393.27,462.12,543.54,106.33,162.34,191.13,91.39,137.53,273.23,121.36,190.73,289.69,3042.81,1626.13,464.43,74.33,233.11,949.17,373.53,238.11,280.97,443.98,211.41,101.68,3588.1,235.42,122.49,132.11,39.56,56.57,99.83,273.74
20260929,09:20:05,47887.44,42712.98,25907.5,16596.41,124.07,1888.05,393.27,462.12,543.59,106.33,162.36,191.15,91.4,137.74,273.23,121.36,190.73,289.66,3042.74,1626.21,464.45,74.3,232.85,949.03,373.53,238.12,280.97,443.98,211.35,101.66,3588.68,235.42,122.37,132.12,39.56,56.57,99.83,273.39
20260929,09:20:10,47848.21,42674.72,25910.77,16600.03,124.07,1888.25,393.81,462.12,543.54,106.33,162.34,191.09,91.39,137.73,273.05,121.37,190.73,289.65,3039.57,1623.71,464.46,74.28,233.1,949.09,373.51,238.12,280.92,443.94,211.35,101.66,3588.73,235.42,122.37,132.12,39.56,56.57,99.83,273.44
20260929,09:20:15,47895.99,42718.9,25915.33,16597.3,124.07,1888.25,393.27,462.21,543.85,106.33,162.34,191.04,91.41,137.73,273.05,121.36,190.66,289.65,3043.2,1626.38,464.53,74.27,232.98,949.54,373.55,238.12,280.91,444.0,211.35,101.66,3590.89,235.42,122.37,132.19,39.56,56.57,99.83,273.41
20260929,09:20:20,47851.99,42675.86,25916.07,16597.64,124.07,1888.25,393.19,462.21,543.71,106.33,162.33,191.05,91.4,137.7,273.05,121.4,190.66,289.64,3039.72,1623.72,464.53,74.26,232.87,949.54,373.55,238.03,280.95,444.0,211.38,101.66,3591.03,235.42,122.49,132.19,39.57,56.57,99.83,273.41
20260929,09:20:25,47849.58,42676.67,25907.59,16598.44,124.07,1888.25,393.36,462.21,543.69,106.4,162.32,191.04,91.39,137.71,273.05,121.4,190.66,289.65,3039.77,1623.72,464.49,74.28,232.87,949.56,373.63,237.98,280.99,443.96,211.42,101.66,3588.16,235.42,122.37,132.28,39.57,56.57,99.83,273.38
20260929,09:20:30,47848.6,42673.76,25912.12,16597.06,124.07,1888.25,393.34,462.21,543.61,106.43,162.32,191.04,91.39,137.72,273.05,121.4,190.66,289.65,3039.56,1623.7,464.41,74.25,232.88,949.32,373.51,237.98,280.99,443.94,211.42,101.66,3589.95,235.42,122.25,132.25,39.57,56.57,99.83,273.38
20260929,09:20:35,47846.56,42671.04,25914.49,16597.37,124.07,1888.25,393.34,462.21,543.64,106.43,162.29,191.02,91.37,137.72,273.05,121.49,190.66,289.65,3039.34,1623.61,464.32,74.26,232.75,949.26,373.51,237.98,280.97,443.94,211.4,101.63,3590.61,235.42,122.25,132.3,39.57,56.57,99.83,273.38
20260929,09:20:40,47880.61,42703.25,25916.48,16596.44,124.07,1886.83,393.25,462.21,543.65,106.43,162.29,191.02,91.37,137.73,273.19,121.5,190.66,289.66,3041.96,1625.59,464.35,74.27,232.89,949.2,373.51,237.98,280.97,443.97,211.41,101.63,3591.48,235.42,122.25,132.3,39.57,56.57,99.83,273.38
20260929,09:20:45,47837.72,42661.46,25916.72,16596.71,124.07,1886.94,393.25,461.96,543.65,106.43,162.3,191.04,91.38,137.73,273.19,121.38,190.66,289.66,3038.58,1623.02,464.36,74.28,232.9,948.68,373.57,237.98,281.28,443.99,211.42,101.63,3591.48,235.42,122.37,132.31,39.57,56.57,99.83,273.39
20260929,09:20:50,47836.3,42660.17,25917.17,16597.5,124.26,1887.05,393.25,461.96,543.77,106.43,162.31,191.05,91.38,137.52,273.19,121.4,190.66,289.67,3038.46,1623.02,464.15,74.28,233.07,948.87,373.57,237.98,280.96,443.88,211.41,101.63,3591.41,235.42,122.37,132.31,39.57,56.58,99.83,273.42
20260929,09:20:55,47835.15,42659.63,25916.02,16598.18,124.13,1888.47,393.18,461.96,543.82,106.43,162.3,191.04,91.38,137.52,273.19,121.4,190.66,289.64,3038.4,1622.98,464.16,74.29,233.08,948.71,373.57,237.98,281.05,443.93,211.41,101.63,3590.87,235.42,122.49,132.31,39.57,56.55,99.83,273.43
20260929,09:21:00,47832.99,42660.27,25909.47,16599.78,124.26,1888.47,393.33,461.7,543.77,106.43,162.32,191.12,91.38,137.74,273.19,121.4,190.66,289.64,3038.41,1622.99,464.14,74.27,233.08,948.72,373.55,237.98,281.08,443.93,211.41,101.63,3588.38,235.42,122.49,132.31,39.57,56.58,99.83,273.38
20260929,09:21:05,47880.87,42704.45,25917.6,16600.88,124.07,1887.0,393.25,461.7,544.0,106.51,162.33,191.18,91.37,137.52,273.19,121.52,190.66,289.64,3041.95,1625.72,464.15,74.27,233.08,948.69,373.49,237.98,281.08,443.92,211.41,101.63,3590.63,235.42,122.61,132.31,39.56,56.64,99.83,273.37
20260929,09:21:10,47837.03,42661.74,25916.71,16599.85,124.2,1887.0,393.33,461.61,544.0,106.51,162.34,191.21,91.37,137.53,273.19,121.39,190.66,289.64,3038.53,1623.09,464.37,74.28,232.92,948.16,373.5,238.0,281.41,443.93,211.27,101.63,3590.63,235.42,122.61,132.31,39.56,56.64,99.83,273.39
20260929,09:21:15,47844.08,42670.98,25915.81,16606.77,124.07,1887.0,393.96,461.61,544.06,106.51,162.34,191.23,91.37,137.53,273.19,121.51,190.66,289.64,3039.11,1623.29,464.45,74.26,232.92,948.84,373.5,237.86,281.42,443.93,211.27,101.63,3588.47,235.42,122.85,132.31,39.56,56.64,99.83,273.31
20260929,09:21:20,47878.91,42702.61,25916.95,16600.35,124.07,1888.65,393.34,461.62,544.06,106.51,162.35,191.26,91.37,137.53,273.19,121.42,190.66,289.64,3041.81,1625.65,464.33,74.25,232.92,948.41,373.5,237.85,281.21,443.9,211.27,101.6,3590.57,235.42,122.61,132.34,39.56,56.63,99.83,273.32
20260929,09:21:25,47883.11,42708.75,25915.57,16605.63,124.07,1888.65,393.79,461.61,544.18,106.51,162.36,191.29,91.37,137.53,273.19,121.54,190.66,289.64,3042.18,1625.6,464.48,74.25,232.92,948.39,373.49,237.84,281.93,443.91,211.27,101.6,3588.71,235.42,122.73,132.25,39.56,56.63,99.83,273.32
20260929,09:21:30,47849.22,42675.73,25915.61,16605.68,124.07,1888.87,393.79,461.61,544.16,106.51,162.37,191.3,91.37,137.54,273.19,121.53,190.66,289.64,3039.52,1623.41,464.49,74.25,232.92,948.78,373.49,237.84,281.93,443.98,211.25,101.6,3588.7,235.42,122.73,132.25,39.56,56.64,99.83,273.32
20260929,09:21:35,47894.12,42718.93,25920.26,16609.2,124.07,1888.87,394.42,461.48,544.12,106.51,162.37,191.31,91.37,137.54,273.19,121.41,190.66,289.63,3042.91,1625.83,464.64,74.25,232.9,949.63,373.48,237.84,281.63,443.97,211.24,101.6,3589.2,235.42,122.73,132.24,39.56,56.64,99.83,273.37
20260929,09:21:40,47896.2,42721.44,25923.74,16614.8,124.2,1888.87,395.05,461.48,544.13,106.51,162.42,191.43,91.39,137.54,273.19,121.41,190.81,289.63,3042.98,1625.8,464.55,74.24,232.91,949.62,373.48,237.84,281.91,443.96,211.24,101.6,3588.77,235.42,122.73,132.21,39.56,56.64,99.83,273.37
20260929,09:21:45,47891.01,42718.2,25916.87,16612.98,124.07,1888.65,395.04,461.48,544.09,106.51,162.38,191.4,91.36,137.54,273.01,121.42,190.81,289.72,3042.76,1625.8,464.56,74.23,233.03,949.41,373.5,237.84,281.61,443.97,211.24,101.6,3587.12,235.42,122.61,132.21,39.56,56.64,99.83,273.37
20260929,09:21:50,47906.53,42728.85,25944.31,16629.59,124.07,1888.65,396.85,461.66,544.34,106.49,162.38,191.37,91.37,137.75,273.01,121.4,190.81,289.73,3043.22,1625.99,464.74,74.25,232.93,949.75,373.74,237.84,281.61,443.94,211.25,101.6,3591.18,235.56,122.85,132.23,39.56,56.64,99.83,273.38
20260929,09:21:55,47915.0,42735.15,25957.34,16638.04,124.2,1888.65,397.64,461.66,544.78,106.49,162.38,191.37,91.37,137.75,273.01,121.4,190.83,289.75,3043.53,1625.88,465.02,74.28,232.93,949.76,373.74,237.98,282.12,443.91,211.25,101.6,3592.95,235.56,122.97,132.23,39.56,56.62,99.83,273.38
20260929,09:22:00,47874.01,42696.0,25956.71,16639.97,124.2,1888.65,397.72,461.66,544.78,106.49,162.39,191.35,91.38,137.96,273.01,121.39,190.83,289.76,3040.32,1623.49,465.03,74.29,232.91,949.55,373.74,237.84,282.12,443.91,211.26,101.6,3592.24,235.56,123.08,132.23,39.56,56.62,99.83,273.35
20260929,09:22:05,47869.99,42692.93,25953.92,16639.6,124.2,1887.23,397.72,461.71,544.79,106.49,162.38,191.35,91.38,137.96,273.01,121.39,190.83,289.76,3040.09,1623.67,464.92,74.27,232.91,948.96,373.74,237.98,281.81,443.91,211.26,101.6,3591.46,235.56,123.08,132.21,39.56,56.63,99.83,273.4
20260929,09:22:10,47908.69,42732.95,25947.99,16640.53,124.2,1887.23,397.73,461.71,544.89,106.49,162.39,191.37,91.38,137.96,273.01,121.4,190.83,289.75,3043.29,1625.89,464.96,74.28,232.9,949.27,373.74,237.93,282.12,443.91,211.38,101.6,3589.36,235.56,122.97,132.19,39.56,56.63,100.02,273.42
20260929,09:22:15,47911.61,42733.07,25956.42,16641.1,124.2,1887.23,397.73,461.66,544.92,106.49,162.39,191.38,91.38,137.75,273.01,121.39,190.83,289.76,3043.29,1625.85,465.03,74.29,232.9,949.71,373.74,237.93,281.79,443.91,211.26,101.6,3591.84,235.56,123.2,132.19,39.56,56.63,100.02,273.45
20260929,09:22:20,47908.82,42732.9,25949.53,16641.71,124.2,1887.23,397.65,461.66,544.92,106.49,162.4,191.36,91.39,137.96,273.01,121.37,190.83,289.76,3043.26,1625.9,464.91,74.3,232.9,949.61,373.75,237.93,281.79,443.91,211.26,101.6,3589.52,235.56,123.32,132.19,39.56,56.64,100.02,273.45
20260929,09:22:25,47877.62,42703.01,25956.48,16651.41,124.2,1887.23,398.83,461.66,545.2,106.51,162.42,191.39,91.4,137.96,272.83,121.37,190.83,289.76,3040.61,1623.65,464.94,74.32,233.02,950.33,373.75,238.07,281.6,443.87,211.26,101.6,3589.06,235.56,123.32,132.19,39.56,56.64,100.02,273.45
20260929,09:22:30,47911.91,42736.64,25963.89,16660.69,124.07,1887.23,399.46,461.66,545.52,106.51,162.43,191.38,91.41,137.96,272.83,121.36,190.83,289.76,3043.1,1625.79,464.89,74.34,233.02,949.55,373.71,237.93,281.69,443.85,211.3,101.6,3588.86,235.56,123.68,132.19,39.56,56.64,100.02,273.72
20260929,09:22:35,47875.51,42700.37,25962.73,16656.64,124.07,1887.23,399.01,461.66,545.5,106.51,162.43,191.34,91.42,137.95,272.83,121.37,190.83,289.73,3040.28,1623.67,464.89,74.32,233.02,949.35,373.65,237.93,281.74,443.87,211.3,101.6,3589.59,235.56,123.68,132.19,39.56,56.66,100.02,273.41
20260929,09:22:40,47916.58,42739.89,25962.24,16654.43,124.07,1887.23,399.0,461.66,545.58,106.51,162.44,191.37,91.42,138.16,272.83,121.36,190.83,289.76,3043.51,1626.09,465.03,74.34,233.02,949.41,373.65,237.93,281.74,443.85,211.15,101.6,3590.04,235.56,123.56,132.13,39.56,56.64,100.02,273.41
20260929,09:22:45,47915.43,42738.32,25962.57,16653.31,124.07,1887.23,398.99,461.66,545.3,106.49,162.41,191.28,91.41,138.16,272.83,121.36,190.83,289.76,3043.41,1626.05,465.02,74.36,233.02,949.28,373.63,237.93,281.74,443.85,211.16,101.6,3590.44,235.56,123.56,132.15,39.56,56.64,100.02,273.41
20260929,09:22:50,47912.51,42736.37,25955.52,16648.19,124.07,1887.0,398.45,461.53,545.3,106.5,162.42,191.32,91.41,137.95,272.83,121.41,190.83,289.76,3043.38,1626.07,465.01,74.37,232.9,949.22,373.63,237.93,281.74,443.85,211.17,101.6,3589.63,235.56,123.44,132.16,39.56,56.64,100.02,273.34
20260929,09:22:55,47911.4,42737.14,25950.86,16648.99,123.94,1887.0,398.46,461.74,545.3,106.5,162.42,191.32,91.41,137.95,272.83,121.4,190.79,289.76,3043.42,1626.0,465.28,74.36,232.9,949.28,373.63,237.93,281.73,443.86,211.17,101.6,3587.96,235.56,123.56,132.16,39.56,56.64,100.02,273.34
20260929,09:23:00,47915.62,42741.83,25947.37,16646.94,124.07,1887.0,398.37,461.82,545.31,106.5,162.43,191.31,91.42,137.95,272.83,121.4,190.79,289.76,3043.85,1626.2,465.29,74.37,232.9,949.24,373.62,237.93,282.05,443.83,211.17,101.6,3587.42,235.56,123.32,132.17,39.56,56.64,100.02,273.34
20260929,09:23:05,47918.23,42742.23,25956.07,16649.75,124.07,1888.42,398.38,461.81,545.34,106.58,162.43,191.33,91.42,138.16,272.83,121.4,190.79,289.77,3043.81,1626.07,464.99,74.4,233.05,950.04,373.62,237.93,281.78,443.83,211.22,101.6,3589.38,235.56,123.44,132.17,39.56,56.64,100.02,273.34
20260929,09:23:10,47918.57,42741.55,25959.47,16650.28,124.07,1888.42,398.47,461.81,545.36,106.58,162.43,191.34,91.42,137.95,272.83,121.4,190.79,289.77,3043.75,1626.11,465.09,74.44,233.06,949.5,373.62,237.93,281.83,443.85,211.21,101.6,3590.3,235.56,123.44,132.18,39.56,56.65,100.02,273.36
20260929,09:23:15,47880.23,42706.42,25947.88,16644.4,124.07,1887.0,397.85,461.81,545.36,106.58,162.43,191.27,91.43,138.16,272.83,121.4,190.79,289.77,3041.06,1623.83,465.14,74.44,233.06,949.63,373.62,237.93,282.19,443.84,211.2,101.6,3588.27,235.56,123.32,132.19,39.56,56.65,100.02,273.36
20260929,09:23:20,47881.7,42707.2,25954.43,16649.76,124.07,1888.42,398.47,461.68,545.09,106.58,162.43,191.26,91.43,138.17,272.83,121.4,190.79,289.75,3040.99,1623.79,465.06,74.45,232.94,949.75,373.62,237.93,282.19,443.84,211.24,101.6,3588.86,235.56,123.44,132.19,39.56,56.65,100.02,273.34
20260929,09:23:25,47924.78,42746.22,25961.81,16648.37,124.07,1888.42,398.38,461.68,545.09,106.58,162.44,191.31,91.43,138.16,272.83,121.42,190.79,289.72,3044.17,1626.3,465.1,74.52,232.94,949.79,373.62,237.93,281.89,443.82,211.26,101.6,3591.55,235.56,123.32,132.16,39.56,56.65,100.02,273.34
20260929,09:23:30,47921.23,42742.76,25959.87,16646.13,124.2,1888.42,397.93,461.52,545.11,106.58,162.46,191.38,91.43,137.95,272.83,121.4,190.79,289.73,3043.94,1626.28,465.12,74.5,232.8,949.04,373.62,237.93,282.22,443.82,211.26,101.6,3591.55,235.56,123.44,132.13,39.56,56.67,100.02,273.34
20260929,09:23:35,47918.82,42738.22,25972.72,16653.58,124.2,1888.42,398.47,461.52,545.09,106.59,162.67,191.39,91.6,137.95,272.83,121.44,190.79,289.72,3043.4,1625.9,465.0,74.51,232.81,949.05,373.62,237.93,282.21,443.81,211.43,101.6,3593.54,235.56,123.32,132.23,39.56,56.67,100.02,273.36
20260929,09:23:40,47916.51,42736.01,25973.48,16654.57,124.2,1888.42,398.47,461.78,545.06,106.59,162.69,191.4,91.62,138.16,272.83,121.44,190.79,289.73,3043.2,1625.73,464.99,74.49,232.93,949.04,373.56,237.93,282.2,443.81,211.46,101.6,3593.51,235.56,123.32,132.23,39.56,56.67,100.02,273.36
20260929,09:23:45,47875.17,42698.16,25969.65,16658.33,124.2,1888.52,398.47,461.78,545.19,106.59,162.89,191.42,91.78,138.16,272.83,121.45,190.79,289.73,3040.06,1623.49,465.03,74.47,232.94,948.43,373.62,237.93,282.22,443.81,211.57,101.6,3591.29,235.56,123.32,132.23,39.56,56.67,100.02,273.36
20260929,09:23:50,47915.75,42735.44,25974.93,16656.82,123.94,1888.52,398.38,461.78,545.19,106.59,162.91,191.46,91.78,138.16,272.83,121.46,190.81,289.74,3043.1,1625.91,465.03,74.48,232.94,948.21,373.62,237.93,282.2,443.81,211.57,101.6,3593.35,235.56,123.32,132.03,39.56,56.67,100.02,273.41
20260929,09:23:55,47879.27,42701.56,25973.33,16660.57,124.07,1888.52,398.55,461.78,545.03,106.59,162.89,191.52,91.75,138.16,272.83,121.6,190.81,289.75,3040.28,1623.42,465.16,74.47,233.06,948.91,373.93,237.93,282.2,443.75,211.57,101.6,3591.84,235.56,123.56,132.02,39.56,56.67,100.02,273.44
20260929,09:24:00,47875.61,42698.52,25967.55,16655.69,124.07,1888.52,398.01,461.78,545.01,106.59,162.89,191.49,91.75,137.95,272.83,121.6,190.67,289.75,3040.15,1623.32,465.16,74.47,233.08,948.89,373.91,237.93,282.21,443.8,211.42,101.6,3591.35,235.56,123.68,132.02,39.56,56.67,100.02,273.47
20260929,09:24:05,47871.2,42693.96,25968.1,16655.43,124.07,1888.52,397.93,461.78,545.0,106.59,162.88,191.47,91.76,138.16,272.83,121.58,190.67,289.79,3039.79,1623.26,465.04,74.49,233.09,948.35,373.6,237.93,282.21,443.84,211.43,101.6,3591.6,235.56,123.68,132.02,39.57,56.67,100.02,273.48
20260929,09:24:10,47906.47,42728.58,25968.45,16656.7,124.2,1888.52,397.77,461.78,545.03,106.58,162.9,191.48,91.77,138.16,272.83,121.61,190.62,289.79,3042.55,1625.42,465.03,74.5,232.96,948.36,373.6,237.93,282.21,443.76,211.43,101.6,3591.36,235.63,123.8,132.01,39.57,56.67,100.02,273.75
20260929,09:24:15,47905.71,42727.58,25967.49,16654.69,124.2,1888.52,397.92,461.8,544.97,106.57,162.93,191.47,91.79,138.16,272.83,121.6,190.62,289.79,3042.52,1625.39,465.03,74.5,232.96,948.37,373.53,237.93,282.21,443.75,211.4,101.6,3591.61,235.63,123.44,132.0,39.57,56.66,100.02,273.75
20260929,09:24:20,47864.51,42687.41,25969.53,16656.99,124.2,1888.52,397.91,461.9,544.98,106.57,162.93,191.5,91.79,138.16,272.83,121.62,190.62,289.8,3039.22,1623.07,464.82,74.53,232.96,948.24,373.53,237.93,281.93,443.85,211.4,101.6,3591.62,235.63,123.68,132.0,39.57,56.66,100.02,273.75
20260929,09:24:25,47860.27,42686.33,25963.16,16659.86,124.07,1888.52,398.38,461.9,544.63,106.58,162.89,191.46,91.76,138.15,272.95,121.62,190.62,289.79,3039.07,1622.74,464.82,74.54,232.96,948.39,373.85,237.93,282.24,443.8,211.29,101.6,3588.85,235.56,124.03,132.0,39.57,56.66,100.02,273.7
20260929,09:24:30,47861.01,42686.83,25963.45,16659.43,124.2,1887.1,397.76,461.9,544.8,106.58,162.94,191.53,91.79,138.15,272.95,121.49,190.62,289.79,3039.12,1622.87,464.69,74.51,232.96,948.3,373.85,237.93,282.25,443.82,211.29,101.6,3589.05,235.56,124.51,132.0,39.57,56.68,100.02,273.7
20260929,09:24:35,47899.01,42721.71,25970.11,16659.93,124.2,1887.1,397.85,461.78,544.81,106.58,162.91,191.54,91.76,138.15,272.95,121.5,190.67,289.83,3041.92,1624.98,464.67,74.53,232.96,948.88,373.91,237.93,281.89,443.8,211.36,101.6,3591.0,235.56,124.51,132.0,39.57,56.71,100.02,273.43
20260929,09:24:40,47902.73,42724.91,25971.48,16660.08,124.2,1887.1,397.77,461.78,545.09,106.58,162.94,191.54,91.79,138.15,272.95,121.48,190.62,289.8,3042.17,1625.16,464.67,74.55,232.97,948.85,373.91,237.93,281.93,443.8,211.37,101.6,3591.39,235.95,124.39,132.0,39.57,56.71,100.02,273.43
20260929,09:24:45,47896.5,42718.6,25969.21,16656.67,124.2,1887.1,397.3,461.78,545.12,106.58,162.95,191.58,91.79,138.16,272.95,121.48,190.62,289.8,3041.74,1624.89,464.66,74.43,232.97,948.86,373.92,237.93,281.93,443.8,211.37,101.6,3591.6,235.95,124.39,131.93,39.57,56.69,100.02,273.45
20260929,09:24:50,47898.79,42721.35,25970.05,16659.38,124.2,1887.1,397.31,461.78,545.12,106.58,162.96,191.6,91.79,138.16,272.95,121.46,190.62,289.8,3041.9,1625.01,464.64,74.45,232.96,948.88,373.58,237.93,281.98,443.86,211.51,101.6,3591.13,235.95,124.51,131.93,39.57,56.7,100.02,273.5
20260929,09:24:55,47897.53,42720.09,25968.23,16657.14,124.2,1887.1,397.23,461.78,545.27,106.58,162.77,191.61,91.64,138.14,272.95,121.47,190.62,289.82,3041.85,1625.0,464.65,74.42,232.97,948.9,373.58,237.93,281.92,443.86,211.51,101.6,3591.17,235.95,124.51,131.89,39.57,56.7,100.02,273.49
20260929,09:25:00,47860.9,42684.23,25974.0,16663.25,124.2,1887.1,397.77,461.78,545.27,106.58,162.78,191.65,91.64,137.9,272.81,121.47,190.62,289.82,3038.82,1622.56,464.59,74.45,232.96,948.85,373.33,237.93,282.23,443.84,211.51,101.6,3591.32,235.95,124.74,131.8,39.57,56.7,100.02,273.77
20260929,09:25:05,47900.5,42721.61,25976.67,16662.27,124.07,1887.1,397.77,461.78,545.38,106.58,162.74,191.63,91.61,137.91,272.81,121.6,190.62,289.81,3041.85,1624.97,464.55,74.43,232.95,948.76,373.59,237.93,282.18,443.84,211.52,101.6,3592.42,235.88,124.63,131.7,39.57,56.7,100.02,273.77
20260929,09:25:10,47902.52,42723.67,25982.36,16669.14,124.2,1887.1,398.31,461.76,545.3,106.58,162.93,191.62,91.77,138.12,272.81,121.62,190.62,289.8,3041.85,1625.01,464.53,74.43,232.96,948.68,373.42,237.93,282.18,443.77,211.37,101.6,3592.33,235.88,124.86,131.71,39.57,56.7,100.02,273.78
20260929,09:25:15,47857.06,42683.07,25971.96,16669.52,124.2,1887.1,398.38,461.76,545.31,106.58,162.92,191.6,91.76,138.13,272.81,121.6,190.62,289.8,3038.57,1622.58,464.53,74.44,232.96,948.66,373.42,237.93,281.93,443.77,211.37,101.6,3588.97,235.95,124.86,131.71,39.57,56.68,100.02,273.78
20260929,09:25:20,47860.54,42683.68,25985.3,16675.56,124.2,1887.1,399.1,461.84,545.34,106.58,162.92,191.64,91.75,138.14,272.81,121.46,190.62,289.77,3038.48,1622.48,464.53,74.43,232.97,948.41,373.4,237.93,282.21,443.82,211.42,101.6,3591.51,235.95,124.98,131.71,39.56,56.67,100.02,273.83
20260929,09:25:25,47861.56,42682.09,25990.75,16673.19,124.2,1888.52,398.55,461.85,545.35,106.58,162.93,191.67,91.75,138.13,272.81,121.47,190.52,289.77,3038.4,1622.52,464.42,74.42,232.97,948.37,373.4,237.93,282.12,443.74,211.54,101.6,3593.85,235.95,124.98,131.71,39.56,56.69,100.02,273.78
20260929,09:25:30,47903.58,42724.52,25988.08,16675.1,124.2,1888.52,398.64,461.85,545.35,106.57,162.94,191.67,91.76,137.92,272.81,121.6,190.52,289.77,3041.78,1625.1,464.41,74.43,232.97,948.38,373.4,237.93,282.16,443.84,211.38,101.6,3592.5,235.95,125.22,131.71,39.56,56.69,100.02,273.79
20260929,09:25:35,47860.67,42682.71,25989.87,16677.16,124.2,1888.52,398.72,461.85,545.32,106.57,162.94,191.66,91.76,137.92,272.81,121.6,190.52,289.69,3038.36,1622.6,464.39,74.42,232.72,948.26,373.18,237.93,282.16,443.86,211.37,101.6,3592.5,235.95,125.46,131.71,39.56,56.68,100.02,273.79
20260929,09:25:40,47903.97,42723.11,25998.22,16680.75,124.2,1887.15,399.26,461.85,545.29,106.57,162.94,191.66,91.77,137.92,272.95,121.36,190.48,289.69,3041.53,1624.97,464.5,74.43,233.09,948.12,373.19,237.93,282.05,443.8,211.37,101.6,3594.13,235.95,125.69,131.71,39.56,56.68,100.02,273.8
20260929,09:25:45,47902.82,42721.17,26002.43,16682.86,124.2,1888.57,399.36,461.93,545.44,106.58,162.94,191.66,91.77,137.91,272.95,121.37,190.48,289.69,3041.32,1624.92,464.52,74.47,232.85,947.98,373.19,237.93,282.03,443.8,211.39,101.6,3594.87,235.95,125.69,131.72,39.57,56.68,100.02,273.8
20260929,09:25:50,47910.58,42728.75,26002.85,16683.45,124.2,1888.57,399.44,461.93,545.42,106.58,162.96,191.63,91.78,137.91,272.95,121.49,190.48,289.69,3041.92,1625.02,464.46,74.45,233.1,948.69,372.93,237.71,282.26,443.85,211.26,101.6,3594.85,235.63,125.8,131.72,39.57,56.68,100.02,273.76
20260929,09:25:55,47868.82,42688.42,26000.96,16682.44,124.2,1888.57,399.51,461.93,545.6,106.55,162.96,191.63,91.78,138.12,272.95,121.5,190.48,289.72,3038.69,1622.59,464.48,74.46,232.85,948.75,372.93,237.71,282.22,443.85,211.19,101.6,3594.53,235.63,125.68,131.74,39.57,56.67,100.02,273.5
20260929,09:26:00,47876.92,42696.39,26001.81,16683.68,124.26,1888.67,399.52,461.93,545.89,106.55,162.96,191.63,91.78,138.13,273.13,121.5,190.48,289.71,3039.3,1622.8,464.51,74.52,233.1,949.18,372.94,237.71,282.22,443.79,211.19,101.6,3594.46,235.63,125.68,131.72,39.57,56.67,100.02,273.52
20260929,09:26:05,47914.28,42732.74,26005.8,16688.11,124.26,1888.67,400.06,461.93,545.94,106.55,162.97,191.68,91.78,138.13,273.13,121.51,190.62,289.71,3042.13,1625.15,464.49,74.51,232.86,949.3,372.95,237.71,281.91,443.79,211.19,101.6,3594.5,235.63,125.68,131.72,39.56,56.67,100.02,273.52
20260929,09:26:10,47873.6,42692.91,26002.85,16684.06,124.2,1888.67,399.51,461.91,545.94,106.56,162.97,191.68,91.78,138.13,273.13,121.5,190.62,289.72,3039.01,1622.82,464.61,74.52,232.85,949.01,372.96,237.71,281.87,443.82,211.19,101.6,3594.68,235.63,125.56,131.72,39.56,56.67,100.02,273.91
20260929,09:26:15,47877.04,42696.52,25995.55,16676.5,124.2,1887.25,398.8,461.91,545.96,106.56,162.97,191.68,91.78,138.13,273.13,121.49,190.62,289.73,3039.49,1622.94,464.61,74.5,233.1,949.15,372.96,237.71,282.19,443.86,211.18,101.6,3594.45,235.63,125.33,131.72,39.56,56.67,100.02,273.91
20260929,09:26:20,47865.02,42684.81,25995.72,16676.7,124.2,1887.25,398.79,461.91,545.96,106.56,162.97,191.67,91.78,138.35,273.13,121.49,190.62,289.73,3038.54,1622.48,464.68,74.45,232.85,948.94,372.94,237.71,281.89,443.86,211.18,101.6,3594.45,235.63,125.33,131.72,39.56,56.67,100.02,273.91
20260929,09:26:25,47860.54,42682.07,25988.01,16673.29,124.2,1887.25,398.8,461.91,545.7,106.56,162.96,191.64,91.78,138.35,272.99,121.64,190.62,289.73,3038.4,1622.52,464.69,74.49,232.67,948.21,372.94,237.84,282.19,443.8,211.03,101.6,3592.97,235.63,125.09,131.73,39.56,56.67,100.02,273.91
20260929,09:26:30,47859.17,42682.02,25981.97,16670.67,124.2,1887.25,398.81,461.82,545.81,106.57,162.96,191.62,91.78,138.14,272.99,121.51,190.62,289.73,3038.46,1622.29,464.68,74.5,232.72,949.46,372.62,237.84,281.84,443.8,211.03,101.6,3591.79,235.63,124.85,131.73,39.56,56.67,100.02,273.91
20260929,09:26:35,47895.27,42717.81,25979.07,16669.35,124.2,1888.47,398.26,461.83,545.87,106.58,162.96,191.64,91.78,138.14,272.99,121.53,190.58,289.72,3041.38,1624.62,464.67,74.51,232.72,949.16,372.62,237.84,281.88,443.8,211.03,101.6,3591.24,235.63,125.09,131.73,39.56,56.67,100.02,273.91
20260929,09:26:40,47894.53,42715.26,25987.63,16673.12,124.2,1888.47,398.89,461.83,545.93,106.59,162.96,191.64,91.78,138.14,272.99,121.53,190.58,289.72,3041.08,1624.57,464.66,74.49,232.72,948.65,372.62,237.84,281.89,443.79,211.03,101.6,3592.89,235.63,124.97,131.73,39.56,56.67,100.02,273.91
20260929,09:26:45,47887.66,42708.36,25982.99,16667.06,124.2,1888.47,398.18,461.83,545.76,106.59,162.97,191.68,91.78,138.15,272.99,121.53,190.58,289.73,3040.67,1624.29,464.73,74.42,232.72,948.64,372.62,237.84,281.86,443.79,211.0,101.6,3593.09,235.63,124.97,131.65,39.56,56.67,100.02,273.91
20260929,09:26:50,47891.99,42712.31,25988.8,16672.87,124.2,1888.47,398.64,461.83,545.68,106.59,162.97,191.67,91.78,138.15,272.99,121.54,190.58,289.73,3040.85,1624.33,464.74,74.46,232.72,948.49,372.54,237.79,282.17,443.86,211.11,101.6,3593.33,235.95,125.09,131.65,39.56,56.67,100.02,273.91
20260929,09:26:55,47891.61,42709.41,25996.37,16673.1,124.2,1887.05,398.64,461.83,545.79,106.57,162.96,191.69,91.77,137.93,272.99,121.66,190.58,289.73,3040.61,1624.26,464.76,74.45,232.72,948.07,372.55,237.79,282.2,443.86,211.12,101.6,3595.63,235.95,125.09,131.63,39.56,56.69,100.02,273.91
20260929,09:27:00,47888.3,42706.1,25997.04,16673.55,124.2,1887.05,398.82,461.83,545.93,106.57,162.99,191.75,91.78,137.93,272.99,121.54,190.58,289.75,3040.33,1624.12,464.79,74.47,232.84,948.05,372.55,237.7,281.9,443.87,211.12,101.6,3595.72,235.95,124.97,131.63,39.56,56.69,100.02,273.93
20260929,09:27:05,47848.73,42668.0,25996.68,16674.69,124.2,1887.05,398.74,461.83,546.07,106.57,163.0,191.74,91.79,137.93,272.99,121.52,190.58,289.77,3037.23,1621.72,464.79,74.47,232.73,948.18,372.78,237.7,281.9,443.87,211.15,101.6,3595.3,235.95,125.09,131.63,39.56,56.69,100.02,273.93
20260929,09:27:10,47847.15,42666.38,25996.26,16673.91,124.2,1887.05,398.73,461.83,546.08,106.57,162.99,191.72,91.79,137.93,272.99,121.51,190.61,289.77,3037.12,1621.57,464.81,74.49,232.72,948.28,372.59,237.7,281.94,443.9,211.19,101.6,3595.38,235.95,124.98,131.61,39.56,56.67,100.02,273.91
20260929,09:27:15,47881.13,42699.65,25994.67,16672.64,124.2,1887.05,398.74,461.83,545.95,106.49,163.01,191.73,91.8,137.93,272.99,121.51,190.61,289.79,3039.83,1623.67,464.8,74.49,232.84,948.22,372.59,237.7,281.9,443.85,211.08,101.6,3595.22,235.95,124.98,131.61,39.56,56.67,100.02,274.01
20260929,09:27:20,47878.93,42697.2,25991.27,16667.72,124.2,1887.05,398.19,461.83,545.95,106.49,163.02,191.66,91.82,137.93,272.99,121.52,190.61,289.79,3039.75,1623.67,464.8,74.47,232.84,947.9,372.59,237.7,282.04,443.85,211.07,101.6,3595.5,235.95,124.86,131.62,39.56,56.67,100.02,273.98
20260929,09:27:25,47885.67,42703.99,25997.5,16675.63,124.2,1887.09,398.74,461.7,545.96,106.49,163.23,191.75,91.98,137.92,272.99,121.65,190.62,289.77,3040.11,1623.7,464.8,74.47,232.84,948.62,372.59,237.7,282.04,443.85,211.07,101.6,3595.3,235.95,124.98,131.62,39.56,56.67,100.02,273.98
20260929,09:27:30,47848.32,42668.02,25992.47,16671.22,124.26,1887.09,398.28,461.45,545.93,106.49,163.24,191.79,91.98,137.94,272.99,121.53,190.62,289.77,3037.32,1621.53,464.8,74.47,232.84,948.55,372.77,237.7,282.13,443.85,210.94,101.57,3594.92,235.95,125.1,131.62,39.56,56.68,100.02,273.98
20260929,09:27:35,47847.49,42667.61,25994.89,16675.39,124.26,1887.09,398.91,461.45,545.92,106.49,163.24,191.77,91.98,137.94,272.99,121.52,190.62,289.77,3037.19,1621.47,464.81,74.39,232.84,948.52,372.77,237.7,282.14,443.85,210.89,101.57,3594.55,235.95,125.1,131.62,39.56,56.68,100.02,274.01
20260929,09:27:40,47879.34,42698.65,25990.34,16670.15,124.26,1887.09,398.28,461.53,545.92,106.49,163.23,191.76,91.98,137.94,272.87,121.52,190.62,289.77,3039.81,1623.74,464.81,74.42,233.09,947.55,372.58,237.7,282.14,443.85,211.02,101.57,3594.55,235.95,124.98,131.62,39.56,56.68,100.02,273.71
20260929,09:27:45,47849.81,42670.07,25989.29,16669.6,124.26,1887.09,398.36,461.61,545.92,106.49,163.23,191.73,91.98,137.95,272.87,121.52,190.62,289.77,3037.52,1621.66,464.86,74.42,233.09,948.37,372.6,237.7,282.2,443.81,210.9,101.57,3594.37,235.95,124.98,131.63,39.56,56.68,100.02,273.69
20260929,09:27:50,47848.93,42669.63,25988.68,16670.28,124.26,1887.09,398.36,461.61,545.78,106.48,163.24,191.76,91.98,137.94,272.87,121.5,190.62,289.84,3037.47,1621.37,465.0,74.42,232.84,949.23,372.6,237.7,282.2,443.8,211.02,101.57,3593.99,235.95,124.98,131.63,39.55,56.68,100.02,273.69
20260929,09:27:55,47849.92,42670.54,25987.73,16669.03,124.2,1887.09,398.19,461.53,545.9,106.48,163.25,191.8,91.98,137.94,272.87,121.52,190.65,289.86,3037.57,1621.68,465.02,74.41,232.84,948.47,372.86,237.7,282.2,443.85,211.06,101.57,3594.04,235.95,124.86,131.63,39.55,56.68,100.02,273.69
20260929,09:28:00,47887.25,42705.09,25989.02,16664.41,124.2,1887.09,397.65,461.53,545.87,106.48,163.26,191.81,91.99,137.94,272.87,121.51,190.65,289.88,3040.47,1623.88,465.03,74.36,232.84,948.25,372.93,237.7,282.51,443.85,211.06,101.57,3595.69,235.95,124.74,131.73,39.55,56.68,100.02,273.68
20260929,09:28:05,47885.95,42703.86,25987.53,16662.81,124.2,1887.09,397.56,461.61,546.01,106.48,163.05,191.79,91.82,137.94,273.01,121.53,190.61,289.88,3040.41,1623.86,465.03,74.36,232.71,948.2,372.93,237.7,282.57,443.86,211.02,101.57,3595.66,235.95,124.86,131.73,39.55,56.68,100.02,273.68
20260929,09:28:10,47845.84,42664.19,25991.01,16664.82,124.2,1887.09,397.64,461.61,546.15,106.48,163.04,191.8,91.81,137.94,273.01,121.53,190.58,289.88,3037.16,1621.59,464.99,74.34,232.73,947.96,372.94,237.7,282.25,443.76,211.06,101.57,3596.2,235.95,124.98,131.73,39.55,56.68,100.02,273.68
20260929,09:28:15,47848.37,42664.53,25992.78,16659.75,124.2,1887.09,397.01,461.61,546.17,106.48,163.05,191.79,91.82,137.94,273.01,121.53,190.58,289.87,3037.31,1621.59,465.02,74.34,232.72,947.99,372.91,237.7,282.5,443.76,211.02,101.57,3598.13,235.95,124.98,131.67,39.55,56.68,100.02,273.64
20260929,09:28:20,47890.76,42706.47,25990.54,16659.3,124.2,1887.09,397.11,461.6,546.1,106.48,163.04,191.77,91.82,137.94,273.01,121.52,190.62,289.88,3040.7,1624.24,465.11,74.33,232.72,947.8,372.85,237.7,282.49,443.76,211.04,101.57,3597.56,235.95,124.86,131.67,39.55,56.67,100.02,273.64
20260929,09:28:25,47883.9,42701.46,25985.43,16659.03,124.2,1887.09,397.1,461.6,546.04,106.48,163.04,191.76,91.82,137.94,273.01,121.53,190.62,289.89,3040.31,1623.96,465.12,74.31,232.85,947.65,372.85,237.7,282.49,443.73,211.04,101.57,3596.03,235.95,124.86,131.67,39.55,56.67,100.02,273.64
20260929,09:28:30,47843.84,42661.28,25988.26,16658.46,124.07,1887.21,397.02,461.6,546.07,106.48,162.99,191.79,91.77,137.94,273.01,121.64,190.62,289.89,3037.08,1621.68,465.12,74.29,232.86,947.39,373.16,237.7,282.18,443.73,211.04,101.57,3597.07,235.95,124.86,131.67,39.55,56.69,100.02,273.64
20260929,09:28:35,47883.84,42700.41,25988.69,16659.47,124.07,1887.43,397.1,461.6,546.28,106.48,162.98,191.77,91.77,137.94,273.01,121.52,190.62,289.86,3040.21,1624.19,465.12,74.3,232.84,946.81,373.19,237.56,282.4,443.78,211.04,101.57,3596.93,235.95,124.74,131.77,39.55,56.69,100.02,274.02
20260929,09:28:40,47837.99,42655.83,25988.08,16659.09,124.2,1887.43,397.02,461.58,546.26,106.4,162.99,191.75,91.78,137.91,273.01,121.53,190.62,289.86,3036.63,1621.55,465.18,74.23,232.95,946.8,373.0,237.7,282.1,443.84,211.04,101.57,3596.84,235.95,124.74,131.77,39.55,56.69,100.02,274.02
20260929,09:28:45,47835.33,42653.2,25986.85,16657.51,124.2,1887.21,397.01,461.58,546.37,106.4,162.98,191.73,91.78,137.91,273.01,121.55,190.62,289.86,3036.45,1621.49,465.19,74.25,232.84,946.52,373.0,237.7,282.19,443.73,210.89,101.57,3596.89,235.95,124.74,131.77,39.55,56.67,100.02,273.99
20260929,09:28:50,47836.82,42654.23,25988.5,16658.03,124.2,1887.21,397.18,461.58,546.23,106.48,162.98,191.77,91.78,137.9,273.01,121.55,190.62,289.86,3036.52,1621.54,465.19,74.24,232.85,946.58,372.98,237.7,282.16,443.84,210.89,101.57,3597.26,235.95,124.74,131.79,39.55,56.67,100.02,273.7
20260929,09:28:55,47838.53,42655.37,25993.02,16661.46,124.2,1887.21,397.63,461.58,546.23,106.48,162.99,191.76,91.78,137.9,273.01,121.55,190.66,289.84,3036.53,1621.45,465.26,74.24,232.85,946.82,372.92,237.7,282.17,443.85,210.89,101.57,3597.75,235.95,124.74,131.79,39.55,56.67,100.02,273.73
20260929,09:29:00,47879.8,42695.49,25992.73,16660.81,124.26,1887.21,397.55,461.58,546.2,106.47,162.98,191.73,91.78,137.91,273.01,121.56,190.66,289.84,3039.78,1623.84,465.26,74.25,232.85,947.14,372.92,237.56,282.17,443.89,210.89,101.56,3597.83,235.95,124.74,131.7,39.55,56.69,100.02,273.73
20260929,09:29:05,47879.3,42695.02,25989.86,16657.57,124.13,1887.21,396.93,461.58,546.32,106.47,162.96,191.7,91.77,137.91,273.01,121.57,190.66,289.84,3039.82,1623.69,465.23,74.29,233.09,947.06,372.92,237.56,282.49,443.89,210.85,101.56,3597.81,235.95,124.98,131.7,39.55,56.69,100.02,273.7
20260929,09:29:10,47836.82,42653.6,25992.58,16660.61,124.13,1886.93,397.47,461.71,546.23,106.39,162.93,191.67,91.75,137.91,273.01,121.53,190.7,289.84,3036.41,1621.22,465.23,74.26,232.72,947.0,372.54,237.7,282.48,443.89,210.85,101.56,3597.84,235.95,124.98,131.69,39.55,56.7,100.02,273.71
20260929,09:29:15,47833.88,42650.78,25988.1,16655.59,124.13,1887.16,396.76,461.71,546.03,106.39,162.92,191.62,91.75,137.92,273.01,121.54,190.66,289.83,3036.3,1621.2,465.12,74.25,232.71,947.02,372.54,237.7,282.43,443.9,211.04,101.55,3597.8,235.95,124.86,131.69,39.55,56.7,100.02,273.71
20260929,09:29:20,47834.86,42651.91,25986.18,16653.97,124.13,1887.16,396.76,461.71,545.71,106.37,162.9,191.62,91.74,137.91,273.01,121.54,190.81,289.81,3036.44,1621.17,465.14,74.26,232.7,946.99,372.85,237.56,282.7,443.92,210.89,101.55,3597.64,235.95,124.98,131.7,39.55,56.69,100.02,273.73
20260929,09:29:25,47872.4,42686.35,25986.95,16647.69,124.2,1887.16,396.57,461.71,545.62,106.37,162.72,191.65,91.59,137.91,273.01,121.56,190.84,289.81,3039.36,1623.48,465.09,74.24,232.7,947.33,372.79,237.56,282.39,443.88,210.88,101.54,3599.59,235.95,124.63,131.7,39.55,56.69,100.02,273.69
20260929,09:29:30,47837.28,42651.73,25988.52,16648.14,124.2,1887.16,396.58,461.71,545.79,106.37,162.71,191.64,91.58,137.91,272.89,121.56,190.84,289.82,3036.56,1621.16,465.09,74.27,232.82,947.77,372.48,237.56,282.34,443.88,210.89,101.5,3599.95,235.95,124.63,131.7,39.55,56.69,100.02,273.69
20260929,09:29:35,47880.06,42693.92,25987.15,16648.28,124.07,1887.16,396.66,461.71,545.94,106.37,162.72,191.7,91.58,137.89,272.89,121.69,190.84,289.81,3039.96,1623.63,465.27,74.34,232.82,947.92,372.46,237.56,282.33,443.89,210.88,101.5,3599.49,235.95,124.5,131.69,39.55,56.65,100.02,273.68
20260929,09:29:40,47887.42,42702.42,25981.3,16646.0,124.07,1887.16,396.58,461.71,545.76,106.37,162.7,191.6,91.58,137.92,272.89,121.56,190.84,289.81,3040.7,1623.82,465.17,74.35,232.82,948.47,372.46,237.72,282.85,443.85,210.88,101.5,3598.28,235.95,124.5,131.69,39.55,56.65,100.02,273.68
20260929,09:29:45,47891.0,42706.18,25981.46,16647.07,124.07,1887.16,396.74,461.63,545.76,106.37,162.7,191.62,91.58,137.9,272.89,121.57,190.84,289.81,3040.97,1623.94,465.06,74.35,233.07,948.64,372.59,237.72,282.85,443.85,210.88,101.5,3598.04,235.95,124.5,131.69,39.55,56.65,100.02,273.68
20260929,09:29:50,47894.49,42711.8,25975.04,16647.14,124.07,1887.16,396.57,461.63,545.77,106.37,162.72,191.56,91.6,137.9,272.89,121.57,190.81,289.81,3041.43,1624.09,465.18,74.36,232.82,949.37,372.6,237.58,282.84,443.85,210.91,101.5,3596.01,235.95,124.5,131.72,39.55,56.65,100.02,273.96
20260929,09:29:55,47897.48,42709.47,25991.62,16648.64,124.2,1887.16,396.58,461.63,546.05,106.37,162.72,191.58,91.6,137.89,272.89,121.57,190.81,289.81,3041.2,1623.96,465.31,74.34,232.82,949.21,372.59,237.58,282.75,443.84,210.91,101.5,3600.79,235.95,124.5,131.72,39.55,56.66,100.02,273.97
20260929,09:30:00,47895.69,42707.86,25991.29,16648.73,124.2,1887.16,396.67,461.63,546.05,106.31,162.72,191.57,91.6,137.68,272.89,121.57,190.81,289.81,3041.07,1624.04,465.27,74.31,232.64,949.26,372.6,237.58,282.5,443.83,210.91,101.5,3600.66,235.95,124.5,131.71,39.55,56.66,100.02,273.97
20260929,09:30:05,47850.65,42662.59,25993.52,16646.67,124.2,1887.16,395.95,461.63,546.08,106.38,162.7,191.54,91.59,137.67,272.89,121.69,190.84,289.81,3037.47,1621.5,465.37,74.3,232.52,948.61,372.3,237.58,282.49,443.84,210.91,101.5,3601.92,235.95,124.73,131.81,39.55,56.66,100.02,273.98
20260929,09:30:10,47884.93,42699.61,25980.62,16643.94,124.2,1887.16,396.03,461.63,546.05,106.3,162.67,191.51,91.58,137.89,272.89,121.69,190.83,289.81,3040.52,1623.86,465.35,74.27,232.87,948.35,372.35,237.58,282.48,443.83,210.8,101.5,3598.63,235.95,124.5,131.81,39.55,56.66,100.02,273.98
20260929,09:30:15,47840.38,42656.25,25980.29,16643.72,124.26,1887.16,395.87,461.63,546.04,106.29,162.68,191.47,91.59,137.89,272.89,121.68,190.83,289.81,3037.03,1621.17,465.29,74.27,232.8,948.48,372.33,237.58,282.48,443.77,210.8,101.5,3598.58,235.95,124.62,131.81,39.55,56.66,100.02,273.98
20260929,09:30:20,47837.26,42656.08,25972.53,16644.41,124.26,1887.16,395.86,461.63,546.04,106.28,162.67,191.44,91.59,137.46,272.89,121.69,190.83,289.81,3037.0,1621.14,465.36,74.28,232.8,948.43,372.19,237.58,282.48,443.85,210.8,101.5,3595.97,235.95,124.73,131.91,39.55,56.66,100.02,273.99
20260929,09:30:25,47839.47,42657.9,25971.83,16642.48,124.26,1887.15,395.78,461.63,545.9,106.29,162.65,191.37,91.59,137.46,272.89,121.59,190.83,289.81,3037.19,1621.01,465.45,74.31,232.8,948.69,372.19,237.58,282.84,443.85,210.78,101.5,3596.28,235.95,124.74,131.91,39.55,56.66,100.02,273.99
20260929,09:30:30,47873.42,42691.14,25972.69,16644.0,124.26,1887.15,395.86,461.55,546.07,106.29,162.64,191.47,91.56,137.46,272.89,121.7,190.83,289.81,3039.84,1623.3,465.38,74.31,232.8,948.55,372.19,237.58,282.39,443.79,210.78,101.5,3596.13,235.95,124.74,131.91,39.55,56.66,100.02,273.99
20260929,09:30:35,47879.39,42695.12,25982.77,16649.48,124.26,1888.57,396.03,462.05,546.07,106.37,162.64,191.49,91.55,137.47,272.89,121.72,190.83,289.8,3040.03,1623.26,465.49,74.34,232.8,948.56,372.19,237.58,282.7,443.79,210.86,101.51,3597.8,235.95,124.98,131.91,39.55,56.68,100.02,273.97
20260929,09:30:40,47833.96,42651.45,25981.11,16649.53,124.26,1888.57,396.02,462.05,545.74,106.37,162.65,191.5,91.56,137.67,272.89,121.7,190.79,289.8,3036.51,1620.67,465.51,74.32,232.8,948.58,372.27,237.58,282.39,443.79,210.98,101.51,3597.26,235.95,124.98,131.91,39.55,56.67,100.02,273.97
20260929,09:30:45,47840.23,42656.97,25985.97,16653.16,124.26,1887.15,396.57,462.05,545.75,106.37,162.66,191.48,91.58,137.68,272.89,121.73,190.79,289.79,3036.86,1620.75,465.51,74.39,232.8,948.6,372.27,237.58,282.75,443.79,210.98,101.51,3597.8,235.95,124.98,131.91,39.55,56.67,100.02,273.92
20260929,09:30:50,47877.69,42693.25,25984.47,16650.72,124.26,1888.57,396.18,462.05,545.75,106.37,162.66,191.46,91.58,137.68,272.71,121.74,190.82,289.79,3039.84,1623.01,465.54,74.41,232.92,948.95,372.27,237.58,282.44,443.79,210.95,101.51,3597.99,235.95,124.98,131.91,39.55,56.67,100.02,273.92
20260929,09:30:55,47876.89,42692.24,25986.45,16652.19,124.26,1888.51,396.02,461.55,546.03,106.37,162.66,191.46,91.57,137.68,272.7,121.77,190.82,290.68,3039.73,1622.94,465.62,74.4,232.91,948.84,372.14,237.58,282.44,443.79,210.95,101.51,3598.21,235.95,124.98,131.91,39.55,56.67,100.02,273.9
20260929,09:31:00,47833.11,42651.44,25978.64,16649.44,124.26,1888.51,396.02,461.55,546.05,106.37,162.67,191.52,91.57,137.68,272.7,121.78,190.82,290.68,3036.51,1620.66,465.54,74.4,232.8,948.09,372.14,237.72,282.67,443.79,210.93,101.51,3596.52,235.95,124.74,131.91,39.55,56.67,100.02,273.59
20260929,09:31:05,47835.77,42653.78,25983.8,16654.53,124.13,1888.51,396.56,461.5,546.03,106.37,162.68,191.52,91.58,137.68,272.7,121.79,190.82,290.69,3036.57,1620.71,465.55,74.42,232.82,948.67,372.14,237.72,282.17,443.81,210.89,101.51,3596.75,235.95,124.98,131.91,39.55,56.66,99.92,273.59
20260929,09:31:10,47843.23,42661.35,25982.29,16653.8,124.13,1888.51,396.56,461.5,546.03,106.37,162.68,191.52,91.58,137.67,272.7,121.81,190.82,290.69,3037.2,1620.82,465.81,74.45,232.82,948.99,372.14,237.72,282.57,443.87,210.89,101.51,3596.47,235.95,124.86,131.91,39.55,56.66,99.92,273.59
20260929,09:31:15,47894.1,42711.42,25984.38,16657.89,124.13,1888.51,396.57,461.5,546.51,106.37,162.86,191.52,91.73,137.68,272.7,121.82,190.82,290.69,3041.14,1623.5,465.99,74.5,232.7,949.81,372.43,237.74,282.59,443.87,210.88,101.51,3596.01,235.95,124.98,131.88,39.55,56.66,99.92,273.5
20260929,09:31:20,47897.24,42713.48,25988.23,16658.97,124.13,1888.51,396.71,461.5,546.87,106.36,162.85,191.49,91.73,137.68,272.53,121.86,190.79,290.69,3041.28,1623.55,466.08,74.51,232.71,949.82,372.43,237.74,282.61,443.81,210.88,101.51,3596.92,235.95,124.86,131.88,39.55,56.62,99.92,273.55
20260929,09:31:25,47899.29,42713.03,25993.8,16657.19,124.07,1886.86,396.64,461.5,546.87,106.38,162.84,191.48,91.72,137.68,272.53,121.87,190.76,290.69,3041.28,1623.6,466.02,74.52,232.71,949.73,372.46,237.74,282.62,443.8,210.73,101.51,3599.15,235.95,124.98,131.88,39.55,56.64,99.92,273.55
20260929,09:31:30,47856.64,42671.58,25993.83,16657.59,123.94,1886.86,396.64,461.76,546.9,106.38,162.84,191.46,91.72,137.69,272.53,121.87,190.79,290.69,3037.93,1621.2,466.05,74.51,232.71,949.56,372.46,237.74,282.31,443.79,210.88,101.51,3599.05,235.95,124.86,131.88,39.55,56.65,99.92,273.53
20260929,09:31:35,47896.33,42710.47,25990.97,16655.04,124.07,1886.86,396.48,461.76,546.92,106.38,162.84,191.46,91.72,137.68,272.53,121.87,190.79,290.69,3041.13,1623.47,466.06,74.51,232.83,949.92,372.45,237.74,282.4,443.79,210.59,101.51,3598.85,235.95,124.86,131.89,39.55,56.65,99.92,273.82
20260929,09:31:40,47858.8,42676.27,25984.45,16655.44,124.07,1888.28,396.47,461.84,546.92,106.38,162.83,191.46,91.72,137.69,272.53,121.88,190.79,290.69,3038.36,1621.09,466.09,74.52,232.71,950.76,372.45,237.58,282.4,443.77,210.56,101.51,3596.7,235.95,124.86,131.89,39.55,56.65,99.92,273.87
20260929,09:31:45,47900.71,42714.8,25991.13,16655.4,124.07,1888.28,396.47,461.84,547.06,106.38,162.61,191.46,91.54,137.69,272.53,121.88,190.79,290.69,3041.47,1623.4,465.96,74.52,232.71,950.74,372.45,237.58,282.7,443.77,210.71,101.51,3598.8,235.95,124.98,131.7,39.55,56.65,99.92,273.89
20260929,09:31:50,47854.42,42669.59,25990.5,16654.33,124.07,1888.28,396.57,461.84,547.06,106.38,162.62,191.5,91.54,137.69,272.53,121.77,190.79,290.69,3037.85,1620.6,466.01,74.44,232.71,950.94,372.45,237.58,282.66,443.78,210.55,101.51,3598.89,235.95,124.99,131.8,39.55,56.65,99.92,273.89
20260929,09:31:55,47893.13,42707.71,25985.94,16650.43,124.07,1886.86,396.47,461.84,546.98,106.37,162.64,191.56,91.54,137.69,272.53,121.74,190.79,290.69,3041.02,1623.16,466.04,74.46,232.71,950.91,372.45,237.58,282.34,443.77,210.47,101.52,3598.53,235.63,124.87,131.8,39.54,56.65,99.92,273.84
20260929,09:32:00,47892.77,42706.89,25984.89,16647.67,123.94,1886.86,396.47,462.17,546.91,106.37,162.63,191.54,91.54,137.69,272.53,121.74,190.76,290.69,3041.02,1623.16,465.96,74.48,232.54,950.72,372.45,237.58,282.65,443.77,210.23,101.51,3598.95,235.63,124.87,131.81,39.54,56.65,99.92,273.84
20260929,09:32:05,47850.39,42666.1,25987.82,16652.69,124.07,1887.0,396.64,462.17,546.89,106.37,162.62,191.53,91.54,137.69,272.53,121.75,190.76,290.69,3037.61,1620.74,465.96,74.48,232.54,950.74,372.4,237.58,282.14,443.77,210.18,101.51,3598.5,235.63,125.35,131.81,39.55,56.65,99.92,273.84
20260929,09:32:10,47849.26,42664.72,25992.09,16656.69,124.13,1887.0,397.17,462.17,547.04,106.37,162.63,191.53,91.53,137.69,272.53,121.75,190.76,290.69,3037.4,1620.49,465.86,74.49,232.55,951.09,372.42,237.58,282.14,443.77,210.29,101.54,3598.75,235.63,125.23,131.85,39.55,56.65,99.92,273.55
20260929,09:32:15,47847.8,42664.06,25990.2,16657.09,124.13,1887.0,397.17,462.17,546.87,106.37,162.63,191.53,91.54,137.71,272.53,121.89,190.76,290.69,3037.34,1620.59,465.98,74.49,232.72,950.36,372.42,237.58,282.13,443.72,210.29,101.54,3598.05,235.63,125.23,131.85,39.55,56.64,99.92,273.56
20260929,09:32:20,47848.33,42664.74,25989.51,16656.83,124.13,1887.0,397.09,462.3,546.82,106.37,162.68,191.61,91.56,137.71,272.53,121.91,190.61,290.7,3037.4,1620.52,465.9,74.46,232.73,950.44,372.3,237.58,282.46,443.78,210.28,101.55,3597.91,235.63,125.23,131.85,39.55,56.63,99.92,273.53
20260929,09:32:25,47850.08,42666.23,25991.89,16658.84,124.13,1887.0,397.18,462.3,546.82,106.37,162.68,191.62,91.56,137.71,272.53,122.16,190.61,290.7,3037.47,1620.66,465.9,74.45,232.73,950.27,372.3,237.53,282.41,443.78,210.24,101.55,3598.1,235.63,125.23,131.84,39.55,56.66,99.92,273.53
20260929,09:32:30,47850.42,42666.77,25991.27,16658.85,124.13,1886.96,397.02,462.3,546.85,106.37,162.68,191.62,91.56,137.71,272.53,122.19,190.61,290.68,3037.52,1620.72,466.05,74.45,232.73,950.35,371.8,237.53,282.22,443.78,210.34,101.55,3597.91,235.63,125.23,131.84,39.55,56.66,99.92,273.53
20260929,09:32:35,47845.41,42662.2,25986.15,16653.99,124.13,1886.96,396.39,462.3,546.99,106.45,162.7,191.64,91.57,137.71,272.53,122.17,190.61,290.66,3037.26,1620.75,465.84,74.46,232.73,950.24,371.82,237.53,281.94,443.82,210.35,101.55,3597.63,235.63,125.11,131.84,39.55,56.62,99.92,273.53
20260929,09:32:40,47843.17,42660.34,25984.87,16653.59,124.13,1886.96,396.4,462.3,546.99,106.45,162.71,191.68,91.57,137.71,272.53,122.09,190.61,290.66,3037.12,1620.61,465.84,74.44,232.74,950.35,371.8,237.53,281.94,443.81,210.35,101.55,3597.33,235.63,125.11,131.84,39.55,56.62,99.92,273.53
20260929,09:32:45,47834.04,42651.61,25985.44,16654.79,124.13,1886.96,396.57,462.22,546.86,106.45,162.71,191.66,91.57,137.71,272.53,122.1,190.61,290.66,3036.39,1620.19,465.88,74.46,232.56,949.97,371.8,237.53,281.94,443.81,210.39,101.55,3597.19,235.63,125.11,131.84,39.55,56.62,99.92,273.53
20260929,09:32:50,47839.02,42655.71,25991.99,16659.82,124.12,1887.04,397.11,462.22,547.0,106.45,162.74,191.72,91.58,137.71,272.53,122.25,190.61,290.66,3036.6,1620.35,465.86,74.46,232.56,950.02,371.8,237.53,281.94,443.82,210.42,101.55,3597.87,235.63,124.99,131.86,39.55,56.62,99.92,273.55
20260929,09:32:55,47836.66,42653.42,25999.64,16668.64,124.25,1886.96,398.37,462.06,546.88,106.45,162.74,191.75,91.58,137.72,272.53,122.12,190.61,290.66,3036.2,1620.3,466.0,74.44,232.68,949.16,371.8,237.53,281.84,443.82,210.39,101.55,3597.87,235.63,125.11,131.86,39.55,56.62,99.91,273.55
20260929,09:33:00,47845.49,42662.23,25999.71,16669.42,124.12,1886.91,398.37,462.06,546.88,106.45,162.75,191.78,91.58,137.72,272.53,122.27,190.66,290.71,3036.9,1620.57,466.16,74.46,232.68,949.38,371.78,237.53,282.15,443.82,210.38,101.55,3597.68,235.63,125.11,131.84,39.55,56.62,99.91,273.55
20260929,09:33:05,47838.69,42656.46,25995.74,16667.72,124.12,1886.91,397.9,462.06,547.0,106.45,162.79,191.91,91.59,137.72,272.53,122.28,190.66,290.71,3036.47,1620.2,466.24,74.42,232.57,949.59,371.78,237.53,282.15,443.75,210.38,101.55,3596.89,235.63,125.23,131.83,39.55,56.62,99.91,273.56
20260929,09:33:10,47880.89,42698.01,26000.01,16674.08,124.06,1886.91,398.45,462.06,546.89,106.47,162.78,191.94,91.58,137.72,272.53,122.32,190.69,290.71,3039.67,1622.62,466.15,74.45,232.87,949.59,371.97,237.51,282.05,443.74,210.56,101.55,3596.5,235.63,125.35,131.83,39.55,56.62,99.91,273.56
20260929,09:33:15,47881.61,42698.59,25999.29,16672.82,124.06,1886.87,397.99,462.06,546.89,106.47,162.78,191.94,91.58,137.72,272.65,122.32,190.8,290.72,3039.74,1622.63,466.35,74.42,233.0,949.84,371.97,237.48,281.74,443.74,210.53,101.55,3596.62,235.66,125.47,131.83,39.55,56.68,99.82,273.88
20260929,09:33:20,47879.81,42696.83,25995.46,16668.42,124.06,1886.87,397.98,462.06,547.11,106.47,162.59,191.94,91.42,137.72,272.65,122.33,190.8,290.71,3039.71,1622.73,466.23,74.44,233.0,949.01,371.98,237.48,282.15,443.74,210.53,101.55,3596.62,235.59,125.23,131.83,39.55,56.66,99.82,273.58
20260929,09:33:25,47836.12,42654.09,25996.35,16668.86,124.06,1886.87,397.98,462.06,547.11,106.48,162.59,191.94,91.42,137.72,272.65,122.32,190.84,290.72,3036.25,1620.03,466.38,74.38,232.87,949.15,372.23,237.57,282.16,443.73,210.56,101.55,3596.78,235.59,125.23,131.84,39.55,56.66,99.82,273.58
20260929,09:33:30,47837.76,42655.98,25997.6,16671.28,124.06,1886.87,398.52,462.06,547.04,106.46,162.62,191.99,91.43,137.71,272.65,122.21,190.86,290.71,3036.35,1620.13,466.38,74.38,232.87,949.09,372.05,237.6,282.16,443.73,210.57,101.55,3596.51,235.59,125.11,131.84,39.55,56.66,99.82,273.61
20260929,09:33:35,47881.11,42697.74,25996.9,16668.89,124.06,1886.87,397.98,461.93,547.12,106.54,162.62,192.0,91.43,137.72,272.65,122.24,190.79,290.72,3039.77,1622.64,466.54,74.36,232.76,949.07,372.05,237.6,282.48,443.74,210.57,101.55,3596.94,235.59,125.23,131.85,39.55,56.68,99.82,273.58
20260929,09:33:40,47836.33,42654.37,25998.55,16671.64,124.06,1886.97,397.99,461.85,547.26,106.46,162.63,192.02,91.44,137.72,272.65,122.36,190.76,290.72,3036.21,1620.09,466.45,74.37,232.76,948.94,372.05,237.6,282.16,443.74,210.63,101.55,3596.71,235.59,125.35,131.85,39.55,56.68,99.82,273.61
20260929,09:33:45,47875.52,42692.4,25993.32,16665.13,124.06,1886.97,397.35,461.92,547.26,106.54,162.62,191.97,91.44,137.72,272.65,122.27,190.75,290.71,3039.43,1622.6,466.5,74.37,232.76,948.82,372.05,237.6,282.15,443.76,210.6,101.55,3596.84,235.59,125.11,131.85,39.55,56.66,99.82,273.91
20260929,09:33:50,47835.38,42653.52,25992.32,16664.71,124.06,1886.97,397.26,462.17,547.26,106.54,162.62,191.97,91.44,137.73,272.65,122.27,190.75,290.66,3036.31,1620.06,466.56,74.37,232.76,949.07,372.24,237.6,282.2,443.79,210.6,101.55,3596.64,235.59,125.11,131.85,39.55,56.66,99.82,273.91
20260929,09:33:55,47841.93,42659.3,25994.82,16665.62,124.06,1886.97,397.27,462.17,547.22,106.54,162.63,192.0,91.44,137.73,272.65,122.26,190.75,290.66,3036.75,1620.18,466.56,74.38,232.88,949.19,372.22,237.6,282.56,443.79,210.6,101.55,3597.18,235.59,125.23,131.85,39.55,56.66,99.82,273.91
20260929,09:34:00,47840.96,42657.16,25999.89,16667.44,124.06,1886.97,397.35,461.74,547.37,106.54,162.62,192.0,91.43,137.73,272.65,122.28,190.75,290.67,3036.53,1620.1,466.55,74.39,232.87,949.31,372.23,237.58,282.25,443.75,210.62,101.55,3598.27,235.59,125.35,131.85,39.55,56.67,99.82,273.91
20260929,09:34:05,47883.21,42698.22,25998.46,16665.4,124.12,1886.97,396.81,461.74,547.62,106.54,162.64,192.01,91.44,137.73,272.65,122.27,190.75,290.67,3039.89,1622.68,466.66,74.36,232.86,949.28,372.13,237.57,282.25,443.77,210.63,101.55,3598.37,235.59,125.47,131.85,39.55,56.64,99.82,273.91
20260929,09:34:10,47852.75,42668.11,26004.23,16670.64,124.12,1886.97,397.36,462.24,547.66,106.56,162.64,192.02,91.45,137.72,272.65,122.29,190.75,290.67,3037.34,1620.27,466.76,74.4,232.87,950.07,372.08,237.57,282.56,443.82,210.63,101.55,3598.76,235.59,125.47,131.85,39.55,56.64,99.82,273.99
20260929,09:34:15,47852.08,42667.62,26006.83,16674.17,124.12,1886.97,397.36,462.24,547.65,106.71,162.83,192.03,91.6,137.71,272.65,122.28,190.75,290.64,3037.22,1620.18,466.69,74.39,232.88,950.2,372.08,237.57,282.51,443.86,210.63,101.55,3598.61,235.59,125.7,131.83,39.55,56.67,99.82,273.69
20260929,09:34:20,47895.52,42710.44,26004.12,16672.69,124.06,1886.97,397.35,462.24,547.65,106.71,162.83,192.04,91.6,137.7,272.65,122.25,190.75,290.67,3040.7,1622.68,466.7,74.39,233.35,950.34,372.08,237.56,282.52,443.94,210.59,101.55,3598.16,235.59,125.59,131.83,39.55,56.67,99.82,273.69
20260929,09:34:25,47895.1,42708.47,26008.61,16672.63,124.06,1886.97,397.36,462.24,547.75,106.71,162.83,192.04,91.59,137.7,272.65,122.25,190.75,290.68,3040.54,1622.56,466.7,74.38,233.41,950.28,371.76,237.59,282.57,443.94,210.64,101.55,3599.58,235.59,125.47,131.87,39.55,56.67,99.82,273.69
20260929,09:34:30,47856.53,42670.74,26009.42,16673.07,124.12,1886.97,397.45,462.24,547.53,106.71,162.84,192.06,91.6,137.7,272.65,122.28,190.71,290.7,3037.49,1620.28,466.73,74.4,232.94,950.43,371.76,237.59,282.56,443.96,210.64,101.55,3599.72,235.59,125.47,131.87,39.55,56.66,99.82,273.69
20260929,09:34:35,47858.55,42671.71,26012.64,16673.42,124.25,1886.97,397.36,462.37,547.56,106.71,162.84,192.05,91.6,137.7,272.65,122.29,190.69,290.71,3037.56,1620.33,466.78,74.39,232.51,950.52,371.66,237.59,282.77,443.94,210.67,101.55,3600.63,235.59,125.47,131.9,39.55,56.66,99.82,273.66
20260929,09:34:40,47898.53,42711.5,26013.08,16676.74,124.25,1886.97,397.91,462.37,547.5,106.71,162.87,192.12,91.61,137.7,272.65,122.3,190.69,290.7,3040.69,1622.77,466.75,74.4,232.76,950.47,371.61,237.59,282.58,444.01,210.67,101.55,3599.86,235.59,125.35,131.9,39.55,56.66,99.82,273.66
20260929,09:34:45,47898.82,42711.2,26011.37,16672.81,124.12,1886.97,397.36,462.51,547.5,106.7,162.88,192.15,91.61,137.91,272.65,122.31,190.69,290.69,3040.76,1622.92,466.81,74.4,232.95,950.33,371.61,237.59,282.28,444.01,210.67,101.55,3600.4,235.59,125.35,131.9,39.55,56.66,99.82,273.61
20260929,09:34:50,47861.96,42674.93,26015.89,16676.83,124.12,1886.97,397.99,462.51,547.35,106.7,162.89,192.2,91.61,137.92,272.65,122.3,190.73,290.7,3037.74,1620.48,466.81,74.41,232.95,950.64,371.59,237.59,282.28,444.01,210.67,101.55,3600.72,235.59,125.23,131.87,39.55,56.66,99.82,273.92
20260929,09:34:55,47858.16,42671.17,26011.6,16671.7,124.12,1886.74,397.44,462.51,547.29,106.7,162.89,192.18,91.61,137.92,272.65,122.3,190.73,290.69,3037.56,1620.43,466.73,74.41,232.95,950.42,371.97,237.59,282.28,444.0,210.58,101.53,3600.77,235.59,125.23,131.89,39.55,56.66,99.82,273.92
20260929,09:35:00,47850.82,42664.43,26010.71,16672.07,124.06,1886.74,397.44,462.52,547.29,106.7,162.91,192.26,91.61,137.71,272.65,122.3,190.8,290.69,3037.01,1620.4,466.78,74.28,232.95,949.35,371.97,237.58,282.31,444.0,210.55,101.53,3600.39,235.59,125.35,131.82,39.55,56.66,99.82,273.97
20260929,09:35:05,47890.62,42703.96,26009.75,16673.44,124.06,1886.74,397.44,462.52,547.3,106.7,162.9,192.23,91.61,137.72,272.65,122.32,190.8,290.69,3040.16,1622.71,466.8,74.3,232.7,949.98,371.98,237.58,282.23,444.0,210.58,101.53,3599.72,235.59,125.47,131.84,39.55,56.67,99.82,273.95
20260929,09:35:10,47891.79,42704.68,26007.83,16669.85,124.12,1886.74,397.45,462.52,547.15,106.62,162.91,192.27,91.61,137.72,272.65,122.18,190.8,290.68,3040.31,1622.66,466.84,74.29,232.71,950.04,371.98,237.58,282.55,444.02,210.43,101.56,3600.09,235.59,125.35,131.85,39.55,56.65,99.82,273.96
20260929,09:35:15,47850.3,42663.77,26009.77,16670.46,124.06,1886.74,397.54,462.65,547.08,106.62,162.91,192.28,91.61,137.72,272.65,122.17,190.8,290.68,3036.99,1620.38,466.73,74.29,232.83,949.65,371.84,237.58,282.23,444.1,210.55,101.56,3600.53,235.59,125.23,131.84,39.55,56.66,99.82,273.96
20260929,09:35:20,47848.03,42661.53,26008.79,16669.24,124.06,1886.74,397.45,462.52,547.08,106.62,162.89,192.23,91.6,137.71,272.81,122.29,190.83,290.67,3036.84,1620.24,466.78,74.31,232.83,949.64,371.84,237.58,282.23,444.13,210.43,101.56,3600.56,235.59,125.23,131.84,39.55,56.66,99.82,273.96
20260929,09:35:25,47891.64,42703.37,26014.14,16673.19,124.06,1886.74,398.07,462.39,547.0,106.62,162.89,192.23,91.6,137.71,272.81,122.18,190.83,290.68,3040.12,1622.78,466.89,74.28,232.83,949.57,371.53,237.58,282.23,444.13,210.59,101.56,3601.16,235.59,125.23,131.81,39.55,56.66,99.82,273.65
20260929,09:35:30,47888.76,42701.63,26010.31,16672.38,124.0,1886.74,397.99,462.39,547.0,106.62,162.89,192.22,91.6,137.71,272.81,122.18,190.97,290.68,3040.0,1622.76,466.82,74.27,232.82,949.42,371.84,237.58,282.23,444.01,210.59,101.56,3600.18,235.57,125.23,131.81,39.56,56.66,99.82,273.66
20260929,09:35:35,47886.7,42701.34,26005.57,16672.67,124.06,1886.74,397.98,462.47,547.0,106.62,162.92,192.22,91.63,137.7,272.81,122.17,190.97,290.67,3039.97,1622.62,466.9,74.28,232.94,949.41,371.84,237.58,282.33,443.99,210.59,101.56,3598.62,235.57,125.23,131.81,39.56,56.64,99.82,273.66
20260929,09:35:40,47849.0,42665.02,26000.07,16667.73,124.06,1886.74,397.44,462.47,547.0,106.62,162.92,192.23,91.63,137.7,272.81,122.17,190.97,290.67,3037.16,1620.33,466.89,74.32,232.94,949.33,371.84,237.58,282.65,443.99,210.59,101.56,3598.24,235.57,125.11,131.81,39.56,56.64,99.82,273.66
20260929,09:35:45,47842.27,42658.46,26003.12,16671.24,123.93,1886.64,397.98,462.47,547.14,106.62,162.91,192.22,91.62,137.7,272.81,122.14,190.97,290.66,3036.55,1619.95,467.07,74.29,232.94,949.34,371.84,237.6,282.32,444.0,210.57,101.56,3598.24,235.57,125.11,131.81,39.56,56.63,99.82,273.66
20260929,09:35:50,47881.42,42696.76,26006.02,16675.1,123.93,1886.64,397.9,462.55,547.13,106.62,162.97,192.24,91.66,137.91,272.81,122.15,190.97,291.57,3039.54,1622.33,467.19,74.28,232.93,948.97,372.11,237.63,282.33,443.99,210.52,101.56,3598.1,235.57,125.34,131.78,39.56,56.63,99.82,273.66
20260929,09:35:55,47886.13,42701.44,26006.41,16675.84,124.06,1888.06,397.9,462.53,547.13,106.7,162.98,192.28,91.66,137.92,272.81,122.17,190.97,291.58,3039.9,1622.47,467.12,74.33,232.93,949.48,371.79,237.63,282.28,444.0,210.53,101.56,3598.02,235.57,125.22,131.78,39.56,56.63,99.82,273.71
20260929,09:36:00,47889.04,42704.65,26000.97,16670.83,124.06,1886.64,397.36,462.53,547.13,106.7,162.98,192.29,91.66,137.7,272.81,122.29,190.97,291.58,3040.28,1622.56,467.13,74.33,232.82,950.24,371.81,237.63,282.23,444.0,210.56,101.56,3597.68,235.57,125.1,131.74,39.56,56.63,99.82,273.65
20260929,09:36:05,47889.91,42704.55,26004.9,16672.17,124.06,1886.49,397.2,462.53,547.13,106.7,162.95,192.21,91.65,137.91,272.81,122.28,190.9,291.58,3040.24,1622.47,467.19,74.33,232.93,950.28,371.87,237.63,282.22,444.0,210.54,101.56,3598.55,235.57,125.35,131.74,39.56,56.65,99.82,273.96
20260929,09:36:10,47889.54,42705.2,25998.07,16667.68,123.93,1886.49,397.11,462.53,547.21,106.7,162.93,192.2,91.64,137.91,272.81,122.16,190.9,291.58,3040.4,1622.55,467.19,74.32,232.95,950.1,371.24,237.63,282.53,444.0,210.54,101.56,3597.63,235.57,125.11,131.74,39.56,56.65,99.82,273.63
20260929,09:36:15,47886.64,42700.5,26004.99,16669.38,123.93,1886.49,397.11,462.53,547.65,106.71,162.94,192.17,91.65,137.91,272.81,122.15,190.9,291.59,3039.98,1622.39,466.96,74.35,232.83,950.23,371.56,237.63,282.22,444.05,210.54,101.56,3599.33,235.57,125.11,131.7,39.56,56.65,99.82,273.69
20260929,09:36:20,47886.2,42699.77,26009.34,16673.37,123.93,1886.72,397.74,462.53,547.69,106.71,162.94,192.19,91.65,137.91,272.81,122.16,190.9,291.59,3039.83,1622.2,467.01,74.33,233.1,950.21,371.56,237.63,282.21,444.08,210.35,101.56,3599.61,235.57,125.23,131.7,39.56,56.65,99.82,273.64
20260929,09:36:25,47846.14,42661.47,26003.32,16668.89,123.93,1886.72,397.19,462.28,547.66,106.71,162.95,192.2,91.65,137.91,272.81,122.13,190.9,291.59,3036.85,1619.78,467.14,74.35,233.28,950.21,371.81,237.71,282.21,443.9,210.5,101.56,3598.95,235.59,125.11,131.67,39.56,56.65,99.82,273.64
20260929,09:36:30,47842.47,42658.46,26004.48,16672.13,123.93,1888.14,397.19,462.27,547.81,106.71,162.95,192.19,91.66,137.7,272.81,122.27,190.84,291.57,3036.53,1619.79,467.17,74.34,233.28,949.32,371.56,237.71,282.31,443.75,210.5,101.57,3598.43,235.59,125.35,131.67,39.55,56.65,99.82,273.67
20260929,09:36:35,47845.34,42661.35,26003.68,16671.54,123.93,1886.72,397.11,462.52,547.86,106.71,162.93,192.14,91.66,137.7,272.81,122.26,190.87,291.56,3036.77,1619.98,467.15,74.36,232.92,949.3,371.56,237.71,282.58,443.76,210.54,101.57,3598.34,235.59,125.35,131.67,39.54,56.65,99.82,273.66
20260929,09:36:40,47842.27,42658.7,26007.53,16677.1,123.93,1886.72,397.65,462.52,548.0,106.71,162.93,192.14,91.66,137.7,272.71,122.26,190.87,291.67,3036.43,1619.78,467.26,74.36,232.93,949.36,371.56,237.69,282.27,443.76,210.54,101.57,3598.03,235.59,125.47,131.67,39.54,56.65,99.82,273.65
20260929,09:36:45,47886.09,42701.7,26004.67,16674.85,123.87,1886.72,397.19,462.52,548.04,106.71,162.93,192.13,91.66,137.69,272.71,122.26,190.87,291.67,3039.95,1622.28,467.16,74.37,232.92,950.07,371.6,237.69,282.27,443.84,210.54,101.57,3597.75,235.59,125.59,131.67,39.54,56.65,99.82,273.65
20260929,09:36:50,47884.79,42700.16,26007.68,16677.37,123.87,1886.72,397.65,462.52,548.02,106.71,162.93,192.13,91.66,137.69,272.71,122.26,190.87,291.67,3039.76,1622.41,467.05,74.35,233.04,949.32,371.6,237.67,282.27,443.88,210.34,101.57,3598.01,235.59,125.7,131.67,39.54,56.67,99.82,273.65
20260929,09:36:55,47891.27,42704.37,26013.74,16677.32,123.81,1888.14,397.65,462.6,548.02,106.71,162.94,192.14,91.66,137.91,272.71,122.26,190.87,291.75,3040.1,1622.28,467.05,74.36,233.04,950.06,371.8,237.67,282.59,443.82,210.24,101.57,3599.91,235.59,125.7,131.66,39.54,56.67,99.82,273.65
20260929,09:37:00,47894.1,42707.4,26012.12,16676.35,123.81,1886.72,397.65,462.35,548.02,106.71,162.94,192.15,91.66,137.91,272.71,122.26,190.87,291.75,3040.37,1622.48,467.04,74.38,233.04,950.06,371.8,237.43,282.59,443.84,210.21,101.57,3599.67,235.59,125.7,131.7,39.54,56.67,99.82,273.66
20260929,09:37:05,47890.57,42705.77,26006.66,16676.15,123.81,1886.72,397.74,462.35,548.1,106.63,162.91,192.13,91.64,137.91,272.69,122.26,190.87,291.78,3040.24,1622.37,466.98,74.38,233.05,950.07,371.3,237.43,282.7,443.88,210.24,101.57,3598.02,235.59,125.59,131.7,39.54,56.67,99.82,273.66
20260929,09:37:10,47845.59,42662.38,26000.02,16669.97,123.69,1886.72,397.1,462.35,547.98,106.62,162.9,192.12,91.63,137.91,272.69,122.23,190.87,291.78,3036.89,1619.97,466.92,74.34,233.06,950.05,371.3,237.43,282.39,443.81,210.2,101.57,3597.62,235.59,125.59,131.7,39.54,56.67,99.82,273.66
20260929,09:37:15,47886.08,42701.88,26001.01,16671.26,123.81,1886.72,397.11,462.6,548.19,106.62,162.89,192.11,91.63,137.91,272.69,122.23,190.87,291.78,3040.05,1622.25,467.1,74.37,233.06,950.15,371.67,237.43,282.43,443.79,210.2,101.57,3597.58,235.59,125.59,131.71,39.54,56.67,99.82,273.66
20260929,09:37:20,47854.5,42667.93,26011.63,16672.85,123.69,1886.72,397.1,462.6,548.16,106.62,162.91,192.16,91.63,137.91,272.69,122.18,190.87,291.78,3037.27,1619.82,467.18,74.34,233.06,950.3,371.36,237.43,283.02,443.75,210.35,101.57,3600.47,235.59,125.7,131.71,39.54,56.67,99.82,273.66
20260929,09:37:25,47925.93,42742.0,25997.55,16671.6,123.69,1886.72,397.1,462.6,548.0,106.54,162.9,192.14,91.63,137.91,272.69,122.18,190.87,291.78,3043.27,1624.57,467.14,74.36,233.06,950.33,371.36,237.43,282.72,443.81,210.31,101.57,3596.41,235.59,125.7,131.69,39.5,56.67,99.82,273.66
20260929,09:37:30,47924.89,42740.72,25997.33,16670.45,123.81,1886.72,397.19,462.52,547.96,106.54,162.92,192.16,91.64,137.91,272.69,122.14,190.87,291.78,3043.2,1624.47,467.24,74.35,232.95,950.42,371.67,237.43,282.71,443.77,210.34,101.57,3596.65,235.59,125.47,131.69,39.5,56.65,99.82,273.64
20260929,09:37:35,47926.05,42740.92,26001.4,16672.03,123.81,1886.72,397.1,462.52,547.97,106.54,162.91,192.12,91.64,137.91,272.69,122.18,190.87,291.78,3043.17,1624.4,467.23,74.36,233.19,950.36,371.67,237.43,282.72,443.77,210.35,101.57,3597.49,235.65,125.7,131.69,39.5,56.65,99.82,273.65
20260929,09:37:40,47925.18,42739.7,26001.16,16670.49,123.81,1886.72,397.11,462.52,547.96,106.54,162.87,192.06,91.62,137.91,272.69,122.18,190.87,291.78,3043.11,1624.41,467.14,74.37,233.08,950.34,371.36,237.43,282.77,443.85,210.38,101.57,3597.84,235.65,125.47,131.79,39.5,56.65,99.82,273.65
20260929,09:37:45,47928.83,42744.53,25998.12,16671.26,123.81,1886.72,397.03,462.64,548.11,106.54,162.88,192.08,91.62,137.91,272.69,122.18,190.87,291.78,3043.48,1624.44,467.14,74.36,233.08,950.34,371.35,237.43,283.4,443.84,210.38,101.57,3596.68,235.59,125.59,131.79,39.5,56.62,99.82,273.65
20260929,09:37:50,47937.76,42753.5,25998.61,16672.71,123.81,1886.72,397.03,462.64,548.03,106.55,162.9,192.14,91.63,137.92,272.69,122.18,190.87,291.82,3044.17,1624.61,467.3,74.4,233.11,951.22,371.61,237.57,283.31,443.84,210.42,101.57,3596.44,235.59,125.59,131.79,39.5,56.64,99.82,273.95
20260929,09:37:55,47936.72,42752.08,25997.37,16669.94,123.81,1886.72,397.03,462.6,548.09,106.55,162.86,192.24,91.58,137.92,272.69,122.17,190.84,290.92,3044.12,1624.78,467.37,74.42,233.11,950.93,371.36,237.57,283.0,443.88,210.36,101.57,3596.8,235.59,125.59,131.8,39.51,56.66,99.84,273.95
20260929,09:38:00,47937.11,42752.06,25999.91,16671.52,123.81,1888.24,397.11,462.6,548.38,106.55,162.88,192.24,91.59,137.92,272.69,122.17,190.84,290.7,3044.08,1624.65,467.41,74.44,233.11,951.13,371.36,237.57,283.01,443.82,210.36,101.57,3597.17,235.59,125.59,131.79,39.51,56.66,99.84,273.95
20260929,09:38:05,47938.02,42752.93,25999.82,16671.38,123.68,1888.04,397.02,462.6,548.54,106.63,162.87,192.24,91.58,138.13,272.69,122.17,190.84,290.7,3044.16,1624.74,467.32,74.46,233.11,951.1,371.36,237.57,283.01,443.83,210.36,101.57,3597.18,235.59,125.59,131.79,39.51,56.66,99.84,273.94
20260929,09:38:10,47941.41,42756.33,25998.97,16670.73,123.55,1888.04,396.94,462.52,548.69,106.63,162.87,192.24,91.58,138.14,272.69,122.18,190.84,290.48,3044.45,1624.95,467.32,74.44,233.04,951.16,371.83,237.57,283.01,443.85,210.4,101.57,3597.09,235.59,125.59,131.79,39.51,56.66,99.84,273.94
20260929,09:38:15,47943.68,42758.65,25999.12,16671.28,123.62,1888.04,397.02,462.52,548.72,106.63,162.88,192.26,91.58,138.13,272.69,122.2,190.82,290.48,3044.62,1624.99,467.28,74.44,233.14,950.96,371.9,237.57,283.34,443.85,210.43,101.57,3596.99,235.59,125.59,131.8,39.51,56.66,99.84,273.64
20260929,09:38:20,47949.44,42762.11,26005.5,16671.37,123.62,1886.62,397.02,462.52,548.85,106.55,162.87,192.27,91.58,138.13,272.69,122.17,190.86,291.15,3044.9,1625.21,467.37,74.44,233.27,951.1,371.91,237.57,283.07,443.84,210.43,101.57,3598.95,235.59,125.47,131.8,39.51,56.66,99.84,273.63
20260929,09:38:25,47954.93,42767.52,26006.98,16673.28,123.62,1888.04,396.93,462.52,548.85,106.63,162.89,192.29,91.59,138.13,272.69,122.18,190.86,291.18,3045.29,1625.31,467.37,74.45,233.39,951.16,372.16,237.57,283.37,443.84,210.4,101.57,3598.9,235.59,125.59,131.8,39.51,56.66,99.84,273.9
20260929,09:38:30,47962.23,42772.72,26013.5,16674.39,123.62,1888.04,396.93,462.44,549.06,106.63,162.91,192.28,91.61,138.13,272.69,122.18,190.86,291.18,3045.68,1625.33,467.46,74.49,233.64,951.54,372.19,237.66,283.44,443.94,210.37,101.57,3600.63,235.59,125.59,131.89,39.51,56.66,99.84,273.95
20260929,09:38:35,47961.41,42772.44,26011.37,16673.7,123.62,1888.04,396.94,462.44,549.29,106.63,162.9,192.26,91.61,138.13,272.69,122.18,190.86,291.18,3045.67,1625.33,467.35,74.52,233.57,951.99,372.27,237.66,283.15,443.88,210.36,101.56,3600.16,235.59,125.59,131.79,39.5,56.66,99.84,273.63
20260929,09:38:40,47970.36,42780.87,26011.84,16673.25,123.62,1887.93,396.93,462.44,549.35,106.63,162.9,192.25,91.61,138.13,272.69,122.18,190.86,291.18,3046.36,1625.75,467.41,74.52,233.33,952.54,372.01,237.66,283.14,443.88,210.32,101.56,3600.43,235.59,125.59,131.79,39.5,56.66,99.84,273.58
20260929,09:38:45,47968.37,42781.78,26006.15,16676.22,123.62,1887.93,397.01,462.44,549.51,106.63,162.92,192.31,91.61,138.13,272.69,122.18,190.86,291.19,3046.37,1625.68,467.34,74.51,233.33,952.42,372.08,237.66,283.46,443.89,210.33,101.56,3597.84,235.59,125.81,131.79,39.5,56.65,99.74,273.55
20260929,09:38:50,47973.73,42785.55,26013.96,16680.36,123.62,1887.92,397.56,462.46,549.48,106.63,162.94,192.38,91.61,138.14,272.69,122.18,190.86,291.18,3046.57,1625.91,467.35,74.53,233.33,952.58,372.01,237.66,283.14,443.89,210.33,101.56,3599.16,235.59,125.81,131.79,39.51,56.65,99.74,273.56
20260929,09:38:55,47977.94,42788.85,26016.23,16680.28,123.49,1887.92,397.46,462.46,549.73,106.63,162.93,192.37,91.61,138.14,272.69,122.2,190.86,291.19,3046.84,1625.9,467.35,74.53,233.22,952.62,372.03,237.66,283.69,443.89,210.33,101.56,3599.89,235.59,125.81,131.79,39.51,56.65,99.74,273.58
20260929,09:39:00,47936.46,42751.03,26004.73,16675.75,123.62,1886.5,396.99,462.54,549.73,106.63,162.92,192.36,91.6,138.14,272.69,122.08,190.86,291.19,3043.9,1623.81,467.33,74.54,233.21,952.1,372.03,237.66,283.7,443.87,210.33,101.56,3597.52,235.59,125.81,131.79,39.51,56.65,99.74,273.58
20260929,09:39:05,47964.37,42778.72,26002.24,16674.55,123.62,1886.5,396.98,462.38,549.7,106.63,162.91,192.34,91.6,138.14,272.69,122.08,190.86,291.23,3046.16,1625.74,467.3,74.57,233.22,952.04,372.03,237.66,283.29,443.87,210.33,101.56,3597.07,235.59,125.69,131.79,39.51,56.66,99.75,273.58
20260929,09:39:10,47968.31,42782.35,26003.13,16674.86,123.62,1886.5,396.97,462.36,549.71,106.63,162.92,192.34,91.61,138.15,272.69,122.08,190.86,291.23,3046.44,1625.9,467.31,74.58,233.34,952.07,372.03,237.66,283.29,443.87,210.35,101.56,3597.26,235.59,125.69,131.79,39.51,56.66,99.75,273.58
20260929,09:39:15,47967.22,42781.54,26001.45,16673.78,123.62,1886.5,396.96,462.36,549.51,106.63,162.92,192.32,91.61,138.16,272.69,122.05,190.72,291.23,3046.4,1625.78,467.31,74.59,233.46,952.1,372.28,237.66,283.35,443.83,210.36,101.56,3597.03,235.59,125.69,131.79,39.51,56.66,99.75,273.58
20260929,09:39:20,47966.37,42780.67,26000.91,16673.01,123.62,1886.5,396.89,462.36,549.53,106.63,162.91,192.31,91.6,138.16,272.69,122.05,190.72,291.23,3046.35,1625.79,467.32,74.59,233.39,952.04,372.03,237.66,283.35,443.83,210.34,101.56,3597.07,235.59,125.69,131.78,39.51,56.66,99.75,273.58
20260929,09:39:25,47963.23,42778.08,25999.93,16673.48,123.62,1886.5,396.89,462.36,549.53,106.63,162.9,192.29,91.6,138.18,272.69,122.19,190.72,291.23,3046.13,1625.83,467.36,74.59,233.4,951.32,372.01,237.66,283.37,443.83,210.31,101.56,3596.64,235.59,125.69,131.78,39.51,56.65,99.75,273.58
20260929,09:39:30,47963.37,42778.26,26000.17,16673.87,123.49,1886.5,396.98,462.36,549.53,106.55,162.9,192.3,91.6,138.18,272.69,122.17,190.72,291.23,3046.14,1625.8,467.11,74.59,233.51,951.57,372.27,237.66,283.37,443.85,210.36,101.56,3596.61,235.59,125.69,131.79,39.51,56.65,99.75,273.58
20260929,09:39:35,47963.45,42778.34,26003.19,16677.36,123.49,1887.98,397.04,462.36,549.53,106.63,163.1,192.31,91.76,138.18,272.69,122.17,190.72,291.25,3046.06,1625.79,467.09,74.58,233.39,951.54,372.2,237.66,283.37,443.8,210.37,101.56,3596.61,235.59,125.69,131.79,39.51,56.65,99.75,273.58
20260929,09:39:40,47965.35,42779.78,26005.9,16679.09,123.63,1887.98,397.04,462.36,549.56,106.63,163.16,192.29,91.81,138.18,272.69,122.18,190.72,291.25,3046.13,1625.8,467.22,74.59,233.39,951.55,372.2,237.66,283.36,443.86,210.38,101.56,3596.98,235.59,125.69,131.88,39.51,56.65,99.75,273.58
20260929,09:39:45,47964.33,42778.19,26009.99,16681.83,123.63,1887.98,397.58,462.44,549.45,106.63,163.17,192.3,91.82,138.18,272.69,122.06,190.72,291.25,3045.94,1625.66,467.12,74.59,233.4,951.62,372.2,237.66,283.36,443.87,210.34,101.56,3597.52,235.59,125.69,131.88,39.51,56.65,99.75,273.59
20260929,09:39:50,47959.7,42774.82,26007.19,16682.4,123.63,1886.56,397.59,462.44,549.6,106.55,163.18,192.3,91.82,138.18,272.69,122.2,190.72,291.26,3045.66,1625.49,467.11,74.61,233.24,951.65,371.88,237.66,283.35,443.87,210.3,101.56,3596.49,235.59,125.69,131.88,39.51,56.66,99.75,273.62
20260929,09:39:55,47956.2,42771.4,26004.93,16679.8,123.63,1886.56,397.58,462.44,549.47,106.55,163.19,192.28,91.83,138.18,272.69,122.2,190.72,291.26,3045.44,1625.3,467.36,74.59,233.24,951.53,371.88,237.66,283.33,443.86,210.18,101.56,3596.49,235.59,125.69,131.58,39.51,56.66,99.75,273.62
20260929,09:40:00,47959.16,42774.54,26006.52,16682.49,123.63,1886.56,397.74,462.45,549.48,106.63,163.19,192.31,91.83,138.18,272.69,122.2,190.72,291.28,3045.63,1625.35,467.27,74.66,233.35,951.64,371.88,237.66,283.36,443.89,210.28,101.56,3596.25,235.59,125.69,131.59,39.51,56.68,99.75,273.6
20260929,09:40:05,47955.2,42770.99,26005.91,16682.8,123.63,1886.56,397.57,462.45,549.7,106.62,163.18,192.29,91.83,138.18,272.69,122.21,190.72,291.32,3045.34,1625.47,467.15,74.68,233.24,950.88,371.88,237.66,283.28,443.89,210.26,101.56,3595.98,235.59,125.81,131.59,39.51,56.68,99.75,273.6
20260929,09:40:10,47959.17,42774.23,26006.71,16681.59,123.63,1886.56,397.65,462.45,549.55,106.63,163.19,192.29,91.83,138.18,272.69,122.21,190.72,290.64,3045.63,1625.63,467.12,74.66,233.52,950.88,371.88,237.65,283.28,443.83,210.41,101.57,3596.56,235.59,125.69,131.59,39.51,56.68,99.75,273.58
20260929,09:40:15,47954.84,42770.23,26004.59,16679.9,123.63,1886.56,397.65,462.45,549.61,106.63,163.2,192.31,91.83,138.18,272.69,122.09,190.72,290.63,3045.35,1625.55,467.2,74.65,233.1,950.78,371.88,237.65,283.29,443.83,210.41,101.57,3596.35,235.59,125.57,131.59,39.51,56.66,99.75,273.58
20260929,09:40:20,47957.93,42770.89,26013.0,16681.73,123.63,1886.56,397.75,462.45,549.55,106.63,163.2,192.28,91.84,138.17,272.69,122.09,190.72,290.63,3045.36,1625.57,467.25,74.63,233.1,950.73,371.88,237.65,283.29,443.83,210.45,101.57,3598.48,235.59,125.57,131.59,39.51,56.66,99.75,273.9
20260929,09:40:25,47958.17,42771.68,26006.9,16676.54,123.63,1886.5,397.21,462.45,549.55,106.63,163.22,192.32,91.85,138.17,272.69,122.2,190.72,290.63,3045.54,1625.64,467.24,74.58,233.1,950.93,371.89,237.66,283.38,443.88,210.31,101.57,3597.99,235.59,125.57,131.59,39.5,56.66,99.75,273.59
20260929,09:40:30,47959.33,42771.75,26009.55,16676.04,123.63,1886.5,397.2,462.45,549.63,106.63,163.22,192.33,91.85,138.17,272.69,122.08,190.72,290.63,3045.56,1625.52,467.21,74.6,233.1,951.32,371.89,237.66,283.37,443.92,210.3,101.57,3598.95,235.59,125.57,131.59,39.5,56.66,99.75,273.59
20260929,09:40:35,48003.75,42815.45,26009.63,16677.57,123.63,1886.5,397.2,462.45,549.65,106.63,163.41,192.34,92.0,138.17,272.69,122.1,190.72,290.62,3049.05,1628.19,467.21,74.61,233.1,951.36,371.9,237.66,283.38,443.88,210.25,101.57,3598.56,235.59,125.57,131.59,39.5,56.64,99.75,273.59
20260929,09:40:40,48001.43,42814.63,26005.9,16678.07,123.51,1886.5,397.2,462.45,549.68,106.61,163.41,192.36,91.99,138.17,272.69,122.18,190.72,290.61,3048.97,1628.22,467.38,74.62,233.22,950.76,371.9,237.66,283.39,443.94,210.25,101.57,3597.26,235.59,125.57,131.69,39.5,56.64,99.75,273.59
20260929,09:40:45,47965.56,42779.19,26005.77,16676.31,123.51,1886.5,397.21,462.42,549.66,106.61,163.4,192.35,91.99,138.17,272.69,122.17,190.72,290.62,3046.15,1626.01,467.38,74.62,233.22,950.89,371.83,237.67,283.39,443.98,210.07,101.57,3597.7,235.59,125.57,131.69,39.5,56.64,99.75,273.59
20260929,09:40:50,47965.37,42779.42,26006.85,16678.94,123.51,1886.5,397.67,462.45,549.63,106.53,163.4,192.36,91.99,138.17,272.69,122.05,190.72,290.62,3046.11,1625.87,467.38,74.6,233.12,951.31,372.09,237.67,283.39,443.97,210.11,101.57,3597.32,235.59,125.57,131.69,39.51,56.64,99.75,273.59
20260929,09:40:55,47970.82,42784.46,26008.4,16679.84,123.7,1886.5,397.76,462.45,549.46,106.53,163.41,192.42,91.99,138.17,272.69,122.07,190.72,290.61,3046.49,1626.13,467.37,74.61,233.12,951.46,371.83,237.67,283.39,443.97,210.13,101.57,3597.56,235.59,125.57,131.6,39.51,56.64,99.75,273.58
20260929,09:41:00,47969.09,42783.16,26006.35,16678.73,123.51,1886.5,397.69,462.45,549.46,106.63,163.4,192.37,91.99,138.17,272.69,122.06,190.72,290.62,3046.42,1626.15,467.31,74.6,233.12,951.27,371.89,237.67,283.39,443.86,210.13,101.57,3597.22,235.59,125.57,131.6,39.51,56.64,99.75,273.59
20260929,09:41:05,47973.69,42788.13,26007.51,16681.72,123.63,1886.5,398.14,462.2,549.46,106.63,163.41,192.36,92.0,138.17,272.69,122.14,190.86,290.64,3046.74,1626.33,467.34,74.6,233.1,951.44,372.21,237.67,283.4,443.86,210.1,101.57,3596.77,235.59,125.46,131.6,39.51,56.64,99.75,273.59
20260929,09:41:10,47976.71,42787.6,26018.64,16682.91,123.51,1886.5,398.22,462.12,549.46,106.55,163.43,192.42,92.0,138.17,272.69,122.14,190.86,290.64,3046.67,1626.33,467.21,74.59,233.1,951.42,372.21,237.67,283.4,443.86,210.11,101.57,3599.93,235.59,125.57,131.63,39.51,56.64,99.75,273.61
20260929,09:41:15,47980.88,42791.07,26023.27,16686.23,123.51,1886.5,398.21,462.12,549.56,106.55,163.42,192.4,92.0,138.38,272.69,122.14,190.86,290.62,3046.87,1626.45,467.32,74.63,233.1,951.35,372.21,237.67,283.4,443.85,210.11,101.57,3600.47,235.59,125.93,131.64,39.51,56.64,99.75,273.61
20260929,09:41:20,48023.38,42832.6,26023.05,16686.36,123.63,1886.5,398.22,462.12,549.44,106.55,163.42,192.4,91.99,138.39,272.69,122.14,190.86,290.61,3050.22,1629.1,467.33,74.6,232.99,951.4,372.21,237.67,283.3,443.81,210.11,101.57,3600.37,235.59,125.93,131.74,39.51,56.64,99.75,273.61
20260929,09:41:25,48023.16,42833.27,26019.98,16685.8,123.63,1886.5,398.2,462.12,549.45,106.55,163.44,192.52,91.99,138.39,272.69,122.14,190.88,290.61,3050.28,1629.04,467.37,74.63,233.11,951.52,372.21,237.67,283.3,443.81,210.11,101.57,3599.56,235.59,125.81,131.74,39.5,56.64,99.75,273.64
20260929,09:41:30,48021.55,42831.54,26019.94,16685.24,123.5,1886.5,398.2,462.13,549.66,106.55,163.42,192.46,91.98,138.17,272.69,122.14,190.88,290.61,3050.16,1629.03,467.33,74.64,233.11,951.31,371.88,237.67,283.31,443.84,210.07,101.57,3599.7,235.59,125.81,131.74,39.5,56.64,99.75,273.64
20260929,09:41:35,47982.51,42794.72,26017.78,16686.85,123.5,1886.5,398.29,462.21,549.93,106.55,163.41,192.44,91.98,138.16,272.69,122.14,190.88,290.61,3047.15,1626.8,467.19,74.66,233.11,951.13,372.01,237.67,283.32,443.9,210.07,101.57,3598.59,235.59,125.81,131.74,39.5,56.64,99.75,273.64
20260929,09:41:40,48018.91,42830.2,26018.75,16687.96,123.5,1886.5,398.29,462.21,549.99,106.55,163.46,192.49,92.01,138.16,272.69,122.16,190.88,290.61,3049.98,1629.21,467.18,74.66,233.11,950.48,372.01,237.67,283.32,443.9,210.11,101.57,3598.59,235.59,125.81,131.74,39.5,56.64,99.75,273.61
20260929,09:41:45,48018.09,42829.47,26019.16,16688.68,123.62,1886.5,398.29,462.47,549.93,106.63,163.46,192.49,92.01,138.16,272.69,122.16,190.88,290.61,3049.91,1629.09,467.32,74.67,233.11,950.39,372.65,237.67,283.33,443.86,210.12,101.57,3598.52,235.59,125.81,131.74,39.5,56.64,99.75,273.61
20260929,09:41:50,48013.78,42827.18,26015.21,16690.54,123.62,1886.5,398.75,462.56,549.79,106.63,163.43,192.45,91.99,138.15,272.69,122.04,190.88,290.61,3049.68,1629.12,467.27,74.65,232.99,950.4,372.23,237.67,283.02,443.89,210.12,101.57,3596.78,235.59,125.81,131.74,39.5,56.64,99.75,273.6
20260929,09:41:55,48019.87,42832.21,26015.77,16688.17,123.62,1886.58,398.2,462.56,549.91,106.63,163.43,192.42,92.0,138.14,272.72,122.16,190.84,290.59,3050.14,1629.47,467.05,74.64,233.23,950.05,372.23,237.67,283.34,443.9,210.15,101.57,3597.6,235.59,125.81,131.74,39.5,56.64,99.75,273.65
20260929,09:42:00,48018.82,42831.12,26015.28,16687.36,123.5,1886.49,398.3,462.56,549.92,106.63,163.42,192.4,92.0,138.13,272.72,122.05,190.84,290.59,3050.07,1629.4,467.05,74.66,233.22,950.05,372.24,237.67,283.34,443.9,210.13,101.57,3597.67,235.59,125.8,131.74,39.5,56.64,99.75,273.65
20260929,09:42:05,48017.8,42830.39,26013.91,16686.66,123.56,1886.27,398.3,462.56,549.66,106.64,163.42,192.38,92.0,138.13,272.72,122.05,190.84,290.59,3050.03,1629.32,467.04,74.66,233.35,950.09,372.24,237.67,283.34,443.91,210.13,101.57,3597.43,235.59,125.8,131.74,39.5,56.64,99.75,273.65
20260929,09:42:10,48017.07,42830.19,26015.22,16689.88,123.43,1886.27,398.85,462.56,549.6,106.72,163.42,192.41,91.99,138.13,272.72,122.04,190.84,290.59,3049.94,1629.49,467.04,74.69,233.34,949.41,372.24,237.67,283.26,443.91,210.1,101.57,3596.96,235.59,125.8,131.76,39.5,56.64,99.75,273.62
20260929,09:42:15,48012.99,42826.26,26010.76,16684.91,123.4,1886.27,398.3,462.56,549.61,106.72,163.4,192.39,91.98,138.13,272.72,122.0,190.55,290.59,3049.74,1629.38,466.98,74.73,233.22,949.65,372.24,237.67,283.06,443.91,210.1,101.57,3596.92,235.59,125.8,131.76,39.51,56.64,99.75,273.58
20260929,09:42:20,48014.6,42828.3,26012.93,16688.98,123.4,1886.27,398.91,462.56,549.4,106.72,163.4,192.39,91.98,138.13,272.72,121.99,190.55,290.59,3049.81,1629.22,466.95,74.73,232.97,950.13,372.24,237.91,283.36,443.89,210.24,101.55,3596.5,235.59,125.68,131.76,39.51,56.64,99.75,273.58
20260929,09:42:25,48018.67,42831.84,26014.89,16689.84,123.4,1886.27,398.99,462.56,549.4,106.7,163.4,192.45,91.97,138.13,272.72,121.99,190.55,290.59,3050.07,1629.35,466.99,74.74,233.09,950.17,372.55,237.93,283.36,443.93,210.27,101.55,3596.87,235.59,125.68,131.76,39.51,56.64,99.75,273.56
20260929,09:42:30,48013.11,42824.58,26013.27,16681.77,123.53,1886.27,398.58,462.48,549.54,106.62,163.38,192.44,91.95,138.34,273.0,122.09,190.55,290.56,3049.68,1629.05,467.0,74.72,233.08,950.06,372.55,237.93,283.46,443.91,210.12,101.55,3598.56,235.59,125.09,131.76,39.51,56.6,99.75,273.58
20260929,09:42:35,47976.56,42789.09,26014.62,16683.77,123.53,1887.69,398.66,462.48,549.54,106.62,163.39,192.49,91.95,138.34,273.0,122.08,190.55,290.56,3046.77,1626.81,467.0,74.72,233.08,950.09,372.32,237.93,283.46,443.89,210.2,101.55,3598.44,235.59,125.09,131.76,39.5,56.6,99.75,273.63
20260929,09:42:40,47976.01,42788.92,26012.05,16682.0,123.53,1887.69,398.12,462.4,549.54,106.64,163.39,192.5,91.95,138.33,273.0,122.07,190.47,290.56,3046.8,1626.86,467.01,74.72,233.1,950.1,372.32,237.93,283.36,443.83,210.22,101.55,3598.11,235.26,125.45,131.76,39.5,56.62,99.75,273.55
20260929,09:42:45,47983.38,42794.8,26019.37,16686.07,123.53,1887.69,398.59,462.39,549.53,106.64,163.39,192.48,91.95,138.34,273.0,121.94,190.37,290.56,3047.18,1627.05,467.01,74.73,233.35,950.21,372.01,237.93,283.36,443.89,210.24,101.55,3599.3,235.59,125.45,131.76,39.5,56.62,99.75,273.86
20260929,09:42:50,48012.27,42825.04,26008.44,16680.49,123.4,1887.69,398.13,462.39,549.52,106.63,163.38,192.43,91.96,138.35,273.0,121.93,190.23,290.56,3049.75,1629.09,466.99,74.72,233.35,949.96,372.27,237.93,283.4,443.89,210.24,101.55,3597.39,235.26,125.33,131.76,39.5,56.62,99.75,273.86
20260929,09:42:55,48011.12,42824.63,26003.15,16676.79,123.4,1887.74,398.13,461.89,549.52,106.63,163.38,192.42,91.96,138.35,273.0,121.92,190.23,290.55,3049.8,1629.11,467.1,74.71,233.23,949.96,372.27,237.93,283.49,443.85,210.21,101.55,3596.75,235.22,125.09,131.76,39.5,56.64,99.75,273.56
20260929,09:43:00,48011.66,42825.59,26004.23,16679.48,123.4,1887.74,398.58,461.89,549.43,106.63,163.38,192.45,91.96,138.35,272.88,122.04,190.23,290.53,3049.82,1629.15,466.9,74.73,233.23,950.06,372.27,237.69,283.49,443.85,210.21,101.55,3596.36,235.22,124.97,131.76,39.5,56.64,99.75,273.56
20260929,09:43:05,48002.8,42818.03,25997.25,16675.06,123.4,1886.32,398.04,461.89,549.48,106.63,163.4,192.51,91.96,138.35,272.88,121.92,190.23,290.53,3049.31,1629.29,467.09,74.71,232.98,948.55,372.59,237.69,283.41,443.94,210.21,101.55,3595.37,235.22,124.97,131.76,39.5,56.65,99.75,273.65
20260929,09:43:10,48002.12,42817.19,25997.81,16675.09,123.53,1887.51,398.03,461.89,549.59,106.63,163.4,192.52,91.96,138.35,272.88,121.92,190.23,290.53,3049.25,1629.3,467.0,74.71,232.98,948.5,372.27,237.69,283.42,443.86,210.21,101.55,3595.54,235.23,124.85,131.76,39.5,56.65,99.75,273.62
20260929,09:43:15,47999.67,42813.3,26001.51,16674.32,123.53,1886.1,397.94,461.81,549.71,106.63,163.39,192.51,91.95,138.35,272.74,121.92,190.23,290.53,3048.95,1629.11,467.01,74.71,233.01,948.73,372.27,237.69,283.11,443.86,210.25,101.55,3596.91,235.23,124.85,131.75,39.5,56.65,99.75,273.62
20260929,09:43:20,48000.44,42813.48,26001.99,16672.97,123.53,1884.68,397.92,461.8,549.71,106.63,163.38,192.49,91.95,138.35,272.74,121.89,190.23,290.53,3049.0,1629.19,467.01,74.69,233.02,948.57,372.24,237.69,283.16,443.84,210.22,101.55,3597.42,235.23,124.85,131.75,39.5,56.63,99.75,273.62
20260929,09:43:25,47995.66,42811.47,25993.49,16672.05,123.53,1886.1,397.84,461.8,549.48,106.66,163.36,192.48,91.93,138.36,272.74,121.89,190.23,290.53,3048.86,1628.86,466.92,74.68,232.9,949.05,372.24,237.69,283.48,443.78,210.18,101.53,3595.02,235.23,124.97,131.74,39.5,56.63,99.75,273.52
20260929,09:43:30,47953.72,42770.61,25992.12,16670.47,123.47,1886.01,397.84,461.8,549.4,106.66,163.32,192.45,91.9,138.36,272.74,121.89,190.23,290.56,3045.6,1626.44,467.12,74.68,232.9,948.98,372.24,237.69,283.16,443.75,210.13,101.48,3595.02,235.55,124.85,131.74,39.5,56.63,99.75,273.6
20260929,09:43:35,47958.59,42774.91,25993.82,16670.95,123.47,1886.01,397.85,461.8,549.34,106.66,163.33,192.48,91.9,138.36,272.74,122.0,190.23,290.56,3045.94,1626.39,467.12,74.66,232.95,949.53,372.24,237.93,283.46,443.79,210.13,101.48,3595.42,235.41,124.85,131.74,39.5,56.63,99.75,273.6
20260929,09:43:40,47959.15,42774.99,25994.51,16670.19,123.34,1886.23,397.94,461.55,549.33,106.66,163.33,192.45,91.91,138.36,272.74,121.86,190.23,290.55,3045.96,1626.39,467.08,74.65,232.96,949.61,372.24,237.93,283.46,443.75,210.11,101.48,3595.84,235.46,124.85,131.75,39.5,56.65,99.75,273.61
20260929,09:43:45,47958.74,42774.88,25995.73,16672.57,123.34,1884.81,398.48,461.55,549.33,106.66,163.34,192.49,91.91,138.36,272.74,121.74,190.23,290.52,3045.9,1626.27,467.09,74.63,233.23,949.71,371.92,237.93,283.44,443.77,210.11,101.48,3595.58,235.46,124.85,131.75,39.5,56.63,99.75,273.61
20260929,09:43:50,47995.44,42809.95,25994.19,16668.48,123.47,1884.9,397.84,461.63,549.33,106.66,163.33,192.5,91.9,138.35,272.74,121.73,190.23,290.49,3048.82,1628.72,467.08,74.64,233.22,949.5,371.92,237.93,283.13,443.78,210.1,101.48,3596.2,235.46,124.85,131.85,39.5,56.63,99.75,273.61
20260929,09:43:55,47999.9,42814.06,25999.48,16673.76,123.34,1884.96,398.38,461.63,549.31,106.74,163.32,192.47,91.9,138.35,272.74,121.87,190.23,290.48,3049.03,1628.81,467.08,74.66,233.22,949.63,372.23,237.95,283.12,443.78,210.09,101.48,3596.42,235.46,124.85,131.85,39.5,56.63,99.75,273.91
20260929,09:44:00,47959.71,42775.02,25994.3,16668.22,123.34,1884.96,397.75,461.63,549.17,106.74,163.28,192.46,91.87,138.35,272.74,121.87,190.23,290.48,3046.01,1626.38,466.98,74.69,233.22,949.6,372.23,237.95,283.44,443.78,210.09,101.48,3596.31,235.46,124.85,131.85,39.5,56.63,99.75,273.91
20260929,09:44:05,47954.79,42769.5,25995.89,16667.62,123.47,1884.96,397.75,461.63,549.09,106.76,163.28,192.47,91.87,138.35,272.74,121.74,190.27,290.48,3045.58,1626.3,466.87,74.69,232.95,949.67,371.98,237.95,283.09,443.78,210.08,101.48,3596.97,235.46,124.85,131.8,39.5,56.63,99.75,273.95
20260929,09:44:10,47991.33,42806.12,25995.12,16670.15,123.34,1884.96,398.28,461.63,549.0,106.75,163.27,192.4,91.87,138.35,272.74,121.69,190.27,290.49,3048.47,1628.63,466.88,74.68,232.95,949.44,371.66,237.95,283.09,443.74,210.09,101.46,3596.04,235.46,124.85,131.8,39.5,56.63,99.75,273.93
20260929,09:44:15,47954.89,42770.05,25993.78,16666.71,123.47,1884.96,397.74,461.63,549.0,106.75,163.27,192.35,91.88,138.35,272.74,121.66,190.23,290.49,3045.65,1626.4,466.97,74.68,232.97,949.49,371.66,237.95,283.08,443.74,210.09,101.46,3596.56,235.45,124.85,131.9,39.5,56.63,99.75,273.94
20260929,09:44:20,47953.6,42769.05,25994.43,16668.31,123.47,1884.86,397.83,461.63,548.95,106.78,163.28,192.42,91.88,138.35,272.74,121.78,190.23,290.49,3045.53,1626.17,466.99,74.68,233.2,949.68,371.66,237.95,283.08,443.74,210.08,101.46,3596.33,235.45,124.85,131.91,39.5,56.65,99.75,273.96
20260929,09:44:25,47951.05,42766.65,25993.02,16666.97,123.4,1884.86,397.73,461.88,548.95,106.78,163.27,192.43,91.87,138.35,272.62,121.65,190.23,290.5,3045.37,1626.17,467.09,74.69,232.95,949.43,371.67,237.98,283.04,443.74,210.09,101.46,3596.25,235.45,124.85,131.9,39.54,56.65,99.75,273.96
20260929,09:44:30,47988.17,42803.24,25990.77,16665.8,123.34,1884.86,397.73,461.88,548.95,106.78,163.27,192.43,91.87,138.35,272.62,121.65,190.23,290.49,3048.35,1628.4,467.09,74.68,232.95,949.62,371.92,237.98,283.04,443.74,210.09,101.46,3595.86,235.45,124.73,131.91,39.54,56.65,99.75,273.95
20260929,09:44:35,47992.8,42807.12,25992.84,16666.06,123.34,1886.27,397.74,461.88,549.02,106.78,163.28,192.46,91.87,138.36,272.62,121.67,190.23,290.49,3048.65,1628.46,467.09,74.7,232.95,949.72,371.92,237.98,283.37,443.74,210.09,101.46,3596.44,235.45,124.73,131.95,39.54,56.65,99.75,273.64
20260929,09:44:40,48001.12,42815.27,25997.37,16671.41,123.6,1886.27,398.27,461.88,549.14,106.78,163.27,192.4,91.87,138.36,272.62,121.64,190.23,290.54,3049.18,1628.79,467.25,74.71,232.95,949.76,371.89,237.98,283.39,443.74,210.14,101.46,3596.4,235.45,124.73,131.95,39.54,56.65,99.75,273.66
20260929,09:44:45,47958.88,42776.63,25993.94,16675.92,123.66,1886.27,398.81,461.88,549.22,106.78,163.26,192.42,91.86,138.57,272.74,121.65,190.18,290.53,3045.96,1626.2,467.39,74.72,232.96,949.89,371.89,237.98,283.4,443.74,210.14,101.43,3594.11,235.45,124.73,131.95,39.54,56.65,99.75,273.66
20260929,09:44:50,47996.88,42813.66,25994.91,16677.04,123.66,1886.27,398.81,461.88,549.57,106.78,163.27,192.49,91.85,138.57,272.62,121.64,190.2,290.54,3048.91,1628.65,467.4,74.72,232.94,949.77,371.89,237.97,283.08,443.81,210.12,101.43,3594.11,235.43,124.73,131.95,39.54,56.65,99.75,273.67
20260929,09:44:55,47997.41,42812.31,25998.6,16675.05,123.34,1886.27,398.35,461.87,549.57,106.78,163.26,192.46,91.86,138.57,272.74,121.64,190.2,290.53,3048.85,1628.61,467.42,74.71,232.94,949.76,371.89,237.97,283.08,443.81,210.16,101.43,3595.8,235.43,124.97,131.95,39.54,56.65,99.75,273.67
20260929,09:45:00,47962.63,42778.43,26000.25,16676.95,123.47,1886.05,398.44,461.88,549.73,106.78,163.26,192.47,91.86,138.58,272.74,121.76,190.2,290.53,3046.08,1626.29,467.41,74.7,232.94,949.89,371.95,237.97,283.41,443.81,210.12,101.43,3595.8,235.43,124.97,131.95,39.54,56.65,99.75,273.67
20260929,09:45:05,48002.46,42816.68,26003.21,16678.51,123.47,1886.05,398.36,461.88,549.79,106.76,163.26,192.46,91.86,138.79,272.74,121.76,190.2,290.53,3049.12,1628.76,467.25,74.71,232.93,949.7,371.95,237.97,283.39,443.81,210.12,101.43,3596.3,235.43,125.21,131.95,39.54,56.65,99.75,273.61
20260929,09:45:10,48000.52,42814.98,26003.63,16679.64,123.6,1886.05,398.51,461.88,549.86,106.76,163.28,192.44,91.87,138.79,272.74,121.64,190.2,290.52,3048.96,1628.57,467.28,74.71,232.94,949.87,371.95,237.97,283.39,443.8,210.12,101.43,3596.12,235.43,125.21,131.96,39.54,56.65,99.75,273.63
20260929,09:45:15,48005.37,42819.31,26004.32,16679.09,123.6,1884.63,398.51,461.87,549.86,106.76,163.28,192.48,91.87,138.78,272.74,121.64,190.2,290.52,3049.32,1628.77,467.35,74.72,232.94,950.41,371.97,237.97,283.08,443.75,210.12,101.43,3596.49,235.43,125.21,131.99,39.54,56.65,99.74,273.63
20260929,09:45:20,47989.45,42806.96,25994.9,16678.84,123.4,1884.63,398.51,461.79,549.94,106.76,163.26,192.44,91.86,138.78,272.74,121.64,190.2,290.52,3048.33,1628.49,467.19,74.71,232.94,948.74,371.84,237.97,283.39,443.78,210.17,101.43,3593.62,235.43,125.21,131.99,39.54,56.63,99.74,273.63
20260929,09:45:25,47993.46,42810.67,25996.79,16680.35,123.47,1884.63,398.51,461.87,550.17,106.76,163.29,192.51,91.87,138.78,272.62,121.64,190.2,290.52,3048.59,1628.4,466.98,74.7,233.3,949.53,371.83,237.97,283.4,443.78,210.2,101.43,3593.8,235.43,125.21,131.99,39.54,56.63,99.74,273.63
20260929,09:45:30,47992.44,42810.79,25995.89,16683.07,123.47,1886.05,398.43,461.87,550.17,106.76,163.29,192.49,91.87,138.78,272.62,121.64,190.2,290.52,3048.54,1628.43,466.94,74.7,233.3,949.41,372.12,237.97,283.34,443.78,210.19,101.43,3592.78,235.43,125.45,132.01,39.54,56.63,99.74,273.94
20260929,09:45:35,47952.06,42769.19,26000.5,16680.79,123.47,1886.05,398.43,461.87,550.19,106.76,163.27,192.47,91.86,138.57,272.62,121.64,190.2,290.53,3045.24,1625.94,466.95,74.7,232.94,949.53,372.18,237.97,283.34,443.78,210.19,101.43,3594.84,235.43,125.21,132.01,39.54,56.63,99.74,273.92
20260929,09:45:40,47990.66,42806.87,26004.47,16685.61,123.47,1884.63,398.99,461.87,550.24,106.76,163.28,192.47,91.87,138.57,272.62,121.63,190.2,290.53,3048.16,1628.33,467.03,74.7,232.94,949.4,372.2,237.97,283.03,443.78,210.2,101.43,3594.77,235.43,125.45,132.01,39.54,56.63,99.74,273.61
20260929,09:45:45,47991.32,42807.1,26002.85,16682.35,123.47,1884.63,398.54,461.74,550.24,106.78,163.28,192.47,91.87,138.57,272.74,121.63,190.2,290.55,3048.26,1628.4,467.11,74.7,232.94,949.41,371.88,237.97,283.03,443.82,210.19,101.43,3595.15,235.39,125.45,132.01,39.54,56.63,99.74,273.67
20260929,09:45:50,47947.58,42764.49,25998.97,16677.88,123.47,1884.63,397.91,461.74,550.23,106.78,163.26,192.44,91.86,138.78,272.74,121.77,190.24,290.55,3044.93,1626.12,467.02,74.63,232.94,948.75,371.88,237.97,283.03,443.82,210.2,101.43,3595.15,235.39,125.33,132.01,39.54,56.63,99.74,273.66
20260929,09:45:55,47987.37,42802.91,26002.29,16680.58,123.53,1886.05,398.45,461.73,550.23,106.78,163.26,192.44,91.86,138.78,272.62,121.65,190.24,290.55,3047.96,1628.44,467.02,74.64,232.94,948.8,371.88,237.97,283.02,443.82,210.18,101.43,3595.45,235.39,125.21,132.01,39.54,56.63,99.74,273.66
20260929,09:46:00,47989.0,42805.42,25996.89,16677.45,123.47,1886.05,397.99,461.86,550.29,106.78,163.26,192.44,91.86,138.78,272.62,121.76,190.38,290.56,3048.24,1628.54,467.22,74.63,233.18,948.69,372.22,237.98,283.02,443.82,210.21,101.43,3594.61,235.34,125.09,132.01,39.54,56.63,99.74,273.61
20260929,09:46:05,47953.45,42768.46,26003.8,16677.6,123.47,1886.05,397.91,461.86,550.25,106.76,163.46,192.45,92.02,138.78,272.62,121.64,190.38,290.55,3045.26,1626.05,467.31,74.63,232.94,948.96,372.22,237.98,283.35,443.85,210.15,101.43,3596.73,235.43,125.09,132.01,39.54,56.63,99.74,273.61
20260929,09:46:10,47997.06,42812.31,26001.68,16679.72,123.47,1886.05,397.91,461.86,550.21,106.76,163.51,192.47,92.05,138.78,272.62,121.64,190.38,290.58,3048.74,1628.57,467.22,74.64,232.94,949.57,372.17,237.98,283.35,443.85,210.14,101.43,3595.49,235.34,125.21,132.01,39.54,56.65,99.74,273.88
20260929,09:46:15,47995.88,42810.95,26001.41,16678.72,123.47,1886.05,397.91,461.74,550.19,106.76,163.52,192.47,92.06,138.57,272.62,121.64,190.38,290.57,3048.66,1628.59,467.16,74.65,233.08,949.68,372.19,237.98,282.99,443.83,210.18,101.43,3595.68,235.34,125.09,132.01,39.54,56.65,99.74,273.87
20260929,09:46:20,47996.68,42811.73,26001.7,16679.05,123.47,1884.63,397.89,461.74,550.39,106.76,163.51,192.45,92.06,138.57,272.62,121.66,190.38,290.58,3048.71,1628.66,467.25,74.65,232.9,949.68,372.19,237.98,282.98,443.85,210.12,101.43,3595.68,235.34,125.21,132.01,39.54,56.64,99.74,273.87
20260929,09:46:25,47993.2,42808.76,26000.21,16678.73,123.47,1884.63,397.81,461.74,550.39,106.76,163.51,192.47,92.06,138.57,272.62,121.66,190.38,290.59,3048.48,1628.52,467.06,74.65,233.08,949.58,372.21,237.98,282.98,443.85,210.14,101.43,3595.3,235.34,125.33,132.01,39.54,56.62,99.74,273.59
20260929,09:46:30,47995.5,42809.16,26007.08,16680.47,123.47,1884.63,397.8,461.74,550.33,106.76,163.53,192.5,92.06,138.57,272.62,121.78,190.38,290.59,3048.47,1628.44,466.97,74.65,233.32,949.68,372.23,237.98,282.99,443.87,210.14,101.43,3596.98,235.34,125.45,132.01,39.54,56.62,99.74,273.59
20260929,09:46:35,47998.81,42812.39,26006.46,16679.76,123.47,1884.63,397.81,461.75,550.33,106.76,163.53,192.51,92.06,138.57,272.62,121.66,190.38,290.59,3048.75,1628.66,466.96,74.65,232.97,949.63,372.23,237.98,283.26,443.87,210.14,101.43,3596.97,235.34,125.45,132.01,39.54,56.62,99.74,273.59
20260929,09:46:40,47996.82,42810.82,26006.93,16681.56,123.47,1884.63,397.89,461.75,550.29,106.76,163.54,192.52,92.06,138.57,272.62,121.66,190.38,290.59,3048.58,1628.6,466.84,74.64,232.76,949.69,372.21,237.98,283.31,443.95,210.14,101.43,3596.63,235.34,125.56,132.01,39.54,56.64,99.74,273.59
20260929,09:46:45,48032.48,42847.76,26000.76,16681.79,123.41,1884.86,397.89,461.69,550.3,106.76,163.54,192.54,92.07,138.57,272.62,121.66,190.38,290.59,3051.55,1630.95,466.76,74.66,232.76,949.57,371.91,237.98,283.31,443.93,210.18,101.43,3594.64,235.34,125.56,132.01,39.54,56.64,99.74,273.59
20260929,09:46:50,47992.12,42807.55,26000.64,16678.7,123.47,1884.86,397.26,461.69,550.4,106.76,163.54,192.53,92.07,138.57,272.62,121.78,190.38,290.6,3048.38,1628.59,466.78,74.64,232.51,949.54,372.14,237.98,283.31,443.93,210.21,101.43,3595.44,235.02,125.56,132.14,39.54,56.64,99.74,273.6
20260929,09:46:55,48037.34,42849.06,26011.29,16682.43,123.42,1884.86,397.81,461.69,550.35,106.76,163.52,192.5,92.05,138.57,272.62,121.77,190.38,290.6,3051.64,1631.0,466.9,74.61,232.76,949.52,372.48,237.84,283.31,443.93,210.17,101.43,3597.76,235.02,125.56,132.13,39.54,56.62,99.74,273.9
20260929,09:47:00,48034.9,42847.46,26004.69,16677.42,123.48,1884.86,397.18,461.69,550.34,106.76,163.5,192.51,92.04,138.36,272.62,121.77,190.38,290.6,3051.63,1630.99,466.94,74.61,232.76,949.48,372.46,237.84,283.31,443.93,210.17,101.43,3597.06,234.98,125.56,132.13,39.54,56.62,99.74,273.9
20260929,09:47:05,48031.18,42844.64,26000.44,16675.22,123.48,1884.86,397.18,461.68,550.33,106.76,163.31,192.55,91.88,138.37,272.62,121.77,190.38,290.6,3051.45,1630.95,466.97,74.66,232.51,949.42,372.47,237.84,283.21,443.87,210.21,101.43,3596.33,235.31,125.56,132.13,39.54,56.62,99.74,273.57
20260929,09:47:10,48028.1,42840.8,26007.01,16679.97,123.48,1884.86,397.72,461.68,550.34,106.76,163.51,192.56,92.03,138.36,272.62,121.79,190.38,290.6,3051.03,1630.86,466.65,74.64,232.51,949.22,372.4,237.84,283.11,443.84,210.06,101.43,3597.09,235.31,125.56,132.13,39.54,56.62,99.74,273.55
20260929,09:47:15,48028.19,42841.73,26005.33,16680.88,123.48,1884.86,397.8,461.68,550.27,106.76,163.5,192.53,92.03,138.36,272.62,121.79,190.38,290.6,3051.08,1630.93,466.9,74.64,232.5,949.26,372.39,237.84,282.79,443.84,210.18,101.43,3596.32,235.31,125.56,132.03,39.54,56.6,99.74,273.55
20260929,09:47:20,48025.48,42841.62,25995.01,16677.47,123.42,1884.86,397.73,461.68,550.36,106.76,163.3,192.54,91.87,138.36,272.62,121.73,190.38,290.6,3051.16,1630.92,466.85,74.63,232.5,949.12,372.39,237.84,283.11,443.84,210.14,101.43,3594.02,235.31,125.45,132.03,39.54,56.6,99.74,273.85
20260929,09:47:25,48014.01,42829.93,25996.36,16677.28,123.48,1884.63,397.73,461.68,550.08,106.76,163.29,192.53,91.87,138.36,272.62,121.73,190.38,290.61,3050.22,1630.95,466.77,74.63,232.5,946.91,372.51,237.84,283.11,443.86,210.16,101.43,3594.5,234.98,125.56,132.06,39.54,56.6,99.74,273.85
20260929,09:47:30,48011.54,42827.75,25994.68,16676.15,123.42,1884.63,397.63,461.68,550.02,106.76,163.28,192.55,91.85,138.36,272.74,121.72,190.38,290.61,3050.07,1630.97,466.78,74.64,232.5,946.85,372.49,237.98,282.8,443.83,210.16,101.4,3594.28,235.03,125.56,132.06,39.54,56.6,99.74,273.85
20260929,09:47:35,48010.46,42826.91,25989.28,16670.64,123.42,1884.63,397.08,461.68,549.87,106.76,163.27,192.52,91.85,138.37,272.56,121.6,190.38,290.61,3050.14,1630.86,466.72,74.64,232.5,946.97,372.49,237.98,283.16,443.83,210.15,101.4,3594.08,235.03,125.56,132.09,39.54,56.6,99.74,273.84
20260929,09:47:40,48013.56,42829.79,25991.61,16672.82,123.42,1884.63,397.09,461.68,549.84,106.76,163.49,192.52,92.02,138.37,272.56,121.6,190.38,290.61,3050.32,1631.16,466.55,74.64,232.62,946.99,372.49,237.98,282.8,443.81,210.15,101.4,3594.22,235.03,125.56,132.09,39.54,56.6,99.74,273.84
20260929,09:47:45,48009.12,42825.68,25991.27,16673.17,123.42,1884.63,397.08,461.68,549.85,106.76,163.5,192.52,92.04,138.37,272.68,121.6,190.38,290.61,3049.98,1630.9,466.59,74.64,232.62,947.0,372.18,237.98,282.79,443.78,210.15,101.44,3594.02,235.03,125.56,132.13,39.54,56.6,99.74,273.84
20260929,09:47:50,48010.16,42826.2,25993.54,16674.13,123.42,1884.26,397.0,461.6,549.88,106.76,163.51,192.52,92.05,138.37,272.56,121.59,190.38,291.28,3049.99,1630.89,466.69,74.64,232.62,946.99,372.11,237.98,282.79,443.78,210.15,101.44,3594.47,235.03,125.56,132.13,39.54,56.6,99.74,273.84
20260929,09:47:55,48010.72,42827.35,25993.62,16676.25,123.48,1884.66,397.55,461.68,550.03,106.78,163.52,192.56,92.05,138.37,272.56,121.71,190.38,290.6,3050.04,1630.9,466.62,74.63,232.6,947.14,372.11,237.98,282.79,443.75,210.15,101.44,3593.92,235.03,125.45,132.13,39.54,56.6,99.74,273.49
20260929,09:48:00,48015.84,42832.43,25989.97,16672.34,123.48,1884.29,397.01,461.68,550.01,106.78,163.54,192.63,92.05,138.37,272.56,121.6,190.38,290.6,3050.54,1631.02,466.52,74.64,232.84,947.75,372.11,237.98,282.88,443.77,210.15,101.44,3593.84,235.03,125.56,132.09,39.54,56.6,99.74,273.48
20260929,09:48:05,48009.46,42825.96,25989.8,16671.29,123.48,1884.51,397.0,461.68,550.03,106.7,163.55,192.61,92.06,138.37,272.56,121.6,190.38,290.6,3050.04,1630.93,466.63,74.62,232.59,947.14,371.86,237.98,282.79,443.72,210.15,101.45,3594.07,235.03,125.45,132.09,39.54,56.6,99.74,273.48
20260929,09:48:10,48006.26,42822.69,25991.27,16672.51,123.48,1884.51,397.08,461.68,550.06,106.7,163.53,192.66,92.03,138.36,272.56,121.7,190.38,290.6,3049.75,1630.8,466.6,74.61,232.47,947.01,371.86,237.98,282.78,443.73,210.15,101.45,3594.2,235.03,125.45,132.09,39.54,56.61,99.74,273.48
20260929,09:48:15,48008.06,42824.61,25989.5,16671.0,123.29,1884.51,396.91,461.68,550.1,106.72,163.53,192.65,92.03,138.37,272.56,121.7,190.24,290.59,3049.94,1630.93,466.51,74.61,232.59,947.17,371.88,237.98,282.69,443.71,210.18,101.45,3594.06,235.03,125.45,132.09,39.54,56.63,99.74,273.46
20260929,09:48:20,48009.25,42826.14,25989.81,16672.61,123.42,1884.06,397.08,461.76,550.25,106.72,163.53,192.69,92.02,138.37,272.56,121.7,190.24,290.59,3050.03,1630.98,466.38,74.61,232.84,947.17,371.88,237.98,282.64,443.7,210.14,101.45,3593.71,235.03,125.45,132.1,39.54,56.62,99.74,273.46
20260929,09:48:25,48007.95,42824.5,25991.25,16673.01,123.42,1884.06,397.08,461.76,550.39,106.72,163.51,192.63,92.02,138.38,272.56,121.71,190.24,290.59,3049.88,1630.95,466.36,74.6,232.84,946.99,371.88,237.99,282.64,443.76,210.14,101.45,3594.06,235.03,125.45,132.1,39.54,56.62,99.74,273.47
20260929,09:48:30,48009.35,42826.13,25988.22,16670.41,123.42,1884.06,397.0,461.76,550.45,106.72,163.32,192.65,91.86,138.39,272.56,121.71,190.24,290.59,3050.08,1630.87,466.46,74.62,232.59,947.78,371.88,237.99,282.64,443.67,210.14,101.45,3593.82,235.03,125.45,132.1,39.54,56.62,99.74,273.47
20260929,09:48:35,48012.05,42828.49,25988.82,16670.19,123.42,1884.06,397.0,461.76,550.45,106.72,163.3,192.62,91.86,138.4,272.56,121.71,190.24,290.59,3050.27,1630.95,466.51,74.62,232.59,947.95,371.9,237.99,282.64,443.62,210.14,101.45,3594.06,235.03,125.45,132.1,39.54,56.62,99.74,273.47
20260929,09:48:40,48011.15,42827.98,25986.69,16669.0,123.42,1884.06,396.98,461.69,550.07,106.72,163.3,192.62,91.86,138.41,272.56,121.71,190.24,290.6,3050.26,1630.99,466.41,74.62,232.59,947.89,371.92,237.99,282.63,443.62,210.17,101.45,3593.72,235.03,125.33,132.1,39.54,56.62,99.74,273.77
20260929,09:48:45,48006.89,42823.74,25991.37,16674.06,123.42,1884.06,397.53,461.61,550.06,106.8,163.5,192.61,92.01,138.41,272.56,121.59,190.24,290.55,3049.8,1630.87,466.42,74.62,232.47,947.19,372.49,237.99,282.63,443.67,210.15,101.45,3593.81,234.98,125.33,132.1,39.53,56.62,99.74,273.77
20260929,09:48:50,47968.84,42786.23,25989.26,16670.15,123.42,1884.06,396.98,461.61,550.05,106.79,163.49,192.6,92.01,138.4,272.56,121.59,190.38,290.55,3046.87,1628.42,466.43,74.61,232.47,947.82,372.23,237.99,282.63,443.67,210.15,101.45,3594.21,234.98,125.33,132.1,39.54,56.62,99.74,273.76
20260929,09:48:55,48006.29,42823.45,25989.83,16673.27,123.42,1885.48,397.52,461.61,550.04,106.71,163.51,192.6,92.03,138.41,272.56,121.57,190.35,290.55,3049.79,1630.65,466.42,74.62,232.44,947.91,372.23,237.99,282.63,443.62,210.15,101.45,3593.54,234.98,125.21,132.1,39.54,56.62,99.74,273.75
20260929,09:49:00,48003.83,42821.29,25983.46,16666.75,123.42,1885.48,396.73,461.61,550.03,106.71,163.49,192.55,92.03,138.41,272.44,121.69,190.35,290.55,3049.78,1630.75,466.4,74.6,232.44,947.67,372.23,237.99,282.6,443.65,210.12,101.45,3593.32,234.98,125.09,132.1,39.53,56.61,99.74,273.74
20260929,09:49:05,48005.57,42822.74,25983.46,16665.94,123.55,1885.48,396.73,461.73,549.95,106.7,163.49,192.53,92.03,138.4,272.44,121.69,190.32,290.56,3049.91,1630.81,466.35,74.66,232.44,947.68,371.91,238.0,282.68,443.65,210.11,101.45,3593.54,234.98,125.09,132.1,39.53,56.61,99.74,273.44
20260929,09:49:10,47966.76,42784.72,25983.79,16665.6,123.55,1885.48,396.71,461.53,549.95,106.7,163.5,192.55,92.03,138.4,272.44,121.69,190.32,290.57,3046.86,1628.48,466.35,74.66,232.43,947.62,371.89,238.0,282.67,443.65,210.11,101.45,3593.74,234.98,125.09,132.1,39.53,56.61,99.74,273.43
20260929,09:49:15,47968.6,42786.13,25985.31,16666.09,123.42,1885.48,396.7,461.53,549.94,106.7,163.5,192.55,92.03,138.39,272.62,121.68,190.3,290.57,3046.96,1628.54,466.4,74.67,232.43,947.65,371.83,238.0,282.66,443.65,210.12,101.45,3594.08,234.98,125.09,132.11,39.53,56.59,99.74,273.74
20260929,09:49:20,48013.28,42829.61,25984.56,16665.04,123.42,1885.48,396.61,461.4,549.94,106.7,163.49,192.57,92.02,138.39,272.62,121.56,190.3,290.54,3050.49,1630.98,466.4,74.68,232.43,948.38,371.74,238.0,282.75,443.59,210.1,101.45,3594.13,234.98,125.33,132.1,39.53,56.59,99.74,273.44
20260929,09:49:25,48014.42,42830.73,25988.71,16669.82,123.42,1885.48,397.08,461.39,549.94,106.7,163.5,192.56,92.03,138.39,272.62,121.56,190.3,290.54,3050.46,1630.72,466.49,74.66,232.43,949.12,371.81,238.0,282.67,443.59,210.13,101.45,3594.13,234.98,125.33,132.09,39.53,56.59,99.74,273.79
20260929,09:49:30,48011.43,42827.93,25985.57,16666.62,123.42,1884.06,397.17,461.39,549.86,106.62,163.51,192.57,92.03,138.38,272.62,121.56,190.3,290.54,3050.32,1630.85,466.43,74.66,232.43,948.44,371.82,238.0,282.67,443.59,210.13,101.45,3594.02,234.98,125.09,132.09,39.53,56.59,99.74,273.49
20260929,09:49:35,48012.87,42829.85,25985.29,16668.02,123.42,1884.0,397.25,461.39,550.08,106.62,163.51,192.51,92.05,138.38,272.62,121.56,190.3,290.52,3050.44,1630.87,466.45,74.66,232.46,948.64,371.82,238.0,282.67,443.6,210.13,101.45,3593.55,234.98,125.09,132.09,39.53,56.61,99.74,273.49
20260929,09:49:40,48014.29,42831.48,25985.14,16668.66,123.42,1884.0,397.32,461.39,550.05,106.62,163.52,192.53,92.05,138.38,272.62,121.56,190.26,290.55,3050.55,1630.94,466.54,74.64,232.46,948.6,371.82,238.0,282.68,443.6,210.13,101.45,3593.33,234.98,125.1,132.09,39.53,56.61,99.74,273.49
20260929,09:49:45,48014.98,42832.57,25984.67,16669.52,123.42,1884.0,397.32,461.39,550.08,106.62,163.52,192.52,92.05,138.37,272.62,121.67,190.26,290.55,3050.62,1631.08,466.43,74.66,232.46,948.42,371.82,238.0,282.68,443.6,210.13,101.45,3592.95,234.98,125.1,132.09,39.53,56.6,99.75,273.49
20260929,09:49:50,48015.5,42833.07,25984.18,16668.95,123.29,1884.0,397.32,461.47,550.18,106.62,163.54,192.56,92.06,138.38,272.62,121.55,190.26,290.55,3050.67,1630.87,466.43,74.66,232.71,948.55,372.14,238.0,282.99,443.5,210.13,101.45,3592.95,234.98,125.1,132.09,39.52,56.62,99.75,273.49
20260929,09:49:55,47973.34,42792.26,25984.18,16669.84,123.29,1884.0,397.33,461.39,550.18,106.62,163.53,192.53,92.06,138.37,272.62,121.55,190.26,290.55,3047.36,1628.46,466.4,74.63,232.71,948.58,372.16,238.0,282.67,443.51,210.12,101.45,3592.71,234.98,125.22,132.09,39.52,56.62,99.75,273.52
20260929,09:50:00,48017.34,42837.55,25976.72,16669.34,123.42,1884.0,397.32,461.39,550.11,106.62,163.5,192.52,92.04,138.37,272.62,121.55,190.26,290.55,3051.02,1631.02,466.4,74.61,232.7,949.29,372.13,238.0,282.77,443.51,210.12,101.45,3590.51,234.98,125.22,132.1,39.5,56.6,99.75,273.52
20260929,09:50:05,48015.04,42835.56,25973.1,16666.04,123.42,1884.0,397.33,461.4,550.12,106.62,163.5,192.53,92.04,138.37,272.62,121.55,190.12,290.55,3050.94,1631.05,466.34,74.61,232.58,949.18,372.27,238.0,282.78,443.51,209.98,101.45,3590.28,234.98,124.98,132.11,39.5,56.6,99.75,273.52
20260929,09:50:10,47970.63,42792.76,25972.75,16667.2,123.42,1884.0,397.33,461.41,550.12,106.62,163.49,192.48,92.03,138.37,272.45,121.55,190.12,290.55,3047.47,1628.71,466.24,74.61,232.58,948.4,371.89,238.0,282.69,443.52,210.15,101.44,3589.85,234.98,124.98,132.11,39.5,56.6,99.75,273.47
20260929,09:50:15,48012.81,42831.46,25980.26,16667.79,123.42,1884.0,397.34,461.41,550.07,106.62,163.48,192.48,92.03,138.37,272.45,121.54,190.07,290.55,3050.57,1630.94,466.33,74.61,232.56,948.39,372.2,238.0,283.0,443.52,210.15,101.44,3592.04,234.98,125.1,132.11,39.5,56.59,99.75,273.47
20260929,09:50:20,47970.59,42792.41,25973.31,16666.8,123.42,1884.0,397.33,461.41,550.07,106.61,163.48,192.48,92.03,138.58,272.45,121.54,190.26,290.56,3047.45,1628.61,466.23,74.61,232.69,948.53,372.19,238.0,282.69,443.52,210.0,101.44,3590.14,234.98,125.1,132.11,39.5,56.6,99.75,273.47
20260929,09:50:25,48012.36,42831.16,25978.83,16666.61,123.29,1884.0,397.34,461.33,550.06,106.61,163.47,192.48,92.02,138.58,272.45,121.49,190.26,290.56,3050.58,1631.0,466.25,74.61,232.69,948.6,371.93,238.01,282.71,443.55,209.95,101.44,3591.91,234.98,125.22,132.12,39.5,56.6,99.75,273.47
20260929,09:50:30,48011.59,42830.75,25977.63,16666.38,123.42,1884.0,397.34,461.33,550.07,106.61,163.47,192.5,92.02,138.58,272.45,121.49,190.26,290.55,3050.55,1631.0,466.25,74.61,232.45,948.77,372.08,238.01,282.69,443.55,209.89,101.44,3591.6,235.0,125.22,132.12,39.5,56.6,99.75,273.43
20260929,09:50:35,48010.85,42829.61,25973.52,16660.27,123.42,1884.37,396.79,461.33,550.08,106.53,163.47,192.51,92.01,138.58,272.45,121.49,190.26,290.55,3050.6,1630.93,466.26,74.64,232.45,948.92,372.06,238.01,282.78,443.55,209.89,101.44,3591.98,235.0,124.98,132.12,39.5,56.6,99.75,273.42
20260929,09:50:40,47971.03,42790.99,25972.81,16660.04,123.42,1884.59,396.79,461.33,550.06,106.53,163.45,192.45,92.01,138.58,272.45,121.48,190.26,290.53,3047.5,1628.46,466.32,74.62,232.7,948.94,371.73,238.01,282.78,443.56,209.89,101.44,3591.82,235.0,124.98,132.12,39.5,56.6,99.75,273.42
20260929,09:50:45,47971.28,42791.98,25974.19,16664.13,123.42,1884.59,397.25,461.33,550.06,106.53,163.43,192.42,92.0,138.58,272.45,121.48,190.26,290.53,3047.48,1628.48,466.24,74.63,232.69,948.87,371.97,238.01,282.78,443.53,209.9,101.44,3591.14,235.0,125.1,132.12,39.49,56.6,99.75,273.42
20260929,09:50:50,47974.85,42794.82,25974.08,16661.87,123.42,1884.59,396.79,461.33,550.05,106.53,163.44,192.42,92.0,138.58,272.45,121.49,190.26,290.53,3047.76,1628.57,466.29,74.63,232.71,949.2,372.01,238.01,282.78,443.5,209.93,101.44,3591.72,235.0,125.1,132.12,39.48,56.6,99.75,273.69
20260929,09:50:55,47973.54,42793.95,25971.88,16660.71,123.42,1884.59,396.79,461.33,550.05,106.53,163.44,192.42,92.0,138.58,272.45,121.51,190.26,290.51,3047.72,1628.8,466.33,74.64,232.46,948.48,372.01,238.01,282.82,443.5,209.9,101.44,3591.34,235.0,124.98,132.15,39.48,56.59,99.75,273.69
20260929,09:51:00,48012.86,42832.27,25970.95,16659.63,123.42,1884.59,396.79,461.33,550.05,106.53,163.43,192.41,92.0,138.58,272.57,121.5,190.26,290.51,3050.83,1630.97,466.33,74.65,232.47,949.19,371.99,238.01,282.82,443.52,209.85,101.44,3591.34,235.0,124.98,132.22,39.48,56.59,99.75,273.39
20260929,09:51:05,48015.57,42834.89,25972.34,16661.15,123.42,1884.59,396.79,461.33,550.02,106.53,163.46,192.43,92.02,138.58,272.57,121.5,190.26,290.51,3051.01,1630.93,466.37,74.66,232.46,949.68,371.74,238.01,282.82,443.52,209.89,101.44,3591.37,235.0,124.98,132.22,39.48,56.61,99.75,273.68
20260929,09:51:10,48021.19,42839.85,25974.07,16661.45,123.42,1884.59,396.79,461.58,550.02,106.53,163.46,192.44,92.02,138.58,272.57,121.5,190.26,290.51,3051.4,1631.14,466.37,74.66,232.71,949.71,372.04,238.01,282.81,443.52,209.89,101.47,3591.83,235.0,124.98,132.25,39.48,56.59,99.75,273.68
20260929,09:51:15,47979.52,42799.43,25973.24,16661.1,123.42,1884.59,396.69,461.58,550.02,106.53,163.49,192.5,92.03,138.58,272.57,121.48,190.26,290.52,3048.15,1628.69,466.38,74.67,232.71,949.53,372.05,238.01,282.81,443.52,209.89,101.47,3591.66,235.07,124.98,132.24,39.48,56.59,99.75,273.68
20260929,09:51:20,47983.24,42803.48,25972.62,16661.82,123.42,1884.59,396.79,461.48,549.99,106.53,163.5,192.49,92.04,138.58,272.57,121.5,190.26,290.51,3048.46,1628.81,466.38,74.67,232.46,950.1,372.1,238.01,282.81,443.5,209.89,101.47,3591.27,235.07,124.98,132.27,39.48,56.59,99.75,273.68
20260929,09:51:25,48019.73,42840.63,25968.49,16662.39,123.42,1884.59,396.8,461.48,549.99,106.53,163.48,192.46,92.03,138.58,272.57,121.6,190.26,290.48,3051.44,1631.1,466.37,74.68,232.47,950.12,372.12,237.76,282.81,443.5,209.9,101.47,3589.83,235.07,124.98,132.27,39.48,56.59,99.75,273.68
20260929,09:51:30,47984.83,42806.37,25969.1,16662.24,123.42,1884.59,396.8,461.48,549.99,106.53,163.46,192.46,92.01,138.58,272.57,121.59,190.26,290.48,3048.68,1628.84,466.4,74.69,232.47,950.49,372.1,237.76,282.8,443.5,209.9,101.47,3590.06,235.07,124.98,132.28,39.48,56.61,99.75,273.7
20260929,09:51:35,47984.52,42805.69,25971.99,16664.31,123.42,1884.59,396.79,461.48,549.98,106.53,163.49,192.48,92.03,138.58,272.57,121.59,190.26,290.48,3048.58,1628.7,466.4,74.73,232.47,950.59,372.12,237.76,282.8,443.5,210.08,101.47,3590.4,235.07,124.98,132.28,39.48,56.61,99.75,273.73
20260929,09:51:40,47984.43,42805.98,25968.19,16661.2,123.42,1884.59,396.8,461.15,549.73,106.45,163.48,192.49,92.03,138.58,272.57,121.49,190.22,290.48,3048.68,1628.84,466.33,74.72,232.47,950.46,372.15,237.76,282.8,443.5,210.08,101.47,3590.06,235.07,124.98,132.27,39.48,56.61,99.75,273.39
20260929,09:51:45,47983.51,42804.74,25970.2,16662.37,123.42,1884.59,396.79,461.23,549.73,106.45,163.48,192.49,92.03,138.58,272.57,121.6,190.22,290.48,3048.55,1628.78,466.33,74.72,232.47,950.46,372.17,237.76,282.72,443.51,210.05,101.47,3590.37,235.07,125.1,132.18,39.48,56.61,99.75,273.42
20260929,09:51:50,47983.17,42804.82,25967.86,16661.06,123.42,1884.59,396.79,461.23,550.03,106.53,163.49,192.49,92.03,138.57,272.57,121.62,190.22,290.49,3048.59,1628.73,466.45,74.72,232.47,950.58,372.17,237.76,282.72,443.5,209.88,101.47,3589.99,235.07,124.98,132.18,39.48,56.61,99.75,273.38
20260929,09:51:55,48024.22,42843.0,25972.63,16660.46,123.42,1884.59,396.79,461.23,550.06,106.54,163.42,192.48,91.98,138.57,272.57,121.6,190.22,290.49,3051.68,1631.14,466.5,74.72,232.47,950.45,372.17,237.76,282.72,443.5,209.89,101.47,3591.65,235.07,124.98,132.18,39.48,56.61,99.75,273.37
20260929,09:52:00,48026.41,42845.14,25975.36,16663.59,123.42,1884.59,397.33,461.23,550.06,106.54,163.42,192.47,91.98,138.57,272.57,121.48,190.22,290.49,3051.77,1631.14,466.5,74.72,232.58,950.57,372.15,237.88,282.73,443.5,209.89,101.47,3591.65,235.07,124.98,132.18,39.49,56.61,99.75,273.36
20260929,09:52:05,48019.86,42839.7,25971.13,16661.89,123.41,1884.59,396.87,461.23,550.06,106.54,163.41,192.46,91.98,138.78,272.57,121.48,190.22,290.49,3051.38,1631.09,466.56,74.71,232.59,949.73,372.13,237.88,282.73,443.49,209.93,101.47,3590.79,235.14,125.1,132.18,39.49,56.61,99.75,273.36
20260929,09:52:10,48016.63,42838.52,25965.66,16662.17,123.41,1884.59,396.87,461.23,550.06,106.54,163.4,192.43,91.97,138.78,272.57,121.5,190.22,290.49,3051.28,1631.04,466.43,74.72,232.47,949.86,372.13,237.88,282.73,443.44,210.08,101.47,3589.0,235.14,124.98,132.18,39.49,56.61,99.75,273.36
20260929,09:52:15,48013.63,42836.96,25963.33,16664.09,123.41,1884.47,396.87,461.23,550.14,106.54,163.44,192.44,92.0,138.78,272.57,121.5,190.22,290.49,3051.1,1630.83,466.43,74.73,232.49,950.06,372.16,237.88,282.73,443.49,210.11,101.47,3587.75,235.12,125.1,132.17,39.49,56.61,99.75,273.36
20260929,09:52:20,48018.44,42838.61,25975.78,16668.21,123.41,1884.47,397.5,461.23,550.22,106.54,163.44,192.45,92.01,138.36,272.57,121.5,190.22,290.5,3051.14,1630.86,466.44,74.73,232.49,950.05,372.15,237.88,282.73,443.49,210.08,101.47,3590.52,235.12,125.1,132.17,39.49,56.61,99.75,273.36
20260929,09:52:25,48018.58,42838.52,25974.14,16665.58,123.41,1884.47,397.5,461.23,550.22,106.54,163.25,192.45,91.85,138.36,272.57,121.5,190.22,290.5,3051.19,1630.94,466.33,74.73,232.65,949.93,372.15,237.88,282.72,443.49,210.11,101.47,3590.73,235.12,124.98,132.18,39.49,56.61,99.75,273.41
20260929,09:52:30,48020.67,42840.79,25973.26,16665.38,123.41,1885.89,397.42,461.23,550.22,106.54,163.24,192.4,91.85,138.36,272.57,121.5,190.22,290.5,3051.38,1631.01,466.37,74.73,232.65,950.08,372.13,237.88,282.72,443.5,210.07,101.47,3590.51,235.12,124.98,132.28,39.49,56.61,99.75,273.41
20260929,09:52:35,48021.97,42842.04,25974.14,16666.32,123.41,1885.89,397.5,461.23,550.22,106.54,163.24,192.4,91.85,138.35,272.57,121.5,190.22,290.5,3051.46,1631.09,466.36,74.73,232.65,950.05,372.13,237.88,282.72,443.46,210.07,101.47,3590.53,235.12,124.98,132.38,39.49,56.61,99.75,273.46
20260929,09:52:40,47983.39,42804.41,25974.5,16666.6,123.54,1885.89,397.5,461.23,550.15,106.54,163.23,192.37,91.85,138.35,272.57,121.5,190.22,290.51,3048.42,1628.71,466.38,74.72,232.65,950.23,371.79,237.88,282.71,443.47,210.11,101.47,3590.56,235.06,124.98,132.38,39.49,56.61,99.75,273.44
20260929,09:52:45,47985.82,42806.78,25973.82,16665.82,123.54,1885.91,397.42,461.23,550.15,106.54,163.23,192.38,91.85,138.35,272.57,121.5,190.19,290.51,3048.63,1628.64,466.3,74.74,232.65,950.99,371.78,237.88,282.71,443.47,210.08,101.47,3590.56,235.06,124.98,132.41,39.49,56.61,99.75,273.44
20260929,09:52:50,47986.77,42807.96,25969.08,16661.22,123.41,1884.5,396.96,461.23,550.12,106.54,163.24,192.39,91.85,138.36,272.57,121.62,190.16,290.49,3048.84,1628.73,466.28,74.74,232.9,950.99,371.79,237.88,282.71,443.47,210.11,101.47,3590.33,235.06,124.86,132.39,39.49,56.61,99.75,273.35
20260929,09:52:55,47986.4,42808.42,25969.43,16664.37,123.54,1884.27,397.41,461.23,550.24,106.54,163.24,192.36,91.85,138.36,272.45,121.63,190.16,290.49,3048.8,1628.71,466.23,74.74,232.9,950.99,371.78,237.88,282.71,443.47,210.13,101.47,3589.58,235.06,124.74,132.39,39.49,56.61,99.75,273.35
20260929,09:53:00,47986.01,42808.22,25968.95,16664.42,123.54,1884.27,397.41,461.23,550.24,106.54,163.24,192.37,91.85,138.36,272.45,121.5,190.16,290.51,3048.78,1628.73,466.21,74.78,232.68,951.02,372.1,237.88,282.7,443.47,210.1,101.47,3589.42,235.06,124.86,132.39,39.49,56.61,99.75,273.37
20260929,09:53:05,47993.19,42814.58,25971.89,16665.69,123.54,1885.69,397.5,461.23,550.24,106.54,163.23,192.42,91.84,138.36,272.45,121.51,190.16,290.51,3049.26,1628.98,466.31,74.78,232.68,951.27,372.04,237.88,282.72,443.47,210.12,101.47,3590.0,235.06,124.86,132.37,39.49,56.61,99.75,273.35
20260929,09:53:10,48028.88,42850.32,25969.03,16665.64,123.54,1885.69,397.5,461.23,550.21,106.54,163.23,192.41,91.84,138.57,272.45,121.5,190.16,290.51,3052.14,1631.38,466.41,74.78,232.68,950.58,372.35,237.88,282.71,443.45,210.09,101.47,3589.12,235.06,124.86,132.37,39.49,56.61,99.75,273.4
20260929,09:53:15,47989.97,42813.05,25963.97,16661.94,123.54,1885.69,396.97,461.23,550.28,106.62,163.23,192.41,91.84,138.57,272.45,121.5,190.16,290.51,3049.23,1628.74,466.38,74.78,232.68,951.8,372.06,237.88,282.74,443.44,210.08,101.47,3588.54,235.06,124.86,132.37,39.49,56.61,99.75,273.35
20260929,09:53:20,48032.23,42854.22,25963.82,16661.76,123.54,1884.27,396.87,461.23,550.35,106.54,163.24,192.41,91.85,138.57,272.45,121.49,190.16,290.51,3052.55,1631.27,466.3,74.81,232.68,951.95,372.06,237.88,282.75,443.43,210.08,101.47,3588.54,235.06,124.98,132.37,39.49,56.61,99.75,273.35
20260929,09:53:25,48033.61,42854.37,25965.91,16660.15,123.54,1884.27,396.97,461.23,550.3,106.54,163.24,192.4,91.85,138.78,272.45,121.49,190.16,290.5,3052.6,1631.27,466.3,74.81,232.68,951.96,372.07,237.88,282.82,443.43,209.93,101.47,3589.63,235.06,124.86,132.4,39.49,56.61,99.75,273.31
20260929,09:53:30,48032.68,42853.73,25965.54,16660.62,123.54,1884.27,396.89,461.31,550.3,106.54,163.25,192.44,91.85,138.77,272.45,121.56,190.16,290.5,3052.54,1631.26,466.36,74.79,232.68,951.81,372.17,237.88,282.82,443.43,209.77,101.47,3589.39,235.06,125.1,132.4,39.49,56.61,99.75,273.33
20260929,09:53:35,48000.62,42822.38,25964.58,16659.14,123.54,1884.27,396.8,461.31,550.27,106.53,163.27,192.52,91.85,138.77,272.45,121.46,190.16,290.5,3050.05,1628.96,466.36,74.81,232.68,952.93,372.19,237.88,282.82,443.52,209.75,101.47,3589.49,235.06,125.1,132.4,39.49,56.6,99.75,273.28
20260929,09:53:40,48040.92,42861.65,25964.12,16658.62,123.54,1884.27,396.8,461.31,550.34,106.53,163.27,192.5,91.85,138.77,272.45,121.48,190.12,290.5,3053.22,1631.29,466.35,74.8,232.68,952.91,372.17,237.88,283.15,443.52,209.66,101.47,3589.49,235.06,125.1,132.4,39.49,56.6,99.75,273.28
20260929,09:53:45,48039.43,42860.04,25970.48,16665.41,123.54,1884.49,397.34,461.31,550.33,106.6,163.26,192.52,91.84,138.77,272.45,121.47,190.12,290.5,3052.93,1631.15,466.38,74.81,232.93,952.76,372.22,237.88,282.84,443.54,209.8,101.47,3589.63,235.06,125.22,132.5,39.49,56.6,99.75,273.31
20260929,09:53:50,48044.1,42864.59,25971.62,16666.73,123.54,1884.49,397.51,461.31,550.33,106.62,163.29,192.53,91.86,138.77,272.45,121.44,190.12,290.5,3053.27,1631.17,466.38,74.81,232.93,953.03,372.52,237.88,283.15,443.54,209.78,101.47,3589.63,235.07,125.22,132.53,39.49,56.6,99.75,273.31
20260929,09:53:55,48006.11,42827.58,25972.26,16667.49,123.54,1884.49,397.5,461.31,550.33,106.62,163.28,192.52,91.86,138.79,272.45,121.44,190.12,290.5,3050.27,1628.85,466.48,74.82,233.34,952.59,372.52,237.88,283.15,443.54,209.78,101.47,3589.62,235.07,125.34,132.53,39.49,56.59,99.75,273.31
20260929,09:54:00,48041.65,42862.29,25971.9,16667.34,123.54,1884.49,397.41,461.31,550.39,106.62,163.31,192.62,91.86,138.77,272.45,121.44,190.12,290.52,3053.07,1631.27,466.36,74.81,233.24,952.37,372.52,237.88,282.85,443.54,209.79,101.47,3589.55,235.07,125.34,132.53,39.49,56.59,99.75,273.26
20260929,09:54:05,48041.78,42861.98,25974.54,16668.92,123.67,1884.49,397.5,461.31,550.39,106.61,163.32,192.66,91.86,138.77,272.45,121.46,190.12,290.51,3053.0,1631.16,466.36,74.84,232.99,952.63,372.52,237.88,282.95,443.53,209.93,101.47,3589.95,235.07,125.22,132.54,39.49,56.59,99.75,273.28
20260929,09:54:10,48007.61,42828.57,25975.41,16669.52,123.66,1884.49,397.5,461.31,550.39,106.61,163.33,192.68,91.86,138.56,272.45,121.46,190.12,290.51,3050.3,1629.01,466.35,74.83,232.99,952.48,372.52,237.88,283.25,443.53,209.93,101.47,3590.05,235.07,125.22,132.53,39.49,56.59,99.75,273.59
20260929,09:54:15,48004.96,42825.95,25971.66,16665.09,123.66,1884.49,397.5,461.22,550.32,106.61,163.32,192.67,91.86,138.56,272.45,121.58,190.12,290.52,3050.19,1629.03,466.29,74.81,233.0,952.63,372.5,237.88,282.95,443.54,209.5,101.47,3590.09,235.07,125.22,132.53,39.49,56.59,99.75,273.28
20260929,09:54:20,48006.86,42827.8,25969.71,16662.85,123.66,1884.49,397.5,461.29,550.23,106.61,163.34,192.68,91.87,138.57,272.45,121.46,190.12,290.52,3050.4,1629.04,466.29,74.79,233.0,952.65,372.5,237.88,283.3,443.53,209.35,101.47,3590.09,235.03,125.22,132.53,39.49,56.59,99.75,273.31
20260929,09:54:25,48003.53,42824.81,25969.77,16663.77,123.53,1884.49,397.51,461.29,550.29,106.61,163.36,192.74,91.88,138.57,272.57,121.43,190.12,290.52,3050.13,1628.93,466.29,74.77,233.01,952.55,372.46,237.88,283.21,443.57,209.45,101.47,3589.86,235.01,125.22,132.53,39.49,56.59,99.75,273.31
20260929,09:54:30,48005.62,42826.43,25970.34,16663.03,123.53,1884.49,397.51,461.29,550.29,106.6,163.34,192.74,91.86,138.57,272.69,121.43,190.12,290.52,3050.28,1629.02,466.33,74.78,233.01,952.55,372.44,237.88,283.21,443.57,209.42,101.47,3590.23,235.01,125.22,132.53,39.49,56.58,99.66,273.31
20260929,09:54:35,47999.81,42821.52,25967.84,16662.67,123.53,1884.49,397.5,461.03,550.35,106.6,163.34,192.76,91.86,138.57,272.69,121.44,190.12,290.52,3049.89,1628.71,466.28,74.78,233.01,952.67,372.1,237.88,283.21,443.57,209.41,101.47,3589.55,235.01,125.22,132.53,39.49,56.55,99.66,273.31
20260929,09:54:40,48001.65,42822.73,25971.39,16664.78,123.53,1884.72,397.5,461.03,550.32,106.6,163.33,192.74,91.85,138.57,272.69,121.44,190.12,290.52,3049.94,1628.86,466.38,74.78,233.12,952.53,372.12,237.88,282.9,443.55,209.55,101.47,3590.09,235.01,125.22,132.53,39.49,56.56,99.66,273.62
20260929,09:54:45,48037.48,42857.37,25970.84,16663.26,123.53,1884.72,397.42,461.03,550.01,106.6,163.34,192.72,91.86,138.57,272.69,121.42,190.12,290.52,3052.77,1631.1,466.18,74.78,233.12,952.56,372.12,237.88,282.9,443.55,209.59,101.47,3590.33,235.06,125.22,132.43,39.49,56.56,99.67,273.62
20260929,09:54:50,47997.53,42816.16,25973.18,16658.3,123.53,1884.72,396.97,461.09,550.01,106.6,163.3,192.73,91.83,138.59,272.69,121.38,190.12,290.52,3049.57,1628.69,466.27,74.78,233.0,952.39,372.12,237.88,282.91,443.55,209.48,101.47,3592.41,235.06,125.22,132.43,39.49,56.56,99.67,273.59
20260929,09:54:55,47998.62,42818.46,25969.02,16657.67,123.53,1885.09,396.97,461.09,549.99,106.6,163.32,192.73,91.84,138.59,272.69,121.38,190.12,290.49,3049.77,1628.74,466.22,74.78,233.0,952.36,372.12,237.88,283.22,443.55,209.4,101.46,3591.28,235.06,125.22,132.43,39.49,56.55,99.67,273.59
20260929,09:55:00,47999.35,42818.76,25973.11,16660.98,123.53,1885.09,396.88,461.09,549.99,106.6,163.51,192.74,92.0,138.59,272.69,121.41,190.12,290.52,3049.71,1628.8,466.1,74.78,233.0,952.16,372.13,237.86,283.22,443.56,209.55,101.46,3591.65,235.06,125.22,132.43,39.49,56.57,99.67,273.59
20260929,09:55:05,47996.48,42815.59,25971.46,16657.81,123.59,1885.09,396.34,461.09,549.99,106.6,163.49,192.71,91.99,138.59,272.69,121.4,190.12,290.52,3049.53,1628.64,466.11,74.8,232.88,952.29,372.13,237.62,283.22,443.59,209.51,101.46,3592.0,235.06,125.34,132.43,39.5,56.56,99.85,273.58
20260929,09:55:10,47989.85,42809.34,25972.2,16659.37,123.59,1885.09,396.89,461.09,549.98,106.6,163.48,192.69,91.99,138.6,272.66,121.41,190.12,290.54,3048.99,1628.59,466.1,74.8,232.88,951.54,372.39,237.62,282.91,443.56,209.47,101.41,3591.81,235.06,125.1,132.43,39.5,56.56,99.85,273.56
20260929,09:55:15,47990.49,42810.54,25966.85,16655.18,123.59,1885.09,396.34,461.34,549.98,106.6,163.28,192.68,91.82,138.6,272.66,121.4,190.12,290.54,3049.19,1628.75,466.16,74.84,232.88,951.39,372.38,237.6,282.92,443.56,209.48,101.41,3591.28,235.06,125.34,132.4,39.5,56.56,99.85,273.56
20260929,09:55:20,47986.63,42807.34,25967.75,16658.07,123.54,1885.09,396.88,461.34,549.84,106.6,163.45,192.72,91.96,138.6,272.66,121.4,190.16,290.5,3048.86,1628.39,466.22,74.87,232.88,951.18,372.4,237.6,283.22,443.59,209.34,101.41,3590.77,235.06,125.34,132.4,39.5,56.54,99.85,273.26
20260929,09:55:25,47987.51,42807.79,25967.93,16656.89,123.41,1885.09,396.88,461.34,549.73,106.52,163.44,192.72,91.94,138.6,272.66,121.38,190.17,290.5,3048.93,1628.35,466.22,74.84,232.88,951.9,372.47,237.6,282.92,443.59,209.35,101.41,3591.15,235.06,125.34,132.4,39.5,56.54,99.85,273.24
20260929,09:55:30,47987.7,42810.82,25961.05,16658.52,123.41,1885.09,396.97,461.34,549.54,106.52,163.43,192.74,91.93,138.6,272.54,121.38,190.17,290.5,3049.13,1628.38,466.22,74.83,232.83,952.38,372.47,237.6,282.88,443.59,209.35,101.41,3588.55,235.06,125.57,132.37,39.5,56.54,99.85,273.24
20260929,09:55:35,47987.34,42810.28,25961.15,16657.99,123.41,1885.09,397.06,461.34,549.54,106.52,163.43,192.75,91.93,138.6,272.54,121.38,190.17,290.5,3049.1,1628.45,466.23,74.83,232.65,952.3,372.16,237.6,282.88,443.57,209.32,101.41,3588.73,235.06,125.46,132.37,39.5,56.54,99.85,273.24
20260929,09:55:40,47984.59,42807.23,25963.12,16659.05,123.54,1885.09,397.05,461.34,549.51,106.52,163.42,192.69,91.93,138.6,272.54,121.38,190.12,290.5,3048.83,1628.3,466.22,74.82,232.65,952.16,372.16,237.6,282.88,443.56,209.32,101.41,3589.06,235.06,125.57,132.4,39.5,56.54,99.85,273.24
20260929,09:55:45,47978.81,42802.3,25962.67,16660.85,123.54,1885.09,397.14,461.34,549.29,106.52,163.42,192.7,91.93,138.6,272.54,121.51,190.05,290.5,3048.39,1628.19,466.13,74.79,232.65,951.72,371.4,237.61,282.88,443.56,209.44,101.41,3588.43,235.06,125.57,132.4,39.5,56.54,99.85,273.24
20260929,09:55:50,47979.84,42803.9,25961.57,16661.6,123.47,1885.09,397.14,461.09,549.5,106.52,163.47,192.74,91.97,138.59,272.54,121.39,190.05,290.51,3048.5,1628.1,466.02,74.77,232.83,951.81,371.71,237.61,283.19,443.56,209.51,101.41,3587.88,235.06,125.57,132.4,39.5,56.54,99.85,273.24
20260929,09:55:55,47983.29,42807.21,25958.73,16658.14,123.41,1885.09,397.13,461.08,549.36,106.52,163.26,192.7,91.81,138.6,272.54,121.51,190.05,290.51,3048.85,1628.33,466.11,74.76,232.83,951.84,371.71,237.61,283.19,443.54,209.38,101.42,3587.93,235.06,125.57,132.41,39.5,56.54,99.85,273.24
20260929,09:56:00,47984.67,42808.26,25957.74,16656.04,123.47,1885.09,396.6,461.08,549.36,106.52,163.46,192.71,91.97,138.6,272.54,121.49,190.05,290.51,3048.98,1628.46,466.12,74.76,232.83,951.78,371.71,237.61,283.19,443.54,209.37,101.42,3588.2,235.06,125.57,132.31,39.5,56.54,99.85,273.21
20260929,09:56:05,48017.49,42840.94,25958.46,16659.22,123.47,1885.09,397.04,460.95,549.36,106.51,163.45,192.65,91.97,138.6,272.54,121.49,190.05,290.51,3051.54,1630.66,466.06,74.72,232.65,951.78,371.61,237.61,282.87,443.54,209.39,101.42,3587.56,235.06,125.57,132.31,39.5,56.54,99.85,273.25
20260929,09:56:10,48020.71,42844.08,25955.63,16655.96,123.41,1885.09,396.51,461.21,549.43,106.5,163.41,192.67,91.93,138.6,272.54,121.49,190.05,290.51,3051.87,1630.66,466.24,74.73,232.76,951.81,371.87,237.61,283.19,443.54,209.4,101.42,3587.56,235.06,125.57,132.23,39.5,56.54,99.85,273.59
20260929,09:56:15,47979.28,42804.15,25958.92,16661.23,123.6,1885.09,397.13,461.21,549.5,106.5,163.41,192.69,91.93,138.6,272.54,121.49,190.05,290.49,3048.53,1628.46,466.33,74.72,232.62,951.11,371.87,237.47,282.87,443.54,209.39,101.42,3587.15,235.06,125.57,132.23,39.5,56.54,99.85,273.59
20260929,09:56:20,47985.81,42810.37,25958.9,16660.69,123.6,1885.09,397.13,460.95,549.44,106.42,163.4,192.64,91.93,138.6,272.54,121.34,190.05,290.49,3049.04,1628.46,466.24,74.72,232.62,952.04,371.87,237.47,283.19,443.49,209.53,101.42,3587.29,235.06,125.57,132.23,39.5,56.54,99.85,273.58
20260929,09:56:25,47980.89,42805.39,25958.48,16659.62,123.54,1885.09,397.04,461.08,549.45,106.42,163.4,192.64,91.93,138.6,272.54,121.34,190.05,290.48,3048.67,1628.38,466.09,74.7,232.62,952.03,371.55,237.61,282.86,443.49,209.49,101.42,3587.45,235.06,125.57,132.23,39.5,56.54,99.85,273.6
20260929,09:56:30,48020.14,42843.05,25958.98,16658.22,123.42,1885.09,397.13,461.08,549.45,106.38,163.41,192.67,91.93,138.6,272.54,121.34,190.05,290.48,3051.74,1630.66,466.02,74.68,232.62,952.01,371.42,237.61,283.17,443.49,209.42,101.42,3587.99,235.06,125.46,132.23,39.5,56.54,99.85,273.6
20260929,09:56:35,47978.19,42802.54,25958.16,16658.5,123.55,1885.09,396.96,461.08,549.45,106.38,163.42,192.69,91.93,138.6,272.54,121.33,190.05,290.48,3048.46,1628.1,466.03,74.68,232.62,952.17,371.12,237.61,283.18,443.45,209.4,101.42,3587.66,235.06,125.57,132.36,39.5,56.54,99.85,273.59
20260929,09:56:40,47976.88,42801.26,25959.03,16659.51,123.55,1885.09,397.12,461.34,549.45,106.37,163.41,192.66,91.93,138.6,272.54,121.33,190.05,290.48,3048.34,1628.24,466.03,74.67,232.62,951.87,371.14,237.61,282.86,443.45,209.36,101.42,3587.66,235.06,125.57,132.36,39.5,56.54,99.85,273.59
20260929,09:56:45,47974.77,42799.43,25960.16,16661.55,123.61,1885.09,397.21,461.32,549.45,106.37,163.43,192.71,91.94,138.6,272.54,121.45,190.01,290.41,3048.14,1628.12,466.14,74.68,232.62,951.24,371.12,237.61,283.18,443.45,209.39,101.42,3587.45,235.06,125.7,132.36,39.5,56.54,99.85,273.29
20260929,09:56:50,47975.55,42800.09,25960.26,16661.29,123.61,1885.09,397.21,461.32,549.45,106.38,163.42,192.73,91.93,138.6,272.54,121.33,189.97,290.41,3048.2,1628.15,466.0,74.67,232.87,951.23,371.12,237.61,283.18,443.45,209.37,101.42,3587.55,235.06,125.7,132.36,39.5,56.54,99.85,273.59
20260929,09:56:55,47968.49,42793.16,25962.42,16663.64,123.55,1885.09,397.21,461.16,549.44,106.38,163.44,192.72,91.94,138.61,272.54,121.33,189.97,290.41,3047.59,1627.73,465.99,74.69,232.87,951.44,371.12,237.61,282.86,443.49,209.51,101.42,3587.59,235.06,125.81,132.36,39.5,56.55,99.85,273.64
20260929,09:57:00,47968.26,42792.62,25961.91,16661.98,123.55,1885.09,397.21,461.16,549.35,106.38,163.44,192.75,91.94,138.61,272.54,121.33,189.97,290.41,3047.58,1627.74,465.97,74.68,232.87,951.44,371.12,237.61,282.86,443.49,209.44,101.42,3587.88,235.06,125.7,132.36,39.5,56.57,99.85,273.65
20260929,09:57:05,47976.24,42802.2,25961.13,16667.13,123.55,1885.09,397.76,461.16,549.35,106.38,163.46,192.8,91.94,138.61,272.54,121.34,190.01,290.42,3048.23,1628.01,466.03,74.7,232.62,951.89,370.93,237.61,283.18,443.48,209.57,101.42,3586.24,235.06,125.7,132.36,39.49,56.55,99.85,273.6
20260929,09:57:10,47969.58,42796.3,25958.57,16666.16,123.48,1885.09,397.75,461.16,549.45,106.38,163.45,192.81,91.93,138.6,272.54,121.34,190.01,290.42,3047.78,1627.72,466.05,74.7,232.62,952.03,371.25,237.61,282.86,443.49,209.57,101.42,3585.71,235.06,125.58,132.36,39.49,56.55,99.85,273.6
20260929,09:57:15,47968.44,42798.11,25951.03,16667.28,123.61,1884.63,397.83,461.14,549.46,106.46,163.45,192.77,91.95,138.61,272.54,121.34,190.01,290.42,3047.9,1627.61,466.05,74.69,232.62,952.64,371.44,237.61,282.86,443.49,209.48,101.42,3583.05,235.06,125.7,132.36,39.49,56.55,99.85,273.58
20260929,09:57:20,47971.41,42801.24,25948.48,16665.15,123.61,1884.63,397.83,461.15,549.45,106.46,163.45,192.76,91.95,138.6,272.18,121.34,190.01,290.42,3048.2,1627.67,466.09,74.7,232.86,952.5,371.42,237.61,283.18,443.49,209.5,101.42,3582.83,235.06,125.58,132.26,39.49,56.55,99.85,273.28
20260929,09:57:25,47967.59,42799.72,25937.93,16660.37,123.55,1884.63,397.29,461.15,549.45,106.46,163.44,192.77,91.93,138.6,272.18,121.34,189.97,290.42,3048.19,1627.74,466.21,74.65,232.98,952.48,371.41,237.61,282.91,443.49,209.36,101.42,3580.83,235.06,125.58,132.29,39.48,56.55,99.85,273.58
20260929,09:57:30,47969.95,42801.74,25938.46,16660.06,123.55,1884.63,397.22,461.15,549.45,106.46,163.46,192.77,91.95,138.6,272.18,121.33,189.97,290.42,3048.36,1627.74,466.16,74.66,232.98,952.63,371.41,237.61,283.13,443.49,209.36,101.42,3581.08,235.06,125.58,132.29,39.48,56.55,99.85,273.58
20260929,09:57:35,47967.58,42799.11,25942.78,16663.93,123.61,1884.63,397.76,461.15,549.44,106.38,163.46,192.78,91.95,138.6,272.18,121.33,189.95,290.42,3048.06,1627.84,466.1,74.66,232.73,951.95,371.08,237.61,283.13,443.49,209.35,101.42,3581.38,235.06,125.58,132.29,39.48,56.55,99.85,273.58
20260929,09:57:40,47965.08,42795.9,25943.42,16662.07,123.48,1884.63,397.76,461.15,549.59,106.38,163.44,192.75,91.94,138.59,272.18,121.33,189.95,290.42,3047.84,1627.73,466.05,74.68,232.73,951.79,371.1,237.61,283.11,443.5,209.32,101.42,3582.08,235.06,125.46,132.39,39.48,56.55,99.85,273.32
20260929,09:57:45,47958.7,42790.68,25939.26,16660.65,123.55,1884.63,397.67,461.15,549.28,106.38,163.44,192.76,91.94,138.59,272.18,121.34,189.95,290.42,3047.46,1627.57,466.11,74.66,232.43,952.03,371.1,237.61,282.8,443.5,209.32,101.42,3581.17,235.06,125.46,132.38,39.48,56.55,99.85,273.32
20260929,09:57:50,47962.57,42794.44,25938.15,16659.31,123.55,1884.63,397.67,461.15,549.18,106.38,163.43,192.7,91.94,138.38,272.18,121.31,189.95,290.42,3047.79,1627.77,466.11,74.66,232.55,952.08,371.41,237.6,282.78,443.45,209.29,101.42,3581.18,235.01,125.46,132.35,39.48,56.55,99.85,273.36
20260929,09:57:55,47996.9,42830.43,25932.21,16660.98,123.55,1884.63,397.67,461.1,549.21,106.38,163.43,192.67,91.94,138.59,272.18,121.31,189.95,290.42,3050.65,1630.08,466.0,74.65,232.55,951.86,371.54,237.6,282.77,443.45,209.33,101.42,3578.88,235.06,125.58,132.35,39.48,56.55,99.85,273.36
20260929,09:58:00,47961.84,42796.26,25932.28,16661.05,123.55,1884.63,397.67,461.02,549.36,106.38,163.42,192.67,91.94,138.59,272.18,121.41,189.95,290.42,3047.9,1627.81,466.06,74.63,232.55,951.86,371.41,237.6,283.12,443.45,209.33,101.42,3578.88,235.06,125.46,132.35,39.48,56.55,99.85,273.36
20260929,09:58:05,47957.58,42792.32,25930.05,16659.18,123.61,1883.21,397.67,461.02,549.36,106.38,163.43,192.67,91.94,138.38,272.18,121.29,189.95,290.42,3047.62,1627.81,466.12,74.63,232.43,951.36,371.17,237.58,283.08,443.4,209.29,101.42,3578.69,235.06,125.46,132.36,39.48,56.55,99.86,273.36
20260929,09:58:10,47951.91,42787.15,25930.06,16660.37,123.55,1883.21,397.84,461.02,549.33,106.38,163.43,192.69,91.94,138.38,272.18,121.28,189.96,290.41,3047.18,1627.51,466.27,74.64,232.43,951.46,371.16,237.58,282.77,443.4,209.31,101.42,3578.37,235.06,125.46,132.36,39.48,56.55,99.86,273.4
20260929,09:58:15,47956.83,42791.94,25928.68,16658.79,123.55,1883.21,397.84,461.02,549.33,106.38,163.28,192.7,91.82,138.38,272.18,121.28,189.96,290.41,3047.6,1627.77,466.18,74.66,232.43,951.73,371.16,237.57,282.76,443.39,209.31,101.42,3578.37,235.06,125.46,132.36,39.48,56.55,99.86,273.4
20260929,09:58:20,47954.44,42787.27,25937.08,16660.6,123.55,1883.21,397.76,461.02,549.33,106.37,163.29,192.72,91.82,138.38,272.18,121.42,189.96,290.41,3047.18,1627.7,466.19,74.66,232.42,951.01,370.85,237.57,282.76,443.45,209.46,101.4,3580.5,235.06,125.46,132.36,39.48,56.55,99.86,273.38
20260929,09:58:25,47958.81,42787.81,25947.84,16660.54,123.68,1883.21,397.76,461.02,549.33,106.37,163.29,192.73,91.82,138.38,272.18,121.31,189.96,290.41,3047.23,1627.59,466.18,74.68,232.42,951.02,370.87,237.57,283.08,443.45,209.48,101.4,3583.88,235.06,125.46,132.36,39.44,56.55,99.86,273.42
20260929,09:58:30,47958.41,42788.05,25944.73,16659.05,123.74,1883.21,397.76,461.02,549.24,106.37,163.31,192.79,91.83,138.38,272.18,121.31,189.96,290.41,3047.28,1627.64,466.18,74.75,232.42,950.8,371.32,237.57,283.08,443.43,209.32,101.4,3583.31,235.06,125.34,132.36,39.44,56.55,99.86,273.72
20260929,09:58:35,47960.58,42790.55,25947.07,16663.04,123.61,1883.21,398.39,461.1,549.25,106.37,163.31,192.78,91.83,138.6,272.18,121.31,189.96,290.41,3047.39,1627.68,466.3,74.75,232.42,951.43,370.99,237.48,282.63,443.43,209.36,101.4,3582.96,235.06,125.34,132.34,39.44,56.55,99.86,273.43
20260929,09:58:40,47916.7,42747.64,25951.88,16668.07,123.61,1882.99,398.48,461.1,549.26,106.38,163.33,192.87,91.83,138.6,272.18,121.45,189.96,291.09,3043.81,1625.29,466.09,74.74,232.42,950.53,371.01,237.48,282.63,443.43,209.52,101.4,3583.1,235.06,125.34,132.34,39.44,56.57,99.86,273.43
20260929,09:58:45,47915.56,42747.11,25950.73,16668.71,123.61,1882.99,398.48,461.1,549.34,106.38,163.33,192.82,91.84,138.6,272.18,121.45,189.96,291.09,3043.75,1625.16,466.09,74.74,232.42,950.79,371.01,237.48,282.63,443.43,209.48,101.4,3582.56,235.06,125.46,132.34,39.44,56.54,99.86,273.43
20260929,09:58:50,47948.75,42781.37,25943.01,16666.25,123.55,1882.99,398.56,461.09,549.32,106.46,163.34,192.86,91.83,138.59,272.18,121.33,189.96,291.09,3046.57,1627.33,466.02,74.73,232.53,950.79,371.02,237.45,282.63,443.43,209.35,101.4,3580.82,235.06,125.34,132.36,39.44,56.52,99.86,273.43
20260929,09:58:55,47945.17,42778.65,25941.08,16666.62,123.55,1883.21,398.56,461.11,549.17,106.46,163.34,192.86,91.83,138.59,272.18,121.32,189.96,291.09,3046.34,1627.31,466.09,74.72,232.53,949.84,371.02,237.45,282.94,443.43,209.47,101.4,3580.12,235.06,125.34,132.26,39.43,56.52,99.86,273.43
20260929,09:59:00,47944.33,42777.64,25940.25,16664.99,123.55,1883.21,398.56,461.11,549.03,106.45,163.32,192.86,91.82,138.38,272.18,121.43,189.96,291.08,3046.3,1627.31,466.01,74.72,232.53,949.85,371.02,237.45,282.94,443.43,209.43,101.4,3580.3,235.06,125.22,132.26,39.43,56.52,99.86,273.43
20260929,09:59:05,47942.16,42776.37,25937.15,16664.28,123.42,1883.21,398.55,461.11,548.92,106.45,163.33,192.9,91.81,138.38,272.18,121.44,189.99,291.08,3046.22,1627.3,466.01,74.73,232.53,949.66,371.04,237.45,282.94,443.43,209.43,101.4,3579.52,235.06,125.22,132.26,39.43,56.52,99.86,273.4
20260929,09:59:10,47941.48,42775.51,25938.17,16664.75,123.55,1883.21,398.56,461.11,548.95,106.45,163.3,192.86,91.81,138.37,272.18,121.45,189.99,291.08,3046.14,1627.39,465.91,74.72,232.53,949.77,371.35,237.45,282.54,443.35,209.45,101.4,3579.71,235.06,125.22,132.26,39.43,56.52,99.86,273.4
20260929,09:59:15,47894.49,42730.25,25932.66,16660.19,123.55,1883.21,397.86,461.11,549.01,106.45,163.31,192.86,91.81,138.37,272.18,121.33,189.96,291.08,3042.6,1624.75,465.89,74.71,232.24,949.79,371.35,237.45,282.54,443.4,209.46,101.4,3579.23,235.06,125.34,132.26,39.44,56.52,99.86,273.4
20260929,09:59:20,47891.4,42728.06,25932.86,16663.18,123.42,1883.21,397.93,461.11,549.01,106.45,163.3,192.85,91.81,138.38,272.18,121.33,189.79,291.1,3042.35,1624.57,465.94,74.71,232.22,949.74,371.32,237.45,282.53,443.4,209.61,101.4,3578.48,235.06,125.46,132.16,39.44,56.52,99.86,273.71
20260929,09:59:25,47891.85,42728.5,25935.83,16666.59,123.55,1884.63,398.48,461.11,548.96,106.37,163.3,192.85,91.81,138.37,272.18,121.32,189.79,291.1,3042.3,1624.56,465.84,74.7,232.22,949.84,370.94,237.45,282.53,443.4,209.61,101.4,3578.48,235.06,125.34,132.16,39.43,56.52,99.86,273.71
20260929,09:59:30,47888.72,42725.23,25931.56,16660.96,123.55,1883.13,397.94,461.11,548.96,106.37,163.32,192.91,91.81,138.37,272.18,121.32,189.75,291.12,3042.18,1624.57,465.72,74.66,232.22,949.72,370.83,237.45,282.53,443.4,209.6,101.4,3578.68,235.06,125.34,132.0,39.43,56.52,99.86,273.46
20260929,09:59:35,47892.2,42728.61,25933.2,16662.78,123.61,1882.89,397.86,461.11,548.96,106.37,163.32,192.93,91.81,138.37,272.18,121.44,189.75,291.09,3042.4,1624.53,465.73,74.67,232.46,950.16,370.82,237.45,282.53,443.39,209.6,101.4,3578.7,235.06,125.46,131.96,39.43,56.52,99.77,273.77
20260929,09:59:40,47887.9,42724.2,25931.52,16660.11,123.55,1882.89,397.78,461.11,548.96,106.37,163.33,192.92,91.81,138.37,272.18,121.44,189.75,291.08,3042.11,1624.43,465.6,74.65,232.58,949.8,371.03,237.45,282.53,443.34,209.6,101.4,3578.9,235.06,125.34,131.96,39.43,56.52,99.77,273.46
20260929,09:59:45,47885.6,42721.59,25933.16,16660.75,123.55,1883.12,397.77,461.11,548.97,106.37,163.32,192.88,91.81,138.37,272.18,121.32,189.71,291.08,3041.89,1624.43,465.46,74.66,232.58,949.54,371.03,237.45,282.44,443.34,209.53,101.4,3579.24,235.39,125.46,131.95,39.43,56.52,99.77,273.77
20260929,09:59:50,47883.94,42720.22,25931.21,16659.34,123.61,1883.12,397.77,461.11,548.97,106.37,163.31,192.87,91.81,138.37,272.18,121.32,189.71,291.08,3041.81,1624.31,465.48,74.64,232.46,949.51,371.35,237.45,282.65,443.36,209.46,101.4,3579.01,235.39,125.46,131.95,39.43,56.52,99.77,273.44
20260929,09:59:55,47918.13,42754.06,25929.91,16659.61,123.55,1883.12,397.77,461.11,548.82,106.37,163.29,192.79,91.81,138.37,272.18,121.44,189.71,291.08,3044.53,1626.54,465.51,74.64,232.46,949.51,371.35,237.45,282.33,443.4,209.49,101.43,3578.53,235.39,125.46,131.93,39.42,56.52,99.77,273.44
20260929,10:00:00,47919.59,42755.66,25928.57,16658.67,123.61,1883.12,397.77,461.11,548.86,106.37,163.29,192.79,91.81,138.37,272.18,121.44,189.71,291.08,3044.68,1626.37,465.58,74.62,232.45,949.82,371.22,237.45,282.73,443.4,209.34,101.43,3578.37,235.39,125.46,131.95,39.42,56.52,99.77,273.49
20260929,10:00:05,47883.95,42716.34,25943.15,16660.06,123.74,1883.12,397.85,460.86,548.75,106.45,163.29,192.79,91.81,138.37,272.18,121.44,189.83,291.08,3041.48,1623.97,465.56,74.65,232.39,950.09,370.91,237.45,282.42,443.42,209.46,101.4,3582.54,235.06,125.46,131.95,39.42,56.54,99.77,273.48
20260929,10:00:10,47879.83,42712.77,25940.78,16658.84,123.74,1883.12,397.85,460.86,548.71,106.45,163.31,192.85,91.82,138.37,272.18,121.31,189.86,291.08,3041.22,1623.72,465.65,74.63,232.39,950.24,371.24,237.45,282.33,443.42,209.42,101.4,3582.14,235.06,125.46,131.95,39.42,56.54,99.77,273.41
20260929,10:00:15,47876.34,42712.24,25932.51,16658.93,123.61,1883.12,397.85,460.86,548.71,106.44,163.3,192.83,91.8,138.36,272.18,121.31,189.86,291.06,3041.18,1623.72,465.64,74.62,232.37,950.24,370.91,237.46,282.33,443.36,209.42,101.4,3579.53,235.06,125.46,131.95,39.42,56.54,99.77,273.72
20260929,10:00:20,47871.21,42707.61,25929.93,16657.2,123.61,1883.12,397.84,460.86,548.56,106.36,163.28,192.8,91.8,138.36,272.18,121.31,189.86,291.06,3040.85,1623.69,465.53,74.59,232.37,949.71,371.18,237.45,282.31,443.42,209.4,101.4,3579.19,235.06,125.46,131.95,39.42,56.54,99.77,273.44
20260929,10:00:25,47868.88,42705.34,25930.28,16657.61,123.61,1883.11,397.85,460.89,548.47,106.36,163.3,192.83,91.81,138.36,272.36,121.31,189.84,291.06,3040.65,1623.68,465.53,74.53,232.25,949.54,370.94,237.42,282.3,443.43,209.44,101.4,3579.19,235.06,125.46,131.95,39.42,56.54,99.77,273.46
20260929,10:00:30,47866.82,42703.34,25928.17,16655.18,123.61,1883.11,397.84,460.89,548.44,106.36,163.26,192.73,91.8,138.36,272.36,121.3,189.84,291.06,3040.55,1623.52,465.41,74.53,232.18,949.63,370.62,237.42,282.62,443.43,209.26,101.38,3579.19,235.06,125.46,131.95,39.42,56.52,99.77,273.45
20260929,10:00:35,47865.13,42701.69,25929.16,16656.32,123.61,1883.08,397.93,460.89,548.36,106.36,163.25,192.73,91.79,138.35,272.36,121.25,189.84,291.06,3040.39,1623.62,465.29,74.52,232.18,949.5,370.62,237.42,282.3,443.43,209.41,101.38,3579.19,235.06,125.45,131.95,39.42,56.52,99.77,273.45
20260929,10:00:40,47859.43,42695.55,25928.02,16653.04,123.55,1883.28,397.75,460.81,547.75,106.36,163.24,192.69,91.79,138.35,272.36,121.27,189.84,291.06,3039.97,1623.33,465.36,74.52,232.18,949.32,370.62,237.42,282.3,443.45,209.42,101.38,3579.73,235.06,125.45,131.95,39.42,56.51,99.77,273.46
20260929,10:00:45,47860.48,42696.16,25928.05,16651.68,123.42,1883.28,397.73,461.14,547.75,106.36,163.21,192.64,91.78,138.35,272.36,121.26,189.84,291.06,3040.06,1623.45,465.23,74.5,232.18,949.44,370.62,237.42,282.2,443.49,209.43,101.38,3580.1,235.08,125.33,131.98,39.42,56.51,99.77,273.42
20260929,10:00:50,47861.01,42697.53,25924.84,16650.85,123.69,1883.26,397.57,461.06,547.68,106.36,163.2,192.61,91.77,138.35,272.36,121.27,189.84,291.06,3040.19,1623.46,465.35,74.51,232.18,949.58,370.61,237.42,282.2,443.49,209.43,101.38,3579.32,235.08,125.33,131.98,39.42,56.51,99.77,273.42
20260929,10:00:55,47902.05,42737.64,25926.67,16653.38,123.69,1884.68,397.65,460.98,547.69,106.44,163.22,192.65,91.78,138.34,272.24,121.41,189.88,291.04,3043.36,1625.72,465.36,74.51,232.43,949.94,370.68,237.42,282.18,443.49,209.44,101.38,3579.21,235.08,125.33,131.98,39.42,56.51,99.77,273.41
20260929,10:01:00,47905.12,42736.45,25933.52,16647.25,123.56,1884.68,397.02,460.97,547.69,106.44,163.22,192.62,91.78,138.34,272.24,121.29,189.88,291.04,3043.41,1625.76,465.38,74.55,232.43,949.96,370.68,237.42,282.09,443.49,209.43,101.38,3583.01,235.08,125.21,131.98,39.42,56.51,99.77,273.68
20260929,10:01:05,47907.55,42739.61,25930.98,16646.96,123.56,1884.68,397.02,460.97,547.69,106.44,163.21,192.63,91.78,138.34,272.24,121.39,189.92,291.04,3043.67,1625.91,465.38,74.55,232.43,950.15,370.68,237.42,282.09,443.49,209.41,101.38,3582.3,235.15,125.21,131.98,39.42,56.51,99.77,273.36
20260929,10:01:10,47899.16,42734.12,25923.01,16646.78,123.56,1884.68,397.02,460.97,547.72,106.45,163.22,192.64,91.78,138.34,272.24,121.39,189.88,291.04,3043.23,1625.75,465.38,74.56,232.42,949.53,370.68,237.42,282.1,443.49,209.38,101.38,3579.86,235.15,125.21,131.98,39.42,56.51,99.77,273.36
20260929,10:01:15,47857.01,42694.09,25918.64,16645.24,123.56,1884.68,397.02,460.97,547.57,106.34,163.21,192.62,91.78,138.34,272.24,121.25,189.88,291.04,3040.04,1623.27,465.38,74.55,232.42,949.6,371.01,237.42,282.1,443.49,209.4,101.4,3578.91,235.15,125.21,131.98,39.42,56.51,99.77,273.36
20260929,10:01:20,47849.58,42685.65,25923.67,16647.03,123.75,1884.68,397.11,460.97,547.54,106.34,163.21,192.61,91.78,138.34,272.24,121.25,189.88,291.04,3039.32,1622.99,465.43,74.54,232.42,948.76,370.69,237.42,282.1,443.47,209.39,101.4,3579.99,235.15,125.21,131.98,39.42,56.51,99.77,273.64
20260929,10:01:25,47850.2,42686.47,25921.76,16645.52,123.62,1884.68,396.96,460.97,547.54,106.34,163.21,192.61,91.78,138.34,272.24,121.25,189.88,291.04,3039.42,1623.02,465.42,74.53,232.42,948.86,371.01,237.42,282.1,443.47,209.4,101.4,3579.81,235.15,125.21,131.98,39.42,56.51,99.77,273.64
20260929,10:01:30,47848.97,42685.54,25921.14,16645.73,123.69,1883.26,396.96,460.97,547.49,106.35,163.22,192.66,91.78,138.34,272.24,121.25,189.88,291.05,3039.34,1622.97,465.43,74.52,232.42,948.91,370.67,237.23,282.1,443.47,209.36,101.4,3579.56,235.15,125.33,131.98,39.41,56.51,99.77,273.64
20260929,10:01:35,47853.77,42689.65,25926.82,16650.35,123.69,1883.26,397.5,460.97,547.41,106.35,163.23,192.69,91.78,138.35,272.24,121.23,189.88,291.05,3039.56,1622.96,465.32,74.52,232.17,949.79,370.64,237.23,282.1,443.47,209.36,101.4,3580.08,235.15,125.45,131.98,39.41,56.51,99.77,273.64
20260929,10:01:40,47845.1,42681.74,25921.75,16646.35,123.69,1883.26,396.96,460.97,547.41,106.35,163.22,192.66,91.78,138.35,272.36,121.23,189.88,291.05,3039.02,1622.86,465.31,74.52,232.29,948.73,370.83,237.23,282.1,443.47,209.36,101.4,3579.58,235.15,125.45,131.98,39.41,56.51,99.77,273.66
20260929,10:01:45,47844.69,42679.04,25928.04,16645.89,123.69,1883.26,397.04,460.97,547.21,106.35,163.21,192.64,91.78,138.35,272.36,121.24,189.88,291.04,3038.82,1622.8,465.3,74.53,232.29,948.41,370.83,237.23,282.1,443.45,209.33,101.38,3581.67,235.15,125.44,131.98,39.41,56.51,99.77,273.66
20260929,10:01:50,47850.25,42681.08,25938.41,16646.48,123.69,1883.26,397.04,460.98,547.07,106.35,163.21,192.65,91.78,138.35,272.36,121.27,189.88,291.04,3038.97,1622.9,465.31,74.52,232.29,948.5,370.82,237.23,282.05,443.51,209.39,101.38,3584.75,235.15,125.44,131.99,39.41,56.51,99.77,273.71
20260929,10:01:55,47900.72,42726.93,25948.2,16646.63,123.69,1883.26,397.04,460.97,547.03,106.35,163.2,192.58,91.78,138.35,272.36,121.39,189.88,291.04,3042.66,1625.28,465.32,74.53,232.65,949.16,371.12,237.23,282.37,443.51,209.39,101.38,3587.77,235.15,125.44,131.99,39.41,56.51,99.67,273.66
20260929,10:02:00,47897.08,42725.81,25943.56,16649.41,123.43,1883.26,397.5,460.97,547.11,106.35,163.2,192.58,91.78,138.35,272.36,121.38,189.92,291.04,3042.5,1625.28,465.27,74.53,232.53,948.94,371.12,237.09,282.37,443.45,209.38,101.38,3585.57,235.15,125.44,131.99,39.41,56.51,99.67,273.67
20260929,10:02:05,47892.85,42721.28,25941.96,16646.21,123.49,1883.26,397.5,460.97,547.09,106.35,163.0,192.57,91.62,138.35,272.22,121.24,189.92,291.02,3042.21,1625.27,465.3,74.51,232.28,948.97,370.8,237.07,282.05,443.45,209.38,101.38,3585.93,235.15,125.44,131.99,39.41,56.51,99.67,273.65
20260929,10:02:10,47854.8,42682.54,25945.59,16644.81,123.49,1883.26,397.49,460.97,546.96,106.35,162.99,192.55,91.62,138.35,272.22,121.24,189.92,291.02,3039.12,1622.72,465.31,74.52,232.28,949.07,370.8,237.08,282.35,443.5,209.41,101.38,3587.45,235.15,125.32,131.9,39.41,56.51,99.67,273.65
20260929,10:02:15,47858.28,42685.97,25947.31,16646.9,123.62,1883.26,397.48,460.98,547.25,106.34,162.98,192.56,91.61,138.34,272.22,121.24,189.92,291.02,3039.35,1622.95,465.3,74.5,232.28,948.97,371.04,237.08,282.31,443.5,209.41,101.38,3587.42,235.15,125.44,131.95,39.41,56.51,99.67,273.59
20260929,10:02:20,47853.99,42682.27,25945.67,16646.6,123.62,1883.26,397.49,461.05,547.14,106.34,162.97,192.56,91.6,138.34,272.22,121.24,189.92,291.01,3039.06,1622.86,465.35,74.52,232.28,948.89,370.78,237.22,282.0,443.5,209.4,101.38,3586.98,235.15,125.45,131.95,39.41,56.51,99.67,273.59
20260929,10:02:25,47851.66,42680.17,25944.15,16645.46,123.62,1883.26,397.49,461.04,547.19,106.34,162.98,192.57,91.6,138.34,272.22,121.24,189.92,291.01,3038.92,1622.71,465.37,74.55,232.28,948.95,370.77,237.21,282.0,443.5,209.38,101.38,3586.82,235.15,125.33,131.85,39.41,56.51,99.67,273.65
20260929,10:02:30,47853.08,42680.61,25947.74,16646.44,123.49,1884.68,397.5,461.04,547.19,106.34,162.95,192.56,91.58,138.35,272.22,121.24,189.92,291.01,3038.93,1622.81,465.26,74.53,232.28,948.84,370.77,237.13,281.99,443.5,209.38,101.38,3587.68,235.15,125.45,131.89,39.41,56.51,99.67,273.65
20260929,10:02:35,47853.56,42680.72,25945.16,16642.24,123.49,1884.68,396.95,461.04,547.19,106.34,162.96,192.56,91.59,138.35,272.22,121.24,189.96,291.01,3039.04,1622.83,465.26,74.54,232.28,949.08,370.77,237.38,281.94,443.5,209.34,101.38,3588.01,235.15,125.45,131.89,39.4,56.51,99.67,273.65
20260929,10:02:40,47856.26,42681.19,25954.72,16646.01,123.43,1884.68,397.5,461.04,547.24,106.42,162.92,192.56,91.55,138.35,272.22,121.22,189.96,291.01,3038.99,1622.76,465.36,74.54,232.28,949.08,370.77,237.38,281.94,443.56,209.34,101.38,3589.97,235.15,125.45,131.88,39.4,56.51,99.67,273.65
20260929,10:02:45,47853.72,42679.4,25952.56,16645.8,123.49,1884.68,397.5,461.04,547.26,106.42,162.91,192.56,91.55,138.35,272.22,121.22,189.96,291.01,3038.85,1622.91,465.23,74.54,231.99,949.05,370.79,237.43,281.63,443.53,209.34,101.38,3589.35,235.15,125.45,131.88,39.4,56.46,99.67,273.65
20260929,10:02:50,47853.14,42679.93,25947.15,16643.26,123.49,1884.68,397.49,461.04,547.14,106.42,162.92,192.57,91.55,138.35,272.22,121.21,189.96,291.01,3038.95,1622.98,465.32,74.54,231.99,949.05,370.79,237.43,281.6,443.47,209.34,101.38,3588.35,235.15,125.21,131.88,39.41,56.46,99.67,273.65
20260929,10:02:55,47848.84,42675.23,25945.34,16639.48,123.49,1884.68,396.95,461.04,547.14,106.42,162.91,192.54,91.55,138.35,272.22,121.23,189.96,291.01,3038.66,1622.99,465.23,74.55,232.23,948.19,370.79,237.43,281.6,443.52,209.34,101.38,3588.81,235.15,125.21,131.88,39.41,56.46,99.67,273.65
20260929,10:03:00,47850.89,42677.23,25944.1,16638.05,123.49,1884.68,396.95,461.06,547.19,106.42,162.91,192.53,91.55,138.35,272.22,121.22,189.96,291.01,3038.86,1623.08,465.23,74.55,232.23,948.36,370.79,237.43,281.6,443.57,209.37,101.38,3588.81,235.15,124.97,131.88,39.41,56.46,99.67,273.65
20260929,10:03:05,47889.8,42715.45,25944.15,16639.15,123.49,1884.68,396.95,461.06,547.22,106.42,162.96,192.58,91.58,138.35,272.22,121.25,189.96,291.02,3041.91,1625.52,465.23,74.56,231.98,948.4,370.72,237.43,281.53,443.57,209.4,101.35,3588.53,235.15,124.97,131.88,39.41,56.46,99.67,273.65
20260929,10:03:10,47890.33,42716.36,25942.79,16638.91,123.43,1884.68,396.95,461.03,547.21,106.42,162.96,192.58,91.58,138.34,272.22,121.26,189.96,291.02,3041.99,1625.48,465.23,74.56,231.98,948.7,370.72,237.43,281.54,443.57,209.39,101.35,3588.18,235.15,124.96,131.88,39.41,56.46,99.67,273.7
20260929,10:03:15,47897.45,42723.16,25943.06,16638.74,123.43,1884.68,396.95,461.03,547.23,106.42,162.94,192.54,91.58,138.34,272.22,121.26,189.96,291.0,3042.54,1625.63,465.23,74.57,231.99,949.48,371.06,237.35,281.54,443.57,209.38,101.35,3588.3,235.15,124.96,131.88,39.41,56.46,99.67,273.7
20260929,10:03:20,47861.72,42688.05,25947.74,16643.1,123.56,1883.26,397.58,461.03,547.23,106.42,162.94,192.52,91.58,138.34,272.22,121.24,189.96,291.0,3039.61,1623.38,465.23,74.57,231.99,949.45,371.06,237.35,281.54,443.57,209.38,101.35,3588.58,235.15,124.96,131.86,39.41,56.46,99.67,273.78
20260929,10:03:25,47900.94,42726.9,25941.25,16637.78,123.56,1883.26,396.95,461.02,547.23,106.34,162.94,192.52,91.58,138.34,272.22,121.23,189.96,291.03,3042.87,1625.66,465.22,74.57,232.24,950.01,371.06,237.35,281.49,443.57,209.33,101.36,3588.0,235.15,124.96,131.86,39.41,56.46,99.67,273.78
20260929,10:03:30,47899.55,42724.27,25946.28,16639.3,123.56,1883.26,396.95,461.1,547.23,106.34,162.91,192.52,91.56,138.34,272.22,121.23,189.96,291.04,3042.62,1625.69,465.27,74.57,231.99,949.54,370.74,237.35,281.49,443.54,209.33,101.36,3589.16,235.15,125.2,131.86,39.41,56.46,99.67,273.77
20260929,10:03:35,47896.35,42721.81,25943.26,16638.05,123.56,1883.26,396.95,461.1,547.4,106.34,162.91,192.52,91.56,138.13,272.22,121.12,189.96,291.04,3042.45,1625.73,465.25,74.55,231.99,949.02,370.72,237.35,281.54,443.54,209.33,101.36,3588.55,235.15,125.08,131.86,39.41,56.46,99.67,273.81
20260929,10:03:40,47852.85,42681.56,25939.0,16640.31,123.43,1883.26,397.41,461.1,547.39,106.34,162.92,192.56,91.55,138.13,272.22,121.12,189.96,291.03,3039.15,1623.21,465.36,74.53,231.99,948.82,370.76,237.35,281.58,443.53,209.36,101.36,3586.61,235.15,124.96,131.83,39.41,56.45,99.67,273.81
20260929,10:03:45,47848.81,42678.22,25938.46,16641.67,123.43,1883.26,397.41,461.1,547.39,106.34,162.92,192.57,91.55,138.13,272.22,121.12,189.96,291.03,3038.85,1623.17,465.15,74.54,231.99,948.43,370.69,237.1,281.59,443.54,209.4,101.36,3586.07,235.15,125.08,131.83,39.41,56.45,99.67,273.81
20260929,10:03:50,47848.82,42680.57,25928.14,16637.65,123.43,1883.26,396.87,461.1,547.39,106.34,162.91,192.55,91.55,138.13,272.22,121.11,189.96,291.03,3039.14,1623.29,465.25,74.55,231.99,948.22,370.69,237.1,281.9,443.58,209.4,101.36,3583.94,235.15,125.08,131.83,39.41,56.45,99.67,273.82
20260929,10:03:55,47847.2,42678.75,25932.62,16641.95,123.49,1883.26,397.49,461.1,547.43,106.34,162.91,192.55,91.55,138.13,272.22,121.1,189.96,291.03,3038.89,1623.32,465.25,74.54,231.99,947.92,371.01,237.1,281.59,443.58,209.37,101.36,3584.17,235.15,125.08,131.83,39.37,56.45,99.67,273.79
20260929,10:04:00,47841.6,42671.08,25933.27,16635.32,123.49,1883.26,396.95,461.01,547.47,106.26,162.92,192.58,91.55,138.34,272.1,121.1,189.96,291.03,3038.43,1623.18,465.25,74.53,231.99,947.34,371.01,237.1,281.54,443.58,209.37,101.36,3586.17,235.15,124.85,131.83,39.37,56.45,99.67,273.49
20260929,10:04:05,47842.48,42671.38,25935.31,16635.76,123.56,1883.26,396.86,461.01,547.46,106.26,162.93,192.63,91.55,138.34,272.1,121.1,189.92,291.02,3038.44,1623.13,465.03,74.51,231.99,947.38,371.0,237.1,281.85,443.56,209.37,101.36,3586.69,235.15,124.85,131.83,39.37,56.45,99.67,273.81
20260929,10:04:10,47839.56,42668.16,25941.08,16641.16,123.62,1883.26,397.32,461.01,547.42,106.26,162.95,192.62,91.57,138.34,272.1,121.1,189.88,291.02,3038.05,1623.08,465.03,74.5,231.81,947.28,370.76,237.1,281.5,443.5,209.37,101.36,3587.03,235.15,125.08,131.83,39.36,56.45,99.67,273.81
20260929,10:04:15,47841.56,42669.95,25938.34,16637.48,123.62,1883.26,396.87,461.01,547.42,106.26,162.94,192.55,91.57,138.34,272.1,121.1,189.93,291.02,3038.29,1623.2,465.15,74.52,231.99,947.28,370.76,237.1,281.4,443.56,209.33,101.36,3587.17,235.15,125.08,131.83,39.36,56.45,99.67,273.83
20260929,10:04:20,47841.24,42670.53,25935.52,16637.22,123.62,1883.26,396.87,460.94,547.33,106.34,162.95,192.55,91.58,138.34,272.1,121.1,189.93,291.02,3038.34,1623.32,465.14,74.51,232.11,946.92,370.76,237.1,281.43,443.44,209.33,101.36,3586.36,235.15,125.08,131.83,39.36,56.45,99.67,273.83
20260929,10:04:25,47842.49,42669.5,25944.56,16640.11,123.62,1883.26,397.33,460.94,547.39,106.34,162.94,192.53,91.58,138.34,272.1,121.22,189.93,291.02,3038.19,1623.33,465.0,74.52,232.11,946.73,370.76,237.1,281.38,443.49,209.37,101.36,3588.4,235.15,124.85,131.83,39.36,56.45,99.67,273.87
20260929,10:04:30,47846.17,42672.45,25944.49,16637.89,123.62,1883.26,396.87,460.94,547.39,106.26,162.95,192.6,91.57,138.34,272.1,121.22,189.93,291.02,3038.48,1623.53,464.95,74.53,232.11,946.81,370.76,237.1,281.39,443.47,209.4,101.36,3588.98,235.15,124.96,131.83,39.36,56.45,99.67,273.86
20260929,10:04:35,47845.77,42672.68,25944.1,16639.53,123.56,1883.03,397.34,460.94,547.39,106.26,162.95,192.59,91.57,138.34,272.1,121.09,189.93,291.03,3038.46,1623.52,464.8,74.52,232.24,946.82,371.12,237.04,281.38,443.46,209.33,101.36,3588.41,235.15,124.96,131.83,39.36,56.45,99.67,273.86
20260929,10:04:40,47843.37,42670.24,25945.57,16640.86,123.56,1883.03,397.43,460.94,547.39,106.25,162.95,192.62,91.57,138.34,272.1,121.1,189.93,291.03,3038.23,1623.38,464.81,74.51,232.36,946.6,371.11,237.04,281.38,443.46,209.4,101.36,3588.51,235.15,124.96,131.83,39.36,56.45,99.67,273.86
20260929,10:04:45,47837.97,42665.24,25941.77,16637.37,123.56,1883.26,396.88,460.94,547.38,106.33,162.94,192.56,91.57,138.34,272.1,121.11,189.93,291.05,3037.91,1623.35,464.67,74.52,232.35,946.14,370.79,237.04,281.38,443.45,209.4,101.36,3588.27,235.15,124.96,131.83,39.36,56.47,99.67,273.88
20260929,10:04:50,47838.3,42668.28,25933.81,16637.32,123.62,1883.26,396.88,460.94,547.3,106.33,162.97,192.68,91.57,138.34,272.1,121.11,189.93,291.06,3038.16,1623.56,464.66,74.53,232.36,946.06,370.79,237.04,281.38,443.45,209.37,101.36,3585.8,235.15,124.96,131.83,39.36,56.47,99.67,273.88
20260929,10:04:55,47838.93,42668.86,25937.21,16641.13,123.49,1883.29,397.43,460.94,547.3,106.33,162.98,192.74,91.57,138.34,272.1,121.24,189.93,291.06,3038.11,1623.58,464.62,74.5,232.34,946.0,370.79,237.03,281.38,443.45,209.38,101.36,3585.83,235.16,124.96,131.83,39.36,56.47,99.67,273.57
20260929,10:05:00,47838.51,42668.44,25936.04,16639.72,123.43,1883.29,397.43,460.93,547.21,106.33,162.96,192.73,91.56,138.34,272.1,121.11,189.93,291.06,3038.11,1623.55,464.64,74.48,232.09,945.81,370.77,237.03,281.78,443.41,209.38,101.36,3585.84,235.16,124.96,131.83,39.4,56.47,99.67,273.57
20260929,10:05:05,47863.42,42692.66,25932.99,16636.05,123.62,1883.29,396.88,460.93,547.12,106.33,162.97,192.73,91.56,138.34,272.1,121.11,189.93,291.06,3040.15,1625.69,464.52,74.47,231.91,944.91,370.8,237.03,281.38,443.41,209.38,101.36,3585.89,235.16,124.96,131.83,39.4,56.47,99.67,273.6
20260929,10:05:10,47824.95,42654.76,25936.78,16639.03,123.62,1883.29,397.34,460.93,547.09,106.33,162.96,192.68,91.56,138.33,272.1,121.11,189.93,291.06,3037.02,1623.14,464.5,74.45,231.79,945.1,370.78,237.3,281.69,443.35,209.38,101.36,3586.26,235.16,124.96,131.83,39.4,56.47,99.67,273.59
20260929,10:05:15,47826.07,42653.66,25939.41,16634.72,123.62,1883.29,396.79,460.93,547.09,106.33,162.98,192.68,91.58,138.33,272.1,121.11,189.93,291.03,3037.04,1623.29,464.5,74.45,231.79,945.05,371.12,237.03,281.37,443.35,209.26,101.36,3588.26,235.16,124.96,131.83,39.4,56.45,99.67,273.86
20260929,10:05:20,47827.64,42655.42,25943.93,16640.66,123.62,1883.29,397.33,460.93,547.09,106.33,162.96,192.68,91.56,138.32,272.1,121.23,189.93,291.03,3037.04,1623.29,464.49,74.43,232.04,944.82,371.37,237.03,281.37,443.4,209.41,101.33,3588.05,235.16,124.96,131.83,39.4,56.45,99.67,273.88
20260929,10:05:25,47822.46,42652.58,25933.95,16636.59,123.62,1883.29,396.87,460.93,547.08,106.31,162.96,192.68,91.57,138.33,272.1,121.11,189.93,291.06,3036.91,1623.28,464.55,74.45,231.79,944.29,371.37,237.03,281.69,443.4,209.41,101.33,3586.04,235.16,124.96,131.83,39.4,56.45,99.67,273.88
20260929,10:05:30,47818.9,42648.37,25935.6,16635.99,123.43,1883.29,396.95,460.93,547.09,106.31,162.95,192.66,91.57,138.33,272.1,121.1,189.93,291.04,3036.58,1623.17,464.44,74.44,231.91,944.29,371.05,237.03,281.37,443.4,209.38,101.33,3586.72,235.16,124.96,131.83,39.4,56.45,99.67,273.8
20260929,10:05:35,47818.86,42646.98,25938.91,16635.28,123.43,1883.29,396.87,460.93,547.09,106.31,162.95,192.64,91.57,138.33,272.1,121.1,189.93,291.04,3036.49,1622.93,464.45,74.44,232.16,944.59,371.14,237.03,281.36,443.39,209.39,101.33,3587.95,235.16,124.96,131.8,39.4,56.45,99.67,273.81
20260929,10:05:40,47814.33,42642.31,25938.42,16633.87,123.43,1883.29,396.87,460.93,547.09,106.23,162.95,192.64,91.57,138.33,272.1,121.09,189.93,291.04,3036.14,1622.88,464.57,74.44,232.04,943.93,371.12,237.03,281.35,443.39,209.39,101.33,3588.18,235.16,124.84,131.8,39.4,56.45,99.67,273.76
20260929,10:05:45,47808.86,42635.95,25941.23,16633.65,123.56,1883.32,396.87,461.02,547.07,106.15,162.95,192.63,91.56,138.11,272.1,121.08,189.93,291.04,3035.64,1622.68,464.48,74.44,232.04,943.48,371.13,236.89,281.35,443.39,209.39,101.33,3589.12,235.16,124.84,131.8,39.4,56.44,99.67,273.76
20260929,10:05:50,47800.92,42628.3,25940.17,16632.71,123.43,1883.32,396.79,461.02,547.07,106.14,162.94,192.6,91.56,138.11,272.1,121.08,189.93,291.04,3035.04,1622.64,464.21,74.43,232.04,942.48,371.11,236.89,281.35,443.39,209.39,101.33,3589.04,235.16,124.84,131.8,39.4,56.46,99.67,273.76
20260929,10:05:55,47805.84,42633.26,25939.75,16632.77,123.56,1883.32,396.79,461.02,547.07,106.14,162.93,192.58,91.56,138.11,272.1,121.06,189.93,291.04,3035.44,1622.92,464.2,74.44,232.03,942.6,371.3,236.89,281.3,443.39,209.39,101.34,3588.89,235.09,124.84,131.8,39.4,56.46,99.67,273.76
20260929,10:06:00,47806.8,42633.68,25942.47,16634.21,123.62,1883.32,396.87,461.09,547.12,106.14,162.93,192.59,91.56,138.11,272.1,121.07,189.93,291.04,3035.44,1622.95,464.31,74.44,231.79,942.6,371.3,236.89,281.3,443.43,209.41,101.34,3589.35,235.09,124.84,131.8,39.41,56.46,99.67,273.75
20260929,10:06:05,47807.49,42633.59,25943.49,16632.83,123.62,1883.32,396.79,461.09,547.14,106.14,162.92,192.54,91.56,138.11,272.1,121.01,189.93,291.04,3035.47,1622.95,464.27,74.43,231.9,942.68,370.97,236.89,281.3,443.43,209.38,101.34,3590.04,235.09,124.84,131.8,39.41,56.46,99.67,273.75
20260929,10:06:10,47803.73,42629.93,25942.04,16631.16,123.62,1883.32,396.6,461.09,547.14,106.14,162.92,192.54,91.56,138.1,272.1,121.01,189.93,291.06,3035.21,1622.82,464.05,74.42,231.9,942.67,370.96,236.89,281.33,443.49,209.34,101.34,3590.04,235.09,124.84,131.78,39.41,56.46,99.67,273.75
20260929,10:06:15,47803.36,42629.32,25942.9,16631.3,123.49,1883.32,396.69,461.09,547.14,106.03,162.92,192.54,91.56,138.11,272.1,121.01,189.93,291.05,3035.16,1622.8,464.12,74.43,231.79,942.64,370.93,237.11,281.34,443.49,209.34,101.34,3590.27,235.09,124.96,131.78,39.41,56.46,99.67,273.45
20260929,10:06:20,47807.93,42633.6,25944.12,16632.13,123.49,1884.74,396.77,461.09,547.1,106.03,162.91,192.51,91.56,138.11,272.1,121.01,189.93,291.03,3035.49,1622.97,464.11,74.41,232.03,942.63,370.64,237.11,281.43,443.43,209.33,101.34,3590.43,235.09,124.96,131.81,39.41,56.46,99.67,273.48
20260929,10:06:25,47799.42,42626.11,25940.54,16630.7,123.49,1884.74,396.69,461.09,547.1,106.11,162.91,192.51,91.56,138.11,272.1,121.01,189.93,291.02,3034.92,1622.89,464.05,74.41,232.03,941.6,370.7,237.1,281.42,443.43,209.33,101.34,3589.7,235.09,124.84,131.81,39.41,56.46,99.67,273.45
20260929,10:06:30,47795.25,42621.87,25936.0,16624.88,123.43,1883.32,396.07,461.09,547.1,106.03,162.89,192.48,91.55,138.11,272.1,120.97,189.89,290.99,3034.71,1622.69,464.0,74.4,232.03,941.77,370.71,237.1,281.44,443.45,209.36,101.34,3589.86,235.09,124.84,131.81,39.41,56.46,99.67,273.45
20260929,10:06:35,47830.63,42659.68,25927.15,16625.87,123.43,1883.32,396.23,460.86,547.1,106.12,162.88,192.45,91.55,138.11,272.1,120.98,189.75,290.99,3037.74,1625.09,464.0,74.41,231.78,941.73,371.03,236.88,281.44,443.43,209.36,101.34,3586.83,235.09,124.85,131.81,39.41,56.46,99.67,273.45
20260929,10:06:40,47791.5,42620.94,25931.21,16628.51,123.43,1883.32,396.68,460.86,546.96,106.12,162.87,192.42,91.55,138.11,272.1,120.98,189.75,290.98,3034.55,1622.7,464.0,74.39,231.78,941.56,371.02,236.88,281.44,443.43,209.37,101.34,3587.38,235.04,124.85,131.77,39.41,56.46,99.67,273.45
20260929,10:06:45,47789.76,42618.33,25935.12,16629.95,123.43,1884.74,396.68,460.86,547.26,106.11,162.88,192.41,91.55,138.11,272.1,120.97,189.75,290.98,3034.31,1622.53,463.92,74.37,231.78,941.74,370.38,236.88,281.42,443.48,209.35,101.34,3588.21,235.04,124.85,131.77,39.41,56.46,99.67,273.45
20260929,10:06:50,47792.69,42623.13,25925.79,16625.7,123.56,1884.74,396.15,460.86,547.25,106.11,162.85,192.4,91.54,137.9,272.1,120.93,189.75,290.98,3034.8,1622.68,463.89,74.39,231.78,942.46,370.39,236.88,281.41,443.47,209.35,101.34,3586.45,235.04,124.85,131.77,39.41,56.46,99.67,273.5
20260929,10:06:55,47793.01,42619.23,25937.9,16625.55,123.56,1883.32,396.15,460.86,547.23,106.11,162.85,192.39,91.53,137.9,272.1,120.92,189.75,291.01,3034.49,1622.73,463.87,74.37,231.78,941.61,370.37,236.88,281.41,443.47,209.31,101.34,3590.27,235.09,124.96,131.77,39.41,56.46,99.67,273.47
20260929,10:07:00,47788.82,42615.39,25938.99,16627.6,123.56,1883.32,396.61,460.86,547.16,106.11,162.84,192.39,91.53,137.9,272.1,120.92,189.66,291.01,3034.13,1622.48,463.76,74.39,231.78,941.75,370.36,236.88,281.31,443.47,209.21,101.34,3590.06,235.09,124.96,131.77,39.41,56.46,99.67,273.45
20260929,10:07:05,47830.75,42656.14,25936.11,16623.96,123.43,1883.32,396.07,460.86,547.16,106.11,162.84,192.39,91.53,137.9,271.98,120.92,189.63,291.01,3037.5,1625.1,463.76,74.39,231.78,941.76,370.33,236.88,281.26,443.47,209.19,101.34,3590.15,235.09,125.08,131.77,39.41,56.46,99.67,273.48
20260929,10:07:10,47790.36,42616.53,25932.49,16618.92,123.43,1883.32,395.6,460.93,547.02,106.09,162.85,192.39,91.53,137.9,271.98,120.93,189.77,291.01,3034.43,1622.64,463.91,74.39,231.78,941.81,370.54,236.88,281.27,443.42,209.17,101.34,3590.38,235.09,124.96,131.77,39.41,56.46,99.67,273.43
20260929,10:07:15,47789.32,42618.53,25929.97,16626.12,123.43,1883.32,396.15,460.93,547.02,106.09,162.83,192.32,91.53,137.9,271.98,120.93,189.77,291.01,3034.42,1622.66,463.94,74.39,231.78,941.7,370.86,236.88,281.26,443.42,209.33,101.34,3587.64,235.09,125.2,131.75,39.41,56.46,99.67,273.43
20260929,10:07:20,47789.02,42618.19,25929.52,16625.46,123.43,1883.32,396.15,460.93,547.06,106.09,162.82,192.32,91.53,138.12,271.98,120.93,189.77,291.01,3034.4,1622.67,463.91,74.37,231.78,941.72,370.63,236.88,281.26,443.41,209.3,101.34,3587.68,235.09,125.08,131.85,39.41,56.46,99.67,273.41
20260929,10:07:25,47790.57,42617.36,25937.67,16626.98,123.43,1883.32,396.32,460.93,547.05,106.09,162.84,192.4,91.53,138.12,271.98,120.92,189.75,291.01,3034.3,1622.64,463.91,74.39,231.78,941.72,370.29,236.88,281.15,443.41,209.34,101.34,3589.81,235.09,125.08,131.8,39.41,56.46,99.67,273.37
20260929,10:07:30,47790.76,42617.55,25936.2,16625.28,123.43,1883.32,396.32,460.93,546.91,106.01,162.85,192.45,91.52,138.12,271.98,120.93,189.75,291.01,3034.36,1622.66,463.91,74.39,231.78,941.8,370.27,236.79,281.15,443.42,209.22,101.34,3589.81,235.09,125.08,131.8,39.41,56.46,99.67,273.37
20260929,10:07:35,47833.3,42659.47,25933.87,16624.17,123.43,1883.32,396.24,460.93,546.91,106.01,162.82,192.44,91.5,138.13,271.98,120.92,189.75,291.0,3037.76,1625.05,463.86,74.43,231.78,942.53,370.27,236.65,281.14,443.4,209.22,101.34,3589.39,235.02,125.08,131.8,39.41,56.46,99.67,273.37
20260929,10:07:40,47795.9,42622.65,25937.97,16627.64,123.43,1883.32,396.79,460.93,546.91,106.01,162.81,192.43,91.5,138.12,271.98,120.92,189.75,291.0,3034.71,1622.72,463.85,74.45,231.78,942.43,370.28,236.64,281.14,443.43,209.18,101.34,3589.73,235.02,125.08,131.8,39.41,56.45,99.67,273.35
20260929,10:07:45,47835.48,42661.88,25936.73,16628.43,123.43,1884.74,396.79,460.68,546.91,106.09,162.81,192.43,91.5,138.13,271.98,120.94,189.75,291.0,3037.85,1625.05,463.9,74.44,232.02,942.46,370.26,236.77,281.14,443.46,209.19,101.34,3589.13,235.02,125.08,131.8,39.41,56.45,99.67,273.35
20260929,10:07:50,47837.81,42664.11,25936.18,16627.66,123.43,1883.32,396.78,460.85,546.91,106.09,162.81,192.41,91.5,138.13,271.98,120.93,189.75,291.0,3038.05,1625.18,463.92,74.44,232.02,942.46,370.26,236.8,281.18,443.45,209.2,101.34,3589.16,235.02,125.08,131.71,39.41,56.45,99.67,273.37
20260929,10:07:55,47794.14,42620.38,25935.41,16622.84,123.74,1883.32,396.23,460.85,546.91,106.09,162.8,192.37,91.5,138.13,271.98,120.94,189.75,291.0,3034.64,1622.66,463.89,74.43,232.02,942.08,370.86,236.77,281.18,443.39,209.05,101.34,3590.23,235.02,125.08,131.71,39.37,56.45,99.67,273.37
20260929,10:08:00,47786.2,42613.29,25933.59,16622.91,123.62,1883.32,396.23,460.85,546.86,106.09,162.8,192.4,91.5,138.13,271.98,120.94,189.75,291.0,3034.07,1622.51,463.86,74.43,232.02,941.3,370.55,236.77,281.15,443.39,209.01,101.34,3589.64,235.02,125.2,131.7,39.37,56.44,99.67,273.37
20260929,10:08:05,47788.68,42615.63,25934.9,16624.16,123.55,1883.32,396.23,460.85,546.85,106.09,162.81,192.39,91.5,138.14,271.98,120.94,189.75,291.03,3034.23,1622.67,463.86,74.42,231.77,941.46,370.29,236.77,281.15,443.46,209.05,101.34,3589.71,235.02,125.32,131.7,39.37,56.44,99.67,273.35
20260929,10:08:10,47787.73,42614.61,25937.98,16627.37,123.54,1883.32,396.76,460.93,546.92,106.09,162.83,192.39,91.52,138.14,271.98,120.96,189.75,290.99,3034.07,1622.52,463.94,74.41,231.77,941.49,370.27,236.77,281.15,443.46,209.01,101.34,3589.8,235.02,125.2,131.7,39.37,56.45,99.67,273.35
20260929,10:08:15,47823.23,42651.41,25932.57,16628.57,123.54,1883.32,396.76,460.93,546.92,106.09,162.85,192.45,91.52,138.13,271.98,120.98,189.75,290.99,3037.01,1624.83,463.9,74.41,231.78,941.36,370.27,236.77,281.16,443.46,209.01,101.34,3587.79,235.02,125.32,131.7,39.37,56.44,99.67,273.35
20260929,10:08:20,47825.23,42653.36,25929.6,16625.16,123.67,1883.32,396.31,460.85,546.91,106.0,162.85,192.47,91.52,138.13,271.8,120.98,189.75,290.99,3037.24,1624.83,463.92,74.42,231.77,941.84,370.27,236.77,281.21,443.46,209.0,101.34,3587.79,235.02,125.32,131.7,39.36,56.44,99.67,273.35
20260929,10:08:25,47825.41,42653.32,25929.49,16624.31,123.67,1883.32,396.3,460.85,546.94,106.0,162.87,192.48,91.53,138.13,271.8,121.1,189.75,290.99,3037.26,1624.83,463.88,74.41,231.78,941.95,370.27,236.73,281.2,443.41,209.02,101.34,3587.98,235.02,125.08,131.69,39.36,56.44,99.67,273.35
20260929,10:08:30,47789.14,42615.62,25941.1,16629.74,123.61,1883.32,396.85,460.85,546.99,106.0,162.88,192.51,91.53,138.13,271.8,121.06,189.75,290.98,3034.09,1622.52,463.93,74.41,231.78,941.49,370.25,236.73,281.21,443.46,209.17,101.34,3590.13,235.02,125.08,131.7,39.36,56.44,99.67,273.35
20260929,10:08:35,47796.59,42623.11,25939.79,16629.04,123.6,1883.32,396.92,460.85,546.85,106.0,162.88,192.52,91.53,138.13,271.8,120.94,189.75,290.98,3034.71,1622.62,464.3,74.43,231.78,942.22,370.58,236.73,281.17,443.47,209.17,101.34,3589.92,235.02,125.08,131.7,39.36,56.44,99.67,273.35
20260929,10:08:40,47830.39,42656.45,25939.73,16630.32,123.6,1883.32,396.92,460.85,546.85,106.0,162.87,192.51,91.52,138.13,271.98,120.95,189.75,290.98,3037.37,1624.91,464.29,74.4,231.78,941.48,370.57,236.73,281.21,443.47,209.21,101.34,3589.55,234.98,125.2,131.7,39.36,56.44,99.67,273.37
20260929,10:08:45,47829.82,42655.65,25936.22,16625.47,123.6,1883.32,396.38,460.85,546.85,106.0,162.87,192.53,91.52,138.13,271.98,120.97,189.75,290.98,3037.42,1624.92,464.4,74.4,231.77,941.48,370.56,236.73,281.21,443.47,209.22,101.34,3589.77,234.98,125.08,131.66,39.36,56.44,99.67,273.35
20260929,10:08:50,47798.42,42625.74,25938.4,16630.25,123.6,1883.32,396.93,460.85,546.85,106.0,162.88,192.57,91.53,138.13,271.98,121.07,189.75,290.99,3034.9,1622.59,464.4,74.41,231.77,942.65,370.56,236.73,281.21,443.47,209.2,101.34,3589.15,234.98,125.08,131.65,39.36,56.44,99.67,273.4
20260929,10:08:55,47797.6,42624.93,25938.41,16630.25,123.6,1883.32,396.93,460.85,546.85,106.0,162.9,192.57,91.54,138.13,272.0,121.1,189.75,290.99,3034.83,1622.59,464.39,74.41,231.95,941.94,370.56,236.71,281.52,443.46,209.16,101.34,3589.15,234.98,125.08,131.65,39.36,56.44,99.67,273.4
20260929,10:09:00,47798.72,42625.65,25941.09,16632.09,123.66,1884.74,397.01,460.85,546.79,106.0,162.91,192.61,91.54,138.13,272.0,121.1,189.75,290.99,3034.85,1622.71,464.4,74.41,231.77,942.16,370.56,236.71,281.19,443.5,209.16,101.34,3589.5,235.31,125.08,131.65,39.36,56.44,99.67,273.39
20260929,10:09:05,47796.87,42623.88,25939.34,16630.17,123.66,1884.74,396.93,460.85,546.78,106.0,162.91,192.6,91.54,138.13,272.0,120.98,189.75,290.98,3034.75,1622.39,464.39,74.41,231.77,942.92,370.56,236.69,281.19,443.52,209.16,101.34,3589.47,234.98,125.08,131.65,39.36,56.46,99.67,273.39
20260929,10:09:10,47799.73,42626.2,25941.52,16631.11,123.66,1884.74,396.93,460.85,546.64,106.0,162.91,192.59,91.54,138.13,272.0,121.12,189.75,290.96,3034.91,1622.42,464.39,74.42,231.77,942.81,370.56,236.69,281.5,443.52,209.18,101.34,3589.9,234.98,125.08,131.65,39.4,56.46,99.67,273.45
20260929,10:09:15,47800.6,42626.67,25940.87,16629.1,123.66,1884.74,396.84,460.85,546.64,106.08,162.88,192.59,91.52,137.92,272.0,121.0,189.75,290.96,3035.0,1622.5,464.27,74.41,231.77,942.91,370.56,236.69,281.5,443.46,209.15,101.34,3590.24,234.98,125.08,131.65,39.4,56.47,99.67,273.45
20260929,10:09:20,47794.37,42620.85,25941.03,16630.13,123.66,1884.74,396.84,460.93,546.6,106.08,162.89,192.6,91.52,137.91,272.0,120.96,189.84,290.94,3034.51,1622.37,464.17,74.41,231.88,942.15,370.56,236.69,281.49,443.5,209.19,101.34,3590.01,234.98,125.2,131.68,39.4,56.45,99.67,273.45
20260929,10:09:25,47793.6,42622.63,25929.87,16625.74,123.58,1884.74,396.3,460.72,546.6,106.08,162.88,192.59,91.52,137.91,272.0,120.98,189.84,290.94,3034.75,1622.5,464.28,74.42,231.88,942.15,370.24,236.69,281.59,443.5,209.19,101.34,3587.71,234.98,125.2,131.68,39.4,56.45,99.67,273.45
20260929,10:09:30,47794.1,42620.92,25936.22,16625.71,123.52,1884.74,396.3,460.72,546.51,106.08,162.89,192.58,91.53,137.91,272.0,120.98,189.84,290.94,3034.62,1622.52,464.17,74.42,231.88,942.3,370.25,236.69,281.27,443.51,209.22,101.34,3589.7,234.98,125.2,131.68,39.4,56.43,99.67,273.45
20260929,10:09:35,47830.08,42656.03,25935.09,16624.59,123.52,1884.74,396.3,460.72,546.4,106.08,162.91,192.65,91.53,137.91,272.0,120.98,189.86,290.94,3037.47,1624.92,464.15,74.43,231.88,941.71,370.24,236.69,281.26,443.52,209.22,101.34,3589.65,234.94,125.08,131.68,39.4,56.43,99.67,273.44
20260929,10:09:40,47829.42,42655.76,25933.0,16623.44,123.52,1883.32,396.3,460.72,546.4,106.08,162.92,192.67,91.53,137.91,272.0,120.96,189.86,290.94,3037.48,1624.89,464.14,74.39,231.88,941.86,370.49,236.69,281.26,443.47,209.19,101.34,3589.32,234.94,125.08,131.68,39.4,56.43,99.67,273.45
20260929,10:09:45,47799.83,42626.68,25934.23,16624.0,123.52,1883.32,396.39,460.72,546.43,106.08,162.91,192.69,91.52,137.91,272.11,120.96,189.86,290.94,3035.12,1622.8,464.14,74.39,232.0,942.61,370.25,236.69,281.26,443.47,209.18,101.34,3589.55,234.94,125.08,131.68,39.4,56.45,99.67,273.37
20260929,10:09:50,47799.83,42626.67,25937.3,16627.54,123.52,1883.32,396.84,460.72,546.58,106.08,162.88,192.69,91.5,137.91,271.93,120.96,189.86,290.9,3035.04,1622.91,464.14,74.39,231.7,942.4,370.25,236.69,281.22,443.47,209.22,101.34,3589.55,234.94,125.07,131.68,39.41,56.44,99.67,273.36
20260929,10:09:55,47802.05,42630.91,25928.81,16624.68,123.52,1883.32,396.3,460.72,546.61,106.08,162.86,192.69,91.48,137.91,271.93,120.96,189.91,290.89,3035.45,1623.18,464.15,74.39,231.76,942.42,370.51,236.68,281.22,443.47,209.22,101.34,3587.67,234.94,125.19,131.68,39.41,56.44,99.67,273.41
20260929,10:10:00,47803.57,42632.08,25928.84,16623.68,123.52,1883.32,396.39,460.72,546.53,106.1,162.86,192.68,91.48,137.91,271.93,120.96,190.05,290.89,3035.57,1623.28,464.16,74.38,231.76,942.39,370.5,236.68,281.22,443.52,209.16,101.34,3587.95,234.94,125.07,131.67,39.41,56.42,99.67,273.43
20260929,10:10:05,47808.62,42636.84,25929.45,16623.86,123.65,1883.32,396.4,460.72,546.61,106.1,162.85,192.64,91.48,137.92,271.93,120.93,190.05,290.89,3035.94,1623.34,464.15,74.38,232.01,942.53,370.46,236.68,281.53,443.57,209.15,101.34,3588.09,234.94,125.07,131.67,39.4,56.4,99.67,273.43
20260929,10:10:10,47808.34,42634.79,25938.99,16628.87,123.65,1883.32,396.93,460.75,546.59,106.1,162.83,192.64,91.47,137.91,271.93,120.95,190.05,290.89,3035.66,1623.21,464.15,74.39,232.01,942.23,370.46,236.68,281.53,443.57,209.17,101.34,3589.71,234.94,125.19,131.67,39.4,56.4,99.67,273.44
20260929,10:10:15,47809.15,42635.24,25936.99,16625.44,123.65,1883.32,396.39,460.75,546.52,106.1,162.86,192.68,91.49,137.91,271.93,121.07,190.06,290.89,3035.78,1623.17,464.16,74.38,231.75,942.87,370.46,236.69,281.53,443.57,209.14,101.34,3590.02,234.9,125.19,131.67,39.4,56.4,99.67,273.44
20260929,10:10:20,47807.31,42633.45,25935.71,16623.99,123.65,1883.32,396.39,460.75,546.52,106.02,162.86,192.67,91.49,137.91,271.93,121.07,190.06,290.89,3035.67,1623.06,464.27,74.38,231.74,942.85,370.47,236.69,281.52,443.56,209.13,101.34,3590.01,234.9,125.07,131.67,39.4,56.41,99.67,273.39
20260929,10:10:25,47802.36,42628.45,25934.63,16622.14,123.65,1883.32,396.39,460.75,546.52,106.02,162.85,192.63,91.49,137.91,271.93,120.93,190.06,290.89,3035.31,1622.86,464.47,74.37,231.74,942.83,370.49,236.69,281.21,443.56,209.15,101.34,3590.18,234.9,124.95,131.65,39.4,56.4,99.67,273.38
20260929,10:10:30,47796.53,42622.76,25935.22,16622.81,123.65,1883.32,396.47,460.75,546.59,106.1,162.84,192.61,91.48,137.92,271.93,120.93,190.02,290.9,3034.84,1622.84,464.21,74.36,231.74,942.27,370.49,236.69,281.04,443.46,209.15,101.34,3590.18,234.9,124.95,131.65,39.4,56.4,99.67,273.36
20260929,10:10:35,47796.2,42624.63,25930.11,16624.27,123.65,1884.74,396.48,460.75,546.59,106.1,162.83,192.59,91.48,137.91,271.93,120.93,190.02,290.9,3034.95,1622.94,464.15,74.36,231.56,942.41,370.81,236.69,281.03,443.52,209.26,101.34,3588.19,234.9,124.95,131.65,39.4,56.4,99.67,273.31
20260929,10:10:40,47796.2,42622.55,25936.52,16624.64,123.65,1884.74,396.4,460.76,546.59,106.1,162.83,192.6,91.48,137.91,271.93,120.95,190.02,290.9,3034.77,1622.77,464.15,74.36,231.56,942.12,370.81,236.69,281.35,443.52,209.32,101.34,3590.09,234.9,124.95,131.65,39.4,56.4,99.67,273.4
20260929,10:10:45,47792.5,42616.96,25941.68,16623.96,123.71,1884.74,396.4,460.76,546.59,106.1,162.83,192.59,91.48,137.91,271.93,120.95,190.02,290.9,3034.34,1622.84,464.23,74.36,231.56,941.39,370.48,236.69,280.94,443.52,209.31,101.34,3591.89,234.9,124.84,131.63,39.4,56.4,99.67,273.5
20260929,10:10:50,47792.2,42616.93,25944.57,16628.13,123.71,1884.74,396.85,460.83,546.59,106.1,162.83,192.6,91.48,137.92,271.9,120.93,190.02,290.9,3034.24,1622.64,464.35,74.37,231.56,941.18,370.48,236.69,281.25,443.46,209.31,101.34,3591.66,234.9,124.95,131.63,39.4,56.4,99.67,273.49
20260929,10:10:55,47787.39,42611.98,25940.9,16623.06,123.71,1884.74,396.31,460.83,546.59,106.1,162.82,192.58,91.48,137.92,271.9,120.93,190.02,290.9,3033.96,1622.52,464.36,74.36,231.56,941.31,370.48,236.69,280.94,443.47,209.31,101.34,3591.89,234.9,124.84,131.63,39.4,56.4,99.67,273.48
20260929,10:11:00,47786.71,42610.65,25942.94,16623.13,123.65,1884.74,396.31,460.83,546.59,106.1,162.82,192.57,91.48,138.13,271.9,120.94,189.98,290.9,3033.85,1622.52,464.15,74.37,231.53,941.3,370.73,236.69,280.89,443.5,209.31,101.34,3592.5,234.9,124.84,131.63,39.4,56.38,99.67,273.5
20260929,10:11:05,47789.58,42614.58,25943.72,16627.84,123.65,1884.74,396.84,460.83,546.58,106.1,162.83,192.57,91.49,138.13,271.9,121.06,189.98,290.9,3034.06,1622.63,464.15,74.35,231.53,941.53,370.73,236.69,280.85,443.46,209.31,101.34,3591.47,234.9,124.84,131.63,39.39,56.38,99.67,273.5
20260929,10:11:10,47785.66,42610.61,25943.95,16627.62,123.65,1884.96,396.84,460.83,546.58,106.1,162.85,192.57,91.5,138.13,271.9,120.94,189.98,290.9,3033.74,1622.51,464.16,74.35,231.54,941.57,370.73,236.69,280.54,443.46,209.35,101.34,3591.6,234.9,124.84,131.62,39.39,56.38,99.67,273.5
20260929,10:11:15,47784.25,42609.25,25939.27,16622.27,123.53,1884.96,396.3,460.83,546.58,106.08,162.85,192.58,91.5,137.92,271.9,120.93,189.98,290.9,3033.76,1622.54,464.15,74.35,231.54,941.5,371.04,236.69,280.52,443.46,209.3,101.34,3591.59,234.9,124.84,131.62,39.39,56.38,99.67,273.45
20260929,10:11:20,47829.96,42654.01,25942.24,16626.41,123.59,1884.96,396.85,460.83,546.58,106.08,162.85,192.56,91.5,137.92,271.9,120.93,189.98,290.9,3037.27,1625.11,464.22,74.35,231.72,941.67,371.04,236.69,280.52,443.46,209.3,101.34,3591.39,234.9,124.84,131.62,39.39,56.38,99.67,273.44
20260929,10:11:25,47791.72,42616.99,25937.59,16621.86,123.58,1883.32,396.3,460.83,546.58,106.08,162.85,192.55,91.5,137.92,271.9,120.93,189.98,290.9,3034.39,1622.63,464.37,74.35,231.72,942.35,371.04,236.69,280.52,443.54,209.3,101.34,3591.18,234.9,124.84,131.62,39.39,56.38,99.67,273.44
20260929,10:11:30,47790.38,42616.52,25938.65,16625.9,123.71,1883.32,396.85,460.82,546.59,106.08,162.82,192.51,91.49,137.92,271.9,120.93,189.98,290.9,3034.26,1622.7,464.37,74.36,231.71,941.73,371.36,236.68,280.51,443.48,209.3,101.34,3590.41,234.9,124.84,131.62,39.39,56.38,99.67,273.45
20260929,10:11:35,47791.84,42619.89,25933.41,16626.4,123.65,1883.32,396.93,460.82,546.59,106.08,162.82,192.53,91.49,137.92,271.9,120.94,189.98,290.9,3034.52,1622.7,464.41,74.36,231.96,942.07,371.49,236.68,280.51,443.48,209.18,101.32,3588.64,234.9,124.95,131.62,39.39,56.38,99.67,273.51
20260929,10:11:40,47830.59,42655.83,25937.32,16624.82,123.65,1883.32,396.92,460.82,546.37,106.08,162.82,192.52,91.49,137.92,271.9,120.94,189.98,290.9,3037.45,1624.91,464.41,74.38,231.96,942.19,371.49,236.68,280.52,443.54,209.19,101.32,3590.29,234.9,124.84,131.62,39.39,56.38,99.67,273.51
20260929,10:11:45,47831.98,42657.19,25936.99,16624.44,123.71,1883.32,396.94,460.82,546.36,106.08,162.81,192.48,91.49,138.13,271.9,120.96,189.98,290.9,3037.57,1625.02,464.32,74.39,231.96,942.19,371.46,236.68,280.54,443.54,209.19,101.32,3590.29,234.91,124.72,131.59,39.39,56.38,99.67,273.54
20260929,10:11:50,47828.63,42653.87,25936.03,16623.18,123.71,1883.32,396.93,460.82,546.36,106.08,162.8,192.45,91.49,138.13,271.9,120.96,189.98,290.9,3037.33,1624.9,464.33,74.39,231.96,942.09,371.51,236.68,280.45,443.54,208.97,101.32,3590.33,234.91,124.85,131.59,39.38,56.38,99.67,273.51
20260929,10:11:55,47829.76,42655.35,25935.48,16623.8,123.71,1883.34,396.93,460.82,546.36,106.08,162.8,192.45,91.49,137.92,271.9,121.08,189.98,290.9,3037.44,1624.9,464.35,74.4,231.71,942.12,371.53,236.68,280.76,443.54,209.0,101.32,3589.99,234.91,124.85,131.59,39.38,56.38,99.67,273.46
20260929,10:12:00,47785.81,42611.81,25934.3,16620.06,123.58,1883.34,396.4,460.82,546.36,106.09,162.8,192.45,91.49,137.92,271.9,121.08,189.98,290.9,3034.02,1622.61,464.3,74.37,231.71,941.56,371.53,236.68,280.45,443.59,209.04,101.32,3590.64,234.91,124.85,131.59,39.38,56.38,99.67,273.46
20260929,10:12:05,47834.01,42658.83,25938.12,16624.64,123.65,1883.34,396.93,460.79,546.36,106.09,162.8,192.45,91.48,137.92,271.9,121.08,189.98,290.9,3037.7,1625.12,464.61,74.37,231.72,942.31,370.99,236.54,280.45,443.56,209.01,101.32,3590.59,234.91,124.96,131.61,39.38,56.37,99.67,273.46
20260929,10:12:10,47782.54,42611.08,25927.57,16620.51,123.52,1883.34,396.48,460.79,546.37,106.09,162.79,192.44,91.48,137.92,271.9,121.06,190.01,290.9,3033.95,1622.27,464.53,74.36,231.71,942.3,370.99,236.54,280.45,443.56,208.99,101.32,3588.41,234.88,124.96,131.61,39.38,56.37,99.67,273.44
20260929,10:12:15,47785.06,42613.22,25929.36,16621.49,123.52,1883.34,396.49,460.79,546.22,106.09,162.77,192.37,91.48,137.92,271.9,120.94,190.01,290.9,3034.1,1622.33,464.74,74.36,231.69,942.27,370.99,236.54,280.45,443.56,209.13,101.32,3588.71,234.88,125.08,131.61,39.38,56.37,99.67,273.44
20260929,10:12:20,47784.72,42610.67,25936.07,16621.84,123.52,1883.34,396.4,460.79,546.22,106.09,162.79,192.42,91.48,138.13,271.9,120.92,190.01,290.91,3033.89,1622.21,464.75,74.36,231.69,942.16,370.97,236.54,280.41,443.51,209.22,101.32,3590.71,234.88,125.08,131.56,39.38,56.37,99.67,273.46
20260929,10:12:25,47783.84,42609.61,25935.61,16620.61,123.52,1883.34,396.4,460.79,546.15,106.09,162.79,192.42,91.48,138.13,271.9,121.05,190.01,290.91,3033.83,1622.24,464.63,74.4,231.69,941.95,371.2,236.54,280.42,443.51,209.13,101.32,3590.9,234.88,124.96,131.56,39.38,56.37,99.67,273.46
20260929,10:12:30,47786.22,42611.14,25937.27,16619.87,123.52,1883.34,396.4,460.94,546.01,106.09,162.76,192.37,91.47,138.13,271.9,121.05,190.01,290.91,3033.97,1622.24,464.57,74.42,231.69,942.06,371.22,236.54,280.61,443.51,209.13,101.32,3591.62,234.88,124.96,131.56,39.38,56.37,99.67,273.43
20260929,10:12:35,47785.17,42612.55,25934.35,16624.66,123.66,1883.34,396.95,460.94,546.01,106.09,162.76,192.38,91.47,138.12,271.9,120.92,190.01,290.92,3033.97,1622.24,464.57,74.43,231.69,942.05,371.33,236.54,280.61,443.55,209.13,101.32,3589.41,234.91,125.08,131.56,39.38,56.37,99.67,273.43
20260929,10:12:40,47785.69,42613.06,25930.97,16620.77,123.66,1883.34,396.4,460.97,546.01,106.09,162.77,192.41,91.47,138.12,271.9,120.92,190.01,290.92,3034.1,1622.32,464.48,74.45,231.81,941.99,371.64,236.54,280.61,443.55,209.13,101.32,3589.41,234.91,125.08,131.55,39.38,56.37,99.67,273.43
20260929,10:12:45,47795.93,42621.09,25937.45,16621.71,123.64,1883.34,396.4,460.97,545.86,106.09,162.76,192.38,91.47,138.12,271.9,121.05,190.01,290.92,3034.73,1622.59,464.5,74.45,232.06,942.4,371.64,236.54,280.6,443.55,209.31,101.32,3591.18,234.9,124.96,131.56,39.38,56.37,99.67,273.43
20260929,10:12:50,47790.9,42615.93,25937.93,16621.4,123.64,1883.34,396.49,460.97,545.87,106.09,162.76,192.38,91.47,138.12,271.9,121.05,190.01,290.92,3034.32,1622.47,464.36,74.46,231.94,942.04,371.79,236.54,280.6,443.52,209.32,101.32,3591.41,234.9,124.85,131.55,39.38,56.37,99.67,273.42
20260929,10:12:55,47835.88,42659.03,25941.15,16622.67,123.64,1883.34,396.49,461.04,546.01,106.11,162.77,192.39,91.47,138.12,271.9,121.05,190.0,290.92,3037.76,1625.01,464.37,74.47,232.19,941.99,371.79,236.54,280.72,443.52,209.29,101.32,3592.07,234.9,124.96,131.55,39.38,56.37,99.67,273.42
20260929,10:13:00,47845.2,42668.44,25940.42,16622.95,123.64,1883.34,396.49,461.04,546.01,106.11,162.8,192.46,91.48,138.12,271.9,121.04,189.97,290.92,3038.51,1625.15,464.46,74.46,232.21,942.82,371.79,236.68,281.04,443.52,209.29,101.32,3591.77,234.9,124.96,131.55,39.38,56.37,99.67,273.42
20260929,10:13:05,47848.15,42672.11,25941.57,16626.93,123.64,1883.34,397.04,461.04,546.01,106.11,162.8,192.46,91.48,138.12,271.9,121.04,189.97,290.97,3038.71,1625.29,464.37,74.47,231.96,943.61,371.79,236.69,280.68,443.52,209.28,101.32,3591.04,234.9,124.96,131.55,39.38,56.37,99.67,273.42
20260929,10:13:10,47846.98,42670.38,25942.99,16626.57,123.64,1883.34,397.04,461.04,546.1,106.11,162.8,192.45,91.49,138.12,271.9,120.92,189.97,290.97,3038.58,1625.3,464.21,74.47,232.06,943.57,371.79,236.69,280.5,443.52,209.28,101.32,3591.58,234.9,124.95,131.55,39.38,56.38,99.67,273.44
20260929,10:13:15,47805.38,42633.87,25930.23,16625.38,123.57,1883.34,396.95,461.04,546.18,106.1,162.8,192.45,91.49,138.12,271.9,120.94,189.97,290.97,3035.67,1622.91,464.21,74.48,232.07,943.58,371.79,236.69,280.81,443.51,209.28,101.32,3587.92,234.9,124.84,131.65,39.38,56.38,99.67,273.42
20260929,10:13:20,47799.01,42627.92,25929.98,16625.94,123.57,1883.34,396.95,461.04,546.39,106.1,162.81,192.48,91.49,138.12,271.9,120.94,189.95,290.97,3035.18,1622.88,464.35,74.48,232.07,942.83,371.47,236.69,280.51,443.51,209.29,101.32,3587.69,234.9,124.84,131.58,39.38,56.38,99.67,273.42
20260929,10:13:25,47807.06,42633.56,25937.29,16626.97,123.69,1883.34,396.95,461.07,546.39,106.1,162.81,192.48,91.49,138.12,271.78,120.93,189.95,290.97,3035.61,1622.9,464.41,74.49,232.07,943.3,371.47,236.68,280.82,443.51,209.24,101.32,3589.69,234.91,124.84,131.68,39.38,56.38,99.67,273.73
20260929,10:13:30,47808.14,42634.68,25933.88,16623.3,123.69,1883.34,396.41,461.07,546.45,106.1,162.81,192.48,91.49,138.12,271.9,120.94,189.95,290.97,3035.78,1623.05,464.39,74.47,232.07,943.33,371.49,236.68,280.81,443.51,209.24,101.32,3589.63,234.91,124.84,131.68,39.38,56.38,99.67,273.73
20260929,10:13:35,47811.21,42637.73,25933.39,16622.92,123.63,1883.34,396.41,461.0,546.37,106.1,162.8,192.45,91.49,138.12,271.9,120.94,189.95,290.95,3036.04,1623.03,464.41,74.47,231.95,944.04,371.42,236.66,280.82,443.52,209.26,101.32,3589.58,234.91,124.84,131.7,39.38,56.38,99.67,273.73
20260929,10:13:40,47819.16,42643.49,25942.78,16627.08,123.63,1883.34,396.95,461.0,546.37,106.1,162.81,192.47,91.49,138.12,271.9,120.94,189.95,290.95,3036.4,1623.21,464.4,74.47,231.96,944.27,371.35,236.66,280.92,443.52,209.26,101.32,3591.38,234.91,124.84,131.7,39.38,56.4,99.67,273.74
20260929,10:13:45,47819.81,42643.86,25942.85,16626.27,123.5,1883.34,397.04,461.0,546.37,106.1,162.8,192.47,91.48,138.13,271.9,120.94,189.95,290.95,3036.45,1623.21,464.29,74.51,232.07,944.31,371.39,236.66,280.93,443.52,209.26,101.3,3591.62,234.91,124.84,131.67,39.38,56.4,99.67,273.42
20260929,10:13:50,47821.49,42645.46,25942.59,16625.82,123.5,1883.57,396.87,461.0,546.67,106.1,162.8,192.49,91.48,138.13,271.9,120.94,189.95,290.95,3036.59,1623.29,464.31,74.51,232.09,944.25,371.44,236.76,280.99,443.49,209.24,101.3,3591.66,234.91,124.82,131.67,39.38,56.4,99.67,273.42
20260929,10:13:55,47820.61,42644.55,25945.71,16629.25,123.5,1883.57,396.95,461.0,546.85,106.1,162.8,192.5,91.48,138.13,271.9,120.92,189.95,290.95,3036.44,1623.35,464.43,74.53,232.09,943.54,371.47,237.0,280.98,443.49,209.28,101.3,3591.71,234.91,125.07,131.67,39.38,56.4,99.67,273.42
20260929,10:14:00,47821.06,42647.23,25937.89,16627.77,123.5,1883.55,396.95,461.07,546.9,106.1,162.8,192.48,91.48,138.13,271.9,120.92,189.95,290.95,3036.69,1623.55,464.39,74.58,232.08,943.77,371.79,237.0,280.72,443.49,209.28,101.3,3589.66,234.91,124.84,131.69,39.38,56.4,99.67,273.48
20260929,10:14:05,47824.78,42651.09,25937.26,16627.82,123.5,1883.55,396.95,461.07,546.95,106.1,162.79,192.46,91.48,138.13,271.78,120.91,189.95,290.96,3037.0,1623.61,464.4,74.59,232.08,943.89,371.83,237.0,281.03,443.49,209.28,101.3,3589.46,234.91,124.84,131.69,39.38,56.4,99.67,273.48
20260929,10:14:10,47823.83,42650.43,25937.34,16628.8,123.5,1883.55,396.95,461.07,547.01,106.1,162.8,192.47,91.48,138.14,271.9,121.04,189.98,290.96,3036.92,1623.51,464.4,74.58,232.08,944.01,371.83,237.0,281.03,443.48,209.28,101.3,3589.22,234.91,124.84,131.66,39.38,56.4,99.67,273.48
20260929,10:14:15,47828.63,42655.2,25942.82,16635.43,123.5,1883.55,397.49,461.07,547.16,106.1,162.79,192.47,91.47,138.14,271.9,121.04,189.98,290.96,3037.15,1623.57,464.4,74.58,231.97,944.45,371.83,237.0,281.03,443.49,209.3,101.3,3589.13,234.91,125.07,131.68,39.38,56.4,99.67,273.48
20260929,10:14:20,47834.61,42661.42,25940.69,16634.3,123.5,1883.55,397.49,461.07,547.16,106.1,162.79,192.48,91.47,138.15,271.9,120.91,189.98,290.96,3037.67,1623.73,464.59,74.62,232.22,944.77,371.5,237.0,281.03,443.49,209.27,101.3,3588.77,234.91,125.07,131.68,39.38,56.4,99.67,273.48
20260929,10:14:25,47835.21,42661.77,25937.02,16629.29,123.5,1883.55,396.87,461.0,547.08,106.1,162.79,192.48,91.47,138.15,271.9,120.91,189.98,290.96,3037.82,1623.86,464.6,74.62,232.22,944.76,371.26,237.0,281.04,443.49,209.15,101.3,3588.98,234.91,125.19,131.67,39.38,56.4,99.67,273.48
20260929,10:14:30,47835.02,42661.33,25937.96,16629.52,123.5,1883.55,396.95,461.0,547.16,106.1,162.78,192.49,91.46,138.16,271.9,120.93,189.98,290.96,3037.78,1623.85,464.69,74.63,232.21,944.94,371.45,237.01,280.73,443.49,209.19,101.3,3589.21,234.91,125.07,131.67,39.38,56.4,99.67,273.48
20260929,10:14:35,47840.06,42666.71,25935.64,16628.4,123.5,1883.55,396.95,461.13,547.16,106.1,162.78,192.47,91.47,138.16,271.9,120.93,189.98,290.96,3038.24,1624.22,464.63,74.64,231.96,945.06,371.32,237.01,280.82,443.49,209.04,101.3,3588.79,234.91,125.07,131.67,39.38,56.4,99.67,273.53
20260929,10:14:40,47839.12,42665.79,25937.72,16630.8,123.56,1883.55,396.95,461.2,547.16,106.1,162.78,192.46,91.47,138.16,271.9,121.05,189.98,290.96,3038.11,1624.07,464.7,74.62,231.96,945.12,371.64,237.01,280.82,443.49,209.16,101.3,3588.79,234.91,125.07,131.77,39.38,56.4,99.67,273.53
20260929,10:14:45,47842.35,42669.19,25940.42,16634.75,123.56,1883.55,397.49,461.21,547.17,106.09,162.78,192.46,91.47,138.15,271.9,121.05,189.98,290.96,3038.29,1624.08,464.7,74.61,232.07,945.46,371.64,237.01,280.82,443.49,209.16,101.3,3588.56,234.88,125.07,131.77,39.38,56.4,99.67,273.52
20260929,10:14:50,47838.67,42665.71,25938.81,16633.25,123.56,1883.55,397.41,461.08,547.12,106.09,162.8,192.53,91.47,138.15,272.02,121.05,190.03,290.96,3038.05,1623.84,464.73,74.63,232.19,945.42,371.64,237.01,280.83,443.47,209.16,101.3,3588.47,234.88,124.95,131.8,39.38,56.4,99.67,273.52
20260929,10:14:55,47839.92,42664.07,25943.7,16629.31,123.56,1883.53,396.87,461.07,547.12,106.09,162.79,192.5,91.47,138.15,272.02,121.05,190.03,290.94,3038.01,1623.84,464.65,74.63,232.19,945.42,371.64,237.01,280.83,443.46,209.16,101.3,3591.07,234.88,124.95,131.8,39.38,56.42,99.67,273.52
20260929,10:15:00,47840.78,42664.74,25947.99,16633.68,123.56,1883.3,397.41,461.07,547.2,106.09,162.79,192.5,91.47,138.15,272.02,121.04,190.07,290.94,3037.96,1623.94,464.64,74.62,232.19,945.05,371.58,237.01,280.82,443.46,209.19,101.3,3591.22,234.88,124.95,131.8,39.38,56.42,99.67,273.53
20260929,10:15:05,47841.47,42665.18,25949.19,16634.29,123.69,1883.3,397.41,461.07,547.28,106.09,162.78,192.47,91.47,138.15,272.02,121.03,190.07,290.94,3037.98,1623.95,464.66,74.62,232.08,944.69,371.58,237.01,281.18,443.46,209.19,101.3,3591.43,234.88,124.95,131.82,39.38,56.42,99.67,273.53
20260929,10:15:10,47837.14,42661.1,25947.8,16633.14,123.63,1883.3,397.41,461.07,547.28,106.09,162.78,192.46,91.47,138.14,272.02,120.91,190.07,290.94,3037.68,1623.93,464.65,74.62,231.96,944.56,371.56,237.01,280.87,443.47,209.18,101.3,3591.31,234.88,124.95,131.81,39.38,56.42,99.67,273.53
20260929,10:15:15,47829.77,42653.8,25947.61,16632.55,123.63,1883.3,397.41,460.57,547.28,106.09,162.77,192.45,91.46,138.14,272.02,120.91,190.07,290.96,3037.1,1623.8,464.71,74.59,231.96,943.58,371.56,237.01,280.87,443.46,209.18,101.3,3591.4,234.88,124.95,131.82,39.38,56.42,99.67,273.53
20260929,10:15:20,47834.68,42659.46,25944.16,16631.48,123.69,1883.3,397.42,460.57,547.26,106.09,162.78,192.44,91.47,138.14,272.02,120.91,190.07,290.96,3037.58,1624.09,464.71,74.61,231.96,943.39,371.56,237.01,281.18,443.46,209.17,101.3,3590.62,234.88,124.84,131.81,39.37,56.42,99.67,273.48
20260929,10:15:25,47829.75,42654.04,25946.68,16632.35,123.56,1883.3,397.67,460.57,547.26,106.09,162.78,192.45,91.47,137.93,272.16,120.91,190.07,290.96,3037.13,1623.91,464.54,74.6,231.71,943.27,371.52,237.01,281.19,443.41,209.13,101.3,3591.17,234.91,124.84,131.81,39.37,56.42,99.67,273.48
20260929,10:15:30,47832.03,42656.18,25943.65,16628.57,123.69,1883.3,397.05,460.57,547.21,106.17,162.78,192.45,91.47,138.14,272.16,120.93,190.07,290.96,3037.39,1623.97,464.56,74.6,232.21,943.26,371.52,237.01,281.18,443.36,209.14,101.3,3591.25,234.91,124.84,131.81,39.37,56.42,99.67,273.48
20260929,10:15:35,47831.7,42650.87,25961.45,16632.34,123.5,1883.3,397.5,460.57,547.2,106.17,162.78,192.45,91.47,138.13,272.16,120.94,190.07,290.96,3036.87,1623.8,464.56,74.61,231.7,943.04,371.52,237.01,281.14,443.36,209.13,101.3,3595.79,234.91,124.95,131.81,39.37,56.42,99.67,273.48
20260929,10:15:40,47832.98,42651.74,25961.85,16631.54,123.5,1883.3,397.5,460.57,547.2,106.17,162.78,192.45,91.47,138.13,272.16,120.92,190.07,290.96,3036.96,1623.89,464.57,74.59,231.7,943.05,371.52,237.01,281.11,443.41,209.14,101.3,3596.13,234.91,124.84,131.81,39.36,56.42,99.67,273.49
20260929,10:15:45,47825.55,42644.57,25962.21,16632.18,123.63,1883.3,397.59,460.57,547.2,106.17,162.77,192.44,91.46,138.13,272.16,120.92,190.07,290.96,3036.37,1623.76,464.37,74.59,231.7,942.68,371.5,237.01,280.79,443.4,209.11,101.3,3596.07,234.91,124.84,131.82,39.36,56.42,99.67,273.5
20260929,10:15:50,47831.0,42649.5,25962.54,16631.31,123.5,1883.3,397.05,460.57,547.2,106.16,162.78,192.47,91.46,138.13,272.16,121.04,190.07,290.96,3036.79,1623.83,464.48,74.59,232.2,942.48,371.51,237.01,281.1,443.4,209.29,101.3,3596.41,234.91,124.95,131.82,39.36,56.42,99.67,273.5
20260929,10:15:55,47833.17,42650.57,25969.62,16635.94,123.5,1884.72,397.59,460.82,547.15,106.16,162.78,192.48,91.46,138.13,272.02,121.04,190.07,290.96,3036.76,1623.71,464.79,74.6,232.2,942.49,371.51,237.01,281.09,443.43,209.29,101.3,3597.36,234.91,124.95,131.82,39.36,56.42,99.67,273.5
20260929,10:16:00,47833.51,42651.19,25967.76,16634.77,123.56,1883.3,397.5,460.82,547.15,106.16,162.77,192.42,91.46,138.13,272.02,121.04,190.07,290.96,3036.84,1623.79,464.69,74.58,232.2,942.53,371.51,237.01,281.09,443.41,209.3,101.3,3597.1,234.91,124.95,131.82,39.36,56.42,99.67,273.48
20260929,10:16:05,47825.86,42646.69,25959.52,16635.18,123.56,1883.3,397.5,460.82,547.15,106.16,162.78,192.42,91.48,138.13,272.02,121.05,190.21,290.96,3036.47,1623.64,464.56,74.59,232.19,942.67,371.26,237.01,280.79,443.41,209.31,101.3,3594.42,234.91,124.95,131.82,39.35,56.42,99.67,273.48
20260929,10:16:10,47827.16,42647.96,25958.91,16634.46,123.5,1883.3,397.5,460.82,547.15,106.16,162.79,192.43,91.48,138.13,272.02,121.05,190.21,290.96,3036.59,1623.77,464.56,74.59,231.94,942.79,371.28,237.01,280.79,443.37,209.25,101.3,3594.42,234.91,124.95,131.82,39.35,56.42,99.67,273.48
20260929,10:16:15,47826.28,42645.15,25964.35,16634.23,123.5,1883.25,397.5,460.82,547.15,106.16,162.78,192.41,91.48,138.13,272.02,121.05,190.21,290.96,3036.37,1623.72,464.53,74.58,231.94,942.46,371.28,237.01,280.79,443.37,209.24,101.3,3596.18,234.91,124.95,131.82,39.35,56.42,99.67,273.46
20260929,10:16:20,47828.16,42646.42,25965.15,16633.27,123.5,1883.25,397.49,460.82,546.77,106.16,162.78,192.41,91.48,138.13,272.02,121.06,190.21,290.96,3036.49,1623.71,464.86,74.58,231.94,942.45,371.21,237.01,280.79,443.37,209.28,101.3,3596.69,234.91,124.95,131.82,39.35,56.42,99.67,273.46
20260929,10:16:25,47831.68,42649.78,25965.09,16632.95,123.5,1883.25,397.49,460.9,546.69,106.08,162.79,192.43,91.48,138.13,272.02,121.06,190.21,290.96,3036.77,1623.85,464.87,74.59,231.94,942.64,371.22,237.01,280.79,443.37,209.28,101.3,3596.76,234.91,124.95,131.82,39.35,56.42,99.67,273.46
20260929,10:16:30,47837.8,42655.21,25967.48,16633.89,123.5,1883.48,397.49,460.9,546.69,106.08,162.79,192.43,91.48,137.91,272.02,121.07,190.21,290.96,3037.18,1623.91,464.92,74.59,231.94,943.39,371.22,237.01,280.79,443.38,209.31,101.3,3597.25,234.91,124.95,131.82,39.35,56.41,99.67,273.76
20260929,10:16:35,47842.73,42659.54,25969.76,16634.95,123.56,1883.48,397.5,460.93,546.69,106.09,162.81,192.51,91.48,137.91,272.02,121.07,190.21,290.96,3037.51,1624.15,464.95,74.59,232.06,943.39,371.22,237.01,280.69,443.38,209.28,101.3,3597.68,234.91,125.07,131.82,39.35,56.39,99.66,273.76
20260929,10:16:40,47843.56,42661.12,25968.03,16635.55,123.63,1884.9,397.5,460.93,546.69,106.16,162.81,192.51,91.48,137.91,272.2,120.95,190.21,290.97,3037.62,1624.13,464.94,74.6,232.06,943.57,371.54,237.01,280.79,443.38,209.31,101.3,3596.97,234.91,125.07,131.82,39.35,56.39,99.66,273.76
20260929,10:16:45,47833.23,42652.85,25963.82,16636.72,123.63,1884.9,397.58,460.93,546.7,106.16,162.81,192.51,91.48,137.91,272.2,120.95,190.21,290.97,3036.93,1623.93,464.94,74.58,232.06,942.59,371.29,237.01,280.79,443.37,209.35,101.3,3595.34,234.91,125.19,131.82,39.35,56.39,99.66,273.5
20260929,10:16:50,47832.9,42649.94,25971.82,16637.26,123.63,1884.9,397.58,460.85,546.7,106.16,162.81,192.51,91.48,137.91,272.2,121.07,190.21,290.97,3036.68,1623.81,464.89,74.6,232.06,942.63,371.55,237.01,280.59,443.36,209.33,101.3,3597.69,234.91,125.19,131.82,39.35,56.39,99.66,273.48
20260929,10:16:55,47835.81,42651.92,25972.98,16635.69,123.5,1883.48,397.58,460.84,546.7,106.16,162.81,192.5,91.48,137.92,272.2,121.07,190.21,290.97,3036.88,1624.0,464.87,74.59,231.95,942.64,371.55,236.77,280.59,443.36,209.26,101.3,3598.48,234.91,125.19,131.8,39.35,56.41,99.66,273.48
20260929,10:17:00,47838.13,42654.44,25972.65,16636.2,123.5,1883.48,397.58,460.84,546.7,106.16,162.8,192.48,91.48,137.92,272.2,121.06,190.21,290.97,3037.07,1623.96,464.88,74.57,232.07,942.64,371.55,236.77,281.0,443.36,209.33,101.3,3598.24,234.91,125.19,131.8,39.35,56.41,99.66,273.48
20260929,10:17:05,47835.89,42650.6,25975.61,16634.08,123.5,1883.48,397.67,460.84,546.7,106.16,162.8,192.47,91.48,137.92,272.2,120.92,190.21,290.97,3036.81,1623.79,464.54,74.58,232.06,943.38,371.57,236.77,280.6,443.4,209.33,101.3,3599.74,234.91,124.95,131.8,39.36,56.41,99.66,273.48
20260929,10:17:10,47825.63,42641.14,25973.71,16633.7,123.56,1883.48,397.67,460.84,546.65,106.16,162.8,192.47,91.48,137.91,272.2,120.92,190.21,290.97,3036.06,1623.53,464.58,74.58,231.94,942.52,371.57,236.77,280.56,443.39,209.29,101.3,3599.25,234.91,124.95,131.8,39.36,56.41,99.66,273.48
20260929,10:17:15,47818.53,42633.7,25974.24,16632.54,123.56,1883.48,397.59,460.84,546.51,106.16,162.8,192.47,91.48,137.91,272.2,120.94,190.21,290.97,3035.48,1623.23,464.47,74.54,231.94,942.27,371.55,236.77,280.56,443.39,209.29,101.3,3599.73,234.91,124.95,131.72,39.36,56.41,99.66,273.48
20260929,10:17:20,47820.66,42636.02,25969.91,16628.35,123.5,1883.48,397.04,460.84,546.51,106.16,162.8,192.47,91.48,137.91,272.2,120.94,190.21,290.99,3035.77,1623.49,464.37,74.54,231.94,942.28,371.28,236.77,280.57,443.38,209.29,101.3,3599.51,234.87,124.95,131.72,39.36,56.41,99.66,273.49
20260929,10:17:25,47816.68,42631.77,25970.25,16627.53,123.5,1883.48,397.04,460.84,546.37,106.16,162.8,192.47,91.48,137.91,272.2,120.94,190.21,290.99,3035.45,1623.23,464.37,74.53,231.94,942.23,371.28,236.77,280.66,443.32,209.26,101.3,3599.84,234.85,124.95,131.72,39.36,56.41,99.66,273.49
20260929,10:17:30,47776.29,42592.81,25969.57,16628.07,123.56,1883.48,396.87,460.84,546.37,106.16,162.79,192.46,91.48,137.91,272.2,121.06,190.21,290.99,3032.3,1620.81,464.4,74.54,231.94,942.23,371.56,236.77,280.57,443.32,209.26,101.3,3599.48,234.85,124.95,131.72,39.36,56.42,99.66,273.79
20260929,10:17:35,47776.86,42593.37,25968.7,16627.06,123.56,1883.48,396.86,460.84,546.37,106.16,162.78,192.46,91.47,137.91,272.2,121.06,190.25,290.99,3032.37,1620.66,464.4,74.53,231.94,942.79,371.24,236.77,280.68,443.38,209.26,101.3,3599.48,234.85,124.84,131.72,39.36,56.42,99.66,273.79
20260929,10:17:40,47779.96,42595.9,25972.84,16630.2,123.5,1883.48,397.41,460.84,546.37,106.16,162.78,192.46,91.47,137.91,272.2,120.95,190.25,290.99,3032.49,1620.8,464.4,74.54,231.94,942.62,371.18,236.77,280.69,443.42,209.26,101.3,3599.92,234.85,124.84,131.72,39.36,56.42,99.66,273.79
20260929,10:17:45,47817.02,42632.29,25968.46,16626.1,123.5,1883.48,396.86,460.84,546.28,106.16,162.78,192.46,91.47,137.91,272.2,120.95,190.25,290.99,3035.52,1623.12,464.37,74.52,231.94,942.67,371.49,236.77,280.69,443.36,209.38,101.3,3599.67,234.85,124.84,131.72,39.36,56.4,99.66,273.54
20260929,10:17:50,47816.38,42631.67,25972.15,16630.34,123.5,1883.48,397.41,460.58,546.28,106.16,162.77,192.41,91.47,138.12,272.2,120.95,190.25,290.99,3035.37,1623.15,464.26,74.51,231.94,942.38,371.49,236.77,280.68,443.37,209.41,101.3,3599.67,234.9,124.84,131.72,39.36,56.4,99.66,273.54
20260929,10:17:55,47809.0,42626.57,25968.1,16632.68,123.63,1883.48,397.41,460.6,546.28,106.16,162.96,192.41,91.62,138.13,272.2,120.95,190.25,290.99,3034.91,1623.03,464.27,74.52,231.94,941.67,371.49,236.77,280.64,443.38,209.41,101.3,3597.77,234.9,124.84,131.72,39.35,56.38,99.66,273.54
20260929,10:18:00,47811.2,42628.66,25969.0,16633.52,123.63,1883.48,397.41,460.6,546.28,106.16,162.97,192.41,91.63,138.12,272.2,120.95,190.25,290.99,3035.05,1623.15,464.27,74.53,231.94,941.67,371.49,236.77,280.63,443.37,209.41,101.3,3597.82,234.88,124.95,131.72,39.35,56.39,99.57,273.52
20260929,10:18:05,47811.63,42629.16,25968.72,16633.51,123.69,1883.48,397.42,460.6,546.24,106.16,162.97,192.41,91.63,138.13,272.2,121.06,190.11,290.99,3035.09,1623.39,464.19,74.54,231.94,941.08,371.49,236.77,280.63,443.37,209.44,101.3,3597.74,234.88,124.84,131.72,39.35,56.39,99.57,273.52
20260929,10:18:10,47811.17,42628.71,25967.66,16632.26,123.63,1883.48,397.42,460.6,546.32,106.16,162.98,192.46,91.63,138.13,272.2,120.96,190.11,290.99,3035.09,1623.41,464.19,74.54,231.94,941.05,371.38,236.77,280.63,443.46,209.44,101.3,3597.75,234.86,124.72,131.72,39.35,56.39,99.57,273.52
20260929,10:18:15,47812.74,42630.23,25967.25,16631.78,123.63,1883.25,397.42,460.6,546.24,106.16,162.97,192.42,91.63,138.13,272.2,120.97,190.11,290.99,3035.22,1623.32,464.21,74.53,231.94,941.65,371.07,236.77,280.64,443.46,209.44,101.3,3597.75,234.79,124.72,131.72,39.35,56.39,99.57,273.52
20260929,10:18:20,47810.36,42627.9,25967.1,16631.54,123.5,1884.67,397.42,460.6,546.24,106.16,162.97,192.42,91.63,138.13,272.2,120.97,190.11,290.99,3035.04,1623.15,464.18,74.54,231.94,941.76,371.0,236.77,280.64,443.44,209.44,101.3,3597.77,234.47,124.72,131.72,39.35,56.39,99.57,273.56
20260929,10:18:25,47815.3,42630.16,25974.68,16631.72,123.63,1884.67,397.34,460.6,546.24,106.16,162.97,192.42,91.63,138.13,272.2,121.1,190.11,290.99,3035.22,1623.06,464.19,74.53,231.94,942.48,370.98,236.77,280.64,443.44,209.4,101.3,3600.09,234.47,124.72,131.72,39.35,56.39,99.57,273.53
20260929,10:18:30,47812.04,42627.83,25968.3,16627.23,123.63,1883.25,396.8,460.6,546.27,106.16,162.97,192.41,91.63,138.13,272.08,121.1,190.11,290.99,3035.14,1623.13,464.18,74.54,231.94,942.05,370.98,236.75,280.63,443.42,209.4,101.3,3599.31,234.47,124.72,131.72,39.36,56.39,99.57,273.54
20260929,10:18:35,47806.35,42622.53,25969.37,16629.27,123.63,1883.25,397.34,460.6,546.42,106.18,162.97,192.41,91.63,138.13,272.08,120.97,190.08,290.99,3034.66,1623.02,464.16,74.55,231.94,941.31,370.98,236.75,280.63,443.41,209.25,101.3,3599.1,234.47,124.72,131.72,39.37,56.37,99.57,273.54
20260929,10:18:40,47808.04,42624.18,25966.29,16625.72,123.63,1883.25,396.8,460.85,546.42,106.18,162.98,192.39,91.64,138.13,272.08,120.97,190.08,290.99,3034.88,1623.16,464.16,74.54,231.94,941.39,371.05,236.75,280.62,443.41,209.25,101.3,3599.1,234.47,124.72,131.72,39.37,56.37,99.57,273.54
20260929,10:18:45,47812.24,42628.03,25971.24,16630.61,123.63,1883.62,397.43,460.85,546.42,106.17,162.99,192.43,91.64,138.13,272.08,120.97,190.08,290.99,3035.07,1623.17,464.01,74.54,231.94,942.09,371.03,236.75,280.53,443.41,209.21,101.3,3599.31,234.79,124.72,131.72,39.37,56.34,99.57,273.55
20260929,10:18:50,47822.43,42636.85,25973.72,16629.76,123.5,1885.04,397.34,460.6,546.22,106.17,162.99,192.42,91.64,138.13,272.08,120.97,190.08,290.99,3035.8,1623.35,464.03,74.54,231.94,942.85,371.03,236.75,280.85,443.41,209.24,101.3,3600.32,234.79,124.72,131.72,39.37,56.37,99.57,273.58
20260929,10:18:55,47815.9,42630.91,25968.92,16625.64,123.5,1885.26,396.79,460.52,546.22,106.17,162.98,192.4,91.64,138.13,272.08,120.97,190.08,291.0,3035.42,1623.17,464.13,74.55,231.94,942.35,371.03,236.75,280.86,443.41,209.22,101.3,3599.94,234.79,124.72,131.76,39.37,56.37,99.57,273.59
20260929,10:19:00,47820.72,42636.25,25967.04,16625.65,123.5,1885.26,396.8,460.52,546.22,106.17,162.98,192.4,91.64,137.91,272.08,120.97,190.08,291.0,3035.85,1623.23,464.15,74.55,231.94,943.04,371.01,236.75,280.96,443.36,209.26,101.3,3599.35,234.79,124.72,131.76,39.37,56.37,99.57,273.59
20260929,10:19:05,47819.57,42634.82,25969.21,16627.07,123.63,1885.26,396.8,460.52,546.22,106.17,162.98,192.4,91.64,137.91,272.08,120.97,190.08,291.0,3035.7,1623.22,464.04,74.55,231.94,943.24,371.01,236.8,280.65,443.36,209.38,101.3,3599.64,234.79,124.72,131.76,39.37,56.36,99.57,273.57
20260929,10:19:10,47818.56,42633.98,25969.55,16627.98,123.69,1885.38,396.8,460.52,546.3,106.17,163.0,192.42,91.66,137.91,272.08,120.97,190.11,291.02,3035.62,1623.28,463.99,74.55,231.94,942.89,371.01,236.8,280.65,443.41,209.38,101.3,3599.5,234.78,124.72,131.76,39.37,56.36,99.57,273.57
20260929,10:19:15,47815.7,42631.2,25969.54,16627.97,123.5,1885.38,396.88,460.52,546.29,106.17,163.0,192.42,91.66,137.91,272.08,120.98,190.11,291.03,3035.39,1623.21,463.85,74.54,231.93,942.4,370.63,236.8,280.96,443.41,209.38,101.3,3599.5,234.78,124.72,131.76,39.38,56.36,99.57,273.57
20260929,10:19:20,47849.32,42662.85,25969.08,16623.75,123.63,1885.38,396.34,460.52,546.39,106.17,163.0,192.43,91.65,137.91,272.08,120.97,190.11,291.03,3038.04,1625.59,463.86,74.55,231.94,941.67,371.19,236.8,280.65,443.4,209.36,101.3,3600.5,234.78,124.6,131.77,39.38,56.38,99.57,273.57
20260929,10:19:25,47849.46,42663.63,25968.55,16625.28,123.5,1885.38,396.34,460.52,546.39,106.17,163.0,192.43,91.65,137.91,272.08,120.97,190.06,291.01,3038.07,1625.64,463.86,74.55,231.94,941.62,370.88,236.8,280.65,443.41,209.38,101.3,3599.92,234.78,124.84,131.77,39.37,56.38,99.57,273.55
20260929,10:19:30,47817.16,42632.41,25967.23,16624.61,123.63,1883.96,396.34,460.52,546.39,106.17,163.0,192.43,91.65,137.91,272.08,120.95,190.04,291.01,3035.57,1623.23,463.86,74.55,232.04,942.6,370.88,236.8,280.96,443.41,209.44,101.3,3599.69,234.78,124.72,131.77,39.37,56.38,99.57,273.56
20260929,10:19:35,47864.61,42678.6,25967.64,16624.93,123.5,1883.96,396.25,460.77,546.39,106.17,163.0,192.43,91.65,137.91,272.08,121.12,190.04,291.01,3039.28,1625.75,463.94,74.54,232.05,943.57,370.89,236.8,280.96,443.41,209.44,101.3,3599.73,234.78,124.72,131.77,39.37,56.39,99.57,273.54
20260929,10:19:40,47859.4,42674.32,25963.46,16622.83,123.5,1883.96,396.25,460.77,546.27,106.17,163.01,192.44,91.65,137.91,272.08,120.99,190.04,291.01,3038.99,1625.64,463.96,74.54,232.05,943.56,370.87,236.82,280.69,443.36,209.44,101.3,3599.0,234.78,124.6,131.77,39.37,56.39,99.57,273.54
20260929,10:19:45,47856.88,42671.84,25967.79,16627.72,123.5,1883.96,396.8,460.77,546.27,106.17,163.01,192.41,91.66,137.91,272.08,120.99,190.04,291.0,3038.67,1625.65,463.86,74.52,232.05,942.89,370.87,236.82,280.69,443.33,209.44,101.3,3599.02,234.78,124.72,131.77,39.37,56.39,99.57,273.54
20260929,10:19:50,47821.73,42637.6,25969.37,16629.54,123.63,1883.96,396.88,460.77,546.27,106.17,163.01,192.39,91.66,137.91,272.08,120.97,190.04,291.0,3035.87,1623.35,463.81,74.52,232.17,942.88,370.89,236.82,281.0,443.33,209.44,101.3,3599.02,234.79,124.84,131.77,39.37,56.39,99.57,273.57
20260929,10:19:55,47826.83,42641.98,25969.95,16628.24,123.63,1883.96,396.88,460.77,546.27,106.16,163.01,192.43,91.66,137.91,272.08,120.97,190.04,290.55,3036.25,1623.37,463.88,74.52,232.17,943.64,370.87,236.82,281.0,443.33,209.41,101.3,3599.55,234.79,124.84,131.77,39.37,56.39,99.57,273.58
20260929,10:20:00,47859.92,42674.46,25967.91,16626.68,123.69,1883.96,396.32,460.77,546.27,106.16,163.06,192.43,91.7,137.91,272.08,121.1,190.04,290.55,3038.91,1625.71,464.0,74.52,232.18,943.13,370.87,236.82,280.6,443.37,209.41,101.3,3599.34,234.79,124.95,131.77,39.37,56.39,99.57,273.58
20260929,10:20:05,47827.78,42643.36,25969.03,16628.7,123.69,1883.96,396.32,460.77,546.27,106.16,163.07,192.47,91.7,137.91,272.08,121.11,190.04,290.51,3036.35,1623.33,463.93,74.54,232.17,944.03,370.88,236.82,280.91,443.38,209.41,101.3,3599.14,234.83,125.19,131.67,39.37,56.41,99.57,273.62
20260929,10:20:10,47821.23,42636.56,25970.36,16628.86,123.69,1883.96,396.32,460.77,546.31,106.16,163.08,192.48,91.7,137.91,272.08,121.1,190.04,290.51,3035.8,1623.32,463.93,74.55,232.05,943.26,370.63,236.82,280.6,443.36,209.41,101.3,3599.52,234.83,125.2,131.67,39.37,56.41,99.57,273.62
20260929,10:20:15,47820.17,42635.63,25969.09,16627.7,123.62,1883.96,396.33,460.77,546.3,106.16,163.07,192.45,91.7,137.91,272.08,120.98,190.04,290.51,3035.75,1623.41,463.85,74.54,231.89,943.13,370.62,236.82,280.62,443.35,209.41,101.3,3599.43,234.83,125.2,131.67,39.37,56.39,99.57,273.62
20260929,10:20:20,47819.56,42635.69,25967.31,16627.86,123.56,1883.96,396.33,460.77,546.32,106.09,163.08,192.48,91.7,137.91,272.08,121.1,190.04,290.51,3035.76,1623.4,463.85,74.53,231.78,943.16,370.62,236.82,280.71,443.31,209.38,101.3,3598.83,234.83,125.2,131.67,39.37,56.39,99.57,273.64
20260929,10:20:25,47820.02,42636.03,25967.74,16628.01,123.56,1883.96,396.25,460.77,546.53,106.09,163.08,192.5,91.7,137.91,272.08,121.11,190.04,290.51,3035.78,1623.24,463.87,74.53,231.78,943.28,370.62,236.82,281.02,443.28,209.38,101.3,3598.93,234.83,125.2,131.67,39.37,56.39,99.57,273.64
20260929,10:20:30,47825.7,42641.59,25970.37,16631.1,123.56,1883.96,396.72,460.77,546.53,106.09,163.08,192.5,91.7,137.91,272.08,121.11,190.06,290.51,3036.15,1623.13,463.88,74.52,231.79,944.53,370.62,236.82,280.99,443.28,209.35,101.3,3598.91,234.83,125.2,131.67,39.37,56.39,99.57,273.64
20260929,10:20:35,47828.01,42643.22,25972.74,16631.77,123.69,1883.96,396.89,460.77,546.39,106.16,163.08,192.49,91.7,137.91,272.08,120.99,190.06,290.51,3036.27,1623.22,463.86,74.52,231.79,944.56,370.62,236.82,280.98,443.31,209.35,101.3,3599.47,234.83,125.2,131.67,39.37,56.39,99.57,273.64
20260929,10:20:40,47825.9,42644.12,25965.31,16633.09,123.69,1883.96,396.89,460.77,546.42,106.16,163.08,192.48,91.7,137.91,272.08,120.99,190.06,290.51,3036.31,1623.22,463.84,74.53,231.79,944.61,370.91,236.82,280.97,443.36,209.38,101.3,3596.79,234.83,125.2,131.67,39.37,56.39,99.57,273.95
20260929,10:20:45,47829.12,42644.64,25972.54,16632.66,123.5,1883.96,396.89,460.77,546.44,106.16,163.08,192.5,91.7,137.91,272.08,120.99,190.06,290.51,3036.36,1623.23,463.84,74.53,231.79,944.72,370.91,236.82,280.97,443.36,209.38,101.3,3599.16,234.83,125.2,131.67,39.37,56.39,99.57,273.95
20260929,10:20:50,47831.67,42646.66,25973.31,16631.99,123.5,1883.96,396.8,460.77,546.44,106.16,163.08,192.49,91.7,137.93,272.08,121.01,190.06,290.51,3036.54,1623.29,463.86,74.53,231.91,944.72,370.91,236.82,281.06,443.36,209.37,101.3,3599.59,234.83,125.2,131.65,39.37,56.39,99.57,273.95
20260929,10:20:55,47832.42,42646.7,25975.56,16632.26,123.5,1883.96,396.8,460.77,546.44,106.16,163.09,192.52,91.71,137.93,272.08,121.01,190.06,290.53,3036.54,1623.28,463.83,74.54,231.91,944.75,370.91,236.82,281.07,443.36,209.37,101.3,3600.22,234.83,125.2,131.65,39.37,56.39,99.57,273.95
20260929,10:21:00,47829.56,42645.05,25972.72,16632.81,123.5,1883.96,396.89,460.77,546.44,106.18,163.08,192.48,91.71,137.93,272.08,121.01,190.06,290.53,3036.39,1623.22,463.84,74.53,231.79,944.7,370.93,236.82,281.07,443.36,209.37,101.27,3599.18,234.83,125.2,131.67,39.37,56.39,99.57,273.93
20260929,10:21:05,47834.17,42649.48,25971.27,16630.92,123.5,1883.96,396.73,460.77,546.44,106.18,163.06,192.48,91.69,137.93,272.08,121.01,190.06,290.53,3036.79,1623.3,463.74,74.54,231.79,945.48,370.93,236.82,281.07,443.36,209.4,101.27,3599.24,234.83,125.08,131.67,39.36,56.39,99.66,273.96
20260929,10:21:10,47826.98,42642.69,25972.21,16632.76,123.62,1885.38,396.72,460.77,546.44,106.18,163.06,192.48,91.69,137.93,272.08,121.14,190.06,290.54,3036.2,1623.15,463.7,74.54,231.79,944.65,370.6,236.82,281.07,443.36,209.4,101.27,3599.03,234.83,125.08,131.67,39.36,56.41,99.66,273.96
20260929,10:21:15,47866.86,42681.1,25973.72,16632.97,123.69,1885.38,396.72,460.77,546.41,106.18,163.05,192.44,91.69,138.14,272.08,121.02,190.02,290.54,3039.29,1625.5,463.79,74.53,231.79,944.66,370.62,236.82,281.07,443.3,209.39,101.27,3599.45,234.78,125.2,131.67,39.36,56.41,99.66,273.98
20260929,10:21:20,47866.39,42680.24,25970.25,16627.65,123.69,1885.38,396.18,460.69,546.42,106.18,163.04,192.41,91.69,137.93,272.08,121.02,190.02,290.54,3039.35,1625.49,464.17,74.54,231.79,944.64,370.94,236.82,280.85,443.3,209.39,101.27,3599.81,234.78,125.08,131.67,39.36,56.41,99.66,273.98
20260929,10:21:25,47869.42,42683.2,25973.46,16631.34,123.69,1883.96,396.81,460.69,546.51,106.18,163.05,192.43,91.69,137.93,272.08,121.02,190.02,290.54,3039.5,1625.62,464.14,74.55,231.78,944.62,370.94,236.82,280.84,443.3,209.42,101.27,3599.81,234.78,124.96,131.67,39.36,56.41,99.66,273.98
20260929,10:21:30,47868.25,42682.43,25972.53,16631.53,123.69,1883.96,396.89,460.69,546.49,106.18,163.04,192.43,91.69,137.93,272.08,121.02,190.02,290.54,3039.43,1625.54,463.78,74.54,231.9,944.63,370.94,236.82,281.15,443.3,209.38,101.27,3599.47,234.78,124.96,131.67,39.36,56.41,99.66,273.98
20260929,10:21:35,47824.88,42640.85,25966.9,16627.29,123.56,1883.96,396.27,460.69,546.49,106.02,163.04,192.42,91.69,137.93,272.26,121.14,190.02,290.54,3036.19,1623.07,464.04,74.53,231.9,944.62,370.94,237.11,280.85,443.3,209.42,101.27,3598.86,234.78,124.96,131.67,39.36,56.41,99.66,273.98
20260929,10:21:40,47823.34,42638.51,25969.12,16627.03,123.56,1883.96,396.18,460.69,546.49,106.02,163.04,192.44,91.68,137.93,272.26,121.02,190.02,290.57,3036.0,1623.07,464.09,74.55,231.9,944.12,370.93,237.13,280.85,443.32,209.43,101.27,3599.63,234.78,125.08,131.67,39.36,56.41,99.66,273.98
20260929,10:21:45,47820.37,42638.63,25960.35,16627.05,123.5,1883.96,396.18,460.69,546.48,106.02,163.05,192.43,91.69,137.93,272.26,121.02,190.02,290.57,3036.01,1622.91,464.09,74.55,232.01,944.16,370.68,237.13,281.16,443.46,209.43,101.27,3596.88,234.78,125.08,131.67,39.36,56.41,99.66,273.97
20260929,10:21:50,47820.48,42636.49,25965.04,16624.92,123.5,1883.96,396.18,460.69,546.34,106.01,163.05,192.43,91.69,137.92,272.29,121.01,190.02,290.57,3035.89,1622.92,464.16,74.53,232.02,944.2,370.68,237.13,280.85,443.47,209.45,101.27,3598.92,234.78,124.85,131.67,39.36,56.41,99.66,273.96
20260929,10:21:55,47825.88,42638.5,25973.15,16623.36,123.62,1883.96,395.73,460.69,546.47,106.01,163.06,192.46,91.69,138.13,272.29,121.12,190.02,290.57,3036.09,1623.04,464.18,74.53,232.01,944.23,370.68,237.13,280.9,443.45,209.45,101.27,3601.88,234.78,124.85,131.68,39.36,56.39,99.66,273.96
20260929,10:22:00,47828.31,42640.82,25972.52,16622.48,123.69,1883.96,395.64,460.69,546.48,106.09,163.06,192.46,91.69,137.93,272.29,121.12,190.02,290.57,3036.3,1623.05,464.19,74.53,232.02,944.23,371.0,237.13,281.21,443.45,209.42,101.26,3601.92,234.78,124.85,131.68,39.36,56.38,99.66,273.97
20260929,10:22:05,47823.91,42638.17,25967.23,16621.85,123.62,1883.96,395.64,460.69,546.48,106.01,163.05,192.44,91.69,138.14,272.29,121.0,190.02,290.57,3036.1,1623.03,464.05,74.53,231.88,944.09,371.0,237.13,281.21,443.45,209.43,101.29,3600.44,234.78,124.85,131.68,39.36,56.4,99.66,274.0
20260929,10:22:10,47816.13,42630.64,25968.95,16624.03,123.62,1883.96,395.63,460.69,546.51,106.09,163.05,192.45,91.69,138.14,272.29,121.0,190.02,290.58,3035.44,1622.82,463.8,74.53,231.77,943.95,370.99,237.13,280.9,443.45,209.43,101.29,3600.39,234.78,125.08,131.68,39.36,56.39,99.66,274.0
20260929,10:22:15,47816.63,42629.56,25972.83,16623.23,123.62,1883.96,395.63,460.61,546.36,106.09,163.05,192.43,91.69,138.13,272.29,121.12,190.02,290.58,3035.37,1622.78,463.88,74.53,231.78,943.87,370.67,237.13,280.88,443.45,209.43,101.29,3601.82,234.78,125.08,131.66,39.36,56.39,99.66,273.69
20260929,10:22:20,47813.28,42627.51,25968.84,16622.73,123.62,1883.96,395.63,460.61,546.19,106.09,163.06,192.42,91.7,138.13,272.18,121.1,190.02,290.58,3035.22,1622.68,463.87,74.53,231.78,943.84,370.67,237.13,280.88,443.45,209.43,101.29,3600.7,234.78,125.08,131.69,39.36,56.39,99.66,273.69
20260929,10:22:25,47814.11,42628.36,25968.85,16622.85,123.62,1883.96,395.63,460.61,546.2,106.08,163.06,192.45,91.7,138.13,272.18,121.1,190.06,290.58,3035.29,1622.74,463.9,74.52,231.9,943.7,370.67,236.88,280.89,443.45,209.45,101.29,3600.67,234.71,125.08,131.69,39.36,56.39,99.66,273.66
20260929,10:22:30,47818.49,42633.17,25966.43,16621.9,123.62,1883.96,395.63,460.61,546.2,106.08,163.07,192.45,91.7,138.13,272.18,120.98,190.06,290.58,3035.7,1622.64,464.06,74.51,231.9,944.43,370.67,236.88,281.18,443.46,209.43,101.29,3600.18,234.71,125.08,131.69,39.36,56.39,99.66,273.69
20260929,10:22:35,47811.24,42626.12,25963.37,16618.42,123.62,1883.96,395.08,460.61,546.42,106.08,163.05,192.4,91.7,138.13,272.18,120.98,190.03,290.58,3035.21,1622.54,464.02,74.52,231.78,943.71,370.68,236.88,281.18,443.46,209.42,101.29,3600.17,234.71,125.08,131.69,39.36,56.39,99.66,273.69
20260929,10:22:40,47810.17,42624.08,25966.31,16618.45,123.62,1883.96,395.07,460.61,546.42,106.08,163.05,192.39,91.7,138.13,272.36,120.98,190.03,290.59,3035.05,1622.52,464.05,74.52,231.78,943.66,371.25,236.88,280.87,443.49,209.42,101.29,3601.08,234.71,125.08,131.69,39.36,56.39,99.66,273.69
20260929,10:22:45,47813.51,42627.54,25965.42,16618.15,123.62,1883.96,395.08,460.61,546.31,106.08,163.05,192.39,91.7,138.13,272.36,120.98,190.03,290.59,3035.33,1622.67,464.04,74.52,231.77,943.54,371.1,236.88,281.18,443.5,209.42,101.29,3600.88,234.71,125.08,131.69,39.36,56.39,99.66,273.69
20260929,10:22:50,47807.3,42623.95,25957.25,16616.97,123.62,1883.73,395.08,460.61,546.28,106.08,163.05,192.38,91.7,138.12,272.36,120.98,190.03,290.59,3035.07,1622.42,464.05,74.52,231.77,943.66,371.1,237.12,281.18,443.5,209.42,101.29,3598.65,234.71,124.96,131.7,39.36,56.39,99.66,273.69
20260929,10:22:55,47809.53,42626.12,25960.77,16621.03,123.62,1885.15,395.62,460.61,546.28,106.08,163.03,192.4,91.68,138.12,272.36,121.1,190.03,290.56,3035.15,1622.53,464.05,74.53,231.77,943.56,370.78,237.12,281.18,443.45,209.42,101.29,3598.65,234.71,124.85,131.7,39.36,56.39,99.66,273.69
20260929,10:23:00,47804.79,42619.46,25962.8,16616.5,123.62,1885.15,395.0,460.61,546.29,106.08,163.03,192.41,91.68,138.12,272.36,121.1,190.03,290.55,3034.72,1622.37,463.99,74.51,231.77,943.12,370.8,237.12,281.18,443.46,209.42,101.29,3600.51,234.71,124.85,131.69,39.36,56.39,99.66,273.69
20260929,10:23:05,47802.88,42617.13,25964.76,16617.18,123.5,1884.93,395.01,460.61,546.28,106.08,163.01,192.38,91.67,138.13,272.36,120.99,190.03,290.55,3034.52,1622.37,463.88,74.52,231.77,943.12,370.81,237.12,280.88,443.46,209.44,101.29,3600.93,234.7,125.08,131.69,39.36,56.39,99.66,273.69
20260929,10:23:10,47806.95,42622.56,25960.41,16617.1,123.5,1884.9,395.01,460.61,546.28,106.08,163.0,192.38,91.66,138.13,272.36,120.99,190.03,290.55,3034.96,1622.51,463.89,74.51,231.77,943.35,370.81,237.12,281.19,443.45,209.44,101.29,3599.6,234.7,125.08,131.7,39.36,56.39,99.66,273.7
20260929,10:23:15,47807.07,42622.75,25959.56,16616.37,123.5,1883.48,395.0,460.61,546.27,106.08,163.0,192.38,91.66,138.13,272.36,120.99,190.03,290.55,3034.99,1622.53,463.89,74.52,231.77,943.34,370.8,237.12,281.19,443.45,209.44,101.29,3599.53,234.63,125.08,131.7,39.36,56.39,99.66,273.7
20260929,10:23:20,47804.01,42620.15,25958.84,16616.79,123.5,1883.48,395.08,460.61,546.41,106.08,163.0,192.38,91.66,138.13,272.36,120.99,190.03,290.55,3034.77,1622.37,463.88,74.52,231.77,943.33,370.78,237.12,281.19,443.45,209.47,101.29,3599.19,234.63,124.96,131.7,39.36,56.39,99.66,273.7
20260929,10:23:25,47842.52,42657.69,25960.01,16618.19,123.5,1884.9,395.17,460.61,546.41,106.08,163.0,192.39,91.66,138.13,272.36,120.99,190.07,290.55,3037.76,1624.68,463.87,74.51,231.77,943.28,371.1,237.12,281.19,443.45,209.48,101.29,3599.18,234.63,124.96,131.7,39.36,56.39,99.66,273.71
20260929,10:23:30,47807.76,42624.19,25959.2,16618.49,123.62,1884.9,395.17,460.61,546.41,106.08,162.99,192.35,91.66,138.13,272.54,120.99,190.07,290.55,3035.05,1622.55,463.99,74.47,231.77,943.33,371.22,237.1,281.19,443.49,209.48,101.29,3598.84,234.63,124.96,131.68,39.36,56.39,99.66,273.69
20260929,10:23:35,47806.57,42620.54,25965.62,16617.55,123.5,1884.9,395.09,460.61,546.41,106.08,162.99,192.35,91.66,138.13,272.54,120.99,190.07,290.55,3034.78,1622.39,463.98,74.48,231.77,943.24,370.91,237.1,281.19,443.49,209.49,101.29,3601.1,234.63,124.96,131.68,39.36,56.39,99.66,273.69
20260929,10:23:40,47807.92,42620.87,25968.41,16617.5,123.5,1884.9,395.17,460.62,546.34,106.08,162.98,192.34,91.66,138.13,272.54,120.99,190.07,290.55,3034.81,1622.4,463.87,74.48,231.77,943.35,371.22,237.1,281.19,443.47,209.46,101.29,3601.99,234.63,124.96,131.68,39.36,56.39,99.66,273.69
20260929,10:23:45,47849.42,42661.91,25966.34,16617.09,123.5,1884.9,395.17,460.62,546.34,106.08,162.97,192.34,91.64,138.13,272.54,120.99,190.07,290.55,3038.13,1624.98,463.87,74.51,231.77,943.24,371.03,237.1,281.19,443.47,209.43,101.29,3601.45,234.63,124.96,131.69,39.36,56.39,99.66,273.69
20260929,10:23:50,47805.61,42623.66,25954.14,16617.92,123.51,1884.9,395.17,460.62,546.34,106.08,162.97,192.33,91.64,138.13,272.54,120.99,190.07,290.55,3035.03,1622.54,463.96,74.52,231.77,943.24,371.29,237.1,281.19,443.47,209.41,101.29,3597.42,234.63,125.08,131.69,39.36,56.39,99.66,273.7
20260929,10:23:55,47806.5,42622.77,25962.41,16621.55,123.64,1884.9,395.71,460.7,546.35,106.08,162.97,192.33,91.64,138.13,272.54,121.0,190.07,290.55,3034.87,1622.51,464.0,74.52,231.77,942.9,371.29,237.1,281.19,443.46,209.42,101.29,3599.01,234.63,124.96,131.69,39.35,56.39,99.66,273.7
20260929,10:24:00,47803.04,42619.9,25959.82,16620.26,123.51,1883.48,395.54,460.7,546.35,106.08,162.97,192.33,91.64,138.13,272.51,121.0,190.07,290.55,3034.67,1622.51,463.91,74.52,231.77,942.47,371.29,237.1,281.24,443.46,209.42,101.29,3598.56,234.63,124.96,131.7,39.35,56.39,99.66,274.0
20260929,10:24:05,47846.09,42659.79,25966.37,16620.92,123.51,1883.48,395.54,460.96,546.34,106.08,162.98,192.37,91.65,138.13,272.39,121.0,190.07,290.55,3037.87,1624.89,463.84,74.53,231.77,942.61,371.29,237.1,281.38,443.47,209.46,101.29,3600.42,234.63,124.96,131.7,39.35,56.39,99.66,273.98
20260929,10:24:10,47843.33,42656.55,25965.48,16618.06,123.51,1883.48,394.99,460.96,546.42,106.08,162.99,192.4,91.65,138.13,272.39,121.12,190.07,290.55,3037.67,1624.89,463.84,74.53,231.77,942.61,370.97,236.86,281.06,443.48,209.46,101.29,3600.92,234.63,124.96,131.71,39.35,56.39,99.66,273.98
20260929,10:24:15,47846.92,42660.63,25967.13,16621.88,123.51,1883.48,395.54,460.96,546.36,106.1,162.98,192.36,91.65,138.13,272.39,121.12,190.07,290.55,3037.91,1624.93,464.0,74.55,231.76,942.89,370.97,236.86,281.05,443.48,209.46,101.29,3600.4,234.63,124.96,131.73,39.35,56.39,99.66,273.98
20260929,10:24:20,47852.91,42667.04,25964.4,16620.7,123.52,1883.71,395.44,460.96,546.43,106.1,162.98,192.36,91.65,138.13,272.39,121.0,190.07,290.55,3038.45,1625.16,464.0,74.55,231.94,942.9,370.97,237.1,281.35,443.48,209.46,101.29,3599.87,234.63,124.96,131.73,39.35,56.39,99.66,273.98
20260929,10:24:25,47814.47,42631.45,25963.1,16625.43,123.52,1883.71,396.08,460.96,546.46,106.1,162.97,192.33,91.65,138.13,272.39,121.01,190.07,290.55,3035.47,1622.84,464.0,74.56,231.94,942.9,370.97,237.1,281.4,443.48,209.46,101.29,3598.18,234.66,124.96,131.73,39.35,56.39,99.66,273.98
20260929,10:24:30,47859.36,42673.0,25966.65,16622.17,123.52,1885.13,395.54,460.96,546.46,106.1,162.98,192.33,91.66,138.13,272.39,121.0,190.03,290.56,3038.9,1625.25,464.0,74.56,231.94,943.62,370.96,237.09,281.4,443.48,209.46,101.29,3600.17,234.66,124.96,131.74,39.35,56.39,99.66,273.98
20260929,10:24:35,47855.24,42668.51,25967.72,16621.83,123.51,1885.13,395.08,460.96,546.09,106.1,163.2,192.35,91.83,138.13,272.39,121.12,190.03,290.56,3038.55,1625.22,464.12,74.57,231.76,942.88,370.96,237.09,281.4,443.47,209.47,101.29,3600.6,234.66,125.08,131.74,39.35,56.41,99.66,273.98
20260929,10:24:40,47855.11,42669.93,25962.07,16620.48,123.51,1885.13,395.0,460.96,546.04,106.1,163.2,192.35,91.83,138.13,272.39,120.98,190.03,290.56,3038.69,1625.35,463.92,74.57,231.88,942.91,370.96,237.09,281.41,443.49,209.58,101.29,3599.2,234.66,125.08,131.75,39.35,56.41,99.66,273.68
20260929,10:24:45,47818.66,42632.43,25966.76,16619.26,123.51,1885.13,394.91,460.7,545.99,106.1,163.19,192.31,91.83,138.13,272.39,120.98,190.03,290.56,3035.7,1622.76,463.97,74.57,231.75,943.8,371.27,237.09,281.41,443.49,209.58,101.29,3601.0,234.66,125.08,131.75,39.35,56.41,99.66,273.68
20260929,10:24:50,47855.83,42668.23,25967.73,16618.97,123.51,1885.13,394.91,460.45,545.99,106.1,163.18,192.3,91.82,138.13,272.39,120.98,190.03,290.56,3038.59,1625.02,463.97,74.57,231.64,943.82,371.27,237.09,281.41,443.41,209.62,101.29,3601.38,234.66,125.08,131.71,39.35,56.41,99.66,273.68
20260929,10:24:55,47819.59,42631.43,25971.76,16618.6,123.51,1885.13,394.91,460.45,545.99,106.1,163.18,192.3,91.82,138.13,272.39,121.07,190.03,290.56,3035.64,1622.6,463.97,74.57,231.64,944.17,370.96,237.09,281.51,443.43,209.62,101.29,3602.74,234.66,124.96,131.71,39.34,56.41,99.66,273.69
20260929,10:25:00,47824.96,42635.85,25972.5,16616.73,123.52,1883.71,394.99,460.45,545.98,106.1,162.98,192.3,91.66,138.13,272.39,120.96,190.03,290.56,3036.04,1622.88,464.08,74.54,231.64,944.17,370.94,237.09,281.51,443.43,209.62,101.29,3603.48,234.66,125.08,131.71,39.34,56.41,99.66,273.69
20260929,10:25:05,47821.9,42632.62,25972.74,16616.19,123.52,1883.71,394.99,460.37,545.91,106.1,162.98,192.29,91.66,138.13,272.39,121.07,190.03,290.57,3035.79,1622.89,463.98,74.55,231.64,943.68,370.87,237.09,281.51,443.43,209.62,101.28,3603.7,234.66,124.96,131.71,39.36,56.41,99.66,273.66
20260929,10:25:10,47863.03,42672.95,25975.43,16620.17,123.65,1883.69,395.55,460.37,545.91,106.1,162.98,192.3,91.66,138.13,272.39,121.08,190.03,290.57,3038.94,1625.33,463.98,74.55,231.64,943.66,370.87,237.09,281.51,443.43,209.57,101.28,3603.46,234.66,124.96,131.71,39.36,56.41,99.66,273.66
20260929,10:25:15,47820.47,42633.96,25967.91,16619.78,123.52,1883.69,395.46,460.37,545.91,106.1,162.97,192.3,91.65,138.13,272.39,121.08,190.03,290.56,3035.81,1622.8,464.09,74.56,231.52,943.96,370.87,237.09,281.51,443.43,209.54,101.28,3601.21,234.66,125.08,131.71,39.36,56.41,99.66,273.69
20260929,10:25:20,47820.6,42633.66,25969.69,16620.41,123.52,1883.69,395.55,460.37,545.91,106.1,162.98,192.3,91.66,138.13,272.39,121.08,190.03,290.56,3035.77,1622.8,463.84,74.55,231.52,943.91,370.87,237.09,281.7,443.44,209.53,101.28,3601.6,234.66,125.08,131.71,39.36,56.41,99.66,273.67
20260929,10:25:25,47822.28,42635.51,25967.45,16618.56,123.52,1883.69,395.55,460.37,545.91,106.1,162.98,192.3,91.66,138.13,272.39,120.96,190.03,290.56,3035.97,1622.79,463.84,74.55,231.34,944.51,371.19,237.09,281.7,443.44,209.52,101.28,3601.4,234.66,124.96,131.71,39.36,56.41,99.66,273.67
20260929,10:25:30,47817.67,42632.19,25962.39,16616.63,123.52,1882.95,395.55,460.37,545.91,106.1,162.98,192.3,91.66,138.13,272.39,120.96,190.03,290.54,3035.74,1622.74,463.84,74.54,231.52,943.87,371.19,237.09,281.79,443.41,209.37,101.28,3600.35,234.59,124.96,131.71,39.36,56.41,99.66,273.67
20260929,10:25:35,47859.14,42672.59,25962.63,16616.9,123.52,1882.95,395.55,460.37,545.91,106.1,162.98,192.3,91.66,138.13,272.39,120.96,190.03,290.54,3038.99,1625.25,463.81,74.53,231.52,943.88,371.44,236.84,281.79,443.41,209.4,101.28,3600.35,234.59,124.96,131.71,39.36,56.41,99.66,273.67
20260929,10:25:40,47854.31,42668.25,25961.85,16617.23,123.52,1882.95,395.62,460.29,545.91,106.1,162.97,192.26,91.66,138.13,272.39,120.96,190.06,290.54,3038.64,1625.16,463.82,74.54,231.52,943.81,371.44,236.84,281.39,443.41,209.4,101.28,3600.01,234.59,124.96,131.71,39.35,56.4,99.66,273.67
20260929,10:25:45,47860.73,42673.49,25964.78,16617.21,123.52,1882.95,395.61,460.29,545.91,106.1,162.97,192.26,91.66,138.13,272.57,121.08,190.06,290.54,3039.06,1625.2,463.93,74.53,231.52,944.55,371.44,236.84,281.4,443.46,209.4,101.28,3600.93,234.59,124.85,131.71,39.35,56.4,99.66,273.67
20260929,10:25:50,47863.9,42676.71,25965.03,16617.91,123.52,1882.95,395.61,460.87,545.91,106.1,162.98,192.27,91.67,138.13,272.57,121.09,190.06,290.52,3039.3,1625.28,463.83,74.53,231.52,944.64,371.38,236.84,281.7,443.46,209.4,101.28,3600.82,234.59,124.85,131.73,39.35,56.4,99.66,273.66
20260929,10:25:55,47831.25,42642.42,25971.9,16617.56,123.52,1882.95,395.61,460.84,545.92,106.1,162.98,192.26,91.67,138.13,272.57,121.09,190.06,290.52,3036.55,1622.87,463.93,74.53,231.52,945.4,371.38,236.7,281.71,443.46,209.37,101.28,3603.06,234.59,124.85,131.73,39.35,56.4,99.66,273.66
20260929,10:26:00,47871.11,42680.63,25975.04,16619.04,123.52,1883.0,395.62,460.84,545.91,106.1,162.98,192.26,91.67,138.13,272.57,121.09,190.06,290.51,3039.59,1625.33,463.88,74.53,231.52,945.48,371.37,236.7,281.4,443.47,209.52,101.28,3603.64,234.59,124.85,131.73,39.35,56.4,99.66,273.66
20260929,10:26:05,47870.47,42680.2,25970.84,16614.86,123.52,1883.0,395.0,460.84,545.97,106.1,162.98,192.26,91.67,138.13,272.57,121.09,190.06,290.53,3039.66,1625.33,463.89,74.54,231.52,945.65,371.12,236.7,281.4,443.47,209.44,101.28,3603.46,234.59,124.85,131.73,39.35,56.4,99.66,273.96
20260929,10:26:10,47872.81,42682.26,25976.31,16620.42,123.46,1883.0,395.54,460.84,546.02,106.1,163.03,192.26,91.71,138.13,272.57,121.09,190.06,290.53,3039.69,1625.34,464.16,74.53,231.52,945.48,370.8,236.7,281.4,443.44,209.44,101.28,3603.67,234.59,124.96,131.83,39.35,56.38,99.66,273.96
20260929,10:26:15,47834.6,42647.4,25971.2,16622.47,123.46,1883.0,395.54,460.84,546.02,106.1,163.02,192.26,91.7,138.13,272.57,121.09,190.06,290.56,3036.83,1623.13,464.02,74.52,231.64,945.53,370.8,236.7,281.4,443.44,209.55,101.31,3601.51,234.59,125.08,131.83,39.35,56.38,99.66,273.96
20260929,10:26:20,47837.73,42650.45,25971.19,16622.46,123.46,1883.0,395.64,460.84,546.02,106.09,163.02,192.26,91.7,138.13,272.57,120.97,190.06,290.56,3037.08,1623.17,464.02,74.53,231.64,945.56,371.06,236.84,281.71,443.41,209.47,101.31,3601.51,234.59,125.2,131.83,39.35,56.38,99.66,273.96
20260929,10:26:25,47835.45,42645.23,25979.91,16622.47,123.46,1883.0,395.72,460.92,545.99,106.09,163.03,192.26,91.71,138.13,272.57,120.96,190.06,290.63,3036.65,1623.08,464.1,74.53,231.53,944.86,371.06,236.84,281.71,443.41,209.47,101.31,3604.23,234.59,125.08,131.83,39.35,56.4,99.66,273.95
20260929,10:26:30,47839.2,42648.88,25976.13,16618.12,123.46,1883.0,395.16,460.92,546.14,106.09,163.03,192.26,91.71,138.13,272.57,120.96,190.06,290.67,3037.05,1623.15,464.1,74.53,231.78,945.78,371.06,236.84,281.39,443.41,209.47,101.31,3604.23,234.59,125.07,131.83,39.36,56.4,99.66,273.65
20260929,10:26:35,47835.82,42645.59,25977.87,16620.12,123.46,1883.01,395.6,460.92,546.14,106.09,163.02,192.26,91.7,138.13,272.57,120.96,190.06,290.67,3036.74,1623.14,464.11,74.51,231.78,945.21,371.06,236.84,281.29,443.41,209.45,101.31,3604.23,234.59,124.95,131.82,39.36,56.4,99.66,273.65
20260929,10:26:40,47837.89,42647.78,25977.28,16620.0,123.46,1883.01,395.6,460.92,546.14,106.09,163.02,192.26,91.7,138.13,272.57,120.96,190.06,290.69,3036.92,1623.27,464.11,74.53,231.79,945.2,371.06,236.84,281.3,443.41,209.43,101.31,3604.08,234.59,124.95,131.82,39.36,56.4,99.66,273.65
20260929,10:26:45,47836.44,42646.35,25977.42,16620.13,123.46,1883.01,395.52,460.66,546.18,106.09,163.03,192.26,91.71,138.13,272.57,121.08,190.1,290.69,3036.8,1623.11,464.11,74.52,231.79,945.38,371.38,236.85,281.3,443.41,209.43,101.31,3604.09,234.59,124.95,131.82,39.36,56.4,99.66,273.65
20260929,10:26:50,47838.65,42648.25,25976.83,16618.59,123.46,1883.01,395.52,460.66,546.09,106.09,163.03,192.25,91.71,138.13,272.57,121.08,190.1,290.72,3036.99,1623.25,464.11,74.52,231.79,945.39,371.38,236.85,281.3,443.41,209.4,101.31,3604.32,234.59,124.84,131.82,39.36,56.4,99.66,273.65
20260929,10:26:55,47837.86,42646.71,25979.94,16619.59,123.46,1883.01,395.53,460.74,546.09,106.1,163.02,192.25,91.71,138.13,272.57,121.08,190.1,290.72,3036.84,1623.25,464.11,74.53,231.79,945.07,371.38,236.85,281.26,443.4,209.4,101.31,3605.03,234.59,124.84,131.82,39.36,56.4,99.66,273.95
20260929,10:27:00,47841.74,42650.12,25985.76,16625.04,123.46,1882.93,396.24,460.74,546.1,106.09,163.04,192.3,91.71,138.13,272.57,121.08,190.1,290.72,3036.99,1623.19,464.11,74.52,231.79,945.21,371.39,236.85,281.57,443.44,209.4,101.31,3605.36,234.59,124.84,131.82,39.35,56.4,99.75,273.95
20260929,10:27:05,47886.39,42694.09,25980.63,16620.71,123.33,1882.93,395.7,460.74,546.1,106.09,163.04,192.3,91.71,138.13,272.57,121.08,190.1,290.72,3040.63,1625.78,464.12,74.53,231.79,945.86,371.4,236.84,281.57,443.44,209.4,101.31,3604.93,234.59,124.84,131.82,39.35,56.4,99.76,273.94
20260929,10:27:10,47850.9,42659.52,25980.39,16620.44,123.33,1882.73,395.62,460.74,546.1,106.09,163.06,192.31,91.72,138.13,272.57,121.08,190.1,290.72,3037.85,1623.68,464.05,74.53,231.79,945.85,371.09,236.84,281.57,443.41,209.42,101.31,3604.93,234.59,124.84,131.82,39.35,56.41,99.76,273.94
20260929,10:27:15,47850.91,42660.03,25979.41,16620.98,123.33,1882.73,395.62,460.74,546.26,106.08,163.06,192.32,91.72,138.13,272.57,121.08,190.1,290.72,3037.88,1623.67,464.16,74.53,231.79,945.82,371.09,236.84,281.57,443.41,209.42,101.31,3604.48,234.59,124.84,131.82,39.35,56.4,99.76,273.94
20260929,10:27:20,47894.82,42704.62,25974.36,16621.25,123.32,1882.73,395.62,460.74,546.34,106.08,163.07,192.36,91.72,138.13,272.57,121.08,190.1,290.72,3041.47,1626.09,464.16,74.52,231.78,946.89,371.08,237.09,281.57,443.38,209.42,101.31,3602.83,234.59,124.84,131.82,39.34,56.41,99.76,273.94
20260929,10:27:25,47896.0,42705.99,25974.17,16621.75,123.32,1882.73,395.62,460.74,546.3,106.08,163.11,192.52,91.72,138.13,272.57,121.08,190.1,290.72,3041.57,1626.16,464.21,74.53,231.79,946.85,371.08,237.09,281.57,443.43,209.42,101.31,3602.63,234.59,124.84,131.83,39.34,56.41,99.76,273.94
20260929,10:27:30,47858.48,42669.1,25975.73,16622.45,123.32,1884.15,395.62,460.66,546.31,106.08,163.11,192.54,91.72,138.13,272.57,120.95,190.1,290.72,3038.58,1623.78,464.31,74.54,231.79,946.96,371.08,237.09,281.57,443.43,209.42,101.31,3602.93,234.63,124.95,131.83,39.34,56.41,99.76,273.94
20260929,10:27:35,47857.81,42667.77,25977.06,16621.68,123.32,1882.73,395.61,460.66,546.32,106.08,163.11,192.54,91.72,138.13,272.57,120.96,190.1,290.69,3038.49,1623.77,464.21,74.53,231.78,946.94,370.83,237.09,281.57,443.42,209.42,101.31,3603.56,234.59,124.95,131.83,39.34,56.41,99.76,273.91
20260929,10:27:40,47860.46,42670.31,25976.11,16620.45,123.32,1882.73,395.62,460.66,546.32,106.08,163.11,192.53,91.72,138.13,272.57,120.96,190.08,290.69,3038.72,1623.75,464.51,74.54,231.79,947.19,370.97,237.09,281.58,443.42,209.4,101.31,3603.59,234.59,124.84,131.8,39.34,56.41,99.76,273.91
20260929,10:27:45,47862.28,42672.29,25974.1,16618.85,123.32,1882.73,395.54,460.66,546.32,106.08,163.11,192.53,91.72,138.13,272.39,120.96,190.08,290.7,3038.92,1623.89,464.51,74.54,231.79,947.09,370.91,237.09,281.67,443.42,209.4,101.31,3603.4,234.59,124.84,131.8,39.34,56.41,99.76,273.59
20260929,10:27:50,47866.1,42673.93,25981.76,16620.67,123.32,1882.73,395.62,460.66,546.4,106.08,163.11,192.53,91.72,138.13,272.39,120.97,190.08,290.7,3039.01,1623.89,464.52,74.54,231.79,947.18,370.91,236.95,281.77,443.42,209.4,101.31,3605.3,234.61,124.84,131.8,39.34,56.41,99.66,273.92
20260929,10:27:55,47871.26,42678.95,25984.54,16623.87,123.32,1882.95,396.07,460.66,546.4,106.08,163.11,192.51,91.72,138.13,272.39,120.97,190.08,290.7,3039.34,1623.93,464.52,74.54,231.78,947.96,370.91,236.7,281.67,443.42,209.4,101.31,3605.3,234.61,124.84,131.8,39.34,56.41,99.66,273.92
20260929,10:28:00,47869.07,42676.58,25985.33,16623.97,123.32,1882.95,396.16,460.66,546.4,106.08,163.12,192.54,91.73,138.13,272.51,120.97,190.08,290.72,3039.14,1624.03,464.52,74.54,231.78,947.21,370.93,236.7,281.67,443.4,209.4,101.31,3605.52,234.63,124.84,131.8,39.34,56.41,99.66,273.62
20260929,10:28:05,47909.54,42716.27,25985.88,16625.48,123.32,1882.95,396.25,460.66,546.4,106.08,163.11,192.54,91.72,138.13,272.51,121.09,190.08,290.72,3042.31,1626.39,464.52,74.54,231.78,947.4,371.25,236.7,281.67,443.4,209.41,101.31,3605.28,234.63,124.84,131.83,39.33,56.41,99.66,273.62
20260929,10:28:10,47912.59,42719.26,25985.47,16625.07,123.32,1884.37,396.17,460.66,546.44,106.08,163.12,192.54,91.72,138.13,272.51,120.96,190.08,290.75,3042.56,1626.55,464.53,74.54,231.78,947.54,370.93,236.7,281.68,443.4,209.44,101.31,3605.26,234.63,124.84,131.83,39.33,56.39,99.66,273.62
20260929,10:28:15,47874.56,42681.89,25987.67,16626.54,123.32,1884.37,396.17,460.66,546.44,106.08,163.11,192.54,91.72,138.13,272.51,121.07,190.08,290.77,3039.51,1624.21,464.51,74.53,231.79,947.54,370.93,236.7,281.68,443.39,209.43,101.31,3605.55,234.63,124.84,131.83,39.33,56.39,99.66,273.92
20260929,10:28:20,47869.21,42676.47,25987.38,16625.48,123.32,1884.37,396.17,460.66,546.58,106.08,163.11,192.55,91.72,138.13,272.51,120.95,190.11,290.79,3039.1,1624.05,464.36,74.54,231.79,947.43,370.91,236.7,281.5,443.4,209.44,101.31,3605.75,234.63,124.84,131.83,39.33,56.39,99.66,273.62
20260929,10:28:25,47872.89,42680.15,25986.13,16624.41,123.32,1884.37,396.16,460.66,546.58,106.08,163.11,192.55,91.71,138.13,272.48,120.95,190.11,290.79,3039.42,1624.35,464.24,74.53,231.79,947.48,370.91,236.69,281.45,443.4,209.44,101.31,3605.65,234.63,124.72,131.83,39.33,56.39,99.66,273.62
20260929,10:28:30,47912.54,42721.2,25981.13,16626.73,123.33,1884.37,396.17,460.66,546.58,106.08,163.11,192.57,91.71,138.13,272.48,121.07,190.11,290.83,3042.67,1626.66,464.36,74.55,231.81,947.49,370.91,236.69,281.76,443.4,209.47,101.27,3603.46,234.63,124.84,131.83,39.33,56.39,99.66,273.62
20260929,10:28:35,47872.1,42681.68,25982.0,16627.31,123.33,1884.14,396.17,460.66,546.58,106.08,163.11,192.57,91.71,138.13,272.48,121.07,190.11,290.83,3039.48,1624.2,464.36,74.54,231.93,947.37,371.16,236.69,281.76,443.4,209.6,101.28,3603.57,234.63,124.72,131.83,39.34,56.39,100.04,273.57
20260929,10:28:40,47873.01,42680.36,25987.45,16626.21,123.35,1882.61,396.25,460.66,546.63,106.08,163.11,192.57,91.71,138.13,272.48,120.95,190.11,290.84,3039.4,1624.21,464.36,74.56,231.93,947.52,371.16,236.7,281.44,443.39,209.51,101.28,3605.57,234.63,124.84,131.83,39.34,56.39,99.66,273.57
20260929,10:28:45,47919.11,42724.79,25988.71,16626.02,123.35,1882.61,396.25,460.66,546.64,106.06,163.11,192.57,91.71,138.13,272.48,120.95,190.11,290.82,3042.98,1626.89,464.3,74.54,231.93,947.41,371.48,236.7,281.76,443.39,209.5,101.28,3606.02,234.58,124.84,131.83,39.34,56.39,99.66,273.57
20260929,10:28:50,47923.63,42729.79,25990.61,16630.19,123.35,1882.61,396.79,460.66,546.64,106.06,163.1,192.54,91.71,138.13,272.48,120.95,190.11,290.82,3043.28,1626.95,464.35,74.56,231.93,947.71,371.48,236.7,281.85,443.4,209.53,101.28,3605.48,234.58,124.84,131.83,39.34,56.39,99.66,273.57
20260929,10:28:55,47920.71,42726.95,25990.46,16630.06,123.35,1882.61,396.71,460.74,546.73,106.06,163.11,192.54,91.72,138.13,272.48,120.96,190.11,290.8,3043.06,1626.84,464.53,74.55,231.63,947.71,371.49,236.7,281.8,443.4,209.53,101.28,3605.47,234.58,124.84,131.83,39.34,56.39,99.66,273.57
20260929,10:29:00,47921.9,42727.99,25997.52,16637.77,123.41,1882.61,397.5,460.74,546.88,106.06,163.13,192.55,91.73,138.13,272.48,121.08,190.11,290.82,3042.96,1626.84,464.49,74.55,231.64,947.49,371.49,236.7,281.8,443.4,209.53,101.28,3605.58,234.58,124.84,131.83,39.36,56.41,99.66,273.57
20260929,10:29:05,47926.36,42734.16,25993.35,16639.11,123.41,1882.61,397.42,460.74,546.88,106.06,163.13,192.54,91.73,138.13,272.48,121.1,190.11,290.82,3043.42,1626.94,464.61,74.56,231.63,948.13,371.51,236.7,281.81,443.4,209.52,101.28,3603.91,234.58,125.07,131.84,39.37,56.41,99.66,273.57
20260929,10:29:10,47878.72,42688.52,25994.32,16642.8,123.41,1882.61,398.05,460.74,546.88,106.06,163.12,192.52,91.73,138.14,272.48,120.99,190.15,290.8,3039.65,1624.38,464.61,74.56,231.63,946.91,371.2,236.7,281.98,443.4,209.51,101.28,3603.21,234.58,125.07,131.83,39.37,56.41,99.66,273.57
20260929,10:29:15,47881.4,42688.94,26000.49,16642.57,123.41,1882.61,397.97,460.74,546.95,106.06,163.13,192.56,91.73,138.14,272.48,120.99,190.15,290.8,3039.69,1624.42,464.5,74.55,231.39,947.61,371.2,236.7,281.67,443.4,209.51,101.28,3605.21,234.58,125.07,131.83,39.37,56.41,99.66,273.57
20260929,10:29:20,47886.66,42694.06,26002.12,16644.45,123.41,1882.39,398.05,460.74,547.09,106.06,163.13,192.56,91.73,138.14,272.48,121.11,190.15,290.8,3040.06,1624.69,464.5,74.57,231.39,947.62,371.21,236.7,281.67,443.4,209.51,101.28,3605.21,234.58,125.07,131.83,39.37,56.41,99.66,273.62
20260929,10:29:25,47890.16,42698.06,25996.79,16640.28,123.41,1882.39,397.51,460.74,547.16,106.06,163.13,192.57,91.73,138.14,272.48,120.99,190.15,290.79,3040.48,1624.94,464.5,74.6,231.39,947.51,371.54,236.7,281.86,443.4,209.54,101.28,3604.67,234.58,125.07,131.83,39.37,56.41,99.66,273.62
20260929,10:29:30,47931.15,42739.82,25990.72,16639.38,123.54,1882.39,397.51,460.61,547.16,106.06,163.13,192.57,91.73,138.13,272.48,120.98,190.15,290.8,3043.87,1627.5,464.52,74.6,231.68,947.46,371.55,236.7,281.81,443.37,209.43,101.28,3603.02,234.58,125.07,131.83,39.37,56.41,99.66,273.62
20260929,10:29:35,47896.9,42703.66,26002.46,16643.57,123.54,1882.39,398.06,460.61,547.31,106.06,163.14,192.56,91.74,138.13,272.48,120.98,190.15,290.8,3040.86,1624.94,464.51,74.59,231.57,947.4,371.55,236.7,282.51,443.37,209.4,101.28,3605.55,234.58,125.07,131.83,39.37,56.41,99.66,273.62
20260929,10:29:40,47896.55,42702.85,26003.77,16643.5,123.54,1883.81,397.98,460.61,547.31,106.06,163.14,192.55,91.74,138.13,272.48,120.96,190.15,290.84,3040.79,1625.08,464.49,74.6,231.57,947.35,371.55,236.7,282.1,443.38,209.4,101.28,3605.98,234.58,125.07,131.83,39.37,56.41,99.66,273.62
20260929,10:29:45,47901.92,42708.35,26004.22,16644.91,123.48,1883.81,397.98,460.61,547.31,106.06,163.14,192.53,91.74,138.13,272.48,121.08,190.12,290.84,3041.2,1625.07,464.49,74.58,231.8,948.23,371.23,236.7,282.1,443.38,209.4,101.28,3605.74,234.58,125.07,131.82,39.37,56.41,99.66,273.93
20260929,10:29:50,47898.97,42706.07,25999.08,16641.0,123.48,1883.76,397.43,460.61,547.36,106.06,163.11,192.48,91.73,138.13,272.48,121.09,190.27,290.84,3041.11,1624.93,464.47,74.57,231.8,948.19,371.3,236.7,282.32,443.38,209.4,101.28,3605.19,234.58,125.07,131.82,39.37,56.41,99.66,273.93
20260929,10:29:55,47892.99,42700.72,26002.0,16645.98,123.48,1883.76,397.98,460.61,547.65,106.06,163.12,192.54,91.73,138.13,272.36,121.09,190.27,290.84,3040.56,1624.78,464.49,74.58,231.68,947.46,371.29,236.7,282.31,443.38,209.4,101.28,3604.75,234.55,125.07,131.82,39.37,56.41,99.66,273.93
20260929,10:30:00,47935.39,42741.39,26007.9,16650.57,123.48,1883.76,398.61,460.61,547.65,106.06,163.12,192.52,91.73,138.14,272.36,121.09,190.27,290.82,3043.73,1627.44,464.3,74.59,231.68,947.32,371.3,236.7,282.0,443.38,209.4,101.28,3605.35,234.55,125.07,131.82,39.37,56.41,99.66,273.93
20260929,10:30:05,47935.16,42741.2,26003.36,16645.48,123.48,1883.99,397.98,460.61,547.91,106.06,163.12,192.52,91.73,138.14,272.36,121.09,190.27,290.81,3043.83,1627.25,464.35,74.6,231.92,947.32,371.62,236.7,282.4,443.38,209.4,101.28,3605.31,234.68,124.95,131.82,39.37,56.41,99.85,273.62
20260929,10:30:10,47942.82,42748.67,26009.4,16652.43,123.48,1883.96,398.6,460.61,547.91,106.08,163.13,192.55,91.73,138.13,272.36,121.08,190.27,290.82,3044.27,1627.32,464.36,74.6,231.81,948.26,371.3,236.7,282.4,443.38,209.51,101.28,3605.31,234.68,125.07,131.92,39.37,56.4,99.85,273.62
20260929,10:30:15,47937.81,42743.52,26015.4,16658.45,123.48,1883.96,399.23,460.62,547.85,106.08,163.14,192.59,91.73,138.13,272.36,121.09,190.27,290.81,3043.71,1627.21,464.38,74.61,231.81,947.63,371.39,236.7,282.09,443.38,209.48,101.28,3605.55,234.68,125.19,131.92,39.37,56.4,99.85,273.93
20260929,10:30:20,47942.81,42748.39,26015.14,16658.15,123.49,1883.96,399.23,460.62,547.79,106.08,163.12,192.59,91.72,138.13,272.36,121.08,190.28,290.81,3044.11,1627.36,464.36,74.6,231.56,948.32,371.69,236.95,282.09,443.38,209.48,101.28,3605.55,234.68,125.19,131.92,39.37,56.4,99.85,273.93
20260929,10:30:25,47943.14,42748.77,26012.22,16655.02,123.49,1882.54,399.23,460.62,547.79,106.08,163.12,192.55,91.72,138.13,272.5,120.97,190.28,290.81,3044.22,1627.48,464.27,74.6,231.56,948.35,371.37,236.93,282.1,443.32,209.49,101.28,3605.49,234.75,124.95,131.91,39.37,56.42,99.85,273.93
20260929,10:30:30,47941.06,42747.61,26011.29,16656.8,123.49,1882.77,399.23,460.62,547.67,106.08,163.12,192.59,91.72,138.13,272.5,120.97,190.28,290.81,3044.08,1627.43,464.27,74.61,231.56,948.23,371.69,236.93,282.0,443.32,209.5,101.28,3604.72,234.75,125.19,131.91,39.37,56.42,99.85,273.93
20260929,10:30:35,47939.87,42746.5,26012.25,16658.1,123.61,1882.77,399.39,460.62,547.67,106.08,163.12,192.59,91.72,138.13,272.5,120.97,190.28,290.85,3043.96,1627.56,464.27,74.62,231.56,947.53,371.69,236.93,282.0,443.48,209.54,101.28,3604.67,234.75,125.07,131.91,39.37,56.4,99.85,273.93
20260929,10:30:40,47937.25,42743.52,26017.28,16662.45,123.68,1882.77,399.94,460.62,547.83,106.08,163.13,192.62,91.72,138.12,272.5,120.97,190.28,290.41,3043.61,1627.31,464.19,74.62,231.56,947.54,371.69,236.93,282.01,443.48,209.57,101.28,3605.05,234.75,125.07,132.04,39.37,56.4,99.85,273.93
20260929,10:30:45,47944.48,42750.32,26015.61,16659.68,123.68,1882.77,399.39,460.62,547.82,106.08,163.13,192.62,91.72,138.13,272.5,121.09,190.28,290.43,3044.23,1627.49,464.19,74.61,231.56,948.24,371.44,236.93,282.23,443.48,209.6,101.28,3605.28,234.75,125.07,132.04,39.37,56.4,99.85,273.93
20260929,10:30:50,47943.09,42748.85,26014.43,16657.96,123.74,1884.19,399.39,460.62,547.82,106.08,163.13,192.62,91.71,138.13,272.5,120.97,190.28,290.41,3044.15,1627.42,464.3,74.6,231.92,948.21,371.69,236.93,281.91,443.48,209.54,101.28,3605.38,234.75,124.95,132.04,39.37,56.4,99.85,273.94
20260929,10:30:55,47903.21,42707.72,26021.7,16658.74,123.74,1884.19,399.3,460.62,547.86,106.08,163.15,192.65,91.72,138.13,272.5,121.09,190.28,290.41,3040.82,1624.89,464.31,74.62,231.93,948.15,371.6,236.93,281.82,443.48,209.54,101.28,3607.44,234.75,124.95,132.14,39.37,56.4,99.85,273.94
20260929,10:31:00,47899.17,42703.71,26022.92,16659.9,123.68,1884.19,399.39,460.62,547.93,106.08,163.15,192.66,91.72,138.13,272.36,121.12,190.28,290.41,3040.47,1624.91,464.21,74.62,231.57,947.33,371.61,236.93,282.1,443.45,209.57,101.28,3607.51,234.75,124.95,132.14,39.37,56.4,99.85,273.95
20260929,10:31:05,47891.13,42698.08,26015.69,16658.91,123.68,1884.19,399.41,460.62,547.92,106.08,163.14,192.64,91.72,138.13,272.36,121.0,190.28,290.41,3040.04,1624.87,464.2,74.61,231.45,947.1,371.29,236.93,281.74,443.38,209.57,101.28,3605.52,234.8,124.95,132.14,39.36,56.4,99.85,273.9
20260929,10:31:10,47891.21,42695.67,26020.45,16656.1,123.68,1884.19,398.86,460.62,547.93,106.08,163.14,192.63,91.72,138.13,272.36,120.99,190.32,290.41,3039.91,1624.65,464.17,74.61,231.45,947.04,371.62,237.07,282.05,443.37,209.56,101.28,3607.77,234.82,125.07,132.25,39.36,56.4,99.85,273.9
20260929,10:31:15,47893.42,42698.64,26021.46,16659.96,123.66,1884.19,399.41,460.62,547.9,106.11,163.13,192.59,91.72,138.13,272.36,120.99,190.32,290.4,3040.06,1624.81,464.21,74.59,231.45,946.89,371.62,237.07,282.05,443.37,209.56,101.28,3607.03,234.82,125.07,132.25,39.36,56.4,99.85,273.92
20260929,10:31:20,47883.62,42689.88,26014.25,16654.34,123.66,1882.77,398.78,460.69,547.84,106.11,163.13,192.58,91.72,138.13,272.36,121.12,190.29,290.4,3039.49,1624.51,464.18,74.61,231.45,946.88,371.62,237.07,281.74,443.37,209.52,101.28,3606.31,234.82,124.95,132.26,39.36,56.4,99.85,273.97
20260929,10:31:25,47885.14,42691.19,26015.7,16655.4,123.72,1882.77,398.78,460.69,548.13,106.11,163.12,192.54,91.72,138.13,272.36,121.12,190.33,290.4,3039.57,1624.55,464.07,74.62,231.63,946.87,371.62,237.07,281.73,443.33,209.53,101.28,3606.47,234.82,124.95,132.26,39.36,56.4,99.85,273.97
20260929,10:31:30,47886.6,42691.32,26023.68,16660.28,123.66,1882.77,399.4,460.69,548.27,106.11,163.12,192.55,91.72,138.13,272.36,121.13,190.33,290.4,3039.46,1624.47,464.15,74.62,231.63,946.79,371.62,237.07,281.73,443.23,209.55,101.28,3607.64,234.82,124.95,132.27,39.36,56.4,99.85,273.97
20260929,10:31:35,47883.07,42688.08,26019.38,16655.98,123.66,1884.19,398.86,460.94,548.27,106.12,163.13,192.58,91.72,138.13,272.36,121.01,190.33,290.4,3039.3,1624.47,464.16,74.58,231.38,946.71,371.64,237.07,281.73,443.23,209.59,101.28,3607.47,234.82,124.95,132.26,39.36,56.4,99.85,273.67
20260929,10:31:40,47884.58,42692.55,26009.68,16654.86,123.66,1884.19,398.77,460.94,548.19,106.12,163.13,192.61,91.72,138.13,272.36,121.01,190.33,290.4,3039.69,1624.65,464.18,74.61,231.36,946.63,371.61,237.07,282.04,443.28,209.55,101.28,3604.74,234.82,124.95,132.23,39.36,56.4,99.94,273.67
20260929,10:31:45,47883.34,42691.24,26011.43,16656.56,123.66,1884.19,398.86,460.94,548.19,106.12,163.13,192.62,91.72,138.13,272.36,121.12,190.33,290.4,3039.54,1624.52,464.11,74.6,231.36,946.74,371.61,237.07,282.04,443.27,209.58,101.28,3604.82,234.82,124.95,132.23,39.36,56.4,99.94,273.67
20260929,10:31:50,47881.67,42689.96,26009.48,16655.48,123.66,1884.19,398.86,460.94,547.8,106.12,163.15,192.62,91.73,138.13,272.36,121.12,190.33,290.39,3039.47,1624.4,464.18,74.61,231.35,946.74,371.6,237.07,282.13,443.31,209.58,101.28,3604.51,234.82,124.95,132.23,39.36,56.4,99.94,273.68
20260929,10:31:55,47927.82,42731.98,26016.79,16654.01,123.66,1884.19,398.86,460.94,547.69,106.12,163.14,192.6,91.73,138.13,272.36,121.01,190.33,290.39,3042.89,1627.05,464.17,74.6,231.35,946.77,371.6,237.07,282.1,443.31,209.55,101.28,3607.19,234.82,124.95,132.23,39.36,56.4,99.94,273.68
20260929,10:32:00,47916.29,42722.35,26012.54,16654.49,123.66,1884.19,398.86,460.94,547.54,106.1,163.15,192.63,91.73,138.13,272.36,121.01,190.33,290.39,3042.1,1626.73,464.05,74.61,231.35,946.41,371.6,237.07,281.79,443.3,209.55,101.28,3605.74,234.82,125.07,132.23,39.36,56.4,99.94,273.68
20260929,10:32:05,47911.27,42715.34,26020.7,16656.79,123.66,1884.19,399.4,461.08,547.42,106.1,163.14,192.61,91.73,138.13,272.36,121.0,190.35,290.38,3041.48,1626.4,463.94,74.61,231.17,946.27,371.29,237.07,281.79,443.28,209.51,101.3,3607.66,234.82,124.95,132.23,39.36,56.4,99.94,273.67
20260929,10:32:10,47867.59,42673.54,26014.44,16652.1,123.66,1884.19,398.87,461.08,547.28,106.1,163.14,192.59,91.73,137.92,272.36,121.01,190.35,290.38,3038.22,1624.08,463.94,74.6,231.17,945.66,371.29,237.07,281.83,443.28,209.51,101.3,3606.98,234.82,124.95,132.23,39.36,56.4,99.94,273.67
20260929,10:32:15,47865.85,42671.67,26013.99,16651.0,123.66,1882.77,398.7,461.06,547.27,106.1,163.13,192.66,91.71,138.13,272.48,121.01,190.35,290.38,3038.1,1623.95,463.94,74.59,231.16,945.4,371.27,237.08,282.15,443.28,209.55,101.3,3607.13,234.82,124.95,132.23,39.36,56.4,99.94,273.71
20260929,10:32:20,47905.42,42710.17,26014.22,16651.09,123.64,1882.77,398.7,460.98,547.11,106.1,163.13,192.67,91.7,138.13,272.48,121.13,190.35,290.38,3041.2,1626.42,463.93,74.57,231.16,945.38,371.27,237.08,282.0,443.28,209.55,101.3,3607.18,234.82,124.95,132.23,39.36,56.4,99.94,273.71
20260929,10:32:25,47907.79,42712.21,26014.32,16650.32,123.64,1882.77,398.62,460.98,547.09,106.1,163.12,192.64,91.7,138.13,272.48,121.13,190.35,290.38,3041.38,1626.59,463.93,74.58,231.25,945.13,371.29,237.08,282.04,443.28,209.54,101.3,3607.42,234.82,124.95,132.23,39.36,56.4,99.94,273.71
20260929,10:32:30,47907.68,42712.16,26014.03,16650.16,123.64,1882.77,398.7,460.98,547.09,106.1,163.12,192.66,91.7,138.13,272.48,121.13,190.35,290.38,3041.38,1626.47,463.94,74.59,231.5,945.15,371.29,237.07,282.14,443.25,209.39,101.3,3607.37,234.82,125.07,132.23,39.36,56.38,99.85,273.71
20260929,10:32:35,47864.65,42671.93,26008.56,16649.55,123.51,1882.77,398.7,460.98,547.04,106.1,163.12,192.66,91.7,138.12,272.48,121.01,190.35,290.38,3038.16,1623.93,464.01,74.6,231.5,945.22,371.28,237.06,282.14,443.23,209.39,101.3,3605.83,234.82,125.07,132.23,39.36,56.38,99.85,273.98
20260929,10:32:40,47861.86,42669.16,26009.16,16650.06,123.64,1882.77,398.7,460.98,546.93,106.1,163.13,192.68,91.7,138.12,272.48,121.0,190.35,290.39,3037.92,1623.91,463.9,74.59,231.38,945.07,371.28,237.05,282.04,443.23,209.54,101.3,3605.88,234.82,125.07,132.23,39.36,56.38,99.85,273.67
20260929,10:32:45,47860.98,42667.89,26011.67,16651.57,123.77,1882.77,398.78,460.99,546.92,106.1,163.13,192.68,91.7,138.12,272.36,121.12,190.35,290.38,3037.78,1623.9,463.93,74.59,231.39,944.7,371.6,237.05,282.04,443.21,209.54,101.3,3606.26,234.82,125.07,132.23,39.36,56.38,99.85,273.62
20260929,10:32:50,47859.88,42666.99,26010.78,16651.13,123.77,1882.77,398.79,460.99,546.92,106.1,163.12,192.68,91.7,138.12,272.36,121.12,190.35,290.38,3037.72,1623.87,463.91,74.57,231.37,944.72,371.61,237.05,282.04,443.2,209.54,101.3,3606.1,234.82,125.07,132.13,39.36,56.38,99.75,273.63
20260929,10:32:55,47857.17,42664.76,26005.41,16646.33,123.77,1882.77,398.25,460.99,546.92,106.02,163.12,192.68,91.7,138.13,272.36,121.0,190.35,290.38,3037.65,1623.87,463.91,74.56,231.36,944.58,371.59,237.05,282.04,443.2,209.54,101.3,3605.72,234.82,125.07,132.13,39.36,56.4,99.75,273.63
20260929,10:33:00,47863.19,42668.47,26015.25,16650.41,123.77,1882.77,398.78,460.99,547.02,106.02,163.13,192.69,91.7,138.14,272.36,121.12,190.35,290.38,3037.85,1623.88,463.91,74.56,231.36,945.43,371.59,237.05,281.72,443.2,209.54,101.3,3607.69,234.82,124.95,132.13,39.36,56.4,99.75,273.63
20260929,10:33:05,47863.1,42668.82,26017.31,16654.26,123.77,1882.77,398.78,460.99,547.0,106.02,163.13,192.7,91.7,138.14,272.36,121.12,190.35,290.38,3037.79,1623.77,463.91,74.55,230.94,945.63,371.02,237.05,282.09,443.23,209.54,101.3,3607.29,234.82,125.43,132.13,39.36,56.4,99.75,273.63
20260929,10:33:10,47866.5,42672.13,26016.55,16653.38,123.77,1882.77,398.78,460.99,547.0,106.02,163.13,192.67,91.7,138.14,272.36,121.0,190.35,290.35,3038.08,1623.93,463.91,74.55,231.18,945.6,371.02,237.05,282.09,443.23,209.54,101.3,3607.29,234.82,125.43,132.15,39.36,56.4,99.75,273.63
20260929,10:33:15,47855.25,42663.5,26009.58,16653.17,123.78,1882.77,398.7,460.99,547.0,106.02,163.13,192.69,91.7,138.14,272.36,121.0,190.35,290.35,3037.39,1623.66,463.8,74.57,231.19,945.27,371.03,237.01,281.78,443.23,209.54,101.3,3605.17,234.82,125.43,132.15,39.36,56.4,99.94,273.63
20260929,10:33:20,47857.49,42665.68,26008.97,16652.46,123.78,1882.77,398.61,460.99,547.0,106.02,163.14,192.74,91.7,138.14,272.36,121.0,190.35,290.35,3037.58,1623.8,463.81,74.56,231.21,945.4,371.03,237.01,281.69,443.23,209.54,101.3,3605.17,234.82,125.43,132.15,39.36,56.37,99.94,273.63
20260929,10:33:25,47863.24,42670.98,26012.13,16655.1,123.84,1882.77,398.7,460.99,547.21,106.02,163.14,192.74,91.7,138.14,272.36,121.12,190.35,290.36,3037.94,1623.89,463.82,74.57,231.21,945.59,371.03,237.01,281.96,443.23,209.57,101.3,3605.44,234.82,125.44,132.15,39.36,56.37,99.94,273.63
20260929,10:33:30,47858.94,42666.8,26008.15,16650.53,123.65,1882.77,398.15,460.99,547.38,106.02,163.14,192.74,91.7,138.14,272.36,121.0,190.35,290.36,3037.72,1623.69,463.92,74.58,231.21,945.72,371.02,237.01,281.83,443.23,209.58,101.3,3605.44,234.82,125.44,132.15,39.36,56.37,99.94,273.63
20260929,10:33:35,47859.64,42667.27,26009.83,16651.75,123.9,1882.89,398.24,460.86,547.38,106.02,163.14,192.71,91.7,138.14,272.36,121.0,190.35,290.36,3037.73,1623.72,463.92,74.58,231.14,945.71,371.0,237.01,281.83,443.23,209.58,101.3,3605.63,234.82,125.44,132.15,39.36,56.37,99.94,273.63
20260929,10:33:40,47861.44,42669.28,26009.35,16652.08,123.96,1884.31,398.24,460.83,547.24,106.02,163.14,192.74,91.7,138.14,272.36,121.0,190.35,290.36,3037.88,1623.72,463.92,74.58,231.39,945.86,371.0,237.01,281.83,443.22,209.59,101.3,3605.39,234.84,125.44,132.15,39.36,56.37,99.94,273.63
20260929,10:33:45,47865.39,42673.13,26010.26,16653.12,123.96,1884.31,398.24,460.83,547.24,106.02,163.15,192.76,91.7,138.14,272.36,121.0,190.35,290.36,3038.17,1623.88,463.76,74.58,231.39,945.79,371.0,237.01,282.14,443.22,209.59,101.3,3605.39,234.84,125.44,132.15,39.36,56.38,99.94,273.93
20260929,10:33:50,47861.08,42668.99,26009.13,16652.01,123.96,1884.31,398.07,460.83,547.23,106.02,163.15,192.75,91.7,138.14,272.36,121.0,190.35,290.36,3037.86,1623.68,463.76,74.58,231.39,945.66,371.27,237.01,282.14,443.22,209.59,101.3,3605.34,234.84,125.44,132.15,39.36,56.38,99.94,273.97
20260929,10:33:55,47897.73,42704.94,26008.83,16652.48,123.83,1884.35,398.15,460.83,547.23,106.02,163.15,192.76,91.7,138.14,272.36,121.0,190.35,290.36,3040.74,1626.09,463.73,74.6,231.4,945.1,371.27,237.01,282.13,443.26,209.62,101.3,3605.12,234.84,125.44,132.12,39.36,56.38,99.94,273.97
20260929,10:34:00,47897.31,42704.51,26008.43,16651.95,123.83,1882.93,398.15,460.83,547.2,106.02,163.12,192.74,91.68,138.14,272.36,121.0,190.35,290.36,3040.72,1626.09,463.68,74.59,231.4,945.12,371.27,237.01,282.13,443.26,209.62,101.3,3605.14,234.84,125.44,132.21,39.36,56.38,99.94,274.03
20260929,10:34:05,47897.15,42704.05,26008.84,16651.4,123.83,1884.35,398.15,460.83,547.2,106.02,163.12,192.78,91.67,138.14,272.54,121.0,190.35,290.37,3040.7,1626.17,463.68,74.61,231.15,944.96,371.52,237.01,282.13,443.26,209.62,101.3,3605.42,234.77,125.31,132.21,39.36,56.38,99.94,274.0
20260929,10:34:10,47858.21,42666.36,26008.65,16652.03,123.83,1884.35,398.15,460.83,547.21,106.02,163.11,192.77,91.67,138.14,272.54,120.99,190.35,290.37,3037.65,1623.91,463.94,74.61,230.97,944.98,371.52,237.01,281.82,443.26,209.59,101.3,3605.19,234.77,125.43,132.21,39.36,56.38,99.94,274.0
20260929,10:34:15,47859.48,42667.82,26007.84,16651.83,123.83,1884.35,398.15,460.83,547.21,106.02,163.12,192.78,91.67,137.93,272.54,121.0,190.35,290.38,3037.77,1623.92,463.94,74.61,230.99,944.94,371.52,237.01,282.02,443.26,209.59,101.3,3604.99,234.77,125.43,132.21,39.36,56.4,99.94,273.95
20260929,10:34:20,47858.97,42666.82,26013.8,16657.0,123.83,1884.35,398.69,460.83,547.21,106.02,163.12,192.77,91.68,138.14,272.54,121.12,190.35,290.37,3037.56,1623.87,463.83,74.59,230.99,944.77,371.52,237.01,282.02,443.26,209.62,101.3,3605.45,234.77,125.43,132.17,39.36,56.4,99.94,273.96
20260929,10:34:25,47852.66,42660.63,26009.21,16651.59,123.83,1884.35,398.16,460.83,547.18,106.02,163.13,192.75,91.69,138.14,272.54,121.11,190.35,290.37,3037.2,1623.59,463.83,74.6,231.23,944.88,371.52,237.01,281.75,443.26,209.55,101.3,3605.48,234.77,125.43,132.17,39.36,56.4,99.94,273.65
20260929,10:34:30,47849.32,42657.79,26012.06,16656.27,123.9,1884.35,398.79,460.58,547.18,106.02,163.1,192.71,91.68,138.14,272.54,121.11,190.35,290.35,3036.85,1623.63,463.73,74.59,231.23,944.06,371.52,237.03,281.75,443.2,209.55,101.3,3605.1,235.09,125.43,132.17,39.36,56.4,99.94,273.68
20260929,10:34:35,47847.62,42656.38,26010.84,16655.67,123.83,1884.35,398.79,460.59,547.18,106.02,163.1,192.71,91.68,138.14,272.54,120.99,190.35,290.35,3036.75,1623.47,463.72,74.59,230.93,944.24,371.2,237.03,282.07,443.23,209.58,101.3,3604.89,235.09,125.43,132.17,39.36,56.41,99.94,273.68
20260929,10:34:40,47844.3,42653.55,26009.19,16655.14,123.96,1884.35,398.7,460.59,547.19,106.02,163.1,192.71,91.67,138.14,272.54,120.99,190.35,290.35,3036.54,1623.5,463.77,74.59,230.91,944.02,371.14,237.03,281.75,443.26,209.56,101.3,3604.51,235.09,125.43,132.17,39.36,56.41,99.94,273.68
20260929,10:34:45,47840.06,42651.22,26001.16,16651.94,123.96,1884.35,398.16,460.59,547.19,106.02,163.1,192.71,91.67,138.14,272.54,121.1,190.35,290.35,3036.43,1623.44,463.69,74.59,230.91,943.98,371.2,237.02,281.76,443.27,209.56,101.3,3602.87,235.09,125.43,132.17,39.36,56.41,99.94,273.68
20260929,10:34:50,47840.7,42650.08,26010.5,16656.75,123.9,1884.35,398.79,460.85,547.22,106.1,163.08,192.67,91.66,138.13,272.54,121.1,190.35,290.35,3036.22,1623.42,463.68,74.56,230.93,943.59,371.52,237.02,281.77,443.27,209.56,101.3,3604.48,235.09,125.43,132.17,39.36,56.41,99.94,273.68
20260929,10:34:55,47838.99,42650.61,26002.24,16654.62,123.9,1882.93,398.7,460.85,547.22,106.02,163.09,192.7,91.67,138.13,272.54,120.98,190.31,290.35,3036.31,1623.42,463.48,74.55,231.04,943.69,371.52,237.02,281.95,443.27,209.56,101.27,3602.48,235.09,125.43,132.17,39.36,56.42,99.94,273.67
20260929,10:35:00,47878.84,42686.44,26007.04,16650.09,123.9,1882.93,398.16,460.85,547.22,106.02,163.09,192.7,91.66,138.13,272.54,120.98,190.31,290.35,3039.31,1625.81,463.57,74.57,231.04,943.37,371.53,237.02,281.91,443.27,209.55,101.27,3605.21,234.77,125.43,132.17,39.36,56.42,99.94,273.67
20260929,10:35:05,47882.0,42689.54,26009.97,16653.54,123.96,1882.93,398.7,460.93,547.08,106.02,163.11,192.74,91.67,138.13,272.54,120.98,190.31,290.35,3039.48,1625.79,463.57,74.57,231.04,943.82,371.52,237.02,281.91,443.27,209.58,101.27,3605.19,234.77,125.31,132.17,39.4,56.42,99.94,273.67
20260929,10:35:10,47842.05,42650.61,26010.13,16653.72,123.96,1884.12,398.7,460.93,547.08,106.02,163.1,192.71,91.67,138.13,272.54,120.98,190.31,290.35,3036.34,1623.27,463.69,74.56,231.22,943.86,371.44,237.02,281.91,443.27,209.58,101.27,3605.19,234.77,125.31,132.16,39.4,56.4,99.94,273.67
20260929,10:35:15,47838.1,42646.98,26006.43,16650.2,123.9,1884.12,398.25,460.93,547.08,106.1,163.1,192.71,91.67,138.13,272.54,120.98,190.31,290.35,3036.13,1623.21,463.67,74.56,231.1,943.67,371.44,237.02,281.91,443.27,209.55,101.27,3604.99,234.77,125.31,132.16,39.4,56.4,99.94,273.67
20260929,10:35:20,47841.16,42649.96,26010.14,16654.44,123.9,1883.89,398.71,460.93,547.14,106.1,163.1,192.71,91.67,138.13,272.54,121.1,190.31,290.35,3036.27,1623.28,463.66,74.56,231.11,943.79,371.44,237.02,281.91,443.27,209.55,101.27,3605.0,234.77,125.31,132.16,39.44,56.4,99.94,273.62
20260929,10:35:25,47842.65,42651.15,26010.88,16654.43,123.9,1883.89,398.8,460.93,547.2,106.1,163.1,192.71,91.67,138.13,272.54,121.11,190.31,290.34,3036.36,1623.31,463.64,74.56,231.11,944.02,371.44,237.02,281.87,443.26,209.55,101.27,3605.23,234.77,125.19,132.16,39.44,56.42,99.94,273.62
20260929,10:35:30,47840.5,42649.11,26006.76,16649.86,123.9,1883.89,398.08,460.8,547.15,106.1,163.1,192.69,91.67,138.13,272.54,121.12,190.31,290.34,3036.31,1623.27,463.73,74.55,230.93,944.14,371.19,237.02,281.87,443.28,209.55,101.27,3605.19,234.77,125.31,132.16,39.44,56.42,99.94,273.61
20260929,10:35:35,47840.65,42649.47,26009.67,16653.93,123.9,1883.89,398.62,460.8,547.14,106.1,163.1,192.69,91.67,138.13,272.54,121.1,190.31,290.34,3036.24,1623.2,463.63,74.57,231.04,944.13,371.19,237.01,281.87,443.33,209.55,101.27,3604.99,234.77,125.31,132.16,39.44,56.42,99.94,273.66
20260929,10:35:40,47839.66,42648.76,26008.05,16652.91,123.9,1883.89,398.62,460.8,547.15,106.12,163.1,192.69,91.67,138.13,272.54,120.97,190.16,290.35,3036.21,1623.36,463.51,74.57,231.04,943.71,371.19,237.02,281.86,443.33,209.54,101.27,3604.76,234.77,125.31,132.16,39.44,56.42,99.94,273.66
20260929,10:35:45,47877.19,42685.07,26008.1,16652.13,123.9,1882.84,398.62,460.8,547.07,106.12,163.09,192.68,91.67,138.14,272.54,120.97,190.16,290.35,3039.15,1625.77,463.38,74.57,230.93,943.77,371.19,237.02,281.67,443.28,209.54,101.27,3604.99,234.77,125.31,132.16,39.44,56.42,99.94,273.66
20260929,10:35:50,47875.22,42685.17,26003.02,16653.04,123.96,1882.84,398.7,460.8,547.09,106.12,163.09,192.67,91.67,138.13,272.54,120.99,190.16,290.35,3039.14,1625.79,463.4,74.57,230.93,943.67,371.19,236.88,281.67,443.28,209.54,101.27,3603.15,234.77,125.31,132.16,39.44,56.42,99.94,273.66
20260929,10:35:55,47874.79,42682.1,26011.29,16653.68,123.96,1882.84,398.79,460.8,547.09,106.12,163.09,192.67,91.67,138.13,272.54,120.99,190.16,290.33,3038.88,1625.63,463.38,74.56,230.93,943.57,371.19,236.88,281.67,443.3,209.54,101.27,3605.56,234.77,125.31,132.17,39.44,56.42,99.94,273.66
20260929,10:36:00,47876.72,42684.22,26010.42,16653.46,123.96,1882.84,398.78,460.8,547.19,106.04,163.08,192.67,91.66,138.13,272.54,120.97,190.16,290.33,3039.05,1625.89,463.44,74.52,230.93,943.23,371.17,236.88,281.64,443.26,209.54,101.27,3605.35,234.77,125.31,132.17,39.44,56.42,99.94,273.66
20260929,10:36:05,47875.72,42683.05,26008.83,16650.99,123.96,1882.84,398.7,460.8,547.09,106.04,163.09,192.71,91.66,138.13,272.54,120.93,190.16,290.33,3039.02,1625.81,463.27,74.53,230.93,943.53,371.17,236.88,281.64,443.28,209.5,101.27,3605.53,234.77,125.19,132.17,39.44,56.42,99.94,273.64
20260929,10:36:10,47835.35,42643.97,26005.41,16647.91,123.9,1882.84,398.15,460.92,547.19,106.04,163.08,192.69,91.66,138.13,272.54,120.93,190.16,290.33,3035.94,1623.31,463.37,74.54,230.93,943.38,371.49,236.88,281.96,443.28,209.49,101.27,3605.29,234.77,125.31,132.17,39.44,56.42,99.94,273.59
20260929,10:36:15,47833.45,42642.76,26003.57,16647.93,123.9,1882.84,398.15,460.92,547.22,106.02,163.08,192.68,91.66,138.13,272.72,120.92,190.16,290.33,3035.84,1623.28,463.33,74.53,231.04,943.18,371.49,236.88,281.96,443.28,209.48,101.27,3604.71,234.77,125.31,132.16,39.44,56.42,99.94,273.59
20260929,10:36:20,47829.26,42638.97,26007.1,16652.97,123.9,1882.84,398.7,460.92,547.27,106.02,163.07,192.67,91.66,138.13,272.72,120.92,190.16,290.33,3035.42,1623.21,463.13,74.53,230.92,942.75,371.11,236.88,281.97,443.29,209.49,101.27,3604.45,234.77,125.43,132.16,39.44,56.42,99.94,273.61
20260929,10:36:25,47866.69,42675.6,26003.47,16649.32,123.9,1882.84,398.7,460.91,546.73,106.01,163.05,192.6,91.65,138.14,272.72,120.88,190.16,290.33,3038.46,1625.62,463.2,74.53,230.92,942.5,371.12,236.88,281.96,443.29,209.34,101.27,3604.3,234.77,125.43,132.17,39.44,56.42,99.94,273.61
20260929,10:36:30,47824.49,42634.48,26003.0,16648.82,123.9,1882.84,398.7,460.91,546.71,106.01,163.04,192.59,91.65,138.14,272.72,120.88,190.16,290.32,3035.15,1623.22,463.23,74.53,230.74,942.59,371.1,236.85,281.65,443.29,209.3,101.27,3604.29,234.77,125.43,132.17,39.44,56.43,99.95,273.61
20260929,10:36:35,47825.92,42635.89,26002.85,16648.65,123.96,1884.26,398.7,460.91,546.77,106.0,163.04,192.59,91.65,138.14,272.72,120.88,190.16,290.32,3035.27,1623.31,463.23,74.53,230.73,942.6,371.1,236.85,281.65,443.29,209.19,101.27,3604.29,234.77,125.43,132.17,39.44,56.43,99.95,273.6
20260929,10:36:40,47821.92,42631.57,26003.37,16647.86,123.9,1882.84,398.79,460.91,546.77,106.0,163.05,192.6,91.65,137.93,272.72,120.88,190.16,290.32,3034.94,1623.26,463.34,74.53,230.7,941.87,371.12,236.85,281.65,443.29,209.33,101.26,3604.67,234.77,125.19,132.2,39.44,56.43,99.95,273.6
20260929,10:36:45,47819.22,42628.69,26001.5,16644.86,123.9,1882.84,398.16,460.91,546.71,106.0,163.09,192.65,91.67,137.93,272.72,120.88,190.14,290.32,3034.78,1623.23,463.19,74.52,230.7,941.75,371.18,236.85,281.65,443.29,209.29,101.26,3604.9,234.77,125.43,132.2,39.44,56.41,99.95,273.6
20260929,10:36:50,47819.17,42629.27,26004.35,16650.26,123.9,1882.84,398.7,460.91,546.69,106.0,163.11,192.65,91.69,137.93,272.72,121.0,190.14,290.32,3034.7,1623.18,462.97,74.53,230.7,941.88,371.49,236.85,281.65,443.29,209.34,101.26,3604.32,234.77,125.43,132.2,39.45,56.41,99.95,273.6
20260929,10:36:55,47860.33,42668.71,26006.3,16650.26,123.9,1882.84,398.7,460.87,546.79,106.0,163.11,192.64,91.69,138.15,272.72,120.89,190.28,290.32,3037.88,1625.65,462.92,74.52,230.7,941.88,371.49,236.85,281.65,443.29,209.34,101.26,3604.93,234.77,125.43,132.2,39.45,56.42,99.95,273.59
20260929,10:37:00,47859.92,42668.35,26002.12,16645.6,123.9,1882.79,398.07,460.91,546.78,106.0,163.11,192.64,91.69,138.15,272.72,120.89,190.28,290.32,3037.96,1625.62,462.84,74.5,230.7,941.94,371.17,236.85,281.96,443.29,209.33,101.26,3604.89,234.77,125.43,132.2,39.45,56.42,99.95,273.59
20260929,10:37:05,47859.3,42669.57,25996.17,16644.85,123.9,1884.21,398.07,460.93,546.75,106.0,163.09,192.64,91.68,138.15,272.72,120.89,190.28,290.32,3038.08,1625.62,462.91,74.5,230.95,941.93,371.17,236.85,281.96,443.34,209.31,101.26,3603.24,234.77,125.31,132.2,39.45,56.42,99.95,273.59
20260929,10:37:10,47858.64,42667.15,26001.47,16645.01,123.9,1882.79,398.07,460.81,546.75,106.0,163.09,192.64,91.68,138.15,272.72,120.88,190.28,290.32,3037.88,1625.61,462.9,74.5,230.72,942.09,371.16,236.85,281.65,443.34,209.31,101.26,3604.85,234.77,125.42,132.2,39.45,56.42,99.95,273.59
20260929,10:37:15,47858.79,42667.88,25998.11,16643.09,123.9,1882.79,398.07,460.81,546.73,106.0,163.09,192.64,91.68,138.15,272.72,120.89,190.28,290.34,3037.98,1625.61,462.97,74.53,230.7,942.26,371.16,236.85,281.64,443.34,209.31,101.26,3604.32,234.77,125.18,132.2,39.45,56.41,99.95,273.59
20260929,10:37:20,47819.88,42629.96,26001.26,16646.72,123.9,1882.79,398.62,460.81,546.7,105.99,163.09,192.61,91.68,138.15,272.72,120.89,190.14,290.32,3034.84,1623.26,462.86,74.52,230.7,942.15,371.16,236.85,281.65,443.34,209.31,101.26,3604.32,234.77,125.18,132.2,39.45,56.41,99.95,273.59
20260929,10:37:25,47819.69,42632.19,25995.03,16647.61,123.9,1882.79,398.62,460.81,546.7,105.99,163.08,192.6,91.68,138.15,272.72,121.01,190.14,290.32,3035.0,1623.3,462.7,74.5,230.7,942.15,371.47,236.85,281.96,443.34,209.31,101.26,3602.13,234.77,125.18,132.2,39.45,56.41,99.95,273.64
20260929,10:37:30,47866.03,42674.82,25999.11,16643.84,123.9,1882.79,398.07,460.82,546.71,105.99,163.07,192.62,91.67,137.94,272.72,120.97,190.28,290.34,3038.52,1625.6,462.99,74.51,230.81,943.08,371.47,236.85,281.92,443.34,209.38,101.26,3604.43,234.77,125.18,132.2,39.45,56.41,99.95,273.64
20260929,10:37:35,47824.57,42634.97,25999.3,16645.93,123.9,1883.02,398.62,460.9,546.71,105.99,163.07,192.62,91.67,138.16,272.72,120.98,190.28,290.33,3035.26,1623.17,463.09,74.49,230.93,943.06,371.47,236.85,281.6,443.34,209.23,101.26,3603.92,234.77,125.06,132.2,39.45,56.41,99.95,273.64
20260929,10:37:40,47828.72,42639.39,25998.32,16646.06,123.9,1884.43,398.61,460.9,546.73,105.99,163.08,192.66,91.67,138.16,272.72,120.87,190.28,290.33,3035.62,1623.15,463.9,74.5,230.93,943.08,371.47,236.85,281.6,443.34,209.05,101.26,3603.58,234.77,125.3,132.2,39.45,56.41,99.95,273.64
20260929,10:37:45,47825.92,42641.59,25983.53,16645.53,123.9,1884.43,398.59,460.9,546.72,105.99,163.07,192.62,91.67,138.16,272.72,120.87,190.28,290.33,3035.81,1623.15,463.41,74.49,231.17,943.77,371.47,236.85,281.65,443.34,209.01,101.26,3599.1,234.77,125.3,132.2,39.45,56.42,99.95,273.64
20260929,10:37:50,47823.42,42639.42,25979.82,16642.16,123.9,1884.52,398.05,460.97,546.75,105.99,163.09,192.67,91.67,138.16,272.72,120.97,190.28,290.33,3035.71,1623.1,463.49,74.51,231.17,943.63,371.21,236.85,281.65,443.26,209.01,101.26,3598.86,234.77,125.3,132.2,39.45,56.42,99.95,273.55
20260929,10:37:55,47821.29,42637.35,25979.72,16642.05,123.9,1884.52,398.05,460.97,546.67,105.99,163.09,192.67,91.67,137.94,272.84,120.83,190.28,290.32,3035.55,1623.09,463.18,74.5,231.05,943.68,371.21,236.85,281.66,443.26,209.14,101.26,3598.86,234.77,125.3,132.2,39.45,56.42,99.95,273.55
20260929,10:38:00,47824.32,42640.34,25983.96,16647.08,123.9,1884.52,398.59,460.97,546.67,105.99,163.09,192.7,91.67,137.94,272.84,120.83,190.28,290.32,3035.67,1623.14,463.27,74.5,231.05,943.68,371.46,236.85,281.67,443.26,209.14,101.26,3598.82,234.77,125.42,132.2,39.45,56.42,99.95,273.57
20260929,10:38:05,47824.41,42640.17,25985.47,16647.94,123.9,1884.52,398.67,460.98,546.5,106.0,163.09,192.71,91.67,137.93,272.72,120.95,190.28,290.32,3035.63,1623.16,463.35,74.49,230.69,943.79,371.49,236.85,281.67,443.26,209.15,101.29,3599.06,234.77,125.42,132.2,39.45,56.42,99.95,273.57
20260929,10:38:10,47826.47,42641.59,25987.0,16647.72,123.9,1884.33,398.68,460.98,546.5,106.0,163.09,192.71,91.67,137.94,272.72,120.95,190.28,290.32,3035.75,1623.15,463.25,74.5,230.94,943.94,371.79,236.87,281.67,443.26,209.15,101.27,3599.59,234.77,125.42,132.2,39.45,56.4,99.95,273.57
20260929,10:38:15,47824.54,42639.55,25987.15,16647.38,123.77,1884.29,398.68,460.98,546.5,106.0,163.09,192.71,91.67,137.94,272.72,120.95,190.28,290.32,3035.6,1623.06,463.2,74.51,230.95,943.93,371.47,236.87,281.67,443.27,209.14,101.27,3599.73,234.74,125.42,132.2,39.45,56.42,99.95,273.57
20260929,10:38:20,47827.21,42643.0,25984.46,16647.11,123.77,1884.29,398.59,460.98,546.5,106.0,163.1,192.75,91.67,137.94,272.72,120.95,190.33,290.32,3035.88,1623.21,463.32,74.52,230.95,943.79,371.47,236.87,281.81,443.27,209.15,101.27,3598.97,234.74,125.43,132.17,39.45,56.45,99.95,273.57
20260929,10:38:25,47869.13,42682.61,25985.57,16644.28,123.9,1882.87,398.6,460.98,546.5,106.0,163.1,192.74,91.67,137.94,272.72,120.84,190.3,290.32,3039.14,1625.66,463.23,74.52,230.81,943.8,371.5,236.87,282.12,443.27,209.15,101.27,3600.08,234.74,125.19,132.17,39.45,56.45,99.95,273.55
20260929,10:38:30,47866.63,42680.6,25986.74,16647.02,123.9,1882.87,398.77,460.91,546.64,106.0,163.12,192.81,91.66,137.94,272.72,120.84,190.3,290.32,3038.91,1625.64,463.15,74.52,230.82,943.8,371.44,236.87,281.81,443.27,209.15,101.27,3599.7,234.74,125.31,132.17,39.45,56.45,99.95,273.55
20260929,10:38:35,47826.79,42642.66,25981.18,16643.58,123.9,1884.26,398.23,460.88,546.7,105.99,163.12,192.81,91.66,137.94,272.72,120.84,190.3,290.32,3035.94,1623.23,463.24,74.5,230.82,944.11,371.44,236.63,281.81,443.27,209.17,101.27,3598.9,234.74,125.31,132.07,39.45,56.43,99.95,273.55
20260929,10:38:40,47832.94,42646.46,25987.57,16643.59,123.9,1884.16,398.15,460.8,546.78,106.07,163.12,192.81,91.66,137.94,272.72,120.85,190.34,290.32,3036.25,1623.3,463.25,74.49,230.82,944.21,371.44,236.63,282.13,443.27,209.17,101.27,3600.89,234.74,125.31,132.07,39.45,56.44,99.95,273.56
20260929,10:38:45,47874.61,42687.06,25989.98,16646.36,123.9,1884.39,398.52,460.8,546.78,106.07,163.11,192.8,91.66,137.94,272.72,120.85,190.34,290.32,3039.45,1625.76,463.16,74.54,230.82,944.28,371.44,236.63,282.13,443.27,209.18,101.27,3600.89,234.74,125.31,132.07,39.45,56.44,99.95,273.56
20260929,10:38:50,47868.33,42681.24,25985.57,16642.3,123.9,1884.39,397.97,460.8,546.8,106.07,163.1,192.76,91.66,137.94,272.72,120.85,190.34,290.32,3039.08,1625.72,463.39,74.52,230.82,943.7,371.44,236.63,281.81,443.27,209.17,101.27,3600.62,234.74,125.31,132.07,39.45,56.44,99.95,273.56
20260929,10:38:55,47866.41,42679.75,25988.5,16646.92,123.9,1884.39,398.52,460.8,546.8,106.07,163.11,192.78,91.67,137.94,272.72,120.85,190.34,290.32,3038.85,1625.65,463.36,74.52,230.71,943.69,371.44,236.63,281.68,443.27,209.14,101.27,3600.28,234.74,125.31,132.07,39.45,56.44,99.95,273.87
20260929,10:39:00,47826.67,42640.86,25987.92,16645.72,123.9,1884.39,398.52,460.88,546.81,106.07,163.09,192.72,91.66,137.94,272.72,120.83,190.34,290.3,3035.74,1623.27,463.36,74.5,230.71,943.69,371.44,236.63,281.68,443.27,209.14,101.24,3600.42,234.74,125.31,132.07,39.45,56.44,99.95,273.56
20260929,10:39:05,47875.14,42687.5,25986.14,16641.7,123.9,1884.39,397.97,460.88,546.92,106.07,163.09,192.72,91.66,137.94,272.72,120.83,190.34,290.37,3039.6,1625.83,463.55,74.53,230.95,944.1,371.19,236.63,281.99,443.27,208.98,101.27,3600.96,234.74,125.31,132.07,39.45,56.44,99.95,273.87
20260929,10:39:10,47879.27,42692.12,25988.25,16646.09,123.9,1884.41,398.51,460.88,546.92,106.07,163.1,192.74,91.66,137.94,272.72,120.83,190.3,290.35,3039.86,1625.68,463.64,74.56,231.07,944.95,371.19,236.63,281.99,443.27,209.13,101.28,3600.42,234.74,125.19,132.07,39.45,56.44,99.95,273.87
20260929,10:39:15,47841.97,42655.77,25989.28,16647.29,123.9,1884.18,398.51,460.88,547.02,106.07,163.1,192.74,91.66,137.94,272.72,120.83,190.3,290.35,3036.91,1623.41,463.63,74.57,231.08,944.88,371.19,236.63,281.99,443.27,209.13,101.28,3600.42,234.74,125.31,132.07,39.45,56.44,99.95,273.87
20260929,10:39:20,47838.9,42655.15,25978.74,16643.04,123.9,1882.77,397.97,460.88,547.46,106.1,163.09,192.73,91.66,137.94,272.72,120.83,190.3,290.35,3036.96,1623.5,463.51,74.58,230.83,945.02,371.19,236.63,282.02,443.27,209.1,101.28,3598.28,234.74,125.31,132.07,39.45,56.44,99.95,273.57
20260929,10:39:25,47840.67,42656.9,25979.02,16643.49,123.9,1882.77,397.96,460.88,547.46,106.1,163.11,192.78,91.66,137.94,272.72,120.83,190.26,290.35,3037.09,1623.64,463.51,74.6,230.83,945.26,371.19,236.63,281.71,443.27,209.14,101.28,3598.25,234.74,125.31,132.07,39.45,56.44,99.95,273.57
20260929,10:39:30,47840.2,42658.6,25974.62,16645.65,123.9,1884.18,398.05,460.88,547.59,106.1,163.11,192.78,91.66,137.94,272.72,120.95,190.08,290.35,3037.17,1623.64,463.46,74.58,230.71,945.2,371.53,236.63,282.02,443.28,209.14,101.28,3596.29,234.74,125.31,132.07,39.45,56.44,99.95,273.57
20260929,10:39:35,47844.38,42660.95,25981.72,16648.05,123.9,1882.77,398.58,460.75,547.58,106.1,163.11,192.78,91.67,137.94,272.72,120.83,190.08,290.35,3037.31,1623.66,463.64,74.59,230.72,945.23,371.55,236.63,282.03,443.28,209.13,101.28,3597.85,234.74,125.31,132.07,39.45,56.44,99.95,273.57
20260929,10:39:40,47845.89,42661.84,25984.19,16648.93,123.96,1884.41,398.58,460.75,547.56,106.1,163.11,192.78,91.67,137.94,272.72,120.81,190.08,290.42,3037.36,1623.64,463.63,74.59,230.72,945.16,371.53,236.63,282.21,443.3,209.13,101.25,3598.39,234.74,125.31,132.07,39.45,56.44,99.95,273.57
20260929,10:39:45,47843.73,42659.53,25981.8,16645.51,123.9,1884.41,398.13,460.75,547.57,106.1,163.11,192.78,91.67,137.94,272.72,120.81,190.08,290.43,3037.25,1623.64,463.5,74.59,230.97,945.24,371.55,236.63,281.9,443.3,209.14,101.25,3598.57,234.74,125.31,132.07,39.45,56.44,99.95,273.57
20260929,10:39:50,47848.92,42666.81,25978.37,16649.02,123.9,1882.99,398.3,460.75,547.61,106.1,163.12,192.78,91.67,137.94,272.72,120.81,190.08,290.43,3037.76,1623.74,463.49,74.59,230.97,945.74,371.55,236.63,282.21,443.3,209.12,101.28,3596.54,234.74,125.67,132.07,39.45,56.43,99.95,273.57
20260929,10:39:55,47847.31,42665.22,25981.89,16653.01,123.9,1882.99,398.76,460.75,547.57,106.1,163.12,192.78,91.67,137.94,272.72,120.81,190.08,290.43,3037.53,1623.61,463.44,74.65,231.09,945.44,371.55,236.63,282.22,443.28,209.12,101.28,3596.56,234.74,125.78,132.07,39.45,56.43,99.95,273.52
20260929,10:40:00,47894.63,42709.68,25988.17,16654.72,123.9,1882.99,398.84,460.75,547.61,106.1,163.12,192.78,91.67,137.94,272.72,120.94,190.22,290.41,3041.07,1626.1,463.45,74.64,231.09,946.24,371.23,236.63,282.22,443.32,209.12,101.28,3598.06,234.78,125.78,132.07,39.44,56.43,99.96,273.52
20260929,10:40:05,47893.2,42708.35,25988.21,16654.96,124.02,1882.99,398.93,460.87,547.67,106.1,163.13,192.83,91.67,137.94,272.72,120.91,190.22,290.41,3040.96,1626.2,463.45,74.64,230.89,946.22,371.23,236.63,281.9,443.32,209.12,101.28,3598.01,234.71,125.66,132.07,39.44,56.43,99.96,273.52
20260929,10:40:10,47891.68,42706.63,25986.37,16652.04,124.02,1882.99,398.47,460.87,547.68,106.1,163.13,192.84,91.67,137.94,272.72,120.93,190.22,290.42,3040.89,1626.13,463.45,74.63,230.89,946.24,371.55,236.63,281.91,443.32,209.14,101.28,3598.22,234.71,125.66,132.07,39.44,56.43,99.96,273.53
20260929,10:40:15,47897.08,42714.08,25980.67,16652.82,124.02,1882.99,398.47,460.87,547.71,106.1,163.14,192.86,91.67,137.94,272.72,120.93,190.22,290.42,3041.47,1626.13,463.34,74.64,231.14,947.09,371.56,236.63,282.22,443.3,209.11,101.28,3596.23,234.71,125.78,132.07,39.44,56.43,99.96,273.52
20260929,10:40:20,47893.83,42711.15,25977.26,16649.7,124.02,1882.99,398.48,460.87,547.69,106.1,162.94,192.86,91.51,137.94,272.72,120.93,190.22,290.42,3041.31,1626.19,463.4,74.65,231.13,946.92,371.8,236.63,281.83,443.3,209.11,101.28,3596.01,234.71,125.66,132.07,39.44,56.43,99.96,273.52
20260929,10:40:25,47857.12,42675.06,25976.84,16648.1,124.02,1882.99,398.48,460.87,547.69,106.09,162.95,192.86,91.52,138.15,272.72,120.81,190.08,290.43,3038.44,1623.94,463.53,74.65,231.13,946.88,371.82,236.63,281.84,443.3,209.09,101.28,3596.31,234.71,125.54,132.07,39.44,56.43,99.96,273.52
20260929,10:40:30,47856.54,42674.49,25976.87,16648.14,124.04,1884.41,398.4,460.87,547.58,106.09,162.95,192.86,91.52,138.15,272.72,120.81,190.08,290.43,3038.39,1623.94,463.53,74.62,231.12,946.85,371.82,236.63,281.83,443.25,209.09,101.28,3596.31,234.71,125.66,132.07,39.44,56.42,99.68,273.52
20260929,10:40:35,47851.05,42668.09,25981.37,16649.8,124.04,1884.41,398.48,460.87,547.56,106.09,162.95,192.86,91.52,138.13,272.72,120.93,190.08,290.43,3037.84,1623.79,463.33,74.63,230.88,946.42,371.84,236.63,281.83,443.24,209.09,101.28,3597.27,235.04,125.66,132.07,39.44,56.42,99.68,273.52
20260929,10:40:40,47846.13,42663.45,25983.71,16653.01,124.04,1884.41,399.03,460.87,547.58,106.09,162.95,192.88,91.52,138.13,272.86,120.93,190.08,290.42,3037.39,1623.77,463.33,74.63,230.68,945.2,371.84,236.63,282.14,443.21,209.09,101.28,3597.13,235.04,125.54,132.07,39.44,56.42,99.68,273.55
20260929,10:40:45,47845.79,42663.12,25982.4,16651.51,124.04,1884.41,399.03,460.87,547.44,106.09,162.94,192.85,91.52,138.12,272.86,120.93,190.08,290.42,3037.4,1623.74,463.64,74.63,230.68,945.5,371.84,236.63,281.73,443.21,209.09,101.29,3597.13,235.04,125.42,132.07,39.44,56.42,99.68,273.55
20260929,10:40:50,47838.16,42656.54,25979.55,16651.1,124.04,1884.41,399.03,460.87,547.5,106.09,162.94,192.85,91.52,138.12,272.86,120.93,190.08,290.42,3036.88,1623.4,463.42,74.6,230.68,945.59,371.78,236.63,281.73,443.18,209.09,101.25,3596.35,234.71,125.42,132.07,39.44,56.42,99.68,273.55
20260929,10:40:55,47839.42,42657.26,25980.66,16650.66,124.04,1884.41,399.03,460.87,547.61,106.09,162.94,192.85,91.52,138.12,272.72,120.81,190.08,290.42,3036.95,1623.4,463.48,74.6,230.8,945.59,371.78,236.63,281.73,443.18,209.1,101.25,3596.81,234.71,125.42,132.07,39.44,56.42,99.68,273.55
20260929,10:41:00,47832.63,42655.14,25967.66,16650.75,124.04,1884.41,398.94,460.86,547.59,106.07,162.96,192.9,91.52,138.11,272.72,120.93,190.08,290.42,3036.77,1623.19,463.48,74.59,230.8,945.48,371.47,236.63,282.05,443.16,209.09,101.25,3592.73,234.71,125.42,132.07,39.44,56.42,99.68,273.55
20260929,10:41:05,47825.8,42649.05,25961.63,16645.72,124.04,1884.41,398.23,460.86,547.58,106.07,162.95,192.89,91.51,138.11,272.72,120.93,190.08,290.42,3036.4,1623.22,463.71,74.6,230.68,944.73,371.47,236.63,281.78,443.19,209.1,101.25,3592.21,234.71,125.42,132.07,39.44,56.42,99.68,273.58
20260929,10:41:10,47828.8,42650.38,25966.67,16646.15,123.91,1884.41,398.23,460.86,547.56,106.07,162.95,192.89,91.51,138.11,272.72,120.94,190.08,290.42,3036.5,1623.1,463.46,74.58,230.86,945.46,371.46,236.63,281.78,443.25,209.1,101.25,3593.67,234.71,125.42,132.07,39.44,56.42,99.68,273.81
20260929,10:41:15,47831.06,42652.55,25966.38,16645.75,123.91,1882.77,398.23,460.86,547.52,106.07,162.95,192.89,91.51,138.11,272.72,120.94,190.08,290.43,3036.68,1623.08,463.54,74.58,230.86,945.45,371.45,236.63,282.1,443.28,209.13,101.25,3593.69,234.71,125.42,132.07,39.44,56.42,99.68,273.81
20260929,10:41:20,47831.55,42652.76,25966.23,16644.69,123.91,1882.77,398.23,460.78,547.52,106.05,162.94,192.89,91.5,138.11,272.72,120.82,190.08,290.4,3036.73,1623.22,463.79,74.56,230.86,945.32,371.45,236.63,281.78,443.29,209.13,101.25,3593.93,234.71,125.42,132.07,39.44,56.43,99.68,273.81
20260929,10:41:25,47870.61,42690.82,25966.91,16645.47,123.91,1882.77,398.23,460.78,547.55,106.05,162.94,192.89,91.5,138.11,272.54,120.94,190.08,290.4,3039.78,1625.6,463.47,74.58,231.11,945.3,371.45,236.63,281.78,443.28,209.13,101.25,3593.93,234.71,125.42,132.07,39.44,56.43,99.68,273.82
20260929,10:41:30,47868.96,42689.06,25966.83,16644.86,123.91,1882.77,398.23,460.78,547.55,106.05,162.93,192.86,91.5,138.1,272.72,120.94,190.22,290.4,3039.65,1625.46,463.53,74.57,231.11,945.34,371.77,236.63,281.78,443.26,209.13,101.25,3594.07,234.71,125.42,132.07,39.44,56.44,99.68,273.56
20260929,10:41:35,47869.42,42689.45,25964.54,16642.04,123.91,1882.77,397.69,460.78,547.55,106.05,162.93,192.85,91.5,138.1,272.72,120.94,190.26,290.4,3039.75,1625.46,463.53,74.6,230.86,945.8,371.77,236.63,281.74,443.26,209.15,101.24,3594.12,234.71,125.54,132.07,39.44,56.44,99.68,273.56
20260929,10:41:40,47831.07,42652.31,25963.51,16641.58,123.91,1882.77,397.85,460.78,547.56,106.07,162.92,192.83,91.5,138.09,272.72,120.82,190.26,290.4,3036.77,1623.16,463.53,74.6,230.86,945.8,371.77,236.63,281.73,443.35,209.12,101.24,3593.92,234.71,125.42,132.1,39.44,56.44,99.68,273.56
20260929,10:41:45,47831.72,42652.94,25963.18,16641.19,123.91,1882.77,397.77,460.78,547.58,106.07,162.9,192.75,91.5,138.09,272.72,120.82,190.26,290.4,3036.83,1623.16,463.55,74.59,230.86,945.95,371.77,236.63,281.73,443.35,209.14,101.24,3593.92,234.71,125.42,132.1,39.44,56.47,99.68,273.56
20260929,10:41:50,47833.9,42654.55,25968.88,16646.07,123.91,1882.77,398.4,460.78,547.58,106.07,162.9,192.75,91.5,138.09,272.72,120.82,190.26,290.4,3036.84,1623.16,463.51,74.59,230.79,946.07,371.77,236.63,281.73,443.3,209.12,101.24,3594.38,234.71,125.42,132.1,39.44,56.44,99.68,273.87
20260929,10:41:55,47875.09,42692.75,25970.87,16641.84,124.04,1882.77,397.77,460.78,547.6,106.07,162.9,192.75,91.5,138.09,272.72,120.83,190.26,290.4,3040.02,1625.57,463.62,74.59,230.91,946.03,371.46,236.63,281.74,443.3,209.11,101.24,3596.15,234.71,125.42,132.1,39.44,56.44,99.68,273.87
20260929,10:42:00,47878.75,42696.73,25973.37,16646.11,124.04,1882.77,398.23,460.78,547.62,106.07,162.9,192.75,91.5,138.1,272.72,120.95,190.26,290.39,3040.24,1625.58,463.72,74.59,230.91,945.99,371.46,236.63,282.04,443.3,209.12,101.24,3595.77,234.71,125.42,132.1,39.44,56.44,99.68,273.87
20260929,10:42:05,47835.9,42655.37,25969.25,16642.7,124.04,1884.18,397.69,460.78,547.61,106.07,162.91,192.8,91.5,138.11,272.72,120.95,190.26,290.39,3036.99,1623.21,463.61,74.58,231.09,945.92,371.46,236.63,281.78,443.27,209.11,101.24,3595.41,234.71,125.42,132.1,39.44,56.44,99.68,273.87
20260929,10:42:10,47838.58,42656.25,25974.47,16642.89,124.04,1882.76,397.77,460.78,547.68,106.07,162.91,192.79,91.5,138.11,272.72,120.95,190.26,290.39,3037.05,1623.2,463.82,74.58,230.97,945.92,371.79,236.63,281.78,443.27,209.11,101.24,3596.99,234.71,125.42,132.1,39.44,56.44,99.68,273.87
20260929,10:42:15,47883.2,42699.99,25974.64,16643.97,124.04,1884.18,397.77,460.78,547.76,106.07,162.91,192.79,91.5,138.1,272.72,120.95,190.26,290.39,3040.55,1625.76,463.81,74.58,230.97,945.97,371.81,236.63,282.09,443.25,209.14,101.24,3596.75,234.71,125.42,132.1,39.44,56.44,99.68,273.87
20260929,10:42:20,47883.6,42700.38,25973.79,16642.99,124.04,1884.18,397.69,460.78,547.76,106.07,162.91,192.79,91.5,138.11,272.72,120.95,190.26,290.39,3040.61,1625.76,463.93,74.58,230.95,945.98,371.81,236.63,282.09,443.21,209.13,101.2,3596.75,234.71,125.42,132.07,39.44,56.44,99.68,273.84
20260929,10:42:25,47842.2,42662.36,25967.18,16643.14,124.04,1884.18,397.69,460.78,547.75,106.07,162.91,192.8,91.5,138.11,272.72,120.93,190.26,290.41,3037.54,1623.38,463.94,74.6,230.94,945.99,371.81,236.63,282.09,443.25,209.09,101.2,3594.65,235.04,125.42,132.07,39.44,56.44,99.68,273.84
20260929,10:42:30,47840.99,42661.4,25967.7,16644.5,124.1,1884.18,397.77,460.78,547.72,106.07,162.92,192.86,91.5,138.11,272.72,120.93,190.26,290.41,3037.43,1623.33,463.96,74.59,230.85,945.97,371.55,236.61,282.09,443.25,209.14,101.2,3594.44,235.04,125.42,132.1,39.44,56.44,99.68,273.84
20260929,10:42:35,47877.25,42697.16,25964.3,16642.03,124.1,1884.18,397.77,460.78,547.72,106.07,162.91,192.81,91.5,138.11,272.36,120.81,190.26,290.41,3040.37,1625.78,463.85,74.59,230.85,945.96,371.57,236.61,281.78,443.24,209.1,101.2,3594.05,235.04,125.3,132.09,39.44,56.44,99.68,273.84
20260929,10:42:40,47873.63,42693.64,25964.08,16641.78,124.1,1884.19,397.69,460.78,547.7,106.07,162.93,192.91,91.49,138.11,272.36,120.81,190.26,290.41,3040.09,1625.59,463.76,74.58,231.1,945.7,371.57,236.61,281.82,443.24,209.08,101.17,3594.05,234.71,125.42,132.09,39.44,56.44,99.68,273.84
20260929,10:42:45,47868.93,42688.58,25965.25,16641.54,124.04,1884.19,397.69,460.78,547.7,106.07,162.92,192.87,91.49,138.33,272.36,120.81,190.12,290.41,3039.69,1625.58,463.75,74.57,231.11,944.83,371.57,236.61,281.82,443.23,209.07,101.17,3594.48,234.71,125.42,132.09,39.44,56.44,99.68,273.83
20260929,10:42:50,47868.76,42688.45,25965.17,16641.57,124.04,1884.19,397.69,460.78,547.7,106.07,162.91,192.86,91.49,138.11,272.36,120.81,190.12,290.42,3039.68,1625.59,463.73,74.54,231.11,944.83,371.57,236.61,281.82,443.23,209.11,101.17,3594.44,234.71,125.42,132.09,39.44,56.44,99.68,273.83
20260929,10:42:55,47866.79,42688.65,25957.87,16640.27,124.04,1884.19,397.69,460.78,547.68,106.07,162.91,192.86,91.49,138.11,272.36,120.81,190.12,290.39,3039.73,1625.64,463.66,74.54,231.12,944.94,371.23,236.61,281.82,443.28,208.97,101.17,3592.52,234.71,125.42,132.09,39.44,56.46,99.68,273.83
20260929,10:43:00,47867.44,42689.5,25956.31,16639.19,123.91,1884.19,397.6,460.78,547.67,106.07,162.92,192.9,91.49,138.11,272.36,120.8,190.12,290.37,3039.82,1625.6,463.71,74.51,231.22,944.8,371.21,236.61,282.12,443.28,208.97,101.17,3592.32,234.71,125.42,132.09,39.44,56.46,99.68,273.83
20260929,10:43:05,47866.34,42687.26,25961.7,16641.46,123.91,1884.19,397.77,460.77,547.65,106.07,162.92,192.89,91.49,138.12,272.36,120.8,190.12,290.37,3039.58,1625.44,463.81,74.53,230.97,944.78,371.46,236.61,282.12,443.27,209.08,101.17,3593.39,234.71,125.42,132.09,39.44,56.46,99.68,273.83
20260929,10:43:10,47868.76,42687.42,25968.11,16641.49,123.91,1884.19,397.69,460.77,547.65,106.07,162.92,192.9,91.49,138.12,272.36,120.88,190.12,290.38,3039.6,1625.44,463.81,74.52,230.99,944.81,371.46,236.61,282.12,443.27,209.08,101.19,3595.38,234.71,125.42,132.09,39.44,56.46,99.68,273.83
20260929,10:43:15,47871.25,42689.85,25967.4,16640.68,123.91,1884.19,397.59,460.77,547.64,106.07,162.91,192.88,91.49,138.11,272.36,120.88,190.12,290.36,3039.81,1625.41,463.8,74.5,230.87,945.54,371.46,236.75,282.13,443.25,209.08,101.19,3595.38,234.71,125.42,132.09,39.45,56.46,99.68,273.87
20260929,10:43:20,47870.96,42689.94,25965.43,16639.67,124.04,1884.19,397.6,460.77,547.62,106.06,162.91,192.86,91.49,138.12,272.36,120.76,190.12,290.35,3039.84,1625.44,463.66,74.51,230.87,945.66,371.46,236.77,282.13,443.25,209.02,101.19,3595.04,234.71,125.42,132.09,39.45,56.46,99.68,273.87
20260929,10:43:25,47829.17,42649.22,25965.62,16639.89,124.04,1884.19,397.6,460.77,547.64,106.06,162.91,192.86,91.49,138.12,272.36,120.75,190.12,290.35,3036.56,1623.06,463.67,74.53,230.87,945.53,371.46,236.77,281.81,443.25,209.02,101.19,3595.04,234.78,125.43,132.09,39.45,56.46,99.68,273.87
20260929,10:43:30,47833.05,42653.0,25966.7,16641.13,124.04,1884.19,397.77,460.77,547.67,106.06,162.91,192.86,91.49,138.12,272.36,120.75,190.12,290.34,3036.83,1623.11,463.75,74.51,230.87,945.53,371.77,236.77,282.13,443.25,209.02,101.19,3595.04,234.78,125.43,132.09,39.45,56.46,99.68,273.87
20260929,10:43:35,47831.26,42651.11,25966.65,16640.56,123.91,1884.19,397.77,460.77,547.64,106.06,162.91,192.86,91.49,138.11,272.36,120.77,190.12,290.34,3036.69,1622.94,463.74,74.51,231.12,945.57,371.77,236.77,282.08,443.25,209.02,101.19,3595.18,234.78,125.41,132.09,39.45,56.46,99.68,273.87
20260929,10:43:40,47826.4,42646.16,25966.32,16639.47,123.91,1884.19,397.68,460.77,547.64,106.06,162.9,192.83,91.49,138.12,272.36,120.77,190.12,290.34,3036.32,1622.94,463.74,74.49,231.11,944.81,371.52,236.77,282.06,443.25,208.88,101.19,3595.37,234.78,125.53,132.09,39.45,56.46,99.68,273.86
20260929,10:43:45,47829.92,42649.62,25966.63,16639.95,123.91,1882.87,397.68,460.77,547.64,106.06,162.9,192.83,91.48,137.91,272.36,120.76,190.12,290.34,3036.59,1623.18,463.65,74.5,231.11,944.8,371.5,236.77,282.06,443.25,209.02,101.19,3595.34,234.78,125.53,132.09,39.45,56.46,99.68,273.86
20260929,10:43:50,47828.51,42650.51,25957.81,16637.37,123.91,1882.87,397.6,460.77,547.71,106.06,162.89,192.81,91.49,137.91,272.36,120.76,190.26,290.34,3036.72,1623.28,463.65,74.51,231.11,944.82,371.5,236.75,282.03,443.24,208.87,101.19,3593.28,234.78,125.41,132.09,39.45,56.46,99.68,273.86
20260929,10:43:55,47830.35,42650.05,25964.51,16637.52,123.91,1882.87,397.6,460.77,547.71,106.06,162.9,192.83,91.48,137.91,272.36,120.78,190.26,290.34,3036.68,1623.22,463.74,74.49,230.86,945.04,371.2,236.75,282.08,443.22,208.87,101.19,3595.34,234.78,125.41,132.09,39.45,56.46,99.68,273.86
20260929,10:44:00,47832.23,42651.88,25965.7,16638.89,123.91,1882.87,397.69,460.77,547.71,106.06,162.91,192.86,91.48,137.91,272.36,120.9,190.26,290.34,3036.8,1623.28,463.68,74.51,230.98,945.04,371.2,236.75,282.09,443.22,208.87,101.19,3595.34,234.71,125.41,132.09,39.45,56.46,99.68,273.86
20260929,10:44:05,47833.62,42653.28,25970.56,16644.64,123.91,1882.87,398.32,460.77,547.7,106.07,162.91,192.86,91.48,137.91,272.36,120.89,190.26,290.36,3036.77,1623.21,463.77,74.5,230.96,944.99,371.2,236.75,282.18,443.22,208.9,101.19,3595.29,234.71,125.53,132.09,39.45,56.46,99.68,273.86
20260929,10:44:10,47835.48,42655.1,25965.51,16638.82,123.91,1882.87,397.77,460.77,547.69,106.07,162.91,192.89,91.48,137.91,272.36,120.77,190.26,290.36,3037.06,1623.21,464.09,74.49,230.96,945.73,371.52,236.75,281.86,443.22,208.87,101.19,3595.29,234.78,125.41,132.09,39.45,56.46,99.68,273.86
20260929,10:44:15,47829.92,42649.67,25965.33,16638.62,123.91,1882.87,397.77,460.77,547.76,106.07,162.92,192.9,91.48,137.91,272.36,120.77,190.36,290.36,3036.62,1622.91,463.72,74.49,230.86,945.72,371.52,236.75,282.18,443.22,208.9,101.19,3595.29,234.78,125.41,132.09,39.45,56.46,99.68,273.56
20260929,10:44:20,47830.74,42650.76,25964.53,16638.66,123.91,1882.78,397.77,460.77,547.69,106.07,162.92,192.9,91.48,137.91,272.36,120.78,190.36,290.36,3036.71,1622.91,463.8,74.49,230.87,945.83,371.52,236.75,282.17,443.22,208.93,101.19,3595.03,234.78,125.41,132.09,39.45,56.45,99.68,273.56
20260929,10:44:25,47830.1,42649.92,25966.59,16640.31,123.91,1884.2,397.77,460.77,547.99,106.07,162.91,192.9,91.48,137.91,272.36,120.8,190.36,290.36,3036.6,1622.89,463.72,74.49,230.87,945.72,371.52,236.75,282.17,443.22,208.94,101.19,3595.23,234.78,125.41,132.09,39.45,56.45,99.68,273.56
20260929,10:44:30,47826.47,42646.37,25967.45,16641.23,123.91,1884.2,397.77,460.77,547.99,106.07,162.91,192.9,91.48,137.91,272.36,120.8,190.36,290.36,3036.29,1622.9,463.69,74.49,230.87,945.1,371.52,236.78,282.08,443.21,208.93,101.19,3595.25,234.78,125.53,132.09,39.45,56.45,99.68,273.56
20260929,10:44:35,47825.6,42645.52,25967.41,16641.18,123.91,1882.78,397.77,460.77,548.12,106.07,162.92,192.95,91.48,137.91,272.36,120.8,190.36,290.36,3036.23,1622.9,463.75,74.48,230.87,945.02,371.52,236.78,281.99,443.21,208.93,101.19,3595.25,234.78,125.53,132.09,39.45,56.44,99.68,273.56
20260929,10:44:40,47865.47,42684.42,25966.11,16639.85,123.91,1882.78,397.69,460.77,548.16,106.07,162.92,192.95,91.48,137.91,272.36,120.8,190.32,290.36,3039.39,1625.31,463.66,74.49,230.98,945.08,371.52,236.78,281.99,443.21,208.87,101.22,3595.2,234.78,125.41,132.09,39.45,56.42,99.68,273.86
20260929,10:44:45,47827.52,42647.44,25969.65,16643.93,123.91,1882.78,398.23,460.77,548.16,106.07,162.93,192.98,91.48,137.91,272.36,120.92,190.32,290.36,3036.32,1622.9,463.55,74.5,231.23,945.08,371.52,236.78,281.99,443.21,208.87,101.19,3595.2,234.78,125.41,132.09,39.45,56.44,99.68,273.56
20260929,10:44:50,47830.14,42649.99,25966.05,16639.78,123.91,1882.78,397.69,460.79,548.16,106.07,162.92,192.92,91.48,137.91,272.36,120.94,190.28,290.36,3036.62,1622.9,463.56,74.49,231.35,945.69,371.52,236.78,281.99,443.2,208.86,101.18,3595.2,234.78,125.41,132.09,39.45,56.44,99.68,273.56
20260929,10:44:55,47830.25,42650.69,25963.39,16638.69,123.91,1882.78,397.69,460.79,547.82,106.07,162.92,192.95,91.48,137.91,272.36,120.94,190.28,290.4,3036.7,1623.04,463.54,74.49,231.1,945.64,371.2,236.78,282.07,443.2,208.86,101.18,3594.67,234.78,125.41,132.09,39.46,56.42,99.68,273.56
20260929,10:45:00,47830.54,42650.97,25964.01,16639.4,123.91,1882.78,397.69,460.78,547.85,106.07,162.92,192.95,91.48,137.91,272.36,120.82,190.28,290.4,3036.71,1623.04,463.63,74.5,231.1,945.65,371.2,236.78,281.98,443.24,208.89,101.18,3594.67,234.78,125.53,132.09,39.46,56.44,99.68,273.56
20260929,10:45:05,47827.94,42648.08,25965.53,16639.96,123.91,1884.2,397.69,460.79,547.85,106.07,162.92,192.95,91.48,137.91,272.36,120.8,190.28,290.43,3036.46,1623.04,463.54,74.49,231.15,945.66,371.2,236.78,281.57,443.24,208.89,101.18,3594.99,234.78,125.41,132.09,39.46,56.44,99.68,273.87
20260929,10:45:10,47826.15,42646.34,25965.22,16639.61,123.91,1884.2,397.77,460.79,547.85,106.07,162.9,192.93,91.47,137.91,272.36,120.82,190.28,290.43,3036.33,1623.05,463.56,74.51,231.15,945.3,371.18,236.78,281.57,443.23,208.89,101.18,3594.99,234.78,125.41,132.09,39.46,56.44,99.68,273.59
20260929,10:45:15,47831.1,42651.32,25963.22,16637.82,123.91,1884.2,397.61,460.8,547.86,106.07,162.89,192.9,91.47,137.91,272.36,120.78,190.28,290.43,3036.78,1623.17,463.56,74.52,231.15,945.5,371.18,236.78,281.93,443.23,208.86,101.18,3594.85,234.78,125.41,132.09,39.46,56.44,99.68,273.58
20260929,10:45:20,47830.95,42650.86,25964.21,16637.95,123.91,1884.2,397.61,460.81,547.87,106.07,162.89,192.9,91.47,137.91,272.36,120.78,190.28,290.43,3036.74,1623.06,463.76,74.51,231.03,945.65,371.18,236.78,281.93,443.2,208.86,101.18,3595.13,234.81,125.42,132.09,39.46,56.44,99.68,273.58
20260929,10:45:25,47827.54,42647.81,25963.4,16637.9,123.91,1884.2,397.6,460.93,547.87,106.07,162.89,192.89,91.47,137.91,272.36,120.76,190.25,290.44,3036.49,1623.03,463.55,74.5,231.03,945.52,371.18,236.78,281.83,443.2,208.86,101.18,3594.89,234.81,125.42,132.09,39.5,56.44,99.68,273.56
20260929,10:45:30,47872.39,42689.62,25973.64,16643.37,124.04,1884.2,398.15,460.81,547.89,106.07,162.87,192.82,91.47,138.12,272.36,120.87,190.25,290.44,3039.73,1625.43,463.76,74.53,230.85,945.65,371.47,236.78,281.83,443.2,208.89,101.18,3596.6,234.81,125.42,132.09,39.5,56.44,99.68,273.58
20260929,10:45:35,47829.75,42648.7,25968.03,16639.02,123.91,1884.2,397.6,460.81,547.91,106.07,162.87,192.83,91.47,138.12,272.36,120.87,190.25,290.44,3036.54,1623.03,463.68,74.52,230.85,945.65,371.47,236.78,281.79,443.23,208.89,101.18,3596.03,234.81,125.42,132.08,39.5,56.42,99.68,273.6
20260929,10:45:40,47832.0,42651.38,25969.5,16642.35,123.91,1882.68,398.15,461.07,548.06,106.07,162.87,192.81,91.47,138.13,272.36,120.75,190.25,290.44,3036.67,1623.14,463.64,74.5,230.85,945.68,371.45,236.78,281.79,443.24,208.89,101.18,3595.59,234.81,125.42,132.08,39.5,56.42,99.68,273.6
20260929,10:45:45,47869.73,42688.14,25965.9,16638.2,124.04,1882.68,397.6,461.07,547.8,106.07,162.88,192.87,91.47,138.13,272.36,120.73,190.2,290.44,3039.73,1625.39,463.65,74.49,231.1,945.76,371.45,236.78,281.83,443.23,208.92,101.18,3595.59,234.88,125.42,132.08,39.5,56.42,99.68,273.56
20260929,10:45:50,47872.21,42687.2,25976.04,16638.59,124.04,1882.68,397.6,461.07,547.92,106.15,162.89,192.88,91.47,138.13,272.36,120.74,190.06,290.44,3039.65,1625.27,463.67,74.5,231.1,945.91,371.14,236.78,281.85,443.17,208.93,101.15,3598.65,234.88,125.42,132.08,39.49,56.42,99.68,273.56
20260929,10:45:55,47870.21,42686.25,25976.26,16642.23,124.04,1882.68,398.15,461.07,547.85,106.07,162.89,192.88,91.47,138.12,272.36,120.73,190.2,290.49,3039.49,1625.29,463.71,74.49,230.85,945.67,371.14,236.78,281.85,443.17,208.93,101.15,3597.73,234.86,125.42,132.08,39.49,56.42,99.68,273.56
20260929,10:46:00,47863.87,42680.33,25972.14,16638.33,123.91,1884.1,397.6,461.07,547.85,106.07,162.87,192.8,91.47,138.12,272.36,120.73,190.23,290.49,3039.1,1625.29,463.76,74.48,230.85,944.83,371.39,236.78,281.75,443.17,208.93,101.15,3597.5,234.86,125.42,132.08,39.49,56.42,99.68,273.56
20260929,10:46:05,47868.56,42685.1,25976.05,16643.48,123.91,1884.1,398.14,461.07,547.84,106.07,162.92,192.82,91.5,138.12,272.36,120.85,190.23,290.49,3039.36,1625.42,463.81,74.49,230.85,944.97,371.39,236.78,281.75,443.17,208.93,101.15,3597.32,234.86,125.42,132.08,39.49,56.42,99.68,273.56
20260929,10:46:10,47868.16,42684.71,25973.21,16640.22,123.9,1884.1,397.59,461.07,547.84,106.07,162.94,192.83,91.52,138.11,272.36,120.72,190.23,290.49,3039.41,1625.44,463.8,74.49,230.85,945.04,371.39,236.78,281.75,443.17,209.07,101.18,3597.32,234.86,125.42,132.08,39.49,56.42,99.68,273.55
20260929,10:46:15,47827.14,42644.74,25973.02,16639.99,123.9,1884.1,397.59,461.07,547.78,106.07,162.94,192.83,91.52,138.11,272.36,120.72,190.23,290.49,3036.19,1623.04,463.58,74.5,230.85,944.95,371.7,236.78,281.75,443.19,209.07,101.18,3597.32,234.86,125.42,132.08,39.49,56.42,99.68,273.53
20260929,10:46:20,47827.52,42645.33,25972.01,16639.58,123.9,1882.78,397.51,460.81,547.84,106.05,162.94,192.83,91.52,138.12,272.36,120.72,190.19,290.49,3036.25,1623.06,463.73,74.49,231.11,945.07,371.69,236.78,281.44,443.26,209.1,101.18,3597.12,235.19,125.42,132.08,39.46,56.41,99.68,273.56
20260929,10:46:25,47826.6,42646.94,25963.57,16638.29,123.9,1884.2,397.43,460.81,547.73,106.05,162.93,192.82,91.52,138.11,272.36,120.72,190.19,290.49,3036.41,1623.07,463.93,74.5,231.22,945.07,371.69,236.78,281.45,443.26,209.11,101.18,3594.83,235.19,125.3,132.08,39.46,56.41,99.68,273.56
20260929,10:46:30,47824.13,42646.51,25959.26,16639.92,123.9,1884.2,397.52,460.81,547.73,106.05,162.93,192.81,91.52,138.11,272.36,120.72,190.19,290.49,3036.34,1623.09,463.94,74.48,230.97,945.07,371.71,236.79,281.46,443.25,209.11,101.18,3593.04,235.19,125.42,132.08,39.46,56.41,99.68,273.59
20260929,10:46:35,47860.71,42682.43,25958.57,16640.06,123.9,1884.27,397.52,460.81,547.81,106.05,162.93,192.8,91.52,138.11,272.36,120.84,190.19,290.49,3039.23,1625.21,463.72,74.49,231.15,945.06,371.71,236.79,281.77,443.23,209.06,101.18,3592.79,234.86,125.42,132.09,39.46,56.41,99.68,273.59
20260929,10:46:40,47857.76,42679.4,25959.15,16640.21,123.9,1884.27,397.51,460.8,547.81,106.05,162.93,192.8,91.52,138.11,272.54,120.72,190.22,290.49,3038.98,1625.24,463.56,74.49,231.15,944.95,371.71,236.79,281.46,443.23,209.07,101.18,3592.93,234.86,125.42,132.09,39.46,56.41,99.68,273.89
20260929,10:46:45,47860.64,42680.07,25965.61,16640.49,123.9,1882.85,397.75,460.8,547.81,106.05,162.9,192.84,91.48,138.11,272.42,120.73,190.22,290.51,3039.03,1625.24,463.56,74.49,231.15,945.07,371.71,236.81,281.45,443.17,209.01,101.18,3594.87,234.86,125.42,132.09,39.46,56.41,99.68,273.88
20260929,10:46:50,47862.27,42681.97,25968.42,16644.75,123.9,1882.85,398.3,460.8,547.79,106.07,162.9,192.82,91.48,138.11,272.42,120.74,190.22,290.51,3039.08,1625.24,463.54,74.47,231.4,945.03,371.39,236.81,281.45,443.17,209.05,101.18,3594.6,234.86,125.42,132.09,39.46,56.41,99.68,273.88
20260929,10:46:55,47823.07,42641.6,25971.29,16640.77,123.9,1882.85,397.76,460.8,547.79,106.07,162.9,192.84,91.49,138.12,272.42,120.86,190.22,290.51,3035.92,1622.86,463.56,74.49,231.03,944.94,371.39,236.8,281.63,443.14,209.05,101.18,3596.57,234.86,125.42,132.09,39.46,56.4,99.68,273.57
20260929,10:47:00,47865.75,42682.96,25971.15,16639.86,123.9,1882.85,397.68,460.8,547.77,106.07,162.9,192.84,91.49,138.11,272.42,120.86,190.22,290.51,3039.28,1625.24,463.57,74.49,231.03,945.55,371.41,236.8,281.63,443.14,209.05,101.18,3596.77,234.86,125.42,132.06,39.46,56.4,99.68,273.55
20260929,10:47:05,47864.49,42683.03,25966.53,16638.92,123.9,1882.85,397.68,460.8,547.77,106.07,162.9,192.84,91.49,138.12,272.42,120.85,190.22,290.51,3039.31,1625.22,463.6,74.49,231.03,945.66,371.41,236.8,281.63,443.14,209.05,101.18,3595.59,234.86,125.3,132.06,39.46,56.41,99.68,273.56
20260929,10:47:10,47823.98,42643.47,25970.16,16642.78,123.9,1882.85,398.22,460.8,547.69,106.07,162.9,192.82,91.49,138.12,272.42,120.74,190.22,290.51,3036.02,1622.83,463.73,74.49,230.85,945.69,371.16,236.8,281.32,443.15,209.05,101.18,3595.68,234.86,125.41,132.06,39.47,56.41,99.68,273.56
20260929,10:47:15,47822.43,42642.18,25967.09,16639.99,123.9,1882.85,397.68,460.8,547.58,106.07,162.9,192.84,91.48,138.13,272.42,120.74,190.22,290.51,3035.99,1622.83,463.74,74.48,230.97,945.51,371.16,236.8,281.32,443.15,209.0,101.18,3595.47,234.86,125.65,132.06,39.47,56.41,99.68,273.58
20260929,10:47:20,47862.5,42681.69,25963.32,16637.24,123.9,1883.22,397.6,460.8,547.58,106.05,162.88,192.77,91.48,138.12,272.42,120.74,190.22,290.51,3039.24,1625.23,463.72,74.49,230.97,945.77,371.16,236.8,281.36,443.11,209.0,101.18,3595.04,234.86,125.41,132.06,39.47,56.39,99.68,273.6
20260929,10:47:25,47863.16,42682.13,25965.33,16638.83,123.9,1883.22,397.51,460.8,547.55,106.05,162.88,192.77,91.48,138.12,272.42,120.74,190.22,290.51,3039.23,1625.23,463.84,74.48,230.97,945.77,371.16,236.8,281.26,443.11,209.02,101.18,3595.24,234.86,125.65,132.07,39.47,56.43,99.68,273.6
20260929,10:47:30,47861.05,42680.48,25962.52,16636.98,123.9,1883.22,397.51,460.8,547.55,106.04,162.88,192.77,91.48,138.12,272.42,120.75,190.22,290.52,3039.15,1625.22,463.76,74.49,231.1,945.56,371.16,236.79,281.26,443.1,209.02,101.18,3594.86,234.86,125.41,132.07,39.47,56.43,99.68,273.6
20260929,10:47:35,47861.95,42680.64,25964.63,16636.98,123.9,1883.22,397.51,460.8,547.55,106.04,162.88,192.77,91.48,138.12,272.42,120.78,190.22,290.53,3039.16,1625.26,463.83,74.49,230.85,945.57,371.48,236.79,281.26,443.09,209.01,101.18,3595.52,234.82,125.41,132.07,39.47,56.43,99.68,273.6
20260929,10:47:40,47863.49,42681.51,25968.08,16638.83,124.02,1884.63,397.51,460.8,547.56,106.04,162.86,192.75,91.47,138.12,272.42,120.9,190.22,290.53,3039.18,1625.37,463.92,74.49,230.85,944.81,371.48,236.79,281.57,443.09,209.01,101.2,3596.1,234.82,125.41,132.09,39.47,56.44,99.68,273.6
20260929,10:47:45,47860.18,42678.28,25971.52,16642.79,124.02,1884.63,398.05,460.8,547.55,106.04,162.86,192.75,91.47,138.12,272.42,120.78,190.22,290.53,3038.83,1625.3,463.83,74.47,230.85,944.7,371.18,236.79,281.31,443.11,209.01,101.2,3596.1,234.82,125.41,132.09,39.47,56.44,99.68,273.91
20260929,10:47:50,47826.48,42645.71,25967.25,16638.76,124.02,1884.61,397.51,460.8,547.55,106.04,162.86,192.75,91.47,138.12,272.42,120.78,190.22,290.55,3036.3,1622.98,463.71,74.47,230.97,945.42,371.18,236.79,281.62,443.11,209.01,101.2,3595.86,234.82,125.41,132.09,39.47,56.42,99.68,273.92
20260929,10:47:55,47865.8,42684.49,25966.06,16638.98,124.02,1884.61,397.59,460.8,547.38,106.04,162.86,192.75,91.47,138.12,272.42,120.78,190.22,290.58,3039.42,1625.5,463.71,74.47,230.97,945.46,371.44,236.79,281.31,443.11,209.01,101.2,3595.42,234.82,125.41,132.09,39.47,56.44,99.68,273.92
20260929,10:48:00,47823.21,42644.2,25962.54,16638.96,123.9,1884.39,397.67,460.8,547.38,106.04,162.86,192.75,91.47,138.12,272.42,120.78,190.22,290.55,3036.17,1623.08,463.71,74.48,230.77,945.46,371.44,236.79,281.22,443.11,209.01,101.2,3594.33,234.82,125.41,132.09,39.47,56.44,99.68,273.9
20260929,10:48:05,47864.22,42684.76,25958.11,16635.9,123.9,1884.61,397.59,460.55,547.38,106.04,162.87,192.78,91.47,138.12,272.42,120.77,190.08,290.55,3039.52,1625.6,463.72,74.47,230.88,945.57,371.45,236.65,281.22,443.11,208.87,101.2,3593.78,234.82,125.41,132.09,39.47,56.44,99.67,273.59
20260929,10:48:10,47826.64,42648.26,25957.45,16635.5,123.9,1883.2,397.59,460.55,547.38,106.04,162.88,192.78,91.48,138.12,272.42,120.77,190.08,290.56,3036.59,1623.2,463.73,74.48,231.13,945.61,371.44,236.65,281.31,443.11,208.87,101.2,3593.68,234.82,125.41,132.09,39.47,56.44,99.67,273.59
20260929,10:48:15,47824.54,42646.61,25957.14,16636.47,123.9,1883.2,397.68,460.55,547.24,106.04,162.88,192.76,91.48,138.12,272.42,120.77,190.08,290.56,3036.43,1622.98,463.74,74.47,230.88,945.72,371.75,236.62,281.62,443.11,208.86,101.2,3593.32,234.82,125.53,132.09,39.47,56.44,99.67,273.59
20260929,10:48:20,47817.32,42639.61,25956.09,16635.38,124.02,1883.2,397.59,460.8,547.24,106.04,162.87,192.73,91.48,138.12,272.42,120.77,190.08,290.56,3035.89,1622.86,463.72,74.47,230.88,944.98,371.5,236.62,281.53,443.12,208.84,101.2,3593.29,234.82,125.41,132.09,39.47,56.44,99.67,273.59
20260929,10:48:25,47818.61,42640.66,25961.64,16641.07,124.02,1883.2,398.38,460.92,547.27,106.04,162.87,192.73,91.48,138.12,272.42,120.78,190.05,290.56,3035.84,1622.9,463.72,74.47,230.88,944.86,371.5,236.62,281.44,443.14,208.81,101.2,3593.48,234.82,125.41,132.09,39.47,56.44,99.67,273.59
20260929,10:48:30,47819.14,42640.2,25959.85,16635.75,124.02,1883.2,397.67,460.92,547.24,106.04,162.87,192.73,91.48,138.12,272.42,120.77,190.05,290.56,3035.93,1623.0,463.73,74.46,230.77,944.87,371.5,236.62,281.44,443.14,208.81,101.2,3594.36,234.82,125.41,132.09,39.47,56.44,99.67,273.59
20260929,10:48:35,47819.64,42640.89,25959.19,16635.7,124.02,1883.2,397.67,460.91,547.22,106.05,162.87,192.72,91.48,138.12,272.42,120.77,190.05,290.55,3035.99,1623.01,463.85,74.46,230.77,944.85,371.18,236.63,281.48,443.14,208.82,101.21,3594.17,234.82,125.41,132.09,39.47,56.43,99.67,273.58
20260929,10:48:40,47817.05,42638.38,25955.87,16631.87,124.02,1883.2,397.04,460.91,547.11,106.05,162.86,192.72,91.47,138.11,272.42,120.89,190.05,290.56,3035.88,1623.01,463.74,74.46,230.9,944.72,371.18,236.63,281.38,443.14,208.87,101.21,3594.17,234.82,125.41,132.09,39.47,56.43,99.67,273.58
20260929,10:48:45,47813.25,42635.5,25952.55,16630.83,124.02,1883.2,397.04,460.91,547.11,106.05,162.86,192.72,91.47,138.11,272.42,120.75,190.05,290.56,3035.67,1622.99,463.75,74.44,230.9,944.69,371.18,236.62,281.07,443.14,208.87,101.21,3593.42,234.82,125.41,132.09,39.47,56.41,99.67,273.58
20260929,10:48:50,47856.68,42679.63,25951.27,16635.45,124.02,1883.2,397.67,460.91,547.11,106.05,162.86,192.72,91.47,138.11,272.42,120.75,190.05,290.53,3039.11,1625.45,463.84,74.46,230.9,944.71,371.18,236.62,281.43,443.1,208.87,101.21,3591.76,234.82,125.41,132.09,39.47,56.43,99.67,273.58
20260929,10:48:55,47854.88,42678.47,25949.66,16635.56,124.02,1883.2,397.59,460.91,547.12,106.05,162.85,192.68,91.47,138.11,272.42,120.75,190.19,290.76,3039.02,1625.42,463.81,74.45,230.91,944.97,371.49,236.62,281.14,443.1,208.88,101.21,3591.23,234.82,125.41,132.09,39.47,56.43,99.67,273.6
20260929,10:49:00,47856.15,42677.1,25957.4,16635.74,123.9,1882.94,397.59,460.91,547.12,106.05,162.85,192.68,91.47,138.11,272.42,120.74,190.19,290.78,3038.9,1625.27,463.73,74.46,230.91,944.96,371.49,236.62,281.31,443.1,208.87,101.21,3593.6,234.82,125.41,132.09,39.47,56.43,99.67,273.85
20260929,10:49:05,47816.13,42638.53,25957.12,16636.82,123.9,1882.94,397.59,460.91,547.13,106.05,162.85,192.68,91.47,138.1,272.42,120.87,190.19,290.78,3035.77,1622.86,463.71,74.46,230.66,944.8,371.49,236.62,281.62,443.1,208.88,101.21,3593.22,234.82,125.41,132.12,39.47,56.43,99.67,273.9
20260929,10:49:10,47812.52,42634.42,25954.49,16631.83,123.9,1882.94,397.04,460.91,547.03,106.05,162.85,192.68,91.47,138.1,272.42,120.74,190.19,290.78,3035.56,1622.86,463.61,74.46,230.66,944.82,371.49,236.62,281.3,443.1,208.88,101.21,3593.75,234.82,125.41,132.12,39.47,56.43,99.67,273.9
20260929,10:49:15,47810.55,42631.98,25956.14,16632.0,123.9,1882.94,397.04,461.04,547.03,106.05,162.85,192.68,91.47,138.11,272.42,120.76,190.19,290.76,3035.36,1622.85,463.59,74.46,231.09,944.06,371.14,236.62,281.3,443.1,208.88,101.21,3594.22,234.82,125.41,132.12,39.47,56.44,99.67,273.9
20260929,10:49:20,47855.9,42674.07,25962.27,16632.02,123.9,1882.72,397.04,461.04,547.03,106.05,162.86,192.74,91.47,138.11,272.42,120.76,190.19,290.76,3038.75,1625.41,463.67,74.45,231.02,944.2,371.39,236.62,281.3,443.1,208.87,101.21,3596.13,234.82,125.41,132.12,39.47,56.44,99.67,273.9
20260929,10:49:25,47859.22,42677.05,25962.89,16631.88,123.9,1882.72,397.04,461.04,547.01,106.05,162.86,192.72,91.47,138.11,272.42,120.76,190.19,290.76,3038.99,1625.52,463.57,74.46,231.13,944.04,371.39,236.62,281.6,443.1,208.87,101.21,3596.36,234.82,125.41,132.12,39.47,56.44,99.67,273.9
20260929,10:49:30,47853.06,42671.63,25961.52,16632.28,123.9,1882.61,397.04,461.04,547.01,106.05,162.86,192.73,91.47,138.11,272.42,120.76,190.19,290.76,3038.55,1625.26,463.57,74.46,231.32,944.03,371.39,236.62,281.29,443.1,208.92,101.21,3595.83,234.82,125.41,132.12,39.47,56.44,99.67,273.9
20260929,10:49:35,47847.11,42668.3,25953.52,16631.31,123.9,1882.61,397.04,461.04,546.97,106.05,162.86,192.71,91.47,138.11,272.42,120.76,190.19,290.83,3038.3,1625.25,463.57,74.46,230.66,944.03,371.39,236.62,281.3,443.1,208.92,101.21,3593.59,234.82,125.29,132.12,39.47,56.44,99.67,273.91
20260929,10:49:40,47807.71,42630.22,25953.71,16632.57,123.9,1882.61,397.12,460.9,547.01,106.05,162.86,192.71,91.48,138.11,272.42,120.88,190.19,290.83,3035.2,1622.8,463.57,74.46,230.91,944.06,371.37,236.76,281.25,443.11,208.85,101.21,3593.31,235.15,125.29,132.12,39.47,56.42,99.67,273.91
20260929,10:49:45,47811.26,42633.27,25955.01,16632.7,123.9,1882.61,397.12,460.91,547.0,106.03,162.86,192.71,91.48,138.11,272.42,120.77,190.01,290.83,3035.44,1622.96,463.59,74.45,231.08,943.99,371.37,236.76,281.25,443.15,208.85,101.21,3593.68,235.15,125.41,132.12,39.47,56.44,99.67,273.91
20260929,10:49:50,47812.37,42632.38,25961.03,16633.02,123.9,1882.61,397.12,460.91,547.0,106.03,162.86,192.71,91.48,138.11,272.42,120.76,190.01,290.79,3035.37,1622.85,463.59,74.45,231.08,944.01,371.39,236.76,281.35,443.15,208.89,101.21,3595.47,235.15,125.41,132.12,39.47,56.44,99.67,273.91
20260929,10:49:55,47807.97,42628.73,25958.17,16631.84,123.9,1884.03,397.12,460.91,547.0,106.03,162.86,192.71,91.48,138.11,272.42,120.76,190.01,290.78,3035.1,1622.83,463.59,74.45,230.95,943.7,371.41,236.76,281.25,443.2,208.89,101.21,3594.9,235.15,125.29,132.12,39.47,56.44,99.67,273.61
20260929,10:50:00,47807.7,42630.87,25955.98,16637.4,123.9,1884.03,397.58,460.91,547.01,106.03,162.87,192.74,91.48,138.11,272.42,120.75,190.01,290.78,3035.14,1622.94,463.54,74.43,230.77,943.69,371.41,236.76,281.25,443.25,209.01,101.21,3592.7,235.15,125.41,132.12,39.47,56.44,99.67,273.6
20260929,10:50:05,47804.72,42627.99,25955.53,16636.96,123.9,1884.03,397.66,460.91,547.01,106.03,162.87,192.75,91.48,138.11,272.42,120.75,190.01,290.78,3034.92,1622.76,463.54,74.43,230.65,943.76,371.41,236.76,281.3,443.25,209.0,101.21,3592.68,235.15,125.29,132.12,39.47,56.44,99.67,273.6
20260929,10:50:10,47801.15,42622.64,25961.33,16637.35,123.9,1884.03,397.65,460.91,547.01,106.03,162.87,192.73,91.48,137.9,272.42,120.75,189.87,290.74,3034.48,1622.44,463.54,74.43,230.65,943.36,371.12,236.76,281.6,443.25,209.01,101.21,3594.39,235.18,125.41,132.12,39.47,56.44,99.67,273.61
20260929,10:50:15,47797.67,42622.98,25950.73,16637.64,123.77,1884.03,397.57,460.9,547.16,106.03,162.87,192.74,91.48,137.89,272.54,120.86,189.87,290.74,3034.5,1622.58,463.56,74.4,230.65,943.46,371.07,236.76,281.27,443.27,209.01,101.21,3591.0,235.18,125.41,132.09,39.47,56.44,99.67,273.61
20260929,10:50:20,47804.0,42626.72,25956.63,16636.28,123.77,1884.03,397.57,460.9,547.08,106.03,162.88,192.77,91.48,137.89,272.54,120.86,189.87,290.74,3034.83,1622.49,463.65,74.39,230.91,944.2,371.07,236.62,281.27,443.27,208.9,101.21,3593.21,235.18,125.41,132.07,39.47,56.44,99.67,273.61
20260929,10:50:25,47804.44,42625.62,25959.17,16634.12,123.77,1884.03,397.57,460.9,547.06,106.03,162.88,192.77,91.48,137.89,272.54,120.74,189.87,290.74,3034.79,1622.52,463.65,74.39,230.85,944.07,371.07,236.62,281.27,443.32,208.9,101.21,3594.59,235.18,125.29,131.97,39.47,56.44,99.67,273.56
20260929,10:50:30,47801.4,42622.86,25960.15,16635.9,123.77,1884.03,397.57,460.9,547.07,106.04,162.88,192.78,91.48,137.89,272.54,120.74,189.87,290.74,3034.53,1622.57,463.56,74.37,230.85,943.43,371.07,236.62,281.27,443.32,209.05,101.21,3594.41,234.85,125.41,131.97,39.47,56.42,99.67,273.56
20260929,10:50:35,47797.61,42619.16,25960.92,16636.79,123.77,1884.03,397.58,460.9,547.04,106.04,162.87,192.78,91.48,137.89,272.54,120.86,189.87,290.74,3034.21,1622.4,463.56,74.38,230.6,943.42,371.07,236.62,281.26,443.32,209.05,101.21,3594.41,234.85,125.41,131.97,39.47,56.44,99.67,273.56
20260929,10:50:40,47794.74,42616.52,25960.16,16636.43,123.77,1884.4,397.57,460.9,547.04,106.04,162.88,192.78,91.48,137.88,272.54,120.86,189.87,290.74,3034.01,1622.4,463.75,74.38,230.48,942.85,371.07,236.62,281.25,443.25,209.01,101.21,3594.27,234.85,125.41,131.97,39.47,56.44,99.67,273.56
20260929,10:50:45,47837.81,42658.33,25959.11,16634.7,123.77,1882.98,397.58,460.9,546.92,106.04,162.89,192.82,91.48,137.89,272.54,120.74,189.87,290.74,3037.42,1624.94,463.56,74.39,230.48,943.31,371.07,236.62,281.25,443.25,209.01,101.21,3594.41,234.85,125.41,131.97,39.47,56.42,99.67,273.55
20260929,10:50:50,47798.58,42620.27,25959.09,16635.2,123.77,1882.98,397.58,460.9,547.07,106.05,162.89,192.83,91.48,137.89,272.54,120.74,189.87,290.74,3034.34,1622.54,463.67,74.39,230.48,943.14,371.07,236.62,281.35,443.25,209.01,101.21,3594.27,234.85,125.41,131.97,39.47,56.42,99.67,273.55
20260929,10:50:55,47793.2,42617.37,25951.95,16634.84,123.77,1882.98,397.5,460.9,547.07,106.05,162.87,192.78,91.47,137.89,272.54,120.86,189.87,290.7,3034.11,1622.39,463.66,74.39,230.48,942.65,371.38,236.62,281.67,443.21,209.01,101.21,3592.14,234.85,125.41,131.97,39.46,56.4,99.67,273.55
20260929,10:51:00,47792.47,42616.43,25947.87,16629.4,123.77,1882.98,396.87,460.9,547.05,106.05,162.87,192.78,91.47,137.89,272.54,120.86,189.87,290.73,3034.17,1622.38,463.74,74.4,230.48,942.76,371.07,236.62,281.67,443.26,209.01,101.21,3592.34,234.85,125.29,131.97,39.46,56.4,99.67,273.55
20260929,10:51:05,47798.44,42620.16,25957.57,16633.57,123.77,1882.98,397.41,460.9,546.98,106.05,162.87,192.78,91.47,137.89,272.54,120.74,189.87,290.73,3034.37,1622.41,463.59,74.39,230.72,943.09,371.11,236.62,281.67,443.26,209.04,101.21,3594.24,234.85,125.41,131.97,39.46,56.4,99.67,273.55
20260929,10:51:10,47793.49,42614.86,25955.47,16629.56,123.77,1883.21,396.87,460.9,546.98,106.05,162.87,192.77,91.47,137.89,272.54,120.75,189.87,290.73,3034.04,1622.39,463.58,74.39,230.72,943.08,370.8,236.62,281.15,443.26,209.04,101.21,3594.67,234.85,125.41,131.97,39.46,56.38,99.67,273.55
20260929,10:51:15,47834.18,42654.67,25958.86,16634.0,123.77,1884.63,397.4,460.9,546.94,106.05,162.87,192.77,91.47,137.89,272.54,120.76,189.87,290.71,3037.14,1624.77,463.59,74.39,230.48,943.32,370.8,236.62,281.15,443.26,209.04,101.21,3594.53,234.84,125.42,131.97,39.46,56.38,99.67,273.55
20260929,10:51:20,47835.0,42655.93,25956.87,16633.27,123.77,1884.63,397.4,460.9,546.96,106.05,162.87,192.75,91.48,137.89,272.54,120.76,189.87,290.72,3037.26,1624.79,463.59,74.39,230.71,943.32,370.8,236.62,281.15,443.26,209.04,101.19,3594.1,234.84,125.3,131.97,39.46,56.4,99.67,273.55
20260929,10:51:25,47784.82,42607.13,25954.92,16631.31,123.78,1884.63,397.04,460.9,546.82,106.05,162.89,192.78,91.49,137.89,272.54,120.75,189.87,290.72,3033.37,1621.78,463.59,74.37,230.83,943.32,370.79,236.62,281.15,443.26,209.04,101.18,3594.03,234.84,125.42,131.97,39.46,56.4,99.67,273.55
20260929,10:51:30,47783.13,42605.42,25955.14,16631.38,123.78,1884.63,396.95,460.78,546.82,106.05,162.9,192.81,91.49,137.89,272.54,120.87,189.87,290.72,3033.23,1621.71,463.59,74.39,230.83,943.16,370.79,236.62,281.15,443.26,209.05,101.18,3594.07,234.77,125.42,131.97,39.46,56.4,99.67,273.52
20260929,10:51:35,47782.77,42604.59,25956.79,16631.65,123.97,1884.63,396.95,460.78,546.78,106.05,162.89,192.79,91.49,137.89,272.54,120.87,189.87,290.72,3033.16,1621.73,463.59,74.37,230.58,943.12,371.11,236.48,281.15,443.25,209.05,101.18,3594.52,234.77,125.42,131.97,39.46,56.4,99.67,273.52
20260929,10:51:40,47781.78,42603.65,25956.29,16631.19,123.91,1883.21,396.96,460.77,546.75,106.05,162.9,192.81,91.49,138.1,272.54,120.87,189.87,290.71,3033.09,1621.58,463.56,74.37,230.45,943.14,371.37,236.48,281.45,443.25,209.05,101.18,3594.49,234.77,125.42,131.97,39.46,56.4,99.67,273.52
20260929,10:51:45,47783.07,42604.86,25956.02,16630.68,123.91,1884.63,397.04,460.77,546.6,105.97,162.9,192.81,91.49,137.89,272.54,120.77,189.87,290.74,3033.2,1621.58,463.48,74.36,230.7,943.24,371.37,236.48,281.51,443.25,209.03,101.18,3594.54,234.77,125.42,131.97,39.47,56.42,99.67,273.52
20260929,10:51:50,47782.03,42602.92,25959.4,16631.49,123.91,1884.63,397.04,460.89,546.54,105.97,162.89,192.77,91.49,137.89,272.54,120.89,189.87,290.73,3033.03,1621.52,463.56,74.34,230.81,942.98,371.06,236.48,281.47,443.31,209.03,101.18,3595.37,234.77,125.42,131.97,39.47,56.42,99.67,273.52
20260929,10:51:55,47820.58,42640.22,25959.34,16630.55,123.91,1884.63,396.95,460.89,546.54,105.97,162.86,192.72,91.47,137.89,272.54,120.89,189.87,290.73,3036.06,1623.88,463.53,74.33,230.81,942.93,371.06,236.48,281.47,443.36,209.03,101.18,3595.61,234.77,125.42,131.95,39.47,56.42,99.67,273.52
20260929,10:52:00,47771.46,42593.21,25956.5,16630.1,123.91,1884.63,396.95,460.89,546.47,105.97,162.85,192.72,91.47,137.88,272.54,120.89,189.91,290.73,3032.28,1621.31,463.41,74.31,230.82,942.08,370.77,236.48,281.46,443.36,209.03,101.18,3594.85,234.77,125.42,131.95,39.47,56.4,99.67,273.52
20260929,10:52:05,47769.32,42591.28,25955.13,16629.06,123.91,1884.63,396.95,460.89,546.21,105.97,162.84,192.67,91.47,137.88,272.54,120.87,189.91,290.73,3032.15,1621.31,463.41,74.3,230.57,942.06,370.77,236.48,281.45,443.36,209.03,101.18,3594.7,234.77,125.42,131.95,39.47,56.4,99.67,273.55
20260929,10:52:10,47764.82,42587.32,25953.57,16628.68,123.91,1883.21,397.04,460.88,546.19,105.97,162.85,192.67,91.48,137.88,272.54,120.87,189.91,290.72,3031.84,1621.32,463.44,74.29,230.45,941.78,370.73,236.48,281.14,443.34,209.03,101.18,3594.32,234.77,125.42,131.85,39.47,56.4,99.67,273.55
20260929,10:52:15,47766.16,42588.63,25953.11,16628.15,123.91,1883.21,396.96,460.88,546.17,105.97,162.84,192.66,91.48,137.88,272.54,120.87,189.91,290.72,3031.96,1621.3,463.42,74.29,230.45,942.07,371.02,236.48,281.14,443.34,209.04,101.18,3594.32,234.77,125.42,131.85,39.47,56.4,99.67,273.55
20260929,10:52:20,47768.18,42590.33,25949.11,16622.7,123.91,1883.1,396.33,460.88,546.31,105.97,162.84,192.63,91.47,137.88,272.54,120.77,189.87,290.7,3032.23,1621.3,463.41,74.27,230.44,942.77,371.01,236.48,281.14,443.34,209.0,101.18,3594.55,234.77,125.3,131.85,39.47,56.4,99.67,273.86
20260929,10:52:25,47809.71,42631.39,25948.18,16623.59,123.97,1883.07,396.33,460.88,546.36,105.97,162.83,192.61,91.47,137.88,272.54,120.77,189.87,290.7,3035.51,1623.64,463.57,74.29,230.6,942.65,371.01,236.48,281.44,443.34,209.06,101.18,3594.02,234.77,125.3,131.85,39.47,56.4,99.67,273.86
20260929,10:52:30,47768.07,42591.03,25946.34,16622.19,123.91,1883.07,396.33,460.88,546.41,105.97,162.83,192.61,91.47,137.88,272.54,120.77,189.87,290.7,3032.29,1621.12,463.56,74.3,230.72,942.65,371.01,236.46,281.44,443.34,208.9,101.18,3593.82,234.77,125.3,131.85,39.47,56.42,99.67,273.86
20260929,10:52:35,47763.44,42586.67,25946.12,16622.46,123.91,1883.07,396.41,460.88,546.44,106.05,162.83,192.61,91.47,137.66,272.54,120.75,189.87,290.7,3031.94,1621.09,463.36,74.27,230.54,942.77,370.69,236.6,281.12,443.34,208.87,101.18,3593.68,234.77,125.3,131.85,39.47,56.44,99.67,273.85
20260929,10:52:40,47763.84,42586.87,25946.05,16621.7,123.91,1883.07,396.31,460.88,546.42,106.05,162.83,192.61,91.47,137.66,272.54,120.75,189.87,290.7,3031.97,1621.09,463.26,74.29,230.72,942.76,370.69,236.6,281.12,443.34,208.87,101.18,3593.86,234.77,125.3,131.85,39.47,56.44,99.67,273.85
20260929,10:52:45,47801.3,42623.22,25947.09,16622.4,123.97,1883.07,396.3,460.88,546.37,106.05,162.82,192.58,91.47,137.66,272.54,120.9,189.87,290.7,3034.88,1623.5,463.26,74.3,230.6,942.33,370.69,236.6,281.12,443.34,208.87,101.2,3594.0,234.77,125.3,131.85,39.47,56.44,99.67,273.85
20260929,10:52:50,47807.4,42630.99,25940.64,16621.14,123.97,1883.07,396.3,460.88,546.36,106.05,162.82,192.63,91.46,137.66,272.54,120.73,189.87,290.7,3035.54,1624.07,463.26,74.27,230.6,942.18,370.69,236.6,281.12,443.34,208.87,101.2,3592.33,234.77,125.3,131.84,39.47,56.42,99.67,273.85
20260929,10:52:55,47810.48,42633.99,25940.21,16620.64,123.91,1882.7,396.31,460.81,546.37,106.05,162.82,192.63,91.46,137.66,272.54,120.86,189.87,290.7,3035.79,1624.1,463.25,74.28,230.42,942.81,371.01,236.59,281.12,443.34,208.87,101.2,3592.33,234.77,125.18,131.84,39.47,56.42,99.67,273.85
20260929,10:53:00,47809.9,42632.83,25941.93,16620.59,123.91,1882.7,396.32,460.8,546.36,106.05,162.79,192.54,91.46,137.65,272.54,120.86,189.87,290.69,3035.7,1624.09,463.2,74.29,230.42,942.66,371.01,236.58,281.11,443.35,208.89,101.2,3592.88,234.77,125.18,131.84,39.47,56.42,99.67,273.84
20260929,10:53:05,47772.51,42596.4,25942.99,16621.8,123.91,1882.7,396.32,460.8,546.33,106.05,162.79,192.54,91.46,137.65,272.54,120.74,189.87,290.69,3032.74,1621.7,463.19,74.29,230.67,942.77,370.99,236.58,281.11,443.35,208.9,101.23,3592.88,234.77,125.42,131.84,39.47,56.42,99.67,273.84
20260929,10:53:10,47767.4,42591.82,25940.95,16620.8,123.91,1882.7,396.32,460.8,546.32,106.05,162.79,192.52,91.46,137.65,272.57,120.74,189.87,290.69,3032.39,1621.7,463.16,74.27,230.67,942.04,370.99,236.58,281.11,443.37,208.9,101.23,3592.51,234.77,125.3,131.84,39.47,56.42,99.67,273.84
20260929,10:53:15,47769.79,42593.73,25940.75,16619.19,123.78,1882.7,396.31,460.8,546.25,106.05,162.8,192.56,91.46,137.65,272.57,120.86,189.87,290.68,3032.58,1621.8,463.19,74.27,230.67,942.15,370.99,236.58,281.11,443.32,208.92,101.23,3592.89,234.77,125.06,131.84,39.47,56.42,99.67,273.84
20260929,10:53:20,47766.31,42591.3,25937.55,16618.72,123.91,1882.7,396.22,460.69,546.27,105.97,162.79,192.52,91.46,137.64,272.57,120.86,189.87,290.68,3032.4,1621.68,463.35,74.29,230.42,942.16,370.67,236.58,281.1,443.32,208.92,101.23,3592.02,234.77,125.06,131.84,39.47,56.45,99.67,273.84
20260929,10:53:25,47768.4,42593.34,25940.97,16622.66,123.78,1882.7,396.31,460.69,546.28,105.97,162.79,192.54,91.46,137.64,272.57,120.86,189.87,290.67,3032.47,1621.67,463.55,74.29,230.42,942.17,370.67,236.58,281.1,443.32,209.1,101.23,3592.02,234.77,125.3,131.84,39.47,56.45,99.67,273.84
20260929,10:53:30,47773.31,42598.34,25938.98,16621.11,123.78,1883.89,396.22,460.69,546.23,105.97,162.79,192.53,91.46,137.64,272.57,120.74,189.87,290.67,3032.91,1621.95,463.51,74.28,230.79,942.05,370.59,236.58,281.11,443.27,209.07,101.23,3591.82,234.77,125.3,131.84,39.47,56.45,99.67,273.84
20260929,10:53:35,47767.61,42592.52,25938.44,16619.56,123.78,1883.89,396.22,460.69,546.28,105.97,162.8,192.53,91.47,137.64,272.57,120.73,189.87,290.67,3032.48,1621.75,463.18,74.29,230.54,942.18,370.91,236.58,281.1,443.27,209.08,101.23,3592.07,234.77,125.06,131.84,39.47,56.45,99.67,273.82
20260929,10:53:40,47766.06,42591.63,25936.88,16619.87,123.78,1883.89,396.23,460.44,546.26,105.96,162.8,192.52,91.47,137.64,272.57,120.76,189.87,290.67,3032.4,1621.72,463.17,74.29,230.42,942.17,371.18,236.58,281.09,443.27,209.12,101.23,3591.49,234.77,125.06,131.84,39.47,56.45,99.67,273.85
20260929,10:53:45,47767.91,42592.79,25939.21,16620.41,123.97,1883.89,396.15,460.69,546.3,105.96,162.8,192.52,91.47,137.64,272.57,120.76,189.87,290.67,3032.48,1621.74,463.18,74.27,230.63,942.18,371.19,236.58,281.05,443.27,209.15,101.23,3592.08,234.77,125.05,131.84,39.47,56.45,99.67,273.85
20260929,10:53:50,47764.46,42590.33,25936.17,16619.92,123.91,1883.89,396.15,460.69,546.14,105.96,162.79,192.5,91.47,137.64,272.57,120.76,189.87,290.67,3032.29,1621.7,463.17,74.27,230.45,942.09,370.87,236.58,281.05,443.26,209.17,101.23,3591.26,234.77,125.05,131.84,39.48,56.45,99.67,273.85
20260929,10:53:55,47763.41,42589.19,25935.84,16619.17,123.91,1882.48,396.16,460.69,546.16,105.96,162.79,192.5,91.47,137.64,272.57,120.76,189.86,290.67,3032.22,1621.66,463.17,74.3,230.43,941.93,370.98,236.58,281.1,443.27,209.14,101.23,3591.36,234.77,125.05,131.84,39.48,56.45,99.67,273.85
20260929,10:54:00,47767.4,42592.87,25937.46,16620.32,123.78,1882.48,396.16,460.69,546.19,105.96,162.78,192.44,91.47,137.64,272.45,120.77,189.86,290.67,3032.49,1621.8,463.17,74.28,230.68,941.92,370.98,236.58,281.1,443.27,209.1,101.23,3591.56,234.77,125.29,131.84,39.48,56.45,99.67,273.85
20260929,10:54:05,47760.84,42586.69,25935.06,16618.26,123.78,1882.48,396.06,460.69,546.02,105.96,162.78,192.43,91.47,137.63,272.45,120.79,189.87,290.67,3032.04,1621.53,463.18,74.3,230.43,941.9,370.98,236.58,281.1,443.27,209.1,101.23,3591.36,234.77,125.29,131.84,39.48,56.45,99.67,273.55
20260929,10:54:10,47759.67,42585.31,25939.1,16622.1,123.78,1882.48,396.61,460.69,546.02,105.96,162.77,192.42,91.47,137.63,272.27,120.79,189.92,290.67,3031.83,1621.54,463.24,74.29,230.43,941.76,370.73,236.58,280.78,443.28,209.11,101.23,3591.58,234.77,125.29,131.84,39.48,56.43,99.67,273.55
20260929,10:54:15,47758.6,42584.29,25935.44,16617.99,123.78,1882.48,396.06,460.69,545.99,105.96,162.77,192.42,91.47,137.62,272.27,120.79,189.92,290.65,3031.85,1621.5,463.33,74.27,230.43,941.89,371.29,236.56,280.69,443.28,209.11,101.23,3591.56,234.77,125.29,131.84,39.48,56.43,99.67,273.55
20260929,10:54:20,47753.06,42578.32,25937.79,16618.76,123.83,1882.48,396.15,460.69,545.98,105.96,162.77,192.39,91.47,137.62,272.27,120.77,189.89,290.66,3031.35,1621.37,463.03,74.27,230.41,941.6,371.32,236.56,280.59,443.32,209.14,101.23,3592.08,234.77,125.29,131.81,39.48,56.43,99.67,273.55
20260929,10:54:25,47752.38,42578.25,25935.61,16618.21,123.77,1882.48,396.23,460.69,545.9,105.96,162.75,192.39,91.46,137.62,272.27,120.77,189.89,290.65,3031.36,1621.23,463.21,74.27,230.41,941.74,371.24,236.56,280.68,443.27,209.1,101.23,3591.55,234.77,125.29,131.81,39.48,56.42,99.67,273.55
20260929,10:54:30,47751.88,42576.75,25935.22,16614.42,123.77,1882.48,395.61,460.69,545.92,105.96,162.75,192.39,91.46,137.41,272.27,120.88,189.89,290.65,3031.33,1621.29,463.21,74.27,230.52,941.45,371.24,236.57,280.63,443.27,209.12,101.23,3592.46,234.77,125.29,131.81,39.48,56.42,99.67,273.55
20260929,10:54:35,47709.11,42536.46,25931.26,16614.47,123.77,1882.48,395.6,460.62,545.93,105.96,162.75,192.38,91.46,137.62,272.27,120.88,189.89,290.65,3028.08,1618.81,463.11,74.29,230.41,941.53,371.37,236.57,280.63,443.27,209.12,101.23,3591.21,234.77,125.29,131.81,39.48,56.42,99.67,273.51
20260929,10:54:40,47708.8,42536.48,25928.09,16611.91,123.77,1882.48,395.6,460.62,545.94,105.96,162.76,192.38,91.47,137.62,272.27,120.75,189.89,290.65,3028.15,1618.92,463.1,74.29,230.4,941.4,371.05,236.57,280.63,443.27,208.96,101.23,3590.91,234.77,125.29,131.71,39.48,56.42,99.67,273.51
20260929,10:54:45,47706.27,42534.02,25928.87,16612.81,123.77,1882.48,395.6,460.62,545.94,105.96,162.77,192.39,91.47,137.4,272.27,120.74,189.89,290.65,3027.93,1618.8,463.09,74.29,230.4,941.39,371.05,236.57,280.53,443.28,208.99,101.22,3590.91,234.77,125.29,131.71,39.48,56.43,99.67,273.82
20260929,10:54:50,47697.14,42524.96,25929.1,16612.55,123.77,1882.48,395.6,460.62,545.91,105.88,162.76,192.4,91.46,137.4,272.27,120.74,189.89,290.62,3027.2,1618.76,462.93,74.25,230.38,940.09,371.04,236.57,280.53,443.29,209.02,101.22,3591.05,234.77,125.29,131.67,39.48,56.43,99.67,273.82
20260929,10:54:55,47699.77,42527.27,25931.96,16614.96,123.77,1882.48,395.6,460.62,545.95,105.88,162.75,192.4,91.46,137.4,272.27,120.75,190.03,290.62,3027.33,1618.88,462.91,74.26,230.37,939.97,371.33,236.57,280.53,443.28,209.14,101.25,3591.29,234.77,125.41,131.67,39.48,56.43,99.67,273.84
20260929,10:55:00,47738.83,42565.32,25934.3,16617.66,123.77,1882.48,396.23,460.62,545.77,105.88,162.75,192.4,91.46,137.39,272.27,120.75,190.03,290.6,3030.33,1621.16,463.02,74.27,230.37,939.96,371.33,236.57,280.53,443.29,209.1,101.28,3591.29,234.77,125.29,131.67,39.48,56.43,99.67,273.84
20260929,10:55:05,47698.35,42525.87,25934.51,16617.86,123.77,1883.89,396.14,460.62,545.77,105.8,162.73,192.31,91.46,137.39,272.15,120.75,190.03,290.59,3027.15,1618.71,462.87,74.26,230.41,939.93,371.33,236.57,280.62,443.27,209.1,101.28,3591.3,234.77,125.41,131.66,39.47,56.43,99.67,273.84
20260929,10:55:10,47694.83,42521.71,25935.19,16616.22,123.9,1882.48,396.07,460.62,545.77,105.8,162.73,192.3,91.46,137.39,272.15,120.75,190.03,290.61,3026.85,1618.54,462.85,74.25,230.41,939.8,371.33,236.57,280.62,443.27,209.1,101.28,3591.96,234.77,125.41,131.66,39.47,56.43,99.67,273.53
20260929,10:55:15,47694.35,42523.39,25929.83,16617.24,123.9,1882.48,396.15,460.62,545.75,105.8,162.73,192.34,91.45,137.39,272.27,120.85,190.03,290.58,3026.96,1618.52,462.85,74.27,230.59,939.98,371.08,236.57,280.62,443.27,209.05,101.28,3590.01,234.77,125.41,131.66,39.47,56.45,99.67,273.53
20260929,10:55:20,47734.54,42560.73,25932.11,16613.74,123.9,1882.48,395.61,460.62,545.78,105.79,162.75,192.34,91.47,137.38,272.27,120.85,190.03,290.58,3030.06,1620.91,462.86,74.27,230.59,939.95,371.08,236.57,280.61,443.27,209.08,101.28,3591.67,234.77,125.41,131.66,39.46,56.45,99.66,273.55
20260929,10:55:25,47736.11,42560.81,25937.01,16614.54,123.9,1882.48,395.69,460.62,545.78,105.87,162.75,192.34,91.47,137.36,272.27,120.85,190.03,290.58,3030.04,1620.92,462.86,74.27,230.49,939.98,371.08,236.57,280.6,443.27,209.1,101.28,3592.99,234.77,125.41,131.66,39.46,56.43,99.66,273.55
20260929,10:55:30,47736.22,42560.33,25938.54,16614.32,123.9,1882.45,395.68,460.63,545.77,105.87,162.74,192.34,91.46,137.36,272.27,120.85,190.03,290.58,3030.01,1620.94,462.72,74.28,230.61,939.87,371.08,236.57,280.6,443.27,209.11,101.28,3593.52,234.77,125.41,131.66,39.46,56.41,99.66,273.55
20260929,10:55:35,47694.44,42520.62,25934.94,16613.54,123.9,1882.45,395.59,460.63,545.89,105.87,162.74,192.3,91.46,137.59,272.27,120.74,190.0,290.58,3026.83,1618.55,462.71,74.27,230.61,939.85,370.74,236.43,280.55,443.23,209.11,101.28,3592.61,234.77,125.41,131.66,39.46,56.41,99.66,273.55
20260929,10:55:40,47696.08,42521.4,25937.06,16613.2,123.77,1882.45,395.59,460.63,545.94,105.87,162.73,192.28,91.46,137.59,272.27,120.74,190.0,290.57,3026.9,1618.52,462.78,74.28,230.6,940.0,370.74,236.43,280.55,443.21,209.11,101.28,3593.36,234.77,125.41,131.66,39.46,56.41,99.66,273.55
20260929,10:55:45,47695.07,42520.99,25934.91,16612.67,123.77,1882.45,395.59,460.63,545.94,105.87,162.72,192.26,91.46,137.59,272.27,120.74,190.0,290.57,3026.88,1618.6,462.86,74.27,230.49,939.76,370.76,236.43,280.55,443.21,209.07,101.31,3592.83,234.77,125.4,131.66,39.46,56.41,99.66,273.53
20260929,10:55:50,47694.77,42520.59,25934.92,16612.33,123.77,1882.45,395.59,460.62,545.87,105.87,162.73,192.28,91.46,137.59,272.27,120.75,190.03,290.57,3026.86,1618.55,462.99,74.29,230.31,939.8,371.02,236.43,280.55,443.21,209.07,101.31,3592.93,234.77,125.4,131.66,39.46,56.41,99.66,273.45
20260929,10:55:55,47733.7,42557.67,25940.97,16616.43,123.83,1883.67,396.14,460.62,545.87,105.87,162.73,192.28,91.46,137.59,272.27,120.75,189.88,290.57,3029.74,1620.76,463.0,74.3,230.42,939.72,371.02,236.43,280.55,443.12,209.08,101.31,3593.71,234.77,125.4,131.66,39.46,56.41,99.66,273.35
20260929,10:56:00,47700.24,42525.44,25939.63,16616.14,123.83,1884.03,396.14,460.62,545.87,105.87,162.71,192.27,91.45,137.59,272.27,120.74,189.88,290.57,3027.15,1618.71,462.95,74.29,230.62,939.75,371.34,236.43,280.55,443.12,209.05,101.31,3593.37,234.77,125.4,131.66,39.46,56.4,99.66,273.39
20260929,10:56:05,47693.9,42519.26,25938.35,16614.67,123.77,1882.61,396.06,460.62,545.87,105.87,162.71,192.27,91.45,137.59,272.24,120.74,189.88,290.57,3026.69,1618.42,462.93,74.27,230.37,939.79,371.36,236.43,280.55,443.18,209.03,101.31,3593.37,234.77,125.4,131.63,39.46,56.4,99.66,273.39
20260929,10:56:10,47697.11,42523.04,25939.91,16618.64,123.77,1882.61,396.6,460.62,545.87,105.87,162.71,192.26,91.45,137.59,272.24,120.74,189.92,290.57,3026.9,1618.43,463.03,74.27,230.37,939.77,371.36,236.43,280.86,443.19,209.03,101.31,3592.78,234.77,125.4,131.63,39.46,56.4,99.66,273.39
20260929,10:56:15,47695.35,42521.12,25937.36,16615.0,123.77,1882.61,396.14,460.74,545.82,105.79,162.71,192.26,91.45,137.59,272.24,120.75,189.92,290.57,3026.83,1618.55,462.96,74.29,230.37,939.7,371.38,236.43,280.54,443.19,209.03,101.3,3592.97,234.77,125.4,131.63,39.46,56.4,99.66,273.39
20260929,10:56:20,47698.51,42524.2,25939.98,16618.01,123.77,1882.61,396.68,460.74,545.8,105.79,162.71,192.27,91.45,137.59,272.24,120.75,189.92,290.54,3027.01,1618.56,462.97,74.28,230.63,939.73,371.38,236.42,280.64,443.21,209.03,101.3,3592.97,234.77,125.28,131.63,39.46,56.4,99.66,273.39
20260929,10:56:25,47695.8,42521.86,25939.11,16618.02,123.77,1882.61,396.68,460.74,545.72,105.86,162.71,192.26,91.45,137.6,272.24,120.75,190.07,290.54,3026.82,1618.49,462.77,74.28,230.63,939.7,371.37,236.42,280.63,443.19,209.03,101.3,3592.69,234.77,125.28,131.63,39.46,56.4,99.66,273.39
20260929,10:56:30,47694.73,42520.81,25935.94,16614.37,123.77,1882.61,396.14,460.74,545.75,105.86,162.73,192.32,91.45,137.59,272.24,120.75,190.07,290.54,3026.82,1618.52,462.75,74.29,230.62,939.68,371.12,236.38,280.63,443.27,209.03,101.3,3592.69,234.77,125.28,131.63,39.46,56.39,99.66,273.39
20260929,10:56:35,47691.7,42520.05,25931.81,16616.95,123.77,1882.61,396.06,460.74,545.77,105.86,162.92,192.3,91.61,137.59,272.24,120.75,190.07,290.54,3026.7,1618.47,462.83,74.29,230.37,939.67,371.18,236.38,280.63,443.28,209.03,101.3,3590.7,234.77,125.41,131.63,39.46,56.39,99.66,273.39
20260929,10:56:40,47696.27,42524.51,25933.2,16618.56,123.77,1882.61,396.22,460.74,546.01,105.76,162.91,192.29,91.61,137.59,272.24,120.74,190.07,290.54,3027.02,1618.65,463.03,74.28,230.36,939.66,371.18,236.38,280.64,443.27,209.03,101.33,3590.7,234.77,125.41,131.63,39.46,56.38,99.66,273.39
20260929,10:56:45,47699.94,42525.93,25939.46,16618.57,123.77,1884.03,396.06,460.74,545.96,105.76,162.92,192.32,91.61,137.58,272.24,120.86,190.07,290.55,3027.13,1618.8,462.9,74.27,230.36,939.68,370.86,236.38,280.64,443.27,209.03,101.33,3592.66,234.77,125.41,131.63,39.46,56.38,99.65,273.39
20260929,10:56:50,47702.77,42528.52,25940.2,16618.86,123.7,1884.03,396.06,460.74,545.94,105.76,162.92,192.32,91.61,137.59,272.21,120.86,190.07,290.58,3027.34,1618.82,462.92,74.28,230.36,939.67,370.88,236.29,280.95,443.27,209.07,101.33,3592.81,234.77,125.41,131.63,39.46,56.4,99.65,273.39
20260929,10:56:55,47751.41,42574.03,25945.91,16619.09,123.7,1884.03,396.14,460.74,546.08,105.76,162.92,192.3,91.61,137.59,272.21,120.74,190.07,290.58,3031.0,1621.29,462.91,74.28,230.61,940.54,370.86,236.29,280.95,443.27,209.07,101.33,3594.53,234.77,125.41,131.63,39.46,56.4,99.65,273.39
20260929,10:57:00,47752.03,42575.0,25947.02,16621.63,123.83,1882.61,396.68,460.81,546.19,105.76,162.92,192.32,91.61,137.38,272.21,120.74,190.07,290.62,3031.02,1621.29,462.91,74.27,230.64,940.57,370.86,236.29,280.95,443.21,208.92,101.33,3594.19,234.77,125.41,131.63,39.46,56.4,99.65,273.39
20260929,10:57:05,47751.25,42574.24,25948.36,16623.16,123.77,1882.61,396.68,460.81,546.31,105.76,162.92,192.31,91.61,137.59,272.21,120.76,190.07,290.61,3030.92,1621.27,462.91,74.28,230.39,941.02,370.87,236.29,280.63,443.21,208.91,101.33,3594.19,234.77,125.53,131.63,39.46,56.4,99.65,273.39
20260929,10:57:10,47747.67,42571.29,25941.85,16617.49,123.77,1882.61,396.05,460.81,546.31,105.78,162.92,192.31,91.61,137.59,272.21,120.76,190.07,290.63,3030.82,1621.18,462.87,74.28,230.39,941.06,371.12,236.29,280.63,443.21,208.91,101.33,3593.69,234.77,125.41,131.63,39.46,56.39,99.65,273.39
20260929,10:57:15,47714.21,42539.36,25940.87,16618.57,123.83,1882.61,396.13,460.81,546.3,105.78,162.94,192.39,91.61,137.6,272.21,120.76,190.07,290.63,3028.22,1618.82,462.88,74.29,230.63,941.37,371.12,236.29,281.04,443.21,208.91,101.33,3593.1,234.77,125.41,131.63,39.46,56.39,99.65,273.39
20260929,10:57:20,47714.19,42541.42,25932.7,16616.18,123.77,1882.61,396.13,460.81,546.31,105.78,162.74,192.36,91.45,137.6,272.21,120.76,190.07,290.62,3028.44,1618.82,462.78,74.3,230.75,942.16,371.14,236.29,280.83,443.19,208.91,101.33,3591.19,234.77,125.41,131.63,39.45,56.39,99.65,273.4
20260929,10:57:25,47718.14,42545.02,25934.23,16617.08,123.77,1882.61,396.14,460.81,546.37,105.78,162.74,192.37,91.45,137.6,271.97,120.93,190.07,290.62,3028.71,1618.95,462.78,74.29,230.76,942.39,371.16,236.29,280.83,443.19,208.88,101.33,3591.42,234.77,125.41,131.63,39.45,56.38,99.65,273.4
20260929,10:57:30,47721.79,42546.93,25942.47,16621.05,123.77,1882.61,396.69,460.81,546.44,105.86,162.76,192.43,91.45,137.6,271.97,120.81,190.07,290.62,3028.77,1618.92,463.13,74.29,230.64,942.37,371.16,236.29,280.83,443.25,208.88,101.33,3592.92,234.77,125.41,131.63,39.45,56.38,99.65,273.4
20260929,10:57:35,47722.22,42547.35,25942.17,16620.71,123.77,1882.61,396.6,460.81,546.44,105.86,162.77,192.45,91.46,137.6,271.97,120.81,190.02,290.62,3028.81,1618.93,463.13,74.29,230.39,942.26,371.14,236.29,281.14,443.25,208.91,101.3,3592.92,234.77,125.41,131.6,39.45,56.38,99.65,273.4
20260929,10:57:40,47717.71,42543.04,25938.55,16616.83,123.77,1882.61,396.06,460.81,546.38,105.86,162.77,192.43,91.46,137.6,271.97,120.81,190.02,290.6,3028.56,1618.78,462.93,74.3,230.4,942.25,371.46,236.29,281.14,443.25,208.95,101.34,3592.84,234.77,125.41,131.6,39.45,56.38,99.65,273.4
20260929,10:57:45,47760.89,42584.31,25945.43,16622.08,123.83,1884.03,396.6,460.69,546.4,105.86,162.77,192.43,91.46,137.6,271.97,120.81,190.02,290.59,3031.76,1621.23,463.01,74.3,230.4,942.23,371.46,236.29,281.14,443.24,208.91,101.34,3593.57,234.77,125.53,131.6,39.45,56.38,99.65,273.4
20260929,10:57:50,47722.11,42546.13,25943.09,16618.04,123.83,1884.03,396.06,460.69,546.4,105.86,162.77,192.43,91.46,137.6,271.85,120.81,190.02,290.59,3028.77,1618.94,463.0,74.29,230.39,942.23,371.46,236.29,281.14,443.24,208.91,101.34,3593.93,234.81,125.53,131.6,39.41,56.4,99.65,273.37
20260929,10:57:55,47718.11,42543.04,25938.64,16615.64,123.83,1882.84,396.06,460.58,546.14,105.86,162.77,192.43,91.46,137.6,271.85,120.81,190.02,290.59,3028.58,1618.9,462.85,74.31,230.57,942.25,371.46,236.29,280.83,443.24,208.91,101.34,3593.19,234.81,125.41,131.6,39.41,56.4,99.65,273.37
20260929,10:58:00,47715.56,42539.52,25942.8,16616.94,123.76,1882.84,396.06,460.58,546.14,105.86,162.77,192.44,91.46,137.6,271.85,120.81,190.02,290.59,3028.27,1618.76,462.68,74.29,230.82,941.54,371.46,236.43,281.14,443.21,209.07,101.34,3594.14,234.81,125.41,131.6,39.41,56.4,99.65,273.37
20260929,10:58:05,47714.84,42539.74,25939.3,16616.01,123.76,1882.84,396.07,460.58,546.19,105.87,162.77,192.45,91.46,137.6,271.85,120.81,190.02,290.59,3028.31,1618.77,462.66,74.3,230.85,941.56,371.46,236.43,281.14,443.24,208.93,101.34,3593.3,234.81,125.41,131.6,39.41,56.41,99.65,273.39
20260929,10:58:10,47715.07,42542.27,25934.23,16617.89,123.95,1882.9,396.07,460.71,546.2,105.87,162.78,192.45,91.47,137.6,271.85,120.93,190.02,290.59,3028.47,1618.9,462.66,74.3,230.85,941.56,371.46,236.43,281.14,443.21,208.96,101.34,3591.2,234.81,125.41,131.56,39.41,56.41,99.65,273.39
20260929,10:58:15,47710.86,42538.58,25932.77,16617.6,123.89,1882.9,396.07,460.63,546.17,105.87,162.78,192.45,91.47,137.6,271.85,120.94,190.02,290.59,3028.18,1618.81,462.64,74.3,230.85,941.56,371.46,236.43,280.83,443.21,208.96,101.34,3590.83,234.81,125.41,131.56,39.41,56.41,99.65,273.42
20260929,10:58:20,47713.65,42540.42,25939.73,16622.67,123.89,1882.9,396.7,460.63,546.29,105.87,162.78,192.47,91.47,137.6,271.85,120.82,190.02,290.59,3028.2,1618.83,462.55,74.32,230.85,941.57,371.48,236.43,280.87,443.21,208.96,101.34,3591.62,234.81,125.53,131.56,39.41,56.39,99.65,273.42
20260929,10:58:25,47756.68,42581.73,25937.53,16618.06,123.89,1882.9,396.07,460.63,546.31,105.95,162.78,192.47,91.47,137.6,271.85,120.93,190.02,290.56,3031.64,1621.37,462.85,74.32,230.85,941.59,371.41,236.3,280.87,443.21,208.97,101.34,3592.19,234.78,125.41,131.56,39.41,56.39,99.65,273.42
20260929,10:58:30,47757.1,42582.51,25937.02,16618.73,123.89,1882.9,396.06,460.64,546.33,105.87,162.77,192.44,91.47,137.6,271.85,120.93,190.02,290.57,3031.69,1621.38,462.91,74.33,230.61,941.84,371.35,236.3,280.87,443.21,208.97,101.34,3591.85,234.78,125.53,131.56,39.41,56.39,99.65,273.42
20260929,10:58:35,47715.68,42542.7,25935.04,16618.29,123.89,1882.9,396.06,460.64,546.33,105.87,162.77,192.44,91.47,137.6,271.85,120.93,190.02,290.57,3028.49,1618.96,462.79,74.31,230.61,941.86,371.41,236.3,280.86,443.2,208.92,101.34,3591.35,234.78,125.53,131.56,39.41,56.39,99.65,273.42
20260929,10:58:40,47717.91,42545.83,25935.85,16622.44,123.89,1882.54,396.61,460.64,546.33,105.87,162.78,192.45,91.47,137.6,271.85,120.81,190.02,290.59,3028.65,1618.94,462.88,74.32,230.86,941.89,371.73,236.3,280.87,443.2,209.04,101.34,3590.48,234.76,125.53,131.56,39.41,56.39,99.65,273.41
20260929,10:58:45,47719.19,42547.08,25935.54,16622.08,123.89,1882.54,396.61,460.64,546.32,105.87,162.78,192.44,91.47,137.6,271.85,120.79,190.02,290.59,3028.76,1619.05,462.8,74.35,230.86,941.88,371.41,236.3,280.87,443.2,209.03,101.34,3590.48,234.76,125.53,131.56,39.4,56.39,99.65,273.38
20260929,10:58:50,47720.19,42547.65,25934.45,16619.47,123.89,1882.54,396.05,460.51,546.47,105.87,162.78,192.47,91.47,137.6,271.97,120.91,190.02,290.59,3028.86,1619.13,462.86,74.34,230.86,941.88,371.16,236.3,280.87,443.2,209.05,101.34,3590.85,234.76,125.53,131.56,39.4,56.39,99.65,273.38
20260929,10:58:55,47723.68,42551.05,25937.94,16623.49,123.89,1882.58,396.61,460.51,546.47,105.87,162.78,192.45,91.47,137.6,271.97,120.91,190.02,290.59,3029.04,1619.24,462.86,74.36,230.86,941.82,371.16,236.3,280.96,443.19,209.05,101.34,3590.85,234.75,125.53,131.56,39.4,56.39,99.65,273.38
20260929,10:59:00,47730.03,42555.31,25943.65,16623.57,123.89,1882.58,396.69,460.51,546.46,105.87,162.8,192.54,91.47,137.6,271.97,120.8,190.02,290.59,3029.38,1619.43,463.07,74.34,230.86,941.82,371.49,236.3,280.96,443.19,209.05,101.34,3592.61,234.75,125.53,131.56,39.4,56.39,99.65,273.38
20260929,10:59:05,47779.76,42601.69,25954.46,16629.09,123.95,1884.59,396.69,460.51,546.32,105.87,162.8,192.54,91.47,137.6,271.97,120.92,190.02,290.59,3032.99,1621.92,462.99,74.34,230.61,942.57,371.49,236.3,281.27,443.21,209.23,101.34,3594.48,235.08,125.65,131.56,39.4,56.38,99.65,273.74
20260929,10:59:10,47735.93,42559.84,25951.57,16628.62,123.89,1884.5,396.69,460.51,546.46,105.87,162.79,192.5,91.47,137.6,271.97,120.9,190.02,290.59,3029.63,1619.36,463.19,74.35,230.61,942.67,371.49,236.3,280.96,443.21,209.2,101.34,3593.71,235.08,125.65,131.56,39.4,56.36,99.65,273.74
20260929,10:59:15,47775.28,42598.59,25948.23,16626.16,123.89,1882.86,396.61,460.51,546.33,105.87,162.79,192.51,91.47,137.6,271.97,120.78,190.02,290.59,3032.81,1621.83,463.0,74.36,230.72,942.71,371.49,236.3,280.96,443.21,209.2,101.34,3593.33,235.08,125.65,131.56,39.4,56.36,99.65,273.74
20260929,10:59:20,47775.81,42598.96,25947.36,16624.65,123.89,1882.86,396.62,460.51,546.33,105.95,162.8,192.56,91.47,137.6,271.85,120.78,190.02,290.59,3032.87,1621.91,463.0,74.37,230.72,942.59,371.49,236.44,280.96,443.18,209.2,101.34,3593.47,235.08,125.53,131.56,39.4,56.36,99.65,273.45
20260929,10:59:25,47777.85,42600.94,25947.19,16624.45,123.89,1882.86,396.61,460.51,546.38,105.95,162.77,192.53,91.44,137.6,271.85,120.78,190.02,290.59,3033.04,1621.83,462.99,74.37,230.84,942.72,371.49,236.44,281.27,443.18,209.2,101.34,3593.47,235.08,125.53,131.56,39.4,56.36,99.64,273.45
20260929,10:59:30,47776.58,42599.9,25946.55,16624.34,123.89,1882.86,396.6,460.51,546.38,105.95,162.76,192.48,91.44,137.6,272.03,120.78,190.02,290.61,3032.96,1621.8,462.98,74.37,230.84,942.61,371.74,236.45,281.27,443.18,209.2,101.34,3593.3,235.08,125.53,131.56,39.4,56.36,99.64,273.45
20260929,10:59:35,47738.19,42562.45,25946.47,16624.15,123.89,1882.86,396.6,460.64,546.41,105.95,162.76,192.51,91.44,137.59,272.03,120.79,190.02,290.61,3029.94,1619.39,463.12,74.36,230.84,942.74,371.73,236.45,281.27,443.17,209.2,101.34,3593.33,234.75,125.53,131.56,39.4,56.38,99.64,273.4
20260929,10:59:40,47737.85,42562.5,25945.59,16624.39,123.89,1882.77,396.53,460.51,546.46,105.95,162.76,192.5,91.44,137.59,272.03,120.91,190.06,290.62,3029.94,1619.41,463.03,74.37,230.84,942.75,371.73,236.45,281.28,443.17,209.2,101.34,3592.99,234.75,125.53,131.56,39.4,56.37,99.64,273.43
20260929,10:59:45,47738.56,42562.57,25947.41,16624.42,123.89,1882.77,396.53,460.51,546.46,105.95,162.76,192.51,91.44,137.58,272.03,120.91,190.06,290.62,3029.95,1619.41,463.01,74.37,231.02,942.72,371.16,236.45,281.28,443.14,209.2,101.34,3593.55,234.75,125.53,131.56,39.4,56.37,99.64,273.43
20260929,10:59:50,47739.55,42563.54,25947.09,16624.05,123.95,1882.77,396.53,460.51,546.46,105.95,162.76,192.51,91.44,137.58,272.03,120.81,190.03,290.63,3030.03,1619.55,463.1,74.37,231.02,942.84,371.16,236.45,280.92,443.14,209.2,101.34,3593.55,234.75,125.53,131.56,39.4,56.37,99.64,273.48
20260929,10:59:55,47743.59,42566.47,25954.88,16629.64,123.95,1882.77,397.16,460.51,546.45,105.95,162.76,192.51,91.44,137.58,272.03,120.8,190.03,290.63,3030.14,1619.55,463.1,74.37,231.27,942.81,371.41,236.45,280.93,443.13,209.21,101.34,3594.47,234.75,125.65,131.62,39.4,56.35,99.64,273.48
20260929,11:00:00,47744.06,42567.79,25952.44,16629.73,123.89,1882.77,397.24,460.44,546.45,105.95,162.75,192.49,91.44,137.57,272.03,120.8,190.03,290.63,3030.24,1619.71,462.99,74.37,231.26,942.69,371.41,236.45,280.93,443.13,209.2,101.34,3593.68,234.75,125.65,131.62,39.4,56.35,99.64,273.47
20260929,11:00:05,47737.51,42562.22,25946.67,16625.8,123.89,1882.77,396.69,460.44,546.46,105.95,162.76,192.51,91.44,137.57,272.03,120.8,190.03,290.63,3029.89,1619.46,463.08,74.36,230.9,942.86,371.41,236.45,280.93,443.14,209.2,101.34,3592.94,234.75,125.65,131.62,39.4,56.35,99.64,273.45
20260929,11:00:10,47737.8,42562.5,25949.6,16629.17,123.95,1882.31,397.16,460.44,546.46,105.95,162.76,192.51,91.44,137.56,272.15,120.8,190.03,290.64,3029.83,1619.41,463.0,74.37,230.78,942.98,371.41,236.45,280.97,443.09,209.2,101.34,3592.94,234.75,125.65,131.62,39.4,56.35,99.64,273.45
20260929,11:00:15,47741.24,42566.01,25949.09,16629.1,123.89,1882.31,397.33,460.44,546.45,105.95,162.75,192.51,91.43,137.57,272.15,120.8,190.03,290.64,3030.11,1619.65,463.06,74.37,230.78,942.87,371.41,236.45,280.97,443.09,209.2,101.34,3592.8,234.75,125.53,131.62,39.4,56.35,99.64,273.42
20260929,11:00:20,47743.69,42568.83,25948.06,16629.38,123.89,1882.31,397.33,460.44,546.53,105.95,162.76,192.52,91.43,137.57,272.15,120.78,190.03,290.64,3030.33,1619.66,462.87,74.38,231.04,942.87,371.73,236.45,281.28,443.09,209.2,101.32,3592.41,234.75,125.53,131.62,39.4,56.37,99.64,273.42
20260929,11:00:25,47740.0,42564.4,25952.02,16631.16,123.89,1882.31,397.42,460.44,546.51,105.95,162.94,192.49,91.59,137.56,272.27,120.8,189.98,290.64,3029.93,1619.46,462.93,74.38,231.04,942.87,371.73,236.45,280.97,443.08,209.2,101.32,3593.16,234.75,125.41,131.62,39.4,56.37,99.64,273.42
20260929,11:00:30,47737.5,42562.8,25949.89,16631.48,123.76,1882.31,397.42,460.44,546.51,105.95,162.94,192.49,91.59,137.56,272.27,120.92,189.98,290.64,3029.8,1619.45,462.93,74.38,231.04,942.58,371.73,236.46,280.97,443.12,209.2,101.32,3592.41,234.75,125.41,131.62,39.4,56.35,99.64,273.42
20260929,11:00:35,47737.4,42562.69,25948.45,16629.8,123.76,1882.31,397.33,460.44,546.52,105.95,162.98,192.52,91.62,137.55,272.27,120.78,189.98,290.41,3029.83,1619.45,462.93,74.37,230.8,942.49,371.73,236.45,281.28,443.12,209.2,101.32,3592.41,234.75,125.41,131.62,39.4,56.35,99.64,273.42
20260929,11:00:40,47778.86,42603.28,25949.52,16631.63,123.89,1882.31,397.33,460.44,546.52,105.95,162.99,192.54,91.62,137.55,272.27,120.9,189.98,290.41,3033.05,1621.95,462.68,74.38,231.04,942.5,371.41,236.45,281.3,443.12,209.2,101.32,3592.25,234.75,125.53,131.52,39.4,56.35,99.64,273.42
20260929,11:00:45,47751.92,42574.49,25956.52,16631.21,123.89,1882.31,397.33,460.44,546.38,105.95,162.98,192.53,91.62,137.56,272.15,120.9,189.98,290.42,3030.74,1619.81,462.78,74.37,231.04,943.52,371.41,236.45,281.3,443.13,209.2,101.32,3594.55,234.75,125.53,131.52,39.4,56.37,99.64,273.42
20260929,11:00:50,47786.28,42613.29,25941.14,16631.31,123.95,1882.31,397.33,460.44,546.38,105.95,162.98,192.54,91.61,137.55,272.15,120.78,189.98,290.4,3033.87,1622.1,462.78,74.41,231.04,943.79,371.41,236.45,281.3,443.13,209.18,101.32,3589.72,234.75,125.53,131.52,39.4,56.37,99.64,273.73
20260929,11:00:55,47787.44,42614.14,25942.69,16632.17,123.95,1883.73,397.33,460.44,546.4,106.02,163.0,192.61,91.61,137.55,272.15,120.78,189.98,290.4,3033.92,1622.1,462.78,74.41,231.22,943.74,371.41,236.45,281.29,443.07,209.18,101.32,3589.97,234.75,125.53,131.52,39.4,56.37,99.64,273.73
20260929,11:01:00,47794.96,42621.53,25942.51,16632.19,123.89,1883.96,397.34,460.44,546.4,105.94,163.0,192.61,91.61,137.55,272.15,120.82,189.98,290.4,3034.51,1622.35,462.91,74.41,231.22,944.22,371.73,236.43,281.28,443.11,209.18,101.32,3589.91,234.71,125.53,131.52,39.4,56.37,99.64,273.73
20260929,11:01:05,47791.06,42618.77,25939.83,16632.6,123.89,1883.96,397.34,460.44,546.41,105.94,163.04,192.63,91.64,137.55,272.15,120.82,189.98,290.4,3034.28,1622.35,462.95,74.41,231.23,943.63,371.72,236.42,281.28,443.11,209.18,101.32,3588.96,234.71,125.53,131.52,39.4,56.37,99.64,273.73
20260929,11:01:10,47742.61,42570.96,25938.52,16629.04,123.89,1882.31,397.34,460.43,546.41,105.94,162.86,192.63,91.49,137.55,272.15,120.82,190.02,290.4,3030.51,1619.8,462.86,74.41,231.23,943.02,371.97,236.51,280.97,443.11,209.16,101.32,3589.52,234.71,125.53,131.52,39.4,56.37,99.64,273.44
20260929,11:01:15,47742.93,42571.44,25937.99,16629.03,123.89,1882.31,397.34,460.43,546.44,105.94,162.85,192.63,91.49,137.55,272.15,120.82,190.02,290.38,3030.55,1619.81,462.75,74.41,231.34,943.07,371.97,236.51,280.97,443.11,209.16,101.32,3589.36,234.71,125.53,131.52,39.4,56.37,99.64,273.44
20260929,11:01:20,47742.41,42570.52,25939.7,16629.61,123.89,1883.73,397.34,460.43,546.44,105.94,162.86,192.63,91.49,137.56,272.15,120.82,190.02,290.38,3030.46,1619.8,462.77,74.4,231.16,943.06,371.97,236.51,280.97,443.11,209.15,101.32,3589.73,234.71,125.53,131.52,39.4,56.37,99.64,273.44
20260929,11:01:25,47742.99,42571.51,25937.2,16628.13,123.89,1883.73,397.34,460.43,546.44,105.94,162.86,192.62,91.5,137.55,272.15,120.82,190.02,290.38,3030.58,1619.9,462.75,74.4,231.17,943.06,371.97,236.51,280.97,443.07,209.01,101.32,3589.36,234.71,125.53,131.52,39.4,56.37,99.64,273.44
20260929,11:01:30,47741.6,42570.83,25934.79,16627.63,123.89,1883.73,397.24,460.43,546.52,105.94,162.86,192.62,91.5,137.56,272.03,120.82,190.02,290.4,3030.54,1619.86,462.73,74.4,231.17,943.09,371.97,236.51,280.97,443.07,209.01,101.32,3588.73,234.71,125.54,131.52,39.4,56.35,99.64,273.44
20260929,11:01:35,47746.14,42574.82,25936.59,16628.23,123.89,1883.73,397.33,460.43,546.52,105.93,162.86,192.63,91.5,137.55,272.03,120.82,189.98,290.41,3030.84,1620.03,462.9,74.41,230.81,943.06,371.65,236.51,281.29,443.07,209.01,101.3,3589.14,234.71,125.54,131.52,39.4,56.35,99.64,273.44
20260929,11:01:40,47743.43,42574.58,25925.83,16623.92,123.95,1883.73,396.78,460.43,546.52,105.93,162.88,192.63,91.51,137.56,272.03,120.82,189.98,290.41,3030.93,1620.01,463.13,74.41,230.8,943.06,371.65,236.51,281.29,443.12,209.05,101.3,3586.94,234.71,125.41,131.52,39.4,56.34,99.64,273.42
20260929,11:01:45,47740.6,42572.23,25924.31,16623.5,123.89,1883.73,396.78,460.43,546.56,105.94,162.88,192.63,91.51,137.56,272.03,120.82,189.98,290.39,3030.75,1620.02,463.13,74.41,230.8,942.98,371.97,236.51,280.98,443.12,209.01,101.3,3586.58,234.71,125.41,131.52,39.4,56.34,99.64,273.42
20260929,11:01:50,47742.09,42573.58,25928.24,16627.69,123.89,1883.73,397.32,460.54,546.48,105.94,162.88,192.63,91.51,137.56,272.03,120.82,189.98,290.39,3030.76,1620.02,463.09,74.41,230.8,943.08,371.96,236.51,280.93,443.12,209.05,101.3,3586.67,234.71,125.41,131.52,39.4,56.34,99.64,273.42
20260929,11:01:55,47743.28,42574.13,25930.78,16628.57,123.89,1883.73,397.32,460.62,546.48,105.94,162.88,192.63,91.51,137.56,272.03,120.95,189.98,290.39,3030.78,1619.95,463.31,74.4,230.92,943.1,371.64,236.51,280.93,443.12,209.05,101.3,3587.23,234.71,125.41,131.52,39.4,56.34,99.64,273.42
20260929,11:02:00,47744.61,42576.95,25925.95,16628.11,123.89,1883.73,397.24,460.62,546.48,105.94,162.88,192.63,91.51,137.56,272.03,120.95,189.98,290.39,3031.02,1619.98,463.29,74.42,230.92,943.14,371.68,236.51,281.25,443.16,209.05,101.3,3585.84,234.71,125.41,131.52,39.4,56.34,99.64,273.42
20260929,11:02:05,47741.4,42574.03,25926.15,16629.06,123.89,1883.73,397.24,460.62,546.48,105.93,162.88,192.64,91.51,137.56,272.03,120.93,189.95,290.41,3030.76,1619.66,462.93,74.41,230.92,943.84,372.0,236.51,281.25,443.16,209.16,101.3,3585.65,234.71,125.41,131.52,39.4,56.34,99.64,273.42
20260929,11:02:10,47777.18,42609.42,25924.13,16628.48,123.89,1883.73,397.24,460.25,546.48,105.93,162.86,192.6,91.5,137.58,272.03,120.93,189.95,290.42,3033.62,1622.02,462.91,74.41,230.92,943.81,372.0,236.51,280.94,443.16,209.18,101.3,3585.17,234.71,125.41,131.52,39.36,56.34,99.64,273.42
20260929,11:02:15,47775.99,42608.26,25923.39,16627.63,123.89,1882.31,397.24,460.25,546.47,105.93,162.85,192.6,91.49,137.36,272.03,120.95,189.95,290.42,3033.55,1622.05,462.81,74.4,230.8,943.74,372.15,236.51,280.94,443.15,209.18,101.3,3585.17,234.71,125.41,131.52,39.36,56.34,99.64,273.42
20260929,11:02:20,47776.73,42608.76,25923.89,16627.48,123.89,1882.31,397.24,460.25,546.37,105.93,162.86,192.61,91.49,137.36,272.03,120.95,189.9,290.42,3033.6,1621.96,462.81,74.39,230.64,943.89,372.07,236.37,281.26,443.15,209.18,101.3,3585.37,234.71,125.41,131.52,39.36,56.36,99.64,273.44
20260929,11:02:25,47736.13,42568.95,25924.24,16627.04,123.89,1882.31,397.23,460.25,546.35,105.93,162.86,192.65,91.49,137.36,272.03,120.95,189.9,290.42,3030.4,1619.55,462.81,74.4,230.64,943.7,372.07,236.62,281.26,443.11,209.14,101.3,3585.6,234.71,125.41,131.52,39.36,56.36,99.64,273.44
20260929,11:02:30,47738.41,42570.96,25925.52,16627.8,123.89,1882.31,397.23,460.25,546.57,105.93,162.86,192.63,91.49,137.36,272.03,120.95,189.9,290.42,3030.54,1619.67,462.81,74.4,230.64,943.69,372.07,236.62,281.26,443.16,209.14,101.3,3585.79,234.71,125.41,131.52,39.36,56.36,99.64,273.43
20260929,11:02:35,47733.84,42566.55,25921.34,16623.15,123.95,1882.31,396.69,460.17,546.57,105.93,162.85,192.59,91.49,137.36,272.03,120.82,189.9,290.42,3030.3,1619.55,462.78,74.4,230.64,943.5,372.07,236.62,281.26,443.16,209.14,101.3,3585.75,234.71,125.42,131.52,39.37,56.36,99.64,273.44
20260929,11:02:40,47734.22,42568.43,25920.91,16627.69,123.89,1882.31,397.23,460.17,546.53,105.93,162.85,192.59,91.49,137.36,272.03,120.82,189.9,290.42,3030.34,1619.58,462.89,74.4,230.64,943.5,371.76,236.62,281.21,443.16,209.14,101.3,3584.38,234.71,125.42,131.52,39.37,56.37,99.64,273.74
20260929,11:02:45,47736.18,42569.75,25920.32,16625.02,123.89,1883.73,396.77,460.43,546.53,105.93,162.85,192.59,91.49,137.36,272.03,120.82,189.9,290.38,3030.51,1619.58,463.03,74.37,230.89,943.61,371.51,236.62,281.21,443.16,209.14,101.3,3584.92,234.71,125.42,131.52,39.37,56.37,99.64,273.74
20260929,11:02:50,47731.86,42568.13,25916.74,16629.59,123.95,1883.73,397.32,460.43,546.53,105.93,162.86,192.59,91.5,137.36,272.03,120.78,189.9,290.38,3030.27,1619.42,462.95,74.38,230.89,943.61,371.51,236.62,281.21,443.16,209.14,101.3,3582.57,235.04,125.42,131.52,39.37,56.37,99.64,273.74
20260929,11:02:55,47731.71,42567.98,25912.94,16625.21,123.76,1883.73,396.77,460.51,546.53,105.93,162.87,192.63,91.5,137.36,272.03,120.78,189.9,290.38,3030.36,1619.42,463.02,74.39,230.89,943.72,371.82,236.62,281.2,443.16,209.14,101.3,3582.57,235.04,125.42,131.52,39.37,56.37,99.61,273.74
20260929,11:03:00,47729.76,42566.3,25911.78,16624.59,123.76,1882.31,396.78,460.44,546.53,105.93,162.87,192.63,91.5,137.36,272.03,120.78,189.9,290.38,3030.24,1619.42,463.01,74.39,230.89,943.44,371.82,236.62,281.21,443.16,209.14,101.3,3582.37,235.03,125.42,131.52,39.37,56.37,99.61,273.74
20260929,11:03:05,47729.22,42566.2,25910.81,16624.93,123.82,1883.73,396.69,460.51,546.53,105.93,162.87,192.63,91.5,137.36,272.15,120.78,189.9,290.38,3030.23,1619.61,463.01,74.38,230.76,943.34,371.82,236.62,280.89,443.14,209.14,101.3,3581.98,235.03,125.42,131.52,39.37,56.37,99.6,273.79
20260929,11:03:10,47770.69,42606.59,25914.6,16629.2,123.82,1883.73,397.23,460.51,546.61,105.93,162.87,192.63,91.5,137.36,272.27,120.77,189.9,290.38,3033.38,1622.03,463.01,74.38,230.76,943.31,371.82,236.62,280.94,443.14,209.14,101.3,3582.0,235.03,125.42,131.52,39.37,56.37,99.6,273.79
20260929,11:03:15,47733.18,42567.84,25923.51,16632.12,123.76,1883.73,397.4,460.51,546.61,105.93,163.04,192.61,91.64,137.36,272.27,120.78,189.9,290.38,3030.19,1619.57,462.99,74.38,230.76,943.33,371.82,236.62,280.95,443.14,209.14,101.3,3583.99,235.03,125.42,131.52,39.37,56.37,99.6,273.79
20260929,11:03:20,47736.88,42569.09,25927.2,16628.47,123.76,1883.73,396.86,460.51,546.72,105.93,163.06,192.62,91.66,137.36,272.27,120.78,189.9,290.38,3030.37,1619.56,462.99,74.4,230.64,943.44,372.07,236.62,281.26,443.21,209.15,101.3,3586.14,234.71,125.42,131.52,39.37,56.37,99.6,273.79
20260929,11:03:25,47733.26,42569.85,25917.96,16632.18,123.76,1883.73,397.41,460.51,546.72,105.93,163.06,192.62,91.66,137.35,272.27,120.77,189.9,290.38,3030.35,1619.58,462.99,74.38,230.64,943.34,372.07,236.62,281.26,443.15,209.14,101.3,3582.24,234.71,125.42,131.52,39.37,56.37,99.6,273.79
20260929,11:03:30,47733.78,42568.04,25921.22,16628.19,123.76,1883.73,396.86,460.44,546.72,105.93,163.06,192.62,91.66,137.35,272.27,120.77,189.9,290.38,3030.3,1619.67,462.99,74.39,230.76,943.31,371.43,236.62,280.95,443.15,209.14,101.3,3584.35,234.71,125.42,131.55,39.37,56.37,99.6,273.79
20260929,11:03:35,47733.96,42568.21,25920.16,16626.96,123.76,1883.73,396.86,460.44,546.65,105.93,163.06,192.62,91.66,137.36,272.27,120.77,189.9,290.38,3030.34,1619.67,462.99,74.39,230.76,943.43,371.43,236.62,280.95,443.15,209.04,101.3,3584.35,234.71,125.42,131.55,39.37,56.37,99.6,273.79
20260929,11:03:40,47730.87,42565.77,25918.83,16627.34,123.89,1882.31,396.78,460.44,546.65,105.93,163.04,192.62,91.64,137.36,272.27,120.77,189.9,290.38,3030.13,1619.58,462.99,74.39,230.76,943.29,371.43,236.62,280.91,443.21,209.19,101.3,3583.83,234.71,125.42,131.55,39.36,56.35,99.6,273.79
20260929,11:03:45,47735.6,42567.78,25926.53,16627.48,123.89,1882.54,396.78,460.44,546.65,105.93,163.05,192.62,91.65,137.36,272.27,120.77,189.9,290.38,3030.29,1619.57,462.99,74.39,230.76,943.27,371.44,236.62,281.22,443.17,209.18,101.3,3586.2,234.71,125.42,131.55,39.36,56.37,99.6,273.79
20260929,11:03:50,47732.44,42565.1,25924.26,16626.22,123.89,1882.54,396.69,460.44,546.65,105.93,163.05,192.62,91.65,137.35,272.27,120.77,189.9,290.36,3030.11,1619.59,462.74,74.39,230.46,943.22,372.01,236.62,281.22,443.17,209.14,101.3,3585.83,234.71,125.42,131.55,39.36,56.34,99.6,273.79
20260929,11:03:55,47725.98,42561.0,25918.41,16626.82,123.89,1882.57,396.69,460.44,546.71,105.93,163.05,192.64,91.65,137.35,272.27,120.77,189.9,290.36,3029.76,1619.38,462.65,74.39,230.71,943.31,372.01,236.62,280.91,443.17,209.17,101.3,3583.84,234.71,125.42,131.55,39.36,56.34,99.6,273.79
20260929,11:04:00,47726.55,42560.82,25920.38,16626.6,123.89,1882.57,396.69,460.51,546.71,105.93,163.05,192.64,91.65,137.33,272.27,120.77,189.9,290.36,3029.75,1619.4,462.71,74.4,230.71,943.19,371.69,236.62,280.91,443.17,209.14,101.3,3584.51,234.71,125.42,131.55,39.36,56.34,99.6,273.79
20260929,11:04:05,47719.45,42553.97,25920.01,16626.42,123.89,1882.57,396.69,460.5,546.71,105.93,163.06,192.68,91.65,137.33,272.27,120.78,189.87,290.36,3029.21,1619.5,462.69,74.4,230.58,941.7,372.01,236.62,280.91,443.17,209.14,101.3,3584.45,234.64,125.42,131.55,39.36,56.34,99.6,273.74
20260929,11:04:10,47724.58,42561.09,25913.88,16626.47,123.89,1882.68,396.69,460.5,546.69,105.93,163.06,192.67,91.65,137.33,272.27,120.78,189.87,290.36,3029.78,1619.5,462.69,74.38,230.83,942.45,371.99,236.62,281.22,443.23,209.14,101.3,3582.52,234.64,125.42,131.55,39.36,56.34,99.6,273.74
20260929,11:04:15,47723.69,42560.22,25910.5,16622.58,123.95,1882.68,396.14,460.5,546.69,105.93,163.05,192.66,91.65,137.33,272.27,120.78,189.87,290.36,3029.8,1619.52,462.71,74.38,230.83,942.41,371.99,236.62,281.23,443.22,209.14,101.3,3582.52,234.64,125.42,131.55,39.36,56.34,99.6,273.74
20260929,11:04:20,47721.44,42558.22,25909.61,16622.2,123.89,1882.68,396.14,460.5,546.6,105.93,163.05,192.66,91.65,137.33,272.27,120.78,189.9,290.36,3029.65,1619.42,462.7,74.38,230.82,942.41,371.98,236.62,281.22,443.24,209.14,101.3,3582.34,234.64,125.42,131.55,39.36,56.34,99.6,273.75
20260929,11:04:25,47724.84,42559.71,25915.04,16622.33,123.89,1882.68,396.06,460.5,546.71,105.93,163.05,192.65,91.64,137.33,272.27,120.78,189.9,290.35,3029.77,1619.41,462.79,74.39,230.94,942.5,371.98,236.62,281.22,443.24,209.14,101.3,3584.0,234.96,125.42,131.55,39.36,56.34,99.6,273.75
20260929,11:04:30,47721.5,42556.72,25914.51,16622.62,123.89,1882.68,396.06,460.44,546.71,105.93,163.05,192.65,91.65,137.55,272.27,120.78,189.9,290.35,3029.52,1619.41,462.8,74.37,230.75,942.49,371.98,236.63,280.91,443.27,209.14,101.28,3583.76,234.96,125.42,131.55,39.36,56.34,99.6,273.75
20260929,11:04:35,47720.7,42555.72,25918.57,16626.58,123.89,1882.68,396.6,460.43,546.71,105.93,163.05,192.64,91.65,137.55,272.27,120.78,189.9,290.38,3029.34,1619.42,462.76,74.38,230.39,942.39,371.97,236.63,280.91,443.26,209.14,101.28,3583.95,234.96,125.42,131.55,39.36,56.34,99.6,273.75
20260929,11:04:40,47715.42,42550.41,25915.64,16622.64,123.76,1882.68,396.14,460.43,546.62,105.91,163.05,192.64,91.65,137.55,272.27,120.78,189.9,290.38,3029.01,1619.26,462.74,74.36,230.28,942.34,371.41,236.63,280.91,443.29,209.14,101.28,3584.11,234.96,125.42,131.55,39.36,56.34,99.6,273.75
20260929,11:04:45,47713.85,42548.88,25915.51,16622.5,123.76,1882.68,396.14,460.43,546.62,105.93,163.04,192.6,91.65,137.55,272.27,120.77,189.9,290.38,3028.89,1619.25,462.64,74.34,230.28,942.21,371.41,236.65,280.92,443.3,209.18,101.28,3584.11,234.64,125.42,131.54,39.36,56.36,99.6,273.75
20260929,11:04:50,47712.31,42546.93,25916.1,16621.65,123.76,1882.68,396.14,460.56,546.44,105.93,163.04,192.59,91.65,137.55,272.27,120.77,189.9,290.38,3028.75,1619.35,462.62,74.34,230.28,941.56,371.72,236.69,280.92,443.25,209.15,101.28,3584.52,234.64,125.42,131.54,39.36,56.36,99.6,273.75
20260929,11:04:55,47713.66,42548.63,25914.47,16621.1,123.76,1882.68,396.14,460.56,546.44,105.93,163.03,192.58,91.65,137.33,272.27,120.77,189.96,290.38,3028.9,1619.36,462.52,74.34,230.28,941.99,371.72,236.69,280.92,443.24,209.12,101.28,3584.16,234.64,125.42,131.54,39.36,56.36,99.6,273.75
20260929,11:05:00,47753.12,42587.09,25913.85,16620.38,123.76,1882.68,396.05,460.56,546.44,105.93,163.03,192.58,91.65,137.33,272.27,120.76,189.96,290.38,3032.02,1621.65,462.68,74.34,230.45,942.01,371.72,236.69,280.92,443.25,209.12,101.28,3584.16,234.64,125.42,131.54,39.36,56.36,99.6,273.74
20260929,11:05:05,47711.66,42547.96,25910.4,16620.67,123.89,1882.68,396.05,460.64,546.43,105.93,163.03,192.58,91.65,137.33,272.27,120.76,190.0,290.38,3028.86,1619.15,462.73,74.35,230.7,941.87,371.97,236.69,280.92,443.25,209.13,101.25,3583.01,234.64,125.4,131.54,39.36,56.36,99.6,273.74
20260929,11:05:10,47708.72,42545.78,25908.32,16620.57,123.76,1882.67,396.05,460.51,546.43,105.93,163.03,192.58,91.64,137.55,272.27,120.76,190.0,290.38,3028.69,1619.06,462.72,74.31,230.7,941.84,371.96,236.69,280.91,443.25,209.13,101.25,3582.38,234.64,125.4,131.54,39.36,56.36,99.6,273.78
20260929,11:05:15,47751.12,42586.51,25909.66,16620.14,123.76,1882.67,396.14,460.51,546.43,105.85,163.03,192.56,91.64,137.55,272.27,120.77,190.0,290.37,3031.98,1621.45,462.8,74.3,230.7,941.84,371.96,236.69,281.22,443.25,209.13,101.25,3582.92,234.64,125.4,131.54,39.36,56.36,99.6,273.51
20260929,11:05:20,47751.23,42586.17,25910.59,16619.73,123.76,1882.67,396.05,460.51,546.43,105.85,163.0,192.47,91.64,137.54,272.27,120.77,190.0,290.37,3031.96,1621.43,462.82,74.29,230.7,941.84,371.96,236.67,281.22,443.25,209.13,101.25,3583.32,234.96,125.4,131.54,39.36,56.36,99.6,273.51
20260929,11:05:25,47709.29,42545.41,25907.37,16616.39,123.76,1884.09,396.05,460.51,546.42,105.85,163.0,192.47,91.64,137.54,272.27,120.76,190.0,290.37,3028.76,1619.13,462.74,74.3,230.7,941.81,371.95,236.67,280.9,443.25,208.72,101.25,3583.22,234.96,125.4,131.54,39.36,56.36,99.6,273.51
20260929,11:05:30,47709.41,42545.84,25911.43,16622.07,123.82,1884.09,396.6,460.64,546.42,105.85,163.0,192.47,91.65,137.55,272.27,120.87,189.85,290.37,3028.65,1619.02,462.73,74.29,230.7,941.91,371.95,236.67,280.9,443.25,208.72,101.25,3582.95,234.96,125.4,131.54,39.36,56.36,99.6,273.81
20260929,11:05:35,47707.23,42543.44,25908.34,16617.62,123.82,1884.09,395.97,460.64,546.42,105.85,163.01,192.47,91.65,137.55,272.27,120.76,189.89,290.36,3028.57,1619.0,462.75,74.3,230.53,941.9,371.95,236.67,280.9,443.25,208.81,101.25,3583.19,234.96,125.4,131.51,39.36,56.36,99.6,273.81
20260929,11:05:40,47704.56,42541.43,25906.12,16617.03,123.82,1882.67,395.97,460.64,546.4,105.85,163.01,192.5,91.65,137.55,272.27,120.76,189.89,290.36,3028.42,1618.9,462.76,74.3,230.53,941.85,371.95,236.67,280.9,443.25,208.81,101.25,3582.65,234.96,125.4,131.51,39.36,56.36,99.6,273.81
20260929,11:05:45,47706.26,42543.54,25905.44,16617.78,123.95,1884.09,395.97,460.64,546.37,105.85,163.01,192.48,91.65,137.55,272.27,120.76,189.89,290.35,3028.57,1619.01,462.79,74.28,230.53,941.87,371.95,236.67,280.9,443.26,208.81,101.25,3582.24,234.96,125.4,131.51,39.36,56.36,99.6,273.76
20260929,11:05:50,47708.3,42545.91,25906.63,16620.4,123.89,1884.09,396.52,460.64,546.37,105.85,163.01,192.48,91.65,137.55,272.27,120.76,189.85,290.35,3028.7,1618.98,462.8,74.28,230.53,941.89,371.69,236.67,281.22,443.2,208.69,101.25,3581.9,234.96,125.41,131.49,39.36,56.36,99.6,273.79
20260929,11:05:55,47699.81,42539.41,25898.9,16617.47,123.89,1884.09,395.97,460.71,546.37,105.85,163.01,192.46,91.65,137.55,272.27,120.76,189.85,290.36,3028.25,1618.88,462.79,74.28,230.52,941.16,371.69,236.67,281.22,443.19,208.8,101.25,3580.28,234.96,125.41,131.49,39.36,56.36,99.6,273.79
20260929,11:06:00,47700.87,42538.57,25903.17,16616.09,123.89,1884.09,395.89,460.71,546.36,105.84,163.01,192.45,91.65,137.55,272.27,120.76,189.85,290.36,3028.21,1618.88,462.7,74.28,230.53,941.17,371.69,236.67,281.22,443.19,208.8,101.25,3581.99,234.6,125.41,131.49,39.36,56.34,99.6,273.79
20260929,11:06:05,47700.6,42537.45,25908.49,16619.35,123.76,1882.67,396.44,460.71,546.36,105.84,163.02,192.45,91.66,137.55,272.27,120.78,189.85,290.36,3028.04,1618.77,462.7,74.27,230.53,941.1,371.69,236.67,281.22,443.18,208.8,101.25,3582.77,234.6,125.41,131.49,39.36,56.34,99.6,273.79
20260929,11:06:10,47699.22,42536.51,25907.61,16619.68,123.76,1882.67,396.53,460.71,546.36,105.84,162.99,192.45,91.64,137.55,272.27,120.78,189.85,290.36,3027.96,1618.86,462.73,74.27,230.39,941.13,371.76,236.67,280.88,443.18,208.79,101.25,3582.4,234.67,125.41,131.49,39.36,56.34,99.6,273.79
20260929,11:06:15,47699.57,42536.67,25907.69,16619.18,123.76,1882.67,396.45,460.71,546.39,105.84,162.99,192.45,91.64,137.55,272.27,120.78,189.85,290.37,3027.99,1618.74,462.72,74.28,230.39,941.17,371.76,236.67,281.19,443.18,208.79,101.25,3582.56,234.67,125.41,131.49,39.36,56.33,99.6,273.79
20260929,11:06:20,47699.77,42537.13,25907.58,16619.96,123.76,1882.67,396.45,460.71,546.38,105.84,162.99,192.45,91.64,137.55,272.27,120.91,189.85,290.36,3028.0,1618.73,462.59,74.28,230.53,941.14,371.76,236.48,281.29,443.19,208.79,101.25,3582.32,234.67,125.41,131.49,39.36,56.33,99.6,273.79
20260929,11:06:25,47705.28,42540.02,25912.95,16617.81,123.76,1881.98,396.44,460.71,546.39,105.84,162.99,192.45,91.64,137.55,272.27,120.79,189.85,290.36,3028.29,1618.88,462.71,74.28,230.53,941.23,371.76,236.48,281.29,443.18,208.68,101.25,3584.58,234.67,125.41,131.49,39.36,56.33,99.6,273.78
20260929,11:06:30,47700.64,42537.43,25907.51,16618.02,123.89,1881.98,396.44,460.72,546.39,105.84,162.98,192.45,91.63,137.55,272.27,120.79,189.85,290.36,3028.07,1618.89,462.67,74.28,230.53,941.26,371.76,236.48,280.89,443.18,208.67,101.25,3582.82,234.67,125.41,131.49,39.36,56.33,99.6,273.78
20260929,11:06:35,47698.55,42535.39,25905.17,16615.33,123.89,1881.98,396.07,460.72,546.37,105.84,162.99,192.45,91.63,137.55,272.27,120.78,189.85,290.36,3027.97,1618.85,462.66,74.27,230.53,941.16,371.7,236.48,280.89,443.18,208.67,101.25,3582.82,234.67,125.41,131.47,39.36,56.34,99.6,273.78
20260929,11:06:40,47697.06,42534.39,25901.82,16612.98,123.89,1881.98,395.98,460.72,546.37,105.92,163.0,192.47,91.64,137.55,272.15,120.91,189.85,290.36,3027.95,1618.72,462.64,74.27,230.53,941.2,371.38,236.48,281.2,443.18,208.67,101.25,3582.41,234.67,125.17,131.47,39.36,56.34,99.6,273.47
20260929,11:06:45,47699.52,42537.63,25902.39,16616.48,123.76,1881.98,396.52,460.68,546.36,105.92,163.0,192.47,91.64,137.55,272.15,120.91,189.85,290.36,3028.13,1618.79,462.57,74.27,230.69,941.3,371.37,236.48,281.2,443.19,208.67,101.25,3581.64,234.67,125.17,131.47,39.36,56.34,99.6,273.47
20260929,11:06:50,47698.62,42537.19,25902.04,16617.52,123.76,1882.67,396.45,460.68,546.36,105.92,163.0,192.47,91.64,137.55,272.15,120.78,189.85,290.36,3028.07,1618.73,462.58,74.28,230.69,941.32,371.37,236.48,281.21,443.19,208.67,101.25,3581.25,234.67,125.41,131.47,39.36,56.36,99.6,273.47
20260929,11:06:55,47737.54,42574.3,25904.49,16617.62,123.76,1882.67,396.45,460.68,546.36,105.92,163.0,192.48,91.64,137.55,272.15,120.78,189.85,290.36,3031.06,1621.13,462.58,74.28,230.51,941.18,371.37,236.48,281.21,443.19,208.69,101.25,3581.99,234.67,125.41,131.47,39.36,56.36,99.6,273.47
20260929,11:07:00,47733.61,42570.34,25904.81,16617.53,123.82,1882.67,396.45,460.6,546.26,105.92,163.01,192.51,91.64,137.55,272.15,120.79,189.85,290.36,3030.74,1621.14,462.46,74.29,230.51,940.46,371.75,236.48,281.21,443.19,208.7,101.25,3582.11,234.67,125.41,131.47,39.36,56.36,99.6,273.47
20260929,11:07:05,47734.32,42571.2,25903.87,16617.06,123.76,1882.67,396.44,460.6,546.28,105.92,163.0,192.49,91.64,137.34,272.15,120.79,189.85,290.36,3030.82,1621.15,462.54,74.29,230.63,940.45,371.75,236.47,281.2,443.19,208.7,101.25,3581.95,234.67,125.41,131.47,39.36,56.36,99.6,273.47
20260929,11:07:10,47735.54,42572.6,25903.29,16617.1,123.76,1882.67,396.44,460.6,546.17,105.92,162.99,192.47,91.64,137.34,272.15,120.88,189.85,290.36,3030.93,1621.13,462.69,74.3,230.63,940.58,371.75,236.47,281.2,443.18,208.7,101.25,3581.76,234.67,125.41,131.47,39.36,56.34,99.6,273.47
20260929,11:07:15,47699.37,42537.46,25903.38,16617.53,123.89,1882.67,396.44,460.47,546.17,105.92,162.99,192.47,91.64,137.34,272.03,120.89,189.85,290.36,3028.09,1618.74,462.65,74.3,230.63,941.22,371.75,236.47,281.2,443.18,208.7,101.25,3581.66,234.67,125.41,131.47,39.36,56.37,99.6,273.47
20260929,11:07:20,47699.1,42537.67,25901.28,16616.69,123.89,1882.67,396.44,460.47,546.17,105.92,163.01,192.52,91.64,137.34,272.03,120.76,189.85,290.36,3028.13,1618.72,462.69,74.3,230.63,941.36,371.75,236.47,281.2,443.18,208.7,101.25,3581.24,234.67,125.41,131.44,39.36,56.35,99.6,273.47
20260929,11:07:25,47700.61,42538.89,25901.76,16616.4,123.89,1882.67,396.44,460.47,546.17,105.92,162.99,192.45,91.64,137.34,272.03,120.77,189.85,290.36,3028.23,1618.72,462.76,74.3,230.74,941.41,371.75,236.47,281.19,443.18,208.69,101.25,3581.47,234.67,125.41,131.44,39.36,56.35,99.6,273.47
20260929,11:07:30,47732.41,42569.88,25898.55,16612.7,123.89,1882.67,395.9,460.39,546.13,105.92,162.98,192.47,91.63,137.34,271.91,120.91,189.99,290.34,3030.82,1621.21,462.64,74.3,230.74,940.03,371.75,236.47,281.19,443.17,208.65,101.22,3581.47,234.67,125.41,131.44,39.36,56.35,99.6,273.47
20260929,11:07:35,47697.42,42535.6,25900.89,16614.8,123.95,1882.67,396.44,460.39,546.13,105.92,162.99,192.51,91.63,137.34,271.91,120.9,189.99,290.33,3028.0,1618.7,462.75,74.3,230.62,941.11,371.44,236.47,281.19,443.17,208.63,101.22,3581.63,234.67,125.17,131.44,39.36,56.35,99.6,273.47
20260929,11:07:40,47696.47,42535.07,25898.78,16613.71,123.89,1882.67,396.44,460.39,546.15,105.92,162.98,192.5,91.62,137.33,271.73,120.78,189.99,290.33,3027.99,1618.71,462.65,74.3,230.62,941.11,371.75,236.47,281.19,443.17,208.63,101.22,3581.26,234.67,125.17,131.44,39.36,56.35,99.6,273.47
20260929,11:07:45,47696.87,42535.09,25899.87,16613.71,123.76,1882.67,396.44,460.39,546.23,105.92,162.98,192.45,91.63,137.33,271.73,120.77,189.99,290.33,3027.99,1618.73,462.67,74.3,230.62,941.03,371.75,236.47,281.19,443.17,208.65,101.22,3581.61,234.67,125.17,131.44,39.36,56.35,99.6,273.47
20260929,11:07:50,47699.3,42537.39,25901.96,16615.88,123.82,1882.67,396.44,460.39,546.15,105.92,162.98,192.49,91.62,137.33,271.73,120.77,189.99,290.33,3028.12,1618.74,462.67,74.29,230.62,941.33,371.75,236.47,281.19,443.15,208.68,101.22,3581.67,234.67,125.41,131.46,39.36,56.35,99.6,273.47
20260929,11:07:55,47699.83,42537.48,25902.95,16615.62,123.76,1882.67,396.44,460.39,546.15,105.92,162.98,192.49,91.62,137.33,271.73,120.77,189.99,290.33,3028.14,1618.75,462.64,74.3,230.61,941.34,371.75,236.47,281.19,443.15,208.68,101.22,3582.05,234.67,125.41,131.46,39.36,56.35,99.6,273.47
20260929,11:08:00,47696.49,42533.97,25902.13,16613.8,123.76,1882.67,396.44,460.39,546.17,105.92,162.98,192.46,91.62,137.33,271.73,120.77,189.99,290.33,3027.9,1618.76,462.75,74.3,230.61,941.06,371.75,236.47,280.88,443.15,208.68,101.22,3582.29,234.67,125.17,131.46,39.36,56.35,99.6,273.47
20260929,11:08:05,47695.38,42533.01,25902.18,16614.25,123.89,1882.67,396.52,460.38,546.17,105.92,162.98,192.46,91.62,137.33,271.73,120.77,189.99,290.33,3027.81,1618.72,462.75,74.3,230.5,941.05,371.44,236.47,280.92,443.15,208.62,101.25,3582.18,234.67,125.17,131.46,39.36,56.35,99.6,273.47
20260929,11:08:10,47692.26,42531.06,25899.24,16614.53,123.89,1884.09,396.35,460.38,546.18,105.92,162.98,192.47,91.62,137.33,271.73,120.75,189.99,290.32,3027.65,1618.71,462.73,74.28,230.5,940.8,371.69,236.47,280.87,443.15,208.74,101.25,3581.19,234.67,125.17,131.46,39.36,56.35,99.6,273.47
20260929,11:08:15,47694.06,42530.72,25911.14,16621.21,123.76,1884.09,397.06,460.38,546.19,105.92,162.97,192.47,91.62,137.33,271.73,120.75,189.99,290.32,3027.46,1618.58,462.72,74.3,230.61,940.63,371.44,236.47,280.87,443.15,208.74,101.25,3583.09,234.67,125.41,131.46,39.36,56.35,99.6,273.47
20260929,11:08:20,47697.22,42533.43,25907.22,16615.46,123.76,1882.67,396.51,460.38,546.14,105.92,162.97,192.45,91.62,137.33,271.73,120.74,189.99,290.32,3027.81,1618.67,462.7,74.29,230.61,940.75,371.73,236.47,281.22,443.15,208.74,101.25,3583.43,234.67,125.29,131.46,39.36,56.35,99.6,273.47
20260929,11:08:25,47696.37,42531.79,25909.03,16614.85,123.76,1882.67,396.43,460.38,546.14,105.92,162.97,192.45,91.62,137.33,271.73,120.74,189.99,290.32,3027.7,1618.65,462.64,74.28,230.61,940.63,371.73,236.47,281.22,443.15,208.74,101.25,3584.16,234.67,125.29,131.47,39.36,56.35,99.6,273.47
20260929,11:08:30,47697.59,42533.14,25909.94,16616.42,123.76,1882.67,396.35,460.38,546.13,105.92,162.96,192.46,91.61,137.33,271.73,120.74,189.98,290.32,3027.77,1618.66,462.64,74.3,230.61,940.75,371.74,236.47,281.22,443.14,208.89,101.25,3584.01,234.67,125.29,131.47,39.36,56.35,99.6,273.8
20260929,11:08:35,47695.54,42531.73,25907.66,16615.76,123.76,1882.44,396.35,460.38,546.19,105.92,162.95,192.44,91.61,137.33,271.73,120.76,189.98,290.32,3027.67,1618.63,462.65,74.29,230.5,940.74,371.43,236.48,281.22,443.14,208.9,101.25,3583.48,234.67,125.17,131.47,39.36,56.35,99.6,273.8
20260929,11:08:40,47731.79,42569.15,25902.17,16616.46,123.76,1882.44,396.35,460.38,546.04,105.92,162.96,192.44,91.62,137.33,271.73,120.77,189.98,290.32,3030.67,1621.03,462.75,74.31,230.5,940.74,371.38,236.48,280.91,443.14,208.91,101.25,3581.58,234.6,125.29,131.77,39.36,56.35,99.6,273.5
20260929,11:08:45,47694.65,42532.58,25903.8,16617.07,123.76,1882.44,396.35,460.38,545.99,105.92,162.96,192.44,91.62,137.33,271.73,120.9,189.98,290.32,3027.71,1618.6,462.62,74.3,230.63,940.9,371.63,236.48,281.13,443.14,208.91,101.25,3581.92,234.6,125.29,131.77,39.36,56.35,99.6,273.5
20260929,11:08:50,47689.64,42528.07,25903.23,16617.67,123.76,1882.44,396.43,460.39,545.99,105.91,162.96,192.44,91.62,137.33,271.73,120.9,189.98,290.31,3027.33,1618.62,462.63,74.29,230.51,940.07,371.63,236.48,281.13,443.14,208.91,101.25,3581.58,234.6,125.29,131.77,39.36,56.35,99.6,273.5
20260929,11:08:55,47688.62,42527.08,25903.6,16618.09,123.76,1882.44,396.44,460.39,545.99,105.91,162.96,192.42,91.62,137.54,271.73,120.9,189.98,290.31,3027.24,1618.71,462.52,74.29,230.51,939.69,371.62,236.38,281.13,443.2,208.91,101.25,3581.58,234.6,125.29,131.77,39.36,56.35,99.6,273.49
20260929,11:09:00,47687.82,42526.31,25903.64,16618.17,123.76,1882.44,396.53,460.39,545.99,105.91,162.97,192.42,91.63,137.55,271.85,120.77,189.98,290.31,3027.18,1618.7,462.49,74.3,230.51,939.68,371.3,236.38,281.09,443.2,208.92,101.25,3581.57,234.6,125.29,131.77,39.36,56.35,99.6,273.49
20260929,11:09:05,47682.49,42523.68,25893.72,16615.34,123.76,1882.44,396.53,460.39,545.99,105.91,162.97,192.42,91.63,137.33,271.85,120.75,189.98,290.31,3027.03,1618.6,462.6,74.27,230.51,939.54,371.62,236.38,281.09,443.2,208.77,101.25,3579.24,234.6,125.17,131.77,39.36,56.35,99.6,273.49
20260929,11:09:10,47677.51,42519.11,25891.89,16614.18,123.76,1882.44,396.35,460.39,545.85,105.91,162.97,192.42,91.63,137.33,271.85,120.88,189.84,290.31,3026.69,1618.32,462.6,74.27,230.51,939.61,371.62,236.38,281.09,443.21,208.77,101.25,3578.98,234.6,125.17,131.77,39.36,56.35,99.6,273.49
20260929,11:09:15,47672.94,42514.65,25891.54,16613.77,123.63,1882.44,396.35,460.47,545.85,105.91,162.97,192.42,91.63,137.33,271.85,120.77,189.98,290.31,3026.34,1618.2,462.64,74.23,230.51,939.58,371.62,236.38,280.78,443.19,208.91,101.25,3578.98,234.6,125.05,131.77,39.36,56.35,99.6,273.49
20260929,11:09:20,47677.57,42516.34,25904.72,16619.47,123.63,1882.44,396.89,460.48,545.85,105.91,162.95,192.42,91.61,137.33,271.85,120.77,189.98,290.34,3026.34,1618.2,462.53,74.23,230.37,939.45,371.37,236.38,281.09,443.19,208.91,101.25,3581.55,234.6,125.29,131.74,39.36,56.35,99.6,273.49
20260929,11:09:25,47716.16,42554.13,25904.52,16619.86,123.76,1883.86,396.89,460.4,545.85,105.91,162.94,192.39,91.61,137.33,271.85,120.89,189.98,290.37,3029.38,1620.6,462.42,74.22,230.31,939.47,371.37,236.38,281.09,443.19,208.76,101.25,3581.39,234.6,125.29,131.74,39.35,56.35,99.6,273.58
20260929,11:09:30,47715.08,42552.81,25904.05,16618.44,123.76,1883.86,396.98,460.4,545.85,105.91,162.93,192.37,91.61,137.33,271.85,120.89,189.98,290.39,3029.3,1620.6,462.42,74.22,230.31,939.44,371.3,236.38,280.98,443.19,208.76,101.25,3581.63,234.6,125.05,131.71,39.35,56.35,99.6,273.58
20260929,11:09:35,47673.27,42511.43,25906.64,16619.26,123.76,1883.86,396.89,460.4,545.85,105.91,162.93,192.37,91.61,137.33,271.85,120.77,189.98,290.39,3025.95,1618.21,462.52,74.23,230.31,938.7,371.3,236.38,280.98,443.19,208.79,101.25,3582.21,234.6,125.29,131.71,39.35,56.35,99.6,273.58
20260929,11:09:40,47673.14,42511.3,25907.29,16620.01,123.76,1883.86,396.98,460.39,545.92,105.91,162.93,192.35,91.61,137.33,271.85,120.77,189.96,290.4,3025.92,1618.38,462.43,74.23,230.19,938.72,371.3,236.38,280.67,443.19,208.79,101.25,3582.21,234.6,125.29,131.71,39.35,56.35,99.6,273.58
20260929,11:09:45,47673.49,42511.53,25905.31,16617.37,123.76,1883.86,396.44,460.39,546.06,105.91,162.93,192.35,91.61,137.33,271.85,120.89,189.96,290.4,3026.0,1618.2,462.43,74.22,230.19,939.44,371.62,236.38,280.67,443.19,208.79,101.25,3582.31,234.63,125.29,131.7,39.36,56.35,99.6,273.58
20260929,11:09:50,47713.16,42552.38,25898.41,16616.75,123.76,1882.45,396.44,460.47,546.06,105.91,162.93,192.37,91.61,137.33,271.85,120.89,189.93,290.36,3029.31,1620.6,462.51,74.23,230.08,939.48,371.62,236.38,280.98,443.19,208.79,101.25,3580.32,234.63,125.29,131.7,39.36,56.35,99.6,273.55
20260929,11:09:55,47672.59,42513.42,25895.34,16615.16,123.63,1882.45,396.53,460.47,546.06,105.99,162.73,192.33,91.45,137.33,271.85,120.89,189.93,290.36,3026.21,1618.31,462.31,74.22,230.08,939.44,371.37,236.38,280.98,443.19,208.79,101.25,3579.8,234.63,125.29,131.7,39.36,56.37,99.6,273.55
20260929,11:10:00,47677.08,42515.58,25901.67,16615.0,123.63,1882.45,396.53,460.47,545.96,105.99,162.73,192.34,91.45,137.33,271.85,120.75,189.93,290.36,3026.39,1618.46,462.33,74.23,230.08,939.39,371.32,236.38,280.98,443.19,208.9,101.25,3581.82,234.63,125.29,131.7,39.36,56.37,99.6,273.55
20260929,11:10:05,47672.32,42510.48,25901.98,16613.84,123.63,1882.45,396.54,460.47,545.95,105.92,162.73,192.34,91.45,137.33,271.85,120.75,189.93,290.36,3026.0,1618.24,462.35,74.23,230.19,939.44,371.32,236.38,280.67,443.19,208.9,101.25,3582.23,234.63,125.17,131.7,39.36,56.37,99.6,273.52
20260929,11:10:10,47671.44,42509.8,25901.08,16613.42,123.63,1882.45,396.44,460.47,545.95,105.92,162.72,192.33,91.45,137.33,271.85,120.75,189.93,290.36,3025.96,1618.2,462.35,74.25,230.19,939.48,371.0,236.38,280.67,443.19,208.94,101.25,3582.06,234.63,125.17,131.7,39.36,56.37,99.6,273.52
20260929,11:10:15,47673.69,42511.96,25901.51,16613.78,123.63,1881.88,396.53,460.47,546.1,105.92,162.72,192.33,91.45,137.33,271.85,120.75,189.93,290.36,3026.12,1618.32,462.36,74.22,230.19,939.48,371.32,236.52,280.67,443.23,208.79,101.25,3582.1,234.63,125.29,131.7,39.36,56.35,99.6,273.52
20260929,11:10:20,47670.08,42508.77,25901.41,16614.74,123.63,1881.88,396.53,460.47,546.1,105.92,162.73,192.37,91.45,137.33,271.85,120.75,189.78,290.36,3025.84,1618.31,462.36,74.22,230.31,938.76,371.32,236.52,280.67,443.23,208.79,101.25,3581.81,234.63,125.41,131.7,39.36,56.35,99.6,273.52
20260929,11:10:25,47672.46,42511.5,25900.29,16614.82,123.63,1881.88,396.53,460.47,546.1,105.92,162.73,192.37,91.45,137.33,271.85,120.75,189.78,290.36,3026.06,1618.31,462.34,74.23,230.31,938.87,371.32,236.52,280.98,443.23,208.79,101.25,3581.44,234.7,125.41,131.7,39.36,56.35,99.6,273.52
20260929,11:10:30,47675.84,42514.79,25900.51,16615.07,123.63,1881.88,396.53,460.47,546.24,105.92,162.73,192.33,91.45,137.33,271.85,120.74,189.78,290.36,3026.32,1618.3,462.34,74.23,230.31,939.52,371.32,236.52,280.97,443.22,208.8,101.25,3581.44,234.7,125.4,131.7,39.36,56.35,99.6,273.52
20260929,11:10:35,47672.62,42510.56,25899.47,16610.24,123.63,1881.88,395.99,460.47,546.21,105.92,162.74,192.38,91.45,137.33,271.73,120.74,189.78,290.36,3026.1,1618.39,462.21,74.22,230.31,938.94,371.0,236.52,280.97,443.22,208.8,101.25,3582.42,234.7,125.29,131.7,39.36,56.35,99.6,273.52
20260929,11:10:40,47667.37,42504.97,25900.49,16609.81,123.63,1882.63,395.9,460.47,546.21,105.93,162.73,192.38,91.44,137.33,271.73,120.74,189.78,290.36,3025.66,1618.27,462.21,74.22,230.3,938.2,371.0,236.52,281.01,443.22,208.8,101.25,3582.86,234.7,125.29,131.7,39.36,56.35,99.6,273.52
20260929,11:10:45,47667.43,42505.43,25904.29,16615.53,123.63,1882.63,396.44,460.47,546.21,105.93,162.73,192.38,91.44,137.33,271.73,120.86,189.78,290.37,3025.56,1618.28,462.19,74.21,230.07,938.12,371.25,236.52,281.01,443.22,208.8,101.25,3582.49,234.7,125.41,131.7,39.36,56.35,99.6,273.52
20260929,11:10:50,47666.01,42504.08,25905.26,16616.77,123.64,1882.63,396.44,460.47,546.16,105.93,162.71,192.33,91.44,137.33,271.73,120.88,189.78,290.37,3025.42,1618.25,461.97,74.21,230.07,938.09,371.51,236.52,281.01,443.22,208.95,101.25,3582.46,234.7,125.41,131.71,39.36,56.35,99.6,273.52
20260929,11:10:55,47661.6,42499.79,25905.49,16617.03,123.64,1882.63,396.53,460.47,546.02,105.93,162.72,192.33,91.44,137.33,271.87,120.88,189.78,290.37,3025.07,1618.03,462.06,74.23,230.19,938.21,371.51,236.52,280.6,443.22,208.95,101.25,3582.46,234.7,125.41,131.71,39.36,56.35,99.6,273.52
20260929,11:11:00,47661.56,42499.38,25902.25,16612.04,123.64,1882.63,395.9,460.39,546.02,105.93,162.71,192.31,91.44,137.33,271.87,120.88,189.78,290.37,3025.15,1618.14,462.06,74.23,230.19,938.09,371.51,236.52,280.6,443.16,208.93,101.21,3582.8,234.7,125.41,131.71,39.36,56.35,99.6,273.52
20260929,11:11:05,47660.56,42498.5,25905.73,16616.36,123.64,1882.63,396.52,460.39,545.83,105.93,162.72,192.31,91.44,137.33,271.87,120.87,189.78,290.37,3024.98,1617.99,462.08,74.23,230.01,937.94,371.25,236.51,280.91,443.17,208.98,101.21,3582.72,234.7,125.41,131.71,39.36,56.35,99.6,273.52
20260929,11:11:10,47662.48,42500.81,25903.08,16614.8,123.77,1882.63,396.35,460.39,545.86,105.93,162.71,192.3,91.44,137.33,271.87,120.74,189.78,290.37,3025.2,1618.11,462.13,74.21,230.01,938.09,371.24,236.61,280.91,443.26,208.98,101.21,3582.31,234.7,125.41,131.71,39.32,56.35,99.6,273.52
20260929,11:11:15,47655.93,42494.36,25903.08,16614.57,123.77,1882.63,396.35,460.39,545.86,105.92,162.71,192.29,91.44,137.33,271.87,120.74,189.74,290.33,3024.69,1617.87,462.13,74.2,230.18,937.91,370.92,236.61,280.6,443.26,208.98,101.21,3582.37,234.7,125.41,131.71,39.32,56.35,99.6,273.52
20260929,11:11:20,47661.25,42501.73,25897.57,16615.57,123.77,1884.05,396.36,460.4,545.86,105.92,162.71,192.29,91.44,137.55,271.87,120.74,189.74,290.33,3025.26,1618.16,462.11,74.19,230.07,938.05,370.92,236.61,280.96,443.26,208.99,101.21,3580.38,234.7,125.41,131.71,39.32,56.35,99.6,273.52
20260929,11:11:25,47661.94,42502.62,25894.08,16612.28,123.77,1884.05,395.9,460.33,545.89,105.92,162.7,192.27,91.44,137.55,271.87,120.76,189.74,290.31,3025.41,1618.08,462.22,74.21,230.07,938.5,370.92,236.47,280.96,443.26,208.99,101.21,3580.19,234.7,125.41,131.71,39.32,56.35,99.6,273.52
20260929,11:11:30,47663.73,42501.96,25902.22,16613.59,123.77,1884.05,396.07,460.33,545.89,105.93,162.71,192.28,91.45,137.54,271.87,120.76,189.74,290.29,3025.32,1618.01,462.2,74.21,230.07,938.53,370.92,236.47,280.96,443.26,208.99,101.21,3582.37,234.7,125.41,131.71,39.32,56.35,99.6,273.52
20260929,11:11:35,47659.38,42498.13,25899.94,16612.34,123.64,1882.63,395.98,460.33,545.96,105.93,162.72,192.29,91.45,137.54,271.87,120.76,189.74,290.29,3025.04,1617.98,462.19,74.22,230.07,938.37,370.92,236.47,280.65,443.26,209.0,101.21,3582.0,234.7,125.41,131.71,39.32,56.35,99.6,273.52
20260929,11:11:40,47662.08,42499.2,25904.08,16611.87,123.64,1882.63,395.89,460.33,545.96,105.92,162.72,192.29,91.45,137.54,271.87,120.76,189.74,290.31,3025.14,1617.84,462.19,74.22,230.07,938.61,370.92,236.47,280.96,443.26,209.0,101.21,3583.42,234.7,125.41,131.71,39.32,56.37,99.6,273.52
20260929,11:11:45,47659.61,42497.88,25901.05,16612.0,123.64,1882.63,395.89,460.33,546.02,105.92,162.72,192.29,91.45,137.54,271.87,120.76,189.74,290.31,3025.03,1617.85,462.24,74.2,230.07,938.25,371.24,236.47,280.96,443.26,209.0,101.21,3582.44,234.66,125.41,131.71,39.32,56.37,99.6,273.52
20260929,11:11:50,47658.04,42495.77,25902.16,16611.36,123.64,1882.63,395.89,460.33,546.02,105.92,162.71,192.26,91.45,137.54,271.87,120.87,189.74,290.29,3024.88,1617.7,462.24,74.21,230.07,938.37,371.24,236.47,280.92,443.26,208.99,101.21,3582.96,234.66,125.29,131.71,39.32,56.35,99.6,273.52
20260929,11:11:55,47654.54,42492.98,25904.45,16616.07,123.64,1882.63,396.44,460.33,545.92,105.92,162.71,192.26,91.45,137.54,271.87,120.88,189.74,290.29,3024.54,1617.72,461.88,74.21,229.89,938.06,371.24,236.47,280.92,443.26,208.99,101.21,3582.4,234.66,125.41,131.71,39.32,56.35,99.6,273.52
20260929,11:12:00,47650.09,42488.81,25903.22,16615.23,123.64,1882.63,396.44,460.33,545.92,105.92,162.7,192.25,91.45,137.54,271.87,120.76,189.75,290.29,3024.22,1618.01,461.71,74.2,229.89,937.11,370.94,236.47,280.56,443.24,208.99,101.21,3582.24,234.66,125.41,131.71,39.32,56.35,99.6,273.52
20260929,11:12:05,47650.98,42489.5,25903.61,16615.06,123.64,1882.63,396.44,460.33,545.92,105.84,162.71,192.27,91.45,137.54,271.87,120.74,189.75,290.29,3024.28,1617.69,461.65,74.23,229.89,937.86,370.95,236.47,280.87,443.23,208.99,101.21,3582.41,234.66,125.41,131.71,39.32,56.37,99.6,273.52
20260929,11:12:10,47652.44,42489.73,25903.76,16611.24,123.64,1882.63,395.89,460.33,545.92,105.84,162.72,192.29,91.45,137.54,271.87,120.74,189.8,290.29,3024.39,1617.79,461.52,74.21,229.89,937.85,370.95,236.47,280.98,443.23,208.98,101.18,3583.49,234.66,125.41,131.71,39.32,56.37,99.6,273.57
20260929,11:12:15,47650.03,42487.36,25903.6,16610.97,123.64,1882.63,395.9,460.33,545.94,105.84,162.73,192.3,91.46,137.54,271.75,120.74,189.8,290.29,3024.21,1617.78,461.44,74.21,229.89,937.91,370.95,236.61,280.67,443.23,208.95,101.18,3583.51,234.66,125.41,131.71,39.32,56.35,99.6,273.57
20260929,11:12:20,47649.91,42487.96,25901.66,16611.17,123.64,1882.63,395.82,460.33,545.89,105.84,162.74,192.31,91.46,137.54,271.75,120.88,189.8,290.29,3024.25,1617.61,461.42,74.21,229.86,938.19,370.95,236.61,280.98,443.23,208.96,101.18,3582.85,234.66,125.41,131.67,39.32,56.35,99.6,273.57
20260929,11:12:25,47651.6,42490.64,25898.81,16611.35,123.77,1882.63,395.81,460.33,545.89,105.84,162.74,192.31,91.46,137.54,271.75,120.88,189.81,290.29,3024.46,1617.74,461.52,74.21,229.87,938.13,371.26,236.61,280.98,443.23,208.96,101.18,3581.92,234.63,125.41,131.67,39.32,56.35,99.6,273.51
20260929,11:12:30,47686.91,42524.82,25899.95,16611.91,123.77,1882.63,395.9,460.33,545.86,105.84,162.73,192.3,91.46,137.53,271.75,120.88,189.81,290.29,3027.21,1620.05,461.52,74.21,229.68,938.15,370.93,236.62,280.66,443.23,208.96,101.18,3582.12,234.63,125.41,131.67,39.32,56.35,99.6,273.51
20260929,11:12:35,47649.42,42488.68,25897.21,16610.07,123.77,1882.63,395.9,460.33,545.86,105.84,162.73,192.3,91.46,137.53,271.75,120.76,189.81,290.29,3024.34,1617.67,461.46,74.22,229.86,938.14,370.93,236.62,280.97,443.23,208.96,101.18,3581.76,234.63,125.29,131.67,39.32,56.35,99.66,273.48
20260929,11:12:40,47651.83,42491.03,25897.95,16610.92,123.77,1882.63,395.9,460.33,545.85,105.84,162.74,192.33,91.46,137.53,271.75,120.76,189.81,290.29,3024.51,1617.76,461.47,74.22,230.22,937.96,370.93,236.62,280.96,443.23,208.95,101.18,3581.76,234.63,125.41,131.67,39.32,56.35,99.66,273.48
20260929,11:12:45,47649.74,42489.21,25895.12,16608.38,123.64,1882.63,395.9,460.33,545.54,105.84,162.74,192.33,91.46,137.53,271.75,120.76,189.81,290.29,3024.42,1617.78,461.36,74.22,230.04,937.97,370.93,236.62,280.96,443.23,208.83,101.18,3581.57,234.59,125.41,131.67,39.32,56.35,99.66,273.48
20260929,11:12:50,47646.11,42485.26,25896.43,16608.53,123.63,1882.63,395.9,460.33,545.54,105.84,162.74,192.34,91.46,137.53,271.75,120.75,189.97,290.29,3024.1,1617.86,461.36,74.22,230.04,937.37,370.88,236.62,280.65,443.23,208.83,101.18,3581.94,234.59,125.41,131.67,39.32,56.35,99.66,273.48
20260929,11:12:55,47639.6,42479.74,25894.16,16608.66,123.63,1882.63,395.9,460.33,545.54,105.84,162.73,192.32,91.46,137.53,271.75,120.75,189.97,290.31,3023.65,1617.62,461.42,74.2,230.03,937.02,370.87,236.62,280.65,443.23,208.83,101.18,3581.19,234.59,125.41,131.67,39.32,56.37,99.66,273.48
20260929,11:13:00,47637.85,42478.1,25893.9,16608.57,123.63,1882.63,395.89,460.33,545.54,105.85,162.73,192.29,91.46,137.53,271.75,120.75,189.97,290.31,3023.52,1617.55,461.46,74.23,229.88,937.01,370.87,236.62,280.64,443.23,208.84,101.18,3581.14,234.59,125.4,131.67,39.32,56.37,99.66,273.48
20260929,11:13:05,47639.33,42479.04,25895.14,16608.3,123.63,1882.63,395.89,460.07,545.54,105.85,162.73,192.29,91.46,137.53,271.75,120.75,189.97,290.31,3023.6,1617.35,461.53,74.2,229.88,937.74,371.18,236.62,280.64,443.23,208.84,101.18,3581.59,234.59,125.4,131.67,39.32,56.37,99.66,273.48
20260929,11:13:10,47639.62,42478.95,25897.04,16609.23,123.69,1882.63,395.97,460.07,545.54,105.93,162.72,192.27,91.46,137.53,271.75,120.75,189.97,290.31,3023.57,1617.38,461.5,74.21,229.88,937.59,371.17,236.62,280.64,443.23,208.84,101.18,3581.94,234.59,125.4,131.67,39.32,56.37,99.66,273.48
20260929,11:13:15,47642.51,42481.17,25899.05,16609.58,123.69,1882.63,395.98,460.07,545.54,105.93,162.72,192.27,91.46,137.53,271.75,120.76,189.97,290.31,3023.74,1617.47,461.44,74.17,229.88,937.46,371.17,236.62,280.95,443.23,208.87,101.18,3582.47,234.59,125.4,131.67,39.32,56.37,99.66,273.48
20260929,11:13:20,47598.96,42438.78,25897.58,16608.03,123.69,1882.63,395.96,460.07,545.57,105.93,162.72,192.27,91.46,137.54,271.75,120.75,189.97,290.31,3020.37,1615.09,461.4,74.17,229.76,936.94,371.17,236.62,280.95,443.23,208.72,101.18,3582.43,234.59,125.4,131.67,39.32,56.35,99.66,273.51
20260929,11:13:25,47595.78,42435.87,25900.52,16612.03,123.69,1882.63,396.5,460.07,545.56,105.93,162.72,192.25,91.46,137.54,271.75,120.74,189.97,290.32,3020.03,1614.92,461.4,74.2,229.77,936.94,371.23,236.62,280.68,443.23,208.72,101.18,3582.26,234.59,125.4,131.7,39.28,56.35,99.66,273.56
20260929,11:13:30,47599.17,42438.28,25898.45,16606.65,123.69,1882.03,395.88,460.06,545.56,105.93,162.72,192.25,91.46,137.54,271.75,120.74,189.97,290.33,3020.36,1615.09,461.51,74.18,229.77,937.14,370.91,236.62,280.68,443.23,208.68,101.18,3583.08,234.56,125.4,131.71,39.24,56.35,99.66,273.54
20260929,11:13:35,47595.14,42434.61,25897.74,16606.69,123.69,1882.03,395.88,460.31,545.56,105.85,162.72,192.25,91.46,137.54,271.87,120.74,189.97,290.3,3020.06,1615.17,461.51,74.17,229.77,936.22,370.92,236.48,280.68,443.23,208.68,101.18,3582.85,234.56,125.4,131.71,39.24,56.35,99.66,273.54
20260929,11:13:40,47593.6,42434.18,25894.72,16606.81,123.69,1882.03,395.97,460.52,545.56,105.93,162.72,192.24,91.47,137.54,271.87,120.74,189.97,290.3,3020.02,1615.14,461.54,74.14,229.76,936.26,370.92,236.48,280.69,443.23,208.68,101.18,3581.87,234.56,125.28,131.71,39.24,56.35,99.66,273.54
20260929,11:13:45,47589.47,42430.55,25895.29,16608.78,123.69,1881.8,395.96,460.52,545.57,105.93,162.73,192.25,91.47,137.54,271.73,120.74,189.97,290.3,3019.68,1614.97,461.32,74.15,229.76,936.25,371.25,236.48,280.59,443.23,208.83,101.18,3581.51,234.56,125.4,131.64,39.24,56.35,99.66,273.54
20260929,11:13:50,47590.16,42430.96,25892.66,16604.87,123.69,1883.45,395.34,460.5,545.56,105.93,162.71,192.2,91.47,137.54,271.73,120.75,189.97,290.3,3019.81,1615.02,461.39,74.15,229.87,936.21,371.25,236.48,280.61,443.23,208.83,101.18,3581.75,234.59,125.4,131.68,39.24,56.35,99.66,273.54
20260929,11:13:55,47592.42,42433.41,25892.08,16605.05,123.82,1883.45,395.34,460.5,545.56,105.93,162.68,192.16,91.45,137.54,271.73,120.7,189.97,290.29,3020.0,1614.96,461.49,74.15,230.0,936.24,371.2,236.48,280.92,443.24,208.87,101.18,3581.52,234.59,125.4,131.71,39.24,56.35,99.66,273.54
20260929,11:14:00,47591.9,42432.88,25892.73,16605.69,123.82,1883.45,395.43,460.5,545.56,105.93,162.68,192.16,91.45,137.54,271.73,120.7,189.97,290.27,3019.95,1614.96,461.38,74.14,230.0,936.1,371.18,236.48,281.02,443.23,208.87,101.18,3581.55,234.59,125.4,131.71,39.24,56.35,99.66,273.54
20260929,11:14:05,47627.41,42467.71,25894.74,16608.81,123.82,1883.45,395.88,460.5,545.56,105.84,162.68,192.16,91.45,137.54,271.73,120.71,189.97,290.27,3022.68,1617.13,461.31,74.13,229.73,936.73,371.18,236.48,280.65,443.22,208.87,101.18,3581.33,234.59,125.4,131.71,39.24,56.35,99.66,273.54
20260929,11:14:10,47628.71,42468.98,25894.91,16609.01,123.82,1883.34,395.89,460.5,545.55,105.84,162.68,192.15,91.45,137.54,271.78,120.71,189.97,290.27,3022.78,1617.09,461.3,74.13,229.75,936.63,371.2,236.48,280.96,443.25,208.89,101.18,3581.33,234.59,125.4,131.71,39.24,56.35,99.66,273.54
20260929,11:14:15,47625.88,42465.52,25897.2,16609.29,123.82,1883.34,395.88,460.5,545.66,105.84,162.67,192.14,91.45,137.54,271.78,120.71,189.97,290.27,3022.49,1617.09,461.29,74.11,229.64,936.53,371.2,236.48,280.65,443.25,208.89,101.18,3581.97,234.59,125.4,131.71,39.24,56.35,99.66,273.54
20260929,11:14:20,47586.49,42427.09,25897.88,16609.9,123.82,1883.34,395.88,460.5,545.66,105.84,162.68,192.14,91.45,137.33,271.78,120.86,189.97,290.27,3019.38,1614.61,461.29,74.1,229.88,936.57,371.2,236.48,280.64,443.25,208.89,101.18,3582.02,234.59,125.41,131.71,39.24,56.35,99.66,273.49
20260929,11:14:25,47587.64,42428.17,25897.9,16609.76,123.82,1883.34,395.88,460.54,545.71,105.84,162.67,192.11,91.45,137.33,271.78,120.74,189.97,290.27,3019.47,1614.65,461.3,74.08,230.02,936.58,371.2,236.48,280.64,443.25,208.89,101.18,3582.06,234.92,125.41,131.71,39.23,56.35,99.66,273.49
20260929,11:14:30,47626.82,42466.06,25898.77,16609.84,123.69,1883.34,395.97,460.54,545.71,105.84,162.67,192.11,91.45,137.33,271.78,120.74,189.97,290.26,3022.52,1617.03,461.25,74.11,230.02,936.57,370.66,236.48,280.64,443.25,208.89,101.18,3582.31,234.92,125.29,131.71,39.23,56.35,99.66,273.79
20260929,11:14:35,47588.45,42428.65,25899.53,16610.61,123.82,1883.34,395.97,460.53,545.65,105.84,162.67,192.13,91.44,137.33,271.78,120.74,189.97,290.29,3019.49,1614.75,461.12,74.11,230.02,936.52,370.72,236.48,280.63,443.25,208.84,101.18,3582.34,234.92,125.41,131.71,39.23,56.35,99.66,273.79
20260929,11:14:40,47625.98,42464.56,25900.83,16609.91,123.82,1883.34,395.97,460.53,545.63,105.84,162.67,192.12,91.44,137.33,271.78,120.74,189.97,290.29,3022.4,1617.1,460.95,74.1,229.89,936.52,370.72,236.48,280.63,443.22,208.87,101.18,3582.94,234.92,125.41,131.71,39.23,56.35,99.66,273.49
20260929,11:14:45,47623.54,42462.05,25899.54,16608.01,123.82,1881.92,395.97,460.61,545.62,105.84,162.67,192.12,91.44,137.33,271.78,120.73,189.97,290.31,3022.24,1617.1,460.94,74.08,229.89,936.55,370.99,236.48,280.32,443.23,208.73,101.18,3583.05,234.92,125.41,131.71,39.22,56.35,99.66,273.49
20260929,11:14:50,47623.83,42462.76,25900.08,16610.07,123.82,1881.92,396.51,460.61,545.35,105.91,162.67,192.12,91.44,137.33,271.78,120.74,189.97,290.31,3022.25,1617.12,460.83,74.11,230.01,936.52,370.68,236.48,280.32,443.23,208.7,101.18,3582.66,234.92,125.29,131.7,39.22,56.35,99.66,273.49
20260929,11:14:55,47621.93,42459.96,25902.85,16610.07,123.82,1881.92,396.51,460.61,545.49,105.91,162.67,192.12,91.44,137.34,271.78,120.74,189.83,290.31,3022.02,1617.02,460.94,74.11,229.77,936.4,370.68,236.48,280.32,443.23,208.68,101.18,3583.53,234.92,125.29,131.7,39.18,56.35,99.66,273.49
20260929,11:15:00,47585.15,42423.9,25903.4,16609.96,123.69,1881.92,396.51,460.72,545.48,105.91,162.68,192.18,91.44,137.34,271.78,120.74,189.83,290.31,3019.12,1614.59,461.06,74.1,229.83,936.4,370.66,236.48,280.64,443.23,208.68,101.18,3583.73,234.92,125.29,131.7,39.18,56.34,99.66,273.49
20260929,11:15:05,47583.12,42422.36,25901.35,16609.06,123.82,1881.93,396.51,460.72,545.46,105.84,162.68,192.19,91.44,137.34,271.78,120.74,189.83,290.34,3019.02,1614.47,461.04,74.12,229.83,936.49,370.97,236.48,280.63,443.23,208.68,101.18,3583.33,234.59,125.29,131.53,39.18,56.34,99.66,273.49
20260929,11:15:10,47581.03,42420.32,25901.49,16609.21,123.82,1881.96,396.43,460.72,545.35,105.84,162.68,192.19,91.44,137.55,271.78,120.72,189.83,290.34,3018.85,1614.47,460.94,74.14,229.94,936.47,370.96,236.46,280.31,443.23,208.68,101.18,3583.33,234.63,125.41,131.52,39.18,56.34,99.66,273.49
20260929,11:15:15,47580.22,42421.18,25896.81,16609.34,123.82,1881.59,396.43,460.72,545.39,105.83,162.68,192.19,91.44,137.55,271.78,120.71,189.83,290.34,3018.92,1614.56,460.85,74.13,229.77,936.61,370.95,236.46,280.31,443.23,208.68,101.18,3581.83,234.63,125.41,131.51,39.26,56.34,99.66,273.49
20260929,11:15:20,47575.83,42417.94,25891.99,16607.28,123.82,1881.59,396.44,460.59,545.41,105.83,162.49,192.19,91.28,137.55,271.78,120.71,189.83,290.34,3018.7,1614.53,460.84,74.12,229.77,935.83,370.95,236.46,280.63,443.23,208.68,101.18,3580.89,234.63,125.41,131.49,39.26,56.34,99.66,273.54
20260929,11:15:25,47582.02,42424.12,25897.25,16613.83,123.81,1883.01,396.97,460.59,545.41,105.83,162.49,192.2,91.28,137.55,271.78,120.72,189.87,290.31,3019.04,1614.69,460.84,74.13,229.77,936.51,370.95,236.46,280.31,443.23,208.68,101.18,3580.75,234.63,125.65,131.49,39.26,56.34,99.66,273.54
20260929,11:15:30,47576.64,42418.89,25901.43,16618.68,123.83,1883.01,397.68,460.59,545.41,105.83,162.49,192.2,91.29,137.34,271.78,120.71,189.87,290.29,3018.51,1614.69,460.8,74.12,229.65,935.48,370.63,236.46,280.31,443.23,208.68,101.18,3580.74,234.63,125.65,131.49,39.26,56.36,99.66,273.54
20260929,11:15:35,47573.73,42416.28,25897.04,16614.37,123.81,1883.01,397.14,460.59,545.37,105.83,162.49,192.2,91.29,137.34,271.78,120.71,189.87,290.29,3018.4,1614.56,460.89,74.12,229.65,935.52,370.63,236.46,280.32,443.23,208.67,101.18,3580.54,234.63,125.65,131.49,39.26,56.34,99.66,273.54
20260929,11:15:40,47615.33,42455.91,25901.28,16616.23,123.81,1882.28,397.14,460.59,545.52,105.83,162.49,192.2,91.29,137.34,271.78,120.82,189.87,290.31,3021.55,1616.96,460.78,74.12,229.89,935.51,370.61,236.46,280.32,443.23,208.67,101.18,3581.36,234.56,125.76,131.49,39.26,56.34,99.66,273.54
20260929,11:15:45,47575.76,42418.39,25894.67,16612.1,123.81,1883.7,396.59,460.59,545.52,105.83,162.49,192.18,91.29,137.35,271.78,120.82,189.87,290.31,3018.62,1614.55,460.8,74.12,229.89,935.56,370.92,236.46,280.59,443.28,208.67,101.18,3580.42,234.56,125.65,131.49,39.26,56.36,99.66,273.54
20260929,11:15:50,47575.72,42418.77,25893.99,16612.72,123.81,1883.7,396.6,460.34,545.56,105.83,162.5,192.22,91.29,137.35,271.78,120.81,189.79,290.31,3018.64,1614.7,460.8,74.13,229.89,935.52,370.92,236.46,280.28,443.25,208.67,101.18,3580.04,234.56,125.65,131.49,39.26,56.36,99.66,273.84
20260929,11:15:55,47578.2,42421.81,25891.36,16611.78,123.81,1883.7,396.6,460.34,545.56,105.83,162.5,192.22,91.29,137.34,271.78,120.69,189.79,290.31,3018.91,1614.85,460.91,74.11,229.65,935.49,370.6,236.45,280.59,443.25,208.67,101.18,3579.47,234.56,125.65,131.49,39.26,56.34,99.66,273.84
20260929,11:16:00,47573.09,42419.26,25883.57,16610.95,123.81,1883.7,396.6,460.34,545.56,105.83,162.5,192.22,91.29,137.35,271.78,120.69,189.79,290.32,3018.72,1614.85,460.91,74.12,229.65,935.43,370.62,236.45,280.28,443.25,208.67,101.18,3577.26,234.56,125.65,131.49,39.26,56.34,99.66,273.54
20260929,11:16:05,47577.66,42423.75,25883.71,16611.25,123.81,1883.7,396.6,460.34,545.62,105.83,162.5,192.22,91.29,137.35,271.78,120.69,189.82,290.34,3019.08,1615.0,460.81,74.12,229.76,935.82,370.62,236.45,280.27,443.26,208.68,101.18,3577.22,234.56,125.65,131.49,39.26,56.36,99.66,273.46
20260929,11:16:10,47589.48,42433.17,25889.93,16611.34,123.81,1883.7,396.6,460.34,545.62,105.83,162.5,192.22,91.29,137.37,271.78,120.69,189.82,290.34,3019.83,1615.21,460.81,74.12,230.01,936.74,370.62,236.45,280.26,443.25,208.68,101.18,3579.14,234.56,125.65,131.49,39.26,56.36,99.66,273.46
20260929,11:16:15,47624.19,42465.83,25893.69,16611.8,123.81,1883.7,396.6,460.59,545.64,105.83,162.5,192.22,91.29,137.38,271.78,120.69,189.86,290.36,3022.45,1617.47,460.81,74.14,229.76,936.19,370.62,236.45,280.26,443.24,208.68,101.18,3580.19,234.56,125.65,131.49,39.26,56.36,99.66,273.49
20260929,11:16:20,47585.83,42428.45,25893.62,16611.7,123.81,1883.7,396.6,460.59,545.67,105.83,162.5,192.22,91.29,137.38,271.78,120.69,189.86,290.36,3019.44,1614.97,460.81,74.14,229.76,936.34,370.62,236.45,280.57,443.24,208.66,101.15,3580.2,234.56,125.65,131.49,39.26,56.36,99.66,273.49
20260929,11:16:25,47586.29,42429.48,25891.46,16611.17,123.81,1882.28,396.6,460.59,545.67,105.83,162.5,192.22,91.29,137.38,271.78,120.69,189.82,290.36,3019.54,1614.98,460.9,74.14,229.76,936.8,370.94,236.45,280.27,443.24,208.66,101.18,3579.66,234.56,125.65,131.49,39.26,56.37,99.66,273.49
20260929,11:16:30,47632.39,42474.2,25896.08,16615.83,123.81,1882.28,397.23,460.59,545.67,105.83,162.5,192.22,91.29,137.38,271.78,120.69,189.82,290.36,3023.03,1617.5,460.79,74.14,229.94,936.94,370.62,236.69,280.57,443.24,208.66,101.18,3579.85,234.56,125.65,131.49,39.26,56.37,99.66,273.49
20260929,11:16:35,47591.61,42434.71,25895.36,16615.83,123.81,1882.51,397.15,460.48,545.67,105.83,162.5,192.22,91.29,137.36,271.78,120.82,189.82,290.36,3019.85,1615.06,460.84,74.15,229.82,936.91,370.62,236.69,280.57,443.24,208.65,101.18,3579.62,234.56,125.65,131.49,39.26,56.37,99.66,273.49
20260929,11:16:40,47591.37,42434.89,25890.81,16611.98,123.81,1882.51,396.6,460.48,545.68,105.83,162.51,192.19,91.3,137.36,271.78,120.84,189.82,290.36,3019.96,1615.2,460.92,74.15,229.82,937.06,370.6,236.69,280.26,443.24,208.65,101.18,3579.24,234.56,125.65,131.5,39.26,56.35,99.66,273.49
20260929,11:16:45,47594.15,42437.3,25893.18,16613.68,123.81,1882.51,396.6,460.48,546.11,105.83,162.51,192.2,91.3,137.37,271.78,120.86,189.82,290.37,3020.11,1615.35,461.02,74.15,229.82,936.49,370.35,236.69,280.59,443.24,208.66,101.18,3579.52,234.56,125.65,131.5,39.26,56.35,99.66,273.51
20260929,11:16:50,47595.85,42441.16,25886.39,16613.27,123.81,1882.51,396.52,460.48,546.11,105.83,162.53,192.28,91.3,137.38,271.78,120.86,189.82,290.37,3020.43,1615.47,460.98,74.24,230.07,936.54,370.36,236.69,280.58,443.24,208.65,101.18,3577.51,234.56,125.65,131.5,39.26,56.35,99.66,273.51
20260929,11:16:55,47597.1,42442.38,25890.53,16618.03,123.81,1882.28,397.06,460.48,546.11,105.83,162.53,192.29,91.3,137.38,271.78,120.86,189.8,290.39,3020.42,1615.24,460.85,74.24,230.0,937.28,370.38,236.69,280.67,443.24,208.65,101.18,3577.51,234.56,125.65,131.5,39.26,56.35,99.66,273.81
20260929,11:17:00,47639.4,42481.33,25896.86,16617.74,123.81,1882.28,397.06,460.48,546.13,105.91,162.54,192.31,91.3,137.38,271.78,120.74,189.8,290.39,3023.56,1617.65,460.88,74.24,230.0,937.28,370.38,236.69,280.67,443.24,208.66,101.18,3579.57,234.56,125.65,131.51,39.26,56.35,99.66,273.81
20260929,11:17:05,47640.16,42482.07,25896.89,16617.77,123.81,1882.28,397.06,460.48,546.13,105.91,162.54,192.31,91.3,137.38,271.78,120.74,189.8,290.4,3023.62,1617.68,460.88,74.23,230.25,937.37,370.7,236.69,280.45,443.25,208.66,101.18,3579.57,234.56,125.65,131.51,39.26,56.35,99.66,273.81
20260929,11:17:10,47602.48,42445.21,25895.89,16616.12,123.81,1882.28,396.52,460.48,546.13,105.91,162.74,192.31,91.46,137.38,271.78,120.74,189.8,290.4,3020.69,1615.42,460.88,74.23,230.25,937.37,370.7,236.69,280.45,443.25,208.66,101.18,3579.71,234.56,125.65,131.53,39.26,56.36,99.66,273.81
20260929,11:17:15,47601.72,42444.47,25895.49,16615.65,123.81,1882.28,396.52,460.48,546.23,105.91,162.74,192.35,91.46,137.38,271.78,120.74,189.8,290.4,3020.64,1615.31,460.83,74.24,230.12,937.37,370.72,236.69,280.76,443.25,208.67,101.18,3579.71,234.56,125.53,131.53,39.26,56.36,99.66,273.81
20260929,11:17:20,47595.76,42437.98,25897.5,16615.68,123.81,1882.24,396.52,460.48,546.23,105.91,162.75,192.36,91.46,137.38,271.78,120.74,189.84,290.4,3020.12,1615.22,460.84,74.23,230.12,936.84,370.38,236.69,280.44,443.25,208.67,101.18,3580.33,234.56,125.53,131.53,39.26,56.36,99.66,273.79
20260929,11:17:25,47602.87,42442.81,25908.24,16621.03,123.81,1882.24,397.06,460.48,546.23,105.91,162.75,192.37,91.46,137.38,271.78,120.74,189.84,290.4,3020.38,1615.38,460.92,74.24,230.1,936.89,370.39,236.69,280.44,443.19,208.82,101.15,3582.23,234.56,125.53,131.53,39.26,56.36,99.66,273.79
20260929,11:17:30,47604.32,42445.03,25905.68,16620.79,123.81,1882.24,397.15,460.48,545.92,105.91,162.76,192.4,91.46,137.38,271.78,120.75,189.84,290.4,3020.56,1615.53,460.91,74.25,230.12,936.84,370.39,236.69,280.45,443.2,208.82,101.15,3581.5,234.56,125.53,131.53,39.26,56.36,99.66,273.79
20260929,11:17:35,47603.38,42444.03,25906.6,16621.55,123.81,1882.24,397.15,460.48,545.9,105.91,162.76,192.4,91.46,137.38,271.78,120.87,189.84,290.4,3020.46,1615.52,460.85,74.21,229.82,936.63,370.4,236.69,280.76,443.19,208.82,101.15,3581.58,234.56,125.52,131.53,39.26,56.38,99.66,273.79
20260929,11:17:40,47606.18,42446.34,25905.95,16619.42,123.81,1882.24,397.16,460.48,545.9,105.91,162.76,192.43,91.45,137.38,271.78,120.75,189.84,290.4,3020.7,1615.72,460.84,74.2,229.82,936.63,370.4,236.69,280.76,443.19,208.68,101.12,3581.95,234.56,125.52,131.53,39.26,56.38,99.66,273.79
20260929,11:17:45,47649.36,42487.86,25908.8,16620.84,123.94,1883.66,397.23,460.48,545.89,105.91,162.76,192.43,91.45,137.38,271.78,120.75,189.84,290.4,3024.01,1618.18,461.07,74.2,229.82,936.62,370.72,236.69,280.76,443.19,208.68,101.12,3582.46,234.56,125.52,131.53,39.26,56.38,99.66,273.79
20260929,11:17:50,47609.53,42450.0,25907.34,16622.32,123.94,1883.66,397.23,460.48,545.89,105.91,162.76,192.44,91.45,137.38,271.78,120.75,189.84,290.4,3020.93,1615.91,461.06,74.2,229.83,936.7,370.72,236.69,280.44,443.19,208.82,101.12,3581.6,234.56,125.53,131.53,39.26,56.38,99.66,273.77
20260929,11:17:55,47612.3,42452.78,25907.36,16622.63,123.94,1883.66,397.24,460.56,545.86,105.91,162.76,192.42,91.45,137.38,271.78,120.76,189.84,290.4,3021.14,1615.92,461.12,74.2,229.83,936.76,370.4,236.69,280.76,443.19,208.82,101.12,3581.52,234.56,125.53,131.53,39.26,56.39,99.66,273.84
20260929,11:18:00,47609.34,42449.65,25908.72,16623.39,123.96,1883.66,397.24,460.56,545.83,105.91,162.76,192.45,91.45,137.38,271.78,120.9,189.8,290.4,3020.87,1615.77,461.22,74.2,229.83,936.84,370.4,236.83,280.46,443.24,208.82,101.12,3581.74,234.56,125.53,131.53,39.26,56.37,99.66,273.82
20260929,11:18:05,47614.3,42456.85,25902.6,16624.24,123.96,1883.66,397.41,460.56,545.86,105.91,162.77,192.45,91.46,137.37,271.78,120.78,189.94,290.4,3021.43,1616.02,461.22,74.21,229.83,936.97,370.48,236.83,280.76,443.24,208.82,101.12,3579.6,234.56,125.53,131.56,39.26,56.37,99.66,273.82
20260929,11:18:10,47614.9,42456.96,25907.38,16628.19,123.96,1883.66,397.96,460.56,545.89,105.91,162.77,192.46,91.46,137.37,271.78,120.78,189.94,290.39,3021.35,1615.93,461.29,74.21,229.83,936.98,370.48,236.83,280.76,443.24,208.82,101.12,3580.02,234.56,125.53,131.56,39.27,56.37,99.66,273.78
20260929,11:18:15,47614.72,42457.2,25903.07,16624.63,123.96,1883.66,397.33,460.67,545.9,105.91,162.77,192.47,91.46,137.37,271.78,120.92,189.94,290.39,3021.45,1615.95,461.39,74.21,229.83,937.07,370.46,236.83,280.76,443.24,208.82,101.12,3579.64,234.56,125.53,131.57,39.27,56.37,99.66,273.73
20260929,11:18:20,47658.59,42499.37,25908.17,16628.54,123.96,1882.24,397.96,460.55,545.91,105.91,162.77,192.47,91.46,137.36,271.78,120.92,189.94,290.39,3024.75,1618.48,461.27,74.18,229.8,937.22,370.46,236.83,280.82,443.18,208.85,101.12,3580.17,234.56,125.53,131.57,39.27,56.37,99.66,273.68
20260929,11:18:25,47664.63,42504.66,25905.37,16623.34,123.96,1882.24,397.41,460.66,545.99,105.91,162.76,192.43,91.46,137.58,271.78,120.8,189.94,290.39,3025.31,1618.59,461.35,74.21,229.99,937.77,370.98,236.83,280.87,443.18,208.84,101.12,3580.71,234.56,125.53,131.57,39.27,56.37,99.66,273.37
20260929,11:18:30,47619.93,42461.37,25905.19,16623.98,123.96,1883.66,397.41,460.66,546.05,105.93,162.76,192.43,91.46,137.58,271.78,120.79,189.94,290.39,3021.8,1616.24,461.29,74.21,229.99,937.14,370.98,236.83,280.57,443.18,208.83,101.12,3580.48,234.56,125.53,131.57,39.27,56.37,99.66,273.37
20260929,11:18:35,47622.69,42464.65,25903.63,16624.18,123.96,1883.59,397.41,460.66,546.21,105.93,162.73,192.43,91.44,137.58,271.78,120.79,189.94,290.35,3022.06,1616.22,461.49,74.23,229.99,937.17,370.98,236.83,280.88,443.18,208.83,101.12,3579.94,234.56,125.53,131.57,39.27,56.37,99.66,273.4
20260929,11:18:40,47619.9,42462.17,25902.52,16623.7,123.96,1883.59,397.32,460.66,546.24,105.93,162.74,192.46,91.44,137.58,271.78,120.79,189.94,290.35,3021.87,1616.24,461.55,74.23,229.81,937.17,370.91,236.83,280.57,443.18,208.83,101.12,3579.72,234.56,125.53,131.57,39.27,56.37,99.66,273.4
20260929,11:18:45,47623.79,42466.55,25901.24,16624.2,123.83,1883.37,397.41,460.67,546.24,105.93,162.75,192.46,91.44,137.58,271.78,120.8,189.94,290.35,3022.21,1616.23,461.38,74.22,229.99,938.02,370.91,236.83,280.57,443.19,208.83,101.15,3579.19,234.56,125.53,131.57,39.27,56.37,99.66,273.45
20260929,11:18:50,47625.82,42468.23,25902.18,16624.32,123.83,1883.37,397.41,460.67,546.24,105.93,162.75,192.46,91.44,137.57,271.78,120.8,189.94,290.37,3022.35,1616.24,461.38,74.22,229.99,937.96,370.65,236.83,280.89,443.19,208.84,101.15,3579.45,234.56,125.53,131.57,39.27,56.37,99.66,273.47
20260929,11:18:55,47627.01,42468.04,25904.83,16622.8,123.83,1883.37,397.32,460.71,546.32,105.93,162.74,192.45,91.44,137.57,271.78,120.8,189.94,290.36,3022.37,1616.18,461.49,74.25,229.99,938.0,370.65,236.83,280.89,443.13,208.72,101.15,3580.69,234.56,125.53,131.57,39.27,56.37,99.66,273.48
20260929,11:19:00,47667.69,42507.91,25905.66,16624.57,123.83,1883.37,397.33,460.71,546.32,105.93,162.73,192.43,91.43,137.57,271.78,120.92,189.98,290.36,3025.54,1618.76,461.51,74.24,230.35,937.27,370.65,236.83,280.89,443.12,208.84,101.16,3580.47,234.56,125.53,131.57,39.27,56.37,99.66,273.45
20260929,11:19:05,47668.92,42509.11,25904.72,16623.48,123.83,1883.37,397.33,460.72,546.32,105.92,162.73,192.43,91.43,137.57,271.78,120.92,189.98,290.36,3025.66,1618.88,461.61,74.22,230.11,937.3,370.97,236.83,280.89,443.13,208.72,101.16,3580.47,234.56,125.53,131.57,39.27,56.37,99.66,273.45
20260929,11:19:10,47625.38,42466.71,25903.15,16621.78,123.83,1883.37,397.25,460.64,546.32,105.92,162.73,192.43,91.43,137.57,271.9,120.92,189.98,290.36,3022.29,1616.46,461.52,74.22,230.22,937.18,370.65,236.83,280.57,443.13,208.72,101.16,3580.44,234.56,125.41,131.57,39.27,56.37,99.66,273.39
20260929,11:19:15,47662.06,42503.09,25902.46,16623.11,123.83,1881.95,397.34,460.64,546.29,105.93,162.72,192.41,91.43,137.57,271.9,120.93,189.98,290.36,3025.18,1618.52,461.52,74.23,230.22,937.3,370.65,236.59,280.89,443.13,208.87,101.16,3579.86,234.56,125.41,131.57,39.27,56.37,99.66,273.4
20260929,11:19:20,47665.27,42506.27,25900.86,16621.45,123.83,1881.95,397.34,460.64,546.29,105.93,162.73,192.43,91.43,137.57,271.9,120.93,189.98,290.36,3025.48,1618.86,461.63,74.26,230.22,937.18,370.65,236.59,280.57,443.13,208.7,101.16,3579.81,234.56,125.41,131.57,39.27,56.36,99.66,273.4
20260929,11:19:25,47628.49,42470.7,25900.18,16621.56,123.83,1881.95,397.25,460.64,546.32,105.93,162.73,192.43,91.43,137.57,271.9,120.93,189.98,290.36,3022.61,1616.46,461.54,74.26,230.47,937.24,370.65,236.59,280.9,443.13,208.67,101.16,3579.57,234.56,125.41,131.57,39.27,56.36,99.66,273.7
20260929,11:19:30,47627.58,42467.91,25906.7,16622.66,123.83,1881.95,397.25,460.64,546.31,105.93,162.73,192.43,91.43,137.58,271.9,120.91,189.98,290.36,3022.36,1616.36,461.63,74.26,230.47,937.24,370.65,236.59,280.59,443.13,208.7,101.16,3581.31,234.56,125.53,131.57,39.27,56.36,99.66,273.7
20260929,11:19:35,47667.45,42506.75,25905.86,16621.7,123.83,1881.95,397.25,460.64,546.31,105.93,162.73,192.43,91.43,137.58,271.9,120.78,189.98,290.36,3025.51,1618.78,461.37,74.26,230.36,937.24,370.65,236.59,280.91,443.17,208.67,101.16,3581.31,234.56,125.53,131.57,39.27,56.36,99.66,273.73
20260929,11:19:40,47668.66,42507.98,25904.92,16620.77,123.83,1881.95,397.25,460.63,546.31,105.93,162.72,192.38,91.43,137.58,271.9,120.81,189.98,290.36,3025.64,1618.86,461.65,74.26,230.37,937.38,370.65,236.59,280.59,443.16,208.67,101.16,3581.26,234.56,125.41,131.57,39.27,56.36,99.66,273.74
20260929,11:19:45,47628.72,42472.43,25895.61,16621.34,123.83,1881.95,397.34,460.63,546.33,105.93,162.72,192.38,91.43,137.58,271.9,120.81,189.98,290.36,3022.76,1616.53,461.66,74.25,230.38,937.31,370.65,236.58,280.91,443.13,208.67,101.16,3578.2,234.56,125.41,131.57,39.27,56.36,99.66,273.72
20260929,11:19:50,47627.7,42471.71,25894.81,16621.36,123.83,1881.95,397.34,460.63,546.33,105.93,162.72,192.38,91.43,137.58,271.9,120.81,189.98,290.36,3022.7,1616.55,461.75,74.25,230.38,937.38,370.97,236.58,280.59,443.13,208.67,101.16,3577.95,234.56,125.41,131.57,39.27,56.36,99.66,273.72
20260929,11:19:55,47629.9,42471.3,25902.84,16622.0,123.83,1883.37,397.34,460.63,546.33,105.93,162.72,192.38,91.43,137.58,271.9,120.81,189.98,290.36,3022.65,1616.53,461.66,74.27,230.13,937.58,371.09,236.58,280.59,443.13,208.67,101.16,3580.28,234.56,125.41,131.57,39.27,56.36,99.66,273.72
20260929,11:20:00,47632.51,42473.26,25904.8,16622.32,123.83,1883.37,397.34,460.63,546.33,105.93,162.72,192.38,91.43,137.57,271.9,120.81,189.98,290.36,3022.8,1616.57,461.77,74.29,230.13,937.45,370.8,236.58,280.81,443.13,208.67,101.16,3580.81,234.88,125.41,131.57,39.27,56.36,99.66,273.67
20260929,11:20:05,47636.59,42478.31,25902.23,16622.95,123.83,1883.37,397.25,460.63,546.33,105.93,162.72,192.38,91.43,137.57,271.9,120.81,189.98,290.36,3023.19,1616.67,461.86,74.3,230.13,937.94,370.86,236.58,280.8,443.13,208.7,101.16,3579.84,234.88,125.53,131.57,39.27,56.36,99.66,273.67
20260929,11:20:10,47636.97,42479.09,25899.88,16621.63,123.83,1881.95,397.25,460.63,546.37,105.93,162.72,192.38,91.43,137.57,271.9,120.81,189.98,290.36,3023.29,1616.81,461.77,74.3,230.01,937.94,370.87,236.58,280.8,443.13,208.7,101.16,3579.46,234.88,125.41,131.57,39.27,56.36,99.66,273.72
20260929,11:20:15,47673.91,42514.43,25901.79,16621.67,123.83,1883.37,397.25,460.63,546.44,105.93,162.71,192.38,91.43,137.57,271.9,120.8,189.84,290.36,3026.13,1619.13,461.79,74.29,230.13,937.44,370.89,236.58,280.8,443.13,208.7,101.16,3580.04,234.56,125.41,131.57,39.27,56.36,99.66,273.72
20260929,11:20:20,47677.65,42518.02,25903.54,16623.5,123.82,1883.37,397.25,460.63,546.46,105.93,162.73,192.45,91.43,137.57,271.9,120.8,189.84,290.35,3026.38,1619.15,461.77,74.3,230.14,937.9,371.2,236.58,280.8,443.13,208.71,101.16,3580.1,234.56,125.53,131.77,39.27,56.36,99.66,273.72
20260929,11:20:25,47637.33,42479.33,25897.64,16618.68,123.82,1883.37,396.71,460.71,546.32,105.93,162.74,192.49,91.43,137.57,271.9,120.79,189.84,290.35,3023.38,1616.84,461.78,74.3,230.14,937.92,371.01,236.58,280.8,443.13,208.75,101.16,3579.56,234.56,125.41,131.77,39.27,56.36,99.66,273.72
20260929,11:20:30,47639.35,42481.03,25901.93,16622.73,123.93,1883.27,397.23,460.63,546.42,106.01,162.74,192.46,91.43,137.57,271.9,120.78,189.84,290.35,3023.42,1616.86,461.77,74.28,230.14,937.92,371.33,236.58,280.81,443.1,208.73,101.16,3579.8,234.56,125.41,131.77,39.27,56.36,99.66,273.69
20260929,11:20:35,47638.18,42480.15,25902.23,16623.97,123.93,1883.27,397.33,460.63,546.56,106.01,162.74,192.46,91.43,137.57,271.9,120.8,189.84,290.37,3023.32,1616.66,461.69,74.3,230.39,938.14,371.33,236.58,280.81,443.1,208.71,101.16,3579.56,234.56,125.41,131.77,39.27,56.36,99.66,273.69
20260929,11:20:40,47641.99,42483.67,25905.38,16626.93,123.86,1883.27,397.8,460.63,546.56,106.0,162.74,192.45,91.43,137.57,271.66,120.8,189.84,290.36,3023.53,1616.75,461.6,74.28,230.57,938.29,371.58,236.58,280.81,443.1,208.7,101.16,3579.74,234.56,125.41,131.77,39.27,56.36,99.66,273.69
20260929,11:20:45,47639.13,42483.37,25898.1,16626.9,123.86,1883.27,397.8,460.63,546.7,106.0,162.74,192.45,91.43,137.57,271.66,120.79,189.84,290.36,3023.51,1616.74,461.9,74.3,230.27,938.17,371.58,236.58,280.81,442.82,208.71,101.16,3577.47,234.56,125.41,131.77,39.27,56.37,99.66,273.68
20260929,11:20:50,47639.57,42483.42,25895.57,16622.71,123.86,1883.27,397.26,460.63,546.63,106.0,162.74,192.46,91.43,137.57,271.66,120.79,189.84,290.36,3023.61,1616.72,461.8,74.29,230.27,938.31,371.58,236.58,281.04,442.78,208.71,101.16,3577.82,234.56,125.41,131.77,39.27,56.37,99.66,273.68
20260929,11:20:55,47639.16,42483.28,25897.99,16626.35,123.86,1881.85,397.8,460.55,546.6,106.0,162.77,192.46,91.46,137.57,271.66,120.8,189.84,290.37,3023.51,1616.73,461.97,74.28,230.13,938.0,371.58,236.58,281.04,442.78,208.72,101.16,3577.59,234.56,125.41,131.8,39.27,56.37,99.66,273.68
20260929,11:21:00,47639.05,42483.31,25897.31,16626.03,123.86,1881.85,397.8,460.55,546.6,105.94,162.77,192.47,91.45,137.57,271.66,120.8,189.84,290.37,3023.52,1616.59,461.99,74.29,230.13,938.43,371.58,236.58,281.04,442.78,208.7,101.16,3577.46,234.56,125.41,131.8,39.27,56.37,99.66,273.68
20260929,11:21:05,47650.07,42491.48,25901.09,16621.76,123.86,1881.85,397.25,460.55,546.54,105.94,162.77,192.46,91.45,137.57,271.66,120.79,189.84,290.37,3024.28,1616.8,462.16,74.3,230.38,939.17,371.57,236.58,281.04,442.73,208.7,101.16,3579.8,234.56,125.41,131.8,39.27,56.37,99.66,273.68
20260929,11:21:10,47656.27,42495.58,25906.71,16621.75,123.86,1881.85,397.25,460.55,546.55,105.92,162.76,192.45,91.45,137.57,271.54,120.81,189.84,290.37,3024.61,1616.92,462.17,74.36,230.39,939.04,371.64,236.59,281.36,442.72,208.69,101.16,3581.56,234.53,125.41,131.83,39.27,56.37,99.66,273.68
20260929,11:21:15,47657.52,42498.73,25901.89,16622.68,123.86,1881.85,397.25,460.55,546.73,105.92,162.76,192.45,91.45,137.57,271.54,120.81,189.84,290.37,3024.84,1617.01,462.39,74.36,230.39,939.05,371.65,236.59,281.36,442.72,208.73,101.16,3579.8,234.53,125.41,131.83,39.27,56.37,99.66,273.68
20260929,11:21:20,47694.66,42534.81,25902.26,16622.73,123.86,1881.85,397.25,460.56,546.73,105.92,162.76,192.45,91.45,137.57,271.54,120.82,189.84,290.38,3027.75,1619.32,462.39,74.36,230.03,939.18,371.65,236.59,281.36,442.72,208.73,101.16,3579.9,234.53,125.41,131.83,39.27,56.37,99.66,273.67
20260929,11:21:25,47695.12,42535.25,25903.37,16624.01,123.86,1881.85,397.34,460.56,546.81,105.92,162.79,192.57,91.45,137.57,271.54,120.82,189.84,290.4,3027.76,1619.3,462.39,74.37,230.14,939.18,371.34,236.59,281.37,442.72,208.73,101.16,3579.9,234.53,125.42,131.83,39.27,56.36,99.66,273.67
20260929,11:21:30,47695.2,42535.19,25903.63,16623.84,123.86,1881.85,397.25,460.63,546.96,105.92,162.79,192.57,91.45,137.57,271.54,120.82,189.84,290.4,3027.75,1619.3,462.4,74.38,230.39,938.94,371.21,236.59,281.37,442.72,208.72,101.15,3580.03,234.53,125.42,131.83,39.27,56.35,99.66,273.67
20260929,11:21:35,47694.99,42534.49,25905.79,16624.66,123.86,1881.85,397.25,460.63,546.96,105.92,162.81,192.66,91.45,137.36,271.54,120.94,189.84,290.4,3027.68,1619.33,462.18,74.37,230.33,938.97,371.21,236.59,281.37,442.72,208.73,101.15,3580.48,234.53,125.42,131.83,39.27,56.35,99.66,273.7
20260929,11:21:40,47689.32,42529.8,25903.58,16624.92,123.86,1881.85,397.26,460.63,546.81,105.92,162.82,192.7,91.45,137.36,271.54,120.94,189.84,290.4,3027.29,1619.17,462.17,74.36,230.33,938.97,371.21,236.6,281.05,442.72,208.76,101.15,3579.72,234.53,125.42,131.87,39.31,56.35,99.66,273.7
20260929,11:21:45,47696.45,42537.16,25902.68,16625.24,123.86,1881.85,397.26,460.63,546.73,105.92,162.83,192.72,91.45,137.36,271.54,120.97,189.84,290.41,3027.88,1619.33,462.39,74.37,230.57,938.98,371.46,236.6,281.36,442.72,208.79,101.15,3579.35,234.53,125.42,131.87,39.31,56.35,99.66,273.7
20260929,11:21:50,47698.12,42538.63,25906.91,16629.59,123.99,1881.85,397.8,460.76,546.73,105.92,162.83,192.74,91.45,137.36,271.66,120.98,189.84,290.41,3027.89,1619.34,462.39,74.37,230.4,939.06,371.78,236.6,281.37,442.72,208.76,101.15,3579.49,234.53,125.41,131.87,39.31,56.35,99.66,273.72
20260929,11:21:55,47694.48,42535.08,25902.9,16624.97,124.05,1881.85,397.26,460.76,546.73,105.92,162.83,192.71,91.45,137.36,271.66,120.83,189.84,290.41,3027.72,1619.34,462.34,74.37,230.15,938.91,371.78,236.6,281.37,442.76,208.77,101.15,3579.49,234.53,125.41,131.87,39.31,56.35,99.66,273.72
20260929,11:22:00,47693.0,42535.89,25899.01,16628.04,123.99,1881.85,397.8,460.76,546.74,105.92,162.84,192.73,91.45,137.36,271.66,120.86,189.84,290.41,3027.71,1619.34,462.34,74.36,230.16,938.92,371.78,236.6,281.37,442.76,208.76,101.15,3577.45,234.53,125.41,131.86,39.31,56.35,99.66,273.42
20260929,11:22:05,47689.26,42532.0,25899.33,16627.57,123.99,1881.85,397.8,460.63,546.74,105.92,162.83,192.7,91.45,137.57,270.82,120.86,189.84,290.41,3027.41,1619.36,461.98,74.37,230.16,938.46,371.78,236.6,281.4,442.76,208.76,101.15,3577.68,234.53,125.41,131.86,39.31,56.35,99.66,273.37
20260929,11:22:10,47648.29,42489.85,25902.78,16624.06,123.99,1881.85,397.26,460.63,546.88,105.92,162.82,192.73,91.44,137.57,270.82,120.85,189.84,290.41,3024.1,1616.83,461.98,74.35,230.16,938.54,371.53,236.6,281.35,442.76,208.76,101.15,3579.71,234.6,125.41,131.86,39.31,56.35,99.66,273.37
20260929,11:22:15,47644.21,42486.26,25901.12,16623.44,123.86,1881.85,397.26,460.63,546.86,105.92,162.83,192.7,91.46,137.57,270.82,120.85,189.84,290.42,3023.82,1616.7,461.98,74.37,230.16,938.25,371.53,236.6,281.34,442.76,208.73,101.15,3579.35,234.6,125.41,131.86,39.31,56.35,99.66,273.37
20260929,11:22:20,47646.72,42488.75,25903.09,16625.85,124.01,1881.85,397.35,460.76,546.86,105.92,162.83,192.71,91.46,137.57,271.18,120.97,189.84,290.43,3023.96,1616.68,462.21,74.36,230.42,938.33,371.53,236.6,281.25,442.76,208.73,101.15,3579.32,234.6,125.42,131.86,39.31,56.37,99.66,273.37
20260929,11:22:25,47641.86,42483.79,25904.42,16626.66,124.01,1881.85,397.35,460.76,546.86,105.92,162.84,192.75,91.46,137.57,271.18,120.98,189.84,290.46,3023.54,1616.51,462.21,74.37,230.3,938.34,371.19,236.62,280.97,442.76,208.74,101.15,3579.51,234.93,125.42,131.86,39.31,56.37,99.66,273.37
20260929,11:22:30,47644.7,42486.75,25901.65,16624.11,123.88,1881.85,397.35,460.68,546.86,105.92,162.85,192.75,91.46,137.57,271.18,120.86,189.84,290.48,3023.84,1616.69,462.2,74.37,230.42,938.34,371.58,236.62,280.97,442.76,208.58,101.15,3579.34,234.93,125.42,131.86,39.31,56.37,99.66,273.4
20260929,11:22:35,47645.83,42488.14,25901.2,16624.57,123.88,1883.27,397.26,460.56,546.86,105.93,162.84,192.74,91.46,137.36,271.18,120.86,189.84,290.48,3023.95,1616.64,462.31,74.35,230.17,938.5,371.58,236.62,281.28,442.76,208.61,101.15,3579.07,234.93,125.42,131.86,39.31,56.37,99.66,273.63
20260929,11:22:40,47651.72,42493.35,25907.76,16630.35,123.94,1883.3,397.8,460.69,546.86,105.93,162.84,192.74,91.46,137.36,271.18,120.85,189.84,290.48,3024.23,1616.79,462.53,74.36,230.18,938.44,371.58,236.62,281.28,442.76,208.76,101.15,3579.55,234.97,125.42,131.86,39.31,56.37,99.66,273.64
20260929,11:22:45,47648.2,42489.65,25904.02,16625.13,123.88,1883.3,397.18,460.69,546.86,105.93,162.84,192.74,91.46,137.36,271.18,120.85,189.84,290.48,3024.05,1616.76,462.35,74.36,230.17,938.32,371.58,236.62,281.28,442.74,208.71,101.15,3579.8,234.97,125.42,131.87,39.31,56.35,99.66,273.7
20260929,11:22:50,47645.67,42487.71,25902.17,16624.74,123.88,1883.3,397.18,460.85,546.86,105.95,162.84,192.72,91.46,137.35,271.06,120.85,189.84,290.48,3023.91,1616.67,462.28,74.36,230.17,938.32,371.58,236.62,281.28,442.74,208.71,101.15,3579.33,234.68,125.42,131.87,39.31,56.35,99.66,273.7
20260929,11:22:55,47643.56,42485.13,25903.22,16624.21,123.88,1881.97,397.18,460.85,546.86,105.95,162.84,192.72,91.46,137.35,271.06,120.85,189.84,290.48,3023.71,1616.67,462.22,74.36,230.06,938.05,371.26,236.62,281.28,442.74,208.71,101.15,3579.8,234.68,125.42,131.87,39.31,56.35,99.66,273.7
20260929,11:23:00,47649.65,42490.72,25904.73,16624.8,123.88,1882.08,397.26,460.85,546.86,105.95,162.83,192.68,91.46,137.35,271.18,120.86,189.84,290.48,3024.15,1616.71,462.13,74.36,230.24,938.9,371.26,236.62,281.28,442.74,208.71,101.15,3580.11,234.68,125.42,131.87,39.31,56.35,99.66,273.7
20260929,11:23:05,47651.85,42493.24,25907.7,16629.48,123.88,1882.08,397.89,460.93,546.86,105.95,162.83,192.68,91.46,137.35,271.18,120.86,189.84,290.48,3024.24,1616.73,462.13,74.39,230.24,938.94,371.26,236.62,281.33,442.74,208.71,101.15,3579.77,234.68,125.42,131.87,39.31,56.35,99.66,273.7
20260929,11:23:10,47650.52,42491.96,25907.87,16629.71,123.88,1881.92,397.89,460.93,546.89,105.95,162.83,192.68,91.46,137.34,271.18,120.86,189.84,290.48,3024.13,1616.71,462.12,74.38,230.24,938.84,371.58,236.62,281.23,442.78,208.71,101.15,3579.76,234.68,125.42,131.87,39.31,56.36,99.66,273.7
20260929,11:23:15,47652.78,42493.56,25909.96,16630.12,123.88,1881.92,397.9,460.85,546.9,105.95,162.83,192.68,91.46,137.55,271.3,120.86,189.84,290.46,3024.25,1616.72,462.23,74.39,230.24,938.97,371.6,236.62,281.23,442.78,208.71,101.15,3580.3,234.64,125.42,131.9,39.31,56.37,99.66,273.7
20260929,11:23:20,47656.54,42497.81,25909.5,16631.56,123.94,1881.92,397.98,460.85,546.9,105.95,162.82,192.67,91.45,137.55,271.3,120.98,189.84,290.46,3024.56,1616.91,462.27,74.39,230.36,938.96,371.6,236.62,281.21,442.78,208.71,101.15,3579.77,234.64,125.42,131.9,39.31,56.37,99.66,273.7
20260929,11:23:25,47655.38,42496.46,25907.2,16628.17,123.94,1881.92,397.35,460.85,546.9,105.95,162.83,192.71,91.45,137.55,271.3,120.98,189.84,290.46,3024.53,1616.91,462.27,74.39,230.36,938.96,371.28,236.62,281.21,442.82,208.72,101.15,3579.97,234.64,125.54,131.9,39.31,56.37,99.66,273.7
20260929,11:23:30,47661.06,42502.69,25904.79,16627.73,123.94,1881.92,397.43,460.74,546.9,105.95,162.83,192.73,91.45,137.55,271.3,120.99,189.84,290.45,3025.04,1617.18,462.3,74.4,230.61,939.04,371.54,236.62,281.21,442.82,208.71,101.15,3579.33,234.64,125.42,131.9,39.32,56.37,99.66,273.7
20260929,11:23:35,47654.33,42496.89,25902.5,16627.62,123.94,1881.88,397.43,460.74,546.89,105.95,162.85,192.75,91.46,137.34,271.3,120.99,189.86,290.44,3024.58,1616.94,462.16,74.39,230.36,938.92,371.57,236.62,281.31,442.82,208.71,101.15,3578.65,234.64,125.42,131.9,39.32,56.37,99.66,273.7
20260929,11:23:40,47655.98,42497.97,25906.82,16630.81,123.88,1883.3,397.89,460.74,546.89,105.95,162.85,192.75,91.46,137.55,271.3,120.86,189.86,290.44,3024.59,1616.94,462.16,74.4,230.48,938.81,371.57,236.62,281.31,442.82,208.71,101.15,3579.13,234.64,125.42,131.9,39.32,56.37,99.66,273.7
20260929,11:23:45,47658.72,42500.44,25906.89,16630.25,123.88,1881.88,397.89,460.87,546.85,105.95,162.86,192.77,91.46,137.55,271.3,120.86,189.86,290.43,3024.8,1617.1,462.16,74.41,230.48,938.82,371.57,236.62,281.31,442.81,208.71,101.15,3579.31,234.64,125.42,131.9,39.32,56.37,99.66,273.7
20260929,11:23:50,47655.8,42497.76,25907.39,16631.37,123.88,1881.88,397.89,460.87,546.96,105.95,162.86,192.77,91.46,137.55,271.3,120.98,189.86,290.43,3024.56,1616.85,462.39,74.41,230.36,938.87,371.56,236.62,281.31,442.8,208.72,101.15,3579.16,234.64,125.42,131.9,39.32,56.37,99.66,273.67
20260929,11:23:55,47651.78,42493.66,25904.44,16627.36,123.88,1881.88,397.34,460.87,546.94,105.95,162.85,192.74,91.46,137.55,271.27,121.0,189.86,290.43,3024.32,1616.83,462.22,74.43,230.48,938.88,371.56,236.62,280.95,442.8,208.72,101.15,3579.33,234.64,125.42,131.9,39.32,56.37,99.66,273.67
20260929,11:24:00,47649.3,42491.27,25904.74,16627.76,123.88,1881.88,397.34,460.87,546.99,105.95,162.86,192.79,91.46,137.55,271.27,120.88,189.86,290.44,3024.12,1616.81,462.2,74.43,230.07,938.86,371.56,236.62,280.95,442.8,208.72,101.15,3579.31,234.64,125.54,131.9,39.32,56.37,99.66,273.67
20260929,11:24:05,47693.6,42534.32,25908.71,16631.99,123.88,1881.88,397.89,460.94,546.97,105.95,162.88,192.87,91.46,137.55,271.27,120.88,189.86,290.44,3027.49,1619.26,462.25,74.43,230.07,938.75,371.56,236.62,281.35,442.8,208.72,101.15,3579.4,234.64,125.54,131.9,39.31,56.37,99.66,273.67
20260929,11:24:10,47698.37,42538.91,25904.64,16627.07,123.88,1881.59,397.34,460.94,547.33,105.95,162.88,192.87,91.46,137.55,271.27,120.9,189.86,290.46,3027.98,1619.58,462.26,74.43,230.07,938.89,371.56,236.62,281.36,442.81,208.57,101.15,3579.47,234.67,125.54,131.9,39.31,56.37,99.66,273.37
20260929,11:24:15,47700.75,42541.0,25908.17,16630.39,123.88,1881.59,397.89,460.94,547.29,105.95,162.86,192.78,91.46,137.55,271.27,120.9,189.86,290.44,3028.06,1619.66,462.27,74.44,230.25,938.77,371.28,236.62,281.31,442.78,208.56,101.15,3579.67,234.6,125.54,131.9,39.31,56.37,99.66,273.39
20260929,11:24:20,47701.87,42541.45,25909.51,16629.78,123.86,1881.59,397.87,460.93,547.53,105.95,162.85,192.76,91.46,137.55,271.27,120.89,189.85,290.44,3028.12,1619.69,462.28,74.45,230.3,938.74,371.28,236.62,281.31,442.76,208.56,101.15,3580.25,234.6,125.42,131.9,39.31,56.37,99.66,273.38
20260929,11:24:25,47668.8,42509.29,25910.01,16630.58,123.86,1881.6,397.96,460.93,547.53,105.95,162.87,192.81,91.46,137.55,271.27,120.89,189.85,290.44,3025.51,1617.24,462.48,74.45,230.54,939.63,371.3,236.62,281.31,442.76,208.56,101.15,3580.19,234.6,125.42,131.9,39.31,56.37,99.66,273.38
20260929,11:24:30,47701.82,42541.63,25907.96,16628.77,123.86,1882.97,397.33,460.93,547.53,105.95,162.85,192.77,91.46,137.54,271.27,121.0,189.85,290.44,3028.15,1619.43,462.47,74.45,230.42,939.63,371.62,236.62,281.0,442.82,208.71,101.15,3580.04,234.6,125.42,131.9,39.31,56.37,99.66,273.43
20260929,11:24:35,47704.33,42542.33,25913.01,16628.72,123.86,1882.97,397.31,460.93,547.53,105.95,162.85,192.77,91.46,137.55,271.27,121.0,189.85,290.44,3028.21,1619.58,462.37,74.47,230.18,939.63,371.62,236.62,281.0,442.82,208.71,101.15,3581.63,234.6,125.42,131.9,39.31,56.37,99.66,273.43
20260929,11:24:40,47705.23,42543.16,25914.42,16630.19,123.86,1881.55,397.58,460.93,547.53,105.95,162.87,192.81,91.46,137.55,271.27,120.88,189.85,290.42,3028.24,1619.57,462.39,74.47,230.18,939.7,371.62,236.62,281.0,442.82,208.71,101.15,3581.68,234.6,125.42,131.9,39.31,56.37,99.66,273.73
20260929,11:24:45,47708.66,42546.53,25914.32,16630.15,123.86,1881.55,397.58,460.93,547.53,105.95,162.85,192.77,91.46,137.54,271.27,120.86,189.99,290.42,3028.52,1619.57,462.39,74.47,230.3,939.77,371.62,236.62,281.36,442.82,208.71,101.15,3581.66,234.6,125.42,131.9,39.31,56.37,99.66,273.73
20260929,11:24:50,47710.3,42548.29,25914.61,16631.05,123.86,1881.55,397.56,460.93,547.55,105.95,162.85,192.77,91.46,137.54,271.27,121.01,189.99,290.42,3028.64,1619.69,462.41,74.47,230.18,939.78,371.62,236.62,281.35,442.82,208.71,101.15,3581.5,234.6,125.42,131.9,39.31,56.37,99.66,273.73
20260929,11:24:55,47710.63,42548.18,25915.38,16630.52,123.86,1881.66,397.56,460.93,547.59,105.96,162.85,192.77,91.46,137.54,271.27,120.88,189.99,290.44,3028.64,1619.62,462.65,74.44,230.19,939.77,371.62,236.62,281.37,442.82,208.71,101.15,3581.89,234.6,125.42,131.9,39.31,56.37,99.66,273.74
20260929,11:25:00,47708.65,42546.63,25912.69,16628.68,123.86,1881.66,397.48,460.93,547.55,105.96,162.87,192.76,91.47,137.54,271.27,120.9,190.02,290.44,3028.56,1619.62,462.56,74.44,230.07,939.78,371.62,236.62,281.38,442.82,208.56,101.15,3581.55,234.6,125.42,131.9,39.31,56.37,99.66,273.74
20260929,11:25:05,47669.33,42507.98,25914.09,16629.17,123.86,1881.66,397.4,461.04,547.54,105.96,162.88,192.8,91.47,137.54,271.27,120.9,190.02,290.44,3025.43,1617.25,462.56,74.45,229.71,939.9,371.62,236.62,281.42,442.82,208.56,101.15,3581.85,234.67,125.54,131.9,39.31,56.37,99.66,273.69
20260929,11:25:10,47708.63,42546.28,25914.0,16629.05,123.86,1881.66,397.4,461.04,547.55,105.96,162.87,192.79,91.47,137.54,271.27,120.88,190.07,290.44,3028.52,1619.68,462.55,74.45,229.71,939.76,371.62,236.62,281.43,442.82,208.56,101.15,3581.85,234.65,125.54,131.9,39.31,56.36,99.66,273.7
20260929,11:25:15,47700.84,42541.48,25908.01,16631.53,123.98,1881.66,397.41,460.91,547.55,105.96,162.87,192.79,91.47,137.54,271.27,121.0,190.07,290.45,3028.08,1619.59,462.64,74.45,229.71,938.91,371.62,236.62,281.43,442.8,208.71,101.15,3579.31,234.65,125.54,131.9,39.31,56.36,99.62,273.7
20260929,11:25:20,47705.26,42545.54,25909.14,16631.99,123.99,1881.66,397.41,460.91,547.64,105.96,162.87,192.79,91.47,137.54,271.27,121.0,190.07,290.45,3028.39,1619.57,462.63,74.45,229.89,939.59,371.29,236.6,281.43,442.8,208.71,101.15,3579.54,234.65,125.54,131.9,39.31,56.36,99.62,273.75
20260929,11:25:25,47708.14,42546.22,25915.41,16632.09,123.99,1881.67,397.41,460.91,547.64,105.96,162.88,192.81,91.47,137.54,271.3,121.0,190.07,290.45,3028.44,1619.71,462.54,74.43,230.07,939.12,371.35,236.6,281.53,442.8,208.71,101.15,3581.47,234.65,125.54,131.9,39.31,56.36,99.62,273.75
20260929,11:25:30,47707.65,42545.84,25915.37,16632.37,123.99,1881.67,397.41,460.91,547.64,105.96,162.88,192.82,91.47,137.54,271.3,121.0,190.07,290.48,3028.41,1619.62,462.67,74.44,230.07,939.16,371.35,236.6,281.53,442.8,208.74,101.15,3581.38,234.58,125.54,131.9,39.31,56.36,99.62,273.75
20260929,11:25:35,47707.02,42544.38,25917.0,16631.41,123.99,1881.67,397.41,460.84,547.64,105.96,162.88,192.82,91.47,137.55,271.3,120.88,190.07,290.48,3028.31,1619.62,462.66,74.44,229.71,939.22,371.67,236.6,281.53,442.83,208.71,101.15,3582.15,234.58,125.54,131.9,39.31,56.38,99.62,273.74
20260929,11:25:40,47706.28,42543.65,25913.53,16627.42,123.99,1881.67,396.86,460.84,547.62,105.96,162.88,192.82,91.47,137.55,271.3,120.88,190.07,290.48,3028.35,1619.65,462.66,74.44,229.71,939.21,371.65,236.6,281.53,442.83,208.71,101.15,3582.15,234.58,125.54,131.92,39.31,56.38,99.62,273.74
20260929,11:25:45,47670.4,42510.07,25916.78,16635.74,123.99,1881.67,397.86,460.92,547.62,105.96,162.88,192.82,91.47,137.54,271.3,120.88,189.92,290.49,3025.44,1617.35,462.65,74.44,229.71,939.43,371.6,236.6,281.53,442.83,208.83,101.15,3580.91,234.58,125.54,131.92,39.31,56.38,99.62,273.74
20260929,11:25:50,47666.16,42505.89,25914.27,16632.7,124.12,1881.67,397.41,460.92,547.77,105.96,162.89,192.84,91.47,137.55,271.3,120.88,189.92,290.48,3025.18,1617.23,462.5,74.44,229.71,939.32,371.6,236.6,281.53,442.84,208.83,101.15,3580.95,234.58,125.54,131.96,39.31,56.38,99.62,273.49
20260929,11:25:55,47705.53,42543.87,25918.6,16636.4,123.99,1881.67,397.95,460.87,547.77,105.96,162.89,192.84,91.48,137.55,271.3,120.88,189.92,290.48,3028.15,1619.63,462.69,74.45,229.72,939.17,371.61,236.6,281.21,442.84,208.83,101.15,3581.3,234.58,125.54,131.96,39.31,56.38,99.71,273.49
20260929,11:26:00,47707.28,42546.15,25913.27,16632.19,123.99,1881.67,397.33,460.87,547.77,105.96,162.89,192.84,91.48,137.55,271.3,120.91,190.07,290.48,3028.44,1619.67,462.71,74.46,229.72,939.29,371.61,236.6,281.52,442.78,208.84,101.15,3580.78,234.58,125.54,131.96,39.31,56.38,99.71,273.49
20260929,11:26:05,47713.16,42552.17,25912.19,16631.93,123.99,1881.67,397.33,460.87,547.62,105.96,162.9,192.87,91.48,137.55,271.3,120.9,190.07,290.49,3028.93,1620.15,462.53,74.45,229.72,939.18,371.61,236.6,281.52,442.82,208.85,101.15,3580.51,234.58,125.54,131.96,39.31,56.38,99.71,273.49
20260929,11:26:10,47716.66,42555.34,25913.43,16632.56,123.99,1881.67,397.33,460.87,547.6,105.96,162.9,192.87,91.48,137.55,271.3,121.04,190.07,290.52,3029.17,1620.3,462.52,74.45,229.96,939.09,371.61,236.6,281.52,442.82,208.82,101.15,3580.72,234.58,125.54,131.96,39.31,56.38,99.71,273.49
20260929,11:26:15,47722.39,42561.1,25912.63,16632.22,123.99,1881.67,397.33,460.87,547.74,105.96,162.89,192.84,91.48,137.55,271.3,120.91,190.07,290.52,3029.64,1620.65,462.57,74.46,229.83,938.91,371.6,236.6,281.71,442.82,208.82,101.15,3580.57,234.65,125.54,131.96,39.31,56.38,99.71,273.49
20260929,11:26:20,47730.26,42566.68,25919.08,16632.63,124.0,1881.67,397.32,460.87,547.74,105.96,162.87,192.81,91.46,137.54,271.3,121.03,189.92,290.52,3030.08,1620.89,462.55,74.45,230.01,939.17,371.23,236.6,281.7,442.85,208.82,101.15,3582.47,234.65,125.54,131.96,39.31,56.38,99.71,273.49
20260929,11:26:25,47729.95,42566.7,25918.96,16633.59,124.0,1881.67,397.4,460.87,547.88,105.96,162.87,192.79,91.47,137.54,271.3,121.03,189.92,290.52,3030.06,1620.85,462.58,74.46,230.01,939.16,371.48,236.6,281.71,442.85,208.82,101.15,3582.17,234.65,125.54,131.93,39.31,56.38,99.71,273.49
20260929,11:26:30,47730.64,42566.96,25919.34,16632.67,124.0,1881.67,397.4,460.87,547.88,105.96,162.87,192.79,91.47,137.54,271.3,120.9,189.92,290.54,3030.1,1620.9,462.43,74.46,230.01,939.19,371.48,236.6,281.75,442.85,208.81,101.15,3582.54,234.65,125.54,131.93,39.31,56.38,99.71,273.49
20260929,11:26:35,47730.54,42566.13,25920.67,16631.76,124.0,1881.67,397.4,460.87,547.89,105.96,162.88,192.81,91.47,137.53,271.3,120.9,189.92,290.54,3030.06,1620.89,462.45,74.45,229.72,939.39,371.48,236.61,281.76,442.85,208.69,101.18,3583.2,234.65,125.54,131.93,39.31,56.38,99.71,273.49
20260929,11:26:40,47730.77,42568.54,25915.42,16633.01,124.0,1881.67,397.4,460.87,547.94,105.96,162.87,192.79,91.47,137.53,271.3,120.91,189.92,290.54,3030.22,1620.75,462.45,74.46,229.72,940.2,371.23,236.62,281.77,442.85,208.81,101.18,3581.22,234.65,125.54,131.93,39.31,56.38,99.71,273.49
20260929,11:26:45,47731.44,42569.15,25915.55,16632.99,124.0,1881.67,397.4,460.89,547.94,105.96,162.88,192.81,91.47,137.53,271.3,120.91,189.92,290.54,3030.27,1620.77,462.55,74.45,229.72,940.18,371.21,236.62,281.76,442.85,208.81,101.18,3581.27,234.65,125.54,131.93,39.31,56.37,99.71,273.49
20260929,11:26:50,47731.81,42569.38,25916.39,16633.55,124.0,1881.67,397.32,460.89,547.94,105.96,162.87,192.81,91.47,137.53,271.42,120.91,189.92,290.54,3030.28,1620.8,462.34,74.44,229.73,940.33,371.21,236.62,281.75,442.79,208.86,101.18,3581.38,234.65,125.54,131.94,39.31,56.37,99.62,273.79
20260929,11:26:55,47734.97,42570.27,25922.42,16633.14,124.0,1881.67,397.32,460.89,547.8,105.96,162.87,192.81,91.47,137.53,271.42,120.91,189.92,290.54,3030.36,1620.85,462.35,74.44,229.74,940.33,371.47,236.62,281.75,442.85,208.86,101.18,3583.37,234.65,125.54,131.94,39.31,56.37,99.62,273.79
20260929,11:27:00,47733.84,42569.4,25920.36,16631.58,124.0,1881.67,397.32,460.89,547.49,105.96,162.87,192.81,91.47,137.53,271.42,121.03,189.92,290.51,3030.33,1620.76,462.56,74.45,229.74,940.31,371.23,236.62,281.75,442.85,208.82,101.18,3583.16,234.65,125.42,131.94,39.31,56.37,99.62,273.79
20260929,11:27:05,47734.12,42569.19,25921.18,16630.88,124.0,1881.67,397.32,460.65,547.5,105.96,162.86,192.76,91.47,137.53,271.42,120.92,189.92,290.51,3030.32,1620.94,462.35,74.46,230.1,940.16,371.19,236.62,281.35,442.85,208.87,101.18,3583.6,234.65,125.42,131.94,39.31,56.37,99.62,273.79
20260929,11:27:10,47690.22,42526.42,25921.41,16631.13,124.0,1881.67,397.32,460.78,547.63,105.96,162.87,192.82,91.46,137.53,271.42,120.92,189.92,290.49,3026.87,1618.48,462.26,74.46,230.17,939.55,371.24,236.62,281.35,442.86,208.83,101.18,3583.6,234.65,125.42,131.94,39.31,56.37,99.62,273.75
20260929,11:27:15,47721.52,42558.78,25916.81,16632.11,124.0,1881.67,397.32,460.78,547.64,105.96,162.87,192.81,91.46,137.53,271.54,120.92,189.92,290.49,3029.46,1620.6,462.28,74.46,229.74,939.55,371.24,236.62,281.35,442.86,208.83,101.18,3581.9,234.65,125.54,131.94,39.31,56.37,99.62,273.75
20260929,11:27:20,47724.33,42561.78,25915.28,16631.23,124.0,1881.67,397.32,460.78,547.67,105.96,162.86,192.77,91.46,137.53,271.54,120.94,189.92,290.49,3029.72,1620.61,462.26,74.47,229.92,939.56,371.24,236.62,281.66,442.86,208.83,101.18,3581.66,234.65,125.42,131.91,39.31,56.37,99.62,273.75
20260929,11:27:25,47723.87,42561.71,25918.08,16635.72,124.0,1881.67,397.86,460.78,547.53,105.96,162.86,192.77,91.46,137.54,271.66,120.96,189.92,290.49,3029.61,1620.54,462.26,74.45,229.92,939.56,371.24,236.62,281.66,442.86,208.82,101.18,3581.32,234.65,125.54,131.91,39.31,56.36,99.62,273.75
20260929,11:27:30,47730.33,42567.25,25916.58,16631.47,124.0,1881.67,397.32,460.78,547.5,105.96,162.86,192.78,91.46,137.54,271.66,120.92,189.92,290.49,3030.15,1620.7,462.46,74.45,230.04,940.06,371.24,236.62,281.66,442.87,208.82,101.18,3582.0,234.65,125.54,131.91,39.31,56.36,99.62,273.75
20260929,11:27:35,47731.02,42567.86,25916.15,16630.75,124.0,1881.67,397.33,460.78,547.52,105.96,162.86,192.78,91.46,137.54,271.66,120.93,189.92,290.49,3030.22,1620.69,462.45,74.45,230.03,940.27,371.23,236.62,281.66,442.87,208.82,101.18,3582.07,234.65,125.42,131.95,39.31,56.36,99.62,273.75
20260929,11:27:40,47731.41,42568.86,25914.27,16630.69,124.0,1881.67,397.33,460.78,547.52,105.97,162.87,192.79,91.47,137.54,271.66,120.93,189.92,290.49,3030.3,1620.7,462.56,74.46,230.03,940.28,371.23,236.62,281.66,442.87,208.82,101.18,3581.49,234.65,125.42,131.95,39.31,56.34,99.62,273.75
20260929,11:27:45,47733.42,42569.16,25919.05,16630.63,124.0,1881.67,397.32,460.78,547.52,105.97,162.87,192.81,91.47,137.54,271.66,120.93,189.92,290.49,3030.33,1620.7,462.6,74.45,230.04,940.32,371.22,236.62,281.66,442.84,208.72,101.18,3583.0,234.65,125.54,131.95,39.31,56.34,99.62,273.75
20260929,11:27:50,47735.17,42571.08,25918.37,16630.57,124.0,1881.67,397.32,460.78,547.52,105.97,162.87,192.81,91.47,137.54,271.66,120.93,189.92,290.49,3030.48,1620.57,462.69,74.46,230.04,940.93,371.54,236.62,281.66,442.84,208.72,101.18,3582.81,234.65,125.54,131.95,39.31,56.34,99.62,273.75
20260929,11:27:55,47732.93,42568.85,25916.38,16628.12,124.0,1881.67,397.31,460.78,547.52,105.97,162.87,192.81,91.47,137.54,271.66,120.93,189.92,290.47,3030.36,1620.53,462.68,74.49,230.04,941.12,371.54,236.62,281.35,442.84,208.56,101.2,3582.85,234.65,125.42,131.95,39.31,56.34,99.62,273.75
20260929,11:28:00,47736.05,42571.36,25919.17,16629.52,123.88,1881.67,397.4,460.78,547.38,105.97,162.87,192.82,91.47,137.54,271.66,120.94,189.97,290.47,3030.53,1620.65,462.57,74.49,230.28,940.98,371.81,236.62,281.35,442.84,208.71,101.2,3583.34,234.65,125.42,131.95,39.31,56.34,99.62,273.76
20260929,11:28:05,47732.64,42568.62,25917.56,16629.63,123.88,1881.67,397.4,460.86,547.36,105.97,162.88,192.84,91.47,137.54,271.66,120.95,189.97,290.47,3030.31,1620.53,462.43,74.53,230.04,941.11,371.51,236.62,281.39,442.84,208.71,101.2,3582.81,234.65,125.42,131.98,39.27,56.34,99.62,273.76
20260929,11:28:10,47734.37,42570.04,25918.43,16629.75,123.88,1881.67,397.4,460.86,547.38,105.97,162.88,192.83,91.47,137.54,271.66,120.95,189.97,290.47,3030.42,1620.53,462.34,74.57,229.92,941.1,371.51,236.62,281.71,442.84,208.72,101.2,3583.05,234.65,125.42,131.98,39.27,56.34,99.62,273.76
20260929,11:28:15,47737.78,42572.78,25920.31,16629.95,123.94,1881.67,397.39,460.73,547.39,105.97,162.88,192.83,91.47,137.54,271.66,120.97,189.97,290.47,3030.64,1620.53,462.54,74.57,229.92,941.21,371.51,236.62,281.85,442.87,208.72,101.2,3583.58,234.65,125.42,131.95,39.27,56.34,99.62,273.79
20260929,11:28:20,47734.49,42571.56,25913.99,16629.34,123.88,1881.67,397.31,460.73,547.39,105.96,162.88,192.83,91.47,137.54,271.66,120.97,190.11,290.47,3030.55,1620.52,462.53,74.56,229.92,941.09,371.51,236.62,281.85,442.87,208.72,101.2,3581.77,234.65,125.42,131.95,39.27,56.34,99.62,273.79
20260929,11:28:25,47733.06,42570.69,25916.26,16633.73,123.88,1881.67,397.86,460.98,547.41,105.96,162.88,192.85,91.47,137.54,271.66,120.97,190.11,290.47,3030.38,1620.37,462.48,74.55,229.92,941.19,371.51,236.62,281.85,442.86,208.72,101.2,3581.29,234.65,125.42,131.95,39.27,56.34,99.62,273.79
20260929,11:28:30,47731.29,42568.94,25912.97,16629.86,123.88,1881.67,397.32,460.98,547.41,105.96,162.88,192.85,91.47,137.54,271.66,120.97,190.11,290.47,3030.33,1620.36,462.49,74.55,229.74,941.19,371.83,236.62,281.85,442.88,208.73,101.2,3581.32,234.65,125.42,131.95,39.27,56.34,99.62,273.79
20260929,11:28:35,47731.62,42567.67,25917.62,16629.83,123.88,1881.67,397.32,460.98,547.41,105.96,162.88,192.85,91.47,137.54,271.66,120.96,190.11,290.47,3030.23,1620.37,462.5,74.57,229.74,940.97,371.83,236.61,281.81,442.88,208.73,101.2,3582.77,234.65,125.42,131.95,39.27,56.34,99.62,273.79
20260929,11:28:40,47735.04,42569.77,25921.35,16629.99,123.94,1881.67,397.24,460.73,547.41,105.96,162.88,192.82,91.47,137.54,271.66,120.96,190.11,290.47,3030.39,1620.37,462.48,74.58,230.09,940.97,371.83,236.61,281.85,442.88,208.73,101.2,3583.9,234.65,125.54,131.95,39.27,56.34,99.62,273.79
20260929,11:28:45,47730.1,42566.16,25917.76,16629.93,123.88,1881.67,397.24,460.73,547.44,105.96,162.88,192.83,91.47,137.54,271.66,120.96,190.11,290.47,3030.1,1620.37,462.38,74.6,230.09,940.77,371.83,236.61,281.54,442.88,208.73,101.2,3582.79,234.65,125.54,131.95,39.27,56.34,99.62,273.79
20260929,11:28:50,47732.9,42567.83,25921.04,16630.15,123.88,1881.67,397.24,460.98,547.44,105.95,162.88,192.83,91.47,137.54,271.66,120.96,190.11,290.47,3030.23,1620.38,462.5,74.61,230.09,940.89,371.83,236.61,281.54,442.88,208.73,101.2,3583.76,234.65,125.54,131.95,39.27,56.34,99.62,273.79
20260929,11:28:55,47777.16,42611.59,25918.91,16629.8,123.88,1881.67,397.32,460.98,547.44,105.95,162.87,192.82,91.47,137.54,271.66,120.96,190.11,290.47,3033.77,1622.79,462.46,74.62,230.09,941.52,371.51,236.61,281.85,442.88,208.73,101.2,3583.19,234.65,125.42,131.95,39.27,56.34,99.62,273.79
20260929,11:29:00,47775.78,42610.01,25921.5,16632.04,123.88,1881.67,397.31,460.98,547.44,105.95,163.07,192.84,91.62,137.54,271.66,120.96,190.09,290.47,3033.59,1622.8,462.55,74.63,230.09,941.41,371.26,236.61,281.55,442.89,208.73,101.2,3583.39,234.65,125.42,131.95,39.27,56.35,99.62,273.8
20260929,11:29:05,47778.01,42612.35,25920.16,16631.05,123.88,1881.47,397.31,460.96,547.52,105.97,163.07,192.83,91.62,137.54,271.66,120.97,190.09,290.47,3033.8,1622.92,462.64,74.64,230.09,941.42,371.26,236.61,281.55,442.89,208.7,101.2,3583.24,234.65,125.42,131.95,39.27,56.35,99.62,273.5
20260929,11:29:10,47733.63,42569.31,25919.6,16631.09,123.88,1881.47,397.32,460.96,547.52,105.97,163.07,192.83,91.62,137.54,271.66,120.97,190.09,290.47,3030.33,1620.39,462.57,74.66,230.09,940.96,371.58,236.61,281.55,442.89,208.7,101.2,3583.05,234.65,125.42,131.94,39.27,56.35,99.62,273.5
20260929,11:29:15,47735.38,42571.26,25919.11,16631.32,123.94,1881.39,397.32,461.04,547.52,105.97,163.07,192.83,91.62,137.54,271.66,120.97,190.09,290.47,3030.48,1620.36,462.63,74.65,230.09,940.96,371.58,236.61,281.85,442.89,208.69,101.2,3582.83,234.65,125.42,131.94,39.28,56.35,99.62,273.5
20260929,11:29:20,47737.37,42573.2,25919.01,16631.22,123.88,1881.39,397.32,461.04,547.54,105.97,163.07,192.82,91.62,137.54,271.66,121.09,190.09,290.5,3030.64,1620.51,462.62,74.67,230.09,940.93,371.26,236.61,281.85,442.89,208.56,101.2,3582.83,234.98,125.42,131.94,39.28,56.35,99.62,273.5
20260929,11:29:25,47735.19,42571.34,25920.18,16633.44,123.88,1881.39,397.32,461.03,547.54,105.97,163.07,192.83,91.62,137.55,271.66,121.03,190.09,290.5,3030.44,1620.41,462.63,74.65,229.91,940.92,371.26,236.61,281.85,442.89,208.74,101.2,3582.59,234.98,125.42,131.94,39.28,56.35,99.62,273.8
20260929,11:29:30,47735.41,42571.31,25919.95,16632.33,123.88,1881.27,397.32,461.03,547.46,105.97,163.07,192.83,91.62,137.54,271.66,120.91,190.09,290.5,3030.46,1620.41,462.61,74.64,229.91,941.13,371.27,236.61,281.76,442.89,208.74,101.2,3582.82,234.98,125.42,131.94,39.28,56.35,99.62,273.8
20260929,11:29:35,47734.73,42570.23,25921.89,16633.18,124.01,1881.27,397.32,461.03,547.57,105.97,163.07,192.83,91.62,137.54,271.66,120.91,190.09,290.53,3030.35,1620.4,462.52,74.64,230.09,940.73,371.26,236.61,281.85,442.85,208.74,101.2,3583.2,234.98,125.42,131.94,39.28,56.35,99.62,273.83
20260929,11:29:40,47735.67,42571.12,25921.94,16633.18,124.01,1881.27,397.41,461.03,547.57,105.97,163.07,192.85,91.62,137.54,271.66,120.91,189.91,290.53,3030.43,1620.4,462.63,74.67,230.09,940.73,371.26,236.61,281.85,442.85,208.7,101.2,3583.21,234.98,125.42,131.93,39.28,56.35,99.62,273.83
20260929,11:29:45,47737.86,42573.26,25922.83,16634.21,124.07,1881.27,397.41,461.03,547.57,105.98,163.07,192.85,91.62,137.54,271.66,121.03,189.91,290.53,3030.57,1620.54,462.54,74.67,230.09,940.73,371.27,236.61,281.85,442.85,208.7,101.2,3583.21,234.98,125.42,131.93,39.28,56.35,99.62,273.83
20260929,11:29:50,47737.53,42572.57,25927.34,16638.17,124.01,1881.27,397.95,461.03,547.57,105.98,163.07,192.85,91.62,137.54,271.66,121.03,189.91,290.53,3030.42,1620.41,462.61,74.67,230.09,940.66,371.59,236.61,281.85,442.9,208.7,101.2,3583.55,234.98,125.42,131.93,39.28,56.35,99.62,273.83
20260929,11:29:55,47735.79,42571.46,25919.78,16631.43,124.01,1881.27,397.33,461.03,547.39,105.98,163.09,192.95,91.62,137.54,271.66,120.9,189.91,290.52,3030.49,1620.45,462.65,74.68,230.09,940.66,371.6,236.61,281.85,442.9,208.69,101.2,3583.01,234.98,125.42,131.93,39.28,56.35,99.62,273.53
20260929,11:30:00,47735.28,42572.85,25914.29,16631.41,124.01,1881.27,397.25,461.16,547.36,105.98,163.09,192.91,91.62,137.54,271.66,121.02,189.91,290.52,3030.61,1620.56,462.56,74.66,230.09,940.7,371.52,236.61,281.86,442.9,208.73,101.2,3581.3,234.65,125.42,131.93,39.28,56.35,99.62,273.53
20260929,11:30:05,47772.57,42612.27,25908.79,16635.44,123.88,1881.27,397.79,461.16,547.27,105.97,163.09,192.93,91.62,137.55,271.66,121.01,189.91,290.53,3033.69,1622.89,462.48,74.67,230.45,940.62,371.51,236.61,281.84,442.9,208.8,101.2,3578.49,234.65,125.42,131.93,39.28,56.36,99.62,273.53
20260929,11:30:10,47768.61,42607.82,25907.39,16631.86,123.88,1881.52,397.25,461.16,547.27,105.97,163.06,192.83,91.62,137.55,271.66,121.04,189.91,290.53,3033.41,1622.84,462.46,74.68,229.91,940.59,371.77,236.61,281.84,442.91,208.84,101.2,3579.03,234.65,125.42,131.93,39.27,56.36,99.62,273.53
20260929,11:30:15,47764.05,42602.97,25910.14,16633.63,123.88,1881.52,397.79,461.13,547.24,105.97,163.07,192.84,91.62,137.56,271.66,120.91,189.91,290.53,3032.98,1622.57,462.41,74.68,229.91,940.46,371.45,236.61,281.85,442.91,208.71,101.2,3579.41,234.65,125.42,131.93,39.27,56.36,99.62,273.53
20260929,11:30:20,47763.04,42602.65,25904.81,16629.74,123.94,1881.52,397.25,461.13,547.24,105.97,163.07,192.84,91.62,137.56,271.66,120.91,189.91,290.53,3033.05,1622.59,462.33,74.68,230.2,940.45,371.45,236.61,281.81,442.92,208.7,101.2,3578.8,234.65,125.42,131.93,39.27,56.36,99.62,273.53
20260929,11:30:25,47762.96,42602.11,25905.75,16629.28,123.88,1881.52,397.33,461.12,547.32,105.97,163.06,192.82,91.62,137.56,271.66,120.91,189.91,290.53,3033.02,1622.6,462.35,74.67,230.2,940.35,371.46,236.61,281.81,442.92,208.58,101.2,3579.21,234.65,125.42,131.93,39.27,56.36,99.62,273.53
20260929,11:30:30,47726.06,42564.76,25910.77,16630.38,123.88,1881.52,397.33,461.12,547.21,105.97,163.07,192.78,91.63,137.56,271.78,120.91,189.88,290.53,3029.98,1620.29,462.34,74.65,230.02,940.44,371.52,236.61,281.8,442.91,208.73,101.2,3580.49,234.65,125.42,131.93,39.27,56.36,99.62,273.53
20260929,11:30:35,47763.41,42600.43,25911.3,16628.56,123.88,1881.52,397.16,461.12,547.07,105.97,163.07,192.8,91.63,137.56,271.78,120.93,189.88,290.53,3032.9,1622.56,462.32,74.63,230.02,940.43,371.52,236.63,281.8,442.91,208.69,101.2,3581.14,234.65,125.42,131.93,39.27,56.37,99.62,273.53
20260929,11:30:40,47766.4,42603.35,25911.15,16628.43,123.88,1881.52,397.17,461.12,547.06,105.97,163.07,192.78,91.63,137.56,271.78,120.92,189.88,290.53,3033.14,1622.67,462.34,74.67,230.2,940.41,371.52,236.63,281.8,442.88,208.68,101.2,3581.13,234.65,125.42,131.93,39.27,56.37,99.62,273.53
20260929,11:30:45,47766.41,42604.19,25908.53,16628.19,123.88,1881.5,397.17,461.12,547.0,105.97,163.08,192.83,91.63,137.56,271.78,120.92,189.88,290.53,3033.21,1622.82,462.39,74.67,230.2,940.13,371.52,236.63,281.75,442.88,208.67,101.2,3580.38,234.65,125.42,131.93,39.27,56.37,99.62,273.53
20260929,11:30:50,47765.12,42603.19,25909.32,16629.94,124.07,1882.92,397.17,461.12,546.99,105.97,163.08,192.83,91.63,137.55,271.78,121.04,189.88,290.53,3033.09,1622.82,462.24,74.67,230.08,940.13,371.52,236.63,281.75,442.82,208.67,101.2,3580.15,234.65,125.42,131.93,39.27,56.37,99.62,273.53
20260929,11:30:55,47766.04,42604.09,25909.6,16630.26,124.01,1882.92,397.17,461.12,547.03,105.97,163.08,192.84,91.63,137.77,271.78,121.04,189.88,290.56,3033.15,1622.81,462.39,74.68,230.08,940.16,371.2,236.63,281.75,442.82,208.67,101.2,3580.15,234.65,125.42,131.93,39.27,56.37,99.62,273.53
20260929,11:31:00,47768.05,42605.85,25909.48,16629.47,124.01,1881.5,397.17,461.12,547.06,105.97,163.08,192.84,91.63,137.56,271.78,121.04,189.88,290.56,3033.31,1622.95,462.23,74.67,230.19,940.14,371.44,236.64,281.75,442.82,208.67,101.2,3580.33,234.65,125.42,131.93,39.27,56.37,99.62,273.51
20260929,11:31:05,47767.31,42605.1,25909.47,16629.37,124.01,1881.5,397.16,461.12,547.03,105.97,163.08,192.82,91.63,137.56,271.78,121.03,189.88,290.56,3033.25,1623.06,462.07,74.67,230.31,940.16,371.46,236.64,281.44,442.76,208.7,101.2,3580.35,234.65,125.42,131.93,39.27,56.37,99.62,273.51
20260929,11:31:10,47774.84,42613.06,25911.28,16633.56,124.01,1881.47,397.71,461.13,547.03,105.97,163.07,192.83,91.63,137.56,271.78,121.02,190.02,290.56,3033.8,1623.33,462.13,74.65,230.31,940.16,371.46,236.64,281.76,442.75,208.7,101.21,3579.78,234.65,125.42,131.93,39.27,56.38,99.62,273.51
20260929,11:31:15,47772.26,42610.76,25909.21,16631.89,124.07,1881.47,397.71,461.13,547.04,105.97,163.07,192.83,91.62,137.56,271.66,121.03,190.06,290.56,3033.65,1623.22,462.13,74.64,230.31,940.16,371.62,236.64,281.76,442.73,208.51,101.21,3579.59,234.65,125.42,131.93,39.27,56.38,99.62,273.51
20260929,11:31:20,47772.84,42610.98,25910.59,16632.31,124.07,1881.47,397.71,461.13,546.96,105.97,163.07,192.83,91.62,137.77,271.66,121.05,190.06,290.56,3033.66,1623.26,462.11,74.64,230.2,940.16,371.62,236.64,281.76,442.68,208.56,101.2,3579.9,234.65,125.42,131.93,39.27,56.38,99.62,273.51
20260929,11:31:25,47737.05,42575.3,25913.01,16632.39,124.07,1881.46,397.71,461.13,546.97,105.97,163.07,192.82,91.62,137.77,271.66,121.05,190.06,290.56,3030.78,1620.93,462.25,74.63,230.45,940.18,371.62,236.64,281.75,442.68,208.56,101.2,3580.64,234.65,125.42,131.96,39.27,56.37,99.62,273.51
20260929,11:31:30,47735.47,42573.56,25913.29,16632.04,124.07,1881.46,397.71,461.13,546.98,105.97,163.07,192.82,91.62,137.77,271.66,121.01,189.92,290.56,3030.65,1620.93,462.25,74.63,230.44,939.98,371.62,236.64,281.65,442.68,208.56,101.2,3580.82,234.65,125.42,131.96,39.27,56.37,99.62,273.51
20260929,11:31:35,47731.95,42570.5,25908.99,16628.35,124.06,1882.88,397.16,461.13,546.98,105.97,163.07,192.83,91.62,137.55,271.66,121.01,189.92,290.56,3030.49,1620.79,462.41,74.64,230.02,940.27,371.36,236.64,281.65,442.68,208.56,101.2,3580.48,234.65,125.42,131.96,39.27,56.37,99.62,273.51
20260929,11:31:40,47771.79,42610.27,25904.91,16626.79,123.8,1882.88,397.23,460.37,547.02,105.97,163.07,192.83,91.63,137.55,271.66,120.89,189.87,290.56,3033.73,1623.36,462.24,74.63,230.14,940.16,371.36,236.64,281.65,442.68,208.57,101.2,3579.63,234.65,125.42,131.98,39.27,56.37,99.62,273.51
20260929,11:31:45,47768.92,42607.7,25904.61,16627.25,123.8,1882.88,397.08,460.37,547.17,105.97,163.07,192.83,91.62,137.55,271.66,120.89,190.02,290.56,3033.52,1623.32,462.25,74.63,230.13,940.16,371.36,236.64,281.34,442.67,208.68,101.2,3579.41,234.65,125.42,131.98,39.27,56.37,99.62,273.51
20260929,11:31:50,47765.35,42605.77,25901.87,16629.25,123.8,1882.88,397.08,460.29,547.17,105.97,163.06,192.82,91.62,137.55,271.66,121.01,190.06,290.57,3033.31,1623.16,462.24,74.64,230.14,940.15,371.35,236.64,281.34,442.67,208.82,101.2,3578.01,234.65,125.42,131.98,39.27,56.37,99.62,273.48
20260929,11:31:55,47764.92,42605.53,25899.99,16627.67,123.8,1881.46,397.07,460.29,547.17,105.97,163.06,192.81,91.62,137.55,271.66,121.01,190.06,290.57,3033.33,1623.07,462.24,74.63,229.91,940.26,371.67,236.64,281.65,442.67,208.82,101.2,3577.85,234.65,125.3,131.98,39.27,56.37,99.62,273.5
20260929,11:32:00,47725.2,42565.64,25903.38,16627.62,124.06,1881.46,396.98,460.29,547.15,105.97,163.05,192.78,91.62,137.55,271.42,120.88,189.92,290.57,3030.12,1620.64,462.2,74.63,229.91,940.15,371.67,236.64,281.65,442.67,208.82,101.2,3578.93,234.65,125.42,131.98,39.27,56.38,99.62,273.51
20260929,11:32:05,47723.26,42564.78,25903.07,16630.72,123.8,1881.45,397.52,460.3,547.13,105.97,163.06,192.81,91.62,137.55,271.24,120.88,189.92,290.57,3029.97,1620.59,461.98,74.64,229.9,940.16,371.67,236.64,281.66,442.67,208.82,101.2,3577.99,234.65,125.42,131.98,39.27,56.38,99.62,273.51
20260929,11:32:10,47721.43,42562.85,25900.57,16627.36,123.8,1881.45,397.07,460.3,547.12,105.97,163.06,192.8,91.62,137.55,271.24,120.88,189.92,290.57,3029.9,1620.59,461.98,74.62,229.9,939.97,371.92,236.64,281.66,442.67,208.82,101.2,3578.12,234.65,125.42,131.99,39.27,56.38,99.62,273.51
20260929,11:32:15,47759.52,42599.17,25902.79,16627.22,123.8,1881.45,397.07,460.22,547.17,105.97,163.08,192.9,91.62,137.55,271.24,120.88,189.92,290.54,3032.83,1622.98,462.04,74.61,229.9,939.93,371.51,236.64,281.4,442.67,208.81,101.2,3578.85,234.65,125.42,131.95,39.27,56.35,99.62,273.51
20260929,11:32:20,47756.38,42596.34,25900.96,16625.92,123.8,1881.45,397.07,460.22,547.17,105.97,163.08,192.92,91.61,137.55,271.24,120.88,189.92,290.54,3032.63,1622.75,462.06,74.62,230.04,940.06,371.56,236.64,281.35,442.66,208.69,101.2,3578.63,234.65,125.42,131.95,39.27,56.35,99.62,273.47
20260929,11:32:25,47756.93,42596.87,25901.35,16626.34,123.74,1881.45,397.06,460.22,547.16,105.97,163.08,192.91,91.61,137.55,271.24,121.0,189.92,290.54,3032.66,1622.68,462.06,74.62,229.91,940.08,371.56,236.64,281.67,442.66,208.68,101.2,3578.64,234.65,125.42,131.95,39.27,56.35,99.62,273.47
20260929,11:32:30,47717.9,42558.63,25901.3,16625.55,123.74,1882.87,397.06,460.62,547.13,105.97,163.08,192.94,91.61,137.55,271.23,121.0,189.92,289.86,3029.6,1620.38,462.06,74.61,229.91,939.92,371.28,236.64,281.68,442.76,208.68,101.2,3578.84,234.65,125.42,131.95,39.28,56.35,99.62,273.4
20260929,11:32:35,47713.06,42553.82,25900.86,16624.77,123.74,1882.87,396.97,460.62,547.16,105.96,163.08,192.92,91.61,137.55,271.23,121.0,189.92,289.86,3029.23,1620.24,461.99,74.61,230.03,939.77,371.6,236.64,281.38,442.76,208.68,101.2,3578.91,234.65,125.42,131.95,39.28,56.35,99.62,273.35
20260929,11:32:40,47708.87,42550.41,25897.53,16623.19,123.74,1882.87,396.97,460.62,547.12,105.96,163.07,192.91,91.61,137.55,271.23,121.0,189.92,289.86,3029.0,1620.22,461.96,74.61,229.91,939.61,371.28,236.64,281.28,442.7,208.53,101.2,3578.3,234.65,125.42,131.95,39.28,56.35,99.62,273.38
20260929,11:32:45,47708.13,42551.87,25890.84,16622.76,123.74,1882.87,396.97,460.62,547.09,105.96,163.07,192.88,91.61,137.55,271.23,120.88,189.92,290.1,3029.12,1620.2,461.85,74.6,230.03,939.59,371.28,236.64,281.59,442.7,208.53,101.2,3576.33,234.65,125.42,131.92,39.28,56.35,99.62,273.38
20260929,11:32:50,47706.04,42549.83,25890.62,16622.5,123.74,1881.45,396.97,460.62,547.2,106.04,163.07,192.91,91.61,137.55,271.23,120.88,189.88,290.09,3028.97,1620.21,461.89,74.59,230.03,939.15,371.6,236.64,281.59,442.72,208.5,101.21,3576.33,234.65,125.42,131.92,39.28,56.35,99.62,273.38
20260929,11:32:55,47704.77,42548.11,25891.07,16621.41,123.74,1881.4,396.97,460.62,547.2,106.04,163.07,192.9,91.61,137.55,271.23,120.88,189.84,290.07,3028.85,1620.31,461.87,74.58,229.91,939.12,371.62,236.64,281.26,442.72,208.5,101.21,3576.77,234.65,125.3,131.92,39.28,56.35,99.62,273.38
20260929,11:33:00,47705.05,42549.02,25892.11,16624.73,123.74,1881.4,396.97,460.71,547.2,106.04,163.07,192.9,91.61,137.55,271.23,120.88,189.84,290.07,3028.85,1620.32,461.81,74.59,229.91,939.11,371.62,236.64,281.26,442.72,208.65,101.21,3576.19,234.65,125.42,131.92,39.28,56.35,99.62,273.69
20260929,11:33:05,47701.39,42545.47,25891.02,16623.54,123.74,1881.4,396.97,460.58,546.87,106.04,163.07,192.9,91.61,137.55,271.23,120.88,189.88,290.07,3028.59,1620.2,461.78,74.57,229.91,938.93,371.62,236.64,281.26,442.72,208.65,101.21,3576.17,234.65,125.42,131.92,39.28,56.35,99.62,273.69
20260929,11:33:10,47702.08,42546.14,25891.37,16623.95,123.8,1881.4,396.98,460.58,546.86,106.04,163.07,192.9,91.61,137.55,271.23,120.88,190.02,290.07,3028.63,1620.23,461.95,74.57,229.91,938.78,371.61,236.64,281.26,442.72,208.65,101.21,3576.17,234.65,125.42,131.92,39.28,56.35,99.62,273.69
20260929,11:33:15,47741.25,42584.31,25891.28,16623.85,123.74,1881.62,396.98,460.58,546.87,106.04,163.07,192.9,91.61,137.55,271.23,120.88,190.02,290.06,3031.71,1622.64,461.95,74.58,229.91,938.67,371.3,236.64,281.26,442.72,208.65,101.21,3576.17,234.65,125.42,131.92,39.28,56.35,99.62,273.69
20260929,11:33:20,47704.73,42548.88,25894.12,16627.63,123.74,1881.62,397.53,460.58,546.79,106.04,163.07,192.89,91.61,137.55,271.23,120.88,190.02,290.06,3028.77,1620.38,462.02,74.58,229.91,938.56,371.32,236.64,281.26,442.75,208.65,101.21,3576.03,234.65,125.42,131.92,39.28,56.35,99.62,273.69
20260929,11:33:25,47706.36,42549.62,25896.44,16627.45,123.74,1881.39,397.53,460.58,546.79,106.04,163.07,192.89,91.61,137.55,271.23,120.88,190.02,290.06,3028.83,1620.27,462.05,74.58,229.91,938.64,371.32,236.64,281.58,442.76,208.64,101.21,3576.8,234.65,125.42,131.92,39.28,56.35,99.62,273.67
20260929,11:33:30,47701.33,42544.8,25892.86,16623.61,124.0,1881.39,396.99,460.58,546.79,106.04,163.07,192.89,91.61,137.55,271.11,121.0,190.02,290.06,3028.53,1620.2,461.99,74.58,229.91,938.62,371.32,236.64,281.28,442.76,208.5,101.21,3576.73,234.65,125.42,131.92,39.28,56.35,99.62,273.65
20260929,11:33:35,47700.76,42544.91,25890.5,16623.11,124.0,1881.39,396.99,460.58,546.76,106.04,163.07,192.86,91.61,137.55,271.11,121.0,190.02,290.06,3028.56,1620.17,462.08,74.58,230.03,938.55,371.32,236.64,281.26,442.76,208.47,101.21,3576.13,234.65,125.42,131.92,39.28,56.35,99.62,273.65
20260929,11:33:40,47701.47,42545.71,25889.58,16622.44,124.0,1881.39,396.99,460.58,546.76,106.02,163.07,192.89,91.61,137.55,271.11,120.88,190.02,290.06,3028.64,1620.18,462.09,74.58,230.03,938.63,371.89,236.64,281.26,442.77,208.46,101.21,3576.02,234.65,125.42,131.92,39.28,56.35,99.62,273.66
20260929,11:33:45,47743.2,42586.37,25889.79,16622.69,123.87,1881.39,397.07,460.58,546.76,106.02,163.07,192.84,91.62,137.55,271.11,120.88,190.02,290.06,3031.91,1622.71,461.85,74.58,230.02,938.51,371.52,236.64,281.58,442.77,208.48,101.21,3576.02,234.65,125.42,131.93,39.28,56.35,99.62,273.66
20260929,11:33:50,47745.39,42588.09,25893.4,16625.46,124.0,1881.39,397.54,460.58,546.78,106.02,163.07,192.84,91.62,137.55,271.11,120.88,190.02,290.06,3031.98,1622.75,461.83,74.58,230.02,938.53,371.83,236.64,281.58,442.77,208.48,101.21,3576.4,234.65,125.3,131.93,39.28,56.35,99.62,273.62
20260929,11:33:55,47742.92,42586.48,25890.96,16625.29,124.0,1881.39,397.54,460.58,546.79,106.02,163.06,192.82,91.62,137.55,271.11,120.88,189.88,290.06,3031.85,1622.67,461.82,74.58,230.02,938.54,371.57,236.64,281.58,442.75,208.48,101.21,3575.68,234.65,125.42,131.93,39.28,56.35,99.62,273.32
20260929,11:34:00,47739.58,42585.89,25880.19,16621.85,124.0,1881.39,397.0,460.58,546.79,106.02,163.06,192.82,91.62,137.55,271.11,120.88,189.88,290.07,3031.89,1622.7,461.83,74.56,230.03,938.54,371.6,236.64,281.58,442.74,208.51,101.21,3573.25,234.65,125.42,131.93,39.28,56.37,99.62,273.31
20260929,11:34:05,47738.3,42584.69,25881.35,16623.33,124.26,1881.39,397.0,460.58,546.71,106.02,163.06,192.82,91.62,137.55,271.11,121.01,189.88,290.07,3031.76,1622.61,461.81,74.57,230.03,938.57,371.28,236.64,281.58,442.74,208.51,101.21,3573.21,234.65,125.42,131.93,39.27,56.39,99.62,273.32
20260929,11:34:10,47743.04,42586.8,25889.72,16624.53,124.26,1881.39,396.99,460.58,546.82,106.02,163.06,192.82,91.62,137.55,271.11,121.01,189.88,290.08,3031.9,1622.6,462.04,74.56,230.02,938.66,371.6,236.64,281.58,442.74,208.51,101.21,3575.5,234.65,125.42,131.93,39.27,56.39,99.62,273.62
20260929,11:34:15,47739.37,42583.22,25886.88,16621.26,124.26,1881.39,396.45,460.58,546.79,106.02,163.06,192.82,91.61,137.55,271.11,120.89,189.88,290.08,3031.69,1622.62,462.04,74.56,230.03,938.52,371.35,236.64,281.27,442.74,208.69,101.2,3575.5,234.65,125.42,131.93,39.27,56.39,99.62,273.64
20260929,11:34:20,47738.79,42584.11,25885.55,16624.61,124.13,1881.39,396.99,460.58,546.82,106.02,163.04,192.8,91.61,137.54,271.11,120.89,189.88,290.08,3031.68,1622.6,462.06,74.56,230.0,938.54,371.6,236.64,281.25,442.74,208.67,101.2,3574.17,234.65,125.42,131.93,39.27,56.38,99.62,273.64
20260929,11:34:25,47744.94,42587.97,25891.48,16624.32,124.13,1881.39,396.99,460.33,546.82,106.02,163.04,192.8,91.61,137.54,271.11,120.87,189.88,290.05,3032.0,1622.73,462.06,74.59,230.0,938.39,371.6,236.64,281.61,442.8,208.67,101.2,3576.1,234.65,125.42,131.93,39.27,56.38,99.62,273.67
20260929,11:34:30,47703.82,42548.58,25889.71,16624.52,124.13,1881.39,396.99,460.46,546.82,106.02,163.04,192.79,91.61,137.54,271.11,120.89,189.88,290.05,3028.82,1620.33,462.02,74.59,229.88,938.38,371.6,236.64,281.62,442.77,208.67,101.2,3575.5,234.65,125.42,131.93,39.27,56.38,99.62,273.67
20260929,11:34:35,47743.02,42586.4,25890.55,16624.23,124.13,1881.39,396.99,460.46,546.82,106.02,163.04,192.77,91.61,137.54,271.11,120.89,189.88,290.05,3031.87,1622.62,462.02,74.6,229.88,938.56,371.6,236.62,281.62,442.77,208.67,101.2,3575.84,234.65,125.42,131.93,39.27,56.35,99.62,273.67
20260929,11:34:40,47745.93,42589.83,25888.49,16623.84,124.13,1881.39,396.99,460.46,546.88,106.02,163.04,192.77,91.61,137.32,271.11,120.89,189.88,290.1,3032.16,1622.81,462.04,74.58,230.0,938.55,371.6,236.62,281.63,442.77,208.63,101.2,3575.3,234.65,125.42,131.93,39.27,56.35,99.62,273.67
20260929,11:34:45,47744.2,42587.52,25888.75,16622.06,124.13,1881.39,396.99,460.42,546.88,106.02,163.03,192.76,91.61,137.32,271.11,120.89,189.88,290.1,3032.01,1622.69,462.01,74.58,230.0,938.6,371.61,236.62,281.63,442.77,208.63,101.2,3575.86,234.65,125.3,131.93,39.27,56.35,99.62,273.38
20260929,11:34:50,47744.53,42587.87,25892.54,16626.52,124.0,1881.39,397.54,460.42,546.88,106.02,163.03,192.76,91.6,137.32,271.11,120.89,189.88,290.1,3031.94,1622.68,461.9,74.57,230.0,938.61,371.42,236.62,281.64,442.77,208.63,101.2,3575.84,234.65,125.42,131.93,39.27,56.35,99.62,273.38
20260929,11:34:55,47743.85,42587.8,25888.86,16624.26,124.12,1881.39,397.17,460.42,546.88,106.02,163.03,192.78,91.6,137.32,271.11,120.89,189.84,290.12,3031.98,1622.67,461.9,74.58,230.0,938.72,371.42,236.64,281.64,442.77,208.63,101.2,3575.3,234.65,125.42,131.93,39.27,56.35,99.62,273.38
20260929,11:35:00,47702.46,42547.19,25885.22,16619.14,124.05,1881.28,396.52,460.38,546.86,106.01,163.02,192.74,91.6,137.32,271.11,121.0,189.73,290.12,3028.83,1620.41,461.9,74.57,230.0,938.58,371.73,236.64,281.32,442.67,208.62,101.18,3575.55,234.61,125.42,131.93,39.27,56.35,99.61,273.37
20260929,11:35:05,47702.43,42547.54,25886.63,16622.03,124.18,1879.85,397.07,460.38,546.86,106.01,163.02,192.76,91.6,137.32,271.11,120.87,189.73,290.12,3028.79,1620.35,461.77,74.58,230.05,938.73,371.75,236.64,281.32,442.49,208.62,101.18,3575.21,234.61,125.42,131.93,39.3,56.37,99.61,273.37
20260929,11:35:10,47701.93,42546.9,25887.34,16622.34,124.18,1879.85,397.07,460.63,546.86,106.01,163.02,192.73,91.6,137.32,271.11,120.87,189.73,290.14,3028.73,1620.36,461.77,74.58,229.86,938.74,371.75,236.64,281.33,442.48,208.62,101.18,3575.35,234.61,125.42,131.92,39.3,56.37,99.61,273.37
20260929,11:35:15,47700.6,42545.58,25887.16,16622.04,124.12,1879.85,397.07,460.63,546.86,106.01,163.02,192.73,91.6,137.32,271.11,120.88,189.73,290.15,3028.63,1620.34,461.78,74.58,230.11,937.92,371.75,236.64,281.64,442.47,208.6,101.18,3575.37,234.61,125.42,131.92,39.3,56.37,99.61,273.37
20260929,11:35:20,47704.24,42549.67,25885.39,16621.86,123.99,1879.85,397.07,460.63,546.93,106.01,163.02,192.72,91.6,137.32,271.11,120.87,189.73,290.15,3028.97,1620.34,461.77,74.55,230.11,938.78,371.75,236.64,281.63,442.47,208.6,101.18,3574.87,234.61,125.42,131.92,39.3,56.37,99.61,273.37
20260929,11:35:25,47742.67,42586.75,25890.05,16625.97,123.99,1879.85,397.61,460.63,546.9,106.01,163.02,192.71,91.6,137.32,271.05,120.87,189.77,290.15,3031.86,1622.76,461.75,74.56,230.11,938.61,371.75,236.64,281.31,442.47,208.63,101.17,3575.21,234.61,125.42,131.92,39.3,56.36,99.61,273.37
20260929,11:35:30,47745.47,42589.48,25890.81,16626.85,123.99,1879.85,397.61,460.63,546.9,106.01,163.01,192.71,91.6,137.32,271.05,120.87,189.77,290.15,3032.06,1622.81,461.86,74.57,229.86,938.89,371.75,236.64,281.41,442.47,208.63,101.17,3575.21,234.61,125.54,131.92,39.3,56.36,99.61,273.37
20260929,11:35:35,47709.03,42551.87,25896.95,16626.9,123.99,1879.62,397.7,460.71,547.03,106.01,163.01,192.71,91.6,137.32,271.05,120.88,189.77,290.15,3029.03,1620.54,461.7,74.56,229.86,938.88,371.75,236.64,281.41,442.43,208.63,101.17,3577.11,234.61,125.42,131.92,39.3,56.36,99.61,273.37
20260929,11:35:40,47709.81,42552.65,25896.08,16625.95,123.99,1879.62,397.53,460.71,547.03,106.01,163.02,192.74,91.6,137.53,271.05,120.87,189.77,290.13,3029.11,1620.41,461.77,74.57,229.98,938.88,371.75,236.64,281.72,442.43,208.63,101.17,3577.1,234.61,125.42,131.92,39.3,56.36,99.61,273.37
20260929,11:35:45,47706.38,42548.68,25893.52,16620.87,124.0,1879.62,396.9,460.7,547.03,106.01,163.0,192.73,91.59,137.53,271.05,120.88,189.77,290.1,3028.91,1620.42,461.67,74.56,229.98,938.92,371.56,236.64,281.41,442.43,208.59,101.17,3577.68,234.61,125.42,131.92,39.3,56.38,99.61,273.37
20260929,11:35:50,47706.02,42548.91,25892.14,16621.27,124.0,1879.62,396.99,460.45,547.03,106.01,163.0,192.73,91.59,137.53,271.05,120.88,189.77,290.1,3028.92,1620.34,461.64,74.56,230.27,938.7,371.67,236.64,281.62,442.43,208.59,101.17,3577.14,234.61,125.42,131.92,39.3,56.38,99.61,273.38
20260929,11:35:55,47707.53,42550.7,25890.91,16620.91,124.0,1879.62,396.99,460.45,546.95,106.01,163.0,192.74,91.59,137.53,271.05,120.88,189.77,290.13,3029.07,1620.45,461.64,74.57,230.27,938.68,371.67,236.64,281.62,442.38,208.6,101.17,3576.85,234.61,125.41,131.92,39.3,56.38,99.61,273.37
20260929,11:36:00,47707.81,42550.81,25896.03,16626.25,124.0,1879.62,397.69,460.45,546.95,106.01,163.01,192.75,91.59,137.52,271.05,120.88,189.77,290.13,3028.96,1620.38,461.62,74.56,230.09,938.81,371.66,236.64,281.62,442.43,208.6,101.17,3577.0,234.61,125.41,131.92,39.3,56.38,99.61,273.37
20260929,11:36:05,47710.28,42553.24,25897.64,16628.17,124.0,1881.04,397.69,460.69,547.02,106.01,163.01,192.75,91.59,137.52,271.05,120.88,189.77,290.13,3029.1,1620.49,461.64,74.56,230.09,938.8,371.68,236.64,281.62,442.38,208.6,101.17,3576.98,234.61,125.53,131.92,39.3,56.38,99.61,273.37
20260929,11:36:10,47743.77,42585.87,25897.69,16628.22,124.0,1881.04,397.69,460.69,547.02,106.01,163.01,192.75,91.59,137.52,271.19,120.88,189.77,290.13,3031.73,1622.72,461.64,74.55,229.97,938.77,371.32,236.64,281.31,442.38,208.6,101.17,3576.98,234.61,125.53,131.92,39.3,56.38,99.62,273.37
20260929,11:36:15,47748.69,42590.45,25898.37,16628.31,124.0,1881.04,397.69,460.77,547.02,106.01,163.01,192.74,91.59,137.52,271.19,120.87,189.77,290.13,3032.1,1622.73,461.64,74.54,229.97,939.22,371.32,236.64,281.62,442.38,208.6,101.17,3577.17,234.61,125.53,131.92,39.3,56.38,99.62,273.4
20260929,11:36:20,47750.51,42592.02,25898.7,16628.0,124.0,1881.04,397.69,460.77,547.02,106.01,163.01,192.74,91.59,137.52,271.19,120.87,189.77,290.13,3032.23,1622.74,461.68,74.56,229.86,939.54,371.32,236.64,281.62,442.21,208.6,101.17,3577.36,234.61,125.53,131.92,39.3,56.38,99.62,273.4
20260929,11:36:25,47755.92,42597.44,25898.18,16627.91,124.06,1879.62,397.7,460.78,547.0,106.01,163.01,192.74,91.59,137.52,271.19,120.88,189.77,290.13,3032.67,1623.03,461.9,74.55,229.89,939.51,371.33,236.64,281.57,442.21,208.64,101.2,3577.22,234.61,125.53,131.92,39.3,56.38,99.62,273.35
20260929,11:36:30,47757.24,42598.14,25896.48,16623.97,124.06,1879.85,397.15,460.78,547.0,106.01,163.01,192.74,91.59,137.52,271.19,120.88,189.77,290.13,3032.82,1623.14,461.88,74.54,229.89,939.55,371.34,236.64,281.57,442.18,208.64,101.2,3577.76,234.61,125.53,131.92,39.3,56.38,99.62,273.35
20260929,11:36:35,47752.71,42593.4,25897.1,16623.59,124.0,1879.85,397.15,460.78,547.0,106.01,163.0,192.73,91.59,137.52,271.19,120.88,189.77,290.13,3032.45,1622.96,461.96,74.54,229.88,939.5,371.65,236.64,281.25,442.18,208.64,101.2,3578.06,234.61,125.53,131.82,39.3,56.38,99.62,273.4
20260929,11:36:40,47753.99,42594.8,25900.07,16627.54,124.0,1879.63,397.69,460.78,547.0,106.01,163.01,192.76,91.59,137.52,271.19,120.88,189.77,290.13,3032.47,1622.94,461.96,74.55,230.0,939.54,371.34,236.64,281.25,442.18,208.64,101.2,3577.91,234.61,125.53,131.82,39.3,56.38,99.61,273.39
20260929,11:36:45,47713.42,42555.37,25897.0,16624.32,124.0,1879.83,397.15,460.79,546.97,106.01,163.01,192.74,91.59,137.52,271.17,120.88,189.81,290.13,3029.37,1620.55,461.93,74.55,230.0,939.57,371.34,236.64,281.25,442.18,208.64,101.2,3577.83,234.61,125.53,131.79,39.3,56.38,99.61,273.7
20260929,11:36:50,47759.28,42599.22,25902.23,16627.54,124.13,1879.83,397.7,460.79,546.97,106.01,163.0,192.73,91.59,137.52,271.17,120.88,189.81,290.13,3032.83,1623.04,461.94,74.55,230.0,939.69,371.36,236.64,281.56,442.17,208.64,101.2,3578.59,234.61,125.41,131.79,39.3,56.36,99.61,273.7
20260929,11:36:55,47752.88,42596.17,25892.73,16627.29,124.0,1879.83,397.69,460.79,547.05,106.01,162.99,192.68,91.59,137.51,271.17,120.88,189.81,290.13,3032.59,1623.0,461.93,74.53,230.0,939.29,371.36,236.64,281.56,442.17,208.64,101.21,3575.69,234.61,125.41,131.8,39.3,56.36,99.61,273.7
20260929,11:37:00,47748.26,42592.05,25888.25,16623.4,124.0,1879.83,397.15,460.79,547.05,106.01,163.0,192.7,91.59,137.51,271.17,120.88,189.81,290.11,3032.35,1623.04,461.93,74.56,230.0,938.56,371.35,236.64,281.56,442.23,208.64,101.21,3575.34,234.61,125.41,131.8,39.3,56.36,99.61,273.7
20260929,11:37:05,47751.91,42593.41,25898.21,16627.53,124.0,1879.83,397.77,460.79,546.91,106.01,163.0,192.72,91.59,137.51,271.17,120.88,189.81,290.09,3032.36,1623.0,461.91,74.56,230.25,938.53,371.35,236.64,281.56,442.16,208.66,101.21,3577.34,234.61,125.41,131.8,39.3,56.36,99.61,273.7
20260929,11:37:10,47747.79,42591.64,25891.79,16627.63,124.0,1879.83,397.77,460.87,546.91,106.01,163.0,192.72,91.59,137.51,271.17,120.88,189.81,290.09,3032.21,1623.02,461.92,74.56,229.88,938.43,371.35,236.64,281.56,442.16,208.66,101.21,3575.3,234.61,125.41,131.8,39.3,56.36,99.61,273.7
20260929,11:37:15,47756.09,42599.72,25892.02,16627.9,124.01,1879.83,397.77,460.87,546.96,106.01,163.01,192.75,91.59,137.51,271.17,120.89,189.81,290.1,3032.86,1623.26,461.81,74.59,229.88,939.16,371.66,236.64,281.6,442.16,208.65,101.18,3575.3,234.61,125.41,131.8,39.3,56.36,99.61,273.7
20260929,11:37:20,47720.31,42562.41,25898.9,16627.6,124.01,1881.24,397.77,460.87,546.96,106.01,162.99,192.75,91.58,137.51,271.17,120.89,189.81,290.1,3029.86,1620.91,461.86,74.62,229.88,939.16,371.66,236.64,281.6,442.16,208.65,101.18,3577.53,234.61,125.41,131.8,39.3,56.38,99.61,273.39
20260929,11:37:25,47721.5,42563.15,25900.67,16628.25,124.01,1881.24,397.77,460.87,546.93,106.01,162.99,192.75,91.58,137.51,271.17,120.89,189.81,290.1,3029.9,1620.84,461.87,74.62,229.88,939.49,371.66,236.64,281.6,442.22,208.65,101.18,3577.91,234.61,125.53,131.8,39.3,56.36,99.61,273.33
20260929,11:37:30,47721.39,42563.04,25897.09,16624.12,124.01,1881.24,397.23,460.87,546.93,106.01,162.99,192.75,91.58,137.51,271.17,120.9,189.81,290.1,3029.99,1620.84,461.91,74.63,229.88,939.64,371.66,236.64,281.6,442.19,208.64,101.18,3577.91,234.61,125.53,131.8,39.3,56.36,99.61,273.33
20260929,11:37:35,47723.29,42565.38,25900.15,16629.27,124.01,1881.24,397.86,460.87,547.07,106.01,162.99,192.75,91.58,137.49,271.17,120.9,189.81,290.1,3030.06,1620.84,461.89,74.66,230.0,939.63,371.66,236.64,281.6,442.23,208.64,101.18,3577.47,234.61,125.53,131.79,39.3,56.36,99.61,273.33
20260929,11:37:40,47726.53,42570.22,25895.94,16630.05,124.01,1881.24,397.86,460.87,546.99,106.01,163.0,192.77,91.58,137.49,271.17,120.91,189.81,290.1,3030.43,1620.87,461.86,74.67,230.0,940.43,371.66,236.64,281.61,442.23,208.64,101.18,3575.94,234.61,125.65,131.79,39.3,56.35,99.61,273.33
20260929,11:37:45,47766.34,42606.3,25903.08,16629.2,124.01,1881.24,397.78,460.79,546.99,106.02,163.0,192.77,91.58,137.49,271.17,120.87,189.66,290.14,3033.36,1623.13,461.96,74.65,229.88,940.46,371.66,236.64,281.61,442.18,208.64,101.18,3578.4,234.61,125.65,131.8,39.3,56.37,99.61,273.32
20260929,11:37:50,47761.02,42601.51,25897.79,16624.43,124.01,1881.24,397.15,460.79,546.99,106.01,163.0,192.75,91.58,137.49,271.17,120.99,189.66,290.14,3033.08,1623.1,461.98,74.67,229.88,939.84,371.66,236.64,281.61,442.21,208.64,101.18,3578.04,234.61,125.53,131.8,39.3,56.37,99.61,273.32
20260929,11:37:55,47764.92,42605.23,25898.19,16624.65,124.01,1881.24,397.15,460.79,546.99,106.01,162.99,192.73,91.58,137.51,271.17,121.03,189.66,290.14,3033.38,1623.12,461.96,74.69,229.89,940.48,371.67,236.64,281.6,442.21,208.64,101.18,3578.11,234.61,125.53,131.8,39.3,56.37,99.61,273.32
20260929,11:38:00,47725.87,42567.26,25898.53,16625.26,124.13,1881.24,397.15,460.79,546.99,106.01,162.99,192.75,91.58,137.51,271.17,121.03,189.66,290.14,3030.3,1620.71,461.96,74.69,229.89,940.59,371.67,236.64,281.6,442.27,208.64,101.18,3578.05,234.61,125.53,131.85,39.3,56.37,99.61,273.32
20260929,11:38:05,47722.24,42564.03,25897.45,16625.07,124.13,1881.24,397.24,460.92,546.99,106.01,163.0,192.77,91.58,137.51,271.17,121.03,189.66,290.14,3030.05,1620.69,461.98,74.7,229.89,940.45,371.36,236.62,281.29,442.2,208.64,101.18,3577.77,234.61,125.41,131.86,39.3,56.37,99.61,273.32
20260929,11:38:10,47720.98,42564.06,25893.53,16624.74,124.13,1879.83,397.24,460.92,546.91,106.01,163.01,192.77,91.59,137.51,271.17,120.91,189.66,290.14,3030.06,1620.69,461.99,74.7,229.89,940.47,371.36,236.62,281.29,442.2,208.64,101.18,3576.63,234.61,125.54,131.89,39.3,56.37,99.61,273.32
20260929,11:38:15,47725.46,42566.75,25898.93,16625.4,123.99,1879.83,397.24,460.92,546.99,106.01,163.02,192.77,91.59,137.51,271.17,121.03,189.63,290.14,3030.26,1620.7,462.08,74.69,230.13,940.6,371.36,236.62,281.3,442.2,208.64,101.18,3578.14,234.61,125.54,131.89,39.3,56.37,99.61,273.32
20260929,11:38:20,47727.35,42569.17,25896.92,16625.0,123.99,1879.83,397.24,460.92,546.99,106.01,163.02,192.77,91.59,137.51,271.17,120.91,189.66,290.14,3030.46,1620.9,462.09,74.72,230.13,940.01,371.29,236.62,281.62,442.2,208.64,101.18,3577.62,234.61,125.54,131.99,39.3,56.37,99.61,273.32
20260929,11:38:25,47768.05,42607.12,25902.73,16625.98,123.99,1879.83,397.24,460.92,547.05,106.01,163.02,192.78,91.59,137.51,271.17,121.03,189.66,290.14,3033.5,1623.28,461.98,74.7,230.15,940.04,371.29,236.62,281.62,442.21,208.65,101.18,3579.17,234.61,125.54,131.99,39.3,56.37,99.61,273.32
20260929,11:38:30,47763.59,42604.16,25897.09,16624.1,123.99,1879.83,397.15,460.67,547.01,106.01,163.02,192.78,91.59,137.51,271.17,120.91,189.62,290.14,3033.31,1623.13,462.14,74.72,229.9,940.07,371.29,236.62,281.61,442.22,208.65,101.18,3577.92,234.61,125.54,131.99,39.3,56.37,99.61,273.31
20260929,11:38:35,47761.07,42604.11,25890.41,16624.49,124.05,1879.83,397.15,460.67,547.01,106.01,163.02,192.78,91.6,137.51,271.17,120.91,189.62,290.14,3033.29,1623.12,462.14,74.71,229.9,940.04,371.61,236.62,281.61,442.24,208.62,101.18,3575.72,234.61,125.54,132.1,39.3,56.37,99.61,273.31
20260929,11:38:40,47723.94,42565.74,25896.68,16624.37,123.99,1879.83,397.15,460.67,547.01,106.01,163.03,192.78,91.6,137.51,271.17,120.91,189.62,290.15,3030.2,1620.72,462.14,74.71,229.9,940.07,371.61,236.62,281.62,442.24,208.62,101.18,3577.72,234.61,125.54,132.1,39.3,56.37,99.71,273.26
20260929,11:38:45,47726.85,42568.57,25896.79,16624.49,123.99,1879.83,397.15,460.92,547.01,106.01,163.01,192.73,91.6,137.51,271.17,120.91,189.62,290.15,3030.43,1620.99,461.97,74.71,229.9,939.96,371.61,236.64,281.63,442.24,208.62,101.18,3577.72,234.61,125.54,132.1,39.3,56.37,99.71,273.26
20260929,11:38:50,47729.89,42571.54,25896.36,16624.0,123.99,1879.83,397.15,460.67,547.01,106.01,163.02,192.77,91.59,137.51,271.17,120.91,189.62,290.15,3030.68,1620.91,462.07,74.71,229.9,940.69,371.6,236.64,281.63,442.19,208.61,101.18,3577.72,234.61,125.54,132.1,39.3,56.37,99.71,273.26
20260929,11:38:55,47729.82,42571.14,25897.37,16624.07,123.99,1879.83,397.15,460.79,547.01,106.01,163.02,192.76,91.59,137.51,271.17,120.91,189.59,290.15,3030.65,1620.9,462.08,74.71,229.9,940.62,371.6,236.64,281.63,442.16,208.61,101.18,3578.01,234.61,125.54,132.1,39.3,56.37,99.71,273.26
20260929,11:39:00,47733.03,42574.61,25903.29,16631.99,123.99,1879.83,398.23,460.79,547.01,106.0,163.03,192.79,91.6,137.51,271.17,120.9,189.59,290.13,3030.73,1620.91,462.05,74.73,229.9,940.78,371.61,236.64,281.63,442.14,208.61,101.18,3577.71,234.61,125.54,132.1,39.3,56.36,99.71,273.26
20260929,11:39:05,47733.52,42574.95,25901.32,16629.28,123.99,1879.83,397.78,460.79,547.01,106.0,163.02,192.75,91.6,137.51,271.17,120.9,189.59,290.13,3030.83,1621.01,462.04,74.71,229.9,940.74,371.63,236.61,281.63,442.14,208.61,101.18,3577.83,234.56,125.54,132.1,39.3,56.36,99.71,273.57
20260929,11:39:10,47736.97,42578.32,25905.69,16634.31,123.99,1879.83,398.32,460.71,547.01,106.0,163.02,192.75,91.6,137.51,271.17,120.9,189.66,290.13,3030.98,1621.11,462.04,74.71,229.79,940.93,371.32,236.61,281.63,442.15,208.73,101.18,3577.83,234.56,125.54,132.1,39.3,56.36,99.71,273.57
20260929,11:39:15,47738.24,42581.82,25900.1,16635.47,123.99,1879.6,398.4,460.71,547.01,106.0,163.03,192.78,91.6,137.51,271.17,120.9,189.66,290.13,3031.23,1621.16,462.27,74.75,229.79,941.05,371.63,236.61,281.63,442.12,208.72,101.16,3575.77,234.89,125.54,132.08,39.3,56.36,99.8,273.57
20260929,11:39:20,47735.48,42578.75,25900.77,16634.98,124.05,1879.6,398.32,460.71,547.01,106.0,163.03,192.8,91.6,137.51,271.17,120.9,189.66,290.13,3031.0,1621.01,462.18,74.72,229.79,941.07,371.64,236.61,281.64,442.12,208.72,101.16,3576.11,234.89,125.54,132.1,39.3,56.35,99.8,273.57
20260929,11:39:25,47736.41,42579.66,25900.87,16635.09,124.05,1879.6,398.32,460.71,547.01,106.0,163.03,192.79,91.6,137.51,271.02,120.9,189.66,290.13,3031.07,1621.0,462.28,74.71,229.79,941.18,371.58,236.61,281.64,442.07,208.75,101.16,3576.11,234.89,125.54,132.1,39.3,56.35,99.8,273.57
20260929,11:39:30,47737.45,42580.4,25901.75,16635.19,124.05,1879.6,398.32,460.7,547.05,106.0,163.03,192.76,91.6,137.51,271.02,120.9,189.66,290.14,3031.12,1621.01,462.29,74.72,229.79,941.26,371.57,236.61,281.63,442.12,208.73,101.19,3576.36,234.89,125.54,132.1,39.3,56.35,99.8,273.57
20260929,11:39:35,47734.04,42577.05,25900.2,16633.35,123.99,1879.83,398.23,460.69,547.07,106.0,163.03,192.76,91.6,137.51,271.02,120.9,189.7,290.14,3030.9,1620.98,462.28,74.7,229.91,941.1,371.89,236.61,281.32,442.12,208.62,101.19,3576.38,234.89,125.54,132.1,39.3,56.35,99.8,273.52
20260929,11:39:40,47734.97,42578.55,25899.12,16634.08,123.99,1879.83,398.23,460.86,547.07,106.0,163.02,192.74,91.6,137.51,271.05,121.02,189.7,290.14,3031.0,1621.06,462.28,74.7,229.91,941.12,371.89,236.61,281.32,442.12,208.66,101.19,3575.84,234.56,125.54,132.1,39.3,56.35,99.8,273.52
20260929,11:39:45,47736.84,42580.44,25898.02,16633.03,123.99,1879.83,398.23,460.86,547.07,106.0,163.02,192.72,91.6,137.51,271.05,120.9,189.7,290.14,3031.18,1620.97,462.39,74.7,229.91,941.7,371.89,236.61,281.32,442.13,208.63,101.19,3575.78,234.56,125.54,132.1,39.3,56.35,99.8,273.52
20260929,11:39:50,47735.42,42579.06,25898.92,16634.06,123.99,1881.24,398.23,460.86,547.07,106.0,163.02,192.76,91.6,137.31,271.05,121.03,189.66,290.14,3031.04,1620.93,462.3,74.69,229.79,941.77,371.64,236.55,281.31,442.14,208.63,101.19,3575.78,234.56,125.54,132.1,39.3,56.35,99.8,273.49
20260929,11:39:55,47736.38,42580.08,25898.48,16633.88,123.99,1881.19,398.23,460.73,547.07,106.0,163.02,192.76,91.59,137.31,271.05,121.03,189.66,290.14,3031.13,1621.05,462.39,74.7,230.04,941.23,371.91,236.55,281.31,442.14,208.63,101.19,3575.7,234.56,125.54,132.1,39.3,56.35,99.8,273.49
20260929,11:40:00,47774.07,42616.59,25898.51,16633.17,123.99,1881.19,398.23,460.72,547.12,106.0,163.02,192.75,91.6,137.31,271.05,120.9,189.7,290.13,3034.09,1623.32,462.41,74.71,229.79,941.05,371.91,236.55,281.63,442.14,208.63,101.19,3575.9,234.56,125.54,132.1,39.3,56.35,99.8,273.49
20260929,11:40:05,47774.6,42617.07,25898.01,16632.51,124.12,1879.78,398.23,460.72,546.98,106.0,163.02,192.75,91.6,137.31,271.05,120.9,189.7,290.13,3034.14,1623.37,462.41,74.69,229.79,941.04,371.91,236.55,281.63,442.14,208.63,101.19,3575.92,234.56,125.54,132.1,39.3,56.35,99.8,273.49
20260929,11:40:10,47772.74,42615.26,25898.41,16632.96,124.12,1879.78,398.23,460.72,546.98,106.0,163.02,192.77,91.6,137.31,271.05,120.9,189.82,290.13,3033.99,1623.25,462.4,74.69,229.79,941.04,371.61,236.55,281.68,442.09,208.66,101.19,3575.92,234.56,125.54,132.1,39.3,56.35,99.8,273.49
20260929,11:40:15,47774.24,42618.91,25891.85,16632.75,124.12,1879.78,398.23,460.72,546.98,106.0,163.01,192.77,91.59,137.31,271.05,120.9,189.82,290.16,3034.29,1623.48,462.39,74.71,229.79,941.04,371.61,236.55,281.68,442.1,208.63,101.19,3573.93,234.56,125.54,132.1,39.3,56.35,99.8,273.54
20260929,11:40:20,47772.9,42617.83,25891.34,16632.91,124.12,1879.88,398.23,460.72,546.98,106.0,163.02,192.78,91.59,137.52,271.05,120.9,189.82,290.11,3034.2,1623.49,462.19,74.71,229.79,941.04,371.23,236.56,281.68,442.1,208.62,101.19,3573.73,234.56,125.54,132.1,39.3,56.35,99.8,273.54
20260929,11:40:25,47771.26,42616.06,25891.96,16633.04,123.99,1879.88,398.15,460.72,546.98,106.0,163.01,192.78,91.59,137.52,271.05,120.9,189.82,290.16,3034.05,1623.34,462.37,74.69,229.9,940.9,371.23,236.56,281.68,442.1,208.72,101.19,3573.89,234.56,125.54,132.1,39.3,56.35,99.8,273.54
20260929,11:40:30,47772.67,42615.2,25894.33,16628.27,123.99,1879.85,397.6,460.72,546.95,106.0,163.02,192.79,91.59,137.52,271.05,120.9,189.82,290.16,3034.1,1623.36,462.38,74.7,229.72,941.15,371.23,236.56,281.63,442.1,208.72,101.19,3575.92,234.56,125.54,132.1,39.3,56.37,99.8,273.24
20260929,11:40:35,47734.3,42578.04,25897.07,16632.22,123.99,1879.85,398.15,460.72,546.95,106.0,163.01,192.78,91.59,137.53,271.05,120.9,189.78,290.16,3031.01,1620.96,462.39,74.69,229.72,941.16,371.56,236.58,281.62,442.1,208.72,101.19,3575.7,234.56,125.54,132.1,39.3,56.37,99.8,273.24
20260929,11:40:40,47728.75,42572.86,25891.63,16626.7,123.99,1879.85,397.6,460.6,546.95,106.0,163.01,192.78,91.59,137.51,270.91,120.9,189.78,290.18,3030.72,1620.89,462.24,74.72,229.72,941.22,371.56,236.58,281.31,442.1,208.58,101.19,3575.5,234.56,125.54,132.1,39.3,56.37,99.8,273.24
20260929,11:40:45,47731.78,42575.46,25894.61,16628.93,123.99,1879.85,397.69,460.6,546.95,106.01,163.0,192.74,91.59,137.53,270.91,120.9,189.78,290.18,3030.88,1620.89,462.25,74.68,229.72,941.61,371.82,236.58,281.3,442.1,208.76,101.19,3575.83,234.56,125.54,132.1,39.3,56.37,99.8,273.24
20260929,11:40:50,47734.84,42578.21,25894.64,16628.22,124.05,1879.83,397.69,460.6,546.81,106.01,163.0,192.74,91.59,137.51,270.91,120.9,189.78,290.18,3031.12,1620.9,462.25,74.69,229.72,941.71,371.82,236.58,281.62,442.1,208.72,101.19,3576.03,234.56,125.54,132.1,39.3,56.37,99.8,273.24
20260929,11:40:55,47731.6,42574.41,25894.9,16626.33,124.05,1879.6,397.69,460.6,546.87,106.01,162.81,192.74,91.43,137.51,270.91,120.9,189.78,290.2,3030.85,1620.88,462.27,74.72,229.6,941.62,371.56,236.58,281.3,442.1,208.72,101.19,3576.63,234.56,125.54,132.08,39.3,56.37,99.8,273.29
20260929,11:41:00,47735.09,42577.97,25894.46,16626.37,124.05,1879.6,397.69,460.6,546.87,106.01,162.82,192.77,91.43,137.51,270.91,120.9,189.78,290.19,3031.14,1620.97,462.29,74.72,229.6,941.62,371.56,236.83,281.62,442.1,208.72,101.19,3576.48,234.56,125.54,132.08,39.3,56.37,99.8,273.29
20260929,11:41:05,47777.83,42619.68,25897.8,16630.44,123.99,1879.6,398.23,460.6,546.87,106.01,162.81,192.73,91.43,137.51,270.91,120.9,189.78,290.19,3034.4,1623.38,462.37,74.71,229.6,941.87,371.56,236.83,281.62,442.07,208.76,101.19,3576.42,234.56,125.54,132.1,39.3,56.37,99.8,273.29
20260929,11:41:10,47776.85,42618.69,25897.79,16630.32,123.99,1879.6,398.23,460.6,546.86,106.01,162.81,192.74,91.43,137.51,270.91,120.9,189.78,290.19,3034.33,1623.37,462.38,74.7,229.6,941.77,371.24,236.83,281.62,442.08,208.76,101.19,3576.45,234.56,125.54,132.1,39.29,56.35,99.8,273.29
20260929,11:41:15,47776.65,42619.16,25896.57,16631.13,123.99,1881.07,398.23,460.68,546.86,106.01,162.8,192.75,91.42,137.51,270.91,120.9,189.78,290.19,3034.35,1623.36,462.39,74.7,229.6,941.77,371.56,236.83,281.62,442.15,208.76,101.19,3575.85,234.56,125.54,132.1,39.29,56.37,99.8,273.29
20260929,11:41:20,47736.51,42580.04,25895.37,16629.74,123.99,1880.84,398.23,460.68,546.86,106.01,162.79,192.75,91.42,137.51,270.91,120.9,189.78,290.19,3031.23,1621.07,462.38,74.69,229.6,941.86,371.56,236.83,281.31,442.15,208.65,101.19,3575.85,234.56,125.54,132.02,39.29,56.37,99.8,273.31
20260929,11:41:25,47731.49,42574.75,25895.65,16628.7,123.99,1880.84,398.22,460.68,546.86,106.01,162.79,192.75,91.42,137.51,271.15,120.9,189.78,290.19,3030.83,1620.95,462.38,74.7,229.49,941.01,371.24,236.83,281.62,442.2,208.62,101.19,3576.22,234.56,125.42,132.02,39.29,56.37,99.8,273.31
20260929,11:41:30,47772.27,42614.31,25892.45,16624.45,123.99,1880.84,397.68,460.68,546.86,106.01,162.79,192.75,91.42,137.3,271.15,120.9,189.78,290.19,3034.12,1623.35,462.35,74.7,229.67,941.31,371.24,236.83,281.62,442.24,208.62,101.19,3576.37,234.56,125.42,131.99,39.29,56.37,99.8,273.31
20260929,11:41:35,47774.38,42616.95,25891.61,16625.46,123.99,1880.84,397.68,460.68,546.86,106.01,162.79,192.75,91.42,137.3,271.15,120.9,189.78,290.19,3034.3,1623.46,462.34,74.7,229.79,941.33,371.25,236.83,281.62,442.24,208.73,101.19,3575.84,234.56,125.42,131.99,39.29,56.37,99.8,273.31
20260929,11:41:40,47773.7,42616.53,25894.68,16629.79,123.99,1880.84,398.23,460.68,546.9,106.01,162.8,192.75,91.42,137.51,271.15,120.9,189.78,290.19,3034.17,1623.44,462.33,74.71,229.79,940.99,371.25,236.83,281.66,442.24,208.73,101.19,3575.62,234.56,125.42,132.0,39.29,56.35,99.8,273.31
20260929,11:41:45,47775.59,42618.13,25896.27,16630.81,123.99,1880.84,398.23,460.68,546.93,106.01,162.79,192.76,91.42,137.51,271.15,120.9,189.78,290.19,3034.27,1623.48,462.33,74.7,229.79,941.15,371.24,236.83,281.66,442.29,208.73,101.19,3575.84,234.56,125.54,132.0,39.29,56.35,99.8,273.3
20260929,11:41:50,47777.52,42617.58,25903.64,16631.14,124.12,1879.42,398.14,460.68,547.01,106.01,162.79,192.76,91.42,137.51,271.15,121.02,189.78,290.19,3034.22,1623.6,462.24,74.72,230.03,940.5,371.24,236.83,281.66,442.29,208.72,101.19,3578.05,234.56,125.54,132.0,39.29,56.37,99.8,273.3
20260929,11:41:55,47736.76,42577.8,25904.4,16631.78,124.12,1880.84,398.22,460.68,547.11,106.01,162.79,192.72,91.42,137.52,271.15,120.9,189.78,290.19,3031.0,1621.09,462.24,74.7,229.92,940.7,371.56,236.83,281.63,442.29,208.73,101.19,3578.11,234.56,125.54,132.0,39.29,56.37,99.8,273.3
20260929,11:42:00,47738.16,42578.42,25906.87,16632.17,124.12,1880.84,398.22,460.68,547.25,106.01,162.79,192.72,91.42,137.52,271.15,120.9,189.78,290.17,3031.04,1621.2,462.24,74.69,229.67,940.7,371.56,236.83,281.63,442.26,208.73,101.19,3578.78,234.6,125.54,132.0,39.29,56.37,99.8,273.28
20260929,11:42:05,47736.92,42578.06,25904.52,16632.29,124.12,1880.84,398.22,460.68,547.28,106.01,162.79,192.72,91.42,137.52,271.15,120.9,189.78,290.17,3031.01,1621.19,462.24,74.7,229.69,940.62,371.56,236.83,281.63,442.26,208.73,101.19,3578.01,234.6,125.54,132.0,39.29,56.37,99.8,273.28
20260929,11:42:10,47740.31,42581.36,25901.65,16628.99,124.12,1880.84,397.68,460.68,547.21,106.01,162.8,192.74,91.42,137.52,271.15,121.02,189.78,290.17,3031.35,1621.19,462.26,74.68,229.69,941.46,371.49,236.83,281.63,442.28,208.73,101.19,3578.01,234.6,125.54,132.0,39.29,56.37,99.8,273.26
20260929,11:42:15,47740.56,42582.27,25902.05,16631.65,124.12,1880.84,398.22,460.68,547.07,106.01,162.81,192.77,91.42,137.52,271.29,120.89,189.64,290.22,3031.36,1621.18,462.24,74.69,229.94,941.29,371.49,236.83,281.63,442.28,208.73,101.19,3577.42,234.6,125.54,132.0,39.29,56.37,99.71,273.26
20260929,11:42:20,47739.67,42581.77,25898.21,16628.48,124.12,1880.84,397.68,460.68,547.07,106.01,162.8,192.79,91.41,137.52,271.29,120.9,189.64,290.22,3031.4,1621.18,462.26,74.71,229.94,941.31,371.49,236.83,281.63,442.26,208.73,101.19,3577.08,234.6,125.54,132.0,39.29,56.37,99.71,273.58
20260929,11:42:25,47740.9,42582.72,25898.39,16627.84,124.12,1879.42,397.68,460.68,547.04,106.01,162.81,192.82,91.41,137.31,271.29,120.9,189.64,290.24,3031.49,1621.19,462.59,74.71,229.68,941.45,371.47,236.83,281.58,442.26,208.74,101.19,3577.31,234.6,125.54,132.0,39.29,56.37,99.71,273.6
20260929,11:42:30,47781.67,42622.22,25899.97,16628.92,124.12,1879.65,397.68,460.61,547.33,106.01,162.81,192.82,91.41,137.31,271.29,120.9,189.78,290.22,3034.65,1623.65,462.51,74.71,229.68,941.51,371.22,236.83,281.59,442.26,208.75,101.19,3577.51,234.6,125.54,132.0,39.29,56.37,99.71,273.54
20260929,11:42:35,47746.51,42587.71,25900.43,16628.6,124.12,1879.65,397.68,460.36,547.33,106.01,162.81,192.82,91.41,137.31,271.29,120.9,189.78,290.24,3031.87,1621.32,462.61,74.7,230.1,941.64,371.22,236.83,281.58,442.26,208.64,101.19,3577.74,234.6,125.66,132.0,39.29,56.37,99.71,273.54
20260929,11:42:40,47745.53,42586.56,25901.56,16629.25,124.12,1879.65,397.77,460.36,547.48,106.01,162.83,192.82,91.44,137.31,271.29,120.9,189.78,290.25,3031.76,1621.22,462.68,74.71,229.92,941.63,371.54,236.84,281.62,442.26,208.65,101.19,3577.91,234.6,125.66,132.0,39.29,56.37,99.71,273.24
20260929,11:42:45,47743.77,42587.95,25894.72,16631.8,124.12,1879.65,398.23,460.36,547.48,106.01,162.83,192.82,91.44,137.3,271.29,120.9,189.78,290.25,3031.81,1621.29,462.67,74.72,229.92,941.53,371.61,236.84,281.62,442.26,208.67,101.19,3575.09,234.6,125.54,132.0,39.29,56.37,99.71,273.24
20260929,11:42:50,47741.36,42584.84,25894.97,16629.54,124.12,1879.42,397.6,460.36,547.56,106.01,163.03,192.83,91.59,137.31,271.29,120.9,189.78,290.24,3031.62,1621.15,462.55,74.74,230.04,941.49,371.61,236.84,281.62,442.28,208.67,101.19,3575.78,234.6,125.54,131.97,39.29,56.37,99.71,273.24
20260929,11:42:55,47743.9,42587.25,25891.78,16625.63,124.12,1879.42,397.6,460.36,547.56,106.01,162.83,192.83,91.43,137.31,271.29,120.9,189.78,290.22,3031.91,1621.15,462.54,74.7,230.04,942.24,371.61,236.84,281.62,442.28,208.49,101.19,3575.84,234.6,125.54,131.97,39.29,56.37,99.71,273.24
20260929,11:43:00,47744.54,42587.97,25895.5,16630.24,124.12,1879.42,398.23,460.36,547.56,106.01,162.83,192.83,91.43,137.31,271.29,120.91,189.78,290.22,3031.85,1621.14,462.56,74.7,229.92,942.23,371.61,236.84,281.62,442.28,208.49,101.19,3575.75,234.6,125.54,131.97,39.29,56.37,99.71,273.22
20260929,11:43:05,47741.73,42585.48,25891.27,16626.18,124.12,1879.42,397.69,460.36,547.59,106.01,162.83,192.83,91.43,137.3,271.29,120.91,189.64,290.23,3031.75,1621.14,462.56,74.69,229.68,942.27,371.29,236.84,281.62,442.27,208.49,101.19,3575.53,234.6,125.54,131.97,39.29,56.37,99.71,273.22
20260929,11:43:10,47745.67,42589.07,25894.29,16628.85,124.12,1879.42,397.69,460.44,547.59,106.01,162.83,192.84,91.43,137.3,271.29,120.91,189.64,290.23,3031.98,1621.3,462.58,74.7,229.68,942.27,371.29,236.84,281.62,442.27,208.75,101.19,3575.75,234.6,125.54,131.97,39.29,56.38,99.71,273.22
20260929,11:43:15,47744.29,42587.51,25893.69,16627.44,124.12,1879.42,397.69,460.62,547.52,106.01,162.84,192.88,91.43,137.3,271.29,120.91,189.64,290.23,3031.88,1621.15,462.57,74.69,229.87,942.39,371.27,236.84,281.62,442.27,208.6,101.19,3575.95,234.6,125.54,131.97,39.29,56.37,99.71,273.22
20260929,11:43:20,47746.99,42590.18,25895.03,16629.08,124.12,1880.84,397.69,460.62,547.52,106.01,162.84,192.88,91.43,137.3,271.29,120.91,189.64,290.23,3032.06,1621.3,462.71,74.69,229.69,942.35,371.59,236.84,281.58,442.27,208.6,101.19,3575.92,234.6,125.54,132.04,39.29,56.37,99.71,273.52
20260929,11:43:25,47790.12,42632.2,25898.45,16633.01,124.12,1880.84,398.15,460.63,547.52,106.01,162.85,192.88,91.43,137.51,271.29,120.91,189.64,290.23,3035.35,1623.83,462.61,74.68,229.69,942.38,371.59,236.84,281.67,442.46,208.59,101.19,3575.92,234.6,125.54,132.04,39.29,56.37,99.71,273.52
20260929,11:43:30,47788.69,42631.06,25897.04,16632.25,124.12,1880.84,398.15,460.63,547.31,106.01,162.84,192.88,91.43,137.51,271.29,120.91,189.64,290.23,3035.28,1623.76,462.61,74.68,229.87,942.24,371.59,236.84,281.68,442.46,208.59,101.19,3575.69,234.6,125.54,132.04,39.29,56.37,99.71,273.52
20260929,11:43:35,47791.24,42633.3,25894.6,16628.61,124.12,1880.84,397.61,460.63,547.37,106.01,162.85,192.91,91.43,137.52,271.29,120.91,189.64,290.23,3035.55,1623.82,462.61,74.68,229.87,942.71,371.54,236.84,281.68,442.44,208.59,101.19,3575.91,234.6,125.54,132.04,39.29,56.37,99.71,273.52
20260929,11:43:40,47791.67,42634.15,25892.96,16628.14,124.12,1879.42,397.61,460.63,547.4,106.01,162.84,192.91,91.42,137.52,271.29,120.91,189.6,290.2,3035.62,1623.7,462.72,74.67,229.87,943.15,371.54,236.84,281.68,442.44,208.62,101.19,3575.53,234.6,125.54,132.04,39.29,56.37,99.71,273.52
20260929,11:43:45,47751.12,42594.73,25893.15,16628.68,124.18,1879.42,397.7,460.63,547.37,106.01,162.84,192.91,91.42,137.52,271.29,120.91,189.6,290.2,3032.44,1621.3,462.72,74.66,229.87,943.0,371.54,236.84,281.68,442.4,208.63,101.19,3575.44,234.6,125.54,132.04,39.29,56.37,99.71,273.47
20260929,11:43:50,47753.59,42594.79,25900.03,16628.74,124.18,1879.43,397.7,460.63,547.4,106.01,162.84,192.91,91.42,137.52,271.29,120.91,189.6,290.2,3032.44,1621.3,462.73,74.66,229.87,942.99,371.54,236.84,281.68,442.4,208.62,101.19,3577.57,234.6,125.54,132.04,39.29,56.37,99.71,273.47
20260929,11:43:55,47750.04,42593.13,25894.25,16628.13,124.12,1880.83,397.7,460.63,547.4,106.01,162.84,192.92,91.42,137.52,271.29,120.91,189.6,290.2,3032.32,1621.24,462.63,74.66,229.87,942.99,371.6,236.84,281.68,442.42,208.62,101.19,3575.93,234.6,125.42,132.04,39.3,56.35,99.71,273.47
20260929,11:44:00,47751.41,42595.06,25892.87,16628.54,124.12,1880.83,397.7,460.63,547.37,106.01,162.84,192.92,91.42,137.52,271.29,120.9,189.6,290.18,3032.47,1621.34,462.62,74.67,229.87,942.97,371.62,236.84,281.72,442.42,208.58,101.19,3575.39,234.6,125.54,132.04,39.3,56.35,99.71,273.47
20260929,11:44:05,47785.82,42628.87,25888.94,16624.96,124.12,1881.1,397.16,460.63,547.43,106.0,162.84,192.94,91.42,137.52,271.29,120.92,189.6,290.18,3035.28,1623.48,462.6,74.67,229.87,943.12,371.3,236.84,281.72,442.42,208.58,101.19,3575.14,234.6,125.54,132.04,39.3,56.35,99.73,273.45
20260929,11:44:10,47785.27,42628.5,25892.15,16629.2,124.12,1881.12,397.69,460.63,547.43,106.0,162.84,192.92,91.42,137.52,271.29,120.92,189.6,290.16,3035.14,1623.48,462.45,74.66,229.69,943.12,371.3,236.84,281.72,442.42,208.62,101.19,3574.99,234.6,125.54,132.04,39.3,56.35,99.73,273.45
20260929,11:44:15,47745.49,42590.09,25886.62,16624.02,124.18,1881.12,397.15,460.63,547.43,106.0,162.85,192.95,91.42,137.51,271.29,120.92,189.6,290.16,3032.17,1621.11,462.45,74.67,229.94,943.14,371.3,236.84,281.72,442.41,208.47,101.19,3574.67,234.6,125.54,132.03,39.3,56.35,99.73,273.45
20260929,11:44:20,47745.35,42590.06,25885.93,16623.59,124.18,1879.71,397.15,460.63,547.46,106.0,162.87,192.92,91.44,137.51,271.29,120.9,189.6,290.16,3032.18,1621.1,462.43,74.67,229.94,943.14,371.65,236.84,281.73,442.42,208.47,101.19,3574.57,234.6,125.54,132.03,39.3,56.35,99.73,273.45
20260929,11:44:25,47782.26,42625.81,25885.82,16622.75,124.12,1879.71,397.15,460.63,547.42,106.0,162.86,192.89,91.44,137.52,271.29,120.9,189.6,290.16,3035.08,1623.53,462.52,74.67,229.7,942.67,371.65,236.84,281.73,442.42,208.47,101.19,3574.76,234.92,125.42,132.03,39.3,56.35,99.73,273.45
20260929,11:44:30,47785.0,42628.38,25885.81,16622.41,124.12,1879.71,397.06,460.63,547.44,106.0,162.86,192.86,91.44,137.52,271.29,120.92,189.6,290.16,3035.3,1623.64,462.43,74.66,229.7,942.97,371.65,236.84,281.73,442.42,208.48,101.19,3574.85,234.92,125.42,132.03,39.3,56.36,99.73,273.44
20260929,11:44:35,47787.25,42630.2,25886.23,16621.64,124.12,1879.71,397.07,460.63,547.41,106.0,162.87,192.89,91.44,137.51,271.29,120.92,189.6,290.18,3035.46,1623.66,462.42,74.65,229.95,943.15,371.65,236.86,281.69,442.42,208.48,101.19,3575.19,234.92,125.42,132.03,39.3,56.36,99.73,273.13
20260929,11:44:40,47787.02,42630.93,25885.58,16624.08,124.12,1879.71,397.24,460.52,547.55,106.0,162.86,192.88,91.44,137.51,271.29,120.92,189.6,290.18,3035.46,1623.66,462.6,74.66,229.96,943.0,371.33,236.86,281.69,442.36,208.59,101.19,3574.33,234.92,125.42,132.03,39.3,56.36,99.73,273.12
20260929,11:44:45,47747.11,42590.08,25891.74,16624.59,124.12,1879.71,397.24,460.52,547.53,106.0,162.86,192.88,91.44,137.51,271.29,121.04,189.6,290.18,3032.16,1621.14,462.49,74.66,229.96,943.03,371.33,236.86,281.69,442.36,208.57,101.19,3576.11,234.92,125.42,132.0,39.3,56.36,99.73,273.14
20260929,11:44:50,47746.45,42589.65,25889.26,16622.43,124.12,1879.9,397.25,460.52,547.53,106.0,162.85,192.89,91.43,137.51,271.29,120.92,189.6,290.18,3032.18,1621.13,462.49,74.66,229.89,943.15,371.33,236.86,281.69,442.36,208.46,101.19,3575.92,234.6,125.42,132.07,39.3,56.36,99.73,273.14
20260929,11:44:55,47789.5,42631.52,25890.13,16623.2,124.12,1879.9,397.07,460.52,547.67,106.0,162.85,192.89,91.43,137.51,271.29,121.04,189.6,290.18,3035.53,1623.71,462.5,74.67,229.89,943.16,371.33,236.86,281.69,442.33,208.46,101.19,3575.99,234.6,125.42,132.07,39.3,56.36,99.73,273.45
20260929,11:45:00,47784.56,42626.47,25890.21,16622.49,124.12,1879.68,397.07,460.52,547.7,106.0,162.86,192.93,91.43,137.51,271.29,121.04,189.6,290.18,3035.14,1623.55,462.5,74.66,229.89,943.14,371.31,236.86,281.38,442.33,208.46,101.19,3576.2,234.6,125.42,132.07,39.3,56.36,99.73,273.14
20260929,11:45:05,47739.97,42583.3,25890.51,16623.77,124.12,1879.68,397.07,460.52,547.63,106.0,162.86,192.91,91.43,137.51,271.29,120.92,189.6,290.18,3031.63,1621.14,462.5,74.66,229.71,942.39,371.31,236.86,281.38,442.33,208.61,101.19,3575.95,234.6,125.54,132.07,39.3,56.35,99.73,273.14
20260929,11:45:10,47781.59,42623.85,25892.36,16625.9,124.12,1879.68,397.08,460.52,547.6,106.0,163.06,192.91,91.59,137.51,271.29,120.92,189.6,290.21,3034.85,1623.54,462.51,74.67,229.71,942.57,371.56,236.86,281.38,442.33,208.61,101.19,3575.95,234.6,125.54,132.07,39.3,56.35,99.73,273.14
20260929,11:45:15,47781.02,42625.39,25886.21,16625.83,124.12,1879.63,397.08,460.52,547.46,106.0,163.05,192.91,91.59,137.51,271.29,120.92,189.6,290.21,3034.98,1623.54,462.51,74.67,229.71,942.57,371.56,236.86,281.59,442.34,208.62,101.19,3574.05,234.6,125.54,132.17,39.3,56.35,99.73,273.14
20260929,11:45:20,47781.26,42625.62,25886.11,16625.71,124.12,1879.54,397.07,460.52,547.46,106.0,163.05,192.91,91.59,137.51,271.29,120.91,189.6,290.21,3035.0,1623.55,462.51,74.67,229.71,942.57,371.88,236.86,281.58,442.34,208.62,101.19,3574.05,234.6,125.54,132.17,39.3,56.35,99.73,273.13
20260929,11:45:25,47742.13,42586.7,25889.01,16626.35,124.12,1879.54,397.16,460.52,547.46,106.0,163.05,192.91,91.59,137.51,271.29,120.91,189.6,290.23,3031.84,1621.11,462.51,74.68,229.71,942.57,371.88,236.86,281.59,442.34,208.62,101.19,3574.78,234.6,125.54,132.16,39.3,56.35,99.73,273.13
20260929,11:45:30,47735.15,42580.45,25887.54,16626.51,124.12,1880.89,397.16,460.52,547.43,106.0,163.05,192.89,91.59,137.51,271.29,120.91,189.6,290.23,3031.34,1621.03,462.52,74.67,229.71,941.68,371.61,236.86,281.59,442.34,208.63,101.19,3574.28,234.6,125.54,132.16,39.3,56.35,99.73,273.05
20260929,11:45:35,47775.21,42619.72,25886.34,16625.96,124.12,1880.89,397.07,460.52,547.43,106.0,163.05,192.91,91.59,137.51,271.29,120.91,189.6,290.23,3034.52,1623.55,462.53,74.67,229.71,941.46,371.54,236.86,281.59,442.34,208.63,101.19,3574.05,234.6,125.54,132.16,39.3,56.36,99.73,273.05
20260929,11:45:40,47775.27,42620.24,25884.81,16625.72,124.12,1880.89,397.07,460.52,547.43,106.0,163.04,192.88,91.59,137.51,271.29,120.91,189.6,290.23,3034.56,1623.58,462.5,74.68,229.71,941.49,371.59,236.86,281.59,442.33,208.62,101.19,3573.64,234.6,125.54,132.16,39.3,56.36,99.73,273.05
20260929,11:45:45,47735.46,42580.86,25886.29,16625.44,123.99,1880.89,397.07,460.52,547.43,106.0,163.03,192.85,91.59,137.51,271.29,120.91,189.64,290.23,3031.4,1621.17,462.49,74.67,229.71,941.43,371.57,236.86,281.59,442.33,208.65,101.21,3574.18,234.6,125.54,132.16,39.3,56.33,99.74,273.05
20260929,11:45:50,47776.65,42621.13,25889.67,16629.79,124.12,1880.89,397.62,460.52,547.43,106.0,163.03,192.86,91.59,137.52,271.29,121.03,189.64,290.0,3034.54,1623.58,462.64,74.67,229.71,941.75,371.26,236.86,281.28,442.33,208.62,101.21,3574.05,234.6,125.54,132.16,39.3,56.33,99.74,273.05
20260929,11:45:55,47734.48,42579.67,25887.61,16626.16,124.12,1881.11,397.07,460.52,547.4,106.08,163.03,192.86,91.59,137.52,271.29,121.03,189.67,290.0,3031.28,1621.2,462.63,74.67,229.71,941.3,371.26,236.86,281.32,442.33,208.62,101.21,3574.4,234.6,125.54,132.16,39.3,56.33,99.74,273.06
20260929,11:46:00,47734.18,42579.84,25886.39,16626.33,124.12,1880.89,396.99,460.52,547.39,106.08,163.03,192.85,91.59,137.52,271.29,121.03,189.67,290.01,3031.29,1620.94,462.7,74.66,229.71,942.03,371.57,236.86,281.32,442.33,208.62,101.21,3573.97,234.6,125.54,132.16,39.3,56.33,99.74,273.37
20260929,11:46:05,47731.73,42577.59,25885.51,16625.78,124.18,1880.86,396.99,460.52,547.34,106.08,163.03,192.85,91.59,137.51,271.29,120.91,189.67,290.0,3031.12,1620.85,462.48,74.68,229.71,942.16,371.26,236.86,281.31,442.33,208.65,101.21,3573.84,234.6,125.54,132.16,39.3,56.33,99.74,273.37
20260929,11:46:10,47731.78,42577.41,25887.46,16627.25,124.18,1880.86,397.07,460.6,547.34,106.08,163.05,192.85,91.6,137.51,271.29,120.91,189.82,290.0,3031.07,1620.8,462.49,74.69,229.71,942.17,371.26,236.86,281.3,442.33,208.74,101.21,3574.05,234.6,125.54,132.06,39.3,56.33,99.74,273.37
20260929,11:46:15,47732.03,42578.01,25889.85,16631.22,124.18,1880.86,397.62,460.73,547.34,106.08,163.04,192.83,91.6,137.51,271.29,120.9,189.82,290.0,3031.03,1620.77,462.48,74.69,229.71,942.17,371.26,236.86,281.3,442.32,208.74,101.21,3573.72,234.6,125.54,132.06,39.3,56.33,99.74,273.37
20260929,11:46:20,47732.52,42578.91,25884.75,16626.73,124.18,1880.86,397.07,460.73,547.31,106.07,163.03,192.8,91.6,137.3,271.29,120.9,189.82,289.99,3031.21,1620.79,462.6,74.67,229.71,942.05,371.26,236.86,281.61,442.32,208.74,101.21,3573.35,234.6,125.54,132.06,39.3,56.33,99.74,273.37
20260929,11:46:25,47732.38,42578.77,25884.9,16626.91,124.05,1879.42,397.16,460.73,547.34,106.07,163.04,192.84,91.6,137.51,271.29,120.9,189.82,289.99,3031.19,1620.77,462.46,74.68,229.88,942.04,371.26,236.86,281.61,442.32,208.74,101.21,3573.35,234.6,125.54,132.06,39.3,56.33,99.74,273.37
20260929,11:46:30,47733.93,42579.85,25885.56,16626.22,124.18,1879.42,397.07,460.73,547.33,106.07,163.04,192.84,91.6,137.3,271.29,120.88,189.82,289.99,3031.3,1620.78,462.6,74.68,229.88,942.15,371.26,236.86,281.6,442.32,208.74,101.21,3573.74,234.6,125.54,132.06,39.3,56.33,99.74,273.37
20260929,11:46:35,47731.91,42577.84,25885.07,16625.49,124.12,1879.42,396.99,460.73,547.37,106.07,163.04,192.81,91.6,137.3,271.29,120.87,189.82,289.99,3031.15,1620.77,462.61,74.67,229.7,942.04,371.26,236.86,281.56,442.32,208.74,101.21,3573.78,234.6,125.54,132.06,39.3,56.33,99.74,273.37
20260929,11:46:40,47727.47,42573.99,25884.01,16625.91,124.12,1879.42,396.99,460.73,547.37,106.07,163.04,192.81,91.6,137.3,271.29,120.87,189.82,289.99,3030.83,1620.76,462.45,74.65,229.7,941.88,371.52,236.86,281.25,442.32,208.78,101.21,3573.34,234.6,125.54,132.06,39.3,56.33,99.74,273.39
20260929,11:46:45,47731.68,42577.89,25887.66,16629.42,124.12,1880.84,397.54,460.73,547.35,106.07,163.03,192.8,91.6,137.3,271.29,120.87,189.82,289.99,3031.06,1620.75,462.45,74.66,229.7,942.02,371.52,236.86,281.57,442.32,208.76,101.21,3573.53,234.6,125.54,131.86,39.3,56.3,99.74,273.39
20260929,11:46:50,47728.11,42571.12,25894.16,16625.89,124.18,1880.84,396.99,460.73,547.35,106.07,163.04,192.81,91.6,137.3,271.29,120.87,189.78,289.99,3030.6,1620.45,462.36,74.66,229.7,941.98,371.21,236.86,281.57,442.32,208.77,101.21,3576.51,234.6,125.54,131.86,39.3,56.32,99.74,273.4
20260929,11:46:55,47769.88,42612.33,25896.19,16629.91,124.12,1880.84,397.54,460.73,547.35,106.07,163.04,192.78,91.61,137.3,271.29,120.99,189.82,289.99,3033.82,1622.96,462.36,74.65,229.7,941.91,371.22,236.86,281.57,442.32,208.8,101.21,3576.06,234.6,125.54,131.87,39.3,56.32,99.74,273.09
20260929,11:47:00,47718.39,42562.58,25891.02,16625.38,124.12,1880.84,396.99,460.73,547.28,106.07,163.04,192.78,91.61,137.3,271.29,120.99,189.82,289.99,3029.92,1620.43,462.3,74.65,229.7,940.56,371.22,236.86,281.56,442.28,208.77,101.21,3575.67,234.6,125.54,131.87,39.3,56.32,99.74,273.09
20260929,11:47:05,47717.48,42561.62,25890.64,16624.69,124.12,1880.84,396.99,460.73,547.24,106.07,163.03,192.77,91.61,137.3,271.17,120.99,189.77,289.99,3029.86,1620.4,462.35,74.64,229.7,940.5,371.22,236.86,281.52,442.28,208.73,101.19,3575.74,234.6,125.54,131.87,39.3,56.32,99.74,273.09
20260929,11:47:10,47713.86,42558.95,25888.58,16625.2,124.18,1880.84,396.99,460.73,547.24,106.07,163.04,192.78,91.61,137.3,271.17,120.99,189.77,289.99,3029.64,1620.29,462.34,74.63,229.7,940.37,371.21,236.86,281.52,442.45,208.73,101.19,3574.96,234.6,125.54,131.87,39.3,56.32,99.74,273.09
20260929,11:47:15,47717.58,42561.54,25893.92,16627.86,124.18,1879.42,397.62,460.73,547.16,105.99,163.03,192.81,91.59,137.3,271.17,120.87,189.77,289.99,3029.78,1620.36,462.34,74.62,229.7,940.51,371.19,236.86,281.52,442.45,208.73,101.19,3575.9,234.6,125.54,131.87,39.3,56.32,99.74,273.09
20260929,11:47:20,47759.66,42603.17,25892.15,16627.94,124.18,1879.42,397.61,460.73,547.16,106.07,163.02,192.78,91.59,137.28,271.17,120.88,189.77,289.99,3033.13,1622.89,462.44,74.62,229.7,940.58,371.51,236.86,281.48,442.45,208.73,101.19,3575.33,234.6,125.54,131.87,39.3,56.32,99.74,273.09
20260929,11:47:25,47720.11,42564.63,25888.75,16624.02,124.12,1879.42,397.15,460.73,547.16,105.99,163.02,192.78,91.59,137.28,271.02,120.88,189.77,289.99,3030.12,1620.61,462.32,74.62,229.7,940.58,371.51,236.86,281.48,442.37,208.73,101.19,3575.33,234.6,125.54,131.87,39.3,56.32,99.74,273.11
20260929,11:47:30,47721.95,42567.03,25891.22,16628.88,124.18,1879.42,397.7,460.73,547.12,105.99,163.02,192.78,91.59,137.28,271.02,121.0,189.77,289.99,3030.2,1620.62,462.29,74.63,229.7,940.7,371.49,236.86,281.52,442.31,208.73,101.19,3574.78,234.6,125.54,131.87,39.3,56.33,99.74,273.16
20260929,11:47:35,47755.0,42600.53,25883.78,16624.69,124.18,1878.0,397.15,460.72,547.12,105.99,163.02,192.78,91.59,137.28,271.02,121.0,189.77,289.99,3033.0,1622.9,462.36,74.63,229.45,940.86,371.48,236.86,281.21,442.31,208.77,101.2,3573.6,234.6,125.54,131.87,39.3,56.33,99.74,273.15
20260929,11:47:40,47752.12,42598.14,25882.13,16624.17,124.12,1879.42,397.15,460.72,547.12,105.99,163.01,192.77,91.59,137.28,271.02,120.97,189.77,289.97,3032.82,1622.91,462.22,74.6,229.45,940.6,371.48,236.86,281.21,442.32,208.7,101.24,3573.22,234.6,125.54,131.87,39.3,56.33,99.74,273.15
20260929,11:47:45,47754.98,42601.77,25881.85,16626.67,124.12,1879.32,397.61,460.72,547.12,105.99,163.01,192.78,91.59,137.28,271.02,120.99,189.77,289.97,3033.05,1622.91,462.22,74.6,229.45,940.76,371.5,236.86,281.51,442.31,208.6,101.24,3572.46,234.6,125.54,131.87,39.3,56.33,99.74,273.15
20260929,11:47:50,47760.24,42606.64,25882.88,16627.02,124.12,1879.32,397.61,460.72,547.12,105.99,163.02,192.8,91.59,137.28,271.02,120.87,189.75,289.97,3033.44,1623.17,462.22,74.61,229.45,940.87,371.5,236.86,281.51,442.31,208.61,101.24,3572.69,234.6,125.66,131.87,39.3,56.35,99.74,273.15
20260929,11:47:55,47716.95,42565.07,25877.7,16623.11,124.12,1879.32,397.07,460.72,547.1,105.99,163.03,192.82,91.59,137.28,271.02,120.87,189.75,289.99,3030.18,1620.66,462.22,74.6,229.45,940.85,371.52,236.86,281.52,442.31,208.61,101.24,3572.13,234.6,125.66,131.87,39.3,56.35,99.74,273.15
20260929,11:48:00,47719.39,42567.71,25876.97,16623.11,124.12,1879.32,397.07,460.72,547.1,105.99,163.03,192.83,91.59,137.28,271.02,120.87,189.75,289.99,3030.39,1620.77,462.35,74.6,229.57,940.83,371.51,236.86,281.47,442.31,208.61,101.24,3571.9,234.6,125.66,131.87,39.3,56.35,99.74,273.14
20260929,11:48:05,47716.06,42567.02,25872.68,16626.76,124.12,1879.32,397.61,460.72,547.1,105.99,163.02,192.79,91.59,137.49,271.14,120.86,189.75,289.97,3030.25,1620.66,462.36,74.6,229.57,940.88,371.21,236.86,281.47,442.37,208.46,101.24,3569.57,234.56,125.66,131.87,39.3,56.35,99.74,273.45
20260929,11:48:10,47712.89,42564.14,25866.99,16620.9,123.99,1877.9,397.06,460.72,547.1,105.99,163.02,192.79,91.59,137.5,271.14,120.87,189.75,289.97,3030.16,1620.64,462.34,74.6,229.57,940.71,371.21,236.86,281.49,442.37,208.46,101.24,3569.38,234.56,125.54,131.87,39.3,56.35,99.74,273.45
20260929,11:48:15,47717.39,42565.91,25875.28,16621.7,123.99,1877.9,397.06,460.72,547.07,105.99,163.01,192.78,91.59,137.5,271.14,120.87,189.75,289.97,3030.28,1620.66,462.35,74.61,229.82,940.71,371.21,236.86,281.49,442.37,208.46,101.24,3571.75,234.56,125.66,131.87,39.3,56.35,99.74,273.45
20260929,11:48:20,47715.3,42563.81,25874.55,16620.61,123.99,1877.9,397.06,460.72,547.07,105.99,163.01,192.78,91.59,137.5,271.14,120.87,189.75,289.94,3030.14,1620.65,462.33,74.61,229.45,940.73,371.21,236.86,281.49,442.37,208.44,101.24,3571.82,234.56,125.54,131.87,39.3,56.35,99.74,273.45
20260929,11:48:25,47755.8,42602.61,25877.19,16621.46,124.12,1877.9,397.07,460.72,547.07,105.99,163.01,192.78,91.59,137.5,271.14,120.97,189.75,289.94,3033.24,1623.05,462.41,74.61,229.46,940.74,371.21,236.86,281.4,442.37,208.44,101.22,3572.42,234.56,125.54,131.86,39.3,56.35,99.74,273.4
20260929,11:48:30,47716.74,42564.01,25878.24,16620.83,124.12,1877.9,397.07,460.72,547.07,105.99,163.01,192.76,91.59,137.5,271.14,120.89,189.75,289.94,3030.15,1620.6,462.39,74.61,229.7,940.73,371.16,236.86,281.4,442.37,208.44,101.22,3572.92,234.56,125.54,131.86,39.3,56.35,99.74,273.4
20260929,11:48:35,47711.59,42561.18,25871.65,16620.59,124.12,1877.9,397.07,460.72,547.07,105.99,163.01,192.76,91.59,137.5,271.14,120.89,189.75,289.94,3029.93,1620.59,462.39,74.61,229.44,940.55,371.16,236.86,281.36,442.37,208.44,101.22,3570.92,234.56,125.54,131.86,39.3,56.33,99.74,273.37
20260929,11:48:40,47718.05,42567.31,25871.86,16620.25,124.12,1877.9,397.07,460.72,547.06,105.99,163.01,192.75,91.59,137.5,271.14,120.87,189.61,289.94,3030.43,1620.71,462.27,74.61,229.42,941.45,371.49,236.86,281.36,442.32,208.44,101.22,3571.08,234.56,125.54,131.86,39.3,56.34,99.74,273.37
20260929,11:48:45,47715.06,42564.98,25866.3,16615.84,124.12,1877.9,396.53,460.72,547.05,105.99,163.01,192.75,91.59,137.28,271.14,120.87,189.61,289.94,3030.35,1620.6,462.32,74.61,229.42,941.56,371.49,236.86,281.35,442.34,208.44,101.22,3570.54,234.56,125.54,131.86,39.3,56.34,99.74,273.32
20260929,11:48:50,47715.06,42562.58,25873.49,16616.07,124.12,1877.9,396.52,460.72,547.12,105.99,163.01,192.75,91.59,137.28,271.14,120.87,189.61,289.94,3030.15,1620.59,462.23,74.6,229.42,941.55,371.47,236.86,281.08,442.34,208.44,101.22,3572.72,234.56,125.54,131.86,39.3,56.34,99.74,273.32
20260929,11:48:55,47751.61,42600.53,25867.04,16616.46,124.12,1877.9,396.52,460.72,547.12,105.99,163.01,192.72,91.59,137.28,271.14,120.87,189.75,289.94,3033.2,1623.0,462.23,74.61,229.42,941.37,371.47,236.86,281.08,442.34,208.47,101.22,3570.6,234.56,125.54,131.86,39.3,56.34,99.74,273.32
20260929,11:49:00,47713.97,42563.63,25867.4,16616.14,124.12,1877.91,396.52,460.72,547.09,105.99,163.01,192.72,91.6,137.28,271.14,120.99,189.75,289.94,3030.23,1620.58,462.33,74.61,229.67,941.1,371.2,236.86,281.38,442.34,208.36,101.22,3570.8,234.56,125.54,131.86,39.3,56.34,99.74,273.32
20260929,11:49:05,47713.35,42561.17,25871.44,16614.58,124.12,1877.91,396.52,460.72,546.94,105.99,163.01,192.71,91.6,137.28,271.14,120.84,189.75,289.94,3030.07,1620.49,462.31,74.59,229.67,941.12,371.18,236.85,281.33,442.43,208.36,101.22,3572.49,234.56,125.54,131.86,39.3,56.29,99.74,273.33
20260929,11:49:10,47715.71,42561.36,25877.38,16614.33,124.12,1877.91,396.44,460.72,546.94,105.99,163.01,192.71,91.6,137.28,271.14,120.85,189.56,289.94,3030.09,1620.48,462.31,74.6,229.67,941.21,371.18,236.85,281.32,442.34,208.51,101.22,3574.41,234.56,125.54,131.86,39.3,56.29,99.74,273.07
20260929,11:49:15,47716.76,42562.86,25876.35,16614.76,124.12,1879.33,396.44,460.7,546.94,105.99,163.0,192.7,91.59,137.28,271.14,120.85,189.56,289.94,3030.2,1620.58,462.24,74.6,229.67,941.21,371.24,236.85,281.32,442.36,208.5,101.22,3573.97,234.56,125.54,131.86,39.3,56.29,99.74,273.08
20260929,11:49:20,47755.8,42600.74,25877.64,16615.72,124.12,1879.33,396.44,460.7,547.09,105.99,163.01,192.7,91.6,137.5,271.14,120.85,189.56,289.94,3033.23,1623.02,462.08,74.59,229.67,941.06,371.56,236.85,281.32,442.35,208.51,101.19,3574.12,234.56,125.54,131.86,39.3,56.29,99.74,273.08
20260929,11:49:25,47717.22,42564.12,25875.26,16616.19,124.12,1879.33,396.43,460.7,547.09,105.99,163.01,192.7,91.6,137.5,271.14,120.86,189.56,289.94,3030.27,1620.65,462.08,74.6,229.85,941.17,371.24,236.85,281.32,442.35,208.51,101.19,3573.24,234.89,125.54,131.87,39.3,56.29,99.74,273.08
20260929,11:49:30,47716.31,42565.4,25868.97,16616.25,124.12,1879.33,396.43,460.7,547.09,105.99,163.01,192.71,91.6,137.5,271.14,120.86,189.56,289.94,3030.37,1620.64,462.18,74.6,229.96,941.18,371.24,236.87,281.37,442.37,208.5,101.19,3571.26,234.93,125.54,131.87,39.3,56.29,99.74,273.08
20260929,11:49:35,47713.79,42563.61,25866.14,16615.19,124.12,1877.91,396.43,460.63,547.09,105.99,163.01,192.71,91.6,137.28,271.14,120.86,189.56,289.96,3030.25,1620.65,462.31,74.6,229.6,941.07,371.12,236.87,281.38,442.37,208.5,101.19,3570.67,234.93,125.54,131.87,39.3,56.29,99.74,273.03
20260929,11:49:40,47712.12,42561.56,25867.31,16615.12,124.12,1877.91,396.43,460.63,547.08,105.99,163.01,192.71,91.6,137.28,271.14,120.86,189.56,289.96,3030.09,1620.62,462.29,74.6,229.6,941.22,370.87,236.87,281.07,442.35,208.5,101.19,3571.05,234.93,125.54,131.87,39.3,56.29,99.74,273.03
20260929,11:49:45,47713.29,42562.63,25868.1,16615.78,124.18,1877.91,396.52,460.59,547.04,105.99,163.02,192.72,91.6,137.28,271.14,120.86,189.56,289.96,3030.16,1620.62,462.27,74.6,229.43,941.18,370.87,236.87,281.38,442.37,208.5,101.19,3571.12,234.89,125.54,131.87,39.3,56.29,99.74,273.03
20260929,11:49:50,47753.35,42601.66,25868.26,16616.0,124.18,1877.91,396.52,460.59,547.04,105.98,163.03,192.72,91.61,137.28,271.14,120.86,189.56,289.96,3033.3,1623.1,462.13,74.59,229.43,941.21,370.55,236.87,281.38,442.37,208.49,101.19,3571.11,234.89,125.54,131.87,39.3,56.31,99.74,273.05
20260929,11:49:55,47750.98,42599.75,25867.57,16616.54,124.18,1877.91,396.44,460.59,547.04,105.98,163.03,192.72,91.61,137.28,271.14,120.86,189.56,289.96,3033.13,1623.12,462.03,74.59,229.67,941.03,370.55,236.87,281.07,442.42,208.49,101.19,3570.74,234.89,125.54,131.87,39.3,56.33,99.74,273.36
20260929,11:50:00,47712.99,42562.13,25869.9,16617.21,124.18,1877.91,396.52,460.33,547.04,105.98,163.03,192.75,91.61,137.29,271.14,120.86,189.56,289.96,3030.08,1620.73,462.11,74.59,229.67,941.06,370.8,236.87,281.06,442.42,208.49,101.19,3571.29,234.56,125.66,131.87,39.3,56.33,99.65,273.36
20260929,11:50:05,47708.06,42559.75,25860.84,16614.89,124.05,1877.91,396.52,460.36,547.04,105.98,163.04,192.75,91.61,137.29,271.14,120.85,189.53,289.96,3029.95,1620.57,462.01,74.58,229.43,941.16,370.8,236.87,281.37,442.37,208.49,101.19,3569.09,234.56,125.54,131.87,39.3,56.33,99.65,273.05
20260929,11:50:10,47714.05,42563.18,25868.21,16615.29,124.18,1877.91,396.52,460.36,547.04,105.98,163.04,192.75,91.61,137.29,271.14,120.85,189.53,289.96,3030.22,1620.57,462.03,74.57,229.61,941.62,370.8,236.87,281.37,442.37,208.49,101.19,3571.28,234.56,125.54,131.87,39.3,56.33,99.65,273.07
20260929,11:50:15,47715.35,42564.48,25869.89,16617.35,124.18,1877.91,396.52,460.49,547.06,105.97,163.04,192.78,91.61,137.29,271.14,120.85,189.53,289.96,3030.27,1620.59,462.09,74.6,229.61,941.64,370.55,236.87,281.36,442.37,208.49,101.19,3571.25,234.56,125.66,131.87,39.3,56.33,99.65,273.37
20260929,11:50:20,47716.51,42565.58,25869.78,16617.11,124.18,1877.91,396.53,460.49,547.04,105.97,163.04,192.78,91.61,137.29,271.14,120.85,189.57,289.96,3030.36,1620.51,462.09,74.57,229.61,942.54,370.55,236.87,281.05,442.37,208.46,101.19,3571.28,234.56,125.66,131.87,39.3,56.33,99.65,273.37
20260929,11:50:25,47723.41,42566.15,25886.21,16615.39,124.18,1877.91,396.53,460.57,547.04,105.97,163.04,192.78,91.61,137.29,271.14,120.85,189.57,289.96,3030.45,1620.47,461.98,74.59,229.61,942.53,370.55,236.87,281.36,442.39,208.46,101.19,3576.88,234.56,125.54,131.87,39.3,56.33,99.65,273.07
20260929,11:50:30,47720.33,42562.72,25887.35,16615.26,124.18,1877.87,396.53,460.57,547.04,105.97,163.05,192.8,91.61,137.29,271.14,120.85,189.57,289.96,3030.18,1620.5,462.0,74.6,229.62,941.77,370.55,236.87,281.36,442.39,208.46,101.19,3577.27,234.56,125.53,131.87,39.3,56.33,99.65,273.07
20260929,11:50:35,47759.72,42601.05,25888.05,16615.95,124.18,1879.29,396.53,460.57,547.04,105.99,163.05,192.8,91.61,137.29,271.14,120.85,189.57,289.96,3033.25,1622.92,462.02,74.58,229.74,941.53,370.55,236.87,281.37,442.38,208.46,101.19,3577.31,234.56,125.53,131.87,39.3,56.33,99.65,273.07
20260929,11:50:40,47757.29,42598.31,25889.48,16616.33,124.18,1879.29,396.45,460.57,547.04,105.99,163.05,192.82,91.61,137.29,271.14,120.85,189.57,289.96,3033.02,1622.85,462.17,74.55,229.99,940.79,370.86,236.87,281.37,442.38,208.47,101.17,3577.65,234.56,125.53,131.87,39.3,56.33,99.65,273.37
20260929,11:50:45,47762.43,42603.53,25888.83,16616.3,124.18,1879.29,396.45,460.57,547.04,105.99,163.05,192.82,91.61,137.29,271.14,120.85,189.57,289.96,3033.44,1622.89,461.99,74.57,229.81,941.93,370.86,236.87,281.42,442.38,208.47,101.17,3577.45,234.56,125.53,131.87,39.3,56.33,99.65,273.37
20260929,11:50:50,47762.93,42603.42,25890.8,16616.56,124.18,1879.29,396.45,460.57,547.04,105.99,163.05,192.82,91.61,137.29,271.26,120.84,189.57,289.96,3033.43,1622.9,461.99,74.56,229.81,941.8,371.11,236.87,281.46,442.38,208.5,101.17,3578.0,234.56,125.53,131.87,39.3,56.33,99.65,273.37
20260929,11:50:55,47723.16,42565.9,25887.28,16616.61,124.18,1877.87,396.44,460.57,547.04,105.99,163.05,192.82,91.61,137.29,271.26,120.95,189.57,289.96,3030.4,1620.6,461.99,74.55,229.69,941.84,371.11,236.87,281.46,442.38,208.5,101.17,3576.88,234.56,125.53,131.87,39.3,56.33,99.65,273.34
20260929,11:51:00,47722.38,42567.43,25881.75,16617.91,124.18,1877.87,396.44,460.57,547.04,105.99,163.05,192.82,91.61,137.29,271.26,120.95,189.61,289.96,3030.49,1620.67,461.99,74.56,229.69,941.86,370.8,236.87,281.46,442.38,208.52,101.17,3574.8,234.56,125.65,131.87,39.3,56.32,99.65,273.37
20260929,11:51:05,47721.02,42565.81,25883.71,16619.2,124.18,1877.87,396.99,460.57,547.04,105.99,163.05,192.82,91.61,137.28,271.26,120.82,189.61,289.96,3030.33,1620.6,461.99,74.56,229.62,941.73,370.8,236.87,281.46,442.38,208.52,101.17,3575.07,234.56,125.53,131.88,39.3,56.32,99.65,273.07
20260929,11:51:10,47721.17,42566.22,25879.91,16615.69,124.18,1877.87,396.52,460.49,547.04,105.99,163.04,192.83,91.6,137.28,271.26,120.82,189.61,289.96,3030.45,1620.7,461.98,74.56,229.44,941.88,370.8,236.86,281.46,442.37,208.49,101.17,3574.83,234.56,125.53,131.91,39.3,56.32,99.65,273.17
20260929,11:51:15,47719.21,42564.4,25879.57,16615.58,124.05,1877.87,396.52,460.49,547.04,105.99,163.04,192.83,91.6,137.28,271.26,120.81,189.61,289.96,3030.31,1620.68,462.1,74.56,229.44,941.87,370.8,236.86,281.16,442.37,208.53,101.17,3574.75,234.56,125.53,131.91,39.3,56.32,99.65,273.17
20260929,11:51:20,47720.21,42565.16,25879.75,16615.09,124.05,1877.85,396.52,460.49,547.04,105.99,163.03,192.78,91.6,137.28,271.26,120.8,189.61,289.96,3030.38,1620.7,462.1,74.56,229.44,941.93,371.11,236.86,281.16,442.37,208.49,101.17,3574.94,234.56,125.53,131.91,39.3,56.32,99.65,273.17
20260929,11:51:25,47717.92,42563.02,25880.67,16616.47,124.05,1877.85,396.61,460.49,546.9,105.99,163.02,192.78,91.59,137.28,271.26,120.8,189.61,289.96,3030.17,1620.5,462.09,74.56,229.44,941.66,371.11,236.86,281.47,442.37,208.52,101.17,3574.86,234.56,125.65,131.91,39.3,56.32,99.65,273.17
20260929,11:51:30,47716.7,42563.35,25874.9,16614.93,124.05,1877.85,396.52,460.46,546.92,105.99,163.02,192.78,91.59,137.28,271.26,120.82,189.61,289.96,3030.24,1620.56,462.09,74.56,229.44,941.64,371.1,236.86,281.47,442.37,208.49,101.17,3573.47,234.56,125.53,131.98,39.3,56.32,99.65,273.17
20260929,11:51:35,47718.07,42564.45,25875.55,16614.88,124.05,1877.96,396.52,460.46,546.92,105.99,163.02,192.78,91.59,137.28,271.26,120.83,189.61,289.91,3030.33,1620.56,462.2,74.57,229.46,941.79,370.54,236.86,281.47,442.38,208.5,101.17,3573.69,234.56,125.53,131.98,39.29,56.32,99.65,273.17
20260929,11:51:40,47717.72,42564.02,25875.79,16614.83,124.05,1877.96,396.52,460.46,546.88,105.99,163.02,192.78,91.59,137.28,271.26,120.83,189.61,289.91,3030.29,1620.55,461.98,74.57,229.66,941.8,370.54,236.86,281.46,442.38,208.5,101.17,3573.78,234.56,125.53,131.98,39.29,56.32,99.65,273.17
20260929,11:51:45,47715.24,42561.6,25875.6,16614.61,124.05,1877.96,396.52,460.46,546.88,105.99,163.02,192.8,91.59,137.28,271.08,120.82,189.61,289.91,3030.1,1620.55,461.93,74.58,229.65,941.38,370.54,236.86,281.46,442.38,208.5,101.17,3573.78,234.56,125.53,131.98,39.29,56.32,99.65,273.12
20260929,11:51:50,47763.25,42604.35,25887.34,16614.64,124.05,1877.96,396.52,460.46,546.87,105.99,163.0,192.79,91.58,137.5,271.08,120.82,189.61,289.91,3033.55,1622.96,462.04,74.57,229.9,941.84,370.54,236.86,281.46,442.38,208.5,101.17,3577.44,234.56,125.53,131.98,39.29,56.32,99.65,273.12
20260929,11:51:55,47724.43,42566.33,25891.43,16618.7,124.18,1877.96,397.07,460.46,546.87,105.99,163.0,192.79,91.58,137.28,271.08,120.82,189.62,289.91,3030.39,1620.57,462.19,74.55,229.9,941.95,370.54,236.86,281.15,442.38,208.5,101.17,3577.61,234.56,125.53,131.98,39.29,56.32,99.65,273.12
20260929,11:52:00,47763.59,42606.79,25888.09,16622.58,124.18,1877.96,397.6,460.46,546.87,105.99,163.0,192.79,91.58,137.28,271.08,120.82,189.57,289.91,3033.55,1622.81,462.21,74.56,229.9,942.07,370.85,236.86,281.46,442.38,208.5,101.17,3575.52,234.56,125.53,131.98,39.29,56.33,99.65,273.12
20260929,11:52:05,47723.4,42566.82,25893.76,16626.4,124.18,1877.96,398.15,460.21,546.87,105.99,163.01,192.82,91.58,137.28,271.08,120.82,189.62,289.91,3030.24,1620.41,462.28,74.56,229.66,941.77,370.85,236.86,281.46,442.38,208.5,101.17,3576.25,234.56,125.53,131.97,39.29,56.33,99.65,273.12
20260929,11:52:10,47720.75,42566.22,25884.73,16622.63,124.18,1877.96,397.6,460.46,546.87,105.99,163.01,192.81,91.58,137.28,271.08,120.82,189.62,289.91,3030.28,1620.41,462.27,74.56,229.9,941.65,370.85,236.86,281.46,442.38,208.5,101.17,3574.45,234.56,125.53,131.96,39.29,56.33,99.65,273.12
20260929,11:52:15,47760.5,42605.58,25883.88,16623.76,124.18,1877.96,397.69,460.46,546.82,105.99,163.01,192.81,91.58,137.28,271.08,120.78,189.62,289.91,3033.43,1622.82,462.27,74.57,229.9,941.69,370.85,236.86,281.46,442.38,208.5,101.17,3573.88,234.56,125.53,131.96,39.29,56.33,99.65,273.43
20260929,11:52:20,47719.4,42565.91,25882.21,16623.09,124.05,1877.96,397.69,460.46,546.82,105.99,163.01,192.81,91.58,137.28,271.08,120.78,189.58,289.91,3030.25,1620.38,462.27,74.57,229.9,941.66,370.85,236.86,281.46,442.38,208.47,101.17,3573.54,234.56,125.53,131.96,39.29,56.33,99.65,273.43
20260929,11:52:25,47723.45,42567.66,25887.64,16622.0,124.05,1877.96,397.69,460.46,546.75,105.99,163.02,192.84,91.58,137.28,271.08,120.79,189.58,289.9,3030.42,1620.54,462.28,74.57,229.72,941.72,370.85,236.86,281.46,442.38,208.47,101.17,3575.53,234.56,125.53,131.96,39.29,56.33,99.65,273.1
20260929,11:52:30,47720.1,42566.46,25881.82,16622.19,124.18,1877.96,397.69,460.46,546.72,105.99,163.02,192.84,91.58,137.27,270.9,120.79,189.58,289.9,3030.31,1620.45,462.17,74.54,229.84,941.81,370.85,236.86,281.47,442.38,208.47,101.17,3573.66,234.56,125.53,131.96,39.29,56.33,99.65,273.1
20260929,11:52:35,47721.37,42567.77,25882.96,16623.75,124.05,1877.96,397.78,460.46,546.72,105.99,163.02,192.84,91.58,137.49,270.9,120.93,189.58,289.9,3030.38,1620.49,462.24,74.55,229.95,941.67,370.85,236.86,281.46,442.34,208.47,101.17,3573.6,234.56,125.53,131.96,39.29,56.33,99.65,273.15
20260929,11:52:40,47718.21,42566.78,25875.04,16621.64,123.99,1877.96,397.79,460.46,546.72,105.99,162.82,192.84,91.42,137.48,270.9,120.93,189.58,289.9,3030.35,1620.49,462.16,74.54,229.95,941.68,370.83,236.86,281.46,442.34,208.47,101.19,3571.7,234.56,125.53,131.96,39.29,56.33,99.65,273.18
20260929,11:52:45,47723.23,42569.48,25881.82,16622.1,124.12,1877.96,397.79,460.46,546.75,105.99,162.82,192.84,91.42,137.48,271.08,120.93,189.58,289.9,3030.56,1620.61,462.16,74.54,229.95,941.81,370.83,236.86,281.46,442.34,208.47,101.19,3573.69,234.56,125.53,131.95,39.29,56.33,99.65,273.18
20260929,11:52:50,47722.92,42569.24,25881.67,16622.12,124.12,1877.96,397.78,460.46,546.77,105.99,162.81,192.84,91.41,137.48,271.08,120.93,189.58,289.87,3030.54,1620.62,462.16,74.54,229.95,941.74,370.83,236.86,281.46,442.38,208.48,101.19,3573.64,234.56,125.53,131.95,39.29,56.33,99.65,273.18
20260929,11:52:55,47721.48,42567.83,25881.13,16621.5,124.18,1877.96,397.78,460.46,546.77,105.99,162.81,192.84,91.41,137.47,271.08,120.81,189.58,289.87,3030.44,1620.49,462.28,74.55,229.95,941.74,370.85,236.86,281.46,442.38,208.48,101.19,3573.64,234.56,125.53,131.95,39.29,56.33,99.65,273.18
20260929,11:53:00,47720.41,42567.17,25883.13,16625.06,124.18,1877.96,398.32,460.46,546.63,105.99,162.81,192.85,91.41,137.47,271.08,120.81,189.58,289.87,3030.3,1620.45,462.26,74.55,229.95,941.61,370.54,236.86,281.47,442.39,208.48,101.19,3573.3,234.56,125.53,131.95,39.29,56.33,99.65,273.18
20260929,11:53:05,47720.69,42567.16,25880.84,16621.5,124.12,1877.96,397.86,460.46,546.63,105.99,162.81,192.85,91.41,137.47,271.08,120.81,189.58,289.87,3030.39,1620.5,462.28,74.54,229.84,941.75,370.54,236.86,281.47,442.39,208.48,101.19,3573.54,234.56,125.53,131.95,39.29,56.33,99.65,273.18
20260929,11:53:10,47724.51,42570.66,25885.56,16626.2,124.12,1877.96,398.4,460.46,546.63,105.99,162.81,192.85,91.41,137.47,271.08,120.81,189.58,290.09,3030.56,1620.62,462.29,74.54,229.84,941.76,370.54,236.86,281.47,442.38,208.5,101.19,3573.74,234.56,125.53,131.95,39.29,56.34,99.65,273.18
20260929,11:53:15,47723.22,42569.7,25885.02,16626.56,124.12,1879.38,398.4,460.46,546.63,105.98,162.81,192.85,91.41,137.47,271.08,120.81,189.58,290.09,3030.47,1620.56,462.28,74.53,229.84,941.77,370.54,236.86,281.47,442.39,208.49,101.19,3573.48,234.56,125.53,131.95,39.29,56.34,99.65,273.13
20260929,11:53:20,47718.67,42565.54,25879.66,16621.28,124.12,1879.38,397.86,460.53,546.63,105.98,162.82,192.85,91.41,137.46,271.08,120.81,189.58,290.09,3030.26,1620.43,462.22,74.56,229.84,941.63,370.85,236.86,281.47,442.39,208.34,101.19,3573.24,234.56,125.53,131.95,39.29,56.33,99.65,273.13
20260929,11:53:25,47717.53,42564.64,25879.38,16621.67,124.12,1879.6,397.86,460.53,546.63,105.98,162.82,192.85,91.41,137.25,271.08,120.81,189.58,290.09,3030.18,1620.49,462.22,74.56,229.84,941.65,370.85,236.86,281.17,442.38,208.41,101.19,3573.04,234.56,125.53,131.95,39.29,56.31,99.65,273.18
20260929,11:53:30,47715.27,42562.22,25879.84,16621.49,124.18,1879.6,397.86,460.29,546.63,105.98,162.82,192.85,91.41,137.25,271.08,120.81,189.54,290.09,3029.99,1620.21,462.22,74.57,229.84,941.63,370.91,236.86,281.48,442.38,208.4,101.19,3573.24,234.56,125.53,131.95,39.29,56.31,99.65,273.18
20260929,11:53:35,47755.03,42600.99,25879.39,16621.06,124.18,1878.18,397.86,460.29,546.77,105.98,162.8,192.79,91.41,137.47,271.08,120.81,189.54,290.07,3033.12,1622.62,462.23,74.57,229.84,941.65,370.91,236.86,281.48,442.38,208.36,101.19,3573.21,234.56,125.53,131.95,39.29,56.31,99.65,273.18
20260929,11:53:40,47717.1,42563.69,25882.97,16624.03,124.18,1878.18,398.4,460.29,546.77,105.98,162.8,192.79,91.42,137.46,271.08,120.81,189.54,290.07,3030.05,1620.18,462.22,74.57,229.84,941.8,370.91,236.86,281.52,442.37,208.24,101.19,3573.52,234.56,125.53,131.98,39.29,56.31,99.65,273.18
20260929,11:53:45,47717.59,42559.98,25891.67,16620.03,124.12,1878.06,397.87,460.29,546.77,105.98,162.82,192.85,91.42,137.46,271.08,120.81,189.54,290.07,3029.84,1620.28,462.33,74.57,229.84,940.95,370.91,236.86,281.48,442.37,208.24,101.19,3577.33,234.56,125.53,131.98,39.29,56.31,99.65,273.18
20260929,11:53:50,47713.46,42555.96,25895.01,16623.87,124.12,1878.06,398.4,460.29,546.77,105.9,162.82,192.87,91.42,137.46,271.08,120.81,189.58,290.07,3029.43,1620.14,462.22,74.57,229.84,940.92,370.91,236.86,281.17,442.39,208.24,101.19,3577.33,234.56,125.53,131.98,39.29,56.31,99.65,273.18
20260929,11:53:55,47721.29,42563.8,25892.22,16621.41,124.12,1879.47,397.86,460.29,546.85,105.9,162.82,192.87,91.42,137.46,271.08,120.81,189.58,290.07,3030.12,1620.63,462.22,74.57,229.84,941.07,370.89,236.86,281.17,442.37,208.23,101.19,3577.13,234.57,125.53,131.98,39.29,56.31,99.65,273.45
20260929,11:54:00,47724.18,42566.77,25892.75,16622.5,124.12,1879.47,397.86,460.29,546.85,105.9,162.84,192.92,91.42,137.45,271.08,120.94,189.58,290.07,3030.33,1620.61,462.3,74.57,229.84,941.18,370.58,236.86,281.48,442.38,208.25,101.19,3576.99,234.57,125.53,131.98,39.29,56.31,99.65,273.45
20260929,11:54:05,47721.96,42566.8,25886.84,16623.02,124.18,1879.47,397.86,460.54,546.85,105.9,162.84,192.92,91.42,137.46,271.08,120.93,189.58,290.07,3030.32,1620.6,462.21,74.59,229.84,941.21,370.89,236.86,281.48,442.38,208.25,101.19,3575.01,234.57,125.53,131.98,39.29,56.31,99.65,273.48
20260929,11:54:10,47759.37,42602.77,25887.88,16622.63,124.12,1879.47,397.87,460.54,546.85,105.9,162.85,192.93,91.43,137.46,271.08,120.93,189.58,290.07,3033.23,1623.01,462.22,74.58,229.84,941.1,370.89,236.86,281.17,442.38,208.25,101.19,3575.44,234.57,125.53,131.98,39.29,56.31,99.65,273.33
20260929,11:54:15,47762.81,42606.34,25886.85,16622.18,124.12,1879.52,397.87,460.54,546.85,105.98,162.86,192.97,91.43,137.46,271.08,120.93,189.76,290.07,3033.53,1623.01,462.22,74.58,230.09,941.18,370.88,236.86,281.48,442.38,208.24,101.19,3575.24,234.57,125.53,131.98,39.29,56.31,99.65,273.03
20260929,11:54:20,47724.19,42569.38,25889.77,16627.77,124.12,1879.52,398.41,460.54,546.85,105.98,163.07,192.98,91.59,137.46,271.08,120.82,189.78,290.07,3030.41,1620.62,462.22,74.59,230.09,941.16,370.88,236.86,281.47,442.39,208.25,101.19,3574.63,234.57,125.53,131.98,39.29,56.31,99.65,273.03
20260929,11:54:25,47725.55,42570.35,25890.86,16627.82,124.12,1879.52,398.41,460.67,546.85,105.98,163.07,192.98,91.59,137.46,271.08,120.82,189.64,290.07,3030.49,1620.67,462.33,74.58,230.09,941.08,370.92,236.86,281.47,442.39,208.25,101.22,3574.96,234.57,125.53,131.98,39.29,56.31,99.65,273.03
20260929,11:54:30,47724.68,42570.13,25885.18,16623.41,124.12,1878.1,397.87,460.67,546.82,105.98,163.09,192.99,91.6,137.46,271.08,120.82,189.64,290.09,3030.58,1620.77,462.23,74.58,230.09,941.08,370.92,236.88,281.47,442.39,208.25,101.22,3574.38,234.57,125.53,131.98,39.29,56.31,99.65,273.03
20260929,11:54:35,47723.9,42569.29,25885.75,16623.79,124.18,1878.1,397.79,460.67,546.82,105.98,163.09,193.0,91.6,137.46,271.08,120.82,189.78,290.09,3030.5,1620.72,462.22,74.63,229.95,941.08,370.92,236.86,281.47,442.39,208.22,101.22,3574.46,234.57,125.53,131.98,39.29,56.31,99.65,273.33
20260929,11:54:40,47726.06,42571.47,25888.27,16626.93,124.18,1878.1,398.33,460.67,546.82,105.98,163.11,193.06,91.6,137.46,271.08,120.82,189.78,290.11,3030.6,1620.73,462.21,74.62,230.07,941.17,371.17,236.86,281.47,442.39,208.1,101.22,3574.39,234.57,125.53,131.98,39.29,56.31,99.67,273.33
20260929,11:54:45,47728.6,42573.98,25888.44,16627.26,124.18,1878.1,398.33,460.67,546.82,105.98,163.1,193.03,91.6,137.46,271.08,120.82,189.78,290.11,3030.8,1620.75,462.26,74.64,230.07,941.38,371.17,236.86,281.56,442.39,208.25,101.22,3574.36,234.57,125.41,131.98,39.29,56.31,99.67,273.33
20260929,11:54:50,47724.48,42570.22,25883.77,16622.73,124.12,1878.1,397.77,460.67,546.74,105.98,163.09,193.03,91.6,137.46,271.08,120.82,189.78,290.11,3030.6,1620.85,462.04,74.62,229.96,941.39,370.98,236.86,281.25,442.39,208.25,101.22,3574.13,234.57,125.41,131.98,39.29,56.31,99.67,273.33
20260929,11:54:55,47729.6,42574.95,25884.2,16622.38,124.12,1878.1,397.77,460.67,546.74,105.98,163.09,193.03,91.6,137.46,271.08,120.82,189.78,290.12,3030.99,1620.85,462.04,74.64,229.96,941.96,370.42,236.86,281.56,442.38,208.22,101.23,3574.36,234.57,125.41,131.98,39.29,56.31,99.67,273.33
20260929,11:55:00,47728.5,42573.91,25885.48,16623.96,124.12,1879.52,397.77,460.59,546.77,105.98,163.09,193.0,91.6,137.47,271.08,120.82,189.78,290.11,3030.87,1620.73,462.08,74.62,229.97,941.98,370.73,236.86,281.56,442.38,208.33,101.23,3574.33,234.57,125.41,131.98,39.29,56.31,99.67,273.33
20260929,11:55:05,47731.19,42575.32,25892.56,16628.03,124.12,1878.1,398.39,460.59,546.79,105.98,163.09,193.0,91.6,137.47,271.08,120.82,189.78,290.11,3030.89,1620.77,462.08,74.64,229.97,941.86,370.78,236.86,281.56,442.38,208.33,101.22,3575.43,234.57,125.41,131.98,39.29,56.31,99.67,273.33
20260929,11:55:10,47733.71,42577.78,25892.77,16628.28,124.29,1878.1,398.39,460.71,546.79,105.98,163.08,192.99,91.6,137.47,271.08,120.82,189.78,290.11,3031.08,1620.88,462.18,74.64,229.85,941.95,370.78,236.86,281.56,442.38,208.2,101.22,3575.43,234.57,125.53,131.97,39.29,56.31,99.67,273.33
20260929,11:55:15,47733.02,42579.29,25890.82,16633.37,124.35,1878.1,398.93,460.71,546.88,105.98,163.08,192.99,91.6,137.47,271.08,120.82,189.78,290.14,3031.08,1620.77,462.29,74.64,230.21,941.89,370.78,236.86,281.56,442.38,208.18,101.22,3573.44,234.57,125.65,131.97,39.29,56.3,99.67,273.33
20260929,11:55:20,47737.04,42581.07,25892.88,16628.59,124.35,1878.1,398.39,460.71,546.88,105.98,163.08,192.99,91.6,137.47,271.08,120.82,189.78,290.11,3031.34,1620.94,462.29,74.65,230.21,941.95,370.75,236.86,281.56,442.38,208.19,101.22,3575.38,234.57,125.53,131.97,39.29,56.3,99.67,273.38
20260929,11:55:25,47728.41,42572.55,25891.62,16626.77,124.22,1878.1,398.4,460.71,546.88,105.98,163.07,192.98,91.6,137.47,271.08,120.82,189.78,290.11,3030.69,1620.59,462.17,74.62,229.96,941.96,370.45,236.86,281.56,442.42,208.1,101.22,3575.48,234.57,125.53,132.0,39.29,56.3,99.67,273.08
20260929,11:55:30,47774.8,42617.75,25893.34,16628.75,124.16,1878.1,398.4,460.68,546.88,105.98,163.07,192.98,91.6,137.47,271.08,120.94,189.78,290.11,3034.29,1623.36,462.29,74.64,229.96,942.19,370.5,236.86,281.25,442.42,208.25,101.22,3575.48,234.57,125.53,132.01,39.29,56.3,99.67,273.08
20260929,11:55:35,47737.85,42581.97,25894.72,16631.07,124.16,1878.33,399.03,460.68,546.88,105.98,163.07,192.98,91.6,137.47,271.08,120.82,189.78,290.11,3031.35,1620.89,462.2,74.67,229.96,942.46,370.5,236.86,281.56,442.42,208.08,101.22,3575.28,234.57,125.53,132.02,39.29,56.3,99.67,273.08
20260929,11:55:40,47733.67,42578.11,25890.36,16626.76,124.16,1878.33,398.49,460.67,546.88,105.98,163.07,192.98,91.6,137.26,271.08,120.81,189.78,290.12,3031.14,1620.72,462.2,74.64,229.96,942.53,370.5,236.86,281.56,442.42,208.08,101.22,3575.09,234.57,125.53,132.02,39.29,56.3,99.67,273.08
20260929,11:55:45,47736.24,42581.2,25892.1,16630.73,124.16,1878.33,399.03,460.68,546.85,105.98,163.07,192.95,91.6,137.47,271.08,120.8,189.78,290.11,3031.3,1620.85,462.17,74.64,229.85,943.02,370.5,236.86,281.25,442.42,208.08,101.22,3574.56,234.57,125.53,132.02,39.29,56.3,99.67,273.08
20260929,11:55:50,47739.5,42583.74,25894.78,16631.7,124.16,1878.33,399.03,460.74,546.85,105.98,163.06,192.93,91.6,137.48,271.08,120.8,189.64,290.11,3031.48,1620.86,462.17,74.64,229.85,943.02,370.5,236.86,281.56,442.42,208.2,101.22,3575.13,234.57,125.53,132.04,39.29,56.3,99.64,273.08
20260929,11:55:55,47743.14,42587.3,25892.61,16629.23,124.16,1878.33,398.49,460.74,546.85,105.98,163.06,192.94,91.6,137.48,271.08,120.8,189.64,290.11,3031.82,1620.8,462.52,74.65,229.85,943.65,370.5,236.86,281.56,442.42,208.35,101.22,3575.12,234.57,125.53,132.04,39.29,56.3,99.64,273.08
20260929,11:56:00,47781.48,42624.59,25892.89,16629.31,124.16,1878.33,398.49,460.74,546.85,105.98,163.07,192.98,91.59,137.48,271.08,120.8,189.64,290.11,3034.83,1623.15,462.44,74.64,229.85,943.65,370.5,236.86,281.56,442.42,208.35,101.21,3575.19,234.57,125.53,132.04,39.29,56.3,99.64,273.08
20260929,11:56:05,47782.43,42625.51,25892.45,16628.8,124.22,1878.33,398.41,460.74,546.84,105.98,163.07,192.98,91.59,137.27,271.08,120.81,189.78,290.13,3034.91,1623.07,462.66,74.66,229.85,943.79,370.82,236.86,281.56,442.43,208.34,101.21,3575.19,234.62,125.53,132.04,39.29,56.3,99.64,273.08
20260929,11:56:10,47742.76,42587.09,25894.67,16632.12,124.16,1878.33,398.95,460.74,546.85,105.98,163.06,192.95,91.59,137.27,271.08,120.81,189.78,290.15,3031.74,1620.66,462.66,74.65,229.85,943.67,370.85,236.86,281.55,442.43,208.31,101.21,3574.98,234.62,125.53,132.04,39.29,56.28,99.64,273.08
20260929,11:56:15,47745.4,42589.66,25890.64,16627.48,124.16,1878.33,398.32,460.74,546.85,105.98,163.07,192.95,91.59,137.27,271.08,120.81,189.78,290.15,3032.06,1620.78,462.67,74.65,230.1,943.77,370.53,236.86,281.64,442.43,208.31,101.21,3574.98,234.57,125.53,132.04,39.29,56.28,99.64,273.08
20260929,11:56:20,47741.76,42588.2,25883.24,16625.97,124.16,1878.39,398.32,460.74,546.82,105.98,163.06,192.92,91.59,137.27,271.08,120.8,189.78,290.15,3031.97,1620.77,462.88,74.65,230.1,943.77,370.53,236.86,281.33,442.43,208.16,101.21,3573.08,234.62,125.53,132.04,39.29,56.28,99.64,273.08
20260929,11:56:25,47739.61,42585.91,25884.9,16627.21,124.16,1878.39,398.41,460.74,546.82,105.98,163.06,192.94,91.59,137.27,271.08,120.93,189.78,290.15,3031.76,1620.69,462.73,74.64,229.85,943.53,370.53,236.86,281.64,442.42,208.15,101.21,3573.26,234.62,125.53,132.04,39.29,56.28,99.64,273.03
20260929,11:56:30,47740.05,42586.28,25885.03,16627.19,124.16,1878.33,398.32,460.81,546.88,105.98,163.08,192.92,91.61,137.27,271.08,120.91,189.78,290.15,3031.79,1620.8,462.52,74.66,229.84,943.51,370.53,236.86,281.6,442.42,208.19,101.21,3573.31,234.62,125.53,132.01,39.29,56.28,99.64,273.03
20260929,11:56:35,47739.04,42583.28,25892.54,16629.07,124.16,1879.52,398.32,460.81,546.89,105.98,163.08,192.92,91.61,137.26,271.08,120.79,189.81,290.15,3031.5,1620.56,462.54,74.65,229.84,943.39,370.78,236.86,281.69,442.42,208.33,101.18,3575.14,234.62,125.53,132.01,39.29,56.27,99.64,273.31
20260929,11:56:40,47737.72,42582.66,25887.23,16625.17,124.16,1879.52,397.78,460.81,546.89,105.98,163.08,192.92,91.61,137.26,271.08,120.79,189.81,290.15,3031.55,1620.55,462.52,74.64,230.09,943.31,370.78,236.86,281.7,442.47,208.34,101.18,3574.55,234.62,125.53,131.97,39.29,56.27,99.64,273.31
20260929,11:56:45,47739.75,42584.42,25891.25,16629.06,124.16,1879.52,398.31,460.81,546.89,105.98,163.08,192.92,91.61,137.26,271.08,120.79,189.81,290.15,3031.6,1620.54,462.5,74.63,230.09,943.44,371.1,236.86,281.7,442.47,208.34,101.18,3574.75,234.62,125.53,131.97,39.29,56.27,99.64,273.31
20260929,11:56:50,47783.13,42624.82,25897.3,16629.78,124.16,1879.52,398.4,460.81,546.92,105.98,163.08,192.92,91.61,137.26,271.08,120.91,189.81,290.15,3034.83,1623.04,462.5,74.63,230.09,943.45,371.1,236.86,281.7,442.47,208.34,101.18,3576.44,234.62,125.53,131.97,39.29,56.27,99.64,273.03
20260929,11:56:55,47739.94,42582.89,25896.08,16628.89,124.16,1879.52,398.31,460.56,546.89,105.98,163.08,192.92,91.61,137.26,271.08,120.91,189.81,290.15,3031.48,1620.63,462.5,74.61,230.09,943.44,370.53,236.86,281.39,442.47,208.34,101.18,3576.3,234.62,125.53,131.97,39.29,56.27,99.64,273.07
20260929,11:57:00,47740.81,42584.94,25891.47,16627.58,124.16,1878.33,398.38,460.48,546.89,105.98,163.07,192.88,91.61,137.25,270.96,120.79,189.77,290.15,3031.67,1620.7,462.5,74.57,230.09,943.36,370.53,236.86,281.7,442.47,208.33,101.16,3575.21,234.62,125.53,131.97,39.29,56.27,99.64,273.02
20260929,11:57:05,47745.1,42589.31,25891.07,16627.81,124.16,1878.33,398.3,460.48,546.89,105.98,163.07,192.88,91.61,137.25,270.96,120.92,189.77,290.15,3032.02,1620.88,462.5,74.58,230.13,943.56,370.55,236.86,281.7,442.47,208.33,101.16,3575.03,234.62,125.53,131.97,39.29,56.27,99.64,273.02
20260929,11:57:10,47739.51,42583.87,25891.5,16628.31,124.16,1878.33,398.3,460.48,546.89,106.07,163.07,192.88,91.61,137.47,270.84,120.92,189.74,290.15,3031.57,1620.72,462.37,74.57,230.13,943.56,370.55,236.86,281.38,442.47,208.33,101.16,3575.03,234.62,125.53,131.97,39.29,56.27,99.64,273.04
20260929,11:57:15,47738.86,42583.14,25887.74,16623.66,124.16,1878.33,397.75,460.48,546.89,106.07,163.05,192.89,91.59,137.47,270.96,120.8,189.74,290.15,3031.62,1620.73,462.39,74.58,230.13,943.62,370.55,236.86,281.38,442.47,208.36,101.16,3575.12,234.62,125.53,131.97,39.29,56.27,99.64,273.04
20260929,11:57:20,47743.26,42587.42,25887.83,16623.76,124.16,1878.33,397.75,460.48,546.89,106.07,163.05,192.91,91.59,137.25,270.96,120.92,189.74,290.15,3031.97,1620.84,462.45,74.57,230.02,943.73,370.54,236.86,281.69,442.44,208.33,101.16,3575.12,234.62,125.53,131.97,39.29,56.28,99.64,273.02
20260929,11:57:25,47744.74,42589.62,25887.42,16625.8,124.1,1878.33,398.3,460.48,546.89,106.07,163.05,192.95,91.58,137.25,270.96,120.8,189.74,290.15,3032.09,1620.89,462.66,74.55,230.02,943.62,370.86,236.86,281.7,442.44,208.33,101.16,3574.43,234.62,125.41,131.94,39.29,56.28,99.64,273.02
20260929,11:57:30,47742.82,42586.68,25891.11,16626.49,124.22,1878.33,398.3,460.48,546.89,106.07,163.05,192.96,91.58,137.25,270.96,120.8,189.74,290.15,3031.84,1620.71,462.66,74.55,230.02,943.62,370.86,236.86,281.7,442.44,208.37,101.16,3575.4,234.62,125.41,131.94,39.29,56.28,99.64,273.01
20260929,11:57:35,47741.91,42586.02,25891.96,16628.19,124.22,1878.33,398.31,460.48,546.9,106.07,163.05,192.96,91.58,137.25,270.96,120.92,189.74,290.15,3031.75,1620.85,462.66,74.55,229.84,943.16,370.54,236.86,281.7,442.44,208.37,101.16,3575.2,234.62,125.41,131.94,39.29,56.28,99.64,273.32
20260929,11:57:40,47739.44,42583.58,25890.72,16626.64,124.16,1878.33,398.22,460.73,546.9,106.07,163.06,193.0,91.58,137.25,270.96,120.8,189.74,290.15,3031.59,1620.71,462.66,74.57,229.84,943.17,370.54,236.86,281.7,442.44,208.34,101.16,3575.24,234.62,125.41,131.94,39.29,56.28,99.64,273.32
20260929,11:57:45,47779.11,42622.08,25889.99,16625.29,124.16,1878.33,398.21,460.73,546.9,106.07,163.06,193.0,91.58,137.25,270.96,120.8,189.74,290.15,3034.72,1623.12,462.47,74.55,229.84,943.46,370.54,236.86,281.7,442.44,208.22,101.16,3575.38,234.62,125.41,131.94,39.29,56.28,99.45,273.36
20260929,11:57:50,47742.74,42586.98,25889.31,16625.67,124.1,1878.33,398.21,460.48,546.9,106.07,163.06,193.0,91.58,137.04,270.84,120.8,189.77,290.15,3031.88,1620.89,462.48,74.54,229.96,943.48,370.54,236.86,281.7,442.44,208.34,101.16,3575.06,234.62,125.41,131.94,39.29,56.28,99.45,273.36
20260929,11:57:55,47739.89,42584.26,25889.59,16626.16,124.16,1878.33,398.21,460.36,546.89,106.07,163.06,193.0,91.58,137.04,270.84,120.8,189.77,290.15,3031.65,1620.9,462.48,74.54,229.96,943.04,370.54,236.86,281.6,442.44,208.4,101.16,3575.02,234.62,125.41,131.94,39.29,56.28,99.45,273.32
20260929,11:58:00,47740.4,42585.44,25886.39,16624.77,124.29,1878.33,398.21,460.36,546.89,106.07,163.06,193.0,91.58,137.04,270.84,120.8,189.77,290.15,3031.78,1620.81,462.58,74.55,229.96,943.34,370.54,236.86,281.69,442.44,208.21,101.16,3574.39,234.62,125.41,131.94,39.29,56.28,99.45,273.32
20260929,11:58:05,47737.01,42582.27,25884.85,16623.45,124.23,1878.33,398.21,460.36,546.89,106.07,163.05,192.96,91.58,137.04,270.84,120.82,189.77,290.13,3031.56,1620.69,462.43,74.55,229.96,943.3,370.86,236.86,281.69,442.44,208.19,101.18,3574.27,234.62,125.41,131.94,39.29,56.28,99.45,273.01
20260929,11:58:10,47732.56,42579.87,25880.53,16624.97,124.23,1878.33,398.22,460.36,546.89,106.07,163.05,192.96,91.58,137.03,270.84,120.82,189.77,290.13,3031.33,1620.69,462.43,74.54,229.96,943.18,370.86,236.86,281.37,442.43,208.34,101.21,3572.51,234.62,125.41,131.94,39.29,56.28,99.45,273.01
20260929,11:58:15,47732.04,42579.34,25880.5,16624.85,124.1,1878.33,398.22,460.35,546.89,106.07,163.05,192.95,91.58,137.24,270.84,120.82,189.77,290.13,3031.29,1620.69,462.41,74.53,229.97,943.12,370.86,236.86,281.37,442.43,208.34,101.21,3572.53,234.62,125.41,131.94,39.29,56.28,99.45,273.01
20260929,11:58:20,47774.92,42620.68,25881.48,16624.5,124.1,1878.33,398.22,460.35,546.78,106.07,163.05,192.95,91.58,137.24,271.08,120.82,189.77,290.13,3034.63,1623.21,462.41,74.55,230.09,943.12,370.86,236.88,281.38,442.43,208.33,101.21,3572.93,234.62,125.41,131.94,39.29,56.28,99.45,273.01
20260929,11:58:25,47739.22,42583.66,25888.88,16625.53,124.1,1878.33,398.22,460.35,546.8,106.07,163.06,192.94,91.59,137.24,271.08,120.81,189.77,290.13,3031.62,1620.8,462.56,74.55,230.27,943.12,370.54,236.86,281.38,442.43,208.33,101.21,3574.96,234.62,125.41,131.94,39.28,56.28,99.45,273.32
20260929,11:58:30,47738.63,42583.08,25890.35,16627.22,124.1,1878.33,398.38,460.35,546.8,106.07,163.06,192.96,91.59,137.25,271.08,120.81,189.81,290.13,3031.53,1620.8,462.56,74.56,230.03,943.13,370.54,236.86,281.37,442.43,208.33,101.21,3574.96,234.62,125.41,131.94,39.28,56.28,99.73,273.3
20260929,11:58:35,47737.94,42580.83,25895.49,16627.82,124.1,1878.33,398.3,460.61,546.8,106.07,163.06,192.96,91.59,137.25,271.08,120.82,189.81,290.13,3031.34,1620.79,462.58,74.57,229.67,942.99,370.52,236.86,281.37,442.43,208.33,101.21,3576.41,234.62,125.53,131.94,39.28,56.28,99.73,273.28
20260929,11:58:40,47736.95,42581.72,25889.85,16627.57,124.1,1879.75,398.3,460.52,546.8,106.07,163.07,192.97,91.59,137.25,271.08,120.83,189.81,290.13,3031.41,1620.79,462.68,74.58,229.7,943.06,370.45,236.86,281.37,442.43,208.33,101.21,3574.71,234.62,125.41,131.94,39.28,56.28,99.73,273.33
20260929,11:58:45,47736.21,42581.23,25889.22,16627.6,124.1,1879.75,398.3,460.27,546.8,106.07,163.06,192.97,91.59,137.24,271.08,120.82,189.78,290.13,3031.37,1620.68,462.58,74.55,229.7,943.06,370.76,236.86,281.63,442.47,208.37,101.21,3574.51,234.62,125.41,131.94,39.28,56.28,99.73,273.33
20260929,11:58:50,47737.37,42582.2,25888.97,16626.77,124.1,1878.31,398.22,460.27,546.8,106.07,163.06,192.97,91.59,137.24,271.08,120.82,189.78,290.1,3031.47,1620.69,462.57,74.54,229.81,943.21,370.76,236.86,281.63,442.49,208.4,101.21,3574.65,234.62,125.41,131.94,39.28,56.28,99.73,273.33
20260929,11:58:55,47730.95,42575.97,25888.74,16626.6,124.1,1878.31,398.22,460.27,546.77,106.07,163.06,192.95,91.59,137.24,271.08,120.82,189.78,290.1,3030.97,1620.64,462.59,74.54,229.78,942.2,370.45,236.86,281.67,442.49,208.4,101.21,3574.63,234.62,125.41,131.94,39.28,56.28,99.73,273.33
20260929,11:59:00,47729.92,42574.98,25889.59,16627.64,124.23,1878.31,398.22,460.27,546.77,106.07,163.06,192.95,91.59,137.22,271.08,120.82,189.78,290.1,3030.87,1620.7,462.58,74.54,229.66,942.25,370.45,236.86,281.36,442.51,208.37,101.21,3574.61,234.62,125.53,131.94,39.28,56.28,99.73,273.32
20260929,11:59:05,47731.91,42577.3,25889.04,16628.27,124.29,1879.73,398.22,460.27,546.8,106.07,163.06,192.94,91.59,137.22,271.08,120.82,189.61,290.1,3031.04,1620.7,462.62,74.54,229.66,942.22,370.46,236.86,281.68,442.51,208.37,101.21,3574.27,234.62,125.53,131.94,39.28,56.28,99.73,273.32
20260929,11:59:10,47729.85,42575.91,25887.15,16628.16,124.29,1879.73,398.22,460.27,546.8,106.07,163.05,192.92,91.59,137.22,271.08,120.82,189.61,290.08,3030.93,1620.69,462.61,74.53,229.66,942.41,370.46,236.86,281.36,442.51,208.37,101.21,3573.71,234.62,125.53,131.94,39.28,56.28,99.73,273.32
20260929,11:59:15,47733.39,42579.35,25886.94,16627.87,124.16,1879.73,398.21,460.27,546.8,106.08,163.05,192.9,91.59,137.22,271.08,120.82,189.75,290.08,3031.22,1620.7,462.7,74.53,229.84,942.39,370.46,236.86,281.67,442.51,208.37,101.21,3573.72,234.62,125.53,131.94,39.28,56.28,99.73,273.3
20260929,11:59:20,47727.18,42573.92,25882.77,16625.18,124.16,1878.31,398.21,460.27,546.81,106.08,162.85,192.9,91.43,137.22,271.08,120.82,189.75,290.08,3030.84,1620.55,462.59,74.53,229.96,942.39,370.44,236.86,281.36,442.51,208.37,101.21,3573.15,234.62,125.53,131.94,39.28,56.28,99.73,273.3
20260929,11:59:25,47731.78,42578.1,25883.99,16625.57,124.16,1878.2,398.21,460.27,546.89,106.08,162.85,192.9,91.43,137.22,271.08,120.82,189.75,290.08,3031.17,1620.64,462.52,74.53,229.84,942.63,370.76,236.86,281.67,442.57,208.37,101.21,3573.42,234.62,125.53,131.94,39.28,56.28,99.73,273.32
20260929,11:59:30,47729.83,42575.83,25885.51,16626.07,124.16,1878.2,398.21,460.01,547.05,106.08,162.86,192.89,91.44,137.23,271.08,120.82,189.75,290.08,3030.98,1620.54,462.63,74.53,229.84,942.75,370.76,236.86,281.36,442.57,208.38,101.21,3573.76,234.62,125.53,131.94,39.28,56.3,99.73,273.32
20260929,11:59:35,47738.7,42584.2,25886.42,16626.2,124.1,1879.4,398.21,460.27,547.19,106.08,162.85,192.88,91.44,137.23,271.08,120.82,189.75,290.08,3031.65,1620.54,462.72,74.54,230.2,943.51,370.76,236.86,281.67,442.57,208.38,101.21,3574.01,234.62,125.53,131.94,39.28,56.3,99.73,273.01
20260929,11:59:40,47734.78,42581.35,25882.34,16624.77,124.1,1879.4,398.21,460.27,547.19,106.08,162.85,192.88,91.44,137.23,271.08,120.8,189.75,290.08,3031.45,1620.57,462.51,74.53,230.34,943.49,370.76,236.86,281.36,442.55,208.34,101.21,3573.13,234.62,125.41,131.94,39.28,56.3,99.73,273.01
20260929,11:59:45,47735.08,42581.98,25881.53,16624.96,123.97,1877.98,398.21,460.27,547.05,106.0,162.85,192.88,91.44,137.23,271.08,120.8,189.75,290.08,3031.5,1620.54,462.62,74.53,230.34,943.57,370.76,236.88,281.36,442.5,208.46,101.21,3572.82,234.62,125.41,131.94,39.28,56.3,99.73,273.32
20260929,11:59:50,47738.34,42585.42,25881.33,16625.62,124.04,1877.98,398.21,460.27,547.05,106.0,162.86,192.91,91.44,137.23,271.08,120.8,189.75,290.08,3031.76,1620.61,462.63,74.52,230.34,943.57,370.78,236.88,281.67,442.53,208.49,101.21,3572.58,234.62,125.41,131.94,39.28,56.3,99.73,273.32
20260929,11:59:55,47735.69,42584.93,25874.5,16624.76,124.04,1877.98,398.21,460.27,547.05,106.0,162.87,192.91,91.44,137.23,271.08,120.8,189.71,290.08,3031.74,1620.66,462.41,74.54,230.34,943.61,370.46,236.88,281.67,442.53,208.49,101.21,3570.68,234.62,125.41,131.94,39.28,56.3,99.73,273.01
20260929,12:00:00,47738.75,42587.9,25875.78,16626.23,124.04,1877.98,398.21,460.27,547.05,106.0,162.87,192.91,91.45,137.24,271.08,120.8,189.71,290.08,3031.94,1620.68,462.5,74.52,230.22,944.06,370.46,236.88,281.69,442.55,208.64,101.21,3570.68,234.62,125.41,131.94,39.28,56.29,99.73,273.01
20260929,12:00:05,47740.26,42589.42,25877.31,16628.13,124.17,1879.4,398.3,460.01,546.8,106.08,162.88,192.95,91.45,137.24,271.08,120.8,189.57,290.08,3032.02,1620.79,462.5,74.52,229.98,944.07,370.77,236.88,281.69,442.55,208.67,101.21,3570.64,234.62,125.53,131.94,39.28,56.29,99.73,273.01
20260929,12:00:10,47737.65,42586.92,25877.73,16628.75,124.17,1879.4,398.3,460.01,546.8,106.08,162.88,192.95,91.45,137.24,271.08,120.8,189.57,290.1,3031.81,1620.79,462.51,74.52,229.98,943.95,370.75,236.88,281.38,442.54,208.64,101.21,3570.61,234.62,125.53,131.94,39.28,56.29,99.73,273.32
20260929,12:00:15,47741.35,42590.02,25879.21,16628.76,124.17,1879.4,398.3,460.01,547.08,106.08,162.88,192.95,91.45,137.24,271.08,120.8,189.57,290.1,3032.05,1620.8,462.53,74.53,229.98,944.08,370.75,236.89,281.68,442.54,208.64,101.21,3571.07,234.62,125.41,131.94,39.28,56.29,99.73,273.32
20260929,12:00:20,47741.01,42591.28,25875.41,16629.75,124.17,1877.98,398.3,460.26,547.08,106.07,162.88,192.95,91.45,137.24,271.08,120.8,189.57,290.12,3032.13,1620.81,462.71,74.53,229.98,944.09,370.43,236.89,281.68,442.54,208.64,101.21,3569.61,234.62,125.41,132.33,39.28,56.29,99.73,273.34
20260929,12:00:25,47744.24,42592.2,25885.69,16634.1,124.17,1877.98,398.84,460.26,547.11,106.07,162.88,192.95,91.45,137.45,271.08,120.8,189.56,290.12,3032.1,1620.81,462.69,74.54,229.98,944.02,370.43,236.89,281.68,442.54,208.64,101.21,3571.64,234.62,125.41,132.33,39.28,56.29,99.73,273.34
20260929,12:00:30,47741.6,42590.25,25883.59,16633.75,124.17,1877.98,398.76,460.34,547.11,106.05,162.88,192.96,91.44,137.45,271.08,120.8,189.56,290.12,3031.95,1620.81,462.62,74.54,229.97,944.13,370.43,236.89,281.39,442.54,208.67,101.21,3571.08,234.62,125.41,132.34,39.28,56.29,99.73,273.34
20260929,12:00:35,47742.92,42591.17,25884.52,16633.61,124.17,1877.98,398.76,460.33,547.11,106.05,162.88,192.96,91.44,137.45,271.08,120.8,189.56,290.12,3032.03,1620.8,462.81,74.54,229.97,944.16,370.43,236.89,281.38,442.54,208.67,101.21,3571.41,234.62,125.41,132.34,39.28,56.27,99.73,273.34
20260929,12:00:40,47744.7,42592.69,25881.91,16629.91,124.17,1877.98,398.31,460.33,547.11,106.05,162.88,192.97,91.44,137.45,271.08,120.8,189.56,290.09,3032.24,1620.79,462.84,74.56,229.97,944.23,370.43,236.89,281.69,442.54,208.64,101.21,3571.6,234.62,125.41,132.34,39.28,56.27,99.73,273.34
20260929,12:00:45,47744.88,42592.73,25884.7,16632.67,124.29,1879.4,398.31,460.08,547.17,106.07,162.88,192.98,91.44,137.24,271.08,120.81,189.56,290.09,3032.18,1620.77,462.84,74.51,229.86,944.28,370.75,236.89,281.69,442.55,208.64,101.21,3571.72,234.62,125.66,132.34,39.28,56.27,99.73,273.36
20260929,12:00:50,47744.23,42592.41,25884.9,16633.92,124.31,1879.31,398.48,460.07,547.17,106.07,162.87,192.95,91.44,137.23,271.08,120.81,189.51,290.09,3032.12,1620.78,462.82,74.51,229.86,944.25,370.38,236.89,281.64,442.51,208.67,101.21,3571.44,234.62,125.66,132.34,39.28,56.27,99.73,273.36
20260929,12:00:55,47743.61,42590.75,25887.32,16633.17,124.05,1879.31,398.48,460.07,547.17,106.07,162.87,192.95,91.44,137.23,271.08,120.81,189.51,290.09,3032.01,1620.77,462.83,74.51,230.02,944.25,370.38,236.89,281.33,442.51,208.67,101.21,3572.4,234.62,125.66,132.34,39.28,56.27,99.73,273.36
20260929,12:01:00,47745.43,42592.99,25885.14,16632.21,124.05,1879.31,398.48,460.07,547.17,106.07,162.87,192.95,91.44,137.23,271.08,120.81,189.51,290.09,3032.21,1620.79,462.84,74.51,230.02,944.27,370.38,236.89,281.64,442.51,208.68,101.21,3571.98,234.62,125.66,132.24,39.28,56.28,99.73,273.06
20260929,12:01:05,47743.79,42591.8,25882.63,16630.71,124.18,1879.31,398.48,460.07,547.17,106.07,162.88,192.97,91.44,137.23,271.08,120.81,189.51,290.09,3032.15,1620.74,462.88,74.51,229.84,944.52,370.38,236.89,281.55,442.51,208.5,101.21,3571.61,234.62,125.66,132.22,39.28,56.28,99.64,273.03
20260929,12:01:10,47742.63,42591.04,25881.09,16630.18,124.18,1879.31,398.39,460.07,547.22,106.07,162.88,192.97,91.44,137.23,271.08,120.81,189.51,290.11,3032.1,1620.8,462.72,74.52,229.84,944.37,370.38,236.89,281.55,442.45,208.5,101.21,3571.27,234.62,125.66,132.22,39.28,56.28,99.64,273.03
20260929,12:01:15,47743.88,42591.74,25883.58,16631.3,124.18,1879.31,398.39,460.32,547.29,106.07,162.88,192.96,91.44,137.23,271.08,120.79,189.51,290.09,3032.13,1620.8,462.78,74.51,229.84,944.37,370.38,236.89,281.56,442.46,208.5,101.21,3571.74,234.62,125.66,132.22,39.28,56.28,99.64,273.32
20260929,12:01:20,47738.43,42586.6,25883.03,16631.24,124.18,1877.89,398.39,460.07,547.26,106.07,162.87,192.96,91.44,137.22,271.23,120.92,189.66,290.04,3031.72,1620.78,462.78,74.51,229.84,943.82,370.7,236.89,281.25,442.46,208.5,101.21,3571.59,234.62,125.66,132.22,39.28,56.29,99.64,273.27
20260929,12:01:25,47737.8,42588.16,25876.82,16631.35,124.18,1877.89,398.48,459.99,547.26,106.04,162.88,192.97,91.44,137.22,271.23,120.8,189.62,290.01,3031.84,1620.83,462.78,74.51,229.84,943.54,370.7,236.88,281.56,442.46,208.65,101.21,3569.61,234.62,125.66,132.22,39.28,56.29,99.64,272.97
20260929,12:01:30,47732.45,42582.72,25877.27,16631.14,124.18,1877.89,398.48,459.99,547.29,106.04,162.88,192.97,91.44,137.22,271.23,120.92,189.62,289.98,3031.41,1620.59,462.74,74.51,230.09,943.09,370.7,236.88,281.55,442.46,208.65,101.21,3569.81,234.62,125.54,132.21,39.28,56.29,99.64,272.94
20260929,12:01:35,47730.9,42579.79,25880.82,16630.45,124.18,1878.11,398.48,459.99,547.29,106.04,162.88,192.97,91.44,137.22,271.23,120.8,189.62,289.98,3031.19,1620.52,462.68,74.51,229.84,943.09,370.7,236.88,281.55,442.46,208.65,101.21,3571.11,234.62,125.54,132.21,39.28,56.29,99.64,272.94
20260929,12:01:40,47729.46,42578.12,25883.22,16632.32,124.18,1878.11,398.47,459.99,547.3,105.96,163.07,192.97,91.59,137.22,271.23,120.8,189.62,289.98,3031.01,1620.51,462.7,74.51,229.84,943.05,370.7,236.88,281.24,442.46,208.65,101.21,3571.35,234.62,125.54,132.21,39.28,56.29,99.64,272.94
20260929,12:01:45,47733.26,42582.04,25882.64,16632.4,124.18,1878.11,398.47,459.99,547.3,105.96,163.07,192.97,91.59,137.23,271.23,120.8,189.62,290.0,3031.32,1620.65,462.7,74.51,229.84,943.03,370.39,236.88,281.55,442.46,208.65,101.21,3571.15,234.62,125.54,132.21,39.28,56.29,99.64,272.94
20260929,12:01:50,47733.4,42581.58,25885.72,16633.92,124.18,1879.53,398.47,459.99,547.3,105.98,163.07,192.97,91.59,137.23,271.23,120.81,189.62,290.0,3031.25,1620.65,462.74,74.51,229.84,942.8,370.39,236.88,281.55,442.46,208.65,101.21,3571.7,234.62,125.66,132.21,39.28,56.29,99.64,272.94
20260929,12:01:55,47732.99,42581.99,25882.63,16633.07,124.18,1879.53,398.38,460.0,547.16,105.98,163.07,192.97,91.59,137.23,271.23,120.81,189.62,290.0,3031.3,1620.66,462.63,74.51,230.09,942.81,370.39,236.88,281.55,442.46,208.65,101.21,3570.96,234.62,125.66,132.27,39.28,56.29,99.64,272.94
20260929,12:02:00,47733.49,42581.88,25884.6,16633.35,124.18,1879.53,398.38,460.0,547.16,105.98,163.07,192.97,91.59,137.23,271.23,120.8,189.67,290.0,3031.29,1620.65,462.63,74.51,230.09,942.8,370.38,236.88,281.55,442.46,208.68,101.21,3571.5,234.62,125.66,132.28,39.28,56.29,99.64,272.95
20260929,12:02:05,47734.1,42583.29,25882.57,16633.73,124.18,1879.53,398.55,460.07,547.08,105.98,163.07,192.97,91.59,137.23,271.23,120.8,189.52,290.0,3031.39,1620.71,462.65,74.51,229.95,942.91,370.7,237.13,281.55,442.32,208.65,101.21,3570.77,234.62,125.66,132.28,39.28,56.29,99.64,272.95
20260929,12:02:10,47734.62,42583.41,25884.57,16634.75,124.18,1879.53,398.55,460.33,547.12,105.98,163.06,192.92,91.59,137.22,271.23,120.92,189.52,290.0,3031.38,1620.69,462.72,74.51,229.77,943.02,370.7,237.13,281.55,442.32,208.65,101.21,3571.11,234.62,125.54,132.28,39.28,56.3,99.64,273.25
20260929,12:02:15,47738.55,42584.86,25890.61,16633.73,124.18,1879.53,398.38,460.34,547.12,105.97,163.06,192.92,91.6,137.22,271.23,120.92,189.56,289.99,3031.52,1620.69,462.87,74.49,229.77,943.17,371.0,237.13,281.55,442.32,208.65,101.21,3573.28,234.62,125.54,132.28,39.28,56.3,99.64,273.3
20260929,12:02:20,47738.16,42586.95,25883.72,16634.08,124.18,1878.07,398.38,460.34,547.09,105.97,163.06,192.92,91.6,137.22,271.23,120.91,189.56,290.01,3031.68,1620.8,462.9,74.5,229.77,943.18,371.0,237.13,281.55,442.38,208.65,101.21,3571.03,234.62,125.66,132.29,39.28,56.29,99.64,273.3
20260929,12:02:25,47735.27,42583.36,25885.02,16633.0,124.18,1878.07,398.38,460.07,547.09,105.97,163.06,192.92,91.6,137.22,271.23,120.79,189.56,290.01,3031.42,1620.63,462.9,74.5,229.67,943.16,370.99,237.13,281.55,442.38,208.65,101.21,3571.73,234.62,125.66,132.29,39.28,56.29,99.64,273.3
20260929,12:02:30,47734.47,42581.99,25885.9,16632.02,124.18,1878.07,398.38,460.07,547.09,105.98,163.06,192.92,91.6,137.22,271.23,120.79,189.56,290.01,3031.33,1620.58,462.88,74.5,229.67,943.14,370.99,237.13,281.55,442.37,208.64,101.21,3572.27,234.62,125.65,132.29,39.28,56.29,99.64,273.01
20260929,12:02:35,47736.17,42583.87,25885.38,16632.16,124.18,1878.07,398.38,460.09,547.09,105.98,163.07,192.93,91.6,137.22,271.23,120.79,189.7,290.01,3031.48,1620.68,462.85,74.51,229.67,943.2,370.99,237.13,281.55,442.37,208.63,101.21,3572.07,234.62,125.65,132.29,39.28,56.29,99.64,273.01
20260929,12:02:40,47734.79,42583.11,25880.09,16628.05,124.18,1878.07,397.84,460.01,547.09,105.98,163.07,192.96,91.6,137.22,271.23,120.79,189.7,290.01,3031.51,1620.69,462.75,74.49,229.85,943.24,370.99,237.13,281.55,442.37,208.64,101.21,3571.53,234.62,125.53,132.29,39.28,56.29,99.64,273.27
20260929,12:02:45,47736.69,42584.96,25883.49,16631.95,124.18,1878.07,398.38,460.01,547.09,105.99,163.07,192.96,91.6,137.22,271.23,120.79,189.7,290.01,3031.57,1620.62,462.86,74.49,230.09,943.24,370.99,237.13,281.55,442.32,208.64,101.21,3571.53,234.62,125.53,132.29,39.28,56.29,99.64,273.27
20260929,12:02:50,47729.29,42577.75,25882.24,16630.52,124.18,1878.07,398.38,460.01,547.09,105.99,163.07,192.93,91.6,137.22,271.23,120.79,189.7,290.01,3031.02,1620.61,462.85,74.49,230.09,942.45,370.68,237.13,281.23,442.32,208.49,101.21,3571.53,234.62,125.53,132.29,39.28,56.29,99.64,273.29
20260929,12:02:55,47730.05,42576.62,25887.45,16630.25,124.18,1877.85,398.38,460.09,547.06,105.99,163.07,192.93,91.6,137.23,271.23,120.79,189.7,290.01,3030.94,1620.53,462.85,74.49,230.12,942.46,370.68,237.13,281.24,442.32,208.48,101.21,3573.24,234.62,125.54,132.29,39.28,56.27,99.64,273.29
20260929,12:03:00,47731.98,42578.55,25886.95,16629.82,124.18,1877.85,398.38,460.09,547.06,105.99,163.07,192.93,91.6,137.23,271.23,120.78,189.7,290.01,3031.1,1620.53,462.85,74.49,230.12,942.45,370.68,237.13,281.56,442.32,208.49,101.21,3573.2,234.29,125.54,132.29,39.28,56.27,99.64,273.32
20260929,12:03:05,47733.62,42579.9,25887.5,16629.64,124.18,1877.85,398.38,460.09,546.98,105.99,163.07,192.93,91.6,137.23,271.23,120.78,189.7,290.01,3031.22,1620.56,462.72,74.49,229.7,943.15,370.68,237.13,281.55,442.32,208.49,101.21,3573.41,234.29,125.54,132.29,39.28,56.27,99.64,273.32
20260929,12:03:10,47773.44,42619.11,25888.02,16631.63,124.18,1879.26,398.47,460.09,546.98,105.99,163.07,192.92,91.6,137.23,271.23,120.75,189.7,290.01,3034.33,1622.96,462.79,74.48,229.94,942.84,370.68,237.13,281.56,442.32,208.49,101.21,3573.04,234.29,125.66,132.29,39.28,56.27,99.64,273.32
20260929,12:03:15,47769.01,42615.25,25885.38,16630.1,124.18,1877.85,398.47,460.09,546.98,105.99,163.07,192.92,91.6,137.24,271.23,120.76,189.7,290.0,3034.05,1622.94,462.8,74.48,229.94,942.24,370.68,237.13,281.56,442.32,208.49,101.21,3572.63,234.29,125.54,132.29,39.28,56.27,99.63,273.32
20260929,12:03:20,47768.75,42615.19,25884.42,16629.66,124.18,1877.85,398.48,460.1,546.84,105.99,163.07,192.91,91.6,137.24,271.23,120.74,189.7,290.0,3034.06,1622.94,462.92,74.48,229.94,942.18,370.43,237.13,281.57,442.32,208.49,101.21,3572.45,234.29,125.54,132.29,39.28,56.27,99.63,273.35
20260929,12:03:25,47769.12,42615.51,25884.47,16629.58,124.18,1879.26,398.48,460.1,546.85,105.99,163.07,192.92,91.6,137.25,271.23,120.74,189.56,290.0,3034.09,1622.95,462.9,74.48,229.94,942.18,370.74,237.13,281.57,442.32,208.53,101.21,3572.49,234.29,125.54,132.29,39.28,56.27,99.63,273.04
20260929,12:03:30,47774.63,42620.95,25883.8,16629.04,124.18,1879.26,398.47,460.1,546.85,105.99,163.05,192.84,91.6,137.25,271.23,120.74,189.56,290.0,3034.54,1623.02,462.9,74.49,229.94,943.03,370.74,237.13,281.57,442.32,208.5,101.21,3572.42,234.29,125.54,132.29,39.28,56.27,99.63,273.04
20260929,12:03:35,47731.68,42580.98,25877.8,16628.42,124.18,1877.85,398.47,459.97,546.85,105.99,163.04,192.82,91.6,137.25,271.23,120.74,189.56,290.0,3031.33,1620.6,462.93,74.5,229.69,943.03,370.74,237.13,281.57,442.32,208.51,101.21,3570.72,234.29,125.54,132.29,39.28,56.27,99.63,273.04
20260929,12:03:40,47727.74,42579.18,25871.82,16628.35,124.18,1877.85,398.47,459.84,546.85,105.99,163.04,192.82,91.6,137.25,271.23,120.74,189.56,290.02,3031.19,1620.56,462.77,74.49,229.69,942.98,370.99,237.13,281.57,442.32,208.51,101.21,3568.87,234.29,125.54,132.29,39.28,56.27,99.63,273.04
20260929,12:03:45,47725.53,42576.81,25873.02,16629.04,124.18,1877.85,398.47,459.84,546.85,105.99,163.03,192.82,91.59,137.25,271.23,120.74,189.56,290.02,3030.98,1620.56,462.91,74.48,229.69,942.36,370.99,237.13,281.55,442.3,208.51,101.21,3569.06,234.29,125.54,132.29,39.28,56.29,99.63,273.32
20260929,12:03:50,47731.67,42580.36,25880.05,16628.98,124.18,1878.07,398.47,459.84,546.85,105.99,163.03,192.82,91.59,137.25,271.23,120.74,189.56,290.02,3031.27,1620.58,462.91,74.48,229.69,943.07,370.7,237.13,281.5,442.3,208.51,101.21,3571.27,234.29,125.54,132.29,39.28,56.27,99.63,273.32
20260929,12:03:55,47774.96,42622.33,25880.65,16628.96,124.18,1878.07,398.39,460.09,546.86,105.99,163.02,192.78,91.59,137.25,271.23,120.74,189.56,290.0,3034.65,1623.11,462.93,74.47,229.98,943.08,370.76,237.13,281.5,442.3,208.55,101.21,3571.46,234.29,125.54,132.28,39.28,56.29,99.63,273.32
20260929,12:04:00,47773.59,42621.76,25878.35,16628.87,124.18,1878.07,398.39,460.09,546.85,105.99,163.02,192.78,91.59,137.25,271.23,120.74,189.56,290.0,3034.61,1623.1,462.81,74.47,229.98,943.06,371.02,237.13,281.5,442.3,208.54,101.21,3570.77,234.29,125.54,132.28,39.28,56.29,99.63,273.31
20260929,12:04:05,47731.04,42580.76,25877.03,16628.91,124.18,1878.07,398.39,460.09,546.85,105.99,163.02,192.77,91.6,137.25,271.23,120.74,189.56,290.0,3031.3,1620.59,462.8,74.47,229.87,943.07,371.02,237.13,281.5,442.27,208.54,101.21,3570.34,234.29,125.54,132.28,39.28,56.3,99.63,273.31
20260929,12:04:10,47728.74,42578.66,25876.33,16628.52,124.18,1878.07,398.39,460.01,546.85,105.99,163.02,192.77,91.6,137.26,271.23,120.74,189.56,290.0,3031.14,1620.48,462.85,74.46,229.87,942.94,371.02,237.13,281.55,442.27,208.51,101.21,3570.23,234.29,125.54,132.28,39.29,56.3,99.63,273.31
20260929,12:04:15,47730.62,42580.38,25877.07,16629.03,124.18,1878.07,398.39,460.01,546.84,105.99,163.02,192.77,91.6,137.26,271.23,120.74,189.56,290.02,3031.27,1620.61,462.79,74.46,229.98,942.97,370.76,237.13,281.45,442.27,208.51,101.21,3570.32,234.62,125.53,132.28,39.29,56.3,99.63,273.31
20260929,12:04:20,47723.54,42573.63,25874.0,16626.01,124.18,1878.07,397.84,460.09,546.84,105.99,163.01,192.73,91.6,137.25,271.11,120.73,189.52,290.02,3030.8,1620.52,462.81,74.48,229.99,942.08,370.77,237.13,281.45,442.28,208.62,101.21,3570.18,234.62,125.53,132.28,39.33,56.3,99.63,273.31
20260929,12:04:25,47726.82,42576.52,25879.1,16630.84,124.18,1879.49,398.39,460.09,546.84,106.07,163.02,192.77,91.6,137.24,271.41,120.85,189.52,290.06,3030.92,1620.59,463.0,74.46,229.87,942.06,370.83,237.13,281.46,442.29,208.47,101.21,3570.47,234.64,125.53,132.28,39.33,56.3,99.63,273.41
20260929,12:04:30,47724.18,42576.7,25870.83,16630.54,124.18,1879.49,398.39,460.09,546.76,106.07,163.02,192.77,91.6,137.24,271.41,120.85,189.52,290.06,3030.94,1620.59,462.97,74.46,229.87,942.14,370.83,237.13,281.46,442.29,208.47,101.21,3567.96,234.64,125.53,132.28,39.33,56.3,99.63,273.41
20260929,12:04:35,47725.9,42577.37,25872.27,16628.83,124.18,1879.49,398.39,460.09,546.76,106.07,163.01,192.74,91.6,137.24,271.41,120.73,189.52,290.05,3031.03,1620.57,463.2,74.47,229.87,942.16,370.83,237.13,281.46,442.29,208.47,101.24,3568.88,234.64,125.53,132.28,39.33,56.3,99.63,273.1
20260929,12:04:40,47725.16,42576.5,25872.76,16628.9,124.18,1879.49,398.39,460.09,546.76,106.07,163.02,192.77,91.59,137.24,271.41,120.74,189.52,290.05,3030.96,1620.57,463.12,74.46,230.24,942.18,370.85,237.14,281.14,442.29,208.46,101.24,3569.01,234.64,125.53,132.28,39.33,56.3,99.63,273.1
20260929,12:04:45,47723.53,42575.28,25871.76,16628.97,124.18,1878.07,398.47,459.84,546.76,106.07,163.02,192.77,91.59,137.24,271.41,120.74,189.52,290.07,3030.86,1620.48,463.21,74.5,230.24,942.04,370.86,237.14,281.13,442.3,208.46,101.24,3568.68,234.64,125.53,132.28,39.33,56.3,99.73,273.11
20260929,12:04:50,47725.45,42577.26,25871.52,16629.07,124.18,1878.07,398.47,460.09,546.63,106.07,163.01,192.76,91.59,137.24,271.41,120.74,189.52,290.07,3031.02,1620.47,463.3,74.5,230.24,942.06,370.55,237.0,281.4,442.3,208.51,101.24,3568.58,234.64,125.53,132.28,39.33,56.3,99.73,273.11
20260929,12:04:55,47726.99,42578.35,25873.35,16629.79,124.18,1879.49,398.47,460.09,546.46,106.07,163.01,192.75,91.59,137.25,271.41,120.85,189.52,290.07,3031.09,1620.45,463.45,74.5,230.24,942.11,370.55,237.0,281.41,442.3,208.49,101.24,3568.96,234.64,125.53,132.28,39.33,56.3,99.73,273.14
20260929,12:05:00,47768.11,42618.31,25873.02,16629.04,124.18,1879.61,398.47,460.09,546.46,106.07,162.99,192.67,91.59,137.25,271.41,120.73,189.52,290.07,3034.33,1622.94,463.45,74.5,230.24,942.1,370.55,237.0,281.45,442.26,208.51,101.24,3569.05,234.64,125.53,132.28,39.33,56.3,99.73,273.16
20260929,12:05:05,47764.64,42615.51,25870.84,16628.5,124.18,1878.19,398.47,460.09,546.43,106.07,163.0,192.7,91.59,137.26,271.41,120.74,189.56,290.07,3034.11,1622.8,463.45,74.5,230.24,942.01,370.55,237.14,281.45,442.26,208.51,101.24,3568.52,234.64,125.53,132.28,39.33,56.3,99.73,273.16
20260929,12:05:10,47728.03,42577.87,25877.09,16629.08,124.18,1878.19,398.47,460.01,546.54,106.07,162.99,192.69,91.59,137.26,271.41,120.85,189.53,290.1,3031.07,1620.37,463.47,74.51,230.35,942.12,370.55,237.14,281.45,442.26,208.47,101.24,3570.32,234.64,125.53,132.28,39.33,56.3,99.73,273.14
20260929,12:05:15,47725.53,42578.1,25869.93,16629.78,124.18,1878.19,398.47,460.01,546.46,106.07,162.99,192.69,91.59,137.26,271.41,120.85,189.53,290.12,3031.07,1620.37,463.5,74.51,230.24,942.15,370.86,237.13,281.45,442.26,208.47,101.24,3567.89,234.64,125.53,132.28,39.33,56.3,99.73,273.44
20260929,12:05:20,47719.5,42572.5,25865.13,16625.16,124.18,1878.19,397.93,460.01,546.42,106.07,162.99,192.69,91.59,137.26,271.41,120.85,189.53,290.12,3030.73,1620.31,463.39,74.5,230.12,942.14,370.93,237.14,281.14,442.26,208.44,101.24,3567.64,234.6,125.53,132.28,39.33,56.28,99.73,273.44
20260929,12:05:25,47719.77,42572.95,25865.33,16626.04,124.18,1877.96,398.01,459.76,546.39,106.07,163.0,192.69,91.59,137.26,271.41,120.85,189.53,290.12,3030.74,1620.32,463.39,74.51,230.12,942.15,370.93,237.14,281.14,442.26,208.51,101.24,3567.47,234.6,125.53,132.28,39.33,56.3,99.73,273.44
20260929,12:05:30,47763.78,42615.64,25869.19,16629.83,124.18,1878.07,398.47,459.76,546.53,106.07,163.0,192.69,91.59,137.26,271.41,120.85,189.53,290.13,3034.09,1622.77,463.19,74.51,230.24,942.24,370.93,237.14,281.45,442.29,208.51,101.24,3567.64,234.6,125.53,132.27,39.33,56.3,99.73,273.39
20260929,12:05:35,47727.2,42579.57,25870.01,16629.37,124.18,1878.07,398.39,459.76,546.64,106.07,162.98,192.62,91.59,137.26,271.41,120.86,189.53,290.13,3031.2,1620.37,463.29,74.52,230.0,942.86,370.93,237.14,281.45,442.29,208.51,101.24,3568.03,234.6,125.53,132.27,39.33,56.3,99.73,273.38
20260929,12:05:40,47733.11,42583.73,25874.6,16629.31,124.18,1878.07,398.39,459.76,546.64,106.07,162.97,192.6,91.59,137.26,271.41,120.86,189.53,290.13,3031.53,1620.48,463.27,74.52,229.98,943.34,370.93,237.14,281.45,442.29,208.51,101.24,3569.48,234.6,125.53,132.27,39.33,56.3,99.73,273.38
20260929,12:05:45,47770.27,42619.27,25876.48,16629.2,124.05,1878.07,398.39,460.01,546.64,106.07,163.0,192.69,91.59,137.26,271.41,120.86,189.53,290.15,3034.4,1622.76,463.19,74.52,229.86,943.34,370.93,237.14,281.44,442.29,208.48,101.24,3570.09,234.6,125.53,132.27,39.33,56.3,99.73,273.38
20260929,12:05:50,47766.24,42618.08,25867.97,16628.58,124.05,1878.07,398.39,460.01,546.64,106.07,163.0,192.69,91.59,137.26,271.41,120.73,189.53,290.15,3034.32,1622.77,463.19,74.5,229.86,943.2,370.61,237.14,281.44,442.29,208.48,101.24,3567.6,234.6,125.53,132.31,39.33,56.3,99.73,273.38
20260929,12:05:55,47729.01,42581.38,25869.44,16628.85,124.18,1878.07,398.39,460.01,546.64,106.07,162.99,192.66,91.59,137.25,271.41,120.73,189.5,290.17,3031.36,1620.38,463.28,74.5,230.11,943.19,370.61,237.14,281.44,442.29,208.48,101.24,3567.99,234.6,125.53,132.31,39.33,56.3,99.73,273.38
20260929,12:06:00,47726.24,42579.03,25868.3,16628.71,124.18,1878.07,398.38,460.01,546.64,106.07,162.99,192.64,91.6,137.25,271.41,120.74,189.5,290.19,3031.17,1620.35,463.28,74.5,230.11,943.24,370.61,237.14,281.13,442.29,208.34,101.24,3567.67,234.6,125.65,132.31,39.33,56.3,99.73,273.46
20260929,12:06:05,47728.86,42579.39,25871.06,16624.55,124.18,1878.07,397.84,460.0,546.49,106.07,163.01,192.64,91.61,137.25,271.41,120.73,189.5,290.19,3031.3,1620.36,463.39,74.5,229.86,943.24,370.59,237.14,281.44,442.29,208.34,101.24,3569.66,234.6,125.65,132.31,39.33,56.32,99.73,273.46
20260929,12:06:10,47729.69,42582.17,25864.98,16624.15,124.05,1878.07,397.84,460.0,546.6,106.07,163.01,192.64,91.61,137.25,271.41,120.73,189.5,290.19,3031.53,1620.41,463.52,74.5,229.86,943.4,370.93,237.14,281.49,442.29,208.4,101.24,3567.87,234.6,125.53,132.31,39.33,56.32,99.73,273.46
20260929,12:06:15,47723.49,42575.22,25870.78,16627.8,124.24,1878.07,398.38,460.0,546.6,106.07,163.01,192.64,91.61,137.25,271.41,120.73,189.5,290.21,3030.88,1620.14,463.43,74.48,229.86,943.21,370.93,237.14,281.17,442.29,208.39,101.24,3568.69,234.6,125.53,132.31,39.33,56.32,99.73,273.15
20260929,12:06:20,47723.31,42575.91,25865.33,16624.38,124.24,1878.07,397.84,460.08,546.67,106.07,163.01,192.65,91.61,137.26,271.41,120.73,189.53,290.28,3031.02,1620.15,463.42,74.48,230.1,943.3,370.93,237.14,281.17,442.29,208.39,101.24,3567.92,234.6,125.53,132.31,39.33,56.32,99.73,273.15
20260929,12:06:25,47726.08,42576.19,25876.65,16629.33,124.24,1878.07,398.38,460.08,546.68,106.07,163.01,192.65,91.61,137.26,271.41,120.85,189.53,290.28,3030.93,1620.3,463.5,74.48,230.1,942.58,370.61,237.14,281.17,442.29,208.39,101.24,3570.11,234.6,125.54,132.31,39.33,56.32,99.73,273.17
20260929,12:06:30,47724.52,42574.99,25876.55,16630.26,124.24,1878.07,398.38,460.08,546.68,105.99,163.01,192.65,91.61,137.26,271.41,120.86,189.53,290.28,3030.81,1620.18,463.5,74.48,230.21,942.55,370.61,237.12,281.19,442.29,208.51,101.24,3569.83,234.6,125.54,132.31,39.33,56.32,99.73,273.17
20260929,12:06:35,47725.62,42575.68,25877.86,16630.52,124.24,1878.07,398.38,460.08,546.68,106.07,163.01,192.65,91.61,137.25,271.41,120.86,189.53,290.25,3030.86,1620.19,463.46,74.49,229.97,942.91,370.61,237.12,281.19,442.29,208.52,101.24,3570.17,234.6,125.54,132.31,39.33,56.32,99.73,273.17
20260929,12:06:40,47727.19,42577.0,25878.1,16630.07,124.24,1878.07,398.38,460.08,546.68,106.07,163.01,192.64,91.61,137.26,271.41,120.74,189.53,290.27,3030.97,1620.27,463.46,74.49,229.97,942.92,370.61,237.13,281.19,442.29,208.56,101.24,3570.36,234.6,125.54,132.31,39.33,56.32,99.73,273.15
20260929,12:06:45,47731.23,42581.07,25877.59,16629.96,124.24,1878.07,398.38,459.95,546.68,106.07,163.01,192.65,91.61,137.26,271.41,120.74,189.53,290.27,3031.3,1620.27,463.48,74.49,230.04,943.21,370.61,237.13,281.5,442.29,208.56,101.24,3570.23,234.6,125.54,132.31,39.33,56.32,99.73,273.15
20260929,12:06:50,47735.26,42581.69,25883.75,16625.94,124.11,1877.96,397.84,459.94,546.68,106.07,163.01,192.65,91.61,137.26,271.29,120.86,189.53,290.27,3031.45,1620.4,463.47,74.5,230.04,943.11,370.88,237.13,281.5,442.29,208.53,101.24,3573.25,234.6,125.54,132.31,39.33,56.32,99.73,273.13
20260929,12:06:55,47735.43,42581.24,25889.37,16630.34,124.11,1877.96,398.38,459.94,546.82,106.07,163.01,192.65,91.61,137.26,271.29,120.86,189.53,290.27,3031.31,1620.29,463.47,74.49,230.04,943.13,370.86,237.13,281.5,442.23,208.54,101.24,3573.81,234.6,125.54,132.31,39.33,56.32,99.73,273.13
20260929,12:07:00,47734.16,42579.99,25884.19,16624.36,124.18,1877.96,397.84,459.94,546.82,106.04,163.01,192.65,91.61,137.26,271.29,120.73,189.53,290.27,3031.35,1620.3,463.55,74.49,230.04,943.13,370.86,237.13,281.5,442.25,208.5,101.24,3573.81,234.6,125.42,132.31,39.33,56.32,99.73,273.12
20260929,12:07:05,47736.13,42585.32,25879.28,16630.13,124.18,1877.96,398.47,459.94,546.82,106.04,163.02,192.69,91.61,137.26,271.29,120.72,189.53,290.23,3031.64,1620.48,463.55,74.49,230.29,943.11,370.54,236.89,281.5,442.25,208.54,101.24,3570.71,234.6,125.54,132.31,39.33,56.29,99.73,273.15
20260929,12:07:10,47741.05,42590.06,25878.8,16629.42,124.18,1877.96,398.38,459.95,546.82,106.04,163.02,192.69,91.61,137.26,271.29,120.72,189.53,290.23,3032.04,1620.49,463.58,74.49,230.29,943.98,370.54,236.89,281.5,442.25,208.54,101.24,3570.76,234.6,125.54,132.29,39.33,56.29,99.73,273.15
20260929,12:07:15,47776.44,42624.33,25878.3,16628.13,124.18,1877.96,398.38,459.95,546.82,106.03,163.02,192.69,91.61,137.26,271.29,120.72,189.53,290.23,3034.83,1622.65,463.42,74.5,230.29,944.1,370.54,236.89,281.5,442.25,208.51,101.24,3570.95,234.6,125.42,132.28,39.33,56.29,99.73,273.15
20260929,12:07:20,47734.82,42584.18,25878.96,16630.2,124.18,1877.96,398.38,459.95,547.13,106.03,163.02,192.69,91.61,137.26,271.29,120.72,189.53,290.27,3031.55,1620.27,463.27,74.49,230.11,943.98,370.54,236.89,281.49,442.25,208.51,101.24,3570.59,234.6,125.54,132.28,39.33,56.29,99.73,273.15
20260929,12:07:25,47731.36,42580.25,25877.58,16626.76,124.18,1877.96,397.84,460.03,547.13,106.03,163.02,192.69,91.61,137.27,271.29,120.72,189.53,290.3,3031.32,1620.22,463.35,74.5,230.11,943.98,370.54,236.89,281.08,442.25,208.54,101.24,3571.1,234.6,125.54,132.28,39.33,56.31,99.73,273.15
20260929,12:07:30,47731.5,42581.15,25875.44,16626.87,124.24,1877.96,397.84,460.03,547.13,106.03,163.02,192.71,91.61,137.27,271.29,120.72,189.53,290.27,3031.38,1620.15,463.47,74.51,230.11,943.78,370.86,236.89,281.39,442.25,208.54,101.24,3570.4,234.6,125.54,132.29,39.33,56.31,99.73,273.13
20260929,12:07:35,47733.02,42582.67,25878.68,16630.73,124.24,1878.07,398.38,460.03,547.17,106.03,163.02,192.7,91.61,137.27,271.29,120.72,189.53,290.27,3031.41,1620.25,463.45,74.51,229.86,943.79,370.86,236.87,281.39,442.25,208.51,101.24,3570.36,234.6,125.54,132.29,39.33,56.31,99.73,273.13
20260929,12:07:40,47731.48,42582.41,25875.82,16631.61,124.24,1878.1,398.38,460.03,547.17,106.03,163.02,192.71,91.61,137.27,271.41,120.85,189.53,290.25,3031.37,1620.24,463.47,74.51,229.86,943.7,370.84,236.87,281.39,442.23,208.55,101.25,3569.23,234.6,125.54,132.29,39.33,56.27,99.73,273.13
20260929,12:07:45,47734.41,42584.1,25877.2,16629.27,124.18,1877.87,398.38,460.03,547.17,106.03,163.02,192.71,91.61,137.27,271.41,120.85,189.53,290.25,3031.57,1620.36,463.59,74.5,229.86,943.72,370.59,236.87,281.39,442.22,208.49,101.25,3570.3,234.27,125.42,132.29,39.32,56.27,99.73,273.13
20260929,12:07:50,47725.43,42582.33,25856.84,16629.22,124.18,1877.93,398.38,460.03,547.09,106.04,163.02,192.71,91.61,137.27,271.41,120.86,189.53,290.25,3031.42,1620.35,463.46,74.51,229.86,943.92,370.58,236.87,281.08,442.22,208.5,101.25,3563.95,234.27,125.42,132.28,39.32,56.27,99.73,273.13
20260929,12:07:55,47725.36,42585.79,25848.13,16631.02,124.18,1879.35,398.38,460.03,547.09,106.04,163.02,192.71,91.61,137.27,271.41,120.85,189.57,290.25,3031.66,1620.35,463.57,74.51,229.98,943.83,370.9,236.87,281.4,442.21,208.52,101.3,3560.74,234.27,125.54,132.28,39.32,56.27,99.73,273.13
20260929,12:08:00,47719.46,42580.31,25846.88,16630.47,124.18,1879.35,398.3,460.03,547.09,106.04,163.02,192.72,91.61,137.27,271.41,120.85,189.57,290.25,3031.23,1620.13,463.57,74.52,229.98,943.71,371.15,236.87,281.18,442.21,208.52,101.3,3560.5,234.27,125.54,132.28,39.32,56.27,99.73,273.13
20260929,12:08:05,47718.83,42579.09,25849.65,16631.63,124.18,1879.35,398.54,459.78,547.09,106.04,163.02,192.71,91.61,137.27,271.41,120.86,189.57,290.25,3031.1,1620.08,463.5,74.51,229.98,943.71,371.13,236.87,281.13,442.21,208.53,101.3,3561.05,234.6,125.42,132.28,39.32,56.27,99.73,273.13
20260929,12:08:10,47712.85,42571.73,25849.5,16626.32,124.18,1877.93,398.0,459.78,546.79,106.04,163.02,192.71,91.61,137.27,271.41,120.85,189.57,290.25,3030.64,1619.93,463.5,74.5,229.97,943.11,371.13,236.87,281.13,442.21,208.55,101.3,3562.45,234.6,125.42,132.28,39.32,56.28,99.73,273.13
20260929,12:08:15,47713.08,42571.73,25852.67,16629.22,124.18,1877.93,398.54,459.78,546.79,106.04,163.02,192.71,91.61,137.27,271.41,120.73,189.57,290.27,3030.57,1619.94,463.35,74.5,230.09,942.98,371.13,236.87,281.13,442.2,208.51,101.3,3562.65,234.6,125.42,132.28,39.32,56.28,99.73,273.15
20260929,12:08:20,47714.11,42574.7,25846.74,16628.97,124.18,1877.93,398.54,459.78,546.79,106.04,163.02,192.71,91.61,137.27,271.41,120.73,189.57,290.27,3030.81,1619.98,463.27,74.5,230.09,943.14,370.88,236.87,281.45,442.2,208.48,101.3,3560.86,234.6,125.42,132.28,39.32,56.28,99.73,273.17
20260929,12:08:25,47713.85,42574.48,25847.48,16629.94,124.16,1877.93,398.54,460.03,546.75,106.04,163.02,192.7,91.61,137.27,271.41,120.85,189.57,290.27,3030.77,1620.02,463.27,74.49,229.94,942.96,371.13,236.87,281.49,442.23,208.48,101.3,3560.83,234.6,125.42,132.28,39.32,56.28,99.73,273.17
20260929,12:08:30,47717.03,42578.05,25845.88,16629.69,124.16,1877.98,398.54,460.03,546.75,106.04,163.02,192.71,91.61,137.27,271.29,120.85,189.57,290.25,3031.07,1620.17,463.38,74.49,229.94,943.08,371.13,236.87,281.49,442.23,208.47,101.3,3560.4,234.6,125.42,132.28,39.32,56.27,99.73,273.17
20260929,12:08:35,47714.82,42575.88,25844.76,16628.36,124.16,1878.24,398.54,460.03,546.75,106.04,163.02,192.71,91.61,137.06,271.29,120.73,189.57,290.23,3030.92,1620.11,463.16,74.49,230.19,942.93,371.13,236.87,281.49,442.23,208.44,101.3,3560.41,234.64,125.42,132.28,39.32,56.27,99.73,273.16
20260929,12:08:40,47711.28,42572.28,25845.05,16628.18,124.16,1878.24,398.54,460.03,546.72,106.03,163.02,192.73,91.61,137.06,271.29,120.73,189.57,290.23,3030.64,1620.1,463.07,74.49,230.19,942.8,371.16,236.87,281.18,442.17,208.44,101.3,3560.55,234.64,125.42,132.28,39.32,56.27,99.73,273.16
20260929,12:08:45,47669.78,42532.09,25843.88,16627.64,124.04,1878.24,398.55,460.03,546.72,106.03,163.02,192.73,91.61,137.27,271.29,120.73,189.53,290.23,3027.41,1617.69,462.88,74.49,230.19,942.8,370.84,236.87,281.18,442.2,208.45,101.3,3560.33,234.29,125.42,132.28,39.32,56.27,99.73,273.16
20260929,12:08:50,47715.88,42577.01,25844.85,16628.76,124.04,1878.24,398.55,460.03,546.72,106.03,163.02,192.7,91.61,137.27,271.29,120.73,189.53,290.23,3031.01,1620.11,462.88,74.48,230.19,943.42,371.2,236.87,281.5,442.2,208.51,101.3,3560.33,234.62,125.42,132.29,39.32,56.27,99.73,273.16
20260929,12:08:55,47674.82,42536.92,25845.34,16629.08,124.16,1878.24,398.55,460.03,546.72,106.03,163.01,192.7,91.6,137.27,271.29,120.73,189.53,290.23,3027.77,1617.77,462.97,74.5,230.19,943.32,370.95,236.87,281.14,442.21,208.51,101.3,3560.4,234.62,125.42,132.29,39.33,56.27,99.73,273.16
20260929,12:09:00,47674.77,42535.95,25847.76,16628.73,124.16,1878.24,398.46,460.03,546.62,106.03,163.01,192.7,91.6,137.27,271.29,120.73,189.53,290.23,3027.7,1617.76,462.97,74.48,230.08,943.27,371.15,236.87,281.14,442.21,208.48,101.3,3561.25,234.62,125.42,132.29,39.33,56.27,99.73,273.46
20260929,12:09:05,47675.66,42537.55,25844.64,16627.62,124.16,1878.24,398.46,460.03,546.62,105.95,163.0,192.7,91.59,137.27,271.29,120.74,189.53,290.23,3027.85,1617.79,463.08,74.5,229.83,943.26,370.9,236.87,281.45,442.17,208.5,101.3,3560.58,234.62,125.42,132.29,39.33,56.27,99.73,273.13
20260929,12:09:10,47679.82,42539.36,25851.83,16628.39,124.16,1878.24,398.46,460.03,546.62,105.95,163.02,192.76,91.6,137.27,271.29,120.74,189.53,290.2,3027.98,1617.91,463.25,74.5,229.94,943.27,370.9,236.87,281.18,442.17,208.46,101.3,3562.61,234.62,125.54,132.29,39.33,56.27,99.71,273.13
20260929,12:09:15,47676.6,42536.18,25852.79,16629.34,124.16,1878.24,398.46,460.03,546.62,106.03,163.04,192.81,91.6,137.27,271.29,120.74,189.53,290.2,3027.7,1617.79,463.12,74.5,229.83,943.21,370.9,236.87,281.18,442.17,208.43,101.3,3562.65,234.62,125.54,132.29,39.33,56.27,99.71,273.44
20260929,12:09:20,47678.64,42538.01,25852.42,16628.4,124.16,1878.24,398.55,459.78,546.76,106.03,163.04,192.82,91.6,137.27,271.29,120.74,189.53,290.21,3027.87,1617.79,463.22,74.51,230.2,943.16,370.9,236.87,281.18,442.17,208.43,101.3,3562.79,234.62,125.42,132.29,39.33,56.27,99.71,273.14
20260929,12:09:25,47677.97,42537.4,25853.42,16629.69,124.04,1878.24,398.55,459.78,546.76,106.02,163.03,192.82,91.59,137.27,271.29,120.74,189.53,290.25,3027.79,1617.74,463.11,74.51,230.08,943.34,370.9,236.87,281.18,442.2,208.52,101.3,3562.76,234.62,125.42,132.29,39.33,56.27,99.71,273.44
20260929,12:09:30,47679.8,42539.53,25852.8,16630.13,124.04,1878.24,398.55,459.78,546.78,106.02,163.05,192.82,91.61,137.27,271.29,120.76,189.49,290.25,3027.95,1617.74,463.09,74.51,230.08,943.35,370.9,236.87,281.5,442.2,208.52,101.3,3562.44,234.62,125.42,132.29,39.33,56.27,99.71,273.44
20260929,12:09:35,47675.79,42535.79,25852.12,16629.94,124.04,1878.47,398.55,459.78,546.78,106.02,163.06,192.84,91.61,137.27,271.41,120.76,189.49,290.25,3027.66,1617.6,463.18,74.5,229.83,943.21,370.9,236.87,281.49,442.2,208.48,101.3,3562.28,234.62,125.42,132.3,39.33,56.27,99.71,273.44
20260929,12:09:40,47677.09,42536.36,25854.31,16630.08,124.05,1878.57,398.55,459.78,546.78,106.02,163.06,192.86,91.61,137.27,271.41,120.76,189.49,290.25,3027.7,1617.6,463.21,74.51,229.83,943.29,370.88,236.87,281.49,442.18,208.49,101.3,3562.93,234.62,125.42,132.3,39.33,56.26,99.71,273.44
20260929,12:09:45,47675.92,42537.86,25850.62,16634.67,124.05,1879.99,399.09,459.78,546.78,106.02,163.07,192.88,91.61,137.27,271.41,120.76,189.49,290.25,3027.71,1617.57,463.24,74.51,229.95,943.3,370.56,236.87,281.49,442.18,208.49,101.3,3560.53,234.59,125.42,132.3,39.33,56.26,99.71,273.47
20260929,12:09:50,47674.99,42537.32,25845.58,16630.11,124.05,1879.99,398.46,459.78,546.78,106.02,163.07,192.89,91.61,137.27,271.41,120.76,189.54,290.25,3027.78,1617.57,463.35,74.51,230.06,943.26,370.56,236.63,281.49,442.16,208.49,101.3,3560.19,234.59,125.42,132.3,39.33,56.26,99.71,273.47
20260929,12:09:55,47672.06,42534.68,25844.39,16629.48,124.05,1878.5,398.46,459.78,546.71,106.02,163.06,192.87,91.61,137.27,271.41,120.76,189.54,290.25,3027.58,1617.59,463.35,74.5,229.95,943.27,370.56,236.63,281.18,442.16,208.52,101.3,3559.99,234.59,125.42,132.3,39.33,56.26,99.71,273.44
20260929,12:10:00,47674.22,42534.85,25850.44,16629.95,124.05,1878.5,398.46,459.78,546.71,106.02,163.07,192.89,91.61,137.05,271.41,120.88,189.54,290.25,3027.58,1617.58,463.34,74.49,229.83,943.38,370.88,236.63,281.17,442.16,208.51,101.3,3561.75,234.59,125.42,132.3,39.33,56.26,99.71,273.44
20260929,12:10:05,47675.67,42536.68,25848.45,16629.07,124.05,1878.5,398.46,459.78,546.71,106.02,163.07,192.89,91.61,137.05,271.41,120.9,189.54,290.25,3027.75,1617.62,463.34,74.49,229.65,943.42,370.88,236.63,281.48,442.16,208.49,101.3,3561.37,234.59,125.42,132.3,39.33,56.26,99.71,273.14
20260929,12:10:10,47681.01,42538.17,25859.16,16628.93,124.05,1878.5,398.46,459.78,546.71,106.02,163.07,192.89,91.61,137.05,271.41,120.9,189.54,290.25,3027.87,1617.63,463.29,74.51,229.95,943.43,370.88,236.63,281.48,442.16,208.49,101.3,3564.75,234.59,125.42,132.3,39.33,56.26,99.71,273.09
20260929,12:10:15,47679.56,42534.77,25868.54,16633.06,124.11,1878.5,399.01,460.03,546.71,106.02,163.07,192.9,91.61,137.26,271.41,120.77,189.54,290.23,3027.5,1617.51,463.27,74.51,229.95,943.32,370.88,236.63,281.17,442.16,208.52,101.3,3566.56,234.59,125.42,132.3,39.33,56.26,99.71,273.09
20260929,12:10:20,47717.04,42574.12,25855.95,16628.07,124.11,1878.5,398.47,460.16,546.71,106.02,163.07,192.9,91.61,136.63,271.29,120.77,189.54,290.23,3030.79,1619.93,463.26,74.5,229.95,943.31,370.88,236.63,281.48,442.16,208.5,101.3,3563.98,234.59,125.42,132.3,39.33,56.26,99.71,273.09
20260929,12:10:25,47673.79,42531.68,25857.07,16628.36,124.11,1878.5,398.47,460.16,546.71,106.03,163.07,192.9,91.61,136.84,271.29,120.77,189.54,290.23,3027.36,1617.48,463.28,74.51,229.95,942.69,370.88,236.63,281.48,442.16,208.5,101.3,3564.26,234.59,125.42,132.3,39.33,56.26,99.71,273.09
20260929,12:10:30,47669.28,42532.13,25842.99,16628.41,124.11,1878.5,398.56,460.16,546.71,106.03,163.04,192.86,91.59,136.84,271.29,120.78,189.54,290.23,3027.4,1617.58,463.2,74.5,229.83,942.69,370.86,236.63,281.47,442.16,208.47,101.27,3559.85,234.59,125.42,132.3,39.33,56.26,99.71,273.09
20260929,12:10:35,47712.16,42570.45,25853.19,16628.53,124.05,1878.73,398.55,459.91,546.71,106.03,163.04,192.85,91.59,136.84,271.29,120.78,189.54,290.25,3030.48,1619.72,463.23,74.5,230.08,943.18,370.87,236.63,281.47,442.15,208.51,101.27,3563.0,234.59,125.42,132.29,39.33,56.26,99.8,273.09
20260929,12:10:40,47712.48,42570.76,25852.56,16627.8,124.05,1878.5,398.55,459.91,546.68,106.03,163.04,192.86,91.59,136.63,271.29,120.78,189.54,290.25,3030.53,1619.67,463.21,74.5,230.08,943.44,370.87,236.63,281.48,442.15,208.48,101.27,3563.0,234.59,125.42,132.29,39.33,56.26,99.8,273.09
20260929,12:10:45,47712.35,42571.22,25850.54,16627.45,124.05,1878.5,398.46,459.91,546.68,106.03,163.05,192.86,91.6,136.84,271.29,120.78,189.54,290.23,3030.57,1619.66,463.33,74.52,230.08,943.45,370.55,236.63,281.48,442.15,208.48,101.27,3562.46,234.59,125.41,132.29,39.33,56.26,99.8,273.09
20260929,12:10:50,47714.17,42573.15,25853.72,16631.63,124.18,1878.53,399.0,459.91,546.68,106.01,163.05,192.86,91.6,136.63,271.29,120.77,189.54,290.23,3030.63,1619.65,463.23,74.54,230.08,943.64,370.87,236.63,281.48,442.16,208.5,101.27,3562.32,234.59,125.41,132.29,39.33,56.26,99.8,273.09
20260929,12:10:55,47673.1,42533.2,25849.99,16627.54,124.18,1878.53,398.46,459.91,546.61,106.01,163.05,192.86,91.6,136.63,271.29,120.79,189.54,290.23,3027.5,1617.26,463.33,74.52,230.08,943.51,370.87,236.63,281.49,442.16,208.5,101.27,3562.27,234.59,125.41,132.3,39.33,56.26,99.8,273.09
20260929,12:11:00,47670.61,42533.53,25842.54,16628.23,124.18,1878.53,398.46,459.91,546.61,105.93,163.06,192.9,91.6,136.63,271.29,120.91,189.54,290.25,3027.51,1617.38,463.29,74.51,230.08,943.67,370.55,236.63,281.18,442.16,208.5,101.27,3559.75,234.59,125.41,132.3,39.33,56.26,99.8,273.07
20260929,12:11:05,47708.77,42570.34,25842.96,16627.47,124.19,1878.53,398.46,459.91,546.61,105.93,163.06,192.89,91.6,136.84,271.29,120.79,189.54,290.23,3030.5,1619.74,463.43,74.52,229.83,943.54,370.57,236.63,281.18,442.14,208.5,101.27,3560.09,234.58,125.41,132.3,39.33,56.26,99.8,273.02
20260929,12:11:10,47667.74,42529.74,25845.9,16628.76,124.19,1878.31,398.55,460.16,546.61,106.01,163.05,192.85,91.6,136.84,271.29,120.8,189.54,290.23,3027.2,1617.32,463.43,74.52,229.95,942.66,370.57,236.63,281.49,442.14,208.53,101.27,3560.66,234.58,125.41,132.3,39.33,56.26,99.8,273.01
20260929,12:11:15,47665.2,42526.92,25846.99,16628.84,124.19,1878.31,398.55,460.16,546.61,106.01,163.05,192.85,91.6,136.84,271.29,120.8,189.54,290.25,3026.97,1617.11,463.41,74.53,230.08,942.65,370.57,236.63,281.48,442.14,208.53,101.27,3560.98,234.58,125.41,132.3,39.33,56.26,99.8,273.01
20260929,12:11:20,47709.41,42568.39,25848.38,16625.07,124.19,1878.28,398.01,459.91,546.68,106.01,163.05,192.85,91.6,136.84,271.11,120.8,189.54,290.23,3030.4,1619.63,463.22,74.54,230.19,943.11,370.55,236.88,281.48,442.14,208.57,101.27,3562.43,234.58,125.41,132.3,39.33,56.26,99.8,273.03
20260929,12:11:25,47711.17,42572.91,25839.78,16624.57,124.06,1878.28,398.01,459.91,546.67,106.01,163.04,192.82,91.6,136.84,271.11,120.8,189.54,290.21,3030.78,1619.73,463.21,74.54,230.19,943.7,370.55,236.88,281.48,442.1,208.58,101.27,3559.88,234.58,125.41,132.3,39.33,56.27,99.8,273.03
20260929,12:11:30,47668.19,42530.75,25840.67,16624.64,124.19,1878.28,398.01,459.79,546.67,106.01,163.04,192.82,91.6,136.84,271.11,120.8,189.54,290.23,3027.38,1617.25,463.0,74.54,230.05,943.58,370.87,236.88,281.48,442.12,208.55,101.27,3560.14,234.58,125.41,132.3,39.33,56.27,99.8,273.03
20260929,12:11:35,47663.6,42525.87,25842.25,16625.12,124.19,1878.28,398.09,459.79,546.67,106.01,163.04,192.82,91.6,136.63,271.11,120.8,189.54,290.23,3026.97,1617.21,462.99,74.55,229.94,942.79,370.93,236.88,281.53,442.16,208.54,101.27,3560.51,234.58,125.41,132.3,39.33,56.28,99.8,273.05
20260929,12:11:40,47665.9,42528.43,25844.45,16628.71,124.06,1878.5,398.63,459.79,546.61,106.01,163.04,192.82,91.6,136.84,271.11,120.8,189.54,290.23,3027.09,1617.19,463.09,74.55,229.82,943.5,370.93,236.88,281.21,442.16,208.54,101.27,3560.22,234.51,125.41,132.3,39.33,56.28,99.8,273.05
20260929,12:11:45,47662.54,42525.29,25840.3,16624.36,124.06,1878.5,398.1,459.79,546.5,106.01,163.03,192.79,91.6,136.84,271.11,120.8,189.52,290.23,3026.94,1617.42,463.06,74.57,229.64,942.64,370.62,236.88,281.21,442.16,208.54,101.27,3560.1,234.51,125.41,132.3,39.33,56.28,99.8,273.05
20260929,12:11:50,47674.25,42534.09,25851.51,16628.53,124.06,1879.92,398.64,459.79,546.51,106.01,163.03,192.79,91.6,136.84,271.11,120.8,189.52,290.23,3027.55,1617.42,463.04,74.58,229.82,943.53,370.59,236.88,281.53,442.16,208.5,101.27,3562.47,234.51,125.41,132.3,39.33,56.28,99.8,273.05
20260929,12:11:55,47673.02,42530.66,25854.71,16624.75,124.06,1879.92,398.1,459.79,546.46,106.01,163.03,192.79,91.6,136.84,270.99,120.8,189.52,290.23,3027.37,1617.42,463.04,74.55,229.82,943.53,370.66,236.88,281.21,442.16,208.54,101.27,3564.5,234.51,125.41,132.3,39.33,56.29,99.8,273.05
20260929,12:12:00,47677.35,42534.64,25859.82,16629.82,124.06,1879.7,398.81,459.79,546.51,106.01,163.03,192.79,91.6,136.84,270.99,120.8,189.56,290.23,3027.57,1617.37,463.05,74.56,229.82,943.75,370.66,236.88,281.53,442.16,208.51,101.27,3564.72,234.51,125.41,132.3,39.33,56.29,99.8,273.05
20260929,12:12:05,47677.99,42536.54,25855.76,16629.41,124.19,1878.28,398.81,459.76,546.58,106.01,163.02,192.77,91.6,136.84,270.99,120.8,189.52,290.23,3027.73,1617.63,462.95,74.57,229.82,943.28,370.97,236.88,281.58,442.16,208.47,101.3,3563.56,234.51,125.41,132.3,39.33,56.29,99.8,273.05
20260929,12:12:10,47677.09,42535.05,25858.76,16630.83,124.19,1878.28,398.81,459.76,546.58,106.01,163.01,192.77,91.58,136.84,270.99,120.8,189.52,290.23,3027.58,1617.52,462.95,74.56,229.82,943.3,371.02,236.88,281.58,442.16,208.54,101.3,3564.12,234.51,125.41,132.29,39.33,56.29,99.8,273.41
20260929,12:12:15,47712.44,42572.0,25850.02,16629.16,124.19,1878.28,398.64,459.75,546.58,106.01,163.0,192.77,91.58,136.84,270.99,120.79,189.52,290.23,3030.59,1619.92,462.95,74.56,229.82,943.05,371.02,236.88,281.58,442.16,208.51,101.3,3561.84,234.51,125.41,132.29,39.33,56.29,99.8,273.41
20260929,12:12:20,47670.33,42530.95,25850.59,16629.77,124.19,1878.28,398.64,459.75,546.66,106.01,163.0,192.77,91.58,136.84,270.99,120.79,189.52,290.23,3027.27,1617.44,463.08,74.56,229.64,943.23,371.02,236.88,281.27,442.15,208.53,101.3,3561.85,234.51,125.41,132.29,39.37,56.3,99.8,273.41
20260929,12:12:25,47705.26,42564.77,25851.5,16630.09,124.19,1878.28,398.64,459.75,546.66,106.01,163.0,192.77,91.58,136.84,270.99,120.79,189.52,290.23,3029.99,1619.78,463.1,74.56,229.64,942.47,371.06,236.88,281.28,442.16,208.54,101.3,3562.05,234.51,125.41,132.29,39.36,56.32,99.8,273.41
20260929,12:12:30,47667.57,42526.96,25851.82,16626.78,124.19,1878.28,398.1,459.75,546.66,106.01,163.01,192.8,91.58,137.05,270.99,120.79,189.52,290.23,3027.02,1617.38,463.21,74.56,229.89,942.5,371.06,236.88,281.24,442.16,208.57,101.3,3563.04,234.51,125.41,132.29,39.36,56.32,99.8,273.41
20260929,12:12:35,47668.3,42528.46,25852.03,16629.7,124.06,1878.5,398.64,459.75,546.59,106.01,163.01,192.8,91.58,137.05,270.99,120.79,189.52,290.23,3027.07,1617.46,463.22,74.57,229.64,942.98,371.12,236.88,280.93,442.16,208.57,101.3,3562.32,234.18,125.41,132.29,39.36,56.32,99.8,273.41
20260929,12:12:40,47667.22,42527.89,25849.89,16628.86,124.19,1878.5,398.64,459.99,546.41,106.01,163.01,192.8,91.58,137.05,270.99,120.79,189.52,290.23,3027.05,1617.46,463.2,74.57,229.64,942.98,370.81,236.88,280.93,442.16,208.57,101.3,3561.88,234.18,125.41,132.29,39.36,56.32,99.8,273.11
20260929,12:12:45,47667.45,42529.69,25845.08,16628.57,124.19,1878.5,398.64,459.99,546.41,106.01,163.01,192.81,91.57,137.05,270.99,120.79,189.52,290.21,3027.2,1617.48,463.3,74.58,229.64,943.1,371.1,236.88,280.93,442.16,208.54,101.3,3560.45,234.18,125.41,132.29,39.36,56.32,99.82,273.11
20260929,12:12:50,47670.23,42532.22,25845.38,16628.34,124.19,1878.5,398.65,459.99,546.4,106.01,163.01,192.83,91.57,137.05,270.99,120.79,189.52,290.21,3027.41,1617.43,463.3,74.57,229.64,943.74,371.1,236.88,280.93,442.16,208.54,101.3,3560.61,234.18,125.41,132.19,39.36,56.32,99.82,273.13
20260929,12:12:55,47671.84,42533.96,25845.53,16629.1,124.19,1878.5,398.65,460.24,546.32,106.01,163.01,192.82,91.57,137.05,270.99,120.79,189.52,290.18,3027.53,1617.49,463.27,74.56,229.74,943.82,371.1,236.86,280.93,442.16,208.54,101.3,3560.45,234.51,125.41,132.29,39.36,56.32,99.82,273.13
20260929,12:13:00,47670.53,42532.68,25844.9,16628.37,124.06,1878.5,398.65,460.16,546.39,106.01,163.01,192.82,91.57,137.05,270.99,120.79,189.52,290.18,3027.44,1617.43,463.27,74.57,229.74,943.82,371.1,236.86,280.89,442.16,208.54,101.3,3560.45,234.2,125.41,132.29,39.36,56.32,99.82,273.12
20260929,12:13:05,47669.28,42531.34,25842.73,16625.45,124.06,1878.5,398.65,460.16,546.39,106.01,163.01,192.82,91.57,137.05,270.99,120.79,189.52,290.19,3027.41,1617.44,463.27,74.56,229.86,943.24,371.08,236.86,281.2,442.16,208.54,101.3,3560.57,234.2,124.94,132.29,39.36,56.32,99.82,273.43
20260929,12:13:10,47660.9,42523.76,25841.02,16625.45,124.06,1878.5,398.65,460.16,546.39,106.01,163.01,192.82,91.57,137.04,270.99,120.79,189.52,290.19,3026.79,1617.44,463.08,74.57,229.74,942.49,371.08,236.86,280.89,442.16,208.54,101.3,3560.03,234.2,124.94,132.29,39.36,56.32,99.82,273.43
20260929,12:13:15,47662.39,42525.4,25836.49,16620.86,124.06,1878.17,398.02,460.16,546.39,106.01,163.01,192.82,91.57,137.04,270.99,120.79,189.66,290.19,3027.04,1617.46,463.11,74.57,229.74,942.57,371.02,236.86,281.2,442.16,208.54,101.3,3559.87,234.2,124.94,132.29,39.36,56.32,99.82,273.43
20260929,12:13:20,47665.38,42528.1,25841.47,16625.86,124.06,1878.17,398.56,460.16,546.31,106.01,163.0,192.8,91.57,137.04,270.99,120.79,189.66,290.19,3027.13,1617.45,463.16,74.6,229.99,942.53,371.04,236.86,281.18,442.16,208.57,101.3,3560.06,234.2,125.17,132.29,39.36,56.32,99.82,273.12
20260929,12:13:25,47667.8,42530.51,25841.1,16625.62,124.06,1877.8,398.56,460.16,546.31,106.01,163.0,192.8,91.57,137.04,270.99,120.79,189.66,290.16,3027.33,1617.44,463.25,74.56,229.88,943.06,371.36,236.86,281.19,442.16,208.57,101.3,3560.01,234.2,125.17,132.29,39.36,56.32,99.82,273.12
20260929,12:13:30,47665.74,42528.69,25836.26,16620.65,124.06,1877.8,398.56,460.17,546.31,106.01,162.81,192.82,91.42,137.04,270.99,120.77,189.66,290.19,3027.31,1617.37,463.27,74.56,229.88,943.17,371.38,236.86,281.19,442.16,208.57,101.3,3559.85,234.2,124.82,132.29,39.36,56.32,99.82,273.13
20260929,12:13:35,47665.95,42529.11,25838.22,16623.68,124.06,1877.8,398.64,460.17,546.39,106.01,162.81,192.8,91.42,137.04,270.99,120.79,189.66,290.19,3027.27,1617.43,463.27,74.55,229.63,943.18,371.12,236.86,281.19,442.16,208.59,101.3,3559.64,234.2,125.05,132.29,39.36,56.32,99.82,273.13
20260929,12:13:40,47666.65,42529.2,25840.44,16624.24,124.06,1877.8,398.56,459.92,546.25,106.01,163.0,192.79,91.57,137.04,270.99,120.79,189.66,290.19,3027.26,1617.35,463.24,74.55,229.63,943.52,370.66,236.86,281.19,442.16,208.57,101.3,3560.18,234.2,125.05,132.29,39.36,56.32,99.82,273.13
20260929,12:13:45,47710.42,42571.02,25841.55,16622.72,124.06,1877.8,398.56,460.17,546.24,106.01,163.0,192.78,91.57,137.04,270.99,120.79,189.66,290.17,3030.67,1619.76,463.44,74.56,229.63,943.85,371.23,236.86,281.19,442.16,208.51,101.3,3560.94,234.2,124.94,132.26,39.35,56.32,99.82,273.13
20260929,12:13:50,47709.1,42570.75,25839.79,16624.11,124.06,1877.8,398.56,460.17,546.27,106.01,163.0,192.79,91.58,137.04,271.11,120.79,189.68,290.17,3030.61,1619.74,463.41,74.56,229.63,943.82,371.23,236.86,281.19,442.16,208.54,101.3,3560.01,234.2,125.05,132.26,39.35,56.31,99.82,273.13
20260929,12:13:55,47710.42,42571.67,25840.03,16623.16,124.06,1877.8,398.56,460.17,546.27,106.01,163.0,192.79,91.58,137.04,271.11,120.79,189.68,290.17,3030.71,1619.68,463.43,74.55,229.81,944.09,371.21,236.86,281.19,442.16,208.54,101.3,3560.35,234.2,124.94,132.26,39.35,56.31,99.82,273.13
20260929,12:14:00,47715.08,42576.21,25841.49,16624.83,124.19,1877.8,398.47,460.17,546.19,106.01,163.0,192.79,91.58,137.04,271.11,120.91,189.68,290.19,3031.04,1619.89,463.43,74.63,229.81,944.07,371.21,236.86,281.19,442.23,208.57,101.3,3560.35,234.16,125.05,132.26,39.35,56.31,99.82,273.13
20260929,12:14:05,47670.44,42533.3,25839.53,16624.55,124.25,1877.8,398.47,460.17,546.33,106.01,163.0,192.79,91.58,137.04,271.14,120.79,189.68,290.19,3027.58,1617.26,463.15,74.64,229.93,944.15,371.21,236.86,281.18,442.21,208.54,101.3,3559.81,234.2,125.05,132.26,39.35,56.31,99.83,273.14
20260929,12:14:10,47668.21,42531.35,25838.7,16624.32,124.06,1877.8,398.47,460.17,546.33,106.01,163.01,192.81,91.58,137.04,271.14,120.79,189.63,290.19,3027.43,1617.25,463.19,74.64,229.92,944.15,371.23,236.86,280.88,442.21,208.57,101.3,3559.62,234.2,125.05,132.26,39.35,56.31,99.83,273.14
20260929,12:14:15,47672.45,42535.24,25843.5,16629.07,124.06,1877.8,399.02,460.17,546.33,106.01,163.01,192.8,91.58,137.04,271.14,120.78,189.61,290.19,3027.63,1617.43,463.21,74.64,229.8,944.15,371.23,236.86,280.88,442.21,208.57,101.3,3559.82,234.2,125.17,132.26,39.35,56.31,99.83,273.14
20260929,12:14:20,47714.74,42576.45,25843.22,16628.75,124.06,1877.8,399.02,459.92,546.36,106.01,163.01,192.8,91.58,137.04,271.14,120.78,189.61,290.2,3030.96,1619.86,463.21,74.64,229.8,944.15,371.23,236.86,281.2,442.27,208.54,101.3,3559.82,234.2,125.17,132.26,39.35,56.31,99.83,273.14
20260929,12:14:25,47675.27,42535.88,25845.58,16624.41,124.06,1877.8,398.47,459.92,546.36,106.01,163.01,192.82,91.58,137.04,271.14,120.78,189.61,290.2,3027.8,1617.46,463.21,74.64,229.81,943.97,371.23,236.86,281.25,442.25,208.5,101.3,3561.74,234.2,125.17,132.26,39.35,56.31,99.83,273.14
20260929,12:14:30,47716.43,42576.93,25843.07,16624.64,124.06,1877.8,398.47,459.92,546.36,105.93,163.01,192.8,91.58,137.04,271.14,120.78,189.61,290.21,3031.1,1619.87,463.33,74.64,229.93,944.17,371.23,236.86,281.25,442.25,208.5,101.3,3560.89,234.53,125.17,132.26,39.35,56.31,99.83,273.14
20260929,12:14:35,47682.73,42544.9,25842.89,16627.14,124.12,1877.8,399.02,459.92,546.36,105.93,163.01,192.8,91.58,137.03,271.14,120.79,189.61,290.21,3028.46,1617.59,463.33,74.62,229.93,944.95,371.23,236.86,281.25,442.24,208.52,101.3,3560.16,234.53,124.94,132.26,39.35,56.31,99.83,273.14
20260929,12:14:40,47679.48,42540.22,25847.83,16627.79,124.12,1877.8,399.02,459.92,546.36,105.93,163.01,192.79,91.58,137.03,271.14,120.79,189.61,290.19,3028.06,1617.32,463.33,74.62,229.75,945.03,370.92,236.86,281.25,442.25,208.49,101.3,3561.53,234.53,125.05,132.26,39.35,56.31,99.83,273.14
20260929,12:14:45,47717.22,42574.61,25851.23,16623.72,124.12,1877.8,398.47,460.17,546.36,105.93,163.0,192.79,91.58,137.03,271.14,120.82,189.61,290.19,3030.93,1619.72,463.28,74.62,229.63,945.0,370.93,236.86,280.94,442.29,208.45,101.3,3563.69,234.53,125.05,132.26,39.35,56.29,99.83,273.14
20260929,12:14:50,47680.85,42542.05,25846.39,16627.74,124.12,1877.7,399.02,460.25,546.36,105.93,163.0,192.83,91.57,137.03,271.14,120.82,189.61,290.19,3028.21,1617.33,463.28,74.62,230.22,944.94,371.24,236.86,281.25,442.29,208.49,101.3,3561.09,234.53,125.05,132.16,39.35,56.29,99.83,273.14
20260929,12:14:55,47677.82,42540.92,25842.24,16629.12,124.25,1877.7,399.02,460.25,546.36,105.93,163.01,192.86,91.57,137.04,271.14,120.94,189.61,290.19,3028.09,1617.33,463.31,74.61,230.04,944.82,371.24,236.86,281.25,442.3,208.49,101.3,3559.42,234.53,125.05,132.16,39.35,56.29,99.83,273.17
20260929,12:15:00,47675.92,42539.65,25839.91,16628.33,124.25,1877.7,399.02,460.17,546.36,105.93,163.01,192.86,91.57,137.04,271.14,120.95,189.61,290.19,3028.01,1617.27,463.15,74.61,230.05,944.96,371.24,236.86,281.25,442.3,208.5,101.3,3558.9,234.53,124.94,132.16,39.35,56.29,99.83,273.17
20260929,12:15:05,47673.99,42536.05,25845.47,16628.99,124.12,1877.7,399.02,460.25,546.36,105.93,163.01,192.86,91.57,137.04,271.14,120.95,189.61,290.19,3027.7,1617.25,463.08,74.62,230.05,944.78,370.99,236.86,280.93,442.3,208.5,101.3,3560.46,234.53,125.05,132.16,39.35,56.29,99.83,273.17
20260929,12:15:10,47674.64,42534.49,25850.43,16627.37,124.12,1877.69,398.94,459.99,546.36,105.91,163.01,192.86,91.57,137.04,271.14,120.83,189.61,290.19,3027.61,1617.22,463.07,74.61,229.94,944.79,370.99,236.86,280.93,442.27,208.53,101.3,3562.45,234.53,125.05,132.16,39.35,56.29,99.83,273.14
20260929,12:15:15,47674.06,42535.51,25845.17,16626.63,124.12,1877.91,398.93,459.79,546.36,105.9,162.99,192.8,91.57,137.04,271.14,120.83,189.61,290.19,3027.71,1617.22,463.12,74.61,229.82,944.95,370.99,236.86,281.03,442.27,208.49,101.3,3561.01,234.53,125.05,132.16,39.35,56.29,99.83,273.14
20260929,12:15:20,47669.53,42533.32,25839.99,16628.1,124.12,1877.91,399.02,459.79,546.36,105.9,162.99,192.8,91.57,137.04,271.14,120.83,189.61,290.22,3027.5,1617.21,462.93,74.62,229.82,944.82,370.99,236.86,280.92,442.27,208.49,101.3,3558.99,234.53,125.17,132.16,39.35,56.29,99.83,273.09
20260929,12:15:25,47670.11,42531.66,25847.17,16628.91,124.06,1877.91,399.02,459.79,546.36,105.9,162.99,192.8,91.57,137.04,271.14,120.83,189.61,290.22,3027.35,1617.27,462.83,74.62,229.64,944.54,370.99,236.86,280.92,442.27,208.49,101.3,3561.02,234.53,125.29,132.16,39.35,56.29,99.83,273.09
20260929,12:15:30,47668.15,42529.27,25847.88,16628.14,124.06,1877.91,399.02,459.79,546.36,105.9,162.99,192.77,91.57,136.83,271.14,120.83,189.61,290.22,3027.17,1617.27,462.83,74.63,229.64,944.52,370.99,236.86,280.61,442.27,208.46,101.3,3561.45,234.53,125.17,132.16,39.35,56.29,99.83,273.39
20260929,12:15:35,47669.13,42530.64,25844.02,16625.08,124.12,1877.91,398.48,459.86,546.26,105.9,162.98,192.77,91.57,136.83,271.14,120.83,189.61,290.22,3027.36,1617.24,462.86,74.62,229.89,944.41,370.97,236.86,280.92,442.3,208.44,101.3,3561.07,234.53,125.29,132.16,39.35,56.31,99.83,273.39
20260929,12:15:40,47670.39,42531.5,25849.92,16630.62,124.25,1877.91,399.02,460.12,546.26,105.9,162.98,192.77,91.57,136.83,271.14,120.95,189.61,290.19,3027.29,1617.18,462.85,74.62,230.01,944.37,370.65,236.86,280.92,442.3,208.47,101.3,3561.41,234.53,125.29,132.16,39.35,56.31,99.83,273.36
20260929,12:15:45,47668.68,42529.81,25848.88,16629.35,124.25,1877.91,399.02,460.12,546.12,105.9,162.98,192.77,91.57,136.83,271.14,120.83,189.61,290.16,3027.19,1617.17,462.76,74.62,229.76,944.38,371.22,236.86,280.92,442.29,208.47,101.3,3561.43,234.46,125.29,132.16,39.35,56.33,99.83,273.36
20260929,12:15:50,47666.45,42527.7,25848.41,16629.01,124.25,1877.91,399.02,460.12,546.18,105.9,162.98,192.77,91.57,136.83,271.14,120.83,189.61,290.11,3027.03,1617.15,462.67,74.61,229.82,944.47,371.19,236.86,280.65,442.29,208.43,101.3,3561.37,234.46,125.28,132.16,39.35,56.33,99.83,273.36
20260929,12:15:55,47663.44,42526.54,25841.94,16627.52,124.19,1877.91,399.02,460.12,546.18,105.9,162.99,192.77,91.57,136.82,270.78,120.84,189.61,290.11,3026.97,1617.16,462.68,74.63,229.82,944.33,370.95,236.86,280.65,442.29,208.4,101.3,3559.76,234.46,125.16,132.16,39.35,56.33,99.83,273.36
20260929,12:16:00,47665.17,42528.87,25840.5,16628.03,124.19,1877.91,398.94,460.12,546.18,105.9,162.99,192.77,91.57,136.82,270.78,120.96,189.62,290.11,3027.14,1617.17,462.66,74.61,229.82,944.36,370.95,236.86,280.96,442.29,208.43,101.3,3559.17,234.46,125.16,132.16,39.35,56.33,99.83,273.36
20260929,12:16:05,47663.43,42526.9,25835.94,16621.86,124.19,1877.91,398.4,460.12,546.18,105.9,162.99,192.78,91.57,136.82,270.96,120.82,189.66,290.11,3027.13,1617.17,462.57,74.61,229.87,944.4,370.9,236.86,280.96,442.29,208.36,101.3,3559.42,234.46,125.16,132.16,39.35,56.33,99.83,273.1
20260929,12:16:10,47663.31,42524.18,25847.49,16626.42,124.25,1877.91,398.94,459.86,546.23,105.9,162.99,192.77,91.57,136.82,270.78,120.82,189.66,290.11,3026.81,1617.19,462.58,74.63,229.87,943.53,370.9,236.86,280.95,442.29,208.43,101.3,3561.79,234.46,125.16,132.16,39.35,56.33,99.83,273.1
20260929,12:16:15,47659.64,42520.61,25847.61,16626.58,124.25,1878.14,398.94,459.86,546.23,105.9,162.99,192.78,91.57,136.82,270.78,120.82,189.66,290.13,3026.51,1616.99,462.66,74.62,229.76,943.53,370.88,236.86,280.9,442.29,208.43,101.3,3561.78,234.46,125.16,132.16,39.35,56.33,99.83,273.1
20260929,12:16:20,47658.59,42519.97,25846.38,16626.46,124.12,1878.14,398.94,459.78,546.23,105.9,163.0,192.79,91.57,137.03,270.78,120.82,189.66,290.13,3026.47,1616.98,462.68,74.61,229.64,943.53,370.89,236.86,280.9,442.29,208.43,101.3,3561.43,234.46,125.16,132.16,39.32,56.33,99.83,273.12
20260929,12:16:25,47654.86,42518.9,25839.27,16626.86,124.12,1878.14,399.02,459.78,546.24,105.9,163.0,192.8,91.57,136.82,270.78,120.79,189.66,290.13,3026.37,1616.85,462.71,74.59,229.63,943.73,370.89,236.61,280.9,442.32,208.44,101.3,3559.1,234.46,125.17,132.16,39.32,56.33,99.83,273.1
20260929,12:16:30,47663.9,42527.99,25838.65,16627.09,124.12,1878.14,399.11,459.78,546.26,105.9,163.0,192.79,91.58,136.82,270.78,120.79,189.66,290.13,3027.1,1617.2,462.68,74.58,229.88,944.19,370.89,236.61,280.91,442.33,208.47,101.3,3558.85,234.46,125.05,132.25,39.32,56.33,99.83,273.05
20260929,12:16:35,47667.36,42528.55,25846.55,16626.76,124.12,1877.91,399.11,459.78,546.26,105.9,163.0,192.78,91.58,136.82,270.78,120.79,189.66,290.13,3027.15,1617.21,462.62,74.58,229.93,944.31,370.89,236.61,280.91,442.33,208.44,101.3,3561.41,234.46,125.05,132.25,39.32,56.33,99.85,273.05
20260929,12:16:40,47665.24,42527.11,25840.73,16622.16,124.25,1877.91,398.48,459.78,546.26,105.9,163.0,192.78,91.58,136.82,270.78,120.79,189.48,290.13,3027.14,1617.21,462.6,74.6,229.93,944.32,370.57,236.61,280.91,442.27,208.43,101.3,3560.83,234.46,125.05,132.25,39.32,56.33,99.85,273.05
20260929,12:16:45,47664.51,42526.02,25842.3,16622.71,124.25,1877.91,398.48,459.78,546.33,105.82,163.0,192.78,91.58,136.82,270.78,120.79,189.48,290.13,3027.04,1617.16,462.66,74.6,229.93,944.18,370.57,236.61,280.91,442.25,208.49,101.3,3561.17,234.46,125.05,132.25,39.32,56.33,99.85,273.05
20260929,12:16:50,47668.02,42529.52,25845.84,16627.02,124.25,1877.91,398.95,459.7,546.33,105.82,163.01,192.8,91.58,136.82,270.78,120.79,189.48,290.13,3027.22,1617.3,462.62,74.6,229.93,944.2,370.57,236.61,280.92,442.25,208.49,101.3,3561.11,234.46,125.17,132.25,39.32,56.33,99.85,273.05
20260929,12:16:55,47664.26,42526.17,25841.89,16623.55,124.25,1877.97,398.48,459.7,546.34,105.82,163.01,192.8,91.58,136.82,270.78,120.79,189.62,290.13,3027.03,1617.25,462.6,74.61,229.7,944.19,370.91,236.61,280.82,442.25,208.46,101.3,3560.82,234.46,125.17,132.25,39.32,56.33,99.85,273.05
20260929,12:17:00,47704.57,42564.6,25846.0,16625.42,124.25,1877.97,399.03,459.69,546.34,105.82,163.01,192.8,91.58,136.82,270.78,120.79,189.48,290.13,3030.09,1619.62,462.59,74.61,229.7,944.16,370.91,236.61,280.82,442.25,208.46,101.3,3561.6,234.46,124.94,132.25,39.32,56.33,99.85,273.05
20260929,12:17:05,47705.19,42565.75,25845.42,16626.61,124.25,1877.97,399.03,459.69,546.34,105.82,163.01,192.8,91.58,136.83,270.78,120.79,189.62,290.14,3030.15,1619.77,462.43,74.59,229.58,944.14,370.91,236.61,280.83,442.25,208.46,101.3,3561.09,234.53,125.05,132.25,39.32,56.33,99.85,273.05
20260929,12:17:10,47666.4,42528.01,25845.19,16626.52,124.25,1877.97,399.03,459.69,546.34,105.82,163.01,192.78,91.59,136.83,270.78,120.8,189.62,290.11,3027.11,1617.37,462.6,74.59,229.58,944.15,370.91,236.61,280.83,442.25,208.34,101.3,3561.04,234.53,125.17,132.25,39.32,56.33,99.85,273.05
20260929,12:17:15,47667.61,42527.22,25850.39,16625.91,124.26,1877.97,399.03,459.69,546.34,105.82,163.02,192.79,91.59,136.83,270.78,120.8,189.62,290.11,3027.06,1617.29,462.6,74.58,229.76,944.16,370.91,236.6,280.83,442.22,208.28,101.3,3562.84,234.53,125.17,132.25,39.32,56.33,99.85,273.05
20260929,12:17:20,47665.55,42525.3,25846.81,16622.08,124.26,1877.97,398.48,459.69,546.34,105.82,163.01,192.78,91.59,136.83,270.78,120.8,189.66,290.11,3027.0,1617.24,462.65,74.58,229.76,944.12,370.91,236.6,280.82,442.22,208.29,101.3,3562.75,234.53,125.17,132.25,39.32,56.33,99.85,273.05
20260929,12:17:25,47702.49,42563.38,25841.73,16623.23,124.26,1877.97,398.48,459.95,546.34,105.82,163.02,192.79,91.59,136.83,270.78,120.8,189.62,290.11,3030.04,1619.5,462.54,74.58,230.01,944.26,370.91,236.6,280.83,442.22,208.29,101.3,3560.86,234.53,125.17,132.25,39.32,56.33,99.85,273.36
20260929,12:17:30,47695.52,42558.15,25841.18,16627.81,124.26,1877.97,399.03,459.95,546.29,105.82,163.01,192.79,91.59,136.83,270.78,120.8,189.62,290.12,3029.51,1619.29,462.54,74.59,230.13,943.55,370.91,236.6,280.81,442.22,208.37,101.3,3559.44,234.53,125.17,132.25,39.32,56.33,99.85,273.36
20260929,12:17:35,47691.09,42553.0,25842.38,16626.42,124.26,1877.97,399.03,459.95,546.29,105.82,163.01,192.79,91.58,136.83,270.78,120.8,189.62,290.12,3029.13,1619.28,462.48,74.59,230.18,943.1,370.91,236.84,280.5,442.22,208.32,101.3,3560.2,234.53,125.05,132.25,39.32,56.33,99.85,273.36
20260929,12:17:40,47692.67,42553.95,25841.36,16623.26,124.26,1877.97,398.5,459.95,546.29,105.82,163.01,192.79,91.58,136.83,270.78,120.8,189.62,290.12,3029.28,1619.28,462.48,74.58,230.18,943.06,370.85,236.84,280.82,442.27,208.29,101.3,3560.73,234.53,125.17,132.25,39.32,56.33,99.85,273.36
20260929,12:17:45,47691.83,42553.66,25838.75,16622.03,124.21,1877.97,398.5,459.95,546.28,105.82,163.01,192.78,91.58,136.83,270.78,120.8,189.62,290.12,3029.29,1619.27,462.48,74.59,230.18,943.06,370.85,236.84,280.83,442.24,208.28,101.3,3560.25,234.53,125.05,132.25,39.32,56.33,99.85,273.38
20260929,12:17:50,47653.22,42515.79,25839.59,16622.15,124.21,1877.97,398.5,459.69,546.31,105.81,163.01,192.77,91.59,136.83,270.78,120.8,189.62,290.12,3026.23,1616.86,462.53,74.59,230.31,943.06,370.83,236.84,280.83,442.24,208.31,101.3,3560.48,234.53,125.05,132.25,39.32,56.33,99.85,273.38
20260929,12:17:55,47655.25,42517.85,25843.57,16627.0,124.21,1877.94,399.04,459.95,546.31,105.81,163.01,192.77,91.59,136.82,270.78,120.93,189.62,290.12,3026.28,1617.01,462.55,74.58,229.94,943.05,370.83,236.84,280.83,442.29,208.28,101.3,3560.41,234.53,125.17,132.25,39.32,56.33,99.85,273.05
20260929,12:18:00,47656.69,42518.92,25840.95,16622.88,124.28,1877.94,398.5,459.95,546.31,105.81,163.02,192.79,91.59,136.82,270.78,120.81,189.66,290.12,3026.47,1617.13,462.56,74.59,229.94,943.05,371.14,236.84,280.83,442.28,208.32,101.3,3560.71,234.53,125.17,132.25,39.32,56.33,99.85,273.07
20260929,12:18:05,47656.99,42521.82,25833.21,16622.7,124.28,1877.94,398.58,459.95,546.31,105.81,163.01,192.79,91.58,137.03,270.9,120.83,189.66,290.12,3026.7,1617.11,462.56,74.59,229.76,943.82,371.14,236.84,280.84,442.22,208.31,101.3,3558.34,234.53,125.05,132.25,39.32,56.33,99.85,273.05
20260929,12:18:10,47664.27,42527.77,25836.67,16622.89,124.28,1877.94,398.51,459.95,546.31,105.81,163.0,192.82,91.57,136.82,270.9,120.83,189.66,290.12,3027.18,1617.26,462.48,74.59,229.77,944.54,371.12,236.84,280.85,442.33,208.31,101.3,3559.37,234.53,125.05,132.27,39.32,56.33,99.85,273.36
20260929,12:18:15,47665.05,42529.06,25839.24,16627.6,124.28,1877.94,398.96,459.95,546.17,105.81,163.0,192.82,91.57,136.82,271.08,120.95,189.66,290.12,3027.17,1617.26,462.47,74.59,229.79,944.57,370.87,236.84,280.85,442.31,208.31,101.3,3558.89,234.53,125.17,132.27,39.32,56.34,99.85,273.36
20260929,12:18:20,47661.04,42525.63,25836.85,16626.44,124.28,1877.94,398.96,459.69,546.06,105.81,163.0,192.82,91.57,136.82,271.08,120.94,189.7,290.14,3026.92,1617.25,462.47,74.59,229.78,943.95,371.19,236.84,280.85,442.31,208.24,101.3,3558.46,234.53,125.17,132.27,39.32,56.34,99.85,273.39
20260929,12:18:25,47663.59,42528.78,25832.26,16623.41,124.15,1877.94,399.13,459.69,546.06,105.81,162.8,192.81,91.41,136.82,271.08,120.82,189.7,290.14,3027.25,1617.26,462.46,74.57,229.79,944.79,370.88,236.84,280.83,442.32,208.24,101.3,3557.85,234.53,125.05,132.27,39.32,56.34,99.85,273.39
20260929,12:18:30,47665.48,42528.43,25843.92,16629.48,124.28,1877.94,399.68,459.69,546.06,105.83,162.81,192.83,91.41,136.82,271.08,120.92,189.67,290.14,3027.07,1617.12,462.49,74.58,229.79,944.76,370.94,236.84,280.83,442.32,208.25,101.3,3559.84,234.53,125.17,132.27,39.32,56.34,99.85,273.38
20260929,12:18:35,47665.71,42528.26,25842.48,16626.5,124.28,1877.94,399.05,459.69,546.0,105.83,162.81,192.83,91.41,136.83,271.08,120.92,189.63,290.14,3027.13,1617.27,462.5,74.58,230.04,944.65,370.63,236.84,280.52,442.32,208.44,101.3,3560.2,234.53,125.17,132.27,39.32,56.34,99.85,273.38
20260929,12:18:40,47667.61,42530.0,25846.74,16631.02,124.28,1879.36,399.59,459.69,546.15,105.83,162.81,192.84,91.41,136.83,271.08,120.8,189.63,290.14,3027.16,1617.14,462.5,74.57,230.04,944.75,370.65,236.85,280.83,442.32,208.44,101.3,3560.31,234.86,125.15,132.27,39.32,56.34,99.85,273.37
20260929,12:18:45,47668.81,42531.64,25843.28,16628.62,124.28,1879.36,399.05,459.95,546.15,105.83,162.81,192.84,91.41,136.83,271.08,120.8,189.63,290.14,3027.35,1617.26,462.5,74.58,230.04,944.79,370.65,236.85,280.83,442.32,208.47,101.3,3559.88,234.85,125.27,132.27,39.32,56.34,99.85,273.37
20260929,12:18:50,47669.28,42531.85,25845.96,16630.87,124.28,1879.36,399.59,460.08,546.15,105.84,162.82,192.88,91.41,136.83,271.08,120.79,189.63,290.11,3027.32,1617.21,462.48,74.59,230.04,944.89,370.65,236.85,280.83,442.32,208.47,101.3,3560.11,234.85,125.04,132.27,39.32,56.32,99.85,273.37
20260929,12:18:55,47668.24,42531.25,25840.04,16625.44,124.28,1877.94,398.96,460.08,546.15,105.84,162.82,192.88,91.41,136.83,271.08,120.79,189.67,290.1,3027.4,1617.33,462.48,74.54,230.04,944.76,370.96,236.87,280.82,442.32,208.33,101.3,3559.73,234.85,125.28,132.27,39.33,56.32,99.85,273.09
20260929,12:19:00,47708.3,42570.03,25841.24,16625.97,124.28,1878.1,399.05,459.82,546.15,105.84,162.81,192.86,91.41,136.83,271.08,120.79,189.62,290.1,3030.51,1619.66,462.5,74.54,230.04,944.93,370.96,236.87,280.83,442.32,208.34,101.3,3559.96,234.85,125.28,132.27,39.33,56.32,99.85,273.13
20260929,12:19:05,47663.41,42526.29,25841.24,16625.97,124.28,1878.1,399.04,459.9,546.15,105.84,162.82,192.87,91.41,136.83,271.08,120.92,189.58,290.1,3026.99,1617.07,462.31,74.54,229.79,944.97,370.96,236.87,280.83,442.32,208.45,101.3,3559.96,234.85,125.04,132.26,39.33,56.32,99.85,273.13
20260929,12:19:10,47665.58,42528.66,25845.18,16631.35,124.28,1878.1,399.59,459.9,546.15,105.84,162.82,192.87,91.41,136.82,271.08,120.92,189.58,290.1,3027.05,1617.06,462.31,74.56,229.79,945.15,370.96,236.87,280.78,442.32,208.3,101.3,3559.73,234.85,125.28,132.26,39.33,56.32,99.85,273.45
20260929,12:19:15,47664.82,42527.7,25841.31,16626.2,124.28,1878.33,399.51,460.16,546.15,105.92,162.81,192.86,91.41,136.82,271.08,120.79,189.58,290.1,3027.09,1617.21,462.43,74.53,229.79,945.14,370.96,236.87,280.48,442.26,208.15,101.3,3559.92,234.85,125.04,132.26,39.33,56.32,99.85,273.15
20260929,12:19:20,47664.11,42527.09,25840.91,16625.99,124.28,1878.33,399.51,460.16,546.15,105.92,162.82,192.86,91.41,136.82,271.08,120.79,189.44,290.08,3027.05,1617.17,462.42,74.53,229.79,945.15,370.96,236.87,280.48,442.32,208.14,101.3,3559.85,234.85,125.04,132.26,39.33,56.32,99.85,273.13
20260929,12:19:25,47707.91,42569.05,25844.27,16627.45,124.28,1878.33,399.51,460.16,546.15,105.92,162.81,192.85,91.41,136.82,271.08,120.77,189.58,290.08,3030.4,1619.58,462.53,74.53,229.79,945.16,370.92,236.87,280.79,442.3,208.11,101.3,3560.51,234.85,125.28,132.26,39.33,56.32,99.85,273.13
20260929,12:19:30,47668.86,42531.41,25844.35,16628.93,124.21,1878.1,399.51,459.9,546.15,105.92,162.8,192.83,91.41,136.82,271.08,120.9,189.58,290.08,3027.33,1617.25,462.48,74.55,229.78,945.03,371.25,236.87,280.8,442.3,208.26,101.3,3560.13,234.85,125.28,132.26,39.33,56.3,99.85,273.13
20260929,12:19:35,47707.07,42568.71,25843.32,16627.97,124.21,1878.1,399.51,459.9,546.15,105.92,162.8,192.82,91.41,136.82,271.08,120.8,189.58,290.04,3030.36,1619.54,462.56,74.55,229.78,945.14,370.93,236.87,280.79,442.3,208.26,101.3,3560.07,234.85,125.27,132.27,39.33,56.29,99.85,273.1
20260929,12:19:40,47710.15,42571.3,25843.97,16627.33,124.21,1878.1,399.42,459.9,546.15,105.92,162.8,192.82,91.41,136.82,271.08,120.8,189.58,290.04,3030.58,1619.71,462.53,74.55,229.78,945.19,370.93,236.87,280.79,442.3,208.26,101.3,3560.44,234.85,125.27,132.27,39.33,56.29,99.85,273.1
20260929,12:19:45,47715.83,42576.78,25843.41,16626.52,124.28,1878.1,399.51,459.9,546.15,105.92,162.82,192.82,91.42,136.83,271.08,120.8,189.58,290.04,3031.04,1619.86,462.69,74.55,230.15,945.3,370.93,236.87,280.8,442.3,208.26,101.3,3560.49,234.85,125.04,132.27,39.33,56.29,99.85,273.1
20260929,12:19:50,47716.67,42577.84,25843.9,16627.86,124.28,1878.1,399.51,459.82,546.16,105.92,162.83,192.86,91.42,136.83,271.08,120.8,189.58,290.04,3031.09,1619.89,462.73,74.55,230.26,945.18,370.93,236.87,280.8,442.3,208.29,101.3,3560.28,234.85,125.16,132.27,39.33,56.29,99.85,273.1
20260929,12:19:55,47716.75,42578.54,25842.01,16627.79,124.28,1878.1,399.51,459.82,546.08,105.91,162.83,192.86,91.42,136.83,271.08,120.8,189.58,290.04,3031.15,1619.89,462.71,74.61,230.26,945.19,371.25,236.87,280.8,442.3,208.33,101.3,3559.71,234.85,125.16,132.27,39.33,56.29,99.85,273.05
20260929,12:20:00,47715.66,42577.51,25839.16,16624.59,124.28,1878.1,398.97,459.82,546.08,105.91,162.83,192.86,91.42,136.83,271.08,120.92,189.58,290.04,3031.15,1619.87,462.69,74.6,230.32,945.16,371.25,236.85,280.85,442.3,208.33,101.3,3559.68,234.84,125.16,132.27,39.33,56.29,99.85,273.05
20260929,12:20:05,47676.0,42538.78,25839.58,16624.84,124.15,1878.33,399.51,459.82,546.08,105.91,162.83,192.86,91.42,137.04,271.08,120.8,189.58,290.04,3028.02,1617.24,462.73,74.61,230.14,945.97,371.31,236.85,280.8,442.3,208.32,101.3,3559.75,234.84,124.81,132.27,39.33,56.29,99.85,273.05
20260929,12:20:10,47714.77,42576.39,25839.9,16624.65,124.15,1878.33,399.51,459.82,546.0,105.91,162.83,192.86,91.42,137.04,271.08,120.8,189.61,290.04,3031.06,1619.72,462.73,74.61,230.14,945.96,371.31,236.85,280.48,442.3,208.32,101.3,3559.9,234.84,124.81,132.27,39.33,56.29,99.85,273.05
20260929,12:20:15,47670.3,42535.44,25832.97,16624.61,124.15,1878.33,399.51,460.08,546.02,105.91,162.82,192.86,91.41,136.83,271.08,120.8,189.61,290.04,3027.76,1617.27,462.59,74.6,230.15,945.88,371.0,236.85,280.48,442.26,208.33,101.3,3557.75,234.84,124.81,132.27,39.33,56.3,99.85,273.05
20260929,12:20:20,47673.28,42536.15,25835.7,16620.42,124.15,1878.33,398.88,460.08,546.02,105.91,162.83,192.88,91.41,137.04,271.08,120.8,189.61,290.04,3027.91,1617.22,462.65,74.6,230.15,945.97,370.92,236.85,280.79,442.28,208.33,101.3,3559.73,234.84,124.81,132.27,39.33,56.3,99.85,273.05
20260929,12:20:25,47712.11,42572.52,25841.87,16622.59,124.15,1878.33,399.42,459.82,546.02,105.91,162.83,192.86,91.43,137.04,271.08,120.8,189.61,290.04,3030.79,1619.67,462.63,74.6,230.04,945.38,370.92,236.85,280.79,442.28,208.27,101.3,3561.07,234.77,124.69,132.27,39.33,56.3,99.85,273.05
20260929,12:20:30,47672.23,42534.24,25843.31,16626.22,124.15,1878.33,399.5,459.82,546.06,105.91,162.82,192.86,91.41,137.04,271.08,120.92,189.61,290.04,3027.62,1617.24,462.64,74.61,230.04,945.29,370.94,236.85,280.79,442.34,208.28,101.3,3560.54,234.77,124.93,132.27,39.33,56.3,99.85,273.12
20260929,12:20:35,47711.78,42572.35,25844.1,16625.68,124.15,1878.33,399.5,459.82,546.06,105.91,162.82,192.86,91.41,137.04,271.08,120.8,189.61,290.04,3030.7,1619.54,462.6,74.61,230.1,945.51,371.0,236.85,280.79,442.34,208.41,101.3,3560.93,234.77,124.81,132.27,39.33,56.3,99.85,273.1
20260929,12:20:40,47716.63,42577.49,25843.83,16626.76,124.15,1878.33,399.5,459.81,546.06,105.91,162.82,192.86,91.41,137.04,271.08,120.82,189.61,290.04,3031.09,1619.83,462.54,74.61,230.21,945.52,371.0,236.85,280.79,442.34,208.41,101.3,3560.56,234.77,124.93,132.27,39.33,56.3,99.85,273.1
20260929,12:20:45,47708.5,42569.97,25838.27,16621.72,124.15,1878.33,398.96,459.81,546.06,105.91,162.82,192.86,91.42,137.04,271.08,120.82,189.61,290.04,3030.61,1619.7,462.62,74.59,230.03,945.34,370.56,236.85,280.48,442.34,208.3,101.3,3560.19,234.77,124.93,132.27,39.33,56.3,99.85,273.1
20260929,12:20:50,47713.35,42574.74,25838.54,16622.17,124.15,1878.33,398.88,459.81,546.06,105.91,162.82,192.86,91.42,137.04,271.08,120.82,189.61,290.02,3030.98,1619.68,462.76,74.59,230.39,945.4,370.56,236.85,280.79,442.34,208.42,101.3,3560.15,234.77,124.93,132.27,39.33,56.3,99.85,273.08
20260929,12:20:55,47717.53,42576.76,25846.7,16624.68,124.15,1876.91,399.51,459.81,546.06,105.91,162.82,192.86,91.42,137.04,271.08,120.82,189.61,290.02,3031.08,1619.8,462.76,74.62,230.39,945.25,370.56,236.85,280.79,442.33,208.45,101.3,3562.02,234.77,124.69,132.27,39.33,56.3,99.85,273.08
20260929,12:21:00,47712.47,42572.44,25842.37,16621.71,124.28,1876.91,398.97,459.81,546.06,105.93,162.82,192.86,91.42,137.04,271.08,120.94,189.65,290.02,3030.81,1619.56,462.76,74.62,230.38,945.26,370.87,236.85,280.79,442.34,208.24,101.3,3561.47,234.77,124.92,132.26,39.33,56.3,99.85,273.08
20260929,12:21:05,47673.24,42535.61,25839.31,16622.88,124.28,1876.91,399.42,460.07,546.01,105.93,162.82,192.86,91.42,137.04,271.08,120.81,189.65,290.02,3027.81,1617.16,462.74,74.61,230.63,945.41,370.89,236.85,280.77,442.33,208.39,101.3,3560.2,234.77,124.57,132.26,39.33,56.3,99.85,273.08
20260929,12:21:10,47673.37,42536.22,25838.65,16623.75,124.28,1876.68,399.42,459.94,546.05,105.93,162.82,192.86,91.42,137.04,271.08,120.81,189.65,290.02,3027.84,1617.17,462.7,74.6,230.63,945.41,371.14,236.85,280.81,442.33,208.39,101.3,3559.75,234.77,124.69,132.26,39.33,56.3,99.84,273.08
20260929,12:21:15,47672.17,42534.41,25836.95,16619.65,124.21,1876.68,398.88,459.94,546.05,105.93,162.82,192.85,91.42,137.04,271.08,120.81,189.65,290.02,3027.79,1617.32,462.74,74.61,230.63,944.77,371.15,236.85,280.81,442.33,208.39,101.3,3560.34,234.77,124.69,132.26,39.33,56.3,99.84,273.1
20260929,12:21:20,47676.16,42538.08,25836.62,16618.57,124.21,1876.68,398.88,459.94,546.04,105.93,162.82,192.85,91.42,137.04,271.08,120.81,189.65,290.02,3028.11,1617.19,462.92,74.6,230.52,945.86,371.15,236.85,280.81,442.33,208.39,101.3,3560.53,234.77,124.57,132.26,39.33,56.29,99.84,273.1
20260929,12:21:25,47674.75,42537.14,25833.95,16616.92,124.28,1876.68,398.88,459.68,546.04,105.93,162.83,192.85,91.42,137.05,271.08,120.81,189.51,290.02,3028.08,1617.2,462.92,74.62,230.34,945.86,371.15,236.85,280.81,442.33,208.24,101.3,3560.14,234.73,124.57,132.26,39.33,56.29,99.84,273.1
20260929,12:21:30,47675.87,42538.29,25836.35,16619.84,124.28,1876.68,399.5,459.68,545.98,105.93,162.83,192.85,91.42,137.05,271.08,120.81,189.48,290.02,3028.1,1617.23,462.84,74.61,230.09,946.13,371.15,236.85,280.81,442.33,208.09,101.3,3560.1,234.73,124.57,132.26,39.33,56.29,99.84,273.1
20260929,12:21:35,47716.04,42577.0,25839.3,16621.82,124.21,1876.68,399.42,459.68,545.98,105.93,162.83,192.84,91.42,137.05,271.08,120.81,189.48,290.01,3031.17,1619.63,462.86,74.62,230.09,946.03,371.16,236.85,280.81,442.33,208.39,101.3,3560.48,234.73,124.57,132.26,39.33,56.29,99.84,273.1
20260929,12:21:40,47710.24,42571.17,25834.93,16616.19,124.28,1876.68,398.79,459.68,545.85,105.93,162.83,192.84,91.42,137.09,271.08,120.81,189.48,290.01,3030.84,1619.63,462.88,74.63,229.97,945.31,371.24,236.85,280.8,442.34,208.39,101.3,3560.64,234.73,124.45,132.26,39.37,56.29,99.84,273.1
20260929,12:21:45,47713.02,42574.26,25834.46,16616.95,124.28,1876.91,398.87,459.68,545.85,105.93,162.83,192.8,91.44,137.09,271.08,120.81,189.48,290.01,3031.07,1619.74,462.97,74.62,229.97,945.44,371.22,236.85,280.8,442.34,208.39,101.3,3560.29,234.73,124.45,132.26,39.37,56.29,99.84,273.1
20260929,12:21:50,47715.99,42573.83,25842.54,16615.09,124.28,1876.91,398.87,459.69,545.92,105.94,162.84,192.85,91.43,137.09,271.08,120.93,189.48,290.01,3031.08,1619.65,462.97,74.61,230.08,945.64,371.25,236.85,280.8,442.35,208.27,101.27,3563.32,234.73,124.21,132.26,39.37,56.29,99.84,273.1
20260929,12:21:55,47715.87,42576.83,25837.21,16619.41,124.28,1876.91,399.42,459.69,545.99,105.94,162.84,192.85,91.43,137.09,271.08,120.94,189.48,290.01,3031.22,1619.65,463.08,74.62,230.08,945.83,371.25,236.85,280.8,442.35,208.26,101.27,3560.48,234.73,124.21,132.26,39.37,56.31,99.84,273.1
20260929,12:22:00,47711.93,42572.76,25834.78,16615.85,124.28,1877.28,399.42,459.94,545.89,105.94,162.84,192.85,91.43,137.09,271.08,120.94,189.48,290.01,3030.97,1619.65,463.14,74.62,229.97,945.63,371.25,236.85,280.53,442.33,208.3,101.27,3560.69,234.73,123.74,132.26,39.37,56.31,99.84,273.05
20260929,12:22:05,47678.65,42540.75,25832.97,16615.15,124.28,1877.28,398.87,459.94,546.03,105.94,162.85,192.85,91.44,136.88,271.08,120.94,189.48,290.01,3028.41,1617.36,463.13,74.61,230.22,945.89,371.25,236.85,280.94,442.33,208.33,101.27,3560.31,234.73,124.09,132.26,39.37,56.31,99.84,273.05
20260929,12:22:10,47719.02,42579.87,25836.91,16618.96,124.28,1877.28,399.41,459.94,546.13,105.94,162.83,192.8,91.44,136.87,271.08,120.84,189.48,290.01,3031.47,1619.74,463.05,74.61,230.22,945.91,371.25,236.85,280.94,442.28,208.27,101.27,3560.51,234.73,124.21,132.26,39.37,56.31,99.84,273.05
20260929,12:22:15,47676.33,42538.56,25832.91,16615.34,124.28,1878.7,398.87,459.94,546.12,105.94,162.83,192.8,91.44,136.87,271.08,120.84,189.48,290.01,3028.23,1617.38,463.05,74.61,229.97,945.7,371.25,236.88,280.94,442.33,208.24,101.27,3560.24,234.73,124.21,132.26,39.37,56.31,99.84,273.05
20260929,12:22:20,47681.28,42543.39,25838.13,16621.36,124.28,1878.7,399.42,459.94,546.2,105.94,162.83,192.8,91.44,136.87,271.08,120.84,189.51,290.01,3028.48,1617.43,463.05,74.62,229.97,946.12,371.25,236.88,280.94,442.33,208.41,101.27,3560.24,234.73,124.21,132.26,39.37,56.31,99.84,273.05
20260929,12:22:25,47720.81,42582.16,25832.22,16615.4,124.28,1877.28,398.88,459.94,546.2,105.94,162.83,192.78,91.44,137.09,271.08,120.84,189.51,290.01,3031.74,1619.85,462.73,74.62,230.23,946.64,371.25,236.88,280.84,442.33,208.24,101.27,3560.01,234.73,124.21,132.26,39.37,56.31,99.84,273.05
20260929,12:22:30,47719.4,42580.75,25836.07,16619.69,124.28,1878.47,399.33,460.01,546.2,105.94,162.83,192.78,91.44,137.09,271.08,120.85,189.51,290.01,3031.53,1619.74,462.73,74.61,230.23,946.47,371.25,236.88,280.85,442.37,208.27,101.27,3560.05,234.73,124.21,132.26,39.37,56.31,99.84,273.05
20260929,12:22:35,47717.02,42578.49,25831.6,16614.77,124.28,1878.47,398.79,460.01,546.19,105.94,162.83,192.78,91.44,136.86,271.08,120.85,189.65,290.01,3031.46,1619.68,462.7,74.62,229.98,946.72,371.25,236.88,280.85,442.37,208.3,101.27,3559.99,234.73,123.97,132.26,39.37,56.31,99.84,273.35
20260929,12:22:40,47711.83,42573.28,25828.9,16611.15,124.28,1878.47,398.25,460.01,546.19,105.94,162.82,192.77,91.43,136.85,270.9,120.85,189.65,290.01,3031.13,1619.51,462.64,74.63,230.1,946.41,371.25,236.86,280.85,442.37,208.27,101.27,3560.13,234.73,124.21,132.26,39.37,56.31,99.84,272.97
20260929,12:22:45,47714.4,42576.17,25829.48,16613.07,124.28,1878.47,398.79,459.9,546.19,105.94,162.81,192.77,91.42,137.06,270.78,120.85,189.62,290.01,3031.32,1619.67,462.66,74.62,230.1,946.4,370.93,236.87,280.85,442.33,208.27,101.27,3559.79,234.73,123.97,132.26,39.37,56.31,99.84,272.97
20260929,12:22:50,47710.48,42572.26,25826.9,16609.81,124.15,1878.47,398.33,459.64,546.19,105.94,162.81,192.78,91.42,136.85,270.78,120.85,189.62,290.0,3031.08,1619.57,462.67,74.61,230.1,946.56,370.93,236.87,280.53,442.33,208.27,101.27,3559.87,234.73,124.09,132.26,39.37,56.31,99.84,272.97
20260929,12:22:55,47713.0,42574.47,25829.76,16612.3,124.28,1878.47,398.32,459.64,546.19,105.94,162.81,192.78,91.42,136.85,270.78,120.97,189.62,290.02,3031.2,1619.81,462.69,74.62,230.1,945.7,370.69,236.87,280.84,442.34,208.31,101.27,3560.09,234.73,124.21,132.25,39.37,56.31,99.84,272.97
20260929,12:23:00,47714.91,42576.16,25833.1,16615.56,124.28,1878.47,398.88,459.64,546.33,105.94,162.81,192.78,91.42,136.85,270.78,120.85,189.47,290.01,3031.25,1619.81,462.69,74.6,230.22,945.73,371.0,236.89,280.86,442.34,208.27,101.27,3560.24,234.77,124.21,132.25,39.37,56.31,99.84,272.97
20260929,12:23:05,47713.46,42574.93,25831.72,16614.57,124.21,1877.05,398.88,459.77,546.26,105.95,162.81,192.78,91.42,136.85,270.78,120.85,189.47,290.01,3031.18,1619.71,462.69,74.6,230.11,945.91,371.26,236.89,280.86,442.34,208.25,101.27,3560.08,234.77,124.21,132.25,39.37,56.31,99.84,272.97
20260929,12:23:10,47711.21,42573.11,25828.3,16611.9,124.21,1877.28,398.25,459.77,546.14,105.95,162.81,192.78,91.42,136.85,270.66,120.85,189.47,290.01,3031.1,1619.7,462.67,74.62,229.99,945.91,371.26,236.89,280.81,442.34,208.29,101.27,3559.74,234.77,124.45,132.25,39.37,56.31,99.84,272.97
20260929,12:23:15,47712.03,42573.57,25831.15,16614.05,124.08,1877.28,398.88,459.77,546.09,105.95,162.81,192.79,91.42,136.86,270.66,120.85,189.47,290.01,3031.08,1619.69,462.65,74.6,230.23,945.73,371.25,236.89,280.81,442.34,208.29,101.27,3560.04,234.77,124.21,132.25,39.37,56.31,99.84,272.97
20260929,12:23:20,47670.51,42533.06,25834.35,16617.52,124.08,1877.28,398.88,459.77,546.09,105.95,162.82,192.8,91.42,136.86,270.66,120.95,189.47,290.01,3027.73,1617.26,462.71,74.61,230.23,945.58,371.25,236.89,280.5,442.29,208.29,101.27,3560.1,234.77,124.57,132.25,39.37,56.31,99.84,272.97
20260929,12:23:25,47669.93,42532.55,25828.3,16610.78,124.08,1877.28,398.34,459.77,546.09,105.95,162.81,192.79,91.42,136.86,270.66,120.83,189.47,290.01,3027.86,1617.27,462.87,74.61,230.24,945.72,370.93,236.88,280.49,442.26,208.29,101.27,3560.04,234.77,124.33,132.25,39.37,56.31,99.84,272.97
20260929,12:23:30,47673.22,42535.71,25833.32,16616.39,124.08,1877.28,398.88,459.77,545.99,105.95,162.81,192.79,91.42,136.86,270.78,120.83,189.47,290.04,3027.98,1617.27,462.78,74.61,229.99,945.94,370.93,236.88,280.81,442.32,208.29,101.27,3560.08,234.77,124.45,132.25,39.37,56.3,99.84,273.25
20260929,12:23:35,47671.77,42533.65,25836.8,16618.25,124.08,1877.05,398.88,459.77,545.95,105.95,162.81,192.77,91.42,136.85,270.78,120.85,189.47,290.04,3027.76,1617.06,462.77,74.61,229.99,945.93,371.23,236.88,280.9,442.35,208.29,101.27,3560.67,234.77,124.69,132.25,39.37,56.3,99.84,273.27
20260929,12:23:40,47712.8,42573.63,25835.0,16616.18,124.08,1877.05,398.88,459.77,545.9,105.95,162.8,192.77,91.42,136.85,270.78,120.85,189.47,290.04,3031.04,1619.59,462.75,74.61,229.99,945.9,371.24,236.88,280.9,442.35,208.29,101.27,3560.67,234.77,124.45,132.25,39.37,56.3,99.84,273.27
20260929,12:23:45,47713.31,42573.97,25835.25,16615.93,124.21,1877.05,398.88,460.09,545.97,105.87,162.81,192.77,91.42,136.85,270.78,120.85,189.47,290.01,3031.07,1619.68,462.75,74.61,229.81,945.87,371.24,236.88,280.9,442.34,208.29,101.27,3560.82,234.77,124.45,132.25,39.37,56.3,99.84,272.95
20260929,12:23:50,47712.83,42576.63,25825.84,16615.54,124.21,1876.82,398.88,459.84,545.97,105.87,162.81,192.77,91.42,136.85,270.78,120.84,189.47,290.01,3031.29,1619.81,462.71,74.61,229.92,945.95,371.24,236.88,280.9,442.34,208.29,101.27,3557.98,234.77,124.45,132.25,39.37,56.3,99.84,272.95
20260929,12:23:55,47711.2,42572.72,25831.3,16614.07,124.08,1876.82,398.8,459.84,545.83,105.87,162.81,192.77,91.42,136.85,270.78,120.97,189.47,290.01,3031.01,1619.69,462.7,74.61,229.92,945.66,371.24,236.88,280.9,442.34,208.26,101.27,3560.09,234.45,124.45,132.25,39.37,56.3,99.84,272.95
20260929,12:24:00,47716.09,42577.14,25832.79,16614.64,124.21,1876.82,398.8,459.84,545.83,105.87,162.81,192.79,91.42,136.85,270.66,120.97,189.47,290.02,3031.36,1619.81,462.7,74.6,230.06,946.39,371.24,236.88,280.59,442.34,208.3,101.18,3560.4,234.45,124.45,132.25,39.37,56.3,99.84,272.95
20260929,12:24:05,47713.76,42574.67,25833.1,16614.35,124.21,1876.82,398.8,459.84,545.81,105.87,162.81,192.79,91.42,136.85,270.66,120.84,189.47,290.02,3031.16,1619.68,462.7,74.61,229.81,946.53,371.24,236.88,280.59,442.34,208.26,101.2,3560.57,234.45,124.57,132.25,39.38,56.3,99.84,272.93
20260929,12:24:10,47715.32,42576.41,25829.13,16610.5,124.21,1877.05,398.25,459.84,545.81,105.87,162.81,192.79,91.42,136.85,270.84,120.84,189.47,290.02,3031.4,1619.84,462.81,74.59,229.81,946.54,371.24,236.74,280.59,442.34,208.26,101.2,3560.38,234.45,124.45,132.25,39.37,56.3,99.84,273.25
20260929,12:24:15,47714.84,42576.85,25830.8,16615.46,124.21,1877.05,398.8,459.84,545.81,105.87,162.81,192.79,91.42,136.85,270.84,120.96,189.62,290.02,3031.31,1619.73,462.7,74.58,229.83,946.39,371.23,236.74,280.9,442.34,208.26,101.2,3559.55,234.52,124.57,132.25,39.37,56.28,99.84,272.96
20260929,12:24:20,47716.19,42578.16,25829.77,16614.28,124.21,1877.05,398.79,459.84,545.81,105.87,162.8,192.74,91.42,136.85,270.84,120.84,189.62,290.02,3031.45,1619.76,462.72,74.6,229.83,946.56,371.23,236.74,280.9,442.24,208.26,101.2,3559.55,234.52,124.57,132.25,39.37,56.28,99.84,272.95
20260929,12:24:25,47677.8,42539.56,25836.85,16618.4,124.21,1878.47,398.87,459.84,545.81,105.87,162.8,192.74,91.42,137.06,270.84,120.84,189.62,290.02,3028.24,1617.31,462.73,74.59,229.83,946.48,371.26,236.74,280.89,442.35,208.42,101.2,3560.64,234.52,124.69,132.25,39.37,56.28,99.84,272.95
20260929,12:24:30,47669.65,42532.04,25830.9,16612.96,124.21,1878.47,398.24,459.84,545.81,105.87,162.8,192.74,91.42,137.06,270.84,120.84,189.62,290.02,3027.76,1617.31,462.71,74.59,229.83,945.43,370.94,236.86,280.9,442.35,208.42,101.2,3560.26,234.52,124.57,132.28,39.37,56.28,99.85,272.95
20260929,12:24:35,47671.05,42533.48,25830.97,16613.31,124.21,1878.47,398.24,459.84,545.71,105.88,162.8,192.74,91.42,136.85,270.84,120.84,189.62,290.02,3027.87,1617.32,462.71,74.59,229.83,945.68,370.94,236.72,280.9,442.35,208.42,101.2,3560.19,234.52,124.69,132.28,39.37,56.28,99.85,272.95
20260929,12:24:40,47713.17,42574.53,25829.59,16611.73,124.21,1878.47,398.24,460.09,545.71,105.88,162.8,192.74,91.42,136.85,270.84,120.84,189.62,290.05,3031.22,1619.68,462.71,74.59,229.83,946.3,371.26,236.73,280.9,442.35,208.42,101.2,3560.19,234.52,124.45,132.28,39.37,56.28,99.85,272.95
20260929,12:24:45,47710.54,42572.05,25834.05,16617.17,124.21,1878.47,398.79,460.09,545.71,105.88,162.8,192.74,91.42,136.85,270.84,120.84,189.62,290.05,3030.89,1619.68,462.62,74.6,229.94,945.43,371.23,236.73,280.94,442.35,208.42,101.2,3560.11,234.84,124.57,132.28,39.37,56.28,99.85,272.95
20260929,12:24:50,47709.72,42571.19,25834.67,16617.68,124.08,1877.05,398.87,460.21,545.71,105.88,162.8,192.74,91.42,136.85,270.84,120.86,189.62,290.07,3030.8,1619.68,462.62,74.58,229.82,945.46,370.98,236.88,280.9,442.42,208.45,101.2,3560.16,234.84,124.57,132.28,39.37,56.29,99.85,272.94
20260929,12:24:55,47712.0,42574.1,25833.02,16618.06,124.21,1877.05,398.87,460.21,545.76,105.88,162.8,192.74,91.42,136.85,270.84,120.85,189.62,290.05,3031.03,1619.7,462.88,74.6,230.06,945.43,371.04,236.88,280.9,442.42,208.44,101.2,3559.54,234.84,124.57,132.28,39.37,56.29,99.85,272.97
20260929,12:25:00,47670.96,42534.12,25828.96,16613.4,124.26,1877.05,398.24,459.96,545.76,105.88,162.81,192.78,91.42,136.85,270.84,120.85,189.62,290.05,3027.92,1617.29,462.86,74.6,230.06,945.43,371.04,236.88,280.94,442.42,208.44,101.2,3559.54,234.84,124.57,132.28,39.37,56.29,99.85,272.97
20260929,12:25:05,47716.04,42575.62,25836.49,16613.96,124.26,1877.05,398.24,459.96,545.71,105.88,162.82,192.81,91.42,136.85,270.84,120.98,189.62,290.05,3031.25,1619.87,462.87,74.59,229.82,945.62,371.04,236.89,280.94,442.42,208.4,101.2,3561.73,234.84,124.57,132.28,39.37,56.31,99.85,272.98
20260929,12:25:10,47715.3,42575.9,25833.71,16614.13,124.26,1877.05,398.33,459.96,545.71,105.88,162.81,192.81,91.42,136.85,270.96,120.98,189.62,290.05,3031.27,1619.99,462.88,74.58,229.82,945.76,371.3,236.89,280.54,442.42,208.44,101.2,3560.82,234.84,124.45,132.28,39.37,56.31,99.85,272.98
20260929,12:25:15,47716.73,42577.25,25837.26,16618.09,124.26,1877.04,398.87,459.96,545.74,105.88,162.81,192.81,91.42,136.85,270.96,120.98,189.62,290.02,3031.28,1619.86,462.89,74.58,229.82,945.76,371.05,236.89,280.9,442.49,208.41,101.2,3560.86,234.84,124.45,132.28,39.37,56.31,99.85,273.01
20260929,12:25:20,47717.76,42578.27,25837.63,16618.52,124.26,1877.04,398.79,459.96,545.74,105.88,162.81,192.81,91.42,136.85,270.96,120.86,189.48,290.02,3031.35,1619.86,462.78,74.58,230.07,945.81,371.05,236.89,280.9,442.4,208.44,101.2,3560.86,234.84,124.69,132.28,39.37,56.31,99.85,273.01
20260929,12:25:25,47718.43,42578.62,25838.76,16618.83,124.26,1877.01,398.87,460.09,545.74,105.88,162.81,192.81,91.42,136.85,270.96,120.86,189.48,290.02,3031.37,1619.92,462.72,74.58,230.06,945.74,371.05,236.89,280.9,442.4,208.4,101.17,3561.12,234.84,124.69,132.28,39.37,56.31,99.85,273.01
20260929,12:25:30,47718.78,42579.55,25837.68,16619.55,124.26,1877.01,398.87,460.09,545.74,105.89,162.83,192.8,91.43,137.06,270.96,120.86,189.48,290.02,3031.43,1619.95,462.71,74.58,230.07,945.84,370.73,236.89,280.9,442.4,208.43,101.17,3560.59,234.84,124.69,132.28,39.37,56.31,99.85,273.01
20260929,12:25:35,47719.01,42579.93,25838.25,16620.73,124.26,1877.01,398.87,460.43,545.75,105.89,162.83,192.81,91.43,137.06,270.96,120.98,189.48,290.02,3031.43,1619.9,462.74,74.59,230.07,945.91,371.05,236.89,280.89,442.46,208.41,101.17,3560.45,234.84,124.69,132.28,39.38,56.31,99.85,273.01
20260929,12:25:40,47678.6,42540.2,25839.89,16621.45,124.26,1877.01,398.87,460.45,545.73,105.89,163.03,192.82,91.6,137.06,270.96,120.86,189.48,290.02,3028.22,1617.5,462.86,74.59,230.07,945.89,371.3,236.89,280.58,442.46,208.35,101.17,3560.76,234.84,124.69,132.29,39.37,56.31,99.85,272.96
20260929,12:25:45,47721.9,42581.05,25843.91,16621.59,124.13,1877.01,398.87,460.45,545.79,105.89,163.01,192.8,91.58,137.06,270.96,120.98,189.48,290.02,3031.5,1619.9,462.86,74.59,230.07,945.91,371.3,236.9,280.89,442.46,208.35,101.17,3561.98,234.84,124.69,132.29,39.37,56.31,99.76,272.96
20260929,12:25:50,47683.35,42544.99,25839.22,16621.21,124.13,1877.01,398.86,460.47,545.8,105.89,163.01,192.81,91.58,137.06,270.96,120.87,189.48,290.02,3028.61,1617.45,462.85,74.59,230.07,946.57,371.3,236.9,280.89,442.46,208.39,101.17,3560.62,234.77,124.69,132.29,39.37,56.31,99.76,272.99
20260929,12:25:55,47725.49,42584.19,25845.35,16622.04,124.13,1877.01,398.86,460.22,545.8,105.89,163.01,192.81,91.58,137.05,270.96,120.87,189.62,290.02,3031.75,1619.88,462.86,74.58,230.07,946.57,371.3,236.9,280.89,442.46,208.4,101.17,3562.31,234.75,124.69,132.3,39.37,56.31,99.76,273.27
20260929,12:26:00,47726.82,42587.36,25838.11,16620.0,124.13,1877.01,398.78,460.22,545.8,105.89,162.83,192.81,91.43,137.05,270.96,120.87,189.62,290.02,3032.05,1620.04,463.05,74.6,230.07,946.57,371.28,236.9,280.89,442.46,208.46,101.17,3560.6,234.75,124.69,132.3,39.37,56.31,99.76,273.27
20260929,12:26:05,47684.29,42543.88,25843.76,16619.64,124.13,1877.01,398.78,460.26,545.8,105.87,162.84,192.81,91.44,137.05,270.96,120.85,189.62,290.02,3028.56,1617.62,463.06,74.6,229.82,945.88,371.28,236.9,280.94,442.44,208.43,101.17,3562.46,234.73,124.69,132.3,39.37,56.31,99.76,273.27
20260929,12:26:10,47681.86,42543.35,25840.44,16621.98,124.13,1878.43,398.78,460.19,545.8,105.87,162.84,192.81,91.44,137.05,270.96,120.97,189.67,290.02,3028.46,1617.5,462.97,74.6,230.07,945.88,371.28,236.9,280.93,442.44,208.43,101.17,3560.79,234.73,124.8,132.3,39.37,56.31,99.76,273.29
20260929,12:26:15,47685.18,42547.02,25840.01,16622.93,124.13,1878.43,398.86,460.2,545.8,105.87,162.84,192.81,91.44,137.05,270.96,120.97,189.63,290.02,3028.73,1617.6,462.97,74.6,230.22,946.09,371.28,236.9,280.93,442.44,208.48,101.17,3560.4,234.74,124.8,132.3,39.37,56.29,99.76,273.29
20260929,12:26:20,47683.96,42546.04,25838.63,16622.08,124.13,1878.41,398.94,460.2,545.8,105.87,162.83,192.83,91.43,137.05,270.96,120.85,189.63,290.02,3028.67,1617.61,462.95,74.6,230.22,946.06,371.28,236.9,280.84,442.44,208.51,101.17,3560.2,234.74,124.69,132.3,39.37,56.31,99.76,273.29
20260929,12:26:25,47720.37,42580.67,25841.3,16622.27,124.13,1877.01,398.87,460.2,545.8,105.87,162.83,192.83,91.43,137.05,270.96,120.96,189.48,290.02,3031.46,1619.9,462.97,74.57,230.22,946.08,371.22,236.9,280.53,442.38,208.5,101.17,3560.98,234.74,124.8,132.3,39.37,56.31,99.76,273.29
20260929,12:26:30,47722.29,42582.91,25839.85,16621.86,124.13,1878.43,398.88,460.53,545.68,105.87,162.83,192.83,91.43,137.04,270.96,120.96,189.48,290.02,3031.65,1619.9,463.05,74.58,230.22,946.08,370.9,236.9,280.84,442.38,208.5,101.17,3560.64,234.74,124.69,132.3,39.37,56.31,99.76,273.27
20260929,12:26:35,47718.92,42579.28,25839.04,16619.75,124.13,1876.94,398.79,460.53,545.7,105.87,162.84,192.84,91.43,137.04,270.96,120.98,189.48,290.02,3031.41,1620.0,462.75,74.58,229.97,946.08,371.22,236.9,280.53,442.38,208.5,101.17,3560.96,234.74,124.57,132.3,39.37,56.29,99.76,273.27
20260929,12:26:40,47717.83,42578.46,25834.82,16615.69,124.07,1878.36,398.33,460.27,545.7,105.87,162.84,192.85,91.43,136.83,270.96,120.86,189.48,290.02,3031.44,1620.03,462.76,74.56,229.97,946.08,371.22,236.9,280.53,442.38,208.51,101.17,3560.74,234.74,124.69,132.29,39.37,56.29,99.76,272.96
20260929,12:26:45,47720.77,42582.21,25831.44,16614.82,124.07,1878.36,398.25,460.27,545.69,105.87,162.84,192.86,91.43,136.83,271.08,120.86,189.48,290.01,3031.76,1619.93,462.83,74.58,230.22,946.83,371.22,236.9,280.53,442.38,208.49,101.17,3559.93,234.74,124.69,132.29,39.37,56.29,99.76,272.96
20260929,12:26:50,47728.71,42586.04,25849.08,16622.01,124.2,1878.36,398.88,460.27,545.69,105.87,162.84,192.86,91.43,136.83,271.08,120.85,189.48,290.01,3031.9,1619.9,462.82,74.58,230.22,946.88,370.97,236.9,280.84,442.43,208.51,101.17,3563.48,234.74,124.92,132.29,39.37,56.3,99.76,272.96
20260929,12:26:55,47722.02,42582.67,25836.13,16617.67,124.26,1878.36,398.25,460.27,545.69,105.87,162.87,192.86,91.45,136.83,271.08,120.85,189.52,290.01,3031.73,1619.89,462.82,74.58,230.22,946.92,370.97,236.9,280.53,442.43,208.49,101.17,3560.62,234.74,124.92,132.3,39.37,56.3,99.76,272.96
20260929,12:27:00,47681.18,42541.01,25841.39,16617.44,124.26,1878.36,398.24,460.27,545.69,105.87,162.86,192.85,91.45,136.83,271.08,120.84,189.52,290.01,3028.38,1617.48,462.71,74.57,230.22,946.13,370.96,236.9,280.84,442.43,208.49,101.17,3562.32,234.74,124.92,132.3,39.37,56.29,99.76,272.96
20260929,12:27:05,47717.65,42576.44,25844.7,16620.92,124.26,1876.94,398.77,460.27,545.69,105.87,162.86,192.85,91.45,136.83,271.08,120.86,189.56,290.01,3031.15,1619.87,462.67,74.57,229.79,946.17,370.95,236.9,280.53,442.43,208.49,101.17,3562.41,234.74,124.92,132.3,39.37,56.29,99.76,272.96
20260929,12:27:10,47718.13,42579.16,25840.0,16623.04,124.26,1878.36,398.86,460.2,545.67,105.87,162.86,192.85,91.45,136.83,271.08,120.98,189.48,290.01,3031.32,1619.97,462.71,74.58,229.79,946.19,370.95,236.9,280.53,442.42,208.52,101.17,3560.37,234.74,124.92,132.3,39.37,56.3,99.76,272.96
20260929,12:27:15,47716.86,42578.1,25839.39,16622.95,124.26,1878.36,398.85,460.2,545.67,105.87,162.87,192.83,91.46,136.83,271.08,120.98,189.48,290.03,3031.23,1619.86,462.69,74.58,230.11,946.19,370.63,236.9,280.48,442.42,208.49,101.17,3560.2,234.74,124.92,132.3,39.39,56.3,99.76,272.98
20260929,12:27:20,47717.33,42578.15,25841.49,16623.98,124.13,1876.94,398.94,460.45,545.66,105.87,162.87,192.82,91.46,136.83,271.08,120.97,189.5,290.03,3031.21,1619.84,462.65,74.58,230.11,946.19,370.95,236.9,280.48,442.41,208.51,101.17,3560.58,234.74,125.04,132.3,39.39,56.3,99.76,272.98
20260929,12:27:25,47679.65,42541.82,25836.68,16619.76,124.13,1876.94,398.4,460.32,545.8,105.87,162.87,192.82,91.46,136.83,270.96,120.83,189.5,290.01,3028.39,1617.45,462.84,74.59,230.11,946.61,370.95,236.92,280.48,442.41,208.48,101.17,3560.22,234.69,125.04,132.28,39.39,56.3,99.76,273.28
20260929,12:27:30,47721.2,42582.09,25835.81,16618.04,124.13,1876.94,398.31,460.07,545.8,105.87,162.87,192.82,91.46,136.83,270.96,120.83,189.5,290.05,3031.67,1619.99,462.82,74.58,230.11,946.68,370.64,236.92,280.48,442.41,208.48,101.17,3560.42,234.69,124.92,132.28,39.39,56.3,99.76,273.29
20260929,12:27:35,47679.85,42541.96,25837.14,16620.1,124.13,1878.3,398.41,460.07,545.8,105.87,162.87,192.83,91.46,136.83,270.96,120.85,189.5,290.05,3028.39,1617.45,462.8,74.58,229.86,946.57,370.64,236.92,280.79,442.41,208.45,101.17,3560.27,234.69,125.04,132.28,39.39,56.3,99.76,273.29
20260929,12:27:40,47677.28,42539.01,25836.93,16618.37,124.13,1876.88,398.31,460.07,545.8,105.87,162.86,192.82,91.46,136.83,270.96,120.85,189.46,290.03,3028.19,1617.45,462.73,74.57,229.86,946.58,370.62,236.92,280.48,442.32,208.44,101.17,3560.68,234.69,125.03,132.28,39.39,56.31,99.76,273.29
20260929,12:27:45,47681.1,42542.42,25836.13,16616.37,124.13,1876.88,398.32,460.07,545.8,105.87,162.86,192.82,91.46,136.83,270.96,120.96,189.5,290.03,3028.52,1617.45,462.91,74.58,229.85,946.69,370.94,236.92,280.79,442.32,208.44,101.17,3560.97,234.69,124.67,132.28,39.4,56.31,99.76,273.29
20260929,12:27:50,47678.21,42540.45,25834.8,16617.7,124.13,1876.88,398.32,460.07,545.8,105.87,162.86,192.82,91.46,136.83,270.96,120.84,189.5,290.03,3028.33,1617.45,462.79,74.57,230.09,946.58,370.94,236.92,280.48,442.3,208.47,101.17,3560.2,234.69,124.91,132.28,39.4,56.31,99.76,273.27
20260929,12:27:55,47682.11,42544.82,25831.78,16616.14,124.13,1876.88,398.41,460.07,545.8,105.87,162.86,192.82,91.46,136.83,270.96,120.84,189.5,290.03,3028.72,1617.57,462.82,74.56,230.1,946.75,370.62,236.92,280.79,442.3,208.45,101.17,3559.67,234.69,124.67,132.28,39.4,56.31,99.76,273.27
20260929,12:28:00,47682.13,42544.11,25838.98,16621.97,124.13,1876.88,398.95,460.07,545.8,105.87,162.86,192.8,91.46,136.83,270.96,120.84,189.5,290.03,3028.52,1617.46,462.96,74.57,230.21,946.73,370.94,236.92,280.48,442.3,208.45,101.17,3560.34,234.69,124.91,132.28,39.4,56.31,99.76,273.27
20260929,12:28:05,47678.08,42539.76,25836.53,16617.79,124.26,1876.88,398.32,460.07,545.8,105.87,162.86,192.8,91.46,136.83,270.96,120.84,189.5,290.02,3028.27,1617.28,462.83,74.57,229.95,946.62,370.94,236.92,280.81,442.36,208.43,101.18,3560.71,234.69,125.03,132.27,39.39,56.31,99.76,272.99
20260929,12:28:10,47676.06,42538.01,25833.81,16615.4,124.13,1876.88,398.32,460.07,545.73,105.87,162.86,192.8,91.46,136.83,270.96,120.84,189.5,290.02,3028.18,1617.29,462.85,74.58,229.95,946.73,371.25,236.92,280.49,442.36,208.43,101.18,3560.51,234.76,124.79,132.27,39.39,56.31,99.76,272.99
20260929,12:28:15,47673.29,42535.68,25834.33,16617.23,124.13,1876.88,398.32,460.33,545.73,105.87,162.86,192.8,91.46,136.83,270.96,120.84,189.5,290.02,3027.95,1617.29,462.93,74.57,230.2,945.88,371.27,236.92,280.49,442.36,208.48,101.18,3560.17,234.76,124.91,132.27,39.39,56.33,99.76,272.99
20260929,12:28:20,47719.2,42580.15,25833.83,16615.77,124.13,1876.88,398.41,460.33,545.72,105.87,162.85,192.78,91.46,136.83,270.96,120.84,189.5,290.02,3031.57,1619.7,462.93,74.59,230.2,946.61,371.27,236.92,280.81,442.36,208.32,101.18,3560.41,234.44,124.91,132.27,39.39,56.33,99.76,273.02
20260929,12:28:25,47716.86,42578.13,25832.46,16615.07,124.07,1876.88,398.31,460.33,545.72,105.87,162.88,192.88,91.46,136.83,270.96,120.84,189.5,290.02,3031.43,1619.74,462.95,74.57,230.09,946.63,371.33,236.92,280.49,442.36,208.32,101.18,3560.18,234.39,124.91,132.27,39.39,56.33,99.76,273.0
20260929,12:28:30,47718.71,42579.52,25833.52,16614.9,124.07,1876.88,398.32,460.07,545.72,105.87,162.88,192.88,91.46,136.83,270.96,120.84,189.5,290.02,3031.54,1619.75,462.96,74.57,230.09,946.49,371.01,236.92,280.82,442.37,208.32,101.18,3560.55,234.39,124.91,132.27,39.39,56.33,99.76,273.0
20260929,12:28:35,47674.22,42536.76,25831.86,16614.98,124.07,1876.88,398.32,460.07,545.77,105.87,162.88,192.88,91.46,136.83,270.96,120.84,189.5,290.0,3028.09,1617.34,462.96,74.57,229.95,946.29,371.01,236.92,280.5,442.37,208.32,101.18,3560.01,234.39,124.91,132.27,39.39,56.33,99.76,273.0
20260929,12:28:40,47712.13,42573.63,25832.57,16615.55,124.07,1876.88,398.32,460.04,545.77,105.87,162.87,192.85,91.46,136.83,270.96,120.84,189.5,290.01,3031.05,1619.9,462.85,74.57,229.95,945.54,371.01,236.92,280.5,442.37,208.3,101.18,3560.08,234.39,124.91,132.27,39.39,56.33,99.76,273.31
20260929,12:28:45,47714.76,42576.26,25832.3,16615.46,124.07,1876.94,398.32,460.04,545.77,105.87,162.87,192.85,91.46,136.83,270.96,120.84,189.5,289.96,3031.27,1620.01,462.84,74.58,229.83,945.42,371.01,236.92,280.81,442.4,208.29,101.18,3560.02,234.39,124.91,132.27,39.39,56.33,99.76,273.31
20260929,12:28:50,47677.8,42538.33,25838.18,16615.82,124.13,1876.87,398.32,460.04,545.77,105.87,162.87,192.85,91.46,136.83,270.96,120.84,189.5,289.96,3028.2,1617.59,462.93,74.58,229.84,945.42,371.01,236.92,280.86,442.4,208.32,101.18,3561.76,234.39,124.91,132.27,39.39,56.33,99.76,273.28
20260929,12:28:55,47678.8,42539.3,25836.26,16613.62,124.13,1876.87,398.32,460.03,545.77,105.87,162.85,192.85,91.44,136.83,270.96,120.84,189.5,289.98,3028.33,1617.58,462.95,74.58,229.66,945.88,371.01,236.92,280.86,442.34,208.32,101.18,3561.76,234.39,124.67,132.27,39.39,56.31,99.76,273.28
20260929,12:29:00,47675.93,42538.53,25833.51,16617.21,124.13,1878.29,398.32,460.03,545.77,105.87,162.87,192.93,91.44,137.04,270.96,120.84,189.48,289.98,3028.18,1617.48,462.83,74.58,229.65,946.0,371.01,236.92,280.85,442.44,208.36,101.18,3559.92,234.39,124.91,132.27,39.39,56.33,99.76,273.28
20260929,12:29:05,47688.03,42545.12,25850.27,16619.06,124.13,1876.87,398.32,460.03,545.77,105.87,163.06,192.93,91.59,137.04,270.93,120.82,189.48,289.98,3028.67,1617.66,462.95,74.59,229.65,946.47,371.01,236.92,280.84,442.44,208.41,101.18,3564.66,234.39,124.91,132.27,39.39,56.33,99.76,273.33
20260929,12:29:10,47681.65,42542.76,25840.19,16620.41,124.13,1876.87,398.32,460.28,545.77,105.87,163.06,192.93,91.59,137.04,271.05,120.82,189.48,289.98,3028.45,1617.62,462.97,74.58,229.65,946.38,371.01,236.92,280.59,442.44,208.41,101.23,3561.14,234.39,125.03,132.27,39.39,56.33,99.76,273.33
20260929,12:29:15,47723.78,42584.54,25840.74,16623.49,124.13,1876.83,398.86,460.28,545.77,105.87,163.06,192.95,91.59,137.04,271.05,120.84,189.44,289.98,3031.74,1620.04,462.97,74.59,229.65,946.39,371.01,236.92,280.86,442.37,208.41,101.23,3560.48,234.39,125.03,132.27,39.39,56.33,99.76,273.03
20260929,12:29:20,47724.42,42581.59,25851.95,16624.41,124.26,1876.83,398.95,460.28,545.77,105.87,163.07,192.96,91.6,137.05,271.05,120.84,189.44,289.98,3031.48,1619.85,462.95,74.58,229.65,946.39,370.99,236.92,280.85,442.37,208.38,101.23,3563.73,234.39,125.03,132.27,39.39,56.34,99.76,273.03
20260929,12:29:25,47723.02,42580.38,25848.05,16620.43,124.26,1878.25,398.41,460.28,545.77,105.87,163.07,192.96,91.59,137.06,271.05,120.84,189.44,289.98,3031.48,1619.86,462.95,74.58,229.65,946.33,371.23,236.92,280.85,442.27,208.36,101.23,3563.59,234.39,125.03,132.27,39.39,56.34,99.76,272.98
20260929,12:29:30,47722.14,42579.36,25845.72,16617.21,124.2,1878.25,398.23,460.17,545.77,105.87,163.07,192.96,91.6,137.06,271.05,120.83,189.4,289.97,3031.47,1620.03,462.96,74.57,229.65,946.32,370.91,236.92,280.49,442.26,208.39,101.23,3563.74,234.39,124.79,132.27,39.39,56.34,99.76,272.98
20260929,12:29:35,47722.03,42581.34,25840.84,16618.6,124.2,1876.82,398.24,460.17,545.78,105.87,163.08,192.98,91.6,137.07,271.05,120.84,189.4,289.98,3031.6,1620.04,462.83,74.58,229.65,946.32,370.85,236.92,280.8,442.19,208.39,101.23,3561.84,234.39,124.91,132.27,39.39,56.34,99.76,273.28
20260929,12:29:40,47718.46,42578.25,25839.31,16618.12,124.2,1876.82,398.24,460.17,545.78,105.87,163.08,192.98,91.6,137.07,271.05,120.84,189.54,289.98,3031.36,1619.86,462.8,74.57,229.65,946.29,371.17,236.92,280.8,442.19,208.36,101.23,3561.49,234.71,124.8,132.27,39.39,56.34,99.76,273.28
20260929,12:29:45,47720.16,42579.9,25842.7,16622.02,124.2,1876.82,398.77,460.17,545.78,105.87,163.07,192.97,91.6,137.07,271.05,120.84,189.56,290.0,3031.4,1619.9,462.81,74.57,229.9,946.43,371.17,236.92,280.49,442.23,208.36,101.2,3561.49,234.71,124.8,132.27,39.39,56.34,99.76,273.25
20260929,12:29:50,47682.73,42542.8,25845.93,16623.63,124.26,1876.82,398.86,460.17,545.86,105.95,163.07,192.97,91.6,137.07,270.87,120.85,189.56,290.02,3028.37,1617.54,462.8,74.57,230.13,946.32,371.17,236.92,280.49,442.23,208.4,101.23,3562.06,234.71,124.8,132.27,39.39,56.34,99.76,273.25
20260929,12:29:55,47677.1,42537.51,25844.62,16622.77,124.26,1876.82,398.77,460.17,545.86,105.95,163.08,192.97,91.6,136.86,271.05,120.85,189.56,290.04,3027.97,1617.45,462.79,74.58,229.88,945.86,371.17,236.92,280.49,442.23,208.4,101.23,3561.88,234.71,124.8,132.27,39.39,56.34,99.76,273.21
20260929,12:30:00,47678.47,42538.96,25847.51,16626.49,124.26,1876.82,398.77,460.3,545.86,105.95,163.07,192.95,91.6,137.07,270.93,120.97,189.56,290.04,3027.99,1617.55,462.79,74.57,229.89,945.65,371.17,236.92,280.49,442.23,208.36,101.23,3561.78,234.71,125.16,132.27,39.39,56.34,99.75,273.24
20260929,12:30:05,47726.17,42583.0,25855.0,16626.95,124.26,1878.24,398.94,460.46,545.84,105.95,163.06,192.9,91.6,137.06,270.93,120.97,189.56,290.04,3031.53,1620.01,463.22,74.58,230.01,945.49,371.17,236.92,280.8,442.23,208.52,101.21,3563.99,234.71,124.8,132.27,39.39,56.34,99.75,273.26
20260929,12:30:10,47720.34,42577.91,25850.5,16623.73,124.2,1876.82,398.48,460.46,545.84,105.95,163.06,192.88,91.6,137.06,270.93,120.85,189.56,290.04,3031.2,1619.93,463.05,74.59,229.9,945.59,371.17,236.92,280.49,442.23,208.49,101.21,3563.46,234.76,125.04,132.27,39.39,56.34,99.75,273.26
20260929,12:30:15,47707.28,42565.82,25846.71,16621.5,124.2,1876.82,398.31,460.46,545.84,105.96,163.05,192.86,91.6,137.06,271.11,120.85,189.56,290.04,3030.28,1619.83,463.05,74.57,229.65,943.99,371.17,236.92,280.5,442.19,208.49,101.21,3562.88,234.71,125.04,132.26,39.39,56.34,99.75,272.99
20260929,12:30:20,47706.21,42566.88,25840.69,16621.6,124.2,1876.82,398.31,460.46,545.84,105.96,163.06,192.89,91.6,137.06,271.11,120.85,189.56,290.04,3030.36,1619.83,462.91,74.57,229.9,944.1,371.18,236.92,280.5,442.19,208.49,101.21,3560.97,234.71,125.04,132.26,39.39,56.34,99.75,272.99
20260929,12:30:25,47700.69,42561.92,25841.66,16624.11,124.26,1876.82,398.85,460.52,545.82,105.96,162.87,192.91,91.44,137.06,271.11,120.97,189.56,290.04,3029.9,1619.62,462.67,74.58,229.9,943.94,370.87,236.93,280.5,442.19,208.46,101.21,3560.6,234.71,125.03,132.26,39.39,56.34,99.75,272.99
20260929,12:30:30,47701.14,42565.03,25833.39,16623.57,124.26,1876.82,398.85,460.52,545.92,105.96,162.87,192.91,91.44,137.06,271.11,120.85,189.56,290.04,3030.17,1619.69,462.67,74.58,229.9,943.93,370.87,236.93,280.81,442.18,208.46,101.21,3558.16,234.71,124.91,132.26,39.39,56.34,99.75,273.29
20260929,12:30:35,47661.65,42524.99,25837.69,16623.29,124.26,1876.82,398.85,460.52,545.92,105.96,162.87,192.9,91.44,137.06,271.11,120.84,189.42,290.04,3026.95,1617.28,462.71,74.55,229.9,943.72,370.87,236.93,280.81,442.18,208.45,101.21,3559.58,234.71,125.03,132.26,39.39,56.34,99.75,272.99
20260929,12:30:40,47700.08,42562.11,25838.76,16623.41,124.26,1878.24,399.03,460.52,545.91,105.88,162.87,192.9,91.44,137.06,270.99,120.84,189.6,290.04,3029.93,1619.72,462.72,74.55,229.9,943.71,370.87,236.93,280.5,442.2,208.47,101.21,3559.88,234.71,124.79,132.26,39.39,56.34,99.75,272.99
20260929,12:30:45,47702.98,42565.2,25838.39,16623.86,124.26,1876.82,399.03,460.44,545.91,105.88,162.87,192.9,91.44,137.06,270.99,120.84,189.6,290.02,3030.17,1619.59,462.66,74.56,229.65,944.57,370.64,236.93,280.81,442.2,208.47,101.21,3559.64,234.71,124.91,132.26,39.39,56.35,99.75,273.02
20260929,12:30:50,47659.61,42522.67,25839.11,16623.8,124.26,1876.82,398.94,460.27,545.99,105.88,162.87,192.91,91.45,136.85,270.99,120.84,189.6,289.99,3026.75,1617.15,462.54,74.55,229.65,944.47,370.89,236.93,280.5,442.2,208.47,101.21,3559.88,234.71,124.91,132.26,39.39,56.34,99.75,273.32
20260929,12:30:55,47704.43,42565.62,25841.28,16623.89,124.26,1876.82,398.94,460.51,545.99,105.88,162.86,192.91,91.44,136.85,270.99,120.96,189.6,289.99,3030.21,1619.59,462.6,74.55,229.65,944.71,370.89,236.93,280.81,442.25,208.47,101.21,3560.54,234.71,124.79,132.26,39.39,56.34,99.75,273.32
20260929,12:31:00,47697.62,42561.87,25829.1,16619.52,124.26,1878.24,398.4,460.51,545.99,105.88,162.88,192.91,91.45,136.85,270.99,120.95,189.6,289.99,3030.01,1619.53,462.7,74.55,229.65,944.71,370.87,236.93,280.5,442.26,208.46,101.21,3557.92,234.71,124.67,132.26,39.39,56.34,99.75,273.32
20260929,12:31:05,47698.67,42562.46,25834.74,16624.57,124.26,1876.82,398.95,460.25,545.99,105.9,162.88,192.91,91.45,136.85,270.99,120.83,189.6,289.99,3029.93,1619.54,462.66,74.55,229.83,944.0,370.87,236.93,280.81,442.32,208.46,101.21,3558.31,234.39,125.03,132.26,39.39,56.34,99.75,273.37
20260929,12:31:10,47663.5,42525.87,25841.31,16624.37,124.26,1876.82,398.95,460.26,545.99,105.9,162.87,192.91,91.44,136.85,270.99,120.83,189.6,290.03,3026.99,1617.21,462.68,74.54,229.84,944.15,370.87,236.93,280.81,442.26,208.46,101.21,3560.42,234.39,125.03,132.26,39.39,56.34,99.75,273.32
20260929,12:31:15,47659.75,42523.21,25838.37,16624.32,124.26,1876.82,398.95,460.23,545.91,105.9,162.87,192.91,91.44,136.85,271.11,120.83,189.6,290.03,3026.78,1617.2,462.65,74.55,229.84,943.69,370.87,236.93,280.81,442.26,208.49,101.18,3559.51,234.39,125.03,132.26,39.39,56.34,99.75,273.32
20260929,12:31:20,47660.14,42523.18,25838.11,16622.64,124.26,1876.82,398.95,460.48,545.91,105.98,162.87,192.91,91.44,136.85,271.11,120.84,189.6,290.03,3026.82,1617.13,462.65,74.54,229.95,944.31,370.81,236.93,280.51,442.28,208.48,101.19,3559.89,234.43,124.79,132.24,39.39,56.32,99.75,273.29
20260929,12:31:25,47659.28,42522.85,25837.67,16623.82,124.26,1876.73,398.95,460.48,545.77,105.96,162.87,192.91,91.44,136.85,271.11,120.82,189.68,290.03,3026.76,1617.14,462.63,74.56,229.95,944.15,370.81,236.93,280.51,442.28,208.45,101.19,3559.43,234.43,125.03,132.24,39.39,56.32,99.75,273.34
20260929,12:31:30,47660.13,42523.37,25837.78,16622.89,124.26,1876.73,398.95,460.48,545.75,105.96,162.85,192.93,91.43,136.85,271.11,120.81,189.72,290.03,3026.82,1617.12,462.65,74.54,229.78,944.15,370.69,236.93,280.81,442.27,208.47,101.19,3559.72,234.43,125.03,132.24,39.39,56.32,99.75,273.04
20260929,12:31:35,47654.69,42520.5,25830.24,16622.36,124.26,1876.73,398.86,460.48,545.75,105.96,162.85,192.93,91.42,136.85,271.11,120.83,189.72,290.03,3026.61,1617.23,462.78,74.54,229.67,943.29,370.62,236.93,280.81,442.27,208.47,101.19,3557.51,234.43,125.03,132.24,39.39,56.32,99.75,273.04
20260929,12:31:40,47650.47,42516.7,25824.95,16617.33,124.26,1876.73,398.32,460.37,545.75,105.96,162.85,192.93,91.42,137.06,271.11,120.84,189.72,290.01,3026.42,1617.23,462.79,74.56,229.67,943.22,370.94,236.93,280.45,442.22,208.34,101.19,3557.22,234.43,125.03,132.24,39.39,56.33,99.75,273.04
20260929,12:31:45,47653.09,42518.93,25828.94,16620.84,124.26,1876.73,398.86,460.11,545.75,105.96,162.85,192.93,91.42,136.85,271.11,120.96,189.72,290.01,3026.52,1617.14,462.77,74.56,229.67,943.33,370.94,236.93,280.76,442.22,208.35,101.19,3557.51,234.43,124.91,132.24,39.47,56.33,99.75,273.04
20260929,12:31:50,47690.01,42552.73,25836.52,16622.28,124.26,1876.73,398.86,460.24,545.75,105.96,162.86,192.93,91.43,136.85,271.11,120.83,189.72,290.01,3029.21,1619.44,462.68,74.56,229.66,943.16,370.92,236.93,280.45,442.22,208.35,101.19,3559.49,234.43,125.15,132.24,39.47,56.33,99.75,273.04
20260929,12:31:55,47652.99,42516.73,25837.35,16623.49,124.26,1876.73,398.86,460.23,545.75,105.88,162.88,192.97,91.43,137.06,271.11,120.84,189.58,290.05,3026.28,1617.03,462.65,74.56,229.91,943.01,370.92,236.93,280.76,442.22,208.44,101.19,3559.42,234.43,125.15,132.26,39.47,56.35,99.75,273.04
20260929,12:32:00,47651.78,42516.13,25836.28,16624.16,124.2,1876.73,398.86,460.23,545.67,105.96,162.88,192.97,91.44,137.06,271.11,120.96,189.58,290.05,3026.21,1617.15,462.63,74.54,229.91,943.01,370.6,236.93,280.44,442.22,208.45,101.19,3558.9,234.43,125.15,132.26,39.47,56.35,99.75,273.04
20260929,12:32:05,47653.18,42517.05,25837.74,16624.41,124.2,1876.73,398.86,460.23,545.67,105.96,162.88,193.0,91.44,137.05,271.11,120.96,189.72,290.05,3026.28,1617.13,462.52,74.54,229.66,943.16,370.65,236.93,280.75,442.22,208.45,101.19,3559.29,234.43,125.15,132.26,39.47,56.35,99.75,273.04
20260929,12:32:10,47650.04,42514.21,25831.38,16617.77,124.2,1876.73,398.32,459.97,545.67,105.88,162.89,193.01,91.44,137.05,271.11,120.84,189.58,290.05,3026.21,1617.14,462.52,74.54,229.91,943.16,370.66,236.93,280.44,442.23,208.41,101.19,3559.11,234.43,125.03,132.26,39.47,56.35,99.76,273.04
20260929,12:32:15,47694.66,42557.9,25835.04,16622.73,124.2,1876.73,398.86,459.97,545.67,105.88,162.88,192.97,91.44,137.05,271.11,120.97,189.58,290.05,3029.61,1619.43,462.4,74.52,229.91,943.86,370.66,236.93,280.8,442.23,208.44,101.19,3558.9,234.43,125.03,132.26,39.47,56.35,99.76,273.04
20260929,12:32:20,47655.02,42517.82,25838.03,16621.28,124.07,1876.73,398.86,459.97,545.52,105.88,162.88,192.96,91.44,137.05,271.11,120.85,189.58,290.05,3026.42,1617.13,462.4,74.52,229.66,943.91,370.96,236.93,280.49,442.23,208.42,101.19,3560.23,234.76,125.03,132.26,39.47,56.35,99.76,272.99
20260929,12:32:25,47654.0,42516.08,25838.16,16618.96,124.07,1876.73,398.78,459.97,545.52,105.88,162.87,192.92,91.44,136.83,271.11,120.82,189.5,290.05,3026.33,1617.02,462.42,74.51,229.91,943.87,370.66,236.93,280.52,442.26,208.45,101.19,3560.9,234.43,124.91,132.28,39.49,56.35,99.76,272.99
20260929,12:32:30,47652.62,42515.36,25833.9,16616.12,124.07,1876.73,398.23,459.89,545.52,105.88,162.86,192.92,91.44,136.83,270.96,120.83,189.5,290.05,3026.34,1616.88,462.43,74.51,229.91,943.9,370.6,236.93,280.84,442.26,208.48,101.19,3560.34,234.43,125.03,132.28,39.49,56.35,99.76,272.99
20260929,12:32:35,47689.6,42551.39,25838.55,16621.47,124.07,1878.15,398.76,459.89,545.49,105.88,162.86,192.92,91.44,137.04,271.08,120.85,189.5,290.05,3029.12,1619.41,462.49,74.51,229.91,943.03,370.6,236.93,280.53,442.26,208.48,101.19,3560.34,234.76,125.03,132.28,39.49,56.35,99.76,272.99
20260929,12:32:40,47650.58,42513.39,25838.48,16621.47,124.07,1878.15,398.76,459.89,545.57,105.88,162.85,192.89,91.43,137.04,271.08,120.84,189.5,290.05,3026.06,1617.13,462.39,74.51,230.02,942.96,370.35,236.93,280.43,442.26,208.48,101.19,3560.32,234.76,125.03,132.28,39.49,56.35,99.76,272.99
20260929,12:32:45,47649.44,42512.72,25836.9,16621.1,123.94,1876.73,398.76,459.9,545.57,105.9,162.85,192.89,91.43,137.04,271.08,120.85,189.5,290.05,3026.01,1617.0,462.49,74.51,230.02,943.14,370.34,236.93,280.43,442.3,208.51,101.19,3559.93,234.76,125.03,132.28,39.49,56.35,99.76,272.99
20260929,12:32:50,47687.29,42549.78,25836.43,16621.16,123.94,1876.73,398.76,459.9,545.57,105.9,162.85,192.89,91.43,137.04,271.08,120.85,189.5,290.08,3028.99,1619.29,462.53,74.5,230.03,943.14,370.32,236.93,280.43,442.3,208.51,101.19,3559.76,234.76,125.03,132.28,39.49,56.35,99.76,272.99
20260929,12:32:55,47690.79,42553.14,25835.33,16619.74,123.94,1876.73,398.69,459.83,545.58,105.9,162.85,192.89,91.43,137.04,271.08,120.85,189.5,290.1,3029.3,1619.38,462.51,74.51,230.03,943.19,370.32,236.93,280.75,442.35,208.51,101.19,3559.8,234.76,124.91,132.26,39.49,56.35,99.76,273.0
20260929,12:33:00,47650.01,42513.18,25835.81,16619.52,123.94,1876.73,398.69,459.81,545.58,105.9,162.85,192.89,91.43,137.04,271.08,120.86,189.5,290.1,3026.08,1617.1,462.51,74.51,229.8,943.17,370.32,236.93,280.43,442.35,208.49,101.19,3560.01,234.76,124.91,132.26,39.49,56.35,99.76,273.0
20260929,12:33:05,47653.84,42516.31,25838.62,16620.78,123.94,1876.73,398.69,460.15,545.58,105.9,162.87,192.89,91.45,137.04,271.08,120.98,189.5,290.09,3026.31,1616.98,462.53,74.5,229.98,943.92,370.32,236.93,280.43,442.38,208.38,101.19,3560.55,234.76,125.03,132.26,39.49,56.35,99.76,273.0
20260929,12:33:10,47694.12,42556.2,25836.79,16620.82,123.94,1876.73,398.69,460.15,545.58,105.9,162.87,192.89,91.45,136.83,271.08,120.98,189.5,290.09,3029.52,1619.5,462.51,74.5,229.86,943.97,370.32,236.93,280.39,442.41,208.4,101.19,3559.97,234.76,125.03,132.27,39.49,56.35,99.76,273.02
20260929,12:33:15,47648.9,42512.3,25837.64,16622.32,123.94,1876.73,398.69,460.15,545.58,105.9,162.86,192.89,91.44,136.82,271.08,120.99,189.5,290.09,3025.95,1616.82,462.5,74.52,229.85,943.22,370.32,236.93,280.79,442.35,208.48,101.19,3559.83,234.76,125.03,132.26,39.49,56.35,99.76,273.32
20260929,12:33:20,47648.8,42512.11,25835.84,16619.93,124.07,1878.15,398.15,459.89,545.5,105.91,163.05,192.85,91.6,136.83,271.08,120.86,189.46,290.09,3025.99,1616.76,462.5,74.51,229.86,943.93,370.33,236.93,280.44,442.35,208.48,101.19,3559.91,234.76,125.03,132.26,39.49,56.35,99.75,273.32
20260929,12:33:25,47694.93,42557.01,25837.59,16621.78,124.07,1878.15,398.69,459.89,545.54,105.91,163.06,192.87,91.6,136.83,271.08,120.86,189.32,290.09,3029.56,1619.37,462.7,74.51,230.11,943.9,370.33,236.93,280.48,442.35,208.45,101.19,3559.96,234.76,124.79,132.26,39.49,56.35,99.75,273.33
20260929,12:33:30,47695.24,42556.52,25837.17,16618.65,124.13,1876.73,398.15,459.89,545.55,105.91,163.07,192.91,91.6,136.83,271.08,120.86,189.32,290.09,3029.6,1619.08,462.75,74.51,230.1,944.4,370.58,236.93,280.79,442.35,208.36,101.19,3560.68,234.77,125.03,132.26,39.49,56.35,99.75,273.32
20260929,12:33:35,47693.13,42554.34,25838.48,16619.74,124.13,1878.15,398.69,459.93,545.52,105.91,162.87,192.92,91.45,136.83,271.08,120.86,189.32,290.09,3029.4,1619.35,462.75,74.51,229.87,943.7,370.58,236.93,280.48,442.35,208.33,101.19,3560.79,234.77,124.91,132.26,39.49,56.35,99.75,273.32
20260929,12:33:40,47655.83,42518.63,25837.97,16621.3,124.13,1878.15,398.7,460.18,545.52,105.91,162.87,192.92,91.44,136.83,271.08,120.86,189.32,290.12,3026.48,1616.84,462.8,74.5,229.68,944.53,370.9,236.93,280.52,442.35,208.36,101.19,3560.21,234.77,125.03,132.28,39.49,56.33,99.75,273.32
20260929,12:33:45,47652.97,42518.03,25829.46,16618.85,124.07,1878.15,398.7,460.19,545.45,105.91,162.87,192.92,91.44,136.83,271.08,120.98,189.32,290.17,3026.49,1616.83,462.79,74.51,229.68,944.6,370.9,236.92,280.52,442.35,208.36,101.19,3558.21,234.77,124.79,132.28,39.49,56.33,99.65,273.02
20260929,12:33:50,47695.59,42559.19,25833.55,16622.3,124.13,1878.15,398.7,460.19,545.44,105.91,162.87,192.93,91.44,136.83,271.08,120.98,189.42,290.19,3029.73,1619.22,462.81,74.49,229.65,944.6,370.89,236.93,280.79,442.35,208.4,101.19,3558.55,234.77,125.15,132.26,39.49,56.33,99.65,273.02
20260929,12:33:55,47655.72,42520.72,25828.56,16617.82,124.0,1878.15,398.7,459.93,545.49,105.91,162.87,192.93,91.44,136.83,270.96,120.86,189.42,290.19,3026.73,1616.92,462.82,74.49,229.65,944.63,370.57,236.93,280.79,442.32,208.36,101.19,3558.21,234.77,124.79,132.26,39.49,56.33,99.65,273.03
20260929,12:34:00,47653.34,42516.42,25835.72,16619.45,124.0,1878.15,398.7,459.94,545.45,105.91,162.87,192.92,91.44,136.83,270.96,120.88,189.27,290.23,3026.35,1616.89,462.79,74.49,229.66,944.16,370.57,236.93,280.53,442.38,208.36,101.19,3560.01,234.77,125.03,132.26,39.49,56.33,99.65,272.95
20260929,12:34:05,47655.63,42518.66,25835.95,16619.72,124.0,1876.73,398.7,459.95,545.39,105.91,162.88,192.93,91.45,136.83,270.96,120.88,189.27,290.2,3026.52,1616.9,462.85,74.49,229.66,944.05,370.65,236.93,280.85,442.38,208.36,101.19,3560.01,234.77,125.15,132.27,39.49,56.33,99.65,272.95
20260929,12:34:10,47652.72,42516.36,25835.28,16620.72,124.13,1876.73,398.7,459.95,545.56,105.92,162.88,192.94,91.45,137.04,270.82,120.87,189.13,290.21,3026.31,1616.86,462.87,74.48,229.68,944.06,370.65,236.93,280.53,442.38,208.36,101.19,3559.52,234.77,125.15,132.27,39.49,56.33,99.65,272.95
20260929,12:34:15,47691.38,42555.54,25834.56,16624.97,124.13,1876.73,399.32,459.95,545.57,105.92,162.88,192.95,91.44,137.04,270.82,120.85,189.42,290.14,3029.37,1619.16,463.01,74.48,229.68,944.21,370.65,236.93,280.44,442.38,208.33,101.19,3558.14,234.77,125.15,132.27,39.49,56.35,99.56,272.95
20260929,12:34:20,47696.4,42560.91,25833.23,16625.02,124.13,1876.73,399.32,459.95,545.57,105.92,162.88,192.94,91.44,137.04,270.82,120.85,189.42,290.14,3029.8,1619.28,462.99,74.48,229.68,944.85,370.96,236.93,280.44,442.38,208.33,101.19,3557.71,234.77,125.15,132.27,39.49,56.35,99.56,272.97
20260929,12:34:25,47653.63,42518.89,25833.05,16623.66,124.13,1878.15,398.78,460.2,545.57,105.92,162.88,192.96,91.44,137.04,270.94,120.97,189.32,290.14,3026.44,1616.65,462.89,74.48,229.68,945.1,370.65,236.93,280.44,442.38,208.44,101.19,3558.03,234.77,125.15,132.27,39.49,56.35,99.56,272.95
20260929,12:34:30,47659.19,42521.62,25841.18,16624.03,124.13,1878.18,398.78,460.21,545.55,105.92,162.87,192.92,91.44,137.04,270.94,120.98,189.32,290.17,3026.66,1616.7,462.95,74.52,229.93,945.1,370.65,236.93,280.44,442.37,208.47,101.21,3560.47,234.77,125.15,132.27,39.49,56.35,99.56,272.97
20260929,12:34:35,47697.46,42559.66,25838.58,16623.54,124.13,1878.18,398.87,459.96,545.57,105.92,162.87,192.91,91.44,137.04,270.94,120.98,189.32,290.15,3029.73,1619.15,462.94,74.52,229.93,944.5,370.65,236.93,280.75,442.29,208.47,101.21,3559.79,234.75,125.15,132.08,39.49,56.35,99.55,272.97
20260929,12:34:40,47654.87,42520.45,25830.73,16622.2,124.13,1876.76,398.87,459.96,545.57,105.92,162.87,192.91,91.44,137.04,270.94,120.86,189.32,290.14,3026.61,1616.84,463.03,74.5,229.93,944.53,370.63,236.93,280.44,442.29,208.47,101.21,3557.7,234.75,125.15,132.08,39.49,56.35,99.54,272.97
20260929,12:34:45,47656.27,42522.01,25830.23,16622.27,124.13,1876.76,398.79,459.96,545.61,105.92,162.88,192.94,91.44,136.83,270.94,120.98,189.32,290.16,3026.73,1616.58,463.04,74.52,229.93,945.57,370.63,236.92,280.43,442.34,208.47,101.21,3557.53,234.75,125.15,132.08,39.49,56.35,99.54,272.9
20260929,12:34:50,47660.53,42524.46,25834.48,16621.45,124.14,1876.76,398.79,459.96,545.61,105.92,162.88,192.94,91.44,136.83,270.94,120.85,189.27,290.16,3026.95,1616.68,463.06,74.51,230.11,945.58,370.63,236.92,280.46,442.34,208.47,101.21,3559.07,234.75,125.15,132.08,39.49,56.35,99.54,272.9
20260929,12:34:55,47663.08,42524.44,25843.48,16623.42,124.01,1878.18,398.87,459.96,545.68,105.92,162.88,192.95,91.44,136.83,270.94,120.85,189.24,290.16,3026.9,1616.57,463.09,74.51,230.34,945.55,370.38,236.92,280.51,442.36,208.47,101.21,3561.35,234.75,125.15,132.08,39.49,56.35,99.54,273.23
20260929,12:35:00,47702.0,42564.84,25836.16,16623.29,124.01,1878.18,398.87,459.96,545.68,105.92,162.88,192.94,91.44,136.83,270.94,120.97,189.24,290.16,3030.16,1619.03,463.09,74.51,230.34,945.59,370.69,236.92,280.56,442.37,208.47,101.21,3559.1,234.75,125.15,132.08,39.49,56.35,99.54,272.91
20260929,12:35:05,47691.6,42554.93,25833.31,16620.76,124.01,1878.18,398.7,459.7,545.68,105.92,162.87,192.94,91.44,136.83,270.94,120.85,189.24,290.16,3029.42,1618.91,462.96,74.53,229.69,944.83,370.71,236.92,280.61,442.37,208.45,101.19,3558.9,234.75,125.15,132.08,39.49,56.35,99.54,272.91
20260929,12:35:10,47697.71,42558.93,25838.63,16620.36,124.01,1876.76,398.7,460.09,545.61,105.93,162.87,192.93,91.44,136.83,271.08,120.85,189.24,290.16,3029.75,1618.93,462.97,74.51,229.69,945.58,370.71,236.92,280.61,442.37,208.44,101.19,3560.67,234.77,125.16,132.06,39.49,56.35,99.55,272.89
20260929,12:35:15,47704.09,42565.19,25839.05,16620.98,124.01,1876.76,398.7,460.09,545.61,105.93,162.87,192.95,91.44,136.83,271.08,120.97,189.24,290.16,3030.24,1619.04,462.97,74.51,229.94,945.69,370.72,236.92,280.97,442.37,208.44,101.19,3560.63,234.77,125.16,132.03,39.49,56.35,99.55,272.89
20260929,12:35:20,47662.71,42524.46,25839.58,16620.2,124.01,1876.76,398.7,460.09,545.53,105.93,162.89,193.01,91.44,136.83,271.08,120.85,189.38,290.16,3026.98,1616.71,462.8,74.52,230.12,945.58,370.72,236.92,280.61,442.37,208.43,101.19,3561.01,234.77,125.16,132.03,39.49,56.35,99.55,272.89
20260929,12:35:25,47661.22,42525.01,25836.59,16623.5,124.01,1876.76,399.24,460.09,545.53,105.93,162.89,193.02,91.44,137.04,271.08,120.97,189.38,290.16,3026.94,1616.72,462.93,74.51,229.87,945.56,370.41,236.92,280.65,442.37,208.35,101.19,3559.18,234.77,125.04,132.03,39.49,56.35,99.55,272.89
20260929,12:35:30,47709.12,42569.8,25839.47,16620.48,124.01,1876.76,398.78,460.17,545.53,105.93,162.89,193.01,91.44,136.83,271.08,120.88,189.38,290.17,3030.62,1619.45,462.94,74.51,229.87,945.56,370.42,236.92,280.92,442.37,208.46,101.19,3560.9,234.77,125.04,132.03,39.49,56.35,99.55,272.89
20260929,12:35:35,47702.78,42566.58,25834.12,16624.27,123.95,1876.76,399.24,460.17,545.53,105.93,162.9,193.05,91.44,136.83,271.08,120.88,189.1,290.16,3030.27,1619.31,462.96,74.51,229.87,945.55,370.42,236.92,280.6,442.35,208.46,101.19,3558.2,234.77,125.16,132.03,39.49,56.35,99.55,272.89
20260929,12:35:40,47664.2,42526.5,25840.71,16623.45,123.95,1876.76,399.33,460.17,545.53,105.85,162.9,193.05,91.44,136.83,271.08,120.88,189.43,290.14,3027.06,1616.89,463.07,74.51,229.86,944.82,370.73,236.92,280.92,442.35,208.3,101.19,3560.48,234.77,125.16,132.03,39.49,56.35,99.55,272.89
20260929,12:35:45,47661.52,42523.78,25840.95,16623.41,124.01,1876.76,399.25,460.17,545.65,105.85,162.9,193.05,91.44,136.83,271.08,120.87,189.43,290.14,3026.85,1616.76,462.89,74.51,229.86,944.82,370.73,236.93,280.96,442.35,208.3,101.19,3560.56,234.77,125.16,132.03,39.49,56.35,99.55,272.89
20260929,12:35:50,47663.46,42525.26,25841.73,16622.92,124.01,1876.76,398.7,459.91,545.68,105.94,162.9,193.05,91.44,136.83,271.08,120.87,189.5,290.14,3026.98,1616.96,463.01,74.53,229.93,944.83,370.73,236.93,280.55,442.35,208.45,101.19,3560.94,234.77,125.4,132.03,39.49,56.35,99.55,272.89
20260929,12:35:55,47706.14,42568.42,25837.28,16623.08,124.01,1876.76,398.7,459.91,545.68,105.93,162.9,193.06,91.44,137.04,271.08,120.87,189.39,290.14,3030.45,1619.37,462.93,74.52,229.68,945.62,370.71,236.93,280.82,442.35,208.45,101.19,3559.51,234.77,125.4,132.03,39.49,56.35,99.55,272.89
20260929,12:36:00,47700.2,42561.25,25843.78,16625.92,124.01,1878.18,398.7,459.91,545.67,105.93,162.89,193.03,91.44,137.04,271.08,120.99,189.53,290.14,3029.8,1619.29,462.82,74.53,229.68,944.82,370.71,236.93,280.55,442.35,208.59,101.19,3560.77,234.77,125.4,132.03,39.49,56.35,99.55,272.89
20260929,12:36:05,47665.24,42527.64,25844.37,16628.13,124.01,1876.76,399.25,459.91,545.67,105.93,162.9,193.06,91.44,137.04,271.08,121.0,189.53,290.14,3027.04,1616.93,462.8,74.52,229.68,945.52,370.71,236.93,280.55,442.39,208.45,101.19,3560.35,234.77,125.4,132.03,39.49,56.35,99.55,272.89
20260929,12:36:10,47709.6,42570.5,25841.79,16623.94,124.01,1876.76,399.25,460.16,545.67,105.93,162.9,193.05,91.44,137.04,271.08,120.88,189.53,290.14,3030.6,1619.5,462.91,74.52,229.68,945.56,370.71,236.93,280.87,442.39,208.45,101.19,3560.68,234.77,124.92,132.04,39.49,56.35,99.55,272.95
20260929,12:36:15,47707.32,42568.21,25842.31,16624.31,124.01,1876.82,399.33,459.9,545.81,105.93,162.89,193.04,91.43,137.04,271.08,120.88,189.53,290.14,3030.4,1619.53,462.8,74.52,229.68,945.56,370.77,236.93,280.51,442.39,208.41,101.19,3560.75,234.77,124.92,132.04,39.5,56.35,99.55,272.95
20260929,12:36:20,47699.97,42563.48,25835.28,16624.38,124.01,1876.82,399.24,459.9,545.81,105.93,162.9,193.02,91.44,137.04,271.08,121.0,189.53,290.14,3030.02,1619.4,462.8,74.53,229.68,945.08,370.46,236.93,280.51,442.39,208.41,101.19,3558.53,234.77,124.91,132.04,39.5,56.35,99.55,272.95
20260929,12:36:25,47655.71,42522.23,25831.42,16626.2,124.01,1876.82,399.24,460.16,545.81,105.93,162.9,193.02,91.44,137.04,271.14,121.0,189.53,290.14,3026.65,1616.81,462.8,74.5,229.68,945.06,370.46,236.93,280.55,442.39,208.38,101.19,3556.83,234.77,125.14,132.04,39.5,56.35,99.45,272.95
20260929,12:36:30,47699.94,42561.79,25838.44,16622.45,124.01,1876.82,398.69,460.16,545.81,105.93,162.9,193.02,91.44,137.03,271.14,121.0,189.5,290.14,3029.93,1619.13,462.99,74.52,229.68,945.51,370.46,236.93,280.52,442.4,208.41,101.19,3560.04,234.77,125.14,132.04,39.5,56.35,99.45,272.95
20260929,12:36:35,47661.02,42524.04,25839.34,16624.02,124.01,1876.82,398.78,460.24,545.92,105.93,162.9,193.01,91.44,137.04,271.14,121.0,189.5,290.16,3026.85,1616.72,462.98,74.51,229.68,945.57,370.71,236.93,280.56,442.42,208.46,101.19,3559.9,234.72,125.14,132.04,39.5,56.35,99.45,272.95
20260929,12:36:40,47662.94,42526.53,25837.62,16624.16,124.01,1876.82,399.24,460.24,545.89,105.93,162.9,193.01,91.45,136.82,271.14,120.89,189.5,290.12,3027.05,1616.79,462.82,74.49,229.68,945.61,370.7,236.93,280.87,442.4,208.46,101.19,3559.32,234.72,124.91,132.04,39.5,56.34,99.45,272.95
20260929,12:36:45,47700.29,42562.86,25838.83,16625.34,124.01,1878.24,399.24,460.28,545.89,105.93,162.89,192.97,91.45,136.82,271.14,121.01,189.53,290.17,3029.95,1619.23,462.82,74.5,229.91,945.14,370.7,236.93,280.56,442.39,208.43,101.19,3559.38,234.72,124.91,132.04,39.5,56.34,99.45,272.94
20260929,12:36:50,47657.48,42523.59,25832.33,16626.01,124.01,1876.82,399.24,460.29,545.89,105.93,162.89,192.97,91.45,136.82,271.14,121.01,189.49,290.14,3026.77,1616.72,462.89,74.5,229.91,945.26,370.7,236.93,280.56,442.41,208.4,101.19,3557.16,234.72,125.14,132.04,39.42,56.34,99.45,272.94
20260929,12:36:55,47657.81,42521.7,25833.38,16619.83,124.01,1876.82,398.69,460.03,545.89,105.93,162.89,192.97,91.45,137.04,271.14,121.01,189.2,290.14,3026.76,1616.86,462.87,74.51,229.91,944.81,370.7,236.93,280.57,442.41,208.4,101.19,3559.17,234.72,124.91,132.04,39.42,56.34,99.45,272.94
20260929,12:37:00,47703.45,42568.22,25829.92,16622.72,124.01,1876.82,399.33,460.01,545.89,105.85,162.89,192.97,91.45,136.82,271.14,120.89,189.49,290.14,3030.44,1619.33,462.8,74.51,229.68,946.15,370.77,236.93,280.62,442.41,208.32,101.19,3557.31,234.72,124.92,132.04,39.42,56.33,99.45,272.94
20260929,12:37:05,47703.95,42570.74,25826.93,16626.11,124.01,1876.82,399.33,460.03,545.96,105.93,162.88,192.93,91.44,137.04,271.14,120.89,189.49,290.15,3030.56,1619.36,462.93,74.51,229.68,946.24,371.0,236.93,280.57,442.37,208.32,101.19,3555.45,234.72,125.15,132.04,39.42,56.34,99.45,273.25
20260929,12:37:10,47662.06,42528.6,25826.79,16621.51,124.01,1878.24,398.78,460.11,545.96,105.94,162.88,192.93,91.44,137.04,271.14,120.9,189.49,290.14,3027.28,1616.82,463.04,74.5,230.11,945.82,370.66,236.93,280.58,442.37,208.27,101.19,3556.66,234.72,125.15,132.04,39.42,56.34,99.45,272.94
20260929,12:37:15,47662.13,42529.12,25823.77,16619.51,124.01,1878.24,398.78,460.36,545.93,105.94,162.88,192.93,91.44,137.04,271.14,120.88,189.49,290.14,3027.37,1616.81,462.97,74.5,229.86,946.33,370.66,236.93,280.58,442.31,208.27,101.19,3556.25,234.72,124.91,132.04,39.42,56.34,99.45,272.94
20260929,12:37:20,47664.15,42530.31,25825.05,16618.38,123.82,1876.82,398.61,460.36,545.93,105.94,162.88,192.93,91.44,137.04,271.14,120.88,189.49,290.21,3027.49,1616.92,463.0,74.51,229.86,946.23,370.66,236.93,280.58,442.31,208.16,101.19,3556.96,234.72,125.15,132.04,39.42,56.34,99.45,272.99
20260929,12:37:25,47699.09,42562.22,25834.54,16622.13,123.95,1876.82,398.61,460.36,545.93,105.94,163.07,192.93,91.6,137.04,271.14,120.86,189.49,290.24,3029.97,1619.2,463.15,74.51,229.86,944.95,370.66,236.93,280.58,442.3,208.3,101.19,3558.91,234.72,125.15,132.04,39.42,56.34,99.45,272.99
20260929,12:37:30,47666.31,42530.41,25834.31,16622.34,123.95,1876.82,398.61,460.11,545.93,105.94,163.07,192.93,91.6,137.04,271.14,120.88,189.49,290.24,3027.41,1616.71,463.3,74.51,230.11,945.7,370.66,236.93,280.94,442.3,208.33,101.19,3558.78,234.72,125.15,132.04,39.43,56.34,99.45,272.99
20260929,12:37:35,47665.81,42529.71,25837.1,16624.81,123.99,1876.76,399.14,459.94,545.81,105.94,163.06,192.94,91.59,137.03,270.88,120.88,189.51,290.26,3027.29,1616.8,463.3,74.51,229.86,945.8,370.66,236.93,280.61,442.23,208.33,101.19,3558.98,234.38,125.15,132.03,39.43,56.34,99.45,273.0
20260929,12:37:40,47710.5,42573.97,25834.03,16623.67,123.99,1876.76,399.13,459.86,545.82,105.94,163.05,192.95,91.59,137.03,270.88,120.89,189.51,290.24,3030.88,1619.32,463.33,74.51,230.11,946.29,370.75,236.93,280.61,442.2,208.33,101.19,3558.33,234.38,125.03,132.03,39.43,56.34,99.45,273.0
20260929,12:37:45,47666.03,42532.19,25829.49,16623.68,123.99,1876.76,399.13,459.86,545.82,105.94,163.08,192.95,91.61,137.03,270.88,120.89,189.51,290.24,3027.52,1616.72,463.33,74.51,230.11,946.31,370.75,236.93,280.6,442.19,208.31,101.19,3556.91,234.38,125.03,132.03,39.43,56.34,99.45,272.98
20260929,12:37:50,47702.51,42568.37,25823.63,16619.04,123.99,1876.76,398.67,459.86,545.82,105.94,163.07,192.95,91.6,137.03,270.88,120.89,189.19,290.24,3030.54,1619.12,463.32,74.5,229.86,946.3,370.72,236.93,280.65,442.16,208.34,101.19,3556.34,234.38,124.92,132.03,39.43,56.34,99.45,272.98
20260929,12:37:55,47669.62,42534.09,25833.48,16622.87,123.98,1876.76,399.21,459.86,545.82,105.94,163.07,192.95,91.6,137.03,270.88,120.89,189.19,290.22,3027.69,1616.72,463.38,74.51,229.86,946.48,370.4,236.93,280.96,442.16,208.34,101.19,3558.38,234.38,124.92,132.03,39.43,56.33,99.44,272.99
20260929,12:38:00,47707.37,42570.19,25834.98,16622.35,123.98,1876.76,399.13,459.8,545.84,105.94,163.07,192.95,91.6,137.03,270.88,120.89,189.19,290.27,3030.61,1619.12,463.38,74.51,229.86,946.43,370.4,236.93,280.65,442.16,208.34,101.19,3558.99,234.38,124.92,132.03,39.43,56.33,99.44,272.99
20260929,12:38:05,47709.52,42572.4,25836.87,16624.89,123.85,1878.18,399.14,459.8,545.84,105.94,163.06,192.94,91.6,136.81,270.88,120.89,189.19,290.27,3030.73,1619.11,463.4,74.53,229.98,946.32,370.4,236.93,280.87,442.13,208.33,101.17,3558.89,234.38,125.15,132.03,39.43,56.33,99.44,273.29
20260929,12:38:10,47709.86,42573.36,25836.46,16626.55,123.85,1878.18,399.14,460.12,545.84,105.94,163.07,192.95,91.6,136.81,271.02,120.88,189.48,290.2,3030.77,1619.22,463.4,74.55,229.98,946.32,370.97,236.95,280.56,442.11,208.44,101.19,3558.31,234.38,125.15,132.03,39.43,56.33,99.44,273.31
20260929,12:38:15,47714.33,42577.88,25839.39,16630.44,123.85,1878.18,399.76,460.12,545.84,105.94,163.07,192.95,91.6,137.03,271.02,120.88,189.48,290.2,3031.04,1619.45,463.38,74.53,229.98,946.31,370.97,236.95,280.56,442.16,208.44,101.21,3558.17,234.38,125.15,132.03,39.43,56.33,99.44,272.93
20260929,12:38:20,47712.3,42575.71,25840.44,16631.04,123.85,1877.95,399.67,460.12,545.84,105.94,163.07,192.95,91.6,137.03,271.02,121.0,189.48,290.42,3030.85,1619.27,463.37,74.53,229.97,946.43,370.89,236.95,280.56,442.15,208.44,101.21,3558.33,234.38,125.15,132.02,39.43,56.33,99.44,272.93
20260929,12:38:25,47673.34,42539.97,25832.21,16628.99,123.85,1876.54,399.67,460.12,545.84,105.94,163.07,192.95,91.6,137.03,271.02,120.88,189.48,290.4,3028.02,1617.1,463.31,74.53,230.22,946.26,370.89,236.94,280.56,442.15,208.43,101.21,3556.32,234.71,125.15,132.02,39.43,56.31,99.44,272.63
20260929,12:38:30,47712.78,42578.3,25832.86,16629.43,123.85,1876.54,399.76,460.12,545.66,105.94,163.07,192.95,91.6,137.03,271.02,120.88,189.43,290.42,3031.09,1619.47,463.32,74.51,229.97,946.14,370.57,236.83,280.87,442.15,208.46,101.21,3556.4,234.71,125.15,132.02,39.43,56.33,99.44,272.63
20260929,12:38:35,47669.83,42536.03,25831.13,16626.02,123.98,1876.54,399.22,460.12,545.64,105.94,163.07,192.95,91.6,137.03,271.02,120.88,189.43,290.52,3027.77,1616.94,463.39,74.5,229.86,946.14,370.32,236.83,280.87,442.15,208.45,101.21,3556.79,234.71,125.15,132.02,39.43,56.33,99.44,272.63
20260929,12:38:40,47709.8,42575.53,25830.68,16627.38,123.98,1876.54,399.76,460.11,545.64,105.94,163.07,192.93,91.6,137.03,271.02,120.99,189.43,290.49,3030.92,1619.49,463.4,74.5,229.86,946.09,370.32,236.83,280.61,442.16,208.41,101.21,3556.28,234.71,124.8,132.02,39.43,56.33,99.44,272.63
20260929,12:38:45,47710.03,42575.66,25829.01,16625.13,123.98,1876.54,399.67,460.11,545.64,105.94,163.06,192.92,91.6,137.03,271.02,120.87,189.15,290.49,3030.98,1619.62,463.4,74.51,229.86,945.49,370.32,236.83,280.87,442.16,208.42,101.21,3556.37,234.38,124.8,132.02,39.43,56.33,99.44,272.63
20260929,12:38:50,47712.0,42577.99,25827.68,16624.98,123.98,1876.54,399.67,460.11,545.64,105.94,163.07,192.92,91.6,137.03,271.02,120.87,189.43,290.54,3031.18,1619.49,463.42,74.5,229.86,946.34,370.32,236.83,280.87,442.16,208.45,101.21,3555.99,234.38,124.68,132.02,39.43,56.33,99.44,272.63
20260929,12:38:55,47674.37,42538.51,25831.16,16619.52,123.98,1876.54,399.13,460.11,545.54,105.94,163.07,192.92,91.6,137.03,271.02,120.89,189.43,290.56,3028.13,1617.19,463.53,74.51,230.09,946.23,370.32,236.83,280.56,442.16,208.31,101.21,3558.56,234.38,124.68,132.03,39.43,56.33,99.44,272.63
20260929,12:39:00,47712.13,42575.3,25834.33,16623.17,123.85,1876.54,399.67,460.05,545.54,105.94,163.08,192.96,91.61,137.03,271.02,120.89,189.43,290.59,3031.0,1619.51,463.64,74.48,229.97,945.97,370.32,236.83,280.56,442.17,208.29,101.21,3558.56,234.38,124.68,132.03,39.43,56.33,99.44,272.66
20260929,12:39:05,47666.25,42532.91,25828.67,16624.4,123.92,1876.54,399.76,459.9,545.49,105.94,163.08,192.96,91.61,137.03,271.02,120.87,189.43,290.59,3027.56,1617.02,463.5,74.49,229.86,945.64,370.63,236.83,280.56,442.15,208.28,101.21,3556.46,234.38,124.8,132.03,39.43,56.33,99.44,272.63
20260929,12:39:10,47669.8,42534.45,25831.12,16620.82,123.92,1876.64,399.22,459.9,545.63,105.94,163.08,192.95,91.61,137.03,271.02,120.87,189.48,290.55,3027.77,1617.02,463.5,74.48,229.86,945.78,370.63,236.83,280.86,442.13,208.28,101.21,3558.2,234.38,124.8,132.03,39.43,56.33,99.44,272.63
20260929,12:39:15,47707.93,42571.35,25831.64,16620.57,123.92,1876.64,399.23,459.64,545.49,105.94,163.08,192.95,91.61,137.03,271.02,120.87,189.19,290.55,3030.75,1619.47,463.49,74.48,229.86,945.78,370.32,236.83,280.55,442.04,208.28,101.21,3558.43,234.38,124.92,132.03,39.43,56.33,99.44,272.63
20260929,12:39:20,47705.21,42570.57,25825.94,16620.29,123.98,1876.64,399.13,459.63,545.5,105.94,163.07,192.92,91.61,137.03,271.02,120.99,189.33,290.55,3030.69,1619.32,463.39,74.49,230.04,945.63,370.24,236.83,280.86,442.05,208.31,101.21,3556.72,234.38,124.8,132.03,39.43,56.33,99.44,272.63
20260929,12:39:25,47709.81,42575.27,25821.16,16615.5,123.85,1876.64,398.67,459.63,545.46,105.87,163.08,192.95,91.61,137.03,271.02,120.87,189.33,290.54,3031.18,1619.59,463.38,74.5,230.15,945.71,370.31,237.08,280.96,442.05,208.32,101.21,3556.53,234.38,124.8,132.03,39.43,56.33,99.44,272.63
20260929,12:39:30,47673.74,42539.75,25827.53,16621.59,123.85,1877.69,399.22,459.63,545.45,105.87,163.07,192.91,91.61,137.03,271.02,120.87,189.33,290.53,3028.18,1617.07,463.45,74.49,230.15,946.28,370.31,237.08,280.96,442.03,208.31,101.21,3556.87,234.38,125.03,132.05,39.43,56.33,99.44,272.63
20260929,12:39:35,47668.55,42534.59,25827.81,16621.56,123.85,1877.69,399.22,459.71,545.42,105.87,163.07,192.91,91.61,137.03,271.02,120.87,189.33,290.53,3027.76,1616.86,463.45,74.5,229.85,946.25,370.56,237.08,280.87,442.03,208.31,101.21,3556.96,234.38,125.03,132.05,39.43,56.33,99.44,272.63
20260929,12:39:40,47668.83,42536.1,25822.68,16619.8,123.85,1876.27,399.22,459.71,545.42,105.87,163.07,192.91,91.61,137.03,271.02,120.85,189.19,290.54,3027.92,1616.98,463.45,74.5,229.85,946.27,370.56,237.08,280.88,442.03,208.31,101.21,3555.84,234.38,124.92,132.05,39.43,56.33,99.44,272.63
20260929,12:39:45,47664.23,42531.37,25823.39,16619.76,123.85,1876.27,399.22,459.71,545.41,105.87,163.07,192.91,91.61,137.03,271.02,120.96,189.33,290.54,3027.54,1616.85,463.34,74.5,229.85,946.24,370.89,237.08,280.57,442.04,208.16,101.21,3556.07,234.71,124.92,132.05,39.43,56.33,99.44,272.63
20260929,12:39:50,47665.44,42534.72,25816.73,16619.4,123.85,1876.27,399.14,459.71,545.41,105.94,163.07,192.91,91.61,137.03,271.14,120.96,189.33,290.54,3027.82,1616.91,463.3,74.5,229.97,946.26,370.83,237.08,280.88,442.04,208.15,101.21,3554.09,234.71,124.92,132.05,39.43,56.33,99.44,272.63
20260929,12:39:55,47661.52,42529.47,25820.61,16619.05,123.85,1876.27,399.14,459.71,545.41,105.94,163.07,192.91,91.61,137.03,271.14,120.94,189.33,290.54,3027.41,1616.91,463.43,74.5,230.22,945.38,370.49,237.08,280.57,441.99,208.15,101.21,3555.39,234.71,124.92,132.05,39.43,56.33,99.44,272.58
20260929,12:40:00,47663.67,42530.68,25823.56,16619.46,123.85,1876.27,399.13,459.83,545.41,105.87,163.07,192.91,91.61,137.03,271.02,120.82,189.33,290.54,3027.5,1616.91,463.42,74.5,230.22,945.59,370.51,237.08,280.57,441.99,208.3,101.21,3556.2,234.71,124.92,132.05,39.43,56.32,99.44,272.58
20260929,12:40:05,47705.51,42571.67,25824.35,16621.14,123.98,1876.27,399.22,459.96,545.38,105.87,163.07,192.91,91.61,137.03,271.02,120.82,189.33,290.52,3030.76,1619.47,463.42,74.48,230.08,945.65,370.51,237.08,280.55,441.99,208.27,101.21,3555.99,234.71,125.03,132.05,39.43,56.32,99.44,272.58
20260929,12:40:10,47664.19,42530.99,25825.2,16620.72,123.98,1876.27,399.13,459.96,545.38,105.88,163.07,192.9,91.61,137.03,271.02,120.82,189.23,290.52,3027.49,1617.05,463.4,74.48,229.83,945.59,370.51,237.08,280.55,442.0,208.3,101.21,3556.37,234.71,125.03,132.05,39.43,56.33,99.44,272.58
20260929,12:40:15,47663.53,42534.9,25808.37,16616.59,123.98,1876.24,398.59,459.96,545.38,105.8,163.07,192.9,91.61,137.03,271.02,120.82,189.23,290.51,3027.9,1617.0,463.34,74.48,229.84,946.32,370.82,237.08,280.86,442.05,208.3,101.2,3552.24,234.71,125.03,132.05,39.43,56.33,99.44,272.58
20260929,12:40:20,47649.65,42522.34,25801.24,16611.62,123.98,1876.24,398.04,459.96,545.34,105.88,163.06,192.83,91.61,137.03,271.02,120.82,189.19,290.51,3027.01,1616.88,463.3,74.49,229.83,945.01,370.89,237.08,280.54,442.01,208.31,101.2,3551.36,234.71,124.92,132.05,39.43,56.33,99.44,272.58
20260929,12:40:25,47656.21,42528.73,25803.8,16614.56,123.85,1876.24,398.67,459.71,545.03,105.88,163.05,192.83,91.61,137.03,271.02,120.82,189.19,290.49,3027.46,1616.87,463.11,74.48,229.85,946.31,370.63,237.08,280.54,442.08,208.31,101.2,3551.36,234.71,124.92,132.05,39.43,56.33,99.44,272.58
20260929,12:40:30,47694.39,42565.62,25805.06,16614.96,123.98,1876.24,398.67,459.71,544.97,105.88,163.05,192.83,91.61,137.03,271.02,120.82,189.19,290.49,3030.42,1619.22,463.18,74.46,229.85,946.13,370.71,237.08,280.5,442.11,208.32,101.2,3551.65,234.71,124.93,132.05,39.43,56.33,99.44,272.58
20260929,12:40:35,47653.75,42526.22,25805.96,16616.66,123.98,1876.24,398.67,459.71,544.97,105.88,163.05,192.83,91.61,137.03,271.02,120.82,189.33,290.49,3027.2,1616.78,463.01,74.46,229.86,946.24,370.39,237.07,280.49,442.11,208.29,101.2,3551.46,234.71,125.16,132.05,39.43,56.32,99.44,272.59
20260929,12:40:40,47652.06,42525.06,25801.25,16612.87,123.98,1876.24,398.59,459.71,544.95,105.87,163.04,192.79,91.61,137.03,271.02,120.82,189.33,290.49,3027.2,1616.81,463.12,74.45,230.11,945.75,370.71,237.07,280.49,442.11,208.29,101.2,3551.02,234.71,124.81,132.06,39.43,56.31,99.44,272.57
20260929,12:40:45,47651.77,42524.14,25803.64,16613.52,123.98,1876.14,398.67,459.71,544.94,105.87,163.04,192.79,91.61,137.03,271.02,120.82,189.33,290.49,3027.11,1616.86,462.99,74.46,229.93,945.62,371.02,237.07,280.5,442.11,208.34,101.2,3551.59,234.71,124.81,131.99,39.43,56.29,99.44,272.57
20260929,12:40:50,47652.84,42526.26,25800.35,16613.31,123.85,1876.2,398.59,459.96,544.72,105.87,163.04,192.82,91.6,137.03,271.02,120.84,189.33,290.49,3027.29,1616.87,462.98,74.45,229.92,946.1,370.68,237.07,280.5,442.1,208.44,101.2,3550.62,234.71,124.81,131.99,39.43,56.31,99.44,272.57
20260929,12:40:55,47654.95,42525.7,25811.3,16617.13,123.79,1876.2,399.13,459.96,544.72,105.87,163.04,192.82,91.6,137.03,271.02,120.83,189.33,290.49,3027.15,1616.87,462.98,74.45,229.67,945.99,370.68,237.07,280.5,442.05,208.41,101.2,3553.01,234.71,124.81,131.99,39.43,56.31,99.72,272.57
20260929,12:41:00,47657.31,42528.51,25812.92,16620.7,123.79,1876.2,399.22,459.96,544.72,105.87,163.04,192.82,91.6,136.8,271.02,120.96,189.33,290.49,3027.29,1616.9,462.96,74.45,229.67,946.08,371.0,237.07,280.59,442.1,208.46,101.2,3552.54,234.71,125.04,131.99,39.43,56.3,99.72,272.59
20260929,12:41:05,47659.74,42531.27,25811.04,16619.86,123.79,1876.2,399.22,459.96,544.72,105.87,163.04,192.8,91.6,136.79,271.02,120.84,189.33,290.49,3027.53,1616.88,462.98,74.45,230.03,946.1,371.0,237.07,280.81,442.1,208.45,101.2,3552.18,234.71,125.04,131.99,39.43,56.3,99.72,272.59
20260929,12:41:10,47657.27,42530.52,25805.78,16619.36,123.79,1876.2,399.22,459.96,544.68,105.87,163.03,192.79,91.6,136.8,271.02,120.82,189.33,290.49,3027.49,1616.88,462.85,74.45,230.03,946.11,371.0,237.07,280.8,442.1,208.44,101.2,3550.68,234.71,125.04,131.99,39.43,56.31,99.72,272.57
20260929,12:41:15,47656.64,42530.1,25806.93,16621.38,123.92,1876.2,399.22,459.89,544.68,105.87,163.02,192.79,91.59,136.8,271.02,120.94,189.33,290.49,3027.4,1616.88,462.98,74.45,229.78,946.08,370.75,237.07,280.8,442.1,208.44,101.2,3550.49,234.71,125.16,131.99,39.43,56.31,99.72,272.62
20260929,12:41:20,47694.46,42566.81,25807.01,16620.98,123.79,1876.2,399.22,459.92,544.67,105.87,163.02,192.8,91.59,136.8,270.9,120.94,189.33,290.49,3030.37,1619.21,462.87,74.44,230.02,946.26,370.75,237.07,280.49,442.14,208.44,101.2,3550.62,234.71,125.16,131.99,39.43,56.31,99.72,272.59
20260929,12:41:25,47654.19,42526.96,25807.03,16618.93,123.79,1876.24,399.13,459.92,544.69,105.87,163.01,192.8,91.58,136.8,270.9,120.82,189.33,290.49,3027.21,1616.81,462.96,74.45,230.02,945.99,370.75,237.07,280.53,442.14,208.43,101.2,3551.18,234.38,125.16,131.99,39.43,56.31,99.72,272.59
20260929,12:41:30,47661.67,42532.0,25814.17,16619.63,123.85,1876.24,399.13,459.92,544.76,105.87,163.01,192.8,91.58,137.01,270.9,120.82,189.19,290.49,3027.6,1617.05,462.99,74.44,230.02,946.12,371.06,237.07,280.53,442.14,208.44,101.2,3553.22,234.38,125.16,131.99,39.43,56.31,99.72,272.59
20260929,12:41:35,47662.07,42532.93,25816.11,16623.67,123.85,1876.24,399.67,459.92,544.76,105.87,163.01,192.79,91.58,137.01,270.9,120.82,189.33,290.49,3027.58,1617.05,463.04,74.44,229.77,946.27,371.04,237.07,280.49,442.09,208.44,101.24,3552.73,234.38,125.16,131.99,39.43,56.31,99.72,272.59
20260929,12:41:40,47700.5,42570.76,25811.57,16619.73,123.85,1876.24,399.13,459.92,544.76,105.87,163.01,192.8,91.58,137.01,270.9,120.81,189.33,290.51,3030.72,1619.47,463.28,74.44,229.77,946.01,370.79,237.07,280.53,442.08,208.45,101.21,3552.38,234.38,125.16,131.99,39.43,56.3,99.72,272.59
20260929,12:41:45,47656.88,42526.91,25815.35,16619.56,123.85,1876.24,399.13,459.92,544.76,105.79,163.01,192.8,91.58,136.8,270.9,120.81,189.33,290.51,3027.19,1617.03,463.21,74.44,229.65,944.94,370.79,237.07,280.84,442.08,208.45,101.21,3553.61,234.38,125.16,131.99,39.43,56.3,100.0,272.56
20260929,12:41:50,47662.21,42531.19,25812.28,16612.98,123.85,1876.24,398.67,459.93,544.69,105.79,163.01,192.79,91.58,136.8,270.9,120.81,189.33,290.51,3027.69,1617.26,463.29,74.44,229.65,945.73,370.79,237.07,280.53,442.08,208.33,101.21,3554.44,234.38,124.93,131.99,39.43,56.3,100.0,272.56
20260929,12:41:55,47665.41,42534.31,25815.03,16616.15,123.85,1876.24,399.13,459.93,544.7,105.87,163.01,192.8,91.58,136.8,270.9,120.83,189.33,290.51,3027.87,1617.24,463.26,74.44,229.65,945.88,370.79,237.07,280.8,442.08,208.26,101.21,3554.44,234.38,124.93,131.99,39.43,56.3,100.0,272.61
20260929,12:42:00,47665.69,42536.42,25807.18,16613.29,123.98,1876.24,398.57,459.93,544.7,105.87,163.01,192.8,91.58,136.8,270.9,120.83,189.33,290.51,3028.11,1617.37,463.37,74.45,229.65,945.94,370.79,237.07,280.8,442.13,208.33,101.21,3552.76,234.38,124.93,132.01,39.43,56.3,100.0,272.61
20260929,12:42:05,47668.13,42539.46,25809.7,16618.37,123.98,1876.24,399.04,459.93,544.68,105.87,163.01,192.8,91.58,136.81,270.9,120.84,189.33,290.43,3028.23,1617.37,463.5,74.45,229.66,946.47,370.85,237.07,280.48,442.13,208.32,101.26,3552.17,234.38,125.16,132.01,39.43,56.31,100.0,272.61
20260929,12:42:10,47669.85,42540.78,25812.37,16620.25,123.98,1876.24,399.13,459.93,544.67,105.87,163.03,192.83,91.59,137.01,270.9,120.96,189.33,290.43,3028.29,1617.22,463.45,74.44,230.02,946.42,370.85,237.07,280.79,442.13,208.32,101.26,3552.49,234.38,125.16,132.01,39.43,56.31,100.0,272.61
20260929,12:42:15,47670.87,42542.14,25810.13,16618.93,123.85,1876.24,399.13,459.93,544.67,105.87,163.01,192.78,91.59,137.01,270.9,120.84,189.33,290.43,3028.43,1617.48,463.29,74.46,229.9,946.59,370.85,237.07,280.49,442.13,208.32,101.26,3552.15,234.38,125.16,132.01,39.43,56.31,100.0,272.61
20260929,12:42:20,47708.71,42578.48,25811.2,16618.37,123.85,1876.24,399.04,459.93,544.67,105.87,163.01,192.75,91.59,137.0,270.9,120.83,189.33,290.45,3031.37,1619.76,463.4,74.46,229.9,945.89,371.42,237.07,280.85,442.13,208.34,101.26,3552.64,234.38,125.16,132.01,39.42,56.31,100.0,272.61
20260929,12:42:25,47674.23,42545.13,25816.91,16625.78,123.85,1876.24,400.2,459.93,544.64,105.87,163.01,192.77,91.59,137.0,270.9,120.84,189.33,290.45,3028.51,1617.5,463.27,74.44,230.01,946.62,371.17,237.07,280.49,442.12,208.24,101.26,3552.41,234.38,125.16,132.01,39.42,56.31,100.0,272.56
20260929,12:42:30,47712.9,42583.23,25815.26,16625.27,123.85,1876.24,400.2,459.81,544.65,105.87,163.01,192.77,91.59,136.79,271.02,120.82,189.33,290.43,3031.59,1619.76,463.37,74.44,229.76,946.69,371.16,237.07,280.81,442.12,208.25,101.26,3552.03,234.43,125.16,131.99,39.42,56.29,100.0,272.59
20260929,12:42:35,47669.81,42540.87,25816.66,16625.66,123.85,1876.24,400.3,459.81,544.65,105.87,163.01,192.78,91.59,136.79,271.02,120.83,189.33,290.42,3028.17,1617.37,463.19,74.44,229.65,946.6,371.16,237.07,280.5,442.12,208.23,101.26,3552.37,234.43,125.16,131.99,39.42,56.29,100.0,272.54
20260929,12:42:40,47669.69,42540.86,25813.02,16621.79,123.79,1877.66,399.66,459.64,544.65,105.87,163.01,192.77,91.59,136.79,271.02,120.84,189.33,290.42,3028.26,1617.4,463.23,74.44,229.65,946.7,371.16,237.07,280.5,442.06,208.29,101.26,3552.28,234.43,125.16,131.99,39.42,56.27,100.0,272.59
20260929,12:42:45,47709.8,42580.37,25816.15,16626.85,123.79,1877.66,400.29,459.64,544.65,105.87,163.01,192.77,91.59,136.79,271.02,120.95,189.33,290.45,3031.32,1619.82,463.14,74.44,229.9,946.39,371.16,237.07,280.5,442.05,208.26,101.26,3551.88,234.43,125.16,131.99,39.42,56.27,100.0,272.59
20260929,12:42:50,47715.59,42585.92,25818.85,16629.64,123.85,1876.28,400.75,459.6,544.65,105.87,163.01,192.79,91.58,136.8,271.02,120.82,189.29,290.45,3031.7,1619.95,463.03,74.42,229.9,946.64,371.16,237.06,280.81,442.11,208.32,101.26,3551.97,234.43,125.16,131.99,39.42,56.27,100.0,272.62
20260929,12:42:55,47670.33,42542.11,25813.85,16624.88,123.85,1876.28,400.21,459.63,544.65,105.78,163.03,192.79,91.6,136.8,271.02,120.84,189.29,290.45,3028.29,1617.46,463.06,74.43,229.67,946.72,371.41,237.06,280.5,442.11,208.32,101.26,3551.7,234.45,125.04,131.99,39.42,56.27,100.0,272.62
20260929,12:43:00,47673.4,42545.1,25817.56,16629.14,123.85,1876.28,400.83,459.55,544.68,105.86,163.03,192.79,91.6,136.8,270.9,120.82,189.29,290.44,3028.43,1617.47,463.05,74.44,229.67,946.61,371.36,237.06,280.8,442.11,208.29,101.26,3551.7,234.45,125.04,131.99,39.42,56.27,100.0,272.62
20260929,12:43:05,47672.56,42541.88,25829.79,16635.14,123.85,1876.22,401.29,459.55,544.68,105.86,163.03,192.79,91.6,136.8,270.72,120.93,189.27,290.44,3028.02,1617.54,462.98,74.42,229.66,945.97,371.36,237.06,280.49,442.06,208.32,101.26,3553.89,234.45,125.28,131.99,39.42,56.26,100.0,272.61
20260929,12:43:10,47715.05,42584.0,25828.04,16635.53,123.85,1876.22,401.21,459.55,544.68,105.86,163.03,192.82,91.6,137.01,270.84,120.81,189.27,290.47,3031.41,1619.95,462.92,74.42,229.67,946.64,371.36,237.06,280.49,442.06,208.45,101.26,3553.24,234.45,125.28,131.99,39.42,56.26,100.0,272.62
20260929,12:43:15,47676.08,42545.61,25830.26,16636.7,123.85,1876.22,401.38,459.55,544.68,105.86,163.05,192.86,91.6,136.8,270.84,120.81,189.23,290.47,3028.28,1617.62,463.23,74.42,229.9,945.86,371.05,237.06,280.53,442.06,208.47,101.26,3553.62,234.45,125.28,131.99,39.42,56.26,100.0,272.61
20260929,12:43:20,47674.88,42544.33,25830.33,16636.41,123.85,1876.22,401.38,459.63,544.72,105.86,163.05,192.87,91.6,136.79,270.84,120.81,189.23,290.44,3028.19,1617.51,463.14,74.43,229.78,945.72,371.36,237.06,280.85,442.07,208.43,101.23,3553.72,234.45,125.28,131.99,39.42,56.26,100.0,272.61
20260929,12:43:25,47674.68,42543.76,25825.77,16629.91,123.85,1876.22,400.75,459.7,544.72,105.86,163.05,192.87,91.6,136.79,270.84,120.81,189.23,290.44,3028.3,1617.71,463.27,74.42,229.67,945.75,371.36,237.06,280.53,442.07,208.32,101.23,3554.06,234.45,125.16,131.99,39.42,56.26,100.0,272.61
20260929,12:43:30,47680.28,42549.59,25824.68,16629.91,123.85,1876.22,400.67,459.7,544.72,105.86,163.05,192.89,91.6,136.79,270.84,120.93,189.25,290.42,3028.77,1617.74,463.19,74.42,229.67,946.5,371.36,237.06,280.8,442.05,208.3,101.23,3553.72,234.45,125.16,131.99,39.42,56.26,100.0,272.61
20260929,12:43:35,47679.5,42549.45,25824.47,16631.74,123.85,1876.22,400.67,459.96,544.72,105.86,163.05,192.89,91.6,136.8,270.72,120.8,189.25,290.49,3028.71,1617.82,463.18,74.43,229.67,946.48,371.36,237.06,280.5,442.05,208.42,101.23,3553.15,234.45,125.28,131.99,39.42,56.28,100.0,272.61
20260929,12:43:40,47718.18,42586.33,25825.89,16630.67,123.85,1876.22,400.67,459.96,544.69,105.86,163.06,192.92,91.6,136.8,270.72,120.81,189.25,290.49,3031.71,1620.12,463.18,74.42,229.78,946.45,371.36,237.06,280.49,442.06,208.31,101.23,3553.89,234.45,125.28,131.99,39.42,56.28,100.0,272.61
20260929,12:43:45,47719.99,42587.93,25832.53,16637.78,123.85,1876.22,401.21,459.96,544.69,105.87,163.06,192.92,91.6,136.79,270.72,120.94,189.25,290.42,3031.67,1620.04,462.94,74.42,229.85,946.41,371.36,237.06,280.8,442.06,208.56,101.23,3554.04,234.45,125.28,131.99,39.42,56.28,100.0,272.61
20260929,12:43:50,47679.66,42548.85,25826.29,16631.33,123.79,1876.22,400.67,459.96,544.69,105.87,163.05,192.89,91.6,136.79,270.72,120.82,189.25,290.42,3028.68,1617.74,462.94,74.42,229.85,946.41,371.36,237.06,280.78,442.06,208.41,101.23,3553.83,234.45,125.28,131.99,39.42,56.28,100.0,272.61
20260929,12:43:55,47718.62,42587.03,25826.96,16632.82,123.66,1876.22,400.84,459.89,544.69,105.87,163.05,192.89,91.6,136.78,270.72,120.94,189.25,290.42,3031.72,1620.16,463.02,74.42,229.85,946.51,371.35,237.06,280.47,442.06,208.42,101.23,3553.64,234.45,125.16,131.99,39.42,56.28,100.0,272.91
20260929,12:44:00,47677.48,42548.77,25819.44,16630.24,123.66,1876.22,400.75,459.63,544.69,105.87,163.05,192.9,91.6,136.77,270.72,120.94,189.25,290.44,3028.69,1617.75,463.07,74.43,229.85,946.7,371.12,237.06,280.47,442.06,208.23,101.26,3551.99,234.45,125.16,131.99,39.42,56.28,100.0,272.91
20260929,12:44:05,47678.42,42549.65,25822.35,16633.51,123.85,1876.22,401.29,459.71,544.69,105.87,163.04,192.86,91.59,136.77,270.72,120.81,189.25,290.42,3028.69,1617.79,462.94,74.45,229.67,946.44,371.12,237.06,280.78,442.06,208.41,101.26,3552.01,234.45,124.93,131.99,39.42,56.28,100.0,272.86
20260929,12:44:10,47717.6,42585.85,25823.43,16628.13,123.85,1876.22,400.75,459.71,544.69,105.87,163.04,192.88,91.59,136.77,270.72,120.81,189.21,290.44,3031.73,1620.13,462.93,74.44,229.67,946.44,371.12,237.06,280.82,442.04,208.31,101.26,3553.81,234.45,124.93,131.99,39.42,56.28,99.72,272.86
20260929,12:44:15,47723.67,42591.71,25823.75,16628.28,123.85,1876.22,400.75,459.63,544.69,105.87,163.04,192.87,91.59,136.76,270.72,120.83,189.21,290.44,3032.2,1620.41,463.08,74.43,229.66,946.58,370.78,237.06,280.82,442.04,208.31,101.26,3553.87,234.45,124.93,131.99,39.42,56.28,99.72,272.91
20260929,12:44:20,47724.29,42592.65,25824.34,16630.12,123.73,1876.22,401.21,459.63,544.69,105.86,163.04,192.87,91.59,136.77,270.72,120.83,189.21,290.44,3032.23,1620.41,462.98,74.44,230.02,946.44,370.78,237.06,280.82,442.04,208.28,101.26,3553.55,234.45,124.93,131.99,39.42,56.28,99.73,272.61
20260929,12:44:25,47679.71,42553.23,25809.22,16626.17,123.73,1876.22,400.67,459.63,544.67,105.86,163.06,192.95,91.59,136.76,270.72,120.83,189.21,290.4,3029.15,1617.98,462.96,74.42,230.04,946.58,371.1,237.06,280.82,442.04,208.28,101.26,3549.9,234.45,124.93,131.99,39.42,56.28,99.73,272.6
20260929,12:44:30,47681.76,42555.23,25813.51,16631.14,123.66,1876.2,401.3,459.89,544.67,105.86,163.06,192.95,91.59,136.77,270.72,120.83,189.21,290.41,3029.19,1617.97,463.06,74.42,229.96,946.68,371.1,237.06,280.82,442.04,208.31,101.26,3549.9,234.45,124.93,131.99,39.42,56.28,99.73,272.6
20260929,12:44:35,47683.33,42556.4,25817.12,16634.06,123.79,1876.2,401.3,459.89,544.67,105.85,163.05,192.95,91.58,136.76,270.72,120.83,189.21,290.41,3029.22,1618.06,462.96,74.44,229.96,946.54,371.1,237.06,280.82,442.04,208.31,101.26,3550.23,234.45,125.28,131.96,39.42,56.27,99.73,272.6
20260929,12:44:40,47678.32,42552.04,25812.6,16630.6,123.79,1876.42,401.3,459.71,544.72,105.85,163.05,192.95,91.58,136.77,270.72,120.83,189.11,290.41,3028.95,1618.01,462.86,74.45,229.92,946.57,371.1,237.07,280.51,441.96,208.3,101.26,3549.76,234.45,124.93,131.96,39.42,56.27,99.73,272.52
20260929,12:44:45,47679.86,42553.54,25814.13,16632.36,123.79,1876.42,401.29,459.71,544.8,105.85,163.04,192.91,91.58,136.97,270.72,120.95,189.15,290.41,3029.03,1618.11,462.98,74.45,229.67,946.15,371.13,237.07,280.82,441.97,208.29,101.26,3549.76,234.77,124.93,131.96,39.42,56.27,99.73,272.52
20260929,12:44:50,47717.62,42590.39,25813.37,16631.71,123.79,1876.42,401.29,459.71,544.8,105.85,163.07,192.92,91.6,136.97,270.72,120.83,189.19,290.41,3032.01,1620.4,463.05,74.44,229.79,946.02,371.22,237.07,280.82,441.9,208.29,101.26,3549.7,234.77,124.93,131.96,39.42,56.27,99.73,272.52
20260929,12:44:55,47683.01,42553.72,25821.05,16630.64,123.79,1876.42,400.83,459.63,544.91,105.85,163.07,192.92,91.6,136.97,270.84,120.81,189.19,290.41,3029.08,1618.11,463.05,74.42,229.92,946.05,370.9,237.07,280.82,441.84,208.44,101.26,3552.39,234.74,124.93,131.96,39.42,56.27,99.73,272.82
20260929,12:45:00,47685.62,42558.46,25817.83,16634.31,123.66,1876.42,401.37,459.63,544.91,105.85,163.06,192.91,91.6,136.97,270.84,120.83,189.19,290.42,3029.38,1618.08,463.04,74.42,230.02,946.76,370.87,237.07,280.83,441.84,208.44,101.26,3550.38,234.74,124.93,131.96,39.42,56.27,99.73,272.82
20260929,12:45:05,47682.39,42556.02,25818.09,16636.99,123.79,1876.42,401.29,459.63,544.94,105.85,163.07,192.92,91.6,136.97,270.84,120.83,189.19,290.42,3029.12,1617.94,462.93,74.42,229.77,946.87,371.21,237.07,280.83,441.85,208.44,101.26,3549.74,234.74,125.28,131.96,39.42,56.27,99.73,272.77
20260929,12:45:10,47679.47,42552.84,25818.01,16635.77,123.79,1876.42,401.2,459.63,544.94,105.85,163.06,192.92,91.59,136.96,270.84,120.84,189.19,290.42,3028.89,1617.94,462.93,74.43,229.66,946.87,370.89,237.07,280.51,441.85,208.38,101.26,3550.04,234.74,125.28,131.96,39.42,56.27,99.73,272.77
20260929,12:45:15,47676.93,42550.22,25813.83,16630.48,123.66,1876.42,400.74,459.63,544.93,105.85,163.05,192.9,91.59,136.96,270.72,120.84,189.19,290.42,3028.81,1617.95,462.94,74.43,229.65,946.24,370.89,237.07,280.83,441.85,208.23,101.26,3550.17,234.74,125.28,131.96,39.42,56.27,99.73,272.77
20260929,12:45:20,47720.79,42593.62,25813.52,16632.35,123.79,1876.42,400.75,459.88,544.93,105.85,163.07,192.92,91.6,136.96,270.72,120.97,189.19,290.39,3032.26,1620.43,463.1,74.45,229.65,946.85,370.94,237.07,280.61,441.85,208.26,101.27,3549.57,234.74,125.28,131.96,39.42,56.25,99.73,272.77
20260929,12:45:25,47680.52,42554.73,25813.92,16633.98,123.79,1876.42,401.2,459.85,544.8,105.86,163.07,192.9,91.61,136.96,270.72,120.85,189.19,290.39,3029.09,1617.89,463.1,74.43,229.65,946.8,370.93,237.07,280.92,441.85,208.26,101.27,3549.25,234.41,125.28,131.93,39.42,56.25,99.73,272.82
20260929,12:45:30,47684.18,42557.82,25815.63,16634.33,123.79,1876.42,401.2,459.85,544.8,105.84,163.08,192.96,91.61,136.75,270.72,120.86,189.19,290.39,3029.33,1618.0,463.24,74.43,229.62,946.9,370.93,237.07,280.92,441.85,208.25,101.35,3549.69,234.74,125.28,131.93,39.42,56.25,99.73,272.83
20260929,12:45:35,47673.85,42547.5,25812.09,16629.42,123.66,1876.42,400.66,459.97,544.81,105.84,163.08,192.96,91.61,136.76,270.72,120.85,189.19,290.39,3028.61,1617.85,463.09,74.44,229.63,946.21,370.93,237.07,280.61,441.85,208.25,101.35,3549.92,234.72,125.28,131.93,39.42,56.27,99.73,272.52
20260929,12:45:40,47676.31,42550.09,25815.37,16633.82,123.79,1876.42,401.2,459.85,544.81,105.84,163.07,192.97,91.59,136.76,270.72,120.83,189.19,290.44,3028.71,1617.79,463.09,74.43,229.63,946.27,370.93,237.07,280.92,441.84,208.25,101.35,3549.75,234.72,125.28,131.93,39.42,56.27,100.01,272.52
20260929,12:45:45,47679.66,42553.42,25815.52,16634.21,123.79,1876.42,401.2,459.66,544.79,105.85,163.08,192.97,91.6,136.75,270.72,120.95,189.19,290.43,3028.97,1617.78,463.15,74.42,229.99,946.86,371.27,237.08,280.61,441.84,208.32,101.38,3549.69,234.78,125.16,131.93,39.42,56.27,100.01,272.52
20260929,12:45:50,47685.93,42557.26,25819.73,16631.45,123.79,1876.42,401.2,459.66,544.8,105.85,163.08,192.97,91.6,136.76,270.72,120.95,189.19,290.42,3029.35,1617.9,463.2,74.42,229.99,946.94,371.29,237.08,280.93,441.87,208.32,101.38,3551.75,234.78,124.81,131.93,39.42,56.27,100.01,272.52
20260929,12:45:55,47719.33,42589.62,25819.48,16630.56,123.79,1877.84,401.2,459.66,544.8,105.85,162.88,192.97,91.44,136.75,270.72,120.95,189.15,290.45,3031.98,1620.19,462.98,74.43,229.62,946.65,371.29,237.08,280.92,441.81,208.3,101.34,3551.92,234.78,124.93,131.93,39.42,56.27,100.01,272.52
20260929,12:46:00,47679.53,42550.84,25821.4,16632.77,123.79,1877.92,401.2,459.66,544.81,105.85,162.88,192.97,91.44,136.75,270.72,120.95,189.15,290.45,3028.8,1617.76,463.14,74.42,229.62,946.85,371.31,237.08,280.61,441.81,208.33,101.34,3551.92,234.78,125.16,131.93,39.42,56.27,100.01,272.52
20260929,12:46:05,47680.94,42552.15,25821.88,16633.12,123.79,1877.92,401.2,459.91,544.76,105.85,162.88,192.97,91.44,136.75,270.72,120.95,189.15,290.45,3028.9,1617.75,463.12,74.44,229.63,946.83,371.29,237.08,280.83,441.86,208.33,101.34,3551.97,234.78,125.16,131.96,39.42,56.27,100.01,272.52
20260929,12:46:10,47680.75,42552.04,25820.28,16631.52,123.85,1876.5,401.2,459.91,544.78,105.85,162.88,192.97,91.44,136.74,270.72,120.79,189.15,290.45,3028.93,1617.83,463.12,74.44,229.86,946.85,371.29,237.08,280.51,441.86,208.33,101.34,3551.9,234.78,125.16,131.96,39.42,56.27,100.01,272.47
20260929,12:46:15,47721.34,42592.01,25818.2,16630.53,123.79,1876.5,401.2,459.91,544.79,105.85,162.88,192.97,91.44,136.95,270.72,120.77,189.14,290.43,3032.17,1620.42,462.89,74.45,229.86,946.82,371.29,236.83,280.51,441.92,208.33,101.34,3551.52,234.78,124.93,131.96,39.42,56.27,100.01,272.77
20260929,12:46:20,47677.39,42549.36,25817.01,16629.76,123.79,1876.57,401.2,459.82,544.81,105.85,162.88,193.0,91.43,136.95,270.72,120.76,189.14,290.47,3028.75,1617.75,462.89,74.43,229.86,946.95,371.31,236.83,280.51,441.89,208.29,101.34,3551.36,234.78,124.93,131.86,39.42,56.27,100.01,272.75
20260929,12:46:25,47679.64,42551.18,25819.23,16631.06,123.79,1876.57,401.2,459.57,544.81,105.85,163.07,193.0,91.59,136.95,270.72,120.76,189.14,290.42,3028.87,1617.84,462.9,74.43,229.72,947.06,371.31,236.83,280.5,441.89,208.34,101.34,3551.7,234.78,124.93,131.86,39.42,56.26,100.01,272.45
20260929,12:46:30,47676.97,42548.58,25816.15,16627.52,123.85,1876.57,400.65,459.57,544.81,105.85,163.07,193.0,91.59,136.94,270.72,120.78,189.14,290.45,3028.74,1617.77,462.83,74.43,229.72,947.04,371.31,236.83,280.5,441.88,208.26,101.34,3551.7,234.78,125.04,131.86,39.42,56.26,100.01,272.44
20260929,12:46:35,47715.37,42586.0,25815.32,16626.56,123.79,1876.57,400.57,459.57,544.69,105.85,163.07,193.0,91.59,136.94,270.72,120.77,189.14,290.44,3031.78,1620.11,462.89,74.45,229.61,947.05,371.31,236.83,280.51,441.87,208.27,101.34,3551.7,234.78,125.04,131.87,39.42,56.26,100.01,272.47
20260929,12:46:40,47716.4,42587.58,25814.62,16627.71,123.79,1876.57,400.66,459.57,544.85,105.85,163.07,192.98,91.59,136.94,270.72,120.79,189.14,290.44,3031.88,1620.2,462.91,74.44,229.61,947.02,371.31,236.84,280.51,441.87,208.27,101.34,3551.17,234.72,125.04,131.87,39.42,56.26,100.01,272.47
20260929,12:46:45,47681.79,42553.64,25811.77,16623.68,123.66,1876.57,400.57,459.57,544.85,105.85,163.07,192.98,91.59,136.95,270.72,120.77,189.17,290.44,3029.24,1617.9,463.34,74.45,229.86,946.76,371.24,236.84,280.82,441.87,208.27,101.34,3551.37,234.72,124.69,131.84,39.42,56.26,100.01,272.47
20260929,12:46:50,47675.37,42547.54,25811.06,16623.36,123.66,1876.57,400.03,459.57,544.81,105.85,163.05,192.92,91.59,136.94,270.72,120.89,189.28,290.44,3028.76,1617.77,463.3,74.45,229.86,946.46,371.18,236.84,280.51,441.85,208.28,101.34,3551.24,234.72,125.04,131.89,39.42,56.26,100.01,272.47
20260929,12:46:55,47718.62,42588.68,25813.74,16623.12,123.66,1876.57,400.03,459.57,544.81,105.85,163.04,192.89,91.59,136.94,270.72,120.9,189.28,290.41,3032.08,1620.31,463.33,74.43,229.86,946.53,371.19,236.84,280.51,441.83,208.28,101.34,3552.14,234.72,125.04,131.89,39.42,56.26,100.01,272.47
20260929,12:47:00,47675.57,42549.51,25801.65,16618.48,123.81,1876.57,399.49,459.68,544.75,105.85,163.04,192.89,91.59,136.94,270.72,120.89,189.28,290.43,3029.04,1617.87,463.31,74.44,229.86,946.41,371.19,236.84,280.82,441.77,208.28,101.34,3549.62,234.72,124.93,131.89,39.42,56.26,100.01,272.47
20260929,12:47:05,47675.06,42549.6,25803.21,16622.28,123.81,1876.57,400.04,459.68,544.79,105.88,163.05,192.92,91.59,136.94,270.72,120.77,189.28,290.43,3028.95,1618.05,463.3,74.43,229.86,946.06,371.51,236.84,280.5,441.77,208.31,101.34,3549.08,234.72,124.93,131.89,39.42,56.26,100.01,272.44
20260929,12:47:10,47672.29,42546.27,25797.86,16614.01,123.81,1876.57,398.94,459.68,544.78,105.88,163.05,192.9,91.59,136.94,270.72,120.77,189.28,290.43,3028.88,1618.05,463.32,74.43,229.79,945.95,371.48,236.84,280.5,441.79,208.31,101.34,3549.66,234.72,124.93,131.86,39.42,56.26,100.01,272.44
20260929,12:47:15,47671.86,42546.67,25795.04,16613.5,123.68,1876.57,398.86,459.68,544.78,105.8,163.04,192.88,91.59,136.94,270.72,120.89,189.28,290.43,3028.93,1617.87,463.38,74.42,229.79,946.23,371.17,236.84,280.78,441.79,208.3,101.34,3548.91,234.72,124.93,131.86,39.4,56.26,100.01,272.49
20260929,12:47:20,47668.75,42543.69,25796.28,16615.1,123.81,1876.34,399.02,459.68,544.78,105.88,163.04,192.86,91.59,136.94,270.72,120.89,189.28,290.46,3028.65,1617.91,463.32,74.41,229.79,945.91,371.18,236.84,280.47,441.79,208.3,101.34,3548.87,234.71,124.93,131.86,39.4,56.24,100.01,272.49
20260929,12:47:25,47669.77,42544.24,25795.57,16612.81,123.81,1876.34,398.94,459.68,544.78,105.87,163.03,192.85,91.59,136.72,270.42,120.77,189.28,290.43,3028.75,1617.93,463.28,74.43,229.79,945.72,371.18,236.84,280.79,441.79,208.27,101.34,3549.27,234.71,124.93,131.85,39.4,56.24,100.01,272.49
20260929,12:47:30,47671.93,42545.1,25797.94,16611.35,123.81,1876.34,398.86,459.68,544.78,105.87,163.02,192.83,91.59,136.94,270.42,120.76,189.28,290.43,3028.85,1618.03,463.28,74.41,229.61,945.86,371.18,236.84,280.77,441.79,208.27,101.34,3550.4,234.71,124.81,131.85,39.4,56.24,100.01,272.49
20260929,12:47:35,47665.5,42540.32,25793.91,16611.68,123.79,1876.34,398.86,459.76,544.77,105.87,163.02,192.85,91.58,136.94,270.42,120.76,189.28,290.45,3028.46,1617.91,463.29,74.4,229.61,945.71,371.18,236.83,280.46,441.79,208.24,101.34,3549.05,234.71,124.93,131.74,39.4,56.24,100.01,272.44
20260929,12:47:40,47661.94,42538.95,25785.8,16609.4,123.79,1876.34,398.78,459.76,544.77,105.87,163.02,192.84,91.58,136.93,270.42,120.76,189.28,290.22,3028.4,1618.04,463.55,74.4,229.61,944.9,371.25,236.83,280.46,441.74,208.15,101.34,3547.14,234.67,124.93,131.74,39.4,56.24,100.01,272.44
20260929,12:47:45,47666.0,42541.66,25785.8,16605.2,123.69,1876.34,398.23,459.68,544.79,105.87,163.01,192.83,91.58,136.51,270.42,120.76,189.28,290.23,3028.72,1618.14,463.48,74.4,229.6,945.44,371.25,236.69,280.46,441.74,208.11,101.34,3548.28,234.67,125.04,131.72,39.4,56.24,100.01,272.47
20260929,12:47:50,47665.37,42541.02,25784.86,16604.03,123.69,1876.34,398.23,459.68,544.79,105.87,163.02,192.85,91.58,136.51,270.42,120.88,189.28,290.26,3028.7,1618.11,463.4,74.41,229.6,945.54,371.23,236.69,280.45,441.74,208.1,101.35,3548.3,234.67,124.81,131.72,39.4,56.24,100.01,272.47
20260929,12:47:55,47667.01,42540.45,25790.3,16603.04,123.69,1876.28,398.23,459.69,544.8,105.87,163.02,192.86,91.58,136.5,270.42,120.75,189.28,290.26,3028.68,1617.97,463.4,74.4,229.6,945.54,371.23,236.69,280.76,441.69,208.08,101.35,3550.27,234.67,124.81,131.71,39.4,56.24,100.01,272.47
20260929,12:48:00,47661.15,42534.52,25791.47,16603.65,123.69,1876.28,398.23,459.69,544.66,105.78,163.02,192.86,91.58,136.5,270.42,120.75,189.28,290.26,3028.19,1617.73,463.39,74.4,229.6,945.52,371.22,236.69,280.45,441.71,208.1,101.35,3550.47,234.67,124.93,131.71,39.4,56.26,100.01,272.47
20260929,12:48:05,47659.58,42534.98,25785.43,16603.35,123.82,1876.28,398.23,459.69,544.66,105.76,163.02,192.85,91.58,136.49,270.42,120.75,189.28,290.19,3028.23,1617.82,463.4,74.39,229.61,945.37,371.2,236.83,280.45,441.71,208.06,101.35,3548.66,234.67,124.93,131.71,39.4,56.26,100.01,272.47
20260929,12:48:10,47664.12,42537.58,25789.83,16602.3,123.82,1876.28,398.23,459.69,544.35,105.78,163.01,192.82,91.58,136.49,270.42,120.75,189.28,290.19,3028.46,1617.8,463.5,74.4,229.73,945.39,370.92,236.83,280.76,441.76,208.06,101.35,3550.32,234.67,124.93,131.71,39.4,56.24,100.01,272.49
20260929,12:48:15,47659.39,42534.98,25784.66,16603.09,123.82,1876.28,398.31,459.56,544.34,105.76,163.02,192.84,91.58,136.48,270.42,120.87,189.28,290.19,3028.24,1617.79,463.45,74.39,229.73,945.34,370.92,236.83,280.45,441.74,208.02,101.35,3548.5,234.67,124.81,131.71,39.4,56.24,100.01,272.82
20260929,12:48:20,47661.52,42537.28,25783.51,16602.51,123.82,1876.24,398.23,459.56,544.24,105.76,163.0,192.76,91.58,136.69,270.42,120.87,189.28,290.21,3028.44,1617.79,463.48,74.37,229.84,945.36,371.17,236.83,280.72,441.74,207.95,101.35,3548.29,234.67,124.93,131.71,39.4,56.24,100.01,272.82
20260929,12:48:25,47659.72,42533.21,25789.88,16602.09,123.82,1876.24,398.23,459.56,544.22,105.76,162.97,192.75,91.56,136.69,270.42,120.87,189.28,290.01,3028.12,1617.74,463.37,74.36,229.72,945.34,371.49,236.83,280.4,441.68,207.98,101.35,3550.4,234.67,124.93,131.71,39.4,56.27,100.01,272.82
20260929,12:48:30,47658.57,42533.86,25784.05,16601.33,123.82,1876.24,398.23,459.56,544.22,105.75,162.97,192.75,91.56,136.68,270.42,120.87,189.2,290.01,3028.19,1617.86,463.37,74.34,229.7,945.37,371.49,236.83,280.26,441.68,208.02,101.35,3548.78,234.6,124.93,131.71,39.4,56.27,100.01,272.51
20260929,12:48:35,47656.88,42530.19,25792.77,16604.58,123.82,1876.61,398.76,459.56,544.22,105.75,162.98,192.77,91.56,136.67,270.54,120.87,189.2,290.01,3027.81,1617.6,463.39,74.35,229.7,945.25,371.49,236.83,280.26,441.7,208.03,101.35,3550.62,234.6,124.81,131.71,39.4,56.26,100.01,272.51
20260929,12:48:40,47654.31,42527.76,25788.02,16599.36,123.82,1876.63,398.13,459.56,544.22,105.75,162.98,192.77,91.57,136.66,270.54,120.87,189.06,290.01,3027.74,1617.59,463.25,74.33,229.7,945.16,371.49,236.82,280.36,441.7,207.99,101.35,3550.56,234.6,124.81,131.71,39.4,56.27,100.01,272.48
20260929,12:48:45,47690.98,42565.68,25787.47,16606.06,123.82,1876.63,398.84,459.57,544.37,105.75,162.99,192.79,91.57,136.66,270.42,120.87,189.06,290.01,3030.64,1620.09,463.23,74.34,229.7,944.31,371.49,236.82,280.4,441.7,207.99,101.35,3548.57,234.6,124.93,131.71,39.4,56.27,100.01,272.48
20260929,12:48:50,47654.78,42530.44,25783.89,16602.02,123.82,1876.63,398.3,459.57,544.37,105.75,162.99,192.8,91.57,136.45,270.42,120.88,189.06,290.01,3027.9,1617.68,463.23,74.35,229.7,945.17,371.42,236.82,280.41,441.7,207.98,101.35,3548.54,234.6,124.93,131.7,39.4,56.27,100.01,272.54
20260929,12:48:55,47656.02,42531.46,25788.24,16606.42,123.82,1876.63,398.93,459.57,544.37,105.75,162.99,192.81,91.57,136.45,270.42,120.87,189.09,290.01,3027.87,1617.69,463.23,74.33,229.69,945.15,371.44,236.82,280.41,441.7,207.98,101.35,3548.71,234.6,124.93,131.7,39.4,56.27,100.01,272.49
20260929,12:49:00,47657.93,42530.87,25794.44,16605.35,123.82,1876.3,398.93,459.82,544.34,105.75,162.99,192.8,91.57,136.46,270.42,120.87,189.09,290.01,3027.85,1617.7,463.21,74.35,229.69,945.06,371.42,236.82,280.41,441.71,207.97,101.35,3550.94,234.6,124.81,131.7,39.4,56.27,100.01,272.47
20260929,12:49:05,47654.93,42528.32,25791.2,16602.85,123.82,1876.3,398.38,459.95,544.34,105.75,162.99,192.8,91.57,136.47,270.42,120.77,189.07,290.01,3027.71,1617.77,463.23,74.34,229.69,944.53,371.11,236.82,280.4,441.71,207.97,101.35,3550.6,234.6,124.93,131.7,39.4,56.27,100.01,272.83
20260929,12:49:10,47657.01,42529.93,25791.15,16601.42,123.82,1876.3,398.29,459.95,544.44,105.67,163.0,192.84,91.56,136.46,270.42,120.77,189.07,290.01,3027.87,1617.8,463.49,74.34,229.58,944.68,371.11,236.82,280.4,441.71,207.97,101.35,3550.98,234.6,124.81,131.7,39.4,56.27,100.01,272.83
20260929,12:49:15,47657.24,42529.78,25795.1,16604.7,123.82,1876.22,398.84,459.95,544.44,105.75,163.01,192.89,91.56,136.46,270.42,120.75,189.07,290.01,3027.78,1617.69,463.49,74.34,229.59,944.83,370.87,236.82,280.4,441.69,207.98,101.35,3551.32,234.6,124.81,131.7,39.4,56.27,100.01,272.52
20260929,12:49:20,47656.13,42530.79,25785.54,16600.7,123.69,1876.22,398.38,459.7,544.44,105.75,163.0,192.86,91.56,136.46,270.42,120.75,189.07,290.01,3027.96,1617.77,463.29,74.35,229.84,944.96,370.86,236.82,280.4,441.74,207.98,101.35,3549.42,234.6,124.81,131.7,39.4,56.27,100.01,272.5
20260929,12:49:25,47657.36,42532.32,25784.92,16601.11,123.69,1876.22,398.29,459.7,544.44,105.75,163.01,192.89,91.56,136.46,270.42,120.75,189.07,290.01,3028.07,1617.77,463.29,74.37,229.59,945.42,370.86,236.82,280.4,441.74,207.98,101.35,3549.11,234.6,124.93,131.7,39.4,56.27,100.01,272.5
20260929,12:49:30,47659.1,42533.56,25785.89,16600.7,123.69,1876.22,398.29,459.7,544.44,105.75,163.01,192.89,91.56,136.47,270.42,120.87,189.07,290.01,3028.18,1617.73,463.41,74.35,229.84,945.49,370.86,236.82,280.4,441.68,207.97,101.35,3549.53,234.6,124.8,131.71,39.4,56.27,100.01,272.5
20260929,12:49:35,47698.36,42574.0,25783.89,16605.74,123.69,1876.22,398.84,459.86,544.44,105.75,163.01,192.89,91.56,136.48,270.42,120.76,189.21,290.01,3031.32,1620.13,463.61,74.33,229.59,945.68,370.78,236.82,280.36,441.71,208.01,101.35,3547.54,234.6,124.93,131.71,39.4,56.27,100.01,272.5
20260929,12:49:40,47657.75,42532.61,25788.08,16604.44,123.82,1876.22,398.76,459.86,544.44,105.75,163.0,192.87,91.56,136.48,270.42,120.76,189.21,290.01,3028.01,1617.65,463.41,74.33,229.59,945.65,370.86,236.82,280.36,441.71,208.01,101.35,3549.2,234.6,124.81,131.71,39.4,56.26,100.01,272.5
20260929,12:49:45,47659.08,42533.53,25786.17,16600.98,123.82,1876.22,398.21,459.86,544.56,105.75,163.02,192.91,91.56,136.48,270.42,120.76,189.21,290.01,3028.17,1617.76,463.55,74.34,229.59,945.35,371.18,236.82,280.45,441.71,208.01,101.35,3549.54,234.6,124.81,131.71,39.4,56.26,100.0,272.5
20260929,12:49:50,47697.88,42571.43,25785.73,16600.81,123.76,1876.22,398.21,459.98,544.56,105.75,163.01,192.89,91.56,136.48,270.42,120.76,189.21,290.01,3031.23,1620.14,463.46,74.34,229.71,944.87,371.18,236.82,280.77,441.68,208.01,101.35,3549.45,234.6,124.81,131.71,39.4,56.26,100.0,272.5
20260929,12:49:55,47660.0,42534.52,25786.39,16601.57,123.76,1876.22,398.21,459.98,544.56,105.75,163.02,192.89,91.57,136.48,270.42,120.9,189.25,290.01,3028.24,1617.76,463.49,74.33,229.7,945.54,370.84,236.82,280.46,441.66,207.99,101.35,3549.45,234.6,124.81,131.7,39.4,56.27,100.0,272.5
20260929,12:50:00,47659.84,42534.28,25784.63,16599.22,123.76,1876.44,398.21,459.98,544.51,105.75,162.82,192.85,91.41,136.48,270.54,120.89,189.25,290.03,3028.27,1617.75,463.48,74.35,229.81,945.51,370.84,236.82,280.46,441.65,207.98,101.35,3549.54,234.53,124.81,131.7,39.4,56.27,100.0,272.5
20260929,12:50:05,47659.8,42534.68,25783.87,16599.82,123.76,1876.44,398.21,459.72,544.48,105.75,162.82,192.85,91.41,136.49,270.54,120.89,189.07,290.03,3028.29,1617.75,463.59,74.34,229.69,945.56,370.83,236.81,280.47,441.66,208.01,101.35,3549.13,234.53,124.93,131.7,39.4,56.27,100.0,272.5
20260929,12:50:10,47656.78,42533.86,25775.84,16597.72,123.76,1876.44,398.21,459.72,544.48,105.75,162.81,192.85,91.41,136.7,270.42,120.77,189.07,290.01,3028.28,1617.75,463.52,74.34,229.69,945.6,370.84,236.81,280.47,441.66,208.01,101.35,3547.2,234.2,124.81,131.7,39.4,56.27,100.0,272.5
20260929,12:50:15,47661.3,42535.63,25783.04,16597.17,123.76,1876.44,398.38,459.72,544.5,105.75,162.82,192.86,91.41,136.69,270.42,120.77,189.07,290.01,3028.43,1617.66,463.48,74.37,229.69,945.81,370.84,236.81,280.78,441.66,208.01,101.35,3549.6,234.2,124.57,131.7,39.4,56.27,100.0,272.51
20260929,12:50:20,47666.56,42539.11,25787.74,16597.08,123.76,1876.36,398.3,459.72,544.52,105.75,162.81,192.84,91.41,136.7,270.54,120.89,189.07,290.01,3028.71,1617.78,463.72,74.37,229.69,945.89,370.84,236.81,280.78,441.66,207.97,101.35,3551.09,234.18,124.57,131.7,39.41,56.27,100.0,272.51
20260929,12:50:25,47663.84,42539.14,25781.08,16598.39,123.76,1876.36,398.3,459.72,544.36,105.75,162.8,192.81,91.41,136.69,270.66,120.89,189.11,290.0,3028.68,1617.88,463.82,74.37,229.94,945.18,370.84,236.81,280.78,441.66,207.97,101.35,3548.65,234.11,124.81,131.7,39.41,56.27,100.0,272.51
20260929,12:50:30,47707.92,42579.67,25788.03,16598.28,123.76,1876.36,398.3,459.85,544.32,105.75,162.8,192.79,91.41,136.49,270.66,120.87,189.11,290.0,3031.95,1620.12,463.95,74.37,229.94,945.9,370.85,236.81,280.78,441.66,208.02,101.35,3550.85,234.11,124.8,131.7,39.41,56.27,100.0,272.51
20260929,12:50:35,47665.96,42540.7,25787.23,16603.79,123.76,1876.36,398.93,459.85,544.31,105.75,162.8,192.82,91.41,136.49,270.42,120.9,189.11,290.0,3028.68,1617.77,463.93,74.36,229.72,945.94,370.87,236.81,280.51,441.65,208.02,101.35,3549.11,234.11,124.92,131.7,39.41,56.27,100.0,272.51
20260929,12:50:40,47703.94,42576.05,25787.95,16599.04,123.76,1876.36,398.46,459.85,544.31,105.75,162.79,192.79,91.41,136.49,270.54,120.75,189.11,290.0,3031.64,1620.02,463.73,74.36,229.61,945.9,370.87,236.81,280.87,441.65,207.98,101.35,3550.62,234.11,124.92,131.7,39.41,56.27,100.0,272.48
20260929,12:50:45,47700.1,42573.6,25782.79,16597.43,123.76,1876.36,398.3,460.1,544.31,105.75,162.79,192.79,91.41,136.49,270.54,120.75,189.11,290.0,3031.48,1620.04,463.81,74.37,229.61,945.75,370.93,236.81,280.56,441.64,208.01,101.35,3549.45,234.11,124.8,131.7,39.41,56.27,100.0,272.48
20260929,12:50:50,47667.53,42539.51,25793.39,16601.74,123.76,1876.36,398.93,460.1,544.28,105.75,162.8,192.81,91.41,136.49,270.54,120.76,189.11,290.0,3028.63,1617.75,463.85,74.37,229.61,945.95,371.19,236.81,280.56,441.66,207.99,101.35,3551.59,234.11,124.8,131.69,39.41,56.27,100.0,272.46
20260929,12:50:55,47665.66,42539.37,25786.06,16598.93,123.76,1876.36,398.38,460.1,544.39,105.75,162.8,192.83,91.41,136.69,270.54,120.88,189.11,290.02,3028.69,1617.63,463.96,74.37,229.61,945.95,371.19,236.81,280.87,441.64,207.96,101.35,3550.06,234.11,124.8,131.69,39.41,56.27,100.0,272.46
20260929,12:51:00,47704.42,42575.78,25791.09,16600.19,123.76,1876.36,398.38,460.1,544.47,105.75,162.81,192.83,91.41,136.7,270.54,120.88,189.11,290.01,3031.59,1619.96,464.02,74.37,229.72,945.94,370.95,236.81,280.56,441.63,207.98,101.35,3551.29,234.11,124.8,131.69,39.41,56.27,100.0,272.75
20260929,12:51:05,47667.39,42539.57,25795.25,16604.54,123.76,1876.36,398.93,460.1,544.43,105.75,162.81,192.84,91.41,136.7,270.42,120.76,189.11,290.01,3028.57,1617.68,463.94,74.38,229.73,945.5,370.95,236.81,280.83,441.63,208.01,101.35,3551.41,234.11,124.92,131.69,39.41,56.27,100.0,272.75
20260929,12:51:10,47706.02,42579.81,25788.43,16605.41,123.75,1876.36,398.93,459.77,544.43,105.67,163.0,192.83,91.57,136.7,270.42,120.76,189.11,290.01,3031.79,1620.23,463.93,74.37,229.61,945.82,370.93,236.81,280.52,441.63,208.02,101.35,3549.04,234.11,124.8,131.78,39.41,56.27,100.0,272.73
20260929,12:51:15,47668.44,42543.16,25785.42,16601.81,123.75,1876.36,398.93,459.77,544.43,105.67,162.81,192.84,91.41,136.49,270.3,120.76,189.11,290.02,3028.93,1617.78,463.92,74.38,229.86,945.82,371.25,236.81,280.87,441.65,207.98,101.35,3549.08,234.11,124.8,131.78,39.41,56.27,100.0,272.43
20260929,12:51:20,47666.14,42543.1,25780.25,16603.2,123.75,1876.36,398.93,459.77,544.41,105.75,162.81,192.85,91.41,136.49,270.3,120.78,189.11,290.02,3028.89,1617.76,463.82,74.38,229.94,945.83,371.25,236.81,280.87,441.65,207.98,101.35,3547.09,234.15,124.92,131.78,39.41,56.27,100.0,272.45
20260929,12:51:25,47667.02,42541.58,25789.97,16606.39,123.75,1876.36,399.47,459.77,544.41,105.75,162.81,192.83,91.41,136.7,270.3,120.78,189.11,290.01,3028.69,1617.68,463.83,74.36,229.7,945.85,371.26,236.81,280.87,441.63,207.99,101.32,3549.26,234.15,124.8,131.78,39.41,56.27,100.0,272.43
20260929,12:51:30,47667.85,42543.2,25789.2,16608.22,123.75,1876.59,399.39,459.77,544.44,105.75,162.8,192.83,91.41,136.71,270.3,120.78,189.15,290.01,3028.78,1617.83,463.82,74.37,229.7,945.52,371.28,236.81,280.91,441.67,208.02,101.32,3548.52,234.15,125.03,131.78,39.41,56.27,100.0,272.42
20260929,12:51:35,47668.79,42541.31,25798.17,16609.14,123.62,1876.59,399.47,459.77,544.43,105.75,162.8,192.8,91.41,136.7,270.3,120.78,189.15,290.01,3028.6,1617.75,463.8,74.38,229.7,945.56,371.28,236.81,280.77,441.67,207.99,101.31,3551.07,234.19,125.15,131.78,39.41,56.27,100.0,272.42
20260929,12:51:40,47673.34,42545.3,25801.49,16611.49,123.75,1876.59,400.02,459.77,544.4,105.75,162.81,192.83,91.41,136.49,270.3,120.79,189.15,290.01,3028.87,1617.79,464.15,74.38,229.7,945.69,371.28,236.81,280.77,441.67,208.02,101.31,3551.47,234.19,124.92,131.78,39.41,56.27,100.0,272.4
20260929,12:51:45,47668.63,42540.58,25802.85,16612.63,123.62,1876.59,400.02,460.02,544.77,105.75,162.81,192.9,91.4,136.49,270.42,120.75,189.15,290.01,3028.46,1617.75,464.14,74.37,229.58,944.98,371.28,236.81,280.77,441.67,207.99,101.31,3551.59,234.19,124.92,131.78,39.41,56.27,100.0,272.53
20260929,12:51:50,47671.83,42544.08,25804.23,16615.48,123.62,1876.59,400.02,460.02,544.75,105.75,162.81,192.9,91.4,136.5,270.42,120.77,189.15,290.01,3028.67,1617.83,464.36,74.36,229.7,944.98,370.97,236.81,280.77,441.67,208.02,101.31,3551.25,234.19,125.27,131.77,39.41,56.27,99.82,272.53
20260929,12:51:55,47712.82,42583.57,25802.31,16611.76,123.75,1876.59,399.47,459.77,544.8,105.75,162.82,192.93,91.4,136.51,270.42,120.77,189.11,290.01,3031.94,1620.22,464.32,74.36,229.88,945.25,370.97,236.81,280.77,441.67,208.03,101.31,3551.65,234.12,125.27,131.77,39.41,56.27,99.82,272.53
20260929,12:52:00,47668.26,42539.93,25801.25,16609.83,123.75,1876.39,399.47,459.77,544.8,105.75,162.82,192.93,91.4,136.51,270.3,120.78,189.11,290.01,3028.47,1617.69,464.22,74.37,229.59,945.15,370.96,236.81,280.77,441.69,208.03,101.31,3551.85,234.12,125.03,131.77,39.41,56.27,99.82,272.56
20260929,12:52:05,47664.59,42539.14,25794.48,16611.35,123.75,1876.28,399.47,459.65,544.82,105.75,162.82,192.89,91.41,136.51,270.3,120.78,189.08,290.04,3028.37,1617.77,464.07,74.37,229.59,945.16,371.03,236.81,280.51,441.69,208.0,101.31,3549.32,234.09,125.27,131.76,39.41,56.27,99.82,272.56
20260929,12:52:10,47673.11,42544.83,25802.28,16611.59,123.75,1876.25,399.47,459.65,544.76,105.75,162.83,192.93,91.41,136.51,270.3,120.79,189.08,290.04,3028.83,1617.73,464.23,74.35,229.85,945.99,371.03,236.81,280.51,441.69,208.03,101.31,3551.69,234.09,125.27,131.76,39.41,56.27,99.82,272.56
20260929,12:52:15,47706.53,42582.12,25789.59,16612.82,123.62,1876.31,399.46,459.65,545.37,105.75,162.82,192.91,91.41,136.49,270.3,120.79,189.08,290.04,3031.8,1620.06,464.13,74.34,229.85,945.99,371.01,236.81,280.51,441.69,207.99,101.31,3547.39,234.09,125.27,131.76,39.41,56.27,99.82,272.59
20260929,12:52:20,47670.02,42544.34,25799.11,16616.38,123.62,1876.31,400.0,459.65,545.44,105.75,162.82,192.91,91.41,136.49,270.3,120.89,189.12,290.04,3028.67,1617.68,464.12,74.34,229.85,945.87,371.3,236.81,280.51,441.69,207.85,101.31,3549.4,234.09,125.27,131.76,39.41,56.27,99.82,272.59
20260929,12:52:25,47668.31,42541.22,25801.58,16614.35,123.62,1876.31,399.55,459.65,545.44,105.75,162.82,192.9,91.41,136.5,270.3,120.89,189.12,290.04,3028.47,1617.69,464.29,74.36,229.86,945.13,371.3,236.81,280.51,441.67,208.0,101.31,3550.72,234.09,125.27,131.76,39.41,56.28,99.82,272.56
20260929,12:52:30,47666.03,42541.06,25795.89,16614.7,123.62,1877.73,399.55,459.65,545.41,105.68,162.82,192.9,91.41,136.71,270.3,120.79,189.12,290.04,3028.45,1617.7,464.11,74.37,229.88,945.16,371.62,236.81,280.51,441.75,208.02,101.34,3548.85,234.09,125.27,131.76,39.42,56.28,99.82,272.58
20260929,12:52:35,47667.35,42541.95,25797.71,16615.48,123.75,1877.83,399.55,459.91,545.33,105.76,162.82,192.9,91.41,136.71,270.3,120.79,189.12,290.04,3028.5,1617.81,464.09,74.38,229.63,945.18,371.62,236.81,280.51,441.78,208.02,101.34,3549.21,234.16,125.27,131.76,39.42,56.28,99.82,272.58
20260929,12:52:40,47671.4,42543.99,25799.69,16611.38,123.75,1877.83,398.92,459.91,545.17,105.76,162.82,192.9,91.41,136.71,270.3,120.91,189.12,290.04,3028.76,1617.74,463.99,74.38,229.88,945.92,371.3,236.81,280.51,441.81,208.04,101.34,3550.94,234.16,125.27,131.76,39.42,56.28,99.82,272.58
20260929,12:52:45,47707.23,42577.86,25800.63,16608.96,123.62,1876.42,398.84,459.91,545.17,105.76,162.82,192.9,91.41,136.73,270.42,120.91,189.12,290.04,3031.55,1620.08,464.1,74.37,229.88,945.3,370.99,236.81,280.5,441.81,208.04,101.34,3551.89,234.11,125.15,131.76,39.42,56.27,99.82,272.58
20260929,12:52:50,47668.43,42540.99,25798.86,16610.06,123.62,1876.42,398.83,459.92,545.17,105.76,162.83,192.92,91.41,136.73,270.42,120.91,189.12,290.04,3028.55,1617.68,464.11,74.37,229.63,945.4,370.99,236.81,280.81,441.81,208.04,101.34,3551.04,234.11,125.27,131.76,39.42,56.27,99.82,272.61
20260929,12:52:55,47667.82,42540.33,25798.03,16608.88,123.62,1875.0,398.92,459.67,545.2,105.76,162.83,192.92,91.41,136.73,270.42,120.78,189.08,290.04,3028.53,1617.6,464.26,74.38,229.63,945.41,370.99,236.81,280.81,441.81,208.01,101.34,3551.1,234.11,125.27,131.76,39.42,56.28,99.82,272.63
20260929,12:53:00,47664.48,42541.17,25785.81,16608.55,123.62,1875.0,398.92,459.66,545.2,105.76,162.83,192.92,91.41,136.73,270.42,120.76,189.07,290.04,3028.6,1617.72,464.35,74.37,229.63,945.54,370.99,236.81,280.51,441.81,208.0,101.34,3547.37,234.11,125.27,131.75,39.42,56.28,99.82,272.58
20260929,12:53:05,47702.89,42576.68,25791.37,16608.53,123.75,1875.0,398.92,459.66,545.16,105.76,162.81,192.9,91.4,136.73,270.42,120.78,189.07,290.05,3031.47,1620.14,464.33,74.37,229.75,944.8,370.96,236.81,280.52,441.77,208.0,101.36,3549.11,234.04,125.27,131.75,39.42,56.28,99.82,272.56
20260929,12:53:10,47666.35,42541.08,25792.84,16610.22,123.75,1875.0,399.47,459.66,545.08,105.76,162.81,192.9,91.4,136.73,270.42,120.77,189.07,290.05,3028.56,1617.75,464.2,74.37,229.75,945.32,371.26,236.81,280.52,441.71,208.0,101.39,3549.12,234.04,125.03,131.75,39.42,56.28,99.82,272.56
20260929,12:53:15,47669.15,42543.85,25790.39,16607.53,123.75,1875.0,398.92,459.66,545.05,105.76,162.79,192.9,91.38,136.72,270.42,120.77,189.07,290.05,3028.84,1617.75,464.22,74.38,230.0,945.32,371.26,236.81,280.83,441.71,207.98,101.39,3549.08,234.04,125.27,131.75,39.42,56.28,99.82,272.54
20260929,12:53:20,47677.87,42552.3,25796.62,16614.57,123.81,1875.0,399.55,459.53,545.06,105.76,162.98,192.9,91.54,136.72,270.42,120.77,189.07,290.07,3029.36,1618.04,464.06,74.4,229.89,945.84,371.52,236.71,280.83,441.71,208.01,101.39,3549.11,234.04,125.27,131.76,39.42,56.28,99.82,272.54
20260929,12:53:25,47673.75,42547.96,25798.41,16615.53,123.75,1875.0,399.47,459.53,545.05,105.76,163.0,192.93,91.55,136.72,270.42,120.87,189.07,290.06,3028.98,1617.94,463.99,74.38,229.89,945.38,371.52,236.71,280.83,441.71,208.04,101.39,3549.41,234.04,125.27,131.96,39.42,56.28,99.82,272.54
20260929,12:53:30,47673.56,42545.88,25803.65,16615.21,123.75,1874.77,399.47,459.79,544.98,105.76,163.01,192.96,91.55,136.72,270.42,120.87,189.03,290.01,3028.82,1617.93,464.13,74.34,229.69,945.48,371.2,236.71,280.61,441.71,208.03,101.39,3551.14,234.04,125.27,131.96,39.42,56.28,99.82,272.54
20260929,12:53:35,47670.4,42544.96,25796.37,16614.06,123.75,1874.77,399.47,459.79,544.98,105.76,162.99,192.96,91.53,136.73,270.42,120.75,189.03,290.01,3028.78,1617.95,464.01,74.33,229.67,945.47,371.17,236.71,280.61,441.73,208.0,101.39,3549.18,234.11,125.27,131.96,39.42,56.27,99.82,272.52
20260929,12:53:40,47670.96,42543.82,25801.61,16614.44,123.81,1874.77,399.47,459.79,544.98,105.77,163.0,192.96,91.54,136.72,270.42,120.75,188.99,290.01,3028.68,1617.87,464.03,74.33,229.67,945.49,371.17,236.71,280.57,441.73,208.02,101.39,3550.71,234.04,125.27,131.96,39.42,56.27,99.82,272.52
20260929,12:53:45,47714.26,42585.92,25801.91,16614.49,123.68,1874.77,399.49,459.79,545.02,105.77,163.0,192.97,91.54,136.71,270.42,120.77,189.17,289.99,3032.07,1620.38,463.95,74.32,229.65,945.54,371.17,236.71,280.88,441.73,207.99,101.39,3550.79,234.04,125.27,131.96,39.42,56.28,99.82,272.54
20260929,12:53:50,47674.81,42549.35,25799.83,16618.35,123.68,1875.0,400.03,459.79,545.17,105.77,163.0,192.97,91.54,136.72,270.54,120.77,189.17,290.01,3029.03,1617.88,464.06,74.33,229.65,945.7,371.49,236.96,281.01,441.71,208.02,101.39,3549.09,234.04,125.03,131.96,39.42,56.28,99.82,272.85
20260929,12:53:55,47672.77,42548.03,25796.54,16616.82,123.81,1875.0,400.03,459.54,545.17,105.78,163.0,192.97,91.54,136.72,270.54,120.77,189.17,290.01,3028.96,1617.83,464.06,74.33,229.65,945.65,371.49,236.94,281.01,441.72,207.85,101.39,3548.48,234.04,125.03,131.96,39.41,56.28,99.82,272.85
20260929,12:54:00,47673.61,42548.75,25797.31,16617.35,123.81,1875.0,400.03,459.54,545.2,105.78,163.0,192.97,91.54,136.72,270.54,120.77,189.03,290.01,3029.0,1617.82,464.2,74.34,229.65,945.63,371.51,236.94,281.01,441.73,207.87,101.39,3548.57,234.04,125.03,131.96,39.41,56.28,100.01,272.86
20260929,12:54:05,47671.17,42548.12,25790.28,16615.13,123.81,1875.0,399.48,459.54,545.2,105.78,163.0,192.97,91.54,136.72,270.54,120.78,189.07,290.02,3029.01,1617.75,464.15,74.33,229.9,945.72,371.51,236.94,281.01,441.73,207.85,101.36,3546.98,234.04,125.27,131.96,39.41,56.28,100.01,272.86
20260929,12:54:10,47671.45,42545.54,25797.23,16613.58,123.68,1875.0,399.39,459.67,545.22,105.78,163.0,192.97,91.54,136.72,270.54,120.78,189.07,290.02,3028.84,1617.68,464.26,74.32,229.64,945.74,370.94,237.03,281.01,441.72,207.87,101.36,3549.57,234.04,125.27,131.96,39.41,56.28,100.01,272.53
20260929,12:54:15,47672.08,42546.45,25796.12,16613.28,123.68,1875.0,399.39,459.67,545.25,105.78,163.0,192.96,91.54,136.73,270.54,120.76,189.07,290.04,3028.92,1617.76,464.16,74.32,229.65,945.78,370.96,237.03,281.02,441.8,207.82,101.36,3549.31,234.04,125.15,131.96,39.41,56.28,100.1,272.85
20260929,12:54:20,47673.2,42550.76,25789.28,16616.22,123.68,1875.04,399.4,459.92,545.27,105.78,162.99,192.93,91.54,136.73,270.54,120.78,189.04,290.04,3029.19,1617.76,464.1,74.31,229.65,946.48,370.94,237.03,281.02,441.82,208.08,101.36,3546.37,234.04,125.15,131.96,39.41,56.28,100.12,272.85
20260929,12:54:25,47668.56,42545.21,25791.18,16614.93,123.81,1875.04,399.4,459.92,545.27,105.78,162.99,192.94,91.54,136.73,270.54,120.78,189.04,290.02,3028.78,1617.75,464.18,74.31,229.67,945.87,370.96,237.03,280.7,441.83,208.01,101.36,3547.32,234.04,125.03,131.96,39.41,56.27,100.12,272.85
20260929,12:54:30,47711.8,42585.41,25793.65,16611.32,123.81,1875.04,398.86,459.92,545.32,105.78,162.99,192.91,91.54,136.73,270.54,120.8,189.04,290.04,3032.1,1620.08,464.15,74.28,229.67,946.62,371.28,236.9,280.7,441.77,208.02,101.36,3549.07,234.04,125.03,131.96,39.41,56.28,100.12,272.85
20260929,12:54:35,47674.57,42551.83,25788.79,16614.75,123.68,1875.04,399.49,459.54,545.15,105.76,162.99,192.92,91.54,136.73,270.54,120.8,189.04,290.04,3029.31,1618.02,464.17,74.29,229.91,946.06,371.28,236.9,280.7,441.83,208.02,101.36,3546.62,234.04,125.15,131.96,39.41,56.28,100.12,272.54
20260929,12:54:40,47713.76,42587.96,25791.22,16610.64,123.68,1875.04,398.95,459.46,545.15,105.76,162.98,192.92,91.53,136.72,270.3,120.8,189.04,290.04,3032.32,1620.33,464.19,74.28,229.92,946.09,371.53,236.9,280.7,441.83,208.03,101.36,3548.5,234.04,125.15,131.96,39.41,56.28,100.12,272.54
20260929,12:54:45,47682.5,42554.72,25800.41,16611.92,123.68,1875.04,398.95,459.46,545.23,105.76,162.98,192.92,91.53,136.72,270.3,120.8,189.04,290.04,3029.61,1617.83,464.2,74.27,230.04,946.93,371.52,236.9,280.92,441.82,208.04,101.36,3551.02,234.04,125.27,131.96,39.41,56.28,100.12,272.54
20260929,12:54:50,47676.72,42549.68,25798.56,16611.76,123.81,1875.04,398.95,459.46,545.13,105.76,162.98,192.94,91.53,136.72,270.3,120.8,189.04,290.05,3029.21,1617.69,464.21,74.28,230.03,946.92,371.18,236.92,280.56,441.82,208.03,101.36,3550.48,234.04,125.27,131.96,39.41,56.28,100.12,272.46
20260929,12:54:55,47718.7,42588.14,25804.99,16610.99,123.81,1875.04,398.85,459.46,545.13,105.76,162.98,192.94,91.53,136.72,270.3,120.8,189.04,290.05,3032.33,1620.19,464.19,74.28,229.67,946.94,371.18,236.92,280.57,441.83,208.03,101.36,3552.7,234.04,125.27,131.96,39.41,56.28,100.12,272.46
20260929,12:55:00,47672.13,42545.24,25796.09,16609.04,123.81,1875.01,398.84,459.46,545.13,105.76,162.97,192.93,91.52,136.73,270.3,120.8,189.04,290.07,3028.92,1617.87,464.09,74.28,229.67,946.09,371.53,236.92,280.56,441.83,208.03,101.36,3550.45,234.04,125.03,131.96,39.41,56.28,100.12,272.49
20260929,12:55:05,47671.94,42546.5,25793.99,16611.45,123.81,1875.01,398.84,459.46,545.13,105.76,162.97,192.93,91.52,136.73,270.3,120.8,189.18,290.07,3028.96,1617.85,463.95,74.3,229.96,946.09,371.54,236.92,280.56,441.85,208.07,101.36,3549.14,234.04,125.27,131.95,39.41,56.28,100.12,272.49
20260929,12:55:10,47671.03,42546.14,25796.54,16616.15,123.75,1875.01,399.47,459.46,545.13,105.76,162.97,192.93,91.52,136.73,270.3,120.8,189.18,290.07,3028.82,1617.73,463.86,74.28,229.96,946.15,371.54,236.94,280.61,441.85,208.1,101.36,3548.66,234.01,125.27,131.95,39.41,56.28,100.12,272.49
20260929,12:55:15,47676.83,42551.41,25797.96,16616.53,123.75,1875.01,399.56,459.46,545.31,105.79,162.99,192.93,91.54,136.73,270.3,120.79,189.18,290.07,3029.24,1617.79,464.09,74.29,229.78,946.77,371.54,236.94,280.71,441.86,208.09,101.36,3549.0,234.01,125.15,131.95,39.41,56.28,100.12,272.49
20260929,12:55:20,47676.01,42549.83,25796.9,16612.67,123.81,1875.01,398.93,459.46,545.21,105.79,162.98,192.92,91.53,136.73,270.3,120.91,189.18,290.07,3029.2,1617.81,464.17,74.29,229.78,946.15,371.54,236.69,281.02,441.86,208.1,101.36,3549.72,234.01,125.15,131.97,39.41,56.28,100.12,272.51
20260929,12:55:25,47675.75,42548.45,25799.85,16612.3,123.81,1875.01,398.93,459.46,545.21,105.79,162.98,192.9,91.54,136.73,270.3,120.91,189.18,290.07,3029.1,1617.86,464.26,74.32,229.67,945.74,371.22,236.69,281.02,441.79,208.08,101.36,3550.74,234.01,125.15,131.97,39.41,56.28,100.12,272.51
20260929,12:55:30,47670.87,42545.42,25793.34,16610.56,123.81,1875.01,398.84,459.46,545.21,105.84,162.98,192.9,91.54,136.73,270.3,120.78,189.18,290.07,3028.9,1617.85,464.27,74.32,229.67,945.27,371.22,236.69,281.02,441.79,208.04,101.36,3549.18,234.01,125.15,131.97,39.41,56.28,100.12,272.51
20260929,12:55:35,47667.43,42542.48,25791.31,16609.61,123.68,1875.01,398.84,459.46,545.21,105.85,162.98,192.9,91.54,136.73,270.3,120.78,189.18,290.07,3028.68,1617.72,464.26,74.31,229.66,945.16,371.54,236.69,281.02,441.79,208.07,101.36,3548.8,234.01,125.03,131.97,39.41,56.28,100.12,272.51
20260929,12:55:40,47669.13,42544.68,25790.66,16610.67,123.81,1875.01,398.84,459.46,545.21,105.83,162.98,192.9,91.54,136.73,270.16,120.78,189.18,290.06,3028.84,1617.78,464.26,74.33,229.78,945.16,371.28,236.69,281.06,441.78,207.96,101.36,3548.31,234.01,125.27,131.97,39.41,56.28,100.12,272.51
20260929,12:55:45,47673.96,42546.21,25799.79,16610.57,123.81,1875.01,398.92,459.39,545.1,105.83,162.97,192.87,91.54,136.72,270.16,120.78,189.18,290.06,3028.96,1617.67,464.26,74.32,230.04,945.61,371.54,236.69,281.03,441.84,207.93,101.36,3551.19,234.01,125.27,131.97,39.41,56.28,100.12,272.51
20260929,12:55:50,47675.48,42548.11,25802.83,16615.46,123.81,1875.01,399.47,459.77,545.1,105.83,162.98,192.9,91.54,136.72,270.28,120.79,189.18,290.06,3029.0,1617.74,464.16,74.32,230.04,945.59,371.54,236.69,281.03,441.84,207.97,101.36,3550.81,234.01,125.27,131.97,39.41,56.28,100.12,272.51
20260929,12:55:55,47676.71,42550.0,25796.32,16610.3,123.81,1875.01,398.92,459.77,545.19,105.83,162.99,192.92,91.54,136.72,270.16,120.78,189.18,290.06,3029.27,1617.88,464.14,74.34,229.79,946.05,371.28,236.69,281.03,441.84,207.82,101.36,3550.18,234.01,125.27,131.97,39.41,56.28,100.12,272.49
20260929,12:56:00,47675.75,42548.4,25801.39,16613.92,123.81,1875.03,399.47,459.78,545.24,105.83,162.99,192.93,91.54,136.72,270.16,120.79,189.04,290.08,3029.06,1617.87,464.06,74.33,229.78,946.08,371.28,236.69,280.71,441.84,207.97,101.36,3550.78,234.01,125.03,131.97,39.41,56.28,100.12,272.49
20260929,12:56:05,47673.35,42545.6,25802.45,16613.57,123.81,1875.03,398.92,459.78,545.24,105.83,162.99,192.93,91.54,136.92,270.16,120.9,189.04,290.1,3028.84,1617.88,464.01,74.33,229.96,945.49,370.93,236.69,280.71,441.84,207.95,101.36,3551.21,234.01,125.27,131.97,39.41,56.28,100.12,272.79
20260929,12:56:10,47681.79,42553.59,25804.46,16615.09,123.66,1875.03,399.47,459.53,545.25,105.83,162.99,192.94,91.54,136.72,270.16,120.8,189.0,290.1,3029.45,1618.01,464.32,74.34,229.96,946.18,370.95,236.69,280.71,441.85,207.95,101.36,3551.43,234.01,125.27,131.97,39.41,56.28,100.12,272.5
20260929,12:56:15,47675.8,42547.52,25804.92,16614.85,123.66,1875.03,399.47,459.53,545.25,105.84,163.0,192.96,91.54,136.72,270.16,120.8,189.0,290.11,3028.96,1617.89,464.32,74.32,229.96,945.46,370.95,236.69,280.71,441.85,207.92,101.36,3551.63,233.99,125.27,131.97,39.41,56.27,100.12,272.5
20260929,12:56:20,47680.25,42552.83,25802.3,16615.1,123.79,1875.03,399.48,459.4,545.21,105.85,162.99,192.93,91.54,136.72,270.16,120.79,189.1,290.12,3029.39,1617.95,464.34,74.31,229.96,946.24,370.95,236.69,280.71,441.86,207.94,101.36,3550.74,233.99,125.27,131.97,39.41,56.25,100.12,272.5
20260929,12:56:25,47717.7,42589.04,25799.92,16611.42,123.79,1875.03,398.94,459.4,545.26,105.85,162.99,192.95,91.54,136.72,270.16,120.79,189.1,290.12,3032.39,1620.32,464.28,74.32,229.96,945.76,370.95,236.83,281.02,441.82,207.94,101.36,3551.0,233.99,125.27,131.97,39.41,56.25,100.12,272.53
20260929,12:56:30,47715.43,42586.2,25801.67,16611.32,123.79,1875.03,398.94,459.4,545.26,105.85,163.0,192.95,91.54,136.72,270.16,120.79,189.1,290.1,3032.17,1620.35,464.27,74.3,229.98,945.09,371.28,236.83,281.02,441.82,207.94,101.33,3551.57,233.99,125.27,131.97,39.41,56.25,100.12,272.53
20260929,12:56:35,47675.76,42547.81,25799.72,16609.96,123.66,1876.45,398.94,459.65,545.26,105.85,163.0,192.95,91.54,136.72,270.16,120.8,189.1,290.13,3029.11,1617.96,464.33,74.32,229.98,945.09,371.28,236.83,281.02,441.82,207.93,101.33,3551.33,233.99,125.03,131.97,39.41,56.25,100.12,272.53
20260929,12:56:40,47715.39,42586.87,25798.97,16610.59,123.66,1876.45,398.94,459.62,545.26,105.86,162.99,192.92,91.54,136.73,270.16,120.78,189.1,290.13,3032.24,1620.21,464.2,74.32,229.87,945.82,371.3,236.83,281.02,441.74,207.95,101.33,3550.93,233.99,125.15,131.97,39.41,56.25,100.12,272.5
20260929,12:56:45,47675.87,42547.63,25800.96,16610.41,123.66,1875.03,398.94,459.62,545.26,105.89,162.99,192.92,91.54,136.73,270.16,120.8,189.1,290.13,3029.08,1617.89,464.33,74.3,229.87,945.37,371.3,236.83,281.02,441.74,207.96,101.33,3551.6,233.99,125.15,131.97,39.41,56.25,100.12,272.5
20260929,12:56:50,47677.65,42549.61,25799.8,16609.93,123.66,1875.03,398.94,459.37,545.26,105.89,162.99,192.92,91.54,136.72,270.16,120.77,189.14,290.13,3029.25,1618.04,464.32,74.31,229.87,945.29,371.3,236.83,281.03,441.73,207.96,101.33,3551.37,233.99,125.15,131.97,39.41,56.25,100.12,272.5
20260929,12:56:55,47674.25,42547.52,25796.22,16609.88,123.73,1876.45,398.94,459.37,545.37,105.89,162.99,192.92,91.54,136.73,270.16,120.79,189.14,290.13,3029.08,1617.97,464.14,74.3,229.87,945.3,371.54,236.83,281.03,441.73,207.93,101.33,3550.26,233.99,125.03,131.97,39.41,56.25,100.12,272.48
20260929,12:57:00,47666.06,42541.36,25791.14,16610.15,123.73,1876.45,399.02,459.37,545.35,105.89,162.99,192.92,91.54,136.73,270.16,120.77,189.14,290.13,3028.58,1617.8,464.45,74.31,230.05,944.52,371.54,236.83,280.72,441.73,207.92,101.33,3548.6,233.99,125.03,131.97,39.41,56.25,100.12,272.46
20260929,12:57:05,47672.63,42544.81,25800.23,16610.71,123.73,1875.03,399.02,459.62,545.35,105.81,162.99,192.92,91.53,136.73,270.16,120.77,189.18,290.13,3028.85,1617.63,464.45,74.31,230.05,945.29,371.23,236.83,281.03,441.7,207.94,101.33,3551.29,234.02,125.15,131.97,39.41,56.25,100.12,272.46
20260929,12:57:10,47674.88,42547.49,25800.32,16612.45,123.79,1876.45,399.02,459.62,545.37,105.81,162.98,192.92,91.53,136.72,270.16,120.77,189.18,290.13,3029.02,1617.75,464.5,74.32,230.05,945.69,371.29,237.07,280.7,441.69,207.94,101.33,3550.85,234.02,125.15,131.97,39.41,56.25,100.12,272.76
20260929,12:57:15,47673.44,42545.99,25799.81,16611.54,123.79,1874.96,399.02,459.37,545.35,105.78,162.98,192.9,91.53,136.72,270.16,120.77,189.14,290.13,3028.92,1617.63,464.47,74.31,230.04,945.69,371.29,237.07,280.84,441.69,207.97,101.33,3550.93,234.02,125.15,131.97,39.41,56.25,100.12,272.76
20260929,12:57:20,47671.28,42544.06,25799.01,16611.21,123.79,1874.96,399.02,459.37,545.35,105.78,162.98,192.91,91.54,136.72,270.16,120.75,189.04,290.13,3028.77,1617.66,464.48,74.32,230.04,944.81,371.31,237.07,281.17,441.63,207.97,101.33,3550.77,234.02,125.15,131.97,39.41,56.25,100.1,272.77
20260929,12:57:25,47679.62,42551.58,25801.96,16612.58,123.79,1876.38,399.02,459.35,545.39,105.86,162.98,192.89,91.54,136.72,270.28,120.74,189.18,290.13,3029.35,1617.91,464.21,74.32,230.16,945.55,371.31,237.07,281.18,441.69,207.93,101.33,3551.32,234.35,125.15,131.97,39.41,56.25,100.1,272.77
20260929,12:57:30,47677.49,42550.13,25798.76,16611.0,123.79,1876.38,398.94,459.09,545.39,105.86,162.98,192.89,91.54,136.72,270.28,120.74,189.18,290.13,3029.27,1617.81,464.21,74.32,230.41,945.51,371.37,237.07,281.14,441.66,207.96,101.33,3550.75,234.35,125.15,131.97,39.41,56.25,100.1,272.46
20260929,12:57:35,47672.43,42546.81,25793.78,16610.63,123.79,1876.38,398.94,459.09,545.39,105.86,162.98,192.91,91.53,136.72,270.28,120.75,189.18,290.13,3029.01,1617.79,464.11,74.32,230.11,945.31,371.37,237.07,281.14,441.66,207.93,101.33,3549.3,234.35,125.15,131.97,39.41,56.24,100.1,272.46
20260929,12:57:40,47668.72,42542.88,25795.28,16611.29,123.79,1876.38,399.01,459.17,545.25,105.85,162.99,192.92,91.54,136.72,270.28,120.75,189.18,290.13,3028.68,1617.57,464.06,74.32,230.11,945.31,371.06,237.07,281.13,441.64,207.96,101.33,3549.58,234.35,125.15,131.97,39.41,56.26,100.1,272.46
20260929,12:57:45,47674.43,42545.98,25805.49,16614.83,123.66,1876.31,399.55,459.17,545.39,105.85,162.98,192.9,91.54,136.72,270.16,120.77,189.18,290.13,3028.84,1617.62,464.13,74.32,230.11,945.48,371.06,237.06,281.13,441.62,207.92,101.33,3551.82,234.35,125.15,131.97,39.41,56.26,100.1,272.46
20260929,12:57:50,47675.7,42547.38,25808.22,16618.51,123.66,1874.89,400.08,459.17,545.39,105.85,162.98,192.88,91.54,136.73,270.16,120.77,189.18,290.13,3028.86,1617.67,464.11,74.33,230.09,945.36,371.37,237.06,281.12,441.62,207.96,101.33,3551.67,234.35,125.15,131.97,39.41,56.26,100.1,272.46
20260929,12:57:55,47714.36,42585.53,25806.32,16617.92,123.66,1874.89,400.01,459.42,545.39,105.85,162.98,192.9,91.54,136.73,270.16,120.75,189.18,290.13,3031.95,1620.06,464.21,74.34,230.09,945.36,371.37,237.06,281.02,441.64,207.93,101.33,3551.23,234.35,125.15,131.97,39.41,56.26,100.1,272.46
20260929,12:58:00,47670.96,42543.78,25804.3,16617.41,123.66,1874.89,399.92,459.42,545.39,105.84,162.98,192.91,91.54,136.72,270.16,120.75,189.18,290.12,3028.6,1617.61,464.24,74.34,230.09,945.3,371.37,237.06,280.71,441.68,207.94,101.33,3550.74,234.35,125.15,131.97,39.41,56.26,100.1,272.46
20260929,12:58:05,47676.11,42546.35,25814.88,16621.4,123.66,1874.89,400.46,459.35,545.4,105.76,162.98,192.9,91.53,136.72,270.16,120.87,189.18,290.12,3028.71,1617.71,464.23,74.37,230.09,945.26,371.06,237.06,280.7,441.69,207.95,101.33,3552.96,234.02,125.15,131.97,39.41,56.26,100.1,272.46
20260929,12:58:10,47716.82,42585.4,25813.52,16617.75,123.79,1876.31,399.92,459.35,545.39,105.76,162.98,192.91,91.54,136.72,270.16,120.75,189.18,290.12,3031.95,1620.12,464.11,74.38,230.2,945.16,371.06,237.06,281.01,441.69,207.95,101.33,3553.53,234.09,125.15,131.97,39.41,56.26,100.1,272.46
20260929,12:58:15,47712.81,42584.02,25809.25,16621.29,123.79,1874.86,400.47,459.44,545.4,105.76,162.98,192.91,91.54,136.72,270.16,120.73,189.04,290.12,3031.75,1619.92,464.17,74.39,230.07,945.32,371.06,237.06,281.01,441.69,207.97,101.33,3551.24,234.09,125.15,131.97,39.41,56.26,100.1,272.46
20260929,12:58:20,47669.67,42541.76,25805.23,16615.93,123.79,1874.98,399.93,459.44,545.36,105.76,162.98,192.91,91.54,136.72,270.16,120.72,189.04,290.12,3028.47,1617.51,464.24,74.39,230.08,945.29,371.05,237.06,280.7,441.69,207.94,101.33,3551.44,234.09,125.03,131.97,39.41,56.26,100.1,272.46
20260929,12:58:25,47710.06,42581.34,25808.44,16620.36,123.79,1874.98,400.55,459.44,545.35,105.76,162.98,192.92,91.53,136.72,270.16,120.71,189.0,290.12,3031.56,1619.75,464.13,74.39,229.96,945.54,371.05,237.06,281.01,441.69,207.94,101.33,3551.24,234.09,125.03,131.97,39.41,56.26,100.1,272.46
20260929,12:58:30,47671.64,42543.55,25810.53,16621.57,123.79,1874.98,400.56,459.44,545.35,105.77,162.98,192.92,91.53,136.73,270.16,120.71,189.0,290.12,3028.48,1617.34,464.22,74.39,230.14,945.39,371.04,236.92,281.01,441.69,208.06,101.33,3551.56,234.09,125.03,131.97,39.41,56.26,100.1,272.46
20260929,12:58:35,47665.27,42538.4,25809.98,16624.48,123.79,1874.98,400.56,459.44,545.35,105.76,162.98,192.9,91.53,136.72,270.16,120.73,189.0,290.14,3028.0,1617.07,464.38,74.39,230.14,945.21,371.11,236.92,280.76,441.68,208.06,101.33,3550.6,234.09,125.39,131.97,39.41,56.26,100.1,272.46
20260929,12:58:40,47663.13,42536.14,25809.52,16623.4,123.79,1874.98,400.57,459.44,545.35,105.76,162.98,192.9,91.53,136.72,270.16,120.73,189.0,290.15,3027.84,1617.23,464.31,74.38,230.02,944.59,371.36,236.91,280.71,441.68,207.95,101.33,3550.75,234.09,125.39,131.97,39.41,56.24,100.1,272.46
20260929,12:58:45,47661.84,42534.3,25810.86,16622.97,123.6,1874.98,400.66,459.18,545.35,105.76,162.98,192.93,91.53,136.73,270.16,120.73,189.0,290.14,3027.7,1617.23,464.12,74.38,230.02,944.49,371.11,236.91,280.71,441.7,207.91,101.33,3551.28,234.09,125.39,131.97,39.41,56.24,100.1,272.48
20260929,12:58:50,47659.29,42532.12,25807.03,16619.57,123.6,1874.98,400.02,459.44,545.35,105.76,162.99,192.95,91.53,136.94,270.16,120.73,189.01,290.12,3027.61,1617.16,464.22,74.38,229.96,944.03,371.42,236.91,281.02,441.7,207.96,101.33,3551.01,234.09,125.39,131.97,39.41,56.24,100.1,272.53
20260929,12:58:55,47660.43,42533.23,25808.77,16621.57,123.66,1874.98,400.57,459.44,545.38,105.75,162.98,192.95,91.53,136.94,270.16,120.73,189.01,290.12,3027.65,1617.09,464.21,74.38,229.96,944.71,371.43,236.94,280.71,441.7,207.75,101.33,3551.01,233.99,125.39,131.97,39.41,56.24,100.1,272.53
20260929,12:59:00,47667.22,42538.8,25817.56,16628.17,123.66,1874.98,401.2,459.44,545.41,105.75,162.98,192.94,91.53,136.94,270.16,120.73,189.01,290.11,3027.94,1617.37,463.95,74.39,230.09,944.67,371.43,236.94,280.71,441.73,207.93,101.33,3551.97,233.99,125.39,131.96,39.41,56.24,100.1,272.61
20260929,12:59:05,47661.48,42535.39,25807.04,16623.39,123.79,1874.98,400.57,459.44,545.39,105.75,162.98,192.94,91.53,136.94,270.16,120.73,189.01,290.12,3027.78,1617.29,464.09,74.39,229.85,944.67,371.18,236.94,280.7,441.73,207.9,101.33,3549.98,233.99,125.39,131.96,39.41,56.24,100.1,272.53
20260929,12:59:10,47699.11,42571.81,25807.93,16623.6,123.79,1874.98,400.57,459.18,545.39,105.75,162.99,192.98,91.53,136.95,270.16,120.72,189.01,290.12,3030.71,1619.53,464.08,74.39,229.85,944.71,371.49,236.94,280.69,441.74,207.96,101.33,3550.2,233.99,125.39,131.96,39.41,56.24,100.1,272.48
20260929,12:59:15,47664.83,42539.12,25805.99,16623.75,123.79,1874.98,400.67,459.18,545.39,105.75,163.01,193.05,91.53,136.73,270.16,120.72,189.01,290.12,3028.07,1617.03,464.14,74.4,230.1,945.42,371.49,236.94,281.0,441.74,207.92,101.33,3549.55,233.99,125.39,131.96,39.41,56.24,100.1,272.46
20260929,12:59:20,47706.54,42579.64,25805.37,16622.65,123.79,1874.98,400.5,459.18,545.43,105.75,163.02,193.09,91.53,136.95,270.16,120.74,189.01,290.1,3031.37,1619.59,464.15,74.4,230.09,945.4,371.16,236.95,281.0,441.74,207.88,101.33,3549.66,233.99,125.39,131.96,39.41,56.23,100.1,272.46
20260929,12:59:25,47672.95,42545.02,25815.74,16628.21,123.66,1874.98,401.12,459.18,545.43,105.78,163.01,193.06,91.53,137.38,270.16,120.75,189.15,290.1,3028.44,1617.19,464.15,74.4,230.27,945.42,371.42,236.95,281.2,441.74,207.9,101.33,3551.39,233.99,125.39,131.96,39.41,56.26,100.1,272.48
20260929,12:59:30,47670.94,42542.16,25814.63,16623.94,123.66,1874.98,400.58,459.31,545.48,105.78,163.01,193.06,91.53,137.17,270.16,120.73,189.15,290.11,3028.31,1617.19,464.15,74.41,230.39,945.41,371.18,236.95,280.88,441.74,207.88,101.33,3552.2,233.99,125.39,131.96,39.41,56.26,100.1,272.49
20260929,12:59:35,47675.26,42547.15,25816.55,16628.76,123.66,1874.98,401.3,459.43,545.48,105.77,163.02,193.11,91.53,137.18,270.16,120.73,189.15,290.1,3028.6,1617.34,464.13,74.41,230.14,945.42,371.5,236.95,281.2,441.68,207.94,101.33,3551.49,233.99,125.27,131.96,39.41,56.26,100.0,272.49
20260929,12:59:40,47673.73,42545.93,25815.82,16628.84,123.65,1874.73,401.3,459.43,545.41,105.77,163.02,193.11,91.53,137.18,270.13,120.84,189.04,290.06,3028.5,1617.36,464.11,74.41,230.16,945.53,371.48,236.95,280.88,441.67,207.96,101.33,3551.24,233.97,125.27,131.96,39.41,56.26,100.0,272.45
20260929,12:59:45,47712.42,42583.89,25818.0,16632.21,123.65,1874.95,401.75,459.68,545.41,105.74,163.02,193.09,91.53,137.18,270.13,120.84,189.04,290.05,3031.48,1619.76,464.02,74.4,230.04,945.4,371.48,236.95,280.92,441.67,207.95,101.33,3551.01,233.97,125.27,131.96,39.41,56.26,100.0,272.45
20260929,12:59:50,47672.26,42545.11,25817.8,16633.14,123.79,1876.37,402.0,459.55,545.27,105.74,162.99,192.99,91.53,137.18,270.13,120.71,189.04,290.05,3028.33,1617.3,464.02,74.41,230.04,945.56,371.5,236.95,280.84,441.68,207.92,101.33,3550.69,234.0,125.27,131.96,39.39,56.26,100.0,272.46
20260929,12:59:55,47675.63,42547.98,25819.09,16633.24,123.79,1876.37,402.0,459.55,545.26,105.74,163.0,193.02,91.52,137.18,270.13,120.72,189.04,290.05,3028.56,1617.45,464.03,74.41,230.04,945.23,371.67,236.95,281.16,441.72,207.91,101.33,3551.07,234.0,125.27,131.96,39.39,56.26,100.0,272.46
20260929,13:00:00,47672.52,42544.51,25820.34,16633.21,123.79,1876.54,401.92,459.54,545.26,105.74,163.01,193.05,91.52,137.18,270.13,120.74,189.04,290.05,3028.28,1617.4,464.03,74.41,229.87,945.26,371.67,236.95,280.84,441.72,207.95,101.33,3551.46,234.0,125.27,131.96,39.39,56.26,100.0,272.46
20260929,13:00:05,47673.39,42545.91,25816.59,16630.74,123.73,1875.12,401.92,459.18,545.26,105.74,163.0,193.05,91.52,137.39,270.31,120.74,189.04,290.03,3028.45,1617.45,464.21,74.37,230.21,945.11,371.42,237.09,280.84,441.73,207.98,101.33,3550.96,234.0,125.03,131.96,39.39,56.26,100.0,272.46
20260929,13:00:10,47678.51,42549.64,25821.02,16631.61,123.73,1875.18,402.0,459.19,545.4,105.75,163.0,193.0,91.53,137.39,270.31,120.74,189.0,290.06,3028.73,1617.72,464.04,74.39,230.12,945.17,371.42,237.09,280.84,441.8,207.94,101.33,3552.11,234.0,125.03,131.96,39.39,56.26,100.0,272.46
20260929,13:00:15,47676.37,42550.76,25811.98,16631.98,123.73,1874.95,402.0,459.06,545.46,105.77,163.03,193.1,91.53,137.18,270.31,120.76,189.0,290.06,3028.81,1617.64,463.95,74.4,229.88,945.96,371.12,236.84,280.84,441.8,207.95,101.33,3549.19,234.0,125.03,131.99,39.39,56.26,100.0,272.46
20260929,13:00:20,47683.59,42556.11,25813.68,16628.28,123.79,1874.95,401.37,459.05,545.46,105.77,163.01,193.06,91.53,137.18,270.31,120.88,189.0,290.04,3029.33,1617.71,464.05,74.4,230.0,946.73,371.45,236.7,280.84,441.8,207.95,101.33,3550.72,234.09,125.03,131.99,39.39,56.26,100.0,272.46
20260929,13:00:25,47689.3,42561.66,25817.3,16632.42,123.66,1875.18,401.91,459.3,545.55,105.77,163.02,193.08,91.53,137.18,270.13,120.86,189.0,290.04,3029.68,1617.81,464.03,74.43,229.88,946.89,371.46,236.7,281.15,441.8,207.96,101.33,3550.73,234.09,125.03,131.99,39.39,56.26,100.0,272.46
20260929,13:00:30,47691.62,42564.39,25815.86,16632.32,123.6,1875.2,401.92,459.3,545.71,105.77,163.02,193.1,91.53,137.18,270.13,120.73,188.96,290.04,3029.9,1617.99,464.04,74.42,230.17,946.62,371.46,236.7,281.15,441.8,207.99,101.33,3550.31,234.09,125.03,131.99,39.39,56.26,100.0,272.46
20260929,13:00:35,47689.78,42563.02,25812.23,16629.58,123.6,1875.2,401.92,459.3,545.75,105.77,163.02,193.1,91.53,137.18,270.13,120.75,188.96,290.04,3029.86,1618.13,464.04,74.46,229.92,946.61,371.46,236.7,280.86,441.75,207.96,101.33,3549.92,234.09,124.68,132.06,39.39,56.26,100.0,272.46
20260929,13:00:40,47694.59,42569.68,25806.9,16630.04,123.79,1875.43,401.91,459.3,545.73,105.77,163.02,193.1,91.53,137.18,270.13,120.75,188.96,290.04,3030.38,1618.34,464.15,74.48,229.92,946.61,371.52,236.84,281.19,441.71,207.96,101.33,3548.13,234.09,124.68,132.06,39.39,56.26,100.0,272.46
20260929,13:00:45,47739.09,42610.6,25819.92,16636.84,123.79,1876.85,401.91,459.3,545.7,105.85,163.03,193.11,91.53,137.18,270.13,120.76,188.96,290.04,3033.52,1620.49,464.28,74.49,230.29,947.45,371.2,236.84,280.84,441.73,207.98,101.33,3550.35,234.09,125.27,132.04,39.39,56.26,100.0,272.81
20260929,13:00:50,47744.06,42612.75,25826.04,16634.89,123.79,1875.43,401.92,459.3,546.28,105.77,163.02,193.13,91.52,137.18,270.13,120.76,189.01,290.04,3033.74,1620.57,464.28,74.58,230.29,947.53,371.46,236.84,280.83,441.7,207.97,101.33,3552.79,234.09,125.03,132.03,39.39,56.26,100.0,272.48
20260929,13:00:55,47706.47,42578.53,25818.68,16634.48,123.79,1875.43,401.82,459.38,546.28,105.77,163.03,193.14,91.52,137.19,270.13,120.76,189.01,290.05,3030.99,1618.32,464.3,74.58,230.29,947.27,371.46,236.86,281.34,441.73,207.98,101.33,3550.6,234.09,125.03,132.03,39.39,56.26,100.0,272.48
20260929,13:01:00,47756.37,42623.48,25831.63,16637.09,123.79,1875.43,402.45,459.14,545.98,105.77,163.02,193.12,91.52,137.19,270.13,120.78,189.01,290.05,3034.55,1620.85,464.41,74.59,230.4,947.8,371.46,236.86,281.25,441.74,207.99,101.33,3553.94,234.09,124.92,132.03,39.39,56.26,100.0,272.46
20260929,13:01:05,47708.04,42579.88,25819.6,16634.94,123.79,1875.43,401.92,459.14,546.09,105.77,163.02,193.1,91.52,137.19,270.25,120.74,189.01,290.05,3031.09,1618.34,464.4,74.6,230.25,947.96,371.46,236.86,280.85,441.74,207.99,101.33,3550.77,234.09,125.15,132.03,39.35,56.26,100.0,272.46
20260929,13:01:10,47702.59,42575.27,25820.55,16638.37,123.66,1875.43,402.37,459.13,546.08,105.93,163.02,193.1,91.52,137.19,270.13,120.75,189.01,290.05,3030.63,1618.14,464.33,74.58,230.37,947.46,371.66,236.86,280.85,441.74,207.99,101.33,3550.13,234.09,125.15,132.03,39.35,56.22,100.0,272.54
20260929,13:01:15,47709.42,42581.52,25816.99,16632.89,123.79,1875.43,401.28,459.13,546.02,105.93,163.05,193.1,91.55,137.39,270.13,120.87,189.01,290.05,3031.27,1618.28,464.36,74.6,230.61,948.28,371.41,236.87,280.85,441.7,207.99,101.33,3550.51,234.09,125.27,132.03,39.35,56.23,100.0,272.54
20260929,13:01:20,47709.45,42581.33,25820.9,16636.69,123.79,1875.43,401.83,459.13,546.15,105.93,163.06,193.14,91.55,137.39,270.13,120.75,189.01,290.05,3031.16,1618.41,464.3,74.6,230.5,947.76,371.62,236.92,280.86,441.71,208.0,101.33,3550.7,234.09,125.27,132.03,39.35,56.23,100.0,272.53
20260929,13:01:25,47709.22,42582.95,25812.1,16632.74,123.79,1875.43,401.28,459.13,546.13,105.93,163.05,193.12,91.55,137.4,270.25,120.75,189.01,290.05,3031.39,1618.44,464.44,74.59,230.14,948.38,371.71,236.92,280.85,441.76,207.99,101.33,3549.02,234.09,125.27,132.03,39.36,56.23,100.0,272.53
20260929,13:01:30,47713.54,42585.78,25817.0,16633.75,123.79,1876.85,401.37,459.13,546.02,105.93,163.05,193.12,91.55,137.39,270.25,120.75,189.15,290.05,3031.59,1618.51,464.36,74.58,230.14,948.76,371.71,236.92,280.85,441.76,207.98,101.33,3550.27,234.12,125.27,132.05,39.36,56.23,100.0,272.53
20260929,13:01:35,47713.67,42586.13,25819.19,16636.99,123.66,1876.62,401.93,459.38,546.02,105.93,163.05,193.12,91.55,137.39,270.25,120.75,189.15,290.05,3031.54,1618.34,464.23,74.58,230.14,948.87,371.39,236.92,281.2,441.77,207.92,101.33,3550.08,234.09,125.27,132.05,39.36,56.23,100.0,272.54
20260929,13:01:40,47715.78,42588.04,25819.44,16636.8,123.66,1876.62,401.93,459.45,546.04,105.93,163.06,193.15,91.55,137.4,270.13,120.75,189.15,290.04,3031.7,1618.41,464.3,74.59,230.14,948.94,371.39,236.78,281.21,441.72,207.93,101.33,3550.21,234.0,125.27,132.05,39.36,56.21,100.0,272.54
20260929,13:01:45,47751.38,42624.51,25815.18,16637.87,123.73,1876.62,402.01,459.45,546.01,105.94,163.06,193.17,91.54,137.4,270.13,120.75,189.15,290.04,3034.61,1620.93,464.21,74.6,230.14,948.21,371.39,236.76,281.21,441.72,207.97,101.33,3548.59,234.0,125.26,132.05,39.36,56.21,100.0,272.54
20260929,13:01:50,47712.36,42585.81,25817.46,16638.23,123.79,1876.62,402.01,459.45,546.01,105.91,163.06,193.17,91.54,137.61,270.13,120.75,189.15,290.04,3031.49,1618.41,464.29,74.57,230.13,948.89,371.35,236.76,280.9,441.72,207.97,101.33,3549.2,234.0,125.26,132.05,39.36,56.21,100.0,272.55
20260929,13:01:55,47710.56,42584.65,25815.99,16638.5,123.79,1876.85,402.01,459.43,546.04,105.91,163.09,193.18,91.56,137.61,270.31,120.75,189.15,290.04,3031.39,1618.36,464.43,74.58,230.24,948.14,371.46,236.76,281.21,441.72,207.94,101.33,3548.67,234.0,125.26,132.05,39.36,56.21,100.0,272.55
20260929,13:02:00,47763.59,42630.48,25833.13,16638.69,123.73,1876.85,402.01,459.3,546.04,105.91,163.07,193.18,91.55,137.61,270.31,120.77,189.15,290.04,3035.08,1620.96,464.46,74.57,230.5,948.98,371.78,236.76,280.9,441.72,207.94,101.31,3553.97,234.32,125.26,132.05,39.36,56.21,100.0,272.55
20260929,13:02:05,47719.05,42589.8,25825.98,16639.58,123.73,1876.85,402.01,459.55,546.18,105.91,163.08,193.17,91.56,137.41,270.31,120.76,189.15,290.04,3031.78,1618.61,464.25,74.56,230.25,948.87,371.78,236.76,280.9,441.72,207.98,101.31,3551.5,234.32,125.26,132.06,39.36,56.21,100.0,272.55
20260929,13:02:10,47708.4,42580.97,25822.0,16640.16,123.73,1875.35,402.01,459.55,546.34,105.83,163.08,193.18,91.56,137.41,270.31,120.89,189.15,290.04,3031.05,1618.48,464.4,74.56,230.13,947.51,371.78,236.76,280.9,441.72,207.98,101.31,3550.1,234.32,125.26,132.06,39.36,56.21,100.0,272.57
20260929,13:02:15,47704.15,42578.12,25817.18,16638.95,123.6,1875.35,402.01,459.55,546.34,105.82,163.08,193.19,91.55,137.62,270.31,120.75,189.01,290.04,3030.85,1618.3,464.51,74.56,230.13,947.53,371.78,236.76,280.86,441.74,207.97,101.31,3548.92,234.32,125.27,132.06,39.36,56.21,100.0,272.57
20260929,13:02:20,47708.35,42581.74,25818.86,16639.3,123.73,1875.35,401.92,459.55,546.34,105.82,163.09,193.23,91.55,137.62,270.31,120.77,189.15,290.04,3031.13,1618.38,464.4,74.56,230.25,947.54,371.78,236.76,281.17,441.75,208.0,101.31,3549.35,234.32,125.26,132.06,39.36,56.21,100.0,272.57
20260929,13:02:25,47711.16,42582.54,25824.65,16639.48,123.6,1876.77,401.92,459.56,546.38,105.83,163.1,193.28,91.55,137.62,270.31,120.76,189.15,290.04,3031.19,1618.33,464.53,74.55,230.51,947.51,371.78,236.76,281.17,441.7,207.97,101.31,3551.11,234.32,125.26,132.06,39.36,56.23,100.0,272.58
20260929,13:02:30,47712.82,42586.48,25814.12,16635.12,123.79,1875.35,401.38,459.56,546.38,105.86,163.09,193.27,91.55,137.62,270.34,120.76,189.15,290.04,3031.62,1618.46,464.42,74.55,230.41,948.23,371.78,236.76,281.23,441.68,208.01,101.31,3549.01,234.36,125.14,132.07,39.4,56.23,100.0,272.56
20260929,13:02:35,47714.31,42586.25,25821.59,16638.08,123.66,1876.77,402.0,459.48,546.38,105.86,163.1,193.27,91.55,137.62,270.46,120.76,189.01,290.04,3031.53,1618.38,464.54,74.57,230.15,948.33,371.71,236.76,281.23,441.72,207.98,101.31,3550.53,234.03,125.02,132.07,39.4,56.23,100.0,272.56
20260929,13:02:40,47720.38,42589.87,25827.11,16636.73,123.66,1876.77,401.91,459.48,546.36,105.86,163.1,193.28,91.55,137.62,270.46,120.76,189.01,290.04,3031.85,1618.47,464.52,74.53,230.16,948.91,371.78,236.76,281.22,441.72,207.94,101.31,3552.62,234.03,125.02,132.07,39.4,56.22,100.0,272.47
20260929,13:02:45,47714.49,42586.06,25819.93,16634.95,123.66,1876.77,401.91,459.41,546.32,105.86,163.1,193.25,91.55,137.62,270.46,120.76,189.01,290.04,3031.59,1618.4,464.54,74.53,230.16,948.88,371.78,236.76,280.9,441.71,207.79,101.31,3550.86,234.03,125.02,132.07,39.4,56.22,100.0,272.47
20260929,13:02:50,47716.6,42587.74,25821.37,16635.36,123.79,1876.77,401.91,459.47,546.32,105.86,163.1,193.24,91.56,137.61,270.46,120.74,189.01,290.04,3031.71,1618.48,464.48,74.53,230.4,948.82,371.47,236.76,280.9,441.76,207.78,101.31,3551.2,234.03,125.02,132.07,39.4,56.22,100.0,272.47
20260929,13:02:55,47715.31,42587.34,25814.94,16630.81,123.79,1875.35,401.36,459.4,546.32,105.86,163.12,193.25,91.57,137.83,270.46,120.74,189.01,290.04,3031.79,1618.45,464.51,74.54,230.52,948.58,371.47,236.76,281.22,441.78,207.74,101.31,3550.43,234.03,125.02,132.07,39.4,56.22,100.0,272.47
20260929,13:03:00,47763.99,42632.67,25826.38,16636.93,123.79,1875.12,401.91,459.4,546.29,105.86,163.13,193.27,91.57,137.83,270.46,120.74,189.01,290.01,3035.29,1621.02,464.62,74.54,230.52,948.84,371.49,236.76,281.23,441.83,207.99,101.31,3552.34,234.03,125.02,132.07,39.4,56.22,99.91,272.46
20260929,13:03:05,47712.83,42584.31,25818.46,16632.82,123.79,1876.54,401.36,459.4,546.29,105.86,163.13,193.28,91.57,137.62,270.28,120.76,189.04,290.01,3031.5,1618.32,464.54,74.54,230.52,948.66,371.35,236.76,280.91,441.83,207.93,101.31,3550.98,234.03,125.02,132.07,39.4,56.22,99.91,272.46
20260929,13:03:10,47708.85,42580.88,25816.78,16632.38,123.79,1876.54,401.36,459.4,546.2,105.85,163.13,193.29,91.57,137.62,270.28,120.77,189.0,290.01,3031.23,1618.57,464.45,74.54,230.27,947.57,371.33,236.76,280.91,441.81,207.9,101.31,3550.58,234.03,125.02,132.07,39.4,56.22,99.91,272.51
20260929,13:03:15,47754.49,42625.13,25819.4,16634.63,123.66,1876.48,401.45,459.38,546.51,105.85,163.12,193.27,91.57,137.62,270.28,120.77,189.0,290.02,3034.74,1620.92,464.42,74.55,230.27,948.68,371.35,236.77,280.91,441.77,207.94,101.31,3550.78,234.03,125.14,132.07,39.36,56.22,99.91,272.51
20260929,13:03:20,47715.83,42590.0,25815.46,16638.64,123.79,1875.06,401.99,459.38,546.51,105.85,163.11,193.27,91.56,137.62,270.46,120.77,189.01,290.02,3031.82,1618.5,464.5,74.55,230.27,948.67,371.35,236.77,281.23,441.77,207.94,101.31,3548.47,234.03,125.14,132.07,39.36,56.25,99.91,272.51
20260929,13:03:25,47717.19,42590.24,25819.05,16639.14,123.73,1876.48,401.91,459.38,546.44,105.84,163.11,193.27,91.56,137.62,270.46,120.76,189.2,290.01,3031.82,1618.52,464.48,74.55,230.15,948.82,371.35,236.77,281.17,441.86,207.91,101.31,3549.45,234.03,125.14,132.07,39.36,56.27,99.91,272.82
20260929,13:03:30,47708.76,42582.35,25813.16,16633.41,123.73,1875.06,401.36,459.38,546.37,105.84,163.11,193.27,91.56,137.62,270.46,120.74,189.2,290.01,3031.32,1618.44,464.69,74.54,230.15,948.11,371.35,236.77,280.85,441.86,207.91,101.31,3549.17,234.03,125.14,132.07,39.36,56.27,99.91,272.51
20260929,13:03:35,47710.68,42584.99,25809.22,16631.45,123.73,1875.06,401.28,459.45,546.36,105.84,163.11,193.27,91.56,137.62,270.46,120.73,189.24,290.01,3031.58,1618.64,464.71,74.56,230.27,947.94,371.26,236.77,280.87,441.86,207.77,101.31,3548.47,234.03,125.14,132.05,39.36,56.27,99.91,272.51
20260929,13:03:40,47715.02,42589.38,25813.61,16637.09,123.6,1876.48,401.91,459.19,546.36,105.84,163.11,193.28,91.56,137.62,270.46,120.73,189.24,290.01,3031.8,1618.64,464.74,74.55,230.27,948.05,371.26,236.77,281.18,441.87,207.89,101.31,3548.31,234.03,125.14,132.05,39.36,56.27,99.91,272.51
20260929,13:03:45,47711.42,42585.61,25810.13,16632.18,123.6,1875.06,401.28,459.19,546.44,105.84,163.11,193.26,91.56,137.62,270.46,120.73,189.1,290.01,3031.62,1618.61,464.85,74.55,230.26,948.06,371.26,236.77,280.83,441.87,207.92,101.31,3548.56,234.03,125.14,132.05,39.36,56.27,99.91,272.46
20260929,13:03:50,47713.58,42587.45,25814.98,16636.89,123.6,1876.43,401.83,459.19,546.45,105.84,163.1,193.24,91.56,137.62,270.46,120.76,189.1,290.01,3031.65,1618.62,464.86,74.54,230.27,948.09,371.26,236.77,280.83,441.87,207.92,101.31,3548.79,234.03,125.14,132.05,39.36,56.27,99.91,272.47
20260929,13:03:55,47713.75,42585.64,25819.24,16635.18,123.6,1875.02,401.83,459.19,546.45,105.84,163.09,193.19,91.56,137.61,270.46,120.76,189.1,290.01,3031.55,1618.63,464.76,74.54,230.27,947.91,371.26,236.77,280.83,441.89,207.92,101.31,3550.59,234.03,125.02,132.02,39.36,56.27,99.91,272.47
20260929,13:04:00,47767.24,42634.2,25830.81,16636.54,123.73,1875.02,401.83,459.2,546.45,105.83,163.1,193.25,91.56,137.61,270.46,120.75,189.1,290.06,3035.43,1621.06,464.91,74.53,230.63,948.77,371.26,236.77,281.14,441.89,207.9,101.31,3553.83,234.1,125.14,132.02,39.4,56.25,99.91,272.47
20260929,13:04:05,47757.85,42629.0,25820.81,16638.26,123.73,1875.02,401.91,459.2,546.6,105.83,163.1,193.24,91.56,137.61,270.46,120.87,189.1,290.06,3034.97,1620.83,464.8,74.53,230.38,948.73,371.26,236.77,281.13,441.86,207.9,101.31,3550.24,234.07,125.14,132.02,39.4,56.25,99.91,272.47
20260929,13:04:10,47744.06,42617.64,25817.82,16641.81,123.6,1876.43,402.45,459.21,546.56,105.83,163.11,193.25,91.57,137.61,270.46,120.73,189.24,290.06,3033.97,1620.62,464.63,74.53,230.15,947.42,371.26,236.77,281.13,441.81,207.93,101.31,3548.34,234.07,125.14,132.02,39.4,56.25,99.91,272.47
20260929,13:04:15,47703.8,42578.57,25813.65,16637.53,123.6,1875.02,401.83,459.38,546.56,105.83,163.1,193.24,91.56,137.82,270.46,120.73,189.1,290.1,3030.92,1618.34,464.7,74.51,230.12,947.37,371.26,236.77,280.99,441.81,207.94,101.31,3548.2,234.07,125.14,132.05,39.4,56.25,100.0,272.52
20260929,13:04:20,47711.41,42583.54,25821.05,16637.83,123.66,1874.9,401.83,459.38,546.56,105.83,163.12,193.24,91.57,137.61,270.46,120.73,189.09,290.1,3031.31,1618.33,464.92,74.54,230.12,947.99,371.26,236.77,281.02,441.79,208.01,101.31,3550.43,234.07,125.14,132.03,39.4,56.25,100.0,272.45
20260929,13:04:25,47707.52,42582.15,25813.74,16637.47,123.66,1874.9,401.83,459.38,546.52,105.83,163.1,193.18,91.57,137.61,270.46,120.74,189.09,290.1,3031.21,1618.34,464.69,74.53,230.12,948.41,371.2,236.77,280.71,441.79,207.99,101.31,3548.25,234.07,125.14,132.03,39.4,56.25,100.0,272.45
20260929,13:04:30,47748.54,42621.75,25814.24,16636.8,123.6,1874.9,401.83,459.38,546.49,105.83,163.1,193.19,91.57,137.61,270.58,120.75,189.23,290.1,3034.42,1620.76,464.69,74.53,230.24,948.41,371.45,236.77,280.71,441.79,207.91,101.31,3548.58,234.07,125.14,132.03,39.4,56.27,100.0,272.45
20260929,13:04:35,47752.56,42626.25,25814.07,16638.58,123.6,1874.9,401.83,459.46,546.56,105.83,163.1,193.19,91.57,137.61,270.58,120.76,189.23,290.09,3034.74,1620.87,464.82,74.53,230.23,948.59,371.45,236.77,280.78,441.79,208.06,101.31,3548.05,234.07,125.14,132.03,39.4,56.27,100.0,272.45
20260929,13:04:40,47752.27,42624.05,25815.62,16633.92,123.73,1874.9,401.28,459.47,546.56,105.83,163.1,193.19,91.57,137.61,270.58,120.76,189.23,290.1,3034.67,1620.86,464.76,74.53,230.23,948.54,371.45,236.77,280.78,441.8,208.06,101.31,3549.8,234.0,125.02,132.02,39.39,56.27,100.0,272.45
20260929,13:04:45,47753.78,42624.77,25819.82,16636.25,123.73,1874.9,401.83,459.23,546.56,105.83,163.1,193.2,91.57,137.6,270.58,120.74,189.23,290.1,3034.67,1620.89,464.7,74.54,230.23,948.12,371.47,236.77,281.1,441.8,207.91,101.31,3550.48,234.0,125.02,132.02,39.39,56.27,100.0,272.5
20260929,13:04:50,47749.96,42620.24,25821.45,16635.41,123.6,1874.9,401.83,459.23,546.56,105.83,163.11,193.21,91.57,137.6,270.4,120.86,189.23,290.08,3034.33,1620.78,464.72,74.54,230.23,948.0,371.47,236.77,280.78,441.74,207.8,101.31,3551.21,234.0,125.02,132.02,39.39,56.27,100.0,272.5
20260929,13:04:55,47707.13,42581.55,25812.89,16635.74,123.73,1874.9,401.83,459.23,546.58,105.83,163.12,193.25,91.57,137.81,270.4,120.76,189.23,290.08,3031.2,1618.42,464.68,74.54,230.23,947.89,371.47,236.77,280.79,441.88,207.8,101.31,3548.45,234.0,125.02,132.02,39.39,56.26,100.0,272.46
20260929,13:05:00,47764.08,42631.74,25829.02,16636.59,123.6,1874.9,401.83,459.25,546.59,105.83,163.1,193.23,91.57,137.81,270.4,120.76,189.23,290.08,3035.23,1621.06,464.84,74.53,230.47,948.57,371.22,236.77,281.1,441.88,207.94,101.31,3553.26,234.0,125.02,132.02,39.39,56.26,100.0,272.46
20260929,13:05:05,47757.21,42627.88,25821.17,16637.06,123.73,1874.9,401.82,459.25,546.59,105.83,163.12,193.23,91.58,137.61,270.4,120.76,189.23,290.08,3034.91,1620.84,464.82,74.55,230.35,948.57,371.22,236.77,281.1,441.9,207.95,101.31,3550.68,234.0,125.02,132.02,39.4,56.28,100.0,272.46
20260929,13:05:10,47707.15,42580.16,25814.85,16633.29,123.6,1874.9,401.28,459.5,546.56,105.83,163.11,193.22,91.58,137.61,270.4,120.74,189.23,290.08,3031.15,1618.35,464.73,74.54,230.23,947.54,371.47,236.77,281.1,441.91,208.01,101.31,3549.73,234.0,125.02,132.02,39.4,56.27,100.0,272.48
20260929,13:05:15,47711.32,42586.05,25813.34,16637.68,123.6,1874.9,401.91,459.5,546.43,105.82,163.12,193.26,91.58,137.61,270.4,120.88,189.19,290.08,3031.52,1618.46,464.99,74.54,230.22,947.75,371.47,236.77,281.14,441.91,207.92,101.31,3548.07,234.0,125.02,132.02,39.4,56.28,100.0,272.48
20260929,13:05:20,47705.29,42580.0,25809.29,16632.42,123.73,1874.9,401.27,459.5,546.42,105.82,163.12,193.25,91.58,137.61,270.4,120.76,189.19,290.08,3031.16,1618.32,464.97,74.53,230.11,947.81,371.45,236.77,280.88,441.91,207.91,101.29,3548.23,234.0,125.02,132.01,39.4,56.28,100.0,272.48
20260929,13:05:25,47714.29,42589.08,25811.84,16636.41,123.73,1875.13,401.82,459.25,546.58,105.74,163.13,193.27,91.58,137.61,270.4,120.74,189.19,290.08,3031.79,1618.44,464.79,74.55,230.11,948.68,371.47,236.77,281.19,441.91,207.91,101.29,3547.94,234.0,125.02,132.01,39.4,56.28,100.0,272.46
20260929,13:05:30,47712.0,42585.92,25811.86,16633.31,123.86,1875.13,401.28,459.25,546.47,105.84,163.13,193.27,91.58,137.61,270.4,120.74,189.19,290.08,3031.61,1618.44,464.82,74.56,230.11,948.62,371.47,236.77,280.88,441.88,207.98,101.29,3548.79,234.0,125.02,132.01,39.4,56.28,100.0,272.46
20260929,13:05:35,47711.56,42583.9,25816.04,16632.83,123.86,1875.13,401.28,459.25,546.56,105.84,163.12,193.27,91.58,137.61,270.4,120.88,189.19,290.07,3031.46,1618.37,464.8,74.55,230.11,948.56,371.47,236.76,280.83,441.88,207.8,101.29,3550.23,234.0,125.02,132.01,39.4,56.28,100.0,272.46
20260929,13:05:40,47750.03,42620.91,25816.54,16631.8,123.86,1875.35,401.28,459.37,546.54,105.76,163.12,193.27,91.57,137.61,270.4,120.72,189.19,290.1,3034.47,1620.87,464.84,74.54,230.11,948.0,371.45,236.76,280.83,441.88,207.81,101.29,3550.66,234.0,125.02,132.01,39.4,56.28,100.01,272.46
20260929,13:05:45,47710.94,42584.28,25813.76,16633.47,123.86,1875.31,401.28,459.5,546.54,105.74,163.13,193.28,91.57,137.6,270.4,120.74,189.04,290.1,3031.48,1618.44,464.75,74.54,230.23,947.94,371.45,236.76,281.16,441.86,207.95,101.32,3549.34,233.98,125.02,132.04,39.4,56.3,100.01,272.46
20260929,13:05:50,47713.76,42585.92,25818.26,16634.94,123.86,1875.31,401.36,459.44,546.55,105.82,163.13,193.28,91.58,137.61,270.4,120.84,189.04,290.09,3031.57,1618.46,464.7,74.55,230.11,948.58,371.45,236.76,280.89,441.83,207.95,101.32,3550.35,233.98,125.02,132.04,39.4,56.3,100.01,272.46
20260929,13:05:55,47715.35,42589.56,25812.3,16635.07,123.86,1875.31,401.36,459.44,546.55,105.82,163.31,193.24,91.73,137.4,270.4,120.84,189.04,290.09,3031.87,1618.61,464.7,74.55,230.36,948.59,371.45,236.74,280.88,441.81,207.8,101.32,3548.45,233.97,125.02,132.04,39.4,56.3,100.01,272.46
20260929,13:06:00,47765.06,42634.34,25821.53,16633.48,123.92,1875.31,401.36,459.19,546.52,105.81,163.12,193.26,91.57,137.39,270.28,120.72,189.0,290.1,3035.51,1621.22,464.8,74.55,230.47,948.69,371.45,236.74,281.15,441.81,207.99,101.32,3551.77,233.9,125.02,132.04,39.4,56.29,100.0,272.46
20260929,13:06:05,47758.53,42628.24,25815.0,16626.83,123.86,1874.86,400.73,459.45,546.22,105.73,163.12,193.25,91.57,137.39,270.28,120.84,189.04,290.1,3035.18,1621.05,464.61,74.54,230.48,948.73,371.45,236.74,281.06,441.79,207.82,101.32,3551.53,233.9,125.02,132.04,39.4,56.3,100.0,272.5
20260929,13:06:10,47709.94,42583.91,25805.99,16626.55,123.73,1874.86,400.72,459.44,546.22,105.73,163.12,193.25,91.57,137.39,270.28,120.84,189.04,290.08,3031.62,1618.5,464.7,74.55,230.12,948.27,371.45,236.74,281.1,441.78,207.84,101.32,3548.79,233.92,125.02,132.04,39.4,56.29,100.0,272.51
20260929,13:06:15,47711.79,42585.58,25807.0,16627.3,123.73,1874.86,400.72,459.45,546.14,105.77,163.15,193.25,91.6,137.39,270.28,120.7,189.04,290.08,3031.73,1618.48,464.62,74.53,230.11,948.73,371.45,236.74,281.1,441.78,208.0,101.32,3548.9,233.92,125.02,132.04,39.4,56.27,100.0,272.51
20260929,13:06:20,47752.04,42623.49,25813.98,16630.92,123.73,1874.74,401.18,459.48,546.14,105.77,163.15,193.25,91.6,137.4,270.4,120.7,189.04,290.08,3034.7,1620.88,464.63,74.54,230.12,948.8,371.2,236.74,280.78,441.79,208.0,101.32,3550.1,233.92,125.02,132.04,39.4,56.27,100.0,272.59
20260929,13:06:25,47752.59,42623.66,25815.2,16631.11,123.73,1874.74,401.18,459.27,546.14,105.85,163.15,193.25,91.6,137.4,270.4,120.71,189.04,290.04,3034.71,1621.04,464.74,74.55,230.12,948.16,371.45,236.74,280.78,441.79,208.03,101.32,3550.43,233.92,125.02,132.04,39.4,56.27,100.0,272.59
20260929,13:06:30,47711.99,42583.8,25816.38,16631.47,123.73,1874.74,401.28,459.19,546.1,105.85,163.14,193.25,91.59,137.4,270.4,120.7,189.04,290.03,3031.49,1618.5,464.86,74.56,230.34,947.99,371.45,236.74,280.78,441.74,208.03,101.32,3550.7,233.99,125.02,132.04,39.4,56.27,100.0,272.59
20260929,13:06:35,47753.98,42624.46,25817.33,16631.68,123.73,1874.74,401.18,459.35,546.1,105.84,163.14,193.25,91.59,137.39,270.4,120.83,189.04,290.03,3034.76,1620.93,464.76,74.55,230.33,948.43,371.43,236.74,280.78,441.71,208.02,101.32,3550.94,233.99,125.02,132.04,39.4,56.27,100.0,272.62
20260929,13:06:40,47711.25,42580.83,25819.98,16628.05,123.73,1874.74,400.64,459.35,546.12,105.84,163.15,193.29,91.59,137.39,270.4,120.81,189.04,290.03,3031.33,1618.45,464.78,74.55,230.09,948.13,371.43,236.74,280.78,441.73,208.05,101.32,3552.75,233.99,125.02,132.04,39.4,56.27,100.0,272.62
20260929,13:06:45,47708.43,42578.37,25823.53,16633.1,123.73,1874.74,401.18,459.35,546.12,105.84,163.15,193.29,91.59,137.4,270.4,120.82,189.04,290.01,3031.01,1618.42,464.57,74.55,230.09,947.65,371.43,236.74,280.78,441.75,208.16,101.32,3552.49,233.99,125.02,132.04,39.4,56.27,100.0,272.62
20260929,13:06:50,47705.41,42579.47,25808.81,16629.72,123.73,1874.86,400.72,459.35,546.11,105.84,163.15,193.29,91.59,137.39,270.54,120.81,189.04,290.01,3031.18,1618.51,464.68,74.55,230.09,947.68,371.43,236.74,280.79,441.75,208.15,101.32,3548.81,233.99,125.02,132.04,39.4,56.27,100.0,272.62
20260929,13:06:55,47702.15,42576.88,25810.94,16634.13,123.73,1874.86,401.27,459.6,546.18,105.84,163.16,193.31,91.59,137.39,270.54,120.81,189.04,290.01,3030.87,1618.35,464.58,74.54,230.09,947.18,371.18,236.74,281.1,441.76,208.13,101.32,3548.28,233.99,125.02,132.04,39.4,56.27,100.0,272.62
20260929,13:07:00,47762.86,42631.16,25821.96,16630.49,123.73,1874.86,400.73,459.26,546.18,105.84,163.35,193.29,91.75,137.4,270.54,120.81,189.04,290.01,3035.33,1621.13,464.77,74.56,230.45,948.74,371.16,236.74,281.04,441.76,207.98,101.33,3552.71,233.99,125.02,132.04,39.4,56.27,100.0,272.62
20260929,13:07:05,47751.44,42620.35,25825.58,16635.71,123.73,1874.63,401.27,459.34,546.18,105.83,163.35,193.29,91.75,137.39,270.54,120.81,189.04,290.01,3034.33,1621.01,464.67,74.54,230.2,947.44,371.16,236.74,280.79,441.77,208.13,101.33,3552.42,233.99,125.02,132.04,39.4,56.27,100.0,272.57
20260929,13:07:10,47701.6,42575.22,25814.28,16634.21,123.73,1874.51,401.18,459.34,546.19,105.83,163.33,193.23,91.75,137.39,270.54,120.68,189.11,290.02,3030.73,1618.38,464.58,74.54,230.09,947.23,371.05,236.74,280.74,441.7,208.15,101.33,3549.3,233.99,125.02,132.03,39.4,56.27,100.0,272.57
20260929,13:07:15,47709.25,42581.91,25813.07,16630.28,123.73,1874.74,400.64,459.33,546.19,105.83,163.34,193.27,91.75,137.18,270.54,120.69,189.11,290.02,3031.36,1618.4,464.66,74.54,230.34,947.97,371.12,236.74,281.05,441.71,208.17,101.33,3549.99,233.99,125.02,132.03,39.4,56.27,100.0,272.54
20260929,13:07:20,47708.36,42583.56,25809.02,16634.03,123.73,1874.74,401.18,459.33,546.19,105.83,163.34,193.28,91.75,137.18,270.54,120.71,189.26,290.03,3031.41,1618.46,464.56,74.54,230.34,947.96,371.37,236.74,281.05,441.7,208.14,101.33,3547.71,233.99,125.02,132.05,39.4,56.27,99.82,272.54
20260929,13:07:25,47710.5,42586.35,25807.31,16634.42,123.73,1874.74,401.27,459.58,546.18,105.83,163.35,193.3,91.75,137.18,270.54,120.71,189.26,290.03,3031.62,1618.62,464.52,74.54,230.45,947.9,371.42,236.88,281.05,441.76,208.17,101.33,3547.06,233.99,124.91,132.04,39.4,56.27,99.82,272.54
20260929,13:07:30,47706.22,42581.59,25808.45,16633.76,123.73,1874.74,401.18,459.58,546.18,105.83,163.34,193.27,91.75,137.18,270.54,120.71,189.26,290.03,3031.25,1618.63,464.35,74.56,230.45,947.22,371.1,236.88,281.05,441.76,208.17,101.33,3547.6,233.99,124.91,132.04,39.4,56.28,99.82,272.54
20260929,13:07:35,47704.87,42581.29,25805.25,16633.49,123.73,1874.74,401.18,459.58,546.18,105.83,163.34,193.27,91.75,137.17,270.66,120.73,189.11,290.03,3031.24,1618.66,464.34,74.55,230.23,947.3,371.1,236.88,281.05,441.8,208.14,101.3,3546.68,233.99,124.91,132.04,39.4,56.28,99.82,272.53
20260929,13:07:40,47748.72,42623.43,25808.2,16634.91,123.86,1876.27,401.18,459.58,546.18,105.83,163.34,193.27,91.75,137.18,270.66,120.73,189.26,290.03,3034.6,1621.17,464.37,74.54,230.12,948.03,371.11,236.88,280.74,441.8,208.16,101.3,3547.21,233.99,124.91,132.04,39.4,56.28,99.82,272.55
20260929,13:07:45,47708.62,42582.66,25809.13,16630.29,123.73,1874.86,400.72,459.71,546.18,105.83,163.33,193.23,91.75,137.18,270.66,120.71,189.26,290.03,3031.42,1618.61,464.45,74.54,230.11,947.87,371.13,236.88,281.05,441.8,208.15,101.3,3548.76,233.95,124.91,132.04,39.4,56.28,99.82,272.56
20260929,13:07:50,47741.79,42614.79,25809.88,16630.54,123.73,1874.86,400.73,459.71,546.18,105.84,163.34,193.25,91.75,137.18,270.66,120.71,189.26,290.02,3034.01,1621.04,464.29,74.54,230.11,947.17,371.15,236.88,280.69,441.87,208.15,101.3,3548.92,233.95,124.91,132.04,39.4,56.28,99.82,272.56
20260929,13:07:55,47701.5,42576.3,25807.62,16630.49,123.73,1874.86,400.73,459.71,546.21,105.85,163.34,193.27,91.75,137.18,270.66,120.71,189.26,290.02,3030.91,1618.68,464.36,74.54,229.94,947.18,371.15,236.74,280.69,441.88,208.15,101.3,3548.23,233.95,124.91,132.04,39.32,56.28,99.82,272.56
20260929,13:08:00,47755.47,42625.77,25816.02,16629.75,123.86,1874.84,400.73,459.58,546.21,105.85,163.34,193.27,91.75,137.18,270.66,120.72,189.26,290.02,3034.91,1621.25,464.42,74.52,230.05,948.2,371.15,236.74,281.01,441.88,207.96,101.3,3551.06,233.95,125.02,132.04,39.32,56.28,99.82,272.48
20260929,13:08:05,47704.38,42579.14,25808.23,16631.3,123.85,1876.03,400.65,459.71,546.3,105.85,163.34,193.27,91.75,137.17,270.66,120.74,189.21,289.99,3031.12,1618.5,464.28,74.52,230.05,948.2,371.15,236.74,280.7,441.87,208.1,101.32,3548.2,233.95,125.02,132.04,39.32,56.28,99.82,272.46
20260929,13:08:10,47701.07,42576.43,25806.9,16631.49,123.85,1874.84,400.65,459.71,546.3,105.85,163.34,193.26,91.75,137.17,270.66,120.71,189.19,289.99,3030.89,1618.6,464.2,74.53,230.06,947.44,371.15,236.74,280.7,441.87,208.1,101.32,3547.73,233.95,125.02,132.04,39.32,56.28,99.82,272.76
20260929,13:08:15,47701.7,42576.67,25808.31,16631.86,123.85,1876.03,400.74,459.71,546.37,105.86,163.33,193.22,91.75,137.17,270.66,120.71,189.19,289.99,3030.9,1618.53,464.19,74.53,230.3,947.45,371.15,236.74,280.7,441.84,208.12,101.32,3548.07,233.95,124.91,132.05,39.32,56.28,99.82,272.75
20260929,13:08:20,47699.49,42576.57,25801.1,16630.45,123.85,1876.25,400.65,459.67,546.37,105.86,163.32,193.19,91.75,137.16,270.66,120.71,189.19,289.99,3030.93,1618.54,464.3,74.54,230.3,947.42,370.84,236.74,280.7,441.82,208.13,101.32,3546.2,233.95,124.91,132.05,39.32,56.26,99.82,272.5
20260929,13:08:25,47705.14,42582.22,25798.4,16627.83,123.72,1874.84,400.73,459.67,546.37,105.86,163.14,193.19,91.6,137.17,270.54,120.72,189.05,290.02,3031.45,1618.76,464.32,74.54,230.05,948.17,370.84,236.74,280.71,441.84,208.12,101.32,3546.07,233.95,124.91,132.02,39.31,56.26,99.82,272.5
20260929,13:08:30,47699.58,42576.72,25796.99,16625.95,123.66,1875.81,400.64,459.4,546.23,105.86,163.12,193.21,91.59,137.16,270.54,120.72,189.05,290.0,3031.05,1618.67,464.31,74.53,230.05,947.47,371.14,236.74,280.71,441.84,208.09,101.32,3546.14,233.95,124.91,132.02,39.31,56.26,99.82,272.44
20260929,13:08:35,47705.0,42578.26,25806.56,16624.39,123.66,1874.39,400.64,459.4,545.97,105.78,163.14,193.26,91.59,137.16,270.54,120.73,189.08,290.0,3031.21,1618.78,464.25,74.55,230.05,947.58,371.19,236.74,280.7,441.86,208.08,101.32,3549.55,233.95,124.91,132.02,39.31,56.26,99.82,272.44
20260929,13:08:40,47745.19,42616.31,25810.14,16624.82,123.66,1874.49,400.64,459.4,545.98,105.78,163.14,193.26,91.59,137.16,270.42,120.73,189.08,290.02,3034.27,1621.09,464.4,74.56,230.3,947.29,371.2,236.88,280.7,441.89,208.11,101.32,3550.56,233.95,124.91,132.02,39.31,56.26,99.82,272.44
20260929,13:08:45,47705.3,42578.64,25806.92,16625.1,123.66,1874.49,400.64,459.58,546.05,105.78,163.14,193.26,91.59,137.16,270.3,120.73,189.08,290.03,3031.23,1618.81,464.35,74.52,230.19,947.33,371.2,236.88,280.71,441.84,208.11,101.32,3549.48,233.95,124.91,132.02,39.31,56.26,99.82,272.44
20260929,13:08:50,47704.45,42578.16,25807.26,16626.67,123.66,1874.26,400.72,459.73,546.35,105.77,163.13,193.26,91.59,137.16,270.3,120.73,189.13,290.03,3031.15,1618.72,464.27,74.52,229.94,947.33,371.19,236.93,281.02,441.82,208.1,101.32,3549.16,233.95,124.91,132.02,39.31,56.26,99.82,272.44
20260929,13:08:55,47707.67,42581.62,25814.05,16635.55,123.66,1874.26,401.81,459.73,546.35,105.76,163.14,193.29,91.59,137.37,270.3,120.73,189.31,290.02,3031.21,1618.7,464.27,74.52,230.19,947.32,371.19,236.93,281.02,441.78,208.15,101.32,3548.86,233.95,124.91,132.02,39.31,56.26,99.82,272.44
20260929,13:09:00,47759.72,42628.39,25825.12,16635.09,123.66,1874.17,401.8,459.48,546.35,105.76,163.13,193.25,91.59,137.37,270.3,120.73,189.31,289.97,3034.99,1621.26,464.36,74.52,230.29,948.13,371.19,236.93,281.07,441.78,208.16,101.32,3552.45,233.95,124.91,132.02,39.31,56.26,99.82,272.44
20260929,13:09:05,47707.91,42583.08,25808.23,16632.98,123.66,1874.17,401.72,459.49,546.49,105.74,163.14,193.26,91.59,137.38,270.3,120.73,189.31,289.97,3031.39,1618.69,464.36,74.52,230.18,948.01,371.18,236.93,280.76,441.78,208.04,101.32,3547.74,233.99,124.79,132.02,39.31,56.26,99.82,272.41
20260929,13:09:10,47698.87,42574.07,25810.25,16634.62,123.66,1874.17,401.72,459.49,546.39,105.74,163.14,193.26,91.59,137.36,270.18,120.75,189.17,289.96,3030.63,1618.44,464.32,74.52,229.94,947.25,371.18,236.93,280.74,441.78,208.17,101.32,3547.93,233.99,124.91,132.02,39.31,56.26,99.82,272.41
20260929,13:09:15,47700.55,42574.64,25807.89,16628.31,123.66,1874.17,401.18,459.49,546.39,105.74,163.15,193.28,91.59,137.36,270.18,120.75,189.17,289.97,3030.83,1618.48,464.3,74.52,229.94,947.23,371.18,236.93,281.05,441.77,207.9,101.35,3548.9,233.99,124.91,132.04,39.31,56.26,99.82,272.41
20260929,13:09:20,47700.36,42574.49,25810.88,16631.92,123.79,1874.17,401.18,459.48,546.46,105.74,163.15,193.28,91.59,137.37,270.0,120.73,189.18,289.96,3030.73,1618.47,464.35,74.52,229.93,947.37,371.18,236.93,280.74,441.77,208.16,101.35,3548.86,233.99,124.91,132.04,39.31,56.26,99.82,272.67
20260929,13:09:25,47708.71,42580.52,25815.2,16629.8,123.66,1874.17,401.18,459.4,546.46,105.82,163.15,193.3,91.59,137.37,270.0,120.74,189.18,289.96,3031.26,1618.65,464.36,74.54,230.18,947.37,371.43,236.93,281.05,441.77,207.99,101.35,3550.79,233.66,124.91,132.04,39.35,56.26,99.82,272.67
20260929,13:09:30,47703.9,42577.39,25812.69,16632.15,123.66,1874.17,401.72,459.41,546.46,105.82,163.16,193.32,91.59,137.16,270.0,120.86,189.18,289.97,3030.96,1618.55,464.38,74.52,230.18,947.35,371.42,236.93,280.74,441.72,207.98,101.35,3549.36,233.66,124.79,132.04,39.35,56.26,99.82,272.31
20260929,13:09:35,47703.61,42577.49,25808.24,16628.29,123.72,1874.17,401.18,459.41,546.49,105.82,163.15,193.27,91.59,137.15,270.0,120.74,189.18,289.97,3031.06,1618.57,464.27,74.54,230.19,947.61,371.42,236.93,280.74,441.72,208.05,101.35,3549.02,233.66,124.79,132.04,39.35,56.26,99.82,272.36
20260929,13:09:40,47706.13,42580.67,25809.76,16632.46,123.66,1874.17,401.72,459.58,546.46,105.74,163.15,193.27,91.59,137.15,270.0,120.74,189.18,289.97,3031.21,1618.66,464.29,74.52,230.19,947.77,371.17,236.93,280.74,441.72,208.09,101.32,3548.36,233.66,124.79,132.05,39.35,56.26,99.82,272.41
20260929,13:09:45,47701.42,42576.26,25810.46,16633.89,123.66,1874.17,401.72,459.58,546.46,105.87,163.15,193.3,91.59,137.15,270.0,120.72,189.18,289.99,3030.82,1618.57,464.18,74.53,229.94,947.02,371.17,236.93,281.05,441.72,208.09,101.32,3548.19,233.66,124.91,132.04,39.35,56.26,99.91,272.41
20260929,13:09:50,47708.22,42582.82,25812.75,16636.3,123.53,1874.17,402.27,459.32,546.36,105.79,163.15,193.3,91.59,137.14,270.0,120.84,189.33,289.99,3031.29,1618.68,464.14,74.53,230.06,947.77,371.16,236.93,281.05,441.72,207.94,101.32,3548.26,233.66,124.91,132.04,39.35,56.28,99.91,272.41
20260929,13:09:55,47707.36,42581.99,25811.01,16634.32,123.53,1874.17,401.8,459.32,546.47,105.87,163.18,193.4,91.59,137.14,270.0,120.82,189.18,289.99,3031.27,1618.53,464.25,74.52,230.05,948.07,371.16,236.93,281.05,441.72,207.94,101.32,3548.25,233.66,125.02,132.04,39.35,56.28,99.91,272.36
20260929,13:10:00,47760.67,42630.39,25825.65,16639.28,123.66,1874.17,402.26,459.4,546.47,105.87,163.19,193.43,91.59,137.14,270.12,120.7,189.18,289.98,3035.05,1621.29,464.3,74.51,230.41,948.19,371.14,236.93,281.05,441.72,208.13,101.32,3551.48,233.66,125.02,132.02,39.36,56.27,99.91,272.38
20260929,13:10:05,47755.13,42626.15,25820.43,16637.18,123.79,1875.59,401.73,459.27,546.47,105.88,163.18,193.46,91.58,137.15,270.12,120.84,189.33,289.99,3034.76,1621.01,464.51,74.54,230.41,948.08,371.16,236.94,281.05,441.72,208.12,101.32,3550.42,233.66,125.02,132.03,39.36,56.27,99.91,272.38
20260929,13:10:10,47706.63,42579.28,25820.2,16638.2,123.66,1874.17,401.73,459.27,546.47,105.88,163.38,193.47,91.74,137.15,270.12,120.72,189.33,289.99,3030.96,1618.51,464.16,74.51,229.82,948.07,371.41,236.94,280.75,441.7,208.12,101.32,3550.07,233.99,125.02,132.03,39.36,56.27,99.91,272.42
20260929,13:10:15,47703.56,42577.99,25816.34,16639.48,123.66,1874.17,402.27,459.26,546.33,105.78,163.37,193.41,91.74,137.14,270.0,120.72,189.18,289.99,3030.83,1618.55,464.15,74.52,229.92,947.19,371.1,236.94,281.06,441.63,207.97,101.32,3548.52,233.99,125.02,132.03,39.36,56.27,99.82,272.45
20260929,13:10:20,47709.37,42583.66,25814.03,16636.82,123.66,1874.23,401.73,459.26,546.63,105.86,163.38,193.46,91.75,137.13,270.0,120.7,189.18,289.98,3031.35,1618.59,464.31,74.53,229.92,948.04,371.1,237.18,281.1,441.6,208.09,101.32,3548.51,233.99,124.91,132.03,39.36,56.27,99.82,272.43
20260929,13:10:25,47707.08,42581.98,25815.49,16640.36,123.66,1875.43,402.27,459.51,546.63,105.86,163.38,193.46,91.75,137.13,270.0,120.7,189.18,289.98,3031.13,1618.55,464.3,74.51,229.94,947.75,371.1,237.18,281.06,441.66,207.95,101.32,3548.01,233.99,124.91,132.07,39.36,56.27,99.82,272.43
20260929,13:10:30,47704.69,42577.45,25819.33,16637.4,123.66,1874.01,401.82,459.51,546.63,105.86,163.38,193.45,91.75,137.35,270.0,120.72,189.33,290.02,3030.83,1618.53,464.29,74.52,230.12,947.28,371.41,237.18,280.75,441.64,207.98,101.32,3550.01,233.99,124.91,132.07,39.36,56.27,99.82,272.43
20260929,13:10:35,47704.52,42579.67,25813.25,16638.4,123.67,1874.01,401.73,459.22,546.77,105.86,163.39,193.48,91.75,137.35,270.0,120.72,189.28,290.02,3030.99,1618.7,464.07,74.51,230.37,947.26,371.41,237.04,280.66,441.64,208.11,101.32,3547.84,233.99,124.92,132.07,39.36,56.27,99.82,272.43
20260929,13:10:40,47709.01,42582.35,25818.24,16638.46,123.67,1874.09,401.73,459.22,546.77,105.86,163.38,193.44,91.75,137.35,269.88,120.84,189.14,290.02,3031.2,1618.85,464.1,74.51,230.36,947.26,371.41,237.04,280.66,441.64,208.08,101.32,3549.38,233.99,124.92,132.07,39.36,56.25,99.82,272.43
20260929,13:10:45,47706.42,42579.98,25818.02,16638.71,123.67,1874.09,401.73,459.22,546.77,105.86,163.38,193.46,91.74,137.35,269.88,120.85,189.14,290.0,3031.01,1618.68,464.26,74.53,230.36,947.13,371.41,237.04,280.66,441.65,208.08,101.32,3549.25,233.99,124.92,132.07,39.36,56.25,99.82,272.51
20260929,13:10:50,47711.42,42584.4,25823.08,16643.01,123.67,1874.09,402.28,459.22,546.77,105.86,163.39,193.5,91.74,137.35,269.88,120.85,189.28,290.0,3031.26,1618.82,464.21,74.51,230.25,947.13,371.17,237.04,280.97,441.62,208.08,101.32,3549.66,233.99,124.92,132.06,39.36,56.25,99.82,272.53
20260929,13:10:55,47709.37,42581.75,25820.43,16637.8,123.67,1875.51,401.74,459.3,546.77,105.85,163.39,193.49,91.74,137.35,270.0,120.73,189.14,290.0,3031.17,1618.81,464.23,74.52,230.0,947.12,371.43,237.04,280.97,441.62,207.97,101.32,3550.25,233.99,124.92,132.06,39.36,56.27,99.82,272.53
20260929,13:11:00,47761.0,42629.22,25828.64,16637.76,123.67,1874.09,401.74,459.3,546.63,105.85,163.38,193.48,91.74,137.34,270.0,120.73,189.14,290.0,3035.0,1621.32,464.28,74.5,230.36,948.08,371.43,237.04,280.97,441.65,208.08,101.32,3552.83,233.99,124.92,132.06,39.36,56.27,99.82,272.53
20260929,13:11:05,47712.15,42584.34,25821.49,16638.64,123.67,1874.09,401.74,459.05,546.83,105.85,163.37,193.44,91.74,137.34,270.0,120.86,189.14,290.0,3031.36,1618.72,464.03,74.51,230.36,948.0,371.44,237.04,280.76,441.65,208.12,101.32,3550.35,233.62,124.92,132.06,39.36,56.27,99.82,272.53
20260929,13:11:10,47742.52,42615.29,25821.49,16643.16,123.67,1874.32,402.28,459.05,547.06,105.86,163.38,193.45,91.75,137.34,270.0,120.74,189.28,290.0,3033.74,1620.96,463.91,74.51,230.11,946.74,371.44,237.04,281.07,441.66,208.11,101.32,3549.12,233.62,124.92,132.06,39.36,56.27,99.91,272.56
20260929,13:11:15,47707.77,42580.5,25821.71,16640.31,123.67,1874.32,401.65,459.04,547.09,105.86,163.38,193.43,91.75,137.34,270.0,120.87,189.28,289.98,3031.01,1618.56,464.08,74.51,230.05,947.49,371.38,237.04,281.07,441.66,208.11,101.32,3549.97,233.62,124.92,132.06,39.36,56.27,99.91,272.86
20260929,13:11:20,47701.08,42574.39,25818.39,16637.85,123.67,1874.32,401.66,459.04,547.01,105.86,163.38,193.43,91.75,137.34,270.0,120.75,189.14,289.98,3030.58,1618.66,463.97,74.51,229.94,946.78,371.38,237.04,280.76,441.61,208.11,101.32,3549.6,233.62,124.92,131.96,39.36,56.27,99.91,272.54
20260929,13:11:25,47705.23,42580.74,25814.39,16641.0,123.54,1874.32,402.2,459.28,546.97,105.86,163.37,193.45,91.74,137.34,270.0,120.73,189.28,289.98,3031.01,1618.69,463.97,74.51,229.94,947.34,371.13,237.04,281.07,441.59,208.07,101.32,3547.49,233.62,124.92,131.96,39.36,56.27,99.91,272.52
20260929,13:11:30,47704.44,42580.2,25814.21,16641.52,123.67,1874.32,402.2,459.28,546.97,105.86,163.37,193.43,91.74,137.34,270.0,120.75,189.28,289.97,3030.96,1618.6,463.95,74.51,230.18,947.32,371.13,237.03,281.07,441.55,208.08,101.32,3547.3,233.62,124.92,131.96,39.36,56.25,99.91,272.58
20260929,13:11:35,47702.55,42577.6,25813.59,16638.27,123.67,1874.32,401.75,459.28,546.97,105.86,163.37,193.46,91.73,137.34,270.0,120.75,189.1,289.97,3030.82,1618.57,464.31,74.51,230.18,946.67,371.39,237.03,281.07,441.55,208.12,101.32,3547.98,233.63,124.92,131.95,39.36,56.27,99.91,272.53
20260929,13:11:40,47704.98,42578.31,25816.22,16635.76,123.67,1875.74,401.74,459.02,547.0,105.87,163.36,193.44,91.73,137.34,270.12,120.73,189.09,289.97,3030.94,1618.46,464.08,74.51,230.07,948.02,371.39,237.03,280.76,441.52,207.94,101.32,3549.49,233.63,124.8,131.95,39.36,56.27,99.91,272.52
20260929,13:11:45,47709.56,42583.88,25816.78,16640.1,123.67,1874.32,402.28,458.95,547.0,105.88,163.36,193.43,91.73,137.34,270.12,120.73,189.14,289.95,3031.29,1618.73,464.47,74.52,230.05,947.61,371.38,237.12,280.76,441.5,208.1,101.32,3548.48,233.63,124.8,131.85,39.36,56.25,99.91,272.5
20260929,13:11:50,47705.37,42579.31,25812.87,16633.98,123.54,1874.32,401.74,458.95,547.0,105.88,163.38,193.51,91.73,137.33,270.12,120.74,189.1,289.96,3031.07,1618.67,464.36,74.5,230.23,947.25,371.38,236.88,280.76,441.53,207.92,101.27,3548.92,233.63,124.8,131.85,39.28,56.26,99.91,272.47
20260929,13:11:55,47703.3,42577.16,25813.17,16633.86,123.54,1874.32,401.75,458.95,547.01,105.87,163.39,193.55,91.73,137.34,270.12,120.72,189.1,289.96,3030.9,1618.68,464.26,74.49,230.09,947.16,371.38,236.88,280.69,441.53,207.92,101.27,3549.05,233.63,124.8,131.85,39.24,56.26,99.82,272.51
20260929,13:12:00,47753.27,42622.39,25826.01,16637.08,123.6,1873.95,401.74,459.03,547.01,105.84,163.39,193.56,91.73,137.34,270.0,120.76,189.25,289.96,3034.46,1621.17,464.29,74.52,230.15,947.95,371.35,236.88,280.61,441.53,208.11,101.27,3552.18,234.27,124.8,131.85,39.24,56.26,99.82,272.51
20260929,13:12:05,47707.7,42580.75,25815.51,16634.25,123.6,1873.98,401.65,459.03,546.98,105.84,163.41,193.57,91.74,137.34,270.12,120.76,189.14,289.96,3031.18,1618.7,464.22,74.51,230.15,947.94,371.25,237.02,280.51,441.43,207.93,101.27,3549.67,234.27,124.8,131.85,39.24,56.26,99.82,272.37
20260929,13:12:10,47735.05,42608.15,25811.06,16631.64,123.73,1873.59,401.65,459.03,547.03,105.84,163.2,193.55,91.57,137.34,270.12,120.76,189.14,289.94,3033.45,1620.95,464.1,74.51,230.08,946.55,370.99,237.02,280.61,441.37,207.94,101.27,3548.99,233.88,124.8,131.85,39.24,56.26,99.82,272.37
20260929,13:12:15,47694.27,42570.11,25809.74,16635.81,123.6,1873.82,402.2,458.95,546.82,105.92,163.21,193.55,91.58,137.34,270.24,120.88,189.14,289.97,3030.28,1618.28,464.23,74.51,230.08,946.69,371.05,237.02,280.91,441.27,207.94,101.27,3547.45,233.88,124.8,131.85,39.24,56.26,99.82,272.42
20260929,13:12:20,47739.74,42612.97,25809.39,16630.56,123.54,1873.59,401.65,459.2,546.82,105.85,163.21,193.58,91.58,137.34,270.24,120.76,189.09,289.97,3033.86,1620.8,464.11,74.51,230.08,947.55,371.01,237.02,280.92,441.37,207.94,101.27,3548.76,233.95,124.79,131.76,39.24,56.24,99.82,272.42
20260929,13:12:25,47692.06,42566.29,25810.14,16630.67,123.54,1873.59,401.65,459.22,546.8,105.85,163.2,193.57,91.57,137.55,270.24,120.74,189.24,289.97,3030.1,1618.28,463.76,74.5,229.91,947.37,370.71,237.02,280.6,441.37,207.95,101.27,3548.97,233.95,124.79,131.73,39.24,56.24,99.82,272.42
20260929,13:12:30,47700.68,42574.72,25814.79,16636.12,123.54,1873.59,402.2,458.94,546.94,105.85,163.23,193.68,91.57,137.55,270.12,120.75,189.24,289.98,3030.64,1618.51,463.76,74.5,229.91,947.91,370.97,237.02,280.6,441.37,207.98,101.27,3548.94,234.28,124.79,131.77,39.24,56.24,99.82,272.42
20260929,13:12:35,47695.29,42569.32,25815.02,16635.88,123.54,1873.56,402.2,459.22,546.98,105.87,163.21,193.66,91.57,137.34,270.12,120.75,189.23,290.01,3030.21,1618.53,463.77,74.52,229.9,946.72,371.27,237.02,280.65,441.32,207.98,101.27,3549.08,234.2,124.79,131.77,39.24,56.23,99.81,272.42
20260929,13:12:40,47699.6,42573.46,25811.33,16631.42,123.54,1873.56,401.57,459.22,547.02,105.87,163.2,193.6,91.57,137.34,270.12,120.75,189.13,290.01,3030.66,1618.69,463.92,74.5,229.9,946.74,371.28,237.02,280.97,441.31,207.98,101.27,3549.14,234.2,124.79,131.87,39.24,56.23,99.8,272.42
20260929,13:12:45,47700.23,42576.6,25809.0,16637.22,123.52,1873.39,402.25,459.21,547.02,105.87,163.19,193.62,91.56,137.34,269.98,120.76,189.11,290.01,3030.77,1618.56,464.14,74.5,230.08,947.39,371.28,236.88,280.65,441.26,208.1,101.27,3546.84,234.16,124.79,131.87,39.24,56.25,99.8,272.39
20260929,13:12:50,47701.17,42576.97,25810.7,16637.35,123.52,1873.75,402.17,459.2,547.13,105.85,163.2,193.64,91.56,137.34,269.98,120.74,189.11,290.01,3030.8,1618.5,464.12,74.51,230.33,947.37,371.28,236.88,280.7,441.26,208.13,101.27,3547.33,234.16,124.79,131.85,39.24,56.25,99.8,272.42
20260929,13:12:55,47693.74,42570.16,25808.9,16636.72,123.52,1873.75,402.17,459.2,546.83,105.85,163.21,193.67,91.56,137.34,269.98,120.76,189.26,290.02,3030.26,1618.26,464.03,74.5,230.08,947.23,371.27,236.88,280.66,441.24,208.13,101.27,3546.94,234.16,124.79,131.85,39.24,56.25,99.8,272.42
20260929,13:13:00,47754.18,42625.43,25818.57,16635.72,123.52,1873.75,402.09,458.95,546.68,105.85,163.22,193.65,91.57,137.55,269.98,120.88,189.11,290.02,3034.74,1621.15,464.05,74.51,230.45,948.2,371.27,236.88,280.97,441.15,207.99,101.27,3550.23,234.16,124.79,131.85,39.24,56.25,99.8,272.72
20260929,13:13:05,47700.87,42575.02,25814.35,16636.0,123.52,1873.75,402.09,459.02,546.83,105.85,163.22,193.68,91.57,137.33,269.98,120.76,189.11,290.01,3030.67,1618.39,464.02,74.5,230.45,947.51,371.33,236.88,280.65,441.13,208.18,101.27,3548.84,234.16,124.67,131.83,39.24,56.23,99.8,272.77
20260929,13:13:10,47687.03,42563.81,25806.66,16634.77,123.52,1873.8,402.25,459.02,546.82,105.85,163.19,193.61,91.56,137.33,269.98,120.74,189.11,290.01,3029.8,1618.29,463.9,74.5,230.09,946.2,371.33,236.88,280.66,441.17,208.02,101.27,3546.77,234.23,124.67,131.83,39.25,56.25,99.8,272.47
20260929,13:13:15,47694.6,42568.4,25813.99,16633.89,123.52,1873.8,402.17,459.28,546.69,105.85,163.19,193.61,91.56,137.33,269.98,120.74,189.21,290.0,3030.19,1618.39,463.87,74.5,230.33,946.2,371.29,236.88,280.98,441.13,208.01,101.27,3549.3,234.23,124.67,131.83,39.25,56.25,99.8,272.47
20260929,13:13:20,47690.79,42569.73,25799.67,16634.29,123.52,1873.8,402.17,459.28,546.69,105.85,163.19,193.6,91.56,137.33,269.86,120.73,189.17,290.0,3030.29,1618.4,464.0,74.5,230.15,946.92,371.36,236.88,280.56,441.27,208.04,101.27,3544.71,234.23,124.67,131.83,39.25,56.26,99.8,272.47
20260929,13:13:25,47693.86,42569.85,25808.67,16635.03,123.52,1873.8,402.17,459.2,546.74,105.87,163.21,193.58,91.58,137.34,269.86,120.73,189.17,290.0,3030.28,1618.27,463.97,74.5,230.09,947.01,371.29,236.88,280.88,441.27,208.01,101.27,3547.33,234.23,124.67,131.83,39.25,56.24,99.8,272.72
20260929,13:13:30,47692.2,42566.75,25809.0,16630.42,123.52,1873.8,401.71,459.2,546.69,105.87,163.2,193.58,91.57,137.34,269.86,120.73,189.17,290.0,3030.14,1618.41,463.96,74.5,230.09,946.69,370.96,236.88,280.61,441.29,208.01,101.27,3548.68,234.23,124.67,131.83,39.25,56.24,99.8,272.4
20260929,13:13:35,47730.93,42603.88,25810.55,16630.21,123.65,1873.8,401.63,459.2,546.65,105.96,163.19,193.57,91.57,137.34,269.86,120.74,189.17,290.0,3033.14,1620.71,463.79,74.5,229.91,946.64,370.96,236.88,280.91,441.32,207.99,101.27,3549.22,234.23,124.67,131.83,39.25,56.24,99.8,272.4
20260929,13:13:40,47687.11,42564.01,25803.61,16631.66,123.65,1873.8,401.63,459.2,546.64,105.95,163.19,193.57,91.57,137.34,269.86,120.74,189.03,290.02,3029.89,1618.46,463.65,74.5,229.91,946.08,370.96,236.88,280.87,441.32,208.16,101.27,3546.66,234.23,124.67,131.83,39.25,56.24,99.8,272.4
20260929,13:13:45,47692.78,42568.48,25808.73,16634.02,123.52,1873.8,402.17,459.2,546.67,105.95,163.19,193.56,91.57,137.33,269.86,120.74,189.07,290.02,3030.19,1618.52,463.84,74.52,229.91,946.37,370.96,236.86,280.87,441.3,208.01,101.27,3547.62,234.21,124.67,131.83,39.25,56.24,99.8,272.45
20260929,13:13:50,47691.17,42568.03,25802.7,16630.85,123.52,1873.8,401.63,459.2,546.75,105.93,163.19,193.57,91.57,137.35,269.86,120.74,189.07,289.98,3030.23,1618.35,463.89,74.5,229.92,946.96,370.96,236.86,280.87,441.29,208.1,101.27,3546.6,234.16,124.67,131.83,39.25,56.24,99.8,272.45
20260929,13:13:55,47685.15,42564.08,25798.85,16632.81,123.52,1873.8,402.17,459.2,546.61,105.93,163.18,193.52,91.57,137.35,269.86,120.74,189.07,289.98,3029.87,1618.14,463.84,74.5,229.91,946.82,370.96,236.86,280.87,441.24,207.97,101.27,3544.86,234.16,124.67,131.84,39.25,56.24,99.8,272.4
20260929,13:14:00,47744.19,42613.47,25822.63,16632.94,123.52,1873.82,402.26,459.2,546.48,105.85,163.18,193.48,91.58,137.34,269.86,120.73,189.07,289.98,3033.84,1620.98,464.06,74.48,230.27,946.94,371.27,236.86,280.87,441.25,207.99,101.27,3552.25,234.16,124.67,131.84,39.26,56.24,99.8,272.4
20260929,13:14:05,47685.31,42562.19,25804.07,16631.97,123.65,1874.05,401.71,459.23,546.73,105.88,163.19,193.53,91.57,137.35,269.86,120.85,189.07,289.96,3029.73,1618.25,464.06,74.48,230.02,946.23,371.27,236.86,280.56,441.25,207.98,101.27,3546.72,234.16,124.67,131.84,39.26,56.24,99.8,272.7
20260929,13:14:10,47681.11,42560.43,25796.01,16630.52,123.52,1873.82,401.63,459.16,546.73,105.89,163.2,193.54,91.58,137.35,269.86,120.85,189.09,289.97,3029.63,1618.23,464.04,74.49,230.09,945.56,371.27,236.87,280.88,441.25,208.01,101.28,3544.59,234.16,124.67,131.84,39.26,56.24,99.8,272.4
20260929,13:14:15,47685.59,42558.05,25815.85,16630.74,123.52,1873.82,401.63,459.16,546.59,105.88,163.2,193.6,91.57,137.35,269.86,120.75,189.09,290.02,3029.43,1618.09,464.04,74.48,230.09,945.55,371.27,236.87,280.88,441.25,208.04,101.37,3550.74,234.16,124.67,131.84,39.26,56.24,99.8,272.67
20260929,13:14:20,47685.4,42565.0,25794.84,16630.46,123.65,1873.89,401.63,459.23,546.63,105.88,163.2,193.55,91.58,137.35,269.86,120.75,189.09,290.02,3030.0,1618.33,464.07,74.48,230.1,945.69,371.27,236.87,281.19,441.26,208.08,101.37,3544.25,234.16,124.67,131.74,39.26,56.24,99.8,272.37
20260929,13:14:25,47684.1,42562.98,25797.7,16631.23,123.65,1873.89,401.72,459.16,546.66,105.88,163.4,193.56,91.73,137.35,269.86,120.75,189.23,290.02,3029.82,1618.19,463.96,74.47,230.1,946.29,370.96,236.87,280.88,441.26,207.84,101.37,3544.93,234.16,124.68,131.74,39.26,56.24,99.8,272.38
20260929,13:14:30,47689.34,42565.64,25805.24,16631.73,123.52,1873.89,401.63,459.16,546.69,105.88,163.4,193.58,91.73,137.35,269.86,120.75,189.23,290.02,3030.02,1618.34,463.97,74.49,230.11,946.65,370.9,236.87,280.57,441.26,207.98,101.37,3547.15,234.16,124.68,131.74,39.26,56.24,99.8,272.37
20260929,13:14:35,47724.27,42601.55,25799.63,16631.55,123.52,1873.89,401.63,459.23,546.65,105.88,163.21,193.58,91.58,137.35,269.98,120.73,189.23,290.03,3032.92,1620.61,463.9,74.48,230.11,946.66,370.65,236.86,280.57,441.24,208.2,101.37,3545.45,234.16,124.68,131.74,39.26,56.24,99.8,272.39
20260929,13:14:40,47722.37,42600.06,25795.78,16628.32,123.52,1873.9,401.63,458.89,546.57,105.86,163.22,193.58,91.59,137.35,269.98,120.74,189.27,290.03,3032.87,1620.65,463.83,74.49,229.93,946.61,370.98,236.86,280.57,441.24,208.01,101.37,3545.12,233.51,124.68,131.74,39.26,56.24,99.8,272.39
20260929,13:14:45,47683.57,42561.9,25801.0,16633.18,123.46,1873.87,402.18,459.14,546.51,105.86,163.21,193.56,91.59,137.35,269.98,120.72,189.13,290.03,3029.68,1618.11,463.92,74.49,230.18,946.54,370.96,236.86,280.57,441.24,208.15,101.37,3545.43,233.51,124.68,131.73,39.26,56.24,99.8,272.41
20260929,13:14:50,47692.01,42568.27,25808.54,16635.61,123.65,1873.79,402.17,459.22,546.51,105.94,163.2,193.52,91.59,137.35,269.86,120.86,189.23,290.03,3030.14,1618.26,464.0,74.49,230.29,946.59,370.96,236.86,280.88,441.28,208.19,101.37,3547.13,233.51,124.66,131.83,39.26,56.24,99.8,272.44
20260929,13:14:55,47688.21,42566.17,25800.29,16631.49,123.65,1873.79,401.71,459.22,546.51,105.94,163.2,193.51,91.58,137.57,269.86,120.72,189.23,290.03,3030.07,1618.2,463.88,74.51,230.04,946.85,371.21,236.84,280.88,441.32,208.08,101.37,3545.67,233.58,124.66,131.83,39.26,56.24,99.8,272.7
20260929,13:15:00,47703.6,42575.21,25820.99,16635.35,123.52,1873.79,402.18,459.22,546.59,105.95,163.17,193.47,91.57,137.35,269.86,120.74,189.23,290.04,3030.7,1618.3,464.01,74.52,230.58,947.43,371.21,236.98,280.88,441.32,208.18,101.37,3551.09,233.58,124.66,131.83,39.26,56.24,99.8,272.7
20260929,13:15:05,47690.5,42565.09,25813.79,16635.94,123.52,1875.43,402.26,459.23,546.71,105.95,163.2,193.56,91.57,137.56,269.86,120.76,189.28,290.04,3029.87,1618.21,463.94,74.5,230.28,946.47,371.21,236.98,280.6,441.32,208.03,101.37,3548.68,233.93,124.66,131.83,39.3,56.23,99.71,272.39
20260929,13:15:10,47722.47,42597.13,25805.8,16629.72,123.52,1873.85,401.72,459.15,546.71,105.88,163.2,193.57,91.57,137.35,269.86,120.73,189.28,290.03,3032.6,1620.5,463.84,74.51,229.92,945.9,371.22,236.98,280.92,441.38,207.94,101.37,3547.87,233.93,124.66,131.82,39.29,56.23,99.71,272.39
20260929,13:15:15,47726.48,42603.0,25803.11,16633.19,123.5,1873.85,401.72,459.09,546.75,105.88,163.21,193.57,91.58,137.36,269.86,120.85,189.13,290.03,3032.99,1620.71,463.92,74.51,229.91,946.51,371.22,236.98,280.61,441.38,208.1,101.37,3546.09,233.91,124.78,131.84,39.29,56.23,99.8,272.39
20260929,13:15:20,47733.61,42604.67,25823.03,16638.45,123.5,1873.83,402.26,459.09,546.77,105.88,163.2,193.57,91.58,137.35,269.86,120.69,189.28,290.01,3033.0,1620.65,463.91,74.5,229.91,946.41,370.91,236.97,280.92,441.38,208.21,101.37,3550.88,233.91,124.9,131.92,39.29,56.23,99.8,272.39
20260929,13:15:25,47687.17,42565.0,25802.29,16633.3,123.5,1874.05,401.64,458.83,546.77,105.88,163.19,193.5,91.58,137.57,269.86,120.69,189.29,289.99,3029.93,1618.41,463.85,74.5,229.91,945.94,370.91,236.98,281.01,441.38,208.15,101.37,3545.8,233.91,124.9,131.92,39.29,56.23,99.8,272.44
20260929,13:15:30,47688.66,42566.11,25806.31,16636.75,123.76,1874.11,402.18,458.91,546.8,105.88,163.2,193.56,91.58,137.36,269.86,120.73,189.22,289.99,3029.94,1618.33,463.87,74.51,229.92,946.16,370.89,236.98,281.01,441.3,208.0,101.37,3546.12,233.89,124.91,131.92,39.29,56.23,99.8,272.44
20260929,13:15:35,47699.52,42575.54,25807.01,16633.7,123.76,1874.11,401.72,458.91,546.78,105.88,163.21,193.56,91.58,137.36,269.86,120.71,189.22,289.97,3030.77,1618.43,464.21,74.52,230.08,947.32,370.64,237.0,281.02,441.34,208.06,101.37,3547.17,233.89,124.91,131.91,39.29,56.23,99.8,272.44
20260929,13:15:40,47696.62,42573.35,25811.35,16640.84,123.76,1874.19,402.35,459.09,546.76,105.86,163.21,193.53,91.59,137.57,269.86,120.73,189.22,289.98,3030.42,1618.31,464.1,74.48,230.09,947.36,370.57,237.0,280.78,441.33,208.15,101.37,3546.59,233.89,125.03,131.91,39.29,56.23,99.8,272.44
20260929,13:15:45,47701.04,42575.66,25817.59,16641.32,123.76,1874.19,402.35,459.16,546.83,105.86,163.22,193.57,91.59,137.36,269.86,120.72,189.25,289.98,3030.6,1618.32,464.06,74.5,230.39,947.45,370.87,237.0,280.78,441.33,208.19,101.37,3548.4,233.89,125.03,131.91,39.29,56.23,99.8,272.44
20260929,13:15:50,47694.33,42570.94,25812.0,16641.0,123.76,1874.14,402.35,459.08,546.83,105.86,163.24,193.62,91.6,137.58,269.86,120.72,189.25,289.98,3030.22,1618.28,464.27,74.5,230.09,946.7,370.87,237.0,280.82,441.35,208.14,101.37,3546.74,233.82,125.02,131.91,39.29,56.23,99.8,272.39
20260929,13:15:55,47684.75,42563.06,25807.5,16640.68,123.76,1874.14,402.35,459.21,546.83,105.95,163.24,193.59,91.6,137.58,269.86,120.71,189.25,289.98,3029.6,1617.97,464.17,74.5,230.09,946.59,370.87,237.0,280.56,441.37,207.98,101.37,3545.43,233.82,125.02,131.91,39.29,56.24,99.8,272.7
20260929,13:16:00,47743.46,42613.54,25821.12,16633.84,123.76,1875.56,401.73,459.21,546.75,105.88,163.22,193.6,91.59,137.36,269.86,120.69,189.21,290.0,3033.83,1620.74,464.22,74.5,230.38,947.34,371.17,237.0,280.87,441.36,207.97,101.37,3551.54,233.82,124.9,131.94,39.29,56.24,99.8,272.42
20260929,13:16:05,47696.97,42568.9,25820.28,16635.05,123.76,1874.26,401.74,459.18,546.75,105.95,163.23,193.61,91.59,137.36,269.86,120.69,189.18,290.0,3030.2,1618.07,463.98,74.49,230.27,947.36,370.92,237.0,280.87,441.32,208.14,101.33,3550.95,233.82,124.9,131.94,39.29,56.23,99.8,272.4
20260929,13:16:10,47691.05,42566.05,25815.41,16639.22,123.76,1874.26,402.28,459.15,546.64,105.95,163.22,193.58,91.59,137.36,269.86,120.73,189.03,290.0,3029.87,1617.99,463.97,74.5,230.63,946.49,370.94,237.0,280.87,441.32,208.11,101.33,3548.29,233.82,125.02,131.94,39.29,56.23,99.8,272.4
20260929,13:16:15,47687.76,42565.58,25807.03,16638.73,123.63,1874.26,402.29,459.15,546.75,105.95,163.22,193.56,91.59,137.35,269.86,120.72,189.18,289.97,3029.84,1618.12,463.93,74.49,230.26,946.43,370.92,236.99,280.86,441.34,208.15,101.33,3545.81,233.82,124.9,131.94,39.29,56.23,99.8,272.4
20260929,13:16:20,47727.32,42600.88,25815.81,16637.99,123.76,1874.26,402.28,459.15,546.95,105.86,163.2,193.53,91.58,137.57,269.86,120.72,189.03,289.93,3032.71,1620.45,463.86,74.5,230.27,946.57,370.6,236.99,280.54,441.29,208.01,101.36,3548.75,233.82,124.9,131.94,39.29,56.23,99.8,272.4
20260929,13:16:25,47683.47,42558.94,25812.75,16637.08,123.63,1874.26,402.28,459.15,546.92,105.86,163.21,193.55,91.58,137.35,269.86,120.72,189.18,289.94,3029.35,1617.96,464.14,74.5,230.26,945.94,370.85,236.99,280.55,441.27,207.96,101.36,3548.04,233.89,124.9,131.94,39.29,56.23,99.8,272.4
20260929,13:16:30,47690.15,42566.07,25812.17,16638.53,123.63,1874.36,402.36,459.15,546.92,105.87,163.2,193.54,91.58,137.57,269.86,120.7,189.22,289.96,3029.89,1617.97,464.08,74.5,230.5,946.62,370.83,236.99,280.87,441.31,208.03,101.35,3547.47,233.89,124.9,131.9,39.29,56.23,99.8,272.4
20260929,13:16:35,47732.31,42606.38,25814.5,16638.58,123.63,1872.85,402.37,459.16,546.93,105.88,163.19,193.51,91.58,137.36,269.86,120.7,189.11,289.96,3033.14,1620.56,464.15,74.49,230.25,946.55,370.76,236.99,280.87,441.31,208.14,101.35,3548.18,233.89,124.9,131.9,39.29,56.23,99.8,272.41
20260929,13:16:40,47726.91,42603.76,25803.55,16634.85,123.76,1872.47,401.75,459.03,546.78,105.88,163.2,193.53,91.58,137.36,269.98,120.7,189.11,289.96,3033.01,1620.55,464.17,74.47,230.27,946.27,370.83,236.99,280.87,441.26,208.16,101.34,3545.78,233.89,125.02,131.91,39.29,56.23,99.8,272.41
20260929,13:16:45,47734.16,42608.32,25812.47,16636.73,123.76,1873.9,401.74,459.05,546.78,105.87,163.39,193.54,91.74,137.36,269.98,120.7,189.04,289.95,3033.34,1620.59,464.07,74.47,230.39,947.26,371.1,236.96,280.55,441.26,208.11,101.34,3548.05,233.82,125.02,131.91,39.29,56.23,99.8,272.41
20260929,13:16:50,47732.96,42607.98,25810.99,16637.79,123.76,1872.45,401.82,459.18,546.76,105.87,163.39,193.5,91.74,137.36,269.98,120.7,189.19,289.95,3033.28,1620.71,464.12,74.47,230.52,946.66,370.8,236.96,280.55,441.19,208.24,101.34,3547.3,233.82,125.02,131.91,39.25,56.23,99.8,272.41
20260929,13:16:55,47731.4,42605.61,25815.7,16640.37,123.63,1872.48,402.36,459.18,546.92,105.87,163.39,193.52,91.73,137.36,269.98,120.69,189.19,289.92,3033.03,1620.58,463.89,74.47,230.52,946.66,370.8,236.96,280.57,441.19,208.17,101.34,3548.07,233.82,124.9,131.91,39.25,56.25,99.8,272.41
20260929,13:17:00,47734.97,42605.35,25824.83,16638.37,123.63,1873.9,402.36,459.17,546.77,105.79,163.18,193.52,91.56,137.57,269.98,120.69,189.19,289.92,3033.06,1620.6,463.96,74.47,230.45,946.6,371.11,236.96,280.57,441.18,208.19,101.34,3551.47,233.82,124.9,131.91,39.25,56.24,99.8,272.41
20260929,13:17:05,47728.16,42601.87,25812.21,16634.39,123.63,1873.9,401.91,459.17,546.78,105.79,163.18,193.52,91.56,137.36,270.1,120.7,189.19,289.92,3032.87,1620.55,463.77,74.48,230.32,946.62,371.11,236.96,280.57,441.19,208.14,101.34,3548.6,233.84,124.9,131.91,39.25,56.24,99.8,272.37
20260929,13:17:10,47724.64,42598.45,25815.29,16637.99,123.63,1872.38,402.28,459.17,546.78,105.87,163.18,193.52,91.57,137.36,269.86,120.82,189.19,289.92,3032.51,1620.45,463.91,74.48,230.07,946.15,371.11,236.96,280.56,441.22,208.19,101.34,3548.59,233.84,124.9,131.91,39.25,56.25,99.8,272.37
20260929,13:17:15,47722.85,42597.21,25809.67,16633.2,123.63,1872.38,401.82,459.17,546.84,105.79,163.18,193.52,91.57,137.37,269.86,120.69,189.19,289.92,3032.53,1620.34,463.88,74.46,230.19,946.11,371.06,236.96,280.87,441.17,208.12,101.34,3548.14,233.84,124.9,131.91,39.29,56.25,99.8,272.4
20260929,13:17:20,47726.71,42601.16,25809.65,16633.8,123.63,1872.38,401.74,459.25,546.84,105.87,163.17,193.51,91.56,137.37,269.98,120.68,189.19,289.92,3032.83,1620.49,463.9,74.46,230.08,946.47,370.72,236.96,280.88,441.2,208.2,101.34,3547.97,233.84,124.9,131.91,39.29,56.25,99.8,272.45
20260929,13:17:25,47721.63,42598.58,25801.96,16632.88,123.63,1872.53,401.74,459.32,546.74,105.87,163.18,193.52,91.56,137.37,269.98,120.81,189.19,289.92,3032.64,1620.55,463.86,74.46,230.08,946.29,370.74,236.95,280.56,441.19,208.14,101.34,3545.81,233.84,124.78,131.89,39.29,56.25,99.8,272.45
20260929,13:17:30,47726.87,42601.54,25808.27,16633.0,123.63,1872.53,401.74,459.26,546.6,105.86,163.14,193.47,91.55,137.37,269.98,120.69,189.19,289.95,3032.88,1620.59,463.85,74.46,230.08,946.31,370.74,236.95,280.92,441.13,208.18,101.34,3547.75,233.84,124.9,131.89,39.28,56.23,99.8,272.71
20260929,13:17:35,47727.37,42601.44,25812.27,16635.59,123.63,1872.53,402.28,459.33,546.6,105.86,163.15,193.49,91.55,137.37,269.98,120.8,189.19,289.95,3032.81,1620.58,463.9,74.45,230.26,946.3,371.02,236.95,280.62,441.14,208.04,101.34,3548.3,233.84,124.9,131.9,39.28,56.23,99.8,272.37
20260929,13:17:40,47723.92,42597.95,25812.01,16634.87,123.63,1872.73,402.28,459.26,546.59,105.86,163.15,193.48,91.55,137.37,269.98,120.69,189.19,289.96,3032.55,1620.47,463.73,74.45,230.08,946.38,371.02,236.95,280.61,441.14,208.02,101.34,3548.41,233.84,124.9,131.9,39.28,56.25,99.8,272.37
20260929,13:17:45,47730.98,42607.21,25808.13,16638.43,123.63,1872.73,402.45,459.26,546.72,105.85,163.14,193.47,91.55,137.58,269.98,120.69,189.04,289.96,3033.21,1620.49,463.88,74.45,230.08,947.32,371.02,236.95,280.92,441.2,208.14,101.34,3546.24,233.84,124.9,131.9,39.28,56.21,99.8,272.68
20260929,13:17:50,47732.09,42605.96,25809.35,16632.0,123.63,1872.73,401.82,459.26,546.59,105.87,163.15,193.47,91.55,137.58,269.98,120.67,189.19,289.96,3033.26,1620.63,464.08,74.45,230.08,947.25,370.71,236.95,280.6,441.26,208.17,101.34,3548.36,233.84,124.78,131.89,39.28,56.19,99.8,272.39
20260929,13:17:55,47736.48,42610.56,25811.53,16635.6,123.63,1872.73,402.28,459.25,546.7,105.87,163.14,193.44,91.55,137.58,269.98,120.68,189.04,289.96,3033.55,1620.67,464.18,74.45,230.08,947.26,371.06,236.95,280.91,441.22,208.17,101.34,3548.07,233.91,124.78,131.89,39.29,56.2,99.8,272.39
20260929,13:18:00,47745.58,42615.84,25817.25,16630.15,123.64,1872.61,401.74,459.25,546.66,105.95,163.15,193.47,91.55,137.57,269.98,120.68,189.04,289.96,3034.1,1620.89,464.18,74.45,230.62,947.48,371.06,236.95,280.87,441.2,207.99,101.34,3551.33,233.95,124.78,131.89,39.29,56.2,99.8,272.38
20260929,13:18:05,47733.32,42607.92,25805.78,16630.45,123.64,1874.03,401.84,459.12,546.47,105.87,163.13,193.47,91.54,137.58,269.98,120.68,189.04,289.96,3033.46,1620.79,464.02,74.43,230.19,947.26,371.06,236.95,280.55,441.27,208.01,101.34,3547.67,233.88,124.78,131.89,39.29,56.2,99.8,272.38
20260929,13:18:10,47726.47,42600.73,25811.28,16635.04,123.58,1872.61,402.28,459.12,546.8,105.88,163.13,193.45,91.54,137.57,269.86,120.7,189.04,289.94,3032.77,1620.49,463.98,74.42,230.26,946.18,371.05,236.94,280.83,441.21,208.13,101.34,3548.14,233.84,124.78,131.89,39.29,56.2,99.8,272.4
20260929,13:18:15,47695.55,42568.71,25813.71,16631.51,123.71,1872.61,401.65,459.04,546.6,105.88,163.16,193.48,91.56,137.57,269.86,120.8,189.19,289.94,3030.27,1618.16,464.11,74.44,230.26,947.16,371.05,236.94,280.92,441.26,208.21,101.34,3549.86,233.51,124.79,131.89,39.29,56.18,99.8,272.4
20260929,13:18:20,47735.05,42611.4,25803.1,16633.34,123.71,1872.71,402.28,459.04,546.7,105.88,163.15,193.43,91.56,137.37,269.86,120.68,189.19,289.94,3033.67,1620.51,464.45,74.5,230.26,947.35,371.03,236.94,281.02,441.09,207.99,101.34,3546.05,233.84,124.79,131.89,39.29,56.18,99.8,272.39
20260929,13:18:25,47737.13,42611.14,25809.2,16632.71,123.71,1872.71,402.28,459.0,546.58,105.87,163.15,193.43,91.56,137.36,269.86,120.67,189.19,289.94,3033.66,1620.71,464.43,74.49,230.38,946.71,371.05,237.18,280.97,441.07,208.0,101.34,3548.12,233.84,124.78,131.9,39.3,56.18,99.8,272.34
20260929,13:18:30,47733.6,42608.22,25806.38,16631.24,123.77,1872.71,401.82,459.25,546.72,105.87,163.15,193.48,91.55,137.36,269.86,120.69,189.19,289.94,3033.46,1620.54,464.66,74.5,230.38,946.55,370.83,237.18,280.97,441.07,208.09,101.34,3547.64,233.84,124.78,131.89,39.3,56.18,99.8,272.34
20260929,13:18:35,47732.34,42609.76,25802.86,16636.44,123.64,1874.05,402.45,459.26,546.73,105.87,163.16,193.49,91.55,137.37,269.86,120.67,189.12,289.95,3033.46,1620.5,464.66,74.48,230.4,946.97,371.09,237.18,280.71,441.06,208.15,101.34,3545.13,233.84,124.78,131.85,39.3,56.18,99.8,272.4
20260929,13:18:40,47727.03,42604.86,25799.12,16633.04,123.64,1874.05,401.9,459.34,546.81,105.87,163.15,193.47,91.55,137.37,269.86,120.69,189.12,289.95,3033.15,1620.41,464.57,74.49,230.38,946.24,371.09,237.18,281.01,441.06,208.16,101.34,3544.88,233.79,124.78,131.85,39.3,56.18,99.8,272.45
20260929,13:18:45,47737.72,42613.04,25808.57,16636.42,123.63,1872.2,402.45,459.32,546.55,105.94,163.15,193.49,91.55,137.37,269.86,120.68,189.12,289.96,3033.72,1620.47,464.57,74.5,230.28,947.49,371.09,237.17,281.01,441.05,208.15,101.34,3546.92,233.78,124.9,131.85,39.3,56.17,99.8,272.45
20260929,13:18:50,47733.07,42610.99,25797.6,16632.09,123.63,1872.14,401.83,459.32,546.55,105.94,163.15,193.49,91.55,137.57,269.86,120.7,189.12,289.98,3033.66,1620.59,464.65,74.49,230.27,947.36,370.77,237.17,280.7,441.16,208.03,101.34,3544.67,233.78,125.02,131.85,39.3,56.17,99.81,272.37
20260929,13:18:55,47695.25,42573.77,25803.39,16637.56,123.63,1873.45,402.45,459.32,546.63,105.86,163.17,193.56,91.55,137.57,269.68,120.7,189.02,289.97,3030.53,1618.2,464.53,74.5,230.26,947.38,370.82,237.17,280.7,441.19,207.96,101.34,3544.99,233.78,125.02,131.85,39.3,56.17,99.81,272.67
20260929,13:19:00,47741.78,42612.98,25822.21,16638.69,123.63,1873.45,402.46,459.06,546.56,105.85,163.37,193.58,91.71,137.36,269.68,120.7,189.05,290.0,3033.67,1620.66,464.51,74.49,230.62,946.96,370.88,237.17,280.71,441.17,207.96,101.34,3550.56,234.11,125.02,131.88,39.3,56.17,99.81,272.37
20260929,13:19:05,47693.67,42573.83,25797.73,16636.38,123.76,1871.84,402.46,459.06,546.56,105.86,163.18,193.6,91.55,137.57,269.68,120.7,189.05,289.99,3030.57,1618.2,464.65,74.46,230.49,947.15,371.14,237.17,280.71,441.12,207.94,101.34,3543.54,234.11,125.02,131.88,39.3,56.17,99.79,272.36
20260929,13:19:10,47738.03,42613.0,25809.9,16636.82,123.76,1873.25,402.47,459.06,546.59,105.85,163.17,193.59,91.55,137.36,269.68,120.72,189.09,290.02,3033.71,1620.55,464.42,74.48,230.63,947.08,371.07,237.04,281.03,441.07,207.96,101.34,3547.23,234.11,125.02,131.88,39.3,56.17,99.7,272.36
20260929,13:19:15,47692.85,42570.07,25808.08,16638.38,123.82,1871.84,402.47,459.32,546.75,105.85,163.16,193.55,91.54,137.36,269.68,120.74,189.23,289.99,3030.22,1618.25,464.52,74.46,230.08,946.38,371.06,237.04,280.97,441.12,208.14,101.34,3546.23,234.11,124.91,131.88,39.3,56.17,99.7,272.39
20260929,13:19:20,47737.7,42611.17,25811.77,16633.91,123.63,1871.84,402.0,459.3,546.75,105.85,163.16,193.55,91.54,137.36,269.68,120.74,189.09,289.99,3033.64,1620.85,464.52,74.46,230.08,946.5,370.74,237.04,280.98,441.12,208.11,101.34,3548.6,234.11,124.91,131.86,39.3,56.17,99.7,272.38
20260929,13:19:25,47741.15,42615.36,25810.0,16634.66,123.69,1872.3,401.92,459.11,546.75,105.85,163.16,193.54,91.54,137.58,269.68,120.87,189.05,289.98,3033.95,1620.79,464.43,74.45,230.08,947.58,370.74,237.04,280.97,441.14,208.11,101.34,3547.84,234.14,124.91,131.86,39.3,56.18,99.7,272.38
20260929,13:19:30,47736.22,42612.16,25808.92,16638.8,123.69,1872.37,402.55,459.24,546.61,105.85,163.15,193.53,91.54,137.58,269.68,120.76,188.99,289.99,3033.6,1620.74,464.46,74.44,230.08,947.19,370.76,237.04,280.7,441.13,208.19,101.34,3546.38,234.21,124.91,131.86,39.3,56.18,99.7,272.37
20260929,13:19:35,47738.46,42611.36,25813.97,16634.62,123.82,1872.37,402.0,459.16,546.66,105.85,163.13,193.48,91.54,137.58,269.68,120.77,189.07,290.0,3033.63,1620.79,464.33,74.44,230.34,946.66,370.78,237.04,281.01,441.1,208.12,101.34,3549.1,234.21,124.91,131.86,39.3,56.18,99.7,272.37
20260929,13:19:40,47703.41,42580.13,25803.76,16632.63,123.82,1872.37,401.92,458.96,546.66,105.85,163.13,193.48,91.54,137.58,269.68,120.74,189.07,290.01,3031.16,1618.32,464.45,74.45,230.27,948.28,370.76,237.04,281.01,441.04,208.11,101.34,3546.44,233.89,124.91,131.85,39.3,56.16,99.7,272.32
20260929,13:19:45,47707.8,42581.91,25810.64,16632.22,123.76,1872.37,401.92,458.96,546.69,105.85,163.13,193.47,91.54,137.58,269.68,120.86,189.07,290.01,3031.32,1618.43,464.41,74.44,230.27,948.43,370.75,237.04,280.97,441.1,207.97,101.34,3548.7,233.9,124.91,131.85,39.3,56.17,99.7,272.34
20260929,13:19:50,47709.25,42581.83,25819.95,16637.9,123.76,1872.59,402.47,458.96,546.55,105.85,163.12,193.43,91.54,137.79,269.68,120.87,189.07,290.01,3031.17,1618.44,464.5,74.43,230.27,948.36,370.75,237.04,280.67,441.12,208.16,101.34,3550.07,233.9,124.91,131.84,39.3,56.17,99.7,272.35
20260929,13:19:55,47745.59,42619.5,25809.34,16633.27,123.76,1872.59,401.92,458.97,546.42,105.93,163.12,193.45,91.53,137.79,269.68,120.87,189.03,290.06,3034.32,1620.84,464.45,74.44,230.27,948.49,370.77,236.79,280.67,441.07,208.14,101.34,3548.01,233.88,124.91,131.84,39.3,56.17,99.7,272.32
20260929,13:20:00,47755.83,42626.4,25822.93,16638.58,123.76,1872.59,402.37,458.97,546.45,105.92,163.1,193.44,91.52,137.57,269.68,120.87,188.99,290.08,3034.75,1621.0,464.49,74.44,230.64,948.36,371.23,236.79,280.83,441.51,208.22,101.34,3550.82,234.21,124.91,131.86,39.3,56.17,99.7,272.37
20260929,13:20:05,47707.2,42582.34,25813.22,16638.54,123.89,1872.59,402.22,459.04,546.7,105.92,163.13,193.49,91.54,137.57,269.68,120.87,188.99,290.07,3031.2,1618.4,464.4,74.42,230.64,948.06,371.23,236.79,280.84,441.46,208.2,101.34,3547.8,234.17,124.91,131.86,39.3,56.15,99.7,272.35
20260929,13:20:10,47706.56,42580.03,25815.18,16635.17,123.76,1872.59,401.84,458.71,546.79,105.85,163.33,193.49,91.69,137.78,269.68,120.87,188.99,290.07,3031.09,1618.49,464.37,74.43,230.54,948.06,371.16,236.79,280.52,441.47,208.06,101.34,3549.32,234.17,124.79,131.85,39.3,56.16,99.7,272.35
20260929,13:20:15,47713.82,42585.84,25820.57,16637.15,123.89,1874.01,402.2,458.71,546.79,105.85,163.34,193.47,91.71,137.57,269.68,120.87,188.99,290.07,3031.52,1618.51,464.29,74.45,230.53,948.63,371.16,236.79,280.84,441.47,207.92,101.29,3550.47,233.78,124.79,131.83,39.3,56.23,99.69,272.37
20260929,13:20:20,47704.85,42579.6,25809.01,16632.22,123.76,1874.07,401.75,458.71,546.65,105.85,163.34,193.47,91.71,137.57,269.68,120.73,188.99,290.04,3031.13,1618.48,464.4,74.45,230.1,948.1,371.11,236.79,280.84,441.49,207.92,101.29,3548.2,233.78,124.79,131.83,39.3,56.23,99.69,272.37
20260929,13:20:25,47701.76,42576.8,25811.23,16635.47,123.76,1873.02,402.38,458.6,546.58,105.85,163.32,193.45,91.7,137.57,269.68,120.74,189.03,290.04,3030.83,1618.25,464.39,74.44,230.1,948.11,371.11,236.79,280.85,441.54,207.93,101.29,3548.01,234.1,124.67,131.83,39.3,56.21,99.69,272.37
20260929,13:20:30,47747.98,42621.83,25809.89,16633.92,123.76,1874.44,402.3,458.6,546.61,105.83,163.12,193.43,91.54,137.58,269.68,120.86,189.03,290.06,3034.49,1620.87,464.42,74.44,230.52,948.29,371.43,236.79,280.84,441.56,207.95,101.29,3548.01,233.78,124.67,131.82,39.3,56.21,99.69,272.37
20260929,13:20:35,47708.61,42583.45,25812.09,16636.38,123.76,1874.44,402.2,458.6,546.75,105.83,163.12,193.43,91.53,137.57,269.68,120.87,188.99,290.06,3031.34,1618.46,464.43,74.46,230.27,948.32,371.11,236.79,280.94,441.58,208.08,101.29,3548.03,234.1,124.79,131.82,39.3,56.21,99.69,272.37
20260929,13:20:40,47705.16,42581.4,25803.67,16631.09,123.76,1874.22,401.66,458.85,546.75,105.85,163.11,193.42,91.53,137.79,269.68,120.86,188.99,290.06,3031.3,1618.49,464.59,74.44,230.25,948.3,371.11,236.79,280.72,441.58,207.91,101.29,3546.83,234.1,124.79,131.83,39.3,56.23,99.69,272.3
20260929,13:20:45,47703.14,42579.91,25799.85,16628.26,123.76,1874.22,401.66,458.74,546.61,105.85,163.1,193.41,91.53,137.57,269.71,120.72,188.95,290.06,3031.25,1618.37,464.6,74.44,230.51,948.26,371.44,236.8,280.72,441.58,207.9,101.29,3546.41,234.1,124.66,131.83,39.3,56.23,99.69,272.37
20260929,13:20:50,47708.2,42582.75,25810.03,16632.98,123.63,1874.22,402.21,458.74,546.58,105.85,163.1,193.43,91.52,137.57,269.71,120.74,188.95,290.06,3031.37,1618.42,464.6,74.45,230.51,948.37,371.42,236.8,280.72,441.57,207.92,101.29,3548.31,234.1,124.66,131.83,39.3,56.23,99.69,272.67
20260929,13:20:55,47705.58,42580.35,25805.47,16628.27,123.63,1875.64,401.58,459.01,546.63,105.84,163.1,193.43,91.52,137.57,269.71,120.72,188.99,290.05,3031.29,1618.27,464.33,74.44,230.63,948.5,371.04,236.8,281.03,441.62,207.89,101.29,3548.16,234.1,124.67,131.83,39.3,56.23,99.69,272.34
20260929,13:21:00,47752.55,42622.89,25819.71,16633.84,123.63,1877.01,402.29,458.68,546.42,105.84,163.11,193.43,91.53,137.36,269.71,120.73,188.99,290.05,3034.58,1620.74,464.49,74.46,230.63,948.46,371.35,237.18,281.03,441.33,208.02,101.29,3551.1,234.1,124.67,131.87,39.3,56.23,99.69,272.41
20260929,13:21:05,47748.99,42622.98,25810.49,16635.15,123.63,1877.01,402.28,458.91,546.52,105.85,163.09,193.34,91.53,137.36,269.59,120.73,188.96,290.03,3034.56,1620.86,464.45,74.46,230.63,948.53,371.02,237.09,280.72,441.33,208.02,101.27,3547.86,234.1,124.79,131.94,39.3,56.22,99.69,272.41
20260929,13:21:10,47744.49,42618.36,25806.15,16629.37,123.63,1874.15,401.75,458.92,546.47,105.85,163.09,193.36,91.53,137.36,269.59,120.86,188.96,290.03,3034.32,1620.74,464.36,74.48,230.51,948.48,371.35,236.94,280.69,441.36,207.94,101.31,3548.07,234.1,124.79,131.84,39.3,56.22,99.69,272.28
20260929,13:21:15,47707.89,42580.84,25812.03,16629.92,123.62,1875.57,401.66,458.57,546.45,105.83,163.1,193.37,91.53,137.36,269.73,120.73,188.96,290.03,3031.29,1618.38,464.5,74.47,230.55,948.39,370.77,236.94,280.74,441.36,208.14,101.3,3549.76,234.1,124.79,131.84,39.3,56.22,99.69,272.26
20260929,13:21:20,47704.35,42578.92,25809.3,16631.91,123.88,1875.57,401.76,458.57,546.45,105.83,163.1,193.37,91.53,137.36,269.85,120.85,188.96,290.03,3031.08,1618.4,464.52,74.47,230.53,947.41,371.15,236.94,281.04,441.35,208.22,101.3,3548.37,234.07,124.66,131.84,39.3,56.23,99.69,272.26
20260929,13:21:25,47737.31,42612.23,25810.05,16636.74,123.62,1875.57,402.3,458.5,546.44,105.85,163.29,193.42,91.68,137.36,269.85,120.87,188.99,290.03,3033.65,1620.67,464.51,74.48,230.4,947.01,371.4,236.94,280.73,441.36,208.05,101.35,3547.29,234.07,124.78,131.84,39.3,56.22,99.69,272.29
20260929,13:21:30,47694.57,42571.45,25799.72,16627.76,123.62,1875.66,401.67,458.58,546.43,105.85,163.09,193.38,91.52,137.36,269.85,120.72,188.99,290.03,3030.58,1618.12,464.44,74.47,230.65,947.53,371.1,236.94,280.7,441.37,208.13,101.35,3546.5,233.42,124.66,131.82,39.3,56.22,99.69,272.29
20260929,13:21:35,47700.43,42575.85,25805.09,16629.55,123.62,1875.68,402.21,458.58,546.32,105.85,163.08,193.37,91.52,137.36,270.03,120.72,189.03,290.03,3030.89,1618.4,464.4,74.48,230.63,947.39,371.11,236.96,280.74,441.28,207.94,101.35,3547.7,233.42,124.66,131.82,39.3,56.22,99.69,272.34
20260929,13:21:40,47700.56,42574.97,25807.51,16629.0,123.62,1875.68,401.74,458.61,546.46,105.85,163.29,193.39,91.69,137.36,270.03,120.84,189.07,290.02,3030.84,1618.18,464.44,74.49,230.63,947.51,371.1,236.96,281.01,441.31,207.96,101.35,3548.6,233.42,124.54,131.82,39.3,56.22,99.69,272.31
20260929,13:21:45,47734.84,42611.16,25799.72,16629.33,123.62,1875.68,401.75,458.56,546.55,105.85,163.29,193.35,91.69,137.35,270.03,120.72,189.11,290.02,3033.74,1620.52,464.54,74.45,230.4,947.39,371.08,236.96,281.01,441.33,207.96,101.35,3546.08,233.45,124.54,131.82,39.3,56.22,99.69,272.61
20260929,13:21:50,47743.82,42619.43,25800.76,16628.96,123.62,1875.68,401.65,458.46,546.44,105.85,163.29,193.35,91.69,137.35,269.85,120.71,189.06,290.02,3034.42,1620.72,464.51,74.45,230.51,948.39,370.87,236.96,280.96,441.43,207.92,101.35,3546.5,234.17,124.54,131.82,39.3,56.22,99.7,272.61
20260929,13:21:55,47740.01,42615.28,25807.48,16635.2,123.5,1875.31,402.3,458.46,546.37,105.85,163.29,193.34,91.69,137.35,269.71,120.86,189.03,290.0,3033.94,1620.64,464.38,74.44,230.52,947.52,371.13,236.82,281.02,441.4,208.09,101.3,3546.91,234.17,124.66,131.82,39.3,56.2,99.69,272.29
20260929,13:22:00,47747.19,42618.16,25811.79,16626.39,123.5,1875.29,401.75,458.54,545.91,105.83,163.07,193.34,91.52,137.35,269.71,120.85,189.05,289.99,3034.38,1620.81,464.45,74.45,230.27,948.19,371.35,236.82,281.02,441.41,208.06,101.3,3550.65,233.83,124.66,131.81,39.26,56.2,99.69,272.3
20260929,13:22:05,47736.03,42612.22,25800.0,16629.32,123.75,1875.29,402.3,458.42,546.05,105.83,163.08,193.34,91.52,137.34,269.59,120.71,189.1,289.98,3033.83,1620.65,464.0,74.47,230.57,947.61,371.02,236.82,281.0,441.37,208.08,101.3,3546.17,234.16,124.43,131.82,39.26,56.2,99.69,272.3
20260929,13:22:10,47731.06,42608.45,25795.92,16628.24,123.56,1873.87,402.21,458.68,546.0,105.83,163.06,193.32,91.52,137.34,269.59,120.83,189.1,290.02,3033.55,1620.62,464.07,74.45,230.45,947.51,371.02,236.82,280.67,441.41,207.94,101.3,3545.19,234.16,124.54,131.82,39.26,56.21,99.69,272.35
20260929,13:22:15,47691.93,42568.06,25801.49,16627.05,123.69,1875.59,402.22,458.42,546.0,105.82,163.05,193.31,91.5,137.14,269.59,120.8,189.1,290.02,3030.33,1618.14,464.09,74.47,230.34,947.54,371.05,236.82,280.67,441.36,207.92,101.3,3547.25,234.16,124.43,131.82,39.26,56.22,99.69,272.28
20260929,13:22:20,47694.94,42571.66,25800.88,16628.59,123.75,1875.71,402.2,458.55,545.89,105.84,163.04,193.34,91.5,137.35,269.59,120.78,189.1,290.05,3030.58,1618.21,464.43,74.43,230.08,947.5,370.99,236.82,280.98,441.34,207.97,101.3,3546.64,234.18,124.54,131.82,39.26,56.21,99.69,272.28
20260929,13:22:25,47729.08,42605.61,25794.72,16623.78,123.75,1874.95,401.66,458.48,545.86,105.84,163.05,193.35,91.5,137.35,269.59,120.67,189.13,290.05,3033.43,1620.59,464.13,74.45,230.17,947.5,370.99,236.82,280.67,441.36,207.91,101.3,3546.02,234.18,124.54,131.81,39.26,56.21,99.7,272.59
20260929,13:22:30,47691.0,42570.15,25795.01,16629.67,123.88,1873.53,402.29,458.55,546.16,105.84,163.25,193.35,91.66,137.14,269.59,120.65,189.17,290.06,3030.43,1618.1,464.04,74.44,230.48,947.45,371.32,236.81,280.98,441.41,207.92,101.3,3544.51,234.11,124.43,131.87,39.25,56.21,99.7,272.32
20260929,13:22:35,47686.56,42565.04,25794.79,16626.77,123.56,1874.96,401.67,458.37,546.19,105.84,163.25,193.35,91.66,137.15,269.71,120.77,189.17,290.06,3030.09,1618.1,463.92,74.43,230.66,947.07,370.99,236.81,280.68,441.38,208.07,101.3,3545.23,234.02,124.43,131.87,39.25,56.21,99.7,272.32
20260929,13:22:40,47727.33,42602.65,25797.81,16623.14,123.56,1874.96,401.75,458.57,546.12,105.84,163.05,193.37,91.5,137.15,269.71,120.65,189.17,289.99,3033.21,1620.49,463.95,74.42,230.49,947.21,371.22,236.81,280.69,441.36,207.94,101.3,3547.16,234.02,124.43,131.86,39.26,56.23,99.7,272.32
20260929,13:22:45,47726.53,42603.64,25793.4,16624.0,123.56,1873.6,401.83,458.44,546.23,105.84,163.06,193.44,91.49,137.14,269.71,120.77,189.15,289.99,3033.27,1620.56,463.96,74.44,230.49,947.12,371.22,236.8,280.67,441.31,207.93,101.3,3545.55,234.09,124.43,131.86,39.25,56.21,99.7,272.3
20260929,13:22:50,47688.12,42566.37,25791.44,16622.25,123.56,1873.58,401.67,458.44,546.3,105.84,163.06,193.46,91.49,137.14,269.71,120.67,189.11,289.94,3030.3,1618.06,463.94,74.42,230.68,947.23,371.22,236.8,281.0,441.32,207.96,101.3,3545.41,234.09,124.43,131.86,39.25,56.19,99.7,272.3
20260929,13:22:55,47686.59,42567.86,25782.84,16622.35,123.57,1873.58,401.75,458.52,546.16,105.84,163.04,193.38,91.48,137.14,269.71,120.68,189.04,289.94,3030.42,1618.24,464.13,74.43,230.65,947.1,371.35,236.8,280.72,441.29,207.99,101.3,3542.7,234.08,124.43,131.86,39.25,56.19,99.7,272.26
20260929,13:23:00,47741.9,42614.49,25807.48,16626.39,123.57,1873.58,402.29,458.52,546.17,105.83,163.03,193.36,91.48,137.14,269.83,120.68,189.04,289.95,3034.08,1620.69,463.98,74.43,230.65,948.37,371.68,236.55,280.72,441.25,207.92,101.3,3549.3,234.08,124.43,131.86,39.25,56.18,99.7,272.56
20260929,13:23:05,47690.06,42569.1,25791.69,16625.37,123.7,1875.73,401.82,458.65,546.22,105.83,163.03,193.36,91.48,137.35,269.83,120.69,188.96,289.95,3030.45,1618.08,464.0,74.43,230.78,947.34,371.42,236.55,280.99,441.24,208.07,101.3,3544.64,234.08,124.43,131.86,39.25,56.2,99.7,272.25
20260929,13:23:10,47725.12,42603.64,25795.04,16630.49,123.57,1873.83,402.28,458.97,546.36,105.83,163.2,193.26,91.64,137.56,269.83,120.69,188.96,289.91,3033.11,1620.3,464.03,74.4,230.47,947.48,371.36,236.55,280.72,441.25,208.1,101.3,3544.3,234.08,124.43,131.86,39.21,56.19,99.7,272.25
20260929,13:23:15,47680.03,42560.57,25786.74,16623.83,123.57,1873.69,401.74,458.72,546.24,105.83,163.07,193.45,91.49,137.56,269.83,120.69,188.96,289.94,3029.8,1617.82,463.94,74.41,230.47,947.37,371.38,236.93,280.68,441.16,208.11,101.28,3543.51,233.75,124.43,131.86,39.2,56.19,99.7,272.25
20260929,13:23:20,47683.8,42559.29,25804.93,16628.17,123.83,1873.69,402.27,458.59,546.36,105.83,163.06,193.43,91.49,137.34,269.95,120.7,188.96,289.95,3029.59,1617.86,463.9,74.41,230.49,946.67,371.7,236.93,280.73,441.16,208.07,101.28,3548.02,234.01,124.43,131.88,39.2,56.13,99.7,272.25
20260929,13:23:25,47685.09,42562.2,25799.72,16627.72,123.96,1873.69,402.35,458.51,546.06,105.82,163.04,193.38,91.49,137.34,269.95,120.68,188.96,289.98,3029.84,1617.96,463.91,74.43,230.49,946.67,371.24,236.93,280.95,441.23,208.03,101.28,3546.51,234.08,124.43,131.88,39.2,56.15,99.71,272.22
20260929,13:23:30,47721.75,42599.1,25796.43,16627.88,123.7,1875.11,402.36,458.51,546.15,105.85,163.05,193.38,91.5,137.13,269.95,120.69,188.97,289.96,3032.81,1620.46,463.91,74.41,230.47,946.44,371.26,236.93,280.68,441.08,208.08,101.28,3545.44,234.01,124.43,131.88,39.2,56.13,99.71,272.27
20260929,13:23:35,47728.04,42603.97,25798.87,16626.49,123.82,1875.11,402.37,458.71,545.95,105.85,163.05,193.39,91.49,137.13,270.07,120.68,189.0,289.99,3033.23,1620.52,464.0,74.43,230.23,947.05,370.99,236.93,280.94,441.15,208.08,101.28,3546.58,233.68,124.31,131.88,39.2,56.11,99.71,272.27
20260929,13:23:40,47684.11,42562.48,25793.78,16625.02,123.96,1873.69,401.74,458.84,546.0,105.85,163.24,193.38,91.64,137.14,270.21,120.8,189.0,289.97,3029.93,1617.88,463.82,74.43,230.48,947.22,370.99,236.93,280.98,441.19,208.09,101.28,3545.39,233.75,124.31,131.88,39.2,56.12,99.71,272.22
20260929,13:23:45,47682.8,42561.42,25793.32,16625.2,123.96,1873.47,401.72,458.51,546.01,105.85,163.24,193.38,91.64,137.15,269.97,120.82,189.05,289.98,3029.83,1618.22,463.87,74.44,230.48,946.26,371.24,236.9,280.67,441.23,208.13,101.28,3545.2,233.75,124.31,131.88,39.2,56.13,99.71,272.26
20260929,13:23:50,47726.08,42602.31,25801.65,16630.51,123.96,1874.89,402.28,458.51,546.11,105.82,163.21,193.33,91.63,137.14,269.97,120.69,189.05,289.98,3033.0,1620.51,464.13,74.44,230.36,946.56,371.24,236.9,280.67,441.17,208.3,101.28,3546.36,233.75,124.31,131.79,39.29,56.14,99.71,272.22
20260929,13:23:55,47723.42,42603.76,25786.45,16626.58,123.96,1874.89,402.19,458.48,546.25,105.88,163.02,193.35,91.47,137.15,269.97,120.7,189.0,289.95,3033.21,1620.39,464.01,74.45,230.48,947.48,371.23,236.9,280.63,441.19,208.11,101.28,3542.68,233.75,124.31,131.79,39.29,56.12,99.71,272.29
20260929,13:24:00,47738.04,42609.93,25808.66,16625.06,124.08,1875.09,401.74,458.58,546.01,105.85,163.02,193.35,91.47,137.36,270.09,120.68,189.0,289.96,3033.75,1620.5,464.05,74.44,230.6,947.84,371.54,236.66,280.94,441.23,208.24,101.28,3550.03,233.75,124.31,131.71,39.29,56.12,99.71,272.57
20260929,13:24:05,47687.39,42563.8,25797.0,16622.42,124.15,1874.73,401.74,458.48,546.07,105.86,163.03,193.39,91.48,137.14,270.19,120.68,189.08,289.96,3030.09,1618.04,463.71,74.41,230.66,947.13,370.96,236.34,280.99,441.29,208.02,101.28,3547.1,233.99,124.19,131.7,39.2,56.14,99.62,272.58
20260929,13:24:10,47726.46,42606.81,25783.33,16623.27,123.87,1873.31,401.63,458.55,546.36,105.86,163.04,193.38,91.48,137.15,270.31,120.67,189.01,290.21,3033.54,1620.4,464.19,74.44,230.29,947.87,370.95,236.34,280.94,441.21,208.1,101.28,3542.6,233.99,124.43,131.67,39.21,56.14,99.62,272.22
20260929,13:24:15,47726.55,42603.84,25797.06,16628.84,124.0,1873.26,402.26,458.45,546.5,105.85,163.0,193.34,91.46,137.35,270.07,120.84,189.01,289.96,3033.17,1620.5,463.96,74.43,230.36,946.83,371.29,236.35,280.94,441.34,207.98,101.28,3545.38,233.95,124.43,131.67,39.21,56.14,99.62,272.57
20260929,13:24:20,47728.54,42601.48,25804.05,16622.47,123.95,1873.69,401.62,458.45,546.39,105.88,163.0,193.34,91.46,137.34,269.68,120.7,189.01,289.91,3033.13,1620.51,464.0,74.43,230.54,946.62,371.05,236.35,280.89,441.26,208.0,101.28,3549.29,234.02,124.43,131.67,39.29,56.16,99.81,272.23
20260929,13:24:25,47718.81,42597.5,25795.18,16630.71,124.14,1875.11,402.25,458.41,546.3,105.86,162.99,193.37,91.45,137.34,269.86,120.7,189.12,290.09,3032.61,1620.23,463.85,74.44,230.36,946.8,371.32,236.35,280.67,441.32,208.15,101.28,3544.28,234.36,124.43,131.67,39.29,56.17,99.81,272.27
20260929,13:24:30,47685.63,42561.08,25803.72,16626.81,124.02,1875.03,401.79,458.58,546.26,105.88,162.98,193.34,91.44,137.12,269.86,120.7,189.03,290.1,3029.77,1617.99,463.74,74.46,230.66,946.31,371.17,236.1,281.04,441.23,208.22,101.28,3548.01,234.32,124.43,131.68,39.21,56.14,99.82,272.39
20260929,13:24:35,47723.91,42602.59,25793.43,16629.08,124.02,1874.97,402.16,458.47,546.08,105.8,162.97,193.19,91.46,137.55,270.3,120.67,189.17,290.11,3033.06,1620.31,463.82,74.48,230.76,947.31,371.17,236.1,280.64,441.58,208.26,101.28,3544.18,234.37,124.32,131.68,39.21,56.12,99.82,272.29
20260929,13:24:40,47690.89,42568.55,25795.6,16625.32,124.02,1874.91,401.62,458.74,546.01,105.78,162.92,193.15,91.43,137.34,270.3,120.67,189.14,290.13,3030.41,1618.16,464.16,74.47,230.75,946.96,370.92,236.1,280.91,441.57,208.3,101.28,3545.88,234.44,124.32,131.68,39.21,56.2,99.79,272.29
20260929,13:24:45,47691.46,42566.96,25808.83,16633.36,123.97,1874.91,402.34,458.8,546.07,105.83,163.15,193.16,91.62,137.34,270.3,120.82,189.2,290.12,3030.09,1617.94,463.78,74.46,230.57,947.39,371.18,236.15,280.91,441.51,208.14,101.28,3547.83,234.44,124.44,131.61,39.21,56.2,99.8,272.26
20260929,13:24:50,47720.05,42599.41,25790.42,16627.58,123.97,1874.79,401.7,459.07,546.0,105.9,162.97,193.22,91.46,137.34,270.3,120.7,189.27,290.3,3032.84,1620.36,463.84,74.46,230.22,946.75,371.2,236.15,280.9,441.5,208.17,101.28,3543.65,234.37,124.55,131.6,39.21,56.2,99.8,272.18
20260929,13:24:55,47684.75,42566.34,25788.64,16629.97,124.08,1875.61,401.64,458.19,546.79,105.82,162.98,193.26,91.46,137.34,270.34,120.8,189.03,290.3,3030.12,1618.13,463.78,74.47,230.29,947.08,371.28,236.15,280.95,441.53,208.19,101.25,3542.44,234.44,124.55,131.63,39.22,56.12,99.98,272.21
20260929,13:25:00,47708.87,42582.71,25810.34,16631.01,124.02,1874.17,401.65,458.62,546.62,105.91,162.99,193.34,91.45,137.54,270.34,120.83,189.06,290.3,3031.41,1618.39,464.26,74.45,230.58,948.53,371.59,236.26,280.97,441.56,208.38,101.28,3548.94,234.44,124.44,131.63,39.22,56.1,99.98,272.26
20260929,13:25:05,47708.16,42582.66,25808.31,16630.84,123.96,1874.17,401.65,458.62,546.62,105.91,162.99,193.34,91.45,137.54,270.34,120.83,189.06,290.3,3031.41,1618.39,464.26,74.45,230.58,948.53,371.59,236.26,280.97,441.56,208.38,101.28,3548.35,234.44,124.44,131.63,39.22,56.1,99.98,272.26
20260929,13:25:10,47708.16,42582.66,25808.31,16630.84,123.96,1874.17,401.65,458.62,546.62,105.91,162.99,193.34,91.45,137.54,270.34,120.83,189.06,290.3,3031.41,1618.39,464.26,74.45,230.58,948.53,371.59,236.26,280.97,441.56,208.38,101.28,3548.35,234.44,124.44,131.63,39.22,56.1,99.98,272.26
20260929,13:25:15,47708.16,42582.66,25808.31,16630.84,123.96,1874.17,401.65,458.62,546.62,105.91,162.99,193.34,91.45,137.54,270.34,120.83,189.06,290.3,3031.41,1618.39,464.26,74.45,230.58,948.53,371.59,236.26,280.97,441.56,208.38,101.28,3548.35,234.44,124.44,131.63,39.22,56.1,99.98,272.26
20260929,13:25:20,47708.16,42582.66,25808.31,16630.84,123.96,1874.17,401.65,458.62,546.62,105.91,162.99,193.34,91.45,137.54,270.34,120.83,189.06,290.3,3031.41,1618.39,464.26,74.45,230.58,948.53,371.59,236.26,280.97,441.56,208.38,101.28,3548.35,234.44,124.44,131.63,39.22,56.1,99.98,272.26
20260929,13:25:25,47708.16,42582.66,25808.31,16630.84,123.96,1874.17,401.65,458.62,546.62,105.91,162.99,193.34,91.45,137.54,270.34,120.83,189.06,290.3,3031.41,1618.39,464.26,74.45,230.58,948.53,371.59,236.26,280.97,441.56,208.38,101.28,3548.35,234.44,124.44,131.63,39.22,56.1,99.98,272.26
20260929,13:25:30,47708.16,42582.66,25808.31,16630.84,123.96,1874.17,401.65,458.62,546.62,105.91,162.99,193.34,91.45,137.54,270.34,120.83,189.06,290.3,3031.41,1618.39,464.26,74.45,230.58,948.53,371.59,236.26,280.97,441.56,208.38,101.28,3548.35,234.44,124.44,131.63,39.22,56.1,99.98,272.26
20260929,13:25:35,47708.16,42582.66,25808.31,16630.84,123.96,1874.17,401.65,458.62,546.62,105.91,162.99,193.34,91.45,137.54,270.34,120.83,189.06,290.3,3031.41,1618.39,464.26,74.45,230.58,948.53,371.59,236.26,280.97,441.56,208.38,101.28,3548.35,234.44,124.44,131.63,39.22,56.1,99.98,272.26
20260929,13:25:40,47708.16,42582.66,25808.31,16630.84,123.96,1874.17,401.65,458.62,546.62,105.91,162.99,193.34,91.45,137.54,270.34,120.83,189.06,290.3,3031.41,1618.39,464.26,74.45,230.58,948.53,371.59,236.26,280.97,441.56,208.38,101.28,3548.35,234.44,124.44,131.63,39.22,56.1,99.98,272.26
20260929,13:25:45,47708.16,42582.66,25808.31,16630.84,123.96,1874.17,401.65,458.62,546.62,105.91,162.99,193.34,91.45,137.54,270.34,120.83,189.06,290.3,3031.41,1618.39,464.26,74.45,230.58,948.53,371.59,236.26,280.97,441.56,208.38,101.28,3548.35,234.44,124.44,131.63,39.22,56.1,99.98,272.26
20260929,13:25:50,47708.16,42582.66,25808.31,16630.84,123.96,1874.17,401.65,458.62,546.62,105.91,162.99,193.34,91.45,137.54,270.34,120.83,189.06,290.3,3031.41,1618.39,464.26,74.45,230.58,948.53,371.59,236.26,280.97,441.56,208.38,101.28,3548.35,234.44,124.44,131.63,39.22,56.1,99.98,272.26
20260929,13:25:55,47708.16,42582.66,25808.31,16630.84,123.96,1874.17,401.65,458.62,546.62,105.91,162.99,193.34,91.45,137.54,270.34,120.83,189.06,290.3,3031.41,1618.39,464.26,74.45,230.58,948.53,371.59,236.26,280.97,441.56,208.38,101.28,3548.35,234.44,124.44,131.63,39.22,56.1,99.98,272.26
20260929,13:26:00,47708.16,42582.66,25808.31,16630.84,123.96,1874.17,401.65,458.62,546.62,105.91,162.99,193.34,91.45,137.54,270.34,120.83,189.06,290.3,3031.41,1618.39,464.26,74.45,230.58,948.53,371.59,236.26,280.97,441.56,208.38,101.28,3548.35,234.44,124.44,131.63,39.22,56.1,99.98,272.26
20260929,13:26:05,47708.16,42582.66,25808.31,16630.84,123.96,1874.17,401.65,458.62,546.62,105.91,162.99,193.34,91.45,137.54,270.34,120.83,189.06,290.3,3031.41,1618.39,464.26,74.45,230.58,948.53,371.59,236.26,280.97,441.56,208.38,101.28,3548.35,234.44,124.44,131.63,39.22,56.1,99.98,272.26
20260929,13:26:10,47708.16,42582.66,25808.31,16630.84,123.96,1874.17,401.65,458.62,546.62,105.91,162.99,193.34,91.45,137.54,270.34,120.83,189.06,290.3,3031.41,1618.39,464.26,74.45,230.58,948.53,371.59,236.26,280.97,441.56,208.38,101.28,3548.35,234.44,124.44,131.63,39.22,56.1,99.98,272.26
20260929,13:26:15,47708.16,42582.66,25808.31,16630.84,123.96,1874.17,401.65,458.62,546.62,105.91,162.99,193.34,91.45,137.54,270.34,120.83,189.06,290.3,3031.41,1618.39,464.26,74.45,230.58,948.53,371.59,236.26,280.97,441.56,208.38,101.28,3548.35,234.44,124.44,131.63,39.22,56.1,99.98,272.26
20260929,13:26:20,47708.16,42582.66,25808.31,16630.84,123.96,1874.17,401.65,458.62,546.62,105.91,162.99,193.34,91.45,137.54,270.34,120.83,189.06,290.3,3031.41,1618.39,464.26,74.45,230.58,948.53,371.59,236.26,280.97,441.56,208.38,101.28,3548.35,234.44,124.44,131.63,39.22,56.1,99.98,272.26
20260929,13:26:25,47708.16,42582.66,25808.31,16630.84,123.96,1874.17,401.65,458.62,546.62,105.91,162.99,193.34,91.45,137.54,270.34,120.83,189.06,290.3,3031.41,1618.39,464.26,74.45,230.58,948.53,371.59,236.26,280.97,441.56,208.38,101.28,3548.35,234.44,124.44,131.63,39.22,56.1,99.98,272.26
20260929,13:26:30,47708.16,42582.66,25808.31,16630.84,123.96,1874.17,401.65,458.62,546.62,105.91,162.99,193.34,91.45,137.54,270.34,120.83,189.06,290.3,3031.41,1618.39,464.26,74.45,230.58,948.53,371.59,236.26,280.97,441.56,208.38,101.28,3548.35,234.44,124.44,131.63,39.22,56.1,99.98,272.26
20260929,13:26:35,47708.16,42582.66,25808.31,16630.84,123.96,1874.17,401.65,458.62,546.62,105.91,162.99,193.34,91.45,137.54,270.34,120.83,189.06,290.3,3031.41,1618.39,464.26,74.45,230.58,948.53,371.59,236.26,280.97,441.56,208.38,101.28,3548.35,234.44,124.44,131.63,39.22,56.1,99.98,272.26
20260929,13:26:40,47708.16,42582.66,25808.31,16630.84,123.96,1874.17,401.65,458.62,546.62,105.91,162.99,193.34,91.45,137.54,270.34,120.83,189.06,290.3,3031.41,1618.39,464.26,74.45,230.58,948.53,371.59,236.26,280.97,441.56,208.38,101.28,3548.35,234.44,124.44,131.63,39.22,56.1,99.98,272.26
20260929,13:26:45,47708.16,42582.66,25808.31,16630.84,123.96,1874.17,401.65,458.62,546.62,105.91,162.99,193.34,91.45,137.54,270.34,120.83,189.06,290.3,3031.41,1618.39,464.26,74.45,230.58,948.53,371.59,236.26,280.97,441.56,208.38,101.28,3548.35,234.44,124.44,131.63,39.22,56.1,99.98,272.26
20260929,13:26:50,47708.16,42582.66,25808.31,16630.84,123.96,1874.17,401.65,458.62,546.62,105.91,162.99,193.34,91.45,137.54,270.34,120.83,189.06,290.3,3031.41,1618.39,464.26,74.45,230.58,948.53,371.59,236.26,280.97,441.56,208.38,101.28,3548.35,234.44,124.44,131.63,39.22,56.1,99.98,272.26
20260929,13:26:55,47708.16,42582.66,25808.31,16630.84,123.96,1874.17,401.65,458.62,546.62,105.91,162.99,193.34,91.45,137.54,270.34,120.83,189.06,290.3,3031.41,1618.39,464.26,74.45,230.58,948.53,371.59,236.26,280.97,441.56,208.38,101.28,3548.35,234.44,124.44,131.63,39.22,56.1,99.98,272.26
20260929,13:27:00,47708.16,42582.66,25808.31,16630.84,123.96,1874.17,401.65,458.62,546.62,105.91,162.99,193.34,91.45,137.54,270.34,120.83,189.06,290.3,3031.41,1618.39,464.26,74.45,230.58,948.53,371.59,236.26,280.97,441.56,208.38,101.28,3548.35,234.44,124.44,131.63,39.22,56.1,99.98,272.26
20260929,13:27:05,47708.16,42582.66,25808.31,16630.84,123.96,1874.17,401.65,458.62,546.62,105.91,162.99,193.34,91.45,137.54,270.34,120.83,189.06,290.3,3031.41,1618.39,464.26,74.45,230.58,948.53,371.59,236.26,280.97,441.56,208.38,101.28,3548.35,234.44,124.44,131.63,39.22,56.1,99.98,272.26
20260929,13:27:10,47708.16,42582.66,25808.31,16630.84,123.96,1874.17,401.65,458.62,546.62,105.91,162.99,193.34,91.45,137.54,270.34,120.83,189.06,290.3,3031.41,1618.39,464.26,74.45,230.58,948.53,371.59,236.26,280.97,441.56,208.38,101.28,3548.35,234.44,124.44,131.63,39.22,56.1,99.98,272.26
20260929,13:27:15,47708.16,42582.66,25808.31,16630.84,123.96,1874.17,401.65,458.62,546.62,105.91,162.99,193.34,91.45,137.54,270.34,120.83,189.06,290.3,3031.41,1618.39,464.26,74.45,230.58,948.53,371.59,236.26,280.97,441.56,208.38,101.28,3548.35,234.44,124.44,131.63,39.22,56.1,99.98,272.26
20260929,13:27:20,47708.16,42582.66,25808.31,16630.84,123.96,1874.17,401.65,458.62,546.62,105.91,162.99,193.34,91.45,137.54,270.34,120.83,189.06,290.3,3031.41,1618.39,464.26,74.45,230.58,948.53,371.59,236.26,280.97,441.56,208.38,101.28,3548.35,234.44,124.44,131.63,39.22,56.1,99.98,272.26
20260929,13:27:25,47708.16,42582.66,25808.31,16630.84,123.96,1874.17,401.65,458.62,546.62,105.91,162.99,193.34,91.45,137.54,270.34,120.83,189.06,290.3,3031.41,1618.39,464.26,74.45,230.58,948.53,371.59,236.26,280.97,441.56,208.38,101.28,3548.35,234.44,124.44,131.63,39.22,56.1,99.98,272.26
20260929,13:27:30,47708.16,42582.66,25808.31,16630.84,123.96,1874.17,401.65,458.62,546.62,105.91,162.99,193.34,91.45,137.54,270.34,120.83,189.06,290.3,3031.41,1618.39,464.26,74.45,230.58,948.53,371.59,236.26,280.97,441.56,208.38,101.28,3548.35,234.44,124.44,131.63,39.22,56.1,99.98,272.26
20260929,13:27:35,47708.16,42582.66,25808.31,16630.84,123.96,1874.17,401.65,458.62,546.62,105.91,162.99,193.34,91.45,137.54,270.34,120.83,189.06,290.3,3031.41,1618.39,464.26,74.45,230.58,948.53,371.59,236.26,280.97,441.56,208.38,101.28,3548.35,234.44,124.44,131.63,39.22,56.1,99.98,272.26
20260929,13:27:40,47708.16,42582.66,25808.31,16630.84,123.96,1874.17,401.65,458.62,546.62,105.91,162.99,193.34,91.45,137.54,270.34,120.83,189.06,290.3,3031.41,1618.39,464.26,74.45,230.58,948.53,371.59,236.26,280.97,441.56,208.38,101.28,3548.35,234.44,124.44,131.63,39.22,56.1,99.98,272.26
20260929,13:27:45,47708.16,42582.66,25808.31,16630.84,123.96,1874.17,401.65,458.62,546.62,105.91,162.99,193.34,91.45,137.54,270.34,120.83,189.06,290.3,3031.41,1618.39,464.26,74.45,230.58,948.53,371.59,236.26,280.97,441.56,208.38,101.28,3548.35,234.44,124.44,131.63,39.22,56.1,99.98,272.26
20260929,13:27:50,47708.16,42582.66,25808.31,16630.84,123.96,1874.17,401.65,458.62,546.62,105.91,162.99,193.34,91.45,137.54,270.34,120.83,189.06,290.3,3031.41,1618.39,464.26,74.45,230.58,948.53,371.59,236.26,280.97,441.56,208.38,101.28,3548.35,234.44,124.44,131.63,39.22,56.1,99.98,272.26
20260929,13:27:55,47708.16,42582.66,25808.31,16630.84,123.96,1874.17,401.65,458.62,546.62,105.91,162.99,193.34,91.45,137.54,270.34,120.83,189.06,290.3,3031.41,1618.39,464.26,74.45,230.58,948.53,371.59,236.26,280.97,441.56,208.38,101.28,3548.35,234.44,124.44,131.63,39.22,56.1,99.98,272.26
20260929,13:28:00,47708.16,42582.66,25808.31,16630.84,123.96,1874.17,401.65,458.62,546.62,105.91,162.99,193.34,91.45,137.54,270.34,120.83,189.06,290.3,3031.41,1618.39,464.26,74.45,230.58,948.53,371.59,236.26,280.97,441.56,208.38,101.28,3548.35,234.44,124.44,131.63,39.22,56.1,99.98,272.26
20260929,13:28:05,47708.16,42582.66,25808.31,16630.84,123.96,1874.17,401.65,458.62,546.62,105.91,162.99,193.34,91.45,137.54,270.34,120.83,189.06,290.3,3031.41,1618.39,464.26,74.45,230.58,948.53,371.59,236.26,280.97,441.56,208.38,101.28,3548.35,234.44,124.44,131.63,39.22,56.1,99.98,272.26
20260929,13:28:10,47708.16,42582.66,25808.31,16630.84,123.96,1874.17,401.65,458.62,546.62,105.91,162.99,193.34,91.45,137.54,270.34,120.83,189.06,290.3,3031.41,1618.39,464.26,74.45,230.58,948.53,371.59,236.26,280.97,441.56,208.38,101.28,3548.35,234.44,124.44,131.63,39.22,56.1,99.98,272.26
20260929,13:28:15,47708.16,42582.66,25808.31,16630.84,123.96,1874.17,401.65,458.62,546.62,105.91,162.99,193.34,91.45,137.54,270.34,120.83,189.06,290.3,3031.41,1618.39,464.26,74.45,230.58,948.53,371.59,236.26,280.97,441.56,208.38,101.28,3548.35,234.44,124.44,131.63,39.22,56.1,99.98,272.26
20260929,13:28:20,47708.16,42582.66,25808.31,16630.84,123.96,1874.17,401.65,458.62,546.62,105.91,162.99,193.34,91.45,137.54,270.34,120.83,189.06,290.3,3031.41,1618.39,464.26,74.45,230.58,948.53,371.59,236.26,280.97,441.56,208.38,101.28,3548.35,234.44,124.44,131.63,39.22,56.1,99.98,272.26
20260929,13:28:25,47708.16,42582.66,25808.31,16630.84,123.96,1874.17,401.65,458.62,546.62,105.91,162.99,193.34,91.45,137.54,270.34,120.83,189.06,290.3,3031.41,1618.39,464.26,74.45,230.58,948.53,371.59,236.26,280.97,441.56,208.38,101.28,3548.35,234.44,124.44,131.63,39.22,56.1,99.98,272.26
20260929,13:28:30,47708.16,42582.66,25808.31,16630.84,123.96,1874.17,401.65,458.62,546.62,105.91,162.99,193.34,91.45,137.54,270.34,120.83,189.06,290.3,3031.41,1618.39,464.26,74.45,230.58,948.53,371.59,236.26,280.97,441.56,208.38,101.28,3548.35,234.44,124.44,131.63,39.22,56.1,99.98,272.26
20260929,13:28:35,47708.16,42582.66,25808.31,16630.84,123.96,1874.17,401.65,458.62,546.62,105.91,162.99,193.34,91.45,137.54,270.34,120.83,189.06,290.3,3031.41,1618.39,464.26,74.45,230.58,948.53,371.59,236.26,280.97,441.56,208.38,101.28,3548.35,234.44,124.44,131.63,39.22,56.1,99.98,272.26
20260929,13:28:40,47708.16,42582.66,25808.31,16630.84,123.96,1874.17,401.65,458.62,546.62,105.91,162.99,193.34,91.45,137.54,270.34,120.83,189.06,290.3,3031.41,1618.39,464.26,74.45,230.58,948.53,371.59,236.26,280.97,441.56,208.38,101.28,3548.35,234.44,124.44,131.63,39.22,56.1,99.98,272.26
20260929,13:28:45,47708.16,42582.66,25808.31,16630.84,123.96,1874.17,401.65,458.62,546.62,105.91,162.99,193.34,91.45,137.54,270.34,120.83,189.06,290.3,3031.41,1618.39,464.26,74.45,230.58,948.53,371.59,236.26,280.97,441.56,208.38,101.28,3548.35,234.44,124.44,131.63,39.22,56.1,99.98,272.26
20260929,13:28:50,47708.16,42582.66,25808.31,16630.84,123.96,1874.17,401.65,458.62,546.62,105.91,162.99,193.34,91.45,137.54,270.34,120.83,189.06,290.3,3031.41,1618.39,464.26,74.45,230.58,948.53,371.59,236.26,280.97,441.56,208.38,101.28,3548.35,234.44,124.44,131.63,39.22,56.1,99.98,272.26
20260929,13:28:55,47708.16,42582.66,25808.31,16630.84,123.96,1874.17,401.65,458.62,546.62,105.91,162.99,193.34,91.45,137.54,270.34,120.83,189.06,290.3,3031.41,1618.39,464.26,74.45,230.58,948.53,371.59,236.26,280.97,441.56,208.38,101.28,3548.35,234.44,124.44,131.63,39.22,56.1,99.98,272.26
20260929,13:29:00,47708.16,42582.66,25808.31,16630.84,123.96,1874.17,401.65,458.62,546.62,105.91,162.99,193.34,91.45,137.54,270.34,120.83,189.06,290.3,3031.41,1618.39,464.26,74.45,230.58,948.53,371.59,236.26,280.97,441.56,208.38,101.28,3548.35,234.44,124.44,131.63,39.22,56.1,99.98,272.26
20260929,13:29:05,47708.16,42582.66,25808.31,16630.84,123.96,1874.17,401.65,458.62,546.62,105.91,162.99,193.34,91.45,137.54,270.34,120.83,189.06,290.3,3031.41,1618.39,464.26,74.45,230.58,948.53,371.59,236.26,280.97,441.56,208.38,101.28,3548.35,234.44,124.44,131.63,39.22,56.1,99.98,272.26
20260929,13:29:10,47708.16,42582.66,25808.31,16630.84,123.96,1874.17,401.65,458.62,546.62,105.91,162.99,193.34,91.45,137.54,270.34,120.83,189.06,290.3,3031.41,1618.39,464.26,74.45,230.58,948.53,371.59,236.26,280.97,441.56,208.38,101.28,3548.35,234.44,124.44,131.63,39.22,56.1,99.98,272.26
20260929,13:29:15,47708.16,42582.66,25808.31,16630.84,123.96,1874.17,401.65,458.62,546.62,105.91,162.99,193.34,91.45,137.54,270.34,120.83,189.06,290.3,3031.41,1618.39,464.26,74.45,230.58,948.53,371.59,236.26,280.97,441.56,208.38,101.28,3548.35,234.44,124.44,131.63,39.22,56.1,99.98,272.26
20260929,13:29:20,47708.16,42582.66,25808.31,16630.84,123.96,1874.17,401.65,458.62,546.62,105.91,162.99,193.34,91.45,137.54,270.34,120.83,189.06,290.3,3031.41,1618.39,464.26,74.45,230.58,948.53,371.59,236.26,280.97,441.56,208.38,101.28,3548.35,234.44,124.44,131.63,39.22,56.1,99.98,272.26
20260929,13:29:25,47708.16,42582.66,25808.31,16630.84,123.96,1874.17,401.65,458.62,546.62,105.91,162.99,193.34,91.45,137.54,270.34,120.83,189.06,290.3,3031.41,1618.39,464.26,74.45,230.58,948.53,371.59,236.26,280.97,441.56,208.38,101.28,3548.35,234.44,124.44,131.63,39.22,56.1,99.98,272.26
20260929,13:29:30,47708.16,42582.66,25808.31,16630.84,123.96,1874.17,401.65,458.62,546.62,105.91,162.99,193.34,91.45,137.54,270.34,120.83,189.06,290.3,3031.41,1618.39,464.26,74.45,230.58,948.53,371.59,236.26,280.97,441.56,208.38,101.28,3548.35,234.44,124.44,131.63,39.22,56.1,99.98,272.26
20260929,13:29:35,47708.16,42582.66,25808.31,16630.84,123.96,1874.17,401.65,458.62,546.62,105.91,162.99,193.34,91.45,137.54,270.34,120.83,189.06,290.3,3031.41,1618.39,464.26,74.45,230.58,948.53,371.59,236.26,280.97,441.56,208.38,101.28,3548.35,234.44,124.44,131.63,39.22,56.1,99.98,272.26
20260929,13:29:40,47708.16,42582.66,25808.31,16630.84,123.96,1874.17,401.65,458.62,546.62,105.91,162.99,193.34,91.45,137.54,270.34,120.83,189.06,290.3,3031.41,1618.39,464.26,74.45,230.58,948.53,371.59,236.26,280.97,441.56,208.38,101.28,3548.35,234.44,124.44,131.63,39.22,56.1,99.98,272.26
20260929,13:29:45,47708.16,42582.66,25808.31,16630.84,123.96,1874.17,401.65,458.62,546.62,105.91,162.99,193.34,91.45,137.54,270.34,120.83,189.06,290.3,3031.41,1618.39,464.26,74.45,230.58,948.53,371.59,236.26,280.97,441.56,208.38,101.28,3548.35,234.44,124.44,131.63,39.22,56.1,99.98,272.26
20260929,13:29:50,47708.16,42582.66,25808.31,16630.84,123.96,1874.17,401.65,458.62,546.62,105.91,162.99,193.34,91.45,137.54,270.34,120.83,189.06,290.3,3031.41,1618.39,464.26,74.45,230.58,948.53,371.59,236.26,280.97,441.56,208.38,101.28,3548.35,234.44,124.44,131.63,39.22,56.1,99.98,272.26
20260929,13:29:55,47708.16,42582.66,25808.31,16630.84,123.96,1874.17,401.65,458.62,546.62,105.91,162.99,193.34,91.45,137.54,270.34,120.83,189.06,290.3,3031.41,1618.39,464.26,74.45,230.58,948.53,371.59,236.26,280.97,441.56,208.38,101.28,3548.35,234.44,124.44,131.63,39.22,56.1,99.98,272.26
20260929,13:30:00,47631.96,42513.28,25768.6,16601.46,124.31,1872.12,400.74,458.07,544.87,105.91,162.93,193.15,91.44,137.3,269.51,120.56,188.65,289.56,3026.53,1616.78,462.88,74.55,230.23,944.36,370.82,236.93,280.38,440.18,207.79,101.12,3543.92,233.64,124.54,131.15,39.18,56.04,99.7,272.32
